ISO-10303-21;
HEADER;
FILE_DESCRIPTION(('FreeCAD Model'),'2;1');
FILE_NAME('Open CASCADE Shape Model','2026-09-01T22:17:44',('Author'),(
    ''),'Open CASCADE STEP processor 7.9','FreeCAD','Unknown');
FILE_SCHEMA(('AUTOMOTIVE_DESIGN { 1 0 10303 214 1 1 1 1 }'));
ENDSEC;
DATA;
#1 = APPLICATION_PROTOCOL_DEFINITION('international standard',
  'automotive_design',2000,#2);
#2 = APPLICATION_CONTEXT(
  'core data for automotive mechanical design processes');
#3 = SHAPE_DEFINITION_REPRESENTATION(#4,#10);
#4 = PRODUCT_DEFINITION_SHAPE('','',#5);
#5 = PRODUCT_DEFINITION('design','',#6,#9);
#6 = PRODUCT_DEFINITION_FORMATION('','',#7);
#7 = PRODUCT('Body','Body','',(#8));
#8 = PRODUCT_CONTEXT('',#2,'mechanical');
#9 = PRODUCT_DEFINITION_CONTEXT('part definition',#2,'design');
#10 = ADVANCED_BREP_SHAPE_REPRESENTATION('',(#11,#15),#3468);
#11 = AXIS2_PLACEMENT_3D('',#12,#13,#14);
#12 = CARTESIAN_POINT('',(0.,0.,0.));
#13 = DIRECTION('',(0.,0.,1.));
#14 = DIRECTION('',(1.,0.,-0.));
#15 = MANIFOLD_SOLID_BREP('',#16);
#16 = CLOSED_SHELL('',(#17,#57,#88,#121,#361,#385,#402,#427,#506,#524,
    #556,#581,#606,#631,#655,#680,#705,#722,#747,#772,#797,#822,#847,
    #872,#897,#921,#946,#977,#1001,#1025,#1042,#1066,#1078,#1103,#1128,
    #1153,#1178,#1203,#1469,#1489,#1509,#1529,#1549,#1569,#1589,#1609,
    #1629,#1649,#1682,#1707,#1732,#1749,#1769,#1824,#1857,#1883,#1909,
    #1934,#1959,#1985,#2011,#2028,#2045,#2062,#2079,#2105,#2122,#2139,
    #2156,#2182,#2215,#2241,#2267,#2292,#2317,#2343,#2369,#2386,#2403,
    #2429,#2453,#2470,#2537,#2554,#2587,#2620,#2653,#2686,#2708,#2731,
    #2754,#2771,#2788,#2811,#2834,#2846,#2871,#2902,#2927,#2952,#2976,
    #3000,#3025,#3050,#3067,#3087,#3112,#3137,#3162,#3187,#3212,#3223,
    #3234,#3245,#3256,#3273,#3306,#3323,#3340,#3365,#3390,#3407,#3424,
    #3441));
#17 = ADVANCED_FACE('',(#18),#52,.T.);
#18 = FACE_BOUND('',#19,.T.);
#19 = EDGE_LOOP('',(#20,#30,#38,#46));
#20 = ORIENTED_EDGE('',*,*,#21,.T.);
#21 = EDGE_CURVE('',#22,#24,#26,.T.);
#22 = VERTEX_POINT('',#23);
#23 = CARTESIAN_POINT('',(-18.5,-25.15,0.));
#24 = VERTEX_POINT('',#25);
#25 = CARTESIAN_POINT('',(-18.5,-25.15,6.5));
#26 = LINE('',#27,#28);
#27 = CARTESIAN_POINT('',(-18.5,-25.15,0.));
#28 = VECTOR('',#29,1.);
#29 = DIRECTION('',(0.,0.,1.));
#30 = ORIENTED_EDGE('',*,*,#31,.T.);
#31 = EDGE_CURVE('',#24,#32,#34,.T.);
#32 = VERTEX_POINT('',#33);
#33 = CARTESIAN_POINT('',(-63.5,-25.15,6.5));
#34 = LINE('',#35,#36);
#35 = CARTESIAN_POINT('',(-18.5,-25.15,6.5));
#36 = VECTOR('',#37,1.);
#37 = DIRECTION('',(-1.,-8.E-17,0.));
#38 = ORIENTED_EDGE('',*,*,#39,.F.);
#39 = EDGE_CURVE('',#40,#32,#42,.T.);
#40 = VERTEX_POINT('',#41);
#41 = CARTESIAN_POINT('',(-63.5,-25.15,0.));
#42 = LINE('',#43,#44);
#43 = CARTESIAN_POINT('',(-63.5,-25.15,3.5));
#44 = VECTOR('',#45,1.);
#45 = DIRECTION('',(0.,0.,1.));
#46 = ORIENTED_EDGE('',*,*,#47,.F.);
#47 = EDGE_CURVE('',#22,#40,#48,.T.);
#48 = LINE('',#49,#50);
#49 = CARTESIAN_POINT('',(-18.5,-25.15,0.));
#50 = VECTOR('',#51,1.);
#51 = DIRECTION('',(-1.,-8.E-17,0.));
#52 = PLANE('',#53);
#53 = AXIS2_PLACEMENT_3D('',#54,#55,#56);
#54 = CARTESIAN_POINT('',(-41.,-25.15,3.75));
#55 = DIRECTION('',(-0.,-1.,-0.));
#56 = DIRECTION('',(0.,0.,-1.));
#57 = ADVANCED_FACE('',(#58),#83,.T.);
#58 = FACE_BOUND('',#59,.T.);
#59 = EDGE_LOOP('',(#60,#70,#76,#77));
#60 = ORIENTED_EDGE('',*,*,#61,.T.);
#61 = EDGE_CURVE('',#62,#64,#66,.T.);
#62 = VERTEX_POINT('',#63);
#63 = CARTESIAN_POINT('',(-18.5,-70.15,0.));
#64 = VERTEX_POINT('',#65);
#65 = CARTESIAN_POINT('',(-18.5,-70.15,6.5));
#66 = LINE('',#67,#68);
#67 = CARTESIAN_POINT('',(-18.5,-70.15,0.));
#68 = VECTOR('',#69,1.);
#69 = DIRECTION('',(0.,0.,1.));
#70 = ORIENTED_EDGE('',*,*,#71,.T.);
#71 = EDGE_CURVE('',#64,#24,#72,.T.);
#72 = LINE('',#73,#74);
#73 = CARTESIAN_POINT('',(-18.5,-70.15,6.5));
#74 = VECTOR('',#75,1.);
#75 = DIRECTION('',(-8.E-17,1.,0.));
#76 = ORIENTED_EDGE('',*,*,#21,.F.);
#77 = ORIENTED_EDGE('',*,*,#78,.F.);
#78 = EDGE_CURVE('',#62,#22,#79,.T.);
#79 = LINE('',#80,#81);
#80 = CARTESIAN_POINT('',(-18.5,-70.15,0.));
#81 = VECTOR('',#82,1.);
#82 = DIRECTION('',(-8.E-17,1.,0.));
#83 = PLANE('',#84);
#84 = AXIS2_PLACEMENT_3D('',#85,#86,#87);
#85 = CARTESIAN_POINT('',(-18.5,-47.65,3.75));
#86 = DIRECTION('',(-1.,-0.,-0.));
#87 = DIRECTION('',(0.,0.,-1.));
#88 = ADVANCED_FACE('',(#89),#116,.F.);
#89 = FACE_BOUND('',#90,.T.);
#90 = EDGE_LOOP('',(#91,#100,#108,#115));
#91 = ORIENTED_EDGE('',*,*,#92,.T.);
#92 = EDGE_CURVE('',#24,#93,#95,.T.);
#93 = VERTEX_POINT('',#94);
#94 = CARTESIAN_POINT('',(-19.5,-26.15,7.5));
#95 = ELLIPSE('',#96,1.414213562373,1.);
#96 = AXIS2_PLACEMENT_3D('',#97,#98,#99);
#97 = CARTESIAN_POINT('',(-19.5,-26.15,6.5));
#98 = DIRECTION('',(0.707106781187,-0.707106781187,0.));
#99 = DIRECTION('',(0.707106781187,0.707106781187,0.));
#100 = ORIENTED_EDGE('',*,*,#101,.T.);
#101 = EDGE_CURVE('',#93,#102,#104,.T.);
#102 = VERTEX_POINT('',#103);
#103 = CARTESIAN_POINT('',(-62.5,-26.15,7.5));
#104 = LINE('',#105,#106);
#105 = CARTESIAN_POINT('',(-18.5,-26.15,7.5));
#106 = VECTOR('',#107,1.);
#107 = DIRECTION('',(-1.,-8.E-17,0.));
#108 = ORIENTED_EDGE('',*,*,#109,.F.);
#109 = EDGE_CURVE('',#32,#102,#110,.T.);
#110 = ELLIPSE('',#111,1.414213562373,1.);
#111 = AXIS2_PLACEMENT_3D('',#112,#113,#114);
#112 = CARTESIAN_POINT('',(-62.5,-26.15,6.5));
#113 = DIRECTION('',(0.707106781187,0.707106781187,-0.));
#114 = DIRECTION('',(-0.707106781187,0.707106781187,0.));
#115 = ORIENTED_EDGE('',*,*,#31,.F.);
#116 = CYLINDRICAL_SURFACE('',#117,1.);
#117 = AXIS2_PLACEMENT_3D('',#118,#119,#120);
#118 = CARTESIAN_POINT('',(-18.5,-26.15,6.5));
#119 = DIRECTION('',(-1.,-8.E-17,0.));
#120 = DIRECTION('',(-8.E-17,1.,0.));
#121 = ADVANCED_FACE('',(#122,#194,#212,#223,#234,#245,#256,#267,#278,
    #289,#300,#311,#345),#356,.F.);
#122 = FACE_BOUND('',#123,.F.);
#123 = EDGE_LOOP('',(#124,#135,#144,#152,#161,#169,#178,#187));
#124 = ORIENTED_EDGE('',*,*,#125,.T.);
#125 = EDGE_CURVE('',#126,#128,#130,.T.);
#126 = VERTEX_POINT('',#127);
#127 = CARTESIAN_POINT('',(-75.94262803559,-30.57625565477,0.));
#128 = VERTEX_POINT('',#129);
#129 = CARTESIAN_POINT('',(-13.5,-75.15,0.));
#130 = CIRCLE('',#131,38.89087296526);
#131 = AXIS2_PLACEMENT_3D('',#132,#133,#134);
#132 = CARTESIAN_POINT('',(-41.,-47.65,0.));
#133 = DIRECTION('',(0.,0.,1.));
#134 = DIRECTION('',(1.,0.,0.));
#135 = ORIENTED_EDGE('',*,*,#136,.F.);
#136 = EDGE_CURVE('',#137,#128,#139,.T.);
#137 = VERTEX_POINT('',#138);
#138 = CARTESIAN_POINT('',(6.526818080869,-46.81738743289,0.));
#139 = CIRCLE('',#140,39.811270346546);
#140 = AXIS2_PLACEMENT_3D('',#141,#142,#143);
#141 = CARTESIAN_POINT('',(25.774296769711,-81.66666017607,0.));
#142 = DIRECTION('',(0.,0.,1.));
#143 = DIRECTION('',(1.,0.,0.));
#144 = ORIENTED_EDGE('',*,*,#145,.F.);
#145 = EDGE_CURVE('',#146,#137,#148,.T.);
#146 = VERTEX_POINT('',#147);
#147 = CARTESIAN_POINT('',(67.467924815031,-13.15922740732,0.));
#148 = LINE('',#149,#150);
#149 = CARTESIAN_POINT('',(67.467924815031,-13.15922740732,0.));
#150 = VECTOR('',#151,1.);
#151 = DIRECTION('',(-0.875362032067,-0.48346800599,0.));
#152 = ORIENTED_EDGE('',*,*,#153,.T.);
#153 = EDGE_CURVE('',#146,#154,#156,.T.);
#154 = VERTEX_POINT('',#155);
#155 = CARTESIAN_POINT('',(67.987904235371,12.858325890072,0.));
#156 = CIRCLE('',#157,15.032897161712);
#157 = AXIS2_PLACEMENT_3D('',#158,#159,#160);
#158 = CARTESIAN_POINT('',(60.2,0.,0.));
#159 = DIRECTION('',(0.,0.,1.));
#160 = DIRECTION('',(1.,0.,0.));
#161 = ORIENTED_EDGE('',*,*,#162,.F.);
#162 = EDGE_CURVE('',#163,#154,#165,.T.);
#163 = VERTEX_POINT('',#164);
#164 = CARTESIAN_POINT('',(6.993775454352,49.800649325292,0.));
#165 = LINE('',#166,#167);
#166 = CARTESIAN_POINT('',(6.993775454361,49.800649325284,0.));
#167 = VECTOR('',#168,1.);
#168 = DIRECTION('',(0.855345829334,-0.518057441064,0.));
#169 = ORIENTED_EDGE('',*,*,#170,.F.);
#170 = EDGE_CURVE('',#171,#163,#173,.T.);
#171 = VERTEX_POINT('',#172);
#172 = CARTESIAN_POINT('',(-13.49999999999,79.849999999989,0.));
#173 = CIRCLE('',#174,43.848330568737);
#174 = AXIS2_PLACEMENT_3D('',#175,#176,#177);
#175 = CARTESIAN_POINT('',(29.709747683734,87.306124916723,0.));
#176 = DIRECTION('',(0.,0.,1.));
#177 = DIRECTION('',(1.,0.,0.));
#178 = ORIENTED_EDGE('',*,*,#179,.T.);
#179 = EDGE_CURVE('',#171,#180,#182,.T.);
#180 = VERTEX_POINT('',#181);
#181 = CARTESIAN_POINT('',(-75.94262803559,35.276255654778,0.));
#182 = CIRCLE('',#183,38.89087296526);
#183 = AXIS2_PLACEMENT_3D('',#184,#185,#186);
#184 = CARTESIAN_POINT('',(-41.,52.35,0.));
#185 = DIRECTION('',(0.,0.,1.));
#186 = DIRECTION('',(1.,0.,0.));
#187 = ORIENTED_EDGE('',*,*,#188,.F.);
#188 = EDGE_CURVE('',#126,#180,#189,.T.);
#189 = CIRCLE('',#190,75.);
#190 = AXIS2_PLACEMENT_3D('',#191,#192,#193);
#191 = CARTESIAN_POINT('',(-143.328544135,2.35,0.));
#192 = DIRECTION('',(0.,0.,1.));
#193 = DIRECTION('',(1.,0.,0.));
#194 = FACE_BOUND('',#195,.F.);
#195 = EDGE_LOOP('',(#196,#197,#198,#206));
#196 = ORIENTED_EDGE('',*,*,#47,.F.);
#197 = ORIENTED_EDGE('',*,*,#78,.F.);
#198 = ORIENTED_EDGE('',*,*,#199,.F.);
#199 = EDGE_CURVE('',#200,#62,#202,.T.);
#200 = VERTEX_POINT('',#201);
#201 = CARTESIAN_POINT('',(-63.5,-70.15,0.));
#202 = LINE('',#203,#204);
#203 = CARTESIAN_POINT('',(-63.5,-70.15,0.));
#204 = VECTOR('',#205,1.);
#205 = DIRECTION('',(1.,0.,0.));
#206 = ORIENTED_EDGE('',*,*,#207,.F.);
#207 = EDGE_CURVE('',#40,#200,#208,.T.);
#208 = LINE('',#209,#210);
#209 = CARTESIAN_POINT('',(-63.5,-25.15,0.));
#210 = VECTOR('',#211,1.);
#211 = DIRECTION('',(1.6E-16,-1.,0.));
#212 = FACE_BOUND('',#213,.F.);
#213 = EDGE_LOOP('',(#214));
#214 = ORIENTED_EDGE('',*,*,#215,.T.);
#215 = EDGE_CURVE('',#216,#216,#218,.T.);
#216 = VERTEX_POINT('',#217);
#217 = CARTESIAN_POINT('',(5.,-35.,0.));
#218 = CIRCLE('',#219,5.);
#219 = AXIS2_PLACEMENT_3D('',#220,#221,#222);
#220 = CARTESIAN_POINT('',(0.,-35.,0.));
#221 = DIRECTION('',(0.,0.,-1.));
#222 = DIRECTION('',(1.,0.,0.));
#223 = FACE_BOUND('',#224,.F.);
#224 = EDGE_LOOP('',(#225));
#225 = ORIENTED_EDGE('',*,*,#226,.T.);
#226 = EDGE_CURVE('',#227,#227,#229,.T.);
#227 = VERTEX_POINT('',#228);
#228 = CARTESIAN_POINT('',(-51.14,-15.9,0.));
#229 = CIRCLE('',#230,4.);
#230 = AXIS2_PLACEMENT_3D('',#231,#232,#233);
#231 = CARTESIAN_POINT('',(-55.14,-15.9,0.));
#232 = DIRECTION('',(0.,0.,-1.));
#233 = DIRECTION('',(1.,0.,0.));
#234 = FACE_BOUND('',#235,.F.);
#235 = EDGE_LOOP('',(#236));
#236 = ORIENTED_EDGE('',*,*,#237,.T.);
#237 = EDGE_CURVE('',#238,#238,#240,.T.);
#238 = VERTEX_POINT('',#239);
#239 = CARTESIAN_POINT('',(-22.86,-15.9,0.));
#240 = CIRCLE('',#241,4.);
#241 = AXIS2_PLACEMENT_3D('',#242,#243,#244);
#242 = CARTESIAN_POINT('',(-26.86,-15.9,0.));
#243 = DIRECTION('',(0.,0.,-1.));
#244 = DIRECTION('',(1.,0.,0.));
#245 = FACE_BOUND('',#246,.F.);
#246 = EDGE_LOOP('',(#247));
#247 = ORIENTED_EDGE('',*,*,#248,.T.);
#248 = EDGE_CURVE('',#249,#249,#251,.T.);
#249 = VERTEX_POINT('',#250);
#250 = CARTESIAN_POINT('',(27.5,-17.75,0.));
#251 = CIRCLE('',#252,7.5);
#252 = AXIS2_PLACEMENT_3D('',#253,#254,#255);
#253 = CARTESIAN_POINT('',(20.,-17.75,0.));
#254 = DIRECTION('',(0.,0.,-1.));
#255 = DIRECTION('',(1.,0.,0.));
#256 = FACE_BOUND('',#257,.F.);
#257 = EDGE_LOOP('',(#258));
#258 = ORIENTED_EDGE('',*,*,#259,.T.);
#259 = EDGE_CURVE('',#260,#260,#262,.T.);
#260 = VERTEX_POINT('',#261);
#261 = CARTESIAN_POINT('',(67.7,0.,0.));
#262 = CIRCLE('',#263,7.5);
#263 = AXIS2_PLACEMENT_3D('',#264,#265,#266);
#264 = CARTESIAN_POINT('',(60.2,0.,0.));
#265 = DIRECTION('',(0.,0.,-1.));
#266 = DIRECTION('',(1.,0.,0.));
#267 = FACE_BOUND('',#268,.F.);
#268 = EDGE_LOOP('',(#269));
#269 = ORIENTED_EDGE('',*,*,#270,.T.);
#270 = EDGE_CURVE('',#271,#271,#273,.T.);
#271 = VERTEX_POINT('',#272);
#272 = CARTESIAN_POINT('',(-51.14,20.6,0.));
#273 = CIRCLE('',#274,4.);
#274 = AXIS2_PLACEMENT_3D('',#275,#276,#277);
#275 = CARTESIAN_POINT('',(-55.14,20.6,0.));
#276 = DIRECTION('',(0.,0.,-1.));
#277 = DIRECTION('',(1.,0.,0.));
#278 = FACE_BOUND('',#279,.F.);
#279 = EDGE_LOOP('',(#280));
#280 = ORIENTED_EDGE('',*,*,#281,.T.);
#281 = EDGE_CURVE('',#282,#282,#284,.T.);
#282 = VERTEX_POINT('',#283);
#283 = CARTESIAN_POINT('',(-22.86,20.6,0.));
#284 = CIRCLE('',#285,4.);
#285 = AXIS2_PLACEMENT_3D('',#286,#287,#288);
#286 = CARTESIAN_POINT('',(-26.86,20.6,0.));
#287 = DIRECTION('',(0.,0.,-1.));
#288 = DIRECTION('',(1.,0.,0.));
#289 = FACE_BOUND('',#290,.F.);
#290 = EDGE_LOOP('',(#291));
#291 = ORIENTED_EDGE('',*,*,#292,.F.);
#292 = EDGE_CURVE('',#293,#293,#295,.T.);
#293 = VERTEX_POINT('',#294);
#294 = CARTESIAN_POINT('',(0.,22.45,0.));
#295 = CIRCLE('',#296,2.5);
#296 = AXIS2_PLACEMENT_3D('',#297,#298,#299);
#297 = CARTESIAN_POINT('',(-2.5,22.45,0.));
#298 = DIRECTION('',(0.,0.,1.));
#299 = DIRECTION('',(1.,0.,0.));
#300 = FACE_BOUND('',#301,.F.);
#301 = EDGE_LOOP('',(#302));
#302 = ORIENTED_EDGE('',*,*,#303,.T.);
#303 = EDGE_CURVE('',#304,#304,#306,.T.);
#304 = VERTEX_POINT('',#305);
#305 = CARTESIAN_POINT('',(5.,38.253480629279,0.));
#306 = CIRCLE('',#307,5.);
#307 = AXIS2_PLACEMENT_3D('',#308,#309,#310);
#308 = CARTESIAN_POINT('',(0.,38.253480629279,0.));
#309 = DIRECTION('',(0.,0.,-1.));
#310 = DIRECTION('',(1.,0.,0.));
#311 = FACE_BOUND('',#312,.F.);
#312 = EDGE_LOOP('',(#313,#323,#331,#339));
#313 = ORIENTED_EDGE('',*,*,#314,.F.);
#314 = EDGE_CURVE('',#315,#317,#319,.T.);
#315 = VERTEX_POINT('',#316);
#316 = CARTESIAN_POINT('',(-18.5,74.85,0.));
#317 = VERTEX_POINT('',#318);
#318 = CARTESIAN_POINT('',(-63.5,74.85,0.));
#319 = LINE('',#320,#321);
#320 = CARTESIAN_POINT('',(-18.5,74.85,0.));
#321 = VECTOR('',#322,1.);
#322 = DIRECTION('',(-1.,0.,0.));
#323 = ORIENTED_EDGE('',*,*,#324,.F.);
#324 = EDGE_CURVE('',#325,#315,#327,.T.);
#325 = VERTEX_POINT('',#326);
#326 = CARTESIAN_POINT('',(-18.5,29.85,0.));
#327 = LINE('',#328,#329);
#328 = CARTESIAN_POINT('',(-18.5,29.85,0.));
#329 = VECTOR('',#330,1.);
#330 = DIRECTION('',(8.E-17,1.,0.));
#331 = ORIENTED_EDGE('',*,*,#332,.F.);
#332 = EDGE_CURVE('',#333,#325,#335,.T.);
#333 = VERTEX_POINT('',#334);
#334 = CARTESIAN_POINT('',(-63.5,29.85,0.));
#335 = LINE('',#336,#337);
#336 = CARTESIAN_POINT('',(-63.5,29.85,0.));
#337 = VECTOR('',#338,1.);
#338 = DIRECTION('',(1.,8.E-17,0.));
#339 = ORIENTED_EDGE('',*,*,#340,.F.);
#340 = EDGE_CURVE('',#317,#333,#341,.T.);
#341 = LINE('',#342,#343);
#342 = CARTESIAN_POINT('',(-63.5,74.85,0.));
#343 = VECTOR('',#344,1.);
#344 = DIRECTION('',(0.,-1.,0.));
#345 = FACE_BOUND('',#346,.F.);
#346 = EDGE_LOOP('',(#347));
#347 = ORIENTED_EDGE('',*,*,#348,.F.);
#348 = EDGE_CURVE('',#349,#349,#351,.T.);
#349 = VERTEX_POINT('',#350);
#350 = CARTESIAN_POINT('',(45.,22.45,0.));
#351 = CIRCLE('',#352,2.5);
#352 = AXIS2_PLACEMENT_3D('',#353,#354,#355);
#353 = CARTESIAN_POINT('',(42.5,22.45,0.));
#354 = DIRECTION('',(0.,0.,1.));
#355 = DIRECTION('',(1.,0.,0.));
#356 = PLANE('',#357);
#357 = AXIS2_PLACEMENT_3D('',#358,#359,#360);
#358 = CARTESIAN_POINT('',(-22.84253428185,2.232266716417,0.));
#359 = DIRECTION('',(0.,0.,1.));
#360 = DIRECTION('',(1.,0.,0.));
#361 = ADVANCED_FACE('',(#362),#380,.T.);
#362 = FACE_BOUND('',#363,.T.);
#363 = EDGE_LOOP('',(#364,#365,#373,#379));
#364 = ORIENTED_EDGE('',*,*,#39,.T.);
#365 = ORIENTED_EDGE('',*,*,#366,.T.);
#366 = EDGE_CURVE('',#32,#367,#369,.T.);
#367 = VERTEX_POINT('',#368);
#368 = CARTESIAN_POINT('',(-63.5,-70.15,6.5));
#369 = LINE('',#370,#371);
#370 = CARTESIAN_POINT('',(-63.5,-25.15,6.5));
#371 = VECTOR('',#372,1.);
#372 = DIRECTION('',(1.6E-16,-1.,0.));
#373 = ORIENTED_EDGE('',*,*,#374,.F.);
#374 = EDGE_CURVE('',#200,#367,#375,.T.);
#375 = LINE('',#376,#377);
#376 = CARTESIAN_POINT('',(-63.5,-70.15,3.5));
#377 = VECTOR('',#378,1.);
#378 = DIRECTION('',(0.,0.,1.));
#379 = ORIENTED_EDGE('',*,*,#207,.F.);
#380 = PLANE('',#381);
#381 = AXIS2_PLACEMENT_3D('',#382,#383,#384);
#382 = CARTESIAN_POINT('',(-63.5,-47.65,3.75));
#383 = DIRECTION('',(1.,0.,0.));
#384 = DIRECTION('',(0.,0.,1.));
#385 = ADVANCED_FACE('',(#386),#397,.T.);
#386 = FACE_BOUND('',#387,.T.);
#387 = EDGE_LOOP('',(#388,#389,#395,#396));
#388 = ORIENTED_EDGE('',*,*,#374,.T.);
#389 = ORIENTED_EDGE('',*,*,#390,.T.);
#390 = EDGE_CURVE('',#367,#64,#391,.T.);
#391 = LINE('',#392,#393);
#392 = CARTESIAN_POINT('',(-63.5,-70.15,6.5));
#393 = VECTOR('',#394,1.);
#394 = DIRECTION('',(1.,0.,0.));
#395 = ORIENTED_EDGE('',*,*,#61,.F.);
#396 = ORIENTED_EDGE('',*,*,#199,.F.);
#397 = PLANE('',#398);
#398 = AXIS2_PLACEMENT_3D('',#399,#400,#401);
#399 = CARTESIAN_POINT('',(-41.,-70.15,3.75));
#400 = DIRECTION('',(0.,1.,0.));
#401 = DIRECTION('',(0.,0.,1.));
#402 = ADVANCED_FACE('',(#403),#422,.F.);
#403 = FACE_BOUND('',#404,.T.);
#404 = EDGE_LOOP('',(#405,#414,#420,#421));
#405 = ORIENTED_EDGE('',*,*,#406,.T.);
#406 = EDGE_CURVE('',#64,#407,#409,.T.);
#407 = VERTEX_POINT('',#408);
#408 = CARTESIAN_POINT('',(-19.5,-69.15,7.5));
#409 = ELLIPSE('',#410,1.414213562373,1.);
#410 = AXIS2_PLACEMENT_3D('',#411,#412,#413);
#411 = CARTESIAN_POINT('',(-19.5,-69.15,6.5));
#412 = DIRECTION('',(-0.707106781187,-0.707106781187,0.));
#413 = DIRECTION('',(0.707106781187,-0.707106781187,0.));
#414 = ORIENTED_EDGE('',*,*,#415,.T.);
#415 = EDGE_CURVE('',#407,#93,#416,.T.);
#416 = LINE('',#417,#418);
#417 = CARTESIAN_POINT('',(-19.5,-70.15,7.5));
#418 = VECTOR('',#419,1.);
#419 = DIRECTION('',(-8.E-17,1.,0.));
#420 = ORIENTED_EDGE('',*,*,#92,.F.);
#421 = ORIENTED_EDGE('',*,*,#71,.F.);
#422 = CYLINDRICAL_SURFACE('',#423,1.);
#423 = AXIS2_PLACEMENT_3D('',#424,#425,#426);
#424 = CARTESIAN_POINT('',(-19.5,-70.15,6.5));
#425 = DIRECTION('',(-8.E-17,1.,0.));
#426 = DIRECTION('',(1.,8.E-17,0.));
#427 = ADVANCED_FACE('',(#428,#446,#457,#468,#479,#490),#501,.F.);
#428 = FACE_BOUND('',#429,.F.);
#429 = EDGE_LOOP('',(#430,#438,#439,#440));
#430 = ORIENTED_EDGE('',*,*,#431,.T.);
#431 = EDGE_CURVE('',#432,#407,#434,.T.);
#432 = VERTEX_POINT('',#433);
#433 = CARTESIAN_POINT('',(-62.5,-69.15,7.5));
#434 = LINE('',#435,#436);
#435 = CARTESIAN_POINT('',(-63.5,-69.15,7.5));
#436 = VECTOR('',#437,1.);
#437 = DIRECTION('',(1.,0.,0.));
#438 = ORIENTED_EDGE('',*,*,#415,.T.);
#439 = ORIENTED_EDGE('',*,*,#101,.T.);
#440 = ORIENTED_EDGE('',*,*,#441,.T.);
#441 = EDGE_CURVE('',#102,#432,#442,.T.);
#442 = LINE('',#443,#444);
#443 = CARTESIAN_POINT('',(-62.5,-25.15,7.5));
#444 = VECTOR('',#445,1.);
#445 = DIRECTION('',(1.6E-16,-1.,0.));
#446 = FACE_BOUND('',#447,.F.);
#447 = EDGE_LOOP('',(#448));
#448 = ORIENTED_EDGE('',*,*,#449,.F.);
#449 = EDGE_CURVE('',#450,#450,#452,.T.);
#450 = VERTEX_POINT('',#451);
#451 = CARTESIAN_POINT('',(-54.8,-63.15,7.5));
#452 = CIRCLE('',#453,1.7);
#453 = AXIS2_PLACEMENT_3D('',#454,#455,#456);
#454 = CARTESIAN_POINT('',(-56.5,-63.15,7.5));
#455 = DIRECTION('',(0.,0.,1.));
#456 = DIRECTION('',(1.,0.,0.));
#457 = FACE_BOUND('',#458,.F.);
#458 = EDGE_LOOP('',(#459));
#459 = ORIENTED_EDGE('',*,*,#460,.F.);
#460 = EDGE_CURVE('',#461,#461,#463,.T.);
#461 = VERTEX_POINT('',#462);
#462 = CARTESIAN_POINT('',(-28.5,-47.65000000003,7.5));
#463 = CIRCLE('',#464,12.5);
#464 = AXIS2_PLACEMENT_3D('',#465,#466,#467);
#465 = CARTESIAN_POINT('',(-41.,-47.65000000003,7.5));
#466 = DIRECTION('',(0.,0.,1.));
#467 = DIRECTION('',(1.,0.,0.));
#468 = FACE_BOUND('',#469,.F.);
#469 = EDGE_LOOP('',(#470));
#470 = ORIENTED_EDGE('',*,*,#471,.F.);
#471 = EDGE_CURVE('',#472,#472,#474,.T.);
#472 = VERTEX_POINT('',#473);
#473 = CARTESIAN_POINT('',(-23.8,-63.15,7.5));
#474 = CIRCLE('',#475,1.7);
#475 = AXIS2_PLACEMENT_3D('',#476,#477,#478);
#476 = CARTESIAN_POINT('',(-25.5,-63.15,7.5));
#477 = DIRECTION('',(0.,0.,1.));
#478 = DIRECTION('',(1.,0.,0.));
#479 = FACE_BOUND('',#480,.F.);
#480 = EDGE_LOOP('',(#481));
#481 = ORIENTED_EDGE('',*,*,#482,.F.);
#482 = EDGE_CURVE('',#483,#483,#485,.T.);
#483 = VERTEX_POINT('',#484);
#484 = CARTESIAN_POINT('',(-54.8,-32.15,7.5));
#485 = CIRCLE('',#486,1.7);
#486 = AXIS2_PLACEMENT_3D('',#487,#488,#489);
#487 = CARTESIAN_POINT('',(-56.5,-32.15,7.5));
#488 = DIRECTION('',(0.,0.,1.));
#489 = DIRECTION('',(1.,0.,0.));
#490 = FACE_BOUND('',#491,.F.);
#491 = EDGE_LOOP('',(#492));
#492 = ORIENTED_EDGE('',*,*,#493,.F.);
#493 = EDGE_CURVE('',#494,#494,#496,.T.);
#494 = VERTEX_POINT('',#495);
#495 = CARTESIAN_POINT('',(-23.8,-32.15,7.5));
#496 = CIRCLE('',#497,1.7);
#497 = AXIS2_PLACEMENT_3D('',#498,#499,#500);
#498 = CARTESIAN_POINT('',(-25.5,-32.15,7.5));
#499 = DIRECTION('',(0.,0.,1.));
#500 = DIRECTION('',(1.,0.,0.));
#501 = PLANE('',#502);
#502 = AXIS2_PLACEMENT_3D('',#503,#504,#505);
#503 = CARTESIAN_POINT('',(-41.,2.349999999986,7.5));
#504 = DIRECTION('',(0.,0.,1.));
#505 = DIRECTION('',(1.,0.,0.));
#506 = ADVANCED_FACE('',(#507),#519,.F.);
#507 = FACE_BOUND('',#508,.T.);
#508 = EDGE_LOOP('',(#509,#510,#511,#518));
#509 = ORIENTED_EDGE('',*,*,#109,.T.);
#510 = ORIENTED_EDGE('',*,*,#441,.T.);
#511 = ORIENTED_EDGE('',*,*,#512,.F.);
#512 = EDGE_CURVE('',#367,#432,#513,.T.);
#513 = ELLIPSE('',#514,1.414213562373,1.);
#514 = AXIS2_PLACEMENT_3D('',#515,#516,#517);
#515 = CARTESIAN_POINT('',(-62.5,-69.15,6.5));
#516 = DIRECTION('',(-0.707106781187,0.707106781187,0.));
#517 = DIRECTION('',(0.707106781187,0.707106781187,0.));
#518 = ORIENTED_EDGE('',*,*,#366,.F.);
#519 = CYLINDRICAL_SURFACE('',#520,1.);
#520 = AXIS2_PLACEMENT_3D('',#521,#522,#523);
#521 = CARTESIAN_POINT('',(-62.5,-25.15,6.5));
#522 = DIRECTION('',(1.6E-16,-1.,0.));
#523 = DIRECTION('',(-1.,-1.6E-16,0.));
#524 = ADVANCED_FACE('',(#525),#551,.T.);
#525 = FACE_BOUND('',#526,.F.);
#526 = EDGE_LOOP('',(#527,#535,#544,#550));
#527 = ORIENTED_EDGE('',*,*,#528,.T.);
#528 = EDGE_CURVE('',#126,#529,#531,.T.);
#529 = VERTEX_POINT('',#530);
#530 = CARTESIAN_POINT('',(-75.94262803559,-30.57625565477,3.5));
#531 = LINE('',#532,#533);
#532 = CARTESIAN_POINT('',(-75.94262803559,-30.57625565477,0.));
#533 = VECTOR('',#534,1.);
#534 = DIRECTION('',(0.,0.,1.));
#535 = ORIENTED_EDGE('',*,*,#536,.T.);
#536 = EDGE_CURVE('',#529,#537,#539,.T.);
#537 = VERTEX_POINT('',#538);
#538 = CARTESIAN_POINT('',(-13.5,-75.15,3.5));
#539 = CIRCLE('',#540,38.89087296526);
#540 = AXIS2_PLACEMENT_3D('',#541,#542,#543);
#541 = CARTESIAN_POINT('',(-41.,-47.65,3.5));
#542 = DIRECTION('',(0.,0.,1.));
#543 = DIRECTION('',(1.,0.,0.));
#544 = ORIENTED_EDGE('',*,*,#545,.F.);
#545 = EDGE_CURVE('',#128,#537,#546,.T.);
#546 = LINE('',#547,#548);
#547 = CARTESIAN_POINT('',(-13.5,-75.15,0.));
#548 = VECTOR('',#549,1.);
#549 = DIRECTION('',(0.,0.,1.));
#550 = ORIENTED_EDGE('',*,*,#125,.F.);
#551 = CYLINDRICAL_SURFACE('',#552,38.89087296526);
#552 = AXIS2_PLACEMENT_3D('',#553,#554,#555);
#553 = CARTESIAN_POINT('',(-41.,-47.65,0.));
#554 = DIRECTION('',(-0.,-0.,-1.));
#555 = DIRECTION('',(1.,0.,0.));
#556 = ADVANCED_FACE('',(#557),#576,.F.);
#557 = FACE_BOUND('',#558,.T.);
#558 = EDGE_LOOP('',(#559,#560,#569,#575));
#559 = ORIENTED_EDGE('',*,*,#528,.T.);
#560 = ORIENTED_EDGE('',*,*,#561,.T.);
#561 = EDGE_CURVE('',#529,#562,#564,.T.);
#562 = VERTEX_POINT('',#563);
#563 = CARTESIAN_POINT('',(-75.94262803559,35.276255654778,3.5));
#564 = CIRCLE('',#565,75.);
#565 = AXIS2_PLACEMENT_3D('',#566,#567,#568);
#566 = CARTESIAN_POINT('',(-143.328544135,2.35,3.5));
#567 = DIRECTION('',(0.,0.,1.));
#568 = DIRECTION('',(1.,0.,0.));
#569 = ORIENTED_EDGE('',*,*,#570,.F.);
#570 = EDGE_CURVE('',#180,#562,#571,.T.);
#571 = LINE('',#572,#573);
#572 = CARTESIAN_POINT('',(-75.94262803559,35.276255654778,0.));
#573 = VECTOR('',#574,1.);
#574 = DIRECTION('',(0.,0.,1.));
#575 = ORIENTED_EDGE('',*,*,#188,.F.);
#576 = CYLINDRICAL_SURFACE('',#577,75.);
#577 = AXIS2_PLACEMENT_3D('',#578,#579,#580);
#578 = CARTESIAN_POINT('',(-143.328544135,2.35,0.));
#579 = DIRECTION('',(-0.,-0.,-1.));
#580 = DIRECTION('',(1.,0.,0.));
#581 = ADVANCED_FACE('',(#582),#601,.F.);
#582 = FACE_BOUND('',#583,.T.);
#583 = EDGE_LOOP('',(#584,#592,#599,#600));
#584 = ORIENTED_EDGE('',*,*,#585,.T.);
#585 = EDGE_CURVE('',#137,#586,#588,.T.);
#586 = VERTEX_POINT('',#587);
#587 = CARTESIAN_POINT('',(6.526818080869,-46.81738743289,3.5));
#588 = LINE('',#589,#590);
#589 = CARTESIAN_POINT('',(6.526818080869,-46.81738743289,0.));
#590 = VECTOR('',#591,1.);
#591 = DIRECTION('',(0.,0.,1.));
#592 = ORIENTED_EDGE('',*,*,#593,.T.);
#593 = EDGE_CURVE('',#586,#537,#594,.T.);
#594 = CIRCLE('',#595,39.811270346546);
#595 = AXIS2_PLACEMENT_3D('',#596,#597,#598);
#596 = CARTESIAN_POINT('',(25.774296769711,-81.66666017607,3.5));
#597 = DIRECTION('',(0.,0.,1.));
#598 = DIRECTION('',(1.,0.,0.));
#599 = ORIENTED_EDGE('',*,*,#545,.F.);
#600 = ORIENTED_EDGE('',*,*,#136,.F.);
#601 = CYLINDRICAL_SURFACE('',#602,39.811270346546);
#602 = AXIS2_PLACEMENT_3D('',#603,#604,#605);
#603 = CARTESIAN_POINT('',(25.774296769711,-81.66666017607,0.));
#604 = DIRECTION('',(-0.,-0.,-1.));
#605 = DIRECTION('',(1.,0.,0.));
#606 = ADVANCED_FACE('',(#607),#626,.T.);
#607 = FACE_BOUND('',#608,.F.);
#608 = EDGE_LOOP('',(#609,#617,#624,#625));
#609 = ORIENTED_EDGE('',*,*,#610,.T.);
#610 = EDGE_CURVE('',#171,#611,#613,.T.);
#611 = VERTEX_POINT('',#612);
#612 = CARTESIAN_POINT('',(-13.49999999999,79.849999999989,3.5));
#613 = LINE('',#614,#615);
#614 = CARTESIAN_POINT('',(-13.49999999999,79.849999999989,0.));
#615 = VECTOR('',#616,1.);
#616 = DIRECTION('',(0.,0.,1.));
#617 = ORIENTED_EDGE('',*,*,#618,.T.);
#618 = EDGE_CURVE('',#611,#562,#619,.T.);
#619 = CIRCLE('',#620,38.89087296526);
#620 = AXIS2_PLACEMENT_3D('',#621,#622,#623);
#621 = CARTESIAN_POINT('',(-41.,52.35,3.5));
#622 = DIRECTION('',(0.,0.,1.));
#623 = DIRECTION('',(1.,0.,0.));
#624 = ORIENTED_EDGE('',*,*,#570,.F.);
#625 = ORIENTED_EDGE('',*,*,#179,.F.);
#626 = CYLINDRICAL_SURFACE('',#627,38.89087296526);
#627 = AXIS2_PLACEMENT_3D('',#628,#629,#630);
#628 = CARTESIAN_POINT('',(-41.,52.35,0.));
#629 = DIRECTION('',(-0.,-0.,-1.));
#630 = DIRECTION('',(1.,0.,0.));
#631 = ADVANCED_FACE('',(#632),#650,.T.);
#632 = FACE_BOUND('',#633,.T.);
#633 = EDGE_LOOP('',(#634,#642,#648,#649));
#634 = ORIENTED_EDGE('',*,*,#635,.T.);
#635 = EDGE_CURVE('',#146,#636,#638,.T.);
#636 = VERTEX_POINT('',#637);
#637 = CARTESIAN_POINT('',(67.467924815031,-13.15922740732,3.5));
#638 = LINE('',#639,#640);
#639 = CARTESIAN_POINT('',(67.467924815031,-13.15922740732,0.));
#640 = VECTOR('',#641,1.);
#641 = DIRECTION('',(0.,0.,1.));
#642 = ORIENTED_EDGE('',*,*,#643,.T.);
#643 = EDGE_CURVE('',#636,#586,#644,.T.);
#644 = LINE('',#645,#646);
#645 = CARTESIAN_POINT('',(67.467924815031,-13.15922740732,3.5));
#646 = VECTOR('',#647,1.);
#647 = DIRECTION('',(-0.875362032067,-0.48346800599,0.));
#648 = ORIENTED_EDGE('',*,*,#585,.F.);
#649 = ORIENTED_EDGE('',*,*,#145,.F.);
#650 = PLANE('',#651);
#651 = AXIS2_PLACEMENT_3D('',#652,#653,#654);
#652 = CARTESIAN_POINT('',(67.467924815031,-13.15922740732,0.));
#653 = DIRECTION('',(0.48346800599,-0.875362032067,0.));
#654 = DIRECTION('',(-0.875362032067,-0.48346800599,0.));
#655 = ADVANCED_FACE('',(#656),#675,.F.);
#656 = FACE_BOUND('',#657,.T.);
#657 = EDGE_LOOP('',(#658,#659,#668,#674));
#658 = ORIENTED_EDGE('',*,*,#610,.T.);
#659 = ORIENTED_EDGE('',*,*,#660,.T.);
#660 = EDGE_CURVE('',#611,#661,#663,.T.);
#661 = VERTEX_POINT('',#662);
#662 = CARTESIAN_POINT('',(6.993775454352,49.800649325292,3.5));
#663 = CIRCLE('',#664,43.848330568737);
#664 = AXIS2_PLACEMENT_3D('',#665,#666,#667);
#665 = CARTESIAN_POINT('',(29.709747683734,87.306124916723,3.5));
#666 = DIRECTION('',(0.,0.,1.));
#667 = DIRECTION('',(1.,0.,0.));
#668 = ORIENTED_EDGE('',*,*,#669,.F.);
#669 = EDGE_CURVE('',#163,#661,#670,.T.);
#670 = LINE('',#671,#672);
#671 = CARTESIAN_POINT('',(6.993775454352,49.800649325292,0.));
#672 = VECTOR('',#673,1.);
#673 = DIRECTION('',(0.,0.,1.));
#674 = ORIENTED_EDGE('',*,*,#170,.F.);
#675 = CYLINDRICAL_SURFACE('',#676,43.848330568737);
#676 = AXIS2_PLACEMENT_3D('',#677,#678,#679);
#677 = CARTESIAN_POINT('',(29.709747683734,87.306124916723,0.));
#678 = DIRECTION('',(-0.,-0.,-1.));
#679 = DIRECTION('',(1.,0.,0.));
#680 = ADVANCED_FACE('',(#681),#700,.T.);
#681 = FACE_BOUND('',#682,.F.);
#682 = EDGE_LOOP('',(#683,#684,#693,#699));
#683 = ORIENTED_EDGE('',*,*,#635,.T.);
#684 = ORIENTED_EDGE('',*,*,#685,.T.);
#685 = EDGE_CURVE('',#636,#686,#688,.T.);
#686 = VERTEX_POINT('',#687);
#687 = CARTESIAN_POINT('',(67.987904235371,12.858325890072,3.5));
#688 = CIRCLE('',#689,15.032897161712);
#689 = AXIS2_PLACEMENT_3D('',#690,#691,#692);
#690 = CARTESIAN_POINT('',(60.2,0.,3.5));
#691 = DIRECTION('',(0.,0.,1.));
#692 = DIRECTION('',(1.,0.,0.));
#693 = ORIENTED_EDGE('',*,*,#694,.F.);
#694 = EDGE_CURVE('',#154,#686,#695,.T.);
#695 = LINE('',#696,#697);
#696 = CARTESIAN_POINT('',(67.987904235371,12.858325890072,0.));
#697 = VECTOR('',#698,1.);
#698 = DIRECTION('',(0.,0.,1.));
#699 = ORIENTED_EDGE('',*,*,#153,.F.);
#700 = CYLINDRICAL_SURFACE('',#701,15.032897161712);
#701 = AXIS2_PLACEMENT_3D('',#702,#703,#704);
#702 = CARTESIAN_POINT('',(60.2,0.,0.));
#703 = DIRECTION('',(-0.,-0.,-1.));
#704 = DIRECTION('',(1.,0.,0.));
#705 = ADVANCED_FACE('',(#706),#717,.T.);
#706 = FACE_BOUND('',#707,.T.);
#707 = EDGE_LOOP('',(#708,#709,#715,#716));
#708 = ORIENTED_EDGE('',*,*,#669,.T.);
#709 = ORIENTED_EDGE('',*,*,#710,.T.);
#710 = EDGE_CURVE('',#661,#686,#711,.T.);
#711 = LINE('',#712,#713);
#712 = CARTESIAN_POINT('',(6.993775454361,49.800649325284,3.5));
#713 = VECTOR('',#714,1.);
#714 = DIRECTION('',(0.855345829334,-0.518057441064,0.));
#715 = ORIENTED_EDGE('',*,*,#694,.F.);
#716 = ORIENTED_EDGE('',*,*,#162,.F.);
#717 = PLANE('',#718);
#718 = AXIS2_PLACEMENT_3D('',#719,#720,#721);
#719 = CARTESIAN_POINT('',(6.993775454361,49.800649325284,0.));
#720 = DIRECTION('',(0.518057441064,0.855345829334,0.));
#721 = DIRECTION('',(0.855345829334,-0.518057441064,0.));
#722 = ADVANCED_FACE('',(#723),#742,.F.);
#723 = FACE_BOUND('',#724,.F.);
#724 = EDGE_LOOP('',(#725,#733,#740,#741));
#725 = ORIENTED_EDGE('',*,*,#726,.T.);
#726 = EDGE_CURVE('',#216,#727,#729,.T.);
#727 = VERTEX_POINT('',#728);
#728 = CARTESIAN_POINT('',(5.,-35.,1.2));
#729 = LINE('',#730,#731);
#730 = CARTESIAN_POINT('',(5.,-35.,0.));
#731 = VECTOR('',#732,1.);
#732 = DIRECTION('',(0.,0.,1.));
#733 = ORIENTED_EDGE('',*,*,#734,.T.);
#734 = EDGE_CURVE('',#727,#727,#735,.T.);
#735 = CIRCLE('',#736,5.);
#736 = AXIS2_PLACEMENT_3D('',#737,#738,#739);
#737 = CARTESIAN_POINT('',(0.,-35.,1.2));
#738 = DIRECTION('',(0.,0.,-1.));
#739 = DIRECTION('',(1.,0.,0.));
#740 = ORIENTED_EDGE('',*,*,#726,.F.);
#741 = ORIENTED_EDGE('',*,*,#215,.F.);
#742 = CYLINDRICAL_SURFACE('',#743,5.);
#743 = AXIS2_PLACEMENT_3D('',#744,#745,#746);
#744 = CARTESIAN_POINT('',(0.,-35.,0.));
#745 = DIRECTION('',(0.,0.,-1.));
#746 = DIRECTION('',(1.,0.,0.));
#747 = ADVANCED_FACE('',(#748),#767,.F.);
#748 = FACE_BOUND('',#749,.F.);
#749 = EDGE_LOOP('',(#750,#758,#765,#766));
#750 = ORIENTED_EDGE('',*,*,#751,.T.);
#751 = EDGE_CURVE('',#227,#752,#754,.T.);
#752 = VERTEX_POINT('',#753);
#753 = CARTESIAN_POINT('',(-51.14,-15.9,1.));
#754 = LINE('',#755,#756);
#755 = CARTESIAN_POINT('',(-51.14,-15.9,0.));
#756 = VECTOR('',#757,1.);
#757 = DIRECTION('',(0.,0.,1.));
#758 = ORIENTED_EDGE('',*,*,#759,.T.);
#759 = EDGE_CURVE('',#752,#752,#760,.T.);
#760 = CIRCLE('',#761,4.);
#761 = AXIS2_PLACEMENT_3D('',#762,#763,#764);
#762 = CARTESIAN_POINT('',(-55.14,-15.9,1.));
#763 = DIRECTION('',(0.,0.,-1.));
#764 = DIRECTION('',(1.,0.,0.));
#765 = ORIENTED_EDGE('',*,*,#751,.F.);
#766 = ORIENTED_EDGE('',*,*,#226,.F.);
#767 = CYLINDRICAL_SURFACE('',#768,4.);
#768 = AXIS2_PLACEMENT_3D('',#769,#770,#771);
#769 = CARTESIAN_POINT('',(-55.14,-15.9,0.));
#770 = DIRECTION('',(0.,0.,-1.));
#771 = DIRECTION('',(1.,0.,0.));
#772 = ADVANCED_FACE('',(#773),#792,.F.);
#773 = FACE_BOUND('',#774,.F.);
#774 = EDGE_LOOP('',(#775,#783,#790,#791));
#775 = ORIENTED_EDGE('',*,*,#776,.T.);
#776 = EDGE_CURVE('',#238,#777,#779,.T.);
#777 = VERTEX_POINT('',#778);
#778 = CARTESIAN_POINT('',(-22.86,-15.9,1.));
#779 = LINE('',#780,#781);
#780 = CARTESIAN_POINT('',(-22.86,-15.9,0.));
#781 = VECTOR('',#782,1.);
#782 = DIRECTION('',(0.,0.,1.));
#783 = ORIENTED_EDGE('',*,*,#784,.T.);
#784 = EDGE_CURVE('',#777,#777,#785,.T.);
#785 = CIRCLE('',#786,4.);
#786 = AXIS2_PLACEMENT_3D('',#787,#788,#789);
#787 = CARTESIAN_POINT('',(-26.86,-15.9,1.));
#788 = DIRECTION('',(0.,0.,-1.));
#789 = DIRECTION('',(1.,0.,0.));
#790 = ORIENTED_EDGE('',*,*,#776,.F.);
#791 = ORIENTED_EDGE('',*,*,#237,.F.);
#792 = CYLINDRICAL_SURFACE('',#793,4.);
#793 = AXIS2_PLACEMENT_3D('',#794,#795,#796);
#794 = CARTESIAN_POINT('',(-26.86,-15.9,0.));
#795 = DIRECTION('',(0.,0.,-1.));
#796 = DIRECTION('',(1.,0.,0.));
#797 = ADVANCED_FACE('',(#798),#817,.F.);
#798 = FACE_BOUND('',#799,.F.);
#799 = EDGE_LOOP('',(#800,#808,#815,#816));
#800 = ORIENTED_EDGE('',*,*,#801,.T.);
#801 = EDGE_CURVE('',#249,#802,#804,.T.);
#802 = VERTEX_POINT('',#803);
#803 = CARTESIAN_POINT('',(27.5,-17.75,9.5));
#804 = LINE('',#805,#806);
#805 = CARTESIAN_POINT('',(27.5,-17.75,0.));
#806 = VECTOR('',#807,1.);
#807 = DIRECTION('',(0.,0.,1.));
#808 = ORIENTED_EDGE('',*,*,#809,.T.);
#809 = EDGE_CURVE('',#802,#802,#810,.T.);
#810 = CIRCLE('',#811,7.5);
#811 = AXIS2_PLACEMENT_3D('',#812,#813,#814);
#812 = CARTESIAN_POINT('',(20.,-17.75,9.5));
#813 = DIRECTION('',(0.,0.,-1.));
#814 = DIRECTION('',(1.,0.,0.));
#815 = ORIENTED_EDGE('',*,*,#801,.F.);
#816 = ORIENTED_EDGE('',*,*,#248,.F.);
#817 = CYLINDRICAL_SURFACE('',#818,7.5);
#818 = AXIS2_PLACEMENT_3D('',#819,#820,#821);
#819 = CARTESIAN_POINT('',(20.,-17.75,0.));
#820 = DIRECTION('',(0.,0.,-1.));
#821 = DIRECTION('',(1.,0.,0.));
#822 = ADVANCED_FACE('',(#823),#842,.F.);
#823 = FACE_BOUND('',#824,.F.);
#824 = EDGE_LOOP('',(#825,#833,#840,#841));
#825 = ORIENTED_EDGE('',*,*,#826,.T.);
#826 = EDGE_CURVE('',#260,#827,#829,.T.);
#827 = VERTEX_POINT('',#828);
#828 = CARTESIAN_POINT('',(67.7,0.,1.2));
#829 = LINE('',#830,#831);
#830 = CARTESIAN_POINT('',(67.7,0.,0.));
#831 = VECTOR('',#832,1.);
#832 = DIRECTION('',(0.,0.,1.));
#833 = ORIENTED_EDGE('',*,*,#834,.T.);
#834 = EDGE_CURVE('',#827,#827,#835,.T.);
#835 = CIRCLE('',#836,7.5);
#836 = AXIS2_PLACEMENT_3D('',#837,#838,#839);
#837 = CARTESIAN_POINT('',(60.2,0.,1.2));
#838 = DIRECTION('',(0.,0.,-1.));
#839 = DIRECTION('',(1.,0.,0.));
#840 = ORIENTED_EDGE('',*,*,#826,.F.);
#841 = ORIENTED_EDGE('',*,*,#259,.F.);
#842 = CYLINDRICAL_SURFACE('',#843,7.5);
#843 = AXIS2_PLACEMENT_3D('',#844,#845,#846);
#844 = CARTESIAN_POINT('',(60.2,0.,0.));
#845 = DIRECTION('',(0.,0.,-1.));
#846 = DIRECTION('',(1.,0.,0.));
#847 = ADVANCED_FACE('',(#848),#867,.F.);
#848 = FACE_BOUND('',#849,.F.);
#849 = EDGE_LOOP('',(#850,#858,#865,#866));
#850 = ORIENTED_EDGE('',*,*,#851,.T.);
#851 = EDGE_CURVE('',#271,#852,#854,.T.);
#852 = VERTEX_POINT('',#853);
#853 = CARTESIAN_POINT('',(-51.14,20.6,1.));
#854 = LINE('',#855,#856);
#855 = CARTESIAN_POINT('',(-51.14,20.6,0.));
#856 = VECTOR('',#857,1.);
#857 = DIRECTION('',(0.,0.,1.));
#858 = ORIENTED_EDGE('',*,*,#859,.T.);
#859 = EDGE_CURVE('',#852,#852,#860,.T.);
#860 = CIRCLE('',#861,4.);
#861 = AXIS2_PLACEMENT_3D('',#862,#863,#864);
#862 = CARTESIAN_POINT('',(-55.14,20.6,1.));
#863 = DIRECTION('',(0.,0.,-1.));
#864 = DIRECTION('',(1.,0.,0.));
#865 = ORIENTED_EDGE('',*,*,#851,.F.);
#866 = ORIENTED_EDGE('',*,*,#270,.F.);
#867 = CYLINDRICAL_SURFACE('',#868,4.);
#868 = AXIS2_PLACEMENT_3D('',#869,#870,#871);
#869 = CARTESIAN_POINT('',(-55.14,20.6,0.));
#870 = DIRECTION('',(0.,0.,-1.));
#871 = DIRECTION('',(1.,0.,0.));
#872 = ADVANCED_FACE('',(#873),#892,.F.);
#873 = FACE_BOUND('',#874,.F.);
#874 = EDGE_LOOP('',(#875,#883,#890,#891));
#875 = ORIENTED_EDGE('',*,*,#876,.T.);
#876 = EDGE_CURVE('',#282,#877,#879,.T.);
#877 = VERTEX_POINT('',#878);
#878 = CARTESIAN_POINT('',(-22.86,20.6,1.));
#879 = LINE('',#880,#881);
#880 = CARTESIAN_POINT('',(-22.86,20.6,0.));
#881 = VECTOR('',#882,1.);
#882 = DIRECTION('',(0.,0.,1.));
#883 = ORIENTED_EDGE('',*,*,#884,.T.);
#884 = EDGE_CURVE('',#877,#877,#885,.T.);
#885 = CIRCLE('',#886,4.);
#886 = AXIS2_PLACEMENT_3D('',#887,#888,#889);
#887 = CARTESIAN_POINT('',(-26.86,20.6,1.));
#888 = DIRECTION('',(0.,0.,-1.));
#889 = DIRECTION('',(1.,0.,0.));
#890 = ORIENTED_EDGE('',*,*,#876,.F.);
#891 = ORIENTED_EDGE('',*,*,#281,.F.);
#892 = CYLINDRICAL_SURFACE('',#893,4.);
#893 = AXIS2_PLACEMENT_3D('',#894,#895,#896);
#894 = CARTESIAN_POINT('',(-26.86,20.6,0.));
#895 = DIRECTION('',(0.,0.,-1.));
#896 = DIRECTION('',(1.,0.,0.));
#897 = ADVANCED_FACE('',(#898),#916,.F.);
#898 = FACE_BOUND('',#899,.T.);
#899 = EDGE_LOOP('',(#900,#901,#908,#915));
#900 = ORIENTED_EDGE('',*,*,#292,.F.);
#901 = ORIENTED_EDGE('',*,*,#902,.F.);
#902 = EDGE_CURVE('',#903,#293,#905,.T.);
#903 = VERTEX_POINT('',#904);
#904 = CARTESIAN_POINT('',(0.,22.45,10.35));
#905 = B_SPLINE_CURVE_WITH_KNOTS('',1,(#906,#907),.UNSPECIFIED.,.F.,.F.,
  (2,2),(-10.35,0.),.PIECEWISE_BEZIER_KNOTS.);
#906 = CARTESIAN_POINT('',(0.,22.45,10.35));
#907 = CARTESIAN_POINT('',(0.,22.45,0.));
#908 = ORIENTED_EDGE('',*,*,#909,.T.);
#909 = EDGE_CURVE('',#903,#903,#910,.T.);
#910 = CIRCLE('',#911,2.5);
#911 = AXIS2_PLACEMENT_3D('',#912,#913,#914);
#912 = CARTESIAN_POINT('',(-2.5,22.45,10.35));
#913 = DIRECTION('',(0.,0.,1.));
#914 = DIRECTION('',(1.,0.,0.));
#915 = ORIENTED_EDGE('',*,*,#902,.T.);
#916 = CYLINDRICAL_SURFACE('',#917,2.5);
#917 = AXIS2_PLACEMENT_3D('',#918,#919,#920);
#918 = CARTESIAN_POINT('',(-2.5,22.45,0.));
#919 = DIRECTION('',(-0.,-0.,-1.));
#920 = DIRECTION('',(1.,0.,0.));
#921 = ADVANCED_FACE('',(#922),#941,.F.);
#922 = FACE_BOUND('',#923,.F.);
#923 = EDGE_LOOP('',(#924,#932,#939,#940));
#924 = ORIENTED_EDGE('',*,*,#925,.T.);
#925 = EDGE_CURVE('',#304,#926,#928,.T.);
#926 = VERTEX_POINT('',#927);
#927 = CARTESIAN_POINT('',(5.,38.253480629279,1.2));
#928 = LINE('',#929,#930);
#929 = CARTESIAN_POINT('',(5.,38.253480629279,0.));
#930 = VECTOR('',#931,1.);
#931 = DIRECTION('',(0.,0.,1.));
#932 = ORIENTED_EDGE('',*,*,#933,.T.);
#933 = EDGE_CURVE('',#926,#926,#934,.T.);
#934 = CIRCLE('',#935,5.);
#935 = AXIS2_PLACEMENT_3D('',#936,#937,#938);
#936 = CARTESIAN_POINT('',(0.,38.253480629279,1.2));
#937 = DIRECTION('',(0.,0.,-1.));
#938 = DIRECTION('',(1.,0.,0.));
#939 = ORIENTED_EDGE('',*,*,#925,.F.);
#940 = ORIENTED_EDGE('',*,*,#303,.F.);
#941 = CYLINDRICAL_SURFACE('',#942,5.);
#942 = AXIS2_PLACEMENT_3D('',#943,#944,#945);
#943 = CARTESIAN_POINT('',(0.,38.253480629279,0.));
#944 = DIRECTION('',(0.,0.,-1.));
#945 = DIRECTION('',(1.,0.,0.));
#946 = ADVANCED_FACE('',(#947),#972,.T.);
#947 = FACE_BOUND('',#948,.T.);
#948 = EDGE_LOOP('',(#949,#957,#965,#971));
#949 = ORIENTED_EDGE('',*,*,#950,.T.);
#950 = EDGE_CURVE('',#315,#951,#953,.T.);
#951 = VERTEX_POINT('',#952);
#952 = CARTESIAN_POINT('',(-18.5,74.85,6.5));
#953 = LINE('',#954,#955);
#954 = CARTESIAN_POINT('',(-18.5,74.85,3.5));
#955 = VECTOR('',#956,1.);
#956 = DIRECTION('',(0.,0.,1.));
#957 = ORIENTED_EDGE('',*,*,#958,.T.);
#958 = EDGE_CURVE('',#951,#959,#961,.T.);
#959 = VERTEX_POINT('',#960);
#960 = CARTESIAN_POINT('',(-63.5,74.85,6.5));
#961 = LINE('',#962,#963);
#962 = CARTESIAN_POINT('',(-18.5,74.85,6.5));
#963 = VECTOR('',#964,1.);
#964 = DIRECTION('',(-1.,0.,0.));
#965 = ORIENTED_EDGE('',*,*,#966,.F.);
#966 = EDGE_CURVE('',#317,#959,#967,.T.);
#967 = LINE('',#968,#969);
#968 = CARTESIAN_POINT('',(-63.5,74.85,0.));
#969 = VECTOR('',#970,1.);
#970 = DIRECTION('',(0.,0.,1.));
#971 = ORIENTED_EDGE('',*,*,#314,.F.);
#972 = PLANE('',#973);
#973 = AXIS2_PLACEMENT_3D('',#974,#975,#976);
#974 = CARTESIAN_POINT('',(-41.,74.85,3.75));
#975 = DIRECTION('',(-0.,-1.,-0.));
#976 = DIRECTION('',(0.,0.,-1.));
#977 = ADVANCED_FACE('',(#978),#996,.T.);
#978 = FACE_BOUND('',#979,.T.);
#979 = EDGE_LOOP('',(#980,#988,#994,#995));
#980 = ORIENTED_EDGE('',*,*,#981,.T.);
#981 = EDGE_CURVE('',#325,#982,#984,.T.);
#982 = VERTEX_POINT('',#983);
#983 = CARTESIAN_POINT('',(-18.5,29.85,6.5));
#984 = LINE('',#985,#986);
#985 = CARTESIAN_POINT('',(-18.5,29.85,0.));
#986 = VECTOR('',#987,1.);
#987 = DIRECTION('',(0.,0.,1.));
#988 = ORIENTED_EDGE('',*,*,#989,.T.);
#989 = EDGE_CURVE('',#982,#951,#990,.T.);
#990 = LINE('',#991,#992);
#991 = CARTESIAN_POINT('',(-18.5,29.85,6.5));
#992 = VECTOR('',#993,1.);
#993 = DIRECTION('',(8.E-17,1.,0.));
#994 = ORIENTED_EDGE('',*,*,#950,.F.);
#995 = ORIENTED_EDGE('',*,*,#324,.F.);
#996 = PLANE('',#997);
#997 = AXIS2_PLACEMENT_3D('',#998,#999,#1000);
#998 = CARTESIAN_POINT('',(-18.5,52.35,3.75));
#999 = DIRECTION('',(-1.,-0.,-0.));
#1000 = DIRECTION('',(0.,0.,-1.));
#1001 = ADVANCED_FACE('',(#1002),#1020,.T.);
#1002 = FACE_BOUND('',#1003,.T.);
#1003 = EDGE_LOOP('',(#1004,#1005,#1013,#1019));
#1004 = ORIENTED_EDGE('',*,*,#966,.T.);
#1005 = ORIENTED_EDGE('',*,*,#1006,.T.);
#1006 = EDGE_CURVE('',#959,#1007,#1009,.T.);
#1007 = VERTEX_POINT('',#1008);
#1008 = CARTESIAN_POINT('',(-63.5,29.85,6.5));
#1009 = LINE('',#1010,#1011);
#1010 = CARTESIAN_POINT('',(-63.5,74.85,6.5));
#1011 = VECTOR('',#1012,1.);
#1012 = DIRECTION('',(0.,-1.,0.));
#1013 = ORIENTED_EDGE('',*,*,#1014,.F.);
#1014 = EDGE_CURVE('',#333,#1007,#1015,.T.);
#1015 = LINE('',#1016,#1017);
#1016 = CARTESIAN_POINT('',(-63.5,29.85,3.5));
#1017 = VECTOR('',#1018,1.);
#1018 = DIRECTION('',(0.,0.,1.));
#1019 = ORIENTED_EDGE('',*,*,#340,.F.);
#1020 = PLANE('',#1021);
#1021 = AXIS2_PLACEMENT_3D('',#1022,#1023,#1024);
#1022 = CARTESIAN_POINT('',(-63.5,52.35,3.75));
#1023 = DIRECTION('',(1.,0.,0.));
#1024 = DIRECTION('',(0.,0.,1.));
#1025 = ADVANCED_FACE('',(#1026),#1037,.T.);
#1026 = FACE_BOUND('',#1027,.T.);
#1027 = EDGE_LOOP('',(#1028,#1029,#1035,#1036));
#1028 = ORIENTED_EDGE('',*,*,#1014,.T.);
#1029 = ORIENTED_EDGE('',*,*,#1030,.T.);
#1030 = EDGE_CURVE('',#1007,#982,#1031,.T.);
#1031 = LINE('',#1032,#1033);
#1032 = CARTESIAN_POINT('',(-63.5,29.85,6.5));
#1033 = VECTOR('',#1034,1.);
#1034 = DIRECTION('',(1.,8.E-17,0.));
#1035 = ORIENTED_EDGE('',*,*,#981,.F.);
#1036 = ORIENTED_EDGE('',*,*,#332,.F.);
#1037 = PLANE('',#1038);
#1038 = AXIS2_PLACEMENT_3D('',#1039,#1040,#1041);
#1039 = CARTESIAN_POINT('',(-41.,29.85,3.75));
#1040 = DIRECTION('',(0.,1.,0.));
#1041 = DIRECTION('',(0.,0.,1.));
#1042 = ADVANCED_FACE('',(#1043),#1061,.F.);
#1043 = FACE_BOUND('',#1044,.T.);
#1044 = EDGE_LOOP('',(#1045,#1046,#1053,#1060));
#1045 = ORIENTED_EDGE('',*,*,#348,.F.);
#1046 = ORIENTED_EDGE('',*,*,#1047,.F.);
#1047 = EDGE_CURVE('',#1048,#349,#1050,.T.);
#1048 = VERTEX_POINT('',#1049);
#1049 = CARTESIAN_POINT('',(45.,22.45,10.35));
#1050 = B_SPLINE_CURVE_WITH_KNOTS('',1,(#1051,#1052),.UNSPECIFIED.,.F.,
  .F.,(2,2),(-10.35,0.),.PIECEWISE_BEZIER_KNOTS.);
#1051 = CARTESIAN_POINT('',(45.,22.45,10.35));
#1052 = CARTESIAN_POINT('',(45.,22.45,0.));
#1053 = ORIENTED_EDGE('',*,*,#1054,.T.);
#1054 = EDGE_CURVE('',#1048,#1048,#1055,.T.);
#1055 = CIRCLE('',#1056,2.5);
#1056 = AXIS2_PLACEMENT_3D('',#1057,#1058,#1059);
#1057 = CARTESIAN_POINT('',(42.5,22.45,10.35));
#1058 = DIRECTION('',(0.,0.,1.));
#1059 = DIRECTION('',(1.,0.,0.));
#1060 = ORIENTED_EDGE('',*,*,#1047,.T.);
#1061 = CYLINDRICAL_SURFACE('',#1062,2.5);
#1062 = AXIS2_PLACEMENT_3D('',#1063,#1064,#1065);
#1063 = CARTESIAN_POINT('',(42.5,22.45,0.));
#1064 = DIRECTION('',(-0.,-0.,-1.));
#1065 = DIRECTION('',(1.,0.,0.));
#1066 = ADVANCED_FACE('',(#1067),#1073,.F.);
#1067 = FACE_BOUND('',#1068,.T.);
#1068 = EDGE_LOOP('',(#1069,#1070,#1071,#1072));
#1069 = ORIENTED_EDGE('',*,*,#512,.T.);
#1070 = ORIENTED_EDGE('',*,*,#431,.T.);
#1071 = ORIENTED_EDGE('',*,*,#406,.F.);
#1072 = ORIENTED_EDGE('',*,*,#390,.F.);
#1073 = CYLINDRICAL_SURFACE('',#1074,1.);
#1074 = AXIS2_PLACEMENT_3D('',#1075,#1076,#1077);
#1075 = CARTESIAN_POINT('',(-63.5,-69.15,6.5));
#1076 = DIRECTION('',(1.,0.,0.));
#1077 = DIRECTION('',(0.,-1.,0.));
#1078 = ADVANCED_FACE('',(#1079),#1098,.F.);
#1079 = FACE_BOUND('',#1080,.T.);
#1080 = EDGE_LOOP('',(#1081,#1089,#1096,#1097));
#1081 = ORIENTED_EDGE('',*,*,#1082,.T.);
#1082 = EDGE_CURVE('',#450,#1083,#1085,.T.);
#1083 = VERTEX_POINT('',#1084);
#1084 = CARTESIAN_POINT('',(-54.8,-63.15,11.));
#1085 = LINE('',#1086,#1087);
#1086 = CARTESIAN_POINT('',(-54.8,-63.15,7.5));
#1087 = VECTOR('',#1088,1.);
#1088 = DIRECTION('',(0.,0.,1.));
#1089 = ORIENTED_EDGE('',*,*,#1090,.T.);
#1090 = EDGE_CURVE('',#1083,#1083,#1091,.T.);
#1091 = CIRCLE('',#1092,1.7);
#1092 = AXIS2_PLACEMENT_3D('',#1093,#1094,#1095);
#1093 = CARTESIAN_POINT('',(-56.5,-63.15,11.));
#1094 = DIRECTION('',(0.,0.,1.));
#1095 = DIRECTION('',(1.,0.,0.));
#1096 = ORIENTED_EDGE('',*,*,#1082,.F.);
#1097 = ORIENTED_EDGE('',*,*,#449,.F.);
#1098 = CYLINDRICAL_SURFACE('',#1099,1.7);
#1099 = AXIS2_PLACEMENT_3D('',#1100,#1101,#1102);
#1100 = CARTESIAN_POINT('',(-56.5,-63.15,7.5));
#1101 = DIRECTION('',(-0.,-0.,-1.));
#1102 = DIRECTION('',(1.,0.,0.));
#1103 = ADVANCED_FACE('',(#1104),#1123,.F.);
#1104 = FACE_BOUND('',#1105,.T.);
#1105 = EDGE_LOOP('',(#1106,#1114,#1121,#1122));
#1106 = ORIENTED_EDGE('',*,*,#1107,.T.);
#1107 = EDGE_CURVE('',#461,#1108,#1110,.T.);
#1108 = VERTEX_POINT('',#1109);
#1109 = CARTESIAN_POINT('',(-28.5,-47.65000000003,11.));
#1110 = LINE('',#1111,#1112);
#1111 = CARTESIAN_POINT('',(-28.5,-47.65000000003,7.5));
#1112 = VECTOR('',#1113,1.);
#1113 = DIRECTION('',(0.,0.,1.));
#1114 = ORIENTED_EDGE('',*,*,#1115,.T.);
#1115 = EDGE_CURVE('',#1108,#1108,#1116,.T.);
#1116 = CIRCLE('',#1117,12.5);
#1117 = AXIS2_PLACEMENT_3D('',#1118,#1119,#1120);
#1118 = CARTESIAN_POINT('',(-41.,-47.65000000003,11.));
#1119 = DIRECTION('',(0.,0.,1.));
#1120 = DIRECTION('',(1.,0.,0.));
#1121 = ORIENTED_EDGE('',*,*,#1107,.F.);
#1122 = ORIENTED_EDGE('',*,*,#460,.F.);
#1123 = CYLINDRICAL_SURFACE('',#1124,12.5);
#1124 = AXIS2_PLACEMENT_3D('',#1125,#1126,#1127);
#1125 = CARTESIAN_POINT('',(-41.,-47.65000000003,7.5));
#1126 = DIRECTION('',(-0.,-0.,-1.));
#1127 = DIRECTION('',(1.,0.,0.));
#1128 = ADVANCED_FACE('',(#1129),#1148,.F.);
#1129 = FACE_BOUND('',#1130,.T.);
#1130 = EDGE_LOOP('',(#1131,#1139,#1146,#1147));
#1131 = ORIENTED_EDGE('',*,*,#1132,.T.);
#1132 = EDGE_CURVE('',#472,#1133,#1135,.T.);
#1133 = VERTEX_POINT('',#1134);
#1134 = CARTESIAN_POINT('',(-23.8,-63.15,11.));
#1135 = LINE('',#1136,#1137);
#1136 = CARTESIAN_POINT('',(-23.8,-63.15,7.5));
#1137 = VECTOR('',#1138,1.);
#1138 = DIRECTION('',(0.,0.,1.));
#1139 = ORIENTED_EDGE('',*,*,#1140,.T.);
#1140 = EDGE_CURVE('',#1133,#1133,#1141,.T.);
#1141 = CIRCLE('',#1142,1.7);
#1142 = AXIS2_PLACEMENT_3D('',#1143,#1144,#1145);
#1143 = CARTESIAN_POINT('',(-25.5,-63.15,11.));
#1144 = DIRECTION('',(0.,0.,1.));
#1145 = DIRECTION('',(1.,0.,0.));
#1146 = ORIENTED_EDGE('',*,*,#1132,.F.);
#1147 = ORIENTED_EDGE('',*,*,#471,.F.);
#1148 = CYLINDRICAL_SURFACE('',#1149,1.7);
#1149 = AXIS2_PLACEMENT_3D('',#1150,#1151,#1152);
#1150 = CARTESIAN_POINT('',(-25.5,-63.15,7.5));
#1151 = DIRECTION('',(-0.,-0.,-1.));
#1152 = DIRECTION('',(1.,0.,0.));
#1153 = ADVANCED_FACE('',(#1154),#1173,.F.);
#1154 = FACE_BOUND('',#1155,.T.);
#1155 = EDGE_LOOP('',(#1156,#1164,#1171,#1172));
#1156 = ORIENTED_EDGE('',*,*,#1157,.T.);
#1157 = EDGE_CURVE('',#483,#1158,#1160,.T.);
#1158 = VERTEX_POINT('',#1159);
#1159 = CARTESIAN_POINT('',(-54.8,-32.15,11.));
#1160 = LINE('',#1161,#1162);
#1161 = CARTESIAN_POINT('',(-54.8,-32.15,7.5));
#1162 = VECTOR('',#1163,1.);
#1163 = DIRECTION('',(0.,0.,1.));
#1164 = ORIENTED_EDGE('',*,*,#1165,.T.);
#1165 = EDGE_CURVE('',#1158,#1158,#1166,.T.);
#1166 = CIRCLE('',#1167,1.7);
#1167 = AXIS2_PLACEMENT_3D('',#1168,#1169,#1170);
#1168 = CARTESIAN_POINT('',(-56.5,-32.15,11.));
#1169 = DIRECTION('',(0.,0.,1.));
#1170 = DIRECTION('',(1.,0.,0.));
#1171 = ORIENTED_EDGE('',*,*,#1157,.F.);
#1172 = ORIENTED_EDGE('',*,*,#482,.F.);
#1173 = CYLINDRICAL_SURFACE('',#1174,1.7);
#1174 = AXIS2_PLACEMENT_3D('',#1175,#1176,#1177);
#1175 = CARTESIAN_POINT('',(-56.5,-32.15,7.5));
#1176 = DIRECTION('',(-0.,-0.,-1.));
#1177 = DIRECTION('',(1.,0.,0.));
#1178 = ADVANCED_FACE('',(#1179),#1198,.F.);
#1179 = FACE_BOUND('',#1180,.T.);
#1180 = EDGE_LOOP('',(#1181,#1189,#1196,#1197));
#1181 = ORIENTED_EDGE('',*,*,#1182,.T.);
#1182 = EDGE_CURVE('',#494,#1183,#1185,.T.);
#1183 = VERTEX_POINT('',#1184);
#1184 = CARTESIAN_POINT('',(-23.8,-32.15,11.));
#1185 = LINE('',#1186,#1187);
#1186 = CARTESIAN_POINT('',(-23.8,-32.15,7.5));
#1187 = VECTOR('',#1188,1.);
#1188 = DIRECTION('',(0.,0.,1.));
#1189 = ORIENTED_EDGE('',*,*,#1190,.T.);
#1190 = EDGE_CURVE('',#1183,#1183,#1191,.T.);
#1191 = CIRCLE('',#1192,1.7);
#1192 = AXIS2_PLACEMENT_3D('',#1193,#1194,#1195);
#1193 = CARTESIAN_POINT('',(-25.5,-32.15,11.));
#1194 = DIRECTION('',(0.,0.,1.));
#1195 = DIRECTION('',(1.,0.,0.));
#1196 = ORIENTED_EDGE('',*,*,#1182,.F.);
#1197 = ORIENTED_EDGE('',*,*,#493,.F.);
#1198 = CYLINDRICAL_SURFACE('',#1199,1.7);
#1199 = AXIS2_PLACEMENT_3D('',#1200,#1201,#1202);
#1200 = CARTESIAN_POINT('',(-25.5,-32.15,7.5));
#1201 = DIRECTION('',(-0.,-0.,-1.));
#1202 = DIRECTION('',(1.,0.,0.));
#1203 = ADVANCED_FACE('',(#1204,#1214,#1284,#1295,#1306,#1317,#1328,
    #1339,#1350,#1361,#1372,#1442,#1453),#1464,.T.);
#1204 = FACE_BOUND('',#1205,.T.);
#1205 = EDGE_LOOP('',(#1206,#1207,#1208,#1209,#1210,#1211,#1212,#1213));
#1206 = ORIENTED_EDGE('',*,*,#536,.T.);
#1207 = ORIENTED_EDGE('',*,*,#593,.F.);
#1208 = ORIENTED_EDGE('',*,*,#643,.F.);
#1209 = ORIENTED_EDGE('',*,*,#685,.T.);
#1210 = ORIENTED_EDGE('',*,*,#710,.F.);
#1211 = ORIENTED_EDGE('',*,*,#660,.F.);
#1212 = ORIENTED_EDGE('',*,*,#618,.T.);
#1213 = ORIENTED_EDGE('',*,*,#561,.F.);
#1214 = FACE_BOUND('',#1215,.T.);
#1215 = EDGE_LOOP('',(#1216,#1226,#1235,#1243,#1252,#1260,#1269,#1277));
#1216 = ORIENTED_EDGE('',*,*,#1217,.T.);
#1217 = EDGE_CURVE('',#1218,#1220,#1222,.T.);
#1218 = VERTEX_POINT('',#1219);
#1219 = CARTESIAN_POINT('',(-13.5,-24.15000000003,3.5));
#1220 = VERTEX_POINT('',#1221);
#1221 = CARTESIAN_POINT('',(-13.5,-71.15000000003,3.5));
#1222 = LINE('',#1223,#1224);
#1223 = CARTESIAN_POINT('',(-13.5,-22.15000000003,3.5));
#1224 = VECTOR('',#1225,1.);
#1225 = DIRECTION('',(0.,-1.,0.));
#1226 = ORIENTED_EDGE('',*,*,#1227,.T.);
#1227 = EDGE_CURVE('',#1220,#1228,#1230,.T.);
#1228 = VERTEX_POINT('',#1229);
#1229 = CARTESIAN_POINT('',(-17.5,-75.15000000003,3.5));
#1230 = CIRCLE('',#1231,4.);
#1231 = AXIS2_PLACEMENT_3D('',#1232,#1233,#1234);
#1232 = CARTESIAN_POINT('',(-17.5,-71.15000000003,3.5));
#1233 = DIRECTION('',(0.,0.,-1.));
#1234 = DIRECTION('',(1.,0.,0.));
#1235 = ORIENTED_EDGE('',*,*,#1236,.T.);
#1236 = EDGE_CURVE('',#1228,#1237,#1239,.T.);
#1237 = VERTEX_POINT('',#1238);
#1238 = CARTESIAN_POINT('',(-64.5,-75.15000000003,3.5));
#1239 = LINE('',#1240,#1241);
#1240 = CARTESIAN_POINT('',(-15.5,-75.15000000003,3.5));
#1241 = VECTOR('',#1242,1.);
#1242 = DIRECTION('',(-1.,0.,0.));
#1243 = ORIENTED_EDGE('',*,*,#1244,.T.);
#1244 = EDGE_CURVE('',#1237,#1245,#1247,.T.);
#1245 = VERTEX_POINT('',#1246);
#1246 = CARTESIAN_POINT('',(-68.5,-71.15000000003,3.5));
#1247 = CIRCLE('',#1248,4.);
#1248 = AXIS2_PLACEMENT_3D('',#1249,#1250,#1251);
#1249 = CARTESIAN_POINT('',(-64.5,-71.15000000003,3.5));
#1250 = DIRECTION('',(-0.,-0.,-1.));
#1251 = DIRECTION('',(0.,-1.,0.));
#1252 = ORIENTED_EDGE('',*,*,#1253,.T.);
#1253 = EDGE_CURVE('',#1245,#1254,#1256,.T.);
#1254 = VERTEX_POINT('',#1255);
#1255 = CARTESIAN_POINT('',(-68.5,-24.15000000003,3.5));
#1256 = LINE('',#1257,#1258);
#1257 = CARTESIAN_POINT('',(-68.5,-73.15000000003,3.5));
#1258 = VECTOR('',#1259,1.);
#1259 = DIRECTION('',(0.,1.,0.));
#1260 = ORIENTED_EDGE('',*,*,#1261,.T.);
#1261 = EDGE_CURVE('',#1254,#1262,#1264,.T.);
#1262 = VERTEX_POINT('',#1263);
#1263 = CARTESIAN_POINT('',(-64.5,-20.15000000003,3.5));
#1264 = CIRCLE('',#1265,4.);
#1265 = AXIS2_PLACEMENT_3D('',#1266,#1267,#1268);
#1266 = CARTESIAN_POINT('',(-64.5,-24.15000000003,3.5));
#1267 = DIRECTION('',(0.,0.,-1.));
#1268 = DIRECTION('',(-1.,0.,0.));
#1269 = ORIENTED_EDGE('',*,*,#1270,.T.);
#1270 = EDGE_CURVE('',#1262,#1271,#1273,.T.);
#1271 = VERTEX_POINT('',#1272);
#1272 = CARTESIAN_POINT('',(-17.5,-20.15000000003,3.5));
#1273 = LINE('',#1274,#1275);
#1274 = CARTESIAN_POINT('',(-66.5,-20.15000000003,3.5));
#1275 = VECTOR('',#1276,1.);
#1276 = DIRECTION('',(1.,0.,0.));
#1277 = ORIENTED_EDGE('',*,*,#1278,.F.);
#1278 = EDGE_CURVE('',#1218,#1271,#1279,.T.);
#1279 = CIRCLE('',#1280,4.);
#1280 = AXIS2_PLACEMENT_3D('',#1281,#1282,#1283);
#1281 = CARTESIAN_POINT('',(-17.5,-24.15000000003,3.5));
#1282 = DIRECTION('',(0.,0.,1.));
#1283 = DIRECTION('',(1.,0.,0.));
#1284 = FACE_BOUND('',#1285,.T.);
#1285 = EDGE_LOOP('',(#1286));
#1286 = ORIENTED_EDGE('',*,*,#1287,.F.);
#1287 = EDGE_CURVE('',#1288,#1288,#1290,.T.);
#1288 = VERTEX_POINT('',#1289);
#1289 = CARTESIAN_POINT('',(-53.54,-15.9,3.5));
#1290 = CIRCLE('',#1291,1.6);
#1291 = AXIS2_PLACEMENT_3D('',#1292,#1293,#1294);
#1292 = CARTESIAN_POINT('',(-55.14,-15.9,3.5));
#1293 = DIRECTION('',(0.,0.,1.));
#1294 = DIRECTION('',(1.,0.,0.));
#1295 = FACE_BOUND('',#1296,.T.);
#1296 = EDGE_LOOP('',(#1297));
#1297 = ORIENTED_EDGE('',*,*,#1298,.F.);
#1298 = EDGE_CURVE('',#1299,#1299,#1301,.T.);
#1299 = VERTEX_POINT('',#1300);
#1300 = CARTESIAN_POINT('',(-25.26,-15.9,3.5));
#1301 = CIRCLE('',#1302,1.6);
#1302 = AXIS2_PLACEMENT_3D('',#1303,#1304,#1305);
#1303 = CARTESIAN_POINT('',(-26.86,-15.9,3.5));
#1304 = DIRECTION('',(0.,0.,1.));
#1305 = DIRECTION('',(1.,0.,0.));
#1306 = FACE_BOUND('',#1307,.T.);
#1307 = EDGE_LOOP('',(#1308));
#1308 = ORIENTED_EDGE('',*,*,#1309,.F.);
#1309 = EDGE_CURVE('',#1310,#1310,#1312,.T.);
#1310 = VERTEX_POINT('',#1311);
#1311 = CARTESIAN_POINT('',(2.5,-35.,3.5));
#1312 = CIRCLE('',#1313,2.5);
#1313 = AXIS2_PLACEMENT_3D('',#1314,#1315,#1316);
#1314 = CARTESIAN_POINT('',(0.,-35.,3.5));
#1315 = DIRECTION('',(0.,0.,1.));
#1316 = DIRECTION('',(1.,0.,0.));
#1317 = FACE_BOUND('',#1318,.T.);
#1318 = EDGE_LOOP('',(#1319));
#1319 = ORIENTED_EDGE('',*,*,#1320,.F.);
#1320 = EDGE_CURVE('',#1321,#1321,#1323,.T.);
#1321 = VERTEX_POINT('',#1322);
#1322 = CARTESIAN_POINT('',(31.,-17.75,3.5));
#1323 = CIRCLE('',#1324,11.);
#1324 = AXIS2_PLACEMENT_3D('',#1325,#1326,#1327);
#1325 = CARTESIAN_POINT('',(20.,-17.75,3.5));
#1326 = DIRECTION('',(0.,0.,1.));
#1327 = DIRECTION('',(1.,0.,0.));
#1328 = FACE_BOUND('',#1329,.T.);
#1329 = EDGE_LOOP('',(#1330));
#1330 = ORIENTED_EDGE('',*,*,#1331,.F.);
#1331 = EDGE_CURVE('',#1332,#1332,#1334,.T.);
#1332 = VERTEX_POINT('',#1333);
#1333 = CARTESIAN_POINT('',(63.825,0.,3.5));
#1334 = CIRCLE('',#1335,3.625);
#1335 = AXIS2_PLACEMENT_3D('',#1336,#1337,#1338);
#1336 = CARTESIAN_POINT('',(60.2,0.,3.5));
#1337 = DIRECTION('',(0.,0.,1.));
#1338 = DIRECTION('',(1.,0.,0.));
#1339 = FACE_BOUND('',#1340,.T.);
#1340 = EDGE_LOOP('',(#1341));
#1341 = ORIENTED_EDGE('',*,*,#1342,.F.);
#1342 = EDGE_CURVE('',#1343,#1343,#1345,.T.);
#1343 = VERTEX_POINT('',#1344);
#1344 = CARTESIAN_POINT('',(-53.54,20.6,3.5));
#1345 = CIRCLE('',#1346,1.6);
#1346 = AXIS2_PLACEMENT_3D('',#1347,#1348,#1349);
#1347 = CARTESIAN_POINT('',(-55.14,20.6,3.5));
#1348 = DIRECTION('',(0.,0.,1.));
#1349 = DIRECTION('',(1.,0.,0.));
#1350 = FACE_BOUND('',#1351,.T.);
#1351 = EDGE_LOOP('',(#1352));
#1352 = ORIENTED_EDGE('',*,*,#1353,.F.);
#1353 = EDGE_CURVE('',#1354,#1354,#1356,.T.);
#1354 = VERTEX_POINT('',#1355);
#1355 = CARTESIAN_POINT('',(-25.26,20.6,3.5));
#1356 = CIRCLE('',#1357,1.6);
#1357 = AXIS2_PLACEMENT_3D('',#1358,#1359,#1360);
#1358 = CARTESIAN_POINT('',(-26.86,20.6,3.5));
#1359 = DIRECTION('',(0.,0.,1.));
#1360 = DIRECTION('',(1.,0.,0.));
#1361 = FACE_BOUND('',#1362,.T.);
#1362 = EDGE_LOOP('',(#1363));
#1363 = ORIENTED_EDGE('',*,*,#1364,.F.);
#1364 = EDGE_CURVE('',#1365,#1365,#1367,.T.);
#1365 = VERTEX_POINT('',#1366);
#1366 = CARTESIAN_POINT('',(2.5,22.45,3.5));
#1367 = CIRCLE('',#1368,5.);
#1368 = AXIS2_PLACEMENT_3D('',#1369,#1370,#1371);
#1369 = CARTESIAN_POINT('',(-2.5,22.45,3.5));
#1370 = DIRECTION('',(0.,0.,1.));
#1371 = DIRECTION('',(1.,0.,0.));
#1372 = FACE_BOUND('',#1373,.T.);
#1373 = EDGE_LOOP('',(#1374,#1384,#1393,#1401,#1410,#1418,#1427,#1435));
#1374 = ORIENTED_EDGE('',*,*,#1375,.T.);
#1375 = EDGE_CURVE('',#1376,#1378,#1380,.T.);
#1376 = VERTEX_POINT('',#1377);
#1377 = CARTESIAN_POINT('',(-68.5,28.85,3.5));
#1378 = VERTEX_POINT('',#1379);
#1379 = CARTESIAN_POINT('',(-68.5,75.85,3.5));
#1380 = LINE('',#1381,#1382);
#1381 = CARTESIAN_POINT('',(-68.5,26.85,3.5));
#1382 = VECTOR('',#1383,1.);
#1383 = DIRECTION('',(0.,1.,0.));
#1384 = ORIENTED_EDGE('',*,*,#1385,.T.);
#1385 = EDGE_CURVE('',#1378,#1386,#1388,.T.);
#1386 = VERTEX_POINT('',#1387);
#1387 = CARTESIAN_POINT('',(-64.5,79.85,3.5));
#1388 = CIRCLE('',#1389,4.);
#1389 = AXIS2_PLACEMENT_3D('',#1390,#1391,#1392);
#1390 = CARTESIAN_POINT('',(-64.5,75.85,3.5));
#1391 = DIRECTION('',(0.,0.,-1.));
#1392 = DIRECTION('',(-1.,0.,0.));
#1393 = ORIENTED_EDGE('',*,*,#1394,.T.);
#1394 = EDGE_CURVE('',#1386,#1395,#1397,.T.);
#1395 = VERTEX_POINT('',#1396);
#1396 = CARTESIAN_POINT('',(-17.5,79.85,3.5));
#1397 = LINE('',#1398,#1399);
#1398 = CARTESIAN_POINT('',(-66.5,79.85,3.5));
#1399 = VECTOR('',#1400,1.);
#1400 = DIRECTION('',(1.,0.,0.));
#1401 = ORIENTED_EDGE('',*,*,#1402,.T.);
#1402 = EDGE_CURVE('',#1395,#1403,#1405,.T.);
#1403 = VERTEX_POINT('',#1404);
#1404 = CARTESIAN_POINT('',(-13.5,75.85,3.5));
#1405 = CIRCLE('',#1406,4.);
#1406 = AXIS2_PLACEMENT_3D('',#1407,#1408,#1409);
#1407 = CARTESIAN_POINT('',(-17.5,75.85,3.5));
#1408 = DIRECTION('',(0.,0.,-1.));
#1409 = DIRECTION('',(0.,1.,0.));
#1410 = ORIENTED_EDGE('',*,*,#1411,.T.);
#1411 = EDGE_CURVE('',#1403,#1412,#1414,.T.);
#1412 = VERTEX_POINT('',#1413);
#1413 = CARTESIAN_POINT('',(-13.5,28.85,3.5));
#1414 = LINE('',#1415,#1416);
#1415 = CARTESIAN_POINT('',(-13.5,77.85,3.5));
#1416 = VECTOR('',#1417,1.);
#1417 = DIRECTION('',(0.,-1.,0.));
#1418 = ORIENTED_EDGE('',*,*,#1419,.T.);
#1419 = EDGE_CURVE('',#1412,#1420,#1422,.T.);
#1420 = VERTEX_POINT('',#1421);
#1421 = CARTESIAN_POINT('',(-17.5,24.85,3.5));
#1422 = CIRCLE('',#1423,4.);
#1423 = AXIS2_PLACEMENT_3D('',#1424,#1425,#1426);
#1424 = CARTESIAN_POINT('',(-17.5,28.85,3.5));
#1425 = DIRECTION('',(0.,0.,-1.));
#1426 = DIRECTION('',(1.,0.,0.));
#1427 = ORIENTED_EDGE('',*,*,#1428,.T.);
#1428 = EDGE_CURVE('',#1420,#1429,#1431,.T.);
#1429 = VERTEX_POINT('',#1430);
#1430 = CARTESIAN_POINT('',(-64.5,24.85,3.5));
#1431 = LINE('',#1432,#1433);
#1432 = CARTESIAN_POINT('',(-15.5,24.85,3.5));
#1433 = VECTOR('',#1434,1.);
#1434 = DIRECTION('',(-1.,0.,0.));
#1435 = ORIENTED_EDGE('',*,*,#1436,.F.);
#1436 = EDGE_CURVE('',#1376,#1429,#1437,.T.);
#1437 = CIRCLE('',#1438,4.);
#1438 = AXIS2_PLACEMENT_3D('',#1439,#1440,#1441);
#1439 = CARTESIAN_POINT('',(-64.5,28.85,3.5));
#1440 = DIRECTION('',(0.,0.,1.));
#1441 = DIRECTION('',(-1.,0.,0.));
#1442 = FACE_BOUND('',#1443,.T.);
#1443 = EDGE_LOOP('',(#1444));
#1444 = ORIENTED_EDGE('',*,*,#1445,.F.);
#1445 = EDGE_CURVE('',#1446,#1446,#1448,.T.);
#1446 = VERTEX_POINT('',#1447);
#1447 = CARTESIAN_POINT('',(2.5,38.253480629279,3.5));
#1448 = CIRCLE('',#1449,2.5);
#1449 = AXIS2_PLACEMENT_3D('',#1450,#1451,#1452);
#1450 = CARTESIAN_POINT('',(0.,38.253480629279,3.5));
#1451 = DIRECTION('',(0.,0.,1.));
#1452 = DIRECTION('',(1.,0.,0.));
#1453 = FACE_BOUND('',#1454,.T.);
#1454 = EDGE_LOOP('',(#1455));
#1455 = ORIENTED_EDGE('',*,*,#1456,.F.);
#1456 = EDGE_CURVE('',#1457,#1457,#1459,.T.);
#1457 = VERTEX_POINT('',#1458);
#1458 = CARTESIAN_POINT('',(47.5,22.45,3.5));
#1459 = CIRCLE('',#1460,5.);
#1460 = AXIS2_PLACEMENT_3D('',#1461,#1462,#1463);
#1461 = CARTESIAN_POINT('',(42.5,22.45,3.5));
#1462 = DIRECTION('',(0.,0.,1.));
#1463 = DIRECTION('',(1.,0.,0.));
#1464 = PLANE('',#1465);
#1465 = AXIS2_PLACEMENT_3D('',#1466,#1467,#1468);
#1466 = CARTESIAN_POINT('',(-22.84253428185,2.232266716417,3.5));
#1467 = DIRECTION('',(0.,0.,1.));
#1468 = DIRECTION('',(1.,0.,0.));
#1469 = ADVANCED_FACE('',(#1470,#1473),#1484,.F.);
#1470 = FACE_BOUND('',#1471,.T.);
#1471 = EDGE_LOOP('',(#1472));
#1472 = ORIENTED_EDGE('',*,*,#734,.T.);
#1473 = FACE_BOUND('',#1474,.F.);
#1474 = EDGE_LOOP('',(#1475));
#1475 = ORIENTED_EDGE('',*,*,#1476,.T.);
#1476 = EDGE_CURVE('',#1477,#1477,#1479,.T.);
#1477 = VERTEX_POINT('',#1478);
#1478 = CARTESIAN_POINT('',(2.5,-35.,1.2));
#1479 = CIRCLE('',#1480,2.5);
#1480 = AXIS2_PLACEMENT_3D('',#1481,#1482,#1483);
#1481 = CARTESIAN_POINT('',(0.,-35.,1.2));
#1482 = DIRECTION('',(0.,0.,-1.));
#1483 = DIRECTION('',(1.,0.,0.));
#1484 = PLANE('',#1485);
#1485 = AXIS2_PLACEMENT_3D('',#1486,#1487,#1488);
#1486 = CARTESIAN_POINT('',(25.635406698565,0.934013577783,1.2));
#1487 = DIRECTION('',(0.,0.,1.));
#1488 = DIRECTION('',(1.,0.,0.));
#1489 = ADVANCED_FACE('',(#1490,#1493),#1504,.F.);
#1490 = FACE_BOUND('',#1491,.T.);
#1491 = EDGE_LOOP('',(#1492));
#1492 = ORIENTED_EDGE('',*,*,#759,.T.);
#1493 = FACE_BOUND('',#1494,.F.);
#1494 = EDGE_LOOP('',(#1495));
#1495 = ORIENTED_EDGE('',*,*,#1496,.T.);
#1496 = EDGE_CURVE('',#1497,#1497,#1499,.T.);
#1497 = VERTEX_POINT('',#1498);
#1498 = CARTESIAN_POINT('',(-53.54,-15.9,1.));
#1499 = CIRCLE('',#1500,1.6);
#1500 = AXIS2_PLACEMENT_3D('',#1501,#1502,#1503);
#1501 = CARTESIAN_POINT('',(-55.14,-15.9,1.));
#1502 = DIRECTION('',(0.,0.,-1.));
#1503 = DIRECTION('',(1.,0.,0.));
#1504 = PLANE('',#1505);
#1505 = AXIS2_PLACEMENT_3D('',#1506,#1507,#1508);
#1506 = CARTESIAN_POINT('',(-41.,2.35,1.));
#1507 = DIRECTION('',(0.,0.,1.));
#1508 = DIRECTION('',(1.,0.,0.));
#1509 = ADVANCED_FACE('',(#1510,#1513),#1524,.F.);
#1510 = FACE_BOUND('',#1511,.T.);
#1511 = EDGE_LOOP('',(#1512));
#1512 = ORIENTED_EDGE('',*,*,#784,.T.);
#1513 = FACE_BOUND('',#1514,.F.);
#1514 = EDGE_LOOP('',(#1515));
#1515 = ORIENTED_EDGE('',*,*,#1516,.T.);
#1516 = EDGE_CURVE('',#1517,#1517,#1519,.T.);
#1517 = VERTEX_POINT('',#1518);
#1518 = CARTESIAN_POINT('',(-25.26,-15.9,1.));
#1519 = CIRCLE('',#1520,1.6);
#1520 = AXIS2_PLACEMENT_3D('',#1521,#1522,#1523);
#1521 = CARTESIAN_POINT('',(-26.86,-15.9,1.));
#1522 = DIRECTION('',(0.,0.,-1.));
#1523 = DIRECTION('',(1.,0.,0.));
#1524 = PLANE('',#1525);
#1525 = AXIS2_PLACEMENT_3D('',#1526,#1527,#1528);
#1526 = CARTESIAN_POINT('',(-41.,2.35,1.));
#1527 = DIRECTION('',(0.,0.,1.));
#1528 = DIRECTION('',(1.,0.,0.));
#1529 = ADVANCED_FACE('',(#1530,#1533),#1544,.F.);
#1530 = FACE_BOUND('',#1531,.F.);
#1531 = EDGE_LOOP('',(#1532));
#1532 = ORIENTED_EDGE('',*,*,#809,.F.);
#1533 = FACE_BOUND('',#1534,.F.);
#1534 = EDGE_LOOP('',(#1535));
#1535 = ORIENTED_EDGE('',*,*,#1536,.T.);
#1536 = EDGE_CURVE('',#1537,#1537,#1539,.T.);
#1537 = VERTEX_POINT('',#1538);
#1538 = CARTESIAN_POINT('',(23.625,-17.75,9.5));
#1539 = CIRCLE('',#1540,3.625);
#1540 = AXIS2_PLACEMENT_3D('',#1541,#1542,#1543);
#1541 = CARTESIAN_POINT('',(20.,-17.75,9.5));
#1542 = DIRECTION('',(0.,0.,-1.));
#1543 = DIRECTION('',(1.,0.,0.));
#1544 = PLANE('',#1545);
#1545 = AXIS2_PLACEMENT_3D('',#1546,#1547,#1548);
#1546 = CARTESIAN_POINT('',(20.,-17.75,9.5));
#1547 = DIRECTION('',(0.,0.,1.));
#1548 = DIRECTION('',(1.,0.,0.));
#1549 = ADVANCED_FACE('',(#1550,#1553),#1564,.F.);
#1550 = FACE_BOUND('',#1551,.T.);
#1551 = EDGE_LOOP('',(#1552));
#1552 = ORIENTED_EDGE('',*,*,#834,.T.);
#1553 = FACE_BOUND('',#1554,.F.);
#1554 = EDGE_LOOP('',(#1555));
#1555 = ORIENTED_EDGE('',*,*,#1556,.T.);
#1556 = EDGE_CURVE('',#1557,#1557,#1559,.T.);
#1557 = VERTEX_POINT('',#1558);
#1558 = CARTESIAN_POINT('',(63.825,0.,1.2));
#1559 = CIRCLE('',#1560,3.625);
#1560 = AXIS2_PLACEMENT_3D('',#1561,#1562,#1563);
#1561 = CARTESIAN_POINT('',(60.2,0.,1.2));
#1562 = DIRECTION('',(0.,0.,-1.));
#1563 = DIRECTION('',(1.,0.,0.));
#1564 = PLANE('',#1565);
#1565 = AXIS2_PLACEMENT_3D('',#1566,#1567,#1568);
#1566 = CARTESIAN_POINT('',(25.635406698565,0.934013577783,1.2));
#1567 = DIRECTION('',(0.,0.,1.));
#1568 = DIRECTION('',(1.,0.,0.));
#1569 = ADVANCED_FACE('',(#1570,#1573),#1584,.F.);
#1570 = FACE_BOUND('',#1571,.T.);
#1571 = EDGE_LOOP('',(#1572));
#1572 = ORIENTED_EDGE('',*,*,#859,.T.);
#1573 = FACE_BOUND('',#1574,.F.);
#1574 = EDGE_LOOP('',(#1575));
#1575 = ORIENTED_EDGE('',*,*,#1576,.T.);
#1576 = EDGE_CURVE('',#1577,#1577,#1579,.T.);
#1577 = VERTEX_POINT('',#1578);
#1578 = CARTESIAN_POINT('',(-53.54,20.6,1.));
#1579 = CIRCLE('',#1580,1.6);
#1580 = AXIS2_PLACEMENT_3D('',#1581,#1582,#1583);
#1581 = CARTESIAN_POINT('',(-55.14,20.6,1.));
#1582 = DIRECTION('',(0.,0.,-1.));
#1583 = DIRECTION('',(1.,0.,0.));
#1584 = PLANE('',#1585);
#1585 = AXIS2_PLACEMENT_3D('',#1586,#1587,#1588);
#1586 = CARTESIAN_POINT('',(-41.,2.35,1.));
#1587 = DIRECTION('',(0.,0.,1.));
#1588 = DIRECTION('',(1.,0.,0.));
#1589 = ADVANCED_FACE('',(#1590,#1593),#1604,.F.);
#1590 = FACE_BOUND('',#1591,.T.);
#1591 = EDGE_LOOP('',(#1592));
#1592 = ORIENTED_EDGE('',*,*,#884,.T.);
#1593 = FACE_BOUND('',#1594,.F.);
#1594 = EDGE_LOOP('',(#1595));
#1595 = ORIENTED_EDGE('',*,*,#1596,.T.);
#1596 = EDGE_CURVE('',#1597,#1597,#1599,.T.);
#1597 = VERTEX_POINT('',#1598);
#1598 = CARTESIAN_POINT('',(-25.26,20.6,1.));
#1599 = CIRCLE('',#1600,1.6);
#1600 = AXIS2_PLACEMENT_3D('',#1601,#1602,#1603);
#1601 = CARTESIAN_POINT('',(-26.86,20.6,1.));
#1602 = DIRECTION('',(0.,0.,-1.));
#1603 = DIRECTION('',(1.,0.,0.));
#1604 = PLANE('',#1605);
#1605 = AXIS2_PLACEMENT_3D('',#1606,#1607,#1608);
#1606 = CARTESIAN_POINT('',(-41.,2.35,1.));
#1607 = DIRECTION('',(0.,0.,1.));
#1608 = DIRECTION('',(1.,0.,0.));
#1609 = ADVANCED_FACE('',(#1610,#1621),#1624,.T.);
#1610 = FACE_BOUND('',#1611,.T.);
#1611 = EDGE_LOOP('',(#1612));
#1612 = ORIENTED_EDGE('',*,*,#1613,.T.);
#1613 = EDGE_CURVE('',#1614,#1614,#1616,.T.);
#1614 = VERTEX_POINT('',#1615);
#1615 = CARTESIAN_POINT('',(1.5,22.45,10.35));
#1616 = CIRCLE('',#1617,4.);
#1617 = AXIS2_PLACEMENT_3D('',#1618,#1619,#1620);
#1618 = CARTESIAN_POINT('',(-2.5,22.45,10.35));
#1619 = DIRECTION('',(0.,0.,1.));
#1620 = DIRECTION('',(1.,0.,0.));
#1621 = FACE_BOUND('',#1622,.F.);
#1622 = EDGE_LOOP('',(#1623));
#1623 = ORIENTED_EDGE('',*,*,#909,.T.);
#1624 = PLANE('',#1625);
#1625 = AXIS2_PLACEMENT_3D('',#1626,#1627,#1628);
#1626 = CARTESIAN_POINT('',(20.,1.878169014085,10.35));
#1627 = DIRECTION('',(0.,0.,1.));
#1628 = DIRECTION('',(1.,0.,0.));
#1629 = ADVANCED_FACE('',(#1630,#1633),#1644,.F.);
#1630 = FACE_BOUND('',#1631,.T.);
#1631 = EDGE_LOOP('',(#1632));
#1632 = ORIENTED_EDGE('',*,*,#933,.T.);
#1633 = FACE_BOUND('',#1634,.F.);
#1634 = EDGE_LOOP('',(#1635));
#1635 = ORIENTED_EDGE('',*,*,#1636,.T.);
#1636 = EDGE_CURVE('',#1637,#1637,#1639,.T.);
#1637 = VERTEX_POINT('',#1638);
#1638 = CARTESIAN_POINT('',(2.5,38.253480629279,1.2));
#1639 = CIRCLE('',#1640,2.5);
#1640 = AXIS2_PLACEMENT_3D('',#1641,#1642,#1643);
#1641 = CARTESIAN_POINT('',(0.,38.253480629279,1.2));
#1642 = DIRECTION('',(0.,0.,-1.));
#1643 = DIRECTION('',(1.,0.,0.));
#1644 = PLANE('',#1645);
#1645 = AXIS2_PLACEMENT_3D('',#1646,#1647,#1648);
#1646 = CARTESIAN_POINT('',(25.635406698565,0.934013577783,1.2));
#1647 = DIRECTION('',(0.,0.,1.));
#1648 = DIRECTION('',(1.,0.,0.));
#1649 = ADVANCED_FACE('',(#1650),#1677,.F.);
#1650 = FACE_BOUND('',#1651,.T.);
#1651 = EDGE_LOOP('',(#1652,#1661,#1669,#1676));
#1652 = ORIENTED_EDGE('',*,*,#1653,.T.);
#1653 = EDGE_CURVE('',#951,#1654,#1656,.T.);
#1654 = VERTEX_POINT('',#1655);
#1655 = CARTESIAN_POINT('',(-19.5,73.85,7.5));
#1656 = ELLIPSE('',#1657,1.414213562373,1.);
#1657 = AXIS2_PLACEMENT_3D('',#1658,#1659,#1660);
#1658 = CARTESIAN_POINT('',(-19.5,73.85,6.5));
#1659 = DIRECTION('',(0.707106781187,-0.707106781187,0.));
#1660 = DIRECTION('',(-0.707106781187,-0.707106781187,0.));
#1661 = ORIENTED_EDGE('',*,*,#1662,.T.);
#1662 = EDGE_CURVE('',#1654,#1663,#1665,.T.);
#1663 = VERTEX_POINT('',#1664);
#1664 = CARTESIAN_POINT('',(-62.5,73.85,7.5));
#1665 = LINE('',#1666,#1667);
#1666 = CARTESIAN_POINT('',(-18.5,73.85,7.5));
#1667 = VECTOR('',#1668,1.);
#1668 = DIRECTION('',(-1.,0.,0.));
#1669 = ORIENTED_EDGE('',*,*,#1670,.F.);
#1670 = EDGE_CURVE('',#959,#1663,#1671,.T.);
#1671 = ELLIPSE('',#1672,1.414213562373,1.);
#1672 = AXIS2_PLACEMENT_3D('',#1673,#1674,#1675);
#1673 = CARTESIAN_POINT('',(-62.5,73.85,6.5));
#1674 = DIRECTION('',(0.707106781187,0.707106781187,0.));
#1675 = DIRECTION('',(0.707106781187,-0.707106781187,0.));
#1676 = ORIENTED_EDGE('',*,*,#958,.F.);
#1677 = CYLINDRICAL_SURFACE('',#1678,1.);
#1678 = AXIS2_PLACEMENT_3D('',#1679,#1680,#1681);
#1679 = CARTESIAN_POINT('',(-18.5,73.85,6.5));
#1680 = DIRECTION('',(-1.,0.,0.));
#1681 = DIRECTION('',(0.,1.,0.));
#1682 = ADVANCED_FACE('',(#1683),#1702,.F.);
#1683 = FACE_BOUND('',#1684,.T.);
#1684 = EDGE_LOOP('',(#1685,#1694,#1700,#1701));
#1685 = ORIENTED_EDGE('',*,*,#1686,.T.);
#1686 = EDGE_CURVE('',#982,#1687,#1689,.T.);
#1687 = VERTEX_POINT('',#1688);
#1688 = CARTESIAN_POINT('',(-19.5,30.85,7.5));
#1689 = ELLIPSE('',#1690,1.414213562373,1.);
#1690 = AXIS2_PLACEMENT_3D('',#1691,#1692,#1693);
#1691 = CARTESIAN_POINT('',(-19.5,30.85,6.5));
#1692 = DIRECTION('',(-0.707106781187,-0.707106781187,-0.));
#1693 = DIRECTION('',(-0.707106781187,0.707106781187,0.));
#1694 = ORIENTED_EDGE('',*,*,#1695,.T.);
#1695 = EDGE_CURVE('',#1687,#1654,#1696,.T.);
#1696 = LINE('',#1697,#1698);
#1697 = CARTESIAN_POINT('',(-19.5,29.85,7.5));
#1698 = VECTOR('',#1699,1.);
#1699 = DIRECTION('',(8.E-17,1.,0.));
#1700 = ORIENTED_EDGE('',*,*,#1653,.F.);
#1701 = ORIENTED_EDGE('',*,*,#989,.F.);
#1702 = CYLINDRICAL_SURFACE('',#1703,1.);
#1703 = AXIS2_PLACEMENT_3D('',#1704,#1705,#1706);
#1704 = CARTESIAN_POINT('',(-19.5,29.85,6.5));
#1705 = DIRECTION('',(8.E-17,1.,0.));
#1706 = DIRECTION('',(1.,-8.E-17,0.));
#1707 = ADVANCED_FACE('',(#1708),#1727,.F.);
#1708 = FACE_BOUND('',#1709,.T.);
#1709 = EDGE_LOOP('',(#1710,#1711,#1719,#1726));
#1710 = ORIENTED_EDGE('',*,*,#1670,.T.);
#1711 = ORIENTED_EDGE('',*,*,#1712,.T.);
#1712 = EDGE_CURVE('',#1663,#1713,#1715,.T.);
#1713 = VERTEX_POINT('',#1714);
#1714 = CARTESIAN_POINT('',(-62.5,30.85,7.5));
#1715 = LINE('',#1716,#1717);
#1716 = CARTESIAN_POINT('',(-62.5,74.85,7.5));
#1717 = VECTOR('',#1718,1.);
#1718 = DIRECTION('',(0.,-1.,0.));
#1719 = ORIENTED_EDGE('',*,*,#1720,.F.);
#1720 = EDGE_CURVE('',#1007,#1713,#1721,.T.);
#1721 = ELLIPSE('',#1722,1.414213562373,1.);
#1722 = AXIS2_PLACEMENT_3D('',#1723,#1724,#1725);
#1723 = CARTESIAN_POINT('',(-62.5,30.85,6.5));
#1724 = DIRECTION('',(-0.707106781187,0.707106781187,0.));
#1725 = DIRECTION('',(-0.707106781187,-0.707106781187,0.));
#1726 = ORIENTED_EDGE('',*,*,#1006,.F.);
#1727 = CYLINDRICAL_SURFACE('',#1728,1.);
#1728 = AXIS2_PLACEMENT_3D('',#1729,#1730,#1731);
#1729 = CARTESIAN_POINT('',(-62.5,74.85,6.5));
#1730 = DIRECTION('',(0.,-1.,0.));
#1731 = DIRECTION('',(-1.,0.,0.));
#1732 = ADVANCED_FACE('',(#1733),#1744,.F.);
#1733 = FACE_BOUND('',#1734,.T.);
#1734 = EDGE_LOOP('',(#1735,#1736,#1742,#1743));
#1735 = ORIENTED_EDGE('',*,*,#1720,.T.);
#1736 = ORIENTED_EDGE('',*,*,#1737,.T.);
#1737 = EDGE_CURVE('',#1713,#1687,#1738,.T.);
#1738 = LINE('',#1739,#1740);
#1739 = CARTESIAN_POINT('',(-63.5,30.85,7.5));
#1740 = VECTOR('',#1741,1.);
#1741 = DIRECTION('',(1.,8.E-17,0.));
#1742 = ORIENTED_EDGE('',*,*,#1686,.F.);
#1743 = ORIENTED_EDGE('',*,*,#1030,.F.);
#1744 = CYLINDRICAL_SURFACE('',#1745,1.);
#1745 = AXIS2_PLACEMENT_3D('',#1746,#1747,#1748);
#1746 = CARTESIAN_POINT('',(-63.5,30.85,6.5));
#1747 = DIRECTION('',(1.,8.E-17,0.));
#1748 = DIRECTION('',(8.E-17,-1.,0.));
#1749 = ADVANCED_FACE('',(#1750,#1761),#1764,.T.);
#1750 = FACE_BOUND('',#1751,.T.);
#1751 = EDGE_LOOP('',(#1752));
#1752 = ORIENTED_EDGE('',*,*,#1753,.T.);
#1753 = EDGE_CURVE('',#1754,#1754,#1756,.T.);
#1754 = VERTEX_POINT('',#1755);
#1755 = CARTESIAN_POINT('',(46.5,22.45,10.35));
#1756 = CIRCLE('',#1757,4.);
#1757 = AXIS2_PLACEMENT_3D('',#1758,#1759,#1760);
#1758 = CARTESIAN_POINT('',(42.5,22.45,10.35));
#1759 = DIRECTION('',(0.,0.,1.));
#1760 = DIRECTION('',(1.,0.,0.));
#1761 = FACE_BOUND('',#1762,.F.);
#1762 = EDGE_LOOP('',(#1763));
#1763 = ORIENTED_EDGE('',*,*,#1054,.T.);
#1764 = PLANE('',#1765);
#1765 = AXIS2_PLACEMENT_3D('',#1766,#1767,#1768);
#1766 = CARTESIAN_POINT('',(20.,1.878169014085,10.35));
#1767 = DIRECTION('',(0.,0.,1.));
#1768 = DIRECTION('',(1.,0.,0.));
#1769 = ADVANCED_FACE('',(#1770,#1804,#1807,#1810,#1813,#1816),#1819,.T.
  );
#1770 = FACE_BOUND('',#1771,.T.);
#1771 = EDGE_LOOP('',(#1772,#1782,#1790,#1798));
#1772 = ORIENTED_EDGE('',*,*,#1773,.F.);
#1773 = EDGE_CURVE('',#1774,#1776,#1778,.T.);
#1774 = VERTEX_POINT('',#1775);
#1775 = CARTESIAN_POINT('',(-17.5,-24.15000000003,11.));
#1776 = VERTEX_POINT('',#1777);
#1777 = CARTESIAN_POINT('',(-17.5,-71.15000000003,11.));
#1778 = LINE('',#1779,#1780);
#1779 = CARTESIAN_POINT('',(-17.5,-22.15000000003,11.));
#1780 = VECTOR('',#1781,1.);
#1781 = DIRECTION('',(0.,-1.,0.));
#1782 = ORIENTED_EDGE('',*,*,#1783,.F.);
#1783 = EDGE_CURVE('',#1784,#1774,#1786,.T.);
#1784 = VERTEX_POINT('',#1785);
#1785 = CARTESIAN_POINT('',(-64.5,-24.15000000003,11.));
#1786 = LINE('',#1787,#1788);
#1787 = CARTESIAN_POINT('',(-66.5,-24.15000000003,11.));
#1788 = VECTOR('',#1789,1.);
#1789 = DIRECTION('',(1.,0.,0.));
#1790 = ORIENTED_EDGE('',*,*,#1791,.F.);
#1791 = EDGE_CURVE('',#1792,#1784,#1794,.T.);
#1792 = VERTEX_POINT('',#1793);
#1793 = CARTESIAN_POINT('',(-64.5,-71.15000000003,11.));
#1794 = LINE('',#1795,#1796);
#1795 = CARTESIAN_POINT('',(-64.5,-73.15000000003,11.));
#1796 = VECTOR('',#1797,1.);
#1797 = DIRECTION('',(0.,1.,0.));
#1798 = ORIENTED_EDGE('',*,*,#1799,.F.);
#1799 = EDGE_CURVE('',#1776,#1792,#1800,.T.);
#1800 = LINE('',#1801,#1802);
#1801 = CARTESIAN_POINT('',(-15.5,-71.15000000003,11.));
#1802 = VECTOR('',#1803,1.);
#1803 = DIRECTION('',(-1.,0.,0.));
#1804 = FACE_BOUND('',#1805,.F.);
#1805 = EDGE_LOOP('',(#1806));
#1806 = ORIENTED_EDGE('',*,*,#1115,.T.);
#1807 = FACE_BOUND('',#1808,.F.);
#1808 = EDGE_LOOP('',(#1809));
#1809 = ORIENTED_EDGE('',*,*,#1140,.T.);
#1810 = FACE_BOUND('',#1811,.F.);
#1811 = EDGE_LOOP('',(#1812));
#1812 = ORIENTED_EDGE('',*,*,#1190,.T.);
#1813 = FACE_BOUND('',#1814,.F.);
#1814 = EDGE_LOOP('',(#1815));
#1815 = ORIENTED_EDGE('',*,*,#1165,.T.);
#1816 = FACE_BOUND('',#1817,.F.);
#1817 = EDGE_LOOP('',(#1818));
#1818 = ORIENTED_EDGE('',*,*,#1090,.T.);
#1819 = PLANE('',#1820);
#1820 = AXIS2_PLACEMENT_3D('',#1821,#1822,#1823);
#1821 = CARTESIAN_POINT('',(-41.,2.349999999986,11.));
#1822 = DIRECTION('',(0.,0.,1.));
#1823 = DIRECTION('',(1.,0.,0.));
#1824 = ADVANCED_FACE('',(#1825),#1852,.F.);
#1825 = FACE_BOUND('',#1826,.T.);
#1826 = EDGE_LOOP('',(#1827,#1836,#1844,#1851));
#1827 = ORIENTED_EDGE('',*,*,#1828,.T.);
#1828 = EDGE_CURVE('',#1218,#1829,#1831,.T.);
#1829 = VERTEX_POINT('',#1830);
#1830 = CARTESIAN_POINT('',(-15.5,-24.15000000003,5.5));
#1831 = CIRCLE('',#1832,2.);
#1832 = AXIS2_PLACEMENT_3D('',#1833,#1834,#1835);
#1833 = CARTESIAN_POINT('',(-13.5,-24.15000000003,5.5));
#1834 = DIRECTION('',(-0.,1.,0.));
#1835 = DIRECTION('',(1.,0.,0.));
#1836 = ORIENTED_EDGE('',*,*,#1837,.T.);
#1837 = EDGE_CURVE('',#1829,#1838,#1840,.T.);
#1838 = VERTEX_POINT('',#1839);
#1839 = CARTESIAN_POINT('',(-15.5,-71.15000000003,5.5));
#1840 = LINE('',#1841,#1842);
#1841 = CARTESIAN_POINT('',(-15.5,-22.15000000003,5.5));
#1842 = VECTOR('',#1843,1.);
#1843 = DIRECTION('',(0.,-1.,0.));
#1844 = ORIENTED_EDGE('',*,*,#1845,.F.);
#1845 = EDGE_CURVE('',#1220,#1838,#1846,.T.);
#1846 = CIRCLE('',#1847,2.);
#1847 = AXIS2_PLACEMENT_3D('',#1848,#1849,#1850);
#1848 = CARTESIAN_POINT('',(-13.5,-71.15000000003,5.5));
#1849 = DIRECTION('',(-0.,1.,0.));
#1850 = DIRECTION('',(1.,0.,0.));
#1851 = ORIENTED_EDGE('',*,*,#1217,.F.);
#1852 = CYLINDRICAL_SURFACE('',#1853,2.);
#1853 = AXIS2_PLACEMENT_3D('',#1854,#1855,#1856);
#1854 = CARTESIAN_POINT('',(-13.5,-22.15000000003,5.5));
#1855 = DIRECTION('',(0.,-1.,0.));
#1856 = DIRECTION('',(-0.,-0.,-1.));
#1857 = ADVANCED_FACE('',(#1858),#1878,.F.);
#1858 = FACE_BOUND('',#1859,.T.);
#1859 = EDGE_LOOP('',(#1860,#1861,#1862,#1871));
#1860 = ORIENTED_EDGE('',*,*,#1828,.F.);
#1861 = ORIENTED_EDGE('',*,*,#1278,.T.);
#1862 = ORIENTED_EDGE('',*,*,#1863,.T.);
#1863 = EDGE_CURVE('',#1271,#1864,#1866,.T.);
#1864 = VERTEX_POINT('',#1865);
#1865 = CARTESIAN_POINT('',(-17.5,-22.15000000003,5.5));
#1866 = CIRCLE('',#1867,2.);
#1867 = AXIS2_PLACEMENT_3D('',#1868,#1869,#1870);
#1868 = CARTESIAN_POINT('',(-17.5,-20.15000000003,5.5));
#1869 = DIRECTION('',(-1.,6.E-17,0.));
#1870 = DIRECTION('',(6.E-17,1.,0.));
#1871 = ORIENTED_EDGE('',*,*,#1872,.F.);
#1872 = EDGE_CURVE('',#1829,#1864,#1873,.T.);
#1873 = CIRCLE('',#1874,2.);
#1874 = AXIS2_PLACEMENT_3D('',#1875,#1876,#1877);
#1875 = CARTESIAN_POINT('',(-17.5,-24.15000000003,5.5));
#1876 = DIRECTION('',(0.,0.,1.));
#1877 = DIRECTION('',(1.,0.,0.));
#1878 = TOROIDAL_SURFACE('',#1879,4.,2.);
#1879 = AXIS2_PLACEMENT_3D('',#1880,#1881,#1882);
#1880 = CARTESIAN_POINT('',(-17.5,-24.15000000003,5.5));
#1881 = DIRECTION('',(-0.,-0.,-1.));
#1882 = DIRECTION('',(1.,0.,0.));
#1883 = ADVANCED_FACE('',(#1884),#1904,.F.);
#1884 = FACE_BOUND('',#1885,.F.);
#1885 = EDGE_LOOP('',(#1886,#1887,#1888,#1897));
#1886 = ORIENTED_EDGE('',*,*,#1845,.F.);
#1887 = ORIENTED_EDGE('',*,*,#1227,.T.);
#1888 = ORIENTED_EDGE('',*,*,#1889,.T.);
#1889 = EDGE_CURVE('',#1228,#1890,#1892,.T.);
#1890 = VERTEX_POINT('',#1891);
#1891 = CARTESIAN_POINT('',(-17.5,-73.15000000003,5.5));
#1892 = CIRCLE('',#1893,2.);
#1893 = AXIS2_PLACEMENT_3D('',#1894,#1895,#1896);
#1894 = CARTESIAN_POINT('',(-17.5,-75.15000000003,5.5));
#1895 = DIRECTION('',(1.,6.E-17,0.));
#1896 = DIRECTION('',(6.E-17,-1.,0.));
#1897 = ORIENTED_EDGE('',*,*,#1898,.F.);
#1898 = EDGE_CURVE('',#1838,#1890,#1899,.T.);
#1899 = CIRCLE('',#1900,2.);
#1900 = AXIS2_PLACEMENT_3D('',#1901,#1902,#1903);
#1901 = CARTESIAN_POINT('',(-17.5,-71.15000000003,5.5));
#1902 = DIRECTION('',(0.,0.,-1.));
#1903 = DIRECTION('',(1.,0.,0.));
#1904 = TOROIDAL_SURFACE('',#1905,4.,2.);
#1905 = AXIS2_PLACEMENT_3D('',#1906,#1907,#1908);
#1906 = CARTESIAN_POINT('',(-17.5,-71.15000000003,5.5));
#1907 = DIRECTION('',(-0.,-0.,-1.));
#1908 = DIRECTION('',(1.,0.,0.));
#1909 = ADVANCED_FACE('',(#1910),#1929,.F.);
#1910 = FACE_BOUND('',#1911,.T.);
#1911 = EDGE_LOOP('',(#1912,#1921,#1927,#1928));
#1912 = ORIENTED_EDGE('',*,*,#1913,.T.);
#1913 = EDGE_CURVE('',#1262,#1914,#1916,.T.);
#1914 = VERTEX_POINT('',#1915);
#1915 = CARTESIAN_POINT('',(-64.5,-22.15000000003,5.5));
#1916 = CIRCLE('',#1917,2.);
#1917 = AXIS2_PLACEMENT_3D('',#1918,#1919,#1920);
#1918 = CARTESIAN_POINT('',(-64.5,-20.15000000003,5.5));
#1919 = DIRECTION('',(-1.,-1.84E-15,-0.));
#1920 = DIRECTION('',(-1.84E-15,1.,0.));
#1921 = ORIENTED_EDGE('',*,*,#1922,.T.);
#1922 = EDGE_CURVE('',#1914,#1864,#1923,.T.);
#1923 = LINE('',#1924,#1925);
#1924 = CARTESIAN_POINT('',(-66.5,-22.15000000003,5.5));
#1925 = VECTOR('',#1926,1.);
#1926 = DIRECTION('',(1.,0.,0.));
#1927 = ORIENTED_EDGE('',*,*,#1863,.F.);
#1928 = ORIENTED_EDGE('',*,*,#1270,.F.);
#1929 = CYLINDRICAL_SURFACE('',#1930,2.);
#1930 = AXIS2_PLACEMENT_3D('',#1931,#1932,#1933);
#1931 = CARTESIAN_POINT('',(-66.5,-20.15000000003,5.5));
#1932 = DIRECTION('',(1.,0.,0.));
#1933 = DIRECTION('',(0.,0.,-1.));
#1934 = ADVANCED_FACE('',(#1935),#1954,.F.);
#1935 = FACE_BOUND('',#1936,.T.);
#1936 = EDGE_LOOP('',(#1937,#1938,#1946,#1953));
#1937 = ORIENTED_EDGE('',*,*,#1889,.T.);
#1938 = ORIENTED_EDGE('',*,*,#1939,.T.);
#1939 = EDGE_CURVE('',#1890,#1940,#1942,.T.);
#1940 = VERTEX_POINT('',#1941);
#1941 = CARTESIAN_POINT('',(-64.5,-73.15000000003,5.5));
#1942 = LINE('',#1943,#1944);
#1943 = CARTESIAN_POINT('',(-15.5,-73.15000000003,5.5));
#1944 = VECTOR('',#1945,1.);
#1945 = DIRECTION('',(-1.,0.,0.));
#1946 = ORIENTED_EDGE('',*,*,#1947,.F.);
#1947 = EDGE_CURVE('',#1237,#1940,#1948,.T.);
#1948 = CIRCLE('',#1949,2.);
#1949 = AXIS2_PLACEMENT_3D('',#1950,#1951,#1952);
#1950 = CARTESIAN_POINT('',(-64.5,-75.15000000003,5.5));
#1951 = DIRECTION('',(1.,0.,0.));
#1952 = DIRECTION('',(0.,-1.,0.));
#1953 = ORIENTED_EDGE('',*,*,#1236,.F.);
#1954 = CYLINDRICAL_SURFACE('',#1955,2.);
#1955 = AXIS2_PLACEMENT_3D('',#1956,#1957,#1958);
#1956 = CARTESIAN_POINT('',(-15.5,-75.15000000003,5.5));
#1957 = DIRECTION('',(-1.,0.,0.));
#1958 = DIRECTION('',(0.,0.,-1.));
#1959 = ADVANCED_FACE('',(#1960),#1980,.F.);
#1960 = FACE_BOUND('',#1961,.F.);
#1961 = EDGE_LOOP('',(#1962,#1971,#1972,#1973));
#1962 = ORIENTED_EDGE('',*,*,#1963,.F.);
#1963 = EDGE_CURVE('',#1254,#1964,#1966,.T.);
#1964 = VERTEX_POINT('',#1965);
#1965 = CARTESIAN_POINT('',(-66.5,-24.15000000003,5.5));
#1966 = CIRCLE('',#1967,2.);
#1967 = AXIS2_PLACEMENT_3D('',#1968,#1969,#1970);
#1968 = CARTESIAN_POINT('',(-68.5,-24.15000000003,5.5));
#1969 = DIRECTION('',(0.,-1.,0.));
#1970 = DIRECTION('',(-1.,0.,0.));
#1971 = ORIENTED_EDGE('',*,*,#1261,.T.);
#1972 = ORIENTED_EDGE('',*,*,#1913,.T.);
#1973 = ORIENTED_EDGE('',*,*,#1974,.F.);
#1974 = EDGE_CURVE('',#1964,#1914,#1975,.T.);
#1975 = CIRCLE('',#1976,2.);
#1976 = AXIS2_PLACEMENT_3D('',#1977,#1978,#1979);
#1977 = CARTESIAN_POINT('',(-64.5,-24.15000000003,5.5));
#1978 = DIRECTION('',(0.,0.,-1.));
#1979 = DIRECTION('',(-1.,0.,0.));
#1980 = TOROIDAL_SURFACE('',#1981,4.,2.);
#1981 = AXIS2_PLACEMENT_3D('',#1982,#1983,#1984);
#1982 = CARTESIAN_POINT('',(-64.5,-24.15000000003,5.5));
#1983 = DIRECTION('',(-0.,-0.,-1.));
#1984 = DIRECTION('',(-1.,0.,0.));
#1985 = ADVANCED_FACE('',(#1986),#2006,.F.);
#1986 = FACE_BOUND('',#1987,.F.);
#1987 = EDGE_LOOP('',(#1988,#1989,#1990,#1999));
#1988 = ORIENTED_EDGE('',*,*,#1947,.F.);
#1989 = ORIENTED_EDGE('',*,*,#1244,.T.);
#1990 = ORIENTED_EDGE('',*,*,#1991,.T.);
#1991 = EDGE_CURVE('',#1245,#1992,#1994,.T.);
#1992 = VERTEX_POINT('',#1993);
#1993 = CARTESIAN_POINT('',(-66.5,-71.15000000003,5.5));
#1994 = CIRCLE('',#1995,2.);
#1995 = AXIS2_PLACEMENT_3D('',#1996,#1997,#1998);
#1996 = CARTESIAN_POINT('',(-68.5,-71.15000000003,5.5));
#1997 = DIRECTION('',(6.E-17,-1.,0.));
#1998 = DIRECTION('',(-1.,-6.E-17,0.));
#1999 = ORIENTED_EDGE('',*,*,#2000,.F.);
#2000 = EDGE_CURVE('',#1940,#1992,#2001,.T.);
#2001 = CIRCLE('',#2002,2.);
#2002 = AXIS2_PLACEMENT_3D('',#2003,#2004,#2005);
#2003 = CARTESIAN_POINT('',(-64.5,-71.15000000003,5.5));
#2004 = DIRECTION('',(-0.,-0.,-1.));
#2005 = DIRECTION('',(0.,-1.,0.));
#2006 = TOROIDAL_SURFACE('',#2007,4.,2.);
#2007 = AXIS2_PLACEMENT_3D('',#2008,#2009,#2010);
#2008 = CARTESIAN_POINT('',(-64.5,-71.15000000003,5.5));
#2009 = DIRECTION('',(-0.,-0.,-1.));
#2010 = DIRECTION('',(0.,-1.,0.));
#2011 = ADVANCED_FACE('',(#2012),#2023,.F.);
#2012 = FACE_BOUND('',#2013,.T.);
#2013 = EDGE_LOOP('',(#2014,#2015,#2021,#2022));
#2014 = ORIENTED_EDGE('',*,*,#1991,.T.);
#2015 = ORIENTED_EDGE('',*,*,#2016,.T.);
#2016 = EDGE_CURVE('',#1992,#1964,#2017,.T.);
#2017 = LINE('',#2018,#2019);
#2018 = CARTESIAN_POINT('',(-66.5,-73.15000000003,5.5));
#2019 = VECTOR('',#2020,1.);
#2020 = DIRECTION('',(0.,1.,0.));
#2021 = ORIENTED_EDGE('',*,*,#1963,.F.);
#2022 = ORIENTED_EDGE('',*,*,#1253,.F.);
#2023 = CYLINDRICAL_SURFACE('',#2024,2.);
#2024 = AXIS2_PLACEMENT_3D('',#2025,#2026,#2027);
#2025 = CARTESIAN_POINT('',(-68.5,-73.15000000003,5.5));
#2026 = DIRECTION('',(0.,1.,0.));
#2027 = DIRECTION('',(0.,0.,-1.));
#2028 = ADVANCED_FACE('',(#2029),#2040,.F.);
#2029 = FACE_BOUND('',#2030,.F.);
#2030 = EDGE_LOOP('',(#2031,#2032,#2038,#2039));
#2031 = ORIENTED_EDGE('',*,*,#1287,.F.);
#2032 = ORIENTED_EDGE('',*,*,#2033,.T.);
#2033 = EDGE_CURVE('',#1288,#1497,#2034,.T.);
#2034 = LINE('',#2035,#2036);
#2035 = CARTESIAN_POINT('',(-53.54,-15.9,3.5));
#2036 = VECTOR('',#2037,1.);
#2037 = DIRECTION('',(-0.,-0.,-1.));
#2038 = ORIENTED_EDGE('',*,*,#1496,.F.);
#2039 = ORIENTED_EDGE('',*,*,#2033,.F.);
#2040 = CYLINDRICAL_SURFACE('',#2041,1.6);
#2041 = AXIS2_PLACEMENT_3D('',#2042,#2043,#2044);
#2042 = CARTESIAN_POINT('',(-55.14,-15.9,3.5));
#2043 = DIRECTION('',(0.,0.,1.));
#2044 = DIRECTION('',(1.,0.,0.));
#2045 = ADVANCED_FACE('',(#2046),#2057,.F.);
#2046 = FACE_BOUND('',#2047,.F.);
#2047 = EDGE_LOOP('',(#2048,#2049,#2055,#2056));
#2048 = ORIENTED_EDGE('',*,*,#1298,.F.);
#2049 = ORIENTED_EDGE('',*,*,#2050,.T.);
#2050 = EDGE_CURVE('',#1299,#1517,#2051,.T.);
#2051 = LINE('',#2052,#2053);
#2052 = CARTESIAN_POINT('',(-25.26,-15.9,3.5));
#2053 = VECTOR('',#2054,1.);
#2054 = DIRECTION('',(-0.,-0.,-1.));
#2055 = ORIENTED_EDGE('',*,*,#1516,.F.);
#2056 = ORIENTED_EDGE('',*,*,#2050,.F.);
#2057 = CYLINDRICAL_SURFACE('',#2058,1.6);
#2058 = AXIS2_PLACEMENT_3D('',#2059,#2060,#2061);
#2059 = CARTESIAN_POINT('',(-26.86,-15.9,3.5));
#2060 = DIRECTION('',(0.,0.,1.));
#2061 = DIRECTION('',(1.,0.,0.));
#2062 = ADVANCED_FACE('',(#2063),#2074,.F.);
#2063 = FACE_BOUND('',#2064,.T.);
#2064 = EDGE_LOOP('',(#2065,#2066,#2072,#2073));
#2065 = ORIENTED_EDGE('',*,*,#1476,.T.);
#2066 = ORIENTED_EDGE('',*,*,#2067,.T.);
#2067 = EDGE_CURVE('',#1477,#1310,#2068,.T.);
#2068 = LINE('',#2069,#2070);
#2069 = CARTESIAN_POINT('',(2.5,-35.,0.));
#2070 = VECTOR('',#2071,1.);
#2071 = DIRECTION('',(0.,0.,1.));
#2072 = ORIENTED_EDGE('',*,*,#1309,.T.);
#2073 = ORIENTED_EDGE('',*,*,#2067,.F.);
#2074 = CYLINDRICAL_SURFACE('',#2075,2.5);
#2075 = AXIS2_PLACEMENT_3D('',#2076,#2077,#2078);
#2076 = CARTESIAN_POINT('',(0.,-35.,0.));
#2077 = DIRECTION('',(-0.,-0.,-1.));
#2078 = DIRECTION('',(1.,0.,0.));
#2079 = ADVANCED_FACE('',(#2080),#2100,.F.);
#2080 = FACE_BOUND('',#2081,.F.);
#2081 = EDGE_LOOP('',(#2082,#2091,#2098,#2099));
#2082 = ORIENTED_EDGE('',*,*,#2083,.F.);
#2083 = EDGE_CURVE('',#2084,#1321,#2086,.T.);
#2084 = VERTEX_POINT('',#2085);
#2085 = CARTESIAN_POINT('',(30.,-17.75,4.5));
#2086 = CIRCLE('',#2087,1.);
#2087 = AXIS2_PLACEMENT_3D('',#2088,#2089,#2090);
#2088 = CARTESIAN_POINT('',(31.,-17.75,4.5));
#2089 = DIRECTION('',(0.,-1.,0.));
#2090 = DIRECTION('',(1.,0.,0.));
#2091 = ORIENTED_EDGE('',*,*,#2092,.T.);
#2092 = EDGE_CURVE('',#2084,#2084,#2093,.T.);
#2093 = CIRCLE('',#2094,10.);
#2094 = AXIS2_PLACEMENT_3D('',#2095,#2096,#2097);
#2095 = CARTESIAN_POINT('',(20.,-17.75,4.5));
#2096 = DIRECTION('',(0.,0.,1.));
#2097 = DIRECTION('',(1.,0.,0.));
#2098 = ORIENTED_EDGE('',*,*,#2083,.T.);
#2099 = ORIENTED_EDGE('',*,*,#1320,.F.);
#2100 = TOROIDAL_SURFACE('',#2101,11.,1.);
#2101 = AXIS2_PLACEMENT_3D('',#2102,#2103,#2104);
#2102 = CARTESIAN_POINT('',(20.,-17.75,4.5));
#2103 = DIRECTION('',(0.,0.,1.));
#2104 = DIRECTION('',(1.,0.,0.));
#2105 = ADVANCED_FACE('',(#2106),#2117,.F.);
#2106 = FACE_BOUND('',#2107,.T.);
#2107 = EDGE_LOOP('',(#2108,#2109,#2115,#2116));
#2108 = ORIENTED_EDGE('',*,*,#1556,.T.);
#2109 = ORIENTED_EDGE('',*,*,#2110,.T.);
#2110 = EDGE_CURVE('',#1557,#1332,#2111,.T.);
#2111 = LINE('',#2112,#2113);
#2112 = CARTESIAN_POINT('',(63.825,0.,0.));
#2113 = VECTOR('',#2114,1.);
#2114 = DIRECTION('',(0.,0.,1.));
#2115 = ORIENTED_EDGE('',*,*,#1331,.T.);
#2116 = ORIENTED_EDGE('',*,*,#2110,.F.);
#2117 = CYLINDRICAL_SURFACE('',#2118,3.625);
#2118 = AXIS2_PLACEMENT_3D('',#2119,#2120,#2121);
#2119 = CARTESIAN_POINT('',(60.2,0.,0.));
#2120 = DIRECTION('',(-0.,-0.,-1.));
#2121 = DIRECTION('',(1.,0.,0.));
#2122 = ADVANCED_FACE('',(#2123),#2134,.F.);
#2123 = FACE_BOUND('',#2124,.F.);
#2124 = EDGE_LOOP('',(#2125,#2126,#2132,#2133));
#2125 = ORIENTED_EDGE('',*,*,#1342,.F.);
#2126 = ORIENTED_EDGE('',*,*,#2127,.T.);
#2127 = EDGE_CURVE('',#1343,#1577,#2128,.T.);
#2128 = LINE('',#2129,#2130);
#2129 = CARTESIAN_POINT('',(-53.54,20.6,3.5));
#2130 = VECTOR('',#2131,1.);
#2131 = DIRECTION('',(-0.,-0.,-1.));
#2132 = ORIENTED_EDGE('',*,*,#1576,.F.);
#2133 = ORIENTED_EDGE('',*,*,#2127,.F.);
#2134 = CYLINDRICAL_SURFACE('',#2135,1.6);
#2135 = AXIS2_PLACEMENT_3D('',#2136,#2137,#2138);
#2136 = CARTESIAN_POINT('',(-55.14,20.6,3.5));
#2137 = DIRECTION('',(0.,0.,1.));
#2138 = DIRECTION('',(1.,0.,0.));
#2139 = ADVANCED_FACE('',(#2140),#2151,.F.);
#2140 = FACE_BOUND('',#2141,.F.);
#2141 = EDGE_LOOP('',(#2142,#2143,#2149,#2150));
#2142 = ORIENTED_EDGE('',*,*,#1353,.F.);
#2143 = ORIENTED_EDGE('',*,*,#2144,.T.);
#2144 = EDGE_CURVE('',#1354,#1597,#2145,.T.);
#2145 = LINE('',#2146,#2147);
#2146 = CARTESIAN_POINT('',(-25.26,20.6,3.5));
#2147 = VECTOR('',#2148,1.);
#2148 = DIRECTION('',(-0.,-0.,-1.));
#2149 = ORIENTED_EDGE('',*,*,#1596,.F.);
#2150 = ORIENTED_EDGE('',*,*,#2144,.F.);
#2151 = CYLINDRICAL_SURFACE('',#2152,1.6);
#2152 = AXIS2_PLACEMENT_3D('',#2153,#2154,#2155);
#2153 = CARTESIAN_POINT('',(-26.86,20.6,3.5));
#2154 = DIRECTION('',(0.,0.,1.));
#2155 = DIRECTION('',(1.,0.,0.));
#2156 = ADVANCED_FACE('',(#2157),#2177,.F.);
#2157 = FACE_BOUND('',#2158,.T.);
#2158 = EDGE_LOOP('',(#2159,#2168,#2169,#2170));
#2159 = ORIENTED_EDGE('',*,*,#2160,.F.);
#2160 = EDGE_CURVE('',#1365,#2161,#2163,.T.);
#2161 = VERTEX_POINT('',#2162);
#2162 = CARTESIAN_POINT('',(1.5,22.45,4.5));
#2163 = CIRCLE('',#2164,1.);
#2164 = AXIS2_PLACEMENT_3D('',#2165,#2166,#2167);
#2165 = CARTESIAN_POINT('',(2.5,22.45,4.5));
#2166 = DIRECTION('',(-0.,1.,0.));
#2167 = DIRECTION('',(1.,0.,0.));
#2168 = ORIENTED_EDGE('',*,*,#1364,.F.);
#2169 = ORIENTED_EDGE('',*,*,#2160,.T.);
#2170 = ORIENTED_EDGE('',*,*,#2171,.T.);
#2171 = EDGE_CURVE('',#2161,#2161,#2172,.T.);
#2172 = CIRCLE('',#2173,4.);
#2173 = AXIS2_PLACEMENT_3D('',#2174,#2175,#2176);
#2174 = CARTESIAN_POINT('',(-2.5,22.45,4.5));
#2175 = DIRECTION('',(0.,0.,1.));
#2176 = DIRECTION('',(1.,0.,0.));
#2177 = TOROIDAL_SURFACE('',#2178,5.,1.);
#2178 = AXIS2_PLACEMENT_3D('',#2179,#2180,#2181);
#2179 = CARTESIAN_POINT('',(-2.5,22.45,4.5));
#2180 = DIRECTION('',(-0.,-0.,-1.));
#2181 = DIRECTION('',(1.,0.,0.));
#2182 = ADVANCED_FACE('',(#2183),#2210,.F.);
#2183 = FACE_BOUND('',#2184,.T.);
#2184 = EDGE_LOOP('',(#2185,#2194,#2202,#2209));
#2185 = ORIENTED_EDGE('',*,*,#2186,.T.);
#2186 = EDGE_CURVE('',#1376,#2187,#2189,.T.);
#2187 = VERTEX_POINT('',#2188);
#2188 = CARTESIAN_POINT('',(-66.5,28.85,5.5));
#2189 = CIRCLE('',#2190,2.);
#2190 = AXIS2_PLACEMENT_3D('',#2191,#2192,#2193);
#2191 = CARTESIAN_POINT('',(-68.5,28.85,5.5));
#2192 = DIRECTION('',(0.,-1.,0.));
#2193 = DIRECTION('',(-1.,0.,0.));
#2194 = ORIENTED_EDGE('',*,*,#2195,.T.);
#2195 = EDGE_CURVE('',#2187,#2196,#2198,.T.);
#2196 = VERTEX_POINT('',#2197);
#2197 = CARTESIAN_POINT('',(-66.5,75.85,5.5));
#2198 = LINE('',#2199,#2200);
#2199 = CARTESIAN_POINT('',(-66.5,26.85,5.5));
#2200 = VECTOR('',#2201,1.);
#2201 = DIRECTION('',(0.,1.,0.));
#2202 = ORIENTED_EDGE('',*,*,#2203,.F.);
#2203 = EDGE_CURVE('',#1378,#2196,#2204,.T.);
#2204 = CIRCLE('',#2205,2.);
#2205 = AXIS2_PLACEMENT_3D('',#2206,#2207,#2208);
#2206 = CARTESIAN_POINT('',(-68.5,75.85,5.5));
#2207 = DIRECTION('',(0.,-1.,0.));
#2208 = DIRECTION('',(-1.,0.,0.));
#2209 = ORIENTED_EDGE('',*,*,#1375,.F.);
#2210 = CYLINDRICAL_SURFACE('',#2211,2.);
#2211 = AXIS2_PLACEMENT_3D('',#2212,#2213,#2214);
#2212 = CARTESIAN_POINT('',(-68.5,26.85,5.5));
#2213 = DIRECTION('',(0.,1.,0.));
#2214 = DIRECTION('',(0.,0.,-1.));
#2215 = ADVANCED_FACE('',(#2216),#2236,.F.);
#2216 = FACE_BOUND('',#2217,.T.);
#2217 = EDGE_LOOP('',(#2218,#2219,#2220,#2229));
#2218 = ORIENTED_EDGE('',*,*,#2186,.F.);
#2219 = ORIENTED_EDGE('',*,*,#1436,.T.);
#2220 = ORIENTED_EDGE('',*,*,#2221,.T.);
#2221 = EDGE_CURVE('',#1429,#2222,#2224,.T.);
#2222 = VERTEX_POINT('',#2223);
#2223 = CARTESIAN_POINT('',(-64.5,26.85,5.5));
#2224 = CIRCLE('',#2225,2.);
#2225 = AXIS2_PLACEMENT_3D('',#2226,#2227,#2228);
#2226 = CARTESIAN_POINT('',(-64.5,24.85,5.5));
#2227 = DIRECTION('',(1.,-6.E-17,0.));
#2228 = DIRECTION('',(-6.E-17,-1.,0.));
#2229 = ORIENTED_EDGE('',*,*,#2230,.F.);
#2230 = EDGE_CURVE('',#2187,#2222,#2231,.T.);
#2231 = CIRCLE('',#2232,2.);
#2232 = AXIS2_PLACEMENT_3D('',#2233,#2234,#2235);
#2233 = CARTESIAN_POINT('',(-64.5,28.85,5.5));
#2234 = DIRECTION('',(0.,0.,1.));
#2235 = DIRECTION('',(-1.,0.,0.));
#2236 = TOROIDAL_SURFACE('',#2237,4.,2.);
#2237 = AXIS2_PLACEMENT_3D('',#2238,#2239,#2240);
#2238 = CARTESIAN_POINT('',(-64.5,28.85,5.5));
#2239 = DIRECTION('',(-0.,-0.,-1.));
#2240 = DIRECTION('',(-1.,0.,0.));
#2241 = ADVANCED_FACE('',(#2242),#2262,.F.);
#2242 = FACE_BOUND('',#2243,.F.);
#2243 = EDGE_LOOP('',(#2244,#2245,#2246,#2255));
#2244 = ORIENTED_EDGE('',*,*,#2203,.F.);
#2245 = ORIENTED_EDGE('',*,*,#1385,.T.);
#2246 = ORIENTED_EDGE('',*,*,#2247,.T.);
#2247 = EDGE_CURVE('',#1386,#2248,#2250,.T.);
#2248 = VERTEX_POINT('',#2249);
#2249 = CARTESIAN_POINT('',(-64.5,77.85,5.5));
#2250 = CIRCLE('',#2251,2.);
#2251 = AXIS2_PLACEMENT_3D('',#2252,#2253,#2254);
#2252 = CARTESIAN_POINT('',(-64.5,79.85,5.5));
#2253 = DIRECTION('',(-1.,-6.E-17,-0.));
#2254 = DIRECTION('',(-6.E-17,1.,0.));
#2255 = ORIENTED_EDGE('',*,*,#2256,.F.);
#2256 = EDGE_CURVE('',#2196,#2248,#2257,.T.);
#2257 = CIRCLE('',#2258,2.);
#2258 = AXIS2_PLACEMENT_3D('',#2259,#2260,#2261);
#2259 = CARTESIAN_POINT('',(-64.5,75.85,5.5));
#2260 = DIRECTION('',(0.,0.,-1.));
#2261 = DIRECTION('',(-1.,0.,0.));
#2262 = TOROIDAL_SURFACE('',#2263,4.,2.);
#2263 = AXIS2_PLACEMENT_3D('',#2264,#2265,#2266);
#2264 = CARTESIAN_POINT('',(-64.5,75.85,5.5));
#2265 = DIRECTION('',(-0.,-0.,-1.));
#2266 = DIRECTION('',(-1.,0.,0.));
#2267 = ADVANCED_FACE('',(#2268),#2287,.F.);
#2268 = FACE_BOUND('',#2269,.T.);
#2269 = EDGE_LOOP('',(#2270,#2279,#2285,#2286));
#2270 = ORIENTED_EDGE('',*,*,#2271,.T.);
#2271 = EDGE_CURVE('',#1420,#2272,#2274,.T.);
#2272 = VERTEX_POINT('',#2273);
#2273 = CARTESIAN_POINT('',(-17.5,26.85,5.5));
#2274 = CIRCLE('',#2275,2.);
#2275 = AXIS2_PLACEMENT_3D('',#2276,#2277,#2278);
#2276 = CARTESIAN_POINT('',(-17.5,24.85,5.5));
#2277 = DIRECTION('',(1.,-1.72E-15,0.));
#2278 = DIRECTION('',(-1.72E-15,-1.,0.));
#2279 = ORIENTED_EDGE('',*,*,#2280,.T.);
#2280 = EDGE_CURVE('',#2272,#2222,#2281,.T.);
#2281 = LINE('',#2282,#2283);
#2282 = CARTESIAN_POINT('',(-15.5,26.85,5.5));
#2283 = VECTOR('',#2284,1.);
#2284 = DIRECTION('',(-1.,0.,0.));
#2285 = ORIENTED_EDGE('',*,*,#2221,.F.);
#2286 = ORIENTED_EDGE('',*,*,#1428,.F.);
#2287 = CYLINDRICAL_SURFACE('',#2288,2.);
#2288 = AXIS2_PLACEMENT_3D('',#2289,#2290,#2291);
#2289 = CARTESIAN_POINT('',(-15.5,24.85,5.5));
#2290 = DIRECTION('',(-1.,0.,0.));
#2291 = DIRECTION('',(0.,0.,-1.));
#2292 = ADVANCED_FACE('',(#2293),#2312,.F.);
#2293 = FACE_BOUND('',#2294,.T.);
#2294 = EDGE_LOOP('',(#2295,#2296,#2304,#2311));
#2295 = ORIENTED_EDGE('',*,*,#2247,.T.);
#2296 = ORIENTED_EDGE('',*,*,#2297,.T.);
#2297 = EDGE_CURVE('',#2248,#2298,#2300,.T.);
#2298 = VERTEX_POINT('',#2299);
#2299 = CARTESIAN_POINT('',(-17.5,77.85,5.5));
#2300 = LINE('',#2301,#2302);
#2301 = CARTESIAN_POINT('',(-66.5,77.85,5.5));
#2302 = VECTOR('',#2303,1.);
#2303 = DIRECTION('',(1.,0.,0.));
#2304 = ORIENTED_EDGE('',*,*,#2305,.F.);
#2305 = EDGE_CURVE('',#1395,#2298,#2306,.T.);
#2306 = CIRCLE('',#2307,2.);
#2307 = AXIS2_PLACEMENT_3D('',#2308,#2309,#2310);
#2308 = CARTESIAN_POINT('',(-17.5,79.85,5.5));
#2309 = DIRECTION('',(-1.,0.,0.));
#2310 = DIRECTION('',(0.,1.,0.));
#2311 = ORIENTED_EDGE('',*,*,#1394,.F.);
#2312 = CYLINDRICAL_SURFACE('',#2313,2.);
#2313 = AXIS2_PLACEMENT_3D('',#2314,#2315,#2316);
#2314 = CARTESIAN_POINT('',(-66.5,79.85,5.5));
#2315 = DIRECTION('',(1.,0.,0.));
#2316 = DIRECTION('',(0.,0.,-1.));
#2317 = ADVANCED_FACE('',(#2318),#2338,.F.);
#2318 = FACE_BOUND('',#2319,.F.);
#2319 = EDGE_LOOP('',(#2320,#2329,#2330,#2331));
#2320 = ORIENTED_EDGE('',*,*,#2321,.F.);
#2321 = EDGE_CURVE('',#1412,#2322,#2324,.T.);
#2322 = VERTEX_POINT('',#2323);
#2323 = CARTESIAN_POINT('',(-15.5,28.85,5.5));
#2324 = CIRCLE('',#2325,2.);
#2325 = AXIS2_PLACEMENT_3D('',#2326,#2327,#2328);
#2326 = CARTESIAN_POINT('',(-13.5,28.85,5.5));
#2327 = DIRECTION('',(-0.,1.,0.));
#2328 = DIRECTION('',(1.,0.,0.));
#2329 = ORIENTED_EDGE('',*,*,#1419,.T.);
#2330 = ORIENTED_EDGE('',*,*,#2271,.T.);
#2331 = ORIENTED_EDGE('',*,*,#2332,.F.);
#2332 = EDGE_CURVE('',#2322,#2272,#2333,.T.);
#2333 = CIRCLE('',#2334,2.);
#2334 = AXIS2_PLACEMENT_3D('',#2335,#2336,#2337);
#2335 = CARTESIAN_POINT('',(-17.5,28.85,5.5));
#2336 = DIRECTION('',(0.,0.,-1.));
#2337 = DIRECTION('',(1.,0.,0.));
#2338 = TOROIDAL_SURFACE('',#2339,4.,2.);
#2339 = AXIS2_PLACEMENT_3D('',#2340,#2341,#2342);
#2340 = CARTESIAN_POINT('',(-17.5,28.85,5.5));
#2341 = DIRECTION('',(-0.,-0.,-1.));
#2342 = DIRECTION('',(1.,0.,0.));
#2343 = ADVANCED_FACE('',(#2344),#2364,.F.);
#2344 = FACE_BOUND('',#2345,.F.);
#2345 = EDGE_LOOP('',(#2346,#2347,#2348,#2357));
#2346 = ORIENTED_EDGE('',*,*,#2305,.F.);
#2347 = ORIENTED_EDGE('',*,*,#1402,.T.);
#2348 = ORIENTED_EDGE('',*,*,#2349,.T.);
#2349 = EDGE_CURVE('',#1403,#2350,#2352,.T.);
#2350 = VERTEX_POINT('',#2351);
#2351 = CARTESIAN_POINT('',(-15.5,75.85,5.5));
#2352 = CIRCLE('',#2353,2.);
#2353 = AXIS2_PLACEMENT_3D('',#2354,#2355,#2356);
#2354 = CARTESIAN_POINT('',(-13.5,75.85,5.5));
#2355 = DIRECTION('',(-6.E-17,1.,0.));
#2356 = DIRECTION('',(1.,6.E-17,0.));
#2357 = ORIENTED_EDGE('',*,*,#2358,.F.);
#2358 = EDGE_CURVE('',#2298,#2350,#2359,.T.);
#2359 = CIRCLE('',#2360,2.);
#2360 = AXIS2_PLACEMENT_3D('',#2361,#2362,#2363);
#2361 = CARTESIAN_POINT('',(-17.5,75.85,5.5));
#2362 = DIRECTION('',(0.,0.,-1.));
#2363 = DIRECTION('',(0.,1.,0.));
#2364 = TOROIDAL_SURFACE('',#2365,4.,2.);
#2365 = AXIS2_PLACEMENT_3D('',#2366,#2367,#2368);
#2366 = CARTESIAN_POINT('',(-17.5,75.85,5.5));
#2367 = DIRECTION('',(-0.,-0.,-1.));
#2368 = DIRECTION('',(0.,1.,0.));
#2369 = ADVANCED_FACE('',(#2370),#2381,.F.);
#2370 = FACE_BOUND('',#2371,.T.);
#2371 = EDGE_LOOP('',(#2372,#2373,#2379,#2380));
#2372 = ORIENTED_EDGE('',*,*,#2349,.T.);
#2373 = ORIENTED_EDGE('',*,*,#2374,.T.);
#2374 = EDGE_CURVE('',#2350,#2322,#2375,.T.);
#2375 = LINE('',#2376,#2377);
#2376 = CARTESIAN_POINT('',(-15.5,77.85,5.5));
#2377 = VECTOR('',#2378,1.);
#2378 = DIRECTION('',(0.,-1.,0.));
#2379 = ORIENTED_EDGE('',*,*,#2321,.F.);
#2380 = ORIENTED_EDGE('',*,*,#1411,.F.);
#2381 = CYLINDRICAL_SURFACE('',#2382,2.);
#2382 = AXIS2_PLACEMENT_3D('',#2383,#2384,#2385);
#2383 = CARTESIAN_POINT('',(-13.5,77.85,5.5));
#2384 = DIRECTION('',(0.,-1.,0.));
#2385 = DIRECTION('',(-0.,-0.,-1.));
#2386 = ADVANCED_FACE('',(#2387),#2398,.F.);
#2387 = FACE_BOUND('',#2388,.T.);
#2388 = EDGE_LOOP('',(#2389,#2390,#2396,#2397));
#2389 = ORIENTED_EDGE('',*,*,#1636,.T.);
#2390 = ORIENTED_EDGE('',*,*,#2391,.T.);
#2391 = EDGE_CURVE('',#1637,#1446,#2392,.T.);
#2392 = LINE('',#2393,#2394);
#2393 = CARTESIAN_POINT('',(2.5,38.253480629279,0.));
#2394 = VECTOR('',#2395,1.);
#2395 = DIRECTION('',(0.,0.,1.));
#2396 = ORIENTED_EDGE('',*,*,#1445,.T.);
#2397 = ORIENTED_EDGE('',*,*,#2391,.F.);
#2398 = CYLINDRICAL_SURFACE('',#2399,2.5);
#2399 = AXIS2_PLACEMENT_3D('',#2400,#2401,#2402);
#2400 = CARTESIAN_POINT('',(0.,38.253480629279,0.));
#2401 = DIRECTION('',(-0.,-0.,-1.));
#2402 = DIRECTION('',(1.,0.,0.));
#2403 = ADVANCED_FACE('',(#2404),#2424,.F.);
#2404 = FACE_BOUND('',#2405,.T.);
#2405 = EDGE_LOOP('',(#2406,#2415,#2416,#2417));
#2406 = ORIENTED_EDGE('',*,*,#2407,.F.);
#2407 = EDGE_CURVE('',#1457,#2408,#2410,.T.);
#2408 = VERTEX_POINT('',#2409);
#2409 = CARTESIAN_POINT('',(46.5,22.45,4.5));
#2410 = CIRCLE('',#2411,1.);
#2411 = AXIS2_PLACEMENT_3D('',#2412,#2413,#2414);
#2412 = CARTESIAN_POINT('',(47.5,22.45,4.5));
#2413 = DIRECTION('',(-0.,1.,0.));
#2414 = DIRECTION('',(1.,0.,0.));
#2415 = ORIENTED_EDGE('',*,*,#1456,.F.);
#2416 = ORIENTED_EDGE('',*,*,#2407,.T.);
#2417 = ORIENTED_EDGE('',*,*,#2418,.T.);
#2418 = EDGE_CURVE('',#2408,#2408,#2419,.T.);
#2419 = CIRCLE('',#2420,4.);
#2420 = AXIS2_PLACEMENT_3D('',#2421,#2422,#2423);
#2421 = CARTESIAN_POINT('',(42.5,22.45,4.5));
#2422 = DIRECTION('',(0.,0.,1.));
#2423 = DIRECTION('',(1.,0.,0.));
#2424 = TOROIDAL_SURFACE('',#2425,5.,1.);
#2425 = AXIS2_PLACEMENT_3D('',#2426,#2427,#2428);
#2426 = CARTESIAN_POINT('',(42.5,22.45,4.5));
#2427 = DIRECTION('',(-0.,-0.,-1.));
#2428 = DIRECTION('',(1.,0.,0.));
#2429 = ADVANCED_FACE('',(#2430),#2448,.F.);
#2430 = FACE_BOUND('',#2431,.T.);
#2431 = EDGE_LOOP('',(#2432,#2433,#2440,#2447));
#2432 = ORIENTED_EDGE('',*,*,#1536,.T.);
#2433 = ORIENTED_EDGE('',*,*,#2434,.F.);
#2434 = EDGE_CURVE('',#2435,#1537,#2437,.T.);
#2435 = VERTEX_POINT('',#2436);
#2436 = CARTESIAN_POINT('',(23.625,-17.75,10.35));
#2437 = B_SPLINE_CURVE_WITH_KNOTS('',1,(#2438,#2439),.UNSPECIFIED.,.F.,
  .F.,(2,2),(-10.35,0.),.PIECEWISE_BEZIER_KNOTS.);
#2438 = CARTESIAN_POINT('',(23.625,-17.75,10.35));
#2439 = CARTESIAN_POINT('',(23.625,-17.75,0.));
#2440 = ORIENTED_EDGE('',*,*,#2441,.T.);
#2441 = EDGE_CURVE('',#2435,#2435,#2442,.T.);
#2442 = CIRCLE('',#2443,3.625);
#2443 = AXIS2_PLACEMENT_3D('',#2444,#2445,#2446);
#2444 = CARTESIAN_POINT('',(20.,-17.75,10.35));
#2445 = DIRECTION('',(0.,0.,1.));
#2446 = DIRECTION('',(1.,0.,0.));
#2447 = ORIENTED_EDGE('',*,*,#2434,.T.);
#2448 = CYLINDRICAL_SURFACE('',#2449,3.625);
#2449 = AXIS2_PLACEMENT_3D('',#2450,#2451,#2452);
#2450 = CARTESIAN_POINT('',(20.,-17.75,0.));
#2451 = DIRECTION('',(-0.,-0.,-1.));
#2452 = DIRECTION('',(1.,0.,0.));
#2453 = ADVANCED_FACE('',(#2454),#2465,.T.);
#2454 = FACE_BOUND('',#2455,.F.);
#2455 = EDGE_LOOP('',(#2456,#2462,#2463,#2464));
#2456 = ORIENTED_EDGE('',*,*,#2457,.T.);
#2457 = EDGE_CURVE('',#2161,#1614,#2458,.T.);
#2458 = LINE('',#2459,#2460);
#2459 = CARTESIAN_POINT('',(1.5,22.45,3.5));
#2460 = VECTOR('',#2461,1.);
#2461 = DIRECTION('',(0.,0.,1.));
#2462 = ORIENTED_EDGE('',*,*,#1613,.T.);
#2463 = ORIENTED_EDGE('',*,*,#2457,.F.);
#2464 = ORIENTED_EDGE('',*,*,#2171,.F.);
#2465 = CYLINDRICAL_SURFACE('',#2466,4.);
#2466 = AXIS2_PLACEMENT_3D('',#2467,#2468,#2469);
#2467 = CARTESIAN_POINT('',(-2.5,22.45,3.5));
#2468 = DIRECTION('',(-0.,-0.,-1.));
#2469 = DIRECTION('',(1.,0.,0.));
#2470 = ADVANCED_FACE('',(#2471,#2477,#2488,#2499,#2510,#2521),#2532,.F.
  );
#2471 = FACE_BOUND('',#2472,.F.);
#2472 = EDGE_LOOP('',(#2473,#2474,#2475,#2476));
#2473 = ORIENTED_EDGE('',*,*,#1712,.T.);
#2474 = ORIENTED_EDGE('',*,*,#1737,.T.);
#2475 = ORIENTED_EDGE('',*,*,#1695,.T.);
#2476 = ORIENTED_EDGE('',*,*,#1662,.T.);
#2477 = FACE_BOUND('',#2478,.F.);
#2478 = EDGE_LOOP('',(#2479));
#2479 = ORIENTED_EDGE('',*,*,#2480,.F.);
#2480 = EDGE_CURVE('',#2481,#2481,#2483,.T.);
#2481 = VERTEX_POINT('',#2482);
#2482 = CARTESIAN_POINT('',(-54.8,36.85,7.5));
#2483 = CIRCLE('',#2484,1.7);
#2484 = AXIS2_PLACEMENT_3D('',#2485,#2486,#2487);
#2485 = CARTESIAN_POINT('',(-56.5,36.85,7.5));
#2486 = DIRECTION('',(0.,0.,1.));
#2487 = DIRECTION('',(1.,0.,0.));
#2488 = FACE_BOUND('',#2489,.F.);
#2489 = EDGE_LOOP('',(#2490));
#2490 = ORIENTED_EDGE('',*,*,#2491,.F.);
#2491 = EDGE_CURVE('',#2492,#2492,#2494,.T.);
#2492 = VERTEX_POINT('',#2493);
#2493 = CARTESIAN_POINT('',(-23.8,36.85,7.5));
#2494 = CIRCLE('',#2495,1.7);
#2495 = AXIS2_PLACEMENT_3D('',#2496,#2497,#2498);
#2496 = CARTESIAN_POINT('',(-25.5,36.85,7.5));
#2497 = DIRECTION('',(0.,0.,1.));
#2498 = DIRECTION('',(1.,0.,0.));
#2499 = FACE_BOUND('',#2500,.F.);
#2500 = EDGE_LOOP('',(#2501));
#2501 = ORIENTED_EDGE('',*,*,#2502,.F.);
#2502 = EDGE_CURVE('',#2503,#2503,#2505,.T.);
#2503 = VERTEX_POINT('',#2504);
#2504 = CARTESIAN_POINT('',(-54.8,67.85,7.5));
#2505 = CIRCLE('',#2506,1.7);
#2506 = AXIS2_PLACEMENT_3D('',#2507,#2508,#2509);
#2507 = CARTESIAN_POINT('',(-56.5,67.85,7.5));
#2508 = DIRECTION('',(0.,0.,1.));
#2509 = DIRECTION('',(1.,0.,0.));
#2510 = FACE_BOUND('',#2511,.F.);
#2511 = EDGE_LOOP('',(#2512));
#2512 = ORIENTED_EDGE('',*,*,#2513,.F.);
#2513 = EDGE_CURVE('',#2514,#2514,#2516,.T.);
#2514 = VERTEX_POINT('',#2515);
#2515 = CARTESIAN_POINT('',(-28.5,52.35,7.5));
#2516 = CIRCLE('',#2517,12.5);
#2517 = AXIS2_PLACEMENT_3D('',#2518,#2519,#2520);
#2518 = CARTESIAN_POINT('',(-41.,52.35,7.5));
#2519 = DIRECTION('',(0.,0.,1.));
#2520 = DIRECTION('',(1.,0.,0.));
#2521 = FACE_BOUND('',#2522,.F.);
#2522 = EDGE_LOOP('',(#2523));
#2523 = ORIENTED_EDGE('',*,*,#2524,.F.);
#2524 = EDGE_CURVE('',#2525,#2525,#2527,.T.);
#2525 = VERTEX_POINT('',#2526);
#2526 = CARTESIAN_POINT('',(-23.8,67.85,7.5));
#2527 = CIRCLE('',#2528,1.7);
#2528 = AXIS2_PLACEMENT_3D('',#2529,#2530,#2531);
#2529 = CARTESIAN_POINT('',(-25.5,67.85,7.5));
#2530 = DIRECTION('',(0.,0.,1.));
#2531 = DIRECTION('',(1.,0.,0.));
#2532 = PLANE('',#2533);
#2533 = AXIS2_PLACEMENT_3D('',#2534,#2535,#2536);
#2534 = CARTESIAN_POINT('',(-41.,2.349999999986,7.5));
#2535 = DIRECTION('',(0.,0.,1.));
#2536 = DIRECTION('',(1.,0.,0.));
#2537 = ADVANCED_FACE('',(#2538),#2549,.T.);
#2538 = FACE_BOUND('',#2539,.F.);
#2539 = EDGE_LOOP('',(#2540,#2546,#2547,#2548));
#2540 = ORIENTED_EDGE('',*,*,#2541,.T.);
#2541 = EDGE_CURVE('',#2408,#1754,#2542,.T.);
#2542 = LINE('',#2543,#2544);
#2543 = CARTESIAN_POINT('',(46.5,22.45,3.5));
#2544 = VECTOR('',#2545,1.);
#2545 = DIRECTION('',(0.,0.,1.));
#2546 = ORIENTED_EDGE('',*,*,#1753,.T.);
#2547 = ORIENTED_EDGE('',*,*,#2541,.F.);
#2548 = ORIENTED_EDGE('',*,*,#2418,.F.);
#2549 = CYLINDRICAL_SURFACE('',#2550,4.);
#2550 = AXIS2_PLACEMENT_3D('',#2551,#2552,#2553);
#2551 = CARTESIAN_POINT('',(42.5,22.45,3.5));
#2552 = DIRECTION('',(-0.,-0.,-1.));
#2553 = DIRECTION('',(1.,0.,0.));
#2554 = ADVANCED_FACE('',(#2555),#2582,.T.);
#2555 = FACE_BOUND('',#2556,.F.);
#2556 = EDGE_LOOP('',(#2557,#2566,#2574,#2581));
#2557 = ORIENTED_EDGE('',*,*,#2558,.T.);
#2558 = EDGE_CURVE('',#1774,#2559,#2561,.T.);
#2559 = VERTEX_POINT('',#2560);
#2560 = CARTESIAN_POINT('',(-15.5,-24.15000000003,9.));
#2561 = CIRCLE('',#2562,2.);
#2562 = AXIS2_PLACEMENT_3D('',#2563,#2564,#2565);
#2563 = CARTESIAN_POINT('',(-17.5,-24.15000000003,9.));
#2564 = DIRECTION('',(-0.,1.,0.));
#2565 = DIRECTION('',(1.,0.,0.));
#2566 = ORIENTED_EDGE('',*,*,#2567,.T.);
#2567 = EDGE_CURVE('',#2559,#2568,#2570,.T.);
#2568 = VERTEX_POINT('',#2569);
#2569 = CARTESIAN_POINT('',(-15.5,-71.15000000003,9.));
#2570 = LINE('',#2571,#2572);
#2571 = CARTESIAN_POINT('',(-15.5,-22.15000000003,9.));
#2572 = VECTOR('',#2573,1.);
#2573 = DIRECTION('',(0.,-1.,0.));
#2574 = ORIENTED_EDGE('',*,*,#2575,.T.);
#2575 = EDGE_CURVE('',#2568,#1776,#2576,.T.);
#2576 = CIRCLE('',#2577,2.);
#2577 = AXIS2_PLACEMENT_3D('',#2578,#2579,#2580);
#2578 = CARTESIAN_POINT('',(-17.5,-71.15000000003,9.));
#2579 = DIRECTION('',(0.,-1.,0.));
#2580 = DIRECTION('',(1.,0.,0.));
#2581 = ORIENTED_EDGE('',*,*,#1773,.F.);
#2582 = CYLINDRICAL_SURFACE('',#2583,2.);
#2583 = AXIS2_PLACEMENT_3D('',#2584,#2585,#2586);
#2584 = CARTESIAN_POINT('',(-17.5,-22.15000000003,9.));
#2585 = DIRECTION('',(0.,-1.,0.));
#2586 = DIRECTION('',(0.,0.,1.));
#2587 = ADVANCED_FACE('',(#2588),#2615,.T.);
#2588 = FACE_BOUND('',#2589,.F.);
#2589 = EDGE_LOOP('',(#2590,#2599,#2607,#2614));
#2590 = ORIENTED_EDGE('',*,*,#2591,.F.);
#2591 = EDGE_CURVE('',#2592,#1784,#2594,.T.);
#2592 = VERTEX_POINT('',#2593);
#2593 = CARTESIAN_POINT('',(-64.5,-22.15000000003,9.));
#2594 = CIRCLE('',#2595,2.);
#2595 = AXIS2_PLACEMENT_3D('',#2596,#2597,#2598);
#2596 = CARTESIAN_POINT('',(-64.5,-24.15000000003,9.));
#2597 = DIRECTION('',(1.,0.,6.E-17));
#2598 = DIRECTION('',(-6.E-17,0.,1.));
#2599 = ORIENTED_EDGE('',*,*,#2600,.T.);
#2600 = EDGE_CURVE('',#2592,#2601,#2603,.T.);
#2601 = VERTEX_POINT('',#2602);
#2602 = CARTESIAN_POINT('',(-17.5,-22.15000000003,9.));
#2603 = LINE('',#2604,#2605);
#2604 = CARTESIAN_POINT('',(-66.5,-22.15000000003,9.));
#2605 = VECTOR('',#2606,1.);
#2606 = DIRECTION('',(1.,0.,0.));
#2607 = ORIENTED_EDGE('',*,*,#2608,.F.);
#2608 = EDGE_CURVE('',#1774,#2601,#2609,.T.);
#2609 = CIRCLE('',#2610,2.);
#2610 = AXIS2_PLACEMENT_3D('',#2611,#2612,#2613);
#2611 = CARTESIAN_POINT('',(-17.5,-24.15000000003,9.));
#2612 = DIRECTION('',(-1.,6.E-17,0.));
#2613 = DIRECTION('',(6.E-17,1.,0.));
#2614 = ORIENTED_EDGE('',*,*,#1783,.F.);
#2615 = CYLINDRICAL_SURFACE('',#2616,2.);
#2616 = AXIS2_PLACEMENT_3D('',#2617,#2618,#2619);
#2617 = CARTESIAN_POINT('',(-66.5,-24.15000000003,9.));
#2618 = DIRECTION('',(1.,0.,0.));
#2619 = DIRECTION('',(0.,0.,1.));
#2620 = ADVANCED_FACE('',(#2621),#2648,.T.);
#2621 = FACE_BOUND('',#2622,.F.);
#2622 = EDGE_LOOP('',(#2623,#2632,#2640,#2647));
#2623 = ORIENTED_EDGE('',*,*,#2624,.F.);
#2624 = EDGE_CURVE('',#2625,#1776,#2627,.T.);
#2625 = VERTEX_POINT('',#2626);
#2626 = CARTESIAN_POINT('',(-17.5,-73.15000000003,9.));
#2627 = CIRCLE('',#2628,2.);
#2628 = AXIS2_PLACEMENT_3D('',#2629,#2630,#2631);
#2629 = CARTESIAN_POINT('',(-17.5,-71.15000000003,9.));
#2630 = DIRECTION('',(-1.,0.,6.E-17));
#2631 = DIRECTION('',(6.E-17,0.,1.));
#2632 = ORIENTED_EDGE('',*,*,#2633,.T.);
#2633 = EDGE_CURVE('',#2625,#2634,#2636,.T.);
#2634 = VERTEX_POINT('',#2635);
#2635 = CARTESIAN_POINT('',(-64.5,-73.15000000003,9.));
#2636 = LINE('',#2637,#2638);
#2637 = CARTESIAN_POINT('',(-15.5,-73.15000000003,9.));
#2638 = VECTOR('',#2639,1.);
#2639 = DIRECTION('',(-1.,0.,0.));
#2640 = ORIENTED_EDGE('',*,*,#2641,.T.);
#2641 = EDGE_CURVE('',#2634,#1792,#2642,.T.);
#2642 = CIRCLE('',#2643,2.);
#2643 = AXIS2_PLACEMENT_3D('',#2644,#2645,#2646);
#2644 = CARTESIAN_POINT('',(-64.5,-71.15000000003,9.));
#2645 = DIRECTION('',(-1.,0.,0.));
#2646 = DIRECTION('',(0.,-1.,0.));
#2647 = ORIENTED_EDGE('',*,*,#1799,.F.);
#2648 = CYLINDRICAL_SURFACE('',#2649,2.);
#2649 = AXIS2_PLACEMENT_3D('',#2650,#2651,#2652);
#2650 = CARTESIAN_POINT('',(-15.5,-71.15000000003,9.));
#2651 = DIRECTION('',(-1.,0.,0.));
#2652 = DIRECTION('',(0.,0.,1.));
#2653 = ADVANCED_FACE('',(#2654),#2681,.T.);
#2654 = FACE_BOUND('',#2655,.F.);
#2655 = EDGE_LOOP('',(#2656,#2665,#2673,#2680));
#2656 = ORIENTED_EDGE('',*,*,#2657,.F.);
#2657 = EDGE_CURVE('',#2658,#1792,#2660,.T.);
#2658 = VERTEX_POINT('',#2659);
#2659 = CARTESIAN_POINT('',(-66.5,-71.15000000003,9.));
#2660 = CIRCLE('',#2661,2.);
#2661 = AXIS2_PLACEMENT_3D('',#2662,#2663,#2664);
#2662 = CARTESIAN_POINT('',(-64.5,-71.15000000003,9.));
#2663 = DIRECTION('',(-0.,1.,6.E-17));
#2664 = DIRECTION('',(0.,-6.E-17,1.));
#2665 = ORIENTED_EDGE('',*,*,#2666,.T.);
#2666 = EDGE_CURVE('',#2658,#2667,#2669,.T.);
#2667 = VERTEX_POINT('',#2668);
#2668 = CARTESIAN_POINT('',(-66.5,-24.15000000003,9.));
#2669 = LINE('',#2670,#2671);
#2670 = CARTESIAN_POINT('',(-66.5,-73.15000000003,9.));
#2671 = VECTOR('',#2672,1.);
#2672 = DIRECTION('',(0.,1.,0.));
#2673 = ORIENTED_EDGE('',*,*,#2674,.T.);
#2674 = EDGE_CURVE('',#2667,#1784,#2675,.T.);
#2675 = CIRCLE('',#2676,2.);
#2676 = AXIS2_PLACEMENT_3D('',#2677,#2678,#2679);
#2677 = CARTESIAN_POINT('',(-64.5,-24.15000000003,9.));
#2678 = DIRECTION('',(0.,1.,-0.));
#2679 = DIRECTION('',(-1.,0.,0.));
#2680 = ORIENTED_EDGE('',*,*,#1791,.F.);
#2681 = CYLINDRICAL_SURFACE('',#2682,2.);
#2682 = AXIS2_PLACEMENT_3D('',#2683,#2684,#2685);
#2683 = CARTESIAN_POINT('',(-64.5,-73.15000000003,9.));
#2684 = DIRECTION('',(0.,1.,0.));
#2685 = DIRECTION('',(0.,0.,1.));
#2686 = ADVANCED_FACE('',(#2687),#2703,.T.);
#2687 = FACE_BOUND('',#2688,.T.);
#2688 = EDGE_LOOP('',(#2689,#2695,#2696,#2702));
#2689 = ORIENTED_EDGE('',*,*,#2690,.T.);
#2690 = EDGE_CURVE('',#1829,#2559,#2691,.T.);
#2691 = LINE('',#2692,#2693);
#2692 = CARTESIAN_POINT('',(-15.5,-24.15000000003,3.5));
#2693 = VECTOR('',#2694,1.);
#2694 = DIRECTION('',(0.,0.,1.));
#2695 = ORIENTED_EDGE('',*,*,#2567,.T.);
#2696 = ORIENTED_EDGE('',*,*,#2697,.F.);
#2697 = EDGE_CURVE('',#1838,#2568,#2698,.T.);
#2698 = LINE('',#2699,#2700);
#2699 = CARTESIAN_POINT('',(-15.5,-71.15000000003,3.5));
#2700 = VECTOR('',#2701,1.);
#2701 = DIRECTION('',(0.,0.,1.));
#2702 = ORIENTED_EDGE('',*,*,#1837,.F.);
#2703 = PLANE('',#2704);
#2704 = AXIS2_PLACEMENT_3D('',#2705,#2706,#2707);
#2705 = CARTESIAN_POINT('',(-15.5,-47.65000000003,7.25));
#2706 = DIRECTION('',(1.,0.,0.));
#2707 = DIRECTION('',(0.,0.,1.));
#2708 = ADVANCED_FACE('',(#2709),#2726,.T.);
#2709 = FACE_BOUND('',#2710,.T.);
#2710 = EDGE_LOOP('',(#2711,#2712,#2713,#2719));
#2711 = ORIENTED_EDGE('',*,*,#2690,.F.);
#2712 = ORIENTED_EDGE('',*,*,#1872,.T.);
#2713 = ORIENTED_EDGE('',*,*,#2714,.T.);
#2714 = EDGE_CURVE('',#1864,#2601,#2715,.T.);
#2715 = LINE('',#2716,#2717);
#2716 = CARTESIAN_POINT('',(-17.5,-22.15000000003,3.5));
#2717 = VECTOR('',#2718,1.);
#2718 = DIRECTION('',(0.,0.,1.));
#2719 = ORIENTED_EDGE('',*,*,#2720,.F.);
#2720 = EDGE_CURVE('',#2559,#2601,#2721,.T.);
#2721 = CIRCLE('',#2722,2.);
#2722 = AXIS2_PLACEMENT_3D('',#2723,#2724,#2725);
#2723 = CARTESIAN_POINT('',(-17.5,-24.15000000003,9.));
#2724 = DIRECTION('',(0.,0.,1.));
#2725 = DIRECTION('',(1.,0.,0.));
#2726 = CYLINDRICAL_SURFACE('',#2727,2.);
#2727 = AXIS2_PLACEMENT_3D('',#2728,#2729,#2730);
#2728 = CARTESIAN_POINT('',(-17.5,-24.15000000003,3.5));
#2729 = DIRECTION('',(0.,0.,1.));
#2730 = DIRECTION('',(1.,0.,0.));
#2731 = ADVANCED_FACE('',(#2732),#2749,.T.);
#2732 = FACE_BOUND('',#2733,.T.);
#2733 = EDGE_LOOP('',(#2734,#2740,#2741,#2742));
#2734 = ORIENTED_EDGE('',*,*,#2735,.F.);
#2735 = EDGE_CURVE('',#1890,#2625,#2736,.T.);
#2736 = LINE('',#2737,#2738);
#2737 = CARTESIAN_POINT('',(-17.5,-73.15000000003,3.5));
#2738 = VECTOR('',#2739,1.);
#2739 = DIRECTION('',(0.,0.,1.));
#2740 = ORIENTED_EDGE('',*,*,#1898,.F.);
#2741 = ORIENTED_EDGE('',*,*,#2697,.T.);
#2742 = ORIENTED_EDGE('',*,*,#2743,.F.);
#2743 = EDGE_CURVE('',#2625,#2568,#2744,.T.);
#2744 = CIRCLE('',#2745,2.);
#2745 = AXIS2_PLACEMENT_3D('',#2746,#2747,#2748);
#2746 = CARTESIAN_POINT('',(-17.5,-71.15000000003,9.));
#2747 = DIRECTION('',(0.,0.,1.));
#2748 = DIRECTION('',(1.,0.,0.));
#2749 = CYLINDRICAL_SURFACE('',#2750,2.);
#2750 = AXIS2_PLACEMENT_3D('',#2751,#2752,#2753);
#2751 = CARTESIAN_POINT('',(-17.5,-71.15000000003,3.5));
#2752 = DIRECTION('',(0.,0.,1.));
#2753 = DIRECTION('',(0.,-1.,0.));
#2754 = ADVANCED_FACE('',(#2755),#2766,.T.);
#2755 = FACE_BOUND('',#2756,.T.);
#2756 = EDGE_LOOP('',(#2757,#2758,#2759,#2765));
#2757 = ORIENTED_EDGE('',*,*,#2714,.F.);
#2758 = ORIENTED_EDGE('',*,*,#1922,.F.);
#2759 = ORIENTED_EDGE('',*,*,#2760,.T.);
#2760 = EDGE_CURVE('',#1914,#2592,#2761,.T.);
#2761 = LINE('',#2762,#2763);
#2762 = CARTESIAN_POINT('',(-64.5,-22.15000000003,3.5));
#2763 = VECTOR('',#2764,1.);
#2764 = DIRECTION('',(0.,0.,1.));
#2765 = ORIENTED_EDGE('',*,*,#2600,.T.);
#2766 = PLANE('',#2767);
#2767 = AXIS2_PLACEMENT_3D('',#2768,#2769,#2770);
#2768 = CARTESIAN_POINT('',(-41.,-22.15000000003,7.25));
#2769 = DIRECTION('',(0.,1.,0.));
#2770 = DIRECTION('',(0.,0.,1.));
#2771 = ADVANCED_FACE('',(#2772),#2783,.T.);
#2772 = FACE_BOUND('',#2773,.T.);
#2773 = EDGE_LOOP('',(#2774,#2775,#2776,#2782));
#2774 = ORIENTED_EDGE('',*,*,#2735,.T.);
#2775 = ORIENTED_EDGE('',*,*,#2633,.T.);
#2776 = ORIENTED_EDGE('',*,*,#2777,.F.);
#2777 = EDGE_CURVE('',#1940,#2634,#2778,.T.);
#2778 = LINE('',#2779,#2780);
#2779 = CARTESIAN_POINT('',(-64.5,-73.15000000003,3.5));
#2780 = VECTOR('',#2781,1.);
#2781 = DIRECTION('',(0.,0.,1.));
#2782 = ORIENTED_EDGE('',*,*,#1939,.F.);
#2783 = PLANE('',#2784);
#2784 = AXIS2_PLACEMENT_3D('',#2785,#2786,#2787);
#2785 = CARTESIAN_POINT('',(-41.,-73.15000000003,7.25));
#2786 = DIRECTION('',(-0.,-1.,-0.));
#2787 = DIRECTION('',(0.,0.,-1.));
#2788 = ADVANCED_FACE('',(#2789),#2806,.T.);
#2789 = FACE_BOUND('',#2790,.F.);
#2790 = EDGE_LOOP('',(#2791,#2797,#2798,#2799));
#2791 = ORIENTED_EDGE('',*,*,#2792,.F.);
#2792 = EDGE_CURVE('',#1964,#2667,#2793,.T.);
#2793 = LINE('',#2794,#2795);
#2794 = CARTESIAN_POINT('',(-66.5,-24.15000000003,3.5));
#2795 = VECTOR('',#2796,1.);
#2796 = DIRECTION('',(0.,0.,1.));
#2797 = ORIENTED_EDGE('',*,*,#1974,.T.);
#2798 = ORIENTED_EDGE('',*,*,#2760,.T.);
#2799 = ORIENTED_EDGE('',*,*,#2800,.T.);
#2800 = EDGE_CURVE('',#2592,#2667,#2801,.T.);
#2801 = CIRCLE('',#2802,2.);
#2802 = AXIS2_PLACEMENT_3D('',#2803,#2804,#2805);
#2803 = CARTESIAN_POINT('',(-64.5,-24.15000000003,9.));
#2804 = DIRECTION('',(0.,0.,1.));
#2805 = DIRECTION('',(-1.,0.,0.));
#2806 = CYLINDRICAL_SURFACE('',#2807,2.);
#2807 = AXIS2_PLACEMENT_3D('',#2808,#2809,#2810);
#2808 = CARTESIAN_POINT('',(-64.5,-24.15000000003,3.5));
#2809 = DIRECTION('',(0.,0.,1.));
#2810 = DIRECTION('',(-1.,0.,0.));
#2811 = ADVANCED_FACE('',(#2812),#2829,.T.);
#2812 = FACE_BOUND('',#2813,.T.);
#2813 = EDGE_LOOP('',(#2814,#2820,#2821,#2822));
#2814 = ORIENTED_EDGE('',*,*,#2815,.F.);
#2815 = EDGE_CURVE('',#1992,#2658,#2816,.T.);
#2816 = LINE('',#2817,#2818);
#2817 = CARTESIAN_POINT('',(-66.5,-71.15000000003,3.5));
#2818 = VECTOR('',#2819,1.);
#2819 = DIRECTION('',(0.,0.,1.));
#2820 = ORIENTED_EDGE('',*,*,#2000,.F.);
#2821 = ORIENTED_EDGE('',*,*,#2777,.T.);
#2822 = ORIENTED_EDGE('',*,*,#2823,.F.);
#2823 = EDGE_CURVE('',#2658,#2634,#2824,.T.);
#2824 = CIRCLE('',#2825,2.);
#2825 = AXIS2_PLACEMENT_3D('',#2826,#2827,#2828);
#2826 = CARTESIAN_POINT('',(-64.5,-71.15000000003,9.));
#2827 = DIRECTION('',(-0.,0.,1.));
#2828 = DIRECTION('',(0.,-1.,0.));
#2829 = CYLINDRICAL_SURFACE('',#2830,2.);
#2830 = AXIS2_PLACEMENT_3D('',#2831,#2832,#2833);
#2831 = CARTESIAN_POINT('',(-64.5,-71.15000000003,3.5));
#2832 = DIRECTION('',(0.,0.,1.));
#2833 = DIRECTION('',(-1.,0.,0.));
#2834 = ADVANCED_FACE('',(#2835),#2841,.T.);
#2835 = FACE_BOUND('',#2836,.T.);
#2836 = EDGE_LOOP('',(#2837,#2838,#2839,#2840));
#2837 = ORIENTED_EDGE('',*,*,#2815,.T.);
#2838 = ORIENTED_EDGE('',*,*,#2666,.T.);
#2839 = ORIENTED_EDGE('',*,*,#2792,.F.);
#2840 = ORIENTED_EDGE('',*,*,#2016,.F.);
#2841 = PLANE('',#2842);
#2842 = AXIS2_PLACEMENT_3D('',#2843,#2844,#2845);
#2843 = CARTESIAN_POINT('',(-66.5,-47.65000000003,7.25));
#2844 = DIRECTION('',(-1.,-0.,-0.));
#2845 = DIRECTION('',(0.,0.,-1.));
#2846 = ADVANCED_FACE('',(#2847),#2866,.T.);
#2847 = FACE_BOUND('',#2848,.F.);
#2848 = EDGE_LOOP('',(#2849,#2857,#2864,#2865));
#2849 = ORIENTED_EDGE('',*,*,#2850,.T.);
#2850 = EDGE_CURVE('',#2084,#2851,#2853,.T.);
#2851 = VERTEX_POINT('',#2852);
#2852 = CARTESIAN_POINT('',(30.,-17.75,7.35));
#2853 = LINE('',#2854,#2855);
#2854 = CARTESIAN_POINT('',(30.,-17.75,3.5));
#2855 = VECTOR('',#2856,1.);
#2856 = DIRECTION('',(0.,0.,1.));
#2857 = ORIENTED_EDGE('',*,*,#2858,.T.);
#2858 = EDGE_CURVE('',#2851,#2851,#2859,.T.);
#2859 = CIRCLE('',#2860,10.);
#2860 = AXIS2_PLACEMENT_3D('',#2861,#2862,#2863);
#2861 = CARTESIAN_POINT('',(20.,-17.75,7.35));
#2862 = DIRECTION('',(0.,0.,1.));
#2863 = DIRECTION('',(1.,0.,0.));
#2864 = ORIENTED_EDGE('',*,*,#2850,.F.);
#2865 = ORIENTED_EDGE('',*,*,#2092,.F.);
#2866 = CYLINDRICAL_SURFACE('',#2867,10.);
#2867 = AXIS2_PLACEMENT_3D('',#2868,#2869,#2870);
#2868 = CARTESIAN_POINT('',(20.,-17.75,3.5));
#2869 = DIRECTION('',(-0.,-0.,-1.));
#2870 = DIRECTION('',(1.,0.,0.));
#2871 = ADVANCED_FACE('',(#2872),#2897,.T.);
#2872 = FACE_BOUND('',#2873,.T.);
#2873 = EDGE_LOOP('',(#2874,#2882,#2890,#2896));
#2874 = ORIENTED_EDGE('',*,*,#2875,.T.);
#2875 = EDGE_CURVE('',#2187,#2876,#2878,.T.);
#2876 = VERTEX_POINT('',#2877);
#2877 = CARTESIAN_POINT('',(-66.5,28.85,9.));
#2878 = LINE('',#2879,#2880);
#2879 = CARTESIAN_POINT('',(-66.5,28.85,3.5));
#2880 = VECTOR('',#2881,1.);
#2881 = DIRECTION('',(0.,0.,1.));
#2882 = ORIENTED_EDGE('',*,*,#2883,.T.);
#2883 = EDGE_CURVE('',#2876,#2884,#2886,.T.);
#2884 = VERTEX_POINT('',#2885);
#2885 = CARTESIAN_POINT('',(-66.5,75.85,9.));
#2886 = LINE('',#2887,#2888);
#2887 = CARTESIAN_POINT('',(-66.5,26.85,9.));
#2888 = VECTOR('',#2889,1.);
#2889 = DIRECTION('',(0.,1.,0.));
#2890 = ORIENTED_EDGE('',*,*,#2891,.F.);
#2891 = EDGE_CURVE('',#2196,#2884,#2892,.T.);
#2892 = LINE('',#2893,#2894);
#2893 = CARTESIAN_POINT('',(-66.5,75.85,3.5));
#2894 = VECTOR('',#2895,1.);
#2895 = DIRECTION('',(0.,0.,1.));
#2896 = ORIENTED_EDGE('',*,*,#2195,.F.);
#2897 = PLANE('',#2898);
#2898 = AXIS2_PLACEMENT_3D('',#2899,#2900,#2901);
#2899 = CARTESIAN_POINT('',(-66.5,52.35,7.25));
#2900 = DIRECTION('',(-1.,-0.,-0.));
#2901 = DIRECTION('',(0.,0.,-1.));
#2902 = ADVANCED_FACE('',(#2903),#2922,.T.);
#2903 = FACE_BOUND('',#2904,.T.);
#2904 = EDGE_LOOP('',(#2905,#2906,#2907,#2915));
#2905 = ORIENTED_EDGE('',*,*,#2875,.F.);
#2906 = ORIENTED_EDGE('',*,*,#2230,.T.);
#2907 = ORIENTED_EDGE('',*,*,#2908,.T.);
#2908 = EDGE_CURVE('',#2222,#2909,#2911,.T.);
#2909 = VERTEX_POINT('',#2910);
#2910 = CARTESIAN_POINT('',(-64.5,26.85,9.));
#2911 = LINE('',#2912,#2913);
#2912 = CARTESIAN_POINT('',(-64.5,26.85,3.5));
#2913 = VECTOR('',#2914,1.);
#2914 = DIRECTION('',(0.,0.,1.));
#2915 = ORIENTED_EDGE('',*,*,#2916,.F.);
#2916 = EDGE_CURVE('',#2876,#2909,#2917,.T.);
#2917 = CIRCLE('',#2918,2.);
#2918 = AXIS2_PLACEMENT_3D('',#2919,#2920,#2921);
#2919 = CARTESIAN_POINT('',(-64.5,28.85,9.));
#2920 = DIRECTION('',(0.,0.,1.));
#2921 = DIRECTION('',(-1.,0.,0.));
#2922 = CYLINDRICAL_SURFACE('',#2923,2.);
#2923 = AXIS2_PLACEMENT_3D('',#2924,#2925,#2926);
#2924 = CARTESIAN_POINT('',(-64.5,28.85,3.5));
#2925 = DIRECTION('',(0.,0.,1.));
#2926 = DIRECTION('',(-1.,0.,0.));
#2927 = ADVANCED_FACE('',(#2928),#2947,.T.);
#2928 = FACE_BOUND('',#2929,.F.);
#2929 = EDGE_LOOP('',(#2930,#2931,#2932,#2940));
#2930 = ORIENTED_EDGE('',*,*,#2891,.F.);
#2931 = ORIENTED_EDGE('',*,*,#2256,.T.);
#2932 = ORIENTED_EDGE('',*,*,#2933,.T.);
#2933 = EDGE_CURVE('',#2248,#2934,#2936,.T.);
#2934 = VERTEX_POINT('',#2935);
#2935 = CARTESIAN_POINT('',(-64.5,77.85,9.));
#2936 = LINE('',#2937,#2938);
#2937 = CARTESIAN_POINT('',(-64.5,77.85,3.5));
#2938 = VECTOR('',#2939,1.);
#2939 = DIRECTION('',(0.,0.,1.));
#2940 = ORIENTED_EDGE('',*,*,#2941,.T.);
#2941 = EDGE_CURVE('',#2934,#2884,#2942,.T.);
#2942 = CIRCLE('',#2943,2.);
#2943 = AXIS2_PLACEMENT_3D('',#2944,#2945,#2946);
#2944 = CARTESIAN_POINT('',(-64.5,75.85,9.));
#2945 = DIRECTION('',(0.,0.,1.));
#2946 = DIRECTION('',(-1.,0.,0.));
#2947 = CYLINDRICAL_SURFACE('',#2948,2.);
#2948 = AXIS2_PLACEMENT_3D('',#2949,#2950,#2951);
#2949 = CARTESIAN_POINT('',(-64.5,75.85,3.5));
#2950 = DIRECTION('',(0.,0.,1.));
#2951 = DIRECTION('',(-1.,0.,0.));
#2952 = ADVANCED_FACE('',(#2953),#2971,.T.);
#2953 = FACE_BOUND('',#2954,.T.);
#2954 = EDGE_LOOP('',(#2955,#2956,#2957,#2965));
#2955 = ORIENTED_EDGE('',*,*,#2908,.F.);
#2956 = ORIENTED_EDGE('',*,*,#2280,.F.);
#2957 = ORIENTED_EDGE('',*,*,#2958,.T.);
#2958 = EDGE_CURVE('',#2272,#2959,#2961,.T.);
#2959 = VERTEX_POINT('',#2960);
#2960 = CARTESIAN_POINT('',(-17.5,26.85,9.));
#2961 = LINE('',#2962,#2963);
#2962 = CARTESIAN_POINT('',(-17.5,26.85,3.5));
#2963 = VECTOR('',#2964,1.);
#2964 = DIRECTION('',(0.,0.,1.));
#2965 = ORIENTED_EDGE('',*,*,#2966,.T.);
#2966 = EDGE_CURVE('',#2959,#2909,#2967,.T.);
#2967 = LINE('',#2968,#2969);
#2968 = CARTESIAN_POINT('',(-15.5,26.85,9.));
#2969 = VECTOR('',#2970,1.);
#2970 = DIRECTION('',(-1.,0.,0.));
#2971 = PLANE('',#2972);
#2972 = AXIS2_PLACEMENT_3D('',#2973,#2974,#2975);
#2973 = CARTESIAN_POINT('',(-41.,26.85,7.25));
#2974 = DIRECTION('',(-0.,-1.,-0.));
#2975 = DIRECTION('',(0.,0.,-1.));
#2976 = ADVANCED_FACE('',(#2977),#2995,.T.);
#2977 = FACE_BOUND('',#2978,.T.);
#2978 = EDGE_LOOP('',(#2979,#2980,#2988,#2994));
#2979 = ORIENTED_EDGE('',*,*,#2933,.T.);
#2980 = ORIENTED_EDGE('',*,*,#2981,.T.);
#2981 = EDGE_CURVE('',#2934,#2982,#2984,.T.);
#2982 = VERTEX_POINT('',#2983);
#2983 = CARTESIAN_POINT('',(-17.5,77.85,9.));
#2984 = LINE('',#2985,#2986);
#2985 = CARTESIAN_POINT('',(-66.5,77.85,9.));
#2986 = VECTOR('',#2987,1.);
#2987 = DIRECTION('',(1.,0.,0.));
#2988 = ORIENTED_EDGE('',*,*,#2989,.F.);
#2989 = EDGE_CURVE('',#2298,#2982,#2990,.T.);
#2990 = LINE('',#2991,#2992);
#2991 = CARTESIAN_POINT('',(-17.5,77.85,3.5));
#2992 = VECTOR('',#2993,1.);
#2993 = DIRECTION('',(0.,0.,1.));
#2994 = ORIENTED_EDGE('',*,*,#2297,.F.);
#2995 = PLANE('',#2996);
#2996 = AXIS2_PLACEMENT_3D('',#2997,#2998,#2999);
#2997 = CARTESIAN_POINT('',(-41.,77.85,7.25));
#2998 = DIRECTION('',(0.,1.,0.));
#2999 = DIRECTION('',(0.,0.,1.));
#3000 = ADVANCED_FACE('',(#3001),#3020,.T.);
#3001 = FACE_BOUND('',#3002,.F.);
#3002 = EDGE_LOOP('',(#3003,#3011,#3012,#3013));
#3003 = ORIENTED_EDGE('',*,*,#3004,.F.);
#3004 = EDGE_CURVE('',#2322,#3005,#3007,.T.);
#3005 = VERTEX_POINT('',#3006);
#3006 = CARTESIAN_POINT('',(-15.5,28.85,9.));
#3007 = LINE('',#3008,#3009);
#3008 = CARTESIAN_POINT('',(-15.5,28.85,3.5));
#3009 = VECTOR('',#3010,1.);
#3010 = DIRECTION('',(0.,0.,1.));
#3011 = ORIENTED_EDGE('',*,*,#2332,.T.);
#3012 = ORIENTED_EDGE('',*,*,#2958,.T.);
#3013 = ORIENTED_EDGE('',*,*,#3014,.T.);
#3014 = EDGE_CURVE('',#2959,#3005,#3015,.T.);
#3015 = CIRCLE('',#3016,2.);
#3016 = AXIS2_PLACEMENT_3D('',#3017,#3018,#3019);
#3017 = CARTESIAN_POINT('',(-17.5,28.85,9.));
#3018 = DIRECTION('',(0.,0.,1.));
#3019 = DIRECTION('',(1.,0.,0.));
#3020 = CYLINDRICAL_SURFACE('',#3021,2.);
#3021 = AXIS2_PLACEMENT_3D('',#3022,#3023,#3024);
#3022 = CARTESIAN_POINT('',(-17.5,28.85,3.5));
#3023 = DIRECTION('',(0.,0.,1.));
#3024 = DIRECTION('',(1.,0.,0.));
#3025 = ADVANCED_FACE('',(#3026),#3045,.T.);
#3026 = FACE_BOUND('',#3027,.T.);
#3027 = EDGE_LOOP('',(#3028,#3036,#3037,#3038));
#3028 = ORIENTED_EDGE('',*,*,#3029,.F.);
#3029 = EDGE_CURVE('',#2350,#3030,#3032,.T.);
#3030 = VERTEX_POINT('',#3031);
#3031 = CARTESIAN_POINT('',(-15.5,75.85,9.));
#3032 = LINE('',#3033,#3034);
#3033 = CARTESIAN_POINT('',(-15.5,75.85,3.5));
#3034 = VECTOR('',#3035,1.);
#3035 = DIRECTION('',(0.,0.,1.));
#3036 = ORIENTED_EDGE('',*,*,#2358,.F.);
#3037 = ORIENTED_EDGE('',*,*,#2989,.T.);
#3038 = ORIENTED_EDGE('',*,*,#3039,.F.);
#3039 = EDGE_CURVE('',#3030,#2982,#3040,.T.);
#3040 = CIRCLE('',#3041,2.);
#3041 = AXIS2_PLACEMENT_3D('',#3042,#3043,#3044);
#3042 = CARTESIAN_POINT('',(-17.5,75.85,9.));
#3043 = DIRECTION('',(0.,-0.,1.));
#3044 = DIRECTION('',(0.,1.,0.));
#3045 = CYLINDRICAL_SURFACE('',#3046,2.);
#3046 = AXIS2_PLACEMENT_3D('',#3047,#3048,#3049);
#3047 = CARTESIAN_POINT('',(-17.5,75.85,3.5));
#3048 = DIRECTION('',(0.,0.,1.));
#3049 = DIRECTION('',(1.,0.,0.));
#3050 = ADVANCED_FACE('',(#3051),#3062,.T.);
#3051 = FACE_BOUND('',#3052,.T.);
#3052 = EDGE_LOOP('',(#3053,#3054,#3060,#3061));
#3053 = ORIENTED_EDGE('',*,*,#3029,.T.);
#3054 = ORIENTED_EDGE('',*,*,#3055,.T.);
#3055 = EDGE_CURVE('',#3030,#3005,#3056,.T.);
#3056 = LINE('',#3057,#3058);
#3057 = CARTESIAN_POINT('',(-15.5,77.85,9.));
#3058 = VECTOR('',#3059,1.);
#3059 = DIRECTION('',(0.,-1.,0.));
#3060 = ORIENTED_EDGE('',*,*,#3004,.F.);
#3061 = ORIENTED_EDGE('',*,*,#2374,.F.);
#3062 = PLANE('',#3063);
#3063 = AXIS2_PLACEMENT_3D('',#3064,#3065,#3066);
#3064 = CARTESIAN_POINT('',(-15.5,52.35,7.25));
#3065 = DIRECTION('',(1.,0.,0.));
#3066 = DIRECTION('',(0.,0.,1.));
#3067 = ADVANCED_FACE('',(#3068,#3079),#3082,.T.);
#3068 = FACE_BOUND('',#3069,.T.);
#3069 = EDGE_LOOP('',(#3070));
#3070 = ORIENTED_EDGE('',*,*,#3071,.T.);
#3071 = EDGE_CURVE('',#3072,#3072,#3074,.T.);
#3072 = VERTEX_POINT('',#3073);
#3073 = CARTESIAN_POINT('',(27.,-17.75,10.35));
#3074 = CIRCLE('',#3075,7.);
#3075 = AXIS2_PLACEMENT_3D('',#3076,#3077,#3078);
#3076 = CARTESIAN_POINT('',(20.,-17.75,10.35));
#3077 = DIRECTION('',(0.,0.,1.));
#3078 = DIRECTION('',(1.,0.,0.));
#3079 = FACE_BOUND('',#3080,.F.);
#3080 = EDGE_LOOP('',(#3081));
#3081 = ORIENTED_EDGE('',*,*,#2441,.T.);
#3082 = PLANE('',#3083);
#3083 = AXIS2_PLACEMENT_3D('',#3084,#3085,#3086);
#3084 = CARTESIAN_POINT('',(20.,1.878169014085,10.35));
#3085 = DIRECTION('',(0.,0.,1.));
#3086 = DIRECTION('',(1.,0.,0.));
#3087 = ADVANCED_FACE('',(#3088),#3107,.F.);
#3088 = FACE_BOUND('',#3089,.T.);
#3089 = EDGE_LOOP('',(#3090,#3098,#3105,#3106));
#3090 = ORIENTED_EDGE('',*,*,#3091,.T.);
#3091 = EDGE_CURVE('',#2481,#3092,#3094,.T.);
#3092 = VERTEX_POINT('',#3093);
#3093 = CARTESIAN_POINT('',(-54.8,36.85,11.));
#3094 = LINE('',#3095,#3096);
#3095 = CARTESIAN_POINT('',(-54.8,36.85,7.5));
#3096 = VECTOR('',#3097,1.);
#3097 = DIRECTION('',(0.,0.,1.));
#3098 = ORIENTED_EDGE('',*,*,#3099,.T.);
#3099 = EDGE_CURVE('',#3092,#3092,#3100,.T.);
#3100 = CIRCLE('',#3101,1.7);
#3101 = AXIS2_PLACEMENT_3D('',#3102,#3103,#3104);
#3102 = CARTESIAN_POINT('',(-56.5,36.85,11.));
#3103 = DIRECTION('',(0.,0.,1.));
#3104 = DIRECTION('',(1.,0.,0.));
#3105 = ORIENTED_EDGE('',*,*,#3091,.F.);
#3106 = ORIENTED_EDGE('',*,*,#2480,.F.);
#3107 = CYLINDRICAL_SURFACE('',#3108,1.7);
#3108 = AXIS2_PLACEMENT_3D('',#3109,#3110,#3111);
#3109 = CARTESIAN_POINT('',(-56.5,36.85,7.5));
#3110 = DIRECTION('',(-0.,-0.,-1.));
#3111 = DIRECTION('',(1.,0.,0.));
#3112 = ADVANCED_FACE('',(#3113),#3132,.F.);
#3113 = FACE_BOUND('',#3114,.T.);
#3114 = EDGE_LOOP('',(#3115,#3123,#3130,#3131));
#3115 = ORIENTED_EDGE('',*,*,#3116,.T.);
#3116 = EDGE_CURVE('',#2492,#3117,#3119,.T.);
#3117 = VERTEX_POINT('',#3118);
#3118 = CARTESIAN_POINT('',(-23.8,36.85,11.));
#3119 = LINE('',#3120,#3121);
#3120 = CARTESIAN_POINT('',(-23.8,36.85,7.5));
#3121 = VECTOR('',#3122,1.);
#3122 = DIRECTION('',(0.,0.,1.));
#3123 = ORIENTED_EDGE('',*,*,#3124,.T.);
#3124 = EDGE_CURVE('',#3117,#3117,#3125,.T.);
#3125 = CIRCLE('',#3126,1.7);
#3126 = AXIS2_PLACEMENT_3D('',#3127,#3128,#3129);
#3127 = CARTESIAN_POINT('',(-25.5,36.85,11.));
#3128 = DIRECTION('',(0.,0.,1.));
#3129 = DIRECTION('',(1.,0.,0.));
#3130 = ORIENTED_EDGE('',*,*,#3116,.F.);
#3131 = ORIENTED_EDGE('',*,*,#2491,.F.);
#3132 = CYLINDRICAL_SURFACE('',#3133,1.7);
#3133 = AXIS2_PLACEMENT_3D('',#3134,#3135,#3136);
#3134 = CARTESIAN_POINT('',(-25.5,36.85,7.5));
#3135 = DIRECTION('',(-0.,-0.,-1.));
#3136 = DIRECTION('',(1.,0.,0.));
#3137 = ADVANCED_FACE('',(#3138),#3157,.F.);
#3138 = FACE_BOUND('',#3139,.T.);
#3139 = EDGE_LOOP('',(#3140,#3148,#3155,#3156));
#3140 = ORIENTED_EDGE('',*,*,#3141,.T.);
#3141 = EDGE_CURVE('',#2503,#3142,#3144,.T.);
#3142 = VERTEX_POINT('',#3143);
#3143 = CARTESIAN_POINT('',(-54.8,67.85,11.));
#3144 = LINE('',#3145,#3146);
#3145 = CARTESIAN_POINT('',(-54.8,67.85,7.5));
#3146 = VECTOR('',#3147,1.);
#3147 = DIRECTION('',(0.,0.,1.));
#3148 = ORIENTED_EDGE('',*,*,#3149,.T.);
#3149 = EDGE_CURVE('',#3142,#3142,#3150,.T.);
#3150 = CIRCLE('',#3151,1.7);
#3151 = AXIS2_PLACEMENT_3D('',#3152,#3153,#3154);
#3152 = CARTESIAN_POINT('',(-56.5,67.85,11.));
#3153 = DIRECTION('',(0.,0.,1.));
#3154 = DIRECTION('',(1.,0.,0.));
#3155 = ORIENTED_EDGE('',*,*,#3141,.F.);
#3156 = ORIENTED_EDGE('',*,*,#2502,.F.);
#3157 = CYLINDRICAL_SURFACE('',#3158,1.7);
#3158 = AXIS2_PLACEMENT_3D('',#3159,#3160,#3161);
#3159 = CARTESIAN_POINT('',(-56.5,67.85,7.5));
#3160 = DIRECTION('',(-0.,-0.,-1.));
#3161 = DIRECTION('',(1.,0.,0.));
#3162 = ADVANCED_FACE('',(#3163),#3182,.F.);
#3163 = FACE_BOUND('',#3164,.T.);
#3164 = EDGE_LOOP('',(#3165,#3173,#3180,#3181));
#3165 = ORIENTED_EDGE('',*,*,#3166,.T.);
#3166 = EDGE_CURVE('',#2514,#3167,#3169,.T.);
#3167 = VERTEX_POINT('',#3168);
#3168 = CARTESIAN_POINT('',(-28.5,52.35,11.));
#3169 = LINE('',#3170,#3171);
#3170 = CARTESIAN_POINT('',(-28.5,52.35,7.5));
#3171 = VECTOR('',#3172,1.);
#3172 = DIRECTION('',(0.,0.,1.));
#3173 = ORIENTED_EDGE('',*,*,#3174,.T.);
#3174 = EDGE_CURVE('',#3167,#3167,#3175,.T.);
#3175 = CIRCLE('',#3176,12.5);
#3176 = AXIS2_PLACEMENT_3D('',#3177,#3178,#3179);
#3177 = CARTESIAN_POINT('',(-41.,52.35,11.));
#3178 = DIRECTION('',(0.,0.,1.));
#3179 = DIRECTION('',(1.,0.,0.));
#3180 = ORIENTED_EDGE('',*,*,#3166,.F.);
#3181 = ORIENTED_EDGE('',*,*,#2513,.F.);
#3182 = CYLINDRICAL_SURFACE('',#3183,12.5);
#3183 = AXIS2_PLACEMENT_3D('',#3184,#3185,#3186);
#3184 = CARTESIAN_POINT('',(-41.,52.35,7.5));
#3185 = DIRECTION('',(-0.,-0.,-1.));
#3186 = DIRECTION('',(1.,0.,0.));
#3187 = ADVANCED_FACE('',(#3188),#3207,.F.);
#3188 = FACE_BOUND('',#3189,.T.);
#3189 = EDGE_LOOP('',(#3190,#3198,#3205,#3206));
#3190 = ORIENTED_EDGE('',*,*,#3191,.T.);
#3191 = EDGE_CURVE('',#2525,#3192,#3194,.T.);
#3192 = VERTEX_POINT('',#3193);
#3193 = CARTESIAN_POINT('',(-23.8,67.85,11.));
#3194 = LINE('',#3195,#3196);
#3195 = CARTESIAN_POINT('',(-23.8,67.85,7.5));
#3196 = VECTOR('',#3197,1.);
#3197 = DIRECTION('',(0.,0.,1.));
#3198 = ORIENTED_EDGE('',*,*,#3199,.T.);
#3199 = EDGE_CURVE('',#3192,#3192,#3200,.T.);
#3200 = CIRCLE('',#3201,1.7);
#3201 = AXIS2_PLACEMENT_3D('',#3202,#3203,#3204);
#3202 = CARTESIAN_POINT('',(-25.5,67.85,11.));
#3203 = DIRECTION('',(0.,0.,1.));
#3204 = DIRECTION('',(1.,0.,0.));
#3205 = ORIENTED_EDGE('',*,*,#3191,.F.);
#3206 = ORIENTED_EDGE('',*,*,#2524,.F.);
#3207 = CYLINDRICAL_SURFACE('',#3208,1.7);
#3208 = AXIS2_PLACEMENT_3D('',#3209,#3210,#3211);
#3209 = CARTESIAN_POINT('',(-25.5,67.85,7.5));
#3210 = DIRECTION('',(-0.,-0.,-1.));
#3211 = DIRECTION('',(1.,0.,0.));
#3212 = ADVANCED_FACE('',(#3213),#3218,.T.);
#3213 = FACE_BOUND('',#3214,.F.);
#3214 = EDGE_LOOP('',(#3215,#3216,#3217));
#3215 = ORIENTED_EDGE('',*,*,#2558,.F.);
#3216 = ORIENTED_EDGE('',*,*,#2608,.T.);
#3217 = ORIENTED_EDGE('',*,*,#2720,.F.);
#3218 = SPHERICAL_SURFACE('',#3219,2.);
#3219 = AXIS2_PLACEMENT_3D('',#3220,#3221,#3222);
#3220 = CARTESIAN_POINT('',(-17.5,-24.15000000003,9.));
#3221 = DIRECTION('',(-0.,-0.,-1.));
#3222 = DIRECTION('',(1.,0.,0.));
#3223 = ADVANCED_FACE('',(#3224),#3229,.T.);
#3224 = FACE_BOUND('',#3225,.F.);
#3225 = EDGE_LOOP('',(#3226,#3227,#3228));
#3226 = ORIENTED_EDGE('',*,*,#2743,.F.);
#3227 = ORIENTED_EDGE('',*,*,#2624,.T.);
#3228 = ORIENTED_EDGE('',*,*,#2575,.F.);
#3229 = SPHERICAL_SURFACE('',#3230,2.);
#3230 = AXIS2_PLACEMENT_3D('',#3231,#3232,#3233);
#3231 = CARTESIAN_POINT('',(-17.5,-71.15000000003,9.));
#3232 = DIRECTION('',(0.,1.,0.));
#3233 = DIRECTION('',(1.,0.,0.));
#3234 = ADVANCED_FACE('',(#3235),#3240,.T.);
#3235 = FACE_BOUND('',#3236,.F.);
#3236 = EDGE_LOOP('',(#3237,#3238,#3239));
#3237 = ORIENTED_EDGE('',*,*,#2800,.F.);
#3238 = ORIENTED_EDGE('',*,*,#2591,.T.);
#3239 = ORIENTED_EDGE('',*,*,#2674,.F.);
#3240 = SPHERICAL_SURFACE('',#3241,2.);
#3241 = AXIS2_PLACEMENT_3D('',#3242,#3243,#3244);
#3242 = CARTESIAN_POINT('',(-64.5,-24.15000000003,9.));
#3243 = DIRECTION('',(-0.,-1.,-0.));
#3244 = DIRECTION('',(-1.,0.,0.));
#3245 = ADVANCED_FACE('',(#3246),#3251,.T.);
#3246 = FACE_BOUND('',#3247,.F.);
#3247 = EDGE_LOOP('',(#3248,#3249,#3250));
#3248 = ORIENTED_EDGE('',*,*,#2823,.F.);
#3249 = ORIENTED_EDGE('',*,*,#2657,.T.);
#3250 = ORIENTED_EDGE('',*,*,#2641,.F.);
#3251 = SPHERICAL_SURFACE('',#3252,2.);
#3252 = AXIS2_PLACEMENT_3D('',#3253,#3254,#3255);
#3253 = CARTESIAN_POINT('',(-64.5,-71.15000000003,9.));
#3254 = DIRECTION('',(1.,0.,0.));
#3255 = DIRECTION('',(0.,-1.,0.));
#3256 = ADVANCED_FACE('',(#3257),#3268,.T.);
#3257 = FACE_BOUND('',#3258,.T.);
#3258 = EDGE_LOOP('',(#3259,#3265,#3266,#3267));
#3259 = ORIENTED_EDGE('',*,*,#3260,.F.);
#3260 = EDGE_CURVE('',#2851,#3072,#3261,.T.);
#3261 = LINE('',#3262,#3263);
#3262 = CARTESIAN_POINT('',(30.,-17.75,7.35));
#3263 = VECTOR('',#3264,1.);
#3264 = DIRECTION('',(-0.707106781187,0.,0.707106781187));
#3265 = ORIENTED_EDGE('',*,*,#2858,.T.);
#3266 = ORIENTED_EDGE('',*,*,#3260,.T.);
#3267 = ORIENTED_EDGE('',*,*,#3071,.F.);
#3268 = CONICAL_SURFACE('',#3269,10.,0.785398163397);
#3269 = AXIS2_PLACEMENT_3D('',#3270,#3271,#3272);
#3270 = CARTESIAN_POINT('',(20.,-17.75,7.35));
#3271 = DIRECTION('',(-0.,-0.,-1.));
#3272 = DIRECTION('',(1.,0.,0.));
#3273 = ADVANCED_FACE('',(#3274),#3301,.T.);
#3274 = FACE_BOUND('',#3275,.F.);
#3275 = EDGE_LOOP('',(#3276,#3285,#3286,#3295));
#3276 = ORIENTED_EDGE('',*,*,#3277,.T.);
#3277 = EDGE_CURVE('',#3278,#2876,#3280,.T.);
#3278 = VERTEX_POINT('',#3279);
#3279 = CARTESIAN_POINT('',(-64.5,28.85,11.));
#3280 = CIRCLE('',#3281,2.);
#3281 = AXIS2_PLACEMENT_3D('',#3282,#3283,#3284);
#3282 = CARTESIAN_POINT('',(-64.5,28.85,9.));
#3283 = DIRECTION('',(0.,-1.,0.));
#3284 = DIRECTION('',(-1.,0.,0.));
#3285 = ORIENTED_EDGE('',*,*,#2883,.T.);
#3286 = ORIENTED_EDGE('',*,*,#3287,.T.);
#3287 = EDGE_CURVE('',#2884,#3288,#3290,.T.);
#3288 = VERTEX_POINT('',#3289);
#3289 = CARTESIAN_POINT('',(-64.5,75.85,11.));
#3290 = CIRCLE('',#3291,2.);
#3291 = AXIS2_PLACEMENT_3D('',#3292,#3293,#3294);
#3292 = CARTESIAN_POINT('',(-64.5,75.85,9.));
#3293 = DIRECTION('',(0.,1.,-0.));
#3294 = DIRECTION('',(-1.,0.,0.));
#3295 = ORIENTED_EDGE('',*,*,#3296,.F.);
#3296 = EDGE_CURVE('',#3278,#3288,#3297,.T.);
#3297 = LINE('',#3298,#3299);
#3298 = CARTESIAN_POINT('',(-64.5,26.85,11.));
#3299 = VECTOR('',#3300,1.);
#3300 = DIRECTION('',(0.,1.,0.));
#3301 = CYLINDRICAL_SURFACE('',#3302,2.);
#3302 = AXIS2_PLACEMENT_3D('',#3303,#3304,#3305);
#3303 = CARTESIAN_POINT('',(-64.5,26.85,9.));
#3304 = DIRECTION('',(0.,1.,0.));
#3305 = DIRECTION('',(0.,0.,1.));
#3306 = ADVANCED_FACE('',(#3307),#3318,.T.);
#3307 = FACE_BOUND('',#3308,.F.);
#3308 = EDGE_LOOP('',(#3309,#3310,#3317));
#3309 = ORIENTED_EDGE('',*,*,#3277,.F.);
#3310 = ORIENTED_EDGE('',*,*,#3311,.T.);
#3311 = EDGE_CURVE('',#3278,#2909,#3312,.T.);
#3312 = CIRCLE('',#3313,2.);
#3313 = AXIS2_PLACEMENT_3D('',#3314,#3315,#3316);
#3314 = CARTESIAN_POINT('',(-64.5,28.85,9.));
#3315 = DIRECTION('',(1.,-6.E-17,0.));
#3316 = DIRECTION('',(-6.E-17,-1.,0.));
#3317 = ORIENTED_EDGE('',*,*,#2916,.F.);
#3318 = SPHERICAL_SURFACE('',#3319,2.);
#3319 = AXIS2_PLACEMENT_3D('',#3320,#3321,#3322);
#3320 = CARTESIAN_POINT('',(-64.5,28.85,9.));
#3321 = DIRECTION('',(-0.,-0.,-1.));
#3322 = DIRECTION('',(-1.,0.,0.));
#3323 = ADVANCED_FACE('',(#3324),#3335,.T.);
#3324 = FACE_BOUND('',#3325,.F.);
#3325 = EDGE_LOOP('',(#3326,#3327,#3334));
#3326 = ORIENTED_EDGE('',*,*,#2941,.F.);
#3327 = ORIENTED_EDGE('',*,*,#3328,.T.);
#3328 = EDGE_CURVE('',#2934,#3288,#3329,.T.);
#3329 = CIRCLE('',#3330,2.);
#3330 = AXIS2_PLACEMENT_3D('',#3331,#3332,#3333);
#3331 = CARTESIAN_POINT('',(-64.5,75.85,9.));
#3332 = DIRECTION('',(1.,0.,6.E-17));
#3333 = DIRECTION('',(-6.E-17,0.,1.));
#3334 = ORIENTED_EDGE('',*,*,#3287,.F.);
#3335 = SPHERICAL_SURFACE('',#3336,2.);
#3336 = AXIS2_PLACEMENT_3D('',#3337,#3338,#3339);
#3337 = CARTESIAN_POINT('',(-64.5,75.85,9.));
#3338 = DIRECTION('',(-0.,-1.,-0.));
#3339 = DIRECTION('',(-1.,0.,0.));
#3340 = ADVANCED_FACE('',(#3341),#3360,.T.);
#3341 = FACE_BOUND('',#3342,.F.);
#3342 = EDGE_LOOP('',(#3343,#3352,#3353,#3354));
#3343 = ORIENTED_EDGE('',*,*,#3344,.F.);
#3344 = EDGE_CURVE('',#2959,#3345,#3347,.T.);
#3345 = VERTEX_POINT('',#3346);
#3346 = CARTESIAN_POINT('',(-17.5,28.85,11.));
#3347 = CIRCLE('',#3348,2.);
#3348 = AXIS2_PLACEMENT_3D('',#3349,#3350,#3351);
#3349 = CARTESIAN_POINT('',(-17.5,28.85,9.));
#3350 = DIRECTION('',(-1.,0.,6.E-17));
#3351 = DIRECTION('',(6.E-17,0.,1.));
#3352 = ORIENTED_EDGE('',*,*,#2966,.T.);
#3353 = ORIENTED_EDGE('',*,*,#3311,.F.);
#3354 = ORIENTED_EDGE('',*,*,#3355,.F.);
#3355 = EDGE_CURVE('',#3345,#3278,#3356,.T.);
#3356 = LINE('',#3357,#3358);
#3357 = CARTESIAN_POINT('',(-15.5,28.85,11.));
#3358 = VECTOR('',#3359,1.);
#3359 = DIRECTION('',(-1.,0.,0.));
#3360 = CYLINDRICAL_SURFACE('',#3361,2.);
#3361 = AXIS2_PLACEMENT_3D('',#3362,#3363,#3364);
#3362 = CARTESIAN_POINT('',(-15.5,28.85,9.));
#3363 = DIRECTION('',(-1.,0.,0.));
#3364 = DIRECTION('',(0.,0.,1.));
#3365 = ADVANCED_FACE('',(#3366),#3385,.T.);
#3366 = FACE_BOUND('',#3367,.F.);
#3367 = EDGE_LOOP('',(#3368,#3369,#3370,#3379));
#3368 = ORIENTED_EDGE('',*,*,#3328,.F.);
#3369 = ORIENTED_EDGE('',*,*,#2981,.T.);
#3370 = ORIENTED_EDGE('',*,*,#3371,.T.);
#3371 = EDGE_CURVE('',#2982,#3372,#3374,.T.);
#3372 = VERTEX_POINT('',#3373);
#3373 = CARTESIAN_POINT('',(-17.5,75.85,11.));
#3374 = CIRCLE('',#3375,2.);
#3375 = AXIS2_PLACEMENT_3D('',#3376,#3377,#3378);
#3376 = CARTESIAN_POINT('',(-17.5,75.85,9.));
#3377 = DIRECTION('',(1.,0.,0.));
#3378 = DIRECTION('',(0.,1.,0.));
#3379 = ORIENTED_EDGE('',*,*,#3380,.F.);
#3380 = EDGE_CURVE('',#3288,#3372,#3381,.T.);
#3381 = LINE('',#3382,#3383);
#3382 = CARTESIAN_POINT('',(-66.5,75.85,11.));
#3383 = VECTOR('',#3384,1.);
#3384 = DIRECTION('',(1.,0.,0.));
#3385 = CYLINDRICAL_SURFACE('',#3386,2.);
#3386 = AXIS2_PLACEMENT_3D('',#3387,#3388,#3389);
#3387 = CARTESIAN_POINT('',(-66.5,75.85,9.));
#3388 = DIRECTION('',(1.,0.,0.));
#3389 = DIRECTION('',(0.,0.,1.));
#3390 = ADVANCED_FACE('',(#3391),#3402,.T.);
#3391 = FACE_BOUND('',#3392,.F.);
#3392 = EDGE_LOOP('',(#3393,#3394,#3395));
#3393 = ORIENTED_EDGE('',*,*,#3014,.F.);
#3394 = ORIENTED_EDGE('',*,*,#3344,.T.);
#3395 = ORIENTED_EDGE('',*,*,#3396,.F.);
#3396 = EDGE_CURVE('',#3005,#3345,#3397,.T.);
#3397 = CIRCLE('',#3398,2.);
#3398 = AXIS2_PLACEMENT_3D('',#3399,#3400,#3401);
#3399 = CARTESIAN_POINT('',(-17.5,28.85,9.));
#3400 = DIRECTION('',(0.,-1.,0.));
#3401 = DIRECTION('',(1.,0.,0.));
#3402 = SPHERICAL_SURFACE('',#3403,2.);
#3403 = AXIS2_PLACEMENT_3D('',#3404,#3405,#3406);
#3404 = CARTESIAN_POINT('',(-17.5,28.85,9.));
#3405 = DIRECTION('',(0.,1.,0.));
#3406 = DIRECTION('',(1.,0.,0.));
#3407 = ADVANCED_FACE('',(#3408),#3419,.T.);
#3408 = FACE_BOUND('',#3409,.F.);
#3409 = EDGE_LOOP('',(#3410,#3411,#3418));
#3410 = ORIENTED_EDGE('',*,*,#3039,.F.);
#3411 = ORIENTED_EDGE('',*,*,#3412,.T.);
#3412 = EDGE_CURVE('',#3030,#3372,#3413,.T.);
#3413 = CIRCLE('',#3414,2.);
#3414 = AXIS2_PLACEMENT_3D('',#3415,#3416,#3417);
#3415 = CARTESIAN_POINT('',(-17.5,75.85,9.));
#3416 = DIRECTION('',(0.,-1.,6.E-17));
#3417 = DIRECTION('',(0.,6.E-17,1.));
#3418 = ORIENTED_EDGE('',*,*,#3371,.F.);
#3419 = SPHERICAL_SURFACE('',#3420,2.);
#3420 = AXIS2_PLACEMENT_3D('',#3421,#3422,#3423);
#3421 = CARTESIAN_POINT('',(-17.5,75.85,9.));
#3422 = DIRECTION('',(-1.,0.,0.));
#3423 = DIRECTION('',(0.,1.,0.));
#3424 = ADVANCED_FACE('',(#3425),#3436,.T.);
#3425 = FACE_BOUND('',#3426,.F.);
#3426 = EDGE_LOOP('',(#3427,#3428,#3429,#3430));
#3427 = ORIENTED_EDGE('',*,*,#3412,.F.);
#3428 = ORIENTED_EDGE('',*,*,#3055,.T.);
#3429 = ORIENTED_EDGE('',*,*,#3396,.T.);
#3430 = ORIENTED_EDGE('',*,*,#3431,.F.);
#3431 = EDGE_CURVE('',#3372,#3345,#3432,.T.);
#3432 = LINE('',#3433,#3434);
#3433 = CARTESIAN_POINT('',(-17.5,77.85,11.));
#3434 = VECTOR('',#3435,1.);
#3435 = DIRECTION('',(0.,-1.,0.));
#3436 = CYLINDRICAL_SURFACE('',#3437,2.);
#3437 = AXIS2_PLACEMENT_3D('',#3438,#3439,#3440);
#3438 = CARTESIAN_POINT('',(-17.5,77.85,9.));
#3439 = DIRECTION('',(0.,-1.,0.));
#3440 = DIRECTION('',(0.,0.,1.));
#3441 = ADVANCED_FACE('',(#3442,#3448,#3451,#3454,#3457,#3460),#3463,.T.
  );
#3442 = FACE_BOUND('',#3443,.T.);
#3443 = EDGE_LOOP('',(#3444,#3445,#3446,#3447));
#3444 = ORIENTED_EDGE('',*,*,#3296,.F.);
#3445 = ORIENTED_EDGE('',*,*,#3355,.F.);
#3446 = ORIENTED_EDGE('',*,*,#3431,.F.);
#3447 = ORIENTED_EDGE('',*,*,#3380,.F.);
#3448 = FACE_BOUND('',#3449,.F.);
#3449 = EDGE_LOOP('',(#3450));
#3450 = ORIENTED_EDGE('',*,*,#3174,.T.);
#3451 = FACE_BOUND('',#3452,.F.);
#3452 = EDGE_LOOP('',(#3453));
#3453 = ORIENTED_EDGE('',*,*,#3199,.T.);
#3454 = FACE_BOUND('',#3455,.F.);
#3455 = EDGE_LOOP('',(#3456));
#3456 = ORIENTED_EDGE('',*,*,#3149,.T.);
#3457 = FACE_BOUND('',#3458,.F.);
#3458 = EDGE_LOOP('',(#3459));
#3459 = ORIENTED_EDGE('',*,*,#3099,.T.);
#3460 = FACE_BOUND('',#3461,.F.);
#3461 = EDGE_LOOP('',(#3462));
#3462 = ORIENTED_EDGE('',*,*,#3124,.T.);
#3463 = PLANE('',#3464);
#3464 = AXIS2_PLACEMENT_3D('',#3465,#3466,#3467);
#3465 = CARTESIAN_POINT('',(-41.,2.349999999986,11.));
#3466 = DIRECTION('',(0.,0.,1.));
#3467 = DIRECTION('',(1.,0.,0.));
#3468 = ( GEOMETRIC_REPRESENTATION_CONTEXT(3) 
GLOBAL_UNCERTAINTY_ASSIGNED_CONTEXT((#3472)) 
GLOBAL_UNIT_ASSIGNED_CONTEXT((#3469,#3470,#3471)) REPRESENTATION_CONTEXT
('Context #1','3D Context with UNIT and UNCERTAINTY') );
#3469 = ( LENGTH_UNIT() NAMED_UNIT(*) SI_UNIT(.MILLI.,.METRE.) );
#3470 = ( NAMED_UNIT(*) PLANE_ANGLE_UNIT() SI_UNIT($,.RADIAN.) );
#3471 = ( NAMED_UNIT(*) SI_UNIT($,.STERADIAN.) SOLID_ANGLE_UNIT() );
#3472 = UNCERTAINTY_MEASURE_WITH_UNIT(LENGTH_MEASURE(1.E-07),#3469,
  'distance_accuracy_value','confusion accuracy');
#3473 = PRODUCT_RELATED_PRODUCT_CATEGORY('part',$,(#7));
#3474 = MECHANICAL_DESIGN_GEOMETRIC_PRESENTATION_REPRESENTATION('',(
    #3475),#3468);
#3475 = STYLED_ITEM('color',(#3476),#15);
#3476 = PRESENTATION_STYLE_ASSIGNMENT((#3477,#3483));
#3477 = SURFACE_STYLE_USAGE(.BOTH.,#3478);
#3478 = SURFACE_SIDE_STYLE('',(#3479));
#3479 = SURFACE_STYLE_FILL_AREA(#3480);
#3480 = FILL_AREA_STYLE('',(#3481));
#3481 = FILL_AREA_STYLE_COLOUR('',#3482);
#3482 = COLOUR_RGB('',0.447058818107,0.474509808674,0.501960817233);
#3483 = CURVE_STYLE('',#3484,POSITIVE_LENGTH_MEASURE(0.1),#3485);
#3484 = DRAUGHTING_PRE_DEFINED_CURVE_FONT('continuous');
#3485 = COLOUR_RGB('',9.803921802644E-02,9.803921802644E-02,
  9.803921802644E-02);
ENDSEC;
END-ISO-10303-21;
