ISO-10303-21;
HEADER;
FILE_DESCRIPTION(('FreeCAD Model'),'2;1');
FILE_NAME('Open CASCADE Shape Model','2026-09-01T22:30:39',('Author'),(
    ''),'Open CASCADE STEP processor 7.9','FreeCAD','Unknown');
FILE_SCHEMA(('AUTOMOTIVE_DESIGN { 1 0 10303 214 1 1 1 1 }'));
ENDSEC;
DATA;
#1 = APPLICATION_PROTOCOL_DEFINITION('international standard',
  'automotive_design',2000,#2);
#2 = APPLICATION_CONTEXT(
  'core data for automotive mechanical design processes');
#3 = SHAPE_DEFINITION_REPRESENTATION(#4,#10);
#4 = PRODUCT_DEFINITION_SHAPE('','',#5);
#5 = PRODUCT_DEFINITION('design','',#6,#9);
#6 = PRODUCT_DEFINITION_FORMATION('','',#7);
#7 = PRODUCT('M5X40 Pan Head Screw_Standard',
  'M5X40 Pan Head Screw_Standard','',(#8));
#8 = PRODUCT_CONTEXT('',#2,'mechanical');
#9 = PRODUCT_DEFINITION_CONTEXT('part definition',#2,'design');
#10 = ADVANCED_BREP_SHAPE_REPRESENTATION('',(#11,#15),#1437);
#11 = AXIS2_PLACEMENT_3D('',#12,#13,#14);
#12 = CARTESIAN_POINT('',(0.,0.,0.));
#13 = DIRECTION('',(0.,0.,1.));
#14 = DIRECTION('',(1.,0.,-0.));
#15 = MANIFOLD_SOLID_BREP('',#16);
#16 = CLOSED_SHELL('',(#17,#107,#145,#177,#195,#259,#277,#367,#377,#471,
    #531,#562,#586,#610,#634,#658,#675,#815,#966,#1120,#1212,#1250,#1345
    ));
#17 = ADVANCED_FACE('',(#18),#90,.F.);
#18 = FACE_BOUND('',#19,.F.);
#19 = EDGE_LOOP('',(#20,#31,#40,#49));
#20 = ORIENTED_EDGE('',*,*,#21,.T.);
#21 = EDGE_CURVE('',#22,#24,#26,.T.);
#22 = VERTEX_POINT('',#23);
#23 = CARTESIAN_POINT('',(2.75,0.,2.7));
#24 = VERTEX_POINT('',#25);
#25 = CARTESIAN_POINT('',(2.95,0.,2.5));
#26 = CIRCLE('',#27,0.2);
#27 = AXIS2_PLACEMENT_3D('',#28,#29,#30);
#28 = CARTESIAN_POINT('',(2.95,0.,2.7));
#29 = DIRECTION('',(0.,-1.,0.));
#30 = DIRECTION('',(0.,0.,1.));
#31 = ORIENTED_EDGE('',*,*,#32,.T.);
#32 = EDGE_CURVE('',#24,#33,#35,.T.);
#33 = VERTEX_POINT('',#34);
#34 = CARTESIAN_POINT('',(2.95,0.,-2.5));
#35 = CIRCLE('',#36,2.5);
#36 = AXIS2_PLACEMENT_3D('',#37,#38,#39);
#37 = CARTESIAN_POINT('',(2.95,0.,0.));
#38 = DIRECTION('',(1.,0.,-0.));
#39 = DIRECTION('',(0.,0.,1.));
#40 = ORIENTED_EDGE('',*,*,#41,.F.);
#41 = EDGE_CURVE('',#42,#33,#44,.T.);
#42 = VERTEX_POINT('',#43);
#43 = CARTESIAN_POINT('',(2.75,-0.,-2.7));
#44 = CIRCLE('',#45,0.2);
#45 = AXIS2_PLACEMENT_3D('',#46,#47,#48);
#46 = CARTESIAN_POINT('',(2.95,-3.3E-16,-2.7));
#47 = DIRECTION('',(0.,1.,-1.2E-16));
#48 = DIRECTION('',(0.,-1.2E-16,-1.));
#49 = ORIENTED_EDGE('',*,*,#50,.T.);
#50 = EDGE_CURVE('',#42,#22,#51,.T.);
#51 = B_SPLINE_CURVE_WITH_KNOTS('',3,(#52,#53,#54,#55,#56,#57,#58,#59,
    #60,#61,#62,#63,#64,#65,#66,#67,#68,#69,#70,#71,#72,#73,#74,#75,#76,
    #77,#78,#79,#80,#81,#82,#83,#84,#85,#86,#87,#88,#89),.UNSPECIFIED.,
  .F.,.F.,(4,1,1,1,2,2,2,1,1,1,2,2,2,1,1,1,2,2,2,1,1,1,2,2,4),(0.,
    6.25E-02,9.375E-02,0.109375,0.1171875,0.125,0.25,0.3125,0.34375,
    0.359375,0.3671875,0.375,0.5,0.5625,0.59375,0.609375,0.6171875,0.625
    ,0.75,0.8125,0.84375,0.859375,0.8671875,0.875,1.),.UNSPECIFIED.);
#52 = CARTESIAN_POINT('',(2.75,-2.E-16,-2.7));
#53 = CARTESIAN_POINT('',(2.75,-0.171579987237,-2.7));
#54 = CARTESIAN_POINT('',(2.75,-0.424496942143,-2.676303551609));
#55 = CARTESIAN_POINT('',(2.75,-0.711773927451,-2.607188910467));
#56 = CARTESIAN_POINT('',(2.75,-0.853464221252,-2.562264393725));
#57 = CARTESIAN_POINT('',(2.75,-0.913771161698,-2.54078948737));
#58 = CARTESIAN_POINT('',(2.75,-0.953883017288,-2.525979207125));
#59 = CARTESIAN_POINT('',(2.75,-0.972210914322,-2.518992605002));
#60 = CARTESIAN_POINT('',(2.75,-1.340172539735,-2.373401338726));
#61 = CARTESIAN_POINT('',(2.75,-1.645780296797,-2.172491276395));
#62 = CARTESIAN_POINT('',(2.75,-2.040892315407,-1.777536825608));
#63 = CARTESIAN_POINT('',(2.75,-2.214825333017,-1.564381638738));
#64 = CARTESIAN_POINT('',(2.75,-2.376406951431,-1.288264154806));
#65 = CARTESIAN_POINT('',(2.75,-2.446862701772,-1.143346304693));
#66 = CARTESIAN_POINT('',(2.75,-2.474843367875,-1.079768845757));
#67 = CARTESIAN_POINT('',(2.75,-2.493004999617,-1.037057248935));
#68 = CARTESIAN_POINT('',(2.75,-2.50253381624,-1.013785923431));
#69 = CARTESIAN_POINT('',(2.75,-2.636741958931,-0.674972393987));
#70 = CARTESIAN_POINT('',(2.75,-2.69993262498,-0.342989693506));
#71 = CARTESIAN_POINT('',(2.75,-2.70003368751,0.171494846753));
#72 = CARTESIAN_POINT('',(2.75,-2.676362504751,0.424347946295));
#73 = CARTESIAN_POINT('',(2.75,-2.607233125324,0.711662180565));
#74 = CARTESIAN_POINT('',(2.75,-2.562290185725,0.853399035569));
#75 = CARTESIAN_POINT('',(2.75,-2.540805015207,0.913731917256));
#76 = CARTESIAN_POINT('',(2.75,-2.525987365819,0.953862397327));
#77 = CARTESIAN_POINT('',(2.75,-2.518992605002,0.972210914322));
#78 = CARTESIAN_POINT('',(2.75,-2.373401338727,1.340172539734));
#79 = CARTESIAN_POINT('',(2.75,-2.172491276395,1.645780296797));
#80 = CARTESIAN_POINT('',(2.75,-1.777536825608,2.040892315407));
#81 = CARTESIAN_POINT('',(2.75,-1.564381638738,2.214825333017));
#82 = CARTESIAN_POINT('',(2.75,-1.288264154806,2.376406951431));
#83 = CARTESIAN_POINT('',(2.75,-1.143346304693,2.446862701772));
#84 = CARTESIAN_POINT('',(2.75,-1.079768845757,2.474843367875));
#85 = CARTESIAN_POINT('',(2.75,-1.037057248935,2.493004999617));
#86 = CARTESIAN_POINT('',(2.75,-1.013796575723,2.502529596738));
#87 = CARTESIAN_POINT('',(2.75,-0.674801957326,2.636809470956));
#88 = CARTESIAN_POINT('',(2.75,-0.34351671872,2.7));
#89 = CARTESIAN_POINT('',(2.75,1.3E-16,2.7));
#90 = ( BOUNDED_SURFACE() B_SPLINE_SURFACE(3,3,(
    (#91,#92,#93,#94)
    ,(#95,#96,#97,#98)
    ,(#99,#100,#101,#102)
    ,(#103,#104,#105,#106
)),.UNSPECIFIED.,.F.,.F.,.F.) B_SPLINE_SURFACE_WITH_KNOTS((4,4),(4,4),(
    0.,1.),(0.,1.),.PIECEWISE_BEZIER_KNOTS.) 
GEOMETRIC_REPRESENTATION_ITEM() RATIONAL_B_SPLINE_SURFACE((
    (1.,0.333333333333,0.333333333333,1.)
    ,(0.804737854124,0.268245951375,0.268245951375,0.804737854124)
    ,(0.804737854124,0.268245951375,0.268245951375,0.804737854124)
,(1.,0.333333333333,0.333333333333,1.
))) REPRESENTATION_ITEM('') SURFACE() );
#91 = CARTESIAN_POINT('',(2.75,0.,2.7));
#92 = CARTESIAN_POINT('',(2.75,-5.4,2.7));
#93 = CARTESIAN_POINT('',(2.75,-5.4,-2.7));
#94 = CARTESIAN_POINT('',(2.75,-3.3E-16,-2.7));
#95 = CARTESIAN_POINT('',(2.75,0.,2.582842712475));
#96 = CARTESIAN_POINT('',(2.75,-5.165685424949,2.582842712475));
#97 = CARTESIAN_POINT('',(2.75,-5.165685424949,-2.582842712475));
#98 = CARTESIAN_POINT('',(2.75,-3.2E-16,-2.582842712475));
#99 = CARTESIAN_POINT('',(2.832842712475,0.,2.5));
#100 = CARTESIAN_POINT('',(2.832842712475,-5.,2.5));
#101 = CARTESIAN_POINT('',(2.832842712475,-5.,-2.5));
#102 = CARTESIAN_POINT('',(2.832842712475,-3.1E-16,-2.5));
#103 = CARTESIAN_POINT('',(2.95,0.,2.5));
#104 = CARTESIAN_POINT('',(2.95,-5.,2.5));
#105 = CARTESIAN_POINT('',(2.95,-5.,-2.5));
#106 = CARTESIAN_POINT('',(2.95,-3.1E-16,-2.5));
#107 = ADVANCED_FACE('',(#108),#140,.T.);
#108 = FACE_BOUND('',#109,.T.);
#109 = EDGE_LOOP('',(#110,#121,#127,#134));
#110 = ORIENTED_EDGE('',*,*,#111,.T.);
#111 = EDGE_CURVE('',#112,#114,#116,.T.);
#112 = VERTEX_POINT('',#113);
#113 = CARTESIAN_POINT('',(42.25,0.,2.500000000022));
#114 = VERTEX_POINT('',#115);
#115 = CARTESIAN_POINT('',(42.25,0.,-2.500000000022));
#116 = CIRCLE('',#117,2.5);
#117 = AXIS2_PLACEMENT_3D('',#118,#119,#120);
#118 = CARTESIAN_POINT('',(42.25,0.,0.));
#119 = DIRECTION('',(-1.,0.,0.));
#120 = DIRECTION('',(0.,0.,1.));
#121 = ORIENTED_EDGE('',*,*,#122,.T.);
#122 = EDGE_CURVE('',#114,#33,#123,.T.);
#123 = LINE('',#124,#125);
#124 = CARTESIAN_POINT('',(12.75,3.1E-16,-2.5));
#125 = VECTOR('',#126,1.);
#126 = DIRECTION('',(-1.,0.,0.));
#127 = ORIENTED_EDGE('',*,*,#128,.T.);
#128 = EDGE_CURVE('',#33,#24,#129,.T.);
#129 = CIRCLE('',#130,2.5);
#130 = AXIS2_PLACEMENT_3D('',#131,#132,#133);
#131 = CARTESIAN_POINT('',(2.95,0.,0.));
#132 = DIRECTION('',(1.,0.,-0.));
#133 = DIRECTION('',(0.,0.,1.));
#134 = ORIENTED_EDGE('',*,*,#135,.F.);
#135 = EDGE_CURVE('',#112,#24,#136,.T.);
#136 = LINE('',#137,#138);
#137 = CARTESIAN_POINT('',(12.75,0.,2.5));
#138 = VECTOR('',#139,1.);
#139 = DIRECTION('',(-1.,0.,0.));
#140 = CYLINDRICAL_SURFACE('',#141,2.5);
#141 = AXIS2_PLACEMENT_3D('',#142,#143,#144);
#142 = CARTESIAN_POINT('',(12.75,0.,0.));
#143 = DIRECTION('',(-1.,0.,0.));
#144 = DIRECTION('',(0.,0.,1.));
#145 = ADVANCED_FACE('',(#146),#172,.T.);
#146 = FACE_BOUND('',#147,.T.);
#147 = EDGE_LOOP('',(#148,#159,#165,#166));
#148 = ORIENTED_EDGE('',*,*,#149,.T.);
#149 = EDGE_CURVE('',#150,#152,#154,.T.);
#150 = VERTEX_POINT('',#151);
#151 = CARTESIAN_POINT('',(42.750000000012,0.,2.00000000001));
#152 = VERTEX_POINT('',#153);
#153 = CARTESIAN_POINT('',(42.750000000012,0.,-2.00000000001));
#154 = CIRCLE('',#155,2.00000000001);
#155 = AXIS2_PLACEMENT_3D('',#156,#157,#158);
#156 = CARTESIAN_POINT('',(42.750000000012,0.,0.));
#157 = DIRECTION('',(-1.,0.,0.));
#158 = DIRECTION('',(0.,0.,1.));
#159 = ORIENTED_EDGE('',*,*,#160,.T.);
#160 = EDGE_CURVE('',#152,#114,#161,.T.);
#161 = LINE('',#162,#163);
#162 = CARTESIAN_POINT('',(42.250000000081,3.1E-16,-2.499999999941));
#163 = VECTOR('',#164,1.);
#164 = DIRECTION('',(-0.707106781187,9.E-17,-0.707106781187));
#165 = ORIENTED_EDGE('',*,*,#111,.F.);
#166 = ORIENTED_EDGE('',*,*,#167,.F.);
#167 = EDGE_CURVE('',#150,#112,#168,.T.);
#168 = LINE('',#169,#170);
#169 = CARTESIAN_POINT('',(42.250000000081,0.,2.499999999941));
#170 = VECTOR('',#171,1.);
#171 = DIRECTION('',(-0.707106781187,0.,0.707106781187));
#172 = CONICAL_SURFACE('',#173,2.499999999941,0.785398163397);
#173 = AXIS2_PLACEMENT_3D('',#174,#175,#176);
#174 = CARTESIAN_POINT('',(42.250000000081,0.,0.));
#175 = DIRECTION('',(-1.,0.,0.));
#176 = DIRECTION('',(0.,0.,1.));
#177 = ADVANCED_FACE('',(#178),#190,.T.);
#178 = FACE_BOUND('',#179,.T.);
#179 = EDGE_LOOP('',(#180,#181,#188,#189));
#180 = ORIENTED_EDGE('',*,*,#122,.F.);
#181 = ORIENTED_EDGE('',*,*,#182,.T.);
#182 = EDGE_CURVE('',#114,#112,#183,.T.);
#183 = CIRCLE('',#184,2.5);
#184 = AXIS2_PLACEMENT_3D('',#185,#186,#187);
#185 = CARTESIAN_POINT('',(42.25,0.,0.));
#186 = DIRECTION('',(-1.,0.,0.));
#187 = DIRECTION('',(0.,0.,1.));
#188 = ORIENTED_EDGE('',*,*,#135,.T.);
#189 = ORIENTED_EDGE('',*,*,#32,.T.);
#190 = CYLINDRICAL_SURFACE('',#191,2.5);
#191 = AXIS2_PLACEMENT_3D('',#192,#193,#194);
#192 = CARTESIAN_POINT('',(12.75,0.,0.));
#193 = DIRECTION('',(-1.,0.,0.));
#194 = DIRECTION('',(0.,0.,1.));
#195 = ADVANCED_FACE('',(#196),#242,.F.);
#196 = FACE_BOUND('',#197,.F.);
#197 = EDGE_LOOP('',(#198,#199,#200,#241));
#198 = ORIENTED_EDGE('',*,*,#128,.T.);
#199 = ORIENTED_EDGE('',*,*,#21,.F.);
#200 = ORIENTED_EDGE('',*,*,#201,.T.);
#201 = EDGE_CURVE('',#22,#42,#202,.T.);
#202 = B_SPLINE_CURVE_WITH_KNOTS('',3,(#203,#204,#205,#206,#207,#208,
    #209,#210,#211,#212,#213,#214,#215,#216,#217,#218,#219,#220,#221,
    #222,#223,#224,#225,#226,#227,#228,#229,#230,#231,#232,#233,#234,
    #235,#236,#237,#238,#239,#240),.UNSPECIFIED.,.F.,.F.,(4,1,1,1,2,2,2,
    1,1,1,2,2,2,1,1,1,2,2,2,1,1,1,2,2,4),(0.,6.25E-02,9.375E-02,0.109375
    ,0.1171875,0.125,0.25,0.3125,0.34375,0.359375,0.3671875,0.375,0.5,
    0.5625,0.59375,0.609375,0.6171875,0.625,0.75,0.8125,0.84375,0.859375
    ,0.8671875,0.875,1.),.UNSPECIFIED.);
#203 = CARTESIAN_POINT('',(2.75,1.3E-16,2.7));
#204 = CARTESIAN_POINT('',(2.75,0.171579987237,2.7));
#205 = CARTESIAN_POINT('',(2.75,0.424496942143,2.676303551609));
#206 = CARTESIAN_POINT('',(2.75,0.711773927451,2.607188910467));
#207 = CARTESIAN_POINT('',(2.75,0.853464221252,2.562264393725));
#208 = CARTESIAN_POINT('',(2.75,0.913771161698,2.54078948737));
#209 = CARTESIAN_POINT('',(2.75,0.953883017288,2.525979207125));
#210 = CARTESIAN_POINT('',(2.75,0.972210914322,2.518992605002));
#211 = CARTESIAN_POINT('',(2.75,1.340172539735,2.373401338726));
#212 = CARTESIAN_POINT('',(2.75,1.645780296797,2.172491276395));
#213 = CARTESIAN_POINT('',(2.75,2.040892315407,1.777536825608));
#214 = CARTESIAN_POINT('',(2.75,2.214825333017,1.564381638738));
#215 = CARTESIAN_POINT('',(2.75,2.376406951431,1.288264154806));
#216 = CARTESIAN_POINT('',(2.75,2.446862701772,1.143346304693));
#217 = CARTESIAN_POINT('',(2.75,2.474843367875,1.079768845757));
#218 = CARTESIAN_POINT('',(2.75,2.493004999617,1.037057248935));
#219 = CARTESIAN_POINT('',(2.75,2.50253381624,1.013785923431));
#220 = CARTESIAN_POINT('',(2.75,2.636741958931,0.674972393986));
#221 = CARTESIAN_POINT('',(2.75,2.69993262498,0.342989693507));
#222 = CARTESIAN_POINT('',(2.75,2.70003368751,-0.171494846753));
#223 = CARTESIAN_POINT('',(2.75,2.676362504751,-0.424347946296));
#224 = CARTESIAN_POINT('',(2.75,2.607233125324,-0.711662180566));
#225 = CARTESIAN_POINT('',(2.75,2.562290185725,-0.853399035569));
#226 = CARTESIAN_POINT('',(2.75,2.540805015207,-0.913731917256));
#227 = CARTESIAN_POINT('',(2.75,2.525987365819,-0.953862397327));
#228 = CARTESIAN_POINT('',(2.75,2.518992605002,-0.972210914322));
#229 = CARTESIAN_POINT('',(2.75,2.373401338726,-1.340172539735));
#230 = CARTESIAN_POINT('',(2.75,2.172491276395,-1.645780296797));
#231 = CARTESIAN_POINT('',(2.75,1.777536825608,-2.040892315407));
#232 = CARTESIAN_POINT('',(2.75,1.564381638738,-2.214825333017));
#233 = CARTESIAN_POINT('',(2.75,1.288264154805,-2.376406951431));
#234 = CARTESIAN_POINT('',(2.75,1.143346304693,-2.446862701772));
#235 = CARTESIAN_POINT('',(2.75,1.079768845757,-2.474843367875));
#236 = CARTESIAN_POINT('',(2.75,1.037057248935,-2.493004999617));
#237 = CARTESIAN_POINT('',(2.75,1.013796575723,-2.502529596738));
#238 = CARTESIAN_POINT('',(2.75,0.674801957326,-2.636809470956));
#239 = CARTESIAN_POINT('',(2.75,0.34351671872,-2.7));
#240 = CARTESIAN_POINT('',(2.75,-2.E-16,-2.7));
#241 = ORIENTED_EDGE('',*,*,#41,.T.);
#242 = ( BOUNDED_SURFACE() B_SPLINE_SURFACE(3,3,(
    (#243,#244,#245,#246)
    ,(#247,#248,#249,#250)
    ,(#251,#252,#253,#254)
    ,(#255,#256,#257,#258
)),.UNSPECIFIED.,.F.,.F.,.F.) B_SPLINE_SURFACE_WITH_KNOTS((4,4),(4,4),(
    0.,1.),(0.,1.),.PIECEWISE_BEZIER_KNOTS.) 
GEOMETRIC_REPRESENTATION_ITEM() RATIONAL_B_SPLINE_SURFACE((
    (1.,0.333333333333,0.333333333333,1.)
    ,(0.804737854124,0.268245951375,0.268245951375,0.804737854124)
    ,(0.804737854124,0.268245951375,0.268245951375,0.804737854124)
,(1.,0.333333333333,0.333333333333,1.
))) REPRESENTATION_ITEM('') SURFACE() );
#243 = CARTESIAN_POINT('',(2.75,-3.3E-16,-2.7));
#244 = CARTESIAN_POINT('',(2.75,5.4,-2.7));
#245 = CARTESIAN_POINT('',(2.75,5.4,2.7));
#246 = CARTESIAN_POINT('',(2.75,6.6E-16,2.7));
#247 = CARTESIAN_POINT('',(2.75,-3.2E-16,-2.582842712475));
#248 = CARTESIAN_POINT('',(2.75,5.165685424949,-2.582842712475));
#249 = CARTESIAN_POINT('',(2.75,5.165685424949,2.582842712475));
#250 = CARTESIAN_POINT('',(2.75,6.3E-16,2.582842712475));
#251 = CARTESIAN_POINT('',(2.832842712475,-3.1E-16,-2.5));
#252 = CARTESIAN_POINT('',(2.832842712475,5.,-2.5));
#253 = CARTESIAN_POINT('',(2.832842712475,5.,2.5));
#254 = CARTESIAN_POINT('',(2.832842712475,6.1E-16,2.5));
#255 = CARTESIAN_POINT('',(2.95,-3.1E-16,-2.5));
#256 = CARTESIAN_POINT('',(2.95,5.,-2.5));
#257 = CARTESIAN_POINT('',(2.95,5.,2.5));
#258 = CARTESIAN_POINT('',(2.95,6.1E-16,2.5));
#259 = ADVANCED_FACE('',(#260),#272,.T.);
#260 = FACE_BOUND('',#261,.T.);
#261 = EDGE_LOOP('',(#262,#263,#270,#271));
#262 = ORIENTED_EDGE('',*,*,#160,.F.);
#263 = ORIENTED_EDGE('',*,*,#264,.T.);
#264 = EDGE_CURVE('',#152,#150,#265,.T.);
#265 = CIRCLE('',#266,2.00000000001);
#266 = AXIS2_PLACEMENT_3D('',#267,#268,#269);
#267 = CARTESIAN_POINT('',(42.750000000012,0.,0.));
#268 = DIRECTION('',(-1.,0.,0.));
#269 = DIRECTION('',(0.,0.,1.));
#270 = ORIENTED_EDGE('',*,*,#167,.T.);
#271 = ORIENTED_EDGE('',*,*,#182,.F.);
#272 = CONICAL_SURFACE('',#273,2.499999999941,0.785398163397);
#273 = AXIS2_PLACEMENT_3D('',#274,#275,#276);
#274 = CARTESIAN_POINT('',(42.250000000081,0.,0.));
#275 = DIRECTION('',(-1.,0.,0.));
#276 = DIRECTION('',(0.,0.,1.));
#277 = ADVANCED_FACE('',(#278,#358),#362,.T.);
#278 = FACE_BOUND('',#279,.T.);
#279 = EDGE_LOOP('',(#280,#321));
#280 = ORIENTED_EDGE('',*,*,#281,.T.);
#281 = EDGE_CURVE('',#282,#284,#286,.T.);
#282 = VERTEX_POINT('',#283);
#283 = CARTESIAN_POINT('',(2.75,4.75,0.));
#284 = VERTEX_POINT('',#285);
#285 = CARTESIAN_POINT('',(2.75,-4.75,-1.9E-14));
#286 = B_SPLINE_CURVE_WITH_KNOTS('',3,(#287,#288,#289,#290,#291,#292,
    #293,#294,#295,#296,#297,#298,#299,#300,#301,#302,#303,#304,#305,
    #306,#307,#308,#309,#310,#311,#312,#313,#314,#315,#316,#317,#318,
    #319,#320),.UNSPECIFIED.,.F.,.F.,(4,2,2,2,2,2,2,2,2,2,2,2,2,2,2,2,4)
  ,(0.,9.279764514371E-04,1.855952902874E-03,2.783929354311E-03,
    3.711905805748E-03,4.639882257185E-03,5.567858708622E-03,
    6.495835160059E-03,7.423811611496E-03,8.351788062934E-03,
    9.279764514371E-03,1.020774096581E-02,1.113571741724E-02,
    1.206369386868E-02,1.299167032012E-02,1.391964677156E-02,
    1.484762322299E-02),.UNSPECIFIED.);
#287 = CARTESIAN_POINT('',(2.75,4.75,2.2E-16));
#288 = CARTESIAN_POINT('',(2.75,4.75,0.313779117101));
#289 = CARTESIAN_POINT('',(2.75,4.719213736268,0.622315244668));
#290 = CARTESIAN_POINT('',(2.75,4.598586888636,1.229330378699));
#291 = CARTESIAN_POINT('',(2.75,4.507283668163,1.530951406542));
#292 = CARTESIAN_POINT('',(2.75,4.268906732068,2.106146620581));
#293 = CARTESIAN_POINT('',(2.75,4.123033574948,2.378955869377));
#294 = CARTESIAN_POINT('',(2.75,3.778397386722,2.895263386396));
#295 = CARTESIAN_POINT('',(2.75,3.577797434518,3.139724581872));
#296 = CARTESIAN_POINT('',(2.75,3.139600535859,3.577906288277));
#297 = CARTESIAN_POINT('',(2.75,2.90050433218,3.774532777816));
#298 = CARTESIAN_POINT('',(2.75,2.381363954192,4.121787086869));
#299 = CARTESIAN_POINT('',(2.75,2.10491317026,4.269370407063));
#300 = CARTESIAN_POINT('',(2.75,1.533428484782,4.506304495826));
#301 = CARTESIAN_POINT('',(2.75,1.23419307174,4.597494900976));
#302 = CARTESIAN_POINT('',(2.75,0.621115934222,4.719576983066));
#303 = CARTESIAN_POINT('',(2.75,0.312953191773,4.749789610753));
#304 = CARTESIAN_POINT('',(2.75,-0.306533701861,4.750208220308));
#305 = CARTESIAN_POINT('',(2.75,-0.621143159481,4.719440460605));
#306 = CARTESIAN_POINT('',(2.75,-1.230320205874,4.598396380999));
#307 = CARTESIAN_POINT('',(2.75,-1.526402515262,4.508811762521));
#308 = CARTESIAN_POINT('',(2.75,-2.101461725485,4.271199686829));
#309 = CARTESIAN_POINT('',(2.75,-2.379689015992,4.122544122726));
#310 = CARTESIAN_POINT('',(2.75,-2.894528635588,3.778887909745));
#311 = CARTESIAN_POINT('',(2.75,-3.1344833923,3.582704272171));
#312 = CARTESIAN_POINT('',(2.75,-3.578105052246,3.139732516238));
#313 = CARTESIAN_POINT('',(2.75,-3.775169887943,2.899365201876));
#314 = CARTESIAN_POINT('',(2.75,-4.119382389967,2.38514464591));
#315 = CARTESIAN_POINT('',(2.75,-4.268138551255,2.10773557074));
#316 = CARTESIAN_POINT('',(2.75,-4.506871437462,1.532209442296));
#317 = CARTESIAN_POINT('',(2.75,-4.596804885459,1.23617506965));
#318 = CARTESIAN_POINT('',(2.75,-4.718542963052,0.627770868739));
#319 = CARTESIAN_POINT('',(2.75,-4.75,0.313779117101));
#320 = CARTESIAN_POINT('',(2.75,-4.75,-1.908E-14));
#321 = ORIENTED_EDGE('',*,*,#322,.T.);
#322 = EDGE_CURVE('',#284,#282,#323,.T.);
#323 = B_SPLINE_CURVE_WITH_KNOTS('',3,(#324,#325,#326,#327,#328,#329,
    #330,#331,#332,#333,#334,#335,#336,#337,#338,#339,#340,#341,#342,
    #343,#344,#345,#346,#347,#348,#349,#350,#351,#352,#353,#354,#355,
    #356,#357),.UNSPECIFIED.,.F.,.F.,(4,2,2,2,2,2,2,2,2,2,2,2,2,2,2,2,4)
  ,(1.484762322299E-02,1.577559967443E-02,1.670357612587E-02,
    1.76315525773E-02,1.855952902874E-02,1.948750548018E-02,
    2.041548193162E-02,2.134345838305E-02,2.227143483449E-02,
    2.319941128593E-02,2.412738773736E-02,2.50553641888E-02,
    2.598334064024E-02,2.691131709167E-02,2.783929354311E-02,
    2.876726999455E-02,2.969524644599E-02),.UNSPECIFIED.);
#324 = CARTESIAN_POINT('',(2.75,-4.75,-1.908E-14));
#325 = CARTESIAN_POINT('',(2.75,-4.75,-0.313779117101));
#326 = CARTESIAN_POINT('',(2.75,-4.719213736268,-0.622315244668));
#327 = CARTESIAN_POINT('',(2.75,-4.598586888636,-1.229330378699));
#328 = CARTESIAN_POINT('',(2.75,-4.507283668163,-1.530951406542));
#329 = CARTESIAN_POINT('',(2.75,-4.268906732068,-2.106146620581));
#330 = CARTESIAN_POINT('',(2.75,-4.123033574948,-2.378955869377));
#331 = CARTESIAN_POINT('',(2.75,-3.778397386722,-2.895263386396));
#332 = CARTESIAN_POINT('',(2.75,-3.577797434518,-3.139724581872));
#333 = CARTESIAN_POINT('',(2.75,-3.139600535859,-3.577906288277));
#334 = CARTESIAN_POINT('',(2.75,-2.90050433218,-3.774532777816));
#335 = CARTESIAN_POINT('',(2.75,-2.381363954192,-4.121787086869));
#336 = CARTESIAN_POINT('',(2.75,-2.10491317026,-4.269370407063));
#337 = CARTESIAN_POINT('',(2.75,-1.533428484782,-4.506304495826));
#338 = CARTESIAN_POINT('',(2.75,-1.23419307174,-4.597494900976));
#339 = CARTESIAN_POINT('',(2.75,-0.621115934222,-4.719576983066));
#340 = CARTESIAN_POINT('',(2.75,-0.312953191773,-4.749789610753));
#341 = CARTESIAN_POINT('',(2.75,0.306533701861,-4.750208220308));
#342 = CARTESIAN_POINT('',(2.75,0.621143159481,-4.719440460605));
#343 = CARTESIAN_POINT('',(2.75,1.230320205874,-4.598396380999));
#344 = CARTESIAN_POINT('',(2.75,1.526402515262,-4.508811762521));
#345 = CARTESIAN_POINT('',(2.75,2.101461725485,-4.271199686829));
#346 = CARTESIAN_POINT('',(2.75,2.379689015992,-4.122544122726));
#347 = CARTESIAN_POINT('',(2.75,2.894528635588,-3.778887909745));
#348 = CARTESIAN_POINT('',(2.75,3.1344833923,-3.582704272171));
#349 = CARTESIAN_POINT('',(2.75,3.578105052246,-3.139732516238));
#350 = CARTESIAN_POINT('',(2.75,3.775169887943,-2.899365201876));
#351 = CARTESIAN_POINT('',(2.75,4.119382389967,-2.38514464591));
#352 = CARTESIAN_POINT('',(2.75,4.268138551255,-2.10773557074));
#353 = CARTESIAN_POINT('',(2.75,4.506871437462,-1.532209442296));
#354 = CARTESIAN_POINT('',(2.75,4.596804885459,-1.23617506965));
#355 = CARTESIAN_POINT('',(2.75,4.718542963052,-0.627770868739));
#356 = CARTESIAN_POINT('',(2.75,4.75,-0.313779117101));
#357 = CARTESIAN_POINT('',(2.75,4.75,2.2E-16));
#358 = FACE_BOUND('',#359,.T.);
#359 = EDGE_LOOP('',(#360,#361));
#360 = ORIENTED_EDGE('',*,*,#50,.T.);
#361 = ORIENTED_EDGE('',*,*,#201,.T.);
#362 = PLANE('',#363);
#363 = AXIS2_PLACEMENT_3D('',#364,#365,#366);
#364 = CARTESIAN_POINT('',(2.75,0.,0.));
#365 = DIRECTION('',(1.,0.,-0.));
#366 = DIRECTION('',(-0.,0.,-1.));
#367 = ADVANCED_FACE('',(#368),#372,.T.);
#368 = FACE_BOUND('',#369,.T.);
#369 = EDGE_LOOP('',(#370,#371));
#370 = ORIENTED_EDGE('',*,*,#149,.F.);
#371 = ORIENTED_EDGE('',*,*,#264,.F.);
#372 = PLANE('',#373);
#373 = AXIS2_PLACEMENT_3D('',#374,#375,#376);
#374 = CARTESIAN_POINT('',(42.75,0.,0.));
#375 = DIRECTION('',(1.,-0.,0.));
#376 = DIRECTION('',(0.,0.,-1.));
#377 = ADVANCED_FACE('',(#378,#382),#454,.T.);
#378 = FACE_BOUND('',#379,.T.);
#379 = EDGE_LOOP('',(#380,#381));
#380 = ORIENTED_EDGE('',*,*,#281,.F.);
#381 = ORIENTED_EDGE('',*,*,#322,.F.);
#382 = FACE_BOUND('',#383,.T.);
#383 = EDGE_LOOP('',(#384,#421));
#384 = ORIENTED_EDGE('',*,*,#385,.T.);
#385 = EDGE_CURVE('',#386,#388,#390,.T.);
#386 = VERTEX_POINT('',#387);
#387 = CARTESIAN_POINT('',(0.,2.22,1.E-15));
#388 = VERTEX_POINT('',#389);
#389 = CARTESIAN_POINT('',(0.,-2.22,-1.E-15));
#390 = B_SPLINE_CURVE_WITH_KNOTS('',3,(#391,#392,#393,#394,#395,#396,
    #397,#398,#399,#400,#401,#402,#403,#404,#405,#406,#407,#408,#409,
    #410,#411,#412,#413,#414,#415,#416,#417,#418,#419,#420),
  .UNSPECIFIED.,.F.,.F.,(4,2,2,2,2,2,2,2,2,2,2,2,2,2,4),(0.,
    4.337068888824E-04,8.674137777647E-04,1.301120666647E-03,
    1.734827555529E-03,2.602241333294E-03,3.469655111059E-03,
    3.903361999941E-03,4.337068888824E-03,4.770775777706E-03,
    5.204482666588E-03,5.638189555471E-03,6.071896444353E-03,
    6.505603333236E-03,6.939310222118E-03),.UNSPECIFIED.);
#391 = CARTESIAN_POINT('',(0.,2.22,8.7E-16));
#392 = CARTESIAN_POINT('',(0.,2.22,0.146650450519));
#393 = CARTESIAN_POINT('',(-0.,2.20561147253,0.290850493297));
#394 = CARTESIAN_POINT('',(-0.,2.149234293215,0.574550198045));
#395 = CARTESIAN_POINT('',(1.3E-15,2.106562051226,0.715518341583));
#396 = CARTESIAN_POINT('',(1.3E-15,1.995152198987,0.984346420566));
#397 = CARTESIAN_POINT('',(-0.,1.92697569187,1.111848848425));
#398 = CARTESIAN_POINT('',(-0.,1.765903620741,1.353154677432));
#399 = CARTESIAN_POINT('',(0.,1.672149537817,1.46740812037));
#400 = CARTESIAN_POINT('',(-0.,1.364950448862,1.774596558755));
#401 = CARTESIAN_POINT('',(0.,1.117316892391,1.940001150558));
#402 = CARTESIAN_POINT('',(-0.,0.583129102176,2.161472172476));
#403 = CARTESIAN_POINT('',(0.,0.291028744773,2.219803848266));
#404 = CARTESIAN_POINT('',(-0.,-0.143264172238,2.220097315596));
#405 = CARTESIAN_POINT('',(0.,-0.290302697694,2.205717436325));
#406 = CARTESIAN_POINT('',(-0.,-0.575012812008,2.149145255962));
#407 = CARTESIAN_POINT('',(-2.6E-15,-0.713392333449,2.107276234273));
#408 = CARTESIAN_POINT('',(-2.6E-15,-0.982156848543,1.996223853634));
#409 = CARTESIAN_POINT('',(-1.3E-15,-1.112191498001,1.926746937358));
#410 = CARTESIAN_POINT('',(-1.3E-15,-1.352811278107,1.766132875712));
#411 = CARTESIAN_POINT('',(-0.,-1.464958553875,1.674442838783));
#412 = CARTESIAN_POINT('',(-0.,-1.672293308629,1.467411828642));
#413 = CARTESIAN_POINT('',(0.,-1.764395189734,1.355071736456));
#414 = CARTESIAN_POINT('',(-0.,-1.925269243311,1.114741287141));
#415 = CARTESIAN_POINT('',(2.04134E-12,-1.994793175537,0.985089045694));
#416 = CARTESIAN_POINT('',(2.04134E-12,-2.106369387617,0.716106307768));
#417 = CARTESIAN_POINT('',(1.3E-15,-2.148401441204,0.577749190447));
#418 = CARTESIAN_POINT('',(1.3E-15,-2.205297974311,0.293400279706));
#419 = CARTESIAN_POINT('',(0.,-2.22,0.146650450519));
#420 = CARTESIAN_POINT('',(0.,-2.22,-8.7E-16));
#421 = ORIENTED_EDGE('',*,*,#422,.T.);
#422 = EDGE_CURVE('',#388,#386,#423,.T.);
#423 = B_SPLINE_CURVE_WITH_KNOTS('',3,(#424,#425,#426,#427,#428,#429,
    #430,#431,#432,#433,#434,#435,#436,#437,#438,#439,#440,#441,#442,
    #443,#444,#445,#446,#447,#448,#449,#450,#451,#452,#453),
  .UNSPECIFIED.,.F.,.F.,(4,2,2,2,2,2,2,2,2,2,2,2,2,2,4),(
    6.939310222118E-03,7.373017111E-03,7.806723999883E-03,
    8.240430888765E-03,8.674137777647E-03,9.541551555412E-03,
    1.040896533318E-02,1.084267222206E-02,1.127637911094E-02,
    1.171008599982E-02,1.214379288871E-02,1.257749977759E-02,
    1.301120666647E-02,1.344491355535E-02,1.387862044424E-02),
  .UNSPECIFIED.);
#424 = CARTESIAN_POINT('',(0.,-2.22,-8.7E-16));
#425 = CARTESIAN_POINT('',(0.,-2.22,-0.146650450519));
#426 = CARTESIAN_POINT('',(-0.,-2.20561147253,-0.290850493297));
#427 = CARTESIAN_POINT('',(0.,-2.149234293215,-0.574550198045));
#428 = CARTESIAN_POINT('',(-1.3E-15,-2.106562051226,-0.715518341583));
#429 = CARTESIAN_POINT('',(-1.3E-15,-1.995152198987,-0.984346420566));
#430 = CARTESIAN_POINT('',(-1.3E-15,-1.92697569187,-1.111848848425));
#431 = CARTESIAN_POINT('',(-1.3E-15,-1.765903620741,-1.353154677432));
#432 = CARTESIAN_POINT('',(-0.,-1.672149537817,-1.46740812037));
#433 = CARTESIAN_POINT('',(-0.,-1.364950448862,-1.774596558755));
#434 = CARTESIAN_POINT('',(0.,-1.117316892391,-1.940001150558));
#435 = CARTESIAN_POINT('',(0.,-0.583129102176,-2.161472172476));
#436 = CARTESIAN_POINT('',(1.3E-15,-0.291028744773,-2.219803848266));
#437 = CARTESIAN_POINT('',(1.3E-15,0.143264172238,-2.220097315596));
#438 = CARTESIAN_POINT('',(0.,0.290302697694,-2.205717436325));
#439 = CARTESIAN_POINT('',(-0.,0.575012812008,-2.149145255962));
#440 = CARTESIAN_POINT('',(-1.3E-15,0.713392333449,-2.107276234273));
#441 = CARTESIAN_POINT('',(-1.3E-15,0.982156848543,-1.996223853634));
#442 = CARTESIAN_POINT('',(-0.,1.112191498001,-1.926746937358));
#443 = CARTESIAN_POINT('',(-0.,1.352811278107,-1.766132875712));
#444 = CARTESIAN_POINT('',(0.,1.464958553875,-1.674442838783));
#445 = CARTESIAN_POINT('',(-0.,1.672293308629,-1.467411828642));
#446 = CARTESIAN_POINT('',(-1.3E-15,1.764395189734,-1.355071736456));
#447 = CARTESIAN_POINT('',(-1.3E-15,1.925269243311,-1.114741287141));
#448 = CARTESIAN_POINT('',(2.04134E-12,1.994793175537,-0.985089045694));
#449 = CARTESIAN_POINT('',(2.04134E-12,2.106369387617,-0.716106307768));
#450 = CARTESIAN_POINT('',(1.3E-15,2.148401441204,-0.577749190447));
#451 = CARTESIAN_POINT('',(1.3E-15,2.205297974311,-0.293400279706));
#452 = CARTESIAN_POINT('',(0.,2.22,-0.146650450519));
#453 = CARTESIAN_POINT('',(0.,2.22,8.7E-16));
#454 = ( BOUNDED_SURFACE() B_SPLINE_SURFACE(3,3,(
    (#455,#456,#457,#458)
    ,(#459,#460,#461,#462)
    ,(#463,#464,#465,#466)
    ,(#467,#468,#469,#470
)),.UNSPECIFIED.,.F.,.F.,.F.) B_SPLINE_SURFACE_WITH_KNOTS((4,4),(4,4),(
    0.,1.),(0.,1.),.PIECEWISE_BEZIER_KNOTS.) 
GEOMETRIC_REPRESENTATION_ITEM() RATIONAL_B_SPLINE_SURFACE((
    (1.,0.562788454797,0.562788454797,1.)
    ,(0.564137291052,0.317489954325,0.317489954325,0.564137291052)
    ,(0.564137291052,0.317489954325,0.317489954325,0.564137291052)
,(1.,0.562788454797,0.562788454797,1.
))) REPRESENTATION_ITEM('') SURFACE() );
#455 = CARTESIAN_POINT('',(3.974595286947,-4.775935929497,1.654768914213
    ));
#456 = CARTESIAN_POINT('',(2.134155965858,-4.775935929497,0.980101196762
    ));
#457 = CARTESIAN_POINT('',(2.134155965858,-4.775935929497,
    -0.980101196762));
#458 = CARTESIAN_POINT('',(3.974595286947,-4.775935929497,
    -1.654768914213));
#459 = CARTESIAN_POINT('',(2.152178631089,-2.821970233871,6.626175113287
    ));
#460 = CARTESIAN_POINT('',(-5.217474691601,-2.821970233871,
    3.924609716021));
#461 = CARTESIAN_POINT('',(-5.217474691601,-2.821970233871,
    -3.924609716021));
#462 = CARTESIAN_POINT('',(2.152178631089,-2.821970233871,
    -6.626175113287));
#463 = CARTESIAN_POINT('',(2.152178631089,2.821970233871,6.626175113287)
  );
#464 = CARTESIAN_POINT('',(-5.217474691601,2.821970233871,3.924609716021
    ));
#465 = CARTESIAN_POINT('',(-5.217474691601,2.821970233871,
    -3.924609716021));
#466 = CARTESIAN_POINT('',(2.152178631089,2.821970233871,-6.626175113287
    ));
#467 = CARTESIAN_POINT('',(3.974595286947,4.775935929497,1.654768914213)
  );
#468 = CARTESIAN_POINT('',(2.134155965858,4.775935929497,0.980101196762)
  );
#469 = CARTESIAN_POINT('',(2.134155965858,4.775935929497,-0.980101196762
    ));
#470 = CARTESIAN_POINT('',(3.974595286947,4.775935929497,-1.654768914213
    ));
#471 = ADVANCED_FACE('',(#472,#522),#526,.F.);
#472 = FACE_BOUND('',#473,.T.);
#473 = EDGE_LOOP('',(#474,#484,#492,#500,#508,#516));
#474 = ORIENTED_EDGE('',*,*,#475,.F.);
#475 = EDGE_CURVE('',#476,#478,#480,.T.);
#476 = VERTEX_POINT('',#477);
#477 = CARTESIAN_POINT('',(0.,1.5,-0.866025403784));
#478 = VERTEX_POINT('',#479);
#479 = CARTESIAN_POINT('',(0.,-1.E-15,-1.732050807569));
#480 = LINE('',#481,#482);
#481 = CARTESIAN_POINT('',(0.,1.5,-0.866025403784));
#482 = VECTOR('',#483,1.);
#483 = DIRECTION('',(0.,-0.866025403784,-0.5));
#484 = ORIENTED_EDGE('',*,*,#485,.F.);
#485 = EDGE_CURVE('',#486,#476,#488,.T.);
#486 = VERTEX_POINT('',#487);
#487 = CARTESIAN_POINT('',(0.,1.5,0.866025403784));
#488 = LINE('',#489,#490);
#489 = CARTESIAN_POINT('',(0.,1.5,0.));
#490 = VECTOR('',#491,1.);
#491 = DIRECTION('',(-0.,0.,-1.));
#492 = ORIENTED_EDGE('',*,*,#493,.F.);
#493 = EDGE_CURVE('',#494,#486,#496,.T.);
#494 = VERTEX_POINT('',#495);
#495 = CARTESIAN_POINT('',(0.,1.E-15,1.732050807569));
#496 = LINE('',#497,#498);
#497 = CARTESIAN_POINT('',(0.,4.6E-16,1.732050807569));
#498 = VECTOR('',#499,1.);
#499 = DIRECTION('',(0.,0.866025403784,-0.5));
#500 = ORIENTED_EDGE('',*,*,#501,.F.);
#501 = EDGE_CURVE('',#502,#494,#504,.T.);
#502 = VERTEX_POINT('',#503);
#503 = CARTESIAN_POINT('',(0.,-1.5,0.866025403784));
#504 = LINE('',#505,#506);
#505 = CARTESIAN_POINT('',(0.,-1.5,0.866025403784));
#506 = VECTOR('',#507,1.);
#507 = DIRECTION('',(0.,0.866025403784,0.5));
#508 = ORIENTED_EDGE('',*,*,#509,.F.);
#509 = EDGE_CURVE('',#510,#502,#512,.T.);
#510 = VERTEX_POINT('',#511);
#511 = CARTESIAN_POINT('',(0.,-1.5,-0.866025403784));
#512 = LINE('',#513,#514);
#513 = CARTESIAN_POINT('',(0.,-1.5,0.));
#514 = VECTOR('',#515,1.);
#515 = DIRECTION('',(0.,-0.,1.));
#516 = ORIENTED_EDGE('',*,*,#517,.F.);
#517 = EDGE_CURVE('',#478,#510,#518,.T.);
#518 = LINE('',#519,#520);
#519 = CARTESIAN_POINT('',(0.,-8.3E-16,-1.732050807569));
#520 = VECTOR('',#521,1.);
#521 = DIRECTION('',(0.,-0.866025403784,0.5));
#522 = FACE_BOUND('',#523,.T.);
#523 = EDGE_LOOP('',(#524,#525));
#524 = ORIENTED_EDGE('',*,*,#385,.F.);
#525 = ORIENTED_EDGE('',*,*,#422,.F.);
#526 = PLANE('',#527);
#527 = AXIS2_PLACEMENT_3D('',#528,#529,#530);
#528 = CARTESIAN_POINT('',(0.,0.,0.));
#529 = DIRECTION('',(1.,0.,-0.));
#530 = DIRECTION('',(-0.,0.,-1.));
#531 = ADVANCED_FACE('',(#532),#557,.T.);
#532 = FACE_BOUND('',#533,.T.);
#533 = EDGE_LOOP('',(#534,#544,#550,#551));
#534 = ORIENTED_EDGE('',*,*,#535,.T.);
#535 = EDGE_CURVE('',#536,#538,#540,.T.);
#536 = VERTEX_POINT('',#537);
#537 = CARTESIAN_POINT('',(1.56,-1.5,-0.866025403784));
#538 = VERTEX_POINT('',#539);
#539 = CARTESIAN_POINT('',(1.56,-0.,-1.732050807569));
#540 = LINE('',#541,#542);
#541 = CARTESIAN_POINT('',(1.56,-1.5,-0.866025403784));
#542 = VECTOR('',#543,1.);
#543 = DIRECTION('',(-0.,0.866025403784,-0.5));
#544 = ORIENTED_EDGE('',*,*,#545,.T.);
#545 = EDGE_CURVE('',#538,#478,#546,.T.);
#546 = LINE('',#547,#548);
#547 = CARTESIAN_POINT('',(1.56,2.2E-16,-1.732050807569));
#548 = VECTOR('',#549,1.);
#549 = DIRECTION('',(-1.,-0.,0.));
#550 = ORIENTED_EDGE('',*,*,#517,.T.);
#551 = ORIENTED_EDGE('',*,*,#552,.T.);
#552 = EDGE_CURVE('',#510,#536,#553,.T.);
#553 = LINE('',#554,#555);
#554 = CARTESIAN_POINT('',(1.56,-1.5,-0.866025403784));
#555 = VECTOR('',#556,1.);
#556 = DIRECTION('',(1.,0.,-0.));
#557 = PLANE('',#558);
#558 = AXIS2_PLACEMENT_3D('',#559,#560,#561);
#559 = CARTESIAN_POINT('',(1.56,-1.5,-0.866025403784));
#560 = DIRECTION('',(0.,0.5,0.866025403784));
#561 = DIRECTION('',(0.,-0.866025403784,0.5));
#562 = ADVANCED_FACE('',(#563),#581,.T.);
#563 = FACE_BOUND('',#564,.T.);
#564 = EDGE_LOOP('',(#565,#573,#579,#580));
#565 = ORIENTED_EDGE('',*,*,#566,.T.);
#566 = EDGE_CURVE('',#538,#567,#569,.T.);
#567 = VERTEX_POINT('',#568);
#568 = CARTESIAN_POINT('',(1.56,1.5,-0.866025403784));
#569 = LINE('',#570,#571);
#570 = CARTESIAN_POINT('',(1.56,0.75,-1.299038105677));
#571 = VECTOR('',#572,1.);
#572 = DIRECTION('',(0.,0.866025403784,0.5));
#573 = ORIENTED_EDGE('',*,*,#574,.T.);
#574 = EDGE_CURVE('',#567,#476,#575,.T.);
#575 = LINE('',#576,#577);
#576 = CARTESIAN_POINT('',(1.56,1.5,-0.866025403784));
#577 = VECTOR('',#578,1.);
#578 = DIRECTION('',(-1.,-0.,-0.));
#579 = ORIENTED_EDGE('',*,*,#475,.T.);
#580 = ORIENTED_EDGE('',*,*,#545,.F.);
#581 = PLANE('',#582);
#582 = AXIS2_PLACEMENT_3D('',#583,#584,#585);
#583 = CARTESIAN_POINT('',(1.56,-8.3E-16,-1.732050807569));
#584 = DIRECTION('',(0.,-0.5,0.866025403784));
#585 = DIRECTION('',(0.,-0.866025403784,-0.5));
#586 = ADVANCED_FACE('',(#587),#605,.T.);
#587 = FACE_BOUND('',#588,.T.);
#588 = EDGE_LOOP('',(#589,#597,#603,#604));
#589 = ORIENTED_EDGE('',*,*,#590,.T.);
#590 = EDGE_CURVE('',#567,#591,#593,.T.);
#591 = VERTEX_POINT('',#592);
#592 = CARTESIAN_POINT('',(1.56,1.5,0.866025403784));
#593 = LINE('',#594,#595);
#594 = CARTESIAN_POINT('',(1.56,1.5,2.7E-16));
#595 = VECTOR('',#596,1.);
#596 = DIRECTION('',(0.,0.,1.));
#597 = ORIENTED_EDGE('',*,*,#598,.T.);
#598 = EDGE_CURVE('',#591,#486,#599,.T.);
#599 = LINE('',#600,#601);
#600 = CARTESIAN_POINT('',(1.56,1.5,0.866025403784));
#601 = VECTOR('',#602,1.);
#602 = DIRECTION('',(-1.,-0.,-0.));
#603 = ORIENTED_EDGE('',*,*,#485,.T.);
#604 = ORIENTED_EDGE('',*,*,#574,.F.);
#605 = PLANE('',#606);
#606 = AXIS2_PLACEMENT_3D('',#607,#608,#609);
#607 = CARTESIAN_POINT('',(1.56,1.5,-0.866025403784));
#608 = DIRECTION('',(0.,-1.,0.));
#609 = DIRECTION('',(0.,-0.,-1.));
#610 = ADVANCED_FACE('',(#611),#629,.T.);
#611 = FACE_BOUND('',#612,.T.);
#612 = EDGE_LOOP('',(#613,#621,#627,#628));
#613 = ORIENTED_EDGE('',*,*,#614,.T.);
#614 = EDGE_CURVE('',#591,#615,#617,.T.);
#615 = VERTEX_POINT('',#616);
#616 = CARTESIAN_POINT('',(1.56,1.E-15,1.732050807569));
#617 = LINE('',#618,#619);
#618 = CARTESIAN_POINT('',(1.56,0.75,1.299038105677));
#619 = VECTOR('',#620,1.);
#620 = DIRECTION('',(0.,-0.866025403784,0.5));
#621 = ORIENTED_EDGE('',*,*,#622,.T.);
#622 = EDGE_CURVE('',#615,#494,#623,.T.);
#623 = LINE('',#624,#625);
#624 = CARTESIAN_POINT('',(1.56,8.7E-16,1.732050807569));
#625 = VECTOR('',#626,1.);
#626 = DIRECTION('',(-1.,0.,-0.));
#627 = ORIENTED_EDGE('',*,*,#493,.T.);
#628 = ORIENTED_EDGE('',*,*,#598,.F.);
#629 = PLANE('',#630);
#630 = AXIS2_PLACEMENT_3D('',#631,#632,#633);
#631 = CARTESIAN_POINT('',(1.56,1.5,0.866025403784));
#632 = DIRECTION('',(0.,-0.5,-0.866025403784));
#633 = DIRECTION('',(0.,0.866025403784,-0.5));
#634 = ADVANCED_FACE('',(#635),#653,.T.);
#635 = FACE_BOUND('',#636,.T.);
#636 = EDGE_LOOP('',(#637,#645,#651,#652));
#637 = ORIENTED_EDGE('',*,*,#638,.T.);
#638 = EDGE_CURVE('',#615,#639,#641,.T.);
#639 = VERTEX_POINT('',#640);
#640 = CARTESIAN_POINT('',(1.56,-1.5,0.866025403784));
#641 = LINE('',#642,#643);
#642 = CARTESIAN_POINT('',(1.56,-0.75,1.299038105677));
#643 = VECTOR('',#644,1.);
#644 = DIRECTION('',(0.,-0.866025403784,-0.5));
#645 = ORIENTED_EDGE('',*,*,#646,.T.);
#646 = EDGE_CURVE('',#639,#502,#647,.T.);
#647 = LINE('',#648,#649);
#648 = CARTESIAN_POINT('',(1.56,-1.5,0.866025403784));
#649 = VECTOR('',#650,1.);
#650 = DIRECTION('',(-1.,0.,-0.));
#651 = ORIENTED_EDGE('',*,*,#501,.T.);
#652 = ORIENTED_EDGE('',*,*,#622,.F.);
#653 = PLANE('',#654);
#654 = AXIS2_PLACEMENT_3D('',#655,#656,#657);
#655 = CARTESIAN_POINT('',(1.56,4.6E-16,1.732050807569));
#656 = DIRECTION('',(0.,0.5,-0.866025403784));
#657 = DIRECTION('',(0.,0.866025403784,0.5));
#658 = ADVANCED_FACE('',(#659),#670,.T.);
#659 = FACE_BOUND('',#660,.T.);
#660 = EDGE_LOOP('',(#661,#667,#668,#669));
#661 = ORIENTED_EDGE('',*,*,#662,.T.);
#662 = EDGE_CURVE('',#639,#536,#663,.T.);
#663 = LINE('',#664,#665);
#664 = CARTESIAN_POINT('',(1.56,-1.5,1.03E-15));
#665 = VECTOR('',#666,1.);
#666 = DIRECTION('',(0.,0.,-1.));
#667 = ORIENTED_EDGE('',*,*,#552,.F.);
#668 = ORIENTED_EDGE('',*,*,#509,.T.);
#669 = ORIENTED_EDGE('',*,*,#646,.F.);
#670 = PLANE('',#671);
#671 = AXIS2_PLACEMENT_3D('',#672,#673,#674);
#672 = CARTESIAN_POINT('',(1.56,-1.5,0.866025403784));
#673 = DIRECTION('',(0.,1.,0.));
#674 = DIRECTION('',(0.,-0.,1.));
#675 = ADVANCED_FACE('',(#676),#772,.F.);
#676 = FACE_BOUND('',#677,.F.);
#677 = EDGE_LOOP('',(#678,#679,#728));
#678 = ORIENTED_EDGE('',*,*,#535,.T.);
#679 = ORIENTED_EDGE('',*,*,#680,.T.);
#680 = EDGE_CURVE('',#538,#681,#683,.T.);
#681 = VERTEX_POINT('',#682);
#682 = CARTESIAN_POINT('',(2.312055648531,-2.198803591068E-02,
    -3.808439535595E-02));
#683 = B_SPLINE_CURVE_WITH_KNOTS('',3,(#684,#685,#686,#687,#688,#689,
    #690,#691,#692,#693,#694,#695,#696,#697,#698,#699,#700,#701,#702,
    #703,#704,#705,#706,#707,#708,#709,#710,#711,#712,#713,#714,#715,
    #716,#717,#718,#719,#720,#721,#722,#723,#724,#725,#726,#727),
  .UNSPECIFIED.,.F.,.F.,(4,2,2,1,1,1,1,2,2,2,2,1,1,1,2,2,2,1,1,1,2,2,2,1
    ,1,2,2,4),(0.,0.25,0.375,0.4375,0.46875,0.484375,0.4921875,
    0.49609375,0.5,0.625,0.6875,0.71875,0.734375,0.7421875,0.74609375,
    0.75,0.8125,0.84375,0.859375,0.8671875,0.87109375,0.875,0.90625,
    0.921875,0.9296875,0.93359375,0.9375,1.),.UNSPECIFIED.);
#684 = CARTESIAN_POINT('',(1.56,-3.3E-16,-1.732050807569));
#685 = CARTESIAN_POINT('',(1.643841689597,-2.14156783733E-03,
    -1.545252600076));
#686 = CARTESIAN_POINT('',(1.717374881995,-4.08617729764E-03,
    -1.381445667003));
#687 = CARTESIAN_POINT('',(1.812211924791,-6.521972310635E-03,
    -1.170111279028));
#688 = CARTESIAN_POINT('',(1.841247148089,-7.257588490311E-03,
    -1.105398130321));
#689 = CARTESIAN_POINT('',(1.880934296587,-8.258168665657E-03,
    -1.016932823796));
#690 = CARTESIAN_POINT('',(1.899811449224,-8.733110639624E-03,
    -0.974851491418));
#691 = CARTESIAN_POINT('',(1.920143556144,-9.249227520408E-03,
    -0.929525223979));
#692 = CARTESIAN_POINT('',(1.929886800149,-9.49887346336E-03,
    -0.90780489219));
#693 = CARTESIAN_POINT('',(1.934652719788,-9.621736633132E-03,
    -0.897180512378));
#694 = CARTESIAN_POINT('',(1.936672606269,-9.673988505391E-03,
    -0.892677742001));
#695 = CARTESIAN_POINT('',(1.938014163811,-9.708735206543E-03,
    -0.889687126243));
#696 = CARTESIAN_POINT('',(1.938046683905,-9.709557263392E-03,
    -0.889614626738));
#697 = CARTESIAN_POINT('',(1.980995764093,-1.082475115889E-02,
    -0.793872751139));
#698 = CARTESIAN_POINT('',(2.017612092352,-1.183951170625E-02,
    -0.712256980549));
#699 = CARTESIAN_POINT('',(2.064989687765,-1.309351234232E-02,
    -0.606570131265));
#700 = CARTESIAN_POINT('',(2.079524403407,-1.347033178295E-02,
    -0.574132745207));
#701 = CARTESIAN_POINT('',(2.099439752626,-1.398435052257E-02,
    -0.529670319169));
#702 = CARTESIAN_POINT('',(2.108925746175,-1.422888628011E-02,
    -0.508487715906));
#703 = CARTESIAN_POINT('',(2.119167296792,-1.449813432607E-02,
    -0.485613201071));
#704 = CARTESIAN_POINT('',(2.124081711636,-1.462972974275E-02,
    -0.474636160924));
#705 = CARTESIAN_POINT('',(2.126143669327,-1.468559019698E-02,
    -0.470030399672));
#706 = CARTESIAN_POINT('',(2.127508481099,-1.472272411686E-02,
    -0.466981829876));
#707 = CARTESIAN_POINT('',(2.127576411901,-1.472450088559E-02,
    -0.46683009463));
#708 = CARTESIAN_POINT('',(2.149372807819,-1.532297265839E-02,
    -0.418143386273));
#709 = CARTESIAN_POINT('',(2.167502093999,-1.587932612399E-02,
    -0.377632447835));
#710 = CARTESIAN_POINT('',(2.191118570067,-1.656621163049E-02,
    -0.324751821164));
#711 = CARTESIAN_POINT('',(2.202032444801,-1.687702625172E-02,
    -0.30028551116));
#712 = CARTESIAN_POINT('',(2.213200162881,-1.719775510686E-02,
    -0.275205073574));
#713 = CARTESIAN_POINT('',(2.218392737977,-1.735292287232E-02,
    -0.263533903242));
#714 = CARTESIAN_POINT('',(2.220534280745,-1.74189551606E-02,
    -0.258718583233));
#715 = CARTESIAN_POINT('',(2.221943343354,-1.74629534841E-02,
    -0.255549887094));
#716 = CARTESIAN_POINT('',(2.222085108072,-1.746717412628E-02,
    -0.25523118409));
#717 = CARTESIAN_POINT('',(2.233239249418,-1.782523615333E-02,
    -0.230141952722));
#718 = CARTESIAN_POINT('',(2.242095113631,-1.815608107145E-02,
    -0.210174845233));
#719 = CARTESIAN_POINT('',(2.253790517808,-1.8580675883E-02,
    -0.183671765049));
#720 = CARTESIAN_POINT('',(2.25924112186,-1.877782984434E-02,
    -0.171283777431));
#721 = CARTESIAN_POINT('',(2.264905238359,-1.899084740369E-02,
    -0.158348019364));
#722 = CARTESIAN_POINT('',(2.267183805096,-1.908138870883E-02,
    -0.153130897837));
#723 = CARTESIAN_POINT('',(2.268669758083,-1.914195416676E-02,
    -0.149725655431));
#724 = CARTESIAN_POINT('',(2.268760701526,-1.914485879192E-02,
    -0.149518318485));
#725 = CARTESIAN_POINT('',(2.291632030466,-2.01337110326E-02,
    -9.701334156883E-02));
#726 = CARTESIAN_POINT('',(2.306241854264,-2.158725365017E-02,
    -6.150148853193E-02));
#727 = CARTESIAN_POINT('',(2.312055648531,-2.198803591069E-02,
    -3.808439535595E-02));
#728 = ORIENTED_EDGE('',*,*,#729,.T.);
#729 = EDGE_CURVE('',#681,#536,#730,.T.);
#730 = B_SPLINE_CURVE_WITH_KNOTS('',3,(#731,#732,#733,#734,#735,#736,
    #737,#738,#739,#740,#741,#742,#743,#744,#745,#746,#747,#748,#749,
    #750,#751,#752,#753,#754,#755,#756,#757,#758,#759,#760,#761,#762,
    #763,#764,#765,#766,#767,#768,#769,#770,#771),.UNSPECIFIED.,.F.,.F.,
  (4,2,2,1,2,2,2,1,1,2,2,2,1,1,1,2,2,2,2,1,1,1,2,2,4),(0.,3.125E-02,
    4.6875E-02,5.46875E-02,5.859375E-02,6.25E-02,9.375000000001E-02,
    0.109375,0.1171875,0.12109375,0.125,0.1875,0.21875,0.234375,
    0.2421875,0.24609375,0.25,0.375,0.4375,0.46875,0.484375,0.4921875,
    0.49609375,0.5,1.),.UNSPECIFIED.);
#731 = CARTESIAN_POINT('',(2.312055648531,-2.198803591069E-02,
    -3.808439535595E-02));
#732 = CARTESIAN_POINT('',(2.310242679777,-3.229165636869E-02,
    -4.353113297597E-02));
#733 = CARTESIAN_POINT('',(2.304743791112,-4.494898404047E-02,
    -5.093687858234E-02));
#734 = CARTESIAN_POINT('',(2.293786423263,-6.856630981743E-02,
    -6.375704570762E-02));
#735 = CARTESIAN_POINT('',(2.289682461506,-7.721117846626E-02,
    -6.835201302744E-02));
#736 = CARTESIAN_POINT('',(2.282849260157,-9.13391116983E-02,
    -7.586126764307E-02));
#737 = CARTESIAN_POINT('',(2.279263344804,-9.869328628636E-02,
    -7.977350087475E-02));
#738 = CARTESIAN_POINT('',(2.275423457434,-0.106483601756,
    -8.397813679283E-02));
#739 = CARTESIAN_POINT('',(2.272807094295,-0.111774189206,
    -8.685455544734E-02));
#740 = CARTESIAN_POINT('',(2.270817750292,-0.115780187863,
    -8.905464765974E-02));
#741 = CARTESIAN_POINT('',(2.264412662015,-0.128652142979,
    -9.616965521918E-02));
#742 = CARTESIAN_POINT('',(2.257667488055,-0.142095026322,
    -0.103658128694));
#743 = CARTESIAN_POINT('',(2.245972083879,-0.165259640846,
    -0.116540364738));
#744 = CARTESIAN_POINT('',(2.239729970981,-0.177592068279,
    -0.123397092629));
#745 = CARTESIAN_POINT('',(2.231757287018,-0.19329280287,-0.132136914817
    ));
#746 = CARTESIAN_POINT('',(2.228192518409,-0.200303078229,
    -0.136044759145));
#747 = CARTESIAN_POINT('',(2.225783138435,-0.205039132789,
    -0.138686489957));
#748 = CARTESIAN_POINT('',(2.224011280271,-0.208520073655,-0.14062976309
    ));
#749 = CARTESIAN_POINT('',(2.212335286545,-0.231451778141,
    -0.153438478163));
#750 = CARTESIAN_POINT('',(2.198968542573,-0.257623737758,
    -0.168133025413));
#751 = CARTESIAN_POINT('',(2.175352066505,-0.303763131802,
    -0.193977480499));
#752 = CARTESIAN_POINT('',(2.162652238443,-0.328553266286,
    -0.207855352236));
#753 = CARTESIAN_POINT('',(2.146275489823,-0.360486128855,
    -0.225737051281));
#754 = CARTESIAN_POINT('',(2.137697044876,-0.377205412214,
    -0.235106849382));
#755 = CARTESIAN_POINT('',(2.133936981905,-0.384532156085,
    -0.239215156198));
#756 = CARTESIAN_POINT('',(2.131411698465,-0.389452506013,
    -0.241974717993));
#757 = CARTESIAN_POINT('',(2.129531600855,-0.393115424608,
    -0.244029643763));
#758 = CARTESIAN_POINT('',(2.107321016273,-0.436385456311,
    -0.268308440625));
#759 = CARTESIAN_POINT('',(2.080759716186,-0.488083989513,
    -0.297397190689));
#760 = CARTESIAN_POINT('',(2.033382120773,-0.580238477924,
    -0.349154062822));
#761 = CARTESIAN_POINT('',(2.016333648088,-0.613391149317,
    -0.367764397323));
#762 = CARTESIAN_POINT('',(1.988877027739,-0.666772103272,
    -0.397729392772));
#763 = CARTESIAN_POINT('',(1.974677739735,-0.694375572637,
    -0.413224646978));
#764 = CARTESIAN_POINT('',(1.957287692527,-0.728177457051,
    -0.432206532072));
#765 = CARTESIAN_POINT('',(1.948386616122,-0.745477875448,
    -0.441924644091));
#766 = CARTESIAN_POINT('',(1.94452771492,-0.752977944442,-0.446138358514
    ));
#767 = CARTESIAN_POINT('',(1.94194530208,-0.757997013768,-0.44895836324)
  );
#768 = CARTESIAN_POINT('',(1.940014103896,-0.76175036327,-0.451067388082
    ));
#769 = CARTESIAN_POINT('',(1.854108784067,-0.928709249726,-0.54488654775
    ));
#770 = CARTESIAN_POINT('',(1.727659393673,-1.174361032262,-0.68296268973
    ));
#771 = CARTESIAN_POINT('',(1.56,-1.5,-0.866025403784));
#772 = B_SPLINE_SURFACE_WITH_KNOTS('',3,3,(
    (#773,#774,#775,#776,#777,#778,#779)
    ,(#780,#781,#782,#783,#784,#785,#786)
    ,(#787,#788,#789,#790,#791,#792,#793)
    ,(#794,#795,#796,#797,#798,#799,#800)
    ,(#801,#802,#803,#804,#805,#806,#807)
    ,(#808,#809,#810,#811,#812,#813,#814
    )),.UNSPECIFIED.,.F.,.F.,.F.,(4,2,4),(4,3,4),(0.,0.5,1.),(0.,1.,1.01
    ),.UNSPECIFIED.);
#773 = CARTESIAN_POINT('',(1.56,-1.5,-0.866025403784));
#774 = CARTESIAN_POINT('',(1.81,-1.01443375673,-0.585683602523));
#775 = CARTESIAN_POINT('',(2.06,-0.528867513459,-0.305341801261));
#776 = CARTESIAN_POINT('',(2.31,-4.330127018922E-02,-2.5E-02));
#777 = CARTESIAN_POINT('',(2.3125,-3.844560775652E-02,
    -2.219658198739E-02));
#778 = CARTESIAN_POINT('',(2.315,-3.358994532382E-02,-1.939316397477E-02
    ));
#779 = CARTESIAN_POINT('',(2.3175,-2.873428289111E-02,
    -1.658974596216E-02));
#780 = CARTESIAN_POINT('',(1.56,-1.25,-1.010362971082));
#781 = CARTESIAN_POINT('',(1.81,-0.846378201174,-0.68431427351));
#782 = CARTESIAN_POINT('',(2.06,-0.442756402348,-0.358265575937));
#783 = CARTESIAN_POINT('',(2.31,-3.913460352256E-02,-3.221687836487E-02)
  );
#784 = CARTESIAN_POINT('',(2.3125,-3.50983855343E-02,-2.895639138915E-02
    ));
#785 = CARTESIAN_POINT('',(2.315,-3.106216754604E-02,-2.569590441342E-02
    ));
#786 = CARTESIAN_POINT('',(2.3175,-2.702594955778E-02,-2.24354174377E-02
    ));
#787 = CARTESIAN_POINT('',(1.56,-1.,-1.154700538379));
#788 = CARTESIAN_POINT('',(1.81,-0.677491984214,-0.782622651708));
#789 = CARTESIAN_POINT('',(2.06,-0.354983968428,-0.410544765036));
#790 = CARTESIAN_POINT('',(2.31,-3.247595264192E-02,-3.846687836487E-02)
  );
#791 = CARTESIAN_POINT('',(2.3125,-2.925087248406E-02,
    -3.474609949816E-02));
#792 = CARTESIAN_POINT('',(2.315,-2.60257923262E-02,-3.102532063144E-02)
  );
#793 = CARTESIAN_POINT('',(2.3175,-2.280071216834E-02,
    -2.730454176473E-02));
#794 = CARTESIAN_POINT('',(1.56,-0.5,-1.443375672974));
#795 = CARTESIAN_POINT('',(1.81,-0.339025105849,-0.978036595044));
#796 = CARTESIAN_POINT('',(2.06,-0.178050211698,-0.512697517113));
#797 = CARTESIAN_POINT('',(2.31,-1.707531754731E-02,-4.735843918244E-02)
  );
#798 = CARTESIAN_POINT('',(2.3125,-1.54655686058E-02,-4.270504840313E-02
    ));
#799 = CARTESIAN_POINT('',(2.315,-1.385581966429E-02,-3.805165762382E-02
    ));
#800 = CARTESIAN_POINT('',(2.3175,-1.224607072278E-02,
    -3.339826684452E-02));
#801 = CARTESIAN_POINT('',(1.56,-0.25,-1.587713240271));
#802 = CARTESIAN_POINT('',(1.81,-0.169444444444,-1.075142160181));
#803 = CARTESIAN_POINT('',(2.06,-8.888888888889E-02,-0.56257108009));
#804 = CARTESIAN_POINT('',(2.31,-8.333333333333E-03,-5.E-02));
#805 = CARTESIAN_POINT('',(2.3125,-7.527777777778E-03,-4.48742891991E-02
    ));
#806 = CARTESIAN_POINT('',(2.315,-6.722222222222E-03,-3.974857839819E-02
    ));
#807 = CARTESIAN_POINT('',(2.3175,-5.916666666667E-03,
    -3.462286759729E-02));
#808 = CARTESIAN_POINT('',(1.56,-6.5E-16,-1.732050807569));
#809 = CARTESIAN_POINT('',(1.81,-4.5E-16,-1.171367205046));
#810 = CARTESIAN_POINT('',(2.06,-2.5E-16,-0.610683602523));
#811 = CARTESIAN_POINT('',(2.31,-4.E-17,-5.E-02));
#812 = CARTESIAN_POINT('',(2.3125,-4.E-17,-4.439316397477E-02));
#813 = CARTESIAN_POINT('',(2.315,-4.E-17,-3.878632794954E-02));
#814 = CARTESIAN_POINT('',(2.3175,-4.E-17,-3.317949192431E-02));
#815 = ADVANCED_FACE('',(#816),#881,.F.);
#816 = FACE_BOUND('',#817,.F.);
#817 = EDGE_LOOP('',(#818,#819,#820,#837));
#818 = ORIENTED_EDGE('',*,*,#662,.T.);
#819 = ORIENTED_EDGE('',*,*,#729,.F.);
#820 = ORIENTED_EDGE('',*,*,#821,.T.);
#821 = EDGE_CURVE('',#681,#822,#824,.T.);
#822 = VERTEX_POINT('',#823);
#823 = CARTESIAN_POINT('',(2.312055648531,-2.198803591068E-02,
    3.808439535595E-02));
#824 = B_SPLINE_CURVE_WITH_KNOTS('',3,(#825,#826,#827,#828,#829,#830,
    #831,#832,#833,#834,#835,#836),.UNSPECIFIED.,.F.,.F.,(4,2,2,2,2,4),(
    0.,0.25,0.5,0.625,0.75,1.),.UNSPECIFIED.);
#825 = CARTESIAN_POINT('',(2.312055648531,-2.198803591069E-02,
    -3.808439535595E-02));
#826 = CARTESIAN_POINT('',(2.31,-3.19521369764E-02,-3.738930420419E-02)
  );
#827 = CARTESIAN_POINT('',(2.31,-4.040497285128E-02,-3.082828851962E-02)
  );
#828 = CARTESIAN_POINT('',(2.31,-4.781615875413E-02,-1.622699438177E-02)
  );
#829 = CARTESIAN_POINT('',(2.31,-4.963652272938E-02,-9.110700305603E-03)
  );
#830 = CARTESIAN_POINT('',(2.31,-4.950864391956E-02,4.555350152801E-03)
  );
#831 = CARTESIAN_POINT('',(2.31,-4.903393875235E-02,8.79366201676E-03));
#832 = CARTESIAN_POINT('',(2.31,-4.722037062342E-02,1.663620916699E-02)
  );
#833 = CARTESIAN_POINT('',(2.31,-4.659073534229E-02,1.892398615717E-02)
  );
#834 = CARTESIAN_POINT('',(2.31,-3.915022672352E-02,3.273495203774E-02)
  );
#835 = CARTESIAN_POINT('',(2.31,-3.166358315416E-02,3.739240488751E-02)
  );
#836 = CARTESIAN_POINT('',(2.312055648531,-2.198803591069E-02,
    3.808439535595E-02));
#837 = ORIENTED_EDGE('',*,*,#838,.T.);
#838 = EDGE_CURVE('',#822,#639,#839,.T.);
#839 = B_SPLINE_CURVE_WITH_KNOTS('',3,(#840,#841,#842,#843,#844,#845,
    #846,#847,#848,#849,#850,#851,#852,#853,#854,#855,#856,#857,#858,
    #859,#860,#861,#862,#863,#864,#865,#866,#867,#868,#869,#870,#871,
    #872,#873,#874,#875,#876,#877,#878,#879,#880),.UNSPECIFIED.,.F.,.F.,
  (4,2,2,1,2,2,2,1,1,2,2,2,1,1,1,2,2,2,2,1,1,1,2,2,4),(0.,3.125E-02,
    4.6875E-02,5.46875E-02,5.859375E-02,6.25E-02,9.375E-02,0.109375,
    0.1171875,0.12109375,0.125,0.1875,0.21875,0.234375,0.2421875,
    0.24609375,0.25,0.375,0.4375,0.46875,0.484375,0.4921875,0.49609375,
    0.5,1.),.UNSPECIFIED.);
#840 = CARTESIAN_POINT('',(2.312055648531,-2.198803591069E-02,
    3.808439535595E-02));
#841 = CARTESIAN_POINT('',(2.308973750423,-2.943077486335E-02,
    4.251674272438E-02));
#842 = CARTESIAN_POINT('',(2.303168204225,-3.981302745153E-02,
    4.882211809509E-02));
#843 = CARTESIAN_POINT('',(2.291115889113,-6.262216768777E-02,
    6.148905620397E-02));
#844 = CARTESIAN_POINT('',(2.286541118106,-7.13977394928E-02,
    6.626166515446E-02));
#845 = CARTESIAN_POINT('',(2.278842962642,-8.629164655188E-02,
    7.433902494482E-02));
#846 = CARTESIAN_POINT('',(2.274784885172,-9.416772975548E-02,
    7.860892093868E-02));
#847 = CARTESIAN_POINT('',(2.270413308093,-0.102649835029,
    8.325791600908E-02));
#848 = CARTESIAN_POINT('',(2.267429256795,-0.108432771124,
    8.644612738969E-02));
#849 = CARTESIAN_POINT('',(2.265083508216,-0.112970043747,
    8.896837843747E-02));
#850 = CARTESIAN_POINT('',(2.258398284925,-0.125881885775,
    9.618311653437E-02));
#851 = CARTESIAN_POINT('',(2.251476382567,-0.13927917985,0.103697367817)
  );
#852 = CARTESIAN_POINT('',(2.23962430655,-0.162334270716,0.116589414703)
  );
#853 = CARTESIAN_POINT('',(2.233330962921,-0.174599384071,0.123441806031
    ));
#854 = CARTESIAN_POINT('',(2.225345943852,-0.190193183356,0.132153301094
    ));
#855 = CARTESIAN_POINT('',(2.221786053215,-0.197149313607,0.136041892692
    ));
#856 = CARTESIAN_POINT('',(2.219382183988,-0.20184713396,0.138668934612)
  );
#857 = CARTESIAN_POINT('',(2.217635291045,-0.205261520104,0.140579160789
    ));
#858 = CARTESIAN_POINT('',(2.20568616979,-0.228617507523,0.153650194253)
  );
#859 = CARTESIAN_POINT('',(2.192217963621,-0.254956605661,0.168439188763
    ));
#860 = CARTESIAN_POINT('',(2.168682692768,-0.301125803489,0.194289799824
    ));
#861 = CARTESIAN_POINT('',(2.156081816941,-0.325871733008,0.208133990512
    ));
#862 = CARTESIAN_POINT('',(2.139922624444,-0.357636397378,0.225902010456
    ));
#863 = CARTESIAN_POINT('',(2.13147848552,-0.374237710252,0.235192845691)
  );
#864 = CARTESIAN_POINT('',(2.127781452551,-0.381506059026,0.239262138712
    ));
#865 = CARTESIAN_POINT('',(2.12529940473,-0.386385664944,0.241994487726)
  );
#866 = CARTESIAN_POINT('',(2.123469745514,-0.389982600492,0.244009030394
    ));
#867 = CARTESIAN_POINT('',(2.101081642377,-0.433994492066,0.268661946893
    ));
#868 = CARTESIAN_POINT('',(2.074583387137,-0.486071681072,0.297898080424
    ));
#869 = CARTESIAN_POINT('',(2.027653135074,-0.578453295731,0.349656843897
    ));
#870 = CARTESIAN_POINT('',(2.010812572852,-0.611621336649,0.368229123624
    ));
#871 = CARTESIAN_POINT('',(1.983756012219,-0.664924324754,0.39807260027)
  );
#872 = CARTESIAN_POINT('',(1.969778802576,-0.692463224835,0.413490783795
    ));
#873 = CARTESIAN_POINT('',(1.952686431675,-0.726139202607,0.432350671378
    ));
#874 = CARTESIAN_POINT('',(1.943943839644,-0.743363037657,0.441999162844
    ));
#875 = CARTESIAN_POINT('',(1.940154927364,-0.750827252641,0.446181124142
    ));
#876 = CARTESIAN_POINT('',(1.937619633149,-0.755821732252,0.448979526387
    ));
#877 = CARTESIAN_POINT('',(1.9357352897,-0.759533762063,0.451059527761)
  );
#878 = CARTESIAN_POINT('',(1.849952894599,-0.928517012137,0.545751542727
    ));
#879 = CARTESIAN_POINT('',(1.724929457968,-1.174902187412,0.683827742773
    ));
#880 = CARTESIAN_POINT('',(1.56,-1.5,0.866025403784));
#881 = B_SPLINE_SURFACE_WITH_KNOTS('',3,3,(
    (#882,#883,#884,#885,#886,#887,#888)
    ,(#889,#890,#891,#892,#893,#894,#895)
    ,(#896,#897,#898,#899,#900,#901,#902)
    ,(#903,#904,#905,#906,#907,#908,#909)
    ,(#910,#911,#912,#913,#914,#915,#916)
    ,(#917,#918,#919,#920,#921,#922,#923)
    ,(#924,#925,#926,#927,#928,#929,#930)
    ,(#931,#932,#933,#934,#935,#936,#937)
    ,(#938,#939,#940,#941,#942,#943,#944)
    ,(#945,#946,#947,#948,#949,#950,#951)
    ,(#952,#953,#954,#955,#956,#957,#958)
    ,(#959,#960,#961,#962,#963,#964,#965
    )),.UNSPECIFIED.,.F.,.F.,.F.,(4,3,2,3,4),(4,3,4),(-0.544648812617,0.
    ,0.5,1.,1.544648812617),(0.,1.,1.01),.UNSPECIFIED.);
#882 = CARTESIAN_POINT('',(1.56,-1.5,1.809384819519));
#883 = CARTESIAN_POINT('',(1.81,-1.009895016625,1.222451208144));
#884 = CARTESIAN_POINT('',(2.06,-0.519790033249,0.635517596768));
#885 = CARTESIAN_POINT('',(2.31,-2.96850498738E-02,4.858398539336E-02));
#886 = CARTESIAN_POINT('',(2.3125,-2.478400004005E-02,4.271464927961E-02
    ));
#887 = CARTESIAN_POINT('',(2.315,-1.98829502063E-02,3.684531316585E-02)
  );
#888 = CARTESIAN_POINT('',(2.3175,-1.498190037254E-02,3.09759770521E-02)
  );
#889 = CARTESIAN_POINT('',(1.56,-1.5,1.494931680941));
#890 = CARTESIAN_POINT('',(1.81,-1.011407929993,1.010195339603));
#891 = CARTESIAN_POINT('',(2.06,-0.522815859986,0.525458998266));
#892 = CARTESIAN_POINT('',(2.31,-3.422378997894E-02,4.07226569289E-02));
#893 = CARTESIAN_POINT('',(2.3125,-2.933786927887E-02,3.587529351553E-02
    ));
#894 = CARTESIAN_POINT('',(2.315,-2.44519485788E-02,3.102793010216E-02)
  );
#895 = CARTESIAN_POINT('',(2.3175,-1.956602787873E-02,2.618056668879E-02
    ));
#896 = CARTESIAN_POINT('',(1.56,-1.5,1.180478542363));
#897 = CARTESIAN_POINT('',(1.81,-1.012920843361,0.797939471063));
#898 = CARTESIAN_POINT('',(2.06,-0.525841686723,0.415400399764));
#899 = CARTESIAN_POINT('',(2.31,-3.876253008408E-02,3.286132846445E-02)
  );
#900 = CARTESIAN_POINT('',(2.3125,-3.38917385177E-02,2.903593775146E-02)
  );
#901 = CARTESIAN_POINT('',(2.315,-2.902094695131E-02,2.521054703847E-02)
  );
#902 = CARTESIAN_POINT('',(2.3175,-2.415015538492E-02,2.138515632547E-02
    ));
#903 = CARTESIAN_POINT('',(1.56,-1.5,0.866025403784));
#904 = CARTESIAN_POINT('',(1.81,-1.01443375673,0.585683602523));
#905 = CARTESIAN_POINT('',(2.06,-0.528867513459,0.305341801261));
#906 = CARTESIAN_POINT('',(2.31,-4.330127018922E-02,2.5E-02));
#907 = CARTESIAN_POINT('',(2.3125,-3.844560775652E-02,2.219658198739E-02
    ));
#908 = CARTESIAN_POINT('',(2.315,-3.358994532382E-02,1.939316397477E-02)
  );
#909 = CARTESIAN_POINT('',(2.3175,-2.873428289111E-02,1.658974596216E-02
    ));
#910 = CARTESIAN_POINT('',(1.56,-1.5,0.57735026919));
#911 = CARTESIAN_POINT('',(1.81,-1.015822645619,0.390827886671));
#912 = CARTESIAN_POINT('',(2.06,-0.531645291237,0.204305504153));
#913 = CARTESIAN_POINT('',(2.31,-4.746793685589E-02,1.778312163513E-02)
  );
#914 = CARTESIAN_POINT('',(2.3125,-4.262616331207E-02,1.591789780995E-02
    ));
#915 = CARTESIAN_POINT('',(2.315,-3.778438976826E-02,1.405267398477E-02)
  );
#916 = CARTESIAN_POINT('',(2.3175,-3.294261622445E-02,1.218745015958E-02
    ));
#917 = CARTESIAN_POINT('',(1.56,-1.5,0.288675134595));
#918 = CARTESIAN_POINT('',(1.81,-1.016517090063,0.195413943336));
#919 = CARTESIAN_POINT('',(2.06,-0.533034180126,0.102152752077));
#920 = CARTESIAN_POINT('',(2.31,-4.955127018922E-02,8.891560817565E-03)
  );
#921 = CARTESIAN_POINT('',(2.3125,-4.471644108985E-02,7.958948904974E-03
    ));
#922 = CARTESIAN_POINT('',(2.315,-3.988161199048E-02,7.026336992383E-03)
  );
#923 = CARTESIAN_POINT('',(2.3175,-3.504678289111E-02,6.093725079792E-03
    ));
#924 = CARTESIAN_POINT('',(1.56,-1.5,-0.288675134595));
#925 = CARTESIAN_POINT('',(1.81,-1.016517090063,-0.195413943336));
#926 = CARTESIAN_POINT('',(2.06,-0.533034180126,-0.102152752077));
#927 = CARTESIAN_POINT('',(2.31,-4.955127018922E-02,-8.891560817565E-03)
  );
#928 = CARTESIAN_POINT('',(2.3125,-4.471644108985E-02,
    -7.958948904974E-03));
#929 = CARTESIAN_POINT('',(2.315,-3.988161199048E-02,-7.026336992383E-03
    ));
#930 = CARTESIAN_POINT('',(2.3175,-3.504678289111E-02,
    -6.093725079792E-03));
#931 = CARTESIAN_POINT('',(1.56,-1.5,-0.57735026919));
#932 = CARTESIAN_POINT('',(1.81,-1.015822645619,-0.390827886671));
#933 = CARTESIAN_POINT('',(2.06,-0.531645291237,-0.204305504153));
#934 = CARTESIAN_POINT('',(2.31,-4.746793685589E-02,-1.778312163513E-02)
  );
#935 = CARTESIAN_POINT('',(2.3125,-4.262616331207E-02,
    -1.591789780995E-02));
#936 = CARTESIAN_POINT('',(2.315,-3.778438976826E-02,-1.405267398477E-02
    ));
#937 = CARTESIAN_POINT('',(2.3175,-3.294261622445E-02,
    -1.218745015958E-02));
#938 = CARTESIAN_POINT('',(1.56,-1.5,-0.866025403784));
#939 = CARTESIAN_POINT('',(1.81,-1.01443375673,-0.585683602523));
#940 = CARTESIAN_POINT('',(2.06,-0.528867513459,-0.305341801261));
#941 = CARTESIAN_POINT('',(2.31,-4.330127018922E-02,-2.5E-02));
#942 = CARTESIAN_POINT('',(2.3125,-3.844560775652E-02,
    -2.219658198739E-02));
#943 = CARTESIAN_POINT('',(2.315,-3.358994532382E-02,-1.939316397477E-02
    ));
#944 = CARTESIAN_POINT('',(2.3175,-2.873428289111E-02,
    -1.658974596216E-02));
#945 = CARTESIAN_POINT('',(1.56,-1.5,-1.180478542363));
#946 = CARTESIAN_POINT('',(1.81,-1.012920843361,-0.797939471063));
#947 = CARTESIAN_POINT('',(2.06,-0.525841686723,-0.415400399764));
#948 = CARTESIAN_POINT('',(2.31,-3.876253008408E-02,-3.286132846445E-02)
  );
#949 = CARTESIAN_POINT('',(2.3125,-3.38917385177E-02,-2.903593775146E-02
    ));
#950 = CARTESIAN_POINT('',(2.315,-2.902094695131E-02,-2.521054703847E-02
    ));
#951 = CARTESIAN_POINT('',(2.3175,-2.415015538492E-02,
    -2.138515632547E-02));
#952 = CARTESIAN_POINT('',(1.56,-1.5,-1.494931680941));
#953 = CARTESIAN_POINT('',(1.81,-1.011407929993,-1.010195339603));
#954 = CARTESIAN_POINT('',(2.06,-0.522815859986,-0.525458998266));
#955 = CARTESIAN_POINT('',(2.31,-3.422378997894E-02,-4.07226569289E-02)
  );
#956 = CARTESIAN_POINT('',(2.3125,-2.933786927887E-02,
    -3.587529351553E-02));
#957 = CARTESIAN_POINT('',(2.315,-2.44519485788E-02,-3.102793010216E-02)
  );
#958 = CARTESIAN_POINT('',(2.3175,-1.956602787873E-02,
    -2.618056668879E-02));
#959 = CARTESIAN_POINT('',(1.56,-1.5,-1.809384819519));
#960 = CARTESIAN_POINT('',(1.81,-1.009895016625,-1.222451208144));
#961 = CARTESIAN_POINT('',(2.06,-0.519790033249,-0.635517596768));
#962 = CARTESIAN_POINT('',(2.31,-2.96850498738E-02,-4.858398539336E-02)
  );
#963 = CARTESIAN_POINT('',(2.3125,-2.478400004005E-02,
    -4.271464927961E-02));
#964 = CARTESIAN_POINT('',(2.315,-1.98829502063E-02,-3.684531316585E-02)
  );
#965 = CARTESIAN_POINT('',(2.3175,-1.498190037254E-02,-3.09759770521E-02
    ));
#966 = ADVANCED_FACE('',(#967),#1035,.F.);
#967 = FACE_BOUND('',#968,.F.);
#968 = EDGE_LOOP('',(#969,#970,#1019,#1034));
#969 = ORIENTED_EDGE('',*,*,#566,.T.);
#970 = ORIENTED_EDGE('',*,*,#971,.T.);
#971 = EDGE_CURVE('',#567,#972,#974,.T.);
#972 = VERTEX_POINT('',#973);
#973 = CARTESIAN_POINT('',(2.312055648531,4.397607182137E-02,4.E-15));
#974 = B_SPLINE_CURVE_WITH_KNOTS('',3,(#975,#976,#977,#978,#979,#980,
    #981,#982,#983,#984,#985,#986,#987,#988,#989,#990,#991,#992,#993,
    #994,#995,#996,#997,#998,#999,#1000,#1001,#1002,#1003,#1004,#1005,
    #1006,#1007,#1008,#1009,#1010,#1011,#1012,#1013,#1014,#1015,#1016,
    #1017,#1018),.UNSPECIFIED.,.F.,.F.,(4,2,2,1,1,1,1,2,2,2,2,1,1,1,2,2,
    2,1,1,1,2,2,2,1,1,2,2,4),(0.,0.25,0.375,0.4375,0.46875,0.484375,
    0.4921875,0.49609375,0.5,0.625,0.6875,0.71875,0.734375,0.7421875,
    0.74609375,0.75,0.8125,0.84375,0.859375,0.8671875,0.87109375,0.875,
    0.90625,0.921875,0.9296875,0.93359375,0.9375,1.),.UNSPECIFIED.);
#975 = CARTESIAN_POINT('',(1.56,1.5,-0.866025403784));
#976 = CARTESIAN_POINT('',(1.642476473865,1.339808833708,-0.770789775009
    ));
#977 = CARTESIAN_POINT('',(1.714970569956,1.199019573292,-0.687012438321
    ));
#978 = CARTESIAN_POINT('',(1.808738147429,1.016941420816,-0.578759539902
    ));
#979 = CARTESIAN_POINT('',(1.837498412143,0.961099586004,-0.545572713084
    ));
#980 = CARTESIAN_POINT('',(1.876895417549,0.884612862926,-0.500124491541
    ));
#981 = CARTESIAN_POINT('',(1.895658072335,0.848188501922,-0.478482943846
    ));
#982 = CARTESIAN_POINT('',(1.915910102399,0.808876529977,-0.455121189092
    ));
#983 = CARTESIAN_POINT('',(1.925626683967,0.79001630091,-0.443910672363)
  );
#984 = CARTESIAN_POINT('',(1.930382616386,0.780785122704,-0.438422829658
    ));
#985 = CARTESIAN_POINT('',(1.932398939201,0.776871532361,-0.436096037862
    ));
#986 = CARTESIAN_POINT('',(1.933738280203,0.774271945181,-0.434550427926
    ));
#987 = CARTESIAN_POINT('',(1.933792848189,0.774166026479,-0.434487474077
    ));
#988 = CARTESIAN_POINT('',(1.975949084439,0.692343882009,-0.385836223247
    ));
#989 = CARTESIAN_POINT('',(2.012031889066,0.622333749501,-0.344143017664
    ));
#990 = CARTESIAN_POINT('',(2.058962141129,0.53131854583,-0.290018157098)
  );
#991 = CARTESIAN_POINT('',(2.073406566004,0.503313410672,-0.2733750528)
  );
#992 = CARTESIAN_POINT('',(2.093274714597,0.464805167563,-0.250496066734
    ));
#993 = CARTESIAN_POINT('',(2.102759166713,0.44642590493,-0.23957761884)
  );
#994 = CARTESIAN_POINT('',(2.113037522035,0.426514276769,-0.227744677987
    ));
#995 = CARTESIAN_POINT('',(2.117979989992,0.416941149624,-0.222053403843
    ));
#996 = CARTESIAN_POINT('',(2.120056038465,0.412920382485,-0.219662416186
    ));
#997 = CARTESIAN_POINT('',(2.121430703652,0.410258093333,-0.218079105082
    ));
#998 = CARTESIAN_POINT('',(2.121532018811,0.410061849239,-0.217962457587
    ));
#999 = CARTESIAN_POINT('',(2.142940107511,0.368603748551,-0.193301405036
    ));
#1000 = CARTESIAN_POINT('',(2.160859592477,0.333937578976,
    -0.172631745575));
#1001 = CARTESIAN_POINT('',(2.184394863331,0.288465703333,
    -0.145574341743));
#1002 = CARTESIAN_POINT('',(2.195326509608,0.26736152175,-0.133028048344
    ));
#1003 = CARTESIAN_POINT('',(2.206617115921,0.245594108438,
    -0.120093622359));
#1004 = CARTESIAN_POINT('',(2.211896673824,0.235423690138,
    -0.114046671309));
#1005 = CARTESIAN_POINT('',(2.214080967514,0.231217759376,
    -0.111544509933));
#1006 = CARTESIAN_POINT('',(2.215519746867,0.228447762291,
    -0.109896183199));
#1007 = CARTESIAN_POINT('',(2.215698040186,0.228104395868,
    -0.109692000798));
#1008 = CARTESIAN_POINT('',(2.226807292543,0.206723121353,
    -9.696135548926E-02));
#1009 = CARTESIAN_POINT('',(2.23569543004,0.189658828569,
    -8.677247460865E-02));
#1010 = CARTESIAN_POINT('',(2.247547506058,0.166966440735,
    -7.325369268136E-02));
#1011 = CARTESIAN_POINT('',(2.253103511509,0.156346182798,
    -6.693289466771E-02));
#1012 = CARTESIAN_POINT('',(2.258937960893,0.14522376093,
    -6.031549966282E-02));
#1013 = CARTESIAN_POINT('',(2.261299676992,0.140728380387,
    -5.763881165629E-02));
#1014 = CARTESIAN_POINT('',(2.262843318345,0.137791728494,
    -5.588939928531E-02));
#1015 = CARTESIAN_POINT('',(2.262792498256,0.137887483783,
    -5.594715556195E-02));
#1016 = CARTESIAN_POINT('',(2.289112023579,8.787309286634E-02,
    -2.611567058599E-02));
#1017 = CARTESIAN_POINT('',(2.305181777062,5.886938397613E-02,
    -8.479222847763E-03));
#1018 = CARTESIAN_POINT('',(2.312055648531,4.397607182137E-02,4.41E-15)
  );
#1019 = ORIENTED_EDGE('',*,*,#1020,.T.);
#1020 = EDGE_CURVE('',#972,#681,#1021,.T.);
#1021 = B_SPLINE_CURVE_WITH_KNOTS('',3,(#1022,#1023,#1024,#1025,#1026,
    #1027,#1028,#1029,#1030,#1031,#1032,#1033),.UNSPECIFIED.,.F.,.F.,(4,
    2,2,2,2,4),(0.,0.25,0.5,0.625,0.75,1.),.UNSPECIFIED.);
#1022 = CARTESIAN_POINT('',(2.312055648531,4.397607182137E-02,4.41E-15)
  );
#1023 = CARTESIAN_POINT('',(2.31,4.835615575886E-02,-8.976710224666E-03)
  );
#1024 = CARTESIAN_POINT('',(2.31,4.690056743882E-02,-1.957758866862E-02)
  );
#1025 = CARTESIAN_POINT('',(2.31,3.796106873875E-02,-3.329651100158E-02)
  );
#1026 = CARTESIAN_POINT('',(2.31,3.270835927561E-02,-3.843113948637E-02)
  );
#1027 = CARTESIAN_POINT('',(2.31,2.080927300432E-02,-4.515341841766E-02)
  );
#1028 = CARTESIAN_POINT('',(2.31,1.690143467737E-02,-4.686146761553E-02)
  );
#1029 = CARTESIAN_POINT('',(2.31,9.202805550425E-03,-4.92121451195E-02)
  );
#1030 = CARTESIAN_POINT('',(2.31,6.906714918169E-03,-4.981075346601E-02)
  );
#1031 = CARTESIAN_POINT('',(2.31,-8.774186694586E-03,-5.027256692536E-02
    ));
#1032 = CARTESIAN_POINT('',(2.31,-1.65509809641E-02,-4.611766983009E-02)
  );
#1033 = CARTESIAN_POINT('',(2.312055648531,-2.198803591069E-02,
    -3.808439535595E-02));
#1034 = ORIENTED_EDGE('',*,*,#680,.F.);
#1035 = B_SPLINE_SURFACE_WITH_KNOTS('',3,3,(
    (#1036,#1037,#1038,#1039,#1040,#1041,#1042)
    ,(#1043,#1044,#1045,#1046,#1047,#1048,#1049)
    ,(#1050,#1051,#1052,#1053,#1054,#1055,#1056)
    ,(#1057,#1058,#1059,#1060,#1061,#1062,#1063)
    ,(#1064,#1065,#1066,#1067,#1068,#1069,#1070)
    ,(#1071,#1072,#1073,#1074,#1075,#1076,#1077)
    ,(#1078,#1079,#1080,#1081,#1082,#1083,#1084)
    ,(#1085,#1086,#1087,#1088,#1089,#1090,#1091)
    ,(#1092,#1093,#1094,#1095,#1096,#1097,#1098)
    ,(#1099,#1100,#1101,#1102,#1103,#1104,#1105)
    ,(#1106,#1107,#1108,#1109,#1110,#1111,#1112)
    ,(#1113,#1114,#1115,#1116,#1117,#1118,#1119
  )),.UNSPECIFIED.,.F.,.F.,.F.,(4,3,2,3,4),(4,3,4),(-0.544648812617,0.,
    0.5,1.,1.544648812617),(0.,1.,1.01),.UNSPECIFIED.);
#1036 = CARTESIAN_POINT('',(1.56,-0.816973218925,-2.203730515436));
#1037 = CARTESIAN_POINT('',(1.81,-0.553726292827,-1.485820343624));
#1038 = CARTESIAN_POINT('',(2.06,-0.290479366729,-0.767910171812));
#1039 = CARTESIAN_POINT('',(2.31,-2.723244063084E-02,-5.E-02));
#1040 = CARTESIAN_POINT('',(2.3125,-2.459997136986E-02,
    -4.282089828188E-02));
#1041 = CARTESIAN_POINT('',(2.315,-2.196750210888E-02,
    -3.564179656376E-02));
#1042 = CARTESIAN_POINT('',(2.3175,-1.933503284789E-02,
    -2.846269484564E-02));
#1043 = CARTESIAN_POINT('',(1.56,-0.544648812617,-2.046503946147));
#1044 = CARTESIAN_POINT('',(1.81,-0.369150861885,-1.381002630765));
#1045 = CARTESIAN_POINT('',(2.06,-0.193652911153,-0.715501315382));
#1046 = CARTESIAN_POINT('',(2.31,-1.815496042056E-02,-5.E-02));
#1047 = CARTESIAN_POINT('',(2.3125,-1.639998091324E-02,
    -4.334498684618E-02));
#1048 = CARTESIAN_POINT('',(2.315,-1.464500140592E-02,
    -3.668997369235E-02));
#1049 = CARTESIAN_POINT('',(2.3175,-1.28900218986E-02,
    -3.003496053853E-02));
#1050 = CARTESIAN_POINT('',(1.56,-0.272324406308,-1.889277376858));
#1051 = CARTESIAN_POINT('',(1.81,-0.184575430942,-1.276184917905));
#1052 = CARTESIAN_POINT('',(2.06,-9.682645557631E-02,-0.663092458953));
#1053 = CARTESIAN_POINT('',(2.31,-9.077480210279E-03,-5.E-02));
#1054 = CARTESIAN_POINT('',(2.3125,-8.199990456619E-03,
    -4.386907541047E-02));
#1055 = CARTESIAN_POINT('',(2.315,-7.322500702959E-03,
    -3.773815082095E-02));
#1056 = CARTESIAN_POINT('',(2.3175,-6.445010949298E-03,
    -3.160722623142E-02));
#1057 = CARTESIAN_POINT('',(1.56,-8.3E-16,-1.732050807569));
#1058 = CARTESIAN_POINT('',(1.81,-5.5E-16,-1.171367205046));
#1059 = CARTESIAN_POINT('',(2.06,-2.8E-16,-0.610683602523));
#1060 = CARTESIAN_POINT('',(2.31,0.,-5.E-02));
#1061 = CARTESIAN_POINT('',(2.3125,0.,-4.439316397477E-02));
#1062 = CARTESIAN_POINT('',(2.315,1.E-17,-3.878632794954E-02));
#1063 = CARTESIAN_POINT('',(2.3175,1.E-17,-3.317949192431E-02));
#1064 = CARTESIAN_POINT('',(1.56,0.25,-1.587713240271));
#1065 = CARTESIAN_POINT('',(1.81,0.169444444444,-1.075142160181));
#1066 = CARTESIAN_POINT('',(2.06,8.888888888889E-02,-0.56257108009));
#1067 = CARTESIAN_POINT('',(2.31,8.333333333333E-03,-5.E-02));
#1068 = CARTESIAN_POINT('',(2.3125,7.527777777778E-03,-4.48742891991E-02
    ));
#1069 = CARTESIAN_POINT('',(2.315,6.722222222222E-03,-3.974857839819E-02
    ));
#1070 = CARTESIAN_POINT('',(2.3175,5.916666666667E-03,
    -3.462286759729E-02));
#1071 = CARTESIAN_POINT('',(1.56,0.5,-1.443375672974));
#1072 = CARTESIAN_POINT('',(1.81,0.339025105849,-0.978036595044));
#1073 = CARTESIAN_POINT('',(2.06,0.178050211698,-0.512697517113));
#1074 = CARTESIAN_POINT('',(2.31,1.707531754731E-02,-4.735843918244E-02)
  );
#1075 = CARTESIAN_POINT('',(2.3125,1.54655686058E-02,-4.270504840313E-02
    ));
#1076 = CARTESIAN_POINT('',(2.315,1.385581966429E-02,-3.805165762382E-02
    ));
#1077 = CARTESIAN_POINT('',(2.3175,1.224607072278E-02,
    -3.339826684452E-02));
#1078 = CARTESIAN_POINT('',(1.56,1.,-1.154700538379));
#1079 = CARTESIAN_POINT('',(1.81,0.677491984214,-0.782622651708));
#1080 = CARTESIAN_POINT('',(2.06,0.354983968428,-0.410544765036));
#1081 = CARTESIAN_POINT('',(2.31,3.247595264192E-02,-3.846687836487E-02)
  );
#1082 = CARTESIAN_POINT('',(2.3125,2.925087248406E-02,
    -3.474609949816E-02));
#1083 = CARTESIAN_POINT('',(2.315,2.60257923262E-02,-3.102532063144E-02)
  );
#1084 = CARTESIAN_POINT('',(2.3175,2.280071216834E-02,
    -2.730454176473E-02));
#1085 = CARTESIAN_POINT('',(1.56,1.25,-1.010362971082));
#1086 = CARTESIAN_POINT('',(1.81,0.846378201174,-0.68431427351));
#1087 = CARTESIAN_POINT('',(2.06,0.442756402348,-0.358265575937));
#1088 = CARTESIAN_POINT('',(2.31,3.913460352256E-02,-3.221687836487E-02)
  );
#1089 = CARTESIAN_POINT('',(2.3125,3.50983855343E-02,-2.895639138915E-02
    ));
#1090 = CARTESIAN_POINT('',(2.315,3.106216754604E-02,-2.569590441342E-02
    ));
#1091 = CARTESIAN_POINT('',(2.3175,2.702594955778E-02,-2.24354174377E-02
    ));
#1092 = CARTESIAN_POINT('',(1.56,1.5,-0.866025403784));
#1093 = CARTESIAN_POINT('',(1.81,1.01443375673,-0.585683602523));
#1094 = CARTESIAN_POINT('',(2.06,0.528867513459,-0.305341801261));
#1095 = CARTESIAN_POINT('',(2.31,4.330127018922E-02,-2.5E-02));
#1096 = CARTESIAN_POINT('',(2.3125,3.844560775652E-02,
    -2.219658198739E-02));
#1097 = CARTESIAN_POINT('',(2.315,3.358994532382E-02,-1.939316397477E-02
    ));
#1098 = CARTESIAN_POINT('',(2.3175,2.873428289111E-02,
    -1.658974596216E-02));
#1099 = CARTESIAN_POINT('',(1.56,1.772324406308,-0.708798834495));
#1100 = CARTESIAN_POINT('',(1.81,1.197496274304,-0.478245446842));
#1101 = CARTESIAN_POINT('',(2.06,0.622668142299,-0.247692059189));
#1102 = CARTESIAN_POINT('',(2.31,4.784001029436E-02,-1.713867153555E-02)
  );
#1103 = CARTESIAN_POINT('',(2.3125,4.209172897431E-02,
    -1.483313765901E-02));
#1104 = CARTESIAN_POINT('',(2.315,3.634344765427E-02,-1.252760378248E-02
    ));
#1105 = CARTESIAN_POINT('',(2.3175,3.059516633422E-02,
    -1.022206990595E-02));
#1106 = CARTESIAN_POINT('',(1.56,2.044648812617,-0.551572265206));
#1107 = CARTESIAN_POINT('',(1.81,1.380558791878,-0.370807291161));
#1108 = CARTESIAN_POINT('',(2.06,0.716468771139,-0.190042317116));
#1109 = CARTESIAN_POINT('',(2.31,5.23787503995E-02,-9.277343071095E-03)
  );
#1110 = CARTESIAN_POINT('',(2.3125,4.573785019211E-02,
    -7.469693330644E-03));
#1111 = CARTESIAN_POINT('',(2.315,3.909694998472E-02,-5.662043590194E-03
    ));
#1112 = CARTESIAN_POINT('',(2.3175,3.245604977733E-02,
    -3.854393849743E-03));
#1113 = CARTESIAN_POINT('',(1.56,2.316973218925,-0.394345695917));
#1114 = CARTESIAN_POINT('',(1.81,1.563621309452,-0.26336913548));
#1115 = CARTESIAN_POINT('',(2.06,0.810269399978,-0.132392575044));
#1116 = CARTESIAN_POINT('',(2.31,5.691749050464E-02,-1.416014606643E-03)
  );
#1117 = CARTESIAN_POINT('',(2.3125,4.938397140991E-02,
    -1.062490022741E-04));
#1118 = CARTESIAN_POINT('',(2.315,4.185045231517E-02,1.203516602095E-03)
  );
#1119 = CARTESIAN_POINT('',(2.3175,3.431693322044E-02,2.513282206464E-03
    ));
#1120 = ADVANCED_FACE('',(#1121),#1169,.F.);
#1121 = FACE_BOUND('',#1122,.F.);
#1122 = EDGE_LOOP('',(#1123,#1124,#1125));
#1123 = ORIENTED_EDGE('',*,*,#638,.T.);
#1124 = ORIENTED_EDGE('',*,*,#838,.F.);
#1125 = ORIENTED_EDGE('',*,*,#1126,.T.);
#1126 = EDGE_CURVE('',#822,#615,#1127,.T.);
#1127 = B_SPLINE_CURVE_WITH_KNOTS('',3,(#1128,#1129,#1130,#1131,#1132,
    #1133,#1134,#1135,#1136,#1137,#1138,#1139,#1140,#1141,#1142,#1143,
    #1144,#1145,#1146,#1147,#1148,#1149,#1150,#1151,#1152,#1153,#1154,
    #1155,#1156,#1157,#1158,#1159,#1160,#1161,#1162,#1163,#1164,#1165,
    #1166,#1167,#1168),.UNSPECIFIED.,.F.,.F.,(4,2,2,1,2,2,2,1,1,2,2,2,1,
    1,1,2,2,2,2,1,1,1,2,2,4),(0.,3.125E-02,4.6875E-02,5.46875E-02,
    5.859375E-02,6.25E-02,9.374999999999E-02,0.109375,0.1171875,
    0.12109375,0.125,0.1875,0.21875,0.234375,0.2421875,0.24609375,0.25,
    0.375,0.4375,0.46875,0.484375,0.4921875,0.49609375,0.5,1.),
  .UNSPECIFIED.);
#1128 = CARTESIAN_POINT('',(2.312055648531,-2.198803591069E-02,
    3.808439535595E-02));
#1129 = CARTESIAN_POINT('',(2.310242679778,-2.155323882833E-02,
    4.973096123346E-02));
#1130 = CARTESIAN_POINT('',(2.304743791112,-2.163813882153E-02,
    6.43954013444E-02));
#1131 = CARTESIAN_POINT('',(2.293786423263,-2.093206634431E-02,
    9.125868899934E-02));
#1132 = CARTESIAN_POINT('',(2.289682461506,-2.058899044842E-02,
    0.101042848522));
#1133 = CARTESIAN_POINT('',(2.282849260157,-2.002822909303E-02,
    0.117032624911));
#1134 = CARTESIAN_POINT('',(2.279263344804,-1.973923516316E-02,
    0.125357643544));
#1135 = CARTESIAN_POINT('',(2.275423457434,-1.948539894683E-02,
    0.134206572604));
#1136 = CARTESIAN_POINT('',(2.272807094295,-1.933115684856E-02,
    0.140226565064));
#1137 = CARTESIAN_POINT('',(2.270817750292,-1.923349326668E-02,
    0.144795907775));
#1138 = CARTESIAN_POINT('',(2.264412662015,-1.895929300366E-02,
    0.159500851681));
#1139 = CARTESIAN_POINT('',(2.257667488055,-1.872305959657E-02,
    0.174886966893));
#1140 = CARTESIAN_POINT('',(2.245972083879,-1.829709600599E-02,
    0.201389229562));
#1141 = CARTESIAN_POINT('',(2.239729970981,-1.80689828301E-02,
    0.215497788955));
#1142 = CARTESIAN_POINT('',(2.231757287018,-1.778752357476E-02,
    0.233464935063));
#1143 = CARTESIAN_POINT('',(2.228192518409,-1.766667835717E-02,
    0.241489933775));
#1144 = CARTESIAN_POINT('',(2.225783138435,-1.758645706942E-02,
    0.246912342744));
#1145 = CARTESIAN_POINT('',(2.224011280271,-1.752891053715E-02,
    0.250898562529));
#1146 = CARTESIAN_POINT('',(2.212335286545,-1.715573093683E-02,
    0.277162358704));
#1147 = CARTESIAN_POINT('',(2.198968542573,-1.679560234385E-02,
    0.307175214224));
#1148 = CARTESIAN_POINT('',(2.175352066504,-1.610785997346E-02,
    0.360055329125));
#1149 = CARTESIAN_POINT('',(2.162652238443,-1.573138220632E-02,
    0.388463151219));
#1150 = CARTESIAN_POINT('',(2.146275489823,-1.52509565568E-02,
    0.425058670941));
#1151 = CARTESIAN_POINT('',(2.137697044876,-1.500579806195E-02,
    0.444222894113));
#1152 = CARTESIAN_POINT('',(2.133936981905,-1.490032419531E-02,
    0.452622193841));
#1153 = CARTESIAN_POINT('',(2.131411698465,-1.482999984885E-02,
    0.458263122771));
#1154 = CARTESIAN_POINT('',(2.129531600855,-1.4778158471E-02,
    0.462462766212));
#1155 = CARTESIAN_POINT('',(2.107321016272,-1.416919747612E-02,
    0.512075111322));
#1156 = CARTESIAN_POINT('',(2.080759716184,-1.351152739483E-02,
    0.571391729447));
#1157 = CARTESIAN_POINT('',(2.033382120771,-1.225704927629E-02,
    0.67707829355));
#1158 = CARTESIAN_POINT('',(2.016333648086,-1.179773603131E-02,
    0.71509451643));
#1159 = CARTESIAN_POINT('',(1.988877027738,-1.105770633604E-02,
    0.776306276357));
#1160 = CARTESIAN_POINT('',(1.974677739734,-1.067525543402E-02,
    0.807959209162));
#1161 = CARTESIAN_POINT('',(1.957287692526,-1.021310793005E-02,
    0.846723442306));
#1162 = CARTESIAN_POINT('',(1.948386616122,-9.979030617035E-03,
    0.866565100143));
#1163 = CARTESIAN_POINT('',(1.94452771492,-9.878179854793E-03,
    0.875167207634));
#1164 = CARTESIAN_POINT('',(1.94194530208,-9.810840923072E-03,
    0.880923851536));
#1165 = CARTESIAN_POINT('',(1.940014103896,-9.76063526271E-03,
    0.885228859975));
#1166 = CARTESIAN_POINT('',(1.854108784067,-7.530967669352E-03,
    1.076729076867));
#1167 = CARTESIAN_POINT('',(1.727659393673,-4.282523012597E-03,
    1.358507832018));
#1168 = CARTESIAN_POINT('',(1.56,5.3E-16,1.732050807569));
#1169 = B_SPLINE_SURFACE_WITH_KNOTS('',3,3,(
    (#1170,#1171,#1172,#1173,#1174,#1175,#1176)
    ,(#1177,#1178,#1179,#1180,#1181,#1182,#1183)
    ,(#1184,#1185,#1186,#1187,#1188,#1189,#1190)
    ,(#1191,#1192,#1193,#1194,#1195,#1196,#1197)
    ,(#1198,#1199,#1200,#1201,#1202,#1203,#1204)
    ,(#1205,#1206,#1207,#1208,#1209,#1210,#1211
  )),.UNSPECIFIED.,.F.,.F.,.F.,(4,2,4),(4,3,4),(0.,0.5,1.),(0.,1.,1.01),
  .UNSPECIFIED.);
#1170 = CARTESIAN_POINT('',(1.56,4.6E-16,1.732050807569));
#1171 = CARTESIAN_POINT('',(1.81,3.1E-16,1.171367205046));
#1172 = CARTESIAN_POINT('',(2.06,1.6E-16,0.610683602523));
#1173 = CARTESIAN_POINT('',(2.31,1.E-17,5.E-02));
#1174 = CARTESIAN_POINT('',(2.3125,0.,4.439316397477E-02));
#1175 = CARTESIAN_POINT('',(2.315,0.,3.878632794954E-02));
#1176 = CARTESIAN_POINT('',(2.3175,0.,3.317949192431E-02));
#1177 = CARTESIAN_POINT('',(1.56,-0.25,1.587713240271));
#1178 = CARTESIAN_POINT('',(1.81,-0.169444444444,1.075142160181));
#1179 = CARTESIAN_POINT('',(2.06,-8.888888888889E-02,0.56257108009));
#1180 = CARTESIAN_POINT('',(2.31,-8.333333333333E-03,5.E-02));
#1181 = CARTESIAN_POINT('',(2.3125,-7.527777777778E-03,4.48742891991E-02
    ));
#1182 = CARTESIAN_POINT('',(2.315,-6.722222222222E-03,3.974857839819E-02
    ));
#1183 = CARTESIAN_POINT('',(2.3175,-5.916666666667E-03,
    3.462286759729E-02));
#1184 = CARTESIAN_POINT('',(1.56,-0.5,1.443375672974));
#1185 = CARTESIAN_POINT('',(1.81,-0.339025105849,0.978036595044));
#1186 = CARTESIAN_POINT('',(2.06,-0.178050211698,0.512697517113));
#1187 = CARTESIAN_POINT('',(2.31,-1.707531754731E-02,4.735843918244E-02)
  );
#1188 = CARTESIAN_POINT('',(2.3125,-1.54655686058E-02,4.270504840313E-02
    ));
#1189 = CARTESIAN_POINT('',(2.315,-1.385581966429E-02,3.805165762382E-02
    ));
#1190 = CARTESIAN_POINT('',(2.3175,-1.224607072278E-02,
    3.339826684452E-02));
#1191 = CARTESIAN_POINT('',(1.56,-1.,1.154700538379));
#1192 = CARTESIAN_POINT('',(1.81,-0.677491984214,0.782622651708));
#1193 = CARTESIAN_POINT('',(2.06,-0.354983968428,0.410544765036));
#1194 = CARTESIAN_POINT('',(2.31,-3.247595264192E-02,3.846687836487E-02)
  );
#1195 = CARTESIAN_POINT('',(2.3125,-2.925087248406E-02,
    3.474609949816E-02));
#1196 = CARTESIAN_POINT('',(2.315,-2.60257923262E-02,3.102532063144E-02)
  );
#1197 = CARTESIAN_POINT('',(2.3175,-2.280071216834E-02,
    2.730454176473E-02));
#1198 = CARTESIAN_POINT('',(1.56,-1.25,1.010362971082));
#1199 = CARTESIAN_POINT('',(1.81,-0.846378201174,0.68431427351));
#1200 = CARTESIAN_POINT('',(2.06,-0.442756402348,0.358265575937));
#1201 = CARTESIAN_POINT('',(2.31,-3.913460352256E-02,3.221687836487E-02)
  );
#1202 = CARTESIAN_POINT('',(2.3125,-3.50983855343E-02,2.895639138915E-02
    ));
#1203 = CARTESIAN_POINT('',(2.315,-3.106216754604E-02,2.569590441342E-02
    ));
#1204 = CARTESIAN_POINT('',(2.3175,-2.702594955778E-02,2.24354174377E-02
    ));
#1205 = CARTESIAN_POINT('',(1.56,-1.5,0.866025403784));
#1206 = CARTESIAN_POINT('',(1.81,-1.01443375673,0.585683602523));
#1207 = CARTESIAN_POINT('',(2.06,-0.528867513459,0.305341801261));
#1208 = CARTESIAN_POINT('',(2.31,-4.330127018922E-02,2.5E-02));
#1209 = CARTESIAN_POINT('',(2.3125,-3.844560775652E-02,
    2.219658198739E-02));
#1210 = CARTESIAN_POINT('',(2.315,-3.358994532382E-02,1.939316397477E-02
    ));
#1211 = CARTESIAN_POINT('',(2.3175,-2.873428289111E-02,
    1.658974596216E-02));
#1212 = ADVANCED_FACE('',(#1213),#1245,.F.);
#1213 = FACE_BOUND('',#1214,.F.);
#1214 = EDGE_LOOP('',(#1215,#1216,#1217));
#1215 = ORIENTED_EDGE('',*,*,#821,.F.);
#1216 = ORIENTED_EDGE('',*,*,#1020,.F.);
#1217 = ORIENTED_EDGE('',*,*,#1218,.T.);
#1218 = EDGE_CURVE('',#972,#822,#1219,.T.);
#1219 = B_SPLINE_CURVE_WITH_KNOTS('',3,(#1220,#1221,#1222,#1223,#1224,
    #1225,#1226,#1227,#1228,#1229,#1230,#1231,#1232,#1233,#1234,#1235,
    #1236,#1237,#1238,#1239,#1240,#1241,#1242,#1243,#1244),
  .UNSPECIFIED.,.F.,.F.,(4,2,2,2,3,2,2,2,2,2,2,4),(0.,0.125,0.1875,
    0.21875,0.25,0.375,0.4375,0.5,0.625,0.75,0.875,1.),.UNSPECIFIED.);
#1220 = CARTESIAN_POINT('',(2.312055648531,4.397607182137E-02,4.41E-15)
  );
#1221 = CARTESIAN_POINT('',(2.311987938259,4.786196137202E-02,
    7.098430021054E-03));
#1222 = CARTESIAN_POINT('',(2.31071012945,4.789055977749E-02,
    1.348490874644E-02));
#1223 = CARTESIAN_POINT('',(2.310284051856,4.712773184694E-02,
    1.698890995904E-02));
#1224 = CARTESIAN_POINT('',(2.310177532447,4.658533817894E-02,
    1.846171496622E-02));
#1225 = CARTESIAN_POINT('',(2.310071013016,4.534818612632E-02,
    2.11233241225E-02));
#1226 = CARTESIAN_POINT('',(2.310044383154,4.486550605923E-02,
    2.208576148603E-02));
#1227 = CARTESIAN_POINT('',(2.310008876656,4.37645601635E-02,
    2.415831240561E-02));
#1228 = CARTESIAN_POINT('',(2.31,4.243124127248E-02,2.643638280218E-02)
  );
#1229 = CARTESIAN_POINT('',(2.31,4.243081808852E-02,2.643704983493E-02)
  );
#1230 = CARTESIAN_POINT('',(2.31,4.242912535264E-02,2.643971796593E-02)
  );
#1231 = CARTESIAN_POINT('',(2.31,4.149169902331E-02,2.815952216775E-02)
  );
#1232 = CARTESIAN_POINT('',(2.31,3.76198649339E-02,3.275018666732E-02));
#1233 = CARTESIAN_POINT('',(2.31,3.589478526639E-02,3.460464573515E-02)
  );
#1234 = CARTESIAN_POINT('',(2.31,3.127151327765E-02,3.864731933797E-02)
  );
#1235 = CARTESIAN_POINT('',(2.31,2.657175861467E-02,4.187566637585E-02)
  );
#1236 = CARTESIAN_POINT('',(2.31,2.11833880545E-02,4.498664356926E-02));
#1237 = CARTESIAN_POINT('',(2.31,1.736444499827E-02,4.666797934707E-02)
  );
#1238 = CARTESIAN_POINT('',(2.31,9.567653616926E-03,4.907533085504E-02)
  );
#1239 = CARTESIAN_POINT('',(2.31,7.174171676967E-03,4.973515885083E-02)
  );
#1240 = CARTESIAN_POINT('',(2.31,-3.814676249151E-03,5.019422372012E-02)
  );
#1241 = CARTESIAN_POINT('',(2.310032955424,-6.8432153284E-03,
    4.995138364539E-02));
#1242 = CARTESIAN_POINT('',(2.310819200017,-1.313617332457E-02,
    4.793757082504E-02));
#1243 = CARTESIAN_POINT('',(2.311989022514,-1.778579261523E-02,
    4.499545919745E-02));
#1244 = CARTESIAN_POINT('',(2.312055648531,-2.198803591069E-02,
    3.808439535595E-02));
#1245 = PLANE('',#1246);
#1246 = AXIS2_PLACEMENT_3D('',#1247,#1248,#1249);
#1247 = CARTESIAN_POINT('',(2.31,0.,0.));
#1248 = DIRECTION('',(1.,0.,-0.));
#1249 = DIRECTION('',(-0.,0.,-1.));
#1250 = ADVANCED_FACE('',(#1251),#1302,.F.);
#1251 = FACE_BOUND('',#1252,.F.);
#1252 = EDGE_LOOP('',(#1253,#1254,#1301));
#1253 = ORIENTED_EDGE('',*,*,#590,.T.);
#1254 = ORIENTED_EDGE('',*,*,#1255,.T.);
#1255 = EDGE_CURVE('',#591,#972,#1256,.T.);
#1256 = B_SPLINE_CURVE_WITH_KNOTS('',3,(#1257,#1258,#1259,#1260,#1261,
    #1262,#1263,#1264,#1265,#1266,#1267,#1268,#1269,#1270,#1271,#1272,
    #1273,#1274,#1275,#1276,#1277,#1278,#1279,#1280,#1281,#1282,#1283,
    #1284,#1285,#1286,#1287,#1288,#1289,#1290,#1291,#1292,#1293,#1294,
    #1295,#1296,#1297,#1298,#1299,#1300),.UNSPECIFIED.,.F.,.F.,(4,2,2,1,
    1,1,1,2,2,2,2,1,1,1,2,2,2,1,1,1,2,2,2,1,1,2,2,4),(0.,0.25,0.375,
    0.4375,0.46875,0.484375,0.4921875,0.49609375,0.5,0.625,0.6875,
    0.71875,0.734375,0.7421875,0.74609375,0.75,0.8125,0.84375,0.859375,
    0.8671875,0.87109375,0.875,0.90625,0.921875,0.9296875,0.93359375,
    0.9375,1.),.UNSPECIFIED.);
#1257 = CARTESIAN_POINT('',(1.56,1.5,0.866025403784));
#1258 = CARTESIAN_POINT('',(1.643841689601,1.339298790841,0.770771647883
    ));
#1259 = CARTESIAN_POINT('',(1.717374882,1.198410130211,0.687184100151));
#1260 = CARTESIAN_POINT('',(1.812211924796,1.016607079038,0.579407445804
    ));
#1261 = CARTESIAN_POINT('',(1.841247148094,0.960931656389,0.546413809152
    ));
#1262 = CARTESIAN_POINT('',(1.880934296591,0.884818743675,0.501314628041
    ));
#1263 = CARTESIAN_POINT('',(1.899811449226,0.8486127118,0.479862650038)
  );
#1264 = CARTESIAN_POINT('',(1.920143556146,0.809617071182,0.45675254599)
  );
#1265 = CARTESIAN_POINT('',(1.92988680015,0.790931535046,0.445676180367)
  );
#1266 = CARTESIAN_POINT('',(1.934652719788,0.781791983816,0.440257587836
    ));
#1267 = CARTESIAN_POINT('',(1.936672606269,0.777918596218,0.437960951199
    ));
#1268 = CARTESIAN_POINT('',(1.938014163811,0.775346020349,0.436435551794
    ));
#1269 = CARTESIAN_POINT('',(1.938046683905,0.775283644965,0.436398590119
    ));
#1270 = CARTESIAN_POINT('',(1.980995764095,0.692926345434,0.387561866074
    ));
#1271 = CARTESIAN_POINT('',(2.017612092354,0.622752395026,0.345875172365
    ));
#1272 = CARTESIAN_POINT('',(2.064989687768,0.531851899019,0.291945751316
    ));
#1273 = CARTESIAN_POINT('',(2.07952440341,0.503948708381,0.275400723079)
  );
#1274 = CARTESIAN_POINT('',(2.099439752628,0.465700127289,0.252724356774
    ));
#1275 = CARTESIAN_POINT('',(2.108925746176,0.447477722624,0.241921280965
    ));
#1276 = CARTESIAN_POINT('',(2.119167296793,0.427802435702,0.230250847901
    ));
#1277 = CARTESIAN_POINT('',(2.124081711636,0.418361837786,0.224648362854
    ));
#1278 = CARTESIAN_POINT('',(2.126143669327,0.414401061765,0.222297105655
    ));
#1279 = CARTESIAN_POINT('',(2.127508481099,0.411779489837,0.22074066184)
  );
#1280 = CARTESIAN_POINT('',(2.127576411901,0.411648971644,0.22066325549)
  );
#1281 = CARTESIAN_POINT('',(2.149372807819,0.369784281266,0.195801609553
    ));
#1282 = CARTESIAN_POINT('',(2.167502093999,0.334978956179,0.175064324098
    ));
#1283 = CARTESIAN_POINT('',(2.191118570068,0.289526432868,0.148029150465
    ));
#1284 = CARTESIAN_POINT('',(2.202032444801,0.268493394179,0.135526822105
    ));
#1285 = CARTESIAN_POINT('',(2.213200162881,0.246933462519,0.122708843976
    ));
#1286 = CARTESIAN_POINT('',(2.218392737977,0.236903516402,0.116738879583
    ));
#1287 = CARTESIAN_POINT('',(2.220534280745,0.232766343091,0.11427403394)
  );
#1288 = CARTESIAN_POINT('',(2.221943343354,0.2300441709,0.112651582205)
  );
#1289 = CARTESIAN_POINT('',(2.222085108072,0.229770276323,0.112488575519
    ));
#1290 = CARTESIAN_POINT('',(2.233239249418,0.208221395611,
    9.963386902387E-02));
#1291 = CARTESIAN_POINT('',(2.242095113631,0.191094795744,
    8.936379517572E-02));
#1292 = CARTESIAN_POINT('',(2.253790517808,0.168354752432,
    7.574454519033E-02));
#1293 = CARTESIAN_POINT('',(2.25924112186,0.157725017434,
    6.937981104251E-02));
#1294 = CARTESIAN_POINT('',(2.264905238359,0.146628831111,
    6.27274533913E-02));
#1295 = CARTESIAN_POINT('',(2.267183805096,0.142155941986,
    6.004048155741E-02));
#1296 = CARTESIAN_POINT('',(2.268669758083,0.139237198285,
    5.828540912882E-02));
#1297 = CARTESIAN_POINT('',(2.268760701526,0.139059091535,
    5.817922517665E-02));
#1298 = CARTESIAN_POINT('',(2.291632030466,9.408287382092E-02,
    3.107036555779E-02));
#1299 = CARTESIAN_POINT('',(2.306241854264,6.405547826434E-02,
    1.205563420701E-02));
#1300 = CARTESIAN_POINT('',(2.312055648531,4.397607182137E-02,4.41E-15)
  );
#1301 = ORIENTED_EDGE('',*,*,#971,.F.);
#1302 = B_SPLINE_SURFACE_WITH_KNOTS('',3,3,(
    (#1303,#1304,#1305,#1306,#1307,#1308,#1309)
    ,(#1310,#1311,#1312,#1313,#1314,#1315,#1316)
    ,(#1317,#1318,#1319,#1320,#1321,#1322,#1323)
    ,(#1324,#1325,#1326,#1327,#1328,#1329,#1330)
    ,(#1331,#1332,#1333,#1334,#1335,#1336,#1337)
    ,(#1338,#1339,#1340,#1341,#1342,#1343,#1344
  )),.UNSPECIFIED.,.F.,.F.,.F.,(4,2,4),(4,3,4),(0.,0.5,1.),(0.,1.,1.01),
  .UNSPECIFIED.);
#1303 = CARTESIAN_POINT('',(1.56,1.5,-0.866025403784));
#1304 = CARTESIAN_POINT('',(1.81,1.01443375673,-0.585683602523));
#1305 = CARTESIAN_POINT('',(2.06,0.528867513459,-0.305341801261));
#1306 = CARTESIAN_POINT('',(2.31,4.330127018922E-02,-2.5E-02));
#1307 = CARTESIAN_POINT('',(2.3125,3.844560775652E-02,
    -2.219658198739E-02));
#1308 = CARTESIAN_POINT('',(2.315,3.358994532382E-02,-1.939316397477E-02
    ));
#1309 = CARTESIAN_POINT('',(2.3175,2.873428289111E-02,
    -1.658974596216E-02));
#1310 = CARTESIAN_POINT('',(1.56,1.5,-0.57735026919));
#1311 = CARTESIAN_POINT('',(1.81,1.015822645619,-0.390827886671));
#1312 = CARTESIAN_POINT('',(2.06,0.531645291237,-0.204305504153));
#1313 = CARTESIAN_POINT('',(2.31,4.746793685589E-02,-1.778312163513E-02)
  );
#1314 = CARTESIAN_POINT('',(2.3125,4.262616331207E-02,
    -1.591789780995E-02));
#1315 = CARTESIAN_POINT('',(2.315,3.778438976826E-02,-1.405267398477E-02
    ));
#1316 = CARTESIAN_POINT('',(2.3175,3.294261622445E-02,
    -1.218745015958E-02));
#1317 = CARTESIAN_POINT('',(1.56,1.5,-0.288675134595));
#1318 = CARTESIAN_POINT('',(1.81,1.016517090063,-0.195413943336));
#1319 = CARTESIAN_POINT('',(2.06,0.533034180126,-0.102152752077));
#1320 = CARTESIAN_POINT('',(2.31,4.955127018922E-02,-8.891560817565E-03)
  );
#1321 = CARTESIAN_POINT('',(2.3125,4.471644108985E-02,
    -7.958948904974E-03));
#1322 = CARTESIAN_POINT('',(2.315,3.988161199048E-02,-7.026336992383E-03
    ));
#1323 = CARTESIAN_POINT('',(2.3175,3.504678289111E-02,
    -6.093725079792E-03));
#1324 = CARTESIAN_POINT('',(1.56,1.5,0.288675134595));
#1325 = CARTESIAN_POINT('',(1.81,1.016517090063,0.195413943336));
#1326 = CARTESIAN_POINT('',(2.06,0.533034180126,0.102152752077));
#1327 = CARTESIAN_POINT('',(2.31,4.955127018922E-02,8.891560817565E-03)
  );
#1328 = CARTESIAN_POINT('',(2.3125,4.471644108985E-02,7.958948904974E-03
    ));
#1329 = CARTESIAN_POINT('',(2.315,3.988161199048E-02,7.026336992383E-03)
  );
#1330 = CARTESIAN_POINT('',(2.3175,3.504678289111E-02,6.093725079792E-03
    ));
#1331 = CARTESIAN_POINT('',(1.56,1.5,0.57735026919));
#1332 = CARTESIAN_POINT('',(1.81,1.015822645619,0.390827886671));
#1333 = CARTESIAN_POINT('',(2.06,0.531645291237,0.204305504153));
#1334 = CARTESIAN_POINT('',(2.31,4.746793685589E-02,1.778312163513E-02)
  );
#1335 = CARTESIAN_POINT('',(2.3125,4.262616331207E-02,1.591789780995E-02
    ));
#1336 = CARTESIAN_POINT('',(2.315,3.778438976826E-02,1.405267398477E-02)
  );
#1337 = CARTESIAN_POINT('',(2.3175,3.294261622445E-02,1.218745015958E-02
    ));
#1338 = CARTESIAN_POINT('',(1.56,1.5,0.866025403784));
#1339 = CARTESIAN_POINT('',(1.81,1.01443375673,0.585683602523));
#1340 = CARTESIAN_POINT('',(2.06,0.528867513459,0.305341801261));
#1341 = CARTESIAN_POINT('',(2.31,4.330127018922E-02,2.5E-02));
#1342 = CARTESIAN_POINT('',(2.3125,3.844560775652E-02,2.219658198739E-02
    ));
#1343 = CARTESIAN_POINT('',(2.315,3.358994532382E-02,1.939316397477E-02)
  );
#1344 = CARTESIAN_POINT('',(2.3175,2.873428289111E-02,1.658974596216E-02
    ));
#1345 = ADVANCED_FACE('',(#1346),#1352,.F.);
#1346 = FACE_BOUND('',#1347,.F.);
#1347 = EDGE_LOOP('',(#1348,#1349,#1350,#1351));
#1348 = ORIENTED_EDGE('',*,*,#614,.T.);
#1349 = ORIENTED_EDGE('',*,*,#1126,.F.);
#1350 = ORIENTED_EDGE('',*,*,#1218,.F.);
#1351 = ORIENTED_EDGE('',*,*,#1255,.F.);
#1352 = B_SPLINE_SURFACE_WITH_KNOTS('',3,3,(
    (#1353,#1354,#1355,#1356,#1357,#1358,#1359)
    ,(#1360,#1361,#1362,#1363,#1364,#1365,#1366)
    ,(#1367,#1368,#1369,#1370,#1371,#1372,#1373)
    ,(#1374,#1375,#1376,#1377,#1378,#1379,#1380)
    ,(#1381,#1382,#1383,#1384,#1385,#1386,#1387)
    ,(#1388,#1389,#1390,#1391,#1392,#1393,#1394)
    ,(#1395,#1396,#1397,#1398,#1399,#1400,#1401)
    ,(#1402,#1403,#1404,#1405,#1406,#1407,#1408)
    ,(#1409,#1410,#1411,#1412,#1413,#1414,#1415)
    ,(#1416,#1417,#1418,#1419,#1420,#1421,#1422)
    ,(#1423,#1424,#1425,#1426,#1427,#1428,#1429)
    ,(#1430,#1431,#1432,#1433,#1434,#1435,#1436
  )),.UNSPECIFIED.,.F.,.F.,.F.,(4,3,2,3,4),(4,3,4),(-0.544648812617,0.,
    0.5,1.,1.544648812617),(0.,1.,1.01),.UNSPECIFIED.);
#1353 = CARTESIAN_POINT('',(1.56,2.316973218925,0.394345695917));
#1354 = CARTESIAN_POINT('',(1.81,1.563621309452,0.26336913548));
#1355 = CARTESIAN_POINT('',(2.06,0.810269399978,0.132392575044));
#1356 = CARTESIAN_POINT('',(2.31,5.691749050464E-02,1.416014606643E-03)
  );
#1357 = CARTESIAN_POINT('',(2.3125,4.938397140991E-02,1.062490022741E-04
    ));
#1358 = CARTESIAN_POINT('',(2.315,4.185045231517E-02,-1.203516602095E-03
    ));
#1359 = CARTESIAN_POINT('',(2.3175,3.431693322044E-02,
    -2.513282206464E-03));
#1360 = CARTESIAN_POINT('',(1.56,2.044648812617,0.551572265206));
#1361 = CARTESIAN_POINT('',(1.81,1.380558791878,0.370807291161));
#1362 = CARTESIAN_POINT('',(2.06,0.716468771139,0.190042317116));
#1363 = CARTESIAN_POINT('',(2.31,5.23787503995E-02,9.277343071095E-03));
#1364 = CARTESIAN_POINT('',(2.3125,4.573785019211E-02,7.469693330644E-03
    ));
#1365 = CARTESIAN_POINT('',(2.315,3.909694998472E-02,5.662043590194E-03)
  );
#1366 = CARTESIAN_POINT('',(2.3175,3.245604977733E-02,3.854393849743E-03
    ));
#1367 = CARTESIAN_POINT('',(1.56,1.772324406308,0.708798834495));
#1368 = CARTESIAN_POINT('',(1.81,1.197496274304,0.478245446842));
#1369 = CARTESIAN_POINT('',(2.06,0.622668142299,0.247692059189));
#1370 = CARTESIAN_POINT('',(2.31,4.784001029436E-02,1.713867153555E-02)
  );
#1371 = CARTESIAN_POINT('',(2.3125,4.209172897431E-02,1.483313765901E-02
    ));
#1372 = CARTESIAN_POINT('',(2.315,3.634344765427E-02,1.252760378248E-02)
  );
#1373 = CARTESIAN_POINT('',(2.3175,3.059516633422E-02,1.022206990595E-02
    ));
#1374 = CARTESIAN_POINT('',(1.56,1.5,0.866025403784));
#1375 = CARTESIAN_POINT('',(1.81,1.01443375673,0.585683602523));
#1376 = CARTESIAN_POINT('',(2.06,0.528867513459,0.305341801261));
#1377 = CARTESIAN_POINT('',(2.31,4.330127018922E-02,2.5E-02));
#1378 = CARTESIAN_POINT('',(2.3125,3.844560775652E-02,2.219658198739E-02
    ));
#1379 = CARTESIAN_POINT('',(2.315,3.358994532382E-02,1.939316397477E-02)
  );
#1380 = CARTESIAN_POINT('',(2.3175,2.873428289111E-02,1.658974596216E-02
    ));
#1381 = CARTESIAN_POINT('',(1.56,1.25,1.010362971082));
#1382 = CARTESIAN_POINT('',(1.81,0.846378201174,0.68431427351));
#1383 = CARTESIAN_POINT('',(2.06,0.442756402348,0.358265575937));
#1384 = CARTESIAN_POINT('',(2.31,3.913460352256E-02,3.221687836487E-02)
  );
#1385 = CARTESIAN_POINT('',(2.3125,3.50983855343E-02,2.895639138915E-02)
  );
#1386 = CARTESIAN_POINT('',(2.315,3.106216754604E-02,2.569590441342E-02)
  );
#1387 = CARTESIAN_POINT('',(2.3175,2.702594955778E-02,2.24354174377E-02)
  );
#1388 = CARTESIAN_POINT('',(1.56,1.,1.154700538379));
#1389 = CARTESIAN_POINT('',(1.81,0.677491984214,0.782622651708));
#1390 = CARTESIAN_POINT('',(2.06,0.354983968428,0.410544765036));
#1391 = CARTESIAN_POINT('',(2.31,3.247595264192E-02,3.846687836487E-02)
  );
#1392 = CARTESIAN_POINT('',(2.3125,2.925087248406E-02,3.474609949816E-02
    ));
#1393 = CARTESIAN_POINT('',(2.315,2.60257923262E-02,3.102532063144E-02)
  );
#1394 = CARTESIAN_POINT('',(2.3175,2.280071216834E-02,2.730454176473E-02
    ));
#1395 = CARTESIAN_POINT('',(1.56,0.5,1.443375672974));
#1396 = CARTESIAN_POINT('',(1.81,0.339025105849,0.978036595044));
#1397 = CARTESIAN_POINT('',(2.06,0.178050211698,0.512697517113));
#1398 = CARTESIAN_POINT('',(2.31,1.707531754731E-02,4.735843918244E-02)
  );
#1399 = CARTESIAN_POINT('',(2.3125,1.54655686058E-02,4.270504840313E-02)
  );
#1400 = CARTESIAN_POINT('',(2.315,1.385581966429E-02,3.805165762382E-02)
  );
#1401 = CARTESIAN_POINT('',(2.3175,1.224607072278E-02,3.339826684452E-02
    ));
#1402 = CARTESIAN_POINT('',(1.56,0.25,1.587713240271));
#1403 = CARTESIAN_POINT('',(1.81,0.169444444444,1.075142160181));
#1404 = CARTESIAN_POINT('',(2.06,8.888888888889E-02,0.56257108009));
#1405 = CARTESIAN_POINT('',(2.31,8.333333333333E-03,5.E-02));
#1406 = CARTESIAN_POINT('',(2.3125,7.527777777778E-03,4.48742891991E-02)
  );
#1407 = CARTESIAN_POINT('',(2.315,6.722222222222E-03,3.974857839819E-02)
  );
#1408 = CARTESIAN_POINT('',(2.3175,5.916666666667E-03,3.462286759729E-02
    ));
#1409 = CARTESIAN_POINT('',(1.56,4.3E-16,1.732050807569));
#1410 = CARTESIAN_POINT('',(1.81,2.9E-16,1.171367205046));
#1411 = CARTESIAN_POINT('',(2.06,1.5E-16,0.610683602523));
#1412 = CARTESIAN_POINT('',(2.31,1.E-17,5.E-02));
#1413 = CARTESIAN_POINT('',(2.3125,0.,4.439316397477E-02));
#1414 = CARTESIAN_POINT('',(2.315,0.,3.878632794954E-02));
#1415 = CARTESIAN_POINT('',(2.3175,0.,3.317949192431E-02));
#1416 = CARTESIAN_POINT('',(1.56,-0.272324406308,1.889277376858));
#1417 = CARTESIAN_POINT('',(1.81,-0.184575430942,1.276184917905));
#1418 = CARTESIAN_POINT('',(2.06,-9.682645557631E-02,0.663092458953));
#1419 = CARTESIAN_POINT('',(2.31,-9.077480210279E-03,5.E-02));
#1420 = CARTESIAN_POINT('',(2.3125,-8.199990456619E-03,
    4.386907541047E-02));
#1421 = CARTESIAN_POINT('',(2.315,-7.322500702959E-03,3.773815082095E-02
    ));
#1422 = CARTESIAN_POINT('',(2.3175,-6.445010949298E-03,
    3.160722623142E-02));
#1423 = CARTESIAN_POINT('',(1.56,-0.544648812617,2.046503946147));
#1424 = CARTESIAN_POINT('',(1.81,-0.369150861885,1.381002630765));
#1425 = CARTESIAN_POINT('',(2.06,-0.193652911153,0.715501315382));
#1426 = CARTESIAN_POINT('',(2.31,-1.815496042056E-02,5.E-02));
#1427 = CARTESIAN_POINT('',(2.3125,-1.639998091324E-02,
    4.334498684618E-02));
#1428 = CARTESIAN_POINT('',(2.315,-1.464500140592E-02,3.668997369235E-02
    ));
#1429 = CARTESIAN_POINT('',(2.3175,-1.28900218986E-02,3.003496053853E-02
    ));
#1430 = CARTESIAN_POINT('',(1.56,-0.816973218925,2.203730515436));
#1431 = CARTESIAN_POINT('',(1.81,-0.553726292827,1.485820343624));
#1432 = CARTESIAN_POINT('',(2.06,-0.290479366729,0.767910171812));
#1433 = CARTESIAN_POINT('',(2.31,-2.723244063084E-02,5.E-02));
#1434 = CARTESIAN_POINT('',(2.3125,-2.459997136986E-02,
    4.282089828188E-02));
#1435 = CARTESIAN_POINT('',(2.315,-2.196750210888E-02,3.564179656376E-02
    ));
#1436 = CARTESIAN_POINT('',(2.3175,-1.933503284789E-02,
    2.846269484564E-02));
#1437 = ( GEOMETRIC_REPRESENTATION_CONTEXT(3) 
GLOBAL_UNCERTAINTY_ASSIGNED_CONTEXT((#1441)) 
GLOBAL_UNIT_ASSIGNED_CONTEXT((#1438,#1439,#1440)) REPRESENTATION_CONTEXT
('Context #1','3D Context with UNIT and UNCERTAINTY') );
#1438 = ( LENGTH_UNIT() NAMED_UNIT(*) SI_UNIT(.MILLI.,.METRE.) );
#1439 = ( NAMED_UNIT(*) PLANE_ANGLE_UNIT() SI_UNIT($,.RADIAN.) );
#1440 = ( NAMED_UNIT(*) SI_UNIT($,.STERADIAN.) SOLID_ANGLE_UNIT() );
#1441 = UNCERTAINTY_MEASURE_WITH_UNIT(LENGTH_MEASURE(2.E-03),#1438,
  'distance_accuracy_value','confusion accuracy');
#1442 = PRODUCT_RELATED_PRODUCT_CATEGORY('part',$,(#7));
#1443 = MECHANICAL_DESIGN_GEOMETRIC_PRESENTATION_REPRESENTATION('',(
    #1444),#1437);
#1444 = STYLED_ITEM('color',(#1445),#15);
#1445 = PRESENTATION_STYLE_ASSIGNMENT((#1446,#1452));
#1446 = SURFACE_STYLE_USAGE(.BOTH.,#1447);
#1447 = SURFACE_SIDE_STYLE('',(#1448));
#1448 = SURFACE_STYLE_FILL_AREA(#1449);
#1449 = FILL_AREA_STYLE('',(#1450));
#1450 = FILL_AREA_STYLE_COLOUR('',#1451);
#1451 = COLOUR_RGB('',0.898039222556,0.898039222556,0.898039222556);
#1452 = CURVE_STYLE('',#1453,POSITIVE_LENGTH_MEASURE(0.1),#1454);
#1453 = DRAUGHTING_PRE_DEFINED_CURVE_FONT('continuous');
#1454 = COLOUR_RGB('',9.803921802644E-02,9.803921802644E-02,
  9.803921802644E-02);
ENDSEC;
END-ISO-10303-21;
