ISO-10303-21;
HEADER;
FILE_DESCRIPTION(('FreeCAD Model'),'2;1');
FILE_NAME('Open CASCADE Shape Model','2026-09-01T22:21:41',('Author'),(
    ''),'Open CASCADE STEP processor 7.9','FreeCAD','Unknown');
FILE_SCHEMA(('AUTOMOTIVE_DESIGN { 1 0 10303 214 1 1 1 1 }'));
ENDSEC;
DATA;
#1 = APPLICATION_PROTOCOL_DEFINITION('international standard',
  'automotive_design',2000,#2);
#2 = APPLICATION_CONTEXT(
  'core data for automotive mechanical design processes');
#3 = SHAPE_DEFINITION_REPRESENTATION(#4,#10);
#4 = PRODUCT_DEFINITION_SHAPE('','',#5);
#5 = PRODUCT_DEFINITION('design','',#6,#9);
#6 = PRODUCT_DEFINITION_FORMATION('','',#7);
#7 = PRODUCT('M3X6Pan Head Screw_Standard','M3X6Pan Head Screw_Standard'
  ,'',(#8));
#8 = PRODUCT_CONTEXT('',#2,'mechanical');
#9 = PRODUCT_DEFINITION_CONTEXT('part definition',#2,'design');
#10 = ADVANCED_BREP_SHAPE_REPRESENTATION('',(#11,#15),#1405);
#11 = AXIS2_PLACEMENT_3D('',#12,#13,#14);
#12 = CARTESIAN_POINT('',(0.,0.,0.));
#13 = DIRECTION('',(0.,0.,1.));
#14 = DIRECTION('',(1.,0.,-0.));
#15 = MANIFOLD_SOLID_BREP('',#16);
#16 = CLOSED_SHELL('',(#17,#104,#151,#192,#211,#272,#291,#377,#387,#473,
    #533,#564,#588,#612,#636,#660,#677,#808,#958,#1048,#1197,#1288,#1394
    ));
#17 = ADVANCED_FACE('',(#18),#87,.F.);
#18 = FACE_BOUND('',#19,.F.);
#19 = EDGE_LOOP('',(#20,#31,#40,#49));
#20 = ORIENTED_EDGE('',*,*,#21,.T.);
#21 = EDGE_CURVE('',#22,#24,#26,.T.);
#22 = VERTEX_POINT('',#23);
#23 = CARTESIAN_POINT('',(1.65,0.,1.6));
#24 = VERTEX_POINT('',#25);
#25 = CARTESIAN_POINT('',(1.75,0.,1.5));
#26 = CIRCLE('',#27,0.1);
#27 = AXIS2_PLACEMENT_3D('',#28,#29,#30);
#28 = CARTESIAN_POINT('',(1.75,0.,1.6));
#29 = DIRECTION('',(0.,-1.,0.));
#30 = DIRECTION('',(0.,0.,1.));
#31 = ORIENTED_EDGE('',*,*,#32,.T.);
#32 = EDGE_CURVE('',#24,#33,#35,.T.);
#33 = VERTEX_POINT('',#34);
#34 = CARTESIAN_POINT('',(1.75,0.,-1.5));
#35 = CIRCLE('',#36,1.5);
#36 = AXIS2_PLACEMENT_3D('',#37,#38,#39);
#37 = CARTESIAN_POINT('',(1.75,0.,0.));
#38 = DIRECTION('',(1.,0.,-0.));
#39 = DIRECTION('',(0.,0.,1.));
#40 = ORIENTED_EDGE('',*,*,#41,.F.);
#41 = EDGE_CURVE('',#42,#33,#44,.T.);
#42 = VERTEX_POINT('',#43);
#43 = CARTESIAN_POINT('',(1.65,-0.,-1.6));
#44 = CIRCLE('',#45,0.1);
#45 = AXIS2_PLACEMENT_3D('',#46,#47,#48);
#46 = CARTESIAN_POINT('',(1.75,-2.E-16,-1.6));
#47 = DIRECTION('',(0.,1.,-1.2E-16));
#48 = DIRECTION('',(0.,-1.2E-16,-1.));
#49 = ORIENTED_EDGE('',*,*,#50,.T.);
#50 = EDGE_CURVE('',#42,#22,#51,.T.);
#51 = B_SPLINE_CURVE_WITH_KNOTS('',3,(#52,#53,#54,#55,#56,#57,#58,#59,
    #60,#61,#62,#63,#64,#65,#66,#67,#68,#69,#70,#71,#72,#73,#74,#75,#76,
    #77,#78,#79,#80,#81,#82,#83,#84,#85,#86),.UNSPECIFIED.,.F.,.F.,(4,1,
    1,2,2,2,1,1,1,2,2,2,1,1,2,2,2,1,1,2,2,4),(0.,6.25E-02,9.375E-02,
    0.109375,0.125,0.25,0.3125,0.34375,0.359375,0.3671875,0.375,0.5,
    0.5625,0.59375,0.609375,0.625,0.75,0.8125,0.84375,0.859375,0.875,1.)
  ,.UNSPECIFIED.);
#52 = CARTESIAN_POINT('',(1.65,-1.2E-16,-1.6));
#53 = CARTESIAN_POINT('',(1.65,-0.101640651077,-1.6));
#54 = CARTESIAN_POINT('',(1.65,-0.251490081298,-1.585957660212));
#55 = CARTESIAN_POINT('',(1.65,-0.421744210363,-1.545000835832));
#56 = CARTESIAN_POINT('',(1.65,-0.493730935778,-1.522182033678));
#57 = CARTESIAN_POINT('',(1.65,-0.541504457188,-1.505799303925));
#58 = CARTESIAN_POINT('',(1.65,-0.56331376971,-1.497801470991));
#59 = CARTESIAN_POINT('',(1.65,-0.794053660009,-1.406539767374));
#60 = CARTESIAN_POINT('',(1.65,-0.975357058908,-1.287279663798));
#61 = CARTESIAN_POINT('',(1.65,-1.209377745394,-1.053416442949));
#62 = CARTESIAN_POINT('',(1.65,-1.31241922099,-0.927148223411));
#63 = CARTESIAN_POINT('',(1.65,-1.408188757472,-0.763496234671));
#64 = CARTESIAN_POINT('',(1.65,-1.449962146118,-0.677585473814));
#65 = CARTESIAN_POINT('',(1.65,-1.466555445624,-0.639891269199));
#66 = CARTESIAN_POINT('',(1.65,-1.477326627219,-0.614567286767));
#67 = CARTESIAN_POINT('',(1.65,-1.482984724452,-0.600753148469));
#68 = CARTESIAN_POINT('',(1.65,-1.562486197663,-0.400125724586));
#69 = CARTESIAN_POINT('',(1.65,-1.599932668313,-0.203111065292));
#70 = CARTESIAN_POINT('',(1.65,-1.600033665844,0.101555532646));
#71 = CARTESIAN_POINT('',(1.65,-1.586016575439,0.251341124043));
#72 = CARTESIAN_POINT('',(1.65,-1.545045022252,0.421632492421));
#73 = CARTESIAN_POINT('',(1.65,-1.522210439233,0.493659117101));
#74 = CARTESIAN_POINT('',(1.65,-1.50581508479,0.541464557923));
#75 = CARTESIAN_POINT('',(1.65,-1.497801470991,0.56331376971));
#76 = CARTESIAN_POINT('',(1.65,-1.406539767374,0.794053660009));
#77 = CARTESIAN_POINT('',(1.65,-1.287279663798,0.975357058908));
#78 = CARTESIAN_POINT('',(1.65,-1.053416442949,1.209377745394));
#79 = CARTESIAN_POINT('',(1.65,-0.927148223411,1.31241922099));
#80 = CARTESIAN_POINT('',(1.65,-0.763496234671,1.408188757472));
#81 = CARTESIAN_POINT('',(1.65,-0.689858439651,1.443994519168));
#82 = CARTESIAN_POINT('',(1.65,-0.639988525544,1.466700954662));
#83 = CARTESIAN_POINT('',(1.65,-0.612576074091,1.478299721842));
#84 = CARTESIAN_POINT('',(1.65,-0.399955224963,1.562553760567));
#85 = CARTESIAN_POINT('',(1.65,-0.20363804653,1.6));
#86 = CARTESIAN_POINT('',(1.65,8.E-17,1.6));
#87 = ( BOUNDED_SURFACE() B_SPLINE_SURFACE(3,3,(
    (#88,#89,#90,#91)
    ,(#92,#93,#94,#95)
    ,(#96,#97,#98,#99)
    ,(#100,#101,#102,#103
)),.UNSPECIFIED.,.F.,.F.,.F.) B_SPLINE_SURFACE_WITH_KNOTS((4,4),(4,4),(
    0.,1.),(0.,1.),.PIECEWISE_BEZIER_KNOTS.) 
GEOMETRIC_REPRESENTATION_ITEM() RATIONAL_B_SPLINE_SURFACE((
    (1.,0.333333333333,0.333333333333,1.)
    ,(0.804737854124,0.268245951375,0.268245951375,0.804737854124)
    ,(0.804737854124,0.268245951375,0.268245951375,0.804737854124)
,(1.,0.333333333333,0.333333333333,1.
))) REPRESENTATION_ITEM('') SURFACE() );
#88 = CARTESIAN_POINT('',(1.65,0.,1.6));
#89 = CARTESIAN_POINT('',(1.65,-3.2,1.6));
#90 = CARTESIAN_POINT('',(1.65,-3.2,-1.6));
#91 = CARTESIAN_POINT('',(1.65,-2.E-16,-1.6));
#92 = CARTESIAN_POINT('',(1.65,0.,1.541421356237));
#93 = CARTESIAN_POINT('',(1.65,-3.082842712475,1.541421356237));
#94 = CARTESIAN_POINT('',(1.65,-3.082842712475,-1.541421356237));
#95 = CARTESIAN_POINT('',(1.65,-1.9E-16,-1.541421356237));
#96 = CARTESIAN_POINT('',(1.691421356237,0.,1.5));
#97 = CARTESIAN_POINT('',(1.691421356237,-3.,1.5));
#98 = CARTESIAN_POINT('',(1.691421356237,-3.,-1.5));
#99 = CARTESIAN_POINT('',(1.691421356237,-1.8E-16,-1.5));
#100 = CARTESIAN_POINT('',(1.75,0.,1.5));
#101 = CARTESIAN_POINT('',(1.75,-3.,1.5));
#102 = CARTESIAN_POINT('',(1.75,-3.,-1.5));
#103 = CARTESIAN_POINT('',(1.75,-1.8E-16,-1.5));
#104 = ADVANCED_FACE('',(#105),#146,.T.);
#105 = FACE_BOUND('',#106,.T.);
#106 = EDGE_LOOP('',(#107,#118,#124,#131,#139));
#107 = ORIENTED_EDGE('',*,*,#108,.T.);
#108 = EDGE_CURVE('',#109,#111,#113,.T.);
#109 = VERTEX_POINT('',#110);
#110 = CARTESIAN_POINT('',(7.15,1.499999999932,0.));
#111 = VERTEX_POINT('',#112);
#112 = CARTESIAN_POINT('',(7.15,0.,-1.5));
#113 = CIRCLE('',#114,1.5);
#114 = AXIS2_PLACEMENT_3D('',#115,#116,#117);
#115 = CARTESIAN_POINT('',(7.15,0.,0.));
#116 = DIRECTION('',(-1.,0.,0.));
#117 = DIRECTION('',(0.,0.,1.));
#118 = ORIENTED_EDGE('',*,*,#119,.T.);
#119 = EDGE_CURVE('',#111,#33,#120,.T.);
#120 = LINE('',#121,#122);
#121 = CARTESIAN_POINT('',(7.65,1.8E-16,-1.5));
#122 = VECTOR('',#123,1.);
#123 = DIRECTION('',(-1.,0.,0.));
#124 = ORIENTED_EDGE('',*,*,#125,.T.);
#125 = EDGE_CURVE('',#33,#24,#126,.T.);
#126 = CIRCLE('',#127,1.5);
#127 = AXIS2_PLACEMENT_3D('',#128,#129,#130);
#128 = CARTESIAN_POINT('',(1.75,0.,0.));
#129 = DIRECTION('',(1.,0.,-0.));
#130 = DIRECTION('',(0.,0.,1.));
#131 = ORIENTED_EDGE('',*,*,#132,.F.);
#132 = EDGE_CURVE('',#133,#24,#135,.T.);
#133 = VERTEX_POINT('',#134);
#134 = CARTESIAN_POINT('',(7.15,0.,1.5));
#135 = LINE('',#136,#137);
#136 = CARTESIAN_POINT('',(7.65,0.,1.5));
#137 = VECTOR('',#138,1.);
#138 = DIRECTION('',(-1.,0.,0.));
#139 = ORIENTED_EDGE('',*,*,#140,.T.);
#140 = EDGE_CURVE('',#133,#109,#141,.T.);
#141 = CIRCLE('',#142,1.5);
#142 = AXIS2_PLACEMENT_3D('',#143,#144,#145);
#143 = CARTESIAN_POINT('',(7.15,0.,0.));
#144 = DIRECTION('',(-1.,0.,0.));
#145 = DIRECTION('',(0.,0.,1.));
#146 = CYLINDRICAL_SURFACE('',#147,1.5);
#147 = AXIS2_PLACEMENT_3D('',#148,#149,#150);
#148 = CARTESIAN_POINT('',(7.65,0.,0.));
#149 = DIRECTION('',(-1.,0.,0.));
#150 = DIRECTION('',(0.,0.,1.));
#151 = ADVANCED_FACE('',(#152),#187,.T.);
#152 = FACE_BOUND('',#153,.T.);
#153 = EDGE_LOOP('',(#154,#165,#171,#172,#181));
#154 = ORIENTED_EDGE('',*,*,#155,.T.);
#155 = EDGE_CURVE('',#156,#158,#160,.T.);
#156 = VERTEX_POINT('',#157);
#157 = CARTESIAN_POINT('',(7.650000000012,-0.99999999992,0.));
#158 = VERTEX_POINT('',#159);
#159 = CARTESIAN_POINT('',(7.650000000012,0.99999999992,0.));
#160 = CIRCLE('',#161,0.99999999992);
#161 = AXIS2_PLACEMENT_3D('',#162,#163,#164);
#162 = CARTESIAN_POINT('',(7.650000000012,1.4E-16,0.));
#163 = DIRECTION('',(-1.,-2.9E-16,0.));
#164 = DIRECTION('',(2.9E-16,-1.,0.));
#165 = ORIENTED_EDGE('',*,*,#166,.T.);
#166 = EDGE_CURVE('',#158,#109,#167,.T.);
#167 = LINE('',#168,#169);
#168 = CARTESIAN_POINT('',(7.150000000081,1.499999999851,1.8E-16));
#169 = VECTOR('',#170,1.);
#170 = DIRECTION('',(-0.707106781187,0.707106781187,9.E-17));
#171 = ORIENTED_EDGE('',*,*,#140,.F.);
#172 = ORIENTED_EDGE('',*,*,#173,.F.);
#173 = EDGE_CURVE('',#174,#133,#176,.T.);
#174 = VERTEX_POINT('',#175);
#175 = CARTESIAN_POINT('',(7.15,-1.499999999932,0.));
#176 = CIRCLE('',#177,1.5);
#177 = AXIS2_PLACEMENT_3D('',#178,#179,#180);
#178 = CARTESIAN_POINT('',(7.15,0.,0.));
#179 = DIRECTION('',(-1.,0.,0.));
#180 = DIRECTION('',(0.,0.,1.));
#181 = ORIENTED_EDGE('',*,*,#182,.F.);
#182 = EDGE_CURVE('',#156,#174,#183,.T.);
#183 = LINE('',#184,#185);
#184 = CARTESIAN_POINT('',(7.150000000081,-1.499999999851,0.));
#185 = VECTOR('',#186,1.);
#186 = DIRECTION('',(-0.707106781187,-0.707106781187,0.));
#187 = CONICAL_SURFACE('',#188,1.499999999851,0.785398163397);
#188 = AXIS2_PLACEMENT_3D('',#189,#190,#191);
#189 = CARTESIAN_POINT('',(7.150000000081,0.,0.));
#190 = DIRECTION('',(-1.,-2.9E-16,-0.));
#191 = DIRECTION('',(2.9E-16,-1.,0.));
#192 = ADVANCED_FACE('',(#193),#206,.T.);
#193 = FACE_BOUND('',#194,.T.);
#194 = EDGE_LOOP('',(#195,#196,#203,#204,#205));
#195 = ORIENTED_EDGE('',*,*,#119,.F.);
#196 = ORIENTED_EDGE('',*,*,#197,.T.);
#197 = EDGE_CURVE('',#111,#174,#198,.T.);
#198 = CIRCLE('',#199,1.5);
#199 = AXIS2_PLACEMENT_3D('',#200,#201,#202);
#200 = CARTESIAN_POINT('',(7.15,0.,0.));
#201 = DIRECTION('',(-1.,0.,0.));
#202 = DIRECTION('',(0.,0.,1.));
#203 = ORIENTED_EDGE('',*,*,#173,.T.);
#204 = ORIENTED_EDGE('',*,*,#132,.T.);
#205 = ORIENTED_EDGE('',*,*,#32,.T.);
#206 = CYLINDRICAL_SURFACE('',#207,1.5);
#207 = AXIS2_PLACEMENT_3D('',#208,#209,#210);
#208 = CARTESIAN_POINT('',(7.65,0.,0.));
#209 = DIRECTION('',(-1.,0.,0.));
#210 = DIRECTION('',(0.,0.,1.));
#211 = ADVANCED_FACE('',(#212),#255,.F.);
#212 = FACE_BOUND('',#213,.F.);
#213 = EDGE_LOOP('',(#214,#215,#216,#254));
#214 = ORIENTED_EDGE('',*,*,#125,.T.);
#215 = ORIENTED_EDGE('',*,*,#21,.F.);
#216 = ORIENTED_EDGE('',*,*,#217,.T.);
#217 = EDGE_CURVE('',#22,#42,#218,.T.);
#218 = B_SPLINE_CURVE_WITH_KNOTS('',3,(#219,#220,#221,#222,#223,#224,
    #225,#226,#227,#228,#229,#230,#231,#232,#233,#234,#235,#236,#237,
    #238,#239,#240,#241,#242,#243,#244,#245,#246,#247,#248,#249,#250,
    #251,#252,#253),.UNSPECIFIED.,.F.,.F.,(4,1,1,2,2,2,1,1,1,2,2,2,1,1,2
    ,2,2,1,1,2,2,4),(0.,6.25E-02,9.375E-02,0.109375,0.125,0.25,0.3125,
    0.34375,0.359375,0.3671875,0.375,0.5,0.5625,0.59375,0.609375,0.625,
    0.75,0.8125,0.84375,0.859375,0.875,1.),.UNSPECIFIED.);
#219 = CARTESIAN_POINT('',(1.65,8.E-17,1.6));
#220 = CARTESIAN_POINT('',(1.65,0.101640651077,1.6));
#221 = CARTESIAN_POINT('',(1.65,0.251490081298,1.585957660212));
#222 = CARTESIAN_POINT('',(1.65,0.421744210362,1.545000835832));
#223 = CARTESIAN_POINT('',(1.65,0.493730935778,1.522182033678));
#224 = CARTESIAN_POINT('',(1.65,0.541504457188,1.505799303925));
#225 = CARTESIAN_POINT('',(1.65,0.56331376971,1.497801470991));
#226 = CARTESIAN_POINT('',(1.65,0.794053660009,1.406539767374));
#227 = CARTESIAN_POINT('',(1.65,0.975357058908,1.287279663798));
#228 = CARTESIAN_POINT('',(1.65,1.209377745394,1.053416442949));
#229 = CARTESIAN_POINT('',(1.65,1.312419220991,0.927148223411));
#230 = CARTESIAN_POINT('',(1.65,1.408188757472,0.763496234671));
#231 = CARTESIAN_POINT('',(1.65,1.449962146118,0.677585473814));
#232 = CARTESIAN_POINT('',(1.65,1.466555445624,0.639891269199));
#233 = CARTESIAN_POINT('',(1.65,1.477326627219,0.614567286767));
#234 = CARTESIAN_POINT('',(1.65,1.482984724452,0.600753148469));
#235 = CARTESIAN_POINT('',(1.65,1.562486197663,0.400125724586));
#236 = CARTESIAN_POINT('',(1.65,1.599932668313,0.203111065292));
#237 = CARTESIAN_POINT('',(1.65,1.600033665844,-0.101555532646));
#238 = CARTESIAN_POINT('',(1.65,1.586016575439,-0.251341124043));
#239 = CARTESIAN_POINT('',(1.65,1.545045022252,-0.421632492422));
#240 = CARTESIAN_POINT('',(1.65,1.522210439233,-0.493659117101));
#241 = CARTESIAN_POINT('',(1.65,1.50581508479,-0.541464557923));
#242 = CARTESIAN_POINT('',(1.65,1.497801470991,-0.56331376971));
#243 = CARTESIAN_POINT('',(1.65,1.406539767374,-0.794053660009));
#244 = CARTESIAN_POINT('',(1.65,1.287279663798,-0.975357058908));
#245 = CARTESIAN_POINT('',(1.65,1.053416442949,-1.209377745394));
#246 = CARTESIAN_POINT('',(1.65,0.927148223411,-1.312419220991));
#247 = CARTESIAN_POINT('',(1.65,0.763496234671,-1.408188757472));
#248 = CARTESIAN_POINT('',(1.65,0.68985843965,-1.443994519168));
#249 = CARTESIAN_POINT('',(1.65,0.639988525544,-1.466700954662));
#250 = CARTESIAN_POINT('',(1.65,0.612576074091,-1.478299721842));
#251 = CARTESIAN_POINT('',(1.65,0.399955224963,-1.562553760567));
#252 = CARTESIAN_POINT('',(1.65,0.20363804653,-1.6));
#253 = CARTESIAN_POINT('',(1.65,-1.2E-16,-1.6));
#254 = ORIENTED_EDGE('',*,*,#41,.T.);
#255 = ( BOUNDED_SURFACE() B_SPLINE_SURFACE(3,3,(
    (#256,#257,#258,#259)
    ,(#260,#261,#262,#263)
    ,(#264,#265,#266,#267)
    ,(#268,#269,#270,#271
)),.UNSPECIFIED.,.F.,.F.,.F.) B_SPLINE_SURFACE_WITH_KNOTS((4,4),(4,4),(
    0.,1.),(0.,1.),.PIECEWISE_BEZIER_KNOTS.) 
GEOMETRIC_REPRESENTATION_ITEM() RATIONAL_B_SPLINE_SURFACE((
    (1.,0.333333333333,0.333333333333,1.)
    ,(0.804737854124,0.268245951375,0.268245951375,0.804737854124)
    ,(0.804737854124,0.268245951375,0.268245951375,0.804737854124)
,(1.,0.333333333333,0.333333333333,1.
))) REPRESENTATION_ITEM('') SURFACE() );
#256 = CARTESIAN_POINT('',(1.65,-2.E-16,-1.6));
#257 = CARTESIAN_POINT('',(1.65,3.2,-1.6));
#258 = CARTESIAN_POINT('',(1.65,3.2,1.6));
#259 = CARTESIAN_POINT('',(1.65,3.9E-16,1.6));
#260 = CARTESIAN_POINT('',(1.65,-1.9E-16,-1.541421356237));
#261 = CARTESIAN_POINT('',(1.65,3.082842712475,-1.541421356237));
#262 = CARTESIAN_POINT('',(1.65,3.082842712475,1.541421356237));
#263 = CARTESIAN_POINT('',(1.65,3.8E-16,1.541421356237));
#264 = CARTESIAN_POINT('',(1.691421356237,-1.8E-16,-1.5));
#265 = CARTESIAN_POINT('',(1.691421356237,3.,-1.5));
#266 = CARTESIAN_POINT('',(1.691421356237,3.,1.5));
#267 = CARTESIAN_POINT('',(1.691421356237,3.7E-16,1.5));
#268 = CARTESIAN_POINT('',(1.75,-1.8E-16,-1.5));
#269 = CARTESIAN_POINT('',(1.75,3.,-1.5));
#270 = CARTESIAN_POINT('',(1.75,3.,1.5));
#271 = CARTESIAN_POINT('',(1.75,3.7E-16,1.5));
#272 = ADVANCED_FACE('',(#273),#286,.T.);
#273 = FACE_BOUND('',#274,.T.);
#274 = EDGE_LOOP('',(#275,#276,#283,#284,#285));
#275 = ORIENTED_EDGE('',*,*,#166,.F.);
#276 = ORIENTED_EDGE('',*,*,#277,.T.);
#277 = EDGE_CURVE('',#158,#156,#278,.T.);
#278 = CIRCLE('',#279,0.99999999992);
#279 = AXIS2_PLACEMENT_3D('',#280,#281,#282);
#280 = CARTESIAN_POINT('',(7.650000000012,1.4E-16,0.));
#281 = DIRECTION('',(-1.,-2.9E-16,0.));
#282 = DIRECTION('',(2.9E-16,-1.,0.));
#283 = ORIENTED_EDGE('',*,*,#182,.T.);
#284 = ORIENTED_EDGE('',*,*,#197,.F.);
#285 = ORIENTED_EDGE('',*,*,#108,.F.);
#286 = CONICAL_SURFACE('',#287,1.499999999851,0.785398163397);
#287 = AXIS2_PLACEMENT_3D('',#288,#289,#290);
#288 = CARTESIAN_POINT('',(7.150000000081,0.,0.));
#289 = DIRECTION('',(-1.,-2.9E-16,-0.));
#290 = DIRECTION('',(2.9E-16,-1.,0.));
#291 = ADVANCED_FACE('',(#292,#368),#372,.T.);
#292 = FACE_BOUND('',#293,.T.);
#293 = EDGE_LOOP('',(#294,#333));
#294 = ORIENTED_EDGE('',*,*,#295,.T.);
#295 = EDGE_CURVE('',#296,#298,#300,.T.);
#296 = VERTEX_POINT('',#297);
#297 = CARTESIAN_POINT('',(1.65,2.85,0.));
#298 = VERTEX_POINT('',#299);
#299 = CARTESIAN_POINT('',(1.65,-2.85,-1.E-15));
#300 = B_SPLINE_CURVE_WITH_KNOTS('',3,(#301,#302,#303,#304,#305,#306,
    #307,#308,#309,#310,#311,#312,#313,#314,#315,#316,#317,#318,#319,
    #320,#321,#322,#323,#324,#325,#326,#327,#328,#329,#330,#331,#332),
  .UNSPECIFIED.,.F.,.F.,(4,2,2,2,2,2,2,2,2,2,2,2,2,2,2,4),(0.,
    1.122882244398E-03,1.684323366597E-03,2.245764488795E-03,
    2.807205610994E-03,3.368646733193E-03,3.930087855392E-03,
    4.491528977591E-03,5.05297009979E-03,5.614411221989E-03,
    6.175852344187E-03,6.737293466386E-03,7.298734588585E-03,
    7.860175710784E-03,8.421616832983E-03,8.983057955182E-03),
  .UNSPECIFIED.);
#301 = CARTESIAN_POINT('',(1.65,2.85,1.1E-16));
#302 = CARTESIAN_POINT('',(1.65,2.85,0.376356509893));
#303 = CARTESIAN_POINT('',(1.65,2.774412838043,0.750211924883));
#304 = CARTESIAN_POINT('',(1.65,2.560975284298,1.264249471129));
#305 = CARTESIAN_POINT('',(1.65,2.4720710239,1.430498164314));
#306 = CARTESIAN_POINT('',(1.65,2.263988749756,1.741210810411));
#307 = CARTESIAN_POINT('',(1.65,2.146084294089,1.88451729564));
#308 = CARTESIAN_POINT('',(1.65,1.882995930902,2.147419278834));
#309 = CARTESIAN_POINT('',(1.65,1.7362844764,2.267686106413));
#310 = CARTESIAN_POINT('',(1.65,1.426874714324,2.474088238085));
#311 = CARTESIAN_POINT('',(1.65,1.263222904723,2.561586722611));
#312 = CARTESIAN_POINT('',(1.65,0.917733921037,2.704666910112));
#313 = CARTESIAN_POINT('',(1.65,0.737267697994,2.759231351968));
#314 = CARTESIAN_POINT('',(1.65,0.373319399893,2.831528551481));
#315 = CARTESIAN_POINT('',(1.65,0.18742540835,2.850025225272));
#316 = CARTESIAN_POINT('',(1.65,-0.188191778387,2.849974723209));
#317 = CARTESIAN_POINT('',(1.65,-0.373093271784,2.831566238377));
#318 = CARTESIAN_POINT('',(1.65,-0.737280251548,2.759236086754));
#319 = CARTESIAN_POINT('',(1.65,-0.918487092695,2.704376303554));
#320 = CARTESIAN_POINT('',(1.65,-1.263026232954,2.561646826856));
#321 = CARTESIAN_POINT('',(1.65,-1.426653836169,2.474243002233));
#322 = CARTESIAN_POINT('',(1.65,-1.736662473273,2.267426527207));
#323 = CARTESIAN_POINT('',(1.65,-1.883163465188,2.147250098386));
#324 = CARTESIAN_POINT('',(1.65,-2.145889657421,1.884713559088));
#325 = CARTESIAN_POINT('',(1.65,-2.263954484758,1.741321825784));
#326 = CARTESIAN_POINT('',(1.65,-2.472669039422,1.429545183438));
#327 = CARTESIAN_POINT('',(1.65,-2.560921974003,1.264355154636));
#328 = CARTESIAN_POINT('',(1.65,-2.703217728802,0.921699096603));
#329 = CARTESIAN_POINT('',(1.65,-2.758109399661,0.741951392115));
#330 = CARTESIAN_POINT('',(1.65,-2.831543297346,0.374194981279));
#331 = CARTESIAN_POINT('',(1.65,-2.85,0.188178254947));
#332 = CARTESIAN_POINT('',(1.65,-2.85,-5.4E-16));
#333 = ORIENTED_EDGE('',*,*,#334,.T.);
#334 = EDGE_CURVE('',#298,#296,#335,.T.);
#335 = B_SPLINE_CURVE_WITH_KNOTS('',3,(#336,#337,#338,#339,#340,#341,
    #342,#343,#344,#345,#346,#347,#348,#349,#350,#351,#352,#353,#354,
    #355,#356,#357,#358,#359,#360,#361,#362,#363,#364,#365,#366,#367),
  .UNSPECIFIED.,.F.,.F.,(4,2,2,2,2,2,2,2,2,2,2,2,2,2,2,4),(
    8.983057955182E-03,1.010594019958E-02,1.066738132178E-02,
    1.122882244398E-02,1.179026356618E-02,1.235170468837E-02,
    1.291314581057E-02,1.347458693277E-02,1.403602805497E-02,
    1.459746917717E-02,1.515891029937E-02,1.572035142157E-02,
    1.628179254377E-02,1.684323366597E-02,1.740467478816E-02,
    1.796611591036E-02),.UNSPECIFIED.);
#336 = CARTESIAN_POINT('',(1.65,-2.85,-5.4E-16));
#337 = CARTESIAN_POINT('',(1.65,-2.85,-0.376356509893));
#338 = CARTESIAN_POINT('',(1.65,-2.774412838043,-0.750211924883));
#339 = CARTESIAN_POINT('',(1.65,-2.560975284298,-1.264249471129));
#340 = CARTESIAN_POINT('',(1.65,-2.4720710239,-1.430498164314));
#341 = CARTESIAN_POINT('',(1.65,-2.263988749756,-1.741210810411));
#342 = CARTESIAN_POINT('',(1.65,-2.146084294089,-1.88451729564));
#343 = CARTESIAN_POINT('',(1.65,-1.882995930902,-2.147419278834));
#344 = CARTESIAN_POINT('',(1.65,-1.7362844764,-2.267686106413));
#345 = CARTESIAN_POINT('',(1.65,-1.426874714324,-2.474088238085));
#346 = CARTESIAN_POINT('',(1.65,-1.263222904723,-2.561586722611));
#347 = CARTESIAN_POINT('',(1.65,-0.917733921037,-2.704666910112));
#348 = CARTESIAN_POINT('',(1.65,-0.737267697994,-2.759231351968));
#349 = CARTESIAN_POINT('',(1.65,-0.373319399893,-2.831528551481));
#350 = CARTESIAN_POINT('',(1.65,-0.18742540835,-2.850025225272));
#351 = CARTESIAN_POINT('',(1.65,0.188191778387,-2.849974723209));
#352 = CARTESIAN_POINT('',(1.65,0.373093271784,-2.831566238377));
#353 = CARTESIAN_POINT('',(1.65,0.737280251548,-2.759236086754));
#354 = CARTESIAN_POINT('',(1.65,0.918487092695,-2.704376303554));
#355 = CARTESIAN_POINT('',(1.65,1.263026232954,-2.561646826856));
#356 = CARTESIAN_POINT('',(1.65,1.426653836169,-2.474243002233));
#357 = CARTESIAN_POINT('',(1.65,1.736662473273,-2.267426527207));
#358 = CARTESIAN_POINT('',(1.65,1.883163465188,-2.147250098386));
#359 = CARTESIAN_POINT('',(1.65,2.145889657421,-1.884713559088));
#360 = CARTESIAN_POINT('',(1.65,2.263954484758,-1.741321825784));
#361 = CARTESIAN_POINT('',(1.65,2.472669039422,-1.429545183438));
#362 = CARTESIAN_POINT('',(1.65,2.560921974003,-1.264355154636));
#363 = CARTESIAN_POINT('',(1.65,2.703217728802,-0.921699096603));
#364 = CARTESIAN_POINT('',(1.65,2.758109399661,-0.741951392115));
#365 = CARTESIAN_POINT('',(1.65,2.831543297346,-0.374194981279));
#366 = CARTESIAN_POINT('',(1.65,2.85,-0.188178254947));
#367 = CARTESIAN_POINT('',(1.65,2.85,1.1E-16));
#368 = FACE_BOUND('',#369,.T.);
#369 = EDGE_LOOP('',(#370,#371));
#370 = ORIENTED_EDGE('',*,*,#50,.T.);
#371 = ORIENTED_EDGE('',*,*,#217,.T.);
#372 = PLANE('',#373);
#373 = AXIS2_PLACEMENT_3D('',#374,#375,#376);
#374 = CARTESIAN_POINT('',(1.65,0.,0.));
#375 = DIRECTION('',(1.,0.,-0.));
#376 = DIRECTION('',(-0.,0.,-1.));
#377 = ADVANCED_FACE('',(#378),#382,.T.);
#378 = FACE_BOUND('',#379,.T.);
#379 = EDGE_LOOP('',(#380,#381));
#380 = ORIENTED_EDGE('',*,*,#155,.F.);
#381 = ORIENTED_EDGE('',*,*,#277,.F.);
#382 = PLANE('',#383);
#383 = AXIS2_PLACEMENT_3D('',#384,#385,#386);
#384 = CARTESIAN_POINT('',(7.65,0.,0.));
#385 = DIRECTION('',(1.,-0.,0.));
#386 = DIRECTION('',(0.,0.,-1.));
#387 = ADVANCED_FACE('',(#388,#392),#456,.T.);
#388 = FACE_BOUND('',#389,.T.);
#389 = EDGE_LOOP('',(#390,#391));
#390 = ORIENTED_EDGE('',*,*,#295,.F.);
#391 = ORIENTED_EDGE('',*,*,#334,.F.);
#392 = FACE_BOUND('',#393,.T.);
#393 = EDGE_LOOP('',(#394,#427));
#394 = ORIENTED_EDGE('',*,*,#395,.T.);
#395 = EDGE_CURVE('',#396,#398,#400,.T.);
#396 = VERTEX_POINT('',#397);
#397 = CARTESIAN_POINT('',(0.,1.65,0.));
#398 = VERTEX_POINT('',#399);
#399 = CARTESIAN_POINT('',(0.,-1.65,-0.));
#400 = B_SPLINE_CURVE_WITH_KNOTS('',3,(#401,#402,#403,#404,#405,#406,
    #407,#408,#409,#410,#411,#412,#413,#414,#415,#416,#417,#418,#419,
    #420,#421,#422,#423,#424,#425,#426),.UNSPECIFIED.,.F.,.F.,(4,2,2,2,2
    ,2,2,2,2,2,2,2,4),(0.,3.223497147099E-04,6.446994294197E-04,
    9.670491441296E-04,1.289398858839E-03,1.934098288259E-03,
    2.578797717679E-03,2.901147432389E-03,3.223497147099E-03,
    3.545846861809E-03,3.868196576518E-03,4.512896005938E-03,
    5.157595435358E-03),.UNSPECIFIED.);
#401 = CARTESIAN_POINT('',(0.,1.65,4.3E-16));
#402 = CARTESIAN_POINT('',(0.,1.65,0.108996956467));
#403 = CARTESIAN_POINT('',(-0.,1.639305824177,0.216172663937));
#404 = CARTESIAN_POINT('',(0.,1.597403866579,0.427030552601));
#405 = CARTESIAN_POINT('',(-1.3E-15,1.565688011046,0.531804172799));
#406 = CARTESIAN_POINT('',(-1.3E-15,1.482883391139,0.731608826097));
#407 = CARTESIAN_POINT('',(-0.,1.432211662877,0.826374144099));
#408 = CARTESIAN_POINT('',(-0.,1.312495934335,1.005723071064));
#409 = CARTESIAN_POINT('',(0.,1.242813845675,1.090641170545));
#410 = CARTESIAN_POINT('',(-0.,1.014490198478,1.318956901777));
#411 = CARTESIAN_POINT('',(0.,0.830438230831,1.441892747037));
#412 = CARTESIAN_POINT('',(-0.,0.433406765131,1.606499587651));
#413 = CARTESIAN_POINT('',(0.,0.216305148142,1.649854211549));
#414 = CARTESIAN_POINT('',(-0.,-0.106480128015,1.650072329159));
#415 = CARTESIAN_POINT('',(-6.5E-16,-0.215765518557,1.639384581052));
#416 = CARTESIAN_POINT('',(-6.5E-16,-0.427374387304,1.597337690242));
#417 = CARTESIAN_POINT('',(6.5E-16,-0.530224031617,1.56621882277));
#418 = CARTESIAN_POINT('',(6.5E-16,-0.729981441484,1.483679891214));
#419 = CARTESIAN_POINT('',(0.,-0.826628816082,1.432041642631));
#420 = CARTESIAN_POINT('',(-0.,-1.005467841836,1.312666326543));
#421 = CARTESIAN_POINT('',(0.,-1.088820546799,1.244518326122));
#422 = CARTESIAN_POINT('',(-0.,-1.319970780139,1.013706726979));
#423 = CARTESIAN_POINT('',(2.48499E-12,-1.441152416518,0.832120578461));
#424 = CARTESIAN_POINT('',(2.48499E-12,-1.607008947988,0.432281373437));
#425 = CARTESIAN_POINT('',(-0.,-1.65,0.217993912933));
#426 = CARTESIAN_POINT('',(0.,-1.65,-4.3E-16));
#427 = ORIENTED_EDGE('',*,*,#428,.T.);
#428 = EDGE_CURVE('',#398,#396,#429,.T.);
#429 = B_SPLINE_CURVE_WITH_KNOTS('',3,(#430,#431,#432,#433,#434,#435,
    #436,#437,#438,#439,#440,#441,#442,#443,#444,#445,#446,#447,#448,
    #449,#450,#451,#452,#453,#454,#455),.UNSPECIFIED.,.F.,.F.,(4,2,2,2,2
    ,2,2,2,2,2,2,2,4),(5.157595435358E-03,5.479945150068E-03,
    5.802294864778E-03,6.124644579488E-03,6.446994294197E-03,
    7.091693723617E-03,7.736393153037E-03,8.058742867747E-03,
    8.381092582457E-03,8.703442297167E-03,9.025792011876E-03,
    9.670491441296E-03,1.031519087072E-02),.UNSPECIFIED.);
#430 = CARTESIAN_POINT('',(0.,-1.65,-4.3E-16));
#431 = CARTESIAN_POINT('',(0.,-1.65,-0.108996956467));
#432 = CARTESIAN_POINT('',(-0.,-1.639305824177,-0.216172663937));
#433 = CARTESIAN_POINT('',(-0.,-1.597403866579,-0.427030552601));
#434 = CARTESIAN_POINT('',(1.95E-15,-1.565688011046,-0.531804172799));
#435 = CARTESIAN_POINT('',(1.95E-15,-1.482883391139,-0.731608826097));
#436 = CARTESIAN_POINT('',(-6.5E-16,-1.432211662877,-0.826374144099));
#437 = CARTESIAN_POINT('',(-6.5E-16,-1.312495934335,-1.005723071064));
#438 = CARTESIAN_POINT('',(-0.,-1.242813845675,-1.090641170545));
#439 = CARTESIAN_POINT('',(-0.,-1.014490198478,-1.318956901777));
#440 = CARTESIAN_POINT('',(0.,-0.830438230831,-1.441892747037));
#441 = CARTESIAN_POINT('',(-0.,-0.433406765131,-1.606499587651));
#442 = CARTESIAN_POINT('',(0.,-0.216305148142,-1.649854211549));
#443 = CARTESIAN_POINT('',(-0.,0.106480128015,-1.650072329159));
#444 = CARTESIAN_POINT('',(0.,0.215765518557,-1.639384581052));
#445 = CARTESIAN_POINT('',(0.,0.427374387304,-1.597337690242));
#446 = CARTESIAN_POINT('',(6.5E-16,0.530224031617,-1.56621882277));
#447 = CARTESIAN_POINT('',(6.5E-16,0.729981441484,-1.483679891214));
#448 = CARTESIAN_POINT('',(0.,0.826628816082,-1.432041642631));
#449 = CARTESIAN_POINT('',(-0.,1.005467841836,-1.312666326543));
#450 = CARTESIAN_POINT('',(0.,1.088820546799,-1.244518326122));
#451 = CARTESIAN_POINT('',(-0.,1.319970780139,-1.013706726979));
#452 = CARTESIAN_POINT('',(2.48564E-12,1.441152416518,-0.832120578461));
#453 = CARTESIAN_POINT('',(2.48564E-12,1.607008947988,-0.432281373437));
#454 = CARTESIAN_POINT('',(0.,1.65,-0.217993912933));
#455 = CARTESIAN_POINT('',(0.,1.65,4.3E-16));
#456 = ( BOUNDED_SURFACE() B_SPLINE_SURFACE(3,3,(
    (#457,#458,#459,#460)
    ,(#461,#462,#463,#464)
    ,(#465,#466,#467,#468)
    ,(#469,#470,#471,#472
)),.UNSPECIFIED.,.F.,.F.,.F.) B_SPLINE_SURFACE_WITH_KNOTS((4,4),(4,4),(
    0.,1.),(0.,1.),.PIECEWISE_BEZIER_KNOTS.) 
GEOMETRIC_REPRESENTATION_ITEM() RATIONAL_B_SPLINE_SURFACE((
    (1.,0.505683670819,0.505683670819,1.)
    ,(0.505899175489,0.255824952126,0.255824952126,0.505899175489)
    ,(0.505899175489,0.255824952126,0.255824952126,0.505899175489)
,(1.,0.505683670819,0.505683670819,1.
))) REPRESENTATION_ITEM('') SURFACE() );
#457 = CARTESIAN_POINT('',(2.263066334516,-2.862249650992,0.740956183516
    ));
#458 = CARTESIAN_POINT('',(1.3194369492,-2.862249650992,0.488418766035)
  );
#459 = CARTESIAN_POINT('',(1.3194369492,-2.862249650992,-0.488418766035)
  );
#460 = CARTESIAN_POINT('',(2.263066334516,-2.862249650992,
    -0.740956183516));
#461 = CARTESIAN_POINT('',(1.32118568363,-1.8859157382,4.260380229661));
#462 = CARTESIAN_POINT('',(-4.104533227638,-1.8859157382,2.8083302372));
#463 = CARTESIAN_POINT('',(-4.104533227638,-1.8859157382,-2.8083302372)
  );
#464 = CARTESIAN_POINT('',(1.32118568363,-1.8859157382,-4.260380229661)
  );
#465 = CARTESIAN_POINT('',(1.32118568363,1.8859157382,4.260380229661));
#466 = CARTESIAN_POINT('',(-4.104533227638,1.8859157382,2.8083302372));
#467 = CARTESIAN_POINT('',(-4.104533227638,1.8859157382,-2.8083302372));
#468 = CARTESIAN_POINT('',(1.32118568363,1.8859157382,-4.260380229661));
#469 = CARTESIAN_POINT('',(2.263066334516,2.862249650992,0.740956183516)
  );
#470 = CARTESIAN_POINT('',(1.3194369492,2.862249650992,0.488418766035));
#471 = CARTESIAN_POINT('',(1.3194369492,2.862249650992,-0.488418766035)
  );
#472 = CARTESIAN_POINT('',(2.263066334516,2.862249650992,-0.740956183516
    ));
#473 = ADVANCED_FACE('',(#474,#524),#528,.F.);
#474 = FACE_BOUND('',#475,.T.);
#475 = EDGE_LOOP('',(#476,#486,#494,#502,#510,#518));
#476 = ORIENTED_EDGE('',*,*,#477,.F.);
#477 = EDGE_CURVE('',#478,#480,#482,.T.);
#478 = VERTEX_POINT('',#479);
#479 = CARTESIAN_POINT('',(0.,1.,-0.57735026919));
#480 = VERTEX_POINT('',#481);
#481 = CARTESIAN_POINT('',(0.,-1.E-15,-1.154700538379));
#482 = LINE('',#483,#484);
#483 = CARTESIAN_POINT('',(0.,1.,-0.57735026919));
#484 = VECTOR('',#485,1.);
#485 = DIRECTION('',(0.,-0.866025403784,-0.5));
#486 = ORIENTED_EDGE('',*,*,#487,.F.);
#487 = EDGE_CURVE('',#488,#478,#490,.T.);
#488 = VERTEX_POINT('',#489);
#489 = CARTESIAN_POINT('',(0.,1.,0.57735026919));
#490 = LINE('',#491,#492);
#491 = CARTESIAN_POINT('',(0.,1.,0.));
#492 = VECTOR('',#493,1.);
#493 = DIRECTION('',(-0.,0.,-1.));
#494 = ORIENTED_EDGE('',*,*,#495,.F.);
#495 = EDGE_CURVE('',#496,#488,#498,.T.);
#496 = VERTEX_POINT('',#497);
#497 = CARTESIAN_POINT('',(0.,1.E-15,1.154700538379));
#498 = LINE('',#499,#500);
#499 = CARTESIAN_POINT('',(0.,8.9E-16,1.154700538379));
#500 = VECTOR('',#501,1.);
#501 = DIRECTION('',(0.,0.866025403784,-0.5));
#502 = ORIENTED_EDGE('',*,*,#503,.F.);
#503 = EDGE_CURVE('',#504,#496,#506,.T.);
#504 = VERTEX_POINT('',#505);
#505 = CARTESIAN_POINT('',(0.,-1.,0.57735026919));
#506 = LINE('',#507,#508);
#507 = CARTESIAN_POINT('',(0.,-1.,0.57735026919));
#508 = VECTOR('',#509,1.);
#509 = DIRECTION('',(0.,0.866025403784,0.5));
#510 = ORIENTED_EDGE('',*,*,#511,.F.);
#511 = EDGE_CURVE('',#512,#504,#514,.T.);
#512 = VERTEX_POINT('',#513);
#513 = CARTESIAN_POINT('',(0.,-1.,-0.57735026919));
#514 = LINE('',#515,#516);
#515 = CARTESIAN_POINT('',(0.,-1.,0.));
#516 = VECTOR('',#517,1.);
#517 = DIRECTION('',(0.,-0.,1.));
#518 = ORIENTED_EDGE('',*,*,#519,.F.);
#519 = EDGE_CURVE('',#480,#512,#520,.T.);
#520 = LINE('',#521,#522);
#521 = CARTESIAN_POINT('',(0.,-1.26E-15,-1.154700538379));
#522 = VECTOR('',#523,1.);
#523 = DIRECTION('',(0.,-0.866025403784,0.5));
#524 = FACE_BOUND('',#525,.T.);
#525 = EDGE_LOOP('',(#526,#527));
#526 = ORIENTED_EDGE('',*,*,#395,.F.);
#527 = ORIENTED_EDGE('',*,*,#428,.F.);
#528 = PLANE('',#529);
#529 = AXIS2_PLACEMENT_3D('',#530,#531,#532);
#530 = CARTESIAN_POINT('',(0.,0.,0.));
#531 = DIRECTION('',(1.,0.,-0.));
#532 = DIRECTION('',(-0.,0.,-1.));
#533 = ADVANCED_FACE('',(#534),#559,.T.);
#534 = FACE_BOUND('',#535,.T.);
#535 = EDGE_LOOP('',(#536,#546,#552,#553));
#536 = ORIENTED_EDGE('',*,*,#537,.T.);
#537 = EDGE_CURVE('',#538,#540,#542,.T.);
#538 = VERTEX_POINT('',#539);
#539 = CARTESIAN_POINT('',(1.04,-1.,-0.57735026919));
#540 = VERTEX_POINT('',#541);
#541 = CARTESIAN_POINT('',(1.04,-1.E-15,-1.154700538379));
#542 = LINE('',#543,#544);
#543 = CARTESIAN_POINT('',(1.04,-1.,-0.57735026919));
#544 = VECTOR('',#545,1.);
#545 = DIRECTION('',(-0.,0.866025403784,-0.5));
#546 = ORIENTED_EDGE('',*,*,#547,.T.);
#547 = EDGE_CURVE('',#540,#480,#548,.T.);
#548 = LINE('',#549,#550);
#549 = CARTESIAN_POINT('',(1.04,-1.3E-15,-1.154700538379));
#550 = VECTOR('',#551,1.);
#551 = DIRECTION('',(-1.,-0.,0.));
#552 = ORIENTED_EDGE('',*,*,#519,.T.);
#553 = ORIENTED_EDGE('',*,*,#554,.T.);
#554 = EDGE_CURVE('',#512,#538,#555,.T.);
#555 = LINE('',#556,#557);
#556 = CARTESIAN_POINT('',(1.04,-1.,-0.57735026919));
#557 = VECTOR('',#558,1.);
#558 = DIRECTION('',(1.,0.,-0.));
#559 = PLANE('',#560);
#560 = AXIS2_PLACEMENT_3D('',#561,#562,#563);
#561 = CARTESIAN_POINT('',(1.04,-1.,-0.57735026919));
#562 = DIRECTION('',(0.,0.5,0.866025403784));
#563 = DIRECTION('',(0.,-0.866025403784,0.5));
#564 = ADVANCED_FACE('',(#565),#583,.T.);
#565 = FACE_BOUND('',#566,.T.);
#566 = EDGE_LOOP('',(#567,#575,#581,#582));
#567 = ORIENTED_EDGE('',*,*,#568,.T.);
#568 = EDGE_CURVE('',#540,#569,#571,.T.);
#569 = VERTEX_POINT('',#570);
#570 = CARTESIAN_POINT('',(1.04,1.,-0.57735026919));
#571 = LINE('',#572,#573);
#572 = CARTESIAN_POINT('',(1.04,-1.26E-15,-1.154700538379));
#573 = VECTOR('',#574,1.);
#574 = DIRECTION('',(-0.,0.866025403784,0.5));
#575 = ORIENTED_EDGE('',*,*,#576,.T.);
#576 = EDGE_CURVE('',#569,#478,#577,.T.);
#577 = LINE('',#578,#579);
#578 = CARTESIAN_POINT('',(1.04,1.,-0.57735026919));
#579 = VECTOR('',#580,1.);
#580 = DIRECTION('',(-1.,-0.,-0.));
#581 = ORIENTED_EDGE('',*,*,#477,.T.);
#582 = ORIENTED_EDGE('',*,*,#547,.F.);
#583 = PLANE('',#584);
#584 = AXIS2_PLACEMENT_3D('',#585,#586,#587);
#585 = CARTESIAN_POINT('',(1.04,-1.26E-15,-1.154700538379));
#586 = DIRECTION('',(0.,-0.5,0.866025403784));
#587 = DIRECTION('',(0.,-0.866025403784,-0.5));
#588 = ADVANCED_FACE('',(#589),#607,.T.);
#589 = FACE_BOUND('',#590,.T.);
#590 = EDGE_LOOP('',(#591,#599,#605,#606));
#591 = ORIENTED_EDGE('',*,*,#592,.T.);
#592 = EDGE_CURVE('',#569,#593,#595,.T.);
#593 = VERTEX_POINT('',#594);
#594 = CARTESIAN_POINT('',(1.04,1.,0.57735026919));
#595 = LINE('',#596,#597);
#596 = CARTESIAN_POINT('',(1.04,1.,-0.57735026919));
#597 = VECTOR('',#598,1.);
#598 = DIRECTION('',(-0.,1.9E-16,1.));
#599 = ORIENTED_EDGE('',*,*,#600,.T.);
#600 = EDGE_CURVE('',#593,#488,#601,.T.);
#601 = LINE('',#602,#603);
#602 = CARTESIAN_POINT('',(1.04,1.,0.57735026919));
#603 = VECTOR('',#604,1.);
#604 = DIRECTION('',(-1.,-0.,-0.));
#605 = ORIENTED_EDGE('',*,*,#487,.T.);
#606 = ORIENTED_EDGE('',*,*,#576,.F.);
#607 = PLANE('',#608);
#608 = AXIS2_PLACEMENT_3D('',#609,#610,#611);
#609 = CARTESIAN_POINT('',(1.04,1.,-0.57735026919));
#610 = DIRECTION('',(0.,-1.,1.9E-16));
#611 = DIRECTION('',(0.,-1.9E-16,-1.));
#612 = ADVANCED_FACE('',(#613),#631,.T.);
#613 = FACE_BOUND('',#614,.T.);
#614 = EDGE_LOOP('',(#615,#623,#629,#630));
#615 = ORIENTED_EDGE('',*,*,#616,.T.);
#616 = EDGE_CURVE('',#593,#617,#619,.T.);
#617 = VERTEX_POINT('',#618);
#618 = CARTESIAN_POINT('',(1.04,1.E-15,1.154700538379));
#619 = LINE('',#620,#621);
#620 = CARTESIAN_POINT('',(1.04,1.,0.57735026919));
#621 = VECTOR('',#622,1.);
#622 = DIRECTION('',(-0.,-0.866025403784,0.5));
#623 = ORIENTED_EDGE('',*,*,#624,.T.);
#624 = EDGE_CURVE('',#617,#496,#625,.T.);
#625 = LINE('',#626,#627);
#626 = CARTESIAN_POINT('',(1.04,1.08E-15,1.154700538379));
#627 = VECTOR('',#628,1.);
#628 = DIRECTION('',(-1.,0.,-0.));
#629 = ORIENTED_EDGE('',*,*,#495,.T.);
#630 = ORIENTED_EDGE('',*,*,#600,.F.);
#631 = PLANE('',#632);
#632 = AXIS2_PLACEMENT_3D('',#633,#634,#635);
#633 = CARTESIAN_POINT('',(1.04,1.,0.57735026919));
#634 = DIRECTION('',(0.,-0.5,-0.866025403784));
#635 = DIRECTION('',(0.,0.866025403784,-0.5));
#636 = ADVANCED_FACE('',(#637),#655,.T.);
#637 = FACE_BOUND('',#638,.T.);
#638 = EDGE_LOOP('',(#639,#647,#653,#654));
#639 = ORIENTED_EDGE('',*,*,#640,.T.);
#640 = EDGE_CURVE('',#617,#641,#643,.T.);
#641 = VERTEX_POINT('',#642);
#642 = CARTESIAN_POINT('',(1.04,-1.,0.57735026919));
#643 = LINE('',#644,#645);
#644 = CARTESIAN_POINT('',(1.04,8.9E-16,1.154700538379));
#645 = VECTOR('',#646,1.);
#646 = DIRECTION('',(-0.,-0.866025403784,-0.5));
#647 = ORIENTED_EDGE('',*,*,#648,.T.);
#648 = EDGE_CURVE('',#641,#504,#649,.T.);
#649 = LINE('',#650,#651);
#650 = CARTESIAN_POINT('',(1.04,-1.,0.57735026919));
#651 = VECTOR('',#652,1.);
#652 = DIRECTION('',(-1.,0.,-0.));
#653 = ORIENTED_EDGE('',*,*,#503,.T.);
#654 = ORIENTED_EDGE('',*,*,#624,.F.);
#655 = PLANE('',#656);
#656 = AXIS2_PLACEMENT_3D('',#657,#658,#659);
#657 = CARTESIAN_POINT('',(1.04,8.9E-16,1.154700538379));
#658 = DIRECTION('',(0.,0.5,-0.866025403784));
#659 = DIRECTION('',(0.,0.866025403784,0.5));
#660 = ADVANCED_FACE('',(#661),#672,.T.);
#661 = FACE_BOUND('',#662,.T.);
#662 = EDGE_LOOP('',(#663,#669,#670,#671));
#663 = ORIENTED_EDGE('',*,*,#664,.T.);
#664 = EDGE_CURVE('',#641,#538,#665,.T.);
#665 = LINE('',#666,#667);
#666 = CARTESIAN_POINT('',(1.04,-1.,0.57735026919));
#667 = VECTOR('',#668,1.);
#668 = DIRECTION('',(-0.,0.,-1.));
#669 = ORIENTED_EDGE('',*,*,#554,.F.);
#670 = ORIENTED_EDGE('',*,*,#511,.T.);
#671 = ORIENTED_EDGE('',*,*,#648,.F.);
#672 = PLANE('',#673);
#673 = AXIS2_PLACEMENT_3D('',#674,#675,#676);
#674 = CARTESIAN_POINT('',(1.04,-1.,0.57735026919));
#675 = DIRECTION('',(0.,1.,0.));
#676 = DIRECTION('',(0.,-0.,1.));
#677 = ADVANCED_FACE('',(#678),#765,.F.);
#678 = FACE_BOUND('',#679,.F.);
#679 = EDGE_LOOP('',(#680,#681,#725));
#680 = ORIENTED_EDGE('',*,*,#537,.T.);
#681 = ORIENTED_EDGE('',*,*,#682,.T.);
#682 = EDGE_CURVE('',#540,#683,#685,.T.);
#683 = VERTEX_POINT('',#684);
#684 = CARTESIAN_POINT('',(1.542075782294,-2.199619955358E-02,
    -3.809853520022E-02));
#685 = B_SPLINE_CURVE_WITH_KNOTS('',3,(#686,#687,#688,#689,#690,#691,
    #692,#693,#694,#695,#696,#697,#698,#699,#700,#701,#702,#703,#704,
    #705,#706,#707,#708,#709,#710,#711,#712,#713,#714,#715,#716,#717,
    #718,#719,#720,#721,#722,#723,#724),.UNSPECIFIED.,.F.,.F.,(4,2,2,1,1
    ,1,2,2,2,1,1,1,2,2,2,1,1,2,2,2,1,2,2,4),(0.,0.25,0.375,0.4375,
    0.46875,0.484375,0.4921875,0.5,0.625,0.6875,0.71875,0.734375,
    0.7421875,0.75,0.8125,0.84375,0.859375,0.8671875,0.875,0.90625,
    0.921875,0.9296875,0.9375,1.),.UNSPECIFIED.);
#686 = CARTESIAN_POINT('',(1.04,-1.31E-15,-1.154700538379));
#687 = CARTESIAN_POINT('',(1.096064608883,-2.129399363157E-03,
    -1.032060740441));
#688 = CARTESIAN_POINT('',(1.145293394873,-4.065261315684E-03,
    -0.924391000255));
#689 = CARTESIAN_POINT('',(1.208882839519,-6.50114592864E-03,
    -0.785233541156));
#690 = CARTESIAN_POINT('',(1.228370365345,-7.238824544644E-03,
    -0.742574496373));
#691 = CARTESIAN_POINT('',(1.255038220498,-8.245033990111E-03,
    -0.68418284712));
#692 = CARTESIAN_POINT('',(1.267731289679,-8.72340863674E-03,
    -0.656386462885));
#693 = CARTESIAN_POINT('',(1.281418368196,-9.244332009234E-03,
    -0.626410074156));
#694 = CARTESIAN_POINT('',(1.287981531907,-9.49653414357E-03,
    -0.612035690682));
#695 = CARTESIAN_POINT('',(1.290734235879,-9.602968315455E-03,
    -0.606006842904));
#696 = CARTESIAN_POINT('',(1.292556020644,-9.673571006689E-03,
    -0.602016864384));
#697 = CARTESIAN_POINT('',(1.292624171953,-9.676134823763E-03,
    -0.601867593653));
#698 = CARTESIAN_POINT('',(1.322095484696,-1.082390248823E-02,
    -0.537321593592));
#699 = CARTESIAN_POINT('',(1.34654268786,-1.183862453004E-02,
    -0.483775100503));
#700 = CARTESIAN_POINT('',(1.378277738186,-1.31094944027E-02,
    -0.414166451854));
#701 = CARTESIAN_POINT('',(1.392911324745,-1.368690559782E-02,
    -0.38204280499));
#702 = CARTESIAN_POINT('',(1.407824449837,-1.427604361438E-02,
    -0.349266754226));
#703 = CARTESIAN_POINT('',(1.414741164244,-1.455537981966E-02,
    -0.334057695334));
#704 = CARTESIAN_POINT('',(1.417589788674,-1.467255215645E-02,
    -0.327792601089));
#705 = CARTESIAN_POINT('',(1.419463164573,-1.475019219394E-02,
    -0.323672165102));
#706 = CARTESIAN_POINT('',(1.419606390154,-1.475587630139E-02,
    -0.323357208348));
#707 = CARTESIAN_POINT('',(1.434830697783,-1.539748926486E-02,
    -0.289868112965));
#708 = CARTESIAN_POINT('',(1.446853182974,-1.595841219854E-02,
    -0.263387401276));
#709 = CARTESIAN_POINT('',(1.462621561709,-1.66733045509E-02,
    -0.228529088294));
#710 = CARTESIAN_POINT('',(1.469939413814,-1.700260349349E-02,
    -0.212317732801));
#711 = CARTESIAN_POINT('',(1.477485817726,-1.734965498549E-02,
    -0.195543006529));
#712 = CARTESIAN_POINT('',(1.480507614358,-1.749407844747E-02,
    -0.188814307192));
#713 = CARTESIAN_POINT('',(1.482474950674,-1.758987054751E-02,
    -0.184431118642));
#714 = CARTESIAN_POINT('',(1.482767177993,-1.760352415086E-02,
    -0.183780467149));
#715 = CARTESIAN_POINT('',(1.490788762188,-1.801179968414E-02,
    -0.16588812994));
#716 = CARTESIAN_POINT('',(1.496579671817,-1.834383254551E-02,
    -0.152907022919));
#717 = CARTESIAN_POINT('',(1.504326499667,-1.878945530637E-02,
    -0.135397710951));
#718 = CARTESIAN_POINT('',(1.507965029444,-1.900095776204E-02,
    -0.127134734641));
#719 = CARTESIAN_POINT('',(1.511251233,-1.920039888546E-02,
    -0.119612257005));
#720 = CARTESIAN_POINT('',(1.513363740654,-1.933234757863E-02,
    -0.114762841027));
#721 = CARTESIAN_POINT('',(1.513746048091,-1.935500309897E-02,
    -0.113886945746));
#722 = CARTESIAN_POINT('',(1.528260871379,-2.033278560094E-02,
    -8.036518690503E-02));
#723 = CARTESIAN_POINT('',(1.537798936957,-2.152098320492E-02,
    -5.684902736204E-02));
#724 = CARTESIAN_POINT('',(1.542075782294,-2.199619955358E-02,
    -3.809853520022E-02));
#725 = ORIENTED_EDGE('',*,*,#726,.T.);
#726 = EDGE_CURVE('',#683,#538,#727,.T.);
#727 = B_SPLINE_CURVE_WITH_KNOTS('',3,(#728,#729,#730,#731,#732,#733,
    #734,#735,#736,#737,#738,#739,#740,#741,#742,#743,#744,#745,#746,
    #747,#748,#749,#750,#751,#752,#753,#754,#755,#756,#757,#758,#759,
    #760,#761,#762,#763,#764),.UNSPECIFIED.,.F.,.F.,(4,2,2,2,2,2,1,2,2,2
    ,1,1,2,2,2,2,1,1,2,2,4),(0.,3.125E-02,4.6875E-02,5.46875E-02,
    6.25E-02,9.375000000001E-02,0.109375,0.1171875,0.125,0.1875,0.21875,
    0.234375,0.2421875,0.25,0.375,0.4375,0.46875,0.484375,0.4921875,0.5,
    1.),.UNSPECIFIED.);
#728 = CARTESIAN_POINT('',(1.542075782294,-2.199619955358E-02,
    -3.809853520022E-02));
#729 = CARTESIAN_POINT('',(1.540883441264,-3.062258759054E-02,
    -4.269022394388E-02));
#730 = CARTESIAN_POINT('',(1.536954144017,-3.979788758637E-02,
    -4.774572221966E-02));
#731 = CARTESIAN_POINT('',(1.529800594833,-5.55236767393E-02,
    -5.606021130053E-02));
#732 = CARTESIAN_POINT('',(1.527206144553,-6.109300844961E-02,
    -5.896523464008E-02));
#733 = CARTESIAN_POINT('',(1.522999568305,-6.993967178972E-02,
    -6.359253527166E-02));
#734 = CARTESIAN_POINT('',(1.521544892751,-7.29706869155E-02,
    -6.518065808806E-02));
#735 = CARTESIAN_POINT('',(1.518530574699,-7.919742892241E-02,
    -6.846860148422E-02));
#736 = CARTESIAN_POINT('',(1.51634029237,-8.367560832492E-02,
    -7.086032793341E-02));
#737 = CARTESIAN_POINT('',(1.511432861693,-9.365522983782E-02,
    -7.624451064924E-02));
#738 = CARTESIAN_POINT('',(1.506887613472,-0.102776270885,
    -8.120638893084E-02));
#739 = CARTESIAN_POINT('',(1.499140785622,-0.118162547412,
    -8.957317620313E-02));
#740 = CARTESIAN_POINT('',(1.495035132817,-0.126281911655,
    -9.398966242393E-02));
#741 = CARTESIAN_POINT('',(1.490581121692,-0.1350407981,
    -9.876393331776E-02));
#742 = CARTESIAN_POINT('',(1.487534367982,-0.14102222166,-0.10202850595)
  );
#743 = CARTESIAN_POINT('',(1.485309815805,-0.145380532488,
    -0.104411420168));
#744 = CARTESIAN_POINT('',(1.476864927052,-0.161908019475,
    -0.113459967905));
#745 = CARTESIAN_POINT('',(1.467855516916,-0.179436369965,
    -0.123125960349));
#746 = CARTESIAN_POINT('',(1.452087138181,-0.209981970067,
    -0.139934639349));
#747 = CARTESIAN_POINT('',(1.44363938293,-0.226318130108,-0.148920464608
    ));
#748 = CARTESIAN_POINT('',(1.432797428176,-0.247238215909,
    -0.160437195531));
#749 = CARTESIAN_POINT('',(1.427939538932,-0.256602901893,
    -0.165598771199));
#750 = CARTESIAN_POINT('',(1.424653982279,-0.262934690799,
    -0.169090572038));
#751 = CARTESIAN_POINT('',(1.422209906433,-0.267643047019,
    -0.171689010889));
#752 = CARTESIAN_POINT('',(1.406707155219,-0.29750247408,-0.188175457108
    ));
#753 = CARTESIAN_POINT('',(1.388833392775,-0.331861384029,
    -0.207226914989));
#754 = CARTESIAN_POINT('',(1.357098342448,-0.392779658924,-0.24092982934
    ));
#755 = CARTESIAN_POINT('',(1.345699257896,-0.414649152703,
    -0.253022148242));
#756 = CARTESIAN_POINT('',(1.327369529403,-0.449798754737,
    -0.272459123993));
#757 = CARTESIAN_POINT('',(1.31789688974,-0.467959903955,-0.28250258555)
  );
#758 = CARTESIAN_POINT('',(1.306306869822,-0.490174160194,
    -0.294794861538));
#759 = CARTESIAN_POINT('',(1.301224302647,-0.499914486429,
    -0.300187073497));
#760 = CARTESIAN_POINT('',(1.297810276579,-0.506456913134,
    -0.303809564203));
#761 = CARTESIAN_POINT('',(1.29525569792,-0.511352079745,-0.306520614892
    ));
#762 = CARTESIAN_POINT('',(1.236890941104,-0.623189464806,
    -0.368466855483));
#763 = CARTESIAN_POINT('',(1.152105014909,-0.785498549262,
    -0.458424374585));
#764 = CARTESIAN_POINT('',(1.04,-1.,-0.57735026919));
#765 = B_SPLINE_SURFACE_WITH_KNOTS('',3,3,(
    (#766,#767,#768,#769,#770,#771,#772)
    ,(#773,#774,#775,#776,#777,#778,#779)
    ,(#780,#781,#782,#783,#784,#785,#786)
    ,(#787,#788,#789,#790,#791,#792,#793)
    ,(#794,#795,#796,#797,#798,#799,#800)
    ,(#801,#802,#803,#804,#805,#806,#807
    )),.UNSPECIFIED.,.F.,.F.,.F.,(4,2,4),(4,3,4),(0.,0.5,1.),(0.,1.,1.01
    ),.UNSPECIFIED.);
#766 = CARTESIAN_POINT('',(1.04,-1.,-0.57735026919));
#767 = CARTESIAN_POINT('',(1.206666666667,-0.681100423396,
    -0.393233512793));
#768 = CARTESIAN_POINT('',(1.373333333333,-0.362200846793,
    -0.209116756397));
#769 = CARTESIAN_POINT('',(1.54,-4.330127018922E-02,-2.5E-02));
#770 = CARTESIAN_POINT('',(1.541666666667,-4.011227442319E-02,
    -2.315883243603E-02));
#771 = CARTESIAN_POINT('',(1.543333333333,-3.692327865715E-02,
    -2.131766487207E-02));
#772 = CARTESIAN_POINT('',(1.545,-3.373428289111E-02,-1.94764973081E-02)
  );
#773 = CARTESIAN_POINT('',(1.04,-0.833333333333,-0.673575314055));
#774 = CARTESIAN_POINT('',(1.206666666667,-0.568600423396,
    -0.459789168825));
#775 = CARTESIAN_POINT('',(1.373333333333,-0.303867513459,
    -0.246003023595));
#776 = CARTESIAN_POINT('',(1.54,-3.913460352256E-02,-3.221687836487E-02)
  );
#777 = CARTESIAN_POINT('',(1.541666666667,-3.648727442319E-02,
    -3.007901691257E-02));
#778 = CARTESIAN_POINT('',(1.543333333333,-3.383994532382E-02,
    -2.794115546027E-02));
#779 = CARTESIAN_POINT('',(1.545,-3.119261622445E-02,-2.580329400797E-02
    ));
#780 = CARTESIAN_POINT('',(1.04,-0.666666666667,-0.76980035892));
#781 = CARTESIAN_POINT('',(1.206666666667,-0.455269761992,
    -0.526022532068));
#782 = CARTESIAN_POINT('',(1.373333333333,-0.243872857317,
    -0.282244705216));
#783 = CARTESIAN_POINT('',(1.54,-3.247595264192E-02,-3.846687836487E-02)
  );
#784 = CARTESIAN_POINT('',(1.541666666667,-3.036198359517E-02,
    -3.602910009635E-02));
#785 = CARTESIAN_POINT('',(1.543333333333,-2.824801454842E-02,
    -3.359132182784E-02));
#786 = CARTESIAN_POINT('',(1.545,-2.613404550167E-02,-3.115354355932E-02
    ));
#787 = CARTESIAN_POINT('',(1.04,-0.333333333333,-0.962250448649));
#788 = CARTESIAN_POINT('',(1.206666666667,-0.227913994738,
    -0.657286445494));
#789 = CARTESIAN_POINT('',(1.373333333333,-0.122494656143,
    -0.352322442338));
#790 = CARTESIAN_POINT('',(1.54,-1.707531754731E-02,-4.735843918244E-02)
  );
#791 = CARTESIAN_POINT('',(1.541666666667,-1.602112416135E-02,
    -4.430879915088E-02));
#792 = CARTESIAN_POINT('',(1.543333333333,-1.49669307754E-02,
    -4.125915911932E-02));
#793 = CARTESIAN_POINT('',(1.545,-1.391273738945E-02,-3.820951908777E-02
    ));
#794 = CARTESIAN_POINT('',(1.04,-0.166666666667,-1.058475493514));
#795 = CARTESIAN_POINT('',(1.206666666667,-0.113888888889,
    -0.722316995676));
#796 = CARTESIAN_POINT('',(1.373333333333,-6.111111111111E-02,
    -0.386158497838));
#797 = CARTESIAN_POINT('',(1.54,-8.333333333333E-03,-5.E-02));
#798 = CARTESIAN_POINT('',(1.541666666667,-7.805555555556E-03,
    -4.663841502162E-02));
#799 = CARTESIAN_POINT('',(1.543333333333,-7.277777777778E-03,
    -4.327683004324E-02));
#800 = CARTESIAN_POINT('',(1.545,-6.75E-03,-3.991524506486E-02));
#801 = CARTESIAN_POINT('',(1.04,-1.3E-15,-1.154700538379));
#802 = CARTESIAN_POINT('',(1.206666666667,-9.E-16,-0.786467025586));
#803 = CARTESIAN_POINT('',(1.373333333333,-4.9E-16,-0.418233512793));
#804 = CARTESIAN_POINT('',(1.54,-9.E-17,-5.E-02));
#805 = CARTESIAN_POINT('',(1.541666666667,-8.E-17,-4.631766487207E-02));
#806 = CARTESIAN_POINT('',(1.543333333333,-8.E-17,-4.263532974414E-02));
#807 = CARTESIAN_POINT('',(1.545,-8.E-17,-3.895299461621E-02));
#808 = ADVANCED_FACE('',(#809),#873,.F.);
#809 = FACE_BOUND('',#810,.F.);
#810 = EDGE_LOOP('',(#811,#812,#857,#872));
#811 = ORIENTED_EDGE('',*,*,#568,.T.);
#812 = ORIENTED_EDGE('',*,*,#813,.T.);
#813 = EDGE_CURVE('',#569,#814,#816,.T.);
#814 = VERTEX_POINT('',#815);
#815 = CARTESIAN_POINT('',(1.542075782294,4.399239910715E-02,0.));
#816 = B_SPLINE_CURVE_WITH_KNOTS('',3,(#817,#818,#819,#820,#821,#822,
    #823,#824,#825,#826,#827,#828,#829,#830,#831,#832,#833,#834,#835,
    #836,#837,#838,#839,#840,#841,#842,#843,#844,#845,#846,#847,#848,
    #849,#850,#851,#852,#853,#854,#855,#856),.UNSPECIFIED.,.F.,.F.,(4,2,
    2,1,1,1,2,2,2,2,1,1,2,2,2,1,1,2,2,2,1,2,2,4),(0.,0.25,0.375,0.4375,
    0.46875,0.484375,0.4921875,0.5,0.625,0.6875,0.71875,0.734375,
    0.7421875,0.75,0.8125,0.84375,0.859375,0.8671875,0.875,0.90625,
    0.921875,0.9296875,0.9375,1.),.UNSPECIFIED.);
#817 = CARTESIAN_POINT('',(1.04,1.,-0.57735026919));
#818 = CARTESIAN_POINT('',(1.09470696881,0.895323824855,-0.514180102851)
  );
#819 = CARTESIAN_POINT('',(1.142902467644,0.803126688056,-0.458468975705
    ));
#820 = CARTESIAN_POINT('',(1.205428510928,0.683553260622,-0.386300725451
    ));
#821 = CARTESIAN_POINT('',(1.224642657862,0.646815724042,-0.364139991515
    ));
#822 = CARTESIAN_POINT('',(1.251022077022,0.596389346901,-0.333728650222
    ));
#823 = CARTESIAN_POINT('',(1.263601336292,0.572346130554,-0.319230008152
    ));
#824 = CARTESIAN_POINT('',(1.27720885073,0.546342956673,-0.303544980844)
  );
#825 = CARTESIAN_POINT('',(1.283745535938,0.533853147877,-0.296008751556
    ));
#826 = CARTESIAN_POINT('',(1.286489742739,0.528610035704,-0.292844431958
    ));
#827 = CARTESIAN_POINT('',(1.288306496225,0.525138996717,-0.290749423183
    ));
#828 = CARTESIAN_POINT('',(1.288414912321,0.524931832703,-0.290624458844
    ));
#829 = CARTESIAN_POINT('',(1.317132346229,0.470067367191,-0.257504271499
    ));
#830 = CARTESIAN_POINT('',(1.341089078435,0.424331039572,-0.229837361158
    ));
#831 = CARTESIAN_POINT('',(1.372417015417,0.36457819726,-0.193756278728)
  );
#832 = CARTESIAN_POINT('',(1.382091800857,0.346135766706,-0.18262904058)
  );
#833 = CARTESIAN_POINT('',(1.395452188685,0.320684151574,-0.167277289362
    ));
#834 = CARTESIAN_POINT('',(1.401844435016,0.308511343577,-0.159935869686
    ));
#835 = CARTESIAN_POINT('',(1.408798147465,0.295277237116,-0.151950480052
    ));
#836 = CARTESIAN_POINT('',(1.4116703296,0.289812767693,-0.148651543794)
  );
#837 = CARTESIAN_POINT('',(1.413561122058,0.286215848993,-0.146479571656
    ));
#838 = CARTESIAN_POINT('',(1.413756468392,0.285844112157,-0.146255290644
    ));
#839 = CARTESIAN_POINT('',(1.428691542474,0.257439281039,-0.129094418787
    ));
#840 = CARTESIAN_POINT('',(1.440579578245,0.234872854254,-0.115423365242
    ));
#841 = CARTESIAN_POINT('',(1.456330253447,0.205041479064,
    -9.73910277514E-02));
#842 = CARTESIAN_POINT('',(1.463685246434,0.191130246858,
    -8.89901154531E-02));
#843 = CARTESIAN_POINT('',(1.471355468513,0.176656007857,
    -8.025271964201E-02));
#844 = CARTESIAN_POINT('',(1.474447577316,0.17082863739,
    -7.673243608597E-02));
#845 = CARTESIAN_POINT('',(1.476465621134,0.16702721537,
    -7.443496684156E-02));
#846 = CARTESIAN_POINT('',(1.476795317595,0.166405846046,
    -7.405979386125E-02));
#847 = CARTESIAN_POINT('',(1.484911838997,0.15113167706,
    -6.481747382519E-02));
#848 = CARTESIAN_POINT('',(1.490812147038,0.140069101779,
    -5.81055863408E-02));
#849 = CARTESIAN_POINT('',(1.498773245478,0.12519953889,
    -4.9101160452E-02));
#850 = CARTESIAN_POINT('',(1.502531453793,0.118195752079,
    -4.486320180693E-02));
#851 = CARTESIAN_POINT('',(1.50595615075,0.111835723942,
    -4.101484320304E-02));
#852 = CARTESIAN_POINT('',(1.50816516842,0.107738412965,
    -3.853410838412E-02));
#853 = CARTESIAN_POINT('',(1.508323609977,0.107442689368,
    -3.83564379945E-02));
#854 = CARTESIAN_POINT('',(1.525778260914,7.515337879011E-02,
    -1.87660868231E-02));
#855 = CARTESIAN_POINT('',(1.53654900007,5.611126718879E-02,
    -6.922838682151E-03));
#856 = CARTESIAN_POINT('',(1.542075782294,4.399239910715E-02,3.6E-16));
#857 = ORIENTED_EDGE('',*,*,#858,.T.);
#858 = EDGE_CURVE('',#814,#683,#859,.T.);
#859 = B_SPLINE_CURVE_WITH_KNOTS('',3,(#860,#861,#862,#863,#864,#865,
    #866,#867,#868,#869,#870,#871),.UNSPECIFIED.,.F.,.F.,(4,2,2,2,2,4),(
    0.,0.25,0.5,0.625,0.75,1.),.UNSPECIFIED.);
#860 = CARTESIAN_POINT('',(1.542075782294,4.399239910715E-02,3.6E-16));
#861 = CARTESIAN_POINT('',(1.54,4.835615575886E-02,-8.976710224668E-03)
  );
#862 = CARTESIAN_POINT('',(1.54,4.690056743883E-02,-1.957758866862E-02)
  );
#863 = CARTESIAN_POINT('',(1.54,3.796106873875E-02,-3.329651100158E-02)
  );
#864 = CARTESIAN_POINT('',(1.54,3.270835927561E-02,-3.843113948637E-02)
  );
#865 = CARTESIAN_POINT('',(1.54,2.080927300432E-02,-4.515341841766E-02)
  );
#866 = CARTESIAN_POINT('',(1.54,1.690143467737E-02,-4.686146761553E-02)
  );
#867 = CARTESIAN_POINT('',(1.54,9.202805550426E-03,-4.92121451195E-02));
#868 = CARTESIAN_POINT('',(1.54,6.90671491817E-03,-4.981075346602E-02));
#869 = CARTESIAN_POINT('',(1.54,-8.774186694585E-03,-5.027256692537E-02)
  );
#870 = CARTESIAN_POINT('',(1.54,-1.65509809641E-02,-4.61176698301E-02));
#871 = CARTESIAN_POINT('',(1.542075782294,-2.199619955358E-02,
    -3.809853520022E-02));
#872 = ORIENTED_EDGE('',*,*,#682,.F.);
#873 = B_SPLINE_SURFACE_WITH_KNOTS('',3,3,(
    (#874,#875,#876,#877,#878,#879,#880)
    ,(#881,#882,#883,#884,#885,#886,#887)
    ,(#888,#889,#890,#891,#892,#893,#894)
    ,(#895,#896,#897,#898,#899,#900,#901)
    ,(#902,#903,#904,#905,#906,#907,#908)
    ,(#909,#910,#911,#912,#913,#914,#915)
    ,(#916,#917,#918,#919,#920,#921,#922)
    ,(#923,#924,#925,#926,#927,#928,#929)
    ,(#930,#931,#932,#933,#934,#935,#936)
    ,(#937,#938,#939,#940,#941,#942,#943)
    ,(#944,#945,#946,#947,#948,#949,#950)
    ,(#951,#952,#953,#954,#955,#956,#957
    )),.UNSPECIFIED.,.F.,.F.,.F.,(4,3,2,3,4),(4,3,4),(-0.54428799605,0.,
    0.5,1.,1.54428799605),(0.,1.,1.01),.UNSPECIFIED.);
#874 = CARTESIAN_POINT('',(1.04,-0.54428799605,-1.468945359415));
#875 = CARTESIAN_POINT('',(1.206666666667,-0.371930130634,
    -0.995963572943));
#876 = CARTESIAN_POINT('',(1.373333333333,-0.199572265218,
    -0.522981786472));
#877 = CARTESIAN_POINT('',(1.54,-2.721439980248E-02,-5.E-02));
#878 = CARTESIAN_POINT('',(1.541666666667,-2.549082114833E-02,
    -4.527018213528E-02));
#879 = CARTESIAN_POINT('',(1.543333333333,-2.376724249417E-02,
    -4.054036427057E-02));
#880 = CARTESIAN_POINT('',(1.545,-2.204366384001E-02,-3.581054640585E-02
    ));
#881 = CARTESIAN_POINT('',(1.04,-0.362858664033,-1.364197085737));
#882 = CARTESIAN_POINT('',(1.206666666667,-0.247953420423,
    -0.926131390491));
#883 = CARTESIAN_POINT('',(1.373333333333,-0.133048176812,
    -0.488065695246));
#884 = CARTESIAN_POINT('',(1.54,-1.814293320165E-02,-5.E-02));
#885 = CARTESIAN_POINT('',(1.541666666667,-1.699388076555E-02,
    -4.561934304754E-02));
#886 = CARTESIAN_POINT('',(1.543333333333,-1.584482832945E-02,
    -4.123868609509E-02));
#887 = CARTESIAN_POINT('',(1.545,-1.469577589334E-02,-3.685802914263E-02
    ));
#888 = CARTESIAN_POINT('',(1.04,-0.181429332017,-1.259448812058));
#889 = CARTESIAN_POINT('',(1.206666666667,-0.123976710211,
    -0.856299208039));
#890 = CARTESIAN_POINT('',(1.373333333333,-6.652408840607E-02,
    -0.453149604019));
#891 = CARTESIAN_POINT('',(1.54,-9.071466600827E-03,-5.E-02));
#892 = CARTESIAN_POINT('',(1.541666666667,-8.496940382775E-03,
    -4.596850395981E-02));
#893 = CARTESIAN_POINT('',(1.543333333333,-7.922414164723E-03,
    -4.193700791961E-02));
#894 = CARTESIAN_POINT('',(1.545,-7.34788794667E-03,-3.790551187942E-02)
  );
#895 = CARTESIAN_POINT('',(1.04,-1.26E-15,-1.154700538379));
#896 = CARTESIAN_POINT('',(1.206666666667,-8.4E-16,-0.786467025586));
#897 = CARTESIAN_POINT('',(1.373333333333,-4.2E-16,-0.418233512793));
#898 = CARTESIAN_POINT('',(1.54,0.,-5.E-02));
#899 = CARTESIAN_POINT('',(1.541666666667,0.,-4.631766487207E-02));
#900 = CARTESIAN_POINT('',(1.543333333333,1.E-17,-4.263532974414E-02));
#901 = CARTESIAN_POINT('',(1.545,1.E-17,-3.895299461621E-02));
#902 = CARTESIAN_POINT('',(1.04,0.166666666667,-1.058475493514));
#903 = CARTESIAN_POINT('',(1.206666666667,0.113888888889,-0.722316995676
    ));
#904 = CARTESIAN_POINT('',(1.373333333333,6.111111111111E-02,
    -0.386158497838));
#905 = CARTESIAN_POINT('',(1.54,8.333333333333E-03,-5.E-02));
#906 = CARTESIAN_POINT('',(1.541666666667,7.805555555556E-03,
    -4.663841502162E-02));
#907 = CARTESIAN_POINT('',(1.543333333333,7.277777777778E-03,
    -4.327683004324E-02));
#908 = CARTESIAN_POINT('',(1.545,6.75E-03,-3.991524506486E-02));
#909 = CARTESIAN_POINT('',(1.04,0.333333333333,-0.962250448649));
#910 = CARTESIAN_POINT('',(1.206666666667,0.227913994738,-0.657286445494
    ));
#911 = CARTESIAN_POINT('',(1.373333333333,0.122494656143,-0.352322442338
    ));
#912 = CARTESIAN_POINT('',(1.54,1.707531754731E-02,-4.735843918244E-02)
  );
#913 = CARTESIAN_POINT('',(1.541666666667,1.602112416135E-02,
    -4.430879915088E-02));
#914 = CARTESIAN_POINT('',(1.543333333333,1.49669307754E-02,
    -4.125915911932E-02));
#915 = CARTESIAN_POINT('',(1.545,1.391273738945E-02,-3.820951908777E-02)
  );
#916 = CARTESIAN_POINT('',(1.04,0.666666666667,-0.76980035892));
#917 = CARTESIAN_POINT('',(1.206666666667,0.455269761992,-0.526022532068
    ));
#918 = CARTESIAN_POINT('',(1.373333333333,0.243872857317,-0.282244705216
    ));
#919 = CARTESIAN_POINT('',(1.54,3.247595264192E-02,-3.846687836487E-02)
  );
#920 = CARTESIAN_POINT('',(1.541666666667,3.036198359517E-02,
    -3.602910009635E-02));
#921 = CARTESIAN_POINT('',(1.543333333333,2.824801454842E-02,
    -3.359132182784E-02));
#922 = CARTESIAN_POINT('',(1.545,2.613404550167E-02,-3.115354355932E-02)
  );
#923 = CARTESIAN_POINT('',(1.04,0.833333333333,-0.673575314055));
#924 = CARTESIAN_POINT('',(1.206666666667,0.568600423396,-0.459789168825
    ));
#925 = CARTESIAN_POINT('',(1.373333333333,0.303867513459,-0.246003023595
    ));
#926 = CARTESIAN_POINT('',(1.54,3.913460352256E-02,-3.221687836487E-02)
  );
#927 = CARTESIAN_POINT('',(1.541666666667,3.648727442319E-02,
    -3.007901691257E-02));
#928 = CARTESIAN_POINT('',(1.543333333333,3.383994532382E-02,
    -2.794115546027E-02));
#929 = CARTESIAN_POINT('',(1.545,3.119261622445E-02,-2.580329400797E-02)
  );
#930 = CARTESIAN_POINT('',(1.04,1.,-0.57735026919));
#931 = CARTESIAN_POINT('',(1.206666666667,0.681100423396,-0.393233512793
    ));
#932 = CARTESIAN_POINT('',(1.373333333333,0.362200846793,-0.209116756397
    ));
#933 = CARTESIAN_POINT('',(1.54,4.330127018922E-02,-2.5E-02));
#934 = CARTESIAN_POINT('',(1.541666666667,4.011227442319E-02,
    -2.315883243603E-02));
#935 = CARTESIAN_POINT('',(1.543333333333,3.692327865715E-02,
    -2.131766487207E-02));
#936 = CARTESIAN_POINT('',(1.545,3.373428289111E-02,-1.94764973081E-02)
  );
#937 = CARTESIAN_POINT('',(1.04,1.181429332017,-0.472601995511));
#938 = CARTESIAN_POINT('',(1.206666666667,0.803565222508,-0.320782623499
    ));
#939 = CARTESIAN_POINT('',(1.373333333333,0.425701112999,-0.168963251486
    ));
#940 = CARTESIAN_POINT('',(1.54,4.783700348964E-02,-1.71438794741E-02));
#941 = CARTESIAN_POINT('',(1.541666666667,4.405836239455E-02,
    -1.562568575398E-02));
#942 = CARTESIAN_POINT('',(1.543333333333,4.027972129946E-02,
    -1.410749203386E-02));
#943 = CARTESIAN_POINT('',(1.545,3.650108020437E-02,-1.258929831373E-02)
  );
#944 = CARTESIAN_POINT('',(1.04,1.362858664033,-0.367853721832));
#945 = CARTESIAN_POINT('',(1.206666666667,0.926030021619,-0.248331734204
    ));
#946 = CARTESIAN_POINT('',(1.373333333333,0.489201379204,-0.128809746576
    ));
#947 = CARTESIAN_POINT('',(1.54,5.237273679005E-02,-9.287758948203E-03)
  );
#948 = CARTESIAN_POINT('',(1.541666666667,4.800445036591E-02,
    -8.092539071922E-03));
#949 = CARTESIAN_POINT('',(1.543333333333,4.363616394176E-02,
    -6.897319195642E-03));
#950 = CARTESIAN_POINT('',(1.545,3.926787751762E-02,-5.702099319361E-03)
  );
#951 = CARTESIAN_POINT('',(1.04,1.54428799605,-0.263105448154));
#952 = CARTESIAN_POINT('',(1.206666666667,1.04849482073,-0.17588084491)
  );
#953 = CARTESIAN_POINT('',(1.373333333333,0.55270164541,
    -8.86562416661E-02));
#954 = CARTESIAN_POINT('',(1.54,5.690847009046E-02,-1.431638422304E-03)
  );
#955 = CARTESIAN_POINT('',(1.541666666667,5.195053833727E-02,
    -5.593923898661E-04));
#956 = CARTESIAN_POINT('',(1.543333333333,4.699260658407E-02,
    3.128536425718E-04));
#957 = CARTESIAN_POINT('',(1.545,4.203467483087E-02,1.18509967501E-03));
#958 = ADVANCED_FACE('',(#959),#1005,.F.);
#959 = FACE_BOUND('',#960,.F.);
#960 = EDGE_LOOP('',(#961,#962,#1004));
#961 = ORIENTED_EDGE('',*,*,#592,.T.);
#962 = ORIENTED_EDGE('',*,*,#963,.T.);
#963 = EDGE_CURVE('',#593,#814,#964,.T.);
#964 = B_SPLINE_CURVE_WITH_KNOTS('',3,(#965,#966,#967,#968,#969,#970,
    #971,#972,#973,#974,#975,#976,#977,#978,#979,#980,#981,#982,#983,
    #984,#985,#986,#987,#988,#989,#990,#991,#992,#993,#994,#995,#996,
    #997,#998,#999,#1000,#1001,#1002,#1003),.UNSPECIFIED.,.F.,.F.,(4,2,2
    ,1,1,1,2,2,2,1,1,1,2,2,2,1,1,2,2,2,1,2,2,4),(0.,0.25,0.375,0.4375,
    0.46875,0.484375,0.4921875,0.5,0.625,0.6875,0.71875,0.734375,
    0.7421875,0.75,0.8125,0.84375,0.859375,0.8671875,0.875,0.90625,
    0.921875,0.9296875,0.9375,1.),.UNSPECIFIED.);
#965 = CARTESIAN_POINT('',(1.04,1.,0.57735026919));
#966 = CARTESIAN_POINT('',(1.09606460888,0.894855519157,0.51418625628));
#967 = CARTESIAN_POINT('',(1.145293394869,0.802578719917,0.45867488056)
  );
#968 = CARTESIAN_POINT('',(1.208882839515,0.683282767517,0.386986613055)
  );
#969 = CARTESIAN_POINT('',(1.228370365341,0.646707790341,0.365018242241)
  );
#970 = CARTESIAN_POINT('',(1.255038220495,0.59664224344,0.334951014672)
  );
#971 = CARTESIAN_POINT('',(1.267731289677,0.572809055881,0.320638537958)
  );
#972 = CARTESIAN_POINT('',(1.281418368195,0.547109203412,0.305199210718)
  );
#973 = CARTESIAN_POINT('',(1.287981531906,0.534786723227,0.297793605526)
  );
#974 = CARTESIAN_POINT('',(1.290734235879,0.529618804981,0.29468700694)
  );
#975 = CARTESIAN_POINT('',(1.292556020644,0.526198683567,0.292630873955)
  );
#976 = CARTESIAN_POINT('',(1.292624171953,0.52607069323,0.292554018258)
  );
#977 = CARTESIAN_POINT('',(1.322095484695,0.470746101298,0.259287022274)
  );
#978 = CARTESIAN_POINT('',(1.346542687859,0.424880839021,0.231635000664)
  );
#979 = CARTESIAN_POINT('',(1.378277738185,0.365233415904,0.195730070745)
  );
#980 = CARTESIAN_POINT('',(1.392911324744,0.337702227255,0.179168194549)
  );
#981 = CARTESIAN_POINT('',(1.407824449837,0.309611903665,0.162269960678)
  );
#982 = CARTESIAN_POINT('',(1.414741164244,0.2965801404,0.154423518982));
#983 = CARTESIAN_POINT('',(1.417589788674,0.291212995794,0.151189497639)
  );
#984 = CARTESIAN_POINT('',(1.419463164573,0.287683413573,0.1490620414));
#985 = CARTESIAN_POINT('',(1.419606390154,0.287413495077,0.148899640442)
  );
#986 = CARTESIAN_POINT('',(1.434830697783,0.258731894207,0.131599439625)
  );
#987 = CARTESIAN_POINT('',(1.446853182974,0.236079386641,0.11787331027)
  );
#988 = CARTESIAN_POINT('',(1.462621561709,0.206248648242,
    9.982503884095E-02));
#989 = CARTESIAN_POINT('',(1.469939413814,0.192373852026,
    9.143417984444E-02));
#990 = CARTESIAN_POINT('',(1.477485817726,0.178020038679,
    8.274626130032E-02));
#991 = CARTESIAN_POINT('',(1.480507614358,0.17226502585,
    7.925683724443E-02));
#992 = CARTESIAN_POINT('',(1.482474950674,0.168516969266,
    7.698228457744E-02));
#993 = CARTESIAN_POINT('',(1.482767177993,0.167960315346,
    7.664513446388E-02));
#994 = CARTESIAN_POINT('',(1.490788762188,0.152669234556,
    6.734538887556E-02));
#995 = CARTESIAN_POINT('',(1.496579671817,0.141593282537,
    6.05672864721E-02));
#996 = CARTESIAN_POINT('',(1.504326499667,0.126652584951,
    5.142670985671E-02));
#997 = CARTESIAN_POINT('',(1.507965029444,0.119602388784,
    4.711205520259E-02));
#998 = CARTESIAN_POINT('',(1.511251233,0.113187452613,4.317809530514E-02
    ));
#999 = CARTESIAN_POINT('',(1.513363740654,0.109053709529,
    4.063911639563E-02));
#1000 = CARTESIAN_POINT('',(1.513746048091,0.108306489725,
    4.0181548499E-02));
#1001 = CARTESIAN_POINT('',(1.528260871379,7.976468624012E-02,
    2.257388459244E-02));
#1002 = CARTESIAN_POINT('',(1.537798936957,5.999319347846E-02,
    9.786795511167E-03));
#1003 = CARTESIAN_POINT('',(1.542075782294,4.399239910715E-02,3.6E-16));
#1004 = ORIENTED_EDGE('',*,*,#813,.F.);
#1005 = B_SPLINE_SURFACE_WITH_KNOTS('',3,3,(
    (#1006,#1007,#1008,#1009,#1010,#1011,#1012)
    ,(#1013,#1014,#1015,#1016,#1017,#1018,#1019)
    ,(#1020,#1021,#1022,#1023,#1024,#1025,#1026)
    ,(#1027,#1028,#1029,#1030,#1031,#1032,#1033)
    ,(#1034,#1035,#1036,#1037,#1038,#1039,#1040)
    ,(#1041,#1042,#1043,#1044,#1045,#1046,#1047
  )),.UNSPECIFIED.,.F.,.F.,.F.,(4,2,4),(4,3,4),(0.,0.5,1.),(0.,1.,1.01),
  .UNSPECIFIED.);
#1006 = CARTESIAN_POINT('',(1.04,1.,-0.57735026919));
#1007 = CARTESIAN_POINT('',(1.206666666667,0.681100423396,
    -0.393233512793));
#1008 = CARTESIAN_POINT('',(1.373333333333,0.362200846793,
    -0.209116756397));
#1009 = CARTESIAN_POINT('',(1.54,4.330127018922E-02,-2.5E-02));
#1010 = CARTESIAN_POINT('',(1.541666666667,4.011227442319E-02,
    -2.315883243603E-02));
#1011 = CARTESIAN_POINT('',(1.543333333333,3.692327865715E-02,
    -2.131766487207E-02));
#1012 = CARTESIAN_POINT('',(1.545,3.373428289111E-02,-1.94764973081E-02)
  );
#1013 = CARTESIAN_POINT('',(1.04,1.,-0.38490017946));
#1014 = CARTESIAN_POINT('',(1.206666666667,0.682489312285,
    -0.262527826852));
#1015 = CARTESIAN_POINT('',(1.373333333333,0.364978624571,
    -0.140155474243));
#1016 = CARTESIAN_POINT('',(1.54,4.746793685589E-02,-1.778312163513E-02)
  );
#1017 = CARTESIAN_POINT('',(1.541666666667,4.429282997874E-02,
    -1.655939810905E-02));
#1018 = CARTESIAN_POINT('',(1.543333333333,4.111772310159E-02,
    -1.533567458297E-02));
#1019 = CARTESIAN_POINT('',(1.545,3.794261622445E-02,-1.411195105688E-02
    ));
#1020 = CARTESIAN_POINT('',(1.04,1.,-0.19245008973));
#1021 = CARTESIAN_POINT('',(1.206666666667,0.68318375673,-0.131263913426
    ));
#1022 = CARTESIAN_POINT('',(1.373333333333,0.366367513459,
    -7.007773712167E-02));
#1023 = CARTESIAN_POINT('',(1.54,4.955127018922E-02,-8.891560817565E-03)
  );
#1024 = CARTESIAN_POINT('',(1.541666666667,4.638310775652E-02,
    -8.279699054524E-03));
#1025 = CARTESIAN_POINT('',(1.543333333333,4.321494532382E-02,
    -7.667837291483E-03));
#1026 = CARTESIAN_POINT('',(1.545,4.004678289111E-02,-7.055975528442E-03
    ));
#1027 = CARTESIAN_POINT('',(1.04,1.,0.19245008973));
#1028 = CARTESIAN_POINT('',(1.206666666667,0.68318375673,0.131263913426)
  );
#1029 = CARTESIAN_POINT('',(1.373333333333,0.366367513459,
    7.007773712167E-02));
#1030 = CARTESIAN_POINT('',(1.54,4.955127018922E-02,8.891560817565E-03)
  );
#1031 = CARTESIAN_POINT('',(1.541666666667,4.638310775652E-02,
    8.279699054524E-03));
#1032 = CARTESIAN_POINT('',(1.543333333333,4.321494532382E-02,
    7.667837291483E-03));
#1033 = CARTESIAN_POINT('',(1.545,4.004678289111E-02,7.055975528442E-03)
  );
#1034 = CARTESIAN_POINT('',(1.04,1.,0.38490017946));
#1035 = CARTESIAN_POINT('',(1.206666666667,0.682489312285,0.262527826852
    ));
#1036 = CARTESIAN_POINT('',(1.373333333333,0.364978624571,0.140155474243
    ));
#1037 = CARTESIAN_POINT('',(1.54,4.746793685589E-02,1.778312163513E-02)
  );
#1038 = CARTESIAN_POINT('',(1.541666666667,4.429282997874E-02,
    1.655939810905E-02));
#1039 = CARTESIAN_POINT('',(1.543333333333,4.111772310159E-02,
    1.533567458297E-02));
#1040 = CARTESIAN_POINT('',(1.545,3.794261622445E-02,1.411195105688E-02)
  );
#1041 = CARTESIAN_POINT('',(1.04,1.,0.57735026919));
#1042 = CARTESIAN_POINT('',(1.206666666667,0.681100423396,0.393233512793
    ));
#1043 = CARTESIAN_POINT('',(1.373333333333,0.362200846793,0.209116756397
    ));
#1044 = CARTESIAN_POINT('',(1.54,4.330127018922E-02,2.5E-02));
#1045 = CARTESIAN_POINT('',(1.541666666667,4.011227442319E-02,
    2.315883243603E-02));
#1046 = CARTESIAN_POINT('',(1.543333333333,3.692327865715E-02,
    2.131766487207E-02));
#1047 = CARTESIAN_POINT('',(1.545,3.373428289111E-02,1.94764973081E-02)
  );
#1048 = ADVANCED_FACE('',(#1049),#1112,.F.);
#1049 = FACE_BOUND('',#1050,.F.);
#1050 = EDGE_LOOP('',(#1051,#1052,#1096,#1111));
#1051 = ORIENTED_EDGE('',*,*,#616,.T.);
#1052 = ORIENTED_EDGE('',*,*,#1053,.T.);
#1053 = EDGE_CURVE('',#617,#1054,#1056,.T.);
#1054 = VERTEX_POINT('',#1055);
#1055 = CARTESIAN_POINT('',(1.542075782294,-2.199619955358E-02,
    3.809853520021E-02));
#1056 = B_SPLINE_CURVE_WITH_KNOTS('',3,(#1057,#1058,#1059,#1060,#1061,
    #1062,#1063,#1064,#1065,#1066,#1067,#1068,#1069,#1070,#1071,#1072,
    #1073,#1074,#1075,#1076,#1077,#1078,#1079,#1080,#1081,#1082,#1083,
    #1084,#1085,#1086,#1087,#1088,#1089,#1090,#1091,#1092,#1093,#1094,
    #1095),.UNSPECIFIED.,.F.,.F.,(4,2,2,1,1,1,2,2,2,1,1,1,2,2,2,1,1,2,2,
    2,1,2,2,4),(0.,0.25,0.375,0.4375,0.46875,0.484375,0.4921875,0.5,
    0.625,0.6875,0.71875,0.734375,0.7421875,0.75,0.8125,0.84375,0.859375
    ,0.8671875,0.875,0.90625,0.921875,0.9296875,0.9375,1.),
  .UNSPECIFIED.);
#1057 = CARTESIAN_POINT('',(1.04,9.8E-16,1.154700538379));
#1058 = CARTESIAN_POINT('',(1.094706968811,-2.368881237733E-03,
    1.032463228361));
#1059 = CARTESIAN_POINT('',(1.142902467645,-4.517564220715E-03,
    0.924762602162));
#1060 = CARTESIAN_POINT('',(1.20542851093,-7.230388570047E-03,
    0.78512485126));
#1061 = CARTESIAN_POINT('',(1.224642657864,-8.053378834935E-03,
    0.742228844342));
#1062 = CARTESIAN_POINT('',(1.251022077023,-9.177184387598E-03,
    0.683352650071));
#1063 = CARTESIAN_POINT('',(1.263601336293,-9.711768566617E-03,
    0.655281292892));
#1064 = CARTESIAN_POINT('',(1.27720885073,-1.029381373468E-02,
    0.624919370078));
#1065 = CARTESIAN_POINT('',(1.283745535938,-1.057547534906E-02,
    0.610334763729));
#1066 = CARTESIAN_POINT('',(1.286489742739,-1.069430042001E-02,
    0.604211935594));
#1067 = CARTESIAN_POINT('',(1.288306496225,-1.077311174638E-02,
    0.600158423266));
#1068 = CARTESIAN_POINT('',(1.288414912321,-1.077775203147E-02,
    0.599916531798));
#1069 = CARTESIAN_POINT('',(1.317132346229,-1.202844289429E-02,
    0.535842417227));
#1070 = CARTESIAN_POINT('',(1.341089078435,-1.312052628442E-02,
    0.482400140462));
#1071 = CARTESIAN_POINT('',(1.372417015417,-1.44912391091E-02,
    0.412612119857));
#1072 = CARTESIAN_POINT('',(1.386929193577,-1.511412255845E-02,
    0.380309271195));
#1073 = CARTESIAN_POINT('',(1.401844435016,-1.574714566382E-02,
    0.347146595736));
#1074 = CARTESIAN_POINT('',(1.408798147465,-1.604564271604E-02,
    0.331692828528));
#1075 = CARTESIAN_POINT('',(1.4116703296,-1.617037060909E-02,
    0.32531099106));
#1076 = CARTESIAN_POINT('',(1.413561122058,-1.625289430686E-02,
    0.321109982022));
#1077 = CARTESIAN_POINT('',(1.413756468392,-1.626125894344E-02,
    0.320675907972));
#1078 = CARTESIAN_POINT('',(1.428691542474,-1.692059436276E-02,
    0.287496166705));
#1079 = CARTESIAN_POINT('',(1.440579578245,-1.747686063702E-02,
    0.261117541065));
#1080 = CARTESIAN_POINT('',(1.456330253447,-1.817763539838E-02,
    0.226266643574));
#1081 = CARTESIAN_POINT('',(1.463685246434,-1.849742276068E-02,
    0.210018706937));
#1082 = CARTESIAN_POINT('',(1.471355468513,-1.882710999547E-02,
    0.193114950356));
#1083 = CARTESIAN_POINT('',(1.474447577316,-1.896207975023E-02,
    0.186308157717));
#1084 = CARTESIAN_POINT('',(1.476465621134,-1.905103547011E-02,
    0.181867295054));
#1085 = CARTESIAN_POINT('',(1.476795317595,-1.906526014022E-02,
    0.181141586945));
#1086 = CARTESIAN_POINT('',(1.484911838997,-1.943225958821E-02,
    0.163292608563));
#1087 = CARTESIAN_POINT('',(1.490812147038,-1.97136370168E-02,
    0.150356193596));
#1088 = CARTESIAN_POINT('',(1.498773245478,-2.007691713805E-02,
    0.132976561446));
#1089 = CARTESIAN_POINT('',(1.502531453793,-2.024520357954E-02,
    0.124792124823));
#1090 = CARTESIAN_POINT('',(1.50595615075,-2.039796582506E-02,
    0.117359999586));
#1091 = CARTESIAN_POINT('',(1.50816516842,-2.049768970975E-02,
    0.112571256783));
#1092 = CARTESIAN_POINT('',(1.508323609977,-2.050369498189E-02,
    0.112226317441));
#1093 = CARTESIAN_POINT('',(1.525778260914,-2.132478147662E-02,
    7.446777862402E-02));
#1094 = CARTESIAN_POINT('',(1.53654900007,-2.206027942935E-02,
    5.205520216511E-02));
#1095 = CARTESIAN_POINT('',(1.542075782294,-2.199619955358E-02,
    3.809853520021E-02));
#1096 = ORIENTED_EDGE('',*,*,#1097,.T.);
#1097 = EDGE_CURVE('',#1054,#814,#1098,.T.);
#1098 = B_SPLINE_CURVE_WITH_KNOTS('',3,(#1099,#1100,#1101,#1102,#1103,
    #1104,#1105,#1106,#1107,#1108,#1109,#1110),.UNSPECIFIED.,.F.,.F.,(4,
    2,2,2,2,4),(0.,0.25,0.5,0.625,0.75,1.),.UNSPECIFIED.);
#1099 = CARTESIAN_POINT('',(1.542075782294,-2.199619955358E-02,
    3.809853520021E-02));
#1100 = CARTESIAN_POINT('',(1.54,-1.640401878246E-02,4.636601442886E-02)
  );
#1101 = CARTESIAN_POINT('',(1.54,-6.495594587546E-03,5.040587718824E-02)
  );
#1102 = CARTESIAN_POINT('',(1.54,9.855090015384E-03,4.952350538336E-02)
  );
#1103 = CARTESIAN_POINT('',(1.54,1.692816345377E-02,4.754183979198E-02)
  );
#1104 = CARTESIAN_POINT('',(1.54,2.869937091524E-02,4.059806826486E-02)
  );
#1105 = CARTESIAN_POINT('',(1.54,3.213250407499E-02,3.806780559877E-02)
  );
#1106 = CARTESIAN_POINT('',(1.54,3.8017565073E-02,3.257593595251E-02));
#1107 = CARTESIAN_POINT('',(1.54,3.968402042413E-02,3.088676730884E-02)
  );
#1108 = CARTESIAN_POINT('',(1.54,4.792441341811E-02,1.753761488763E-02)
  );
#1109 = CARTESIAN_POINT('',(1.54,4.821456411826E-02,8.725264942591E-03)
  );
#1110 = CARTESIAN_POINT('',(1.542075782294,4.399239910715E-02,3.6E-16));
#1111 = ORIENTED_EDGE('',*,*,#963,.F.);
#1112 = B_SPLINE_SURFACE_WITH_KNOTS('',3,3,(
    (#1113,#1114,#1115,#1116,#1117,#1118,#1119)
    ,(#1120,#1121,#1122,#1123,#1124,#1125,#1126)
    ,(#1127,#1128,#1129,#1130,#1131,#1132,#1133)
    ,(#1134,#1135,#1136,#1137,#1138,#1139,#1140)
    ,(#1141,#1142,#1143,#1144,#1145,#1146,#1147)
    ,(#1148,#1149,#1150,#1151,#1152,#1153,#1154)
    ,(#1155,#1156,#1157,#1158,#1159,#1160,#1161)
    ,(#1162,#1163,#1164,#1165,#1166,#1167,#1168)
    ,(#1169,#1170,#1171,#1172,#1173,#1174,#1175)
    ,(#1176,#1177,#1178,#1179,#1180,#1181,#1182)
    ,(#1183,#1184,#1185,#1186,#1187,#1188,#1189)
    ,(#1190,#1191,#1192,#1193,#1194,#1195,#1196
  )),.UNSPECIFIED.,.F.,.F.,.F.,(4,3,2,3,4),(4,3,4),(-0.54428799605,0.,
    0.5,1.,1.54428799605),(0.,1.,1.01),.UNSPECIFIED.);
#1113 = CARTESIAN_POINT('',(1.04,1.54428799605,0.263105448154));
#1114 = CARTESIAN_POINT('',(1.206666666667,1.04849482073,0.17588084491)
  );
#1115 = CARTESIAN_POINT('',(1.373333333333,0.55270164541,
    8.86562416661E-02));
#1116 = CARTESIAN_POINT('',(1.54,5.690847009046E-02,1.431638422304E-03)
  );
#1117 = CARTESIAN_POINT('',(1.541666666667,5.195053833727E-02,
    5.593923898662E-04));
#1118 = CARTESIAN_POINT('',(1.543333333333,4.699260658407E-02,
    -3.128536425717E-04));
#1119 = CARTESIAN_POINT('',(1.545,4.203467483087E-02,-1.18509967501E-03)
  );
#1120 = CARTESIAN_POINT('',(1.04,1.362858664033,0.367853721832));
#1121 = CARTESIAN_POINT('',(1.206666666667,0.926030021619,0.248331734204
    ));
#1122 = CARTESIAN_POINT('',(1.373333333333,0.489201379204,0.128809746576
    ));
#1123 = CARTESIAN_POINT('',(1.54,5.237273679005E-02,9.287758948203E-03)
  );
#1124 = CARTESIAN_POINT('',(1.541666666667,4.800445036591E-02,
    8.092539071922E-03));
#1125 = CARTESIAN_POINT('',(1.543333333333,4.363616394176E-02,
    6.897319195642E-03));
#1126 = CARTESIAN_POINT('',(1.545,3.926787751762E-02,5.702099319361E-03)
  );
#1127 = CARTESIAN_POINT('',(1.04,1.181429332017,0.472601995511));
#1128 = CARTESIAN_POINT('',(1.206666666667,0.803565222508,0.320782623499
    ));
#1129 = CARTESIAN_POINT('',(1.373333333333,0.425701112999,0.168963251486
    ));
#1130 = CARTESIAN_POINT('',(1.54,4.783700348964E-02,1.71438794741E-02));
#1131 = CARTESIAN_POINT('',(1.541666666667,4.405836239455E-02,
    1.562568575398E-02));
#1132 = CARTESIAN_POINT('',(1.543333333333,4.027972129946E-02,
    1.410749203386E-02));
#1133 = CARTESIAN_POINT('',(1.545,3.650108020437E-02,1.258929831373E-02)
  );
#1134 = CARTESIAN_POINT('',(1.04,1.,0.57735026919));
#1135 = CARTESIAN_POINT('',(1.206666666667,0.681100423396,0.393233512793
    ));
#1136 = CARTESIAN_POINT('',(1.373333333333,0.362200846793,0.209116756397
    ));
#1137 = CARTESIAN_POINT('',(1.54,4.330127018922E-02,2.5E-02));
#1138 = CARTESIAN_POINT('',(1.541666666667,4.011227442319E-02,
    2.315883243603E-02));
#1139 = CARTESIAN_POINT('',(1.543333333333,3.692327865715E-02,
    2.131766487207E-02));
#1140 = CARTESIAN_POINT('',(1.545,3.373428289111E-02,1.94764973081E-02)
  );
#1141 = CARTESIAN_POINT('',(1.04,0.833333333333,0.673575314055));
#1142 = CARTESIAN_POINT('',(1.206666666667,0.568600423396,0.459789168825
    ));
#1143 = CARTESIAN_POINT('',(1.373333333333,0.303867513459,0.246003023595
    ));
#1144 = CARTESIAN_POINT('',(1.54,3.913460352256E-02,3.221687836487E-02)
  );
#1145 = CARTESIAN_POINT('',(1.541666666667,3.648727442319E-02,
    3.007901691257E-02));
#1146 = CARTESIAN_POINT('',(1.543333333333,3.383994532382E-02,
    2.794115546027E-02));
#1147 = CARTESIAN_POINT('',(1.545,3.119261622445E-02,2.580329400797E-02)
  );
#1148 = CARTESIAN_POINT('',(1.04,0.666666666667,0.76980035892));
#1149 = CARTESIAN_POINT('',(1.206666666667,0.455269761992,0.526022532068
    ));
#1150 = CARTESIAN_POINT('',(1.373333333333,0.243872857317,0.282244705216
    ));
#1151 = CARTESIAN_POINT('',(1.54,3.247595264192E-02,3.846687836487E-02)
  );
#1152 = CARTESIAN_POINT('',(1.541666666667,3.036198359517E-02,
    3.602910009635E-02));
#1153 = CARTESIAN_POINT('',(1.543333333333,2.824801454842E-02,
    3.359132182784E-02));
#1154 = CARTESIAN_POINT('',(1.545,2.613404550167E-02,3.115354355932E-02)
  );
#1155 = CARTESIAN_POINT('',(1.04,0.333333333333,0.962250448649));
#1156 = CARTESIAN_POINT('',(1.206666666667,0.227913994738,0.657286445494
    ));
#1157 = CARTESIAN_POINT('',(1.373333333333,0.122494656143,0.352322442338
    ));
#1158 = CARTESIAN_POINT('',(1.54,1.707531754731E-02,4.735843918244E-02)
  );
#1159 = CARTESIAN_POINT('',(1.541666666667,1.602112416135E-02,
    4.430879915088E-02));
#1160 = CARTESIAN_POINT('',(1.543333333333,1.49669307754E-02,
    4.125915911932E-02));
#1161 = CARTESIAN_POINT('',(1.545,1.391273738945E-02,3.820951908777E-02)
  );
#1162 = CARTESIAN_POINT('',(1.04,0.166666666667,1.058475493514));
#1163 = CARTESIAN_POINT('',(1.206666666667,0.113888888889,0.722316995676
    ));
#1164 = CARTESIAN_POINT('',(1.373333333333,6.111111111111E-02,
    0.386158497838));
#1165 = CARTESIAN_POINT('',(1.54,8.333333333333E-03,5.E-02));
#1166 = CARTESIAN_POINT('',(1.541666666667,7.805555555556E-03,
    4.663841502162E-02));
#1167 = CARTESIAN_POINT('',(1.543333333333,7.277777777778E-03,
    4.327683004324E-02));
#1168 = CARTESIAN_POINT('',(1.545,6.75E-03,3.991524506486E-02));
#1169 = CARTESIAN_POINT('',(1.04,8.7E-16,1.154700538379));
#1170 = CARTESIAN_POINT('',(1.206666666667,5.9E-16,0.786467025586));
#1171 = CARTESIAN_POINT('',(1.373333333333,3.1E-16,0.418233512793));
#1172 = CARTESIAN_POINT('',(1.54,3.E-17,5.E-02));
#1173 = CARTESIAN_POINT('',(1.541666666667,3.E-17,4.631766487207E-02));
#1174 = CARTESIAN_POINT('',(1.543333333333,2.E-17,4.263532974414E-02));
#1175 = CARTESIAN_POINT('',(1.545,2.E-17,3.895299461621E-02));
#1176 = CARTESIAN_POINT('',(1.04,-0.181429332017,1.259448812058));
#1177 = CARTESIAN_POINT('',(1.206666666667,-0.123976710211,
    0.856299208039));
#1178 = CARTESIAN_POINT('',(1.373333333333,-6.652408840607E-02,
    0.453149604019));
#1179 = CARTESIAN_POINT('',(1.54,-9.071466600827E-03,5.E-02));
#1180 = CARTESIAN_POINT('',(1.541666666667,-8.496940382775E-03,
    4.596850395981E-02));
#1181 = CARTESIAN_POINT('',(1.543333333333,-7.922414164723E-03,
    4.193700791961E-02));
#1182 = CARTESIAN_POINT('',(1.545,-7.34788794667E-03,3.790551187942E-02)
  );
#1183 = CARTESIAN_POINT('',(1.04,-0.362858664033,1.364197085737));
#1184 = CARTESIAN_POINT('',(1.206666666667,-0.247953420423,
    0.926131390491));
#1185 = CARTESIAN_POINT('',(1.373333333333,-0.133048176812,
    0.488065695246));
#1186 = CARTESIAN_POINT('',(1.54,-1.814293320165E-02,5.E-02));
#1187 = CARTESIAN_POINT('',(1.541666666667,-1.699388076555E-02,
    4.561934304754E-02));
#1188 = CARTESIAN_POINT('',(1.543333333333,-1.584482832945E-02,
    4.123868609509E-02));
#1189 = CARTESIAN_POINT('',(1.545,-1.469577589334E-02,3.685802914263E-02
    ));
#1190 = CARTESIAN_POINT('',(1.04,-0.54428799605,1.468945359415));
#1191 = CARTESIAN_POINT('',(1.206666666667,-0.371930130634,
    0.995963572943));
#1192 = CARTESIAN_POINT('',(1.373333333333,-0.199572265218,
    0.522981786472));
#1193 = CARTESIAN_POINT('',(1.54,-2.721439980248E-02,5.E-02));
#1194 = CARTESIAN_POINT('',(1.541666666667,-2.549082114833E-02,
    4.527018213528E-02));
#1195 = CARTESIAN_POINT('',(1.543333333333,-2.376724249417E-02,
    4.054036427057E-02));
#1196 = CARTESIAN_POINT('',(1.545,-2.204366384001E-02,3.581054640585E-02
    ));
#1197 = ADVANCED_FACE('',(#1198),#1245,.F.);
#1198 = FACE_BOUND('',#1199,.F.);
#1199 = EDGE_LOOP('',(#1200,#1201,#1244));
#1200 = ORIENTED_EDGE('',*,*,#640,.T.);
#1201 = ORIENTED_EDGE('',*,*,#1202,.T.);
#1202 = EDGE_CURVE('',#641,#1054,#1203,.T.);
#1203 = B_SPLINE_CURVE_WITH_KNOTS('',3,(#1204,#1205,#1206,#1207,#1208,
    #1209,#1210,#1211,#1212,#1213,#1214,#1215,#1216,#1217,#1218,#1219,
    #1220,#1221,#1222,#1223,#1224,#1225,#1226,#1227,#1228,#1229,#1230,
    #1231,#1232,#1233,#1234,#1235,#1236,#1237,#1238,#1239,#1240,#1241,
    #1242,#1243),.UNSPECIFIED.,.F.,.F.,(4,2,2,1,1,1,2,2,2,2,1,1,2,2,2,1,
    1,2,2,2,1,2,2,4),(0.,0.25,0.375,0.4375,0.46875,0.484375,0.4921875,
    0.5,0.625,0.6875,0.71875,0.734375,0.7421875,0.75,0.8125,0.84375,
    0.859375,0.8671875,0.875,0.90625,0.921875,0.9296875,0.9375,1.),
  .UNSPECIFIED.);
#1204 = CARTESIAN_POINT('',(1.04,-1.,0.57735026919));
#1205 = CARTESIAN_POINT('',(1.096064608881,-0.892726119792,
    0.517874484166));
#1206 = CARTESIAN_POINT('',(1.14529339487,-0.798513458598,0.465716119703
    ));
#1207 = CARTESIAN_POINT('',(1.208882839516,-0.676781621586,
    0.398246928109));
#1208 = CARTESIAN_POINT('',(1.228370365342,-0.639468965794,
    0.377556254138));
#1209 = CARTESIAN_POINT('',(1.255038220496,-0.588397209448,
    0.349231832452));
#1210 = CARTESIAN_POINT('',(1.267731289677,-0.564085647243,
    0.335747924931));
#1211 = CARTESIAN_POINT('',(1.281418368195,-0.537864871402,0.32121086344
    ));
#1212 = CARTESIAN_POINT('',(1.287981531906,-0.525290189083,
    0.314242085158));
#1213 = CARTESIAN_POINT('',(1.290734235879,-0.520015836665,
    0.311319835965));
#1214 = CARTESIAN_POINT('',(1.292556020644,-0.51652511256,0.309385990429
    ));
#1215 = CARTESIAN_POINT('',(1.292624171953,-0.516394558406,
    0.309313575394));
#1216 = CARTESIAN_POINT('',(1.322095484695,-0.459922198809,
    0.278034571319));
#1217 = CARTESIAN_POINT('',(1.346542687859,-0.41304221449,0.252140099841
    ));
#1218 = CARTESIAN_POINT('',(1.378277738186,-0.352123921501,
    0.218436381111));
#1219 = CARTESIAN_POINT('',(1.388033462558,-0.333384854938,
    0.208061867332));
#1220 = CARTESIAN_POINT('',(1.401433110512,-0.307627053389,
    0.193801372518));
#1221 = CARTESIAN_POINT('',(1.407824449837,-0.29533586005,0.186996793549
    ));
#1222 = CARTESIAN_POINT('',(1.414741164244,-0.28202476058,0.179634176353
    ));
#1223 = CARTESIAN_POINT('',(1.417589788674,-0.276540443637,0.17660310345
    ));
#1224 = CARTESIAN_POINT('',(1.419463164573,-0.272933221379,
    0.174610123702));
#1225 = CARTESIAN_POINT('',(1.419606390154,-0.272657618775,
    0.174457567906));
#1226 = CARTESIAN_POINT('',(1.434830697783,-0.243334404942,0.15826867334
    ));
#1227 = CARTESIAN_POINT('',(1.446853182974,-0.220120974443,
    0.145514091006));
#1228 = CARTESIAN_POINT('',(1.462621561709,-0.189575343691,
    0.128704049453));
#1229 = CARTESIAN_POINT('',(1.469939413814,-0.175371248532,
    0.120883552956));
#1230 = CARTESIAN_POINT('',(1.477485817726,-0.160670383694,
    0.112796745229));
#1231 = CARTESIAN_POINT('',(1.480507614358,-0.154770947402,
    0.109557469947));
#1232 = CARTESIAN_POINT('',(1.482474950674,-0.150927098718,
    0.107448834064));
#1233 = CARTESIAN_POINT('',(1.482767177993,-0.150356791195,
    0.107135332685));
#1234 = CARTESIAN_POINT('',(1.490788762188,-0.134657434872,
    9.85427410643E-02));
#1235 = CARTESIAN_POINT('',(1.496579671817,-0.123249449992,
    9.233973644653E-02));
#1236 = CARTESIAN_POINT('',(1.504326499667,-0.107863129644,
    8.397100109397E-02));
#1237 = CARTESIAN_POINT('',(1.507965029444,-0.100601431022,
    8.002267943898E-02));
#1238 = CARTESIAN_POINT('',(1.511251233,-9.398705372808E-02,
    7.643416170039E-02));
#1239 = CARTESIAN_POINT('',(1.513363740654,-8.972136195061E-02,
    7.412372463143E-02));
#1240 = CARTESIAN_POINT('',(1.513746048091,-8.895148662603E-02,
    7.370539724707E-02));
#1241 = CARTESIAN_POINT('',(1.528260871379,-5.943190063923E-02,
    5.779130231261E-02));
#1242 = CARTESIAN_POINT('',(1.537798936957,-3.847221027357E-02,
    4.706223185093E-02));
#1243 = CARTESIAN_POINT('',(1.542075782294,-2.199619955358E-02,
    3.809853520021E-02));
#1244 = ORIENTED_EDGE('',*,*,#1053,.F.);
#1245 = B_SPLINE_SURFACE_WITH_KNOTS('',3,3,(
    (#1246,#1247,#1248,#1249,#1250,#1251,#1252)
    ,(#1253,#1254,#1255,#1256,#1257,#1258,#1259)
    ,(#1260,#1261,#1262,#1263,#1264,#1265,#1266)
    ,(#1267,#1268,#1269,#1270,#1271,#1272,#1273)
    ,(#1274,#1275,#1276,#1277,#1278,#1279,#1280)
    ,(#1281,#1282,#1283,#1284,#1285,#1286,#1287
  )),.UNSPECIFIED.,.F.,.F.,.F.,(4,2,4),(4,3,4),(0.,0.5,1.),(0.,1.,1.01),
  .UNSPECIFIED.);
#1246 = CARTESIAN_POINT('',(1.04,8.9E-16,1.154700538379));
#1247 = CARTESIAN_POINT('',(1.206666666667,6.E-16,0.786467025586));
#1248 = CARTESIAN_POINT('',(1.373333333333,3.2E-16,0.418233512793));
#1249 = CARTESIAN_POINT('',(1.54,3.E-17,5.E-02));
#1250 = CARTESIAN_POINT('',(1.541666666667,3.E-17,4.631766487207E-02));
#1251 = CARTESIAN_POINT('',(1.543333333333,2.E-17,4.263532974414E-02));
#1252 = CARTESIAN_POINT('',(1.545,2.E-17,3.895299461621E-02));
#1253 = CARTESIAN_POINT('',(1.04,-0.166666666667,1.058475493514));
#1254 = CARTESIAN_POINT('',(1.206666666667,-0.113888888889,
    0.722316995676));
#1255 = CARTESIAN_POINT('',(1.373333333333,-6.111111111111E-02,
    0.386158497838));
#1256 = CARTESIAN_POINT('',(1.54,-8.333333333333E-03,5.E-02));
#1257 = CARTESIAN_POINT('',(1.541666666667,-7.805555555556E-03,
    4.663841502162E-02));
#1258 = CARTESIAN_POINT('',(1.543333333333,-7.277777777778E-03,
    4.327683004324E-02));
#1259 = CARTESIAN_POINT('',(1.545,-6.75E-03,3.991524506486E-02));
#1260 = CARTESIAN_POINT('',(1.04,-0.333333333333,0.962250448649));
#1261 = CARTESIAN_POINT('',(1.206666666667,-0.227913994738,
    0.657286445494));
#1262 = CARTESIAN_POINT('',(1.373333333333,-0.122494656143,
    0.352322442338));
#1263 = CARTESIAN_POINT('',(1.54,-1.707531754731E-02,4.735843918244E-02)
  );
#1264 = CARTESIAN_POINT('',(1.541666666667,-1.602112416135E-02,
    4.430879915088E-02));
#1265 = CARTESIAN_POINT('',(1.543333333333,-1.49669307754E-02,
    4.125915911932E-02));
#1266 = CARTESIAN_POINT('',(1.545,-1.391273738945E-02,3.820951908777E-02
    ));
#1267 = CARTESIAN_POINT('',(1.04,-0.666666666667,0.76980035892));
#1268 = CARTESIAN_POINT('',(1.206666666667,-0.455269761992,
    0.526022532068));
#1269 = CARTESIAN_POINT('',(1.373333333333,-0.243872857317,
    0.282244705216));
#1270 = CARTESIAN_POINT('',(1.54,-3.247595264192E-02,3.846687836487E-02)
  );
#1271 = CARTESIAN_POINT('',(1.541666666667,-3.036198359517E-02,
    3.602910009635E-02));
#1272 = CARTESIAN_POINT('',(1.543333333333,-2.824801454842E-02,
    3.359132182784E-02));
#1273 = CARTESIAN_POINT('',(1.545,-2.613404550167E-02,3.115354355932E-02
    ));
#1274 = CARTESIAN_POINT('',(1.04,-0.833333333333,0.673575314055));
#1275 = CARTESIAN_POINT('',(1.206666666667,-0.568600423396,
    0.459789168825));
#1276 = CARTESIAN_POINT('',(1.373333333333,-0.303867513459,
    0.246003023595));
#1277 = CARTESIAN_POINT('',(1.54,-3.913460352256E-02,3.221687836487E-02)
  );
#1278 = CARTESIAN_POINT('',(1.541666666667,-3.648727442319E-02,
    3.007901691257E-02));
#1279 = CARTESIAN_POINT('',(1.543333333333,-3.383994532382E-02,
    2.794115546027E-02));
#1280 = CARTESIAN_POINT('',(1.545,-3.119261622445E-02,2.580329400797E-02
    ));
#1281 = CARTESIAN_POINT('',(1.04,-1.,0.57735026919));
#1282 = CARTESIAN_POINT('',(1.206666666667,-0.681100423396,
    0.393233512793));
#1283 = CARTESIAN_POINT('',(1.373333333333,-0.362200846793,
    0.209116756397));
#1284 = CARTESIAN_POINT('',(1.54,-4.330127018922E-02,2.5E-02));
#1285 = CARTESIAN_POINT('',(1.541666666667,-4.011227442319E-02,
    2.315883243603E-02));
#1286 = CARTESIAN_POINT('',(1.543333333333,-3.692327865715E-02,
    2.131766487207E-02));
#1287 = CARTESIAN_POINT('',(1.545,-3.373428289111E-02,1.94764973081E-02)
  );
#1288 = ADVANCED_FACE('',(#1289),#1309,.F.);
#1289 = FACE_BOUND('',#1290,.F.);
#1290 = EDGE_LOOP('',(#1291,#1292,#1293,#1308));
#1291 = ORIENTED_EDGE('',*,*,#664,.T.);
#1292 = ORIENTED_EDGE('',*,*,#726,.F.);
#1293 = ORIENTED_EDGE('',*,*,#1294,.T.);
#1294 = EDGE_CURVE('',#683,#1054,#1295,.T.);
#1295 = B_SPLINE_CURVE_WITH_KNOTS('',3,(#1296,#1297,#1298,#1299,#1300,
    #1301,#1302,#1303,#1304,#1305,#1306,#1307),.UNSPECIFIED.,.F.,.F.,(4,
    2,2,2,2,4),(0.,0.25,0.5,0.625,0.75,1.),.UNSPECIFIED.);
#1296 = CARTESIAN_POINT('',(1.542075782294,-2.199619955358E-02,
    -3.809853520022E-02));
#1297 = CARTESIAN_POINT('',(1.54,-3.19521369764E-02,-3.73893042042E-02)
  );
#1298 = CARTESIAN_POINT('',(1.54,-4.040497285128E-02,-3.082828851962E-02
    ));
#1299 = CARTESIAN_POINT('',(1.54,-4.781615875413E-02,-1.622699438177E-02
    ));
#1300 = CARTESIAN_POINT('',(1.54,-4.963652272939E-02,-9.110700305604E-03
    ));
#1301 = CARTESIAN_POINT('',(1.54,-4.950864391956E-02,4.555350152801E-03)
  );
#1302 = CARTESIAN_POINT('',(1.54,-4.903393875236E-02,8.79366201676E-03)
  );
#1303 = CARTESIAN_POINT('',(1.54,-4.722037062343E-02,1.663620916699E-02)
  );
#1304 = CARTESIAN_POINT('',(1.54,-4.65907353423E-02,1.892398615718E-02)
  );
#1305 = CARTESIAN_POINT('',(1.54,-3.915022672353E-02,3.273495203774E-02)
  );
#1306 = CARTESIAN_POINT('',(1.54,-3.166358315416E-02,3.739240488751E-02)
  );
#1307 = CARTESIAN_POINT('',(1.542075782294,-2.199619955358E-02,
    3.809853520021E-02));
#1308 = ORIENTED_EDGE('',*,*,#1202,.F.);
#1309 = B_SPLINE_SURFACE_WITH_KNOTS('',3,3,(
    (#1310,#1311,#1312,#1313,#1314,#1315,#1316)
    ,(#1317,#1318,#1319,#1320,#1321,#1322,#1323)
    ,(#1324,#1325,#1326,#1327,#1328,#1329,#1330)
    ,(#1331,#1332,#1333,#1334,#1335,#1336,#1337)
    ,(#1338,#1339,#1340,#1341,#1342,#1343,#1344)
    ,(#1345,#1346,#1347,#1348,#1349,#1350,#1351)
    ,(#1352,#1353,#1354,#1355,#1356,#1357,#1358)
    ,(#1359,#1360,#1361,#1362,#1363,#1364,#1365)
    ,(#1366,#1367,#1368,#1369,#1370,#1371,#1372)
    ,(#1373,#1374,#1375,#1376,#1377,#1378,#1379)
    ,(#1380,#1381,#1382,#1383,#1384,#1385,#1386)
    ,(#1387,#1388,#1389,#1390,#1391,#1392,#1393
  )),.UNSPECIFIED.,.F.,.F.,.F.,(4,3,2,3,4),(4,3,4),(-0.54428799605,0.,
    0.5,1.,1.54428799605),(0.,1.,1.01),.UNSPECIFIED.);
#1310 = CARTESIAN_POINT('',(1.04,-1.,1.205839911262));
#1311 = CARTESIAN_POINT('',(1.206666666667,-0.676564690096,
    0.820082728034));
#1312 = CARTESIAN_POINT('',(1.373333333333,-0.353129380192,
    0.434325544806));
#1313 = CARTESIAN_POINT('',(1.54,-2.969407028798E-02,4.85683615777E-02)
  );
#1314 = CARTESIAN_POINT('',(1.541666666667,-2.645971718894E-02,
    4.471078974542E-02));
#1315 = CARTESIAN_POINT('',(1.543333333333,-2.32253640899E-02,
    4.085321791314E-02));
#1316 = CARTESIAN_POINT('',(1.545,-1.999101099086E-02,3.699564608086E-02
    ));
#1317 = CARTESIAN_POINT('',(1.04,-1.,0.996343363904));
#1318 = CARTESIAN_POINT('',(1.206666666667,-0.678076601196,
    0.677799656287));
#1319 = CARTESIAN_POINT('',(1.373333333333,-0.356153202392,
    0.359255948669));
#1320 = CARTESIAN_POINT('',(1.54,-3.422980358839E-02,4.07122410518E-02)
  );
#1321 = CARTESIAN_POINT('',(1.541666666667,-3.101056960036E-02,
    3.752680397562E-02));
#1322 = CARTESIAN_POINT('',(1.543333333333,-2.779133561232E-02,
    3.434136689945E-02));
#1323 = CARTESIAN_POINT('',(1.545,-2.457210162428E-02,3.115592982327E-02
    ));
#1324 = CARTESIAN_POINT('',(1.04,-1.,0.786846816547));
#1325 = CARTESIAN_POINT('',(1.206666666667,-0.679588512296,0.53551658454
    ));
#1326 = CARTESIAN_POINT('',(1.373333333333,-0.359177024593,
    0.284186352533));
#1327 = CARTESIAN_POINT('',(1.54,-3.876553688881E-02,3.28561205259E-02)
  );
#1328 = CARTESIAN_POINT('',(1.541666666667,-3.556142201177E-02,
    3.034281820583E-02));
#1329 = CARTESIAN_POINT('',(1.543333333333,-3.235730713473E-02,
    2.782951588576E-02));
#1330 = CARTESIAN_POINT('',(1.545,-2.91531922577E-02,2.531621356569E-02)
  );
#1331 = CARTESIAN_POINT('',(1.04,-1.,0.57735026919));
#1332 = CARTESIAN_POINT('',(1.206666666667,-0.681100423396,
    0.393233512793));
#1333 = CARTESIAN_POINT('',(1.373333333333,-0.362200846793,
    0.209116756397));
#1334 = CARTESIAN_POINT('',(1.54,-4.330127018922E-02,2.5E-02));
#1335 = CARTESIAN_POINT('',(1.541666666667,-4.011227442319E-02,
    2.315883243603E-02));
#1336 = CARTESIAN_POINT('',(1.543333333333,-3.692327865715E-02,
    2.131766487207E-02));
#1337 = CARTESIAN_POINT('',(1.545,-3.373428289111E-02,1.94764973081E-02)
  );
#1338 = CARTESIAN_POINT('',(1.04,-1.,0.38490017946));
#1339 = CARTESIAN_POINT('',(1.206666666667,-0.682489312285,
    0.262527826852));
#1340 = CARTESIAN_POINT('',(1.373333333333,-0.364978624571,
    0.140155474243));
#1341 = CARTESIAN_POINT('',(1.54,-4.746793685589E-02,1.778312163513E-02)
  );
#1342 = CARTESIAN_POINT('',(1.541666666667,-4.429282997874E-02,
    1.655939810905E-02));
#1343 = CARTESIAN_POINT('',(1.543333333333,-4.111772310159E-02,
    1.533567458297E-02));
#1344 = CARTESIAN_POINT('',(1.545,-3.794261622445E-02,1.411195105688E-02
    ));
#1345 = CARTESIAN_POINT('',(1.04,-1.,0.19245008973));
#1346 = CARTESIAN_POINT('',(1.206666666667,-0.68318375673,0.131263913426
    ));
#1347 = CARTESIAN_POINT('',(1.373333333333,-0.366367513459,
    7.007773712167E-02));
#1348 = CARTESIAN_POINT('',(1.54,-4.955127018922E-02,8.891560817565E-03)
  );
#1349 = CARTESIAN_POINT('',(1.541666666667,-4.638310775652E-02,
    8.279699054524E-03));
#1350 = CARTESIAN_POINT('',(1.543333333333,-4.321494532382E-02,
    7.667837291483E-03));
#1351 = CARTESIAN_POINT('',(1.545,-4.004678289111E-02,7.055975528442E-03
    ));
#1352 = CARTESIAN_POINT('',(1.04,-1.,-0.19245008973));
#1353 = CARTESIAN_POINT('',(1.206666666667,-0.68318375673,
    -0.131263913426));
#1354 = CARTESIAN_POINT('',(1.373333333333,-0.366367513459,
    -7.007773712167E-02));
#1355 = CARTESIAN_POINT('',(1.54,-4.955127018922E-02,-8.891560817565E-03
    ));
#1356 = CARTESIAN_POINT('',(1.541666666667,-4.638310775652E-02,
    -8.279699054524E-03));
#1357 = CARTESIAN_POINT('',(1.543333333333,-4.321494532382E-02,
    -7.667837291483E-03));
#1358 = CARTESIAN_POINT('',(1.545,-4.004678289111E-02,
    -7.055975528442E-03));
#1359 = CARTESIAN_POINT('',(1.04,-1.,-0.38490017946));
#1360 = CARTESIAN_POINT('',(1.206666666667,-0.682489312285,
    -0.262527826852));
#1361 = CARTESIAN_POINT('',(1.373333333333,-0.364978624571,
    -0.140155474243));
#1362 = CARTESIAN_POINT('',(1.54,-4.746793685589E-02,-1.778312163513E-02
    ));
#1363 = CARTESIAN_POINT('',(1.541666666667,-4.429282997874E-02,
    -1.655939810905E-02));
#1364 = CARTESIAN_POINT('',(1.543333333333,-4.111772310159E-02,
    -1.533567458297E-02));
#1365 = CARTESIAN_POINT('',(1.545,-3.794261622445E-02,
    -1.411195105688E-02));
#1366 = CARTESIAN_POINT('',(1.04,-1.,-0.57735026919));
#1367 = CARTESIAN_POINT('',(1.206666666667,-0.681100423396,
    -0.393233512793));
#1368 = CARTESIAN_POINT('',(1.373333333333,-0.362200846793,
    -0.209116756397));
#1369 = CARTESIAN_POINT('',(1.54,-4.330127018922E-02,-2.5E-02));
#1370 = CARTESIAN_POINT('',(1.541666666667,-4.011227442319E-02,
    -2.315883243603E-02));
#1371 = CARTESIAN_POINT('',(1.543333333333,-3.692327865715E-02,
    -2.131766487207E-02));
#1372 = CARTESIAN_POINT('',(1.545,-3.373428289111E-02,-1.94764973081E-02
    ));
#1373 = CARTESIAN_POINT('',(1.04,-1.,-0.786846816547));
#1374 = CARTESIAN_POINT('',(1.206666666667,-0.679588512296,
    -0.53551658454));
#1375 = CARTESIAN_POINT('',(1.373333333333,-0.359177024593,
    -0.284186352533));
#1376 = CARTESIAN_POINT('',(1.54,-3.876553688881E-02,-3.28561205259E-02)
  );
#1377 = CARTESIAN_POINT('',(1.541666666667,-3.556142201177E-02,
    -3.034281820583E-02));
#1378 = CARTESIAN_POINT('',(1.543333333333,-3.235730713473E-02,
    -2.782951588576E-02));
#1379 = CARTESIAN_POINT('',(1.545,-2.91531922577E-02,-2.531621356569E-02
    ));
#1380 = CARTESIAN_POINT('',(1.04,-1.,-0.996343363904));
#1381 = CARTESIAN_POINT('',(1.206666666667,-0.678076601196,
    -0.677799656287));
#1382 = CARTESIAN_POINT('',(1.373333333333,-0.356153202392,
    -0.359255948669));
#1383 = CARTESIAN_POINT('',(1.54,-3.422980358839E-02,-4.07122410518E-02)
  );
#1384 = CARTESIAN_POINT('',(1.541666666667,-3.101056960036E-02,
    -3.752680397562E-02));
#1385 = CARTESIAN_POINT('',(1.543333333333,-2.779133561232E-02,
    -3.434136689945E-02));
#1386 = CARTESIAN_POINT('',(1.545,-2.457210162428E-02,
    -3.115592982327E-02));
#1387 = CARTESIAN_POINT('',(1.04,-1.,-1.205839911262));
#1388 = CARTESIAN_POINT('',(1.206666666667,-0.676564690096,
    -0.820082728034));
#1389 = CARTESIAN_POINT('',(1.373333333333,-0.353129380192,
    -0.434325544806));
#1390 = CARTESIAN_POINT('',(1.54,-2.969407028798E-02,-4.85683615777E-02)
  );
#1391 = CARTESIAN_POINT('',(1.541666666667,-2.645971718894E-02,
    -4.471078974542E-02));
#1392 = CARTESIAN_POINT('',(1.543333333333,-2.32253640899E-02,
    -4.085321791314E-02));
#1393 = CARTESIAN_POINT('',(1.545,-1.999101099086E-02,
    -3.699564608086E-02));
#1394 = ADVANCED_FACE('',(#1395),#1400,.F.);
#1395 = FACE_BOUND('',#1396,.F.);
#1396 = EDGE_LOOP('',(#1397,#1398,#1399));
#1397 = ORIENTED_EDGE('',*,*,#1294,.F.);
#1398 = ORIENTED_EDGE('',*,*,#858,.F.);
#1399 = ORIENTED_EDGE('',*,*,#1097,.F.);
#1400 = PLANE('',#1401);
#1401 = AXIS2_PLACEMENT_3D('',#1402,#1403,#1404);
#1402 = CARTESIAN_POINT('',(1.54,0.,0.));
#1403 = DIRECTION('',(1.,0.,-0.));
#1404 = DIRECTION('',(-0.,0.,-1.));
#1405 = ( GEOMETRIC_REPRESENTATION_CONTEXT(3) 
GLOBAL_UNCERTAINTY_ASSIGNED_CONTEXT((#1409)) 
GLOBAL_UNIT_ASSIGNED_CONTEXT((#1406,#1407,#1408)) REPRESENTATION_CONTEXT
('Context #1','3D Context with UNIT and UNCERTAINTY') );
#1406 = ( LENGTH_UNIT() NAMED_UNIT(*) SI_UNIT(.MILLI.,.METRE.) );
#1407 = ( NAMED_UNIT(*) PLANE_ANGLE_UNIT() SI_UNIT($,.RADIAN.) );
#1408 = ( NAMED_UNIT(*) SI_UNIT($,.STERADIAN.) SOLID_ANGLE_UNIT() );
#1409 = UNCERTAINTY_MEASURE_WITH_UNIT(LENGTH_MEASURE(2.E-03),#1406,
  'distance_accuracy_value','confusion accuracy');
#1410 = PRODUCT_RELATED_PRODUCT_CATEGORY('part',$,(#7));
#1411 = MECHANICAL_DESIGN_GEOMETRIC_PRESENTATION_REPRESENTATION('',(
    #1412),#1405);
#1412 = STYLED_ITEM('color',(#1413),#15);
#1413 = PRESENTATION_STYLE_ASSIGNMENT((#1414,#1420));
#1414 = SURFACE_STYLE_USAGE(.BOTH.,#1415);
#1415 = SURFACE_SIDE_STYLE('',(#1416));
#1416 = SURFACE_STYLE_FILL_AREA(#1417);
#1417 = FILL_AREA_STYLE('',(#1418));
#1418 = FILL_AREA_STYLE_COLOUR('',#1419);
#1419 = COLOUR_RGB('',0.898039222556,0.898039222556,0.898039222556);
#1420 = CURVE_STYLE('',#1421,POSITIVE_LENGTH_MEASURE(0.1),#1422);
#1421 = DRAUGHTING_PRE_DEFINED_CURVE_FONT('continuous');
#1422 = COLOUR_RGB('',9.803921802644E-02,9.803921802644E-02,
  9.803921802644E-02);
ENDSEC;
END-ISO-10303-21;
