ISO-10303-21;
HEADER;
FILE_DESCRIPTION(('FreeCAD Model'),'2;1');
FILE_NAME('Open CASCADE Shape Model','2026-08-31T05:34:29',('Author'),(
    ''),'Open CASCADE STEP processor 7.9','FreeCAD','Unknown');
FILE_SCHEMA(('AUTOMOTIVE_DESIGN { 1 0 10303 214 1 1 1 1 }'));
ENDSEC;
DATA;
#1 = APPLICATION_PROTOCOL_DEFINITION('international standard',
  'automotive_design',2000,#2);
#2 = APPLICATION_CONTEXT(
  'core data for automotive mechanical design processes');
#3 = SHAPE_DEFINITION_REPRESENTATION(#4,#10);
#4 = PRODUCT_DEFINITION_SHAPE('','',#5);
#5 = PRODUCT_DEFINITION('design','',#6,#9);
#6 = PRODUCT_DEFINITION_FORMATION('','',#7);
#7 = PRODUCT('2040-3L profile_Standard','2040-3L profile_Standard','',(
    #8));
#8 = PRODUCT_CONTEXT('',#2,'mechanical');
#9 = PRODUCT_DEFINITION_CONTEXT('part definition',#2,'design');
#10 = ADVANCED_BREP_SHAPE_REPRESENTATION('',(#11,#15),#5894);
#11 = AXIS2_PLACEMENT_3D('',#12,#13,#14);
#12 = CARTESIAN_POINT('',(0.,0.,0.));
#13 = DIRECTION('',(0.,0.,1.));
#14 = DIRECTION('',(1.,0.,-0.));
#15 = MANIFOLD_SOLID_BREP('',#16);
#16 = CLOSED_SHELL('',(#17,#59,#101,#143,#185,#272,#355,#442,#525,#571,
    #617,#659,#701,#779,#857,#898,#929,#970,#1001,#1042,#1073,#1114,
    #1145,#1205,#1265,#1298,#1450,#1490,#2399,#2423,#2448,#2479,#2503,
    #2527,#2551,#2575,#2599,#2623,#2647,#2671,#2695,#2719,#2752,#2792,
    #2816,#2840,#2871,#2904,#2928,#2959,#2990,#3014,#3047,#3087,#3111,
    #3135,#3166,#3197,#3228,#3259,#3290,#3314,#3338,#3369,#3393,#3417,
    #3448,#3479,#3510,#3534,#3565,#3589,#3622,#3662,#3686,#3710,#3734,
    #3758,#3782,#3806,#3839,#3879,#3903,#3927,#3951,#3975,#3999,#4023,
    #4047,#4071,#4095,#4119,#4143,#4181,#4198,#4215,#4246,#4282,#4299,
    #4316,#4349,#4373,#4397,#4421,#4452,#4476,#4493,#4517,#4534,#4552,
    #4570,#4595,#4612,#4630,#4647,#4664,#4682,#4700,#4718,#4736,#4761,
    #4778,#4802,#4819,#4843,#4861,#4879,#4897,#4915,#4940,#4957,#4974,
    #4992,#5016,#5034,#5052,#5069,#5086,#5103,#5120,#5137,#5149,#5161,
    #5173,#5197,#5214,#5421,#5438,#5455,#5472,#5489,#5506,#5523,#5540,
    #5552,#5564,#5616,#5668,#5683,#5700,#5717,#5727,#5742,#5759,#5776,
    #5786,#5801,#5816,#5831,#5846,#5858,#5870,#5882));
#17 = ADVANCED_FACE('',(#18),#54,.F.);
#18 = FACE_BOUND('',#19,.F.);
#19 = EDGE_LOOP('',(#20,#30,#39,#47));
#20 = ORIENTED_EDGE('',*,*,#21,.T.);
#21 = EDGE_CURVE('',#22,#24,#26,.T.);
#22 = VERTEX_POINT('',#23);
#23 = CARTESIAN_POINT('',(-69.49999999997,-2.E-15,22.));
#24 = VERTEX_POINT('',#25);
#25 = CARTESIAN_POINT('',(-70.,-2.E-15,22.500000000028));
#26 = LINE('',#27,#28);
#27 = CARTESIAN_POINT('',(-70.,-1.73E-15,22.500000000028));
#28 = VECTOR('',#29,1.);
#29 = DIRECTION('',(-0.707106781187,0.,0.707106781187));
#30 = ORIENTED_EDGE('',*,*,#31,.T.);
#31 = EDGE_CURVE('',#24,#32,#34,.T.);
#32 = VERTEX_POINT('',#33);
#33 = CARTESIAN_POINT('',(-70.,-1.E-15,17.499999999972));
#34 = CIRCLE('',#35,2.500000000028);
#35 = AXIS2_PLACEMENT_3D('',#36,#37,#38);
#36 = CARTESIAN_POINT('',(-70.,-1.73E-15,20.));
#37 = DIRECTION('',(1.,-0.,0.));
#38 = DIRECTION('',(0.,0.,-1.));
#39 = ORIENTED_EDGE('',*,*,#40,.F.);
#40 = EDGE_CURVE('',#41,#32,#43,.T.);
#41 = VERTEX_POINT('',#42);
#42 = CARTESIAN_POINT('',(-69.49999999997,-1.E-15,18.));
#43 = LINE('',#44,#45);
#44 = CARTESIAN_POINT('',(-70.,-1.43E-15,17.499999999972));
#45 = VECTOR('',#46,1.);
#46 = DIRECTION('',(-0.707106781187,9.E-17,-0.707106781187));
#47 = ORIENTED_EDGE('',*,*,#48,.T.);
#48 = EDGE_CURVE('',#41,#22,#49,.T.);
#49 = CIRCLE('',#50,2.);
#50 = AXIS2_PLACEMENT_3D('',#51,#52,#53);
#51 = CARTESIAN_POINT('',(-69.49999999997,-1.73E-15,20.));
#52 = DIRECTION('',(-1.,-0.,-0.));
#53 = DIRECTION('',(0.,0.,-1.));
#54 = CONICAL_SURFACE('',#55,2.500000000028,0.785398163398);
#55 = AXIS2_PLACEMENT_3D('',#56,#57,#58);
#56 = CARTESIAN_POINT('',(-70.,-1.73E-15,20.));
#57 = DIRECTION('',(-1.,-0.,-0.));
#58 = DIRECTION('',(-0.,0.,1.));
#59 = ADVANCED_FACE('',(#60),#96,.F.);
#60 = FACE_BOUND('',#61,.F.);
#61 = EDGE_LOOP('',(#62,#72,#81,#89));
#62 = ORIENTED_EDGE('',*,*,#63,.T.);
#63 = EDGE_CURVE('',#64,#66,#68,.T.);
#64 = VERTEX_POINT('',#65);
#65 = CARTESIAN_POINT('',(-69.49999999999,0.,2.));
#66 = VERTEX_POINT('',#67);
#67 = CARTESIAN_POINT('',(-70.,0.,2.500000000009));
#68 = LINE('',#69,#70);
#69 = CARTESIAN_POINT('',(-70.,0.,2.500000000009));
#70 = VECTOR('',#71,1.);
#71 = DIRECTION('',(-0.707106781187,0.,0.707106781187));
#72 = ORIENTED_EDGE('',*,*,#73,.T.);
#73 = EDGE_CURVE('',#66,#74,#76,.T.);
#74 = VERTEX_POINT('',#75);
#75 = CARTESIAN_POINT('',(-70.,0.,-2.500000000009));
#76 = CIRCLE('',#77,2.500000000009);
#77 = AXIS2_PLACEMENT_3D('',#78,#79,#80);
#78 = CARTESIAN_POINT('',(-70.,0.,0.));
#79 = DIRECTION('',(1.,-0.,0.));
#80 = DIRECTION('',(0.,0.,-1.));
#81 = ORIENTED_EDGE('',*,*,#82,.F.);
#82 = EDGE_CURVE('',#83,#74,#85,.T.);
#83 = VERTEX_POINT('',#84);
#84 = CARTESIAN_POINT('',(-69.49999999999,0.,-2.));
#85 = LINE('',#86,#87);
#86 = CARTESIAN_POINT('',(-70.,3.1E-16,-2.500000000009));
#87 = VECTOR('',#88,1.);
#88 = DIRECTION('',(-0.707106781187,9.E-17,-0.707106781187));
#89 = ORIENTED_EDGE('',*,*,#90,.T.);
#90 = EDGE_CURVE('',#83,#64,#91,.T.);
#91 = CIRCLE('',#92,2.);
#92 = AXIS2_PLACEMENT_3D('',#93,#94,#95);
#93 = CARTESIAN_POINT('',(-69.49999999999,0.,0.));
#94 = DIRECTION('',(-1.,-0.,-0.));
#95 = DIRECTION('',(0.,0.,-1.));
#96 = CONICAL_SURFACE('',#97,2.500000000009,0.785398163397);
#97 = AXIS2_PLACEMENT_3D('',#98,#99,#100);
#98 = CARTESIAN_POINT('',(-70.,0.,0.));
#99 = DIRECTION('',(-1.,-0.,-0.));
#100 = DIRECTION('',(-0.,0.,1.));
#101 = ADVANCED_FACE('',(#102),#138,.F.);
#102 = FACE_BOUND('',#103,.F.);
#103 = EDGE_LOOP('',(#104,#114,#123,#131));
#104 = ORIENTED_EDGE('',*,*,#105,.T.);
#105 = EDGE_CURVE('',#106,#108,#110,.T.);
#106 = VERTEX_POINT('',#107);
#107 = CARTESIAN_POINT('',(329.49999999997,-1.E-15,18.));
#108 = VERTEX_POINT('',#109);
#109 = CARTESIAN_POINT('',(330.,-2.E-15,17.499999999972));
#110 = LINE('',#111,#112);
#111 = CARTESIAN_POINT('',(329.49999999997,-1.73E-15,18.));
#112 = VECTOR('',#113,1.);
#113 = DIRECTION('',(0.707106781187,0.,-0.707106781187));
#114 = ORIENTED_EDGE('',*,*,#115,.T.);
#115 = EDGE_CURVE('',#108,#116,#118,.T.);
#116 = VERTEX_POINT('',#117);
#117 = CARTESIAN_POINT('',(330.,-1.E-15,22.500000000028));
#118 = CIRCLE('',#119,2.500000000028);
#119 = AXIS2_PLACEMENT_3D('',#120,#121,#122);
#120 = CARTESIAN_POINT('',(330.,-1.73E-15,20.));
#121 = DIRECTION('',(-1.,0.,-0.));
#122 = DIRECTION('',(0.,0.,-1.));
#123 = ORIENTED_EDGE('',*,*,#124,.F.);
#124 = EDGE_CURVE('',#125,#116,#127,.T.);
#125 = VERTEX_POINT('',#126);
#126 = CARTESIAN_POINT('',(329.49999999997,-2.E-15,22.));
#127 = LINE('',#128,#129);
#128 = CARTESIAN_POINT('',(329.49999999997,-1.49E-15,22.));
#129 = VECTOR('',#130,1.);
#130 = DIRECTION('',(0.707106781187,9.E-17,0.707106781187));
#131 = ORIENTED_EDGE('',*,*,#132,.T.);
#132 = EDGE_CURVE('',#125,#106,#133,.T.);
#133 = CIRCLE('',#134,2.);
#134 = AXIS2_PLACEMENT_3D('',#135,#136,#137);
#135 = CARTESIAN_POINT('',(329.49999999997,-1.73E-15,20.));
#136 = DIRECTION('',(1.,0.,0.));
#137 = DIRECTION('',(0.,0.,-1.));
#138 = CONICAL_SURFACE('',#139,2.,0.785398163397);
#139 = AXIS2_PLACEMENT_3D('',#140,#141,#142);
#140 = CARTESIAN_POINT('',(329.49999999997,-1.73E-15,20.));
#141 = DIRECTION('',(1.,0.,0.));
#142 = DIRECTION('',(0.,0.,-1.));
#143 = ADVANCED_FACE('',(#144),#180,.F.);
#144 = FACE_BOUND('',#145,.F.);
#145 = EDGE_LOOP('',(#146,#156,#165,#173));
#146 = ORIENTED_EDGE('',*,*,#147,.T.);
#147 = EDGE_CURVE('',#148,#150,#152,.T.);
#148 = VERTEX_POINT('',#149);
#149 = CARTESIAN_POINT('',(329.49999999999,0.,-2.));
#150 = VERTEX_POINT('',#151);
#151 = CARTESIAN_POINT('',(330.,0.,-2.50000000001));
#152 = LINE('',#153,#154);
#153 = CARTESIAN_POINT('',(329.49999999999,0.,-2.));
#154 = VECTOR('',#155,1.);
#155 = DIRECTION('',(0.707106781187,0.,-0.707106781187));
#156 = ORIENTED_EDGE('',*,*,#157,.T.);
#157 = EDGE_CURVE('',#150,#158,#160,.T.);
#158 = VERTEX_POINT('',#159);
#159 = CARTESIAN_POINT('',(330.,0.,2.50000000001));
#160 = CIRCLE('',#161,2.50000000001);
#161 = AXIS2_PLACEMENT_3D('',#162,#163,#164);
#162 = CARTESIAN_POINT('',(330.,0.,0.));
#163 = DIRECTION('',(-1.,0.,-0.));
#164 = DIRECTION('',(0.,0.,-1.));
#165 = ORIENTED_EDGE('',*,*,#166,.F.);
#166 = EDGE_CURVE('',#167,#158,#169,.T.);
#167 = VERTEX_POINT('',#168);
#168 = CARTESIAN_POINT('',(329.49999999999,0.,2.));
#169 = LINE('',#170,#171);
#170 = CARTESIAN_POINT('',(329.49999999999,2.4E-16,2.));
#171 = VECTOR('',#172,1.);
#172 = DIRECTION('',(0.707106781187,9.E-17,0.707106781187));
#173 = ORIENTED_EDGE('',*,*,#174,.T.);
#174 = EDGE_CURVE('',#167,#148,#175,.T.);
#175 = CIRCLE('',#176,2.);
#176 = AXIS2_PLACEMENT_3D('',#177,#178,#179);
#177 = CARTESIAN_POINT('',(329.49999999999,0.,0.));
#178 = DIRECTION('',(1.,0.,0.));
#179 = DIRECTION('',(0.,0.,-1.));
#180 = CONICAL_SURFACE('',#181,2.,0.785398163397);
#181 = AXIS2_PLACEMENT_3D('',#182,#183,#184);
#182 = CARTESIAN_POINT('',(329.49999999999,0.,0.));
#183 = DIRECTION('',(1.,0.,0.));
#184 = DIRECTION('',(0.,0.,-1.));
#185 = ADVANCED_FACE('',(#186),#267,.F.);
#186 = FACE_BOUND('',#187,.F.);
#187 = EDGE_LOOP('',(#188,#199,#208,#217,#225,#252,#260));
#188 = ORIENTED_EDGE('',*,*,#189,.T.);
#189 = EDGE_CURVE('',#190,#192,#194,.T.);
#190 = VERTEX_POINT('',#191);
#191 = CARTESIAN_POINT('',(289.10435607626,-4.,-0.5));
#192 = VERTEX_POINT('',#193);
#193 = CARTESIAN_POINT('',(289.,-3.5,-2.4E-14));
#194 = ( BOUNDED_CURVE() B_SPLINE_CURVE(3,(#195,#196,#197,#198),
.UNSPECIFIED.,.F.,.F.) B_SPLINE_CURVE_WITH_KNOTS((4,4),(4.300872134317,
4.712388980385),.PIECEWISE_BEZIER_KNOTS.) CURVE() 
GEOMETRIC_REPRESENTATION_ITEM() RATIONAL_B_SPLINE_CURVE((1.,
0.985937541954,0.985937541954,1.)) REPRESENTATION_ITEM('') );
#195 = CARTESIAN_POINT('',(289.10435607626,-4.,-0.5));
#196 = CARTESIAN_POINT('',(289.03528150341,-3.841730270669,
    -0.341730270669));
#197 = CARTESIAN_POINT('',(289.,-3.672686432114,-0.172686432114));
#198 = CARTESIAN_POINT('',(289.,-3.5,-2.398E-14));
#199 = ORIENTED_EDGE('',*,*,#200,.T.);
#200 = EDGE_CURVE('',#192,#201,#203,.T.);
#201 = VERTEX_POINT('',#202);
#202 = CARTESIAN_POINT('',(289.10435607626,-4.,0.5));
#203 = ( BOUNDED_CURVE() B_SPLINE_CURVE(3,(#204,#205,#206,#207),
.UNSPECIFIED.,.F.,.F.) B_SPLINE_CURVE_WITH_KNOTS((4,4),(1.570796326795,
1.982313172862),.PIECEWISE_BEZIER_KNOTS.) CURVE() 
GEOMETRIC_REPRESENTATION_ITEM() RATIONAL_B_SPLINE_CURVE((1.,
0.985937541954,0.985937541954,1.)) REPRESENTATION_ITEM('') );
#204 = CARTESIAN_POINT('',(289.,-3.5,-2.398E-14));
#205 = CARTESIAN_POINT('',(289.,-3.672686432114,0.172686432114));
#206 = CARTESIAN_POINT('',(289.03528150341,-3.841730270669,
    0.341730270669));
#207 = CARTESIAN_POINT('',(289.10435607626,-4.,0.5));
#208 = ORIENTED_EDGE('',*,*,#209,.T.);
#209 = EDGE_CURVE('',#201,#210,#212,.T.);
#210 = VERTEX_POINT('',#211);
#211 = CARTESIAN_POINT('',(290.25,-4.,1.25));
#212 = CIRCLE('',#213,1.25);
#213 = AXIS2_PLACEMENT_3D('',#214,#215,#216);
#214 = CARTESIAN_POINT('',(290.25,-4.,-1.32E-15));
#215 = DIRECTION('',(0.,1.,0.));
#216 = DIRECTION('',(0.,-0.,1.));
#217 = ORIENTED_EDGE('',*,*,#218,.T.);
#218 = EDGE_CURVE('',#210,#219,#221,.T.);
#219 = VERTEX_POINT('',#220);
#220 = CARTESIAN_POINT('',(290.25,-1.5612494996,1.25));
#221 = LINE('',#222,#223);
#222 = CARTESIAN_POINT('',(290.25,10.,1.25));
#223 = VECTOR('',#224,1.);
#224 = DIRECTION('',(-0.,1.,9.E-17));
#225 = ORIENTED_EDGE('',*,*,#226,.T.);
#226 = EDGE_CURVE('',#219,#227,#229,.T.);
#227 = VERTEX_POINT('',#228);
#228 = CARTESIAN_POINT('',(290.25,-1.5612494996,-1.25));
#229 = B_SPLINE_CURVE_WITH_KNOTS('',3,(#230,#231,#232,#233,#234,#235,
    #236,#237,#238,#239,#240,#241,#242,#243,#244,#245,#246,#247,#248,
    #249,#250,#251),.UNSPECIFIED.,.F.,.F.,(4,2,2,2,2,2,2,2,2,2,4),(0.,
    2.51162779921E-04,5.02325559842E-04,1.004651119684E-03,
    1.506976679526E-03,1.758139459447E-03,2.009302239368E-03,
    2.51162779921E-03,3.013953359052E-03,3.516278918894E-03,
    4.018604478736E-03),.UNSPECIFIED.);
#230 = CARTESIAN_POINT('',(290.25,-1.5612494996,1.25));
#231 = CARTESIAN_POINT('',(290.16480243754,-1.5612494996,1.25));
#232 = CARTESIAN_POINT('',(290.08169687445,-1.568244000841,
    1.241390036673));
#233 = CARTESIAN_POINT('',(289.9192019945,-1.593891660229,1.208283015183
    ));
#234 = CARTESIAN_POINT('',(289.83926211872,-1.612794709385,
    1.183376457599));
#235 = CARTESIAN_POINT('',(289.61492443926,-1.679412289423,
    1.088816248142));
#236 = CARTESIAN_POINT('',(289.48073411616,-1.737721380916,
    0.997957220717));
#237 = CARTESIAN_POINT('',(289.255747285,-1.848362534501,0.774047901054)
  );
#238 = CARTESIAN_POINT('',(289.16356301229,-1.901367183496,
    0.639411278829));
#239 = CARTESIAN_POINT('',(289.06768199406,-1.958242535213,
    0.413880611742));
#240 = CARTESIAN_POINT('',(289.04235215415,-1.973762838666,
    0.333165237257));
#241 = CARTESIAN_POINT('',(289.00886599408,-1.994427247194,
    0.170290264731));
#242 = CARTESIAN_POINT('',(289.00018422615,-1.999884858813,
    8.730781214944E-02));
#243 = CARTESIAN_POINT('',(288.9996401581,-2.00022490087,-0.166579579265
    ));
#244 = CARTESIAN_POINT('',(289.03453761891,-1.977928506232,
    -0.334903713006));
#245 = CARTESIAN_POINT('',(289.16241166847,-1.902025434844,
    -0.637699708295));
#246 = CARTESIAN_POINT('',(289.25502241514,-1.848753171135,
    -0.773144687277));
#247 = CARTESIAN_POINT('',(289.48002653102,-1.738035395593,
    -0.997433686473));
#248 = CARTESIAN_POINT('',(289.61399426867,-1.679803416816,
    -1.088213268443));
#249 = CARTESIAN_POINT('',(289.91221950409,-1.591015993721,
    -1.214337574353));
#250 = CARTESIAN_POINT('',(290.08011149442,-1.5612494996,-1.25));
#251 = CARTESIAN_POINT('',(290.25,-1.5612494996,-1.25));
#252 = ORIENTED_EDGE('',*,*,#253,.F.);
#253 = EDGE_CURVE('',#254,#227,#256,.T.);
#254 = VERTEX_POINT('',#255);
#255 = CARTESIAN_POINT('',(290.25,-4.,-1.25));
#256 = LINE('',#257,#258);
#257 = CARTESIAN_POINT('',(290.25,10.,-1.25));
#258 = VECTOR('',#259,1.);
#259 = DIRECTION('',(-0.,1.,9.E-17));
#260 = ORIENTED_EDGE('',*,*,#261,.T.);
#261 = EDGE_CURVE('',#254,#190,#262,.T.);
#262 = CIRCLE('',#263,1.25);
#263 = AXIS2_PLACEMENT_3D('',#264,#265,#266);
#264 = CARTESIAN_POINT('',(290.25,-4.,-1.32E-15));
#265 = DIRECTION('',(0.,1.,0.));
#266 = DIRECTION('',(0.,-0.,1.));
#267 = CYLINDRICAL_SURFACE('',#268,1.25);
#268 = AXIS2_PLACEMENT_3D('',#269,#270,#271);
#269 = CARTESIAN_POINT('',(290.25,10.,-1.1E-16));
#270 = DIRECTION('',(-0.,1.,9.E-17));
#271 = DIRECTION('',(0.,-9.E-17,1.));
#272 = ADVANCED_FACE('',(#273),#350,.F.);
#273 = FACE_BOUND('',#274,.F.);
#274 = EDGE_LOOP('',(#275,#285,#294,#303,#312,#321,#329));
#275 = ORIENTED_EDGE('',*,*,#276,.T.);
#276 = EDGE_CURVE('',#277,#279,#281,.T.);
#277 = VERTEX_POINT('',#278);
#278 = CARTESIAN_POINT('',(290.25,1.5612494996,1.25));
#279 = VERTEX_POINT('',#280);
#280 = CARTESIAN_POINT('',(290.25,4.,1.25));
#281 = LINE('',#282,#283);
#282 = CARTESIAN_POINT('',(290.25,10.,1.25));
#283 = VECTOR('',#284,1.);
#284 = DIRECTION('',(-0.,1.,9.E-17));
#285 = ORIENTED_EDGE('',*,*,#286,.T.);
#286 = EDGE_CURVE('',#279,#287,#289,.T.);
#287 = VERTEX_POINT('',#288);
#288 = CARTESIAN_POINT('',(289.10435607626,4.,0.5));
#289 = CIRCLE('',#290,1.25);
#290 = AXIS2_PLACEMENT_3D('',#291,#292,#293);
#291 = CARTESIAN_POINT('',(290.25,4.,-6.3E-16));
#292 = DIRECTION('',(0.,-1.,0.));
#293 = DIRECTION('',(0.,0.,-1.));
#294 = ORIENTED_EDGE('',*,*,#295,.T.);
#295 = EDGE_CURVE('',#287,#296,#298,.T.);
#296 = VERTEX_POINT('',#297);
#297 = CARTESIAN_POINT('',(289.,3.5,-0.));
#298 = ( BOUNDED_CURVE() B_SPLINE_CURVE(3,(#299,#300,#301,#302),
.UNSPECIFIED.,.F.,.F.) B_SPLINE_CURVE_WITH_KNOTS((4,4),(1.159279480727,
1.570796326795),.PIECEWISE_BEZIER_KNOTS.) CURVE() 
GEOMETRIC_REPRESENTATION_ITEM() RATIONAL_B_SPLINE_CURVE((1.,
0.985937541954,0.985937541954,1.)) REPRESENTATION_ITEM('') );
#299 = CARTESIAN_POINT('',(289.10435607626,4.,0.5));
#300 = CARTESIAN_POINT('',(289.03528150341,3.841730270669,0.341730270669
    ));
#301 = CARTESIAN_POINT('',(289.,3.672686432114,0.172686432114));
#302 = CARTESIAN_POINT('',(289.,3.5,-4.6E-16));
#303 = ORIENTED_EDGE('',*,*,#304,.T.);
#304 = EDGE_CURVE('',#296,#305,#307,.T.);
#305 = VERTEX_POINT('',#306);
#306 = CARTESIAN_POINT('',(289.10435607626,4.,-0.5));
#307 = ( BOUNDED_CURVE() B_SPLINE_CURVE(3,(#308,#309,#310,#311),
.UNSPECIFIED.,.F.,.F.) B_SPLINE_CURVE_WITH_KNOTS((4,4),(4.712388980385,
5.123905826452),.PIECEWISE_BEZIER_KNOTS.) CURVE() 
GEOMETRIC_REPRESENTATION_ITEM() RATIONAL_B_SPLINE_CURVE((1.,
0.985937541954,0.985937541954,1.)) REPRESENTATION_ITEM('') );
#308 = CARTESIAN_POINT('',(289.,3.5,-4.6E-16));
#309 = CARTESIAN_POINT('',(289.,3.672686432114,-0.172686432114));
#310 = CARTESIAN_POINT('',(289.03528150341,3.841730270669,
    -0.341730270669));
#311 = CARTESIAN_POINT('',(289.10435607626,4.,-0.5));
#312 = ORIENTED_EDGE('',*,*,#313,.T.);
#313 = EDGE_CURVE('',#305,#314,#316,.T.);
#314 = VERTEX_POINT('',#315);
#315 = CARTESIAN_POINT('',(290.25,4.,-1.25));
#316 = CIRCLE('',#317,1.25);
#317 = AXIS2_PLACEMENT_3D('',#318,#319,#320);
#318 = CARTESIAN_POINT('',(290.25,4.,-6.3E-16));
#319 = DIRECTION('',(0.,-1.,0.));
#320 = DIRECTION('',(0.,0.,-1.));
#321 = ORIENTED_EDGE('',*,*,#322,.F.);
#322 = EDGE_CURVE('',#323,#314,#325,.T.);
#323 = VERTEX_POINT('',#324);
#324 = CARTESIAN_POINT('',(290.25,1.5612494996,-1.25));
#325 = LINE('',#326,#327);
#326 = CARTESIAN_POINT('',(290.25,10.,-1.25));
#327 = VECTOR('',#328,1.);
#328 = DIRECTION('',(-0.,1.,9.E-17));
#329 = ORIENTED_EDGE('',*,*,#330,.T.);
#330 = EDGE_CURVE('',#323,#277,#331,.T.);
#331 = B_SPLINE_CURVE_WITH_KNOTS('',3,(#332,#333,#334,#335,#336,#337,
    #338,#339,#340,#341,#342,#343,#344,#345,#346,#347,#348,#349),
  .UNSPECIFIED.,.F.,.F.,(4,2,2,2,2,2,2,2,4),(4.018604478736E-03,
    4.519599264875E-03,5.020594051015E-03,5.521588837155E-03,
    6.022583623295E-03,6.523578409434E-03,7.024573195574E-03,
    7.525567981714E-03,8.026562767853E-03),.UNSPECIFIED.);
#332 = CARTESIAN_POINT('',(290.25,1.5612494996,-1.25));
#333 = CARTESIAN_POINT('',(290.08056156739,1.5612494996,-1.25));
#334 = CARTESIAN_POINT('',(289.91409673782,1.590575341699,
    -1.214914483754));
#335 = CARTESIAN_POINT('',(289.61493955684,1.679404859628,
    -1.088828011172));
#336 = CARTESIAN_POINT('',(289.48123027441,1.737470909101,
    -0.998485427346));
#337 = CARTESIAN_POINT('',(289.25498011644,1.848746288073,
    -0.773249940788));
#338 = CARTESIAN_POINT('',(289.16414565709,1.901018102752,
    -0.640920376328));
#339 = CARTESIAN_POINT('',(289.03481805684,1.977740460213,
    -0.336439337507));
#340 = CARTESIAN_POINT('',(289.00031098847,1.999805632401,
    -0.171319366951));
#341 = CARTESIAN_POINT('',(288.99969318593,2.000191758596,0.166750777266
    ));
#342 = CARTESIAN_POINT('',(289.03450268068,1.977955764442,0.334555027633
    ));
#343 = CARTESIAN_POINT('',(289.16183451934,1.902361528765,0.636597743067
    ));
#344 = CARTESIAN_POINT('',(289.25403755482,1.849266172644,0.772011524001
    ));
#345 = CARTESIAN_POINT('',(289.47982441472,1.738106618493,0.997382851882
    ));
#346 = CARTESIAN_POINT('',(289.61194289474,1.680455536182,1.087269633776
    ));
#347 = CARTESIAN_POINT('',(289.91328656673,1.59065705784,1.21486467969)
  );
#348 = CARTESIAN_POINT('',(290.0800562902,1.5612494996,1.25));
#349 = CARTESIAN_POINT('',(290.25,1.5612494996,1.25));
#350 = CYLINDRICAL_SURFACE('',#351,1.25);
#351 = AXIS2_PLACEMENT_3D('',#352,#353,#354);
#352 = CARTESIAN_POINT('',(290.25,10.,-1.1E-16));
#353 = DIRECTION('',(-0.,1.,9.E-17));
#354 = DIRECTION('',(0.,-9.E-17,1.));
#355 = ADVANCED_FACE('',(#356),#437,.F.);
#356 = FACE_BOUND('',#357,.F.);
#357 = EDGE_LOOP('',(#358,#369,#378,#387,#395,#422,#430));
#358 = ORIENTED_EDGE('',*,*,#359,.F.);
#359 = EDGE_CURVE('',#360,#362,#364,.T.);
#360 = VERTEX_POINT('',#361);
#361 = CARTESIAN_POINT('',(289.,-3.5,20.));
#362 = VERTEX_POINT('',#363);
#363 = CARTESIAN_POINT('',(289.10435607626,-4.,19.5));
#364 = ( BOUNDED_CURVE() B_SPLINE_CURVE(3,(#365,#366,#367,#368),
.UNSPECIFIED.,.F.,.F.) B_SPLINE_CURVE_WITH_KNOTS((4,4),(1.570796326795,
1.982313172862),.PIECEWISE_BEZIER_KNOTS.) CURVE() 
GEOMETRIC_REPRESENTATION_ITEM() RATIONAL_B_SPLINE_CURVE((1.,
0.985937541954,0.985937541954,1.)) REPRESENTATION_ITEM('') );
#365 = CARTESIAN_POINT('',(289.,-3.5,20.));
#366 = CARTESIAN_POINT('',(289.,-3.672686432114,19.827313567886));
#367 = CARTESIAN_POINT('',(289.03528150341,-3.841730270669,
    19.658269729331));
#368 = CARTESIAN_POINT('',(289.10435607626,-4.,19.5));
#369 = ORIENTED_EDGE('',*,*,#370,.F.);
#370 = EDGE_CURVE('',#371,#360,#373,.T.);
#371 = VERTEX_POINT('',#372);
#372 = CARTESIAN_POINT('',(289.10435607626,-4.,20.5));
#373 = ( BOUNDED_CURVE() B_SPLINE_CURVE(3,(#374,#375,#376,#377),
.UNSPECIFIED.,.F.,.F.) B_SPLINE_CURVE_WITH_KNOTS((4,4),(4.300872134317,
4.712388980385),.PIECEWISE_BEZIER_KNOTS.) CURVE() 
GEOMETRIC_REPRESENTATION_ITEM() RATIONAL_B_SPLINE_CURVE((1.,
0.985937541954,0.985937541954,1.)) REPRESENTATION_ITEM('') );
#374 = CARTESIAN_POINT('',(289.10435607626,-4.,20.5));
#375 = CARTESIAN_POINT('',(289.03528150341,-3.841730270669,
    20.341730270669));
#376 = CARTESIAN_POINT('',(289.,-3.672686432114,20.172686432114));
#377 = CARTESIAN_POINT('',(289.,-3.5,20.));
#378 = ORIENTED_EDGE('',*,*,#379,.F.);
#379 = EDGE_CURVE('',#380,#371,#382,.T.);
#380 = VERTEX_POINT('',#381);
#381 = CARTESIAN_POINT('',(290.25,-4.,21.25));
#382 = CIRCLE('',#383,1.25);
#383 = AXIS2_PLACEMENT_3D('',#384,#385,#386);
#384 = CARTESIAN_POINT('',(290.25,-4.,20.));
#385 = DIRECTION('',(0.,-1.,-1.7E-16));
#386 = DIRECTION('',(0.,1.7E-16,-1.));
#387 = ORIENTED_EDGE('',*,*,#388,.T.);
#388 = EDGE_CURVE('',#380,#389,#391,.T.);
#389 = VERTEX_POINT('',#390);
#390 = CARTESIAN_POINT('',(290.25,-1.5612494996,21.25));
#391 = LINE('',#392,#393);
#392 = CARTESIAN_POINT('',(290.25,10.,21.25));
#393 = VECTOR('',#394,1.);
#394 = DIRECTION('',(-0.,1.,9.E-17));
#395 = ORIENTED_EDGE('',*,*,#396,.T.);
#396 = EDGE_CURVE('',#389,#397,#399,.T.);
#397 = VERTEX_POINT('',#398);
#398 = CARTESIAN_POINT('',(290.25,-1.5612494996,18.75));
#399 = B_SPLINE_CURVE_WITH_KNOTS('',3,(#400,#401,#402,#403,#404,#405,
    #406,#407,#408,#409,#410,#411,#412,#413,#414,#415,#416,#417,#418,
    #419,#420,#421),.UNSPECIFIED.,.F.,.F.,(4,2,2,2,2,2,2,2,2,2,4),(0.,
    2.51162779921E-04,5.02325559842E-04,1.004651119684E-03,
    1.506976679526E-03,1.758139459447E-03,2.009302239368E-03,
    2.51162779921E-03,3.013953359052E-03,3.516278918894E-03,
    4.018604478736E-03),.UNSPECIFIED.);
#400 = CARTESIAN_POINT('',(290.25,-1.5612494996,21.25));
#401 = CARTESIAN_POINT('',(290.16480243754,-1.5612494996,21.25));
#402 = CARTESIAN_POINT('',(290.08169687445,-1.568244000841,
    21.241390036673));
#403 = CARTESIAN_POINT('',(289.9192019945,-1.593891660229,
    21.208283015183));
#404 = CARTESIAN_POINT('',(289.83926211872,-1.612794709385,
    21.183376457599));
#405 = CARTESIAN_POINT('',(289.61492443926,-1.679412289423,
    21.088816248142));
#406 = CARTESIAN_POINT('',(289.48073411616,-1.737721380916,
    20.997957220717));
#407 = CARTESIAN_POINT('',(289.255747285,-1.848362534501,20.774047901054
    ));
#408 = CARTESIAN_POINT('',(289.16356301229,-1.901367183496,
    20.639411278829));
#409 = CARTESIAN_POINT('',(289.06768199406,-1.958242535213,
    20.413880611742));
#410 = CARTESIAN_POINT('',(289.04235215415,-1.973762838666,
    20.333165237257));
#411 = CARTESIAN_POINT('',(289.00886599408,-1.994427247194,
    20.170290264731));
#412 = CARTESIAN_POINT('',(289.00018422615,-1.999884858813,
    20.087307812149));
#413 = CARTESIAN_POINT('',(288.9996401581,-2.00022490087,19.833420420735
    ));
#414 = CARTESIAN_POINT('',(289.03453761891,-1.977928506232,
    19.665096286994));
#415 = CARTESIAN_POINT('',(289.16241166847,-1.902025434844,
    19.362300291705));
#416 = CARTESIAN_POINT('',(289.25502241514,-1.848753171135,
    19.226855312723));
#417 = CARTESIAN_POINT('',(289.48002653102,-1.738035395593,
    19.002566313527));
#418 = CARTESIAN_POINT('',(289.61399426867,-1.679803416816,
    18.911786731557));
#419 = CARTESIAN_POINT('',(289.91221950409,-1.591015993721,
    18.785662425647));
#420 = CARTESIAN_POINT('',(290.08011149442,-1.5612494996,18.75));
#421 = CARTESIAN_POINT('',(290.25,-1.5612494996,18.75));
#422 = ORIENTED_EDGE('',*,*,#423,.F.);
#423 = EDGE_CURVE('',#424,#397,#426,.T.);
#424 = VERTEX_POINT('',#425);
#425 = CARTESIAN_POINT('',(290.25,-4.,18.75));
#426 = LINE('',#427,#428);
#427 = CARTESIAN_POINT('',(290.25,10.,18.75));
#428 = VECTOR('',#429,1.);
#429 = DIRECTION('',(-0.,1.,9.E-17));
#430 = ORIENTED_EDGE('',*,*,#431,.F.);
#431 = EDGE_CURVE('',#362,#424,#432,.T.);
#432 = CIRCLE('',#433,1.25);
#433 = AXIS2_PLACEMENT_3D('',#434,#435,#436);
#434 = CARTESIAN_POINT('',(290.25,-4.,20.));
#435 = DIRECTION('',(0.,-1.,-1.7E-16));
#436 = DIRECTION('',(0.,1.7E-16,-1.));
#437 = CYLINDRICAL_SURFACE('',#438,1.25);
#438 = AXIS2_PLACEMENT_3D('',#439,#440,#441);
#439 = CARTESIAN_POINT('',(290.25,10.,20.));
#440 = DIRECTION('',(-0.,1.,9.E-17));
#441 = DIRECTION('',(0.,-9.E-17,1.));
#442 = ADVANCED_FACE('',(#443),#520,.F.);
#443 = FACE_BOUND('',#444,.F.);
#444 = EDGE_LOOP('',(#445,#455,#464,#473,#482,#491,#499));
#445 = ORIENTED_EDGE('',*,*,#446,.T.);
#446 = EDGE_CURVE('',#447,#449,#451,.T.);
#447 = VERTEX_POINT('',#448);
#448 = CARTESIAN_POINT('',(290.25,1.5612494996,21.25));
#449 = VERTEX_POINT('',#450);
#450 = CARTESIAN_POINT('',(290.25,4.,21.25));
#451 = LINE('',#452,#453);
#452 = CARTESIAN_POINT('',(290.25,10.,21.25));
#453 = VECTOR('',#454,1.);
#454 = DIRECTION('',(-0.,1.,9.E-17));
#455 = ORIENTED_EDGE('',*,*,#456,.F.);
#456 = EDGE_CURVE('',#457,#449,#459,.T.);
#457 = VERTEX_POINT('',#458);
#458 = CARTESIAN_POINT('',(289.10435607626,4.,20.5));
#459 = CIRCLE('',#460,1.25);
#460 = AXIS2_PLACEMENT_3D('',#461,#462,#463);
#461 = CARTESIAN_POINT('',(290.25,4.,20.));
#462 = DIRECTION('',(-0.,1.,1.7E-16));
#463 = DIRECTION('',(0.,-1.7E-16,1.));
#464 = ORIENTED_EDGE('',*,*,#465,.F.);
#465 = EDGE_CURVE('',#466,#457,#468,.T.);
#466 = VERTEX_POINT('',#467);
#467 = CARTESIAN_POINT('',(289.,3.5,20.));
#468 = ( BOUNDED_CURVE() B_SPLINE_CURVE(3,(#469,#470,#471,#472),
.UNSPECIFIED.,.F.,.F.) B_SPLINE_CURVE_WITH_KNOTS((4,4),(4.712388980385,
5.123905826452),.PIECEWISE_BEZIER_KNOTS.) CURVE() 
GEOMETRIC_REPRESENTATION_ITEM() RATIONAL_B_SPLINE_CURVE((1.,
0.985937541954,0.985937541954,1.)) REPRESENTATION_ITEM('') );
#469 = CARTESIAN_POINT('',(289.,3.5,20.));
#470 = CARTESIAN_POINT('',(289.,3.672686432114,20.172686432114));
#471 = CARTESIAN_POINT('',(289.03528150341,3.841730270669,
    20.341730270669));
#472 = CARTESIAN_POINT('',(289.10435607626,4.,20.5));
#473 = ORIENTED_EDGE('',*,*,#474,.F.);
#474 = EDGE_CURVE('',#475,#466,#477,.T.);
#475 = VERTEX_POINT('',#476);
#476 = CARTESIAN_POINT('',(289.10435607626,4.,19.5));
#477 = ( BOUNDED_CURVE() B_SPLINE_CURVE(3,(#478,#479,#480,#481),
.UNSPECIFIED.,.F.,.F.) B_SPLINE_CURVE_WITH_KNOTS((4,4),(1.159279480727,
1.570796326795),.PIECEWISE_BEZIER_KNOTS.) CURVE() 
GEOMETRIC_REPRESENTATION_ITEM() RATIONAL_B_SPLINE_CURVE((1.,
0.985937541954,0.985937541954,1.)) REPRESENTATION_ITEM('') );
#478 = CARTESIAN_POINT('',(289.10435607626,4.,19.5));
#479 = CARTESIAN_POINT('',(289.03528150341,3.841730270669,
    19.658269729331));
#480 = CARTESIAN_POINT('',(289.,3.672686432114,19.827313567886));
#481 = CARTESIAN_POINT('',(289.,3.5,20.));
#482 = ORIENTED_EDGE('',*,*,#483,.F.);
#483 = EDGE_CURVE('',#484,#475,#486,.T.);
#484 = VERTEX_POINT('',#485);
#485 = CARTESIAN_POINT('',(290.25,4.,18.75));
#486 = CIRCLE('',#487,1.25);
#487 = AXIS2_PLACEMENT_3D('',#488,#489,#490);
#488 = CARTESIAN_POINT('',(290.25,4.,20.));
#489 = DIRECTION('',(-0.,1.,1.7E-16));
#490 = DIRECTION('',(0.,-1.7E-16,1.));
#491 = ORIENTED_EDGE('',*,*,#492,.F.);
#492 = EDGE_CURVE('',#493,#484,#495,.T.);
#493 = VERTEX_POINT('',#494);
#494 = CARTESIAN_POINT('',(290.25,1.5612494996,18.75));
#495 = LINE('',#496,#497);
#496 = CARTESIAN_POINT('',(290.25,10.,18.75));
#497 = VECTOR('',#498,1.);
#498 = DIRECTION('',(-0.,1.,9.E-17));
#499 = ORIENTED_EDGE('',*,*,#500,.T.);
#500 = EDGE_CURVE('',#493,#447,#501,.T.);
#501 = B_SPLINE_CURVE_WITH_KNOTS('',3,(#502,#503,#504,#505,#506,#507,
    #508,#509,#510,#511,#512,#513,#514,#515,#516,#517,#518,#519),
  .UNSPECIFIED.,.F.,.F.,(4,2,2,2,2,2,2,2,4),(4.018604478736E-03,
    4.519599264875E-03,5.020594051015E-03,5.521588837155E-03,
    6.022583623295E-03,6.523578409434E-03,7.024573195574E-03,
    7.525567981714E-03,8.026562767853E-03),.UNSPECIFIED.);
#502 = CARTESIAN_POINT('',(290.25,1.5612494996,18.75));
#503 = CARTESIAN_POINT('',(290.08056156739,1.5612494996,18.75));
#504 = CARTESIAN_POINT('',(289.91409673782,1.590575341699,
    18.785085516246));
#505 = CARTESIAN_POINT('',(289.61493955684,1.679404859628,
    18.911171988828));
#506 = CARTESIAN_POINT('',(289.48123027441,1.737470909101,
    19.001514572654));
#507 = CARTESIAN_POINT('',(289.25498011644,1.848746288073,
    19.226750059212));
#508 = CARTESIAN_POINT('',(289.16414565709,1.901018102752,
    19.359079623672));
#509 = CARTESIAN_POINT('',(289.03481805684,1.977740460213,
    19.663560662493));
#510 = CARTESIAN_POINT('',(289.00031098847,1.999805632401,
    19.828680633049));
#511 = CARTESIAN_POINT('',(288.99969318593,2.000191758596,
    20.166750777266));
#512 = CARTESIAN_POINT('',(289.03450268068,1.977955764442,
    20.334555027633));
#513 = CARTESIAN_POINT('',(289.16183451934,1.902361528765,
    20.636597743067));
#514 = CARTESIAN_POINT('',(289.25403755482,1.849266172644,
    20.772011524001));
#515 = CARTESIAN_POINT('',(289.47982441472,1.738106618493,
    20.997382851882));
#516 = CARTESIAN_POINT('',(289.61194289474,1.680455536182,
    21.087269633776));
#517 = CARTESIAN_POINT('',(289.91328656673,1.59065705784,21.21486467969)
  );
#518 = CARTESIAN_POINT('',(290.0800562902,1.5612494996,21.25));
#519 = CARTESIAN_POINT('',(290.25,1.5612494996,21.25));
#520 = CYLINDRICAL_SURFACE('',#521,1.25);
#521 = AXIS2_PLACEMENT_3D('',#522,#523,#524);
#522 = CARTESIAN_POINT('',(290.25,10.,20.));
#523 = DIRECTION('',(-0.,1.,9.E-17));
#524 = DIRECTION('',(0.,-9.E-17,1.));
#525 = ADVANCED_FACE('',(#526,#550),#566,.F.);
#526 = FACE_BOUND('',#527,.F.);
#527 = EDGE_LOOP('',(#528,#549));
#528 = ORIENTED_EDGE('',*,*,#529,.F.);
#529 = EDGE_CURVE('',#227,#219,#530,.T.);
#530 = B_SPLINE_CURVE_WITH_KNOTS('',3,(#531,#532,#533,#534,#535,#536,
    #537,#538,#539,#540,#541,#542,#543,#544,#545,#546,#547,#548),
  .UNSPECIFIED.,.F.,.F.,(4,2,2,2,2,2,2,2,4),(4.018604478736E-03,
    4.519599264875E-03,5.020594051015E-03,5.521588837155E-03,
    6.022583623295E-03,6.523578409434E-03,7.024573195574E-03,
    7.525567981714E-03,8.026562767853E-03),.UNSPECIFIED.);
#531 = CARTESIAN_POINT('',(290.25,-1.5612494996,-1.25));
#532 = CARTESIAN_POINT('',(290.4194384326,-1.5612494996,-1.25));
#533 = CARTESIAN_POINT('',(290.58590326217,-1.590575341699,
    -1.214914483754));
#534 = CARTESIAN_POINT('',(290.88506044315,-1.679404859628,
    -1.088828011172));
#535 = CARTESIAN_POINT('',(291.01876972558,-1.737470909101,
    -0.998485427346));
#536 = CARTESIAN_POINT('',(291.24501988355,-1.848746288073,
    -0.773249940788));
#537 = CARTESIAN_POINT('',(291.3358543429,-1.901018102752,
    -0.640920376328));
#538 = CARTESIAN_POINT('',(291.46518194315,-1.977740460213,
    -0.336439337507));
#539 = CARTESIAN_POINT('',(291.49968901152,-1.999805632401,
    -0.171319366951));
#540 = CARTESIAN_POINT('',(291.50030681406,-2.000191758596,
    0.166750777266));
#541 = CARTESIAN_POINT('',(291.46549731931,-1.977955764442,
    0.334555027633));
#542 = CARTESIAN_POINT('',(291.33816548065,-1.902361528765,
    0.636597743067));
#543 = CARTESIAN_POINT('',(291.24596244517,-1.849266172644,
    0.772011524001));
#544 = CARTESIAN_POINT('',(291.02017558527,-1.738106618493,
    0.997382851882));
#545 = CARTESIAN_POINT('',(290.88805710525,-1.680455536182,
    1.087269633776));
#546 = CARTESIAN_POINT('',(290.58671343326,-1.59065705784,1.21486467969)
  );
#547 = CARTESIAN_POINT('',(290.41994370979,-1.5612494996,1.25));
#548 = CARTESIAN_POINT('',(290.25,-1.5612494996,1.25));
#549 = ORIENTED_EDGE('',*,*,#226,.F.);
#550 = FACE_BOUND('',#551,.F.);
#551 = EDGE_LOOP('',(#552,#558,#559,#565));
#552 = ORIENTED_EDGE('',*,*,#553,.T.);
#553 = EDGE_CURVE('',#167,#64,#554,.T.);
#554 = LINE('',#555,#556);
#555 = CARTESIAN_POINT('',(330.,0.,2.));
#556 = VECTOR('',#557,1.);
#557 = DIRECTION('',(-1.,-0.,-0.));
#558 = ORIENTED_EDGE('',*,*,#90,.F.);
#559 = ORIENTED_EDGE('',*,*,#560,.F.);
#560 = EDGE_CURVE('',#148,#83,#561,.T.);
#561 = LINE('',#562,#563);
#562 = CARTESIAN_POINT('',(330.,2.4E-16,-2.));
#563 = VECTOR('',#564,1.);
#564 = DIRECTION('',(-1.,-0.,-0.));
#565 = ORIENTED_EDGE('',*,*,#174,.F.);
#566 = CYLINDRICAL_SURFACE('',#567,2.);
#567 = AXIS2_PLACEMENT_3D('',#568,#569,#570);
#568 = CARTESIAN_POINT('',(330.,0.,0.));
#569 = DIRECTION('',(-1.,-0.,-0.));
#570 = DIRECTION('',(-0.,0.,1.));
#571 = ADVANCED_FACE('',(#572,#596),#612,.F.);
#572 = FACE_BOUND('',#573,.F.);
#573 = EDGE_LOOP('',(#574,#595));
#574 = ORIENTED_EDGE('',*,*,#575,.F.);
#575 = EDGE_CURVE('',#397,#389,#576,.T.);
#576 = B_SPLINE_CURVE_WITH_KNOTS('',3,(#577,#578,#579,#580,#581,#582,
    #583,#584,#585,#586,#587,#588,#589,#590,#591,#592,#593,#594),
  .UNSPECIFIED.,.F.,.F.,(4,2,2,2,2,2,2,2,4),(4.018604478736E-03,
    4.519599264875E-03,5.020594051015E-03,5.521588837155E-03,
    6.022583623295E-03,6.523578409434E-03,7.024573195574E-03,
    7.525567981714E-03,8.026562767853E-03),.UNSPECIFIED.);
#577 = CARTESIAN_POINT('',(290.25,-1.5612494996,18.75));
#578 = CARTESIAN_POINT('',(290.4194384326,-1.5612494996,18.75));
#579 = CARTESIAN_POINT('',(290.58590326217,-1.590575341699,
    18.785085516246));
#580 = CARTESIAN_POINT('',(290.88506044315,-1.679404859628,
    18.911171988828));
#581 = CARTESIAN_POINT('',(291.01876972558,-1.737470909101,
    19.001514572654));
#582 = CARTESIAN_POINT('',(291.24501988355,-1.848746288073,
    19.226750059212));
#583 = CARTESIAN_POINT('',(291.3358543429,-1.901018102752,
    19.359079623672));
#584 = CARTESIAN_POINT('',(291.46518194315,-1.977740460213,
    19.663560662493));
#585 = CARTESIAN_POINT('',(291.49968901152,-1.999805632401,
    19.828680633049));
#586 = CARTESIAN_POINT('',(291.50030681406,-2.000191758597,
    20.166750777266));
#587 = CARTESIAN_POINT('',(291.46549731931,-1.977955764442,
    20.334555027633));
#588 = CARTESIAN_POINT('',(291.33816548065,-1.902361528765,
    20.636597743067));
#589 = CARTESIAN_POINT('',(291.24596244517,-1.849266172644,
    20.772011524001));
#590 = CARTESIAN_POINT('',(291.02017558527,-1.738106618493,
    20.997382851882));
#591 = CARTESIAN_POINT('',(290.88805710525,-1.680455536182,
    21.087269633776));
#592 = CARTESIAN_POINT('',(290.58671343326,-1.59065705784,21.21486467969
    ));
#593 = CARTESIAN_POINT('',(290.41994370979,-1.5612494996,21.25));
#594 = CARTESIAN_POINT('',(290.25,-1.5612494996,21.25));
#595 = ORIENTED_EDGE('',*,*,#396,.F.);
#596 = FACE_BOUND('',#597,.F.);
#597 = EDGE_LOOP('',(#598,#604,#605,#611));
#598 = ORIENTED_EDGE('',*,*,#599,.T.);
#599 = EDGE_CURVE('',#125,#22,#600,.T.);
#600 = LINE('',#601,#602);
#601 = CARTESIAN_POINT('',(330.,-1.73E-15,22.));
#602 = VECTOR('',#603,1.);
#603 = DIRECTION('',(-1.,-0.,-0.));
#604 = ORIENTED_EDGE('',*,*,#48,.F.);
#605 = ORIENTED_EDGE('',*,*,#606,.F.);
#606 = EDGE_CURVE('',#106,#41,#607,.T.);
#607 = LINE('',#608,#609);
#608 = CARTESIAN_POINT('',(330.,-1.49E-15,18.));
#609 = VECTOR('',#610,1.);
#610 = DIRECTION('',(-1.,-0.,-0.));
#611 = ORIENTED_EDGE('',*,*,#132,.F.);
#612 = CYLINDRICAL_SURFACE('',#613,2.);
#613 = AXIS2_PLACEMENT_3D('',#614,#615,#616);
#614 = CARTESIAN_POINT('',(330.,-1.73E-15,20.));
#615 = DIRECTION('',(-1.,-0.,-0.));
#616 = DIRECTION('',(-0.,0.,1.));
#617 = ADVANCED_FACE('',(#618),#654,.T.);
#618 = FACE_BOUND('',#619,.T.);
#619 = EDGE_LOOP('',(#620,#631,#639,#648));
#620 = ORIENTED_EDGE('',*,*,#621,.T.);
#621 = EDGE_CURVE('',#622,#624,#626,.T.);
#622 = VERTEX_POINT('',#623);
#623 = CARTESIAN_POINT('',(330.,8.2,-3.482842712475));
#624 = VERTEX_POINT('',#625);
#625 = CARTESIAN_POINT('',(330.,8.4,-3.282842712475));
#626 = CIRCLE('',#627,0.2);
#627 = AXIS2_PLACEMENT_3D('',#628,#629,#630);
#628 = CARTESIAN_POINT('',(330.,8.4,-3.482842712475));
#629 = DIRECTION('',(-1.,0.,0.));
#630 = DIRECTION('',(0.,0.,1.));
#631 = ORIENTED_EDGE('',*,*,#632,.T.);
#632 = EDGE_CURVE('',#624,#633,#635,.T.);
#633 = VERTEX_POINT('',#634);
#634 = CARTESIAN_POINT('',(-70.,8.4,-3.282842712475));
#635 = LINE('',#636,#637);
#636 = CARTESIAN_POINT('',(330.,8.4,-3.282842712475));
#637 = VECTOR('',#638,1.);
#638 = DIRECTION('',(-1.,0.,0.));
#639 = ORIENTED_EDGE('',*,*,#640,.T.);
#640 = EDGE_CURVE('',#633,#641,#643,.T.);
#641 = VERTEX_POINT('',#642);
#642 = CARTESIAN_POINT('',(-70.,8.2,-3.482842712475));
#643 = CIRCLE('',#644,0.2);
#644 = AXIS2_PLACEMENT_3D('',#645,#646,#647);
#645 = CARTESIAN_POINT('',(-70.,8.4,-3.482842712475));
#646 = DIRECTION('',(1.,-0.,0.));
#647 = DIRECTION('',(0.,0.,-1.));
#648 = ORIENTED_EDGE('',*,*,#649,.T.);
#649 = EDGE_CURVE('',#641,#622,#650,.T.);
#650 = LINE('',#651,#652);
#651 = CARTESIAN_POINT('',(330.,8.2,-3.482842712475));
#652 = VECTOR('',#653,1.);
#653 = DIRECTION('',(1.,0.,0.));
#654 = CYLINDRICAL_SURFACE('',#655,0.2);
#655 = AXIS2_PLACEMENT_3D('',#656,#657,#658);
#656 = CARTESIAN_POINT('',(330.,8.4,-3.482842712475));
#657 = DIRECTION('',(-1.,0.,0.));
#658 = DIRECTION('',(0.,0.,1.));
#659 = ADVANCED_FACE('',(#660),#696,.T.);
#660 = FACE_BOUND('',#661,.T.);
#661 = EDGE_LOOP('',(#662,#673,#681,#690));
#662 = ORIENTED_EDGE('',*,*,#663,.T.);
#663 = EDGE_CURVE('',#664,#666,#668,.T.);
#664 = VERTEX_POINT('',#665);
#665 = CARTESIAN_POINT('',(330.,-8.541421356237,-3.341421356237));
#666 = VERTEX_POINT('',#667);
#667 = CARTESIAN_POINT('',(330.,-8.4,-3.282842712475));
#668 = CIRCLE('',#669,0.2);
#669 = AXIS2_PLACEMENT_3D('',#670,#671,#672);
#670 = CARTESIAN_POINT('',(330.,-8.4,-3.482842712475));
#671 = DIRECTION('',(-1.,0.,0.));
#672 = DIRECTION('',(0.,0.,1.));
#673 = ORIENTED_EDGE('',*,*,#674,.T.);
#674 = EDGE_CURVE('',#666,#675,#677,.T.);
#675 = VERTEX_POINT('',#676);
#676 = CARTESIAN_POINT('',(-70.,-8.4,-3.282842712475));
#677 = LINE('',#678,#679);
#678 = CARTESIAN_POINT('',(330.,-8.4,-3.282842712475));
#679 = VECTOR('',#680,1.);
#680 = DIRECTION('',(-1.,0.,0.));
#681 = ORIENTED_EDGE('',*,*,#682,.T.);
#682 = EDGE_CURVE('',#675,#683,#685,.T.);
#683 = VERTEX_POINT('',#684);
#684 = CARTESIAN_POINT('',(-70.,-8.541421356237,-3.341421356237));
#685 = CIRCLE('',#686,0.2);
#686 = AXIS2_PLACEMENT_3D('',#687,#688,#689);
#687 = CARTESIAN_POINT('',(-70.,-8.4,-3.482842712475));
#688 = DIRECTION('',(1.,-0.,0.));
#689 = DIRECTION('',(0.,0.,-1.));
#690 = ORIENTED_EDGE('',*,*,#691,.T.);
#691 = EDGE_CURVE('',#683,#664,#692,.T.);
#692 = LINE('',#693,#694);
#693 = CARTESIAN_POINT('',(330.,-8.541421356237,-3.341421356237));
#694 = VECTOR('',#695,1.);
#695 = DIRECTION('',(1.,-0.,0.));
#696 = CYLINDRICAL_SURFACE('',#697,0.2);
#697 = AXIS2_PLACEMENT_3D('',#698,#699,#700);
#698 = CARTESIAN_POINT('',(330.,-8.4,-3.482842712475));
#699 = DIRECTION('',(-1.,0.,0.));
#700 = DIRECTION('',(0.,0.,1.));
#701 = ADVANCED_FACE('',(#702),#774,.F.);
#702 = FACE_BOUND('',#703,.F.);
#703 = EDGE_LOOP('',(#704,#715,#724,#732,#741,#750,#759,#767));
#704 = ORIENTED_EDGE('',*,*,#705,.T.);
#705 = EDGE_CURVE('',#706,#708,#710,.T.);
#706 = VERTEX_POINT('',#707);
#707 = CARTESIAN_POINT('',(127.96039219456,-0.5,16.));
#708 = VERTEX_POINT('',#709);
#709 = CARTESIAN_POINT('',(132.03960780543,-0.5,16.));
#710 = CIRCLE('',#711,2.1);
#711 = AXIS2_PLACEMENT_3D('',#712,#713,#714);
#712 = CARTESIAN_POINT('',(130.,3.342E-14,16.));
#713 = DIRECTION('',(0.,0.,1.));
#714 = DIRECTION('',(1.,0.,-0.));
#715 = ORIENTED_EDGE('',*,*,#716,.T.);
#716 = EDGE_CURVE('',#708,#717,#719,.T.);
#717 = VERTEX_POINT('',#718);
#718 = CARTESIAN_POINT('',(132.1,3.3E-14,16.5));
#719 = ( BOUNDED_CURVE() B_SPLINE_CURVE(3,(#720,#721,#722,#723),
.UNSPECIFIED.,.F.,.F.) B_SPLINE_CURVE_WITH_KNOTS((4,4),(4.471984763615,
4.712388980385),.PIECEWISE_BEZIER_KNOTS.) CURVE() 
GEOMETRIC_REPRESENTATION_ITEM() RATIONAL_B_SPLINE_CURVE((1.,
0.995189613824,0.995189613824,1.)) REPRESENTATION_ITEM('') );
#720 = CARTESIAN_POINT('',(132.03960780543,-0.5,16.));
#721 = CARTESIAN_POINT('',(132.07977196381,-0.336161738154,
    16.163838261846));
#722 = CARTESIAN_POINT('',(132.1,-0.16868946518,16.33131053482));
#723 = CARTESIAN_POINT('',(132.1,3.342E-14,16.5));
#724 = ORIENTED_EDGE('',*,*,#725,.T.);
#725 = EDGE_CURVE('',#717,#726,#728,.T.);
#726 = VERTEX_POINT('',#727);
#727 = CARTESIAN_POINT('',(132.1,-1.2E-14,16.582842712475));
#728 = LINE('',#729,#730);
#729 = CARTESIAN_POINT('',(132.1,3.342E-14,30.));
#730 = VECTOR('',#731,1.);
#731 = DIRECTION('',(0.,0.,1.));
#732 = ORIENTED_EDGE('',*,*,#733,.F.);
#733 = EDGE_CURVE('',#734,#726,#736,.T.);
#734 = VERTEX_POINT('',#735);
#735 = CARTESIAN_POINT('',(132.03960780543,-0.5,16.082842712475));
#736 = ( BOUNDED_CURVE() B_SPLINE_CURVE(3,(#737,#738,#739,#740),
.UNSPECIFIED.,.F.,.F.) B_SPLINE_CURVE_WITH_KNOTS((4,4),(4.471984763615,
4.712388980385),.PIECEWISE_BEZIER_KNOTS.) CURVE() 
GEOMETRIC_REPRESENTATION_ITEM() RATIONAL_B_SPLINE_CURVE((1.,
0.995189613824,0.995189613824,1.)) REPRESENTATION_ITEM('') );
#737 = CARTESIAN_POINT('',(132.03960780543,-0.5,16.082842712475));
#738 = CARTESIAN_POINT('',(132.07977196381,-0.336161738154,
    16.246680974321));
#739 = CARTESIAN_POINT('',(132.1,-0.16868946518,16.414153247294));
#740 = CARTESIAN_POINT('',(132.1,-1.214E-14,16.582842712475));
#741 = ORIENTED_EDGE('',*,*,#742,.F.);
#742 = EDGE_CURVE('',#743,#734,#745,.T.);
#743 = VERTEX_POINT('',#744);
#744 = CARTESIAN_POINT('',(127.96039219456,-0.5,16.082842712475));
#745 = CIRCLE('',#746,2.1);
#746 = AXIS2_PLACEMENT_3D('',#747,#748,#749);
#747 = CARTESIAN_POINT('',(130.,3.342E-14,16.082842712475));
#748 = DIRECTION('',(-0.,0.,1.));
#749 = DIRECTION('',(-1.,-8.9E-16,-0.));
#750 = ORIENTED_EDGE('',*,*,#751,.F.);
#751 = EDGE_CURVE('',#752,#743,#754,.T.);
#752 = VERTEX_POINT('',#753);
#753 = CARTESIAN_POINT('',(127.9,-1.2E-14,16.582842712475));
#754 = ( BOUNDED_CURVE() B_SPLINE_CURVE(3,(#755,#756,#757,#758),
.UNSPECIFIED.,.F.,.F.) B_SPLINE_CURVE_WITH_KNOTS((4,4),(1.570796326795,
1.811200543564),.PIECEWISE_BEZIER_KNOTS.) CURVE() 
GEOMETRIC_REPRESENTATION_ITEM() RATIONAL_B_SPLINE_CURVE((1.,
0.995189613824,0.995189613824,1.)) REPRESENTATION_ITEM('') );
#755 = CARTESIAN_POINT('',(127.9,-1.214E-14,16.582842712475));
#756 = CARTESIAN_POINT('',(127.9,-0.16868946518,16.414153247294));
#757 = CARTESIAN_POINT('',(127.92022803618,-0.336161738154,
    16.246680974321));
#758 = CARTESIAN_POINT('',(127.96039219456,-0.5,16.082842712475));
#759 = ORIENTED_EDGE('',*,*,#760,.F.);
#760 = EDGE_CURVE('',#761,#752,#763,.T.);
#761 = VERTEX_POINT('',#762);
#762 = CARTESIAN_POINT('',(127.9,-1.2E-14,16.5));
#763 = LINE('',#764,#765);
#764 = CARTESIAN_POINT('',(127.9,3.368E-14,30.));
#765 = VECTOR('',#766,1.);
#766 = DIRECTION('',(0.,0.,1.));
#767 = ORIENTED_EDGE('',*,*,#768,.T.);
#768 = EDGE_CURVE('',#761,#706,#769,.T.);
#769 = ( BOUNDED_CURVE() B_SPLINE_CURVE(3,(#770,#771,#772,#773),
.UNSPECIFIED.,.F.,.F.) B_SPLINE_CURVE_WITH_KNOTS((4,4),(1.570796326795,
1.811200543564),.PIECEWISE_BEZIER_KNOTS.) CURVE() 
GEOMETRIC_REPRESENTATION_ITEM() RATIONAL_B_SPLINE_CURVE((1.,
0.995189613824,0.995189613824,1.)) REPRESENTATION_ITEM('') );
#770 = CARTESIAN_POINT('',(127.9,-1.165E-14,16.5));
#771 = CARTESIAN_POINT('',(127.9,-0.16868946518,16.33131053482));
#772 = CARTESIAN_POINT('',(127.92022803618,-0.336161738154,
    16.163838261846));
#773 = CARTESIAN_POINT('',(127.96039219456,-0.5,16.));
#774 = CYLINDRICAL_SURFACE('',#775,2.1);
#775 = AXIS2_PLACEMENT_3D('',#776,#777,#778);
#776 = CARTESIAN_POINT('',(130.,3.342E-14,30.));
#777 = DIRECTION('',(0.,0.,1.));
#778 = DIRECTION('',(1.,0.,-0.));
#779 = ADVANCED_FACE('',(#780),#852,.F.);
#780 = FACE_BOUND('',#781,.F.);
#781 = EDGE_LOOP('',(#782,#793,#802,#810,#819,#828,#837,#845));
#782 = ORIENTED_EDGE('',*,*,#783,.T.);
#783 = EDGE_CURVE('',#784,#786,#788,.T.);
#784 = VERTEX_POINT('',#785);
#785 = CARTESIAN_POINT('',(107.96039219456,-0.5,16.));
#786 = VERTEX_POINT('',#787);
#787 = CARTESIAN_POINT('',(112.03960780543,-0.5,16.));
#788 = CIRCLE('',#789,2.1);
#789 = AXIS2_PLACEMENT_3D('',#790,#791,#792);
#790 = CARTESIAN_POINT('',(110.,3.296E-14,16.));
#791 = DIRECTION('',(0.,0.,1.));
#792 = DIRECTION('',(1.,0.,-0.));
#793 = ORIENTED_EDGE('',*,*,#794,.T.);
#794 = EDGE_CURVE('',#786,#795,#797,.T.);
#795 = VERTEX_POINT('',#796);
#796 = CARTESIAN_POINT('',(112.1,3.3E-14,16.5));
#797 = ( BOUNDED_CURVE() B_SPLINE_CURVE(3,(#798,#799,#800,#801),
.UNSPECIFIED.,.F.,.F.) B_SPLINE_CURVE_WITH_KNOTS((4,4),(4.471984763615,
4.712388980385),.PIECEWISE_BEZIER_KNOTS.) CURVE() 
GEOMETRIC_REPRESENTATION_ITEM() RATIONAL_B_SPLINE_CURVE((1.,
0.995189613824,0.995189613824,1.)) REPRESENTATION_ITEM('') );
#798 = CARTESIAN_POINT('',(112.03960780543,-0.5,16.));
#799 = CARTESIAN_POINT('',(112.07977196381,-0.336161738154,
    16.163838261846));
#800 = CARTESIAN_POINT('',(112.1,-0.16868946518,16.33131053482));
#801 = CARTESIAN_POINT('',(112.1,3.296E-14,16.5));
#802 = ORIENTED_EDGE('',*,*,#803,.T.);
#803 = EDGE_CURVE('',#795,#804,#806,.T.);
#804 = VERTEX_POINT('',#805);
#805 = CARTESIAN_POINT('',(112.1,-1.2E-14,16.582842712475));
#806 = LINE('',#807,#808);
#807 = CARTESIAN_POINT('',(112.1,3.296E-14,30.));
#808 = VECTOR('',#809,1.);
#809 = DIRECTION('',(0.,0.,1.));
#810 = ORIENTED_EDGE('',*,*,#811,.F.);
#811 = EDGE_CURVE('',#812,#804,#814,.T.);
#812 = VERTEX_POINT('',#813);
#813 = CARTESIAN_POINT('',(112.03960780543,-0.5,16.082842712475));
#814 = ( BOUNDED_CURVE() B_SPLINE_CURVE(3,(#815,#816,#817,#818),
.UNSPECIFIED.,.F.,.F.) B_SPLINE_CURVE_WITH_KNOTS((4,4),(4.471984763615,
4.712388980385),.PIECEWISE_BEZIER_KNOTS.) CURVE() 
GEOMETRIC_REPRESENTATION_ITEM() RATIONAL_B_SPLINE_CURVE((1.,
0.995189613824,0.995189613824,1.)) REPRESENTATION_ITEM('') );
#815 = CARTESIAN_POINT('',(112.03960780543,-0.5,16.082842712475));
#816 = CARTESIAN_POINT('',(112.07977196381,-0.336161738154,
    16.246680974321));
#817 = CARTESIAN_POINT('',(112.1,-0.16868946518,16.414153247294));
#818 = CARTESIAN_POINT('',(112.1,-1.214E-14,16.582842712475));
#819 = ORIENTED_EDGE('',*,*,#820,.F.);
#820 = EDGE_CURVE('',#821,#812,#823,.T.);
#821 = VERTEX_POINT('',#822);
#822 = CARTESIAN_POINT('',(107.96039219456,-0.5,16.082842712475));
#823 = CIRCLE('',#824,2.1);
#824 = AXIS2_PLACEMENT_3D('',#825,#826,#827);
#825 = CARTESIAN_POINT('',(110.,3.296E-14,16.082842712475));
#826 = DIRECTION('',(-0.,0.,1.));
#827 = DIRECTION('',(-1.,-8.9E-16,-0.));
#828 = ORIENTED_EDGE('',*,*,#829,.F.);
#829 = EDGE_CURVE('',#830,#821,#832,.T.);
#830 = VERTEX_POINT('',#831);
#831 = CARTESIAN_POINT('',(107.9,-1.2E-14,16.582842712475));
#832 = ( BOUNDED_CURVE() B_SPLINE_CURVE(3,(#833,#834,#835,#836),
.UNSPECIFIED.,.F.,.F.) B_SPLINE_CURVE_WITH_KNOTS((4,4),(1.570796326795,
1.811200543564),.PIECEWISE_BEZIER_KNOTS.) CURVE() 
GEOMETRIC_REPRESENTATION_ITEM() RATIONAL_B_SPLINE_CURVE((1.,
0.995189613824,0.995189613824,1.)) REPRESENTATION_ITEM('') );
#833 = CARTESIAN_POINT('',(107.9,-1.214E-14,16.582842712475));
#834 = CARTESIAN_POINT('',(107.9,-0.16868946518,16.414153247294));
#835 = CARTESIAN_POINT('',(107.92022803618,-0.336161738154,
    16.246680974321));
#836 = CARTESIAN_POINT('',(107.96039219456,-0.5,16.082842712475));
#837 = ORIENTED_EDGE('',*,*,#838,.F.);
#838 = EDGE_CURVE('',#839,#830,#841,.T.);
#839 = VERTEX_POINT('',#840);
#840 = CARTESIAN_POINT('',(107.9,-1.2E-14,16.5));
#841 = LINE('',#842,#843);
#842 = CARTESIAN_POINT('',(107.9,3.322E-14,30.));
#843 = VECTOR('',#844,1.);
#844 = DIRECTION('',(0.,0.,1.));
#845 = ORIENTED_EDGE('',*,*,#846,.T.);
#846 = EDGE_CURVE('',#839,#784,#847,.T.);
#847 = ( BOUNDED_CURVE() B_SPLINE_CURVE(3,(#848,#849,#850,#851),
.UNSPECIFIED.,.F.,.F.) B_SPLINE_CURVE_WITH_KNOTS((4,4),(1.570796326795,
1.811200543564),.PIECEWISE_BEZIER_KNOTS.) CURVE() 
GEOMETRIC_REPRESENTATION_ITEM() RATIONAL_B_SPLINE_CURVE((1.,
0.995189613824,0.995189613824,1.)) REPRESENTATION_ITEM('') );
#848 = CARTESIAN_POINT('',(107.9,-1.188E-14,16.5));
#849 = CARTESIAN_POINT('',(107.9,-0.16868946518,16.33131053482));
#850 = CARTESIAN_POINT('',(107.92022803618,-0.336161738154,
    16.163838261846));
#851 = CARTESIAN_POINT('',(107.96039219456,-0.5,16.));
#852 = CYLINDRICAL_SURFACE('',#853,2.1);
#853 = AXIS2_PLACEMENT_3D('',#854,#855,#856);
#854 = CARTESIAN_POINT('',(110.,3.296E-14,30.));
#855 = DIRECTION('',(0.,0.,1.));
#856 = DIRECTION('',(1.,0.,-0.));
#857 = ADVANCED_FACE('',(#858),#893,.F.);
#858 = FACE_BOUND('',#859,.T.);
#859 = EDGE_LOOP('',(#860,#870,#879,#887));
#860 = ORIENTED_EDGE('',*,*,#861,.F.);
#861 = EDGE_CURVE('',#862,#864,#866,.T.);
#862 = VERTEX_POINT('',#863);
#863 = CARTESIAN_POINT('',(291.5,-3.5,-2.4E-14));
#864 = VERTEX_POINT('',#865);
#865 = CARTESIAN_POINT('',(330.,-3.5,-2.4E-14));
#866 = LINE('',#867,#868);
#867 = CARTESIAN_POINT('',(330.,-3.5,-2.398E-14));
#868 = VECTOR('',#869,1.);
#869 = DIRECTION('',(1.,-0.,0.));
#870 = ORIENTED_EDGE('',*,*,#871,.T.);
#871 = EDGE_CURVE('',#862,#872,#874,.T.);
#872 = VERTEX_POINT('',#873);
#873 = CARTESIAN_POINT('',(291.39564392373,-4.,-0.5));
#874 = ( BOUNDED_CURVE() B_SPLINE_CURVE(3,(#875,#876,#877,#878),
.UNSPECIFIED.,.F.,.F.) B_SPLINE_CURVE_WITH_KNOTS((4,4),(1.570796326795,
1.982313172862),.PIECEWISE_BEZIER_KNOTS.) CURVE() 
GEOMETRIC_REPRESENTATION_ITEM() RATIONAL_B_SPLINE_CURVE((1.,
0.985937541954,0.985937541954,1.)) REPRESENTATION_ITEM('') );
#875 = CARTESIAN_POINT('',(291.5,-3.5,-2.398E-14));
#876 = CARTESIAN_POINT('',(291.5,-3.672686432114,-0.172686432114));
#877 = CARTESIAN_POINT('',(291.46471849658,-3.841730270669,
    -0.341730270669));
#878 = CARTESIAN_POINT('',(291.39564392373,-4.,-0.5));
#879 = ORIENTED_EDGE('',*,*,#880,.T.);
#880 = EDGE_CURVE('',#872,#881,#883,.T.);
#881 = VERTEX_POINT('',#882);
#882 = CARTESIAN_POINT('',(330.,-4.,-0.5));
#883 = LINE('',#884,#885);
#884 = CARTESIAN_POINT('',(330.,-4.,-0.5));
#885 = VECTOR('',#886,1.);
#886 = DIRECTION('',(1.,0.,-0.));
#887 = ORIENTED_EDGE('',*,*,#888,.F.);
#888 = EDGE_CURVE('',#864,#881,#889,.T.);
#889 = LINE('',#890,#891);
#890 = CARTESIAN_POINT('',(330.,-3.5,-2.398E-14));
#891 = VECTOR('',#892,1.);
#892 = DIRECTION('',(0.,-0.707106781187,-0.707106781187));
#893 = PLANE('',#894);
#894 = AXIS2_PLACEMENT_3D('',#895,#896,#897);
#895 = CARTESIAN_POINT('',(330.,-3.5,-2.398E-14));
#896 = DIRECTION('',(0.,0.707106781187,-0.707106781187));
#897 = DIRECTION('',(0.,0.707106781187,0.707106781187));
#898 = ADVANCED_FACE('',(#899),#924,.F.);
#899 = FACE_BOUND('',#900,.T.);
#900 = EDGE_LOOP('',(#901,#909,#910,#918));
#901 = ORIENTED_EDGE('',*,*,#902,.T.);
#902 = EDGE_CURVE('',#903,#192,#905,.T.);
#903 = VERTEX_POINT('',#904);
#904 = CARTESIAN_POINT('',(-70.,-3.5,-2.4E-14));
#905 = LINE('',#906,#907);
#906 = CARTESIAN_POINT('',(330.,-3.5,-2.398E-14));
#907 = VECTOR('',#908,1.);
#908 = DIRECTION('',(1.,-0.,0.));
#909 = ORIENTED_EDGE('',*,*,#200,.T.);
#910 = ORIENTED_EDGE('',*,*,#911,.T.);
#911 = EDGE_CURVE('',#201,#912,#914,.T.);
#912 = VERTEX_POINT('',#913);
#913 = CARTESIAN_POINT('',(-70.,-4.,0.5));
#914 = LINE('',#915,#916);
#915 = CARTESIAN_POINT('',(330.,-4.,0.5));
#916 = VECTOR('',#917,1.);
#917 = DIRECTION('',(-1.,-0.,0.));
#918 = ORIENTED_EDGE('',*,*,#919,.T.);
#919 = EDGE_CURVE('',#912,#903,#920,.T.);
#920 = LINE('',#921,#922);
#921 = CARTESIAN_POINT('',(-70.,-1.75,-1.75));
#922 = VECTOR('',#923,1.);
#923 = DIRECTION('',(0.,0.707106781187,-0.707106781187));
#924 = PLANE('',#925);
#925 = AXIS2_PLACEMENT_3D('',#926,#927,#928);
#926 = CARTESIAN_POINT('',(330.,-4.,0.5));
#927 = DIRECTION('',(-0.,0.707106781187,0.707106781187));
#928 = DIRECTION('',(0.,-0.707106781187,0.707106781187));
#929 = ADVANCED_FACE('',(#930),#965,.F.);
#930 = FACE_BOUND('',#931,.T.);
#931 = EDGE_LOOP('',(#932,#942,#951,#959));
#932 = ORIENTED_EDGE('',*,*,#933,.T.);
#933 = EDGE_CURVE('',#934,#936,#938,.T.);
#934 = VERTEX_POINT('',#935);
#935 = CARTESIAN_POINT('',(330.,4.,-0.5));
#936 = VERTEX_POINT('',#937);
#937 = CARTESIAN_POINT('',(291.39564392373,4.,-0.5));
#938 = LINE('',#939,#940);
#939 = CARTESIAN_POINT('',(330.,4.,-0.5));
#940 = VECTOR('',#941,1.);
#941 = DIRECTION('',(-1.,-0.,-0.));
#942 = ORIENTED_EDGE('',*,*,#943,.T.);
#943 = EDGE_CURVE('',#936,#944,#946,.T.);
#944 = VERTEX_POINT('',#945);
#945 = CARTESIAN_POINT('',(291.5,3.5,-0.));
#946 = ( BOUNDED_CURVE() B_SPLINE_CURVE(3,(#947,#948,#949,#950),
.UNSPECIFIED.,.F.,.F.) B_SPLINE_CURVE_WITH_KNOTS((4,4),(1.159279480727,
1.570796326795),.PIECEWISE_BEZIER_KNOTS.) CURVE() 
GEOMETRIC_REPRESENTATION_ITEM() RATIONAL_B_SPLINE_CURVE((1.,
0.985937541954,0.985937541954,1.)) REPRESENTATION_ITEM('') );
#947 = CARTESIAN_POINT('',(291.39564392373,4.,-0.5));
#948 = CARTESIAN_POINT('',(291.46471849658,3.841730270669,
    -0.341730270669));
#949 = CARTESIAN_POINT('',(291.5,3.672686432114,-0.172686432114));
#950 = CARTESIAN_POINT('',(291.5,3.5,-4.6E-16));
#951 = ORIENTED_EDGE('',*,*,#952,.T.);
#952 = EDGE_CURVE('',#944,#953,#955,.T.);
#953 = VERTEX_POINT('',#954);
#954 = CARTESIAN_POINT('',(330.,3.5,-0.));
#955 = LINE('',#956,#957);
#956 = CARTESIAN_POINT('',(330.,3.5,-4.6E-16));
#957 = VECTOR('',#958,1.);
#958 = DIRECTION('',(1.,0.,0.));
#959 = ORIENTED_EDGE('',*,*,#960,.F.);
#960 = EDGE_CURVE('',#934,#953,#961,.T.);
#961 = LINE('',#962,#963);
#962 = CARTESIAN_POINT('',(330.,4.,-0.5));
#963 = VECTOR('',#964,1.);
#964 = DIRECTION('',(0.,-0.707106781187,0.707106781187));
#965 = PLANE('',#966);
#966 = AXIS2_PLACEMENT_3D('',#967,#968,#969);
#967 = CARTESIAN_POINT('',(330.,4.,-0.5));
#968 = DIRECTION('',(0.,-0.707106781187,-0.707106781187));
#969 = DIRECTION('',(0.,0.707106781187,-0.707106781187));
#970 = ADVANCED_FACE('',(#971),#996,.F.);
#971 = FACE_BOUND('',#972,.T.);
#972 = EDGE_LOOP('',(#973,#981,#982,#990));
#973 = ORIENTED_EDGE('',*,*,#974,.T.);
#974 = EDGE_CURVE('',#975,#287,#977,.T.);
#975 = VERTEX_POINT('',#976);
#976 = CARTESIAN_POINT('',(-70.,4.,0.5));
#977 = LINE('',#978,#979);
#978 = CARTESIAN_POINT('',(330.,4.,0.5));
#979 = VECTOR('',#980,1.);
#980 = DIRECTION('',(1.,0.,0.));
#981 = ORIENTED_EDGE('',*,*,#295,.T.);
#982 = ORIENTED_EDGE('',*,*,#983,.F.);
#983 = EDGE_CURVE('',#984,#296,#986,.T.);
#984 = VERTEX_POINT('',#985);
#985 = CARTESIAN_POINT('',(-70.,3.5,-1.E-15));
#986 = LINE('',#987,#988);
#987 = CARTESIAN_POINT('',(330.,3.5,-4.6E-16));
#988 = VECTOR('',#989,1.);
#989 = DIRECTION('',(1.,0.,0.));
#990 = ORIENTED_EDGE('',*,*,#991,.T.);
#991 = EDGE_CURVE('',#984,#975,#992,.T.);
#992 = LINE('',#993,#994);
#993 = CARTESIAN_POINT('',(-70.,1.75,-1.75));
#994 = VECTOR('',#995,1.);
#995 = DIRECTION('',(0.,0.707106781187,0.707106781187));
#996 = PLANE('',#997);
#997 = AXIS2_PLACEMENT_3D('',#998,#999,#1000);
#998 = CARTESIAN_POINT('',(330.,3.5,-4.6E-16));
#999 = DIRECTION('',(0.,-0.707106781187,0.707106781187));
#1000 = DIRECTION('',(0.,-0.707106781187,-0.707106781187));
#1001 = ADVANCED_FACE('',(#1002),#1037,.T.);
#1002 = FACE_BOUND('',#1003,.T.);
#1003 = EDGE_LOOP('',(#1004,#1015,#1023,#1031));
#1004 = ORIENTED_EDGE('',*,*,#1005,.F.);
#1005 = EDGE_CURVE('',#1006,#1008,#1010,.T.);
#1006 = VERTEX_POINT('',#1007);
#1007 = CARTESIAN_POINT('',(291.5,-3.5,20.));
#1008 = VERTEX_POINT('',#1009);
#1009 = CARTESIAN_POINT('',(291.39564392373,-4.,20.5));
#1010 = ( BOUNDED_CURVE() B_SPLINE_CURVE(3,(#1011,#1012,#1013,#1014),
.UNSPECIFIED.,.F.,.F.) B_SPLINE_CURVE_WITH_KNOTS((4,4),(1.570796326795,
1.982313172862),.PIECEWISE_BEZIER_KNOTS.) CURVE() 
GEOMETRIC_REPRESENTATION_ITEM() RATIONAL_B_SPLINE_CURVE((1.,
0.985937541954,0.985937541954,1.)) REPRESENTATION_ITEM('') );
#1011 = CARTESIAN_POINT('',(291.5,-3.5,20.));
#1012 = CARTESIAN_POINT('',(291.5,-3.672686432114,20.172686432114));
#1013 = CARTESIAN_POINT('',(291.46471849658,-3.841730270669,
    20.341730270669));
#1014 = CARTESIAN_POINT('',(291.39564392373,-4.,20.5));
#1015 = ORIENTED_EDGE('',*,*,#1016,.F.);
#1016 = EDGE_CURVE('',#1017,#1006,#1019,.T.);
#1017 = VERTEX_POINT('',#1018);
#1018 = CARTESIAN_POINT('',(330.,-3.5,20.));
#1019 = LINE('',#1020,#1021);
#1020 = CARTESIAN_POINT('',(330.,-3.5,20.));
#1021 = VECTOR('',#1022,1.);
#1022 = DIRECTION('',(-1.,-0.,-0.));
#1023 = ORIENTED_EDGE('',*,*,#1024,.T.);
#1024 = EDGE_CURVE('',#1017,#1025,#1027,.T.);
#1025 = VERTEX_POINT('',#1026);
#1026 = CARTESIAN_POINT('',(330.,-4.,20.5));
#1027 = LINE('',#1028,#1029);
#1028 = CARTESIAN_POINT('',(330.,-3.5,20.));
#1029 = VECTOR('',#1030,1.);
#1030 = DIRECTION('',(-0.,-0.707106781187,0.707106781187));
#1031 = ORIENTED_EDGE('',*,*,#1032,.F.);
#1032 = EDGE_CURVE('',#1008,#1025,#1033,.T.);
#1033 = LINE('',#1034,#1035);
#1034 = CARTESIAN_POINT('',(330.,-4.,20.5));
#1035 = VECTOR('',#1036,1.);
#1036 = DIRECTION('',(1.,0.,0.));
#1037 = PLANE('',#1038);
#1038 = AXIS2_PLACEMENT_3D('',#1039,#1040,#1041);
#1039 = CARTESIAN_POINT('',(330.,-3.5,20.));
#1040 = DIRECTION('',(0.,-0.707106781187,-0.707106781187));
#1041 = DIRECTION('',(0.,0.707106781187,-0.707106781187));
#1042 = ADVANCED_FACE('',(#1043),#1068,.T.);
#1043 = FACE_BOUND('',#1044,.T.);
#1044 = EDGE_LOOP('',(#1045,#1046,#1054,#1062));
#1045 = ORIENTED_EDGE('',*,*,#359,.F.);
#1046 = ORIENTED_EDGE('',*,*,#1047,.T.);
#1047 = EDGE_CURVE('',#360,#1048,#1050,.T.);
#1048 = VERTEX_POINT('',#1049);
#1049 = CARTESIAN_POINT('',(-70.,-3.5,20.));
#1050 = LINE('',#1051,#1052);
#1051 = CARTESIAN_POINT('',(330.,-3.5,20.));
#1052 = VECTOR('',#1053,1.);
#1053 = DIRECTION('',(-1.,-0.,-0.));
#1054 = ORIENTED_EDGE('',*,*,#1055,.T.);
#1055 = EDGE_CURVE('',#1048,#1056,#1058,.T.);
#1056 = VERTEX_POINT('',#1057);
#1057 = CARTESIAN_POINT('',(-70.,-4.,19.5));
#1058 = LINE('',#1059,#1060);
#1059 = CARTESIAN_POINT('',(-70.,-11.75,11.75));
#1060 = VECTOR('',#1061,1.);
#1061 = DIRECTION('',(0.,-0.707106781187,-0.707106781187));
#1062 = ORIENTED_EDGE('',*,*,#1063,.F.);
#1063 = EDGE_CURVE('',#362,#1056,#1064,.T.);
#1064 = LINE('',#1065,#1066);
#1065 = CARTESIAN_POINT('',(330.,-4.,19.5));
#1066 = VECTOR('',#1067,1.);
#1067 = DIRECTION('',(-1.,-0.,-0.));
#1068 = PLANE('',#1069);
#1069 = AXIS2_PLACEMENT_3D('',#1070,#1071,#1072);
#1070 = CARTESIAN_POINT('',(330.,-4.,19.5));
#1071 = DIRECTION('',(0.,-0.707106781187,0.707106781187));
#1072 = DIRECTION('',(0.,-0.707106781187,-0.707106781187));
#1073 = ADVANCED_FACE('',(#1074),#1109,.T.);
#1074 = FACE_BOUND('',#1075,.T.);
#1075 = EDGE_LOOP('',(#1076,#1087,#1095,#1103));
#1076 = ORIENTED_EDGE('',*,*,#1077,.F.);
#1077 = EDGE_CURVE('',#1078,#1080,#1082,.T.);
#1078 = VERTEX_POINT('',#1079);
#1079 = CARTESIAN_POINT('',(291.39564392373,4.,20.5));
#1080 = VERTEX_POINT('',#1081);
#1081 = CARTESIAN_POINT('',(291.5,3.5,20.));
#1082 = ( BOUNDED_CURVE() B_SPLINE_CURVE(3,(#1083,#1084,#1085,#1086),
.UNSPECIFIED.,.F.,.F.) B_SPLINE_CURVE_WITH_KNOTS((4,4),(1.159279480727,
1.570796326795),.PIECEWISE_BEZIER_KNOTS.) CURVE() 
GEOMETRIC_REPRESENTATION_ITEM() RATIONAL_B_SPLINE_CURVE((1.,
0.985937541954,0.985937541954,1.)) REPRESENTATION_ITEM('') );
#1083 = CARTESIAN_POINT('',(291.39564392373,4.,20.5));
#1084 = CARTESIAN_POINT('',(291.46471849658,3.841730270669,
    20.341730270669));
#1085 = CARTESIAN_POINT('',(291.5,3.672686432114,20.172686432114));
#1086 = CARTESIAN_POINT('',(291.5,3.5,20.));
#1087 = ORIENTED_EDGE('',*,*,#1088,.F.);
#1088 = EDGE_CURVE('',#1089,#1078,#1091,.T.);
#1089 = VERTEX_POINT('',#1090);
#1090 = CARTESIAN_POINT('',(330.,4.,20.5));
#1091 = LINE('',#1092,#1093);
#1092 = CARTESIAN_POINT('',(330.,4.,20.5));
#1093 = VECTOR('',#1094,1.);
#1094 = DIRECTION('',(-1.,-0.,-0.));
#1095 = ORIENTED_EDGE('',*,*,#1096,.T.);
#1096 = EDGE_CURVE('',#1089,#1097,#1099,.T.);
#1097 = VERTEX_POINT('',#1098);
#1098 = CARTESIAN_POINT('',(330.,3.5,20.));
#1099 = LINE('',#1100,#1101);
#1100 = CARTESIAN_POINT('',(330.,4.,20.5));
#1101 = VECTOR('',#1102,1.);
#1102 = DIRECTION('',(-0.,-0.707106781187,-0.707106781187));
#1103 = ORIENTED_EDGE('',*,*,#1104,.T.);
#1104 = EDGE_CURVE('',#1097,#1080,#1105,.T.);
#1105 = LINE('',#1106,#1107);
#1106 = CARTESIAN_POINT('',(330.,3.5,20.));
#1107 = VECTOR('',#1108,1.);
#1108 = DIRECTION('',(-1.,0.,-0.));
#1109 = PLANE('',#1110);
#1110 = AXIS2_PLACEMENT_3D('',#1111,#1112,#1113);
#1111 = CARTESIAN_POINT('',(330.,4.,20.5));
#1112 = DIRECTION('',(0.,0.707106781187,-0.707106781187));
#1113 = DIRECTION('',(0.,0.707106781187,0.707106781187));
#1114 = ADVANCED_FACE('',(#1115),#1140,.T.);
#1115 = FACE_BOUND('',#1116,.T.);
#1116 = EDGE_LOOP('',(#1117,#1118,#1126,#1134));
#1117 = ORIENTED_EDGE('',*,*,#474,.F.);
#1118 = ORIENTED_EDGE('',*,*,#1119,.F.);
#1119 = EDGE_CURVE('',#1120,#475,#1122,.T.);
#1120 = VERTEX_POINT('',#1121);
#1121 = CARTESIAN_POINT('',(-70.,4.,19.5));
#1122 = LINE('',#1123,#1124);
#1123 = CARTESIAN_POINT('',(330.,4.,19.5));
#1124 = VECTOR('',#1125,1.);
#1125 = DIRECTION('',(1.,0.,0.));
#1126 = ORIENTED_EDGE('',*,*,#1127,.T.);
#1127 = EDGE_CURVE('',#1120,#1128,#1130,.T.);
#1128 = VERTEX_POINT('',#1129);
#1129 = CARTESIAN_POINT('',(-70.,3.5,20.));
#1130 = LINE('',#1131,#1132);
#1131 = CARTESIAN_POINT('',(-70.,11.75,11.75));
#1132 = VECTOR('',#1133,1.);
#1133 = DIRECTION('',(0.,-0.707106781187,0.707106781187));
#1134 = ORIENTED_EDGE('',*,*,#1135,.F.);
#1135 = EDGE_CURVE('',#466,#1128,#1136,.T.);
#1136 = LINE('',#1137,#1138);
#1137 = CARTESIAN_POINT('',(330.,3.5,20.));
#1138 = VECTOR('',#1139,1.);
#1139 = DIRECTION('',(-1.,0.,-0.));
#1140 = PLANE('',#1141);
#1141 = AXIS2_PLACEMENT_3D('',#1142,#1143,#1144);
#1142 = CARTESIAN_POINT('',(330.,3.5,20.));
#1143 = DIRECTION('',(-0.,0.707106781187,0.707106781187));
#1144 = DIRECTION('',(0.,-0.707106781187,0.707106781187));
#1145 = ADVANCED_FACE('',(#1146),#1200,.F.);
#1146 = FACE_BOUND('',#1147,.F.);
#1147 = EDGE_LOOP('',(#1148,#1157,#1166,#1173,#1174,#1183,#1192,#1199));
#1148 = ORIENTED_EDGE('',*,*,#1149,.T.);
#1149 = EDGE_CURVE('',#830,#1150,#1152,.T.);
#1150 = VERTEX_POINT('',#1151);
#1151 = CARTESIAN_POINT('',(107.96039219456,0.5,16.082842712475));
#1152 = ( BOUNDED_CURVE() B_SPLINE_CURVE(3,(#1153,#1154,#1155,#1156),
.UNSPECIFIED.,.F.,.F.) B_SPLINE_CURVE_WITH_KNOTS((4,4),(1.570796326795,
1.811200543564),.PIECEWISE_BEZIER_KNOTS.) CURVE() 
GEOMETRIC_REPRESENTATION_ITEM() RATIONAL_B_SPLINE_CURVE((1.,
0.995189613824,0.995189613824,1.)) REPRESENTATION_ITEM('') );
#1153 = CARTESIAN_POINT('',(107.9,-1.214E-14,16.582842712475));
#1154 = CARTESIAN_POINT('',(107.9,0.16868946518,16.414153247294));
#1155 = CARTESIAN_POINT('',(107.92022803618,0.336161738154,
    16.246680974321));
#1156 = CARTESIAN_POINT('',(107.96039219456,0.5,16.082842712475));
#1157 = ORIENTED_EDGE('',*,*,#1158,.T.);
#1158 = EDGE_CURVE('',#1150,#1159,#1161,.T.);
#1159 = VERTEX_POINT('',#1160);
#1160 = CARTESIAN_POINT('',(112.03960780543,0.5,16.082842712475));
#1161 = CIRCLE('',#1162,2.1);
#1162 = AXIS2_PLACEMENT_3D('',#1163,#1164,#1165);
#1163 = CARTESIAN_POINT('',(110.,3.296E-14,16.082842712475));
#1164 = DIRECTION('',(0.,-0.,-1.));
#1165 = DIRECTION('',(1.,-1.78E-15,0.));
#1166 = ORIENTED_EDGE('',*,*,#1167,.T.);
#1167 = EDGE_CURVE('',#1159,#804,#1168,.T.);
#1168 = ( BOUNDED_CURVE() B_SPLINE_CURVE(3,(#1169,#1170,#1171,#1172),
.UNSPECIFIED.,.F.,.F.) B_SPLINE_CURVE_WITH_KNOTS((4,4),(4.471984763615,
4.712388980385),.PIECEWISE_BEZIER_KNOTS.) CURVE() 
GEOMETRIC_REPRESENTATION_ITEM() RATIONAL_B_SPLINE_CURVE((1.,
0.995189613824,0.995189613824,1.)) REPRESENTATION_ITEM('') );
#1169 = CARTESIAN_POINT('',(112.03960780543,0.5,16.082842712475));
#1170 = CARTESIAN_POINT('',(112.07977196381,0.336161738154,
    16.246680974321));
#1171 = CARTESIAN_POINT('',(112.1,0.16868946518,16.414153247294));
#1172 = CARTESIAN_POINT('',(112.1,-1.214E-14,16.582842712475));
#1173 = ORIENTED_EDGE('',*,*,#803,.F.);
#1174 = ORIENTED_EDGE('',*,*,#1175,.T.);
#1175 = EDGE_CURVE('',#795,#1176,#1178,.T.);
#1176 = VERTEX_POINT('',#1177);
#1177 = CARTESIAN_POINT('',(112.03960780543,0.5,16.));
#1178 = ( BOUNDED_CURVE() B_SPLINE_CURVE(3,(#1179,#1180,#1181,#1182),
.UNSPECIFIED.,.F.,.F.) B_SPLINE_CURVE_WITH_KNOTS((4,4),(1.570796326795,
1.811200543564),.PIECEWISE_BEZIER_KNOTS.) CURVE() 
GEOMETRIC_REPRESENTATION_ITEM() RATIONAL_B_SPLINE_CURVE((1.,
0.995189613824,0.995189613824,1.)) REPRESENTATION_ITEM('') );
#1179 = CARTESIAN_POINT('',(112.1,3.296E-14,16.5));
#1180 = CARTESIAN_POINT('',(112.1,0.16868946518,16.33131053482));
#1181 = CARTESIAN_POINT('',(112.07977196381,0.336161738154,
    16.163838261846));
#1182 = CARTESIAN_POINT('',(112.03960780543,0.5,16.));
#1183 = ORIENTED_EDGE('',*,*,#1184,.T.);
#1184 = EDGE_CURVE('',#1176,#1185,#1187,.T.);
#1185 = VERTEX_POINT('',#1186);
#1186 = CARTESIAN_POINT('',(107.96039219456,0.5,16.));
#1187 = CIRCLE('',#1188,2.1);
#1188 = AXIS2_PLACEMENT_3D('',#1189,#1190,#1191);
#1189 = CARTESIAN_POINT('',(110.,3.296E-14,16.));
#1190 = DIRECTION('',(0.,0.,1.));
#1191 = DIRECTION('',(1.,0.,-0.));
#1192 = ORIENTED_EDGE('',*,*,#1193,.T.);
#1193 = EDGE_CURVE('',#1185,#839,#1194,.T.);
#1194 = ( BOUNDED_CURVE() B_SPLINE_CURVE(3,(#1195,#1196,#1197,#1198),
.UNSPECIFIED.,.F.,.F.) B_SPLINE_CURVE_WITH_KNOTS((4,4),(4.471984763615,
4.712388980385),.PIECEWISE_BEZIER_KNOTS.) CURVE() 
GEOMETRIC_REPRESENTATION_ITEM() RATIONAL_B_SPLINE_CURVE((1.,
0.995189613824,0.995189613824,1.)) REPRESENTATION_ITEM('') );
#1195 = CARTESIAN_POINT('',(107.96039219456,0.5,16.));
#1196 = CARTESIAN_POINT('',(107.92022803618,0.336161738154,
    16.163838261846));
#1197 = CARTESIAN_POINT('',(107.9,0.16868946518,16.33131053482));
#1198 = CARTESIAN_POINT('',(107.9,-1.188E-14,16.5));
#1199 = ORIENTED_EDGE('',*,*,#838,.T.);
#1200 = CYLINDRICAL_SURFACE('',#1201,2.1);
#1201 = AXIS2_PLACEMENT_3D('',#1202,#1203,#1204);
#1202 = CARTESIAN_POINT('',(110.,3.296E-14,30.));
#1203 = DIRECTION('',(0.,0.,1.));
#1204 = DIRECTION('',(1.,0.,-0.));
#1205 = ADVANCED_FACE('',(#1206),#1260,.F.);
#1206 = FACE_BOUND('',#1207,.F.);
#1207 = EDGE_LOOP('',(#1208,#1217,#1226,#1233,#1234,#1243,#1252,#1259));
#1208 = ORIENTED_EDGE('',*,*,#1209,.T.);
#1209 = EDGE_CURVE('',#752,#1210,#1212,.T.);
#1210 = VERTEX_POINT('',#1211);
#1211 = CARTESIAN_POINT('',(127.96039219456,0.5,16.082842712475));
#1212 = ( BOUNDED_CURVE() B_SPLINE_CURVE(3,(#1213,#1214,#1215,#1216),
.UNSPECIFIED.,.F.,.F.) B_SPLINE_CURVE_WITH_KNOTS((4,4),(1.570796326795,
1.811200543564),.PIECEWISE_BEZIER_KNOTS.) CURVE() 
GEOMETRIC_REPRESENTATION_ITEM() RATIONAL_B_SPLINE_CURVE((1.,
0.995189613824,0.995189613824,1.)) REPRESENTATION_ITEM('') );
#1213 = CARTESIAN_POINT('',(127.9,-1.214E-14,16.582842712475));
#1214 = CARTESIAN_POINT('',(127.9,0.16868946518,16.414153247294));
#1215 = CARTESIAN_POINT('',(127.92022803618,0.336161738154,
    16.246680974321));
#1216 = CARTESIAN_POINT('',(127.96039219456,0.5,16.082842712475));
#1217 = ORIENTED_EDGE('',*,*,#1218,.T.);
#1218 = EDGE_CURVE('',#1210,#1219,#1221,.T.);
#1219 = VERTEX_POINT('',#1220);
#1220 = CARTESIAN_POINT('',(132.03960780543,0.5,16.082842712475));
#1221 = CIRCLE('',#1222,2.1);
#1222 = AXIS2_PLACEMENT_3D('',#1223,#1224,#1225);
#1223 = CARTESIAN_POINT('',(130.,3.342E-14,16.082842712475));
#1224 = DIRECTION('',(0.,0.,-1.));
#1225 = DIRECTION('',(1.,7.99E-15,0.));
#1226 = ORIENTED_EDGE('',*,*,#1227,.T.);
#1227 = EDGE_CURVE('',#1219,#726,#1228,.T.);
#1228 = ( BOUNDED_CURVE() B_SPLINE_CURVE(3,(#1229,#1230,#1231,#1232),
.UNSPECIFIED.,.F.,.F.) B_SPLINE_CURVE_WITH_KNOTS((4,4),(4.471984763615,
4.712388980385),.PIECEWISE_BEZIER_KNOTS.) CURVE() 
GEOMETRIC_REPRESENTATION_ITEM() RATIONAL_B_SPLINE_CURVE((1.,
0.995189613824,0.995189613824,1.)) REPRESENTATION_ITEM('') );
#1229 = CARTESIAN_POINT('',(132.03960780543,0.5,16.082842712475));
#1230 = CARTESIAN_POINT('',(132.07977196381,0.336161738154,
    16.246680974321));
#1231 = CARTESIAN_POINT('',(132.1,0.16868946518,16.414153247294));
#1232 = CARTESIAN_POINT('',(132.1,-1.214E-14,16.582842712475));
#1233 = ORIENTED_EDGE('',*,*,#725,.F.);
#1234 = ORIENTED_EDGE('',*,*,#1235,.T.);
#1235 = EDGE_CURVE('',#717,#1236,#1238,.T.);
#1236 = VERTEX_POINT('',#1237);
#1237 = CARTESIAN_POINT('',(132.03960780543,0.5,16.));
#1238 = ( BOUNDED_CURVE() B_SPLINE_CURVE(3,(#1239,#1240,#1241,#1242),
.UNSPECIFIED.,.F.,.F.) B_SPLINE_CURVE_WITH_KNOTS((4,4),(1.570796326795,
1.811200543564),.PIECEWISE_BEZIER_KNOTS.) CURVE() 
GEOMETRIC_REPRESENTATION_ITEM() RATIONAL_B_SPLINE_CURVE((1.,
0.995189613824,0.995189613824,1.)) REPRESENTATION_ITEM('') );
#1239 = CARTESIAN_POINT('',(132.1,3.342E-14,16.5));
#1240 = CARTESIAN_POINT('',(132.1,0.16868946518,16.33131053482));
#1241 = CARTESIAN_POINT('',(132.07977196381,0.336161738154,
    16.163838261846));
#1242 = CARTESIAN_POINT('',(132.03960780543,0.5,16.));
#1243 = ORIENTED_EDGE('',*,*,#1244,.T.);
#1244 = EDGE_CURVE('',#1236,#1245,#1247,.T.);
#1245 = VERTEX_POINT('',#1246);
#1246 = CARTESIAN_POINT('',(127.96039219456,0.5,16.));
#1247 = CIRCLE('',#1248,2.1);
#1248 = AXIS2_PLACEMENT_3D('',#1249,#1250,#1251);
#1249 = CARTESIAN_POINT('',(130.,3.342E-14,16.));
#1250 = DIRECTION('',(0.,0.,1.));
#1251 = DIRECTION('',(1.,0.,-0.));
#1252 = ORIENTED_EDGE('',*,*,#1253,.T.);
#1253 = EDGE_CURVE('',#1245,#761,#1254,.T.);
#1254 = ( BOUNDED_CURVE() B_SPLINE_CURVE(3,(#1255,#1256,#1257,#1258),
.UNSPECIFIED.,.F.,.F.) B_SPLINE_CURVE_WITH_KNOTS((4,4),(4.471984763615,
4.712388980385),.PIECEWISE_BEZIER_KNOTS.) CURVE() 
GEOMETRIC_REPRESENTATION_ITEM() RATIONAL_B_SPLINE_CURVE((1.,
0.995189613824,0.995189613824,1.)) REPRESENTATION_ITEM('') );
#1255 = CARTESIAN_POINT('',(127.96039219456,0.5,16.));
#1256 = CARTESIAN_POINT('',(127.92022803618,0.336161738154,
    16.163838261846));
#1257 = CARTESIAN_POINT('',(127.9,0.16868946518,16.33131053482));
#1258 = CARTESIAN_POINT('',(127.9,-1.165E-14,16.5));
#1259 = ORIENTED_EDGE('',*,*,#760,.T.);
#1260 = CYLINDRICAL_SURFACE('',#1261,2.1);
#1261 = AXIS2_PLACEMENT_3D('',#1262,#1263,#1264);
#1262 = CARTESIAN_POINT('',(130.,3.342E-14,30.));
#1263 = DIRECTION('',(0.,0.,1.));
#1264 = DIRECTION('',(1.,0.,-0.));
#1265 = ADVANCED_FACE('',(#1266),#1293,.F.);
#1266 = FACE_BOUND('',#1267,.T.);
#1267 = EDGE_LOOP('',(#1268,#1279,#1287));
#1268 = ORIENTED_EDGE('',*,*,#1269,.F.);
#1269 = EDGE_CURVE('',#1270,#1272,#1274,.T.);
#1270 = VERTEX_POINT('',#1271);
#1271 = CARTESIAN_POINT('',(0.,8.2,16.6));
#1272 = VERTEX_POINT('',#1273);
#1273 = CARTESIAN_POINT('',(0.,8.4,16.8));
#1274 = CIRCLE('',#1275,0.2);
#1275 = AXIS2_PLACEMENT_3D('',#1276,#1277,#1278);
#1276 = CARTESIAN_POINT('',(0.,8.4,16.6));
#1277 = DIRECTION('',(-1.,0.,-0.));
#1278 = DIRECTION('',(0.,0.,-1.));
#1279 = ORIENTED_EDGE('',*,*,#1280,.F.);
#1280 = EDGE_CURVE('',#1281,#1270,#1283,.T.);
#1281 = VERTEX_POINT('',#1282);
#1282 = CARTESIAN_POINT('',(0.,8.2,17.));
#1283 = LINE('',#1284,#1285);
#1284 = CARTESIAN_POINT('',(0.,8.2,17.));
#1285 = VECTOR('',#1286,1.);
#1286 = DIRECTION('',(0.,9.6E-16,-1.));
#1287 = ORIENTED_EDGE('',*,*,#1288,.F.);
#1288 = EDGE_CURVE('',#1272,#1281,#1289,.T.);
#1289 = LINE('',#1290,#1291);
#1290 = CARTESIAN_POINT('',(0.,10.,15.2));
#1291 = VECTOR('',#1292,1.);
#1292 = DIRECTION('',(0.,-0.707106781187,0.707106781187));
#1293 = PLANE('',#1294);
#1294 = AXIS2_PLACEMENT_3D('',#1295,#1296,#1297);
#1295 = CARTESIAN_POINT('',(0.,0.,0.));
#1296 = DIRECTION('',(1.,-0.,0.));
#1297 = DIRECTION('',(0.,0.,-1.));
#1298 = ADVANCED_FACE('',(#1299),#1445,.F.);
#1299 = FACE_BOUND('',#1300,.T.);
#1300 = EDGE_LOOP('',(#1301,#1311,#1319,#1327,#1335,#1343,#1351,#1359,
    #1367,#1375,#1383,#1391,#1399,#1407,#1415,#1423,#1431,#1439));
#1301 = ORIENTED_EDGE('',*,*,#1302,.F.);
#1302 = EDGE_CURVE('',#1303,#1305,#1307,.T.);
#1303 = VERTEX_POINT('',#1304);
#1304 = CARTESIAN_POINT('',(0.,-8.2,13.882842712475));
#1305 = VERTEX_POINT('',#1306);
#1306 = CARTESIAN_POINT('',(0.,-8.2,13.8));
#1307 = LINE('',#1308,#1309);
#1308 = CARTESIAN_POINT('',(0.,-8.2,0.));
#1309 = VECTOR('',#1310,1.);
#1310 = DIRECTION('',(0.,0.,-1.));
#1311 = ORIENTED_EDGE('',*,*,#1312,.T.);
#1312 = EDGE_CURVE('',#1303,#1313,#1315,.T.);
#1313 = VERTEX_POINT('',#1314);
#1314 = CARTESIAN_POINT('',(0.,-5.210050506339,13.882842712475));
#1315 = LINE('',#1316,#1317);
#1316 = CARTESIAN_POINT('',(0.,0.,13.882842712475));
#1317 = VECTOR('',#1318,1.);
#1318 = DIRECTION('',(0.,1.,0.));
#1319 = ORIENTED_EDGE('',*,*,#1320,.T.);
#1320 = EDGE_CURVE('',#1313,#1321,#1323,.T.);
#1321 = VERTEX_POINT('',#1322);
#1322 = CARTESIAN_POINT('',(0.,-3.010050506339,16.082842712475));
#1323 = LINE('',#1324,#1325);
#1324 = CARTESIAN_POINT('',(0.,-9.546446609407,9.546446609407));
#1325 = VECTOR('',#1326,1.);
#1326 = DIRECTION('',(0.,0.707106781187,0.707106781187));
#1327 = ORIENTED_EDGE('',*,*,#1328,.T.);
#1328 = EDGE_CURVE('',#1321,#1329,#1331,.T.);
#1329 = VERTEX_POINT('',#1330);
#1330 = CARTESIAN_POINT('',(0.,-0.5,16.082842712475));
#1331 = LINE('',#1332,#1333);
#1332 = CARTESIAN_POINT('',(0.,0.,16.082842712475));
#1333 = VECTOR('',#1334,1.);
#1334 = DIRECTION('',(0.,1.,0.));
#1335 = ORIENTED_EDGE('',*,*,#1336,.T.);
#1336 = EDGE_CURVE('',#1329,#1337,#1339,.T.);
#1337 = VERTEX_POINT('',#1338);
#1338 = CARTESIAN_POINT('',(0.,-1.2E-14,16.582842712475));
#1339 = LINE('',#1340,#1341);
#1340 = CARTESIAN_POINT('',(0.,-8.291421356237,8.291421356237));
#1341 = VECTOR('',#1342,1.);
#1342 = DIRECTION('',(0.,0.707106781187,0.707106781187));
#1343 = ORIENTED_EDGE('',*,*,#1344,.F.);
#1344 = EDGE_CURVE('',#1345,#1337,#1347,.T.);
#1345 = VERTEX_POINT('',#1346);
#1346 = CARTESIAN_POINT('',(0.,0.5,16.082842712475));
#1347 = LINE('',#1348,#1349);
#1348 = CARTESIAN_POINT('',(0.,8.291421356237,8.291421356237));
#1349 = VECTOR('',#1350,1.);
#1350 = DIRECTION('',(0.,-0.707106781187,0.707106781187));
#1351 = ORIENTED_EDGE('',*,*,#1352,.F.);
#1352 = EDGE_CURVE('',#1353,#1345,#1355,.T.);
#1353 = VERTEX_POINT('',#1354);
#1354 = CARTESIAN_POINT('',(0.,3.010050506339,16.082842712475));
#1355 = LINE('',#1356,#1357);
#1356 = CARTESIAN_POINT('',(0.,0.,16.082842712475));
#1357 = VECTOR('',#1358,1.);
#1358 = DIRECTION('',(0.,-1.,0.));
#1359 = ORIENTED_EDGE('',*,*,#1360,.F.);
#1360 = EDGE_CURVE('',#1361,#1353,#1363,.T.);
#1361 = VERTEX_POINT('',#1362);
#1362 = CARTESIAN_POINT('',(0.,5.210050506339,13.882842712475));
#1363 = LINE('',#1364,#1365);
#1364 = CARTESIAN_POINT('',(0.,9.546446609407,9.546446609407));
#1365 = VECTOR('',#1366,1.);
#1366 = DIRECTION('',(0.,-0.707106781187,0.707106781187));
#1367 = ORIENTED_EDGE('',*,*,#1368,.F.);
#1368 = EDGE_CURVE('',#1369,#1361,#1371,.T.);
#1369 = VERTEX_POINT('',#1370);
#1370 = CARTESIAN_POINT('',(0.,8.2,13.882842712475));
#1371 = LINE('',#1372,#1373);
#1372 = CARTESIAN_POINT('',(0.,0.,13.882842712475));
#1373 = VECTOR('',#1374,1.);
#1374 = DIRECTION('',(0.,-1.,0.));
#1375 = ORIENTED_EDGE('',*,*,#1376,.T.);
#1376 = EDGE_CURVE('',#1369,#1377,#1379,.T.);
#1377 = VERTEX_POINT('',#1378);
#1378 = CARTESIAN_POINT('',(0.,8.2,13.8));
#1379 = LINE('',#1380,#1381);
#1380 = CARTESIAN_POINT('',(0.,8.2,0.));
#1381 = VECTOR('',#1382,1.);
#1382 = DIRECTION('',(0.,0.,-1.));
#1383 = ORIENTED_EDGE('',*,*,#1384,.F.);
#1384 = EDGE_CURVE('',#1385,#1377,#1387,.T.);
#1385 = VERTEX_POINT('',#1386);
#1386 = CARTESIAN_POINT('',(-1.25E-13,5.210050506339,13.8));
#1387 = LINE('',#1388,#1389);
#1388 = CARTESIAN_POINT('',(0.,8.2,13.8));
#1389 = VECTOR('',#1390,1.);
#1390 = DIRECTION('',(-0.,1.,-1.1E-16));
#1391 = ORIENTED_EDGE('',*,*,#1392,.F.);
#1392 = EDGE_CURVE('',#1393,#1385,#1395,.T.);
#1393 = VERTEX_POINT('',#1394);
#1394 = CARTESIAN_POINT('',(-1.11E-13,3.010050506339,16.));
#1395 = LINE('',#1396,#1397);
#1396 = CARTESIAN_POINT('',(-2.7756E-13,5.210050506339,13.8));
#1397 = VECTOR('',#1398,1.);
#1398 = DIRECTION('',(0.,0.707106781187,-0.707106781187));
#1399 = ORIENTED_EDGE('',*,*,#1400,.F.);
#1400 = EDGE_CURVE('',#1401,#1393,#1403,.T.);
#1401 = VERTEX_POINT('',#1402);
#1402 = CARTESIAN_POINT('',(0.,0.5,16.));
#1403 = LINE('',#1404,#1405);
#1404 = CARTESIAN_POINT('',(0.,-3.010050506339,16.));
#1405 = VECTOR('',#1406,1.);
#1406 = DIRECTION('',(0.,1.,1.7E-16));
#1407 = ORIENTED_EDGE('',*,*,#1408,.F.);
#1408 = EDGE_CURVE('',#1409,#1401,#1411,.T.);
#1409 = VERTEX_POINT('',#1410);
#1410 = CARTESIAN_POINT('',(0.,-1.1E-14,16.5));
#1411 = LINE('',#1412,#1413);
#1412 = CARTESIAN_POINT('',(0.,0.5,16.));
#1413 = VECTOR('',#1414,1.);
#1414 = DIRECTION('',(0.,0.707106781187,-0.707106781187));
#1415 = ORIENTED_EDGE('',*,*,#1416,.F.);
#1416 = EDGE_CURVE('',#1417,#1409,#1419,.T.);
#1417 = VERTEX_POINT('',#1418);
#1418 = CARTESIAN_POINT('',(0.,-0.5,16.));
#1419 = LINE('',#1420,#1421);
#1420 = CARTESIAN_POINT('',(0.,-1.289E-14,16.5));
#1421 = VECTOR('',#1422,1.);
#1422 = DIRECTION('',(0.,0.707106781187,0.707106781187));
#1423 = ORIENTED_EDGE('',*,*,#1424,.F.);
#1424 = EDGE_CURVE('',#1425,#1417,#1427,.T.);
#1425 = VERTEX_POINT('',#1426);
#1426 = CARTESIAN_POINT('',(-1.25E-13,-3.010050506339,16.));
#1427 = LINE('',#1428,#1429);
#1428 = CARTESIAN_POINT('',(0.,-3.010050506339,16.));
#1429 = VECTOR('',#1430,1.);
#1430 = DIRECTION('',(0.,1.,1.7E-16));
#1431 = ORIENTED_EDGE('',*,*,#1432,.F.);
#1432 = EDGE_CURVE('',#1433,#1425,#1435,.T.);
#1433 = VERTEX_POINT('',#1434);
#1434 = CARTESIAN_POINT('',(-1.11E-13,-5.210050506339,13.8));
#1435 = LINE('',#1436,#1437);
#1436 = CARTESIAN_POINT('',(-2.7756E-13,-5.210050506339,13.8));
#1437 = VECTOR('',#1438,1.);
#1438 = DIRECTION('',(0.,0.707106781187,0.707106781187));
#1439 = ORIENTED_EDGE('',*,*,#1440,.F.);
#1440 = EDGE_CURVE('',#1305,#1433,#1441,.T.);
#1441 = LINE('',#1442,#1443);
#1442 = CARTESIAN_POINT('',(0.,8.2,13.8));
#1443 = VECTOR('',#1444,1.);
#1444 = DIRECTION('',(-0.,1.,-1.1E-16));
#1445 = PLANE('',#1446);
#1446 = AXIS2_PLACEMENT_3D('',#1447,#1448,#1449);
#1447 = CARTESIAN_POINT('',(0.,0.,0.));
#1448 = DIRECTION('',(1.,-0.,0.));
#1449 = DIRECTION('',(0.,0.,-1.));
#1450 = ADVANCED_FACE('',(#1451),#1485,.F.);
#1451 = FACE_BOUND('',#1452,.T.);
#1452 = EDGE_LOOP('',(#1453,#1463,#1471,#1479));
#1453 = ORIENTED_EDGE('',*,*,#1454,.F.);
#1454 = EDGE_CURVE('',#1455,#1457,#1459,.T.);
#1455 = VERTEX_POINT('',#1456);
#1456 = CARTESIAN_POINT('',(-70.,-10.,15.2));
#1457 = VERTEX_POINT('',#1458);
#1458 = CARTESIAN_POINT('',(330.,-10.,15.2));
#1459 = LINE('',#1460,#1461);
#1460 = CARTESIAN_POINT('',(330.,-10.,15.2));
#1461 = VECTOR('',#1462,1.);
#1462 = DIRECTION('',(1.,0.,-0.));
#1463 = ORIENTED_EDGE('',*,*,#1464,.T.);
#1464 = EDGE_CURVE('',#1455,#1465,#1467,.T.);
#1465 = VERTEX_POINT('',#1466);
#1466 = CARTESIAN_POINT('',(-70.,-10.,4.882842712475));
#1467 = LINE('',#1468,#1469);
#1468 = CARTESIAN_POINT('',(-70.,-10.,0.));
#1469 = VECTOR('',#1470,1.);
#1470 = DIRECTION('',(0.,0.,-1.));
#1471 = ORIENTED_EDGE('',*,*,#1472,.F.);
#1472 = EDGE_CURVE('',#1473,#1465,#1475,.T.);
#1473 = VERTEX_POINT('',#1474);
#1474 = CARTESIAN_POINT('',(330.,-10.,4.882842712475));
#1475 = LINE('',#1476,#1477);
#1476 = CARTESIAN_POINT('',(330.,-10.,4.882842712475));
#1477 = VECTOR('',#1478,1.);
#1478 = DIRECTION('',(-1.,-0.,0.));
#1479 = ORIENTED_EDGE('',*,*,#1480,.F.);
#1480 = EDGE_CURVE('',#1457,#1473,#1481,.T.);
#1481 = LINE('',#1482,#1483);
#1482 = CARTESIAN_POINT('',(330.,-10.,0.));
#1483 = VECTOR('',#1484,1.);
#1484 = DIRECTION('',(0.,0.,-1.));
#1485 = PLANE('',#1486);
#1486 = AXIS2_PLACEMENT_3D('',#1487,#1488,#1489);
#1487 = CARTESIAN_POINT('',(330.,-10.,10.));
#1488 = DIRECTION('',(0.,1.,0.));
#1489 = DIRECTION('',(0.,-0.,1.));
#1490 = ADVANCED_FACE('',(#1491,#1501,#1511,#1657),#2394,.T.);
#1491 = FACE_BOUND('',#1492,.T.);
#1492 = EDGE_LOOP('',(#1493,#1494));
#1493 = ORIENTED_EDGE('',*,*,#157,.T.);
#1494 = ORIENTED_EDGE('',*,*,#1495,.T.);
#1495 = EDGE_CURVE('',#158,#150,#1496,.T.);
#1496 = CIRCLE('',#1497,2.50000000001);
#1497 = AXIS2_PLACEMENT_3D('',#1498,#1499,#1500);
#1498 = CARTESIAN_POINT('',(330.,0.,0.));
#1499 = DIRECTION('',(-1.,0.,-0.));
#1500 = DIRECTION('',(0.,0.,-1.));
#1501 = FACE_BOUND('',#1502,.T.);
#1502 = EDGE_LOOP('',(#1503,#1504));
#1503 = ORIENTED_EDGE('',*,*,#115,.T.);
#1504 = ORIENTED_EDGE('',*,*,#1505,.T.);
#1505 = EDGE_CURVE('',#116,#108,#1506,.T.);
#1506 = CIRCLE('',#1507,2.500000000028);
#1507 = AXIS2_PLACEMENT_3D('',#1508,#1509,#1510);
#1508 = CARTESIAN_POINT('',(330.,-1.73E-15,20.));
#1509 = DIRECTION('',(-1.,0.,-0.));
#1510 = DIRECTION('',(0.,0.,-1.));
#1511 = FACE_BOUND('',#1512,.T.);
#1512 = EDGE_LOOP('',(#1513,#1523,#1531,#1539,#1547,#1555,#1563,#1571,
    #1579,#1587,#1595,#1603,#1611,#1619,#1627,#1635,#1643,#1651));
#1513 = ORIENTED_EDGE('',*,*,#1514,.T.);
#1514 = EDGE_CURVE('',#1515,#1517,#1519,.T.);
#1515 = VERTEX_POINT('',#1516);
#1516 = CARTESIAN_POINT('',(330.,-8.2,6.2));
#1517 = VERTEX_POINT('',#1518);
#1518 = CARTESIAN_POINT('',(330.,-8.2,13.8));
#1519 = LINE('',#1520,#1521);
#1520 = CARTESIAN_POINT('',(330.,-8.2,0.));
#1521 = VECTOR('',#1522,1.);
#1522 = DIRECTION('',(-0.,-0.,1.));
#1523 = ORIENTED_EDGE('',*,*,#1524,.T.);
#1524 = EDGE_CURVE('',#1517,#1525,#1527,.T.);
#1525 = VERTEX_POINT('',#1526);
#1526 = CARTESIAN_POINT('',(330.,-5.210050506339,13.8));
#1527 = LINE('',#1528,#1529);
#1528 = CARTESIAN_POINT('',(330.,0.,13.8));
#1529 = VECTOR('',#1530,1.);
#1530 = DIRECTION('',(0.,1.,0.));
#1531 = ORIENTED_EDGE('',*,*,#1532,.T.);
#1532 = EDGE_CURVE('',#1525,#1533,#1535,.T.);
#1533 = VERTEX_POINT('',#1534);
#1534 = CARTESIAN_POINT('',(330.,-3.010050506339,16.));
#1535 = LINE('',#1536,#1537);
#1536 = CARTESIAN_POINT('',(330.,-5.210050506339,13.8));
#1537 = VECTOR('',#1538,1.);
#1538 = DIRECTION('',(0.,0.707106781187,0.707106781187));
#1539 = ORIENTED_EDGE('',*,*,#1540,.T.);
#1540 = EDGE_CURVE('',#1533,#1541,#1543,.T.);
#1541 = VERTEX_POINT('',#1542);
#1542 = CARTESIAN_POINT('',(330.,-0.5,16.));
#1543 = LINE('',#1544,#1545);
#1544 = CARTESIAN_POINT('',(330.,0.,16.));
#1545 = VECTOR('',#1546,1.);
#1546 = DIRECTION('',(0.,1.,0.));
#1547 = ORIENTED_EDGE('',*,*,#1548,.F.);
#1548 = EDGE_CURVE('',#1549,#1541,#1551,.T.);
#1549 = VERTEX_POINT('',#1550);
#1550 = CARTESIAN_POINT('',(330.,-1.2E-14,16.5));
#1551 = LINE('',#1552,#1553);
#1552 = CARTESIAN_POINT('',(330.,-1.289E-14,16.5));
#1553 = VECTOR('',#1554,1.);
#1554 = DIRECTION('',(-0.,-0.707106781187,-0.707106781187));
#1555 = ORIENTED_EDGE('',*,*,#1556,.F.);
#1556 = EDGE_CURVE('',#1557,#1549,#1559,.T.);
#1557 = VERTEX_POINT('',#1558);
#1558 = CARTESIAN_POINT('',(330.,0.5,16.));
#1559 = LINE('',#1560,#1561);
#1560 = CARTESIAN_POINT('',(330.,0.5,16.));
#1561 = VECTOR('',#1562,1.);
#1562 = DIRECTION('',(-0.,-0.707106781187,0.707106781187));
#1563 = ORIENTED_EDGE('',*,*,#1564,.T.);
#1564 = EDGE_CURVE('',#1557,#1565,#1567,.T.);
#1565 = VERTEX_POINT('',#1566);
#1566 = CARTESIAN_POINT('',(330.,3.010050506339,16.));
#1567 = LINE('',#1568,#1569);
#1568 = CARTESIAN_POINT('',(330.,0.,16.));
#1569 = VECTOR('',#1570,1.);
#1570 = DIRECTION('',(0.,1.,0.));
#1571 = ORIENTED_EDGE('',*,*,#1572,.T.);
#1572 = EDGE_CURVE('',#1565,#1573,#1575,.T.);
#1573 = VERTEX_POINT('',#1574);
#1574 = CARTESIAN_POINT('',(330.,5.210050506339,13.8));
#1575 = LINE('',#1576,#1577);
#1576 = CARTESIAN_POINT('',(330.,3.010050506339,16.));
#1577 = VECTOR('',#1578,1.);
#1578 = DIRECTION('',(0.,0.707106781187,-0.707106781187));
#1579 = ORIENTED_EDGE('',*,*,#1580,.T.);
#1580 = EDGE_CURVE('',#1573,#1581,#1583,.T.);
#1581 = VERTEX_POINT('',#1582);
#1582 = CARTESIAN_POINT('',(330.,8.2,13.8));
#1583 = LINE('',#1584,#1585);
#1584 = CARTESIAN_POINT('',(330.,0.,13.8));
#1585 = VECTOR('',#1586,1.);
#1586 = DIRECTION('',(0.,1.,0.));
#1587 = ORIENTED_EDGE('',*,*,#1588,.T.);
#1588 = EDGE_CURVE('',#1581,#1589,#1591,.T.);
#1589 = VERTEX_POINT('',#1590);
#1590 = CARTESIAN_POINT('',(330.,8.2,6.2));
#1591 = LINE('',#1592,#1593);
#1592 = CARTESIAN_POINT('',(330.,8.2,0.));
#1593 = VECTOR('',#1594,1.);
#1594 = DIRECTION('',(0.,0.,-1.));
#1595 = ORIENTED_EDGE('',*,*,#1596,.T.);
#1596 = EDGE_CURVE('',#1589,#1597,#1599,.T.);
#1597 = VERTEX_POINT('',#1598);
#1598 = CARTESIAN_POINT('',(330.,5.210050506339,6.2));
#1599 = LINE('',#1600,#1601);
#1600 = CARTESIAN_POINT('',(330.,0.,6.2));
#1601 = VECTOR('',#1602,1.);
#1602 = DIRECTION('',(-0.,-1.,-0.));
#1603 = ORIENTED_EDGE('',*,*,#1604,.T.);
#1604 = EDGE_CURVE('',#1597,#1605,#1607,.T.);
#1605 = VERTEX_POINT('',#1606);
#1606 = CARTESIAN_POINT('',(330.,3.010050506339,4.));
#1607 = LINE('',#1608,#1609);
#1608 = CARTESIAN_POINT('',(330.,5.210050506339,6.2));
#1609 = VECTOR('',#1610,1.);
#1610 = DIRECTION('',(0.,-0.707106781187,-0.707106781187));
#1611 = ORIENTED_EDGE('',*,*,#1612,.T.);
#1612 = EDGE_CURVE('',#1605,#1613,#1615,.T.);
#1613 = VERTEX_POINT('',#1614);
#1614 = CARTESIAN_POINT('',(330.,0.5,4.));
#1615 = LINE('',#1616,#1617);
#1616 = CARTESIAN_POINT('',(330.,0.,4.));
#1617 = VECTOR('',#1618,1.);
#1618 = DIRECTION('',(-0.,-1.,-0.));
#1619 = ORIENTED_EDGE('',*,*,#1620,.T.);
#1620 = EDGE_CURVE('',#1613,#1621,#1623,.T.);
#1621 = VERTEX_POINT('',#1622);
#1622 = CARTESIAN_POINT('',(330.,-1.2E-14,3.5));
#1623 = LINE('',#1624,#1625);
#1624 = CARTESIAN_POINT('',(330.,0.5,4.));
#1625 = VECTOR('',#1626,1.);
#1626 = DIRECTION('',(0.,-0.707106781187,-0.707106781187));
#1627 = ORIENTED_EDGE('',*,*,#1628,.T.);
#1628 = EDGE_CURVE('',#1621,#1629,#1631,.T.);
#1629 = VERTEX_POINT('',#1630);
#1630 = CARTESIAN_POINT('',(330.,-0.5,4.));
#1631 = LINE('',#1632,#1633);
#1632 = CARTESIAN_POINT('',(330.,-1.176E-14,3.5));
#1633 = VECTOR('',#1634,1.);
#1634 = DIRECTION('',(0.,-0.707106781187,0.707106781187));
#1635 = ORIENTED_EDGE('',*,*,#1636,.T.);
#1636 = EDGE_CURVE('',#1629,#1637,#1639,.T.);
#1637 = VERTEX_POINT('',#1638);
#1638 = CARTESIAN_POINT('',(330.,-3.010050506339,4.));
#1639 = LINE('',#1640,#1641);
#1640 = CARTESIAN_POINT('',(330.,0.,4.));
#1641 = VECTOR('',#1642,1.);
#1642 = DIRECTION('',(-0.,-1.,-0.));
#1643 = ORIENTED_EDGE('',*,*,#1644,.T.);
#1644 = EDGE_CURVE('',#1637,#1645,#1647,.T.);
#1645 = VERTEX_POINT('',#1646);
#1646 = CARTESIAN_POINT('',(330.,-5.210050506339,6.2));
#1647 = LINE('',#1648,#1649);
#1648 = CARTESIAN_POINT('',(330.,-3.010050506339,4.));
#1649 = VECTOR('',#1650,1.);
#1650 = DIRECTION('',(0.,-0.707106781187,0.707106781187));
#1651 = ORIENTED_EDGE('',*,*,#1652,.T.);
#1652 = EDGE_CURVE('',#1645,#1515,#1653,.T.);
#1653 = LINE('',#1654,#1655);
#1654 = CARTESIAN_POINT('',(330.,0.,6.2));
#1655 = VECTOR('',#1656,1.);
#1656 = DIRECTION('',(-0.,-1.,-0.));
#1657 = FACE_BOUND('',#1658,.T.);
#1658 = EDGE_LOOP('',(#1659,#1669,#1677,#1685,#1693,#1701,#1707,#1708,
    #1716,#1724,#1732,#1740,#1748,#1756,#1764,#1772,#1780,#1788,#1796,
    #1804,#1812,#1820,#1828,#1836,#1844,#1852,#1860,#1868,#1876,#1884,
    #1892,#1900,#1908,#1914,#1915,#1923,#1931,#1939,#1947,#1955,#1961,
    #1962,#1971,#1979,#1988,#1996,#2004,#2012,#2020,#2026,#2027,#2035,
    #2043,#2051,#2059,#2066,#2067,#2075,#2084,#2092,#2101,#2109,#2118,
    #2126,#2135,#2143,#2151,#2159,#2167,#2175,#2183,#2191,#2199,#2207,
    #2215,#2224,#2232,#2241,#2249,#2258,#2266,#2275,#2283,#2290,#2291,
    #2299,#2307,#2315,#2321,#2322,#2330,#2338,#2346,#2354,#2362,#2371,
    #2379,#2388));
#1659 = ORIENTED_EDGE('',*,*,#1660,.T.);
#1660 = EDGE_CURVE('',#1661,#1663,#1665,.T.);
#1661 = VERTEX_POINT('',#1662);
#1662 = CARTESIAN_POINT('',(330.,10.,15.2));
#1663 = VERTEX_POINT('',#1664);
#1664 = CARTESIAN_POINT('',(330.,8.2,17.));
#1665 = LINE('',#1666,#1667);
#1666 = CARTESIAN_POINT('',(330.,10.,15.2));
#1667 = VECTOR('',#1668,1.);
#1668 = DIRECTION('',(0.,-0.707106781187,0.707106781187));
#1669 = ORIENTED_EDGE('',*,*,#1670,.T.);
#1670 = EDGE_CURVE('',#1663,#1671,#1673,.T.);
#1671 = VERTEX_POINT('',#1672);
#1672 = CARTESIAN_POINT('',(330.,8.2,14.789949493661));
#1673 = LINE('',#1674,#1675);
#1674 = CARTESIAN_POINT('',(330.,8.2,0.));
#1675 = VECTOR('',#1676,1.);
#1676 = DIRECTION('',(0.,0.,-1.));
#1677 = ORIENTED_EDGE('',*,*,#1678,.T.);
#1678 = EDGE_CURVE('',#1671,#1679,#1681,.T.);
#1679 = VERTEX_POINT('',#1680);
#1680 = CARTESIAN_POINT('',(330.,6.2,14.789949493661));
#1681 = LINE('',#1682,#1683);
#1682 = CARTESIAN_POINT('',(330.,0.,14.789949493661));
#1683 = VECTOR('',#1684,1.);
#1684 = DIRECTION('',(-0.,-1.,-0.));
#1685 = ORIENTED_EDGE('',*,*,#1686,.T.);
#1686 = EDGE_CURVE('',#1679,#1687,#1689,.T.);
#1687 = VERTEX_POINT('',#1688);
#1688 = CARTESIAN_POINT('',(330.,4.,16.989949493661));
#1689 = LINE('',#1690,#1691);
#1690 = CARTESIAN_POINT('',(330.,6.2,14.789949493661));
#1691 = VECTOR('',#1692,1.);
#1692 = DIRECTION('',(0.,-0.707106781187,0.707106781187));
#1693 = ORIENTED_EDGE('',*,*,#1694,.T.);
#1694 = EDGE_CURVE('',#1687,#1695,#1697,.T.);
#1695 = VERTEX_POINT('',#1696);
#1696 = CARTESIAN_POINT('',(330.,4.,19.5));
#1697 = LINE('',#1698,#1699);
#1698 = CARTESIAN_POINT('',(330.,4.,0.));
#1699 = VECTOR('',#1700,1.);
#1700 = DIRECTION('',(-0.,-0.,1.));
#1701 = ORIENTED_EDGE('',*,*,#1702,.F.);
#1702 = EDGE_CURVE('',#1097,#1695,#1703,.T.);
#1703 = LINE('',#1704,#1705);
#1704 = CARTESIAN_POINT('',(330.,3.5,20.));
#1705 = VECTOR('',#1706,1.);
#1706 = DIRECTION('',(-0.,0.707106781187,-0.707106781187));
#1707 = ORIENTED_EDGE('',*,*,#1096,.F.);
#1708 = ORIENTED_EDGE('',*,*,#1709,.T.);
#1709 = EDGE_CURVE('',#1089,#1710,#1712,.T.);
#1710 = VERTEX_POINT('',#1711);
#1711 = CARTESIAN_POINT('',(330.,4.,23.010050506339));
#1712 = LINE('',#1713,#1714);
#1713 = CARTESIAN_POINT('',(330.,4.,0.));
#1714 = VECTOR('',#1715,1.);
#1715 = DIRECTION('',(-0.,-0.,1.));
#1716 = ORIENTED_EDGE('',*,*,#1717,.T.);
#1717 = EDGE_CURVE('',#1710,#1718,#1720,.T.);
#1718 = VERTEX_POINT('',#1719);
#1719 = CARTESIAN_POINT('',(330.,6.2,25.210050506339));
#1720 = LINE('',#1721,#1722);
#1721 = CARTESIAN_POINT('',(330.,4.,23.010050506339));
#1722 = VECTOR('',#1723,1.);
#1723 = DIRECTION('',(0.,0.707106781187,0.707106781187));
#1724 = ORIENTED_EDGE('',*,*,#1725,.T.);
#1725 = EDGE_CURVE('',#1718,#1726,#1728,.T.);
#1726 = VERTEX_POINT('',#1727);
#1727 = CARTESIAN_POINT('',(330.,8.2,25.210050506339));
#1728 = LINE('',#1729,#1730);
#1729 = CARTESIAN_POINT('',(330.,0.,25.210050506339));
#1730 = VECTOR('',#1731,1.);
#1731 = DIRECTION('',(0.,1.,0.));
#1732 = ORIENTED_EDGE('',*,*,#1733,.T.);
#1733 = EDGE_CURVE('',#1726,#1734,#1736,.T.);
#1734 = VERTEX_POINT('',#1735);
#1735 = CARTESIAN_POINT('',(330.,8.2,23.));
#1736 = LINE('',#1737,#1738);
#1737 = CARTESIAN_POINT('',(330.,8.2,0.));
#1738 = VECTOR('',#1739,1.);
#1739 = DIRECTION('',(0.,0.,-1.));
#1740 = ORIENTED_EDGE('',*,*,#1741,.T.);
#1741 = EDGE_CURVE('',#1734,#1742,#1744,.T.);
#1742 = VERTEX_POINT('',#1743);
#1743 = CARTESIAN_POINT('',(330.,10.,24.8));
#1744 = LINE('',#1745,#1746);
#1745 = CARTESIAN_POINT('',(330.,8.2,23.));
#1746 = VECTOR('',#1747,1.);
#1747 = DIRECTION('',(0.,0.707106781187,0.707106781187));
#1748 = ORIENTED_EDGE('',*,*,#1749,.T.);
#1749 = EDGE_CURVE('',#1742,#1750,#1752,.T.);
#1750 = VERTEX_POINT('',#1751);
#1751 = CARTESIAN_POINT('',(330.,10.,30.));
#1752 = LINE('',#1753,#1754);
#1753 = CARTESIAN_POINT('',(330.,10.,0.));
#1754 = VECTOR('',#1755,1.);
#1755 = DIRECTION('',(-0.,-0.,1.));
#1756 = ORIENTED_EDGE('',*,*,#1757,.T.);
#1757 = EDGE_CURVE('',#1750,#1758,#1760,.T.);
#1758 = VERTEX_POINT('',#1759);
#1759 = CARTESIAN_POINT('',(330.,4.8,30.));
#1760 = LINE('',#1761,#1762);
#1761 = CARTESIAN_POINT('',(330.,0.,30.));
#1762 = VECTOR('',#1763,1.);
#1763 = DIRECTION('',(-0.,-1.,-0.));
#1764 = ORIENTED_EDGE('',*,*,#1765,.T.);
#1765 = EDGE_CURVE('',#1758,#1766,#1768,.T.);
#1766 = VERTEX_POINT('',#1767);
#1767 = CARTESIAN_POINT('',(330.,3.,28.2));
#1768 = LINE('',#1769,#1770);
#1769 = CARTESIAN_POINT('',(330.,4.8,30.));
#1770 = VECTOR('',#1771,1.);
#1771 = DIRECTION('',(0.,-0.707106781187,-0.707106781187));
#1772 = ORIENTED_EDGE('',*,*,#1773,.T.);
#1773 = EDGE_CURVE('',#1766,#1774,#1776,.T.);
#1774 = VERTEX_POINT('',#1775);
#1775 = CARTESIAN_POINT('',(330.,5.210050506339,28.2));
#1776 = LINE('',#1777,#1778);
#1777 = CARTESIAN_POINT('',(330.,0.,28.2));
#1778 = VECTOR('',#1779,1.);
#1779 = DIRECTION('',(0.,1.,0.));
#1780 = ORIENTED_EDGE('',*,*,#1781,.T.);
#1781 = EDGE_CURVE('',#1774,#1782,#1784,.T.);
#1782 = VERTEX_POINT('',#1783);
#1783 = CARTESIAN_POINT('',(330.,5.210050506339,26.2));
#1784 = LINE('',#1785,#1786);
#1785 = CARTESIAN_POINT('',(330.,5.210050506339,0.));
#1786 = VECTOR('',#1787,1.);
#1787 = DIRECTION('',(0.,0.,-1.));
#1788 = ORIENTED_EDGE('',*,*,#1789,.T.);
#1789 = EDGE_CURVE('',#1782,#1790,#1792,.T.);
#1790 = VERTEX_POINT('',#1791);
#1791 = CARTESIAN_POINT('',(330.,3.010050506339,24.));
#1792 = LINE('',#1793,#1794);
#1793 = CARTESIAN_POINT('',(330.,5.210050506339,26.2));
#1794 = VECTOR('',#1795,1.);
#1795 = DIRECTION('',(0.,-0.707106781187,-0.707106781187));
#1796 = ORIENTED_EDGE('',*,*,#1797,.T.);
#1797 = EDGE_CURVE('',#1790,#1798,#1800,.T.);
#1798 = VERTEX_POINT('',#1799);
#1799 = CARTESIAN_POINT('',(330.,0.5,24.));
#1800 = LINE('',#1801,#1802);
#1801 = CARTESIAN_POINT('',(330.,0.,24.));
#1802 = VECTOR('',#1803,1.);
#1803 = DIRECTION('',(-0.,-1.,-0.));
#1804 = ORIENTED_EDGE('',*,*,#1805,.F.);
#1805 = EDGE_CURVE('',#1806,#1798,#1808,.T.);
#1806 = VERTEX_POINT('',#1807);
#1807 = CARTESIAN_POINT('',(330.,3.4E-14,23.5));
#1808 = LINE('',#1809,#1810);
#1809 = CARTESIAN_POINT('',(330.,3.342E-14,23.5));
#1810 = VECTOR('',#1811,1.);
#1811 = DIRECTION('',(-0.,0.707106781187,0.707106781187));
#1812 = ORIENTED_EDGE('',*,*,#1813,.F.);
#1813 = EDGE_CURVE('',#1814,#1806,#1816,.T.);
#1814 = VERTEX_POINT('',#1815);
#1815 = CARTESIAN_POINT('',(330.,-0.5,24.));
#1816 = LINE('',#1817,#1818);
#1817 = CARTESIAN_POINT('',(330.,-0.5,24.));
#1818 = VECTOR('',#1819,1.);
#1819 = DIRECTION('',(-0.,0.707106781187,-0.707106781187));
#1820 = ORIENTED_EDGE('',*,*,#1821,.T.);
#1821 = EDGE_CURVE('',#1814,#1822,#1824,.T.);
#1822 = VERTEX_POINT('',#1823);
#1823 = CARTESIAN_POINT('',(330.,-3.010050506339,24.));
#1824 = LINE('',#1825,#1826);
#1825 = CARTESIAN_POINT('',(330.,0.,24.));
#1826 = VECTOR('',#1827,1.);
#1827 = DIRECTION('',(-0.,-1.,-0.));
#1828 = ORIENTED_EDGE('',*,*,#1829,.T.);
#1829 = EDGE_CURVE('',#1822,#1830,#1832,.T.);
#1830 = VERTEX_POINT('',#1831);
#1831 = CARTESIAN_POINT('',(330.,-5.210050506339,26.2));
#1832 = LINE('',#1833,#1834);
#1833 = CARTESIAN_POINT('',(330.,-3.010050506339,24.));
#1834 = VECTOR('',#1835,1.);
#1835 = DIRECTION('',(0.,-0.707106781187,0.707106781187));
#1836 = ORIENTED_EDGE('',*,*,#1837,.T.);
#1837 = EDGE_CURVE('',#1830,#1838,#1840,.T.);
#1838 = VERTEX_POINT('',#1839);
#1839 = CARTESIAN_POINT('',(330.,-5.210050506339,28.2));
#1840 = LINE('',#1841,#1842);
#1841 = CARTESIAN_POINT('',(330.,-5.210050506339,0.));
#1842 = VECTOR('',#1843,1.);
#1843 = DIRECTION('',(-0.,-0.,1.));
#1844 = ORIENTED_EDGE('',*,*,#1845,.T.);
#1845 = EDGE_CURVE('',#1838,#1846,#1848,.T.);
#1846 = VERTEX_POINT('',#1847);
#1847 = CARTESIAN_POINT('',(330.,-3.,28.2));
#1848 = LINE('',#1849,#1850);
#1849 = CARTESIAN_POINT('',(330.,0.,28.2));
#1850 = VECTOR('',#1851,1.);
#1851 = DIRECTION('',(0.,1.,0.));
#1852 = ORIENTED_EDGE('',*,*,#1853,.T.);
#1853 = EDGE_CURVE('',#1846,#1854,#1856,.T.);
#1854 = VERTEX_POINT('',#1855);
#1855 = CARTESIAN_POINT('',(330.,-4.8,30.));
#1856 = LINE('',#1857,#1858);
#1857 = CARTESIAN_POINT('',(330.,-3.,28.2));
#1858 = VECTOR('',#1859,1.);
#1859 = DIRECTION('',(0.,-0.707106781187,0.707106781187));
#1860 = ORIENTED_EDGE('',*,*,#1861,.T.);
#1861 = EDGE_CURVE('',#1854,#1862,#1864,.T.);
#1862 = VERTEX_POINT('',#1863);
#1863 = CARTESIAN_POINT('',(330.,-10.,30.));
#1864 = LINE('',#1865,#1866);
#1865 = CARTESIAN_POINT('',(330.,0.,30.));
#1866 = VECTOR('',#1867,1.);
#1867 = DIRECTION('',(-0.,-1.,-0.));
#1868 = ORIENTED_EDGE('',*,*,#1869,.T.);
#1869 = EDGE_CURVE('',#1862,#1870,#1872,.T.);
#1870 = VERTEX_POINT('',#1871);
#1871 = CARTESIAN_POINT('',(330.,-10.,24.8));
#1872 = LINE('',#1873,#1874);
#1873 = CARTESIAN_POINT('',(330.,-10.,0.));
#1874 = VECTOR('',#1875,1.);
#1875 = DIRECTION('',(0.,0.,-1.));
#1876 = ORIENTED_EDGE('',*,*,#1877,.T.);
#1877 = EDGE_CURVE('',#1870,#1878,#1880,.T.);
#1878 = VERTEX_POINT('',#1879);
#1879 = CARTESIAN_POINT('',(330.,-8.2,23.));
#1880 = LINE('',#1881,#1882);
#1881 = CARTESIAN_POINT('',(330.,-10.,24.8));
#1882 = VECTOR('',#1883,1.);
#1883 = DIRECTION('',(0.,0.707106781187,-0.707106781187));
#1884 = ORIENTED_EDGE('',*,*,#1885,.T.);
#1885 = EDGE_CURVE('',#1878,#1886,#1888,.T.);
#1886 = VERTEX_POINT('',#1887);
#1887 = CARTESIAN_POINT('',(330.,-8.2,25.210050506339));
#1888 = LINE('',#1889,#1890);
#1889 = CARTESIAN_POINT('',(330.,-8.2,0.));
#1890 = VECTOR('',#1891,1.);
#1891 = DIRECTION('',(-0.,-0.,1.));
#1892 = ORIENTED_EDGE('',*,*,#1893,.T.);
#1893 = EDGE_CURVE('',#1886,#1894,#1896,.T.);
#1894 = VERTEX_POINT('',#1895);
#1895 = CARTESIAN_POINT('',(330.,-6.2,25.210050506339));
#1896 = LINE('',#1897,#1898);
#1897 = CARTESIAN_POINT('',(330.,0.,25.210050506339));
#1898 = VECTOR('',#1899,1.);
#1899 = DIRECTION('',(0.,1.,0.));
#1900 = ORIENTED_EDGE('',*,*,#1901,.T.);
#1901 = EDGE_CURVE('',#1894,#1902,#1904,.T.);
#1902 = VERTEX_POINT('',#1903);
#1903 = CARTESIAN_POINT('',(330.,-4.,23.010050506339));
#1904 = LINE('',#1905,#1906);
#1905 = CARTESIAN_POINT('',(330.,-6.2,25.210050506339));
#1906 = VECTOR('',#1907,1.);
#1907 = DIRECTION('',(0.,0.707106781187,-0.707106781187));
#1908 = ORIENTED_EDGE('',*,*,#1909,.T.);
#1909 = EDGE_CURVE('',#1902,#1025,#1910,.T.);
#1910 = LINE('',#1911,#1912);
#1911 = CARTESIAN_POINT('',(330.,-4.,0.));
#1912 = VECTOR('',#1913,1.);
#1913 = DIRECTION('',(0.,0.,-1.));
#1914 = ORIENTED_EDGE('',*,*,#1024,.F.);
#1915 = ORIENTED_EDGE('',*,*,#1916,.F.);
#1916 = EDGE_CURVE('',#1917,#1017,#1919,.T.);
#1917 = VERTEX_POINT('',#1918);
#1918 = CARTESIAN_POINT('',(330.,-4.,19.5));
#1919 = LINE('',#1920,#1921);
#1920 = CARTESIAN_POINT('',(330.,-4.,19.5));
#1921 = VECTOR('',#1922,1.);
#1922 = DIRECTION('',(-0.,0.707106781187,0.707106781187));
#1923 = ORIENTED_EDGE('',*,*,#1924,.T.);
#1924 = EDGE_CURVE('',#1917,#1925,#1927,.T.);
#1925 = VERTEX_POINT('',#1926);
#1926 = CARTESIAN_POINT('',(330.,-4.,16.989949493661));
#1927 = LINE('',#1928,#1929);
#1928 = CARTESIAN_POINT('',(330.,-4.,0.));
#1929 = VECTOR('',#1930,1.);
#1930 = DIRECTION('',(0.,0.,-1.));
#1931 = ORIENTED_EDGE('',*,*,#1932,.T.);
#1932 = EDGE_CURVE('',#1925,#1933,#1935,.T.);
#1933 = VERTEX_POINT('',#1934);
#1934 = CARTESIAN_POINT('',(330.,-6.2,14.789949493661));
#1935 = LINE('',#1936,#1937);
#1936 = CARTESIAN_POINT('',(330.,-4.,16.989949493661));
#1937 = VECTOR('',#1938,1.);
#1938 = DIRECTION('',(0.,-0.707106781187,-0.707106781187));
#1939 = ORIENTED_EDGE('',*,*,#1940,.T.);
#1940 = EDGE_CURVE('',#1933,#1941,#1943,.T.);
#1941 = VERTEX_POINT('',#1942);
#1942 = CARTESIAN_POINT('',(330.,-8.2,14.789949493661));
#1943 = LINE('',#1944,#1945);
#1944 = CARTESIAN_POINT('',(330.,0.,14.789949493661));
#1945 = VECTOR('',#1946,1.);
#1946 = DIRECTION('',(-0.,-1.,-0.));
#1947 = ORIENTED_EDGE('',*,*,#1948,.T.);
#1948 = EDGE_CURVE('',#1941,#1949,#1951,.T.);
#1949 = VERTEX_POINT('',#1950);
#1950 = CARTESIAN_POINT('',(330.,-8.2,17.));
#1951 = LINE('',#1952,#1953);
#1952 = CARTESIAN_POINT('',(330.,-8.2,0.));
#1953 = VECTOR('',#1954,1.);
#1954 = DIRECTION('',(-0.,-0.,1.));
#1955 = ORIENTED_EDGE('',*,*,#1956,.T.);
#1956 = EDGE_CURVE('',#1949,#1457,#1957,.T.);
#1957 = LINE('',#1958,#1959);
#1958 = CARTESIAN_POINT('',(330.,-8.2,17.));
#1959 = VECTOR('',#1960,1.);
#1960 = DIRECTION('',(0.,-0.707106781187,-0.707106781187));
#1961 = ORIENTED_EDGE('',*,*,#1480,.T.);
#1962 = ORIENTED_EDGE('',*,*,#1963,.T.);
#1963 = EDGE_CURVE('',#1473,#1964,#1966,.T.);
#1964 = VERTEX_POINT('',#1965);
#1965 = CARTESIAN_POINT('',(330.,-9.941421356237,4.741421356237));
#1966 = CIRCLE('',#1967,0.2);
#1967 = AXIS2_PLACEMENT_3D('',#1968,#1969,#1970);
#1968 = CARTESIAN_POINT('',(330.,-9.8,4.882842712475));
#1969 = DIRECTION('',(1.,0.,-0.));
#1970 = DIRECTION('',(0.,0.,1.));
#1971 = ORIENTED_EDGE('',*,*,#1972,.T.);
#1972 = EDGE_CURVE('',#1964,#1973,#1975,.T.);
#1973 = VERTEX_POINT('',#1974);
#1974 = CARTESIAN_POINT('',(330.,-8.541421356237,3.341421356237));
#1975 = LINE('',#1976,#1977);
#1976 = CARTESIAN_POINT('',(330.,-9.941421356237,4.741421356237));
#1977 = VECTOR('',#1978,1.);
#1978 = DIRECTION('',(0.,0.707106781187,-0.707106781187));
#1979 = ORIENTED_EDGE('',*,*,#1980,.F.);
#1980 = EDGE_CURVE('',#1981,#1973,#1983,.T.);
#1981 = VERTEX_POINT('',#1982);
#1982 = CARTESIAN_POINT('',(330.,-8.2,3.482842712475));
#1983 = CIRCLE('',#1984,0.2);
#1984 = AXIS2_PLACEMENT_3D('',#1985,#1986,#1987);
#1985 = CARTESIAN_POINT('',(330.,-8.4,3.482842712475));
#1986 = DIRECTION('',(-1.,0.,0.));
#1987 = DIRECTION('',(0.,0.,1.));
#1988 = ORIENTED_EDGE('',*,*,#1989,.T.);
#1989 = EDGE_CURVE('',#1981,#1990,#1992,.T.);
#1990 = VERTEX_POINT('',#1991);
#1991 = CARTESIAN_POINT('',(330.,-8.2,5.210050506339));
#1992 = LINE('',#1993,#1994);
#1993 = CARTESIAN_POINT('',(330.,-8.2,0.));
#1994 = VECTOR('',#1995,1.);
#1995 = DIRECTION('',(-0.,-0.,1.));
#1996 = ORIENTED_EDGE('',*,*,#1997,.T.);
#1997 = EDGE_CURVE('',#1990,#1998,#2000,.T.);
#1998 = VERTEX_POINT('',#1999);
#1999 = CARTESIAN_POINT('',(330.,-6.2,5.210050506339));
#2000 = LINE('',#2001,#2002);
#2001 = CARTESIAN_POINT('',(330.,0.,5.210050506339));
#2002 = VECTOR('',#2003,1.);
#2003 = DIRECTION('',(0.,1.,0.));
#2004 = ORIENTED_EDGE('',*,*,#2005,.T.);
#2005 = EDGE_CURVE('',#1998,#2006,#2008,.T.);
#2006 = VERTEX_POINT('',#2007);
#2007 = CARTESIAN_POINT('',(330.,-4.,3.010050506339));
#2008 = LINE('',#2009,#2010);
#2009 = CARTESIAN_POINT('',(330.,-6.2,5.210050506339));
#2010 = VECTOR('',#2011,1.);
#2011 = DIRECTION('',(0.,0.707106781187,-0.707106781187));
#2012 = ORIENTED_EDGE('',*,*,#2013,.T.);
#2013 = EDGE_CURVE('',#2006,#2014,#2016,.T.);
#2014 = VERTEX_POINT('',#2015);
#2015 = CARTESIAN_POINT('',(330.,-4.,0.5));
#2016 = LINE('',#2017,#2018);
#2017 = CARTESIAN_POINT('',(330.,-4.,0.));
#2018 = VECTOR('',#2019,1.);
#2019 = DIRECTION('',(0.,0.,-1.));
#2020 = ORIENTED_EDGE('',*,*,#2021,.T.);
#2021 = EDGE_CURVE('',#2014,#864,#2022,.T.);
#2022 = LINE('',#2023,#2024);
#2023 = CARTESIAN_POINT('',(330.,-4.,0.5));
#2024 = VECTOR('',#2025,1.);
#2025 = DIRECTION('',(0.,0.707106781187,-0.707106781187));
#2026 = ORIENTED_EDGE('',*,*,#888,.T.);
#2027 = ORIENTED_EDGE('',*,*,#2028,.T.);
#2028 = EDGE_CURVE('',#881,#2029,#2031,.T.);
#2029 = VERTEX_POINT('',#2030);
#2030 = CARTESIAN_POINT('',(330.,-4.,-3.010050506339));
#2031 = LINE('',#2032,#2033);
#2032 = CARTESIAN_POINT('',(330.,-4.,0.));
#2033 = VECTOR('',#2034,1.);
#2034 = DIRECTION('',(0.,0.,-1.));
#2035 = ORIENTED_EDGE('',*,*,#2036,.T.);
#2036 = EDGE_CURVE('',#2029,#2037,#2039,.T.);
#2037 = VERTEX_POINT('',#2038);
#2038 = CARTESIAN_POINT('',(330.,-6.2,-5.210050506339));
#2039 = LINE('',#2040,#2041);
#2040 = CARTESIAN_POINT('',(330.,-4.,-3.010050506339));
#2041 = VECTOR('',#2042,1.);
#2042 = DIRECTION('',(0.,-0.707106781187,-0.707106781187));
#2043 = ORIENTED_EDGE('',*,*,#2044,.T.);
#2044 = EDGE_CURVE('',#2037,#2045,#2047,.T.);
#2045 = VERTEX_POINT('',#2046);
#2046 = CARTESIAN_POINT('',(330.,-8.2,-5.210050506339));
#2047 = LINE('',#2048,#2049);
#2048 = CARTESIAN_POINT('',(330.,0.,-5.210050506339));
#2049 = VECTOR('',#2050,1.);
#2050 = DIRECTION('',(-0.,-1.,-0.));
#2051 = ORIENTED_EDGE('',*,*,#2052,.T.);
#2052 = EDGE_CURVE('',#2045,#2053,#2055,.T.);
#2053 = VERTEX_POINT('',#2054);
#2054 = CARTESIAN_POINT('',(330.,-8.2,-3.482842712475));
#2055 = LINE('',#2056,#2057);
#2056 = CARTESIAN_POINT('',(330.,-8.2,0.));
#2057 = VECTOR('',#2058,1.);
#2058 = DIRECTION('',(-0.,-0.,1.));
#2059 = ORIENTED_EDGE('',*,*,#2060,.F.);
#2060 = EDGE_CURVE('',#666,#2053,#2061,.T.);
#2061 = CIRCLE('',#2062,0.2);
#2062 = AXIS2_PLACEMENT_3D('',#2063,#2064,#2065);
#2063 = CARTESIAN_POINT('',(330.,-8.4,-3.482842712475));
#2064 = DIRECTION('',(-1.,0.,0.));
#2065 = DIRECTION('',(0.,0.,1.));
#2066 = ORIENTED_EDGE('',*,*,#663,.F.);
#2067 = ORIENTED_EDGE('',*,*,#2068,.T.);
#2068 = EDGE_CURVE('',#664,#2069,#2071,.T.);
#2069 = VERTEX_POINT('',#2070);
#2070 = CARTESIAN_POINT('',(330.,-9.941421356237,-4.741421356237));
#2071 = LINE('',#2072,#2073);
#2072 = CARTESIAN_POINT('',(330.,-8.541421356237,-3.341421356237));
#2073 = VECTOR('',#2074,1.);
#2074 = DIRECTION('',(0.,-0.707106781187,-0.707106781187));
#2075 = ORIENTED_EDGE('',*,*,#2076,.F.);
#2076 = EDGE_CURVE('',#2077,#2069,#2079,.T.);
#2077 = VERTEX_POINT('',#2078);
#2078 = CARTESIAN_POINT('',(330.,-10.,-4.882842712475));
#2079 = CIRCLE('',#2080,0.2);
#2080 = AXIS2_PLACEMENT_3D('',#2081,#2082,#2083);
#2081 = CARTESIAN_POINT('',(330.,-9.8,-4.882842712475));
#2082 = DIRECTION('',(-1.,0.,0.));
#2083 = DIRECTION('',(0.,0.,1.));
#2084 = ORIENTED_EDGE('',*,*,#2085,.T.);
#2085 = EDGE_CURVE('',#2077,#2086,#2088,.T.);
#2086 = VERTEX_POINT('',#2087);
#2087 = CARTESIAN_POINT('',(330.,-10.,-9.8));
#2088 = LINE('',#2089,#2090);
#2089 = CARTESIAN_POINT('',(330.,-10.,0.));
#2090 = VECTOR('',#2091,1.);
#2091 = DIRECTION('',(0.,0.,-1.));
#2092 = ORIENTED_EDGE('',*,*,#2093,.F.);
#2093 = EDGE_CURVE('',#2094,#2086,#2096,.T.);
#2094 = VERTEX_POINT('',#2095);
#2095 = CARTESIAN_POINT('',(330.,-9.8,-10.));
#2096 = CIRCLE('',#2097,0.2);
#2097 = AXIS2_PLACEMENT_3D('',#2098,#2099,#2100);
#2098 = CARTESIAN_POINT('',(330.,-9.8,-9.8));
#2099 = DIRECTION('',(-1.,0.,0.));
#2100 = DIRECTION('',(0.,0.,1.));
#2101 = ORIENTED_EDGE('',*,*,#2102,.T.);
#2102 = EDGE_CURVE('',#2094,#2103,#2105,.T.);
#2103 = VERTEX_POINT('',#2104);
#2104 = CARTESIAN_POINT('',(330.,-4.882842712475,-10.));
#2105 = LINE('',#2106,#2107);
#2106 = CARTESIAN_POINT('',(330.,0.,-10.));
#2107 = VECTOR('',#2108,1.);
#2108 = DIRECTION('',(0.,1.,0.));
#2109 = ORIENTED_EDGE('',*,*,#2110,.F.);
#2110 = EDGE_CURVE('',#2111,#2103,#2113,.T.);
#2111 = VERTEX_POINT('',#2112);
#2112 = CARTESIAN_POINT('',(330.,-4.741421356237,-9.941421356237));
#2113 = CIRCLE('',#2114,0.2);
#2114 = AXIS2_PLACEMENT_3D('',#2115,#2116,#2117);
#2115 = CARTESIAN_POINT('',(330.,-4.882842712475,-9.8));
#2116 = DIRECTION('',(-1.,0.,0.));
#2117 = DIRECTION('',(0.,0.,1.));
#2118 = ORIENTED_EDGE('',*,*,#2119,.T.);
#2119 = EDGE_CURVE('',#2111,#2120,#2122,.T.);
#2120 = VERTEX_POINT('',#2121);
#2121 = CARTESIAN_POINT('',(330.,-3.341421356237,-8.541421356237));
#2122 = LINE('',#2123,#2124);
#2123 = CARTESIAN_POINT('',(330.,-4.741421356237,-9.941421356237));
#2124 = VECTOR('',#2125,1.);
#2125 = DIRECTION('',(0.,0.707106781187,0.707106781187));
#2126 = ORIENTED_EDGE('',*,*,#2127,.F.);
#2127 = EDGE_CURVE('',#2128,#2120,#2130,.T.);
#2128 = VERTEX_POINT('',#2129);
#2129 = CARTESIAN_POINT('',(330.,-3.482842712475,-8.2));
#2130 = CIRCLE('',#2131,0.2);
#2131 = AXIS2_PLACEMENT_3D('',#2132,#2133,#2134);
#2132 = CARTESIAN_POINT('',(330.,-3.482842712475,-8.4));
#2133 = DIRECTION('',(-1.,0.,0.));
#2134 = DIRECTION('',(0.,0.,1.));
#2135 = ORIENTED_EDGE('',*,*,#2136,.T.);
#2136 = EDGE_CURVE('',#2128,#2137,#2139,.T.);
#2137 = VERTEX_POINT('',#2138);
#2138 = CARTESIAN_POINT('',(330.,-5.210050506339,-8.2));
#2139 = LINE('',#2140,#2141);
#2140 = CARTESIAN_POINT('',(330.,0.,-8.2));
#2141 = VECTOR('',#2142,1.);
#2142 = DIRECTION('',(-0.,-1.,-0.));
#2143 = ORIENTED_EDGE('',*,*,#2144,.T.);
#2144 = EDGE_CURVE('',#2137,#2145,#2147,.T.);
#2145 = VERTEX_POINT('',#2146);
#2146 = CARTESIAN_POINT('',(330.,-5.210050506339,-6.2));
#2147 = LINE('',#2148,#2149);
#2148 = CARTESIAN_POINT('',(330.,-5.210050506339,0.));
#2149 = VECTOR('',#2150,1.);
#2150 = DIRECTION('',(-0.,-0.,1.));
#2151 = ORIENTED_EDGE('',*,*,#2152,.T.);
#2152 = EDGE_CURVE('',#2145,#2153,#2155,.T.);
#2153 = VERTEX_POINT('',#2154);
#2154 = CARTESIAN_POINT('',(330.,-3.010050506339,-4.));
#2155 = LINE('',#2156,#2157);
#2156 = CARTESIAN_POINT('',(330.,-5.210050506339,-6.2));
#2157 = VECTOR('',#2158,1.);
#2158 = DIRECTION('',(0.,0.707106781187,0.707106781187));
#2159 = ORIENTED_EDGE('',*,*,#2160,.T.);
#2160 = EDGE_CURVE('',#2153,#2161,#2163,.T.);
#2161 = VERTEX_POINT('',#2162);
#2162 = CARTESIAN_POINT('',(330.,-0.5,-4.));
#2163 = LINE('',#2164,#2165);
#2164 = CARTESIAN_POINT('',(330.,0.,-4.));
#2165 = VECTOR('',#2166,1.);
#2166 = DIRECTION('',(0.,1.,0.));
#2167 = ORIENTED_EDGE('',*,*,#2168,.T.);
#2168 = EDGE_CURVE('',#2161,#2169,#2171,.T.);
#2169 = VERTEX_POINT('',#2170);
#2170 = CARTESIAN_POINT('',(330.,3.6E-14,-3.5));
#2171 = LINE('',#2172,#2173);
#2172 = CARTESIAN_POINT('',(330.,-0.5,-4.));
#2173 = VECTOR('',#2174,1.);
#2174 = DIRECTION('',(0.,0.707106781187,0.707106781187));
#2175 = ORIENTED_EDGE('',*,*,#2176,.T.);
#2176 = EDGE_CURVE('',#2169,#2177,#2179,.T.);
#2177 = VERTEX_POINT('',#2178);
#2178 = CARTESIAN_POINT('',(330.,0.5,-4.));
#2179 = LINE('',#2180,#2181);
#2180 = CARTESIAN_POINT('',(330.,3.577E-14,-3.5));
#2181 = VECTOR('',#2182,1.);
#2182 = DIRECTION('',(0.,0.707106781187,-0.707106781187));
#2183 = ORIENTED_EDGE('',*,*,#2184,.T.);
#2184 = EDGE_CURVE('',#2177,#2185,#2187,.T.);
#2185 = VERTEX_POINT('',#2186);
#2186 = CARTESIAN_POINT('',(330.,3.010050506339,-4.));
#2187 = LINE('',#2188,#2189);
#2188 = CARTESIAN_POINT('',(330.,0.,-4.));
#2189 = VECTOR('',#2190,1.);
#2190 = DIRECTION('',(0.,1.,0.));
#2191 = ORIENTED_EDGE('',*,*,#2192,.T.);
#2192 = EDGE_CURVE('',#2185,#2193,#2195,.T.);
#2193 = VERTEX_POINT('',#2194);
#2194 = CARTESIAN_POINT('',(330.,5.210050506339,-6.2));
#2195 = LINE('',#2196,#2197);
#2196 = CARTESIAN_POINT('',(330.,3.010050506339,-4.));
#2197 = VECTOR('',#2198,1.);
#2198 = DIRECTION('',(0.,0.707106781187,-0.707106781187));
#2199 = ORIENTED_EDGE('',*,*,#2200,.T.);
#2200 = EDGE_CURVE('',#2193,#2201,#2203,.T.);
#2201 = VERTEX_POINT('',#2202);
#2202 = CARTESIAN_POINT('',(330.,5.210050506339,-8.2));
#2203 = LINE('',#2204,#2205);
#2204 = CARTESIAN_POINT('',(330.,5.210050506339,0.));
#2205 = VECTOR('',#2206,1.);
#2206 = DIRECTION('',(0.,0.,-1.));
#2207 = ORIENTED_EDGE('',*,*,#2208,.T.);
#2208 = EDGE_CURVE('',#2201,#2209,#2211,.T.);
#2209 = VERTEX_POINT('',#2210);
#2210 = CARTESIAN_POINT('',(330.,3.482842712475,-8.2));
#2211 = LINE('',#2212,#2213);
#2212 = CARTESIAN_POINT('',(330.,0.,-8.2));
#2213 = VECTOR('',#2214,1.);
#2214 = DIRECTION('',(-0.,-1.,-0.));
#2215 = ORIENTED_EDGE('',*,*,#2216,.F.);
#2216 = EDGE_CURVE('',#2217,#2209,#2219,.T.);
#2217 = VERTEX_POINT('',#2218);
#2218 = CARTESIAN_POINT('',(330.,3.341421356237,-8.541421356237));
#2219 = CIRCLE('',#2220,0.2);
#2220 = AXIS2_PLACEMENT_3D('',#2221,#2222,#2223);
#2221 = CARTESIAN_POINT('',(330.,3.482842712475,-8.4));
#2222 = DIRECTION('',(-1.,0.,0.));
#2223 = DIRECTION('',(0.,0.,1.));
#2224 = ORIENTED_EDGE('',*,*,#2225,.T.);
#2225 = EDGE_CURVE('',#2217,#2226,#2228,.T.);
#2226 = VERTEX_POINT('',#2227);
#2227 = CARTESIAN_POINT('',(330.,4.741421356237,-9.941421356237));
#2228 = LINE('',#2229,#2230);
#2229 = CARTESIAN_POINT('',(330.,3.341421356237,-8.541421356237));
#2230 = VECTOR('',#2231,1.);
#2231 = DIRECTION('',(0.,0.707106781187,-0.707106781187));
#2232 = ORIENTED_EDGE('',*,*,#2233,.F.);
#2233 = EDGE_CURVE('',#2234,#2226,#2236,.T.);
#2234 = VERTEX_POINT('',#2235);
#2235 = CARTESIAN_POINT('',(330.,4.882842712475,-10.));
#2236 = CIRCLE('',#2237,0.2);
#2237 = AXIS2_PLACEMENT_3D('',#2238,#2239,#2240);
#2238 = CARTESIAN_POINT('',(330.,4.882842712475,-9.8));
#2239 = DIRECTION('',(-1.,0.,0.));
#2240 = DIRECTION('',(0.,0.,1.));
#2241 = ORIENTED_EDGE('',*,*,#2242,.T.);
#2242 = EDGE_CURVE('',#2234,#2243,#2245,.T.);
#2243 = VERTEX_POINT('',#2244);
#2244 = CARTESIAN_POINT('',(330.,9.8,-10.));
#2245 = LINE('',#2246,#2247);
#2246 = CARTESIAN_POINT('',(330.,0.,-10.));
#2247 = VECTOR('',#2248,1.);
#2248 = DIRECTION('',(0.,1.,0.));
#2249 = ORIENTED_EDGE('',*,*,#2250,.F.);
#2250 = EDGE_CURVE('',#2251,#2243,#2253,.T.);
#2251 = VERTEX_POINT('',#2252);
#2252 = CARTESIAN_POINT('',(330.,10.,-9.8));
#2253 = CIRCLE('',#2254,0.2);
#2254 = AXIS2_PLACEMENT_3D('',#2255,#2256,#2257);
#2255 = CARTESIAN_POINT('',(330.,9.8,-9.8));
#2256 = DIRECTION('',(-1.,0.,0.));
#2257 = DIRECTION('',(0.,0.,1.));
#2258 = ORIENTED_EDGE('',*,*,#2259,.T.);
#2259 = EDGE_CURVE('',#2251,#2260,#2262,.T.);
#2260 = VERTEX_POINT('',#2261);
#2261 = CARTESIAN_POINT('',(330.,10.,-4.882842712475));
#2262 = LINE('',#2263,#2264);
#2263 = CARTESIAN_POINT('',(330.,10.,0.));
#2264 = VECTOR('',#2265,1.);
#2265 = DIRECTION('',(-0.,-0.,1.));
#2266 = ORIENTED_EDGE('',*,*,#2267,.F.);
#2267 = EDGE_CURVE('',#2268,#2260,#2270,.T.);
#2268 = VERTEX_POINT('',#2269);
#2269 = CARTESIAN_POINT('',(330.,9.941421356237,-4.741421356237));
#2270 = CIRCLE('',#2271,0.2);
#2271 = AXIS2_PLACEMENT_3D('',#2272,#2273,#2274);
#2272 = CARTESIAN_POINT('',(330.,9.8,-4.882842712475));
#2273 = DIRECTION('',(-1.,0.,0.));
#2274 = DIRECTION('',(0.,0.,1.));
#2275 = ORIENTED_EDGE('',*,*,#2276,.T.);
#2276 = EDGE_CURVE('',#2268,#2277,#2279,.T.);
#2277 = VERTEX_POINT('',#2278);
#2278 = CARTESIAN_POINT('',(330.,8.541421356237,-3.341421356237));
#2279 = LINE('',#2280,#2281);
#2280 = CARTESIAN_POINT('',(330.,9.941421356237,-4.741421356237));
#2281 = VECTOR('',#2282,1.);
#2282 = DIRECTION('',(0.,-0.707106781187,0.707106781187));
#2283 = ORIENTED_EDGE('',*,*,#2284,.F.);
#2284 = EDGE_CURVE('',#624,#2277,#2285,.T.);
#2285 = CIRCLE('',#2286,0.2);
#2286 = AXIS2_PLACEMENT_3D('',#2287,#2288,#2289);
#2287 = CARTESIAN_POINT('',(330.,8.4,-3.482842712475));
#2288 = DIRECTION('',(-1.,0.,0.));
#2289 = DIRECTION('',(0.,0.,1.));
#2290 = ORIENTED_EDGE('',*,*,#621,.F.);
#2291 = ORIENTED_EDGE('',*,*,#2292,.T.);
#2292 = EDGE_CURVE('',#622,#2293,#2295,.T.);
#2293 = VERTEX_POINT('',#2294);
#2294 = CARTESIAN_POINT('',(330.,8.2,-5.210050506339));
#2295 = LINE('',#2296,#2297);
#2296 = CARTESIAN_POINT('',(330.,8.2,0.));
#2297 = VECTOR('',#2298,1.);
#2298 = DIRECTION('',(0.,0.,-1.));
#2299 = ORIENTED_EDGE('',*,*,#2300,.T.);
#2300 = EDGE_CURVE('',#2293,#2301,#2303,.T.);
#2301 = VERTEX_POINT('',#2302);
#2302 = CARTESIAN_POINT('',(330.,6.2,-5.210050506339));
#2303 = LINE('',#2304,#2305);
#2304 = CARTESIAN_POINT('',(330.,0.,-5.210050506339));
#2305 = VECTOR('',#2306,1.);
#2306 = DIRECTION('',(-0.,-1.,-0.));
#2307 = ORIENTED_EDGE('',*,*,#2308,.T.);
#2308 = EDGE_CURVE('',#2301,#2309,#2311,.T.);
#2309 = VERTEX_POINT('',#2310);
#2310 = CARTESIAN_POINT('',(330.,4.,-3.010050506339));
#2311 = LINE('',#2312,#2313);
#2312 = CARTESIAN_POINT('',(330.,6.2,-5.210050506339));
#2313 = VECTOR('',#2314,1.);
#2314 = DIRECTION('',(0.,-0.707106781187,0.707106781187));
#2315 = ORIENTED_EDGE('',*,*,#2316,.T.);
#2316 = EDGE_CURVE('',#2309,#934,#2317,.T.);
#2317 = LINE('',#2318,#2319);
#2318 = CARTESIAN_POINT('',(330.,4.,0.));
#2319 = VECTOR('',#2320,1.);
#2320 = DIRECTION('',(-0.,-0.,1.));
#2321 = ORIENTED_EDGE('',*,*,#960,.T.);
#2322 = ORIENTED_EDGE('',*,*,#2323,.T.);
#2323 = EDGE_CURVE('',#953,#2324,#2326,.T.);
#2324 = VERTEX_POINT('',#2325);
#2325 = CARTESIAN_POINT('',(330.,4.,0.5));
#2326 = LINE('',#2327,#2328);
#2327 = CARTESIAN_POINT('',(330.,3.5,-4.6E-16));
#2328 = VECTOR('',#2329,1.);
#2329 = DIRECTION('',(0.,0.707106781187,0.707106781187));
#2330 = ORIENTED_EDGE('',*,*,#2331,.T.);
#2331 = EDGE_CURVE('',#2324,#2332,#2334,.T.);
#2332 = VERTEX_POINT('',#2333);
#2333 = CARTESIAN_POINT('',(330.,4.,3.010050506339));
#2334 = LINE('',#2335,#2336);
#2335 = CARTESIAN_POINT('',(330.,4.,0.));
#2336 = VECTOR('',#2337,1.);
#2337 = DIRECTION('',(-0.,-0.,1.));
#2338 = ORIENTED_EDGE('',*,*,#2339,.T.);
#2339 = EDGE_CURVE('',#2332,#2340,#2342,.T.);
#2340 = VERTEX_POINT('',#2341);
#2341 = CARTESIAN_POINT('',(330.,6.2,5.210050506339));
#2342 = LINE('',#2343,#2344);
#2343 = CARTESIAN_POINT('',(330.,4.,3.010050506339));
#2344 = VECTOR('',#2345,1.);
#2345 = DIRECTION('',(0.,0.707106781187,0.707106781187));
#2346 = ORIENTED_EDGE('',*,*,#2347,.T.);
#2347 = EDGE_CURVE('',#2340,#2348,#2350,.T.);
#2348 = VERTEX_POINT('',#2349);
#2349 = CARTESIAN_POINT('',(330.,8.2,5.210050506339));
#2350 = LINE('',#2351,#2352);
#2351 = CARTESIAN_POINT('',(330.,0.,5.210050506339));
#2352 = VECTOR('',#2353,1.);
#2353 = DIRECTION('',(0.,1.,0.));
#2354 = ORIENTED_EDGE('',*,*,#2355,.T.);
#2355 = EDGE_CURVE('',#2348,#2356,#2358,.T.);
#2356 = VERTEX_POINT('',#2357);
#2357 = CARTESIAN_POINT('',(330.,8.2,3.482842712475));
#2358 = LINE('',#2359,#2360);
#2359 = CARTESIAN_POINT('',(330.,8.2,0.));
#2360 = VECTOR('',#2361,1.);
#2361 = DIRECTION('',(0.,0.,-1.));
#2362 = ORIENTED_EDGE('',*,*,#2363,.F.);
#2363 = EDGE_CURVE('',#2364,#2356,#2366,.T.);
#2364 = VERTEX_POINT('',#2365);
#2365 = CARTESIAN_POINT('',(330.,8.541421356237,3.341421356237));
#2366 = CIRCLE('',#2367,0.2);
#2367 = AXIS2_PLACEMENT_3D('',#2368,#2369,#2370);
#2368 = CARTESIAN_POINT('',(330.,8.4,3.482842712475));
#2369 = DIRECTION('',(-1.,0.,0.));
#2370 = DIRECTION('',(0.,0.,1.));
#2371 = ORIENTED_EDGE('',*,*,#2372,.T.);
#2372 = EDGE_CURVE('',#2364,#2373,#2375,.T.);
#2373 = VERTEX_POINT('',#2374);
#2374 = CARTESIAN_POINT('',(330.,9.941421356237,4.741421356237));
#2375 = LINE('',#2376,#2377);
#2376 = CARTESIAN_POINT('',(330.,8.541421356237,3.341421356237));
#2377 = VECTOR('',#2378,1.);
#2378 = DIRECTION('',(0.,0.707106781187,0.707106781187));
#2379 = ORIENTED_EDGE('',*,*,#2380,.F.);
#2380 = EDGE_CURVE('',#2381,#2373,#2383,.T.);
#2381 = VERTEX_POINT('',#2382);
#2382 = CARTESIAN_POINT('',(330.,10.,4.882842712475));
#2383 = CIRCLE('',#2384,0.2);
#2384 = AXIS2_PLACEMENT_3D('',#2385,#2386,#2387);
#2385 = CARTESIAN_POINT('',(330.,9.8,4.882842712475));
#2386 = DIRECTION('',(-1.,0.,0.));
#2387 = DIRECTION('',(0.,0.,1.));
#2388 = ORIENTED_EDGE('',*,*,#2389,.T.);
#2389 = EDGE_CURVE('',#2381,#1661,#2390,.T.);
#2390 = LINE('',#2391,#2392);
#2391 = CARTESIAN_POINT('',(330.,10.,0.));
#2392 = VECTOR('',#2393,1.);
#2393 = DIRECTION('',(-0.,-0.,1.));
#2394 = PLANE('',#2395);
#2395 = AXIS2_PLACEMENT_3D('',#2396,#2397,#2398);
#2396 = CARTESIAN_POINT('',(330.,0.,0.));
#2397 = DIRECTION('',(1.,-0.,0.));
#2398 = DIRECTION('',(0.,0.,-1.));
#2399 = ADVANCED_FACE('',(#2400),#2418,.T.);
#2400 = FACE_BOUND('',#2401,.T.);
#2401 = EDGE_LOOP('',(#2402,#2403,#2411,#2417));
#2402 = ORIENTED_EDGE('',*,*,#1956,.F.);
#2403 = ORIENTED_EDGE('',*,*,#2404,.T.);
#2404 = EDGE_CURVE('',#1949,#2405,#2407,.T.);
#2405 = VERTEX_POINT('',#2406);
#2406 = CARTESIAN_POINT('',(-70.,-8.2,17.));
#2407 = LINE('',#2408,#2409);
#2408 = CARTESIAN_POINT('',(330.,-8.2,17.));
#2409 = VECTOR('',#2410,1.);
#2410 = DIRECTION('',(-1.,-0.,-0.));
#2411 = ORIENTED_EDGE('',*,*,#2412,.T.);
#2412 = EDGE_CURVE('',#2405,#1455,#2413,.T.);
#2413 = LINE('',#2414,#2415);
#2414 = CARTESIAN_POINT('',(-70.,-12.6,12.6));
#2415 = VECTOR('',#2416,1.);
#2416 = DIRECTION('',(0.,-0.707106781187,-0.707106781187));
#2417 = ORIENTED_EDGE('',*,*,#1454,.T.);
#2418 = PLANE('',#2419);
#2419 = AXIS2_PLACEMENT_3D('',#2420,#2421,#2422);
#2420 = CARTESIAN_POINT('',(330.,-10.,15.2));
#2421 = DIRECTION('',(0.,-0.707106781187,0.707106781187));
#2422 = DIRECTION('',(0.,-0.707106781187,-0.707106781187));
#2423 = ADVANCED_FACE('',(#2424),#2443,.T.);
#2424 = FACE_BOUND('',#2425,.T.);
#2425 = EDGE_LOOP('',(#2426,#2427,#2436,#2442));
#2426 = ORIENTED_EDGE('',*,*,#1472,.T.);
#2427 = ORIENTED_EDGE('',*,*,#2428,.T.);
#2428 = EDGE_CURVE('',#1465,#2429,#2431,.T.);
#2429 = VERTEX_POINT('',#2430);
#2430 = CARTESIAN_POINT('',(-70.,-9.941421356237,4.741421356237));
#2431 = CIRCLE('',#2432,0.2);
#2432 = AXIS2_PLACEMENT_3D('',#2433,#2434,#2435);
#2433 = CARTESIAN_POINT('',(-70.,-9.8,4.882842712475));
#2434 = DIRECTION('',(1.,-0.,0.));
#2435 = DIRECTION('',(0.,0.,-1.));
#2436 = ORIENTED_EDGE('',*,*,#2437,.T.);
#2437 = EDGE_CURVE('',#2429,#1964,#2438,.T.);
#2438 = LINE('',#2439,#2440);
#2439 = CARTESIAN_POINT('',(330.,-9.941421356237,4.741421356237));
#2440 = VECTOR('',#2441,1.);
#2441 = DIRECTION('',(1.,-0.,-0.));
#2442 = ORIENTED_EDGE('',*,*,#1963,.F.);
#2443 = CYLINDRICAL_SURFACE('',#2444,0.2);
#2444 = AXIS2_PLACEMENT_3D('',#2445,#2446,#2447);
#2445 = CARTESIAN_POINT('',(330.,-9.8,4.882842712475));
#2446 = DIRECTION('',(-1.,0.,0.));
#2447 = DIRECTION('',(0.,0.,1.));
#2448 = ADVANCED_FACE('',(#2449),#2474,.T.);
#2449 = FACE_BOUND('',#2450,.T.);
#2450 = EDGE_LOOP('',(#2451,#2459,#2467,#2473));
#2451 = ORIENTED_EDGE('',*,*,#2452,.T.);
#2452 = EDGE_CURVE('',#1790,#2453,#2455,.T.);
#2453 = VERTEX_POINT('',#2454);
#2454 = CARTESIAN_POINT('',(-70.,3.010050506339,24.));
#2455 = LINE('',#2456,#2457);
#2456 = CARTESIAN_POINT('',(330.,3.010050506339,24.));
#2457 = VECTOR('',#2458,1.);
#2458 = DIRECTION('',(-1.,-0.,-0.));
#2459 = ORIENTED_EDGE('',*,*,#2460,.T.);
#2460 = EDGE_CURVE('',#2453,#2461,#2463,.T.);
#2461 = VERTEX_POINT('',#2462);
#2462 = CARTESIAN_POINT('',(-70.,0.5,24.));
#2463 = LINE('',#2464,#2465);
#2464 = CARTESIAN_POINT('',(-70.,0.,24.));
#2465 = VECTOR('',#2466,1.);
#2466 = DIRECTION('',(0.,-1.,0.));
#2467 = ORIENTED_EDGE('',*,*,#2468,.T.);
#2468 = EDGE_CURVE('',#2461,#1798,#2469,.T.);
#2469 = LINE('',#2470,#2471);
#2470 = CARTESIAN_POINT('',(330.,0.5,24.));
#2471 = VECTOR('',#2472,1.);
#2472 = DIRECTION('',(1.,0.,0.));
#2473 = ORIENTED_EDGE('',*,*,#1797,.F.);
#2474 = PLANE('',#2475);
#2475 = AXIS2_PLACEMENT_3D('',#2476,#2477,#2478);
#2476 = CARTESIAN_POINT('',(330.,3.010050506339,24.));
#2477 = DIRECTION('',(0.,-4.6E-16,1.));
#2478 = DIRECTION('',(0.,-1.,-4.6E-16));
#2479 = ADVANCED_FACE('',(#2480),#2498,.T.);
#2480 = FACE_BOUND('',#2481,.T.);
#2481 = EDGE_LOOP('',(#2482,#2483,#2491,#2497));
#2482 = ORIENTED_EDGE('',*,*,#1789,.F.);
#2483 = ORIENTED_EDGE('',*,*,#2484,.T.);
#2484 = EDGE_CURVE('',#1782,#2485,#2487,.T.);
#2485 = VERTEX_POINT('',#2486);
#2486 = CARTESIAN_POINT('',(-70.,5.210050506339,26.2));
#2487 = LINE('',#2488,#2489);
#2488 = CARTESIAN_POINT('',(330.,5.210050506339,26.2));
#2489 = VECTOR('',#2490,1.);
#2490 = DIRECTION('',(-1.,-0.,-0.));
#2491 = ORIENTED_EDGE('',*,*,#2492,.T.);
#2492 = EDGE_CURVE('',#2485,#2453,#2493,.T.);
#2493 = LINE('',#2494,#2495);
#2494 = CARTESIAN_POINT('',(-70.,-10.49497474683,10.494974746831));
#2495 = VECTOR('',#2496,1.);
#2496 = DIRECTION('',(0.,-0.707106781187,-0.707106781187));
#2497 = ORIENTED_EDGE('',*,*,#2452,.F.);
#2498 = PLANE('',#2499);
#2499 = AXIS2_PLACEMENT_3D('',#2500,#2501,#2502);
#2500 = CARTESIAN_POINT('',(330.,5.210050506339,26.2));
#2501 = DIRECTION('',(0.,-0.707106781187,0.707106781187));
#2502 = DIRECTION('',(0.,-0.707106781187,-0.707106781187));
#2503 = ADVANCED_FACE('',(#2504),#2522,.T.);
#2504 = FACE_BOUND('',#2505,.T.);
#2505 = EDGE_LOOP('',(#2506,#2507,#2515,#2521));
#2506 = ORIENTED_EDGE('',*,*,#1781,.F.);
#2507 = ORIENTED_EDGE('',*,*,#2508,.T.);
#2508 = EDGE_CURVE('',#1774,#2509,#2511,.T.);
#2509 = VERTEX_POINT('',#2510);
#2510 = CARTESIAN_POINT('',(-70.,5.210050506339,28.2));
#2511 = LINE('',#2512,#2513);
#2512 = CARTESIAN_POINT('',(330.,5.210050506339,28.2));
#2513 = VECTOR('',#2514,1.);
#2514 = DIRECTION('',(-1.,-0.,-0.));
#2515 = ORIENTED_EDGE('',*,*,#2516,.T.);
#2516 = EDGE_CURVE('',#2509,#2485,#2517,.T.);
#2517 = LINE('',#2518,#2519);
#2518 = CARTESIAN_POINT('',(-70.,5.210050506339,2.26E-15));
#2519 = VECTOR('',#2520,1.);
#2520 = DIRECTION('',(0.,4.3E-16,-1.));
#2521 = ORIENTED_EDGE('',*,*,#2484,.F.);
#2522 = PLANE('',#2523);
#2523 = AXIS2_PLACEMENT_3D('',#2524,#2525,#2526);
#2524 = CARTESIAN_POINT('',(330.,5.210050506339,28.2));
#2525 = DIRECTION('',(0.,-1.,-6.1E-16));
#2526 = DIRECTION('',(0.,6.1E-16,-1.));
#2527 = ADVANCED_FACE('',(#2528),#2546,.T.);
#2528 = FACE_BOUND('',#2529,.T.);
#2529 = EDGE_LOOP('',(#2530,#2531,#2539,#2545));
#2530 = ORIENTED_EDGE('',*,*,#1773,.F.);
#2531 = ORIENTED_EDGE('',*,*,#2532,.T.);
#2532 = EDGE_CURVE('',#1766,#2533,#2535,.T.);
#2533 = VERTEX_POINT('',#2534);
#2534 = CARTESIAN_POINT('',(-70.,3.,28.2));
#2535 = LINE('',#2536,#2537);
#2536 = CARTESIAN_POINT('',(330.,3.,28.2));
#2537 = VECTOR('',#2538,1.);
#2538 = DIRECTION('',(-1.,0.,-0.));
#2539 = ORIENTED_EDGE('',*,*,#2540,.T.);
#2540 = EDGE_CURVE('',#2533,#2509,#2541,.T.);
#2541 = LINE('',#2542,#2543);
#2542 = CARTESIAN_POINT('',(-70.,-4.427E-14,28.2));
#2543 = VECTOR('',#2544,1.);
#2544 = DIRECTION('',(0.,1.,1.57E-15));
#2545 = ORIENTED_EDGE('',*,*,#2508,.F.);
#2546 = PLANE('',#2547);
#2547 = AXIS2_PLACEMENT_3D('',#2548,#2549,#2550);
#2548 = CARTESIAN_POINT('',(330.,3.,28.2));
#2549 = DIRECTION('',(0.,1.74E-15,-1.));
#2550 = DIRECTION('',(0.,1.,1.74E-15));
#2551 = ADVANCED_FACE('',(#2552),#2570,.T.);
#2552 = FACE_BOUND('',#2553,.T.);
#2553 = EDGE_LOOP('',(#2554,#2555,#2563,#2569));
#2554 = ORIENTED_EDGE('',*,*,#1765,.F.);
#2555 = ORIENTED_EDGE('',*,*,#2556,.T.);
#2556 = EDGE_CURVE('',#1758,#2557,#2559,.T.);
#2557 = VERTEX_POINT('',#2558);
#2558 = CARTESIAN_POINT('',(-70.,4.8,30.));
#2559 = LINE('',#2560,#2561);
#2560 = CARTESIAN_POINT('',(330.,4.8,30.));
#2561 = VECTOR('',#2562,1.);
#2562 = DIRECTION('',(-1.,-0.,-0.));
#2563 = ORIENTED_EDGE('',*,*,#2564,.T.);
#2564 = EDGE_CURVE('',#2557,#2533,#2565,.T.);
#2565 = LINE('',#2566,#2567);
#2566 = CARTESIAN_POINT('',(-70.,-12.6,12.6));
#2567 = VECTOR('',#2568,1.);
#2568 = DIRECTION('',(0.,-0.707106781187,-0.707106781187));
#2569 = ORIENTED_EDGE('',*,*,#2532,.F.);
#2570 = PLANE('',#2571);
#2571 = AXIS2_PLACEMENT_3D('',#2572,#2573,#2574);
#2572 = CARTESIAN_POINT('',(330.,4.8,30.));
#2573 = DIRECTION('',(0.,-0.707106781187,0.707106781187));
#2574 = DIRECTION('',(0.,-0.707106781187,-0.707106781187));
#2575 = ADVANCED_FACE('',(#2576),#2594,.T.);
#2576 = FACE_BOUND('',#2577,.T.);
#2577 = EDGE_LOOP('',(#2578,#2579,#2587,#2593));
#2578 = ORIENTED_EDGE('',*,*,#1757,.F.);
#2579 = ORIENTED_EDGE('',*,*,#2580,.T.);
#2580 = EDGE_CURVE('',#1750,#2581,#2583,.T.);
#2581 = VERTEX_POINT('',#2582);
#2582 = CARTESIAN_POINT('',(-70.,10.,30.));
#2583 = LINE('',#2584,#2585);
#2584 = CARTESIAN_POINT('',(330.,10.,30.));
#2585 = VECTOR('',#2586,1.);
#2586 = DIRECTION('',(-1.,-0.,-0.));
#2587 = ORIENTED_EDGE('',*,*,#2588,.T.);
#2588 = EDGE_CURVE('',#2581,#2557,#2589,.T.);
#2589 = LINE('',#2590,#2591);
#2590 = CARTESIAN_POINT('',(-70.,1.0008E-13,30.));
#2591 = VECTOR('',#2592,1.);
#2592 = DIRECTION('',(0.,-1.,3.34E-15));
#2593 = ORIENTED_EDGE('',*,*,#2556,.F.);
#2594 = PLANE('',#2595);
#2595 = AXIS2_PLACEMENT_3D('',#2596,#2597,#2598);
#2596 = CARTESIAN_POINT('',(330.,10.,30.));
#2597 = DIRECTION('',(0.,-0.,1.));
#2598 = DIRECTION('',(0.,-1.,-0.));
#2599 = ADVANCED_FACE('',(#2600),#2618,.T.);
#2600 = FACE_BOUND('',#2601,.T.);
#2601 = EDGE_LOOP('',(#2602,#2610,#2616,#2617));
#2602 = ORIENTED_EDGE('',*,*,#2603,.T.);
#2603 = EDGE_CURVE('',#1742,#2604,#2606,.T.);
#2604 = VERTEX_POINT('',#2605);
#2605 = CARTESIAN_POINT('',(-70.,10.,24.8));
#2606 = LINE('',#2607,#2608);
#2607 = CARTESIAN_POINT('',(330.,10.,24.8));
#2608 = VECTOR('',#2609,1.);
#2609 = DIRECTION('',(-1.,-0.,-0.));
#2610 = ORIENTED_EDGE('',*,*,#2611,.T.);
#2611 = EDGE_CURVE('',#2604,#2581,#2612,.T.);
#2612 = LINE('',#2613,#2614);
#2613 = CARTESIAN_POINT('',(-70.,10.,3.34E-15));
#2614 = VECTOR('',#2615,1.);
#2615 = DIRECTION('',(0.,-3.3E-16,1.));
#2616 = ORIENTED_EDGE('',*,*,#2580,.F.);
#2617 = ORIENTED_EDGE('',*,*,#1749,.F.);
#2618 = PLANE('',#2619);
#2619 = AXIS2_PLACEMENT_3D('',#2620,#2621,#2622);
#2620 = CARTESIAN_POINT('',(330.,10.,10.));
#2621 = DIRECTION('',(-0.,1.,9.E-17));
#2622 = DIRECTION('',(0.,-9.E-17,1.));
#2623 = ADVANCED_FACE('',(#2624),#2642,.T.);
#2624 = FACE_BOUND('',#2625,.T.);
#2625 = EDGE_LOOP('',(#2626,#2627,#2635,#2641));
#2626 = ORIENTED_EDGE('',*,*,#1741,.F.);
#2627 = ORIENTED_EDGE('',*,*,#2628,.T.);
#2628 = EDGE_CURVE('',#1734,#2629,#2631,.T.);
#2629 = VERTEX_POINT('',#2630);
#2630 = CARTESIAN_POINT('',(-70.,8.2,23.));
#2631 = LINE('',#2632,#2633);
#2632 = CARTESIAN_POINT('',(330.,8.2,23.));
#2633 = VECTOR('',#2634,1.);
#2634 = DIRECTION('',(-1.,0.,-0.));
#2635 = ORIENTED_EDGE('',*,*,#2636,.T.);
#2636 = EDGE_CURVE('',#2629,#2604,#2637,.T.);
#2637 = LINE('',#2638,#2639);
#2638 = CARTESIAN_POINT('',(-70.,-7.4,7.4));
#2639 = VECTOR('',#2640,1.);
#2640 = DIRECTION('',(0.,0.707106781187,0.707106781187));
#2641 = ORIENTED_EDGE('',*,*,#2603,.F.);
#2642 = PLANE('',#2643);
#2643 = AXIS2_PLACEMENT_3D('',#2644,#2645,#2646);
#2644 = CARTESIAN_POINT('',(330.,10.,24.8));
#2645 = DIRECTION('',(0.,0.707106781187,-0.707106781187));
#2646 = DIRECTION('',(0.,0.707106781187,0.707106781187));
#2647 = ADVANCED_FACE('',(#2648),#2666,.T.);
#2648 = FACE_BOUND('',#2649,.T.);
#2649 = EDGE_LOOP('',(#2650,#2651,#2659,#2665));
#2650 = ORIENTED_EDGE('',*,*,#1733,.F.);
#2651 = ORIENTED_EDGE('',*,*,#2652,.T.);
#2652 = EDGE_CURVE('',#1726,#2653,#2655,.T.);
#2653 = VERTEX_POINT('',#2654);
#2654 = CARTESIAN_POINT('',(-70.,8.2,25.210050506339));
#2655 = LINE('',#2656,#2657);
#2656 = CARTESIAN_POINT('',(330.,8.2,25.210050506339));
#2657 = VECTOR('',#2658,1.);
#2658 = DIRECTION('',(-1.,-0.,-0.));
#2659 = ORIENTED_EDGE('',*,*,#2660,.T.);
#2660 = EDGE_CURVE('',#2653,#2629,#2661,.T.);
#2661 = LINE('',#2662,#2663);
#2662 = CARTESIAN_POINT('',(-70.,8.2,0.));
#2663 = VECTOR('',#2664,1.);
#2664 = DIRECTION('',(0.,0.,-1.));
#2665 = ORIENTED_EDGE('',*,*,#2628,.F.);
#2666 = PLANE('',#2667);
#2667 = AXIS2_PLACEMENT_3D('',#2668,#2669,#2670);
#2668 = CARTESIAN_POINT('',(330.,8.2,23.));
#2669 = DIRECTION('',(0.,-1.,6.1E-16));
#2670 = DIRECTION('',(0.,-6.1E-16,-1.));
#2671 = ADVANCED_FACE('',(#2672),#2690,.T.);
#2672 = FACE_BOUND('',#2673,.T.);
#2673 = EDGE_LOOP('',(#2674,#2675,#2683,#2689));
#2674 = ORIENTED_EDGE('',*,*,#1725,.F.);
#2675 = ORIENTED_EDGE('',*,*,#2676,.T.);
#2676 = EDGE_CURVE('',#1718,#2677,#2679,.T.);
#2677 = VERTEX_POINT('',#2678);
#2678 = CARTESIAN_POINT('',(-70.,6.2,25.210050506339));
#2679 = LINE('',#2680,#2681);
#2680 = CARTESIAN_POINT('',(330.,6.2,25.210050506339));
#2681 = VECTOR('',#2682,1.);
#2682 = DIRECTION('',(-1.,0.,-0.));
#2683 = ORIENTED_EDGE('',*,*,#2684,.T.);
#2684 = EDGE_CURVE('',#2677,#2653,#2685,.T.);
#2685 = LINE('',#2686,#2687);
#2686 = CARTESIAN_POINT('',(-70.,-0.,25.210050506339));
#2687 = VECTOR('',#2688,1.);
#2688 = DIRECTION('',(0.,1.,0.));
#2689 = ORIENTED_EDGE('',*,*,#2652,.F.);
#2690 = PLANE('',#2691);
#2691 = AXIS2_PLACEMENT_3D('',#2692,#2693,#2694);
#2692 = CARTESIAN_POINT('',(330.,8.2,25.210050506339));
#2693 = DIRECTION('',(0.,1.7E-16,-1.));
#2694 = DIRECTION('',(0.,1.,1.7E-16));
#2695 = ADVANCED_FACE('',(#2696),#2714,.T.);
#2696 = FACE_BOUND('',#2697,.T.);
#2697 = EDGE_LOOP('',(#2698,#2699,#2707,#2713));
#2698 = ORIENTED_EDGE('',*,*,#1717,.F.);
#2699 = ORIENTED_EDGE('',*,*,#2700,.T.);
#2700 = EDGE_CURVE('',#1710,#2701,#2703,.T.);
#2701 = VERTEX_POINT('',#2702);
#2702 = CARTESIAN_POINT('',(-70.,4.,23.010050506339));
#2703 = LINE('',#2704,#2705);
#2704 = CARTESIAN_POINT('',(330.,4.,23.010050506339));
#2705 = VECTOR('',#2706,1.);
#2706 = DIRECTION('',(-1.,0.,-0.));
#2707 = ORIENTED_EDGE('',*,*,#2708,.T.);
#2708 = EDGE_CURVE('',#2701,#2677,#2709,.T.);
#2709 = LINE('',#2710,#2711);
#2710 = CARTESIAN_POINT('',(-70.,-9.505025253169,9.505025253169));
#2711 = VECTOR('',#2712,1.);
#2712 = DIRECTION('',(0.,0.707106781187,0.707106781187));
#2713 = ORIENTED_EDGE('',*,*,#2676,.F.);
#2714 = PLANE('',#2715);
#2715 = AXIS2_PLACEMENT_3D('',#2716,#2717,#2718);
#2716 = CARTESIAN_POINT('',(330.,6.2,25.210050506339));
#2717 = DIRECTION('',(0.,0.707106781187,-0.707106781187));
#2718 = DIRECTION('',(0.,0.707106781187,0.707106781187));
#2719 = ADVANCED_FACE('',(#2720),#2747,.T.);
#2720 = FACE_BOUND('',#2721,.T.);
#2721 = EDGE_LOOP('',(#2722,#2723,#2731,#2737,#2738,#2739,#2740));
#2722 = ORIENTED_EDGE('',*,*,#456,.F.);
#2723 = ORIENTED_EDGE('',*,*,#2724,.T.);
#2724 = EDGE_CURVE('',#457,#2725,#2727,.T.);
#2725 = VERTEX_POINT('',#2726);
#2726 = CARTESIAN_POINT('',(-70.,4.,20.5));
#2727 = LINE('',#2728,#2729);
#2728 = CARTESIAN_POINT('',(330.,4.,20.5));
#2729 = VECTOR('',#2730,1.);
#2730 = DIRECTION('',(-1.,-0.,-0.));
#2731 = ORIENTED_EDGE('',*,*,#2732,.T.);
#2732 = EDGE_CURVE('',#2725,#2701,#2733,.T.);
#2733 = LINE('',#2734,#2735);
#2734 = CARTESIAN_POINT('',(-70.,4.,2.76E-15));
#2735 = VECTOR('',#2736,1.);
#2736 = DIRECTION('',(0.,-6.9E-16,1.));
#2737 = ORIENTED_EDGE('',*,*,#2700,.F.);
#2738 = ORIENTED_EDGE('',*,*,#1709,.F.);
#2739 = ORIENTED_EDGE('',*,*,#1088,.T.);
#2740 = ORIENTED_EDGE('',*,*,#2741,.F.);
#2741 = EDGE_CURVE('',#449,#1078,#2742,.T.);
#2742 = CIRCLE('',#2743,1.25);
#2743 = AXIS2_PLACEMENT_3D('',#2744,#2745,#2746);
#2744 = CARTESIAN_POINT('',(290.25,4.,20.));
#2745 = DIRECTION('',(-0.,1.,1.7E-16));
#2746 = DIRECTION('',(0.,-1.7E-16,1.));
#2747 = PLANE('',#2748);
#2748 = AXIS2_PLACEMENT_3D('',#2749,#2750,#2751);
#2749 = CARTESIAN_POINT('',(330.,4.,16.989949493661));
#2750 = DIRECTION('',(-0.,1.,1.7E-16));
#2751 = DIRECTION('',(0.,-1.7E-16,1.));
#2752 = ADVANCED_FACE('',(#2753),#2787,.T.);
#2753 = FACE_BOUND('',#2754,.T.);
#2754 = EDGE_LOOP('',(#2755,#2764,#2770,#2771,#2779,#2785,#2786));
#2755 = ORIENTED_EDGE('',*,*,#2756,.F.);
#2756 = EDGE_CURVE('',#2757,#484,#2759,.T.);
#2757 = VERTEX_POINT('',#2758);
#2758 = CARTESIAN_POINT('',(291.39564392373,4.,19.5));
#2759 = CIRCLE('',#2760,1.25);
#2760 = AXIS2_PLACEMENT_3D('',#2761,#2762,#2763);
#2761 = CARTESIAN_POINT('',(290.25,4.,20.));
#2762 = DIRECTION('',(-0.,1.,1.7E-16));
#2763 = DIRECTION('',(0.,-1.7E-16,1.));
#2764 = ORIENTED_EDGE('',*,*,#2765,.T.);
#2765 = EDGE_CURVE('',#2757,#1695,#2766,.T.);
#2766 = LINE('',#2767,#2768);
#2767 = CARTESIAN_POINT('',(330.,4.,19.5));
#2768 = VECTOR('',#2769,1.);
#2769 = DIRECTION('',(1.,0.,0.));
#2770 = ORIENTED_EDGE('',*,*,#1694,.F.);
#2771 = ORIENTED_EDGE('',*,*,#2772,.T.);
#2772 = EDGE_CURVE('',#1687,#2773,#2775,.T.);
#2773 = VERTEX_POINT('',#2774);
#2774 = CARTESIAN_POINT('',(-70.,4.,16.989949493661));
#2775 = LINE('',#2776,#2777);
#2776 = CARTESIAN_POINT('',(330.,4.,16.989949493661));
#2777 = VECTOR('',#2778,1.);
#2778 = DIRECTION('',(-1.,-0.,-0.));
#2779 = ORIENTED_EDGE('',*,*,#2780,.T.);
#2780 = EDGE_CURVE('',#2773,#1120,#2781,.T.);
#2781 = LINE('',#2782,#2783);
#2782 = CARTESIAN_POINT('',(-70.,4.,2.76E-15));
#2783 = VECTOR('',#2784,1.);
#2784 = DIRECTION('',(0.,-6.9E-16,1.));
#2785 = ORIENTED_EDGE('',*,*,#1119,.T.);
#2786 = ORIENTED_EDGE('',*,*,#483,.F.);
#2787 = PLANE('',#2788);
#2788 = AXIS2_PLACEMENT_3D('',#2789,#2790,#2791);
#2789 = CARTESIAN_POINT('',(330.,4.,16.989949493661));
#2790 = DIRECTION('',(-0.,1.,1.7E-16));
#2791 = DIRECTION('',(0.,-1.7E-16,1.));
#2792 = ADVANCED_FACE('',(#2793),#2811,.T.);
#2793 = FACE_BOUND('',#2794,.T.);
#2794 = EDGE_LOOP('',(#2795,#2796,#2804,#2810));
#2795 = ORIENTED_EDGE('',*,*,#1686,.F.);
#2796 = ORIENTED_EDGE('',*,*,#2797,.T.);
#2797 = EDGE_CURVE('',#1679,#2798,#2800,.T.);
#2798 = VERTEX_POINT('',#2799);
#2799 = CARTESIAN_POINT('',(-70.,6.2,14.789949493661));
#2800 = LINE('',#2801,#2802);
#2801 = CARTESIAN_POINT('',(330.,6.2,14.789949493661));
#2802 = VECTOR('',#2803,1.);
#2803 = DIRECTION('',(-1.,-0.,-0.));
#2804 = ORIENTED_EDGE('',*,*,#2805,.T.);
#2805 = EDGE_CURVE('',#2798,#2773,#2806,.T.);
#2806 = LINE('',#2807,#2808);
#2807 = CARTESIAN_POINT('',(-70.,10.494974746831,10.494974746831));
#2808 = VECTOR('',#2809,1.);
#2809 = DIRECTION('',(0.,-0.707106781187,0.707106781187));
#2810 = ORIENTED_EDGE('',*,*,#2772,.F.);
#2811 = PLANE('',#2812);
#2812 = AXIS2_PLACEMENT_3D('',#2813,#2814,#2815);
#2813 = CARTESIAN_POINT('',(330.,6.2,14.789949493661));
#2814 = DIRECTION('',(-0.,0.707106781187,0.707106781187));
#2815 = DIRECTION('',(0.,-0.707106781187,0.707106781187));
#2816 = ADVANCED_FACE('',(#2817),#2835,.T.);
#2817 = FACE_BOUND('',#2818,.T.);
#2818 = EDGE_LOOP('',(#2819,#2820,#2828,#2834));
#2819 = ORIENTED_EDGE('',*,*,#1678,.F.);
#2820 = ORIENTED_EDGE('',*,*,#2821,.T.);
#2821 = EDGE_CURVE('',#1671,#2822,#2824,.T.);
#2822 = VERTEX_POINT('',#2823);
#2823 = CARTESIAN_POINT('',(-70.,8.2,14.789949493661));
#2824 = LINE('',#2825,#2826);
#2825 = CARTESIAN_POINT('',(330.,8.2,14.789949493661));
#2826 = VECTOR('',#2827,1.);
#2827 = DIRECTION('',(-1.,-0.,-0.));
#2828 = ORIENTED_EDGE('',*,*,#2829,.T.);
#2829 = EDGE_CURVE('',#2822,#2798,#2830,.T.);
#2830 = LINE('',#2831,#2832);
#2831 = CARTESIAN_POINT('',(-70.,0.,14.789949493661));
#2832 = VECTOR('',#2833,1.);
#2833 = DIRECTION('',(0.,-1.,0.));
#2834 = ORIENTED_EDGE('',*,*,#2797,.F.);
#2835 = PLANE('',#2836);
#2836 = AXIS2_PLACEMENT_3D('',#2837,#2838,#2839);
#2837 = CARTESIAN_POINT('',(330.,8.2,14.789949493661));
#2838 = DIRECTION('',(0.,-1.7E-16,1.));
#2839 = DIRECTION('',(0.,-1.,-1.7E-16));
#2840 = ADVANCED_FACE('',(#2841),#2866,.T.);
#2841 = FACE_BOUND('',#2842,.T.);
#2842 = EDGE_LOOP('',(#2843,#2844,#2852,#2858,#2859,#2860));
#2843 = ORIENTED_EDGE('',*,*,#1280,.T.);
#2844 = ORIENTED_EDGE('',*,*,#2845,.F.);
#2845 = EDGE_CURVE('',#2846,#1270,#2848,.T.);
#2846 = VERTEX_POINT('',#2847);
#2847 = CARTESIAN_POINT('',(-70.,8.2,16.6));
#2848 = LINE('',#2849,#2850);
#2849 = CARTESIAN_POINT('',(-70.,8.2,16.6));
#2850 = VECTOR('',#2851,1.);
#2851 = DIRECTION('',(1.,0.,0.));
#2852 = ORIENTED_EDGE('',*,*,#2853,.F.);
#2853 = EDGE_CURVE('',#2822,#2846,#2854,.T.);
#2854 = LINE('',#2855,#2856);
#2855 = CARTESIAN_POINT('',(-70.,8.2,0.));
#2856 = VECTOR('',#2857,1.);
#2857 = DIRECTION('',(-0.,0.,1.));
#2858 = ORIENTED_EDGE('',*,*,#2821,.F.);
#2859 = ORIENTED_EDGE('',*,*,#1670,.F.);
#2860 = ORIENTED_EDGE('',*,*,#2861,.T.);
#2861 = EDGE_CURVE('',#1663,#1281,#2862,.T.);
#2862 = LINE('',#2863,#2864);
#2863 = CARTESIAN_POINT('',(330.,8.2,17.));
#2864 = VECTOR('',#2865,1.);
#2865 = DIRECTION('',(-1.,-0.,-0.));
#2866 = PLANE('',#2867);
#2867 = AXIS2_PLACEMENT_3D('',#2868,#2869,#2870);
#2868 = CARTESIAN_POINT('',(330.,8.2,17.));
#2869 = DIRECTION('',(0.,-1.,-9.6E-16));
#2870 = DIRECTION('',(0.,9.6E-16,-1.));
#2871 = ADVANCED_FACE('',(#2872),#2899,.T.);
#2872 = FACE_BOUND('',#2873,.T.);
#2873 = EDGE_LOOP('',(#2874,#2882,#2883,#2884,#2885,#2893));
#2874 = ORIENTED_EDGE('',*,*,#2875,.T.);
#2875 = EDGE_CURVE('',#2876,#1272,#2878,.T.);
#2876 = VERTEX_POINT('',#2877);
#2877 = CARTESIAN_POINT('',(-70.,8.4,16.8));
#2878 = LINE('',#2879,#2880);
#2879 = CARTESIAN_POINT('',(-70.,8.4,16.8));
#2880 = VECTOR('',#2881,1.);
#2881 = DIRECTION('',(1.,0.,0.));
#2882 = ORIENTED_EDGE('',*,*,#1288,.T.);
#2883 = ORIENTED_EDGE('',*,*,#2861,.F.);
#2884 = ORIENTED_EDGE('',*,*,#1660,.F.);
#2885 = ORIENTED_EDGE('',*,*,#2886,.T.);
#2886 = EDGE_CURVE('',#1661,#2887,#2889,.T.);
#2887 = VERTEX_POINT('',#2888);
#2888 = CARTESIAN_POINT('',(-70.,10.,15.2));
#2889 = LINE('',#2890,#2891);
#2890 = CARTESIAN_POINT('',(330.,10.,15.2));
#2891 = VECTOR('',#2892,1.);
#2892 = DIRECTION('',(-1.,-0.,-0.));
#2893 = ORIENTED_EDGE('',*,*,#2894,.T.);
#2894 = EDGE_CURVE('',#2887,#2876,#2895,.T.);
#2895 = LINE('',#2896,#2897);
#2896 = CARTESIAN_POINT('',(-70.,12.6,12.6));
#2897 = VECTOR('',#2898,1.);
#2898 = DIRECTION('',(0.,-0.707106781187,0.707106781187));
#2899 = PLANE('',#2900);
#2900 = AXIS2_PLACEMENT_3D('',#2901,#2902,#2903);
#2901 = CARTESIAN_POINT('',(330.,10.,15.2));
#2902 = DIRECTION('',(-0.,0.707106781187,0.707106781187));
#2903 = DIRECTION('',(0.,-0.707106781187,0.707106781187));
#2904 = ADVANCED_FACE('',(#2905),#2923,.F.);
#2905 = FACE_BOUND('',#2906,.T.);
#2906 = EDGE_LOOP('',(#2907,#2908,#2909,#2917));
#2907 = ORIENTED_EDGE('',*,*,#2886,.F.);
#2908 = ORIENTED_EDGE('',*,*,#2389,.F.);
#2909 = ORIENTED_EDGE('',*,*,#2910,.F.);
#2910 = EDGE_CURVE('',#2911,#2381,#2913,.T.);
#2911 = VERTEX_POINT('',#2912);
#2912 = CARTESIAN_POINT('',(-70.,10.,4.882842712475));
#2913 = LINE('',#2914,#2915);
#2914 = CARTESIAN_POINT('',(330.,10.,4.882842712475));
#2915 = VECTOR('',#2916,1.);
#2916 = DIRECTION('',(1.,0.,0.));
#2917 = ORIENTED_EDGE('',*,*,#2918,.T.);
#2918 = EDGE_CURVE('',#2911,#2887,#2919,.T.);
#2919 = LINE('',#2920,#2921);
#2920 = CARTESIAN_POINT('',(-70.,10.,0.));
#2921 = VECTOR('',#2922,1.);
#2922 = DIRECTION('',(-0.,0.,1.));
#2923 = PLANE('',#2924);
#2924 = AXIS2_PLACEMENT_3D('',#2925,#2926,#2927);
#2925 = CARTESIAN_POINT('',(330.,10.,10.));
#2926 = DIRECTION('',(0.,-1.,-9.E-17));
#2927 = DIRECTION('',(0.,9.E-17,-1.));
#2928 = ADVANCED_FACE('',(#2929),#2954,.F.);
#2929 = FACE_BOUND('',#2930,.T.);
#2930 = EDGE_LOOP('',(#2931,#2939,#2947,#2953));
#2931 = ORIENTED_EDGE('',*,*,#2932,.F.);
#2932 = EDGE_CURVE('',#2933,#2364,#2935,.T.);
#2933 = VERTEX_POINT('',#2934);
#2934 = CARTESIAN_POINT('',(-70.,8.541421356237,3.341421356237));
#2935 = LINE('',#2936,#2937);
#2936 = CARTESIAN_POINT('',(330.,8.541421356237,3.341421356237));
#2937 = VECTOR('',#2938,1.);
#2938 = DIRECTION('',(1.,0.,0.));
#2939 = ORIENTED_EDGE('',*,*,#2940,.T.);
#2940 = EDGE_CURVE('',#2933,#2941,#2943,.T.);
#2941 = VERTEX_POINT('',#2942);
#2942 = CARTESIAN_POINT('',(-70.,9.941421356237,4.741421356237));
#2943 = LINE('',#2944,#2945);
#2944 = CARTESIAN_POINT('',(-70.,2.6,-2.6));
#2945 = VECTOR('',#2946,1.);
#2946 = DIRECTION('',(0.,0.707106781187,0.707106781187));
#2947 = ORIENTED_EDGE('',*,*,#2948,.F.);
#2948 = EDGE_CURVE('',#2373,#2941,#2949,.T.);
#2949 = LINE('',#2950,#2951);
#2950 = CARTESIAN_POINT('',(330.,9.941421356237,4.741421356237));
#2951 = VECTOR('',#2952,1.);
#2952 = DIRECTION('',(-1.,-0.,-0.));
#2953 = ORIENTED_EDGE('',*,*,#2372,.F.);
#2954 = PLANE('',#2955);
#2955 = AXIS2_PLACEMENT_3D('',#2956,#2957,#2958);
#2956 = CARTESIAN_POINT('',(330.,10.,4.8));
#2957 = DIRECTION('',(0.,-0.707106781187,0.707106781187));
#2958 = DIRECTION('',(0.,-0.707106781187,-0.707106781187));
#2959 = ADVANCED_FACE('',(#2960),#2985,.F.);
#2960 = FACE_BOUND('',#2961,.T.);
#2961 = EDGE_LOOP('',(#2962,#2970,#2971,#2979));
#2962 = ORIENTED_EDGE('',*,*,#2963,.F.);
#2963 = EDGE_CURVE('',#2348,#2964,#2966,.T.);
#2964 = VERTEX_POINT('',#2965);
#2965 = CARTESIAN_POINT('',(-70.,8.2,5.210050506339));
#2966 = LINE('',#2967,#2968);
#2967 = CARTESIAN_POINT('',(330.,8.2,5.210050506339));
#2968 = VECTOR('',#2969,1.);
#2969 = DIRECTION('',(-1.,-0.,0.));
#2970 = ORIENTED_EDGE('',*,*,#2347,.F.);
#2971 = ORIENTED_EDGE('',*,*,#2972,.F.);
#2972 = EDGE_CURVE('',#2973,#2340,#2975,.T.);
#2973 = VERTEX_POINT('',#2974);
#2974 = CARTESIAN_POINT('',(-70.,6.2,5.210050506339));
#2975 = LINE('',#2976,#2977);
#2976 = CARTESIAN_POINT('',(330.,6.2,5.210050506339));
#2977 = VECTOR('',#2978,1.);
#2978 = DIRECTION('',(1.,0.,-0.));
#2979 = ORIENTED_EDGE('',*,*,#2980,.T.);
#2980 = EDGE_CURVE('',#2973,#2964,#2981,.T.);
#2981 = LINE('',#2982,#2983);
#2982 = CARTESIAN_POINT('',(-70.,2.26E-15,5.210050506339));
#2983 = VECTOR('',#2984,1.);
#2984 = DIRECTION('',(0.,1.,-4.3E-16));
#2985 = PLANE('',#2986);
#2986 = AXIS2_PLACEMENT_3D('',#2987,#2988,#2989);
#2987 = CARTESIAN_POINT('',(330.,8.2,5.210050506339));
#2988 = DIRECTION('',(0.,0.,1.));
#2989 = DIRECTION('',(1.,0.,-0.));
#2990 = ADVANCED_FACE('',(#2991),#3009,.F.);
#2991 = FACE_BOUND('',#2992,.T.);
#2992 = EDGE_LOOP('',(#2993,#2994,#2995,#3003));
#2993 = ORIENTED_EDGE('',*,*,#2972,.T.);
#2994 = ORIENTED_EDGE('',*,*,#2339,.F.);
#2995 = ORIENTED_EDGE('',*,*,#2996,.F.);
#2996 = EDGE_CURVE('',#2997,#2332,#2999,.T.);
#2997 = VERTEX_POINT('',#2998);
#2998 = CARTESIAN_POINT('',(-70.,4.,3.010050506339));
#2999 = LINE('',#3000,#3001);
#3000 = CARTESIAN_POINT('',(330.,4.,3.010050506339));
#3001 = VECTOR('',#3002,1.);
#3002 = DIRECTION('',(1.,0.,0.));
#3003 = ORIENTED_EDGE('',*,*,#3004,.T.);
#3004 = EDGE_CURVE('',#2997,#2973,#3005,.T.);
#3005 = LINE('',#3006,#3007);
#3006 = CARTESIAN_POINT('',(-70.,0.494974746831,-0.494974746831));
#3007 = VECTOR('',#3008,1.);
#3008 = DIRECTION('',(0.,0.707106781187,0.707106781187));
#3009 = PLANE('',#3010);
#3010 = AXIS2_PLACEMENT_3D('',#3011,#3012,#3013);
#3011 = CARTESIAN_POINT('',(330.,6.2,5.210050506339));
#3012 = DIRECTION('',(0.,-0.707106781187,0.707106781187));
#3013 = DIRECTION('',(0.,-0.707106781187,-0.707106781187));
#3014 = ADVANCED_FACE('',(#3015),#3042,.F.);
#3015 = FACE_BOUND('',#3016,.T.);
#3016 = EDGE_LOOP('',(#3017,#3025,#3032,#3033,#3034,#3040,#3041));
#3017 = ORIENTED_EDGE('',*,*,#3018,.F.);
#3018 = EDGE_CURVE('',#3019,#2324,#3021,.T.);
#3019 = VERTEX_POINT('',#3020);
#3020 = CARTESIAN_POINT('',(291.39564392373,4.,0.5));
#3021 = LINE('',#3022,#3023);
#3022 = CARTESIAN_POINT('',(330.,4.,0.5));
#3023 = VECTOR('',#3024,1.);
#3024 = DIRECTION('',(1.,0.,0.));
#3025 = ORIENTED_EDGE('',*,*,#3026,.T.);
#3026 = EDGE_CURVE('',#3019,#279,#3027,.T.);
#3027 = CIRCLE('',#3028,1.25);
#3028 = AXIS2_PLACEMENT_3D('',#3029,#3030,#3031);
#3029 = CARTESIAN_POINT('',(290.25,4.,-6.3E-16));
#3030 = DIRECTION('',(0.,-1.,0.));
#3031 = DIRECTION('',(0.,0.,-1.));
#3032 = ORIENTED_EDGE('',*,*,#286,.T.);
#3033 = ORIENTED_EDGE('',*,*,#974,.F.);
#3034 = ORIENTED_EDGE('',*,*,#3035,.T.);
#3035 = EDGE_CURVE('',#975,#2997,#3036,.T.);
#3036 = LINE('',#3037,#3038);
#3037 = CARTESIAN_POINT('',(-70.,4.,0.));
#3038 = VECTOR('',#3039,1.);
#3039 = DIRECTION('',(-0.,0.,1.));
#3040 = ORIENTED_EDGE('',*,*,#2996,.T.);
#3041 = ORIENTED_EDGE('',*,*,#2331,.F.);
#3042 = PLANE('',#3043);
#3043 = AXIS2_PLACEMENT_3D('',#3044,#3045,#3046);
#3044 = CARTESIAN_POINT('',(330.,4.,3.010050506339));
#3045 = DIRECTION('',(0.,-1.,0.));
#3046 = DIRECTION('',(0.,-0.,-1.));
#3047 = ADVANCED_FACE('',(#3048),#3082,.F.);
#3048 = FACE_BOUND('',#3049,.T.);
#3049 = EDGE_LOOP('',(#3050,#3058,#3059,#3066,#3067,#3068,#3076));
#3050 = ORIENTED_EDGE('',*,*,#3051,.F.);
#3051 = EDGE_CURVE('',#305,#3052,#3054,.T.);
#3052 = VERTEX_POINT('',#3053);
#3053 = CARTESIAN_POINT('',(-70.,4.,-0.5));
#3054 = LINE('',#3055,#3056);
#3055 = CARTESIAN_POINT('',(330.,4.,-0.5));
#3056 = VECTOR('',#3057,1.);
#3057 = DIRECTION('',(-1.,-0.,-0.));
#3058 = ORIENTED_EDGE('',*,*,#313,.T.);
#3059 = ORIENTED_EDGE('',*,*,#3060,.T.);
#3060 = EDGE_CURVE('',#314,#936,#3061,.T.);
#3061 = CIRCLE('',#3062,1.25);
#3062 = AXIS2_PLACEMENT_3D('',#3063,#3064,#3065);
#3063 = CARTESIAN_POINT('',(290.25,4.,-6.3E-16));
#3064 = DIRECTION('',(0.,-1.,0.));
#3065 = DIRECTION('',(0.,0.,-1.));
#3066 = ORIENTED_EDGE('',*,*,#933,.F.);
#3067 = ORIENTED_EDGE('',*,*,#2316,.F.);
#3068 = ORIENTED_EDGE('',*,*,#3069,.F.);
#3069 = EDGE_CURVE('',#3070,#2309,#3072,.T.);
#3070 = VERTEX_POINT('',#3071);
#3071 = CARTESIAN_POINT('',(-70.,4.,-3.010050506339));
#3072 = LINE('',#3073,#3074);
#3073 = CARTESIAN_POINT('',(330.,4.,-3.010050506339));
#3074 = VECTOR('',#3075,1.);
#3075 = DIRECTION('',(1.,0.,0.));
#3076 = ORIENTED_EDGE('',*,*,#3077,.T.);
#3077 = EDGE_CURVE('',#3070,#3052,#3078,.T.);
#3078 = LINE('',#3079,#3080);
#3079 = CARTESIAN_POINT('',(-70.,4.,0.));
#3080 = VECTOR('',#3081,1.);
#3081 = DIRECTION('',(-0.,0.,1.));
#3082 = PLANE('',#3083);
#3083 = AXIS2_PLACEMENT_3D('',#3084,#3085,#3086);
#3084 = CARTESIAN_POINT('',(330.,4.,3.010050506339));
#3085 = DIRECTION('',(0.,-1.,0.));
#3086 = DIRECTION('',(0.,-0.,-1.));
#3087 = ADVANCED_FACE('',(#3088),#3106,.F.);
#3088 = FACE_BOUND('',#3089,.T.);
#3089 = EDGE_LOOP('',(#3090,#3091,#3092,#3100));
#3090 = ORIENTED_EDGE('',*,*,#3069,.T.);
#3091 = ORIENTED_EDGE('',*,*,#2308,.F.);
#3092 = ORIENTED_EDGE('',*,*,#3093,.F.);
#3093 = EDGE_CURVE('',#3094,#2301,#3096,.T.);
#3094 = VERTEX_POINT('',#3095);
#3095 = CARTESIAN_POINT('',(-70.,6.2,-5.210050506339));
#3096 = LINE('',#3097,#3098);
#3097 = CARTESIAN_POINT('',(330.,6.2,-5.210050506339));
#3098 = VECTOR('',#3099,1.);
#3099 = DIRECTION('',(1.,0.,0.));
#3100 = ORIENTED_EDGE('',*,*,#3101,.T.);
#3101 = EDGE_CURVE('',#3094,#3070,#3102,.T.);
#3102 = LINE('',#3103,#3104);
#3103 = CARTESIAN_POINT('',(-70.,0.494974746831,0.494974746831));
#3104 = VECTOR('',#3105,1.);
#3105 = DIRECTION('',(0.,-0.707106781187,0.707106781187));
#3106 = PLANE('',#3107);
#3107 = AXIS2_PLACEMENT_3D('',#3108,#3109,#3110);
#3108 = CARTESIAN_POINT('',(330.,6.2,-5.210050506339));
#3109 = DIRECTION('',(0.,-0.707106781187,-0.707106781187));
#3110 = DIRECTION('',(0.,0.707106781187,-0.707106781187));
#3111 = ADVANCED_FACE('',(#3112),#3130,.F.);
#3112 = FACE_BOUND('',#3113,.T.);
#3113 = EDGE_LOOP('',(#3114,#3115,#3116,#3124));
#3114 = ORIENTED_EDGE('',*,*,#3093,.T.);
#3115 = ORIENTED_EDGE('',*,*,#2300,.F.);
#3116 = ORIENTED_EDGE('',*,*,#3117,.F.);
#3117 = EDGE_CURVE('',#3118,#2293,#3120,.T.);
#3118 = VERTEX_POINT('',#3119);
#3119 = CARTESIAN_POINT('',(-70.,8.2,-5.210050506339));
#3120 = LINE('',#3121,#3122);
#3121 = CARTESIAN_POINT('',(330.,8.2,-5.210050506339));
#3122 = VECTOR('',#3123,1.);
#3123 = DIRECTION('',(1.,-0.,0.));
#3124 = ORIENTED_EDGE('',*,*,#3125,.T.);
#3125 = EDGE_CURVE('',#3118,#3094,#3126,.T.);
#3126 = LINE('',#3127,#3128);
#3127 = CARTESIAN_POINT('',(-70.,-0.,-5.210050506339));
#3128 = VECTOR('',#3129,1.);
#3129 = DIRECTION('',(0.,-1.,0.));
#3130 = PLANE('',#3131);
#3131 = AXIS2_PLACEMENT_3D('',#3132,#3133,#3134);
#3132 = CARTESIAN_POINT('',(330.,8.2,-5.210050506339));
#3133 = DIRECTION('',(0.,0.,-1.));
#3134 = DIRECTION('',(-1.,0.,-0.));
#3135 = ADVANCED_FACE('',(#3136),#3161,.F.);
#3136 = FACE_BOUND('',#3137,.T.);
#3137 = EDGE_LOOP('',(#3138,#3146,#3154,#3160));
#3138 = ORIENTED_EDGE('',*,*,#3139,.F.);
#3139 = EDGE_CURVE('',#3140,#2268,#3142,.T.);
#3140 = VERTEX_POINT('',#3141);
#3141 = CARTESIAN_POINT('',(-70.,9.941421356237,-4.741421356237));
#3142 = LINE('',#3143,#3144);
#3143 = CARTESIAN_POINT('',(330.,9.941421356237,-4.741421356237));
#3144 = VECTOR('',#3145,1.);
#3145 = DIRECTION('',(1.,0.,0.));
#3146 = ORIENTED_EDGE('',*,*,#3147,.T.);
#3147 = EDGE_CURVE('',#3140,#3148,#3150,.T.);
#3148 = VERTEX_POINT('',#3149);
#3149 = CARTESIAN_POINT('',(-70.,8.541421356237,-3.341421356237));
#3150 = LINE('',#3151,#3152);
#3151 = CARTESIAN_POINT('',(-70.,2.6,2.6));
#3152 = VECTOR('',#3153,1.);
#3153 = DIRECTION('',(0.,-0.707106781187,0.707106781187));
#3154 = ORIENTED_EDGE('',*,*,#3155,.F.);
#3155 = EDGE_CURVE('',#2277,#3148,#3156,.T.);
#3156 = LINE('',#3157,#3158);
#3157 = CARTESIAN_POINT('',(330.,8.541421356237,-3.341421356237));
#3158 = VECTOR('',#3159,1.);
#3159 = DIRECTION('',(-1.,-0.,-0.));
#3160 = ORIENTED_EDGE('',*,*,#2276,.F.);
#3161 = PLANE('',#3162);
#3162 = AXIS2_PLACEMENT_3D('',#3163,#3164,#3165);
#3163 = CARTESIAN_POINT('',(330.,10.,-4.8));
#3164 = DIRECTION('',(0.,-0.707106781187,-0.707106781187));
#3165 = DIRECTION('',(0.,0.707106781187,-0.707106781187));
#3166 = ADVANCED_FACE('',(#3167),#3192,.F.);
#3167 = FACE_BOUND('',#3168,.T.);
#3168 = EDGE_LOOP('',(#3169,#3177,#3185,#3191));
#3169 = ORIENTED_EDGE('',*,*,#3170,.F.);
#3170 = EDGE_CURVE('',#3171,#2251,#3173,.T.);
#3171 = VERTEX_POINT('',#3172);
#3172 = CARTESIAN_POINT('',(-70.,10.,-9.8));
#3173 = LINE('',#3174,#3175);
#3174 = CARTESIAN_POINT('',(330.,10.,-9.8));
#3175 = VECTOR('',#3176,1.);
#3176 = DIRECTION('',(1.,0.,0.));
#3177 = ORIENTED_EDGE('',*,*,#3178,.T.);
#3178 = EDGE_CURVE('',#3171,#3179,#3181,.T.);
#3179 = VERTEX_POINT('',#3180);
#3180 = CARTESIAN_POINT('',(-70.,10.,-4.882842712475));
#3181 = LINE('',#3182,#3183);
#3182 = CARTESIAN_POINT('',(-70.,10.,3.53E-15));
#3183 = VECTOR('',#3184,1.);
#3184 = DIRECTION('',(0.,-3.5E-16,1.));
#3185 = ORIENTED_EDGE('',*,*,#3186,.F.);
#3186 = EDGE_CURVE('',#2260,#3179,#3187,.T.);
#3187 = LINE('',#3188,#3189);
#3188 = CARTESIAN_POINT('',(330.,10.,-4.882842712475));
#3189 = VECTOR('',#3190,1.);
#3190 = DIRECTION('',(-1.,-0.,-0.));
#3191 = ORIENTED_EDGE('',*,*,#2259,.F.);
#3192 = PLANE('',#3193);
#3193 = AXIS2_PLACEMENT_3D('',#3194,#3195,#3196);
#3194 = CARTESIAN_POINT('',(330.,10.,10.));
#3195 = DIRECTION('',(0.,-1.,-9.E-17));
#3196 = DIRECTION('',(0.,9.E-17,-1.));
#3197 = ADVANCED_FACE('',(#3198),#3223,.F.);
#3198 = FACE_BOUND('',#3199,.T.);
#3199 = EDGE_LOOP('',(#3200,#3208,#3216,#3222));
#3200 = ORIENTED_EDGE('',*,*,#3201,.F.);
#3201 = EDGE_CURVE('',#3202,#2234,#3204,.T.);
#3202 = VERTEX_POINT('',#3203);
#3203 = CARTESIAN_POINT('',(-70.,4.882842712475,-10.));
#3204 = LINE('',#3205,#3206);
#3205 = CARTESIAN_POINT('',(330.,4.882842712475,-10.));
#3206 = VECTOR('',#3207,1.);
#3207 = DIRECTION('',(1.,0.,0.));
#3208 = ORIENTED_EDGE('',*,*,#3209,.T.);
#3209 = EDGE_CURVE('',#3202,#3210,#3212,.T.);
#3210 = VERTEX_POINT('',#3211);
#3211 = CARTESIAN_POINT('',(-70.,9.8,-10.));
#3212 = LINE('',#3213,#3214);
#3213 = CARTESIAN_POINT('',(-70.,3.53E-15,-10.));
#3214 = VECTOR('',#3215,1.);
#3215 = DIRECTION('',(0.,1.,3.5E-16));
#3216 = ORIENTED_EDGE('',*,*,#3217,.F.);
#3217 = EDGE_CURVE('',#2243,#3210,#3218,.T.);
#3218 = LINE('',#3219,#3220);
#3219 = CARTESIAN_POINT('',(330.,9.8,-10.));
#3220 = VECTOR('',#3221,1.);
#3221 = DIRECTION('',(-1.,-0.,-0.));
#3222 = ORIENTED_EDGE('',*,*,#2242,.F.);
#3223 = PLANE('',#3224);
#3224 = AXIS2_PLACEMENT_3D('',#3225,#3226,#3227);
#3225 = CARTESIAN_POINT('',(330.,10.,-10.));
#3226 = DIRECTION('',(0.,-1.7E-16,1.));
#3227 = DIRECTION('',(0.,-1.,-1.7E-16));
#3228 = ADVANCED_FACE('',(#3229),#3254,.F.);
#3229 = FACE_BOUND('',#3230,.T.);
#3230 = EDGE_LOOP('',(#3231,#3239,#3247,#3253));
#3231 = ORIENTED_EDGE('',*,*,#3232,.F.);
#3232 = EDGE_CURVE('',#3233,#2217,#3235,.T.);
#3233 = VERTEX_POINT('',#3234);
#3234 = CARTESIAN_POINT('',(-70.,3.341421356237,-8.541421356237));
#3235 = LINE('',#3236,#3237);
#3236 = CARTESIAN_POINT('',(330.,3.341421356237,-8.541421356237));
#3237 = VECTOR('',#3238,1.);
#3238 = DIRECTION('',(1.,0.,0.));
#3239 = ORIENTED_EDGE('',*,*,#3240,.T.);
#3240 = EDGE_CURVE('',#3233,#3241,#3243,.T.);
#3241 = VERTEX_POINT('',#3242);
#3242 = CARTESIAN_POINT('',(-70.,4.741421356237,-9.941421356237));
#3243 = LINE('',#3244,#3245);
#3244 = CARTESIAN_POINT('',(-70.,-2.6,-2.6));
#3245 = VECTOR('',#3246,1.);
#3246 = DIRECTION('',(0.,0.707106781187,-0.707106781187));
#3247 = ORIENTED_EDGE('',*,*,#3248,.F.);
#3248 = EDGE_CURVE('',#2226,#3241,#3249,.T.);
#3249 = LINE('',#3250,#3251);
#3250 = CARTESIAN_POINT('',(330.,4.741421356237,-9.941421356237));
#3251 = VECTOR('',#3252,1.);
#3252 = DIRECTION('',(-1.,-0.,-0.));
#3253 = ORIENTED_EDGE('',*,*,#2225,.F.);
#3254 = PLANE('',#3255);
#3255 = AXIS2_PLACEMENT_3D('',#3256,#3257,#3258);
#3256 = CARTESIAN_POINT('',(330.,4.8,-10.));
#3257 = DIRECTION('',(-0.,0.707106781187,0.707106781187));
#3258 = DIRECTION('',(0.,-0.707106781187,0.707106781187));
#3259 = ADVANCED_FACE('',(#3260),#3285,.F.);
#3260 = FACE_BOUND('',#3261,.T.);
#3261 = EDGE_LOOP('',(#3262,#3270,#3271,#3279));
#3262 = ORIENTED_EDGE('',*,*,#3263,.F.);
#3263 = EDGE_CURVE('',#2201,#3264,#3266,.T.);
#3264 = VERTEX_POINT('',#3265);
#3265 = CARTESIAN_POINT('',(-70.,5.210050506339,-8.2));
#3266 = LINE('',#3267,#3268);
#3267 = CARTESIAN_POINT('',(330.,5.210050506339,-8.2));
#3268 = VECTOR('',#3269,1.);
#3269 = DIRECTION('',(-1.,0.,-0.));
#3270 = ORIENTED_EDGE('',*,*,#2200,.F.);
#3271 = ORIENTED_EDGE('',*,*,#3272,.F.);
#3272 = EDGE_CURVE('',#3273,#2193,#3275,.T.);
#3273 = VERTEX_POINT('',#3274);
#3274 = CARTESIAN_POINT('',(-70.,5.210050506339,-6.2));
#3275 = LINE('',#3276,#3277);
#3276 = CARTESIAN_POINT('',(330.,5.210050506339,-6.2));
#3277 = VECTOR('',#3278,1.);
#3278 = DIRECTION('',(1.,-0.,0.));
#3279 = ORIENTED_EDGE('',*,*,#3280,.T.);
#3280 = EDGE_CURVE('',#3273,#3264,#3281,.T.);
#3281 = LINE('',#3282,#3283);
#3282 = CARTESIAN_POINT('',(-70.,5.210050506339,0.));
#3283 = VECTOR('',#3284,1.);
#3284 = DIRECTION('',(0.,0.,-1.));
#3285 = PLANE('',#3286);
#3286 = AXIS2_PLACEMENT_3D('',#3287,#3288,#3289);
#3287 = CARTESIAN_POINT('',(330.,5.210050506339,-8.2));
#3288 = DIRECTION('',(0.,1.,-4.3E-16));
#3289 = DIRECTION('',(0.,4.3E-16,1.));
#3290 = ADVANCED_FACE('',(#3291),#3309,.F.);
#3291 = FACE_BOUND('',#3292,.T.);
#3292 = EDGE_LOOP('',(#3293,#3294,#3295,#3303));
#3293 = ORIENTED_EDGE('',*,*,#3272,.T.);
#3294 = ORIENTED_EDGE('',*,*,#2192,.F.);
#3295 = ORIENTED_EDGE('',*,*,#3296,.F.);
#3296 = EDGE_CURVE('',#3297,#2185,#3299,.T.);
#3297 = VERTEX_POINT('',#3298);
#3298 = CARTESIAN_POINT('',(-70.,3.010050506339,-4.));
#3299 = LINE('',#3300,#3301);
#3300 = CARTESIAN_POINT('',(330.,3.010050506339,-4.));
#3301 = VECTOR('',#3302,1.);
#3302 = DIRECTION('',(1.,0.,0.));
#3303 = ORIENTED_EDGE('',*,*,#3304,.T.);
#3304 = EDGE_CURVE('',#3297,#3273,#3305,.T.);
#3305 = LINE('',#3306,#3307);
#3306 = CARTESIAN_POINT('',(-70.,-0.494974746831,-0.494974746831));
#3307 = VECTOR('',#3308,1.);
#3308 = DIRECTION('',(0.,0.707106781187,-0.707106781187));
#3309 = PLANE('',#3310);
#3310 = AXIS2_PLACEMENT_3D('',#3311,#3312,#3313);
#3311 = CARTESIAN_POINT('',(330.,5.210050506339,-6.2));
#3312 = DIRECTION('',(-0.,0.707106781187,0.707106781187));
#3313 = DIRECTION('',(0.,-0.707106781187,0.707106781187));
#3314 = ADVANCED_FACE('',(#3315),#3333,.F.);
#3315 = FACE_BOUND('',#3316,.T.);
#3316 = EDGE_LOOP('',(#3317,#3325,#3331,#3332));
#3317 = ORIENTED_EDGE('',*,*,#3318,.F.);
#3318 = EDGE_CURVE('',#3319,#2177,#3321,.T.);
#3319 = VERTEX_POINT('',#3320);
#3320 = CARTESIAN_POINT('',(-70.,0.5,-4.));
#3321 = LINE('',#3322,#3323);
#3322 = CARTESIAN_POINT('',(330.,0.5,-4.));
#3323 = VECTOR('',#3324,1.);
#3324 = DIRECTION('',(1.,0.,0.));
#3325 = ORIENTED_EDGE('',*,*,#3326,.T.);
#3326 = EDGE_CURVE('',#3319,#3297,#3327,.T.);
#3327 = LINE('',#3328,#3329);
#3328 = CARTESIAN_POINT('',(-70.,-8.29E-15,-4.));
#3329 = VECTOR('',#3330,1.);
#3330 = DIRECTION('',(0.,1.,-2.07E-15));
#3331 = ORIENTED_EDGE('',*,*,#3296,.T.);
#3332 = ORIENTED_EDGE('',*,*,#2184,.F.);
#3333 = PLANE('',#3334);
#3334 = AXIS2_PLACEMENT_3D('',#3335,#3336,#3337);
#3335 = CARTESIAN_POINT('',(330.,3.010050506339,-4.));
#3336 = DIRECTION('',(-0.,2.9E-16,1.));
#3337 = DIRECTION('',(0.,-1.,2.9E-16));
#3338 = ADVANCED_FACE('',(#3339),#3364,.F.);
#3339 = FACE_BOUND('',#3340,.T.);
#3340 = EDGE_LOOP('',(#3341,#3349,#3350,#3358));
#3341 = ORIENTED_EDGE('',*,*,#3342,.F.);
#3342 = EDGE_CURVE('',#2161,#3343,#3345,.T.);
#3343 = VERTEX_POINT('',#3344);
#3344 = CARTESIAN_POINT('',(-70.,-0.5,-4.));
#3345 = LINE('',#3346,#3347);
#3346 = CARTESIAN_POINT('',(330.,-0.5,-4.));
#3347 = VECTOR('',#3348,1.);
#3348 = DIRECTION('',(-1.,-0.,-0.));
#3349 = ORIENTED_EDGE('',*,*,#2160,.F.);
#3350 = ORIENTED_EDGE('',*,*,#3351,.F.);
#3351 = EDGE_CURVE('',#3352,#2153,#3354,.T.);
#3352 = VERTEX_POINT('',#3353);
#3353 = CARTESIAN_POINT('',(-70.,-3.010050506339,-4.));
#3354 = LINE('',#3355,#3356);
#3355 = CARTESIAN_POINT('',(330.,-3.010050506339,-4.));
#3356 = VECTOR('',#3357,1.);
#3357 = DIRECTION('',(1.,0.,0.));
#3358 = ORIENTED_EDGE('',*,*,#3359,.T.);
#3359 = EDGE_CURVE('',#3352,#3343,#3360,.T.);
#3360 = LINE('',#3361,#3362);
#3361 = CARTESIAN_POINT('',(-70.,-1.38E-15,-4.));
#3362 = VECTOR('',#3363,1.);
#3363 = DIRECTION('',(0.,1.,-3.5E-16));
#3364 = PLANE('',#3365);
#3365 = AXIS2_PLACEMENT_3D('',#3366,#3367,#3368);
#3366 = CARTESIAN_POINT('',(330.,3.010050506339,-4.));
#3367 = DIRECTION('',(-0.,2.9E-16,1.));
#3368 = DIRECTION('',(0.,-1.,2.9E-16));
#3369 = ADVANCED_FACE('',(#3370),#3388,.F.);
#3370 = FACE_BOUND('',#3371,.T.);
#3371 = EDGE_LOOP('',(#3372,#3373,#3374,#3382));
#3372 = ORIENTED_EDGE('',*,*,#3351,.T.);
#3373 = ORIENTED_EDGE('',*,*,#2152,.F.);
#3374 = ORIENTED_EDGE('',*,*,#3375,.F.);
#3375 = EDGE_CURVE('',#3376,#2145,#3378,.T.);
#3376 = VERTEX_POINT('',#3377);
#3377 = CARTESIAN_POINT('',(-70.,-5.210050506339,-6.2));
#3378 = LINE('',#3379,#3380);
#3379 = CARTESIAN_POINT('',(330.,-5.210050506339,-6.2));
#3380 = VECTOR('',#3381,1.);
#3381 = DIRECTION('',(1.,0.,0.));
#3382 = ORIENTED_EDGE('',*,*,#3383,.T.);
#3383 = EDGE_CURVE('',#3376,#3352,#3384,.T.);
#3384 = LINE('',#3385,#3386);
#3385 = CARTESIAN_POINT('',(-70.,0.494974746831,-0.494974746831));
#3386 = VECTOR('',#3387,1.);
#3387 = DIRECTION('',(0.,0.707106781187,0.707106781187));
#3388 = PLANE('',#3389);
#3389 = AXIS2_PLACEMENT_3D('',#3390,#3391,#3392);
#3390 = CARTESIAN_POINT('',(330.,-5.210050506339,-6.2));
#3391 = DIRECTION('',(0.,-0.707106781187,0.707106781187));
#3392 = DIRECTION('',(0.,-0.707106781187,-0.707106781187));
#3393 = ADVANCED_FACE('',(#3394),#3412,.F.);
#3394 = FACE_BOUND('',#3395,.T.);
#3395 = EDGE_LOOP('',(#3396,#3397,#3398,#3406));
#3396 = ORIENTED_EDGE('',*,*,#3375,.T.);
#3397 = ORIENTED_EDGE('',*,*,#2144,.F.);
#3398 = ORIENTED_EDGE('',*,*,#3399,.F.);
#3399 = EDGE_CURVE('',#3400,#2137,#3402,.T.);
#3400 = VERTEX_POINT('',#3401);
#3401 = CARTESIAN_POINT('',(-70.,-5.210050506339,-8.2));
#3402 = LINE('',#3403,#3404);
#3403 = CARTESIAN_POINT('',(330.,-5.210050506339,-8.2));
#3404 = VECTOR('',#3405,1.);
#3405 = DIRECTION('',(1.,0.,0.));
#3406 = ORIENTED_EDGE('',*,*,#3407,.T.);
#3407 = EDGE_CURVE('',#3400,#3376,#3408,.T.);
#3408 = LINE('',#3409,#3410);
#3409 = CARTESIAN_POINT('',(-70.,-5.210050506339,2.26E-15));
#3410 = VECTOR('',#3411,1.);
#3411 = DIRECTION('',(0.,4.3E-16,1.));
#3412 = PLANE('',#3413);
#3413 = AXIS2_PLACEMENT_3D('',#3414,#3415,#3416);
#3414 = CARTESIAN_POINT('',(330.,-5.210050506339,-8.2));
#3415 = DIRECTION('',(0.,-1.,4.3E-16));
#3416 = DIRECTION('',(0.,-4.3E-16,-1.));
#3417 = ADVANCED_FACE('',(#3418),#3443,.F.);
#3418 = FACE_BOUND('',#3419,.T.);
#3419 = EDGE_LOOP('',(#3420,#3428,#3436,#3442));
#3420 = ORIENTED_EDGE('',*,*,#3421,.F.);
#3421 = EDGE_CURVE('',#3422,#2111,#3424,.T.);
#3422 = VERTEX_POINT('',#3423);
#3423 = CARTESIAN_POINT('',(-70.,-4.741421356237,-9.941421356237));
#3424 = LINE('',#3425,#3426);
#3425 = CARTESIAN_POINT('',(330.,-4.741421356237,-9.941421356237));
#3426 = VECTOR('',#3427,1.);
#3427 = DIRECTION('',(1.,0.,0.));
#3428 = ORIENTED_EDGE('',*,*,#3429,.T.);
#3429 = EDGE_CURVE('',#3422,#3430,#3432,.T.);
#3430 = VERTEX_POINT('',#3431);
#3431 = CARTESIAN_POINT('',(-70.,-3.341421356237,-8.541421356237));
#3432 = LINE('',#3433,#3434);
#3433 = CARTESIAN_POINT('',(-70.,2.6,-2.6));
#3434 = VECTOR('',#3435,1.);
#3435 = DIRECTION('',(0.,0.707106781187,0.707106781187));
#3436 = ORIENTED_EDGE('',*,*,#3437,.F.);
#3437 = EDGE_CURVE('',#2120,#3430,#3438,.T.);
#3438 = LINE('',#3439,#3440);
#3439 = CARTESIAN_POINT('',(330.,-3.341421356237,-8.541421356237));
#3440 = VECTOR('',#3441,1.);
#3441 = DIRECTION('',(-1.,-0.,-0.));
#3442 = ORIENTED_EDGE('',*,*,#2119,.F.);
#3443 = PLANE('',#3444);
#3444 = AXIS2_PLACEMENT_3D('',#3445,#3446,#3447);
#3445 = CARTESIAN_POINT('',(330.,-4.8,-10.));
#3446 = DIRECTION('',(0.,-0.707106781187,0.707106781187));
#3447 = DIRECTION('',(0.,-0.707106781187,-0.707106781187));
#3448 = ADVANCED_FACE('',(#3449),#3474,.F.);
#3449 = FACE_BOUND('',#3450,.T.);
#3450 = EDGE_LOOP('',(#3451,#3459,#3467,#3473));
#3451 = ORIENTED_EDGE('',*,*,#3452,.F.);
#3452 = EDGE_CURVE('',#3453,#2094,#3455,.T.);
#3453 = VERTEX_POINT('',#3454);
#3454 = CARTESIAN_POINT('',(-70.,-9.8,-10.));
#3455 = LINE('',#3456,#3457);
#3456 = CARTESIAN_POINT('',(330.,-9.8,-10.));
#3457 = VECTOR('',#3458,1.);
#3458 = DIRECTION('',(1.,0.,0.));
#3459 = ORIENTED_EDGE('',*,*,#3460,.T.);
#3460 = EDGE_CURVE('',#3453,#3461,#3463,.T.);
#3461 = VERTEX_POINT('',#3462);
#3462 = CARTESIAN_POINT('',(-70.,-4.882842712475,-10.));
#3463 = LINE('',#3464,#3465);
#3464 = CARTESIAN_POINT('',(-70.,0.,-10.));
#3465 = VECTOR('',#3466,1.);
#3466 = DIRECTION('',(0.,1.,0.));
#3467 = ORIENTED_EDGE('',*,*,#3468,.F.);
#3468 = EDGE_CURVE('',#2103,#3461,#3469,.T.);
#3469 = LINE('',#3470,#3471);
#3470 = CARTESIAN_POINT('',(330.,-4.882842712475,-10.));
#3471 = VECTOR('',#3472,1.);
#3472 = DIRECTION('',(-1.,-0.,-0.));
#3473 = ORIENTED_EDGE('',*,*,#2102,.F.);
#3474 = PLANE('',#3475);
#3475 = AXIS2_PLACEMENT_3D('',#3476,#3477,#3478);
#3476 = CARTESIAN_POINT('',(330.,10.,-10.));
#3477 = DIRECTION('',(0.,-1.7E-16,1.));
#3478 = DIRECTION('',(0.,-1.,-1.7E-16));
#3479 = ADVANCED_FACE('',(#3480),#3505,.F.);
#3480 = FACE_BOUND('',#3481,.T.);
#3481 = EDGE_LOOP('',(#3482,#3490,#3491,#3499));
#3482 = ORIENTED_EDGE('',*,*,#3483,.F.);
#3483 = EDGE_CURVE('',#2086,#3484,#3486,.T.);
#3484 = VERTEX_POINT('',#3485);
#3485 = CARTESIAN_POINT('',(-70.,-10.,-9.8));
#3486 = LINE('',#3487,#3488);
#3487 = CARTESIAN_POINT('',(330.,-10.,-9.8));
#3488 = VECTOR('',#3489,1.);
#3489 = DIRECTION('',(-1.,-0.,0.));
#3490 = ORIENTED_EDGE('',*,*,#2085,.F.);
#3491 = ORIENTED_EDGE('',*,*,#3492,.F.);
#3492 = EDGE_CURVE('',#3493,#2077,#3495,.T.);
#3493 = VERTEX_POINT('',#3494);
#3494 = CARTESIAN_POINT('',(-70.,-10.,-4.882842712475));
#3495 = LINE('',#3496,#3497);
#3496 = CARTESIAN_POINT('',(330.,-10.,-4.882842712475));
#3497 = VECTOR('',#3498,1.);
#3498 = DIRECTION('',(1.,0.,-0.));
#3499 = ORIENTED_EDGE('',*,*,#3500,.T.);
#3500 = EDGE_CURVE('',#3493,#3484,#3501,.T.);
#3501 = LINE('',#3502,#3503);
#3502 = CARTESIAN_POINT('',(-70.,-10.,0.));
#3503 = VECTOR('',#3504,1.);
#3504 = DIRECTION('',(0.,0.,-1.));
#3505 = PLANE('',#3506);
#3506 = AXIS2_PLACEMENT_3D('',#3507,#3508,#3509);
#3507 = CARTESIAN_POINT('',(330.,-10.,10.));
#3508 = DIRECTION('',(0.,1.,0.));
#3509 = DIRECTION('',(0.,-0.,1.));
#3510 = ADVANCED_FACE('',(#3511),#3529,.F.);
#3511 = FACE_BOUND('',#3512,.T.);
#3512 = EDGE_LOOP('',(#3513,#3521,#3522,#3523));
#3513 = ORIENTED_EDGE('',*,*,#3514,.F.);
#3514 = EDGE_CURVE('',#2069,#3515,#3517,.T.);
#3515 = VERTEX_POINT('',#3516);
#3516 = CARTESIAN_POINT('',(-70.,-9.941421356237,-4.741421356237));
#3517 = LINE('',#3518,#3519);
#3518 = CARTESIAN_POINT('',(330.,-9.941421356237,-4.741421356237));
#3519 = VECTOR('',#3520,1.);
#3520 = DIRECTION('',(-1.,0.,-0.));
#3521 = ORIENTED_EDGE('',*,*,#2068,.F.);
#3522 = ORIENTED_EDGE('',*,*,#691,.F.);
#3523 = ORIENTED_EDGE('',*,*,#3524,.T.);
#3524 = EDGE_CURVE('',#683,#3515,#3525,.T.);
#3525 = LINE('',#3526,#3527);
#3526 = CARTESIAN_POINT('',(-70.,-2.6,2.6));
#3527 = VECTOR('',#3528,1.);
#3528 = DIRECTION('',(0.,-0.707106781187,-0.707106781187));
#3529 = PLANE('',#3530);
#3530 = AXIS2_PLACEMENT_3D('',#3531,#3532,#3533);
#3531 = CARTESIAN_POINT('',(330.,-10.,-4.8));
#3532 = DIRECTION('',(0.,0.707106781187,-0.707106781187));
#3533 = DIRECTION('',(0.,0.707106781187,0.707106781187));
#3534 = ADVANCED_FACE('',(#3535),#3560,.F.);
#3535 = FACE_BOUND('',#3536,.T.);
#3536 = EDGE_LOOP('',(#3537,#3545,#3546,#3554));
#3537 = ORIENTED_EDGE('',*,*,#3538,.F.);
#3538 = EDGE_CURVE('',#2045,#3539,#3541,.T.);
#3539 = VERTEX_POINT('',#3540);
#3540 = CARTESIAN_POINT('',(-70.,-8.2,-5.210050506339));
#3541 = LINE('',#3542,#3543);
#3542 = CARTESIAN_POINT('',(330.,-8.2,-5.210050506339));
#3543 = VECTOR('',#3544,1.);
#3544 = DIRECTION('',(-1.,0.,-0.));
#3545 = ORIENTED_EDGE('',*,*,#2044,.F.);
#3546 = ORIENTED_EDGE('',*,*,#3547,.F.);
#3547 = EDGE_CURVE('',#3548,#2037,#3550,.T.);
#3548 = VERTEX_POINT('',#3549);
#3549 = CARTESIAN_POINT('',(-70.,-6.2,-5.210050506339));
#3550 = LINE('',#3551,#3552);
#3551 = CARTESIAN_POINT('',(330.,-6.2,-5.210050506339));
#3552 = VECTOR('',#3553,1.);
#3553 = DIRECTION('',(1.,-0.,0.));
#3554 = ORIENTED_EDGE('',*,*,#3555,.T.);
#3555 = EDGE_CURVE('',#3548,#3539,#3556,.T.);
#3556 = LINE('',#3557,#3558);
#3557 = CARTESIAN_POINT('',(-70.,-0.,-5.210050506339));
#3558 = VECTOR('',#3559,1.);
#3559 = DIRECTION('',(0.,-1.,0.));
#3560 = PLANE('',#3561);
#3561 = AXIS2_PLACEMENT_3D('',#3562,#3563,#3564);
#3562 = CARTESIAN_POINT('',(330.,-8.2,-5.210050506339));
#3563 = DIRECTION('',(0.,0.,-1.));
#3564 = DIRECTION('',(-1.,0.,-0.));
#3565 = ADVANCED_FACE('',(#3566),#3584,.F.);
#3566 = FACE_BOUND('',#3567,.T.);
#3567 = EDGE_LOOP('',(#3568,#3569,#3570,#3578));
#3568 = ORIENTED_EDGE('',*,*,#3547,.T.);
#3569 = ORIENTED_EDGE('',*,*,#2036,.F.);
#3570 = ORIENTED_EDGE('',*,*,#3571,.F.);
#3571 = EDGE_CURVE('',#3572,#2029,#3574,.T.);
#3572 = VERTEX_POINT('',#3573);
#3573 = CARTESIAN_POINT('',(-70.,-4.,-3.010050506339));
#3574 = LINE('',#3575,#3576);
#3575 = CARTESIAN_POINT('',(330.,-4.,-3.010050506339));
#3576 = VECTOR('',#3577,1.);
#3577 = DIRECTION('',(1.,-0.,0.));
#3578 = ORIENTED_EDGE('',*,*,#3579,.T.);
#3579 = EDGE_CURVE('',#3572,#3548,#3580,.T.);
#3580 = LINE('',#3581,#3582);
#3581 = CARTESIAN_POINT('',(-70.,-0.494974746831,0.494974746831));
#3582 = VECTOR('',#3583,1.);
#3583 = DIRECTION('',(0.,-0.707106781187,-0.707106781187));
#3584 = PLANE('',#3585);
#3585 = AXIS2_PLACEMENT_3D('',#3586,#3587,#3588);
#3586 = CARTESIAN_POINT('',(330.,-6.2,-5.210050506339));
#3587 = DIRECTION('',(0.,0.707106781187,-0.707106781187));
#3588 = DIRECTION('',(0.,0.707106781187,0.707106781187));
#3589 = ADVANCED_FACE('',(#3590),#3617,.F.);
#3590 = FACE_BOUND('',#3591,.T.);
#3591 = EDGE_LOOP('',(#3592,#3593,#3600,#3601,#3609,#3615,#3616));
#3592 = ORIENTED_EDGE('',*,*,#880,.F.);
#3593 = ORIENTED_EDGE('',*,*,#3594,.T.);
#3594 = EDGE_CURVE('',#872,#254,#3595,.T.);
#3595 = CIRCLE('',#3596,1.25);
#3596 = AXIS2_PLACEMENT_3D('',#3597,#3598,#3599);
#3597 = CARTESIAN_POINT('',(290.25,-4.,-1.32E-15));
#3598 = DIRECTION('',(0.,1.,0.));
#3599 = DIRECTION('',(0.,-0.,1.));
#3600 = ORIENTED_EDGE('',*,*,#261,.T.);
#3601 = ORIENTED_EDGE('',*,*,#3602,.F.);
#3602 = EDGE_CURVE('',#3603,#190,#3605,.T.);
#3603 = VERTEX_POINT('',#3604);
#3604 = CARTESIAN_POINT('',(-70.,-4.,-0.5));
#3605 = LINE('',#3606,#3607);
#3606 = CARTESIAN_POINT('',(330.,-4.,-0.5));
#3607 = VECTOR('',#3608,1.);
#3608 = DIRECTION('',(1.,0.,-0.));
#3609 = ORIENTED_EDGE('',*,*,#3610,.T.);
#3610 = EDGE_CURVE('',#3603,#3572,#3611,.T.);
#3611 = LINE('',#3612,#3613);
#3612 = CARTESIAN_POINT('',(-70.,-4.,8.29E-15));
#3613 = VECTOR('',#3614,1.);
#3614 = DIRECTION('',(0.,-2.07E-15,-1.));
#3615 = ORIENTED_EDGE('',*,*,#3571,.T.);
#3616 = ORIENTED_EDGE('',*,*,#2028,.F.);
#3617 = PLANE('',#3618);
#3618 = AXIS2_PLACEMENT_3D('',#3619,#3620,#3621);
#3619 = CARTESIAN_POINT('',(330.,-4.,-3.010050506339));
#3620 = DIRECTION('',(0.,1.,0.));
#3621 = DIRECTION('',(0.,-0.,1.));
#3622 = ADVANCED_FACE('',(#3623),#3657,.F.);
#3623 = FACE_BOUND('',#3624,.T.);
#3624 = EDGE_LOOP('',(#3625,#3626,#3627,#3636,#3642,#3643,#3651));
#3625 = ORIENTED_EDGE('',*,*,#911,.F.);
#3626 = ORIENTED_EDGE('',*,*,#209,.T.);
#3627 = ORIENTED_EDGE('',*,*,#3628,.T.);
#3628 = EDGE_CURVE('',#210,#3629,#3631,.T.);
#3629 = VERTEX_POINT('',#3630);
#3630 = CARTESIAN_POINT('',(291.39564392373,-4.,0.5));
#3631 = CIRCLE('',#3632,1.25);
#3632 = AXIS2_PLACEMENT_3D('',#3633,#3634,#3635);
#3633 = CARTESIAN_POINT('',(290.25,-4.,-1.32E-15));
#3634 = DIRECTION('',(0.,1.,0.));
#3635 = DIRECTION('',(0.,-0.,1.));
#3636 = ORIENTED_EDGE('',*,*,#3637,.F.);
#3637 = EDGE_CURVE('',#2014,#3629,#3638,.T.);
#3638 = LINE('',#3639,#3640);
#3639 = CARTESIAN_POINT('',(330.,-4.,0.5));
#3640 = VECTOR('',#3641,1.);
#3641 = DIRECTION('',(-1.,-0.,0.));
#3642 = ORIENTED_EDGE('',*,*,#2013,.F.);
#3643 = ORIENTED_EDGE('',*,*,#3644,.F.);
#3644 = EDGE_CURVE('',#3645,#2006,#3647,.T.);
#3645 = VERTEX_POINT('',#3646);
#3646 = CARTESIAN_POINT('',(-70.,-4.,3.010050506339));
#3647 = LINE('',#3648,#3649);
#3648 = CARTESIAN_POINT('',(330.,-4.,3.010050506339));
#3649 = VECTOR('',#3650,1.);
#3650 = DIRECTION('',(1.,0.,-0.));
#3651 = ORIENTED_EDGE('',*,*,#3652,.T.);
#3652 = EDGE_CURVE('',#3645,#912,#3653,.T.);
#3653 = LINE('',#3654,#3655);
#3654 = CARTESIAN_POINT('',(-70.,-4.,0.));
#3655 = VECTOR('',#3656,1.);
#3656 = DIRECTION('',(0.,0.,-1.));
#3657 = PLANE('',#3658);
#3658 = AXIS2_PLACEMENT_3D('',#3659,#3660,#3661);
#3659 = CARTESIAN_POINT('',(330.,-4.,-3.010050506339));
#3660 = DIRECTION('',(0.,1.,0.));
#3661 = DIRECTION('',(0.,-0.,1.));
#3662 = ADVANCED_FACE('',(#3663),#3681,.F.);
#3663 = FACE_BOUND('',#3664,.T.);
#3664 = EDGE_LOOP('',(#3665,#3666,#3667,#3675));
#3665 = ORIENTED_EDGE('',*,*,#3644,.T.);
#3666 = ORIENTED_EDGE('',*,*,#2005,.F.);
#3667 = ORIENTED_EDGE('',*,*,#3668,.F.);
#3668 = EDGE_CURVE('',#3669,#1998,#3671,.T.);
#3669 = VERTEX_POINT('',#3670);
#3670 = CARTESIAN_POINT('',(-70.,-6.2,5.210050506339));
#3671 = LINE('',#3672,#3673);
#3672 = CARTESIAN_POINT('',(330.,-6.2,5.210050506339));
#3673 = VECTOR('',#3674,1.);
#3674 = DIRECTION('',(1.,0.,0.));
#3675 = ORIENTED_EDGE('',*,*,#3676,.T.);
#3676 = EDGE_CURVE('',#3669,#3645,#3677,.T.);
#3677 = LINE('',#3678,#3679);
#3678 = CARTESIAN_POINT('',(-70.,-0.494974746831,-0.494974746831));
#3679 = VECTOR('',#3680,1.);
#3680 = DIRECTION('',(0.,0.707106781187,-0.707106781187));
#3681 = PLANE('',#3682);
#3682 = AXIS2_PLACEMENT_3D('',#3683,#3684,#3685);
#3683 = CARTESIAN_POINT('',(330.,-6.2,5.210050506339));
#3684 = DIRECTION('',(-0.,0.707106781187,0.707106781187));
#3685 = DIRECTION('',(0.,-0.707106781187,0.707106781187));
#3686 = ADVANCED_FACE('',(#3687),#3705,.F.);
#3687 = FACE_BOUND('',#3688,.T.);
#3688 = EDGE_LOOP('',(#3689,#3690,#3691,#3699));
#3689 = ORIENTED_EDGE('',*,*,#3668,.T.);
#3690 = ORIENTED_EDGE('',*,*,#1997,.F.);
#3691 = ORIENTED_EDGE('',*,*,#3692,.F.);
#3692 = EDGE_CURVE('',#3693,#1990,#3695,.T.);
#3693 = VERTEX_POINT('',#3694);
#3694 = CARTESIAN_POINT('',(-70.,-8.2,5.210050506339));
#3695 = LINE('',#3696,#3697);
#3696 = CARTESIAN_POINT('',(330.,-8.2,5.210050506339));
#3697 = VECTOR('',#3698,1.);
#3698 = DIRECTION('',(1.,0.,-0.));
#3699 = ORIENTED_EDGE('',*,*,#3700,.T.);
#3700 = EDGE_CURVE('',#3693,#3669,#3701,.T.);
#3701 = LINE('',#3702,#3703);
#3702 = CARTESIAN_POINT('',(-70.,-0.,5.210050506339));
#3703 = VECTOR('',#3704,1.);
#3704 = DIRECTION('',(0.,1.,0.));
#3705 = PLANE('',#3706);
#3706 = AXIS2_PLACEMENT_3D('',#3707,#3708,#3709);
#3707 = CARTESIAN_POINT('',(330.,-8.2,5.210050506339));
#3708 = DIRECTION('',(0.,0.,1.));
#3709 = DIRECTION('',(1.,0.,-0.));
#3710 = ADVANCED_FACE('',(#3711),#3729,.F.);
#3711 = FACE_BOUND('',#3712,.T.);
#3712 = EDGE_LOOP('',(#3713,#3714,#3722,#3728));
#3713 = ORIENTED_EDGE('',*,*,#2437,.F.);
#3714 = ORIENTED_EDGE('',*,*,#3715,.T.);
#3715 = EDGE_CURVE('',#2429,#3716,#3718,.T.);
#3716 = VERTEX_POINT('',#3717);
#3717 = CARTESIAN_POINT('',(-70.,-8.541421356237,3.341421356237));
#3718 = LINE('',#3719,#3720);
#3719 = CARTESIAN_POINT('',(-70.,-2.6,-2.6));
#3720 = VECTOR('',#3721,1.);
#3721 = DIRECTION('',(0.,0.707106781187,-0.707106781187));
#3722 = ORIENTED_EDGE('',*,*,#3723,.F.);
#3723 = EDGE_CURVE('',#1973,#3716,#3724,.T.);
#3724 = LINE('',#3725,#3726);
#3725 = CARTESIAN_POINT('',(330.,-8.541421356237,3.341421356237));
#3726 = VECTOR('',#3727,1.);
#3727 = DIRECTION('',(-1.,-0.,-0.));
#3728 = ORIENTED_EDGE('',*,*,#1972,.F.);
#3729 = PLANE('',#3730);
#3730 = AXIS2_PLACEMENT_3D('',#3731,#3732,#3733);
#3731 = CARTESIAN_POINT('',(330.,-10.,4.8));
#3732 = DIRECTION('',(-0.,0.707106781187,0.707106781187));
#3733 = DIRECTION('',(0.,-0.707106781187,0.707106781187));
#3734 = ADVANCED_FACE('',(#3735),#3753,.T.);
#3735 = FACE_BOUND('',#3736,.T.);
#3736 = EDGE_LOOP('',(#3737,#3738,#3746,#3752));
#3737 = ORIENTED_EDGE('',*,*,#1948,.F.);
#3738 = ORIENTED_EDGE('',*,*,#3739,.T.);
#3739 = EDGE_CURVE('',#1941,#3740,#3742,.T.);
#3740 = VERTEX_POINT('',#3741);
#3741 = CARTESIAN_POINT('',(-70.,-8.2,14.789949493661));
#3742 = LINE('',#3743,#3744);
#3743 = CARTESIAN_POINT('',(330.,-8.2,14.789949493661));
#3744 = VECTOR('',#3745,1.);
#3745 = DIRECTION('',(-1.,0.,-0.));
#3746 = ORIENTED_EDGE('',*,*,#3747,.T.);
#3747 = EDGE_CURVE('',#3740,#2405,#3748,.T.);
#3748 = LINE('',#3749,#3750);
#3749 = CARTESIAN_POINT('',(-70.,-8.2,1.931E-14));
#3750 = VECTOR('',#3751,1.);
#3751 = DIRECTION('',(0.,2.35E-15,1.));
#3752 = ORIENTED_EDGE('',*,*,#2404,.F.);
#3753 = PLANE('',#3754);
#3754 = AXIS2_PLACEMENT_3D('',#3755,#3756,#3757);
#3755 = CARTESIAN_POINT('',(330.,-8.2,17.));
#3756 = DIRECTION('',(0.,1.,-5.32E-15));
#3757 = DIRECTION('',(0.,5.32E-15,1.));
#3758 = ADVANCED_FACE('',(#3759),#3777,.T.);
#3759 = FACE_BOUND('',#3760,.T.);
#3760 = EDGE_LOOP('',(#3761,#3762,#3770,#3776));
#3761 = ORIENTED_EDGE('',*,*,#1940,.F.);
#3762 = ORIENTED_EDGE('',*,*,#3763,.T.);
#3763 = EDGE_CURVE('',#1933,#3764,#3766,.T.);
#3764 = VERTEX_POINT('',#3765);
#3765 = CARTESIAN_POINT('',(-70.,-6.2,14.789949493661));
#3766 = LINE('',#3767,#3768);
#3767 = CARTESIAN_POINT('',(330.,-6.2,14.789949493661));
#3768 = VECTOR('',#3769,1.);
#3769 = DIRECTION('',(-1.,-0.,-0.));
#3770 = ORIENTED_EDGE('',*,*,#3771,.T.);
#3771 = EDGE_CURVE('',#3764,#3740,#3772,.T.);
#3772 = LINE('',#3773,#3774);
#3773 = CARTESIAN_POINT('',(-70.,0.,14.789949493661));
#3774 = VECTOR('',#3775,1.);
#3775 = DIRECTION('',(0.,-1.,0.));
#3776 = ORIENTED_EDGE('',*,*,#3739,.F.);
#3777 = PLANE('',#3778);
#3778 = AXIS2_PLACEMENT_3D('',#3779,#3780,#3781);
#3779 = CARTESIAN_POINT('',(330.,-8.2,14.789949493661));
#3780 = DIRECTION('',(0.,-1.7E-16,1.));
#3781 = DIRECTION('',(0.,-1.,-1.7E-16));
#3782 = ADVANCED_FACE('',(#3783),#3801,.T.);
#3783 = FACE_BOUND('',#3784,.T.);
#3784 = EDGE_LOOP('',(#3785,#3786,#3794,#3800));
#3785 = ORIENTED_EDGE('',*,*,#1932,.F.);
#3786 = ORIENTED_EDGE('',*,*,#3787,.T.);
#3787 = EDGE_CURVE('',#1925,#3788,#3790,.T.);
#3788 = VERTEX_POINT('',#3789);
#3789 = CARTESIAN_POINT('',(-70.,-4.,16.989949493661));
#3790 = LINE('',#3791,#3792);
#3791 = CARTESIAN_POINT('',(330.,-4.,16.989949493661));
#3792 = VECTOR('',#3793,1.);
#3793 = DIRECTION('',(-1.,-0.,-0.));
#3794 = ORIENTED_EDGE('',*,*,#3795,.T.);
#3795 = EDGE_CURVE('',#3788,#3764,#3796,.T.);
#3796 = LINE('',#3797,#3798);
#3797 = CARTESIAN_POINT('',(-70.,-10.49497474683,10.494974746831));
#3798 = VECTOR('',#3799,1.);
#3799 = DIRECTION('',(0.,-0.707106781187,-0.707106781187));
#3800 = ORIENTED_EDGE('',*,*,#3763,.F.);
#3801 = PLANE('',#3802);
#3802 = AXIS2_PLACEMENT_3D('',#3803,#3804,#3805);
#3803 = CARTESIAN_POINT('',(330.,-6.2,14.789949493661));
#3804 = DIRECTION('',(0.,-0.707106781187,0.707106781187));
#3805 = DIRECTION('',(0.,-0.707106781187,-0.707106781187));
#3806 = ADVANCED_FACE('',(#3807),#3834,.T.);
#3807 = FACE_BOUND('',#3808,.T.);
#3808 = EDGE_LOOP('',(#3809,#3810,#3811,#3817,#3818,#3819,#3827));
#3809 = ORIENTED_EDGE('',*,*,#431,.F.);
#3810 = ORIENTED_EDGE('',*,*,#1063,.T.);
#3811 = ORIENTED_EDGE('',*,*,#3812,.T.);
#3812 = EDGE_CURVE('',#1056,#3788,#3813,.T.);
#3813 = LINE('',#3814,#3815);
#3814 = CARTESIAN_POINT('',(-70.,-4.,8.29E-15));
#3815 = VECTOR('',#3816,1.);
#3816 = DIRECTION('',(0.,-2.07E-15,-1.));
#3817 = ORIENTED_EDGE('',*,*,#3787,.F.);
#3818 = ORIENTED_EDGE('',*,*,#1924,.F.);
#3819 = ORIENTED_EDGE('',*,*,#3820,.T.);
#3820 = EDGE_CURVE('',#1917,#3821,#3823,.T.);
#3821 = VERTEX_POINT('',#3822);
#3822 = CARTESIAN_POINT('',(291.39564392373,-4.,19.5));
#3823 = LINE('',#3824,#3825);
#3824 = CARTESIAN_POINT('',(330.,-4.,19.5));
#3825 = VECTOR('',#3826,1.);
#3826 = DIRECTION('',(-1.,-0.,-0.));
#3827 = ORIENTED_EDGE('',*,*,#3828,.F.);
#3828 = EDGE_CURVE('',#424,#3821,#3829,.T.);
#3829 = CIRCLE('',#3830,1.25);
#3830 = AXIS2_PLACEMENT_3D('',#3831,#3832,#3833);
#3831 = CARTESIAN_POINT('',(290.25,-4.,20.));
#3832 = DIRECTION('',(0.,-1.,-1.7E-16));
#3833 = DIRECTION('',(0.,1.7E-16,-1.));
#3834 = PLANE('',#3835);
#3835 = AXIS2_PLACEMENT_3D('',#3836,#3837,#3838);
#3836 = CARTESIAN_POINT('',(330.,-4.,23.010050506339));
#3837 = DIRECTION('',(0.,-1.,-1.7E-16));
#3838 = DIRECTION('',(0.,1.7E-16,-1.));
#3839 = ADVANCED_FACE('',(#3840),#3874,.T.);
#3840 = FACE_BOUND('',#3841,.T.);
#3841 = EDGE_LOOP('',(#3842,#3849,#3850,#3851,#3859,#3867,#3873));
#3842 = ORIENTED_EDGE('',*,*,#3843,.F.);
#3843 = EDGE_CURVE('',#1008,#380,#3844,.T.);
#3844 = CIRCLE('',#3845,1.25);
#3845 = AXIS2_PLACEMENT_3D('',#3846,#3847,#3848);
#3846 = CARTESIAN_POINT('',(290.25,-4.,20.));
#3847 = DIRECTION('',(0.,-1.,-1.7E-16));
#3848 = DIRECTION('',(0.,1.7E-16,-1.));
#3849 = ORIENTED_EDGE('',*,*,#1032,.T.);
#3850 = ORIENTED_EDGE('',*,*,#1909,.F.);
#3851 = ORIENTED_EDGE('',*,*,#3852,.T.);
#3852 = EDGE_CURVE('',#1902,#3853,#3855,.T.);
#3853 = VERTEX_POINT('',#3854);
#3854 = CARTESIAN_POINT('',(-70.,-4.,23.010050506339));
#3855 = LINE('',#3856,#3857);
#3856 = CARTESIAN_POINT('',(330.,-4.,23.010050506339));
#3857 = VECTOR('',#3858,1.);
#3858 = DIRECTION('',(-1.,-0.,-0.));
#3859 = ORIENTED_EDGE('',*,*,#3860,.T.);
#3860 = EDGE_CURVE('',#3853,#3861,#3863,.T.);
#3861 = VERTEX_POINT('',#3862);
#3862 = CARTESIAN_POINT('',(-70.,-4.,20.5));
#3863 = LINE('',#3864,#3865);
#3864 = CARTESIAN_POINT('',(-70.,-4.,-2.76E-15));
#3865 = VECTOR('',#3866,1.);
#3866 = DIRECTION('',(0.,6.9E-16,-1.));
#3867 = ORIENTED_EDGE('',*,*,#3868,.T.);
#3868 = EDGE_CURVE('',#3861,#371,#3869,.T.);
#3869 = LINE('',#3870,#3871);
#3870 = CARTESIAN_POINT('',(330.,-4.,20.5));
#3871 = VECTOR('',#3872,1.);
#3872 = DIRECTION('',(1.,0.,0.));
#3873 = ORIENTED_EDGE('',*,*,#379,.F.);
#3874 = PLANE('',#3875);
#3875 = AXIS2_PLACEMENT_3D('',#3876,#3877,#3878);
#3876 = CARTESIAN_POINT('',(330.,-4.,23.010050506339));
#3877 = DIRECTION('',(0.,-1.,-1.7E-16));
#3878 = DIRECTION('',(0.,1.7E-16,-1.));
#3879 = ADVANCED_FACE('',(#3880),#3898,.T.);
#3880 = FACE_BOUND('',#3881,.T.);
#3881 = EDGE_LOOP('',(#3882,#3883,#3891,#3897));
#3882 = ORIENTED_EDGE('',*,*,#1901,.F.);
#3883 = ORIENTED_EDGE('',*,*,#3884,.T.);
#3884 = EDGE_CURVE('',#1894,#3885,#3887,.T.);
#3885 = VERTEX_POINT('',#3886);
#3886 = CARTESIAN_POINT('',(-70.,-6.2,25.210050506339));
#3887 = LINE('',#3888,#3889);
#3888 = CARTESIAN_POINT('',(330.,-6.2,25.210050506339));
#3889 = VECTOR('',#3890,1.);
#3890 = DIRECTION('',(-1.,-0.,-0.));
#3891 = ORIENTED_EDGE('',*,*,#3892,.T.);
#3892 = EDGE_CURVE('',#3885,#3853,#3893,.T.);
#3893 = LINE('',#3894,#3895);
#3894 = CARTESIAN_POINT('',(-70.,9.505025253169,9.505025253169));
#3895 = VECTOR('',#3896,1.);
#3896 = DIRECTION('',(0.,0.707106781187,-0.707106781187));
#3897 = ORIENTED_EDGE('',*,*,#3852,.F.);
#3898 = PLANE('',#3899);
#3899 = AXIS2_PLACEMENT_3D('',#3900,#3901,#3902);
#3900 = CARTESIAN_POINT('',(330.,-6.2,25.210050506339));
#3901 = DIRECTION('',(0.,-0.707106781187,-0.707106781187));
#3902 = DIRECTION('',(0.,0.707106781187,-0.707106781187));
#3903 = ADVANCED_FACE('',(#3904),#3922,.T.);
#3904 = FACE_BOUND('',#3905,.T.);
#3905 = EDGE_LOOP('',(#3906,#3907,#3915,#3921));
#3906 = ORIENTED_EDGE('',*,*,#1893,.F.);
#3907 = ORIENTED_EDGE('',*,*,#3908,.T.);
#3908 = EDGE_CURVE('',#1886,#3909,#3911,.T.);
#3909 = VERTEX_POINT('',#3910);
#3910 = CARTESIAN_POINT('',(-70.,-8.2,25.210050506339));
#3911 = LINE('',#3912,#3913);
#3912 = CARTESIAN_POINT('',(330.,-8.2,25.210050506339));
#3913 = VECTOR('',#3914,1.);
#3914 = DIRECTION('',(-1.,0.,-0.));
#3915 = ORIENTED_EDGE('',*,*,#3916,.T.);
#3916 = EDGE_CURVE('',#3909,#3885,#3917,.T.);
#3917 = LINE('',#3918,#3919);
#3918 = CARTESIAN_POINT('',(-70.,-0.,25.210050506339));
#3919 = VECTOR('',#3920,1.);
#3920 = DIRECTION('',(0.,1.,0.));
#3921 = ORIENTED_EDGE('',*,*,#3884,.F.);
#3922 = PLANE('',#3923);
#3923 = AXIS2_PLACEMENT_3D('',#3924,#3925,#3926);
#3924 = CARTESIAN_POINT('',(330.,-8.2,25.210050506339));
#3925 = DIRECTION('',(0.,1.7E-16,-1.));
#3926 = DIRECTION('',(0.,1.,1.7E-16));
#3927 = ADVANCED_FACE('',(#3928),#3946,.T.);
#3928 = FACE_BOUND('',#3929,.T.);
#3929 = EDGE_LOOP('',(#3930,#3931,#3939,#3945));
#3930 = ORIENTED_EDGE('',*,*,#1885,.F.);
#3931 = ORIENTED_EDGE('',*,*,#3932,.T.);
#3932 = EDGE_CURVE('',#1878,#3933,#3935,.T.);
#3933 = VERTEX_POINT('',#3934);
#3934 = CARTESIAN_POINT('',(-70.,-8.2,23.));
#3935 = LINE('',#3936,#3937);
#3936 = CARTESIAN_POINT('',(330.,-8.2,23.));
#3937 = VECTOR('',#3938,1.);
#3938 = DIRECTION('',(-1.,-0.,-0.));
#3939 = ORIENTED_EDGE('',*,*,#3940,.T.);
#3940 = EDGE_CURVE('',#3933,#3909,#3941,.T.);
#3941 = LINE('',#3942,#3943);
#3942 = CARTESIAN_POINT('',(-70.,-8.2,-2.575E-14));
#3943 = VECTOR('',#3944,1.);
#3944 = DIRECTION('',(0.,-3.14E-15,1.));
#3945 = ORIENTED_EDGE('',*,*,#3908,.F.);
#3946 = PLANE('',#3947);
#3947 = AXIS2_PLACEMENT_3D('',#3948,#3949,#3950);
#3948 = CARTESIAN_POINT('',(330.,-8.2,23.));
#3949 = DIRECTION('',(-0.,1.,5.67E-15));
#3950 = DIRECTION('',(0.,-5.67E-15,1.));
#3951 = ADVANCED_FACE('',(#3952),#3970,.T.);
#3952 = FACE_BOUND('',#3953,.T.);
#3953 = EDGE_LOOP('',(#3954,#3955,#3963,#3969));
#3954 = ORIENTED_EDGE('',*,*,#1877,.F.);
#3955 = ORIENTED_EDGE('',*,*,#3956,.T.);
#3956 = EDGE_CURVE('',#1870,#3957,#3959,.T.);
#3957 = VERTEX_POINT('',#3958);
#3958 = CARTESIAN_POINT('',(-70.,-10.,24.8));
#3959 = LINE('',#3960,#3961);
#3960 = CARTESIAN_POINT('',(330.,-10.,24.8));
#3961 = VECTOR('',#3962,1.);
#3962 = DIRECTION('',(-1.,-0.,-0.));
#3963 = ORIENTED_EDGE('',*,*,#3964,.T.);
#3964 = EDGE_CURVE('',#3957,#3933,#3965,.T.);
#3965 = LINE('',#3966,#3967);
#3966 = CARTESIAN_POINT('',(-70.,7.4,7.4));
#3967 = VECTOR('',#3968,1.);
#3968 = DIRECTION('',(0.,0.707106781187,-0.707106781187));
#3969 = ORIENTED_EDGE('',*,*,#3932,.F.);
#3970 = PLANE('',#3971);
#3971 = AXIS2_PLACEMENT_3D('',#3972,#3973,#3974);
#3972 = CARTESIAN_POINT('',(330.,-10.,24.8));
#3973 = DIRECTION('',(0.,-0.707106781187,-0.707106781187));
#3974 = DIRECTION('',(0.,0.707106781187,-0.707106781187));
#3975 = ADVANCED_FACE('',(#3976),#3994,.T.);
#3976 = FACE_BOUND('',#3977,.T.);
#3977 = EDGE_LOOP('',(#3978,#3979,#3987,#3993));
#3978 = ORIENTED_EDGE('',*,*,#1869,.F.);
#3979 = ORIENTED_EDGE('',*,*,#3980,.T.);
#3980 = EDGE_CURVE('',#1862,#3981,#3983,.T.);
#3981 = VERTEX_POINT('',#3982);
#3982 = CARTESIAN_POINT('',(-70.,-10.,30.));
#3983 = LINE('',#3984,#3985);
#3984 = CARTESIAN_POINT('',(330.,-10.,30.));
#3985 = VECTOR('',#3986,1.);
#3986 = DIRECTION('',(-1.,-0.,-0.));
#3987 = ORIENTED_EDGE('',*,*,#3988,.T.);
#3988 = EDGE_CURVE('',#3981,#3957,#3989,.T.);
#3989 = LINE('',#3990,#3991);
#3990 = CARTESIAN_POINT('',(-70.,-10.,3.336E-14));
#3991 = VECTOR('',#3992,1.);
#3992 = DIRECTION('',(0.,-3.34E-15,-1.));
#3993 = ORIENTED_EDGE('',*,*,#3956,.F.);
#3994 = PLANE('',#3995);
#3995 = AXIS2_PLACEMENT_3D('',#3996,#3997,#3998);
#3996 = CARTESIAN_POINT('',(330.,-10.,10.));
#3997 = DIRECTION('',(0.,-1.,-1.7E-16));
#3998 = DIRECTION('',(0.,1.7E-16,-1.));
#3999 = ADVANCED_FACE('',(#4000),#4018,.T.);
#4000 = FACE_BOUND('',#4001,.T.);
#4001 = EDGE_LOOP('',(#4002,#4010,#4016,#4017));
#4002 = ORIENTED_EDGE('',*,*,#4003,.T.);
#4003 = EDGE_CURVE('',#1854,#4004,#4006,.T.);
#4004 = VERTEX_POINT('',#4005);
#4005 = CARTESIAN_POINT('',(-70.,-4.8,30.));
#4006 = LINE('',#4007,#4008);
#4007 = CARTESIAN_POINT('',(330.,-4.8,30.));
#4008 = VECTOR('',#4009,1.);
#4009 = DIRECTION('',(-1.,-0.,-0.));
#4010 = ORIENTED_EDGE('',*,*,#4011,.T.);
#4011 = EDGE_CURVE('',#4004,#3981,#4012,.T.);
#4012 = LINE('',#4013,#4014);
#4013 = CARTESIAN_POINT('',(-70.,-2.002E-14,30.));
#4014 = VECTOR('',#4015,1.);
#4015 = DIRECTION('',(0.,-1.,-6.7E-16));
#4016 = ORIENTED_EDGE('',*,*,#3980,.F.);
#4017 = ORIENTED_EDGE('',*,*,#1861,.F.);
#4018 = PLANE('',#4019);
#4019 = AXIS2_PLACEMENT_3D('',#4020,#4021,#4022);
#4020 = CARTESIAN_POINT('',(330.,10.,30.));
#4021 = DIRECTION('',(0.,-0.,1.));
#4022 = DIRECTION('',(0.,-1.,-0.));
#4023 = ADVANCED_FACE('',(#4024),#4042,.T.);
#4024 = FACE_BOUND('',#4025,.T.);
#4025 = EDGE_LOOP('',(#4026,#4027,#4035,#4041));
#4026 = ORIENTED_EDGE('',*,*,#1853,.F.);
#4027 = ORIENTED_EDGE('',*,*,#4028,.T.);
#4028 = EDGE_CURVE('',#1846,#4029,#4031,.T.);
#4029 = VERTEX_POINT('',#4030);
#4030 = CARTESIAN_POINT('',(-70.,-3.,28.2));
#4031 = LINE('',#4032,#4033);
#4032 = CARTESIAN_POINT('',(330.,-3.,28.2));
#4033 = VECTOR('',#4034,1.);
#4034 = DIRECTION('',(-1.,-0.,-0.));
#4035 = ORIENTED_EDGE('',*,*,#4036,.T.);
#4036 = EDGE_CURVE('',#4029,#4004,#4037,.T.);
#4037 = LINE('',#4038,#4039);
#4038 = CARTESIAN_POINT('',(-70.,12.6,12.6));
#4039 = VECTOR('',#4040,1.);
#4040 = DIRECTION('',(0.,-0.707106781187,0.707106781187));
#4041 = ORIENTED_EDGE('',*,*,#4003,.F.);
#4042 = PLANE('',#4043);
#4043 = AXIS2_PLACEMENT_3D('',#4044,#4045,#4046);
#4044 = CARTESIAN_POINT('',(330.,-4.8,30.));
#4045 = DIRECTION('',(-0.,0.707106781187,0.707106781187));
#4046 = DIRECTION('',(0.,-0.707106781187,0.707106781187));
#4047 = ADVANCED_FACE('',(#4048),#4066,.T.);
#4048 = FACE_BOUND('',#4049,.T.);
#4049 = EDGE_LOOP('',(#4050,#4051,#4059,#4065));
#4050 = ORIENTED_EDGE('',*,*,#1845,.F.);
#4051 = ORIENTED_EDGE('',*,*,#4052,.T.);
#4052 = EDGE_CURVE('',#1838,#4053,#4055,.T.);
#4053 = VERTEX_POINT('',#4054);
#4054 = CARTESIAN_POINT('',(-70.,-5.210050506339,28.2));
#4055 = LINE('',#4056,#4057);
#4056 = CARTESIAN_POINT('',(330.,-5.210050506339,28.2));
#4057 = VECTOR('',#4058,1.);
#4058 = DIRECTION('',(-1.,0.,-0.));
#4059 = ORIENTED_EDGE('',*,*,#4060,.T.);
#4060 = EDGE_CURVE('',#4053,#4029,#4061,.T.);
#4061 = LINE('',#4062,#4063);
#4062 = CARTESIAN_POINT('',(-70.,-0.,28.2));
#4063 = VECTOR('',#4064,1.);
#4064 = DIRECTION('',(0.,1.,0.));
#4065 = ORIENTED_EDGE('',*,*,#4028,.F.);
#4066 = PLANE('',#4067);
#4067 = AXIS2_PLACEMENT_3D('',#4068,#4069,#4070);
#4068 = CARTESIAN_POINT('',(330.,-3.,28.2));
#4069 = DIRECTION('',(0.,1.7E-16,-1.));
#4070 = DIRECTION('',(0.,1.,1.7E-16));
#4071 = ADVANCED_FACE('',(#4072),#4090,.T.);
#4072 = FACE_BOUND('',#4073,.T.);
#4073 = EDGE_LOOP('',(#4074,#4075,#4083,#4089));
#4074 = ORIENTED_EDGE('',*,*,#1837,.F.);
#4075 = ORIENTED_EDGE('',*,*,#4076,.T.);
#4076 = EDGE_CURVE('',#1830,#4077,#4079,.T.);
#4077 = VERTEX_POINT('',#4078);
#4078 = CARTESIAN_POINT('',(-70.,-5.210050506339,26.2));
#4079 = LINE('',#4080,#4081);
#4080 = CARTESIAN_POINT('',(330.,-5.210050506339,26.2));
#4081 = VECTOR('',#4082,1.);
#4082 = DIRECTION('',(-1.,-0.,-0.));
#4083 = ORIENTED_EDGE('',*,*,#4084,.T.);
#4084 = EDGE_CURVE('',#4077,#4053,#4085,.T.);
#4085 = LINE('',#4086,#4087);
#4086 = CARTESIAN_POINT('',(-70.,-5.210050506339,-2.26E-15));
#4087 = VECTOR('',#4088,1.);
#4088 = DIRECTION('',(0.,-4.3E-16,1.));
#4089 = ORIENTED_EDGE('',*,*,#4052,.F.);
#4090 = PLANE('',#4091);
#4091 = AXIS2_PLACEMENT_3D('',#4092,#4093,#4094);
#4092 = CARTESIAN_POINT('',(330.,-5.210050506339,28.2));
#4093 = DIRECTION('',(-0.,1.,6.1E-16));
#4094 = DIRECTION('',(0.,-6.1E-16,1.));
#4095 = ADVANCED_FACE('',(#4096),#4114,.T.);
#4096 = FACE_BOUND('',#4097,.T.);
#4097 = EDGE_LOOP('',(#4098,#4099,#4107,#4113));
#4098 = ORIENTED_EDGE('',*,*,#1829,.F.);
#4099 = ORIENTED_EDGE('',*,*,#4100,.T.);
#4100 = EDGE_CURVE('',#1822,#4101,#4103,.T.);
#4101 = VERTEX_POINT('',#4102);
#4102 = CARTESIAN_POINT('',(-70.,-3.010050506339,24.));
#4103 = LINE('',#4104,#4105);
#4104 = CARTESIAN_POINT('',(330.,-3.010050506339,24.));
#4105 = VECTOR('',#4106,1.);
#4106 = DIRECTION('',(-1.,-0.,-0.));
#4107 = ORIENTED_EDGE('',*,*,#4108,.T.);
#4108 = EDGE_CURVE('',#4101,#4077,#4109,.T.);
#4109 = LINE('',#4110,#4111);
#4110 = CARTESIAN_POINT('',(-70.,10.494974746831,10.494974746831));
#4111 = VECTOR('',#4112,1.);
#4112 = DIRECTION('',(0.,-0.707106781187,0.707106781187));
#4113 = ORIENTED_EDGE('',*,*,#4076,.F.);
#4114 = PLANE('',#4115);
#4115 = AXIS2_PLACEMENT_3D('',#4116,#4117,#4118);
#4116 = CARTESIAN_POINT('',(330.,-5.210050506339,26.2));
#4117 = DIRECTION('',(-0.,0.707106781187,0.707106781187));
#4118 = DIRECTION('',(0.,-0.707106781187,0.707106781187));
#4119 = ADVANCED_FACE('',(#4120),#4138,.T.);
#4120 = FACE_BOUND('',#4121,.T.);
#4121 = EDGE_LOOP('',(#4122,#4123,#4131,#4137));
#4122 = ORIENTED_EDGE('',*,*,#1821,.F.);
#4123 = ORIENTED_EDGE('',*,*,#4124,.T.);
#4124 = EDGE_CURVE('',#1814,#4125,#4127,.T.);
#4125 = VERTEX_POINT('',#4126);
#4126 = CARTESIAN_POINT('',(-70.,-0.5,24.));
#4127 = LINE('',#4128,#4129);
#4128 = CARTESIAN_POINT('',(330.,-0.5,24.));
#4129 = VECTOR('',#4130,1.);
#4130 = DIRECTION('',(-1.,-0.,-0.));
#4131 = ORIENTED_EDGE('',*,*,#4132,.T.);
#4132 = EDGE_CURVE('',#4125,#4101,#4133,.T.);
#4133 = LINE('',#4134,#4135);
#4134 = CARTESIAN_POINT('',(-70.,3.317E-14,24.));
#4135 = VECTOR('',#4136,1.);
#4136 = DIRECTION('',(0.,-1.,1.38E-15));
#4137 = ORIENTED_EDGE('',*,*,#4100,.F.);
#4138 = PLANE('',#4139);
#4139 = AXIS2_PLACEMENT_3D('',#4140,#4141,#4142);
#4140 = CARTESIAN_POINT('',(330.,3.010050506339,24.));
#4141 = DIRECTION('',(0.,-4.6E-16,1.));
#4142 = DIRECTION('',(0.,-1.,-4.6E-16));
#4143 = ADVANCED_FACE('',(#4144),#4176,.F.);
#4144 = FACE_BOUND('',#4145,.T.);
#4145 = EDGE_LOOP('',(#4146,#4154,#4155,#4161,#4162,#4170));
#4146 = ORIENTED_EDGE('',*,*,#4147,.F.);
#4147 = EDGE_CURVE('',#1589,#4148,#4150,.T.);
#4148 = VERTEX_POINT('',#4149);
#4149 = CARTESIAN_POINT('',(-70.,8.2,6.2));
#4150 = LINE('',#4151,#4152);
#4151 = CARTESIAN_POINT('',(330.,8.2,6.2));
#4152 = VECTOR('',#4153,1.);
#4153 = DIRECTION('',(-1.,-0.,0.));
#4154 = ORIENTED_EDGE('',*,*,#1588,.F.);
#4155 = ORIENTED_EDGE('',*,*,#4156,.F.);
#4156 = EDGE_CURVE('',#1377,#1581,#4157,.T.);
#4157 = LINE('',#4158,#4159);
#4158 = CARTESIAN_POINT('',(330.,8.2,13.8));
#4159 = VECTOR('',#4160,1.);
#4160 = DIRECTION('',(1.,0.,-0.));
#4161 = ORIENTED_EDGE('',*,*,#1376,.F.);
#4162 = ORIENTED_EDGE('',*,*,#4163,.F.);
#4163 = EDGE_CURVE('',#4164,#1369,#4166,.T.);
#4164 = VERTEX_POINT('',#4165);
#4165 = CARTESIAN_POINT('',(-70.,8.2,13.882842712475));
#4166 = LINE('',#4167,#4168);
#4167 = CARTESIAN_POINT('',(-70.,8.2,13.882842712475));
#4168 = VECTOR('',#4169,1.);
#4169 = DIRECTION('',(1.,0.,0.));
#4170 = ORIENTED_EDGE('',*,*,#4171,.T.);
#4171 = EDGE_CURVE('',#4164,#4148,#4172,.T.);
#4172 = LINE('',#4173,#4174);
#4173 = CARTESIAN_POINT('',(-70.,8.2,0.));
#4174 = VECTOR('',#4175,1.);
#4175 = DIRECTION('',(0.,0.,-1.));
#4176 = PLANE('',#4177);
#4177 = AXIS2_PLACEMENT_3D('',#4178,#4179,#4180);
#4178 = CARTESIAN_POINT('',(330.,8.2,6.2));
#4179 = DIRECTION('',(0.,1.,0.));
#4180 = DIRECTION('',(0.,-0.,1.));
#4181 = ADVANCED_FACE('',(#4182),#4193,.F.);
#4182 = FACE_BOUND('',#4183,.T.);
#4183 = EDGE_LOOP('',(#4184,#4185,#4186,#4187));
#4184 = ORIENTED_EDGE('',*,*,#1384,.T.);
#4185 = ORIENTED_EDGE('',*,*,#4156,.T.);
#4186 = ORIENTED_EDGE('',*,*,#1580,.F.);
#4187 = ORIENTED_EDGE('',*,*,#4188,.F.);
#4188 = EDGE_CURVE('',#1385,#1573,#4189,.T.);
#4189 = LINE('',#4190,#4191);
#4190 = CARTESIAN_POINT('',(330.,5.210050506339,13.8));
#4191 = VECTOR('',#4192,1.);
#4192 = DIRECTION('',(1.,0.,0.));
#4193 = PLANE('',#4194);
#4194 = AXIS2_PLACEMENT_3D('',#4195,#4196,#4197);
#4195 = CARTESIAN_POINT('',(330.,8.2,13.8));
#4196 = DIRECTION('',(-0.,1.1E-16,1.));
#4197 = DIRECTION('',(0.,-1.,1.1E-16));
#4198 = ADVANCED_FACE('',(#4199),#4210,.T.);
#4199 = FACE_BOUND('',#4200,.T.);
#4200 = EDGE_LOOP('',(#4201,#4202,#4208,#4209));
#4201 = ORIENTED_EDGE('',*,*,#1572,.F.);
#4202 = ORIENTED_EDGE('',*,*,#4203,.T.);
#4203 = EDGE_CURVE('',#1565,#1393,#4204,.T.);
#4204 = LINE('',#4205,#4206);
#4205 = CARTESIAN_POINT('',(330.,3.010050506339,16.));
#4206 = VECTOR('',#4207,1.);
#4207 = DIRECTION('',(-1.,-0.,-0.));
#4208 = ORIENTED_EDGE('',*,*,#1392,.T.);
#4209 = ORIENTED_EDGE('',*,*,#4188,.T.);
#4210 = PLANE('',#4211);
#4211 = AXIS2_PLACEMENT_3D('',#4212,#4213,#4214);
#4212 = CARTESIAN_POINT('',(330.,5.210050506339,13.8));
#4213 = DIRECTION('',(0.,-0.707106781187,-0.707106781187));
#4214 = DIRECTION('',(0.,0.707106781187,-0.707106781187));
#4215 = ADVANCED_FACE('',(#4216),#4241,.T.);
#4216 = FACE_BOUND('',#4217,.T.);
#4217 = EDGE_LOOP('',(#4218,#4219,#4225,#4226,#4232,#4233,#4234,#4235));
#4218 = ORIENTED_EDGE('',*,*,#1244,.T.);
#4219 = ORIENTED_EDGE('',*,*,#4220,.T.);
#4220 = EDGE_CURVE('',#1245,#1176,#4221,.T.);
#4221 = LINE('',#4222,#4223);
#4222 = CARTESIAN_POINT('',(330.,0.5,16.));
#4223 = VECTOR('',#4224,1.);
#4224 = DIRECTION('',(-1.,0.,-0.));
#4225 = ORIENTED_EDGE('',*,*,#1184,.T.);
#4226 = ORIENTED_EDGE('',*,*,#4227,.T.);
#4227 = EDGE_CURVE('',#1185,#1401,#4228,.T.);
#4228 = LINE('',#4229,#4230);
#4229 = CARTESIAN_POINT('',(330.,0.5,16.));
#4230 = VECTOR('',#4231,1.);
#4231 = DIRECTION('',(-1.,0.,-0.));
#4232 = ORIENTED_EDGE('',*,*,#1400,.T.);
#4233 = ORIENTED_EDGE('',*,*,#4203,.F.);
#4234 = ORIENTED_EDGE('',*,*,#1564,.F.);
#4235 = ORIENTED_EDGE('',*,*,#4236,.T.);
#4236 = EDGE_CURVE('',#1557,#1236,#4237,.T.);
#4237 = LINE('',#4238,#4239);
#4238 = CARTESIAN_POINT('',(330.,0.5,16.));
#4239 = VECTOR('',#4240,1.);
#4240 = DIRECTION('',(-1.,0.,-0.));
#4241 = PLANE('',#4242);
#4242 = AXIS2_PLACEMENT_3D('',#4243,#4244,#4245);
#4243 = CARTESIAN_POINT('',(330.,-3.010050506339,16.));
#4244 = DIRECTION('',(0.,1.7E-16,-1.));
#4245 = DIRECTION('',(0.,1.,1.7E-16));
#4246 = ADVANCED_FACE('',(#4247),#4277,.T.);
#4247 = FACE_BOUND('',#4248,.T.);
#4248 = EDGE_LOOP('',(#4249,#4250,#4256,#4257,#4263,#4264,#4270,#4271));
#4249 = ORIENTED_EDGE('',*,*,#1424,.T.);
#4250 = ORIENTED_EDGE('',*,*,#4251,.T.);
#4251 = EDGE_CURVE('',#1417,#784,#4252,.T.);
#4252 = LINE('',#4253,#4254);
#4253 = CARTESIAN_POINT('',(330.,-0.5,16.));
#4254 = VECTOR('',#4255,1.);
#4255 = DIRECTION('',(1.,-0.,0.));
#4256 = ORIENTED_EDGE('',*,*,#783,.T.);
#4257 = ORIENTED_EDGE('',*,*,#4258,.T.);
#4258 = EDGE_CURVE('',#786,#706,#4259,.T.);
#4259 = LINE('',#4260,#4261);
#4260 = CARTESIAN_POINT('',(330.,-0.5,16.));
#4261 = VECTOR('',#4262,1.);
#4262 = DIRECTION('',(1.,-0.,0.));
#4263 = ORIENTED_EDGE('',*,*,#705,.T.);
#4264 = ORIENTED_EDGE('',*,*,#4265,.T.);
#4265 = EDGE_CURVE('',#708,#1541,#4266,.T.);
#4266 = LINE('',#4267,#4268);
#4267 = CARTESIAN_POINT('',(330.,-0.5,16.));
#4268 = VECTOR('',#4269,1.);
#4269 = DIRECTION('',(1.,-0.,0.));
#4270 = ORIENTED_EDGE('',*,*,#1540,.F.);
#4271 = ORIENTED_EDGE('',*,*,#4272,.T.);
#4272 = EDGE_CURVE('',#1533,#1425,#4273,.T.);
#4273 = LINE('',#4274,#4275);
#4274 = CARTESIAN_POINT('',(330.,-3.010050506339,16.));
#4275 = VECTOR('',#4276,1.);
#4276 = DIRECTION('',(-1.,0.,-0.));
#4277 = PLANE('',#4278);
#4278 = AXIS2_PLACEMENT_3D('',#4279,#4280,#4281);
#4279 = CARTESIAN_POINT('',(330.,-3.010050506339,16.));
#4280 = DIRECTION('',(0.,1.7E-16,-1.));
#4281 = DIRECTION('',(0.,1.,1.7E-16));
#4282 = ADVANCED_FACE('',(#4283),#4294,.T.);
#4283 = FACE_BOUND('',#4284,.T.);
#4284 = EDGE_LOOP('',(#4285,#4286,#4292,#4293));
#4285 = ORIENTED_EDGE('',*,*,#1532,.F.);
#4286 = ORIENTED_EDGE('',*,*,#4287,.T.);
#4287 = EDGE_CURVE('',#1525,#1433,#4288,.T.);
#4288 = LINE('',#4289,#4290);
#4289 = CARTESIAN_POINT('',(330.,-5.210050506339,13.8));
#4290 = VECTOR('',#4291,1.);
#4291 = DIRECTION('',(-1.,0.,-0.));
#4292 = ORIENTED_EDGE('',*,*,#1432,.T.);
#4293 = ORIENTED_EDGE('',*,*,#4272,.F.);
#4294 = PLANE('',#4295);
#4295 = AXIS2_PLACEMENT_3D('',#4296,#4297,#4298);
#4296 = CARTESIAN_POINT('',(330.,-5.210050506339,13.8));
#4297 = DIRECTION('',(0.,0.707106781187,-0.707106781187));
#4298 = DIRECTION('',(0.,0.707106781187,0.707106781187));
#4299 = ADVANCED_FACE('',(#4300),#4311,.F.);
#4300 = FACE_BOUND('',#4301,.T.);
#4301 = EDGE_LOOP('',(#4302,#4303,#4309,#4310));
#4302 = ORIENTED_EDGE('',*,*,#1524,.F.);
#4303 = ORIENTED_EDGE('',*,*,#4304,.F.);
#4304 = EDGE_CURVE('',#1305,#1517,#4305,.T.);
#4305 = LINE('',#4306,#4307);
#4306 = CARTESIAN_POINT('',(330.,-8.2,13.8));
#4307 = VECTOR('',#4308,1.);
#4308 = DIRECTION('',(1.,0.,0.));
#4309 = ORIENTED_EDGE('',*,*,#1440,.T.);
#4310 = ORIENTED_EDGE('',*,*,#4287,.F.);
#4311 = PLANE('',#4312);
#4312 = AXIS2_PLACEMENT_3D('',#4313,#4314,#4315);
#4313 = CARTESIAN_POINT('',(330.,8.2,13.8));
#4314 = DIRECTION('',(-0.,1.1E-16,1.));
#4315 = DIRECTION('',(0.,-1.,1.1E-16));
#4316 = ADVANCED_FACE('',(#4317),#4344,.F.);
#4317 = FACE_BOUND('',#4318,.T.);
#4318 = EDGE_LOOP('',(#4319,#4320,#4321,#4329,#4337,#4343));
#4319 = ORIENTED_EDGE('',*,*,#4304,.T.);
#4320 = ORIENTED_EDGE('',*,*,#1514,.F.);
#4321 = ORIENTED_EDGE('',*,*,#4322,.F.);
#4322 = EDGE_CURVE('',#4323,#1515,#4325,.T.);
#4323 = VERTEX_POINT('',#4324);
#4324 = CARTESIAN_POINT('',(-70.,-8.2,6.2));
#4325 = LINE('',#4326,#4327);
#4326 = CARTESIAN_POINT('',(330.,-8.2,6.2));
#4327 = VECTOR('',#4328,1.);
#4328 = DIRECTION('',(1.,0.,0.));
#4329 = ORIENTED_EDGE('',*,*,#4330,.F.);
#4330 = EDGE_CURVE('',#4331,#4323,#4333,.T.);
#4331 = VERTEX_POINT('',#4332);
#4332 = CARTESIAN_POINT('',(-70.,-8.2,13.882842712475));
#4333 = LINE('',#4334,#4335);
#4334 = CARTESIAN_POINT('',(-70.,-8.2,0.));
#4335 = VECTOR('',#4336,1.);
#4336 = DIRECTION('',(0.,0.,-1.));
#4337 = ORIENTED_EDGE('',*,*,#4338,.T.);
#4338 = EDGE_CURVE('',#4331,#1303,#4339,.T.);
#4339 = LINE('',#4340,#4341);
#4340 = CARTESIAN_POINT('',(-70.,-8.2,13.882842712475));
#4341 = VECTOR('',#4342,1.);
#4342 = DIRECTION('',(1.,0.,0.));
#4343 = ORIENTED_EDGE('',*,*,#1302,.T.);
#4344 = PLANE('',#4345);
#4345 = AXIS2_PLACEMENT_3D('',#4346,#4347,#4348);
#4346 = CARTESIAN_POINT('',(330.,-8.2,6.2));
#4347 = DIRECTION('',(0.,-1.,0.));
#4348 = DIRECTION('',(0.,-0.,-1.));
#4349 = ADVANCED_FACE('',(#4350),#4368,.F.);
#4350 = FACE_BOUND('',#4351,.T.);
#4351 = EDGE_LOOP('',(#4352,#4353,#4354,#4362));
#4352 = ORIENTED_EDGE('',*,*,#4322,.T.);
#4353 = ORIENTED_EDGE('',*,*,#1652,.F.);
#4354 = ORIENTED_EDGE('',*,*,#4355,.F.);
#4355 = EDGE_CURVE('',#4356,#1645,#4358,.T.);
#4356 = VERTEX_POINT('',#4357);
#4357 = CARTESIAN_POINT('',(-70.,-5.210050506339,6.2));
#4358 = LINE('',#4359,#4360);
#4359 = CARTESIAN_POINT('',(330.,-5.210050506339,6.2));
#4360 = VECTOR('',#4361,1.);
#4361 = DIRECTION('',(1.,0.,0.));
#4362 = ORIENTED_EDGE('',*,*,#4363,.F.);
#4363 = EDGE_CURVE('',#4323,#4356,#4364,.T.);
#4364 = LINE('',#4365,#4366);
#4365 = CARTESIAN_POINT('',(-70.,-0.,6.2));
#4366 = VECTOR('',#4367,1.);
#4367 = DIRECTION('',(0.,1.,0.));
#4368 = PLANE('',#4369);
#4369 = AXIS2_PLACEMENT_3D('',#4370,#4371,#4372);
#4370 = CARTESIAN_POINT('',(330.,8.2,6.2));
#4371 = DIRECTION('',(0.,-1.1E-16,-1.));
#4372 = DIRECTION('',(0.,1.,-1.1E-16));
#4373 = ADVANCED_FACE('',(#4374),#4392,.F.);
#4374 = FACE_BOUND('',#4375,.T.);
#4375 = EDGE_LOOP('',(#4376,#4377,#4378,#4386));
#4376 = ORIENTED_EDGE('',*,*,#4355,.T.);
#4377 = ORIENTED_EDGE('',*,*,#1644,.F.);
#4378 = ORIENTED_EDGE('',*,*,#4379,.F.);
#4379 = EDGE_CURVE('',#4380,#1637,#4382,.T.);
#4380 = VERTEX_POINT('',#4381);
#4381 = CARTESIAN_POINT('',(-70.,-3.010050506339,4.));
#4382 = LINE('',#4383,#4384);
#4383 = CARTESIAN_POINT('',(330.,-3.010050506339,4.));
#4384 = VECTOR('',#4385,1.);
#4385 = DIRECTION('',(1.,0.,0.));
#4386 = ORIENTED_EDGE('',*,*,#4387,.F.);
#4387 = EDGE_CURVE('',#4356,#4380,#4388,.T.);
#4388 = LINE('',#4389,#4390);
#4389 = CARTESIAN_POINT('',(-70.,0.494974746831,0.494974746831));
#4390 = VECTOR('',#4391,1.);
#4391 = DIRECTION('',(0.,0.707106781187,-0.707106781187));
#4392 = PLANE('',#4393);
#4393 = AXIS2_PLACEMENT_3D('',#4394,#4395,#4396);
#4394 = CARTESIAN_POINT('',(330.,-5.210050506339,6.2));
#4395 = DIRECTION('',(0.,-0.707106781187,-0.707106781187));
#4396 = DIRECTION('',(0.,0.707106781187,-0.707106781187));
#4397 = ADVANCED_FACE('',(#4398),#4416,.F.);
#4398 = FACE_BOUND('',#4399,.T.);
#4399 = EDGE_LOOP('',(#4400,#4408,#4414,#4415));
#4400 = ORIENTED_EDGE('',*,*,#4401,.F.);
#4401 = EDGE_CURVE('',#4402,#1629,#4404,.T.);
#4402 = VERTEX_POINT('',#4403);
#4403 = CARTESIAN_POINT('',(-70.,-0.5,4.));
#4404 = LINE('',#4405,#4406);
#4405 = CARTESIAN_POINT('',(330.,-0.5,4.));
#4406 = VECTOR('',#4407,1.);
#4407 = DIRECTION('',(1.,-0.,0.));
#4408 = ORIENTED_EDGE('',*,*,#4409,.F.);
#4409 = EDGE_CURVE('',#4380,#4402,#4410,.T.);
#4410 = LINE('',#4411,#4412);
#4411 = CARTESIAN_POINT('',(-70.,-0.,4.));
#4412 = VECTOR('',#4413,1.);
#4413 = DIRECTION('',(0.,1.,0.));
#4414 = ORIENTED_EDGE('',*,*,#4379,.T.);
#4415 = ORIENTED_EDGE('',*,*,#1636,.F.);
#4416 = PLANE('',#4417);
#4417 = AXIS2_PLACEMENT_3D('',#4418,#4419,#4420);
#4418 = CARTESIAN_POINT('',(330.,-3.010050506339,4.));
#4419 = DIRECTION('',(0.,0.,-1.));
#4420 = DIRECTION('',(-1.,0.,-0.));
#4421 = ADVANCED_FACE('',(#4422),#4447,.F.);
#4422 = FACE_BOUND('',#4423,.T.);
#4423 = EDGE_LOOP('',(#4424,#4432,#4433,#4441));
#4424 = ORIENTED_EDGE('',*,*,#4425,.F.);
#4425 = EDGE_CURVE('',#1613,#4426,#4428,.T.);
#4426 = VERTEX_POINT('',#4427);
#4427 = CARTESIAN_POINT('',(-70.,0.5,4.));
#4428 = LINE('',#4429,#4430);
#4429 = CARTESIAN_POINT('',(330.,0.5,4.));
#4430 = VECTOR('',#4431,1.);
#4431 = DIRECTION('',(-1.,0.,-0.));
#4432 = ORIENTED_EDGE('',*,*,#1612,.F.);
#4433 = ORIENTED_EDGE('',*,*,#4434,.F.);
#4434 = EDGE_CURVE('',#4435,#1605,#4437,.T.);
#4435 = VERTEX_POINT('',#4436);
#4436 = CARTESIAN_POINT('',(-70.,3.010050506339,4.));
#4437 = LINE('',#4438,#4439);
#4438 = CARTESIAN_POINT('',(330.,3.010050506339,4.));
#4439 = VECTOR('',#4440,1.);
#4440 = DIRECTION('',(1.,-0.,0.));
#4441 = ORIENTED_EDGE('',*,*,#4442,.T.);
#4442 = EDGE_CURVE('',#4435,#4426,#4443,.T.);
#4443 = LINE('',#4444,#4445);
#4444 = CARTESIAN_POINT('',(-70.,0.,4.));
#4445 = VECTOR('',#4446,1.);
#4446 = DIRECTION('',(0.,-1.,0.));
#4447 = PLANE('',#4448);
#4448 = AXIS2_PLACEMENT_3D('',#4449,#4450,#4451);
#4449 = CARTESIAN_POINT('',(330.,-3.010050506339,4.));
#4450 = DIRECTION('',(0.,0.,-1.));
#4451 = DIRECTION('',(-1.,0.,-0.));
#4452 = ADVANCED_FACE('',(#4453),#4471,.F.);
#4453 = FACE_BOUND('',#4454,.T.);
#4454 = EDGE_LOOP('',(#4455,#4456,#4457,#4465));
#4455 = ORIENTED_EDGE('',*,*,#4434,.T.);
#4456 = ORIENTED_EDGE('',*,*,#1604,.F.);
#4457 = ORIENTED_EDGE('',*,*,#4458,.F.);
#4458 = EDGE_CURVE('',#4459,#1597,#4461,.T.);
#4459 = VERTEX_POINT('',#4460);
#4460 = CARTESIAN_POINT('',(-70.,5.210050506339,6.2));
#4461 = LINE('',#4462,#4463);
#4462 = CARTESIAN_POINT('',(330.,5.210050506339,6.2));
#4463 = VECTOR('',#4464,1.);
#4464 = DIRECTION('',(1.,-0.,0.));
#4465 = ORIENTED_EDGE('',*,*,#4466,.T.);
#4466 = EDGE_CURVE('',#4459,#4435,#4467,.T.);
#4467 = LINE('',#4468,#4469);
#4468 = CARTESIAN_POINT('',(-70.,-0.494974746831,0.494974746831));
#4469 = VECTOR('',#4470,1.);
#4470 = DIRECTION('',(0.,-0.707106781187,-0.707106781187));
#4471 = PLANE('',#4472);
#4472 = AXIS2_PLACEMENT_3D('',#4473,#4474,#4475);
#4473 = CARTESIAN_POINT('',(330.,5.210050506339,6.2));
#4474 = DIRECTION('',(0.,0.707106781187,-0.707106781187));
#4475 = DIRECTION('',(0.,0.707106781187,0.707106781187));
#4476 = ADVANCED_FACE('',(#4477),#4488,.F.);
#4477 = FACE_BOUND('',#4478,.T.);
#4478 = EDGE_LOOP('',(#4479,#4480,#4486,#4487));
#4479 = ORIENTED_EDGE('',*,*,#4147,.T.);
#4480 = ORIENTED_EDGE('',*,*,#4481,.T.);
#4481 = EDGE_CURVE('',#4148,#4459,#4482,.T.);
#4482 = LINE('',#4483,#4484);
#4483 = CARTESIAN_POINT('',(-70.,0.,6.2));
#4484 = VECTOR('',#4485,1.);
#4485 = DIRECTION('',(0.,-1.,0.));
#4486 = ORIENTED_EDGE('',*,*,#4458,.T.);
#4487 = ORIENTED_EDGE('',*,*,#1596,.F.);
#4488 = PLANE('',#4489);
#4489 = AXIS2_PLACEMENT_3D('',#4490,#4491,#4492);
#4490 = CARTESIAN_POINT('',(330.,8.2,6.2));
#4491 = DIRECTION('',(0.,-1.1E-16,-1.));
#4492 = DIRECTION('',(0.,1.,-1.1E-16));
#4493 = ADVANCED_FACE('',(#4494),#4512,.T.);
#4494 = FACE_BOUND('',#4495,.T.);
#4495 = EDGE_LOOP('',(#4496,#4497,#4505,#4511));
#4496 = ORIENTED_EDGE('',*,*,#2468,.F.);
#4497 = ORIENTED_EDGE('',*,*,#4498,.T.);
#4498 = EDGE_CURVE('',#2461,#4499,#4501,.T.);
#4499 = VERTEX_POINT('',#4500);
#4500 = CARTESIAN_POINT('',(-70.,3.5E-14,23.5));
#4501 = LINE('',#4502,#4503);
#4502 = CARTESIAN_POINT('',(-70.,-11.75,11.75));
#4503 = VECTOR('',#4504,1.);
#4504 = DIRECTION('',(0.,-0.707106781187,-0.707106781187));
#4505 = ORIENTED_EDGE('',*,*,#4506,.T.);
#4506 = EDGE_CURVE('',#4499,#1806,#4507,.T.);
#4507 = LINE('',#4508,#4509);
#4508 = CARTESIAN_POINT('',(330.,3.342E-14,23.5));
#4509 = VECTOR('',#4510,1.);
#4510 = DIRECTION('',(1.,0.,0.));
#4511 = ORIENTED_EDGE('',*,*,#1805,.T.);
#4512 = PLANE('',#4513);
#4513 = AXIS2_PLACEMENT_3D('',#4514,#4515,#4516);
#4514 = CARTESIAN_POINT('',(330.,3.342E-14,23.5));
#4515 = DIRECTION('',(0.,-0.707106781187,0.707106781187));
#4516 = DIRECTION('',(0.,-0.707106781187,-0.707106781187));
#4517 = ADVANCED_FACE('',(#4518),#4529,.T.);
#4518 = FACE_BOUND('',#4519,.T.);
#4519 = EDGE_LOOP('',(#4520,#4521,#4522,#4528));
#4520 = ORIENTED_EDGE('',*,*,#465,.F.);
#4521 = ORIENTED_EDGE('',*,*,#1135,.T.);
#4522 = ORIENTED_EDGE('',*,*,#4523,.T.);
#4523 = EDGE_CURVE('',#1128,#2725,#4524,.T.);
#4524 = LINE('',#4525,#4526);
#4525 = CARTESIAN_POINT('',(-70.,-8.25,8.25));
#4526 = VECTOR('',#4527,1.);
#4527 = DIRECTION('',(0.,0.707106781187,0.707106781187));
#4528 = ORIENTED_EDGE('',*,*,#2724,.F.);
#4529 = PLANE('',#4530);
#4530 = AXIS2_PLACEMENT_3D('',#4531,#4532,#4533);
#4531 = CARTESIAN_POINT('',(330.,4.,20.5));
#4532 = DIRECTION('',(0.,0.707106781187,-0.707106781187));
#4533 = DIRECTION('',(0.,0.707106781187,0.707106781187));
#4534 = ADVANCED_FACE('',(#4535),#4547,.T.);
#4535 = FACE_BOUND('',#4536,.T.);
#4536 = EDGE_LOOP('',(#4537,#4544,#4545,#4546));
#4537 = ORIENTED_EDGE('',*,*,#4538,.F.);
#4538 = EDGE_CURVE('',#1080,#2757,#4539,.T.);
#4539 = ( BOUNDED_CURVE() B_SPLINE_CURVE(3,(#4540,#4541,#4542,#4543),
.UNSPECIFIED.,.F.,.F.) B_SPLINE_CURVE_WITH_KNOTS((4,4),(4.712388980385,
5.123905826452),.PIECEWISE_BEZIER_KNOTS.) CURVE() 
GEOMETRIC_REPRESENTATION_ITEM() RATIONAL_B_SPLINE_CURVE((1.,
0.985937541954,0.985937541954,1.)) REPRESENTATION_ITEM('') );
#4540 = CARTESIAN_POINT('',(291.5,3.5,20.));
#4541 = CARTESIAN_POINT('',(291.5,3.672686432114,19.827313567886));
#4542 = CARTESIAN_POINT('',(291.46471849658,3.841730270669,
    19.658269729331));
#4543 = CARTESIAN_POINT('',(291.39564392373,4.,19.5));
#4544 = ORIENTED_EDGE('',*,*,#1104,.F.);
#4545 = ORIENTED_EDGE('',*,*,#1702,.T.);
#4546 = ORIENTED_EDGE('',*,*,#2765,.F.);
#4547 = PLANE('',#4548);
#4548 = AXIS2_PLACEMENT_3D('',#4549,#4550,#4551);
#4549 = CARTESIAN_POINT('',(330.,3.5,20.));
#4550 = DIRECTION('',(-0.,0.707106781187,0.707106781187));
#4551 = DIRECTION('',(0.,-0.707106781187,0.707106781187));
#4552 = ADVANCED_FACE('',(#4553),#4565,.T.);
#4553 = FACE_BOUND('',#4554,.T.);
#4554 = EDGE_LOOP('',(#4555,#4556,#4563,#4564));
#4555 = ORIENTED_EDGE('',*,*,#2948,.T.);
#4556 = ORIENTED_EDGE('',*,*,#4557,.T.);
#4557 = EDGE_CURVE('',#2941,#2911,#4558,.T.);
#4558 = CIRCLE('',#4559,0.2);
#4559 = AXIS2_PLACEMENT_3D('',#4560,#4561,#4562);
#4560 = CARTESIAN_POINT('',(-70.,9.8,4.882842712475));
#4561 = DIRECTION('',(1.,-0.,0.));
#4562 = DIRECTION('',(0.,0.,-1.));
#4563 = ORIENTED_EDGE('',*,*,#2910,.T.);
#4564 = ORIENTED_EDGE('',*,*,#2380,.T.);
#4565 = CYLINDRICAL_SURFACE('',#4566,0.2);
#4566 = AXIS2_PLACEMENT_3D('',#4567,#4568,#4569);
#4567 = CARTESIAN_POINT('',(330.,9.8,4.882842712475));
#4568 = DIRECTION('',(-1.,0.,0.));
#4569 = DIRECTION('',(0.,0.,1.));
#4570 = ADVANCED_FACE('',(#4571),#4590,.T.);
#4571 = FACE_BOUND('',#4572,.T.);
#4572 = EDGE_LOOP('',(#4573,#4581,#4588,#4589));
#4573 = ORIENTED_EDGE('',*,*,#4574,.T.);
#4574 = EDGE_CURVE('',#2356,#4575,#4577,.T.);
#4575 = VERTEX_POINT('',#4576);
#4576 = CARTESIAN_POINT('',(-70.,8.2,3.482842712475));
#4577 = LINE('',#4578,#4579);
#4578 = CARTESIAN_POINT('',(330.,8.2,3.482842712475));
#4579 = VECTOR('',#4580,1.);
#4580 = DIRECTION('',(-1.,0.,0.));
#4581 = ORIENTED_EDGE('',*,*,#4582,.T.);
#4582 = EDGE_CURVE('',#4575,#2933,#4583,.T.);
#4583 = CIRCLE('',#4584,0.2);
#4584 = AXIS2_PLACEMENT_3D('',#4585,#4586,#4587);
#4585 = CARTESIAN_POINT('',(-70.,8.4,3.482842712475));
#4586 = DIRECTION('',(1.,-0.,0.));
#4587 = DIRECTION('',(0.,0.,-1.));
#4588 = ORIENTED_EDGE('',*,*,#2932,.T.);
#4589 = ORIENTED_EDGE('',*,*,#2363,.T.);
#4590 = CYLINDRICAL_SURFACE('',#4591,0.2);
#4591 = AXIS2_PLACEMENT_3D('',#4592,#4593,#4594);
#4592 = CARTESIAN_POINT('',(330.,8.4,3.482842712475));
#4593 = DIRECTION('',(-1.,0.,0.));
#4594 = DIRECTION('',(0.,0.,1.));
#4595 = ADVANCED_FACE('',(#4596),#4607,.F.);
#4596 = FACE_BOUND('',#4597,.T.);
#4597 = EDGE_LOOP('',(#4598,#4599,#4600,#4601));
#4598 = ORIENTED_EDGE('',*,*,#4574,.F.);
#4599 = ORIENTED_EDGE('',*,*,#2355,.F.);
#4600 = ORIENTED_EDGE('',*,*,#2963,.T.);
#4601 = ORIENTED_EDGE('',*,*,#4602,.T.);
#4602 = EDGE_CURVE('',#2964,#4575,#4603,.T.);
#4603 = LINE('',#4604,#4605);
#4604 = CARTESIAN_POINT('',(-70.,8.2,0.));
#4605 = VECTOR('',#4606,1.);
#4606 = DIRECTION('',(0.,0.,-1.));
#4607 = PLANE('',#4608);
#4608 = AXIS2_PLACEMENT_3D('',#4609,#4610,#4611);
#4609 = CARTESIAN_POINT('',(330.,8.2,3.));
#4610 = DIRECTION('',(0.,1.,-7.8E-16));
#4611 = DIRECTION('',(0.,7.8E-16,1.));
#4612 = ADVANCED_FACE('',(#4613),#4625,.F.);
#4613 = FACE_BOUND('',#4614,.T.);
#4614 = EDGE_LOOP('',(#4615,#4616,#4623,#4624));
#4615 = ORIENTED_EDGE('',*,*,#952,.F.);
#4616 = ORIENTED_EDGE('',*,*,#4617,.T.);
#4617 = EDGE_CURVE('',#944,#3019,#4618,.T.);
#4618 = ( BOUNDED_CURVE() B_SPLINE_CURVE(3,(#4619,#4620,#4621,#4622),
.UNSPECIFIED.,.F.,.F.) B_SPLINE_CURVE_WITH_KNOTS((4,4),(4.712388980385,
5.123905826452),.PIECEWISE_BEZIER_KNOTS.) CURVE() 
GEOMETRIC_REPRESENTATION_ITEM() RATIONAL_B_SPLINE_CURVE((1.,
0.985937541954,0.985937541954,1.)) REPRESENTATION_ITEM('') );
#4619 = CARTESIAN_POINT('',(291.5,3.5,-4.6E-16));
#4620 = CARTESIAN_POINT('',(291.5,3.672686432114,0.172686432114));
#4621 = CARTESIAN_POINT('',(291.46471849658,3.841730270669,
    0.341730270669));
#4622 = CARTESIAN_POINT('',(291.39564392373,4.,0.5));
#4623 = ORIENTED_EDGE('',*,*,#3018,.T.);
#4624 = ORIENTED_EDGE('',*,*,#2323,.F.);
#4625 = PLANE('',#4626);
#4626 = AXIS2_PLACEMENT_3D('',#4627,#4628,#4629);
#4627 = CARTESIAN_POINT('',(330.,3.5,-4.6E-16));
#4628 = DIRECTION('',(0.,-0.707106781187,0.707106781187));
#4629 = DIRECTION('',(0.,-0.707106781187,-0.707106781187));
#4630 = ADVANCED_FACE('',(#4631),#4642,.F.);
#4631 = FACE_BOUND('',#4632,.T.);
#4632 = EDGE_LOOP('',(#4633,#4634,#4635,#4636));
#4633 = ORIENTED_EDGE('',*,*,#983,.T.);
#4634 = ORIENTED_EDGE('',*,*,#304,.T.);
#4635 = ORIENTED_EDGE('',*,*,#3051,.T.);
#4636 = ORIENTED_EDGE('',*,*,#4637,.T.);
#4637 = EDGE_CURVE('',#3052,#984,#4638,.T.);
#4638 = LINE('',#4639,#4640);
#4639 = CARTESIAN_POINT('',(-70.,1.75,1.75));
#4640 = VECTOR('',#4641,1.);
#4641 = DIRECTION('',(0.,-0.707106781187,0.707106781187));
#4642 = PLANE('',#4643);
#4643 = AXIS2_PLACEMENT_3D('',#4644,#4645,#4646);
#4644 = CARTESIAN_POINT('',(330.,4.,-0.5));
#4645 = DIRECTION('',(0.,-0.707106781187,-0.707106781187));
#4646 = DIRECTION('',(0.,0.707106781187,-0.707106781187));
#4647 = ADVANCED_FACE('',(#4648),#4659,.F.);
#4648 = FACE_BOUND('',#4649,.T.);
#4649 = EDGE_LOOP('',(#4650,#4651,#4657,#4658));
#4650 = ORIENTED_EDGE('',*,*,#649,.F.);
#4651 = ORIENTED_EDGE('',*,*,#4652,.T.);
#4652 = EDGE_CURVE('',#641,#3118,#4653,.T.);
#4653 = LINE('',#4654,#4655);
#4654 = CARTESIAN_POINT('',(-70.,8.2,8.24E-15));
#4655 = VECTOR('',#4656,1.);
#4656 = DIRECTION('',(0.,1.E-15,-1.));
#4657 = ORIENTED_EDGE('',*,*,#3117,.T.);
#4658 = ORIENTED_EDGE('',*,*,#2292,.F.);
#4659 = PLANE('',#4660);
#4660 = AXIS2_PLACEMENT_3D('',#4661,#4662,#4663);
#4661 = CARTESIAN_POINT('',(330.,8.2,-3.));
#4662 = DIRECTION('',(-0.,1.,7.8E-16));
#4663 = DIRECTION('',(0.,-7.8E-16,1.));
#4664 = ADVANCED_FACE('',(#4665),#4677,.T.);
#4665 = FACE_BOUND('',#4666,.T.);
#4666 = EDGE_LOOP('',(#4667,#4668,#4675,#4676));
#4667 = ORIENTED_EDGE('',*,*,#3186,.T.);
#4668 = ORIENTED_EDGE('',*,*,#4669,.T.);
#4669 = EDGE_CURVE('',#3179,#3140,#4670,.T.);
#4670 = CIRCLE('',#4671,0.2);
#4671 = AXIS2_PLACEMENT_3D('',#4672,#4673,#4674);
#4672 = CARTESIAN_POINT('',(-70.,9.8,-4.882842712475));
#4673 = DIRECTION('',(1.,-0.,0.));
#4674 = DIRECTION('',(0.,0.,-1.));
#4675 = ORIENTED_EDGE('',*,*,#3139,.T.);
#4676 = ORIENTED_EDGE('',*,*,#2267,.T.);
#4677 = CYLINDRICAL_SURFACE('',#4678,0.2);
#4678 = AXIS2_PLACEMENT_3D('',#4679,#4680,#4681);
#4679 = CARTESIAN_POINT('',(330.,9.8,-4.882842712475));
#4680 = DIRECTION('',(-1.,0.,0.));
#4681 = DIRECTION('',(0.,0.,1.));
#4682 = ADVANCED_FACE('',(#4683),#4695,.T.);
#4683 = FACE_BOUND('',#4684,.T.);
#4684 = EDGE_LOOP('',(#4685,#4686,#4687,#4688));
#4685 = ORIENTED_EDGE('',*,*,#632,.F.);
#4686 = ORIENTED_EDGE('',*,*,#2284,.T.);
#4687 = ORIENTED_EDGE('',*,*,#3155,.T.);
#4688 = ORIENTED_EDGE('',*,*,#4689,.T.);
#4689 = EDGE_CURVE('',#3148,#633,#4690,.T.);
#4690 = CIRCLE('',#4691,0.2);
#4691 = AXIS2_PLACEMENT_3D('',#4692,#4693,#4694);
#4692 = CARTESIAN_POINT('',(-70.,8.4,-3.482842712475));
#4693 = DIRECTION('',(1.,-0.,0.));
#4694 = DIRECTION('',(0.,0.,-1.));
#4695 = CYLINDRICAL_SURFACE('',#4696,0.2);
#4696 = AXIS2_PLACEMENT_3D('',#4697,#4698,#4699);
#4697 = CARTESIAN_POINT('',(330.,8.4,-3.482842712475));
#4698 = DIRECTION('',(-1.,0.,0.));
#4699 = DIRECTION('',(0.,0.,1.));
#4700 = ADVANCED_FACE('',(#4701),#4713,.T.);
#4701 = FACE_BOUND('',#4702,.T.);
#4702 = EDGE_LOOP('',(#4703,#4704,#4711,#4712));
#4703 = ORIENTED_EDGE('',*,*,#3217,.T.);
#4704 = ORIENTED_EDGE('',*,*,#4705,.T.);
#4705 = EDGE_CURVE('',#3210,#3171,#4706,.T.);
#4706 = CIRCLE('',#4707,0.2);
#4707 = AXIS2_PLACEMENT_3D('',#4708,#4709,#4710);
#4708 = CARTESIAN_POINT('',(-70.,9.8,-9.8));
#4709 = DIRECTION('',(1.,-0.,0.));
#4710 = DIRECTION('',(0.,0.,-1.));
#4711 = ORIENTED_EDGE('',*,*,#3170,.T.);
#4712 = ORIENTED_EDGE('',*,*,#2250,.T.);
#4713 = CYLINDRICAL_SURFACE('',#4714,0.2);
#4714 = AXIS2_PLACEMENT_3D('',#4715,#4716,#4717);
#4715 = CARTESIAN_POINT('',(330.,9.8,-9.8));
#4716 = DIRECTION('',(-1.,0.,0.));
#4717 = DIRECTION('',(0.,0.,1.));
#4718 = ADVANCED_FACE('',(#4719),#4731,.T.);
#4719 = FACE_BOUND('',#4720,.T.);
#4720 = EDGE_LOOP('',(#4721,#4722,#4729,#4730));
#4721 = ORIENTED_EDGE('',*,*,#3248,.T.);
#4722 = ORIENTED_EDGE('',*,*,#4723,.T.);
#4723 = EDGE_CURVE('',#3241,#3202,#4724,.T.);
#4724 = CIRCLE('',#4725,0.2);
#4725 = AXIS2_PLACEMENT_3D('',#4726,#4727,#4728);
#4726 = CARTESIAN_POINT('',(-70.,4.882842712475,-9.8));
#4727 = DIRECTION('',(1.,-0.,0.));
#4728 = DIRECTION('',(0.,0.,-1.));
#4729 = ORIENTED_EDGE('',*,*,#3201,.T.);
#4730 = ORIENTED_EDGE('',*,*,#2233,.T.);
#4731 = CYLINDRICAL_SURFACE('',#4732,0.2);
#4732 = AXIS2_PLACEMENT_3D('',#4733,#4734,#4735);
#4733 = CARTESIAN_POINT('',(330.,4.882842712475,-9.8));
#4734 = DIRECTION('',(-1.,0.,0.));
#4735 = DIRECTION('',(0.,0.,1.));
#4736 = ADVANCED_FACE('',(#4737),#4756,.T.);
#4737 = FACE_BOUND('',#4738,.T.);
#4738 = EDGE_LOOP('',(#4739,#4747,#4754,#4755));
#4739 = ORIENTED_EDGE('',*,*,#4740,.T.);
#4740 = EDGE_CURVE('',#2209,#4741,#4743,.T.);
#4741 = VERTEX_POINT('',#4742);
#4742 = CARTESIAN_POINT('',(-70.,3.482842712475,-8.2));
#4743 = LINE('',#4744,#4745);
#4744 = CARTESIAN_POINT('',(330.,3.482842712475,-8.2));
#4745 = VECTOR('',#4746,1.);
#4746 = DIRECTION('',(-1.,0.,0.));
#4747 = ORIENTED_EDGE('',*,*,#4748,.T.);
#4748 = EDGE_CURVE('',#4741,#3233,#4749,.T.);
#4749 = CIRCLE('',#4750,0.2);
#4750 = AXIS2_PLACEMENT_3D('',#4751,#4752,#4753);
#4751 = CARTESIAN_POINT('',(-70.,3.482842712475,-8.4));
#4752 = DIRECTION('',(1.,-0.,0.));
#4753 = DIRECTION('',(0.,0.,-1.));
#4754 = ORIENTED_EDGE('',*,*,#3232,.T.);
#4755 = ORIENTED_EDGE('',*,*,#2216,.T.);
#4756 = CYLINDRICAL_SURFACE('',#4757,0.2);
#4757 = AXIS2_PLACEMENT_3D('',#4758,#4759,#4760);
#4758 = CARTESIAN_POINT('',(330.,3.482842712475,-8.4));
#4759 = DIRECTION('',(-1.,0.,0.));
#4760 = DIRECTION('',(0.,0.,1.));
#4761 = ADVANCED_FACE('',(#4762),#4773,.F.);
#4762 = FACE_BOUND('',#4763,.T.);
#4763 = EDGE_LOOP('',(#4764,#4765,#4766,#4767));
#4764 = ORIENTED_EDGE('',*,*,#4740,.F.);
#4765 = ORIENTED_EDGE('',*,*,#2208,.F.);
#4766 = ORIENTED_EDGE('',*,*,#3263,.T.);
#4767 = ORIENTED_EDGE('',*,*,#4768,.T.);
#4768 = EDGE_CURVE('',#3264,#4741,#4769,.T.);
#4769 = LINE('',#4770,#4771);
#4770 = CARTESIAN_POINT('',(-70.,-0.,-8.2));
#4771 = VECTOR('',#4772,1.);
#4772 = DIRECTION('',(0.,-1.,0.));
#4773 = PLANE('',#4774);
#4774 = AXIS2_PLACEMENT_3D('',#4775,#4776,#4777);
#4775 = CARTESIAN_POINT('',(330.,3.,-8.2));
#4776 = DIRECTION('',(0.,-1.57E-15,-1.));
#4777 = DIRECTION('',(0.,1.,-1.57E-15));
#4778 = ADVANCED_FACE('',(#4779),#4797,.F.);
#4779 = FACE_BOUND('',#4780,.T.);
#4780 = EDGE_LOOP('',(#4781,#4782,#4783,#4791));
#4781 = ORIENTED_EDGE('',*,*,#3318,.T.);
#4782 = ORIENTED_EDGE('',*,*,#2176,.F.);
#4783 = ORIENTED_EDGE('',*,*,#4784,.F.);
#4784 = EDGE_CURVE('',#4785,#2169,#4787,.T.);
#4785 = VERTEX_POINT('',#4786);
#4786 = CARTESIAN_POINT('',(-70.,3.6E-14,-3.5));
#4787 = LINE('',#4788,#4789);
#4788 = CARTESIAN_POINT('',(330.,3.577E-14,-3.5));
#4789 = VECTOR('',#4790,1.);
#4790 = DIRECTION('',(1.,0.,0.));
#4791 = ORIENTED_EDGE('',*,*,#4792,.T.);
#4792 = EDGE_CURVE('',#4785,#3319,#4793,.T.);
#4793 = LINE('',#4794,#4795);
#4794 = CARTESIAN_POINT('',(-70.,-1.75,-1.75));
#4795 = VECTOR('',#4796,1.);
#4796 = DIRECTION('',(0.,0.707106781187,-0.707106781187));
#4797 = PLANE('',#4798);
#4798 = AXIS2_PLACEMENT_3D('',#4799,#4800,#4801);
#4799 = CARTESIAN_POINT('',(330.,3.577E-14,-3.5));
#4800 = DIRECTION('',(-0.,0.707106781187,0.707106781187));
#4801 = DIRECTION('',(0.,-0.707106781187,0.707106781187));
#4802 = ADVANCED_FACE('',(#4803),#4814,.F.);
#4803 = FACE_BOUND('',#4804,.T.);
#4804 = EDGE_LOOP('',(#4805,#4806,#4807,#4808));
#4805 = ORIENTED_EDGE('',*,*,#4784,.T.);
#4806 = ORIENTED_EDGE('',*,*,#2168,.F.);
#4807 = ORIENTED_EDGE('',*,*,#3342,.T.);
#4808 = ORIENTED_EDGE('',*,*,#4809,.T.);
#4809 = EDGE_CURVE('',#3343,#4785,#4810,.T.);
#4810 = LINE('',#4811,#4812);
#4811 = CARTESIAN_POINT('',(-70.,1.75,-1.75));
#4812 = VECTOR('',#4813,1.);
#4813 = DIRECTION('',(0.,0.707106781187,0.707106781187));
#4814 = PLANE('',#4815);
#4815 = AXIS2_PLACEMENT_3D('',#4816,#4817,#4818);
#4816 = CARTESIAN_POINT('',(330.,-0.5,-4.));
#4817 = DIRECTION('',(0.,-0.707106781187,0.707106781187));
#4818 = DIRECTION('',(0.,-0.707106781187,-0.707106781187));
#4819 = ADVANCED_FACE('',(#4820),#4838,.F.);
#4820 = FACE_BOUND('',#4821,.T.);
#4821 = EDGE_LOOP('',(#4822,#4830,#4836,#4837));
#4822 = ORIENTED_EDGE('',*,*,#4823,.F.);
#4823 = EDGE_CURVE('',#4824,#2128,#4826,.T.);
#4824 = VERTEX_POINT('',#4825);
#4825 = CARTESIAN_POINT('',(-70.,-3.482842712475,-8.2));
#4826 = LINE('',#4827,#4828);
#4827 = CARTESIAN_POINT('',(330.,-3.482842712475,-8.2));
#4828 = VECTOR('',#4829,1.);
#4829 = DIRECTION('',(1.,-0.,0.));
#4830 = ORIENTED_EDGE('',*,*,#4831,.T.);
#4831 = EDGE_CURVE('',#4824,#3400,#4832,.T.);
#4832 = LINE('',#4833,#4834);
#4833 = CARTESIAN_POINT('',(-70.,-0.,-8.2));
#4834 = VECTOR('',#4835,1.);
#4835 = DIRECTION('',(0.,-1.,0.));
#4836 = ORIENTED_EDGE('',*,*,#3399,.T.);
#4837 = ORIENTED_EDGE('',*,*,#2136,.F.);
#4838 = PLANE('',#4839);
#4839 = AXIS2_PLACEMENT_3D('',#4840,#4841,#4842);
#4840 = CARTESIAN_POINT('',(330.,-3.,-8.2));
#4841 = DIRECTION('',(0.,0.,-1.));
#4842 = DIRECTION('',(-1.,0.,-0.));
#4843 = ADVANCED_FACE('',(#4844),#4856,.T.);
#4844 = FACE_BOUND('',#4845,.T.);
#4845 = EDGE_LOOP('',(#4846,#4847,#4854,#4855));
#4846 = ORIENTED_EDGE('',*,*,#3468,.T.);
#4847 = ORIENTED_EDGE('',*,*,#4848,.T.);
#4848 = EDGE_CURVE('',#3461,#3422,#4849,.T.);
#4849 = CIRCLE('',#4850,0.2);
#4850 = AXIS2_PLACEMENT_3D('',#4851,#4852,#4853);
#4851 = CARTESIAN_POINT('',(-70.,-4.882842712475,-9.8));
#4852 = DIRECTION('',(1.,-0.,0.));
#4853 = DIRECTION('',(0.,0.,-1.));
#4854 = ORIENTED_EDGE('',*,*,#3421,.T.);
#4855 = ORIENTED_EDGE('',*,*,#2110,.T.);
#4856 = CYLINDRICAL_SURFACE('',#4857,0.2);
#4857 = AXIS2_PLACEMENT_3D('',#4858,#4859,#4860);
#4858 = CARTESIAN_POINT('',(330.,-4.882842712475,-9.8));
#4859 = DIRECTION('',(-1.,0.,0.));
#4860 = DIRECTION('',(0.,0.,1.));
#4861 = ADVANCED_FACE('',(#4862),#4874,.T.);
#4862 = FACE_BOUND('',#4863,.T.);
#4863 = EDGE_LOOP('',(#4864,#4865,#4872,#4873));
#4864 = ORIENTED_EDGE('',*,*,#3437,.T.);
#4865 = ORIENTED_EDGE('',*,*,#4866,.T.);
#4866 = EDGE_CURVE('',#3430,#4824,#4867,.T.);
#4867 = CIRCLE('',#4868,0.2);
#4868 = AXIS2_PLACEMENT_3D('',#4869,#4870,#4871);
#4869 = CARTESIAN_POINT('',(-70.,-3.482842712475,-8.4));
#4870 = DIRECTION('',(1.,-0.,0.));
#4871 = DIRECTION('',(0.,0.,-1.));
#4872 = ORIENTED_EDGE('',*,*,#4823,.T.);
#4873 = ORIENTED_EDGE('',*,*,#2127,.T.);
#4874 = CYLINDRICAL_SURFACE('',#4875,0.2);
#4875 = AXIS2_PLACEMENT_3D('',#4876,#4877,#4878);
#4876 = CARTESIAN_POINT('',(330.,-3.482842712475,-8.4));
#4877 = DIRECTION('',(-1.,0.,0.));
#4878 = DIRECTION('',(0.,0.,1.));
#4879 = ADVANCED_FACE('',(#4880),#4892,.T.);
#4880 = FACE_BOUND('',#4881,.T.);
#4881 = EDGE_LOOP('',(#4882,#4883,#4890,#4891));
#4882 = ORIENTED_EDGE('',*,*,#3483,.T.);
#4883 = ORIENTED_EDGE('',*,*,#4884,.T.);
#4884 = EDGE_CURVE('',#3484,#3453,#4885,.T.);
#4885 = CIRCLE('',#4886,0.2);
#4886 = AXIS2_PLACEMENT_3D('',#4887,#4888,#4889);
#4887 = CARTESIAN_POINT('',(-70.,-9.8,-9.8));
#4888 = DIRECTION('',(1.,-0.,0.));
#4889 = DIRECTION('',(0.,0.,-1.));
#4890 = ORIENTED_EDGE('',*,*,#3452,.T.);
#4891 = ORIENTED_EDGE('',*,*,#2093,.T.);
#4892 = CYLINDRICAL_SURFACE('',#4893,0.2);
#4893 = AXIS2_PLACEMENT_3D('',#4894,#4895,#4896);
#4894 = CARTESIAN_POINT('',(330.,-9.8,-9.8));
#4895 = DIRECTION('',(-1.,0.,0.));
#4896 = DIRECTION('',(0.,0.,1.));
#4897 = ADVANCED_FACE('',(#4898),#4910,.T.);
#4898 = FACE_BOUND('',#4899,.T.);
#4899 = EDGE_LOOP('',(#4900,#4901,#4908,#4909));
#4900 = ORIENTED_EDGE('',*,*,#3514,.T.);
#4901 = ORIENTED_EDGE('',*,*,#4902,.T.);
#4902 = EDGE_CURVE('',#3515,#3493,#4903,.T.);
#4903 = CIRCLE('',#4904,0.2);
#4904 = AXIS2_PLACEMENT_3D('',#4905,#4906,#4907);
#4905 = CARTESIAN_POINT('',(-70.,-9.8,-4.882842712475));
#4906 = DIRECTION('',(1.,-0.,0.));
#4907 = DIRECTION('',(0.,0.,-1.));
#4908 = ORIENTED_EDGE('',*,*,#3492,.T.);
#4909 = ORIENTED_EDGE('',*,*,#2076,.T.);
#4910 = CYLINDRICAL_SURFACE('',#4911,0.2);
#4911 = AXIS2_PLACEMENT_3D('',#4912,#4913,#4914);
#4912 = CARTESIAN_POINT('',(330.,-9.8,-4.882842712475));
#4913 = DIRECTION('',(-1.,0.,0.));
#4914 = DIRECTION('',(0.,0.,1.));
#4915 = ADVANCED_FACE('',(#4916),#4935,.T.);
#4916 = FACE_BOUND('',#4917,.T.);
#4917 = EDGE_LOOP('',(#4918,#4919,#4920,#4928));
#4918 = ORIENTED_EDGE('',*,*,#674,.F.);
#4919 = ORIENTED_EDGE('',*,*,#2060,.T.);
#4920 = ORIENTED_EDGE('',*,*,#4921,.T.);
#4921 = EDGE_CURVE('',#2053,#4922,#4924,.T.);
#4922 = VERTEX_POINT('',#4923);
#4923 = CARTESIAN_POINT('',(-70.,-8.2,-3.482842712475));
#4924 = LINE('',#4925,#4926);
#4925 = CARTESIAN_POINT('',(330.,-8.2,-3.482842712475));
#4926 = VECTOR('',#4927,1.);
#4927 = DIRECTION('',(-1.,-0.,-0.));
#4928 = ORIENTED_EDGE('',*,*,#4929,.T.);
#4929 = EDGE_CURVE('',#4922,#675,#4930,.T.);
#4930 = CIRCLE('',#4931,0.2);
#4931 = AXIS2_PLACEMENT_3D('',#4932,#4933,#4934);
#4932 = CARTESIAN_POINT('',(-70.,-8.4,-3.482842712475));
#4933 = DIRECTION('',(1.,-0.,0.));
#4934 = DIRECTION('',(0.,0.,-1.));
#4935 = CYLINDRICAL_SURFACE('',#4936,0.2);
#4936 = AXIS2_PLACEMENT_3D('',#4937,#4938,#4939);
#4937 = CARTESIAN_POINT('',(330.,-8.4,-3.482842712475));
#4938 = DIRECTION('',(-1.,0.,0.));
#4939 = DIRECTION('',(0.,0.,1.));
#4940 = ADVANCED_FACE('',(#4941),#4952,.F.);
#4941 = FACE_BOUND('',#4942,.T.);
#4942 = EDGE_LOOP('',(#4943,#4944,#4945,#4946));
#4943 = ORIENTED_EDGE('',*,*,#4921,.F.);
#4944 = ORIENTED_EDGE('',*,*,#2052,.F.);
#4945 = ORIENTED_EDGE('',*,*,#3538,.T.);
#4946 = ORIENTED_EDGE('',*,*,#4947,.T.);
#4947 = EDGE_CURVE('',#3539,#4922,#4948,.T.);
#4948 = LINE('',#4949,#4950);
#4949 = CARTESIAN_POINT('',(-70.,-8.2,1.647E-14));
#4950 = VECTOR('',#4951,1.);
#4951 = DIRECTION('',(0.,2.01E-15,1.));
#4952 = PLANE('',#4953);
#4953 = AXIS2_PLACEMENT_3D('',#4954,#4955,#4956);
#4954 = CARTESIAN_POINT('',(330.,-8.2,-3.));
#4955 = DIRECTION('',(0.,-1.,5.49E-15));
#4956 = DIRECTION('',(0.,-5.49E-15,-1.));
#4957 = ADVANCED_FACE('',(#4958),#4969,.F.);
#4958 = FACE_BOUND('',#4959,.T.);
#4959 = EDGE_LOOP('',(#4960,#4961,#4962,#4963));
#4960 = ORIENTED_EDGE('',*,*,#3602,.T.);
#4961 = ORIENTED_EDGE('',*,*,#189,.T.);
#4962 = ORIENTED_EDGE('',*,*,#902,.F.);
#4963 = ORIENTED_EDGE('',*,*,#4964,.T.);
#4964 = EDGE_CURVE('',#903,#3603,#4965,.T.);
#4965 = LINE('',#4966,#4967);
#4966 = CARTESIAN_POINT('',(-70.,-1.75,1.75));
#4967 = VECTOR('',#4968,1.);
#4968 = DIRECTION('',(0.,-0.707106781187,-0.707106781187));
#4969 = PLANE('',#4970);
#4970 = AXIS2_PLACEMENT_3D('',#4971,#4972,#4973);
#4971 = CARTESIAN_POINT('',(330.,-3.5,-2.398E-14));
#4972 = DIRECTION('',(0.,0.707106781187,-0.707106781187));
#4973 = DIRECTION('',(0.,0.707106781187,0.707106781187));
#4974 = ADVANCED_FACE('',(#4975),#4987,.F.);
#4975 = FACE_BOUND('',#4976,.T.);
#4976 = EDGE_LOOP('',(#4977,#4978,#4985,#4986));
#4977 = ORIENTED_EDGE('',*,*,#3637,.T.);
#4978 = ORIENTED_EDGE('',*,*,#4979,.T.);
#4979 = EDGE_CURVE('',#3629,#862,#4980,.T.);
#4980 = ( BOUNDED_CURVE() B_SPLINE_CURVE(3,(#4981,#4982,#4983,#4984),
.UNSPECIFIED.,.F.,.F.) B_SPLINE_CURVE_WITH_KNOTS((4,4),(4.300872134317,
4.712388980385),.PIECEWISE_BEZIER_KNOTS.) CURVE() 
GEOMETRIC_REPRESENTATION_ITEM() RATIONAL_B_SPLINE_CURVE((1.,
0.985937541954,0.985937541954,1.)) REPRESENTATION_ITEM('') );
#4981 = CARTESIAN_POINT('',(291.39564392373,-4.,0.5));
#4982 = CARTESIAN_POINT('',(291.46471849658,-3.841730270669,
    0.341730270669));
#4983 = CARTESIAN_POINT('',(291.5,-3.672686432114,0.172686432114));
#4984 = CARTESIAN_POINT('',(291.5,-3.5,-2.398E-14));
#4985 = ORIENTED_EDGE('',*,*,#861,.T.);
#4986 = ORIENTED_EDGE('',*,*,#2021,.F.);
#4987 = PLANE('',#4988);
#4988 = AXIS2_PLACEMENT_3D('',#4989,#4990,#4991);
#4989 = CARTESIAN_POINT('',(330.,-4.,0.5));
#4990 = DIRECTION('',(-0.,0.707106781187,0.707106781187));
#4991 = DIRECTION('',(0.,-0.707106781187,0.707106781187));
#4992 = ADVANCED_FACE('',(#4993),#5011,.F.);
#4993 = FACE_BOUND('',#4994,.T.);
#4994 = EDGE_LOOP('',(#4995,#5003,#5009,#5010));
#4995 = ORIENTED_EDGE('',*,*,#4996,.F.);
#4996 = EDGE_CURVE('',#4997,#1981,#4999,.T.);
#4997 = VERTEX_POINT('',#4998);
#4998 = CARTESIAN_POINT('',(-70.,-8.2,3.482842712475));
#4999 = LINE('',#5000,#5001);
#5000 = CARTESIAN_POINT('',(330.,-8.2,3.482842712475));
#5001 = VECTOR('',#5002,1.);
#5002 = DIRECTION('',(1.,0.,0.));
#5003 = ORIENTED_EDGE('',*,*,#5004,.T.);
#5004 = EDGE_CURVE('',#4997,#3693,#5005,.T.);
#5005 = LINE('',#5006,#5007);
#5006 = CARTESIAN_POINT('',(-70.,-8.2,-2.471E-14));
#5007 = VECTOR('',#5008,1.);
#5008 = DIRECTION('',(0.,-3.01E-15,1.));
#5009 = ORIENTED_EDGE('',*,*,#3692,.T.);
#5010 = ORIENTED_EDGE('',*,*,#1989,.F.);
#5011 = PLANE('',#5012);
#5012 = AXIS2_PLACEMENT_3D('',#5013,#5014,#5015);
#5013 = CARTESIAN_POINT('',(330.,-8.2,3.));
#5014 = DIRECTION('',(0.,-1.,-5.49E-15));
#5015 = DIRECTION('',(0.,5.49E-15,-1.));
#5016 = ADVANCED_FACE('',(#5017),#5029,.T.);
#5017 = FACE_BOUND('',#5018,.T.);
#5018 = EDGE_LOOP('',(#5019,#5020,#5027,#5028));
#5019 = ORIENTED_EDGE('',*,*,#3723,.T.);
#5020 = ORIENTED_EDGE('',*,*,#5021,.T.);
#5021 = EDGE_CURVE('',#3716,#4997,#5022,.T.);
#5022 = CIRCLE('',#5023,0.2);
#5023 = AXIS2_PLACEMENT_3D('',#5024,#5025,#5026);
#5024 = CARTESIAN_POINT('',(-70.,-8.4,3.482842712475));
#5025 = DIRECTION('',(1.,-0.,0.));
#5026 = DIRECTION('',(0.,0.,-1.));
#5027 = ORIENTED_EDGE('',*,*,#4996,.T.);
#5028 = ORIENTED_EDGE('',*,*,#1980,.T.);
#5029 = CYLINDRICAL_SURFACE('',#5030,0.2);
#5030 = AXIS2_PLACEMENT_3D('',#5031,#5032,#5033);
#5031 = CARTESIAN_POINT('',(330.,-8.4,3.482842712475));
#5032 = DIRECTION('',(-1.,0.,0.));
#5033 = DIRECTION('',(0.,0.,1.));
#5034 = ADVANCED_FACE('',(#5035),#5047,.T.);
#5035 = FACE_BOUND('',#5036,.T.);
#5036 = EDGE_LOOP('',(#5037,#5044,#5045,#5046));
#5037 = ORIENTED_EDGE('',*,*,#5038,.F.);
#5038 = EDGE_CURVE('',#3821,#1006,#5039,.T.);
#5039 = ( BOUNDED_CURVE() B_SPLINE_CURVE(3,(#5040,#5041,#5042,#5043),
.UNSPECIFIED.,.F.,.F.) B_SPLINE_CURVE_WITH_KNOTS((4,4),(4.300872134317,
4.712388980385),.PIECEWISE_BEZIER_KNOTS.) CURVE() 
GEOMETRIC_REPRESENTATION_ITEM() RATIONAL_B_SPLINE_CURVE((1.,
0.985937541954,0.985937541954,1.)) REPRESENTATION_ITEM('') );
#5040 = CARTESIAN_POINT('',(291.39564392373,-4.,19.5));
#5041 = CARTESIAN_POINT('',(291.46471849658,-3.841730270669,
    19.658269729331));
#5042 = CARTESIAN_POINT('',(291.5,-3.672686432114,19.827313567886));
#5043 = CARTESIAN_POINT('',(291.5,-3.5,20.));
#5044 = ORIENTED_EDGE('',*,*,#3820,.F.);
#5045 = ORIENTED_EDGE('',*,*,#1916,.T.);
#5046 = ORIENTED_EDGE('',*,*,#1016,.T.);
#5047 = PLANE('',#5048);
#5048 = AXIS2_PLACEMENT_3D('',#5049,#5050,#5051);
#5049 = CARTESIAN_POINT('',(330.,-4.,19.5));
#5050 = DIRECTION('',(0.,-0.707106781187,0.707106781187));
#5051 = DIRECTION('',(0.,-0.707106781187,-0.707106781187));
#5052 = ADVANCED_FACE('',(#5053),#5064,.T.);
#5053 = FACE_BOUND('',#5054,.T.);
#5054 = EDGE_LOOP('',(#5055,#5056,#5057,#5063));
#5055 = ORIENTED_EDGE('',*,*,#370,.F.);
#5056 = ORIENTED_EDGE('',*,*,#3868,.F.);
#5057 = ORIENTED_EDGE('',*,*,#5058,.T.);
#5058 = EDGE_CURVE('',#3861,#1048,#5059,.T.);
#5059 = LINE('',#5060,#5061);
#5060 = CARTESIAN_POINT('',(-70.,8.25,8.25));
#5061 = VECTOR('',#5062,1.);
#5062 = DIRECTION('',(0.,0.707106781187,-0.707106781187));
#5063 = ORIENTED_EDGE('',*,*,#1047,.F.);
#5064 = PLANE('',#5065);
#5065 = AXIS2_PLACEMENT_3D('',#5066,#5067,#5068);
#5066 = CARTESIAN_POINT('',(330.,-3.5,20.));
#5067 = DIRECTION('',(0.,-0.707106781187,-0.707106781187));
#5068 = DIRECTION('',(0.,0.707106781187,-0.707106781187));
#5069 = ADVANCED_FACE('',(#5070),#5081,.T.);
#5070 = FACE_BOUND('',#5071,.T.);
#5071 = EDGE_LOOP('',(#5072,#5073,#5074,#5075));
#5072 = ORIENTED_EDGE('',*,*,#4124,.F.);
#5073 = ORIENTED_EDGE('',*,*,#1813,.T.);
#5074 = ORIENTED_EDGE('',*,*,#4506,.F.);
#5075 = ORIENTED_EDGE('',*,*,#5076,.T.);
#5076 = EDGE_CURVE('',#4499,#4125,#5077,.T.);
#5077 = LINE('',#5078,#5079);
#5078 = CARTESIAN_POINT('',(-70.,11.75,11.75));
#5079 = VECTOR('',#5080,1.);
#5080 = DIRECTION('',(0.,-0.707106781187,0.707106781187));
#5081 = PLANE('',#5082);
#5082 = AXIS2_PLACEMENT_3D('',#5083,#5084,#5085);
#5083 = CARTESIAN_POINT('',(330.,-0.5,24.));
#5084 = DIRECTION('',(-0.,0.707106781187,0.707106781187));
#5085 = DIRECTION('',(0.,-0.707106781187,0.707106781187));
#5086 = ADVANCED_FACE('',(#5087),#5098,.T.);
#5087 = FACE_BOUND('',#5088,.T.);
#5088 = EDGE_LOOP('',(#5089,#5090,#5096,#5097));
#5089 = ORIENTED_EDGE('',*,*,#1253,.T.);
#5090 = ORIENTED_EDGE('',*,*,#5091,.T.);
#5091 = EDGE_CURVE('',#761,#795,#5092,.T.);
#5092 = LINE('',#5093,#5094);
#5093 = CARTESIAN_POINT('',(330.,-1.128E-14,16.5));
#5094 = VECTOR('',#5095,1.);
#5095 = DIRECTION('',(-1.,-0.,-0.));
#5096 = ORIENTED_EDGE('',*,*,#1175,.T.);
#5097 = ORIENTED_EDGE('',*,*,#4220,.F.);
#5098 = PLANE('',#5099);
#5099 = AXIS2_PLACEMENT_3D('',#5100,#5101,#5102);
#5100 = CARTESIAN_POINT('',(330.,0.5,16.));
#5101 = DIRECTION('',(0.,-0.707106781187,-0.707106781187));
#5102 = DIRECTION('',(0.,0.707106781187,-0.707106781187));
#5103 = ADVANCED_FACE('',(#5104),#5115,.T.);
#5104 = FACE_BOUND('',#5105,.T.);
#5105 = EDGE_LOOP('',(#5106,#5107,#5113,#5114));
#5106 = ORIENTED_EDGE('',*,*,#1556,.T.);
#5107 = ORIENTED_EDGE('',*,*,#5108,.T.);
#5108 = EDGE_CURVE('',#1549,#717,#5109,.T.);
#5109 = LINE('',#5110,#5111);
#5110 = CARTESIAN_POINT('',(330.,-1.128E-14,16.5));
#5111 = VECTOR('',#5112,1.);
#5112 = DIRECTION('',(-1.,-0.,-0.));
#5113 = ORIENTED_EDGE('',*,*,#1235,.T.);
#5114 = ORIENTED_EDGE('',*,*,#4236,.F.);
#5115 = PLANE('',#5116);
#5116 = AXIS2_PLACEMENT_3D('',#5117,#5118,#5119);
#5117 = CARTESIAN_POINT('',(330.,0.5,16.));
#5118 = DIRECTION('',(0.,-0.707106781187,-0.707106781187));
#5119 = DIRECTION('',(0.,0.707106781187,-0.707106781187));
#5120 = ADVANCED_FACE('',(#5121),#5132,.T.);
#5121 = FACE_BOUND('',#5122,.T.);
#5122 = EDGE_LOOP('',(#5123,#5124,#5125,#5126));
#5123 = ORIENTED_EDGE('',*,*,#1408,.T.);
#5124 = ORIENTED_EDGE('',*,*,#4227,.F.);
#5125 = ORIENTED_EDGE('',*,*,#1193,.T.);
#5126 = ORIENTED_EDGE('',*,*,#5127,.T.);
#5127 = EDGE_CURVE('',#839,#1409,#5128,.T.);
#5128 = LINE('',#5129,#5130);
#5129 = CARTESIAN_POINT('',(330.,-1.128E-14,16.5));
#5130 = VECTOR('',#5131,1.);
#5131 = DIRECTION('',(-1.,-0.,-0.));
#5132 = PLANE('',#5133);
#5133 = AXIS2_PLACEMENT_3D('',#5134,#5135,#5136);
#5134 = CARTESIAN_POINT('',(330.,0.5,16.));
#5135 = DIRECTION('',(0.,-0.707106781187,-0.707106781187));
#5136 = DIRECTION('',(0.,0.707106781187,-0.707106781187));
#5137 = ADVANCED_FACE('',(#5138),#5144,.T.);
#5138 = FACE_BOUND('',#5139,.T.);
#5139 = EDGE_LOOP('',(#5140,#5141,#5142,#5143));
#5140 = ORIENTED_EDGE('',*,*,#1416,.T.);
#5141 = ORIENTED_EDGE('',*,*,#5127,.F.);
#5142 = ORIENTED_EDGE('',*,*,#846,.T.);
#5143 = ORIENTED_EDGE('',*,*,#4251,.F.);
#5144 = PLANE('',#5145);
#5145 = AXIS2_PLACEMENT_3D('',#5146,#5147,#5148);
#5146 = CARTESIAN_POINT('',(330.,-1.289E-14,16.5));
#5147 = DIRECTION('',(0.,0.707106781187,-0.707106781187));
#5148 = DIRECTION('',(0.,0.707106781187,0.707106781187));
#5149 = ADVANCED_FACE('',(#5150),#5156,.T.);
#5150 = FACE_BOUND('',#5151,.T.);
#5151 = EDGE_LOOP('',(#5152,#5153,#5154,#5155));
#5152 = ORIENTED_EDGE('',*,*,#1548,.T.);
#5153 = ORIENTED_EDGE('',*,*,#4265,.F.);
#5154 = ORIENTED_EDGE('',*,*,#716,.T.);
#5155 = ORIENTED_EDGE('',*,*,#5108,.F.);
#5156 = PLANE('',#5157);
#5157 = AXIS2_PLACEMENT_3D('',#5158,#5159,#5160);
#5158 = CARTESIAN_POINT('',(330.,-1.289E-14,16.5));
#5159 = DIRECTION('',(0.,0.707106781187,-0.707106781187));
#5160 = DIRECTION('',(0.,0.707106781187,0.707106781187));
#5161 = ADVANCED_FACE('',(#5162),#5168,.T.);
#5162 = FACE_BOUND('',#5163,.T.);
#5163 = EDGE_LOOP('',(#5164,#5165,#5166,#5167));
#5164 = ORIENTED_EDGE('',*,*,#768,.T.);
#5165 = ORIENTED_EDGE('',*,*,#4258,.F.);
#5166 = ORIENTED_EDGE('',*,*,#794,.T.);
#5167 = ORIENTED_EDGE('',*,*,#5091,.F.);
#5168 = PLANE('',#5169);
#5169 = AXIS2_PLACEMENT_3D('',#5170,#5171,#5172);
#5170 = CARTESIAN_POINT('',(330.,-1.289E-14,16.5));
#5171 = DIRECTION('',(0.,0.707106781187,-0.707106781187));
#5172 = DIRECTION('',(0.,0.707106781187,0.707106781187));
#5173 = ADVANCED_FACE('',(#5174),#5192,.F.);
#5174 = FACE_BOUND('',#5175,.T.);
#5175 = EDGE_LOOP('',(#5176,#5177,#5178,#5186));
#5176 = ORIENTED_EDGE('',*,*,#4401,.T.);
#5177 = ORIENTED_EDGE('',*,*,#1628,.F.);
#5178 = ORIENTED_EDGE('',*,*,#5179,.F.);
#5179 = EDGE_CURVE('',#5180,#1621,#5182,.T.);
#5180 = VERTEX_POINT('',#5181);
#5181 = CARTESIAN_POINT('',(-70.,-1.1E-14,3.5));
#5182 = LINE('',#5183,#5184);
#5183 = CARTESIAN_POINT('',(330.,-1.176E-14,3.5));
#5184 = VECTOR('',#5185,1.);
#5185 = DIRECTION('',(1.,0.,0.));
#5186 = ORIENTED_EDGE('',*,*,#5187,.F.);
#5187 = EDGE_CURVE('',#4402,#5180,#5188,.T.);
#5188 = LINE('',#5189,#5190);
#5189 = CARTESIAN_POINT('',(-70.,1.75,1.75));
#5190 = VECTOR('',#5191,1.);
#5191 = DIRECTION('',(0.,0.707106781187,-0.707106781187));
#5192 = PLANE('',#5193);
#5193 = AXIS2_PLACEMENT_3D('',#5194,#5195,#5196);
#5194 = CARTESIAN_POINT('',(330.,-1.176E-14,3.5));
#5195 = DIRECTION('',(0.,-0.707106781187,-0.707106781187));
#5196 = DIRECTION('',(0.,0.707106781187,-0.707106781187));
#5197 = ADVANCED_FACE('',(#5198),#5209,.F.);
#5198 = FACE_BOUND('',#5199,.T.);
#5199 = EDGE_LOOP('',(#5200,#5201,#5202,#5203));
#5200 = ORIENTED_EDGE('',*,*,#5179,.T.);
#5201 = ORIENTED_EDGE('',*,*,#1620,.F.);
#5202 = ORIENTED_EDGE('',*,*,#4425,.T.);
#5203 = ORIENTED_EDGE('',*,*,#5204,.T.);
#5204 = EDGE_CURVE('',#4426,#5180,#5205,.T.);
#5205 = LINE('',#5206,#5207);
#5206 = CARTESIAN_POINT('',(-70.,-1.75,1.75));
#5207 = VECTOR('',#5208,1.);
#5208 = DIRECTION('',(0.,-0.707106781187,-0.707106781187));
#5209 = PLANE('',#5210);
#5210 = AXIS2_PLACEMENT_3D('',#5211,#5212,#5213);
#5211 = CARTESIAN_POINT('',(330.,0.5,4.));
#5212 = DIRECTION('',(0.,0.707106781187,-0.707106781187));
#5213 = DIRECTION('',(0.,0.707106781187,0.707106781187));
#5214 = ADVANCED_FACE('',(#5215,#5225,#5235,#5309),#5416,.F.);
#5215 = FACE_BOUND('',#5216,.T.);
#5216 = EDGE_LOOP('',(#5217,#5218));
#5217 = ORIENTED_EDGE('',*,*,#73,.T.);
#5218 = ORIENTED_EDGE('',*,*,#5219,.T.);
#5219 = EDGE_CURVE('',#74,#66,#5220,.T.);
#5220 = CIRCLE('',#5221,2.500000000009);
#5221 = AXIS2_PLACEMENT_3D('',#5222,#5223,#5224);
#5222 = CARTESIAN_POINT('',(-70.,0.,0.));
#5223 = DIRECTION('',(1.,-0.,0.));
#5224 = DIRECTION('',(0.,0.,-1.));
#5225 = FACE_BOUND('',#5226,.T.);
#5226 = EDGE_LOOP('',(#5227,#5228));
#5227 = ORIENTED_EDGE('',*,*,#31,.T.);
#5228 = ORIENTED_EDGE('',*,*,#5229,.T.);
#5229 = EDGE_CURVE('',#32,#24,#5230,.T.);
#5230 = CIRCLE('',#5231,2.500000000028);
#5231 = AXIS2_PLACEMENT_3D('',#5232,#5233,#5234);
#5232 = CARTESIAN_POINT('',(-70.,-1.73E-15,20.));
#5233 = DIRECTION('',(1.,-0.,0.));
#5234 = DIRECTION('',(0.,0.,-1.));
#5235 = FACE_BOUND('',#5236,.T.);
#5236 = EDGE_LOOP('',(#5237,#5238,#5239,#5240,#5241,#5242,#5243,#5244,
    #5245,#5246,#5247,#5255,#5263,#5271,#5279,#5287,#5295,#5303));
#5237 = ORIENTED_EDGE('',*,*,#4330,.T.);
#5238 = ORIENTED_EDGE('',*,*,#4363,.T.);
#5239 = ORIENTED_EDGE('',*,*,#4387,.T.);
#5240 = ORIENTED_EDGE('',*,*,#4409,.T.);
#5241 = ORIENTED_EDGE('',*,*,#5187,.T.);
#5242 = ORIENTED_EDGE('',*,*,#5204,.F.);
#5243 = ORIENTED_EDGE('',*,*,#4442,.F.);
#5244 = ORIENTED_EDGE('',*,*,#4466,.F.);
#5245 = ORIENTED_EDGE('',*,*,#4481,.F.);
#5246 = ORIENTED_EDGE('',*,*,#4171,.F.);
#5247 = ORIENTED_EDGE('',*,*,#5248,.T.);
#5248 = EDGE_CURVE('',#4164,#5249,#5251,.T.);
#5249 = VERTEX_POINT('',#5250);
#5250 = CARTESIAN_POINT('',(-70.,5.210050506339,13.882842712475));
#5251 = LINE('',#5252,#5253);
#5252 = CARTESIAN_POINT('',(-70.,0.,13.882842712475));
#5253 = VECTOR('',#5254,1.);
#5254 = DIRECTION('',(0.,-1.,0.));
#5255 = ORIENTED_EDGE('',*,*,#5256,.T.);
#5256 = EDGE_CURVE('',#5249,#5257,#5259,.T.);
#5257 = VERTEX_POINT('',#5258);
#5258 = CARTESIAN_POINT('',(-70.,3.010050506339,16.082842712475));
#5259 = LINE('',#5260,#5261);
#5260 = CARTESIAN_POINT('',(-70.,9.546446609407,9.546446609407));
#5261 = VECTOR('',#5262,1.);
#5262 = DIRECTION('',(0.,-0.707106781187,0.707106781187));
#5263 = ORIENTED_EDGE('',*,*,#5264,.T.);
#5264 = EDGE_CURVE('',#5257,#5265,#5267,.T.);
#5265 = VERTEX_POINT('',#5266);
#5266 = CARTESIAN_POINT('',(-70.,0.5,16.082842712475));
#5267 = LINE('',#5268,#5269);
#5268 = CARTESIAN_POINT('',(-70.,0.,16.082842712475));
#5269 = VECTOR('',#5270,1.);
#5270 = DIRECTION('',(0.,-1.,0.));
#5271 = ORIENTED_EDGE('',*,*,#5272,.T.);
#5272 = EDGE_CURVE('',#5265,#5273,#5275,.T.);
#5273 = VERTEX_POINT('',#5274);
#5274 = CARTESIAN_POINT('',(-70.,-1.2E-14,16.582842712475));
#5275 = LINE('',#5276,#5277);
#5276 = CARTESIAN_POINT('',(-70.,8.291421356237,8.291421356237));
#5277 = VECTOR('',#5278,1.);
#5278 = DIRECTION('',(0.,-0.707106781187,0.707106781187));
#5279 = ORIENTED_EDGE('',*,*,#5280,.F.);
#5280 = EDGE_CURVE('',#5281,#5273,#5283,.T.);
#5281 = VERTEX_POINT('',#5282);
#5282 = CARTESIAN_POINT('',(-70.,-0.5,16.082842712475));
#5283 = LINE('',#5284,#5285);
#5284 = CARTESIAN_POINT('',(-70.,-8.291421356237,8.291421356237));
#5285 = VECTOR('',#5286,1.);
#5286 = DIRECTION('',(0.,0.707106781187,0.707106781187));
#5287 = ORIENTED_EDGE('',*,*,#5288,.F.);
#5288 = EDGE_CURVE('',#5289,#5281,#5291,.T.);
#5289 = VERTEX_POINT('',#5290);
#5290 = CARTESIAN_POINT('',(-70.,-3.010050506339,16.082842712475));
#5291 = LINE('',#5292,#5293);
#5292 = CARTESIAN_POINT('',(-70.,-0.,16.082842712475));
#5293 = VECTOR('',#5294,1.);
#5294 = DIRECTION('',(0.,1.,0.));
#5295 = ORIENTED_EDGE('',*,*,#5296,.F.);
#5296 = EDGE_CURVE('',#5297,#5289,#5299,.T.);
#5297 = VERTEX_POINT('',#5298);
#5298 = CARTESIAN_POINT('',(-70.,-5.210050506339,13.882842712475));
#5299 = LINE('',#5300,#5301);
#5300 = CARTESIAN_POINT('',(-70.,-9.546446609407,9.546446609407));
#5301 = VECTOR('',#5302,1.);
#5302 = DIRECTION('',(0.,0.707106781187,0.707106781187));
#5303 = ORIENTED_EDGE('',*,*,#5304,.F.);
#5304 = EDGE_CURVE('',#4331,#5297,#5305,.T.);
#5305 = LINE('',#5306,#5307);
#5306 = CARTESIAN_POINT('',(-70.,-0.,13.882842712475));
#5307 = VECTOR('',#5308,1.);
#5308 = DIRECTION('',(0.,1.,0.));
#5309 = FACE_BOUND('',#5310,.T.);
#5310 = EDGE_LOOP('',(#5311,#5312,#5313,#5314,#5315,#5316,#5317,#5318,
    #5319,#5320,#5321,#5322,#5323,#5324,#5325,#5326,#5327,#5328,#5329,
    #5330,#5331,#5332,#5333,#5334,#5335,#5336,#5337,#5338,#5339,#5340,
    #5341,#5342,#5343,#5344,#5345,#5346,#5347,#5348,#5349,#5350,#5351,
    #5352,#5353,#5354,#5355,#5356,#5357,#5358,#5359,#5360,#5361,#5362,
    #5363,#5364,#5365,#5366,#5367,#5368,#5369,#5370,#5371,#5372,#5373,
    #5374,#5375,#5376,#5377,#5378,#5379,#5380,#5381,#5382,#5383,#5384,
    #5385,#5386,#5387,#5388,#5389,#5390,#5391,#5392,#5393,#5394,#5395,
    #5396,#5397,#5398,#5399,#5400,#5401,#5402,#5403,#5404,#5405,#5406,
    #5413,#5414,#5415));
#5311 = ORIENTED_EDGE('',*,*,#2940,.F.);
#5312 = ORIENTED_EDGE('',*,*,#4582,.F.);
#5313 = ORIENTED_EDGE('',*,*,#4602,.F.);
#5314 = ORIENTED_EDGE('',*,*,#2980,.F.);
#5315 = ORIENTED_EDGE('',*,*,#3004,.F.);
#5316 = ORIENTED_EDGE('',*,*,#3035,.F.);
#5317 = ORIENTED_EDGE('',*,*,#991,.F.);
#5318 = ORIENTED_EDGE('',*,*,#4637,.F.);
#5319 = ORIENTED_EDGE('',*,*,#3077,.F.);
#5320 = ORIENTED_EDGE('',*,*,#3101,.F.);
#5321 = ORIENTED_EDGE('',*,*,#3125,.F.);
#5322 = ORIENTED_EDGE('',*,*,#4652,.F.);
#5323 = ORIENTED_EDGE('',*,*,#640,.F.);
#5324 = ORIENTED_EDGE('',*,*,#4689,.F.);
#5325 = ORIENTED_EDGE('',*,*,#3147,.F.);
#5326 = ORIENTED_EDGE('',*,*,#4669,.F.);
#5327 = ORIENTED_EDGE('',*,*,#3178,.F.);
#5328 = ORIENTED_EDGE('',*,*,#4705,.F.);
#5329 = ORIENTED_EDGE('',*,*,#3209,.F.);
#5330 = ORIENTED_EDGE('',*,*,#4723,.F.);
#5331 = ORIENTED_EDGE('',*,*,#3240,.F.);
#5332 = ORIENTED_EDGE('',*,*,#4748,.F.);
#5333 = ORIENTED_EDGE('',*,*,#4768,.F.);
#5334 = ORIENTED_EDGE('',*,*,#3280,.F.);
#5335 = ORIENTED_EDGE('',*,*,#3304,.F.);
#5336 = ORIENTED_EDGE('',*,*,#3326,.F.);
#5337 = ORIENTED_EDGE('',*,*,#4792,.F.);
#5338 = ORIENTED_EDGE('',*,*,#4809,.F.);
#5339 = ORIENTED_EDGE('',*,*,#3359,.F.);
#5340 = ORIENTED_EDGE('',*,*,#3383,.F.);
#5341 = ORIENTED_EDGE('',*,*,#3407,.F.);
#5342 = ORIENTED_EDGE('',*,*,#4831,.F.);
#5343 = ORIENTED_EDGE('',*,*,#4866,.F.);
#5344 = ORIENTED_EDGE('',*,*,#3429,.F.);
#5345 = ORIENTED_EDGE('',*,*,#4848,.F.);
#5346 = ORIENTED_EDGE('',*,*,#3460,.F.);
#5347 = ORIENTED_EDGE('',*,*,#4884,.F.);
#5348 = ORIENTED_EDGE('',*,*,#3500,.F.);
#5349 = ORIENTED_EDGE('',*,*,#4902,.F.);
#5350 = ORIENTED_EDGE('',*,*,#3524,.F.);
#5351 = ORIENTED_EDGE('',*,*,#682,.F.);
#5352 = ORIENTED_EDGE('',*,*,#4929,.F.);
#5353 = ORIENTED_EDGE('',*,*,#4947,.F.);
#5354 = ORIENTED_EDGE('',*,*,#3555,.F.);
#5355 = ORIENTED_EDGE('',*,*,#3579,.F.);
#5356 = ORIENTED_EDGE('',*,*,#3610,.F.);
#5357 = ORIENTED_EDGE('',*,*,#4964,.F.);
#5358 = ORIENTED_EDGE('',*,*,#919,.F.);
#5359 = ORIENTED_EDGE('',*,*,#3652,.F.);
#5360 = ORIENTED_EDGE('',*,*,#3676,.F.);
#5361 = ORIENTED_EDGE('',*,*,#3700,.F.);
#5362 = ORIENTED_EDGE('',*,*,#5004,.F.);
#5363 = ORIENTED_EDGE('',*,*,#5021,.F.);
#5364 = ORIENTED_EDGE('',*,*,#3715,.F.);
#5365 = ORIENTED_EDGE('',*,*,#2428,.F.);
#5366 = ORIENTED_EDGE('',*,*,#1464,.F.);
#5367 = ORIENTED_EDGE('',*,*,#2412,.F.);
#5368 = ORIENTED_EDGE('',*,*,#3747,.F.);
#5369 = ORIENTED_EDGE('',*,*,#3771,.F.);
#5370 = ORIENTED_EDGE('',*,*,#3795,.F.);
#5371 = ORIENTED_EDGE('',*,*,#3812,.F.);
#5372 = ORIENTED_EDGE('',*,*,#1055,.F.);
#5373 = ORIENTED_EDGE('',*,*,#5058,.F.);
#5374 = ORIENTED_EDGE('',*,*,#3860,.F.);
#5375 = ORIENTED_EDGE('',*,*,#3892,.F.);
#5376 = ORIENTED_EDGE('',*,*,#3916,.F.);
#5377 = ORIENTED_EDGE('',*,*,#3940,.F.);
#5378 = ORIENTED_EDGE('',*,*,#3964,.F.);
#5379 = ORIENTED_EDGE('',*,*,#3988,.F.);
#5380 = ORIENTED_EDGE('',*,*,#4011,.F.);
#5381 = ORIENTED_EDGE('',*,*,#4036,.F.);
#5382 = ORIENTED_EDGE('',*,*,#4060,.F.);
#5383 = ORIENTED_EDGE('',*,*,#4084,.F.);
#5384 = ORIENTED_EDGE('',*,*,#4108,.F.);
#5385 = ORIENTED_EDGE('',*,*,#4132,.F.);
#5386 = ORIENTED_EDGE('',*,*,#5076,.F.);
#5387 = ORIENTED_EDGE('',*,*,#4498,.F.);
#5388 = ORIENTED_EDGE('',*,*,#2460,.F.);
#5389 = ORIENTED_EDGE('',*,*,#2492,.F.);
#5390 = ORIENTED_EDGE('',*,*,#2516,.F.);
#5391 = ORIENTED_EDGE('',*,*,#2540,.F.);
#5392 = ORIENTED_EDGE('',*,*,#2564,.F.);
#5393 = ORIENTED_EDGE('',*,*,#2588,.F.);
#5394 = ORIENTED_EDGE('',*,*,#2611,.F.);
#5395 = ORIENTED_EDGE('',*,*,#2636,.F.);
#5396 = ORIENTED_EDGE('',*,*,#2660,.F.);
#5397 = ORIENTED_EDGE('',*,*,#2684,.F.);
#5398 = ORIENTED_EDGE('',*,*,#2708,.F.);
#5399 = ORIENTED_EDGE('',*,*,#2732,.F.);
#5400 = ORIENTED_EDGE('',*,*,#4523,.F.);
#5401 = ORIENTED_EDGE('',*,*,#1127,.F.);
#5402 = ORIENTED_EDGE('',*,*,#2780,.F.);
#5403 = ORIENTED_EDGE('',*,*,#2805,.F.);
#5404 = ORIENTED_EDGE('',*,*,#2829,.F.);
#5405 = ORIENTED_EDGE('',*,*,#2853,.T.);
#5406 = ORIENTED_EDGE('',*,*,#5407,.T.);
#5407 = EDGE_CURVE('',#2846,#2876,#5408,.T.);
#5408 = CIRCLE('',#5409,0.2);
#5409 = AXIS2_PLACEMENT_3D('',#5410,#5411,#5412);
#5410 = CARTESIAN_POINT('',(-70.,8.4,16.6));
#5411 = DIRECTION('',(-1.,0.,-0.));
#5412 = DIRECTION('',(0.,0.,-1.));
#5413 = ORIENTED_EDGE('',*,*,#2894,.F.);
#5414 = ORIENTED_EDGE('',*,*,#2918,.F.);
#5415 = ORIENTED_EDGE('',*,*,#4557,.F.);
#5416 = PLANE('',#5417);
#5417 = AXIS2_PLACEMENT_3D('',#5418,#5419,#5420);
#5418 = CARTESIAN_POINT('',(-70.,0.,0.));
#5419 = DIRECTION('',(1.,-0.,0.));
#5420 = DIRECTION('',(0.,0.,-1.));
#5421 = ADVANCED_FACE('',(#5422),#5433,.T.);
#5422 = FACE_BOUND('',#5423,.T.);
#5423 = EDGE_LOOP('',(#5424,#5425,#5426,#5427));
#5424 = ORIENTED_EDGE('',*,*,#1312,.F.);
#5425 = ORIENTED_EDGE('',*,*,#4338,.F.);
#5426 = ORIENTED_EDGE('',*,*,#5304,.T.);
#5427 = ORIENTED_EDGE('',*,*,#5428,.T.);
#5428 = EDGE_CURVE('',#5297,#1313,#5429,.T.);
#5429 = LINE('',#5430,#5431);
#5430 = CARTESIAN_POINT('',(-70.,-5.210050506339,13.882842712475));
#5431 = VECTOR('',#5432,1.);
#5432 = DIRECTION('',(1.,0.,0.));
#5433 = PLANE('',#5434);
#5434 = AXIS2_PLACEMENT_3D('',#5435,#5436,#5437);
#5435 = CARTESIAN_POINT('',(-70.,0.,13.882842712475));
#5436 = DIRECTION('',(0.,0.,-1.));
#5437 = DIRECTION('',(-1.,0.,-0.));
#5438 = ADVANCED_FACE('',(#5439),#5450,.T.);
#5439 = FACE_BOUND('',#5440,.T.);
#5440 = EDGE_LOOP('',(#5441,#5442,#5443,#5444));
#5441 = ORIENTED_EDGE('',*,*,#1320,.F.);
#5442 = ORIENTED_EDGE('',*,*,#5428,.F.);
#5443 = ORIENTED_EDGE('',*,*,#5296,.T.);
#5444 = ORIENTED_EDGE('',*,*,#5445,.T.);
#5445 = EDGE_CURVE('',#5289,#1321,#5446,.T.);
#5446 = LINE('',#5447,#5448);
#5447 = CARTESIAN_POINT('',(-70.,-3.010050506339,16.082842712475));
#5448 = VECTOR('',#5449,1.);
#5449 = DIRECTION('',(1.,0.,0.));
#5450 = PLANE('',#5451);
#5451 = AXIS2_PLACEMENT_3D('',#5452,#5453,#5454);
#5452 = CARTESIAN_POINT('',(-70.,-9.546446609407,9.546446609407));
#5453 = DIRECTION('',(0.,0.707106781187,-0.707106781187));
#5454 = DIRECTION('',(0.,0.707106781187,0.707106781187));
#5455 = ADVANCED_FACE('',(#5456),#5467,.T.);
#5456 = FACE_BOUND('',#5457,.T.);
#5457 = EDGE_LOOP('',(#5458,#5459,#5460,#5461));
#5458 = ORIENTED_EDGE('',*,*,#1328,.F.);
#5459 = ORIENTED_EDGE('',*,*,#5445,.F.);
#5460 = ORIENTED_EDGE('',*,*,#5288,.T.);
#5461 = ORIENTED_EDGE('',*,*,#5462,.T.);
#5462 = EDGE_CURVE('',#5281,#1329,#5463,.T.);
#5463 = LINE('',#5464,#5465);
#5464 = CARTESIAN_POINT('',(-70.,-0.5,16.082842712475));
#5465 = VECTOR('',#5466,1.);
#5466 = DIRECTION('',(1.,0.,0.));
#5467 = PLANE('',#5468);
#5468 = AXIS2_PLACEMENT_3D('',#5469,#5470,#5471);
#5469 = CARTESIAN_POINT('',(-70.,0.,16.082842712475));
#5470 = DIRECTION('',(0.,0.,-1.));
#5471 = DIRECTION('',(-1.,0.,-0.));
#5472 = ADVANCED_FACE('',(#5473),#5484,.T.);
#5473 = FACE_BOUND('',#5474,.T.);
#5474 = EDGE_LOOP('',(#5475,#5476,#5477,#5478));
#5475 = ORIENTED_EDGE('',*,*,#1336,.F.);
#5476 = ORIENTED_EDGE('',*,*,#5462,.F.);
#5477 = ORIENTED_EDGE('',*,*,#5280,.T.);
#5478 = ORIENTED_EDGE('',*,*,#5479,.T.);
#5479 = EDGE_CURVE('',#5273,#1337,#5480,.T.);
#5480 = LINE('',#5481,#5482);
#5481 = CARTESIAN_POINT('',(-70.,-1.214E-14,16.582842712475));
#5482 = VECTOR('',#5483,1.);
#5483 = DIRECTION('',(1.,0.,0.));
#5484 = PLANE('',#5485);
#5485 = AXIS2_PLACEMENT_3D('',#5486,#5487,#5488);
#5486 = CARTESIAN_POINT('',(-70.,-8.291421356237,8.291421356237));
#5487 = DIRECTION('',(0.,0.707106781187,-0.707106781187));
#5488 = DIRECTION('',(0.,0.707106781187,0.707106781187));
#5489 = ADVANCED_FACE('',(#5490),#5501,.F.);
#5490 = FACE_BOUND('',#5491,.T.);
#5491 = EDGE_LOOP('',(#5492,#5498,#5499,#5500));
#5492 = ORIENTED_EDGE('',*,*,#5493,.T.);
#5493 = EDGE_CURVE('',#5265,#1345,#5494,.T.);
#5494 = LINE('',#5495,#5496);
#5495 = CARTESIAN_POINT('',(-70.,0.5,16.082842712475));
#5496 = VECTOR('',#5497,1.);
#5497 = DIRECTION('',(1.,0.,0.));
#5498 = ORIENTED_EDGE('',*,*,#1344,.T.);
#5499 = ORIENTED_EDGE('',*,*,#5479,.F.);
#5500 = ORIENTED_EDGE('',*,*,#5272,.F.);
#5501 = PLANE('',#5502);
#5502 = AXIS2_PLACEMENT_3D('',#5503,#5504,#5505);
#5503 = CARTESIAN_POINT('',(-70.,8.291421356237,8.291421356237));
#5504 = DIRECTION('',(-0.,0.707106781187,0.707106781187));
#5505 = DIRECTION('',(0.,-0.707106781187,0.707106781187));
#5506 = ADVANCED_FACE('',(#5507),#5518,.F.);
#5507 = FACE_BOUND('',#5508,.T.);
#5508 = EDGE_LOOP('',(#5509,#5515,#5516,#5517));
#5509 = ORIENTED_EDGE('',*,*,#5510,.T.);
#5510 = EDGE_CURVE('',#5257,#1353,#5511,.T.);
#5511 = LINE('',#5512,#5513);
#5512 = CARTESIAN_POINT('',(-70.,3.010050506339,16.082842712475));
#5513 = VECTOR('',#5514,1.);
#5514 = DIRECTION('',(1.,0.,0.));
#5515 = ORIENTED_EDGE('',*,*,#1352,.T.);
#5516 = ORIENTED_EDGE('',*,*,#5493,.F.);
#5517 = ORIENTED_EDGE('',*,*,#5264,.F.);
#5518 = PLANE('',#5519);
#5519 = AXIS2_PLACEMENT_3D('',#5520,#5521,#5522);
#5520 = CARTESIAN_POINT('',(-70.,0.,16.082842712475));
#5521 = DIRECTION('',(-0.,0.,1.));
#5522 = DIRECTION('',(1.,0.,0.));
#5523 = ADVANCED_FACE('',(#5524),#5535,.F.);
#5524 = FACE_BOUND('',#5525,.T.);
#5525 = EDGE_LOOP('',(#5526,#5532,#5533,#5534));
#5526 = ORIENTED_EDGE('',*,*,#5527,.T.);
#5527 = EDGE_CURVE('',#5249,#1361,#5528,.T.);
#5528 = LINE('',#5529,#5530);
#5529 = CARTESIAN_POINT('',(-70.,5.210050506339,13.882842712475));
#5530 = VECTOR('',#5531,1.);
#5531 = DIRECTION('',(1.,0.,0.));
#5532 = ORIENTED_EDGE('',*,*,#1360,.T.);
#5533 = ORIENTED_EDGE('',*,*,#5510,.F.);
#5534 = ORIENTED_EDGE('',*,*,#5256,.F.);
#5535 = PLANE('',#5536);
#5536 = AXIS2_PLACEMENT_3D('',#5537,#5538,#5539);
#5537 = CARTESIAN_POINT('',(-70.,9.546446609407,9.546446609407));
#5538 = DIRECTION('',(-0.,0.707106781187,0.707106781187));
#5539 = DIRECTION('',(0.,-0.707106781187,0.707106781187));
#5540 = ADVANCED_FACE('',(#5541),#5547,.F.);
#5541 = FACE_BOUND('',#5542,.T.);
#5542 = EDGE_LOOP('',(#5543,#5544,#5545,#5546));
#5543 = ORIENTED_EDGE('',*,*,#4163,.T.);
#5544 = ORIENTED_EDGE('',*,*,#1368,.T.);
#5545 = ORIENTED_EDGE('',*,*,#5527,.F.);
#5546 = ORIENTED_EDGE('',*,*,#5248,.F.);
#5547 = PLANE('',#5548);
#5548 = AXIS2_PLACEMENT_3D('',#5549,#5550,#5551);
#5549 = CARTESIAN_POINT('',(-70.,0.,13.882842712475));
#5550 = DIRECTION('',(-0.,0.,1.));
#5551 = DIRECTION('',(1.,0.,0.));
#5552 = ADVANCED_FACE('',(#5553),#5559,.T.);
#5553 = FACE_BOUND('',#5554,.T.);
#5554 = EDGE_LOOP('',(#5555,#5556,#5557,#5558));
#5555 = ORIENTED_EDGE('',*,*,#2845,.T.);
#5556 = ORIENTED_EDGE('',*,*,#1269,.T.);
#5557 = ORIENTED_EDGE('',*,*,#2875,.F.);
#5558 = ORIENTED_EDGE('',*,*,#5407,.F.);
#5559 = CYLINDRICAL_SURFACE('',#5560,0.2);
#5560 = AXIS2_PLACEMENT_3D('',#5561,#5562,#5563);
#5561 = CARTESIAN_POINT('',(-70.,8.4,16.6));
#5562 = DIRECTION('',(1.,0.,0.));
#5563 = DIRECTION('',(0.,0.,-1.));
#5564 = ADVANCED_FACE('',(#5565,#5583),#5611,.F.);
#5565 = FACE_BOUND('',#5566,.F.);
#5566 = EDGE_LOOP('',(#5567,#5574,#5575,#5582));
#5567 = ORIENTED_EDGE('',*,*,#5568,.F.);
#5568 = EDGE_CURVE('',#22,#41,#5569,.T.);
#5569 = CIRCLE('',#5570,2.);
#5570 = AXIS2_PLACEMENT_3D('',#5571,#5572,#5573);
#5571 = CARTESIAN_POINT('',(-69.49999999997,-1.73E-15,20.));
#5572 = DIRECTION('',(-1.,-0.,-0.));
#5573 = DIRECTION('',(0.,0.,-1.));
#5574 = ORIENTED_EDGE('',*,*,#599,.F.);
#5575 = ORIENTED_EDGE('',*,*,#5576,.F.);
#5576 = EDGE_CURVE('',#106,#125,#5577,.T.);
#5577 = CIRCLE('',#5578,2.);
#5578 = AXIS2_PLACEMENT_3D('',#5579,#5580,#5581);
#5579 = CARTESIAN_POINT('',(329.49999999997,-1.73E-15,20.));
#5580 = DIRECTION('',(1.,0.,0.));
#5581 = DIRECTION('',(0.,0.,-1.));
#5582 = ORIENTED_EDGE('',*,*,#606,.T.);
#5583 = FACE_BOUND('',#5584,.F.);
#5584 = EDGE_LOOP('',(#5585,#5586));
#5585 = ORIENTED_EDGE('',*,*,#500,.F.);
#5586 = ORIENTED_EDGE('',*,*,#5587,.F.);
#5587 = EDGE_CURVE('',#447,#493,#5588,.T.);
#5588 = B_SPLINE_CURVE_WITH_KNOTS('',3,(#5589,#5590,#5591,#5592,#5593,
    #5594,#5595,#5596,#5597,#5598,#5599,#5600,#5601,#5602,#5603,#5604,
    #5605,#5606,#5607,#5608,#5609,#5610),.UNSPECIFIED.,.F.,.F.,(4,2,2,2,
    2,2,2,2,2,2,4),(0.,2.51162779921E-04,5.02325559842E-04,
    1.004651119684E-03,1.506976679526E-03,1.758139459447E-03,
    2.009302239368E-03,2.51162779921E-03,3.013953359052E-03,
    3.516278918894E-03,4.018604478736E-03),.UNSPECIFIED.);
#5589 = CARTESIAN_POINT('',(290.25,1.5612494996,21.25));
#5590 = CARTESIAN_POINT('',(290.33519756245,1.5612494996,21.25));
#5591 = CARTESIAN_POINT('',(290.41830312554,1.568244000841,
    21.241390036673));
#5592 = CARTESIAN_POINT('',(290.58079800549,1.593891660229,
    21.208283015183));
#5593 = CARTESIAN_POINT('',(290.66073788127,1.612794709385,
    21.183376457599));
#5594 = CARTESIAN_POINT('',(290.88507556073,1.679412289423,
    21.088816248142));
#5595 = CARTESIAN_POINT('',(291.01926588383,1.737721380916,
    20.997957220717));
#5596 = CARTESIAN_POINT('',(291.24425271499,1.848362534501,
    20.774047901054));
#5597 = CARTESIAN_POINT('',(291.33643698771,1.901367183496,
    20.639411278829));
#5598 = CARTESIAN_POINT('',(291.43231800593,1.958242535213,
    20.413880611742));
#5599 = CARTESIAN_POINT('',(291.45764784584,1.973762838666,
    20.333165237257));
#5600 = CARTESIAN_POINT('',(291.49113400591,1.994427247194,
    20.170290264731));
#5601 = CARTESIAN_POINT('',(291.49981577384,1.999884858813,
    20.087307812149));
#5602 = CARTESIAN_POINT('',(291.50035984189,2.00022490087,
    19.833420420735));
#5603 = CARTESIAN_POINT('',(291.46546238109,1.977928506232,
    19.665096286994));
#5604 = CARTESIAN_POINT('',(291.33758833152,1.902025434844,
    19.362300291705));
#5605 = CARTESIAN_POINT('',(291.24497758485,1.848753171135,
    19.226855312723));
#5606 = CARTESIAN_POINT('',(291.01997346897,1.738035395593,
    19.002566313527));
#5607 = CARTESIAN_POINT('',(290.88600573132,1.679803416816,
    18.911786731557));
#5608 = CARTESIAN_POINT('',(290.5877804959,1.591015993721,
    18.785662425647));
#5609 = CARTESIAN_POINT('',(290.41988850557,1.5612494996,18.75));
#5610 = CARTESIAN_POINT('',(290.25,1.5612494996,18.75));
#5611 = CYLINDRICAL_SURFACE('',#5612,2.);
#5612 = AXIS2_PLACEMENT_3D('',#5613,#5614,#5615);
#5613 = CARTESIAN_POINT('',(330.,-1.73E-15,20.));
#5614 = DIRECTION('',(-1.,-0.,-0.));
#5615 = DIRECTION('',(-0.,0.,1.));
#5616 = ADVANCED_FACE('',(#5617,#5635),#5663,.F.);
#5617 = FACE_BOUND('',#5618,.F.);
#5618 = EDGE_LOOP('',(#5619,#5626,#5627,#5634));
#5619 = ORIENTED_EDGE('',*,*,#5620,.F.);
#5620 = EDGE_CURVE('',#64,#83,#5621,.T.);
#5621 = CIRCLE('',#5622,2.);
#5622 = AXIS2_PLACEMENT_3D('',#5623,#5624,#5625);
#5623 = CARTESIAN_POINT('',(-69.49999999999,0.,0.));
#5624 = DIRECTION('',(-1.,-0.,-0.));
#5625 = DIRECTION('',(0.,0.,-1.));
#5626 = ORIENTED_EDGE('',*,*,#553,.F.);
#5627 = ORIENTED_EDGE('',*,*,#5628,.F.);
#5628 = EDGE_CURVE('',#148,#167,#5629,.T.);
#5629 = CIRCLE('',#5630,2.);
#5630 = AXIS2_PLACEMENT_3D('',#5631,#5632,#5633);
#5631 = CARTESIAN_POINT('',(329.49999999999,0.,0.));
#5632 = DIRECTION('',(1.,0.,0.));
#5633 = DIRECTION('',(0.,0.,-1.));
#5634 = ORIENTED_EDGE('',*,*,#560,.T.);
#5635 = FACE_BOUND('',#5636,.F.);
#5636 = EDGE_LOOP('',(#5637,#5638));
#5637 = ORIENTED_EDGE('',*,*,#330,.F.);
#5638 = ORIENTED_EDGE('',*,*,#5639,.F.);
#5639 = EDGE_CURVE('',#277,#323,#5640,.T.);
#5640 = B_SPLINE_CURVE_WITH_KNOTS('',3,(#5641,#5642,#5643,#5644,#5645,
    #5646,#5647,#5648,#5649,#5650,#5651,#5652,#5653,#5654,#5655,#5656,
    #5657,#5658,#5659,#5660,#5661,#5662),.UNSPECIFIED.,.F.,.F.,(4,2,2,2,
    2,2,2,2,2,2,4),(0.,2.51162779921E-04,5.02325559842E-04,
    1.004651119684E-03,1.506976679526E-03,1.758139459447E-03,
    2.009302239368E-03,2.51162779921E-03,3.013953359052E-03,
    3.516278918894E-03,4.018604478736E-03),.UNSPECIFIED.);
#5641 = CARTESIAN_POINT('',(290.25,1.5612494996,1.25));
#5642 = CARTESIAN_POINT('',(290.33519756245,1.5612494996,1.25));
#5643 = CARTESIAN_POINT('',(290.41830312554,1.568244000841,
    1.241390036673));
#5644 = CARTESIAN_POINT('',(290.58079800549,1.593891660229,
    1.208283015183));
#5645 = CARTESIAN_POINT('',(290.66073788127,1.612794709385,
    1.183376457599));
#5646 = CARTESIAN_POINT('',(290.88507556073,1.679412289423,
    1.088816248142));
#5647 = CARTESIAN_POINT('',(291.01926588383,1.737721380916,
    0.997957220717));
#5648 = CARTESIAN_POINT('',(291.24425271499,1.848362534501,
    0.774047901054));
#5649 = CARTESIAN_POINT('',(291.33643698771,1.901367183496,
    0.639411278829));
#5650 = CARTESIAN_POINT('',(291.43231800593,1.958242535213,
    0.413880611742));
#5651 = CARTESIAN_POINT('',(291.45764784584,1.973762838666,
    0.333165237257));
#5652 = CARTESIAN_POINT('',(291.49113400591,1.994427247194,
    0.170290264731));
#5653 = CARTESIAN_POINT('',(291.49981577384,1.999884858813,
    8.730781214944E-02));
#5654 = CARTESIAN_POINT('',(291.50035984189,2.00022490087,
    -0.166579579265));
#5655 = CARTESIAN_POINT('',(291.46546238109,1.977928506232,
    -0.334903713006));
#5656 = CARTESIAN_POINT('',(291.33758833152,1.902025434844,
    -0.637699708295));
#5657 = CARTESIAN_POINT('',(291.24497758485,1.848753171135,
    -0.773144687277));
#5658 = CARTESIAN_POINT('',(291.01997346897,1.738035395593,
    -0.997433686473));
#5659 = CARTESIAN_POINT('',(290.88600573132,1.679803416816,
    -1.088213268443));
#5660 = CARTESIAN_POINT('',(290.5877804959,1.591015993721,
    -1.214337574353));
#5661 = CARTESIAN_POINT('',(290.41988850557,1.5612494996,-1.25));
#5662 = CARTESIAN_POINT('',(290.25,1.5612494996,-1.25));
#5663 = CYLINDRICAL_SURFACE('',#5664,2.);
#5664 = AXIS2_PLACEMENT_3D('',#5665,#5666,#5667);
#5665 = CARTESIAN_POINT('',(330.,0.,0.));
#5666 = DIRECTION('',(-1.,-0.,-0.));
#5667 = DIRECTION('',(-0.,0.,1.));
#5668 = ADVANCED_FACE('',(#5669),#5678,.T.);
#5669 = FACE_BOUND('',#5670,.T.);
#5670 = EDGE_LOOP('',(#5671,#5672));
#5671 = ORIENTED_EDGE('',*,*,#742,.F.);
#5672 = ORIENTED_EDGE('',*,*,#5673,.T.);
#5673 = EDGE_CURVE('',#743,#734,#5674,.T.);
#5674 = LINE('',#5675,#5676);
#5675 = CARTESIAN_POINT('',(-70.,-0.5,16.082842712475));
#5676 = VECTOR('',#5677,1.);
#5677 = DIRECTION('',(1.,0.,0.));
#5678 = PLANE('',#5679);
#5679 = AXIS2_PLACEMENT_3D('',#5680,#5681,#5682);
#5680 = CARTESIAN_POINT('',(-70.,0.,16.082842712475));
#5681 = DIRECTION('',(0.,0.,-1.));
#5682 = DIRECTION('',(-1.,0.,-0.));
#5683 = ADVANCED_FACE('',(#5684),#5695,.T.);
#5684 = FACE_BOUND('',#5685,.T.);
#5685 = EDGE_LOOP('',(#5686,#5687,#5693,#5694));
#5686 = ORIENTED_EDGE('',*,*,#751,.F.);
#5687 = ORIENTED_EDGE('',*,*,#5688,.T.);
#5688 = EDGE_CURVE('',#752,#726,#5689,.T.);
#5689 = LINE('',#5690,#5691);
#5690 = CARTESIAN_POINT('',(-70.,-1.214E-14,16.582842712475));
#5691 = VECTOR('',#5692,1.);
#5692 = DIRECTION('',(1.,0.,0.));
#5693 = ORIENTED_EDGE('',*,*,#733,.F.);
#5694 = ORIENTED_EDGE('',*,*,#5673,.F.);
#5695 = PLANE('',#5696);
#5696 = AXIS2_PLACEMENT_3D('',#5697,#5698,#5699);
#5697 = CARTESIAN_POINT('',(-70.,-8.291421356237,8.291421356237));
#5698 = DIRECTION('',(0.,0.707106781187,-0.707106781187));
#5699 = DIRECTION('',(0.,0.707106781187,0.707106781187));
#5700 = ADVANCED_FACE('',(#5701),#5712,.F.);
#5701 = FACE_BOUND('',#5702,.T.);
#5702 = EDGE_LOOP('',(#5703,#5704,#5705,#5711));
#5703 = ORIENTED_EDGE('',*,*,#5688,.F.);
#5704 = ORIENTED_EDGE('',*,*,#1209,.T.);
#5705 = ORIENTED_EDGE('',*,*,#5706,.T.);
#5706 = EDGE_CURVE('',#1210,#1219,#5707,.T.);
#5707 = LINE('',#5708,#5709);
#5708 = CARTESIAN_POINT('',(-70.,0.5,16.082842712475));
#5709 = VECTOR('',#5710,1.);
#5710 = DIRECTION('',(1.,0.,0.));
#5711 = ORIENTED_EDGE('',*,*,#1227,.T.);
#5712 = PLANE('',#5713);
#5713 = AXIS2_PLACEMENT_3D('',#5714,#5715,#5716);
#5714 = CARTESIAN_POINT('',(-70.,8.291421356237,8.291421356237));
#5715 = DIRECTION('',(-0.,0.707106781187,0.707106781187));
#5716 = DIRECTION('',(0.,-0.707106781187,0.707106781187));
#5717 = ADVANCED_FACE('',(#5718),#5722,.F.);
#5718 = FACE_BOUND('',#5719,.T.);
#5719 = EDGE_LOOP('',(#5720,#5721));
#5720 = ORIENTED_EDGE('',*,*,#5706,.F.);
#5721 = ORIENTED_EDGE('',*,*,#1218,.T.);
#5722 = PLANE('',#5723);
#5723 = AXIS2_PLACEMENT_3D('',#5724,#5725,#5726);
#5724 = CARTESIAN_POINT('',(-70.,0.,16.082842712475));
#5725 = DIRECTION('',(-0.,0.,1.));
#5726 = DIRECTION('',(1.,0.,0.));
#5727 = ADVANCED_FACE('',(#5728),#5737,.T.);
#5728 = FACE_BOUND('',#5729,.T.);
#5729 = EDGE_LOOP('',(#5730,#5731));
#5730 = ORIENTED_EDGE('',*,*,#820,.F.);
#5731 = ORIENTED_EDGE('',*,*,#5732,.T.);
#5732 = EDGE_CURVE('',#821,#812,#5733,.T.);
#5733 = LINE('',#5734,#5735);
#5734 = CARTESIAN_POINT('',(-70.,-0.5,16.082842712475));
#5735 = VECTOR('',#5736,1.);
#5736 = DIRECTION('',(1.,0.,0.));
#5737 = PLANE('',#5738);
#5738 = AXIS2_PLACEMENT_3D('',#5739,#5740,#5741);
#5739 = CARTESIAN_POINT('',(-70.,0.,16.082842712475));
#5740 = DIRECTION('',(0.,0.,-1.));
#5741 = DIRECTION('',(-1.,0.,-0.));
#5742 = ADVANCED_FACE('',(#5743),#5754,.T.);
#5743 = FACE_BOUND('',#5744,.T.);
#5744 = EDGE_LOOP('',(#5745,#5746,#5752,#5753));
#5745 = ORIENTED_EDGE('',*,*,#829,.F.);
#5746 = ORIENTED_EDGE('',*,*,#5747,.T.);
#5747 = EDGE_CURVE('',#830,#804,#5748,.T.);
#5748 = LINE('',#5749,#5750);
#5749 = CARTESIAN_POINT('',(-70.,-1.214E-14,16.582842712475));
#5750 = VECTOR('',#5751,1.);
#5751 = DIRECTION('',(1.,0.,0.));
#5752 = ORIENTED_EDGE('',*,*,#811,.F.);
#5753 = ORIENTED_EDGE('',*,*,#5732,.F.);
#5754 = PLANE('',#5755);
#5755 = AXIS2_PLACEMENT_3D('',#5756,#5757,#5758);
#5756 = CARTESIAN_POINT('',(-70.,-8.291421356237,8.291421356237));
#5757 = DIRECTION('',(0.,0.707106781187,-0.707106781187));
#5758 = DIRECTION('',(0.,0.707106781187,0.707106781187));
#5759 = ADVANCED_FACE('',(#5760),#5771,.F.);
#5760 = FACE_BOUND('',#5761,.T.);
#5761 = EDGE_LOOP('',(#5762,#5763,#5764,#5770));
#5762 = ORIENTED_EDGE('',*,*,#5747,.F.);
#5763 = ORIENTED_EDGE('',*,*,#1149,.T.);
#5764 = ORIENTED_EDGE('',*,*,#5765,.T.);
#5765 = EDGE_CURVE('',#1150,#1159,#5766,.T.);
#5766 = LINE('',#5767,#5768);
#5767 = CARTESIAN_POINT('',(-70.,0.5,16.082842712475));
#5768 = VECTOR('',#5769,1.);
#5769 = DIRECTION('',(1.,0.,0.));
#5770 = ORIENTED_EDGE('',*,*,#1167,.T.);
#5771 = PLANE('',#5772);
#5772 = AXIS2_PLACEMENT_3D('',#5773,#5774,#5775);
#5773 = CARTESIAN_POINT('',(-70.,8.291421356237,8.291421356237));
#5774 = DIRECTION('',(-0.,0.707106781187,0.707106781187));
#5775 = DIRECTION('',(0.,-0.707106781187,0.707106781187));
#5776 = ADVANCED_FACE('',(#5777),#5781,.F.);
#5777 = FACE_BOUND('',#5778,.T.);
#5778 = EDGE_LOOP('',(#5779,#5780));
#5779 = ORIENTED_EDGE('',*,*,#5765,.F.);
#5780 = ORIENTED_EDGE('',*,*,#1158,.T.);
#5781 = PLANE('',#5782);
#5782 = AXIS2_PLACEMENT_3D('',#5783,#5784,#5785);
#5783 = CARTESIAN_POINT('',(-70.,0.,16.082842712475));
#5784 = DIRECTION('',(-0.,0.,1.));
#5785 = DIRECTION('',(1.,0.,0.));
#5786 = ADVANCED_FACE('',(#5787),#5796,.F.);
#5787 = FACE_BOUND('',#5788,.F.);
#5788 = EDGE_LOOP('',(#5789,#5790,#5791,#5792,#5793,#5794,#5795));
#5789 = ORIENTED_EDGE('',*,*,#2756,.F.);
#5790 = ORIENTED_EDGE('',*,*,#4538,.F.);
#5791 = ORIENTED_EDGE('',*,*,#1077,.F.);
#5792 = ORIENTED_EDGE('',*,*,#2741,.F.);
#5793 = ORIENTED_EDGE('',*,*,#446,.F.);
#5794 = ORIENTED_EDGE('',*,*,#5587,.T.);
#5795 = ORIENTED_EDGE('',*,*,#492,.T.);
#5796 = CYLINDRICAL_SURFACE('',#5797,1.25);
#5797 = AXIS2_PLACEMENT_3D('',#5798,#5799,#5800);
#5798 = CARTESIAN_POINT('',(290.25,10.,20.));
#5799 = DIRECTION('',(-0.,1.,9.E-17));
#5800 = DIRECTION('',(0.,-9.E-17,1.));
#5801 = ADVANCED_FACE('',(#5802),#5811,.F.);
#5802 = FACE_BOUND('',#5803,.F.);
#5803 = EDGE_LOOP('',(#5804,#5805,#5806,#5807,#5808,#5809,#5810));
#5804 = ORIENTED_EDGE('',*,*,#575,.T.);
#5805 = ORIENTED_EDGE('',*,*,#388,.F.);
#5806 = ORIENTED_EDGE('',*,*,#3843,.F.);
#5807 = ORIENTED_EDGE('',*,*,#1005,.F.);
#5808 = ORIENTED_EDGE('',*,*,#5038,.F.);
#5809 = ORIENTED_EDGE('',*,*,#3828,.F.);
#5810 = ORIENTED_EDGE('',*,*,#423,.T.);
#5811 = CYLINDRICAL_SURFACE('',#5812,1.25);
#5812 = AXIS2_PLACEMENT_3D('',#5813,#5814,#5815);
#5813 = CARTESIAN_POINT('',(290.25,10.,20.));
#5814 = DIRECTION('',(-0.,1.,9.E-17));
#5815 = DIRECTION('',(0.,-9.E-17,1.));
#5816 = ADVANCED_FACE('',(#5817),#5826,.F.);
#5817 = FACE_BOUND('',#5818,.F.);
#5818 = EDGE_LOOP('',(#5819,#5820,#5821,#5822,#5823,#5824,#5825));
#5819 = ORIENTED_EDGE('',*,*,#3060,.T.);
#5820 = ORIENTED_EDGE('',*,*,#943,.T.);
#5821 = ORIENTED_EDGE('',*,*,#4617,.T.);
#5822 = ORIENTED_EDGE('',*,*,#3026,.T.);
#5823 = ORIENTED_EDGE('',*,*,#276,.F.);
#5824 = ORIENTED_EDGE('',*,*,#5639,.T.);
#5825 = ORIENTED_EDGE('',*,*,#322,.T.);
#5826 = CYLINDRICAL_SURFACE('',#5827,1.25);
#5827 = AXIS2_PLACEMENT_3D('',#5828,#5829,#5830);
#5828 = CARTESIAN_POINT('',(290.25,10.,-1.1E-16));
#5829 = DIRECTION('',(-0.,1.,9.E-17));
#5830 = DIRECTION('',(0.,-9.E-17,1.));
#5831 = ADVANCED_FACE('',(#5832),#5841,.F.);
#5832 = FACE_BOUND('',#5833,.F.);
#5833 = EDGE_LOOP('',(#5834,#5835,#5836,#5837,#5838,#5839,#5840));
#5834 = ORIENTED_EDGE('',*,*,#529,.T.);
#5835 = ORIENTED_EDGE('',*,*,#218,.F.);
#5836 = ORIENTED_EDGE('',*,*,#3628,.T.);
#5837 = ORIENTED_EDGE('',*,*,#4979,.T.);
#5838 = ORIENTED_EDGE('',*,*,#871,.T.);
#5839 = ORIENTED_EDGE('',*,*,#3594,.T.);
#5840 = ORIENTED_EDGE('',*,*,#253,.T.);
#5841 = CYLINDRICAL_SURFACE('',#5842,1.25);
#5842 = AXIS2_PLACEMENT_3D('',#5843,#5844,#5845);
#5843 = CARTESIAN_POINT('',(290.25,10.,-1.1E-16));
#5844 = DIRECTION('',(-0.,1.,9.E-17));
#5845 = DIRECTION('',(0.,-9.E-17,1.));
#5846 = ADVANCED_FACE('',(#5847),#5853,.F.);
#5847 = FACE_BOUND('',#5848,.F.);
#5848 = EDGE_LOOP('',(#5849,#5850,#5851,#5852));
#5849 = ORIENTED_EDGE('',*,*,#1495,.T.);
#5850 = ORIENTED_EDGE('',*,*,#147,.F.);
#5851 = ORIENTED_EDGE('',*,*,#5628,.T.);
#5852 = ORIENTED_EDGE('',*,*,#166,.T.);
#5853 = CONICAL_SURFACE('',#5854,2.,0.785398163397);
#5854 = AXIS2_PLACEMENT_3D('',#5855,#5856,#5857);
#5855 = CARTESIAN_POINT('',(329.49999999999,0.,0.));
#5856 = DIRECTION('',(1.,0.,0.));
#5857 = DIRECTION('',(0.,0.,-1.));
#5858 = ADVANCED_FACE('',(#5859),#5865,.F.);
#5859 = FACE_BOUND('',#5860,.F.);
#5860 = EDGE_LOOP('',(#5861,#5862,#5863,#5864));
#5861 = ORIENTED_EDGE('',*,*,#1505,.T.);
#5862 = ORIENTED_EDGE('',*,*,#105,.F.);
#5863 = ORIENTED_EDGE('',*,*,#5576,.T.);
#5864 = ORIENTED_EDGE('',*,*,#124,.T.);
#5865 = CONICAL_SURFACE('',#5866,2.,0.785398163397);
#5866 = AXIS2_PLACEMENT_3D('',#5867,#5868,#5869);
#5867 = CARTESIAN_POINT('',(329.49999999997,-1.73E-15,20.));
#5868 = DIRECTION('',(1.,0.,0.));
#5869 = DIRECTION('',(0.,0.,-1.));
#5870 = ADVANCED_FACE('',(#5871),#5877,.F.);
#5871 = FACE_BOUND('',#5872,.F.);
#5872 = EDGE_LOOP('',(#5873,#5874,#5875,#5876));
#5873 = ORIENTED_EDGE('',*,*,#5219,.T.);
#5874 = ORIENTED_EDGE('',*,*,#63,.F.);
#5875 = ORIENTED_EDGE('',*,*,#5620,.T.);
#5876 = ORIENTED_EDGE('',*,*,#82,.T.);
#5877 = CONICAL_SURFACE('',#5878,2.500000000009,0.785398163397);
#5878 = AXIS2_PLACEMENT_3D('',#5879,#5880,#5881);
#5879 = CARTESIAN_POINT('',(-70.,0.,0.));
#5880 = DIRECTION('',(-1.,-0.,-0.));
#5881 = DIRECTION('',(-0.,0.,1.));
#5882 = ADVANCED_FACE('',(#5883),#5889,.F.);
#5883 = FACE_BOUND('',#5884,.F.);
#5884 = EDGE_LOOP('',(#5885,#5886,#5887,#5888));
#5885 = ORIENTED_EDGE('',*,*,#5229,.T.);
#5886 = ORIENTED_EDGE('',*,*,#21,.F.);
#5887 = ORIENTED_EDGE('',*,*,#5568,.T.);
#5888 = ORIENTED_EDGE('',*,*,#40,.T.);
#5889 = CONICAL_SURFACE('',#5890,2.500000000028,0.785398163398);
#5890 = AXIS2_PLACEMENT_3D('',#5891,#5892,#5893);
#5891 = CARTESIAN_POINT('',(-70.,-1.73E-15,20.));
#5892 = DIRECTION('',(-1.,-0.,-0.));
#5893 = DIRECTION('',(-0.,0.,1.));
#5894 = ( GEOMETRIC_REPRESENTATION_CONTEXT(3) 
GLOBAL_UNCERTAINTY_ASSIGNED_CONTEXT((#5898)) 
GLOBAL_UNIT_ASSIGNED_CONTEXT((#5895,#5896,#5897)) REPRESENTATION_CONTEXT
('Context #1','3D Context with UNIT and UNCERTAINTY') );
#5895 = ( LENGTH_UNIT() NAMED_UNIT(*) SI_UNIT(.MILLI.,.METRE.) );
#5896 = ( NAMED_UNIT(*) PLANE_ANGLE_UNIT() SI_UNIT($,.RADIAN.) );
#5897 = ( NAMED_UNIT(*) SI_UNIT($,.STERADIAN.) SOLID_ANGLE_UNIT() );
#5898 = UNCERTAINTY_MEASURE_WITH_UNIT(LENGTH_MEASURE(5.E-06),#5895,
  'distance_accuracy_value','confusion accuracy');
#5899 = PRODUCT_RELATED_PRODUCT_CATEGORY('part',$,(#7));
#5900 = MECHANICAL_DESIGN_GEOMETRIC_PRESENTATION_REPRESENTATION('',(
    #5901,#5912,#5920,#5927,#5934,#5941,#5948,#5955,#5962,#5969,#5976,
    #5983,#5990,#5997,#6004,#6011,#6018,#6025,#6032,#6039,#6046,#6053,
    #6060,#6067,#6074,#6081,#6088,#6095,#6102,#6109,#6116,#6123,#6130,
    #6137,#6144,#6151,#6158,#6165,#6172,#6179,#6186,#6193,#6200,#6207,
    #6214,#6221,#6228,#6235,#6242,#6249,#6256,#6263,#6270,#6277,#6284,
    #6291,#6298,#6305,#6312,#6319,#6326,#6333,#6340,#6347,#6354,#6361,
    #6368,#6375,#6382,#6389,#6396,#6403,#6410,#6417,#6424,#6431,#6438,
    #6445,#6452,#6459,#6466,#6473,#6480,#6487,#6494,#6501,#6508,#6515,
    #6522,#6529,#6536,#6543,#6550,#6557,#6564,#6571,#6578,#6585,#6592,
    #6599,#6606,#6613,#6620,#6627,#6634,#6641,#6648,#6655,#6662,#6669,
    #6676,#6683,#6690,#6697,#6704,#6711,#6718,#6725,#6732,#6739,#6746,
    #6753,#6760,#6767,#6774,#6781,#6788,#6795,#6802,#6809,#6816,#6823,
    #6830,#6837,#6844,#6851,#6858,#6865,#6872,#6879,#6886,#6893,#6900,
    #6907,#6914,#6921,#6928,#6935,#6942,#6949,#6956,#6963,#6970,#6977,
    #6984,#6991,#6998,#7005,#7012,#7019),#5894);
#5901 = STYLED_ITEM('color',(#5902),#15);
#5902 = PRESENTATION_STYLE_ASSIGNMENT((#5903,#5909));
#5903 = SURFACE_STYLE_USAGE(.BOTH.,#5904);
#5904 = SURFACE_SIDE_STYLE('',(#5905));
#5905 = SURFACE_STYLE_FILL_AREA(#5906);
#5906 = FILL_AREA_STYLE('',(#5907));
#5907 = FILL_AREA_STYLE_COLOUR('',#5908);
#5908 = COLOUR_RGB('',0.666666687201,0.698039232327,0.768627468855);
#5909 = CURVE_STYLE('',#5910,POSITIVE_LENGTH_MEASURE(0.1),#5911);
#5910 = DRAUGHTING_PRE_DEFINED_CURVE_FONT('continuous');
#5911 = COLOUR_RGB('',9.803921802644E-02,9.803921802644E-02,
  9.803921802644E-02);
#5912 = OVER_RIDING_STYLED_ITEM('overriding color',(#5913),#355,#5901);
#5913 = PRESENTATION_STYLE_ASSIGNMENT((#5914));
#5914 = SURFACE_STYLE_USAGE(.BOTH.,#5915);
#5915 = SURFACE_SIDE_STYLE('',(#5916));
#5916 = SURFACE_STYLE_FILL_AREA(#5917);
#5917 = FILL_AREA_STYLE('',(#5918));
#5918 = FILL_AREA_STYLE_COLOUR('',#5919);
#5919 = COLOUR_RGB('',0.250980406631,0.250980406631,0.250980406631);
#5920 = OVER_RIDING_STYLED_ITEM('overriding color',(#5921),#442,#5901);
#5921 = PRESENTATION_STYLE_ASSIGNMENT((#5922));
#5922 = SURFACE_STYLE_USAGE(.BOTH.,#5923);
#5923 = SURFACE_SIDE_STYLE('',(#5924));
#5924 = SURFACE_STYLE_FILL_AREA(#5925);
#5925 = FILL_AREA_STYLE('',(#5926));
#5926 = FILL_AREA_STYLE_COLOUR('',#5919);
#5927 = OVER_RIDING_STYLED_ITEM('overriding color',(#5928),#525,#5901);
#5928 = PRESENTATION_STYLE_ASSIGNMENT((#5929));
#5929 = SURFACE_STYLE_USAGE(.BOTH.,#5930);
#5930 = SURFACE_SIDE_STYLE('',(#5931));
#5931 = SURFACE_STYLE_FILL_AREA(#5932);
#5932 = FILL_AREA_STYLE('',(#5933));
#5933 = FILL_AREA_STYLE_COLOUR('',#5919);
#5934 = OVER_RIDING_STYLED_ITEM('overriding color',(#5935),#571,#5901);
#5935 = PRESENTATION_STYLE_ASSIGNMENT((#5936));
#5936 = SURFACE_STYLE_USAGE(.BOTH.,#5937);
#5937 = SURFACE_SIDE_STYLE('',(#5938));
#5938 = SURFACE_STYLE_FILL_AREA(#5939);
#5939 = FILL_AREA_STYLE('',(#5940));
#5940 = FILL_AREA_STYLE_COLOUR('',#5919);
#5941 = OVER_RIDING_STYLED_ITEM('overriding color',(#5942),#617,#5901);
#5942 = PRESENTATION_STYLE_ASSIGNMENT((#5943));
#5943 = SURFACE_STYLE_USAGE(.BOTH.,#5944);
#5944 = SURFACE_SIDE_STYLE('',(#5945));
#5945 = SURFACE_STYLE_FILL_AREA(#5946);
#5946 = FILL_AREA_STYLE('',(#5947));
#5947 = FILL_AREA_STYLE_COLOUR('',#5919);
#5948 = OVER_RIDING_STYLED_ITEM('overriding color',(#5949),#659,#5901);
#5949 = PRESENTATION_STYLE_ASSIGNMENT((#5950));
#5950 = SURFACE_STYLE_USAGE(.BOTH.,#5951);
#5951 = SURFACE_SIDE_STYLE('',(#5952));
#5952 = SURFACE_STYLE_FILL_AREA(#5953);
#5953 = FILL_AREA_STYLE('',(#5954));
#5954 = FILL_AREA_STYLE_COLOUR('',#5919);
#5955 = OVER_RIDING_STYLED_ITEM('overriding color',(#5956),#701,#5901);
#5956 = PRESENTATION_STYLE_ASSIGNMENT((#5957));
#5957 = SURFACE_STYLE_USAGE(.BOTH.,#5958);
#5958 = SURFACE_SIDE_STYLE('',(#5959));
#5959 = SURFACE_STYLE_FILL_AREA(#5960);
#5960 = FILL_AREA_STYLE('',(#5961));
#5961 = FILL_AREA_STYLE_COLOUR('',#5919);
#5962 = OVER_RIDING_STYLED_ITEM('overriding color',(#5963),#779,#5901);
#5963 = PRESENTATION_STYLE_ASSIGNMENT((#5964));
#5964 = SURFACE_STYLE_USAGE(.BOTH.,#5965);
#5965 = SURFACE_SIDE_STYLE('',(#5966));
#5966 = SURFACE_STYLE_FILL_AREA(#5967);
#5967 = FILL_AREA_STYLE('',(#5968));
#5968 = FILL_AREA_STYLE_COLOUR('',#5919);
#5969 = OVER_RIDING_STYLED_ITEM('overriding color',(#5970),#857,#5901);
#5970 = PRESENTATION_STYLE_ASSIGNMENT((#5971));
#5971 = SURFACE_STYLE_USAGE(.BOTH.,#5972);
#5972 = SURFACE_SIDE_STYLE('',(#5973));
#5973 = SURFACE_STYLE_FILL_AREA(#5974);
#5974 = FILL_AREA_STYLE('',(#5975));
#5975 = FILL_AREA_STYLE_COLOUR('',#5919);
#5976 = OVER_RIDING_STYLED_ITEM('overriding color',(#5977),#898,#5901);
#5977 = PRESENTATION_STYLE_ASSIGNMENT((#5978));
#5978 = SURFACE_STYLE_USAGE(.BOTH.,#5979);
#5979 = SURFACE_SIDE_STYLE('',(#5980));
#5980 = SURFACE_STYLE_FILL_AREA(#5981);
#5981 = FILL_AREA_STYLE('',(#5982));
#5982 = FILL_AREA_STYLE_COLOUR('',#5919);
#5983 = OVER_RIDING_STYLED_ITEM('overriding color',(#5984),#929,#5901);
#5984 = PRESENTATION_STYLE_ASSIGNMENT((#5985));
#5985 = SURFACE_STYLE_USAGE(.BOTH.,#5986);
#5986 = SURFACE_SIDE_STYLE('',(#5987));
#5987 = SURFACE_STYLE_FILL_AREA(#5988);
#5988 = FILL_AREA_STYLE('',(#5989));
#5989 = FILL_AREA_STYLE_COLOUR('',#5919);
#5990 = OVER_RIDING_STYLED_ITEM('overriding color',(#5991),#970,#5901);
#5991 = PRESENTATION_STYLE_ASSIGNMENT((#5992));
#5992 = SURFACE_STYLE_USAGE(.BOTH.,#5993);
#5993 = SURFACE_SIDE_STYLE('',(#5994));
#5994 = SURFACE_STYLE_FILL_AREA(#5995);
#5995 = FILL_AREA_STYLE('',(#5996));
#5996 = FILL_AREA_STYLE_COLOUR('',#5919);
#5997 = OVER_RIDING_STYLED_ITEM('overriding color',(#5998),#1001,#5901);
#5998 = PRESENTATION_STYLE_ASSIGNMENT((#5999));
#5999 = SURFACE_STYLE_USAGE(.BOTH.,#6000);
#6000 = SURFACE_SIDE_STYLE('',(#6001));
#6001 = SURFACE_STYLE_FILL_AREA(#6002);
#6002 = FILL_AREA_STYLE('',(#6003));
#6003 = FILL_AREA_STYLE_COLOUR('',#5919);
#6004 = OVER_RIDING_STYLED_ITEM('overriding color',(#6005),#1042,#5901);
#6005 = PRESENTATION_STYLE_ASSIGNMENT((#6006));
#6006 = SURFACE_STYLE_USAGE(.BOTH.,#6007);
#6007 = SURFACE_SIDE_STYLE('',(#6008));
#6008 = SURFACE_STYLE_FILL_AREA(#6009);
#6009 = FILL_AREA_STYLE('',(#6010));
#6010 = FILL_AREA_STYLE_COLOUR('',#5919);
#6011 = OVER_RIDING_STYLED_ITEM('overriding color',(#6012),#1073,#5901);
#6012 = PRESENTATION_STYLE_ASSIGNMENT((#6013));
#6013 = SURFACE_STYLE_USAGE(.BOTH.,#6014);
#6014 = SURFACE_SIDE_STYLE('',(#6015));
#6015 = SURFACE_STYLE_FILL_AREA(#6016);
#6016 = FILL_AREA_STYLE('',(#6017));
#6017 = FILL_AREA_STYLE_COLOUR('',#5919);
#6018 = OVER_RIDING_STYLED_ITEM('overriding color',(#6019),#1114,#5901);
#6019 = PRESENTATION_STYLE_ASSIGNMENT((#6020));
#6020 = SURFACE_STYLE_USAGE(.BOTH.,#6021);
#6021 = SURFACE_SIDE_STYLE('',(#6022));
#6022 = SURFACE_STYLE_FILL_AREA(#6023);
#6023 = FILL_AREA_STYLE('',(#6024));
#6024 = FILL_AREA_STYLE_COLOUR('',#5919);
#6025 = OVER_RIDING_STYLED_ITEM('overriding color',(#6026),#1145,#5901);
#6026 = PRESENTATION_STYLE_ASSIGNMENT((#6027));
#6027 = SURFACE_STYLE_USAGE(.BOTH.,#6028);
#6028 = SURFACE_SIDE_STYLE('',(#6029));
#6029 = SURFACE_STYLE_FILL_AREA(#6030);
#6030 = FILL_AREA_STYLE('',(#6031));
#6031 = FILL_AREA_STYLE_COLOUR('',#5919);
#6032 = OVER_RIDING_STYLED_ITEM('overriding color',(#6033),#1205,#5901);
#6033 = PRESENTATION_STYLE_ASSIGNMENT((#6034));
#6034 = SURFACE_STYLE_USAGE(.BOTH.,#6035);
#6035 = SURFACE_SIDE_STYLE('',(#6036));
#6036 = SURFACE_STYLE_FILL_AREA(#6037);
#6037 = FILL_AREA_STYLE('',(#6038));
#6038 = FILL_AREA_STYLE_COLOUR('',#5919);
#6039 = OVER_RIDING_STYLED_ITEM('overriding color',(#6040),#1265,#5901);
#6040 = PRESENTATION_STYLE_ASSIGNMENT((#6041));
#6041 = SURFACE_STYLE_USAGE(.BOTH.,#6042);
#6042 = SURFACE_SIDE_STYLE('',(#6043));
#6043 = SURFACE_STYLE_FILL_AREA(#6044);
#6044 = FILL_AREA_STYLE('',(#6045));
#6045 = FILL_AREA_STYLE_COLOUR('',#5919);
#6046 = OVER_RIDING_STYLED_ITEM('overriding color',(#6047),#1298,#5901);
#6047 = PRESENTATION_STYLE_ASSIGNMENT((#6048));
#6048 = SURFACE_STYLE_USAGE(.BOTH.,#6049);
#6049 = SURFACE_SIDE_STYLE('',(#6050));
#6050 = SURFACE_STYLE_FILL_AREA(#6051);
#6051 = FILL_AREA_STYLE('',(#6052));
#6052 = FILL_AREA_STYLE_COLOUR('',#5919);
#6053 = OVER_RIDING_STYLED_ITEM('overriding color',(#6054),#1450,#5901);
#6054 = PRESENTATION_STYLE_ASSIGNMENT((#6055));
#6055 = SURFACE_STYLE_USAGE(.BOTH.,#6056);
#6056 = SURFACE_SIDE_STYLE('',(#6057));
#6057 = SURFACE_STYLE_FILL_AREA(#6058);
#6058 = FILL_AREA_STYLE('',(#6059));
#6059 = FILL_AREA_STYLE_COLOUR('',#5919);
#6060 = OVER_RIDING_STYLED_ITEM('overriding color',(#6061),#2399,#5901);
#6061 = PRESENTATION_STYLE_ASSIGNMENT((#6062));
#6062 = SURFACE_STYLE_USAGE(.BOTH.,#6063);
#6063 = SURFACE_SIDE_STYLE('',(#6064));
#6064 = SURFACE_STYLE_FILL_AREA(#6065);
#6065 = FILL_AREA_STYLE('',(#6066));
#6066 = FILL_AREA_STYLE_COLOUR('',#5919);
#6067 = OVER_RIDING_STYLED_ITEM('overriding color',(#6068),#2423,#5901);
#6068 = PRESENTATION_STYLE_ASSIGNMENT((#6069));
#6069 = SURFACE_STYLE_USAGE(.BOTH.,#6070);
#6070 = SURFACE_SIDE_STYLE('',(#6071));
#6071 = SURFACE_STYLE_FILL_AREA(#6072);
#6072 = FILL_AREA_STYLE('',(#6073));
#6073 = FILL_AREA_STYLE_COLOUR('',#5919);
#6074 = OVER_RIDING_STYLED_ITEM('overriding color',(#6075),#2448,#5901);
#6075 = PRESENTATION_STYLE_ASSIGNMENT((#6076));
#6076 = SURFACE_STYLE_USAGE(.BOTH.,#6077);
#6077 = SURFACE_SIDE_STYLE('',(#6078));
#6078 = SURFACE_STYLE_FILL_AREA(#6079);
#6079 = FILL_AREA_STYLE('',(#6080));
#6080 = FILL_AREA_STYLE_COLOUR('',#5919);
#6081 = OVER_RIDING_STYLED_ITEM('overriding color',(#6082),#2479,#5901);
#6082 = PRESENTATION_STYLE_ASSIGNMENT((#6083));
#6083 = SURFACE_STYLE_USAGE(.BOTH.,#6084);
#6084 = SURFACE_SIDE_STYLE('',(#6085));
#6085 = SURFACE_STYLE_FILL_AREA(#6086);
#6086 = FILL_AREA_STYLE('',(#6087));
#6087 = FILL_AREA_STYLE_COLOUR('',#5919);
#6088 = OVER_RIDING_STYLED_ITEM('overriding color',(#6089),#2503,#5901);
#6089 = PRESENTATION_STYLE_ASSIGNMENT((#6090));
#6090 = SURFACE_STYLE_USAGE(.BOTH.,#6091);
#6091 = SURFACE_SIDE_STYLE('',(#6092));
#6092 = SURFACE_STYLE_FILL_AREA(#6093);
#6093 = FILL_AREA_STYLE('',(#6094));
#6094 = FILL_AREA_STYLE_COLOUR('',#5919);
#6095 = OVER_RIDING_STYLED_ITEM('overriding color',(#6096),#2527,#5901);
#6096 = PRESENTATION_STYLE_ASSIGNMENT((#6097));
#6097 = SURFACE_STYLE_USAGE(.BOTH.,#6098);
#6098 = SURFACE_SIDE_STYLE('',(#6099));
#6099 = SURFACE_STYLE_FILL_AREA(#6100);
#6100 = FILL_AREA_STYLE('',(#6101));
#6101 = FILL_AREA_STYLE_COLOUR('',#5919);
#6102 = OVER_RIDING_STYLED_ITEM('overriding color',(#6103),#2551,#5901);
#6103 = PRESENTATION_STYLE_ASSIGNMENT((#6104));
#6104 = SURFACE_STYLE_USAGE(.BOTH.,#6105);
#6105 = SURFACE_SIDE_STYLE('',(#6106));
#6106 = SURFACE_STYLE_FILL_AREA(#6107);
#6107 = FILL_AREA_STYLE('',(#6108));
#6108 = FILL_AREA_STYLE_COLOUR('',#5919);
#6109 = OVER_RIDING_STYLED_ITEM('overriding color',(#6110),#2575,#5901);
#6110 = PRESENTATION_STYLE_ASSIGNMENT((#6111));
#6111 = SURFACE_STYLE_USAGE(.BOTH.,#6112);
#6112 = SURFACE_SIDE_STYLE('',(#6113));
#6113 = SURFACE_STYLE_FILL_AREA(#6114);
#6114 = FILL_AREA_STYLE('',(#6115));
#6115 = FILL_AREA_STYLE_COLOUR('',#5919);
#6116 = OVER_RIDING_STYLED_ITEM('overriding color',(#6117),#2599,#5901);
#6117 = PRESENTATION_STYLE_ASSIGNMENT((#6118));
#6118 = SURFACE_STYLE_USAGE(.BOTH.,#6119);
#6119 = SURFACE_SIDE_STYLE('',(#6120));
#6120 = SURFACE_STYLE_FILL_AREA(#6121);
#6121 = FILL_AREA_STYLE('',(#6122));
#6122 = FILL_AREA_STYLE_COLOUR('',#5919);
#6123 = OVER_RIDING_STYLED_ITEM('overriding color',(#6124),#2623,#5901);
#6124 = PRESENTATION_STYLE_ASSIGNMENT((#6125));
#6125 = SURFACE_STYLE_USAGE(.BOTH.,#6126);
#6126 = SURFACE_SIDE_STYLE('',(#6127));
#6127 = SURFACE_STYLE_FILL_AREA(#6128);
#6128 = FILL_AREA_STYLE('',(#6129));
#6129 = FILL_AREA_STYLE_COLOUR('',#5919);
#6130 = OVER_RIDING_STYLED_ITEM('overriding color',(#6131),#2647,#5901);
#6131 = PRESENTATION_STYLE_ASSIGNMENT((#6132));
#6132 = SURFACE_STYLE_USAGE(.BOTH.,#6133);
#6133 = SURFACE_SIDE_STYLE('',(#6134));
#6134 = SURFACE_STYLE_FILL_AREA(#6135);
#6135 = FILL_AREA_STYLE('',(#6136));
#6136 = FILL_AREA_STYLE_COLOUR('',#5919);
#6137 = OVER_RIDING_STYLED_ITEM('overriding color',(#6138),#2671,#5901);
#6138 = PRESENTATION_STYLE_ASSIGNMENT((#6139));
#6139 = SURFACE_STYLE_USAGE(.BOTH.,#6140);
#6140 = SURFACE_SIDE_STYLE('',(#6141));
#6141 = SURFACE_STYLE_FILL_AREA(#6142);
#6142 = FILL_AREA_STYLE('',(#6143));
#6143 = FILL_AREA_STYLE_COLOUR('',#5919);
#6144 = OVER_RIDING_STYLED_ITEM('overriding color',(#6145),#2695,#5901);
#6145 = PRESENTATION_STYLE_ASSIGNMENT((#6146));
#6146 = SURFACE_STYLE_USAGE(.BOTH.,#6147);
#6147 = SURFACE_SIDE_STYLE('',(#6148));
#6148 = SURFACE_STYLE_FILL_AREA(#6149);
#6149 = FILL_AREA_STYLE('',(#6150));
#6150 = FILL_AREA_STYLE_COLOUR('',#5919);
#6151 = OVER_RIDING_STYLED_ITEM('overriding color',(#6152),#2719,#5901);
#6152 = PRESENTATION_STYLE_ASSIGNMENT((#6153));
#6153 = SURFACE_STYLE_USAGE(.BOTH.,#6154);
#6154 = SURFACE_SIDE_STYLE('',(#6155));
#6155 = SURFACE_STYLE_FILL_AREA(#6156);
#6156 = FILL_AREA_STYLE('',(#6157));
#6157 = FILL_AREA_STYLE_COLOUR('',#5919);
#6158 = OVER_RIDING_STYLED_ITEM('overriding color',(#6159),#2752,#5901);
#6159 = PRESENTATION_STYLE_ASSIGNMENT((#6160));
#6160 = SURFACE_STYLE_USAGE(.BOTH.,#6161);
#6161 = SURFACE_SIDE_STYLE('',(#6162));
#6162 = SURFACE_STYLE_FILL_AREA(#6163);
#6163 = FILL_AREA_STYLE('',(#6164));
#6164 = FILL_AREA_STYLE_COLOUR('',#5919);
#6165 = OVER_RIDING_STYLED_ITEM('overriding color',(#6166),#2792,#5901);
#6166 = PRESENTATION_STYLE_ASSIGNMENT((#6167));
#6167 = SURFACE_STYLE_USAGE(.BOTH.,#6168);
#6168 = SURFACE_SIDE_STYLE('',(#6169));
#6169 = SURFACE_STYLE_FILL_AREA(#6170);
#6170 = FILL_AREA_STYLE('',(#6171));
#6171 = FILL_AREA_STYLE_COLOUR('',#5919);
#6172 = OVER_RIDING_STYLED_ITEM('overriding color',(#6173),#2816,#5901);
#6173 = PRESENTATION_STYLE_ASSIGNMENT((#6174));
#6174 = SURFACE_STYLE_USAGE(.BOTH.,#6175);
#6175 = SURFACE_SIDE_STYLE('',(#6176));
#6176 = SURFACE_STYLE_FILL_AREA(#6177);
#6177 = FILL_AREA_STYLE('',(#6178));
#6178 = FILL_AREA_STYLE_COLOUR('',#5919);
#6179 = OVER_RIDING_STYLED_ITEM('overriding color',(#6180),#2840,#5901);
#6180 = PRESENTATION_STYLE_ASSIGNMENT((#6181));
#6181 = SURFACE_STYLE_USAGE(.BOTH.,#6182);
#6182 = SURFACE_SIDE_STYLE('',(#6183));
#6183 = SURFACE_STYLE_FILL_AREA(#6184);
#6184 = FILL_AREA_STYLE('',(#6185));
#6185 = FILL_AREA_STYLE_COLOUR('',#5919);
#6186 = OVER_RIDING_STYLED_ITEM('overriding color',(#6187),#2871,#5901);
#6187 = PRESENTATION_STYLE_ASSIGNMENT((#6188));
#6188 = SURFACE_STYLE_USAGE(.BOTH.,#6189);
#6189 = SURFACE_SIDE_STYLE('',(#6190));
#6190 = SURFACE_STYLE_FILL_AREA(#6191);
#6191 = FILL_AREA_STYLE('',(#6192));
#6192 = FILL_AREA_STYLE_COLOUR('',#5919);
#6193 = OVER_RIDING_STYLED_ITEM('overriding color',(#6194),#2904,#5901);
#6194 = PRESENTATION_STYLE_ASSIGNMENT((#6195));
#6195 = SURFACE_STYLE_USAGE(.BOTH.,#6196);
#6196 = SURFACE_SIDE_STYLE('',(#6197));
#6197 = SURFACE_STYLE_FILL_AREA(#6198);
#6198 = FILL_AREA_STYLE('',(#6199));
#6199 = FILL_AREA_STYLE_COLOUR('',#5919);
#6200 = OVER_RIDING_STYLED_ITEM('overriding color',(#6201),#2928,#5901);
#6201 = PRESENTATION_STYLE_ASSIGNMENT((#6202));
#6202 = SURFACE_STYLE_USAGE(.BOTH.,#6203);
#6203 = SURFACE_SIDE_STYLE('',(#6204));
#6204 = SURFACE_STYLE_FILL_AREA(#6205);
#6205 = FILL_AREA_STYLE('',(#6206));
#6206 = FILL_AREA_STYLE_COLOUR('',#5919);
#6207 = OVER_RIDING_STYLED_ITEM('overriding color',(#6208),#2959,#5901);
#6208 = PRESENTATION_STYLE_ASSIGNMENT((#6209));
#6209 = SURFACE_STYLE_USAGE(.BOTH.,#6210);
#6210 = SURFACE_SIDE_STYLE('',(#6211));
#6211 = SURFACE_STYLE_FILL_AREA(#6212);
#6212 = FILL_AREA_STYLE('',(#6213));
#6213 = FILL_AREA_STYLE_COLOUR('',#5919);
#6214 = OVER_RIDING_STYLED_ITEM('overriding color',(#6215),#2990,#5901);
#6215 = PRESENTATION_STYLE_ASSIGNMENT((#6216));
#6216 = SURFACE_STYLE_USAGE(.BOTH.,#6217);
#6217 = SURFACE_SIDE_STYLE('',(#6218));
#6218 = SURFACE_STYLE_FILL_AREA(#6219);
#6219 = FILL_AREA_STYLE('',(#6220));
#6220 = FILL_AREA_STYLE_COLOUR('',#5919);
#6221 = OVER_RIDING_STYLED_ITEM('overriding color',(#6222),#3014,#5901);
#6222 = PRESENTATION_STYLE_ASSIGNMENT((#6223));
#6223 = SURFACE_STYLE_USAGE(.BOTH.,#6224);
#6224 = SURFACE_SIDE_STYLE('',(#6225));
#6225 = SURFACE_STYLE_FILL_AREA(#6226);
#6226 = FILL_AREA_STYLE('',(#6227));
#6227 = FILL_AREA_STYLE_COLOUR('',#5919);
#6228 = OVER_RIDING_STYLED_ITEM('overriding color',(#6229),#3047,#5901);
#6229 = PRESENTATION_STYLE_ASSIGNMENT((#6230));
#6230 = SURFACE_STYLE_USAGE(.BOTH.,#6231);
#6231 = SURFACE_SIDE_STYLE('',(#6232));
#6232 = SURFACE_STYLE_FILL_AREA(#6233);
#6233 = FILL_AREA_STYLE('',(#6234));
#6234 = FILL_AREA_STYLE_COLOUR('',#5919);
#6235 = OVER_RIDING_STYLED_ITEM('overriding color',(#6236),#3087,#5901);
#6236 = PRESENTATION_STYLE_ASSIGNMENT((#6237));
#6237 = SURFACE_STYLE_USAGE(.BOTH.,#6238);
#6238 = SURFACE_SIDE_STYLE('',(#6239));
#6239 = SURFACE_STYLE_FILL_AREA(#6240);
#6240 = FILL_AREA_STYLE('',(#6241));
#6241 = FILL_AREA_STYLE_COLOUR('',#5919);
#6242 = OVER_RIDING_STYLED_ITEM('overriding color',(#6243),#3111,#5901);
#6243 = PRESENTATION_STYLE_ASSIGNMENT((#6244));
#6244 = SURFACE_STYLE_USAGE(.BOTH.,#6245);
#6245 = SURFACE_SIDE_STYLE('',(#6246));
#6246 = SURFACE_STYLE_FILL_AREA(#6247);
#6247 = FILL_AREA_STYLE('',(#6248));
#6248 = FILL_AREA_STYLE_COLOUR('',#5919);
#6249 = OVER_RIDING_STYLED_ITEM('overriding color',(#6250),#3135,#5901);
#6250 = PRESENTATION_STYLE_ASSIGNMENT((#6251));
#6251 = SURFACE_STYLE_USAGE(.BOTH.,#6252);
#6252 = SURFACE_SIDE_STYLE('',(#6253));
#6253 = SURFACE_STYLE_FILL_AREA(#6254);
#6254 = FILL_AREA_STYLE('',(#6255));
#6255 = FILL_AREA_STYLE_COLOUR('',#5919);
#6256 = OVER_RIDING_STYLED_ITEM('overriding color',(#6257),#3166,#5901);
#6257 = PRESENTATION_STYLE_ASSIGNMENT((#6258));
#6258 = SURFACE_STYLE_USAGE(.BOTH.,#6259);
#6259 = SURFACE_SIDE_STYLE('',(#6260));
#6260 = SURFACE_STYLE_FILL_AREA(#6261);
#6261 = FILL_AREA_STYLE('',(#6262));
#6262 = FILL_AREA_STYLE_COLOUR('',#5919);
#6263 = OVER_RIDING_STYLED_ITEM('overriding color',(#6264),#3197,#5901);
#6264 = PRESENTATION_STYLE_ASSIGNMENT((#6265));
#6265 = SURFACE_STYLE_USAGE(.BOTH.,#6266);
#6266 = SURFACE_SIDE_STYLE('',(#6267));
#6267 = SURFACE_STYLE_FILL_AREA(#6268);
#6268 = FILL_AREA_STYLE('',(#6269));
#6269 = FILL_AREA_STYLE_COLOUR('',#5919);
#6270 = OVER_RIDING_STYLED_ITEM('overriding color',(#6271),#3228,#5901);
#6271 = PRESENTATION_STYLE_ASSIGNMENT((#6272));
#6272 = SURFACE_STYLE_USAGE(.BOTH.,#6273);
#6273 = SURFACE_SIDE_STYLE('',(#6274));
#6274 = SURFACE_STYLE_FILL_AREA(#6275);
#6275 = FILL_AREA_STYLE('',(#6276));
#6276 = FILL_AREA_STYLE_COLOUR('',#5919);
#6277 = OVER_RIDING_STYLED_ITEM('overriding color',(#6278),#3259,#5901);
#6278 = PRESENTATION_STYLE_ASSIGNMENT((#6279));
#6279 = SURFACE_STYLE_USAGE(.BOTH.,#6280);
#6280 = SURFACE_SIDE_STYLE('',(#6281));
#6281 = SURFACE_STYLE_FILL_AREA(#6282);
#6282 = FILL_AREA_STYLE('',(#6283));
#6283 = FILL_AREA_STYLE_COLOUR('',#5919);
#6284 = OVER_RIDING_STYLED_ITEM('overriding color',(#6285),#3290,#5901);
#6285 = PRESENTATION_STYLE_ASSIGNMENT((#6286));
#6286 = SURFACE_STYLE_USAGE(.BOTH.,#6287);
#6287 = SURFACE_SIDE_STYLE('',(#6288));
#6288 = SURFACE_STYLE_FILL_AREA(#6289);
#6289 = FILL_AREA_STYLE('',(#6290));
#6290 = FILL_AREA_STYLE_COLOUR('',#5919);
#6291 = OVER_RIDING_STYLED_ITEM('overriding color',(#6292),#3314,#5901);
#6292 = PRESENTATION_STYLE_ASSIGNMENT((#6293));
#6293 = SURFACE_STYLE_USAGE(.BOTH.,#6294);
#6294 = SURFACE_SIDE_STYLE('',(#6295));
#6295 = SURFACE_STYLE_FILL_AREA(#6296);
#6296 = FILL_AREA_STYLE('',(#6297));
#6297 = FILL_AREA_STYLE_COLOUR('',#5919);
#6298 = OVER_RIDING_STYLED_ITEM('overriding color',(#6299),#3338,#5901);
#6299 = PRESENTATION_STYLE_ASSIGNMENT((#6300));
#6300 = SURFACE_STYLE_USAGE(.BOTH.,#6301);
#6301 = SURFACE_SIDE_STYLE('',(#6302));
#6302 = SURFACE_STYLE_FILL_AREA(#6303);
#6303 = FILL_AREA_STYLE('',(#6304));
#6304 = FILL_AREA_STYLE_COLOUR('',#5919);
#6305 = OVER_RIDING_STYLED_ITEM('overriding color',(#6306),#3369,#5901);
#6306 = PRESENTATION_STYLE_ASSIGNMENT((#6307));
#6307 = SURFACE_STYLE_USAGE(.BOTH.,#6308);
#6308 = SURFACE_SIDE_STYLE('',(#6309));
#6309 = SURFACE_STYLE_FILL_AREA(#6310);
#6310 = FILL_AREA_STYLE('',(#6311));
#6311 = FILL_AREA_STYLE_COLOUR('',#5919);
#6312 = OVER_RIDING_STYLED_ITEM('overriding color',(#6313),#3393,#5901);
#6313 = PRESENTATION_STYLE_ASSIGNMENT((#6314));
#6314 = SURFACE_STYLE_USAGE(.BOTH.,#6315);
#6315 = SURFACE_SIDE_STYLE('',(#6316));
#6316 = SURFACE_STYLE_FILL_AREA(#6317);
#6317 = FILL_AREA_STYLE('',(#6318));
#6318 = FILL_AREA_STYLE_COLOUR('',#5919);
#6319 = OVER_RIDING_STYLED_ITEM('overriding color',(#6320),#3417,#5901);
#6320 = PRESENTATION_STYLE_ASSIGNMENT((#6321));
#6321 = SURFACE_STYLE_USAGE(.BOTH.,#6322);
#6322 = SURFACE_SIDE_STYLE('',(#6323));
#6323 = SURFACE_STYLE_FILL_AREA(#6324);
#6324 = FILL_AREA_STYLE('',(#6325));
#6325 = FILL_AREA_STYLE_COLOUR('',#5919);
#6326 = OVER_RIDING_STYLED_ITEM('overriding color',(#6327),#3448,#5901);
#6327 = PRESENTATION_STYLE_ASSIGNMENT((#6328));
#6328 = SURFACE_STYLE_USAGE(.BOTH.,#6329);
#6329 = SURFACE_SIDE_STYLE('',(#6330));
#6330 = SURFACE_STYLE_FILL_AREA(#6331);
#6331 = FILL_AREA_STYLE('',(#6332));
#6332 = FILL_AREA_STYLE_COLOUR('',#5919);
#6333 = OVER_RIDING_STYLED_ITEM('overriding color',(#6334),#3479,#5901);
#6334 = PRESENTATION_STYLE_ASSIGNMENT((#6335));
#6335 = SURFACE_STYLE_USAGE(.BOTH.,#6336);
#6336 = SURFACE_SIDE_STYLE('',(#6337));
#6337 = SURFACE_STYLE_FILL_AREA(#6338);
#6338 = FILL_AREA_STYLE('',(#6339));
#6339 = FILL_AREA_STYLE_COLOUR('',#5919);
#6340 = OVER_RIDING_STYLED_ITEM('overriding color',(#6341),#3510,#5901);
#6341 = PRESENTATION_STYLE_ASSIGNMENT((#6342));
#6342 = SURFACE_STYLE_USAGE(.BOTH.,#6343);
#6343 = SURFACE_SIDE_STYLE('',(#6344));
#6344 = SURFACE_STYLE_FILL_AREA(#6345);
#6345 = FILL_AREA_STYLE('',(#6346));
#6346 = FILL_AREA_STYLE_COLOUR('',#5919);
#6347 = OVER_RIDING_STYLED_ITEM('overriding color',(#6348),#3534,#5901);
#6348 = PRESENTATION_STYLE_ASSIGNMENT((#6349));
#6349 = SURFACE_STYLE_USAGE(.BOTH.,#6350);
#6350 = SURFACE_SIDE_STYLE('',(#6351));
#6351 = SURFACE_STYLE_FILL_AREA(#6352);
#6352 = FILL_AREA_STYLE('',(#6353));
#6353 = FILL_AREA_STYLE_COLOUR('',#5919);
#6354 = OVER_RIDING_STYLED_ITEM('overriding color',(#6355),#3565,#5901);
#6355 = PRESENTATION_STYLE_ASSIGNMENT((#6356));
#6356 = SURFACE_STYLE_USAGE(.BOTH.,#6357);
#6357 = SURFACE_SIDE_STYLE('',(#6358));
#6358 = SURFACE_STYLE_FILL_AREA(#6359);
#6359 = FILL_AREA_STYLE('',(#6360));
#6360 = FILL_AREA_STYLE_COLOUR('',#5919);
#6361 = OVER_RIDING_STYLED_ITEM('overriding color',(#6362),#3589,#5901);
#6362 = PRESENTATION_STYLE_ASSIGNMENT((#6363));
#6363 = SURFACE_STYLE_USAGE(.BOTH.,#6364);
#6364 = SURFACE_SIDE_STYLE('',(#6365));
#6365 = SURFACE_STYLE_FILL_AREA(#6366);
#6366 = FILL_AREA_STYLE('',(#6367));
#6367 = FILL_AREA_STYLE_COLOUR('',#5919);
#6368 = OVER_RIDING_STYLED_ITEM('overriding color',(#6369),#3622,#5901);
#6369 = PRESENTATION_STYLE_ASSIGNMENT((#6370));
#6370 = SURFACE_STYLE_USAGE(.BOTH.,#6371);
#6371 = SURFACE_SIDE_STYLE('',(#6372));
#6372 = SURFACE_STYLE_FILL_AREA(#6373);
#6373 = FILL_AREA_STYLE('',(#6374));
#6374 = FILL_AREA_STYLE_COLOUR('',#5919);
#6375 = OVER_RIDING_STYLED_ITEM('overriding color',(#6376),#3662,#5901);
#6376 = PRESENTATION_STYLE_ASSIGNMENT((#6377));
#6377 = SURFACE_STYLE_USAGE(.BOTH.,#6378);
#6378 = SURFACE_SIDE_STYLE('',(#6379));
#6379 = SURFACE_STYLE_FILL_AREA(#6380);
#6380 = FILL_AREA_STYLE('',(#6381));
#6381 = FILL_AREA_STYLE_COLOUR('',#5919);
#6382 = OVER_RIDING_STYLED_ITEM('overriding color',(#6383),#3686,#5901);
#6383 = PRESENTATION_STYLE_ASSIGNMENT((#6384));
#6384 = SURFACE_STYLE_USAGE(.BOTH.,#6385);
#6385 = SURFACE_SIDE_STYLE('',(#6386));
#6386 = SURFACE_STYLE_FILL_AREA(#6387);
#6387 = FILL_AREA_STYLE('',(#6388));
#6388 = FILL_AREA_STYLE_COLOUR('',#5919);
#6389 = OVER_RIDING_STYLED_ITEM('overriding color',(#6390),#3710,#5901);
#6390 = PRESENTATION_STYLE_ASSIGNMENT((#6391));
#6391 = SURFACE_STYLE_USAGE(.BOTH.,#6392);
#6392 = SURFACE_SIDE_STYLE('',(#6393));
#6393 = SURFACE_STYLE_FILL_AREA(#6394);
#6394 = FILL_AREA_STYLE('',(#6395));
#6395 = FILL_AREA_STYLE_COLOUR('',#5919);
#6396 = OVER_RIDING_STYLED_ITEM('overriding color',(#6397),#3734,#5901);
#6397 = PRESENTATION_STYLE_ASSIGNMENT((#6398));
#6398 = SURFACE_STYLE_USAGE(.BOTH.,#6399);
#6399 = SURFACE_SIDE_STYLE('',(#6400));
#6400 = SURFACE_STYLE_FILL_AREA(#6401);
#6401 = FILL_AREA_STYLE('',(#6402));
#6402 = FILL_AREA_STYLE_COLOUR('',#5919);
#6403 = OVER_RIDING_STYLED_ITEM('overriding color',(#6404),#3758,#5901);
#6404 = PRESENTATION_STYLE_ASSIGNMENT((#6405));
#6405 = SURFACE_STYLE_USAGE(.BOTH.,#6406);
#6406 = SURFACE_SIDE_STYLE('',(#6407));
#6407 = SURFACE_STYLE_FILL_AREA(#6408);
#6408 = FILL_AREA_STYLE('',(#6409));
#6409 = FILL_AREA_STYLE_COLOUR('',#5919);
#6410 = OVER_RIDING_STYLED_ITEM('overriding color',(#6411),#3782,#5901);
#6411 = PRESENTATION_STYLE_ASSIGNMENT((#6412));
#6412 = SURFACE_STYLE_USAGE(.BOTH.,#6413);
#6413 = SURFACE_SIDE_STYLE('',(#6414));
#6414 = SURFACE_STYLE_FILL_AREA(#6415);
#6415 = FILL_AREA_STYLE('',(#6416));
#6416 = FILL_AREA_STYLE_COLOUR('',#5919);
#6417 = OVER_RIDING_STYLED_ITEM('overriding color',(#6418),#3806,#5901);
#6418 = PRESENTATION_STYLE_ASSIGNMENT((#6419));
#6419 = SURFACE_STYLE_USAGE(.BOTH.,#6420);
#6420 = SURFACE_SIDE_STYLE('',(#6421));
#6421 = SURFACE_STYLE_FILL_AREA(#6422);
#6422 = FILL_AREA_STYLE('',(#6423));
#6423 = FILL_AREA_STYLE_COLOUR('',#5919);
#6424 = OVER_RIDING_STYLED_ITEM('overriding color',(#6425),#3839,#5901);
#6425 = PRESENTATION_STYLE_ASSIGNMENT((#6426));
#6426 = SURFACE_STYLE_USAGE(.BOTH.,#6427);
#6427 = SURFACE_SIDE_STYLE('',(#6428));
#6428 = SURFACE_STYLE_FILL_AREA(#6429);
#6429 = FILL_AREA_STYLE('',(#6430));
#6430 = FILL_AREA_STYLE_COLOUR('',#5919);
#6431 = OVER_RIDING_STYLED_ITEM('overriding color',(#6432),#3879,#5901);
#6432 = PRESENTATION_STYLE_ASSIGNMENT((#6433));
#6433 = SURFACE_STYLE_USAGE(.BOTH.,#6434);
#6434 = SURFACE_SIDE_STYLE('',(#6435));
#6435 = SURFACE_STYLE_FILL_AREA(#6436);
#6436 = FILL_AREA_STYLE('',(#6437));
#6437 = FILL_AREA_STYLE_COLOUR('',#5919);
#6438 = OVER_RIDING_STYLED_ITEM('overriding color',(#6439),#3903,#5901);
#6439 = PRESENTATION_STYLE_ASSIGNMENT((#6440));
#6440 = SURFACE_STYLE_USAGE(.BOTH.,#6441);
#6441 = SURFACE_SIDE_STYLE('',(#6442));
#6442 = SURFACE_STYLE_FILL_AREA(#6443);
#6443 = FILL_AREA_STYLE('',(#6444));
#6444 = FILL_AREA_STYLE_COLOUR('',#5919);
#6445 = OVER_RIDING_STYLED_ITEM('overriding color',(#6446),#3927,#5901);
#6446 = PRESENTATION_STYLE_ASSIGNMENT((#6447));
#6447 = SURFACE_STYLE_USAGE(.BOTH.,#6448);
#6448 = SURFACE_SIDE_STYLE('',(#6449));
#6449 = SURFACE_STYLE_FILL_AREA(#6450);
#6450 = FILL_AREA_STYLE('',(#6451));
#6451 = FILL_AREA_STYLE_COLOUR('',#5919);
#6452 = OVER_RIDING_STYLED_ITEM('overriding color',(#6453),#3951,#5901);
#6453 = PRESENTATION_STYLE_ASSIGNMENT((#6454));
#6454 = SURFACE_STYLE_USAGE(.BOTH.,#6455);
#6455 = SURFACE_SIDE_STYLE('',(#6456));
#6456 = SURFACE_STYLE_FILL_AREA(#6457);
#6457 = FILL_AREA_STYLE('',(#6458));
#6458 = FILL_AREA_STYLE_COLOUR('',#5919);
#6459 = OVER_RIDING_STYLED_ITEM('overriding color',(#6460),#3975,#5901);
#6460 = PRESENTATION_STYLE_ASSIGNMENT((#6461));
#6461 = SURFACE_STYLE_USAGE(.BOTH.,#6462);
#6462 = SURFACE_SIDE_STYLE('',(#6463));
#6463 = SURFACE_STYLE_FILL_AREA(#6464);
#6464 = FILL_AREA_STYLE('',(#6465));
#6465 = FILL_AREA_STYLE_COLOUR('',#5919);
#6466 = OVER_RIDING_STYLED_ITEM('overriding color',(#6467),#3999,#5901);
#6467 = PRESENTATION_STYLE_ASSIGNMENT((#6468));
#6468 = SURFACE_STYLE_USAGE(.BOTH.,#6469);
#6469 = SURFACE_SIDE_STYLE('',(#6470));
#6470 = SURFACE_STYLE_FILL_AREA(#6471);
#6471 = FILL_AREA_STYLE('',(#6472));
#6472 = FILL_AREA_STYLE_COLOUR('',#5919);
#6473 = OVER_RIDING_STYLED_ITEM('overriding color',(#6474),#4023,#5901);
#6474 = PRESENTATION_STYLE_ASSIGNMENT((#6475));
#6475 = SURFACE_STYLE_USAGE(.BOTH.,#6476);
#6476 = SURFACE_SIDE_STYLE('',(#6477));
#6477 = SURFACE_STYLE_FILL_AREA(#6478);
#6478 = FILL_AREA_STYLE('',(#6479));
#6479 = FILL_AREA_STYLE_COLOUR('',#5919);
#6480 = OVER_RIDING_STYLED_ITEM('overriding color',(#6481),#4047,#5901);
#6481 = PRESENTATION_STYLE_ASSIGNMENT((#6482));
#6482 = SURFACE_STYLE_USAGE(.BOTH.,#6483);
#6483 = SURFACE_SIDE_STYLE('',(#6484));
#6484 = SURFACE_STYLE_FILL_AREA(#6485);
#6485 = FILL_AREA_STYLE('',(#6486));
#6486 = FILL_AREA_STYLE_COLOUR('',#5919);
#6487 = OVER_RIDING_STYLED_ITEM('overriding color',(#6488),#4071,#5901);
#6488 = PRESENTATION_STYLE_ASSIGNMENT((#6489));
#6489 = SURFACE_STYLE_USAGE(.BOTH.,#6490);
#6490 = SURFACE_SIDE_STYLE('',(#6491));
#6491 = SURFACE_STYLE_FILL_AREA(#6492);
#6492 = FILL_AREA_STYLE('',(#6493));
#6493 = FILL_AREA_STYLE_COLOUR('',#5919);
#6494 = OVER_RIDING_STYLED_ITEM('overriding color',(#6495),#4095,#5901);
#6495 = PRESENTATION_STYLE_ASSIGNMENT((#6496));
#6496 = SURFACE_STYLE_USAGE(.BOTH.,#6497);
#6497 = SURFACE_SIDE_STYLE('',(#6498));
#6498 = SURFACE_STYLE_FILL_AREA(#6499);
#6499 = FILL_AREA_STYLE('',(#6500));
#6500 = FILL_AREA_STYLE_COLOUR('',#5919);
#6501 = OVER_RIDING_STYLED_ITEM('overriding color',(#6502),#4119,#5901);
#6502 = PRESENTATION_STYLE_ASSIGNMENT((#6503));
#6503 = SURFACE_STYLE_USAGE(.BOTH.,#6504);
#6504 = SURFACE_SIDE_STYLE('',(#6505));
#6505 = SURFACE_STYLE_FILL_AREA(#6506);
#6506 = FILL_AREA_STYLE('',(#6507));
#6507 = FILL_AREA_STYLE_COLOUR('',#5919);
#6508 = OVER_RIDING_STYLED_ITEM('overriding color',(#6509),#4143,#5901);
#6509 = PRESENTATION_STYLE_ASSIGNMENT((#6510));
#6510 = SURFACE_STYLE_USAGE(.BOTH.,#6511);
#6511 = SURFACE_SIDE_STYLE('',(#6512));
#6512 = SURFACE_STYLE_FILL_AREA(#6513);
#6513 = FILL_AREA_STYLE('',(#6514));
#6514 = FILL_AREA_STYLE_COLOUR('',#5919);
#6515 = OVER_RIDING_STYLED_ITEM('overriding color',(#6516),#4181,#5901);
#6516 = PRESENTATION_STYLE_ASSIGNMENT((#6517));
#6517 = SURFACE_STYLE_USAGE(.BOTH.,#6518);
#6518 = SURFACE_SIDE_STYLE('',(#6519));
#6519 = SURFACE_STYLE_FILL_AREA(#6520);
#6520 = FILL_AREA_STYLE('',(#6521));
#6521 = FILL_AREA_STYLE_COLOUR('',#5919);
#6522 = OVER_RIDING_STYLED_ITEM('overriding color',(#6523),#4198,#5901);
#6523 = PRESENTATION_STYLE_ASSIGNMENT((#6524));
#6524 = SURFACE_STYLE_USAGE(.BOTH.,#6525);
#6525 = SURFACE_SIDE_STYLE('',(#6526));
#6526 = SURFACE_STYLE_FILL_AREA(#6527);
#6527 = FILL_AREA_STYLE('',(#6528));
#6528 = FILL_AREA_STYLE_COLOUR('',#5919);
#6529 = OVER_RIDING_STYLED_ITEM('overriding color',(#6530),#4215,#5901);
#6530 = PRESENTATION_STYLE_ASSIGNMENT((#6531));
#6531 = SURFACE_STYLE_USAGE(.BOTH.,#6532);
#6532 = SURFACE_SIDE_STYLE('',(#6533));
#6533 = SURFACE_STYLE_FILL_AREA(#6534);
#6534 = FILL_AREA_STYLE('',(#6535));
#6535 = FILL_AREA_STYLE_COLOUR('',#5919);
#6536 = OVER_RIDING_STYLED_ITEM('overriding color',(#6537),#4246,#5901);
#6537 = PRESENTATION_STYLE_ASSIGNMENT((#6538));
#6538 = SURFACE_STYLE_USAGE(.BOTH.,#6539);
#6539 = SURFACE_SIDE_STYLE('',(#6540));
#6540 = SURFACE_STYLE_FILL_AREA(#6541);
#6541 = FILL_AREA_STYLE('',(#6542));
#6542 = FILL_AREA_STYLE_COLOUR('',#5919);
#6543 = OVER_RIDING_STYLED_ITEM('overriding color',(#6544),#4282,#5901);
#6544 = PRESENTATION_STYLE_ASSIGNMENT((#6545));
#6545 = SURFACE_STYLE_USAGE(.BOTH.,#6546);
#6546 = SURFACE_SIDE_STYLE('',(#6547));
#6547 = SURFACE_STYLE_FILL_AREA(#6548);
#6548 = FILL_AREA_STYLE('',(#6549));
#6549 = FILL_AREA_STYLE_COLOUR('',#5919);
#6550 = OVER_RIDING_STYLED_ITEM('overriding color',(#6551),#4299,#5901);
#6551 = PRESENTATION_STYLE_ASSIGNMENT((#6552));
#6552 = SURFACE_STYLE_USAGE(.BOTH.,#6553);
#6553 = SURFACE_SIDE_STYLE('',(#6554));
#6554 = SURFACE_STYLE_FILL_AREA(#6555);
#6555 = FILL_AREA_STYLE('',(#6556));
#6556 = FILL_AREA_STYLE_COLOUR('',#5919);
#6557 = OVER_RIDING_STYLED_ITEM('overriding color',(#6558),#4316,#5901);
#6558 = PRESENTATION_STYLE_ASSIGNMENT((#6559));
#6559 = SURFACE_STYLE_USAGE(.BOTH.,#6560);
#6560 = SURFACE_SIDE_STYLE('',(#6561));
#6561 = SURFACE_STYLE_FILL_AREA(#6562);
#6562 = FILL_AREA_STYLE('',(#6563));
#6563 = FILL_AREA_STYLE_COLOUR('',#5919);
#6564 = OVER_RIDING_STYLED_ITEM('overriding color',(#6565),#4349,#5901);
#6565 = PRESENTATION_STYLE_ASSIGNMENT((#6566));
#6566 = SURFACE_STYLE_USAGE(.BOTH.,#6567);
#6567 = SURFACE_SIDE_STYLE('',(#6568));
#6568 = SURFACE_STYLE_FILL_AREA(#6569);
#6569 = FILL_AREA_STYLE('',(#6570));
#6570 = FILL_AREA_STYLE_COLOUR('',#5919);
#6571 = OVER_RIDING_STYLED_ITEM('overriding color',(#6572),#4373,#5901);
#6572 = PRESENTATION_STYLE_ASSIGNMENT((#6573));
#6573 = SURFACE_STYLE_USAGE(.BOTH.,#6574);
#6574 = SURFACE_SIDE_STYLE('',(#6575));
#6575 = SURFACE_STYLE_FILL_AREA(#6576);
#6576 = FILL_AREA_STYLE('',(#6577));
#6577 = FILL_AREA_STYLE_COLOUR('',#5919);
#6578 = OVER_RIDING_STYLED_ITEM('overriding color',(#6579),#4397,#5901);
#6579 = PRESENTATION_STYLE_ASSIGNMENT((#6580));
#6580 = SURFACE_STYLE_USAGE(.BOTH.,#6581);
#6581 = SURFACE_SIDE_STYLE('',(#6582));
#6582 = SURFACE_STYLE_FILL_AREA(#6583);
#6583 = FILL_AREA_STYLE('',(#6584));
#6584 = FILL_AREA_STYLE_COLOUR('',#5919);
#6585 = OVER_RIDING_STYLED_ITEM('overriding color',(#6586),#4421,#5901);
#6586 = PRESENTATION_STYLE_ASSIGNMENT((#6587));
#6587 = SURFACE_STYLE_USAGE(.BOTH.,#6588);
#6588 = SURFACE_SIDE_STYLE('',(#6589));
#6589 = SURFACE_STYLE_FILL_AREA(#6590);
#6590 = FILL_AREA_STYLE('',(#6591));
#6591 = FILL_AREA_STYLE_COLOUR('',#5919);
#6592 = OVER_RIDING_STYLED_ITEM('overriding color',(#6593),#4452,#5901);
#6593 = PRESENTATION_STYLE_ASSIGNMENT((#6594));
#6594 = SURFACE_STYLE_USAGE(.BOTH.,#6595);
#6595 = SURFACE_SIDE_STYLE('',(#6596));
#6596 = SURFACE_STYLE_FILL_AREA(#6597);
#6597 = FILL_AREA_STYLE('',(#6598));
#6598 = FILL_AREA_STYLE_COLOUR('',#5919);
#6599 = OVER_RIDING_STYLED_ITEM('overriding color',(#6600),#4476,#5901);
#6600 = PRESENTATION_STYLE_ASSIGNMENT((#6601));
#6601 = SURFACE_STYLE_USAGE(.BOTH.,#6602);
#6602 = SURFACE_SIDE_STYLE('',(#6603));
#6603 = SURFACE_STYLE_FILL_AREA(#6604);
#6604 = FILL_AREA_STYLE('',(#6605));
#6605 = FILL_AREA_STYLE_COLOUR('',#5919);
#6606 = OVER_RIDING_STYLED_ITEM('overriding color',(#6607),#4493,#5901);
#6607 = PRESENTATION_STYLE_ASSIGNMENT((#6608));
#6608 = SURFACE_STYLE_USAGE(.BOTH.,#6609);
#6609 = SURFACE_SIDE_STYLE('',(#6610));
#6610 = SURFACE_STYLE_FILL_AREA(#6611);
#6611 = FILL_AREA_STYLE('',(#6612));
#6612 = FILL_AREA_STYLE_COLOUR('',#5919);
#6613 = OVER_RIDING_STYLED_ITEM('overriding color',(#6614),#4517,#5901);
#6614 = PRESENTATION_STYLE_ASSIGNMENT((#6615));
#6615 = SURFACE_STYLE_USAGE(.BOTH.,#6616);
#6616 = SURFACE_SIDE_STYLE('',(#6617));
#6617 = SURFACE_STYLE_FILL_AREA(#6618);
#6618 = FILL_AREA_STYLE('',(#6619));
#6619 = FILL_AREA_STYLE_COLOUR('',#5919);
#6620 = OVER_RIDING_STYLED_ITEM('overriding color',(#6621),#4534,#5901);
#6621 = PRESENTATION_STYLE_ASSIGNMENT((#6622));
#6622 = SURFACE_STYLE_USAGE(.BOTH.,#6623);
#6623 = SURFACE_SIDE_STYLE('',(#6624));
#6624 = SURFACE_STYLE_FILL_AREA(#6625);
#6625 = FILL_AREA_STYLE('',(#6626));
#6626 = FILL_AREA_STYLE_COLOUR('',#5919);
#6627 = OVER_RIDING_STYLED_ITEM('overriding color',(#6628),#4552,#5901);
#6628 = PRESENTATION_STYLE_ASSIGNMENT((#6629));
#6629 = SURFACE_STYLE_USAGE(.BOTH.,#6630);
#6630 = SURFACE_SIDE_STYLE('',(#6631));
#6631 = SURFACE_STYLE_FILL_AREA(#6632);
#6632 = FILL_AREA_STYLE('',(#6633));
#6633 = FILL_AREA_STYLE_COLOUR('',#5919);
#6634 = OVER_RIDING_STYLED_ITEM('overriding color',(#6635),#4570,#5901);
#6635 = PRESENTATION_STYLE_ASSIGNMENT((#6636));
#6636 = SURFACE_STYLE_USAGE(.BOTH.,#6637);
#6637 = SURFACE_SIDE_STYLE('',(#6638));
#6638 = SURFACE_STYLE_FILL_AREA(#6639);
#6639 = FILL_AREA_STYLE('',(#6640));
#6640 = FILL_AREA_STYLE_COLOUR('',#5919);
#6641 = OVER_RIDING_STYLED_ITEM('overriding color',(#6642),#4595,#5901);
#6642 = PRESENTATION_STYLE_ASSIGNMENT((#6643));
#6643 = SURFACE_STYLE_USAGE(.BOTH.,#6644);
#6644 = SURFACE_SIDE_STYLE('',(#6645));
#6645 = SURFACE_STYLE_FILL_AREA(#6646);
#6646 = FILL_AREA_STYLE('',(#6647));
#6647 = FILL_AREA_STYLE_COLOUR('',#5919);
#6648 = OVER_RIDING_STYLED_ITEM('overriding color',(#6649),#4612,#5901);
#6649 = PRESENTATION_STYLE_ASSIGNMENT((#6650));
#6650 = SURFACE_STYLE_USAGE(.BOTH.,#6651);
#6651 = SURFACE_SIDE_STYLE('',(#6652));
#6652 = SURFACE_STYLE_FILL_AREA(#6653);
#6653 = FILL_AREA_STYLE('',(#6654));
#6654 = FILL_AREA_STYLE_COLOUR('',#5919);
#6655 = OVER_RIDING_STYLED_ITEM('overriding color',(#6656),#4630,#5901);
#6656 = PRESENTATION_STYLE_ASSIGNMENT((#6657));
#6657 = SURFACE_STYLE_USAGE(.BOTH.,#6658);
#6658 = SURFACE_SIDE_STYLE('',(#6659));
#6659 = SURFACE_STYLE_FILL_AREA(#6660);
#6660 = FILL_AREA_STYLE('',(#6661));
#6661 = FILL_AREA_STYLE_COLOUR('',#5919);
#6662 = OVER_RIDING_STYLED_ITEM('overriding color',(#6663),#4647,#5901);
#6663 = PRESENTATION_STYLE_ASSIGNMENT((#6664));
#6664 = SURFACE_STYLE_USAGE(.BOTH.,#6665);
#6665 = SURFACE_SIDE_STYLE('',(#6666));
#6666 = SURFACE_STYLE_FILL_AREA(#6667);
#6667 = FILL_AREA_STYLE('',(#6668));
#6668 = FILL_AREA_STYLE_COLOUR('',#5919);
#6669 = OVER_RIDING_STYLED_ITEM('overriding color',(#6670),#4664,#5901);
#6670 = PRESENTATION_STYLE_ASSIGNMENT((#6671));
#6671 = SURFACE_STYLE_USAGE(.BOTH.,#6672);
#6672 = SURFACE_SIDE_STYLE('',(#6673));
#6673 = SURFACE_STYLE_FILL_AREA(#6674);
#6674 = FILL_AREA_STYLE('',(#6675));
#6675 = FILL_AREA_STYLE_COLOUR('',#5919);
#6676 = OVER_RIDING_STYLED_ITEM('overriding color',(#6677),#4682,#5901);
#6677 = PRESENTATION_STYLE_ASSIGNMENT((#6678));
#6678 = SURFACE_STYLE_USAGE(.BOTH.,#6679);
#6679 = SURFACE_SIDE_STYLE('',(#6680));
#6680 = SURFACE_STYLE_FILL_AREA(#6681);
#6681 = FILL_AREA_STYLE('',(#6682));
#6682 = FILL_AREA_STYLE_COLOUR('',#5919);
#6683 = OVER_RIDING_STYLED_ITEM('overriding color',(#6684),#4700,#5901);
#6684 = PRESENTATION_STYLE_ASSIGNMENT((#6685));
#6685 = SURFACE_STYLE_USAGE(.BOTH.,#6686);
#6686 = SURFACE_SIDE_STYLE('',(#6687));
#6687 = SURFACE_STYLE_FILL_AREA(#6688);
#6688 = FILL_AREA_STYLE('',(#6689));
#6689 = FILL_AREA_STYLE_COLOUR('',#5919);
#6690 = OVER_RIDING_STYLED_ITEM('overriding color',(#6691),#4718,#5901);
#6691 = PRESENTATION_STYLE_ASSIGNMENT((#6692));
#6692 = SURFACE_STYLE_USAGE(.BOTH.,#6693);
#6693 = SURFACE_SIDE_STYLE('',(#6694));
#6694 = SURFACE_STYLE_FILL_AREA(#6695);
#6695 = FILL_AREA_STYLE('',(#6696));
#6696 = FILL_AREA_STYLE_COLOUR('',#5919);
#6697 = OVER_RIDING_STYLED_ITEM('overriding color',(#6698),#4736,#5901);
#6698 = PRESENTATION_STYLE_ASSIGNMENT((#6699));
#6699 = SURFACE_STYLE_USAGE(.BOTH.,#6700);
#6700 = SURFACE_SIDE_STYLE('',(#6701));
#6701 = SURFACE_STYLE_FILL_AREA(#6702);
#6702 = FILL_AREA_STYLE('',(#6703));
#6703 = FILL_AREA_STYLE_COLOUR('',#5919);
#6704 = OVER_RIDING_STYLED_ITEM('overriding color',(#6705),#4761,#5901);
#6705 = PRESENTATION_STYLE_ASSIGNMENT((#6706));
#6706 = SURFACE_STYLE_USAGE(.BOTH.,#6707);
#6707 = SURFACE_SIDE_STYLE('',(#6708));
#6708 = SURFACE_STYLE_FILL_AREA(#6709);
#6709 = FILL_AREA_STYLE('',(#6710));
#6710 = FILL_AREA_STYLE_COLOUR('',#5919);
#6711 = OVER_RIDING_STYLED_ITEM('overriding color',(#6712),#4778,#5901);
#6712 = PRESENTATION_STYLE_ASSIGNMENT((#6713));
#6713 = SURFACE_STYLE_USAGE(.BOTH.,#6714);
#6714 = SURFACE_SIDE_STYLE('',(#6715));
#6715 = SURFACE_STYLE_FILL_AREA(#6716);
#6716 = FILL_AREA_STYLE('',(#6717));
#6717 = FILL_AREA_STYLE_COLOUR('',#5919);
#6718 = OVER_RIDING_STYLED_ITEM('overriding color',(#6719),#4802,#5901);
#6719 = PRESENTATION_STYLE_ASSIGNMENT((#6720));
#6720 = SURFACE_STYLE_USAGE(.BOTH.,#6721);
#6721 = SURFACE_SIDE_STYLE('',(#6722));
#6722 = SURFACE_STYLE_FILL_AREA(#6723);
#6723 = FILL_AREA_STYLE('',(#6724));
#6724 = FILL_AREA_STYLE_COLOUR('',#5919);
#6725 = OVER_RIDING_STYLED_ITEM('overriding color',(#6726),#4819,#5901);
#6726 = PRESENTATION_STYLE_ASSIGNMENT((#6727));
#6727 = SURFACE_STYLE_USAGE(.BOTH.,#6728);
#6728 = SURFACE_SIDE_STYLE('',(#6729));
#6729 = SURFACE_STYLE_FILL_AREA(#6730);
#6730 = FILL_AREA_STYLE('',(#6731));
#6731 = FILL_AREA_STYLE_COLOUR('',#5919);
#6732 = OVER_RIDING_STYLED_ITEM('overriding color',(#6733),#4843,#5901);
#6733 = PRESENTATION_STYLE_ASSIGNMENT((#6734));
#6734 = SURFACE_STYLE_USAGE(.BOTH.,#6735);
#6735 = SURFACE_SIDE_STYLE('',(#6736));
#6736 = SURFACE_STYLE_FILL_AREA(#6737);
#6737 = FILL_AREA_STYLE('',(#6738));
#6738 = FILL_AREA_STYLE_COLOUR('',#5919);
#6739 = OVER_RIDING_STYLED_ITEM('overriding color',(#6740),#4861,#5901);
#6740 = PRESENTATION_STYLE_ASSIGNMENT((#6741));
#6741 = SURFACE_STYLE_USAGE(.BOTH.,#6742);
#6742 = SURFACE_SIDE_STYLE('',(#6743));
#6743 = SURFACE_STYLE_FILL_AREA(#6744);
#6744 = FILL_AREA_STYLE('',(#6745));
#6745 = FILL_AREA_STYLE_COLOUR('',#5919);
#6746 = OVER_RIDING_STYLED_ITEM('overriding color',(#6747),#4879,#5901);
#6747 = PRESENTATION_STYLE_ASSIGNMENT((#6748));
#6748 = SURFACE_STYLE_USAGE(.BOTH.,#6749);
#6749 = SURFACE_SIDE_STYLE('',(#6750));
#6750 = SURFACE_STYLE_FILL_AREA(#6751);
#6751 = FILL_AREA_STYLE('',(#6752));
#6752 = FILL_AREA_STYLE_COLOUR('',#5919);
#6753 = OVER_RIDING_STYLED_ITEM('overriding color',(#6754),#4897,#5901);
#6754 = PRESENTATION_STYLE_ASSIGNMENT((#6755));
#6755 = SURFACE_STYLE_USAGE(.BOTH.,#6756);
#6756 = SURFACE_SIDE_STYLE('',(#6757));
#6757 = SURFACE_STYLE_FILL_AREA(#6758);
#6758 = FILL_AREA_STYLE('',(#6759));
#6759 = FILL_AREA_STYLE_COLOUR('',#5919);
#6760 = OVER_RIDING_STYLED_ITEM('overriding color',(#6761),#4915,#5901);
#6761 = PRESENTATION_STYLE_ASSIGNMENT((#6762));
#6762 = SURFACE_STYLE_USAGE(.BOTH.,#6763);
#6763 = SURFACE_SIDE_STYLE('',(#6764));
#6764 = SURFACE_STYLE_FILL_AREA(#6765);
#6765 = FILL_AREA_STYLE('',(#6766));
#6766 = FILL_AREA_STYLE_COLOUR('',#5919);
#6767 = OVER_RIDING_STYLED_ITEM('overriding color',(#6768),#4940,#5901);
#6768 = PRESENTATION_STYLE_ASSIGNMENT((#6769));
#6769 = SURFACE_STYLE_USAGE(.BOTH.,#6770);
#6770 = SURFACE_SIDE_STYLE('',(#6771));
#6771 = SURFACE_STYLE_FILL_AREA(#6772);
#6772 = FILL_AREA_STYLE('',(#6773));
#6773 = FILL_AREA_STYLE_COLOUR('',#5919);
#6774 = OVER_RIDING_STYLED_ITEM('overriding color',(#6775),#4957,#5901);
#6775 = PRESENTATION_STYLE_ASSIGNMENT((#6776));
#6776 = SURFACE_STYLE_USAGE(.BOTH.,#6777);
#6777 = SURFACE_SIDE_STYLE('',(#6778));
#6778 = SURFACE_STYLE_FILL_AREA(#6779);
#6779 = FILL_AREA_STYLE('',(#6780));
#6780 = FILL_AREA_STYLE_COLOUR('',#5919);
#6781 = OVER_RIDING_STYLED_ITEM('overriding color',(#6782),#4974,#5901);
#6782 = PRESENTATION_STYLE_ASSIGNMENT((#6783));
#6783 = SURFACE_STYLE_USAGE(.BOTH.,#6784);
#6784 = SURFACE_SIDE_STYLE('',(#6785));
#6785 = SURFACE_STYLE_FILL_AREA(#6786);
#6786 = FILL_AREA_STYLE('',(#6787));
#6787 = FILL_AREA_STYLE_COLOUR('',#5919);
#6788 = OVER_RIDING_STYLED_ITEM('overriding color',(#6789),#4992,#5901);
#6789 = PRESENTATION_STYLE_ASSIGNMENT((#6790));
#6790 = SURFACE_STYLE_USAGE(.BOTH.,#6791);
#6791 = SURFACE_SIDE_STYLE('',(#6792));
#6792 = SURFACE_STYLE_FILL_AREA(#6793);
#6793 = FILL_AREA_STYLE('',(#6794));
#6794 = FILL_AREA_STYLE_COLOUR('',#5919);
#6795 = OVER_RIDING_STYLED_ITEM('overriding color',(#6796),#5016,#5901);
#6796 = PRESENTATION_STYLE_ASSIGNMENT((#6797));
#6797 = SURFACE_STYLE_USAGE(.BOTH.,#6798);
#6798 = SURFACE_SIDE_STYLE('',(#6799));
#6799 = SURFACE_STYLE_FILL_AREA(#6800);
#6800 = FILL_AREA_STYLE('',(#6801));
#6801 = FILL_AREA_STYLE_COLOUR('',#5919);
#6802 = OVER_RIDING_STYLED_ITEM('overriding color',(#6803),#5034,#5901);
#6803 = PRESENTATION_STYLE_ASSIGNMENT((#6804));
#6804 = SURFACE_STYLE_USAGE(.BOTH.,#6805);
#6805 = SURFACE_SIDE_STYLE('',(#6806));
#6806 = SURFACE_STYLE_FILL_AREA(#6807);
#6807 = FILL_AREA_STYLE('',(#6808));
#6808 = FILL_AREA_STYLE_COLOUR('',#5919);
#6809 = OVER_RIDING_STYLED_ITEM('overriding color',(#6810),#5052,#5901);
#6810 = PRESENTATION_STYLE_ASSIGNMENT((#6811));
#6811 = SURFACE_STYLE_USAGE(.BOTH.,#6812);
#6812 = SURFACE_SIDE_STYLE('',(#6813));
#6813 = SURFACE_STYLE_FILL_AREA(#6814);
#6814 = FILL_AREA_STYLE('',(#6815));
#6815 = FILL_AREA_STYLE_COLOUR('',#5919);
#6816 = OVER_RIDING_STYLED_ITEM('overriding color',(#6817),#5069,#5901);
#6817 = PRESENTATION_STYLE_ASSIGNMENT((#6818));
#6818 = SURFACE_STYLE_USAGE(.BOTH.,#6819);
#6819 = SURFACE_SIDE_STYLE('',(#6820));
#6820 = SURFACE_STYLE_FILL_AREA(#6821);
#6821 = FILL_AREA_STYLE('',(#6822));
#6822 = FILL_AREA_STYLE_COLOUR('',#5919);
#6823 = OVER_RIDING_STYLED_ITEM('overriding color',(#6824),#5086,#5901);
#6824 = PRESENTATION_STYLE_ASSIGNMENT((#6825));
#6825 = SURFACE_STYLE_USAGE(.BOTH.,#6826);
#6826 = SURFACE_SIDE_STYLE('',(#6827));
#6827 = SURFACE_STYLE_FILL_AREA(#6828);
#6828 = FILL_AREA_STYLE('',(#6829));
#6829 = FILL_AREA_STYLE_COLOUR('',#5919);
#6830 = OVER_RIDING_STYLED_ITEM('overriding color',(#6831),#5103,#5901);
#6831 = PRESENTATION_STYLE_ASSIGNMENT((#6832));
#6832 = SURFACE_STYLE_USAGE(.BOTH.,#6833);
#6833 = SURFACE_SIDE_STYLE('',(#6834));
#6834 = SURFACE_STYLE_FILL_AREA(#6835);
#6835 = FILL_AREA_STYLE('',(#6836));
#6836 = FILL_AREA_STYLE_COLOUR('',#5919);
#6837 = OVER_RIDING_STYLED_ITEM('overriding color',(#6838),#5120,#5901);
#6838 = PRESENTATION_STYLE_ASSIGNMENT((#6839));
#6839 = SURFACE_STYLE_USAGE(.BOTH.,#6840);
#6840 = SURFACE_SIDE_STYLE('',(#6841));
#6841 = SURFACE_STYLE_FILL_AREA(#6842);
#6842 = FILL_AREA_STYLE('',(#6843));
#6843 = FILL_AREA_STYLE_COLOUR('',#5919);
#6844 = OVER_RIDING_STYLED_ITEM('overriding color',(#6845),#5137,#5901);
#6845 = PRESENTATION_STYLE_ASSIGNMENT((#6846));
#6846 = SURFACE_STYLE_USAGE(.BOTH.,#6847);
#6847 = SURFACE_SIDE_STYLE('',(#6848));
#6848 = SURFACE_STYLE_FILL_AREA(#6849);
#6849 = FILL_AREA_STYLE('',(#6850));
#6850 = FILL_AREA_STYLE_COLOUR('',#5919);
#6851 = OVER_RIDING_STYLED_ITEM('overriding color',(#6852),#5149,#5901);
#6852 = PRESENTATION_STYLE_ASSIGNMENT((#6853));
#6853 = SURFACE_STYLE_USAGE(.BOTH.,#6854);
#6854 = SURFACE_SIDE_STYLE('',(#6855));
#6855 = SURFACE_STYLE_FILL_AREA(#6856);
#6856 = FILL_AREA_STYLE('',(#6857));
#6857 = FILL_AREA_STYLE_COLOUR('',#5919);
#6858 = OVER_RIDING_STYLED_ITEM('overriding color',(#6859),#5161,#5901);
#6859 = PRESENTATION_STYLE_ASSIGNMENT((#6860));
#6860 = SURFACE_STYLE_USAGE(.BOTH.,#6861);
#6861 = SURFACE_SIDE_STYLE('',(#6862));
#6862 = SURFACE_STYLE_FILL_AREA(#6863);
#6863 = FILL_AREA_STYLE('',(#6864));
#6864 = FILL_AREA_STYLE_COLOUR('',#5919);
#6865 = OVER_RIDING_STYLED_ITEM('overriding color',(#6866),#5173,#5901);
#6866 = PRESENTATION_STYLE_ASSIGNMENT((#6867));
#6867 = SURFACE_STYLE_USAGE(.BOTH.,#6868);
#6868 = SURFACE_SIDE_STYLE('',(#6869));
#6869 = SURFACE_STYLE_FILL_AREA(#6870);
#6870 = FILL_AREA_STYLE('',(#6871));
#6871 = FILL_AREA_STYLE_COLOUR('',#5919);
#6872 = OVER_RIDING_STYLED_ITEM('overriding color',(#6873),#5197,#5901);
#6873 = PRESENTATION_STYLE_ASSIGNMENT((#6874));
#6874 = SURFACE_STYLE_USAGE(.BOTH.,#6875);
#6875 = SURFACE_SIDE_STYLE('',(#6876));
#6876 = SURFACE_STYLE_FILL_AREA(#6877);
#6877 = FILL_AREA_STYLE('',(#6878));
#6878 = FILL_AREA_STYLE_COLOUR('',#5919);
#6879 = OVER_RIDING_STYLED_ITEM('overriding color',(#6880),#5421,#5901);
#6880 = PRESENTATION_STYLE_ASSIGNMENT((#6881));
#6881 = SURFACE_STYLE_USAGE(.BOTH.,#6882);
#6882 = SURFACE_SIDE_STYLE('',(#6883));
#6883 = SURFACE_STYLE_FILL_AREA(#6884);
#6884 = FILL_AREA_STYLE('',(#6885));
#6885 = FILL_AREA_STYLE_COLOUR('',#5919);
#6886 = OVER_RIDING_STYLED_ITEM('overriding color',(#6887),#5438,#5901);
#6887 = PRESENTATION_STYLE_ASSIGNMENT((#6888));
#6888 = SURFACE_STYLE_USAGE(.BOTH.,#6889);
#6889 = SURFACE_SIDE_STYLE('',(#6890));
#6890 = SURFACE_STYLE_FILL_AREA(#6891);
#6891 = FILL_AREA_STYLE('',(#6892));
#6892 = FILL_AREA_STYLE_COLOUR('',#5919);
#6893 = OVER_RIDING_STYLED_ITEM('overriding color',(#6894),#5455,#5901);
#6894 = PRESENTATION_STYLE_ASSIGNMENT((#6895));
#6895 = SURFACE_STYLE_USAGE(.BOTH.,#6896);
#6896 = SURFACE_SIDE_STYLE('',(#6897));
#6897 = SURFACE_STYLE_FILL_AREA(#6898);
#6898 = FILL_AREA_STYLE('',(#6899));
#6899 = FILL_AREA_STYLE_COLOUR('',#5919);
#6900 = OVER_RIDING_STYLED_ITEM('overriding color',(#6901),#5472,#5901);
#6901 = PRESENTATION_STYLE_ASSIGNMENT((#6902));
#6902 = SURFACE_STYLE_USAGE(.BOTH.,#6903);
#6903 = SURFACE_SIDE_STYLE('',(#6904));
#6904 = SURFACE_STYLE_FILL_AREA(#6905);
#6905 = FILL_AREA_STYLE('',(#6906));
#6906 = FILL_AREA_STYLE_COLOUR('',#5919);
#6907 = OVER_RIDING_STYLED_ITEM('overriding color',(#6908),#5489,#5901);
#6908 = PRESENTATION_STYLE_ASSIGNMENT((#6909));
#6909 = SURFACE_STYLE_USAGE(.BOTH.,#6910);
#6910 = SURFACE_SIDE_STYLE('',(#6911));
#6911 = SURFACE_STYLE_FILL_AREA(#6912);
#6912 = FILL_AREA_STYLE('',(#6913));
#6913 = FILL_AREA_STYLE_COLOUR('',#5919);
#6914 = OVER_RIDING_STYLED_ITEM('overriding color',(#6915),#5506,#5901);
#6915 = PRESENTATION_STYLE_ASSIGNMENT((#6916));
#6916 = SURFACE_STYLE_USAGE(.BOTH.,#6917);
#6917 = SURFACE_SIDE_STYLE('',(#6918));
#6918 = SURFACE_STYLE_FILL_AREA(#6919);
#6919 = FILL_AREA_STYLE('',(#6920));
#6920 = FILL_AREA_STYLE_COLOUR('',#5919);
#6921 = OVER_RIDING_STYLED_ITEM('overriding color',(#6922),#5523,#5901);
#6922 = PRESENTATION_STYLE_ASSIGNMENT((#6923));
#6923 = SURFACE_STYLE_USAGE(.BOTH.,#6924);
#6924 = SURFACE_SIDE_STYLE('',(#6925));
#6925 = SURFACE_STYLE_FILL_AREA(#6926);
#6926 = FILL_AREA_STYLE('',(#6927));
#6927 = FILL_AREA_STYLE_COLOUR('',#5919);
#6928 = OVER_RIDING_STYLED_ITEM('overriding color',(#6929),#5540,#5901);
#6929 = PRESENTATION_STYLE_ASSIGNMENT((#6930));
#6930 = SURFACE_STYLE_USAGE(.BOTH.,#6931);
#6931 = SURFACE_SIDE_STYLE('',(#6932));
#6932 = SURFACE_STYLE_FILL_AREA(#6933);
#6933 = FILL_AREA_STYLE('',(#6934));
#6934 = FILL_AREA_STYLE_COLOUR('',#5919);
#6935 = OVER_RIDING_STYLED_ITEM('overriding color',(#6936),#5552,#5901);
#6936 = PRESENTATION_STYLE_ASSIGNMENT((#6937));
#6937 = SURFACE_STYLE_USAGE(.BOTH.,#6938);
#6938 = SURFACE_SIDE_STYLE('',(#6939));
#6939 = SURFACE_STYLE_FILL_AREA(#6940);
#6940 = FILL_AREA_STYLE('',(#6941));
#6941 = FILL_AREA_STYLE_COLOUR('',#5919);
#6942 = OVER_RIDING_STYLED_ITEM('overriding color',(#6943),#5564,#5901);
#6943 = PRESENTATION_STYLE_ASSIGNMENT((#6944));
#6944 = SURFACE_STYLE_USAGE(.BOTH.,#6945);
#6945 = SURFACE_SIDE_STYLE('',(#6946));
#6946 = SURFACE_STYLE_FILL_AREA(#6947);
#6947 = FILL_AREA_STYLE('',(#6948));
#6948 = FILL_AREA_STYLE_COLOUR('',#5919);
#6949 = OVER_RIDING_STYLED_ITEM('overriding color',(#6950),#5616,#5901);
#6950 = PRESENTATION_STYLE_ASSIGNMENT((#6951));
#6951 = SURFACE_STYLE_USAGE(.BOTH.,#6952);
#6952 = SURFACE_SIDE_STYLE('',(#6953));
#6953 = SURFACE_STYLE_FILL_AREA(#6954);
#6954 = FILL_AREA_STYLE('',(#6955));
#6955 = FILL_AREA_STYLE_COLOUR('',#5919);
#6956 = OVER_RIDING_STYLED_ITEM('overriding color',(#6957),#5668,#5901);
#6957 = PRESENTATION_STYLE_ASSIGNMENT((#6958));
#6958 = SURFACE_STYLE_USAGE(.BOTH.,#6959);
#6959 = SURFACE_SIDE_STYLE('',(#6960));
#6960 = SURFACE_STYLE_FILL_AREA(#6961);
#6961 = FILL_AREA_STYLE('',(#6962));
#6962 = FILL_AREA_STYLE_COLOUR('',#5919);
#6963 = OVER_RIDING_STYLED_ITEM('overriding color',(#6964),#5683,#5901);
#6964 = PRESENTATION_STYLE_ASSIGNMENT((#6965));
#6965 = SURFACE_STYLE_USAGE(.BOTH.,#6966);
#6966 = SURFACE_SIDE_STYLE('',(#6967));
#6967 = SURFACE_STYLE_FILL_AREA(#6968);
#6968 = FILL_AREA_STYLE('',(#6969));
#6969 = FILL_AREA_STYLE_COLOUR('',#5919);
#6970 = OVER_RIDING_STYLED_ITEM('overriding color',(#6971),#5700,#5901);
#6971 = PRESENTATION_STYLE_ASSIGNMENT((#6972));
#6972 = SURFACE_STYLE_USAGE(.BOTH.,#6973);
#6973 = SURFACE_SIDE_STYLE('',(#6974));
#6974 = SURFACE_STYLE_FILL_AREA(#6975);
#6975 = FILL_AREA_STYLE('',(#6976));
#6976 = FILL_AREA_STYLE_COLOUR('',#5919);
#6977 = OVER_RIDING_STYLED_ITEM('overriding color',(#6978),#5717,#5901);
#6978 = PRESENTATION_STYLE_ASSIGNMENT((#6979));
#6979 = SURFACE_STYLE_USAGE(.BOTH.,#6980);
#6980 = SURFACE_SIDE_STYLE('',(#6981));
#6981 = SURFACE_STYLE_FILL_AREA(#6982);
#6982 = FILL_AREA_STYLE('',(#6983));
#6983 = FILL_AREA_STYLE_COLOUR('',#5919);
#6984 = OVER_RIDING_STYLED_ITEM('overriding color',(#6985),#5727,#5901);
#6985 = PRESENTATION_STYLE_ASSIGNMENT((#6986));
#6986 = SURFACE_STYLE_USAGE(.BOTH.,#6987);
#6987 = SURFACE_SIDE_STYLE('',(#6988));
#6988 = SURFACE_STYLE_FILL_AREA(#6989);
#6989 = FILL_AREA_STYLE('',(#6990));
#6990 = FILL_AREA_STYLE_COLOUR('',#5919);
#6991 = OVER_RIDING_STYLED_ITEM('overriding color',(#6992),#5742,#5901);
#6992 = PRESENTATION_STYLE_ASSIGNMENT((#6993));
#6993 = SURFACE_STYLE_USAGE(.BOTH.,#6994);
#6994 = SURFACE_SIDE_STYLE('',(#6995));
#6995 = SURFACE_STYLE_FILL_AREA(#6996);
#6996 = FILL_AREA_STYLE('',(#6997));
#6997 = FILL_AREA_STYLE_COLOUR('',#5919);
#6998 = OVER_RIDING_STYLED_ITEM('overriding color',(#6999),#5759,#5901);
#6999 = PRESENTATION_STYLE_ASSIGNMENT((#7000));
#7000 = SURFACE_STYLE_USAGE(.BOTH.,#7001);
#7001 = SURFACE_SIDE_STYLE('',(#7002));
#7002 = SURFACE_STYLE_FILL_AREA(#7003);
#7003 = FILL_AREA_STYLE('',(#7004));
#7004 = FILL_AREA_STYLE_COLOUR('',#5919);
#7005 = OVER_RIDING_STYLED_ITEM('overriding color',(#7006),#5776,#5901);
#7006 = PRESENTATION_STYLE_ASSIGNMENT((#7007));
#7007 = SURFACE_STYLE_USAGE(.BOTH.,#7008);
#7008 = SURFACE_SIDE_STYLE('',(#7009));
#7009 = SURFACE_STYLE_FILL_AREA(#7010);
#7010 = FILL_AREA_STYLE('',(#7011));
#7011 = FILL_AREA_STYLE_COLOUR('',#5919);
#7012 = OVER_RIDING_STYLED_ITEM('overriding color',(#7013),#5786,#5901);
#7013 = PRESENTATION_STYLE_ASSIGNMENT((#7014));
#7014 = SURFACE_STYLE_USAGE(.BOTH.,#7015);
#7015 = SURFACE_SIDE_STYLE('',(#7016));
#7016 = SURFACE_STYLE_FILL_AREA(#7017);
#7017 = FILL_AREA_STYLE('',(#7018));
#7018 = FILL_AREA_STYLE_COLOUR('',#5919);
#7019 = OVER_RIDING_STYLED_ITEM('overriding color',(#7020),#5801,#5901);
#7020 = PRESENTATION_STYLE_ASSIGNMENT((#7021));
#7021 = SURFACE_STYLE_USAGE(.BOTH.,#7022);
#7022 = SURFACE_SIDE_STYLE('',(#7023));
#7023 = SURFACE_STYLE_FILL_AREA(#7024);
#7024 = FILL_AREA_STYLE('',(#7025));
#7025 = FILL_AREA_STYLE_COLOUR('',#5919);
ENDSEC;
END-ISO-10303-21;
