ISO-10303-21;
HEADER;
FILE_DESCRIPTION(('FreeCAD Model'),'2;1');
FILE_NAME('Open CASCADE Shape Model','2026-08-31T05:34:38',('Author'),(
    ''),'Open CASCADE STEP processor 7.9','FreeCAD','Unknown');
FILE_SCHEMA(('AUTOMOTIVE_DESIGN { 1 0 10303 214 1 1 1 1 }'));
ENDSEC;
DATA;
#1 = APPLICATION_PROTOCOL_DEFINITION('international standard',
  'automotive_design',2000,#2);
#2 = APPLICATION_CONTEXT(
  'core data for automotive mechanical design processes');
#3 = SHAPE_DEFINITION_REPRESENTATION(#4,#10);
#4 = PRODUCT_DEFINITION_SHAPE('','',#5);
#5 = PRODUCT_DEFINITION('design','',#6,#9);
#6 = PRODUCT_DEFINITION_FORMATION('','',#7);
#7 = PRODUCT('4040 profile_Standard','4040 profile_Standard','',(#8));
#8 = PRODUCT_CONTEXT('',#2,'mechanical');
#9 = PRODUCT_DEFINITION_CONTEXT('part definition',#2,'design');
#10 = ADVANCED_BREP_SHAPE_REPRESENTATION('',(#11,#15),#13859);
#11 = AXIS2_PLACEMENT_3D('',#12,#13,#14);
#12 = CARTESIAN_POINT('',(0.,0.,0.));
#13 = DIRECTION('',(0.,0.,1.));
#14 = DIRECTION('',(1.,0.,-0.));
#15 = MANIFOLD_SOLID_BREP('',#16);
#16 = CLOSED_SHELL('',(#17,#185,#353,#387,#456,#624,#658,#826,#869,#1041
    ,#1075,#1247,#1316,#1488,#1660,#1729,#1763,#1805,#1847,#1889,#1931,
    #1973,#2015,#2057,#2099,#2131,#2163,#2195,#2227,#2271,#2313,#2368,
    #2402,#2436,#2470,#2502,#2534,#2576,#2608,#2640,#2672,#2704,#2736,
    #2796,#2854,#2912,#2944,#3004,#3064,#3122,#3154,#3212,#3272,#3304,
    #3326,#3348,#3390,#3432,#3454,#3476,#3522,#3595,#3652,#3685,#3720,
    #3761,#3802,#3828,#3867,#3899,#3930,#4003,#4051,#4086,#4134,#4175,
    #4207,#4242,#4290,#4334,#4382,#4423,#4471,#4503,#4529,#4569,#4617,
    #6019,#6060,#7361,#7386,#7396,#7414,#7432,#7450,#7468,#7485,#7521,
    #7554,#7592,#7628,#7645,#7679,#7704,#7721,#7749,#7774,#7800,#7817,
    #7852,#7885,#7923,#7959,#7976,#8003,#8021,#8043,#8065,#8100,#8133,
    #8171,#8207,#8224,#8242,#8273,#8295,#8317,#8352,#8385,#8423,#8459,
    #8476,#8494,#8516,#8538,#8573,#8606,#8644,#8680,#8697,#8715,#8737,
    #8754,#8776,#8811,#8844,#8882,#8918,#8935,#8967,#8989,#9022,#9048,
    #9065,#9100,#9133,#9171,#9207,#9224,#9258,#9283,#9300,#9317,#9351,
    #9376,#9393,#9429,#9462,#9500,#9536,#9553,#9573,#9611,#9649,#9666,
    #9683,#9700,#9733,#9771,#9809,#9847,#9864,#9881,#9898,#9915,#9932,
    #9965,#10003,#10041,#10079,#10096,#10113,#10130,#10163,#10201,#10239
    ,#10277,#10294,#10311,#10328,#10345,#10362,#10395,#10433,#10443,
    #10461,#10479,#10504,#10536,#10554,#10572,#10590,#10608,#10626,
    #10644,#10660,#10670,#10695,#10712,#10724,#10742,#10758,#10768,
    #10778,#10803,#10820,#10832,#10850,#10862,#10879,#10900,#10925,
    #10942,#10954,#10972,#10992,#11010,#11030,#11042,#11054,#11071,
    #11092,#11117,#11134,#11146,#11164,#11191,#11211,#11235,#11247,
    #11264,#11285,#11310,#11327,#11339,#11357,#11384,#11404,#11428,
    #11440,#11461,#11478,#11508,#11528,#11545,#11556,#11581,#11598,
    #11610,#11628,#11644,#11654,#11688,#11708,#11746,#11758,#11769,
    #11786,#11797,#11822,#11839,#11851,#11869,#11885,#11895,#11905,
    #11915,#11931,#11941,#11966,#11983,#11995,#12013,#12029,#12039,
    #12064,#12076,#12093,#12105,#12123,#12148,#12165,#12177,#12189,
    #12207,#12232,#12249,#12261,#12279,#12304,#12321,#12333,#12351,
    #12363,#12388,#12405,#12417,#12435,#12460,#12477,#12489,#12507,
    #12519,#12544,#12561,#12573,#12591,#12616,#12633,#12645,#12663,
    #12681,#12699,#12711,#12723,#12743,#12763,#12781,#12799,#12817,
    #12835,#12853,#12899,#12943,#12987,#13005,#13051,#13097,#13141,
    #13159,#13203,#13249,#13267,#13279,#13291,#13309,#13327,#13339,
    #13351,#13368,#13379,#13393,#13415,#13431,#13441,#13457,#13479,
    #13493,#13515,#13531,#13548,#13559,#13581,#13597,#13607,#13619,
    #13641,#13658,#13669,#13685,#13695,#13707,#13729,#13743,#13760,
    #13771,#13793,#13809,#13819,#13837));
#17 = ADVANCED_FACE('',(#18,#90),#180,.F.);
#18 = FACE_BOUND('',#19,.F.);
#19 = EDGE_LOOP('',(#20,#57));
#20 = ORIENTED_EDGE('',*,*,#21,.T.);
#21 = EDGE_CURVE('',#22,#24,#26,.T.);
#22 = VERTEX_POINT('',#23);
#23 = CARTESIAN_POINT('',(133.26146613492,0.,-2.));
#24 = VERTEX_POINT('',#25);
#25 = CARTESIAN_POINT('',(133.26146613492,1.E-15,2.));
#26 = B_SPLINE_CURVE_WITH_KNOTS('',3,(#27,#28,#29,#30,#31,#32,#33,#34,
    #35,#36,#37,#38,#39,#40,#41,#42,#43,#44,#45,#46,#47,#48,#49,#50,#51,
    #52,#53,#54,#55,#56),.UNSPECIFIED.,.F.,.F.,(4,2,2,2,2,2,2,2,2,2,2,2,
    2,2,4),(6.547647685313E-03,6.956150681367E-03,7.364653677422E-03,
    8.181659669531E-03,8.590162665586E-03,8.99866566164E-03,
    9.407168657695E-03,9.81567165375E-03,1.02241746498E-02,
    1.063267764586E-02,1.104118064191E-02,1.144968363797E-02,
    1.226668963008E-02,1.267519262613E-02,1.308369562219E-02),
  .UNSPECIFIED.);
#27 = CARTESIAN_POINT('',(133.26146613492,2.4E-16,-2.));
#28 = CARTESIAN_POINT('',(133.26146613492,0.137358105234,-2.));
#29 = CARTESIAN_POINT('',(133.24438611303,0.275699316899,-1.985436603335
    ));
#30 = CARTESIAN_POINT('',(133.18456250077,0.538185197506,-1.930887182719
    ));
#31 = CARTESIAN_POINT('',(133.14170926526,0.66503457659,-1.890529046275)
  );
#32 = CARTESIAN_POINT('',(132.99669007585,1.018261648667,-1.740295223902
    ));
#33 = CARTESIAN_POINT('',(132.8760932631,1.227837722507,-1.598387725944)
  );
#34 = CARTESIAN_POINT('',(132.70846543856,1.494458784207,-1.334990689526
    ));
#35 = CARTESIAN_POINT('',(132.65365613431,1.57657589667,-1.237253133647)
  );
#36 = CARTESIAN_POINT('',(132.55395867604,1.721447118092,-1.026161144409
    ));
#37 = CARTESIAN_POINT('',(132.50913524117,1.78415203256,-0.913353527836)
  );
#38 = CARTESIAN_POINT('',(132.43322149211,1.888688205357,-0.671021612947
    ));
#39 = CARTESIAN_POINT('',(132.40247167804,1.930022849993,-0.541390035114
    ));
#40 = CARTESIAN_POINT('',(132.36126472147,1.985134425744,-0.278087546182
    ));
#41 = CARTESIAN_POINT('',(132.35018172915,1.999759208721,-0.141831187828
    ));
#42 = CARTESIAN_POINT('',(132.34982272884,2.000234884429,0.134956977665)
  );
#43 = CARTESIAN_POINT('',(132.36041626055,1.986261257163,0.270610271324)
  );
#44 = CARTESIAN_POINT('',(132.40144260107,1.931406746306,0.536778987084)
  );
#45 = CARTESIAN_POINT('',(132.43207364201,1.890243294594,0.666610822463)
  );
#46 = CARTESIAN_POINT('',(132.5075543751,1.786353583649,0.90902726888));
#47 = CARTESIAN_POINT('',(132.55318260001,1.722548090174,1.024325033964)
  );
#48 = CARTESIAN_POINT('',(132.65285036897,1.577773090321,1.235736935447)
  );
#49 = CARTESIAN_POINT('',(132.70692939404,1.496835695208,1.332428128368)
  );
#50 = CARTESIAN_POINT('',(132.87594892867,1.228197920454,1.598454607128)
  );
#51 = CARTESIAN_POINT('',(132.99497813261,1.022133773759,1.738468364349)
  );
#52 = CARTESIAN_POINT('',(133.14184162968,0.664859925001,1.890692652562)
  );
#53 = CARTESIAN_POINT('',(133.18393921288,0.540385108895,1.9303076173));
#54 = CARTESIAN_POINT('',(133.24421818971,0.27696398457,1.985294566198)
  );
#55 = CARTESIAN_POINT('',(133.26146613492,0.139039244852,2.));
#56 = CARTESIAN_POINT('',(133.26146613492,1.05E-15,2.));
#57 = ORIENTED_EDGE('',*,*,#58,.T.);
#58 = EDGE_CURVE('',#24,#22,#59,.T.);
#59 = B_SPLINE_CURVE_WITH_KNOTS('',3,(#60,#61,#62,#63,#64,#65,#66,#67,
    #68,#69,#70,#71,#72,#73,#74,#75,#76,#77,#78,#79,#80,#81,#82,#83,#84,
    #85,#86,#87,#88,#89),.UNSPECIFIED.,.F.,.F.,(4,2,2,2,2,2,2,2,2,2,2,2,
    2,2,4),(0.,4.09227980332E-04,8.184559606641E-04,1.636911921328E-03,
    2.04613990166E-03,2.455367881992E-03,2.864595862324E-03,
    3.273823842656E-03,3.683051822988E-03,4.092279803321E-03,
    4.501507783653E-03,4.910735763985E-03,5.729191724649E-03,
    6.138419704981E-03,6.547647685313E-03),.UNSPECIFIED.);
#60 = CARTESIAN_POINT('',(133.26146613492,1.05E-15,2.));
#61 = CARTESIAN_POINT('',(133.26146613492,-0.139286002568,2.));
#62 = CARTESIAN_POINT('',(133.24463494902,-0.274008021879,1.985651093284
    ));
#63 = CARTESIAN_POINT('',(133.18520017717,-0.535977920072,1.931480864391
    ));
#64 = CARTESIAN_POINT('',(133.14239528589,-0.663135930776,1.891199199493
    ));
#65 = CARTESIAN_POINT('',(132.99753814414,-1.016646172162,1.74125393324)
  );
#66 = CARTESIAN_POINT('',(132.87686223343,-1.226538348918,1.599425492867
    ));
#67 = CARTESIAN_POINT('',(132.70901689402,-1.493619489108,1.335941757303
    ));
#68 = CARTESIAN_POINT('',(132.65409115951,-1.575929475014,1.238071740586
    ));
#69 = CARTESIAN_POINT('',(132.5543695325,-1.720864261326,1.027132678453)
  );
#70 = CARTESIAN_POINT('',(132.50947855311,-1.783674595124,0.914314130352
    ));
#71 = CARTESIAN_POINT('',(132.43338082689,-1.888473447961,0.671664668266
    ));
#72 = CARTESIAN_POINT('',(132.40263725323,-1.929800387028,0.542191073735
    ));
#73 = CARTESIAN_POINT('',(132.36134292577,-1.985030843802,0.278842685692
    ));
#74 = CARTESIAN_POINT('',(132.35020051665,-1.999734315234,0.142120267269
    ));
#75 = CARTESIAN_POINT('',(132.349804902,-2.000258505043,-0.134541498784)
  );
#76 = CARTESIAN_POINT('',(132.36037155025,-1.986320826948,
    -0.270264322078));
#77 = CARTESIAN_POINT('',(132.40143638099,-1.931415273029,-0.5367944434)
  );
#78 = CARTESIAN_POINT('',(132.4320670514,-1.890252856626,-0.666604142949
    ));
#79 = CARTESIAN_POINT('',(132.50761440191,-1.786270473086,
    -0.909205555614));
#80 = CARTESIAN_POINT('',(132.55330643323,-1.722373269492,
    -1.024624264973));
#81 = CARTESIAN_POINT('',(132.65302846081,-1.577509326608,
    -1.236078026784));
#82 = CARTESIAN_POINT('',(132.70716398048,-1.49648253995,-1.332841740448
    ));
#83 = CARTESIAN_POINT('',(132.87644747165,-1.227365984776,
    -1.599150127174));
#84 = CARTESIAN_POINT('',(132.99564680437,-1.020828525195,
    -1.739219040666));
#85 = CARTESIAN_POINT('',(133.14229360382,-0.663598403139,
    -1.891132093924));
#86 = CARTESIAN_POINT('',(133.18434706897,-0.539063875878,
    -1.930689354656));
#87 = CARTESIAN_POINT('',(133.24450286159,-0.275253518256,
    -1.985544446027));
#88 = CARTESIAN_POINT('',(133.26146613492,-0.137601879374,-2.));
#89 = CARTESIAN_POINT('',(133.26146613492,2.4E-16,-2.));
#90 = FACE_BOUND('',#91,.F.);
#91 = EDGE_LOOP('',(#92,#103,#112,#121,#129,#138,#147,#156,#165,#173));
#92 = ORIENTED_EDGE('',*,*,#93,.T.);
#93 = EDGE_CURVE('',#94,#96,#98,.T.);
#94 = VERTEX_POINT('',#95);
#95 = CARTESIAN_POINT('',(132.39759726406,-4.,-0.5));
#96 = VERTEX_POINT('',#97);
#97 = CARTESIAN_POINT('',(132.35,-3.5,-2.4E-14));
#98 = ( BOUNDED_CURVE() B_SPLINE_CURVE(3,(#99,#100,#101,#102),
.UNSPECIFIED.,.F.,.F.) B_SPLINE_CURVE_WITH_KNOTS((4,4),(4.52257191904,
4.712388980385),.PIECEWISE_BEZIER_KNOTS.) CURVE() 
GEOMETRIC_REPRESENTATION_ITEM() RATIONAL_B_SPLINE_CURVE((1.,
0.996999710075,0.996999710075,1.)) REPRESENTATION_ITEM('') );
#99 = CARTESIAN_POINT('',(132.39759726406,-4.,-0.5));
#100 = CARTESIAN_POINT('',(132.3659134998,-3.83509217039,-0.33509217039)
  );
#101 = CARTESIAN_POINT('',(132.35,-3.667923950598,-0.167923950598));
#102 = CARTESIAN_POINT('',(132.35,-3.5,-2.398E-14));
#103 = ORIENTED_EDGE('',*,*,#104,.T.);
#104 = EDGE_CURVE('',#96,#105,#107,.T.);
#105 = VERTEX_POINT('',#106);
#106 = CARTESIAN_POINT('',(132.39759726406,-4.,0.5));
#107 = ( BOUNDED_CURVE() B_SPLINE_CURVE(3,(#108,#109,#110,#111),
.UNSPECIFIED.,.F.,.F.) B_SPLINE_CURVE_WITH_KNOTS((4,4),(1.570796326795,
1.76061338814),.PIECEWISE_BEZIER_KNOTS.) CURVE() 
GEOMETRIC_REPRESENTATION_ITEM() RATIONAL_B_SPLINE_CURVE((1.,
0.996999710075,0.996999710075,1.)) REPRESENTATION_ITEM('') );
#108 = CARTESIAN_POINT('',(132.35,-3.5,-2.398E-14));
#109 = CARTESIAN_POINT('',(132.35,-3.667923950598,0.167923950598));
#110 = CARTESIAN_POINT('',(132.3659134998,-3.83509217039,0.33509217039)
  );
#111 = CARTESIAN_POINT('',(132.39759726406,-4.,0.5));
#112 = ORIENTED_EDGE('',*,*,#113,.T.);
#113 = EDGE_CURVE('',#105,#114,#116,.T.);
#114 = VERTEX_POINT('',#115);
#115 = CARTESIAN_POINT('',(135.,-4.,2.65));
#116 = CIRCLE('',#117,2.65);
#117 = AXIS2_PLACEMENT_3D('',#118,#119,#120);
#118 = CARTESIAN_POINT('',(135.,-4.,-2.884E-14));
#119 = DIRECTION('',(0.,1.,0.));
#120 = DIRECTION('',(0.,-0.,1.));
#121 = ORIENTED_EDGE('',*,*,#122,.T.);
#122 = EDGE_CURVE('',#114,#123,#125,.T.);
#123 = VERTEX_POINT('',#124);
#124 = CARTESIAN_POINT('',(135.,4.,2.65));
#125 = LINE('',#126,#127);
#126 = CARTESIAN_POINT('',(135.,30.,2.65));
#127 = VECTOR('',#128,1.);
#128 = DIRECTION('',(-0.,1.,1.7E-16));
#129 = ORIENTED_EDGE('',*,*,#130,.T.);
#130 = EDGE_CURVE('',#123,#131,#133,.T.);
#131 = VERTEX_POINT('',#132);
#132 = CARTESIAN_POINT('',(132.39759726406,4.,0.5));
#133 = CIRCLE('',#134,2.65);
#134 = AXIS2_PLACEMENT_3D('',#135,#136,#137);
#135 = CARTESIAN_POINT('',(135.,4.,-2.745E-14));
#136 = DIRECTION('',(0.,-1.,0.));
#137 = DIRECTION('',(0.,0.,-1.));
#138 = ORIENTED_EDGE('',*,*,#139,.T.);
#139 = EDGE_CURVE('',#131,#140,#142,.T.);
#140 = VERTEX_POINT('',#141);
#141 = CARTESIAN_POINT('',(132.35,3.5,-0.));
#142 = ( BOUNDED_CURVE() B_SPLINE_CURVE(3,(#143,#144,#145,#146),
.UNSPECIFIED.,.F.,.F.) B_SPLINE_CURVE_WITH_KNOTS((4,4),(1.38097926545,
1.570796326795),.PIECEWISE_BEZIER_KNOTS.) CURVE() 
GEOMETRIC_REPRESENTATION_ITEM() RATIONAL_B_SPLINE_CURVE((1.,
0.996999710075,0.996999710075,1.)) REPRESENTATION_ITEM('') );
#143 = CARTESIAN_POINT('',(132.39759726406,4.,0.5));
#144 = CARTESIAN_POINT('',(132.3659134998,3.83509217039,0.33509217039));
#145 = CARTESIAN_POINT('',(132.35,3.667923950598,0.167923950598));
#146 = CARTESIAN_POINT('',(132.35,3.5,-4.6E-16));
#147 = ORIENTED_EDGE('',*,*,#148,.T.);
#148 = EDGE_CURVE('',#140,#149,#151,.T.);
#149 = VERTEX_POINT('',#150);
#150 = CARTESIAN_POINT('',(132.39759726406,4.,-0.5));
#151 = ( BOUNDED_CURVE() B_SPLINE_CURVE(3,(#152,#153,#154,#155),
.UNSPECIFIED.,.F.,.F.) B_SPLINE_CURVE_WITH_KNOTS((4,4),(4.712388980385,
4.902206041729),.PIECEWISE_BEZIER_KNOTS.) CURVE() 
GEOMETRIC_REPRESENTATION_ITEM() RATIONAL_B_SPLINE_CURVE((1.,
0.996999710075,0.996999710075,1.)) REPRESENTATION_ITEM('') );
#152 = CARTESIAN_POINT('',(132.35,3.5,-4.6E-16));
#153 = CARTESIAN_POINT('',(132.35,3.667923950598,-0.167923950598));
#154 = CARTESIAN_POINT('',(132.3659134998,3.83509217039,-0.33509217039)
  );
#155 = CARTESIAN_POINT('',(132.39759726406,4.,-0.5));
#156 = ORIENTED_EDGE('',*,*,#157,.T.);
#157 = EDGE_CURVE('',#149,#158,#160,.T.);
#158 = VERTEX_POINT('',#159);
#159 = CARTESIAN_POINT('',(135.,4.,-2.65));
#160 = CIRCLE('',#161,2.65);
#161 = AXIS2_PLACEMENT_3D('',#162,#163,#164);
#162 = CARTESIAN_POINT('',(135.,4.,-2.745E-14));
#163 = DIRECTION('',(0.,-1.,0.));
#164 = DIRECTION('',(0.,0.,-1.));
#165 = ORIENTED_EDGE('',*,*,#166,.F.);
#166 = EDGE_CURVE('',#167,#158,#169,.T.);
#167 = VERTEX_POINT('',#168);
#168 = CARTESIAN_POINT('',(135.,-4.,-2.65));
#169 = LINE('',#170,#171);
#170 = CARTESIAN_POINT('',(135.,30.,-2.65));
#171 = VECTOR('',#172,1.);
#172 = DIRECTION('',(-0.,1.,1.7E-16));
#173 = ORIENTED_EDGE('',*,*,#174,.T.);
#174 = EDGE_CURVE('',#167,#94,#175,.T.);
#175 = CIRCLE('',#176,2.65);
#176 = AXIS2_PLACEMENT_3D('',#177,#178,#179);
#177 = CARTESIAN_POINT('',(135.,-4.,-2.884E-14));
#178 = DIRECTION('',(0.,1.,0.));
#179 = DIRECTION('',(0.,-0.,1.));
#180 = CYLINDRICAL_SURFACE('',#181,2.65);
#181 = AXIS2_PLACEMENT_3D('',#182,#183,#184);
#182 = CARTESIAN_POINT('',(135.,30.,-2.294E-14));
#183 = DIRECTION('',(-0.,1.,1.7E-16));
#184 = DIRECTION('',(0.,-1.7E-16,1.));
#185 = ADVANCED_FACE('',(#186,#258),#348,.F.);
#186 = FACE_BOUND('',#187,.F.);
#187 = EDGE_LOOP('',(#188,#225));
#188 = ORIENTED_EDGE('',*,*,#189,.T.);
#189 = EDGE_CURVE('',#190,#192,#194,.T.);
#190 = VERTEX_POINT('',#191);
#191 = CARTESIAN_POINT('',(133.26146613492,20.,-2.));
#192 = VERTEX_POINT('',#193);
#193 = CARTESIAN_POINT('',(133.26146613492,20.,2.));
#194 = B_SPLINE_CURVE_WITH_KNOTS('',3,(#195,#196,#197,#198,#199,#200,
    #201,#202,#203,#204,#205,#206,#207,#208,#209,#210,#211,#212,#213,
    #214,#215,#216,#217,#218,#219,#220,#221,#222,#223,#224),
  .UNSPECIFIED.,.F.,.F.,(4,2,2,2,2,2,2,2,2,2,2,2,2,2,4),(
    6.547647685313E-03,6.956150681367E-03,7.364653677422E-03,
    8.181659669531E-03,8.590162665586E-03,8.99866566164E-03,
    9.407168657695E-03,9.81567165375E-03,1.02241746498E-02,
    1.063267764586E-02,1.104118064191E-02,1.144968363797E-02,
    1.226668963008E-02,1.267519262613E-02,1.308369562219E-02),
  .UNSPECIFIED.);
#195 = CARTESIAN_POINT('',(133.26146613492,20.,-2.));
#196 = CARTESIAN_POINT('',(133.26146613492,20.137358105234,-2.));
#197 = CARTESIAN_POINT('',(133.24438611303,20.275699316899,
    -1.985436603335));
#198 = CARTESIAN_POINT('',(133.18456250077,20.538185197506,
    -1.930887182719));
#199 = CARTESIAN_POINT('',(133.14170926526,20.66503457659,
    -1.890529046275));
#200 = CARTESIAN_POINT('',(132.99669007585,21.018261648667,
    -1.740295223902));
#201 = CARTESIAN_POINT('',(132.8760932631,21.227837722507,
    -1.598387725944));
#202 = CARTESIAN_POINT('',(132.70846543856,21.494458784207,
    -1.334990689526));
#203 = CARTESIAN_POINT('',(132.65365613431,21.57657589667,
    -1.237253133647));
#204 = CARTESIAN_POINT('',(132.55395867604,21.721447118092,
    -1.026161144409));
#205 = CARTESIAN_POINT('',(132.50913524117,21.78415203256,
    -0.913353527836));
#206 = CARTESIAN_POINT('',(132.43322149211,21.888688205358,
    -0.671021612947));
#207 = CARTESIAN_POINT('',(132.40247167804,21.930022849993,
    -0.541390035114));
#208 = CARTESIAN_POINT('',(132.36126472147,21.985134425744,
    -0.278087546182));
#209 = CARTESIAN_POINT('',(132.35018172915,21.999759208721,
    -0.141831187828));
#210 = CARTESIAN_POINT('',(132.34982272884,22.000234884429,
    0.134956977665));
#211 = CARTESIAN_POINT('',(132.36041626055,21.986261257163,
    0.270610271324));
#212 = CARTESIAN_POINT('',(132.40144260107,21.931406746306,
    0.536778987084));
#213 = CARTESIAN_POINT('',(132.43207364201,21.890243294594,
    0.666610822463));
#214 = CARTESIAN_POINT('',(132.5075543751,21.786353583649,0.90902726888)
  );
#215 = CARTESIAN_POINT('',(132.55318260001,21.722548090174,
    1.024325033964));
#216 = CARTESIAN_POINT('',(132.65285036897,21.577773090321,
    1.235736935447));
#217 = CARTESIAN_POINT('',(132.70692939404,21.496835695208,
    1.332428128368));
#218 = CARTESIAN_POINT('',(132.87594892867,21.228197920454,
    1.598454607128));
#219 = CARTESIAN_POINT('',(132.99497813261,21.022133773759,
    1.738468364349));
#220 = CARTESIAN_POINT('',(133.14184162968,20.664859925001,
    1.890692652562));
#221 = CARTESIAN_POINT('',(133.18393921288,20.540385108895,1.9303076173)
  );
#222 = CARTESIAN_POINT('',(133.24421818971,20.27696398457,1.985294566198
    ));
#223 = CARTESIAN_POINT('',(133.26146613492,20.139039244852,2.));
#224 = CARTESIAN_POINT('',(133.26146613492,20.,2.));
#225 = ORIENTED_EDGE('',*,*,#226,.T.);
#226 = EDGE_CURVE('',#192,#190,#227,.T.);
#227 = B_SPLINE_CURVE_WITH_KNOTS('',3,(#228,#229,#230,#231,#232,#233,
    #234,#235,#236,#237,#238,#239,#240,#241,#242,#243,#244,#245,#246,
    #247,#248,#249,#250,#251,#252,#253,#254,#255,#256,#257),
  .UNSPECIFIED.,.F.,.F.,(4,2,2,2,2,2,2,2,2,2,2,2,2,2,4),(0.,
    4.09227980332E-04,8.184559606641E-04,1.636911921328E-03,
    2.04613990166E-03,2.455367881992E-03,2.864595862324E-03,
    3.273823842656E-03,3.683051822988E-03,4.092279803321E-03,
    4.501507783653E-03,4.910735763985E-03,5.729191724649E-03,
    6.138419704981E-03,6.547647685313E-03),.UNSPECIFIED.);
#228 = CARTESIAN_POINT('',(133.26146613492,20.,2.));
#229 = CARTESIAN_POINT('',(133.26146613492,19.860713997432,2.));
#230 = CARTESIAN_POINT('',(133.24463494902,19.725991978121,
    1.985651093284));
#231 = CARTESIAN_POINT('',(133.18520017717,19.464022079928,
    1.931480864391));
#232 = CARTESIAN_POINT('',(133.14239528589,19.336864069224,
    1.891199199493));
#233 = CARTESIAN_POINT('',(132.99753814414,18.983353827838,1.74125393324
    ));
#234 = CARTESIAN_POINT('',(132.87686223343,18.773461651082,
    1.599425492867));
#235 = CARTESIAN_POINT('',(132.70901689402,18.506380510892,
    1.335941757303));
#236 = CARTESIAN_POINT('',(132.65409115951,18.424070524986,
    1.238071740586));
#237 = CARTESIAN_POINT('',(132.5543695325,18.279135738674,1.027132678453
    ));
#238 = CARTESIAN_POINT('',(132.50947855311,18.216325404876,
    0.914314130352));
#239 = CARTESIAN_POINT('',(132.43338082689,18.111526552039,
    0.671664668266));
#240 = CARTESIAN_POINT('',(132.40263725323,18.070199612972,
    0.542191073735));
#241 = CARTESIAN_POINT('',(132.36134292577,18.014969156198,
    0.278842685692));
#242 = CARTESIAN_POINT('',(132.35020051665,18.000265684766,
    0.142120267269));
#243 = CARTESIAN_POINT('',(132.349804902,17.999741494957,-0.134541498784
    ));
#244 = CARTESIAN_POINT('',(132.36037155025,18.013679173052,
    -0.270264322078));
#245 = CARTESIAN_POINT('',(132.40143638099,18.068584726971,-0.5367944434
    ));
#246 = CARTESIAN_POINT('',(132.4320670514,18.109747143374,
    -0.666604142949));
#247 = CARTESIAN_POINT('',(132.50761440191,18.213729526914,
    -0.909205555614));
#248 = CARTESIAN_POINT('',(132.55330643323,18.277626730508,
    -1.024624264973));
#249 = CARTESIAN_POINT('',(132.65302846081,18.422490673392,
    -1.236078026784));
#250 = CARTESIAN_POINT('',(132.70716398048,18.50351746005,
    -1.332841740448));
#251 = CARTESIAN_POINT('',(132.87644747165,18.772634015224,
    -1.599150127174));
#252 = CARTESIAN_POINT('',(132.99564680437,18.979171474805,
    -1.739219040666));
#253 = CARTESIAN_POINT('',(133.14229360382,19.336401596861,
    -1.891132093924));
#254 = CARTESIAN_POINT('',(133.18434706897,19.460936124122,
    -1.930689354656));
#255 = CARTESIAN_POINT('',(133.24450286159,19.724746481744,
    -1.985544446027));
#256 = CARTESIAN_POINT('',(133.26146613492,19.862398120626,-2.));
#257 = CARTESIAN_POINT('',(133.26146613492,20.,-2.));
#258 = FACE_BOUND('',#259,.F.);
#259 = EDGE_LOOP('',(#260,#271,#280,#289,#297,#306,#315,#324,#333,#341)
  );
#260 = ORIENTED_EDGE('',*,*,#261,.T.);
#261 = EDGE_CURVE('',#262,#264,#266,.T.);
#262 = VERTEX_POINT('',#263);
#263 = CARTESIAN_POINT('',(132.39759726406,16.,-0.5));
#264 = VERTEX_POINT('',#265);
#265 = CARTESIAN_POINT('',(132.35,16.5,0.));
#266 = ( BOUNDED_CURVE() B_SPLINE_CURVE(3,(#267,#268,#269,#270),
.UNSPECIFIED.,.F.,.F.) B_SPLINE_CURVE_WITH_KNOTS((4,4),(4.52257191904,
4.712388980385),.PIECEWISE_BEZIER_KNOTS.) CURVE() 
GEOMETRIC_REPRESENTATION_ITEM() RATIONAL_B_SPLINE_CURVE((1.,
0.996999710075,0.996999710075,1.)) REPRESENTATION_ITEM('') );
#267 = CARTESIAN_POINT('',(132.39759726406,16.,-0.5));
#268 = CARTESIAN_POINT('',(132.3659134998,16.16490782961,-0.33509217039)
  );
#269 = CARTESIAN_POINT('',(132.35,16.332076049402,-0.167923950598));
#270 = CARTESIAN_POINT('',(132.35,16.5,4.3E-16));
#271 = ORIENTED_EDGE('',*,*,#272,.T.);
#272 = EDGE_CURVE('',#264,#273,#275,.T.);
#273 = VERTEX_POINT('',#274);
#274 = CARTESIAN_POINT('',(132.39759726406,16.,0.5));
#275 = ( BOUNDED_CURVE() B_SPLINE_CURVE(3,(#276,#277,#278,#279),
.UNSPECIFIED.,.F.,.F.) B_SPLINE_CURVE_WITH_KNOTS((4,4),(1.570796326795,
1.76061338814),.PIECEWISE_BEZIER_KNOTS.) CURVE() 
GEOMETRIC_REPRESENTATION_ITEM() RATIONAL_B_SPLINE_CURVE((1.,
0.996999710075,0.996999710075,1.)) REPRESENTATION_ITEM('') );
#276 = CARTESIAN_POINT('',(132.35,16.5,4.3E-16));
#277 = CARTESIAN_POINT('',(132.35,16.332076049402,0.167923950598));
#278 = CARTESIAN_POINT('',(132.3659134998,16.16490782961,0.33509217039)
  );
#279 = CARTESIAN_POINT('',(132.39759726406,16.,0.5));
#280 = ORIENTED_EDGE('',*,*,#281,.T.);
#281 = EDGE_CURVE('',#273,#282,#284,.T.);
#282 = VERTEX_POINT('',#283);
#283 = CARTESIAN_POINT('',(135.,16.,2.65));
#284 = CIRCLE('',#285,2.65);
#285 = AXIS2_PLACEMENT_3D('',#286,#287,#288);
#286 = CARTESIAN_POINT('',(135.,16.,-2.537E-14));
#287 = DIRECTION('',(0.,1.,1.7E-16));
#288 = DIRECTION('',(0.,-1.7E-16,1.));
#289 = ORIENTED_EDGE('',*,*,#290,.T.);
#290 = EDGE_CURVE('',#282,#291,#293,.T.);
#291 = VERTEX_POINT('',#292);
#292 = CARTESIAN_POINT('',(135.,24.,2.65));
#293 = LINE('',#294,#295);
#294 = CARTESIAN_POINT('',(135.,30.,2.65));
#295 = VECTOR('',#296,1.);
#296 = DIRECTION('',(-0.,1.,1.7E-16));
#297 = ORIENTED_EDGE('',*,*,#298,.T.);
#298 = EDGE_CURVE('',#291,#299,#301,.T.);
#299 = VERTEX_POINT('',#300);
#300 = CARTESIAN_POINT('',(132.39759726406,24.,0.5));
#301 = CIRCLE('',#302,2.65);
#302 = AXIS2_PLACEMENT_3D('',#303,#304,#305);
#303 = CARTESIAN_POINT('',(135.,24.,-2.398E-14));
#304 = DIRECTION('',(0.,-1.,-1.7E-16));
#305 = DIRECTION('',(0.,1.7E-16,-1.));
#306 = ORIENTED_EDGE('',*,*,#307,.T.);
#307 = EDGE_CURVE('',#299,#308,#310,.T.);
#308 = VERTEX_POINT('',#309);
#309 = CARTESIAN_POINT('',(132.35,23.5,-2.1E-14));
#310 = ( BOUNDED_CURVE() B_SPLINE_CURVE(3,(#311,#312,#313,#314),
.UNSPECIFIED.,.F.,.F.) B_SPLINE_CURVE_WITH_KNOTS((4,4),(1.38097926545,
1.570796326795),.PIECEWISE_BEZIER_KNOTS.) CURVE() 
GEOMETRIC_REPRESENTATION_ITEM() RATIONAL_B_SPLINE_CURVE((1.,
0.996999710075,0.996999710075,1.)) REPRESENTATION_ITEM('') );
#311 = CARTESIAN_POINT('',(132.39759726406,24.,0.5));
#312 = CARTESIAN_POINT('',(132.3659134998,23.83509217039,0.33509217039)
  );
#313 = CARTESIAN_POINT('',(132.35,23.667923950598,0.167923950598));
#314 = CARTESIAN_POINT('',(132.35,23.5,-2.136E-14));
#315 = ORIENTED_EDGE('',*,*,#316,.T.);
#316 = EDGE_CURVE('',#308,#317,#319,.T.);
#317 = VERTEX_POINT('',#318);
#318 = CARTESIAN_POINT('',(132.39759726406,24.,-0.5));
#319 = ( BOUNDED_CURVE() B_SPLINE_CURVE(3,(#320,#321,#322,#323),
.UNSPECIFIED.,.F.,.F.) B_SPLINE_CURVE_WITH_KNOTS((4,4),(4.712388980385,
4.902206041729),.PIECEWISE_BEZIER_KNOTS.) CURVE() 
GEOMETRIC_REPRESENTATION_ITEM() RATIONAL_B_SPLINE_CURVE((1.,
0.996999710075,0.996999710075,1.)) REPRESENTATION_ITEM('') );
#320 = CARTESIAN_POINT('',(132.35,23.5,-2.136E-14));
#321 = CARTESIAN_POINT('',(132.35,23.667923950598,-0.167923950598));
#322 = CARTESIAN_POINT('',(132.3659134998,23.83509217039,-0.33509217039)
  );
#323 = CARTESIAN_POINT('',(132.39759726406,24.,-0.5));
#324 = ORIENTED_EDGE('',*,*,#325,.T.);
#325 = EDGE_CURVE('',#317,#326,#328,.T.);
#326 = VERTEX_POINT('',#327);
#327 = CARTESIAN_POINT('',(135.,24.,-2.65));
#328 = CIRCLE('',#329,2.65);
#329 = AXIS2_PLACEMENT_3D('',#330,#331,#332);
#330 = CARTESIAN_POINT('',(135.,24.,-2.398E-14));
#331 = DIRECTION('',(0.,-1.,-1.7E-16));
#332 = DIRECTION('',(0.,1.7E-16,-1.));
#333 = ORIENTED_EDGE('',*,*,#334,.F.);
#334 = EDGE_CURVE('',#335,#326,#337,.T.);
#335 = VERTEX_POINT('',#336);
#336 = CARTESIAN_POINT('',(135.,16.,-2.65));
#337 = LINE('',#338,#339);
#338 = CARTESIAN_POINT('',(135.,30.,-2.65));
#339 = VECTOR('',#340,1.);
#340 = DIRECTION('',(-0.,1.,1.7E-16));
#341 = ORIENTED_EDGE('',*,*,#342,.T.);
#342 = EDGE_CURVE('',#335,#262,#343,.T.);
#343 = CIRCLE('',#344,2.65);
#344 = AXIS2_PLACEMENT_3D('',#345,#346,#347);
#345 = CARTESIAN_POINT('',(135.,16.,-2.537E-14));
#346 = DIRECTION('',(0.,1.,1.7E-16));
#347 = DIRECTION('',(0.,-1.7E-16,1.));
#348 = CYLINDRICAL_SURFACE('',#349,2.65);
#349 = AXIS2_PLACEMENT_3D('',#350,#351,#352);
#350 = CARTESIAN_POINT('',(135.,30.,-2.294E-14));
#351 = DIRECTION('',(-0.,1.,1.7E-16));
#352 = DIRECTION('',(0.,-1.7E-16,1.));
#353 = ADVANCED_FACE('',(#354),#382,.F.);
#354 = FACE_BOUND('',#355,.F.);
#355 = EDGE_LOOP('',(#356,#367,#375));
#356 = ORIENTED_EDGE('',*,*,#357,.T.);
#357 = EDGE_CURVE('',#358,#360,#362,.T.);
#358 = VERTEX_POINT('',#359);
#359 = CARTESIAN_POINT('',(138.45941257176,24.6,3.610050506339));
#360 = VERTEX_POINT('',#361);
#361 = CARTESIAN_POINT('',(135.,25.989949493661,5.));
#362 = ( BOUNDED_CURVE() B_SPLINE_CURVE(3,(#363,#364,#365,#366),
.UNSPECIFIED.,.F.,.F.) B_SPLINE_CURVE_WITH_KNOTS((4,4),(5.519092176495,
6.28318530718),.PIECEWISE_BEZIER_KNOTS.) CURVE() 
GEOMETRIC_REPRESENTATION_ITEM() RATIONAL_B_SPLINE_CURVE((1.,
0.951935718871,0.951935718871,1.)) REPRESENTATION_ITEM('') );
#363 = CARTESIAN_POINT('',(138.45941257176,24.6,3.610050506339));
#364 = CARTESIAN_POINT('',(137.51684193615,25.503239636365,
    4.513290142704));
#365 = CARTESIAN_POINT('',(136.30548123074,25.989949493661,5.));
#366 = CARTESIAN_POINT('',(135.,25.989949493661,5.));
#367 = ORIENTED_EDGE('',*,*,#368,.F.);
#368 = EDGE_CURVE('',#369,#360,#371,.T.);
#369 = VERTEX_POINT('',#370);
#370 = CARTESIAN_POINT('',(135.,24.6,5.));
#371 = LINE('',#372,#373);
#372 = CARTESIAN_POINT('',(135.,30.,5.));
#373 = VECTOR('',#374,1.);
#374 = DIRECTION('',(-0.,1.,1.7E-16));
#375 = ORIENTED_EDGE('',*,*,#376,.T.);
#376 = EDGE_CURVE('',#369,#358,#377,.T.);
#377 = CIRCLE('',#378,5.);
#378 = AXIS2_PLACEMENT_3D('',#379,#380,#381);
#379 = CARTESIAN_POINT('',(135.,24.6,-2.387E-14));
#380 = DIRECTION('',(-0.,1.,1.7E-16));
#381 = DIRECTION('',(0.,-1.7E-16,1.));
#382 = CYLINDRICAL_SURFACE('',#383,5.);
#383 = AXIS2_PLACEMENT_3D('',#384,#385,#386);
#384 = CARTESIAN_POINT('',(135.,30.,-2.294E-14));
#385 = DIRECTION('',(-0.,1.,1.7E-16));
#386 = DIRECTION('',(0.,-1.7E-16,1.));
#387 = ADVANCED_FACE('',(#388),#451,.F.);
#388 = FACE_BOUND('',#389,.F.);
#389 = EDGE_LOOP('',(#390,#407,#416,#427,#436,#444));
#390 = ORIENTED_EDGE('',*,*,#391,.F.);
#391 = EDGE_CURVE('',#392,#394,#396,.T.);
#392 = VERTEX_POINT('',#393);
#393 = CARTESIAN_POINT('',(138.71952998644,28.541421356237,
    3.341421356237));
#394 = VERTEX_POINT('',#395);
#395 = CARTESIAN_POINT('',(138.58745127355,28.2,3.482842712475));
#396 = B_SPLINE_CURVE_WITH_KNOTS('',3,(#397,#398,#399,#400,#401,#402,
    #403,#404,#405,#406),.UNSPECIFIED.,.F.,.F.,(4,2,2,2,4),(0.,
    1.347193510692E-04,2.694387021385E-04,4.041580532077E-04,
    5.388774042769E-04),.UNSPECIFIED.);
#397 = CARTESIAN_POINT('',(138.71952998644,28.541421356237,
    3.341421356237));
#398 = CARTESIAN_POINT('',(138.74388343275,28.514312122129,
    3.314312122129));
#399 = CARTESIAN_POINT('',(138.76283676284,28.476147846709,
    3.292590123339));
#400 = CARTESIAN_POINT('',(138.77531960842,28.387982696249,
    3.278269677493));
#401 = CARTESIAN_POINT('',(138.76744060395,28.340523121208,
    3.287415271296));
#402 = CARTESIAN_POINT('',(138.73224248588,28.267550783558,
    3.327322331366));
#403 = CARTESIAN_POINT('',(138.70625529717,28.241185030524,
    3.356396101181));
#404 = CARTESIAN_POINT('',(138.65001808925,28.207809587673,
    3.417468516902));
#405 = CARTESIAN_POINT('',(138.61898286096,28.2,3.450364061343));
#406 = CARTESIAN_POINT('',(138.58745127355,28.2,3.482842712475));
#407 = ORIENTED_EDGE('',*,*,#408,.T.);
#408 = EDGE_CURVE('',#392,#409,#411,.T.);
#409 = VERTEX_POINT('',#410);
#410 = CARTESIAN_POINT('',(136.58711169191,29.941421356237,
    4.741421356237));
#411 = ( BOUNDED_CURVE() B_SPLINE_CURVE(3,(#412,#413,#414,#415),
.UNSPECIFIED.,.F.,.F.) B_SPLINE_CURVE_WITH_KNOTS((4,4),(5.444288993062,
5.960175298243),.PIECEWISE_BEZIER_KNOTS.) CURVE() 
GEOMETRIC_REPRESENTATION_ITEM() RATIONAL_B_SPLINE_CURVE((1.,
0.977944472676,0.977944472676,1.)) REPRESENTATION_ITEM('') );
#412 = CARTESIAN_POINT('',(138.71952998644,28.541421356237,
    3.341421356237));
#413 = CARTESIAN_POINT('',(138.13846711517,29.188236152485,
    3.988236152485));
#414 = CARTESIAN_POINT('',(137.41163024658,29.665427526541,
    4.465427526541));
#415 = CARTESIAN_POINT('',(136.58711169191,29.941421356237,
    4.741421356237));
#416 = ORIENTED_EDGE('',*,*,#417,.F.);
#417 = EDGE_CURVE('',#418,#409,#420,.T.);
#418 = VERTEX_POINT('',#419);
#419 = CARTESIAN_POINT('',(136.07603301307,30.,4.882842712475));
#420 = B_SPLINE_CURVE_WITH_KNOTS('',3,(#421,#422,#423,#424,#425,#426),
  .UNSPECIFIED.,.F.,.F.,(4,2,4),(0.,2.672186286201E-04,
    5.344372572403E-04),.UNSPECIFIED.);
#421 = CARTESIAN_POINT('',(136.07603301307,30.,4.882842712475));
#422 = CARTESIAN_POINT('',(136.16329833208,30.,4.863612036888));
#423 = CARTESIAN_POINT('',(136.24977740505,29.997399684112,
    4.842099790043));
#424 = CARTESIAN_POINT('',(136.42080219822,29.981268713674,
    4.794704897328));
#425 = CARTESIAN_POINT('',(136.50604279177,29.968557817986,
    4.768557817986));
#426 = CARTESIAN_POINT('',(136.58711169191,29.941421356237,
    4.741421356237));
#427 = ORIENTED_EDGE('',*,*,#428,.F.);
#428 = EDGE_CURVE('',#429,#418,#431,.T.);
#429 = VERTEX_POINT('',#430);
#430 = CARTESIAN_POINT('',(135.,30.,5.));
#431 = CIRCLE('',#432,5.);
#432 = AXIS2_PLACEMENT_3D('',#433,#434,#435);
#433 = CARTESIAN_POINT('',(135.,30.,-2.294E-14));
#434 = DIRECTION('',(-0.,1.,1.7E-16));
#435 = DIRECTION('',(0.,-1.7E-16,1.));
#436 = ORIENTED_EDGE('',*,*,#437,.F.);
#437 = EDGE_CURVE('',#438,#429,#440,.T.);
#438 = VERTEX_POINT('',#439);
#439 = CARTESIAN_POINT('',(135.,28.2,5.));
#440 = LINE('',#441,#442);
#441 = CARTESIAN_POINT('',(135.,30.,5.));
#442 = VECTOR('',#443,1.);
#443 = DIRECTION('',(-0.,1.,1.7E-16));
#444 = ORIENTED_EDGE('',*,*,#445,.T.);
#445 = EDGE_CURVE('',#438,#394,#446,.T.);
#446 = CIRCLE('',#447,5.);
#447 = AXIS2_PLACEMENT_3D('',#448,#449,#450);
#448 = CARTESIAN_POINT('',(135.,28.2,-2.325E-14));
#449 = DIRECTION('',(0.,1.,1.7E-16));
#450 = DIRECTION('',(0.,-1.7E-16,1.));
#451 = CYLINDRICAL_SURFACE('',#452,5.);
#452 = AXIS2_PLACEMENT_3D('',#453,#454,#455);
#453 = CARTESIAN_POINT('',(135.,30.,-2.294E-14));
#454 = DIRECTION('',(-0.,1.,1.7E-16));
#455 = DIRECTION('',(0.,-1.7E-16,1.));
#456 = ADVANCED_FACE('',(#457,#529),#619,.F.);
#457 = FACE_BOUND('',#458,.F.);
#458 = EDGE_LOOP('',(#459,#496));
#459 = ORIENTED_EDGE('',*,*,#460,.T.);
#460 = EDGE_CURVE('',#461,#463,#465,.T.);
#461 = VERTEX_POINT('',#462);
#462 = CARTESIAN_POINT('',(153.26146613492,-1.E-15,18.));
#463 = VERTEX_POINT('',#464);
#464 = CARTESIAN_POINT('',(153.26146613492,-7.E-15,22.));
#465 = B_SPLINE_CURVE_WITH_KNOTS('',3,(#466,#467,#468,#469,#470,#471,
    #472,#473,#474,#475,#476,#477,#478,#479,#480,#481,#482,#483,#484,
    #485,#486,#487,#488,#489,#490,#491,#492,#493,#494,#495),
  .UNSPECIFIED.,.F.,.F.,(4,2,2,2,2,2,2,2,2,2,2,2,2,2,4),(
    6.547647685313E-03,6.956150681367E-03,7.364653677422E-03,
    8.181659669531E-03,8.590162665586E-03,8.99866566164E-03,
    9.407168657695E-03,9.81567165375E-03,1.02241746498E-02,
    1.063267764586E-02,1.104118064191E-02,1.144968363797E-02,
    1.226668963008E-02,1.267519262613E-02,1.308369562219E-02),
  .UNSPECIFIED.);
#466 = CARTESIAN_POINT('',(153.26146613492,-1.49E-15,18.));
#467 = CARTESIAN_POINT('',(153.26146613492,0.137358105234,18.));
#468 = CARTESIAN_POINT('',(153.24438611303,0.275699316899,
    18.014563396665));
#469 = CARTESIAN_POINT('',(153.18456250077,0.538185197506,
    18.069112817281));
#470 = CARTESIAN_POINT('',(153.14170926526,0.66503457659,18.109470953725
    ));
#471 = CARTESIAN_POINT('',(152.99669007585,1.018261648667,
    18.259704776098));
#472 = CARTESIAN_POINT('',(152.8760932631,1.227837722507,18.401612274056
    ));
#473 = CARTESIAN_POINT('',(152.70846543856,1.494458784207,
    18.665009310474));
#474 = CARTESIAN_POINT('',(152.65365613431,1.57657589667,18.762746866353
    ));
#475 = CARTESIAN_POINT('',(152.55395867604,1.721447118092,
    18.973838855591));
#476 = CARTESIAN_POINT('',(152.50913524117,1.78415203256,19.086646472164
    ));
#477 = CARTESIAN_POINT('',(152.43322149211,1.888688205357,
    19.328978387053));
#478 = CARTESIAN_POINT('',(152.40247167804,1.930022849993,
    19.458609964886));
#479 = CARTESIAN_POINT('',(152.36126472147,1.985134425744,
    19.721912453818));
#480 = CARTESIAN_POINT('',(152.35018172915,1.999759208721,
    19.858168812172));
#481 = CARTESIAN_POINT('',(152.34982272884,2.000234884429,
    20.134956977665));
#482 = CARTESIAN_POINT('',(152.36041626055,1.986261257163,
    20.270610271324));
#483 = CARTESIAN_POINT('',(152.40144260107,1.931406746306,
    20.536778987084));
#484 = CARTESIAN_POINT('',(152.43207364201,1.890243294594,
    20.666610822463));
#485 = CARTESIAN_POINT('',(152.5075543751,1.786353583649,20.90902726888)
  );
#486 = CARTESIAN_POINT('',(152.55318260001,1.722548090174,
    21.024325033964));
#487 = CARTESIAN_POINT('',(152.65285036897,1.577773090321,
    21.235736935447));
#488 = CARTESIAN_POINT('',(152.70692939404,1.496835695208,
    21.332428128368));
#489 = CARTESIAN_POINT('',(152.87594892867,1.228197920454,
    21.598454607128));
#490 = CARTESIAN_POINT('',(152.99497813261,1.022133773759,
    21.738468364349));
#491 = CARTESIAN_POINT('',(153.14184162968,0.664859925001,
    21.890692652562));
#492 = CARTESIAN_POINT('',(153.18393921288,0.540385108895,21.9303076173)
  );
#493 = CARTESIAN_POINT('',(153.24421818971,0.27696398457,21.985294566198
    ));
#494 = CARTESIAN_POINT('',(153.26146613492,0.139039244852,22.));
#495 = CARTESIAN_POINT('',(153.26146613492,-6.62E-15,22.));
#496 = ORIENTED_EDGE('',*,*,#497,.T.);
#497 = EDGE_CURVE('',#463,#461,#498,.T.);
#498 = B_SPLINE_CURVE_WITH_KNOTS('',3,(#499,#500,#501,#502,#503,#504,
    #505,#506,#507,#508,#509,#510,#511,#512,#513,#514,#515,#516,#517,
    #518,#519,#520,#521,#522,#523,#524,#525,#526,#527,#528),
  .UNSPECIFIED.,.F.,.F.,(4,2,2,2,2,2,2,2,2,2,2,2,2,2,4),(0.,
    4.092279803321E-04,8.184559606641E-04,1.636911921328E-03,
    2.04613990166E-03,2.455367881992E-03,2.864595862324E-03,
    3.273823842656E-03,3.683051822988E-03,4.092279803321E-03,
    4.501507783653E-03,4.910735763985E-03,5.729191724649E-03,
    6.138419704981E-03,6.547647685313E-03),.UNSPECIFIED.);
#499 = CARTESIAN_POINT('',(153.26146613492,-6.62E-15,22.));
#500 = CARTESIAN_POINT('',(153.26146613492,-0.139286002568,22.));
#501 = CARTESIAN_POINT('',(153.24463494902,-0.274008021879,
    21.985651093284));
#502 = CARTESIAN_POINT('',(153.18520017717,-0.535977920072,
    21.931480864391));
#503 = CARTESIAN_POINT('',(153.14239528589,-0.663135930776,
    21.891199199493));
#504 = CARTESIAN_POINT('',(152.99753814414,-1.016646172162,
    21.74125393324));
#505 = CARTESIAN_POINT('',(152.87686223343,-1.226538348918,
    21.599425492867));
#506 = CARTESIAN_POINT('',(152.70901689402,-1.493619489108,
    21.335941757303));
#507 = CARTESIAN_POINT('',(152.65409115951,-1.575929475014,
    21.238071740586));
#508 = CARTESIAN_POINT('',(152.5543695325,-1.720864261326,
    21.027132678453));
#509 = CARTESIAN_POINT('',(152.50947855311,-1.783674595124,
    20.914314130352));
#510 = CARTESIAN_POINT('',(152.43338082689,-1.888473447961,
    20.671664668266));
#511 = CARTESIAN_POINT('',(152.40263725323,-1.929800387028,
    20.542191073735));
#512 = CARTESIAN_POINT('',(152.36134292577,-1.985030843802,
    20.278842685692));
#513 = CARTESIAN_POINT('',(152.35020051665,-1.999734315234,
    20.142120267269));
#514 = CARTESIAN_POINT('',(152.349804902,-2.000258505043,19.865458501216
    ));
#515 = CARTESIAN_POINT('',(152.36037155025,-1.986320826948,
    19.729735677922));
#516 = CARTESIAN_POINT('',(152.40143638099,-1.931415273029,19.4632055566
    ));
#517 = CARTESIAN_POINT('',(152.4320670514,-1.890252856626,
    19.333395857051));
#518 = CARTESIAN_POINT('',(152.50761440191,-1.786270473086,
    19.090794444386));
#519 = CARTESIAN_POINT('',(152.55330643323,-1.722373269492,
    18.975375735027));
#520 = CARTESIAN_POINT('',(152.65302846081,-1.577509326608,
    18.763921973216));
#521 = CARTESIAN_POINT('',(152.70716398048,-1.49648253995,
    18.667158259552));
#522 = CARTESIAN_POINT('',(152.87644747165,-1.227365984776,
    18.400849872826));
#523 = CARTESIAN_POINT('',(152.99564680437,-1.020828525195,
    18.260780959334));
#524 = CARTESIAN_POINT('',(153.14229360382,-0.663598403139,
    18.108867906076));
#525 = CARTESIAN_POINT('',(153.18434706897,-0.539063875878,
    18.069310645344));
#526 = CARTESIAN_POINT('',(153.24450286159,-0.275253518256,
    18.014455553973));
#527 = CARTESIAN_POINT('',(153.26146613492,-0.137601879374,18.));
#528 = CARTESIAN_POINT('',(153.26146613492,-1.49E-15,18.));
#529 = FACE_BOUND('',#530,.F.);
#530 = EDGE_LOOP('',(#531,#542,#551,#560,#568,#577,#586,#595,#604,#612)
  );
#531 = ORIENTED_EDGE('',*,*,#532,.F.);
#532 = EDGE_CURVE('',#533,#535,#537,.T.);
#533 = VERTEX_POINT('',#534);
#534 = CARTESIAN_POINT('',(152.35,-3.5,20.));
#535 = VERTEX_POINT('',#536);
#536 = CARTESIAN_POINT('',(152.39759726406,-4.,19.5));
#537 = ( BOUNDED_CURVE() B_SPLINE_CURVE(3,(#538,#539,#540,#541),
.UNSPECIFIED.,.F.,.F.) B_SPLINE_CURVE_WITH_KNOTS((4,4),(1.570796326795,
1.76061338814),.PIECEWISE_BEZIER_KNOTS.) CURVE() 
GEOMETRIC_REPRESENTATION_ITEM() RATIONAL_B_SPLINE_CURVE((1.,
0.996999710075,0.996999710075,1.)) REPRESENTATION_ITEM('') );
#538 = CARTESIAN_POINT('',(152.35,-3.5,20.));
#539 = CARTESIAN_POINT('',(152.35,-3.667923950598,19.832076049402));
#540 = CARTESIAN_POINT('',(152.3659134998,-3.83509217039,19.66490782961)
  );
#541 = CARTESIAN_POINT('',(152.39759726406,-4.,19.5));
#542 = ORIENTED_EDGE('',*,*,#543,.F.);
#543 = EDGE_CURVE('',#544,#533,#546,.T.);
#544 = VERTEX_POINT('',#545);
#545 = CARTESIAN_POINT('',(152.39759726406,-4.,20.5));
#546 = ( BOUNDED_CURVE() B_SPLINE_CURVE(3,(#547,#548,#549,#550),
.UNSPECIFIED.,.F.,.F.) B_SPLINE_CURVE_WITH_KNOTS((4,4),(4.52257191904,
4.712388980385),.PIECEWISE_BEZIER_KNOTS.) CURVE() 
GEOMETRIC_REPRESENTATION_ITEM() RATIONAL_B_SPLINE_CURVE((1.,
0.996999710075,0.996999710075,1.)) REPRESENTATION_ITEM('') );
#547 = CARTESIAN_POINT('',(152.39759726406,-4.,20.5));
#548 = CARTESIAN_POINT('',(152.3659134998,-3.83509217039,20.33509217039)
  );
#549 = CARTESIAN_POINT('',(152.35,-3.667923950598,20.167923950598));
#550 = CARTESIAN_POINT('',(152.35,-3.5,20.));
#551 = ORIENTED_EDGE('',*,*,#552,.F.);
#552 = EDGE_CURVE('',#553,#544,#555,.T.);
#553 = VERTEX_POINT('',#554);
#554 = CARTESIAN_POINT('',(155.,-4.,22.65));
#555 = CIRCLE('',#556,2.65);
#556 = AXIS2_PLACEMENT_3D('',#557,#558,#559);
#557 = CARTESIAN_POINT('',(155.,-4.,20.));
#558 = DIRECTION('',(0.,-1.,-1.7E-16));
#559 = DIRECTION('',(0.,1.7E-16,-1.));
#560 = ORIENTED_EDGE('',*,*,#561,.T.);
#561 = EDGE_CURVE('',#553,#562,#564,.T.);
#562 = VERTEX_POINT('',#563);
#563 = CARTESIAN_POINT('',(155.,4.,22.65));
#564 = LINE('',#565,#566);
#565 = CARTESIAN_POINT('',(155.,30.,22.65));
#566 = VECTOR('',#567,1.);
#567 = DIRECTION('',(-0.,1.,1.7E-16));
#568 = ORIENTED_EDGE('',*,*,#569,.F.);
#569 = EDGE_CURVE('',#570,#562,#572,.T.);
#570 = VERTEX_POINT('',#571);
#571 = CARTESIAN_POINT('',(152.39759726406,4.,20.5));
#572 = CIRCLE('',#573,2.65);
#573 = AXIS2_PLACEMENT_3D('',#574,#575,#576);
#574 = CARTESIAN_POINT('',(155.,4.,20.));
#575 = DIRECTION('',(-0.,1.,1.7E-16));
#576 = DIRECTION('',(0.,-1.7E-16,1.));
#577 = ORIENTED_EDGE('',*,*,#578,.F.);
#578 = EDGE_CURVE('',#579,#570,#581,.T.);
#579 = VERTEX_POINT('',#580);
#580 = CARTESIAN_POINT('',(152.35,3.5,20.));
#581 = ( BOUNDED_CURVE() B_SPLINE_CURVE(3,(#582,#583,#584,#585),
.UNSPECIFIED.,.F.,.F.) B_SPLINE_CURVE_WITH_KNOTS((4,4),(4.712388980385,
4.902206041729),.PIECEWISE_BEZIER_KNOTS.) CURVE() 
GEOMETRIC_REPRESENTATION_ITEM() RATIONAL_B_SPLINE_CURVE((1.,
0.996999710075,0.996999710075,1.)) REPRESENTATION_ITEM('') );
#582 = CARTESIAN_POINT('',(152.35,3.5,20.));
#583 = CARTESIAN_POINT('',(152.35,3.667923950598,20.167923950598));
#584 = CARTESIAN_POINT('',(152.3659134998,3.83509217039,20.33509217039)
  );
#585 = CARTESIAN_POINT('',(152.39759726406,4.,20.5));
#586 = ORIENTED_EDGE('',*,*,#587,.F.);
#587 = EDGE_CURVE('',#588,#579,#590,.T.);
#588 = VERTEX_POINT('',#589);
#589 = CARTESIAN_POINT('',(152.39759726406,4.,19.5));
#590 = ( BOUNDED_CURVE() B_SPLINE_CURVE(3,(#591,#592,#593,#594),
.UNSPECIFIED.,.F.,.F.) B_SPLINE_CURVE_WITH_KNOTS((4,4),(1.38097926545,
1.570796326795),.PIECEWISE_BEZIER_KNOTS.) CURVE() 
GEOMETRIC_REPRESENTATION_ITEM() RATIONAL_B_SPLINE_CURVE((1.,
0.996999710075,0.996999710075,1.)) REPRESENTATION_ITEM('') );
#591 = CARTESIAN_POINT('',(152.39759726406,4.,19.5));
#592 = CARTESIAN_POINT('',(152.3659134998,3.83509217039,19.66490782961)
  );
#593 = CARTESIAN_POINT('',(152.35,3.667923950598,19.832076049402));
#594 = CARTESIAN_POINT('',(152.35,3.5,20.));
#595 = ORIENTED_EDGE('',*,*,#596,.F.);
#596 = EDGE_CURVE('',#597,#588,#599,.T.);
#597 = VERTEX_POINT('',#598);
#598 = CARTESIAN_POINT('',(155.,4.,17.35));
#599 = CIRCLE('',#600,2.65);
#600 = AXIS2_PLACEMENT_3D('',#601,#602,#603);
#601 = CARTESIAN_POINT('',(155.,4.,20.));
#602 = DIRECTION('',(-0.,1.,1.7E-16));
#603 = DIRECTION('',(0.,-1.7E-16,1.));
#604 = ORIENTED_EDGE('',*,*,#605,.F.);
#605 = EDGE_CURVE('',#606,#597,#608,.T.);
#606 = VERTEX_POINT('',#607);
#607 = CARTESIAN_POINT('',(155.,-4.,17.35));
#608 = LINE('',#609,#610);
#609 = CARTESIAN_POINT('',(155.,30.,17.35));
#610 = VECTOR('',#611,1.);
#611 = DIRECTION('',(-0.,1.,1.7E-16));
#612 = ORIENTED_EDGE('',*,*,#613,.F.);
#613 = EDGE_CURVE('',#535,#606,#614,.T.);
#614 = CIRCLE('',#615,2.65);
#615 = AXIS2_PLACEMENT_3D('',#616,#617,#618);
#616 = CARTESIAN_POINT('',(155.,-4.,20.));
#617 = DIRECTION('',(0.,-1.,-1.7E-16));
#618 = DIRECTION('',(0.,1.7E-16,-1.));
#619 = CYLINDRICAL_SURFACE('',#620,2.65);
#620 = AXIS2_PLACEMENT_3D('',#621,#622,#623);
#621 = CARTESIAN_POINT('',(155.,30.,20.));
#622 = DIRECTION('',(-0.,1.,1.7E-16));
#623 = DIRECTION('',(0.,-1.7E-16,1.));
#624 = ADVANCED_FACE('',(#625),#653,.F.);
#625 = FACE_BOUND('',#626,.F.);
#626 = EDGE_LOOP('',(#627,#638,#646));
#627 = ORIENTED_EDGE('',*,*,#628,.F.);
#628 = EDGE_CURVE('',#629,#631,#633,.T.);
#629 = VERTEX_POINT('',#630);
#630 = CARTESIAN_POINT('',(155.,25.989949493661,25.));
#631 = VERTEX_POINT('',#632);
#632 = CARTESIAN_POINT('',(158.45941257176,24.6,23.610050506339));
#633 = ( BOUNDED_CURVE() B_SPLINE_CURVE(3,(#634,#635,#636,#637),
.UNSPECIFIED.,.F.,.F.) B_SPLINE_CURVE_WITH_KNOTS((4,4),(0.,
0.764093130684),.PIECEWISE_BEZIER_KNOTS.) CURVE() 
GEOMETRIC_REPRESENTATION_ITEM() RATIONAL_B_SPLINE_CURVE((1.,
0.951935718871,0.951935718871,1.)) REPRESENTATION_ITEM('') );
#634 = CARTESIAN_POINT('',(155.,25.989949493661,25.));
#635 = CARTESIAN_POINT('',(156.30548123074,25.989949493661,25.));
#636 = CARTESIAN_POINT('',(157.51684193615,25.503239636365,
    24.513290142704));
#637 = CARTESIAN_POINT('',(158.45941257176,24.6,23.610050506339));
#638 = ORIENTED_EDGE('',*,*,#639,.F.);
#639 = EDGE_CURVE('',#640,#629,#642,.T.);
#640 = VERTEX_POINT('',#641);
#641 = CARTESIAN_POINT('',(155.,24.6,25.));
#642 = LINE('',#643,#644);
#643 = CARTESIAN_POINT('',(155.,30.,25.));
#644 = VECTOR('',#645,1.);
#645 = DIRECTION('',(-0.,1.,1.7E-16));
#646 = ORIENTED_EDGE('',*,*,#647,.T.);
#647 = EDGE_CURVE('',#640,#631,#648,.T.);
#648 = CIRCLE('',#649,5.);
#649 = AXIS2_PLACEMENT_3D('',#650,#651,#652);
#650 = CARTESIAN_POINT('',(155.,24.6,20.));
#651 = DIRECTION('',(-0.,1.,1.7E-16));
#652 = DIRECTION('',(0.,-1.7E-16,1.));
#653 = CYLINDRICAL_SURFACE('',#654,5.);
#654 = AXIS2_PLACEMENT_3D('',#655,#656,#657);
#655 = CARTESIAN_POINT('',(155.,30.,20.));
#656 = DIRECTION('',(-0.,1.,1.7E-16));
#657 = DIRECTION('',(0.,-1.7E-16,1.));
#658 = ADVANCED_FACE('',(#659,#731),#821,.F.);
#659 = FACE_BOUND('',#660,.F.);
#660 = EDGE_LOOP('',(#661,#698));
#661 = ORIENTED_EDGE('',*,*,#662,.T.);
#662 = EDGE_CURVE('',#663,#665,#667,.T.);
#663 = VERTEX_POINT('',#664);
#664 = CARTESIAN_POINT('',(153.26146613492,20.,18.));
#665 = VERTEX_POINT('',#666);
#666 = CARTESIAN_POINT('',(153.26146613492,20.,22.));
#667 = B_SPLINE_CURVE_WITH_KNOTS('',3,(#668,#669,#670,#671,#672,#673,
    #674,#675,#676,#677,#678,#679,#680,#681,#682,#683,#684,#685,#686,
    #687,#688,#689,#690,#691,#692,#693,#694,#695,#696,#697),
  .UNSPECIFIED.,.F.,.F.,(4,2,2,2,2,2,2,2,2,2,2,2,2,2,4),(
    6.547647685313E-03,6.956150681367E-03,7.364653677422E-03,
    8.181659669531E-03,8.590162665586E-03,8.99866566164E-03,
    9.407168657695E-03,9.81567165375E-03,1.02241746498E-02,
    1.063267764586E-02,1.104118064191E-02,1.144968363797E-02,
    1.226668963008E-02,1.267519262613E-02,1.308369562219E-02),
  .UNSPECIFIED.);
#668 = CARTESIAN_POINT('',(153.26146613492,20.,18.));
#669 = CARTESIAN_POINT('',(153.26146613492,20.137358105234,18.));
#670 = CARTESIAN_POINT('',(153.24438611303,20.275699316899,
    18.014563396665));
#671 = CARTESIAN_POINT('',(153.18456250077,20.538185197506,
    18.069112817281));
#672 = CARTESIAN_POINT('',(153.14170926526,20.66503457659,
    18.109470953725));
#673 = CARTESIAN_POINT('',(152.99669007585,21.018261648667,
    18.259704776098));
#674 = CARTESIAN_POINT('',(152.8760932631,21.227837722507,
    18.401612274056));
#675 = CARTESIAN_POINT('',(152.70846543856,21.494458784207,
    18.665009310474));
#676 = CARTESIAN_POINT('',(152.65365613431,21.57657589667,
    18.762746866353));
#677 = CARTESIAN_POINT('',(152.55395867604,21.721447118092,
    18.973838855591));
#678 = CARTESIAN_POINT('',(152.50913524117,21.78415203256,
    19.086646472164));
#679 = CARTESIAN_POINT('',(152.43322149211,21.888688205357,
    19.328978387053));
#680 = CARTESIAN_POINT('',(152.40247167804,21.930022849993,
    19.458609964886));
#681 = CARTESIAN_POINT('',(152.36126472147,21.985134425744,
    19.721912453818));
#682 = CARTESIAN_POINT('',(152.35018172915,21.999759208721,
    19.858168812172));
#683 = CARTESIAN_POINT('',(152.34982272884,22.000234884429,
    20.134956977665));
#684 = CARTESIAN_POINT('',(152.36041626055,21.986261257163,
    20.270610271324));
#685 = CARTESIAN_POINT('',(152.40144260107,21.931406746306,
    20.536778987084));
#686 = CARTESIAN_POINT('',(152.43207364201,21.890243294594,
    20.666610822463));
#687 = CARTESIAN_POINT('',(152.5075543751,21.786353583649,20.90902726888
    ));
#688 = CARTESIAN_POINT('',(152.55318260001,21.722548090174,
    21.024325033964));
#689 = CARTESIAN_POINT('',(152.65285036897,21.577773090321,
    21.235736935447));
#690 = CARTESIAN_POINT('',(152.70692939404,21.496835695208,
    21.332428128368));
#691 = CARTESIAN_POINT('',(152.87594892867,21.228197920454,
    21.598454607128));
#692 = CARTESIAN_POINT('',(152.99497813261,21.022133773759,
    21.738468364349));
#693 = CARTESIAN_POINT('',(153.14184162968,20.664859925001,
    21.890692652562));
#694 = CARTESIAN_POINT('',(153.18393921288,20.540385108895,21.9303076173
    ));
#695 = CARTESIAN_POINT('',(153.24421818971,20.27696398457,
    21.985294566198));
#696 = CARTESIAN_POINT('',(153.26146613492,20.139039244852,22.));
#697 = CARTESIAN_POINT('',(153.26146613492,20.,22.));
#698 = ORIENTED_EDGE('',*,*,#699,.T.);
#699 = EDGE_CURVE('',#665,#663,#700,.T.);
#700 = B_SPLINE_CURVE_WITH_KNOTS('',3,(#701,#702,#703,#704,#705,#706,
    #707,#708,#709,#710,#711,#712,#713,#714,#715,#716,#717,#718,#719,
    #720,#721,#722,#723,#724,#725,#726,#727,#728,#729,#730),
  .UNSPECIFIED.,.F.,.F.,(4,2,2,2,2,2,2,2,2,2,2,2,2,2,4),(1.E-17,
    4.092279803321E-04,8.184559606642E-04,1.636911921328E-03,
    2.04613990166E-03,2.455367881992E-03,2.864595862324E-03,
    3.273823842656E-03,3.683051822988E-03,4.092279803321E-03,
    4.501507783653E-03,4.910735763985E-03,5.729191724649E-03,
    6.138419704981E-03,6.547647685313E-03),.UNSPECIFIED.);
#701 = CARTESIAN_POINT('',(153.26146613492,20.,22.));
#702 = CARTESIAN_POINT('',(153.26146613492,19.860713997432,22.));
#703 = CARTESIAN_POINT('',(153.24463494902,19.725991978121,
    21.985651093284));
#704 = CARTESIAN_POINT('',(153.18520017717,19.464022079928,
    21.931480864391));
#705 = CARTESIAN_POINT('',(153.14239528589,19.336864069224,
    21.891199199493));
#706 = CARTESIAN_POINT('',(152.99753814414,18.983353827838,
    21.74125393324));
#707 = CARTESIAN_POINT('',(152.87686223343,18.773461651082,
    21.599425492867));
#708 = CARTESIAN_POINT('',(152.70901689402,18.506380510892,
    21.335941757303));
#709 = CARTESIAN_POINT('',(152.65409115951,18.424070524986,
    21.238071740586));
#710 = CARTESIAN_POINT('',(152.5543695325,18.279135738674,
    21.027132678453));
#711 = CARTESIAN_POINT('',(152.50947855311,18.216325404876,
    20.914314130352));
#712 = CARTESIAN_POINT('',(152.43338082689,18.111526552039,
    20.671664668266));
#713 = CARTESIAN_POINT('',(152.40263725323,18.070199612972,
    20.542191073735));
#714 = CARTESIAN_POINT('',(152.36134292577,18.014969156198,
    20.278842685692));
#715 = CARTESIAN_POINT('',(152.35020051665,18.000265684766,
    20.142120267269));
#716 = CARTESIAN_POINT('',(152.349804902,17.999741494957,19.865458501216
    ));
#717 = CARTESIAN_POINT('',(152.36037155025,18.013679173052,
    19.729735677922));
#718 = CARTESIAN_POINT('',(152.40143638099,18.068584726971,19.4632055566
    ));
#719 = CARTESIAN_POINT('',(152.4320670514,18.109747143374,
    19.333395857051));
#720 = CARTESIAN_POINT('',(152.50761440191,18.213729526914,
    19.090794444386));
#721 = CARTESIAN_POINT('',(152.55330643323,18.277626730508,
    18.975375735027));
#722 = CARTESIAN_POINT('',(152.65302846081,18.422490673392,
    18.763921973216));
#723 = CARTESIAN_POINT('',(152.70716398048,18.50351746005,
    18.667158259552));
#724 = CARTESIAN_POINT('',(152.87644747165,18.772634015224,
    18.400849872826));
#725 = CARTESIAN_POINT('',(152.99564680437,18.979171474805,
    18.260780959334));
#726 = CARTESIAN_POINT('',(153.14229360382,19.336401596861,
    18.108867906076));
#727 = CARTESIAN_POINT('',(153.18434706897,19.460936124122,
    18.069310645344));
#728 = CARTESIAN_POINT('',(153.24450286159,19.724746481744,
    18.014455553973));
#729 = CARTESIAN_POINT('',(153.26146613492,19.862398120626,18.));
#730 = CARTESIAN_POINT('',(153.26146613492,20.,18.));
#731 = FACE_BOUND('',#732,.F.);
#732 = EDGE_LOOP('',(#733,#744,#753,#762,#770,#779,#788,#797,#806,#814)
  );
#733 = ORIENTED_EDGE('',*,*,#734,.F.);
#734 = EDGE_CURVE('',#735,#737,#739,.T.);
#735 = VERTEX_POINT('',#736);
#736 = CARTESIAN_POINT('',(152.35,16.5,20.));
#737 = VERTEX_POINT('',#738);
#738 = CARTESIAN_POINT('',(152.39759726406,16.,19.5));
#739 = ( BOUNDED_CURVE() B_SPLINE_CURVE(3,(#740,#741,#742,#743),
.UNSPECIFIED.,.F.,.F.) B_SPLINE_CURVE_WITH_KNOTS((4,4),(1.570796326795,
1.76061338814),.PIECEWISE_BEZIER_KNOTS.) CURVE() 
GEOMETRIC_REPRESENTATION_ITEM() RATIONAL_B_SPLINE_CURVE((1.,
0.996999710075,0.996999710075,1.)) REPRESENTATION_ITEM('') );
#740 = CARTESIAN_POINT('',(152.35,16.5,20.));
#741 = CARTESIAN_POINT('',(152.35,16.332076049402,19.832076049402));
#742 = CARTESIAN_POINT('',(152.3659134998,16.16490782961,19.66490782961)
  );
#743 = CARTESIAN_POINT('',(152.39759726406,16.,19.5));
#744 = ORIENTED_EDGE('',*,*,#745,.F.);
#745 = EDGE_CURVE('',#746,#735,#748,.T.);
#746 = VERTEX_POINT('',#747);
#747 = CARTESIAN_POINT('',(152.39759726406,16.,20.5));
#748 = ( BOUNDED_CURVE() B_SPLINE_CURVE(3,(#749,#750,#751,#752),
.UNSPECIFIED.,.F.,.F.) B_SPLINE_CURVE_WITH_KNOTS((4,4),(4.52257191904,
4.712388980385),.PIECEWISE_BEZIER_KNOTS.) CURVE() 
GEOMETRIC_REPRESENTATION_ITEM() RATIONAL_B_SPLINE_CURVE((1.,
0.996999710075,0.996999710075,1.)) REPRESENTATION_ITEM('') );
#749 = CARTESIAN_POINT('',(152.39759726406,16.,20.5));
#750 = CARTESIAN_POINT('',(152.3659134998,16.16490782961,20.33509217039)
  );
#751 = CARTESIAN_POINT('',(152.35,16.332076049402,20.167923950598));
#752 = CARTESIAN_POINT('',(152.35,16.5,20.));
#753 = ORIENTED_EDGE('',*,*,#754,.F.);
#754 = EDGE_CURVE('',#755,#746,#757,.T.);
#755 = VERTEX_POINT('',#756);
#756 = CARTESIAN_POINT('',(155.,16.,22.65));
#757 = CIRCLE('',#758,2.65);
#758 = AXIS2_PLACEMENT_3D('',#759,#760,#761);
#759 = CARTESIAN_POINT('',(155.,16.,20.));
#760 = DIRECTION('',(0.,-1.,0.));
#761 = DIRECTION('',(0.,-0.,-1.));
#762 = ORIENTED_EDGE('',*,*,#763,.T.);
#763 = EDGE_CURVE('',#755,#764,#766,.T.);
#764 = VERTEX_POINT('',#765);
#765 = CARTESIAN_POINT('',(155.,24.,22.65));
#766 = LINE('',#767,#768);
#767 = CARTESIAN_POINT('',(155.,30.,22.65));
#768 = VECTOR('',#769,1.);
#769 = DIRECTION('',(-0.,1.,1.7E-16));
#770 = ORIENTED_EDGE('',*,*,#771,.F.);
#771 = EDGE_CURVE('',#772,#764,#774,.T.);
#772 = VERTEX_POINT('',#773);
#773 = CARTESIAN_POINT('',(152.39759726406,24.,20.5));
#774 = CIRCLE('',#775,2.65);
#775 = AXIS2_PLACEMENT_3D('',#776,#777,#778);
#776 = CARTESIAN_POINT('',(155.,24.,20.));
#777 = DIRECTION('',(0.,1.,-0.));
#778 = DIRECTION('',(0.,0.,1.));
#779 = ORIENTED_EDGE('',*,*,#780,.F.);
#780 = EDGE_CURVE('',#781,#772,#783,.T.);
#781 = VERTEX_POINT('',#782);
#782 = CARTESIAN_POINT('',(152.35,23.5,20.));
#783 = ( BOUNDED_CURVE() B_SPLINE_CURVE(3,(#784,#785,#786,#787),
.UNSPECIFIED.,.F.,.F.) B_SPLINE_CURVE_WITH_KNOTS((4,4),(4.712388980385,
4.902206041729),.PIECEWISE_BEZIER_KNOTS.) CURVE() 
GEOMETRIC_REPRESENTATION_ITEM() RATIONAL_B_SPLINE_CURVE((1.,
0.996999710075,0.996999710075,1.)) REPRESENTATION_ITEM('') );
#784 = CARTESIAN_POINT('',(152.35,23.5,20.));
#785 = CARTESIAN_POINT('',(152.35,23.667923950598,20.167923950598));
#786 = CARTESIAN_POINT('',(152.3659134998,23.83509217039,20.33509217039)
  );
#787 = CARTESIAN_POINT('',(152.39759726406,24.,20.5));
#788 = ORIENTED_EDGE('',*,*,#789,.F.);
#789 = EDGE_CURVE('',#790,#781,#792,.T.);
#790 = VERTEX_POINT('',#791);
#791 = CARTESIAN_POINT('',(152.39759726406,24.,19.5));
#792 = ( BOUNDED_CURVE() B_SPLINE_CURVE(3,(#793,#794,#795,#796),
.UNSPECIFIED.,.F.,.F.) B_SPLINE_CURVE_WITH_KNOTS((4,4),(1.38097926545,
1.570796326795),.PIECEWISE_BEZIER_KNOTS.) CURVE() 
GEOMETRIC_REPRESENTATION_ITEM() RATIONAL_B_SPLINE_CURVE((1.,
0.996999710075,0.996999710075,1.)) REPRESENTATION_ITEM('') );
#793 = CARTESIAN_POINT('',(152.39759726406,24.,19.5));
#794 = CARTESIAN_POINT('',(152.3659134998,23.83509217039,19.66490782961)
  );
#795 = CARTESIAN_POINT('',(152.35,23.667923950598,19.832076049402));
#796 = CARTESIAN_POINT('',(152.35,23.5,20.));
#797 = ORIENTED_EDGE('',*,*,#798,.F.);
#798 = EDGE_CURVE('',#799,#790,#801,.T.);
#799 = VERTEX_POINT('',#800);
#800 = CARTESIAN_POINT('',(155.,24.,17.35));
#801 = CIRCLE('',#802,2.65);
#802 = AXIS2_PLACEMENT_3D('',#803,#804,#805);
#803 = CARTESIAN_POINT('',(155.,24.,20.));
#804 = DIRECTION('',(0.,1.,-0.));
#805 = DIRECTION('',(0.,0.,1.));
#806 = ORIENTED_EDGE('',*,*,#807,.F.);
#807 = EDGE_CURVE('',#808,#799,#810,.T.);
#808 = VERTEX_POINT('',#809);
#809 = CARTESIAN_POINT('',(155.,16.,17.35));
#810 = LINE('',#811,#812);
#811 = CARTESIAN_POINT('',(155.,30.,17.35));
#812 = VECTOR('',#813,1.);
#813 = DIRECTION('',(-0.,1.,1.7E-16));
#814 = ORIENTED_EDGE('',*,*,#815,.F.);
#815 = EDGE_CURVE('',#737,#808,#816,.T.);
#816 = CIRCLE('',#817,2.65);
#817 = AXIS2_PLACEMENT_3D('',#818,#819,#820);
#818 = CARTESIAN_POINT('',(155.,16.,20.));
#819 = DIRECTION('',(0.,-1.,0.));
#820 = DIRECTION('',(0.,-0.,-1.));
#821 = CYLINDRICAL_SURFACE('',#822,2.65);
#822 = AXIS2_PLACEMENT_3D('',#823,#824,#825);
#823 = CARTESIAN_POINT('',(155.,30.,20.));
#824 = DIRECTION('',(-0.,1.,1.7E-16));
#825 = DIRECTION('',(0.,-1.7E-16,1.));
#826 = ADVANCED_FACE('',(#827),#864,.F.);
#827 = FACE_BOUND('',#828,.F.);
#828 = EDGE_LOOP('',(#829,#840,#849,#857));
#829 = ORIENTED_EDGE('',*,*,#830,.F.);
#830 = EDGE_CURVE('',#831,#833,#835,.T.);
#831 = VERTEX_POINT('',#832);
#832 = CARTESIAN_POINT('',(156.4,30.,24.8));
#833 = VERTEX_POINT('',#834);
#834 = CARTESIAN_POINT('',(159.,28.2,23.));
#835 = ( BOUNDED_CURVE() B_SPLINE_CURVE(3,(#836,#837,#838,#839),
.UNSPECIFIED.,.F.,.F.) B_SPLINE_CURVE_WITH_KNOTS((4,4),(0.283794109208,
0.927295218002),.PIECEWISE_BEZIER_KNOTS.) CURVE() 
GEOMETRIC_REPRESENTATION_ITEM() RATIONAL_B_SPLINE_CURVE((1.,
0.965788865367,0.965788865367,1.)) REPRESENTATION_ITEM('') );
#836 = CARTESIAN_POINT('',(156.4,30.,24.8));
#837 = CARTESIAN_POINT('',(157.44777440239,29.694399132634,
    24.494399132634));
#838 = CARTESIAN_POINT('',(158.3451409985,29.073145335333,
    23.873145335333));
#839 = CARTESIAN_POINT('',(159.,28.2,23.));
#840 = ORIENTED_EDGE('',*,*,#841,.F.);
#841 = EDGE_CURVE('',#842,#831,#844,.T.);
#842 = VERTEX_POINT('',#843);
#843 = CARTESIAN_POINT('',(155.,30.,25.));
#844 = CIRCLE('',#845,5.);
#845 = AXIS2_PLACEMENT_3D('',#846,#847,#848);
#846 = CARTESIAN_POINT('',(155.,30.,20.));
#847 = DIRECTION('',(-0.,1.,1.7E-16));
#848 = DIRECTION('',(0.,-1.7E-16,1.));
#849 = ORIENTED_EDGE('',*,*,#850,.F.);
#850 = EDGE_CURVE('',#851,#842,#853,.T.);
#851 = VERTEX_POINT('',#852);
#852 = CARTESIAN_POINT('',(155.,28.2,25.));
#853 = LINE('',#854,#855);
#854 = CARTESIAN_POINT('',(155.,30.,25.));
#855 = VECTOR('',#856,1.);
#856 = DIRECTION('',(-0.,1.,1.7E-16));
#857 = ORIENTED_EDGE('',*,*,#858,.F.);
#858 = EDGE_CURVE('',#833,#851,#859,.T.);
#859 = CIRCLE('',#860,5.);
#860 = AXIS2_PLACEMENT_3D('',#861,#862,#863);
#861 = CARTESIAN_POINT('',(155.,28.2,20.));
#862 = DIRECTION('',(0.,-1.,0.));
#863 = DIRECTION('',(0.,-0.,-1.));
#864 = CYLINDRICAL_SURFACE('',#865,5.);
#865 = AXIS2_PLACEMENT_3D('',#866,#867,#868);
#866 = CARTESIAN_POINT('',(155.,30.,20.));
#867 = DIRECTION('',(-0.,1.,1.7E-16));
#868 = DIRECTION('',(0.,-1.7E-16,1.));
#869 = ADVANCED_FACE('',(#870,#946),#1036,.F.);
#870 = FACE_BOUND('',#871,.F.);
#871 = EDGE_LOOP('',(#872,#911));
#872 = ORIENTED_EDGE('',*,*,#873,.T.);
#873 = EDGE_CURVE('',#874,#876,#878,.T.);
#874 = VERTEX_POINT('',#875);
#875 = CARTESIAN_POINT('',(142.34999999999,20.,-2.000000000001));
#876 = VERTEX_POINT('',#877);
#877 = CARTESIAN_POINT('',(142.35,20.,2.));
#878 = B_SPLINE_CURVE_WITH_KNOTS('',3,(#879,#880,#881,#882,#883,#884,
    #885,#886,#887,#888,#889,#890,#891,#892,#893,#894,#895,#896,#897,
    #898,#899,#900,#901,#902,#903,#904,#905,#906,#907,#908,#909,#910),
  .UNSPECIFIED.,.F.,.F.,(4,2,2,2,2,2,2,2,2,2,2,2,2,2,2,4),(
    6.556234740081E-03,6.965149976515E-03,7.374065212949E-03,
    8.191895685818E-03,8.600810922253E-03,9.009726158687E-03,
    9.418641395121E-03,9.827556631556E-03,1.023647186799E-02,
    1.064538710442E-02,1.105430234086E-02,1.146321757729E-02,
    1.187213281373E-02,1.228104805016E-02,1.26899632866E-02,
    1.309887852303E-02),.UNSPECIFIED.);
#879 = CARTESIAN_POINT('',(142.34999999999,20.,-2.000000000001));
#880 = CARTESIAN_POINT('',(142.35,20.136944631194,-2.));
#881 = CARTESIAN_POINT('',(142.36098370602,20.275789275498,
    -1.98550829288));
#882 = CARTESIAN_POINT('',(142.40228110773,20.540669290007,
    -1.930279675181));
#883 = CARTESIAN_POINT('',(142.43301904496,20.67027958656,
    -1.888963678186));
#884 = CARTESIAN_POINT('',(142.54696329527,21.034299142435,
    -1.732067923212));
#885 = CARTESIAN_POINT('',(142.65269518771,21.2474369742,-1.583199764474
    ));
#886 = CARTESIAN_POINT('',(142.82060066305,21.511151300076,
    -1.316083915633));
#887 = CARTESIAN_POINT('',(142.87891950315,21.591075377318,
    -1.218250241265));
#888 = CARTESIAN_POINT('',(142.99105257969,21.730500965863,
    -1.010455795075));
#889 = CARTESIAN_POINT('',(143.04503122508,21.790372656539,
    -0.900504767469));
#890 = CARTESIAN_POINT('',(143.14163514601,21.890454238975,
    -0.66522616895));
#891 = CARTESIAN_POINT('',(143.18460538148,21.930927125172,
    -0.538037459309));
#892 = CARTESIAN_POINT('',(143.2444034991,21.98545161354,-0.275582584058
    ));
#893 = CARTESIAN_POINT('',(143.2615031996,22.000032219098,
    -0.136987636874));
#894 = CARTESIAN_POINT('',(143.26142894341,21.999967670645,
    0.137926815596));
#895 = CARTESIAN_POINT('',(143.24459720259,21.985628911444,
    0.274764912017));
#896 = CARTESIAN_POINT('',(143.18436357225,21.930705963468,
    0.539066242188));
#897 = CARTESIAN_POINT('',(143.14236314638,21.891185406403,
    0.663323988908));
#898 = CARTESIAN_POINT('',(143.04514138171,21.790509621259,
    0.900364510536));
#899 = CARTESIAN_POINT('',(142.99004760152,21.729323724729,
    1.012420881552));
#900 = CARTESIAN_POINT('',(142.87822516928,21.590138596719,
    1.219432585074));
#901 = CARTESIAN_POINT('',(142.82090777409,21.511630983089,
    1.315594147821));
#902 = CARTESIAN_POINT('',(142.7083955207,21.334923244414,1.494588947617
    ));
#903 = CARTESIAN_POINT('',(142.65379847391,21.237427786496,
    1.576351392647));
#904 = CARTESIAN_POINT('',(142.55486987331,21.028215829177,1.72014053162
    ));
#905 = CARTESIAN_POINT('',(142.5099973334,20.915796800397,1.782954189343
    ));
#906 = CARTESIAN_POINT('',(142.43349753858,20.672206943445,
    1.888318629389));
#907 = CARTESIAN_POINT('',(142.40281990427,20.543325161103,
    1.929555972286));
#908 = CARTESIAN_POINT('',(142.36118937392,20.277894152596,
    1.985236338783));
#909 = CARTESIAN_POINT('',(142.35,20.138565173145,2.));
#910 = CARTESIAN_POINT('',(142.35,20.,2.));
#911 = ORIENTED_EDGE('',*,*,#912,.T.);
#912 = EDGE_CURVE('',#876,#874,#913,.T.);
#913 = B_SPLINE_CURVE_WITH_KNOTS('',3,(#914,#915,#916,#917,#918,#919,
    #920,#921,#922,#923,#924,#925,#926,#927,#928,#929,#930,#931,#932,
    #933,#934,#935,#936,#937,#938,#939,#940,#941,#942,#943,#944,#945),
  .UNSPECIFIED.,.F.,.F.,(4,2,2,2,2,2,2,2,2,2,2,2,2,2,2,4),(0.,
    4.09764671255E-04,8.195293425101E-04,1.63905868502E-03,
    2.048823356275E-03,2.45858802753E-03,2.868352698785E-03,
    3.27811737004E-03,3.687882041295E-03,4.09764671255E-03,
    4.507411383805E-03,4.917176055061E-03,5.326940726316E-03,
    5.736705397571E-03,6.146470068826E-03,6.556234740081E-03),
  .UNSPECIFIED.);
#914 = CARTESIAN_POINT('',(142.35,20.,2.));
#915 = CARTESIAN_POINT('',(142.35,19.861146987048,2.));
#916 = CARTESIAN_POINT('',(142.36083581788,19.725574047862,
    1.985704458907));
#917 = CARTESIAN_POINT('',(142.4020425288,19.460450038255,1.930600331532
    ));
#918 = CARTESIAN_POINT('',(142.43288116094,19.33032175575,1.889148006855
    ));
#919 = CARTESIAN_POINT('',(142.54634297017,18.96736283306,1.73293307775)
  );
#920 = CARTESIAN_POINT('',(142.65201124921,18.753744492694,1.5842399082)
  );
#921 = CARTESIAN_POINT('',(142.82035547721,18.489180439263,
    1.316497806284));
#922 = CARTESIAN_POINT('',(142.87866160221,18.409278792946,
    1.218680498925));
#923 = CARTESIAN_POINT('',(142.99053224094,18.27011275459,1.011467367344
    ));
#924 = CARTESIAN_POINT('',(143.04465862663,18.210015068233,
    0.901402652294));
#925 = CARTESIAN_POINT('',(143.14194524321,18.109222788608,
    0.664480499633));
#926 = CARTESIAN_POINT('',(143.184605602,18.069072961156,0.538022697792)
  );
#927 = CARTESIAN_POINT('',(143.24438271919,18.01456704647,0.275687576281
    ));
#928 = CARTESIAN_POINT('',(143.26146613273,18.000000001908,
    0.136651663068));
#929 = CARTESIAN_POINT('',(143.26146613712,17.999999998092,
    -0.136651607203));
#930 = CARTESIAN_POINT('',(143.24454701611,18.014418884831,
    -0.274887419186));
#931 = CARTESIAN_POINT('',(143.18455864795,18.069114130553,
    -0.538307734769));
#932 = CARTESIAN_POINT('',(143.14187845527,18.109283557188,
    -0.664690209655));
#933 = CARTESIAN_POINT('',(143.04441800707,18.210272811003,
    -0.901941423206));
#934 = CARTESIAN_POINT('',(142.99018199917,18.270508159257,
    -1.012173254879));
#935 = CARTESIAN_POINT('',(142.87807145367,18.410053564446,
    -1.21971597397));
#936 = CARTESIAN_POINT('',(142.81964823436,18.490211917267,
    -1.317658254423));
#937 = CARTESIAN_POINT('',(142.70765666602,18.666374896801,
    -1.495702983326));
#938 = CARTESIAN_POINT('',(142.65375207488,18.762574479006,
    -1.576432204258));
#939 = CARTESIAN_POINT('',(142.55411730497,18.973472314888,
    -1.721220882493));
#940 = CARTESIAN_POINT('',(142.50830549344,19.088941563668,
    -1.785306786619));
#941 = CARTESIAN_POINT('',(142.43272002795,19.33093906588,-1.88936636553
    ));
#942 = CARTESIAN_POINT('',(142.40211798444,19.459786364022,
    -1.93050011484));
#943 = CARTESIAN_POINT('',(142.36059557165,19.727298693009,
    -1.986025040894));
#944 = CARTESIAN_POINT('',(142.35,19.862770895332,-2.));
#945 = CARTESIAN_POINT('',(142.34999999999,20.,-2.000000000001));
#946 = FACE_BOUND('',#947,.F.);
#947 = EDGE_LOOP('',(#948,#959,#968,#977,#985,#994,#1003,#1012,#1021,
    #1029));
#948 = ORIENTED_EDGE('',*,*,#949,.T.);
#949 = EDGE_CURVE('',#950,#952,#954,.T.);
#950 = VERTEX_POINT('',#951);
#951 = CARTESIAN_POINT('',(142.39759726406,19.5,4.));
#952 = VERTEX_POINT('',#953);
#953 = CARTESIAN_POINT('',(142.35,20.,3.5));
#954 = ( BOUNDED_CURVE() B_SPLINE_CURVE(3,(#955,#956,#957,#958),
.UNSPECIFIED.,.F.,.F.) B_SPLINE_CURVE_WITH_KNOTS((4,4),(4.52257191904,
4.712388980385),.PIECEWISE_BEZIER_KNOTS.) CURVE() 
GEOMETRIC_REPRESENTATION_ITEM() RATIONAL_B_SPLINE_CURVE((1.,
0.996999710075,0.996999710075,1.)) REPRESENTATION_ITEM('') );
#955 = CARTESIAN_POINT('',(142.39759726406,19.5,4.));
#956 = CARTESIAN_POINT('',(142.3659134998,19.66490782961,3.83509217039)
  );
#957 = CARTESIAN_POINT('',(142.35,19.832076049402,3.667923950598));
#958 = CARTESIAN_POINT('',(142.35,20.,3.5));
#959 = ORIENTED_EDGE('',*,*,#960,.T.);
#960 = EDGE_CURVE('',#952,#961,#963,.T.);
#961 = VERTEX_POINT('',#962);
#962 = CARTESIAN_POINT('',(142.39759726406,20.5,4.));
#963 = ( BOUNDED_CURVE() B_SPLINE_CURVE(3,(#964,#965,#966,#967),
.UNSPECIFIED.,.F.,.F.) B_SPLINE_CURVE_WITH_KNOTS((4,4),(1.570796326795,
1.76061338814),.PIECEWISE_BEZIER_KNOTS.) CURVE() 
GEOMETRIC_REPRESENTATION_ITEM() RATIONAL_B_SPLINE_CURVE((1.,
0.996999710075,0.996999710075,1.)) REPRESENTATION_ITEM('') );
#964 = CARTESIAN_POINT('',(142.35,20.,3.5));
#965 = CARTESIAN_POINT('',(142.35,20.167923950598,3.667923950598));
#966 = CARTESIAN_POINT('',(142.3659134998,20.33509217039,3.83509217039)
  );
#967 = CARTESIAN_POINT('',(142.39759726406,20.5,4.));
#968 = ORIENTED_EDGE('',*,*,#969,.T.);
#969 = EDGE_CURVE('',#961,#970,#972,.T.);
#970 = VERTEX_POINT('',#971);
#971 = CARTESIAN_POINT('',(145.,22.65,4.));
#972 = CIRCLE('',#973,2.65);
#973 = AXIS2_PLACEMENT_3D('',#974,#975,#976);
#974 = CARTESIAN_POINT('',(145.,20.,4.));
#975 = DIRECTION('',(0.,1.7E-16,-1.));
#976 = DIRECTION('',(0.,1.,1.7E-16));
#977 = ORIENTED_EDGE('',*,*,#978,.T.);
#978 = EDGE_CURVE('',#970,#979,#981,.T.);
#979 = VERTEX_POINT('',#980);
#980 = CARTESIAN_POINT('',(145.,22.65,-4.));
#981 = LINE('',#982,#983);
#982 = CARTESIAN_POINT('',(145.,22.65,-10.));
#983 = VECTOR('',#984,1.);
#984 = DIRECTION('',(-0.,1.7E-16,-1.));
#985 = ORIENTED_EDGE('',*,*,#986,.T.);
#986 = EDGE_CURVE('',#979,#987,#989,.T.);
#987 = VERTEX_POINT('',#988);
#988 = CARTESIAN_POINT('',(142.39759726406,20.5,-4.));
#989 = CIRCLE('',#990,2.65);
#990 = AXIS2_PLACEMENT_3D('',#991,#992,#993);
#991 = CARTESIAN_POINT('',(145.,20.,-4.));
#992 = DIRECTION('',(0.,-4.6E-16,1.));
#993 = DIRECTION('',(0.,-1.,-4.6E-16));
#994 = ORIENTED_EDGE('',*,*,#995,.T.);
#995 = EDGE_CURVE('',#987,#996,#998,.T.);
#996 = VERTEX_POINT('',#997);
#997 = CARTESIAN_POINT('',(142.35,20.,-3.5));
#998 = ( BOUNDED_CURVE() B_SPLINE_CURVE(3,(#999,#1000,#1001,#1002),
.UNSPECIFIED.,.F.,.F.) B_SPLINE_CURVE_WITH_KNOTS((4,4),(1.38097926545,
1.570796326795),.PIECEWISE_BEZIER_KNOTS.) CURVE() 
GEOMETRIC_REPRESENTATION_ITEM() RATIONAL_B_SPLINE_CURVE((1.,
0.996999710075,0.996999710075,1.)) REPRESENTATION_ITEM('') );
#999 = CARTESIAN_POINT('',(142.39759726406,20.5,-4.));
#1000 = CARTESIAN_POINT('',(142.3659134998,20.33509217039,-3.83509217039
    ));
#1001 = CARTESIAN_POINT('',(142.35,20.167923950598,-3.667923950598));
#1002 = CARTESIAN_POINT('',(142.35,20.,-3.5));
#1003 = ORIENTED_EDGE('',*,*,#1004,.T.);
#1004 = EDGE_CURVE('',#996,#1005,#1007,.T.);
#1005 = VERTEX_POINT('',#1006);
#1006 = CARTESIAN_POINT('',(142.39759726406,19.5,-4.));
#1007 = ( BOUNDED_CURVE() B_SPLINE_CURVE(3,(#1008,#1009,#1010,#1011),
.UNSPECIFIED.,.F.,.F.) B_SPLINE_CURVE_WITH_KNOTS((4,4),(4.712388980385,
4.902206041729),.PIECEWISE_BEZIER_KNOTS.) CURVE() 
GEOMETRIC_REPRESENTATION_ITEM() RATIONAL_B_SPLINE_CURVE((1.,
0.996999710075,0.996999710075,1.)) REPRESENTATION_ITEM('') );
#1008 = CARTESIAN_POINT('',(142.35,20.,-3.5));
#1009 = CARTESIAN_POINT('',(142.35,19.832076049402,-3.667923950598));
#1010 = CARTESIAN_POINT('',(142.3659134998,19.66490782961,-3.83509217039
    ));
#1011 = CARTESIAN_POINT('',(142.39759726406,19.5,-4.));
#1012 = ORIENTED_EDGE('',*,*,#1013,.T.);
#1013 = EDGE_CURVE('',#1005,#1014,#1016,.T.);
#1014 = VERTEX_POINT('',#1015);
#1015 = CARTESIAN_POINT('',(145.,17.35,-4.));
#1016 = CIRCLE('',#1017,2.65);
#1017 = AXIS2_PLACEMENT_3D('',#1018,#1019,#1020);
#1018 = CARTESIAN_POINT('',(145.,20.,-4.));
#1019 = DIRECTION('',(0.,-4.6E-16,1.));
#1020 = DIRECTION('',(0.,-1.,-4.6E-16));
#1021 = ORIENTED_EDGE('',*,*,#1022,.F.);
#1022 = EDGE_CURVE('',#1023,#1014,#1025,.T.);
#1023 = VERTEX_POINT('',#1024);
#1024 = CARTESIAN_POINT('',(145.,17.35,4.));
#1025 = LINE('',#1026,#1027);
#1026 = CARTESIAN_POINT('',(145.,17.35,-10.));
#1027 = VECTOR('',#1028,1.);
#1028 = DIRECTION('',(-0.,1.7E-16,-1.));
#1029 = ORIENTED_EDGE('',*,*,#1030,.T.);
#1030 = EDGE_CURVE('',#1023,#950,#1031,.T.);
#1031 = CIRCLE('',#1032,2.65);
#1032 = AXIS2_PLACEMENT_3D('',#1033,#1034,#1035);
#1033 = CARTESIAN_POINT('',(145.,20.,4.));
#1034 = DIRECTION('',(0.,1.7E-16,-1.));
#1035 = DIRECTION('',(0.,1.,1.7E-16));
#1036 = CYLINDRICAL_SURFACE('',#1037,2.65);
#1037 = AXIS2_PLACEMENT_3D('',#1038,#1039,#1040);
#1038 = CARTESIAN_POINT('',(145.,20.,-10.));
#1039 = DIRECTION('',(-0.,1.7E-16,-1.));
#1040 = DIRECTION('',(0.,1.,1.7E-16));
#1041 = ADVANCED_FACE('',(#1042),#1070,.F.);
#1042 = FACE_BOUND('',#1043,.F.);
#1043 = EDGE_LOOP('',(#1044,#1055,#1063));
#1044 = ORIENTED_EDGE('',*,*,#1045,.T.);
#1045 = EDGE_CURVE('',#1046,#1048,#1050,.T.);
#1046 = VERTEX_POINT('',#1047);
#1047 = CARTESIAN_POINT('',(148.45941257176,23.610050506339,-4.6));
#1048 = VERTEX_POINT('',#1049);
#1049 = CARTESIAN_POINT('',(145.,25.,-5.989949493661));
#1050 = ( BOUNDED_CURVE() B_SPLINE_CURVE(3,(#1051,#1052,#1053,#1054),
.UNSPECIFIED.,.F.,.F.) B_SPLINE_CURVE_WITH_KNOTS((4,4),(5.519092176495,
6.28318530718),.PIECEWISE_BEZIER_KNOTS.) CURVE() 
GEOMETRIC_REPRESENTATION_ITEM() RATIONAL_B_SPLINE_CURVE((1.,
0.951935718871,0.951935718871,1.)) REPRESENTATION_ITEM('') );
#1051 = CARTESIAN_POINT('',(148.45941257176,23.610050506339,-4.6));
#1052 = CARTESIAN_POINT('',(147.51684193615,24.513290142704,
    -5.503239636365));
#1053 = CARTESIAN_POINT('',(146.30548123074,25.,-5.989949493661));
#1054 = CARTESIAN_POINT('',(145.,25.,-5.989949493661));
#1055 = ORIENTED_EDGE('',*,*,#1056,.F.);
#1056 = EDGE_CURVE('',#1057,#1048,#1059,.T.);
#1057 = VERTEX_POINT('',#1058);
#1058 = CARTESIAN_POINT('',(145.,25.,-4.6));
#1059 = LINE('',#1060,#1061);
#1060 = CARTESIAN_POINT('',(145.,25.,-10.));
#1061 = VECTOR('',#1062,1.);
#1062 = DIRECTION('',(-0.,1.7E-16,-1.));
#1063 = ORIENTED_EDGE('',*,*,#1064,.T.);
#1064 = EDGE_CURVE('',#1057,#1046,#1065,.T.);
#1065 = CIRCLE('',#1066,5.);
#1066 = AXIS2_PLACEMENT_3D('',#1067,#1068,#1069);
#1067 = CARTESIAN_POINT('',(145.,20.,-4.6));
#1068 = DIRECTION('',(-0.,1.7E-16,-1.));
#1069 = DIRECTION('',(0.,1.,1.7E-16));
#1070 = CYLINDRICAL_SURFACE('',#1071,5.);
#1071 = AXIS2_PLACEMENT_3D('',#1072,#1073,#1074);
#1072 = CARTESIAN_POINT('',(145.,20.,-10.));
#1073 = DIRECTION('',(-0.,1.7E-16,-1.));
#1074 = DIRECTION('',(0.,1.,1.7E-16));
#1075 = ADVANCED_FACE('',(#1076,#1152),#1242,.F.);
#1076 = FACE_BOUND('',#1077,.F.);
#1077 = EDGE_LOOP('',(#1078,#1117));
#1078 = ORIENTED_EDGE('',*,*,#1079,.T.);
#1079 = EDGE_CURVE('',#1080,#1082,#1084,.T.);
#1080 = VERTEX_POINT('',#1081);
#1081 = CARTESIAN_POINT('',(142.34999999999,20.,17.999999999999));
#1082 = VERTEX_POINT('',#1083);
#1083 = CARTESIAN_POINT('',(142.35,20.,22.));
#1084 = B_SPLINE_CURVE_WITH_KNOTS('',3,(#1085,#1086,#1087,#1088,#1089,
    #1090,#1091,#1092,#1093,#1094,#1095,#1096,#1097,#1098,#1099,#1100,
    #1101,#1102,#1103,#1104,#1105,#1106,#1107,#1108,#1109,#1110,#1111,
    #1112,#1113,#1114,#1115,#1116),.UNSPECIFIED.,.F.,.F.,(4,2,2,2,2,2,2,
    2,2,2,2,2,2,2,2,4),(6.556234740081E-03,6.965149976515E-03,
    7.374065212949E-03,8.191895685818E-03,8.600810922253E-03,
    9.009726158687E-03,9.418641395121E-03,9.827556631556E-03,
    1.023647186799E-02,1.064538710442E-02,1.105430234086E-02,
    1.146321757729E-02,1.187213281373E-02,1.228104805016E-02,
    1.26899632866E-02,1.309887852303E-02),.UNSPECIFIED.);
#1085 = CARTESIAN_POINT('',(142.34999999999,20.,17.999999999999));
#1086 = CARTESIAN_POINT('',(142.35,20.136944631194,18.));
#1087 = CARTESIAN_POINT('',(142.36098370602,20.275789275498,
    18.01449170712));
#1088 = CARTESIAN_POINT('',(142.40228110773,20.540669290007,
    18.069720324819));
#1089 = CARTESIAN_POINT('',(142.43301904496,20.67027958656,
    18.111036321814));
#1090 = CARTESIAN_POINT('',(142.54696329527,21.034299142435,
    18.267932076788));
#1091 = CARTESIAN_POINT('',(142.65269518771,21.2474369742,
    18.416800235526));
#1092 = CARTESIAN_POINT('',(142.82060066305,21.511151300076,
    18.683916084367));
#1093 = CARTESIAN_POINT('',(142.87891950315,21.591075377318,
    18.781749758735));
#1094 = CARTESIAN_POINT('',(142.99105257969,21.730500965863,
    18.989544204925));
#1095 = CARTESIAN_POINT('',(143.04503122508,21.790372656539,
    19.099495232531));
#1096 = CARTESIAN_POINT('',(143.14163514601,21.890454238975,
    19.33477383105));
#1097 = CARTESIAN_POINT('',(143.18460538148,21.930927125172,
    19.461962540691));
#1098 = CARTESIAN_POINT('',(143.2444034991,21.98545161354,
    19.724417415942));
#1099 = CARTESIAN_POINT('',(143.2615031996,22.000032219098,
    19.863012363126));
#1100 = CARTESIAN_POINT('',(143.26142894341,21.999967670645,
    20.137926815596));
#1101 = CARTESIAN_POINT('',(143.24459720259,21.985628911444,
    20.274764912017));
#1102 = CARTESIAN_POINT('',(143.18436357225,21.930705963468,
    20.539066242188));
#1103 = CARTESIAN_POINT('',(143.14236314638,21.891185406403,
    20.663323988908));
#1104 = CARTESIAN_POINT('',(143.04514138171,21.790509621259,
    20.900364510536));
#1105 = CARTESIAN_POINT('',(142.99004760152,21.729323724729,
    21.012420881552));
#1106 = CARTESIAN_POINT('',(142.87822516928,21.590138596719,
    21.219432585074));
#1107 = CARTESIAN_POINT('',(142.82090777409,21.511630983089,
    21.315594147821));
#1108 = CARTESIAN_POINT('',(142.7083955207,21.334923244414,
    21.494588947617));
#1109 = CARTESIAN_POINT('',(142.65379847391,21.237427786496,
    21.576351392647));
#1110 = CARTESIAN_POINT('',(142.55486987331,21.028215829177,
    21.72014053162));
#1111 = CARTESIAN_POINT('',(142.5099973334,20.915796800397,
    21.782954189343));
#1112 = CARTESIAN_POINT('',(142.43349753858,20.672206943445,
    21.888318629389));
#1113 = CARTESIAN_POINT('',(142.40281990427,20.543325161103,
    21.929555972286));
#1114 = CARTESIAN_POINT('',(142.36118937392,20.277894152596,
    21.985236338783));
#1115 = CARTESIAN_POINT('',(142.35,20.138565173145,22.));
#1116 = CARTESIAN_POINT('',(142.35,20.,22.));
#1117 = ORIENTED_EDGE('',*,*,#1118,.T.);
#1118 = EDGE_CURVE('',#1082,#1080,#1119,.T.);
#1119 = B_SPLINE_CURVE_WITH_KNOTS('',3,(#1120,#1121,#1122,#1123,#1124,
    #1125,#1126,#1127,#1128,#1129,#1130,#1131,#1132,#1133,#1134,#1135,
    #1136,#1137,#1138,#1139,#1140,#1141,#1142,#1143,#1144,#1145,#1146,
    #1147,#1148,#1149,#1150,#1151),.UNSPECIFIED.,.F.,.F.,(4,2,2,2,2,2,2,
    2,2,2,2,2,2,2,2,4),(0.,4.09764671255E-04,8.195293425101E-04,
    1.63905868502E-03,2.048823356275E-03,2.45858802753E-03,
    2.868352698785E-03,3.27811737004E-03,3.687882041295E-03,
    4.09764671255E-03,4.507411383805E-03,4.917176055061E-03,
    5.326940726316E-03,5.736705397571E-03,6.146470068826E-03,
    6.556234740081E-03),.UNSPECIFIED.);
#1120 = CARTESIAN_POINT('',(142.35,20.,22.));
#1121 = CARTESIAN_POINT('',(142.35,19.861146987048,22.));
#1122 = CARTESIAN_POINT('',(142.36083581788,19.725574047862,
    21.985704458907));
#1123 = CARTESIAN_POINT('',(142.4020425288,19.460450038255,
    21.930600331532));
#1124 = CARTESIAN_POINT('',(142.43288116094,19.33032175575,
    21.889148006855));
#1125 = CARTESIAN_POINT('',(142.54634297017,18.96736283306,
    21.73293307775));
#1126 = CARTESIAN_POINT('',(142.65201124921,18.753744492694,
    21.5842399082));
#1127 = CARTESIAN_POINT('',(142.82035547721,18.489180439263,
    21.316497806284));
#1128 = CARTESIAN_POINT('',(142.87866160221,18.409278792946,
    21.218680498925));
#1129 = CARTESIAN_POINT('',(142.99053224094,18.27011275459,
    21.011467367344));
#1130 = CARTESIAN_POINT('',(143.04465862663,18.210015068233,
    20.901402652294));
#1131 = CARTESIAN_POINT('',(143.14194524321,18.109222788608,
    20.664480499633));
#1132 = CARTESIAN_POINT('',(143.184605602,18.069072961156,
    20.538022697792));
#1133 = CARTESIAN_POINT('',(143.24438271919,18.01456704647,
    20.275687576281));
#1134 = CARTESIAN_POINT('',(143.26146613273,18.000000001908,
    20.136651663068));
#1135 = CARTESIAN_POINT('',(143.26146613712,17.999999998092,
    19.863348392797));
#1136 = CARTESIAN_POINT('',(143.24454701611,18.014418884831,
    19.725112580814));
#1137 = CARTESIAN_POINT('',(143.18455864795,18.069114130553,
    19.461692265231));
#1138 = CARTESIAN_POINT('',(143.14187845527,18.109283557188,
    19.335309790345));
#1139 = CARTESIAN_POINT('',(143.04441800707,18.210272811003,
    19.098058576794));
#1140 = CARTESIAN_POINT('',(142.99018199917,18.270508159257,
    18.987826745121));
#1141 = CARTESIAN_POINT('',(142.87807145367,18.410053564446,
    18.78028402603));
#1142 = CARTESIAN_POINT('',(142.81964823436,18.490211917267,
    18.682341745577));
#1143 = CARTESIAN_POINT('',(142.70765666602,18.666374896801,
    18.504297016674));
#1144 = CARTESIAN_POINT('',(142.65375207488,18.762574479006,
    18.423567795742));
#1145 = CARTESIAN_POINT('',(142.55411730497,18.973472314888,
    18.278779117507));
#1146 = CARTESIAN_POINT('',(142.50830549344,19.088941563668,
    18.214693213381));
#1147 = CARTESIAN_POINT('',(142.43272002795,19.33093906588,
    18.11063363447));
#1148 = CARTESIAN_POINT('',(142.40211798444,19.459786364022,
    18.06949988516));
#1149 = CARTESIAN_POINT('',(142.36059557165,19.727298693009,
    18.013974959106));
#1150 = CARTESIAN_POINT('',(142.35,19.862770895332,18.));
#1151 = CARTESIAN_POINT('',(142.34999999999,20.,17.999999999999));
#1152 = FACE_BOUND('',#1153,.F.);
#1153 = EDGE_LOOP('',(#1154,#1165,#1174,#1183,#1191,#1200,#1209,#1218,
    #1227,#1235));
#1154 = ORIENTED_EDGE('',*,*,#1155,.F.);
#1155 = EDGE_CURVE('',#1156,#1158,#1160,.T.);
#1156 = VERTEX_POINT('',#1157);
#1157 = CARTESIAN_POINT('',(142.35,20.,23.5));
#1158 = VERTEX_POINT('',#1159);
#1159 = CARTESIAN_POINT('',(142.39759726406,19.5,24.));
#1160 = ( BOUNDED_CURVE() B_SPLINE_CURVE(3,(#1161,#1162,#1163,#1164),
.UNSPECIFIED.,.F.,.F.) B_SPLINE_CURVE_WITH_KNOTS((4,4),(1.570796326795,
1.76061338814),.PIECEWISE_BEZIER_KNOTS.) CURVE() 
GEOMETRIC_REPRESENTATION_ITEM() RATIONAL_B_SPLINE_CURVE((1.,
0.996999710075,0.996999710075,1.)) REPRESENTATION_ITEM('') );
#1161 = CARTESIAN_POINT('',(142.35,20.,23.5));
#1162 = CARTESIAN_POINT('',(142.35,19.832076049402,23.667923950598));
#1163 = CARTESIAN_POINT('',(142.3659134998,19.66490782961,23.83509217039
    ));
#1164 = CARTESIAN_POINT('',(142.39759726406,19.5,24.));
#1165 = ORIENTED_EDGE('',*,*,#1166,.F.);
#1166 = EDGE_CURVE('',#1167,#1156,#1169,.T.);
#1167 = VERTEX_POINT('',#1168);
#1168 = CARTESIAN_POINT('',(142.39759726406,20.5,24.));
#1169 = ( BOUNDED_CURVE() B_SPLINE_CURVE(3,(#1170,#1171,#1172,#1173),
.UNSPECIFIED.,.F.,.F.) B_SPLINE_CURVE_WITH_KNOTS((4,4),(4.52257191904,
4.712388980385),.PIECEWISE_BEZIER_KNOTS.) CURVE() 
GEOMETRIC_REPRESENTATION_ITEM() RATIONAL_B_SPLINE_CURVE((1.,
0.996999710075,0.996999710075,1.)) REPRESENTATION_ITEM('') );
#1170 = CARTESIAN_POINT('',(142.39759726406,20.5,24.));
#1171 = CARTESIAN_POINT('',(142.3659134998,20.33509217039,23.83509217039
    ));
#1172 = CARTESIAN_POINT('',(142.35,20.167923950598,23.667923950598));
#1173 = CARTESIAN_POINT('',(142.35,20.,23.5));
#1174 = ORIENTED_EDGE('',*,*,#1175,.F.);
#1175 = EDGE_CURVE('',#1176,#1167,#1178,.T.);
#1176 = VERTEX_POINT('',#1177);
#1177 = CARTESIAN_POINT('',(145.,22.65,24.));
#1178 = CIRCLE('',#1179,2.65);
#1179 = AXIS2_PLACEMENT_3D('',#1180,#1181,#1182);
#1180 = CARTESIAN_POINT('',(145.,20.,24.));
#1181 = DIRECTION('',(0.,2.9E-16,1.));
#1182 = DIRECTION('',(0.,-1.,2.9E-16));
#1183 = ORIENTED_EDGE('',*,*,#1184,.T.);
#1184 = EDGE_CURVE('',#1176,#1185,#1187,.T.);
#1185 = VERTEX_POINT('',#1186);
#1186 = CARTESIAN_POINT('',(145.,22.65,16.));
#1187 = LINE('',#1188,#1189);
#1188 = CARTESIAN_POINT('',(145.,22.65,-10.));
#1189 = VECTOR('',#1190,1.);
#1190 = DIRECTION('',(-0.,1.7E-16,-1.));
#1191 = ORIENTED_EDGE('',*,*,#1192,.F.);
#1192 = EDGE_CURVE('',#1193,#1185,#1195,.T.);
#1193 = VERTEX_POINT('',#1194);
#1194 = CARTESIAN_POINT('',(142.39759726406,20.5,16.));
#1195 = CIRCLE('',#1196,2.65);
#1196 = AXIS2_PLACEMENT_3D('',#1197,#1198,#1199);
#1197 = CARTESIAN_POINT('',(145.,20.,16.));
#1198 = DIRECTION('',(0.,-0.,-1.));
#1199 = DIRECTION('',(0.,1.,-0.));
#1200 = ORIENTED_EDGE('',*,*,#1201,.F.);
#1201 = EDGE_CURVE('',#1202,#1193,#1204,.T.);
#1202 = VERTEX_POINT('',#1203);
#1203 = CARTESIAN_POINT('',(142.35,20.,16.5));
#1204 = ( BOUNDED_CURVE() B_SPLINE_CURVE(3,(#1205,#1206,#1207,#1208),
.UNSPECIFIED.,.F.,.F.) B_SPLINE_CURVE_WITH_KNOTS((4,4),(4.712388980385,
4.902206041729),.PIECEWISE_BEZIER_KNOTS.) CURVE() 
GEOMETRIC_REPRESENTATION_ITEM() RATIONAL_B_SPLINE_CURVE((1.,
0.996999710075,0.996999710075,1.)) REPRESENTATION_ITEM('') );
#1205 = CARTESIAN_POINT('',(142.35,20.,16.5));
#1206 = CARTESIAN_POINT('',(142.35,20.167923950598,16.332076049402));
#1207 = CARTESIAN_POINT('',(142.3659134998,20.33509217039,16.16490782961
    ));
#1208 = CARTESIAN_POINT('',(142.39759726406,20.5,16.));
#1209 = ORIENTED_EDGE('',*,*,#1210,.F.);
#1210 = EDGE_CURVE('',#1211,#1202,#1213,.T.);
#1211 = VERTEX_POINT('',#1212);
#1212 = CARTESIAN_POINT('',(142.39759726406,19.5,16.));
#1213 = ( BOUNDED_CURVE() B_SPLINE_CURVE(3,(#1214,#1215,#1216,#1217),
.UNSPECIFIED.,.F.,.F.) B_SPLINE_CURVE_WITH_KNOTS((4,4),(1.38097926545,
1.570796326795),.PIECEWISE_BEZIER_KNOTS.) CURVE() 
GEOMETRIC_REPRESENTATION_ITEM() RATIONAL_B_SPLINE_CURVE((1.,
0.996999710075,0.996999710075,1.)) REPRESENTATION_ITEM('') );
#1214 = CARTESIAN_POINT('',(142.39759726406,19.5,16.));
#1215 = CARTESIAN_POINT('',(142.3659134998,19.66490782961,16.16490782961
    ));
#1216 = CARTESIAN_POINT('',(142.35,19.832076049402,16.332076049402));
#1217 = CARTESIAN_POINT('',(142.35,20.,16.5));
#1218 = ORIENTED_EDGE('',*,*,#1219,.F.);
#1219 = EDGE_CURVE('',#1220,#1211,#1222,.T.);
#1220 = VERTEX_POINT('',#1221);
#1221 = CARTESIAN_POINT('',(145.,17.35,16.));
#1222 = CIRCLE('',#1223,2.65);
#1223 = AXIS2_PLACEMENT_3D('',#1224,#1225,#1226);
#1224 = CARTESIAN_POINT('',(145.,20.,16.));
#1225 = DIRECTION('',(0.,-0.,-1.));
#1226 = DIRECTION('',(0.,1.,-0.));
#1227 = ORIENTED_EDGE('',*,*,#1228,.F.);
#1228 = EDGE_CURVE('',#1229,#1220,#1231,.T.);
#1229 = VERTEX_POINT('',#1230);
#1230 = CARTESIAN_POINT('',(145.,17.35,24.));
#1231 = LINE('',#1232,#1233);
#1232 = CARTESIAN_POINT('',(145.,17.35,-10.));
#1233 = VECTOR('',#1234,1.);
#1234 = DIRECTION('',(-0.,1.7E-16,-1.));
#1235 = ORIENTED_EDGE('',*,*,#1236,.F.);
#1236 = EDGE_CURVE('',#1158,#1229,#1237,.T.);
#1237 = CIRCLE('',#1238,2.65);
#1238 = AXIS2_PLACEMENT_3D('',#1239,#1240,#1241);
#1239 = CARTESIAN_POINT('',(145.,20.,24.));
#1240 = DIRECTION('',(0.,2.9E-16,1.));
#1241 = DIRECTION('',(0.,-1.,2.9E-16));
#1242 = CYLINDRICAL_SURFACE('',#1243,2.65);
#1243 = AXIS2_PLACEMENT_3D('',#1244,#1245,#1246);
#1244 = CARTESIAN_POINT('',(145.,20.,-10.));
#1245 = DIRECTION('',(-0.,1.7E-16,-1.));
#1246 = DIRECTION('',(0.,1.,1.7E-16));
#1247 = ADVANCED_FACE('',(#1248),#1311,.F.);
#1248 = FACE_BOUND('',#1249,.F.);
#1249 = EDGE_LOOP('',(#1250,#1267,#1276,#1287,#1296,#1304));
#1250 = ORIENTED_EDGE('',*,*,#1251,.F.);
#1251 = EDGE_CURVE('',#1252,#1254,#1256,.T.);
#1252 = VERTEX_POINT('',#1253);
#1253 = CARTESIAN_POINT('',(148.71952998644,23.341421356237,
    -8.541421356237));
#1254 = VERTEX_POINT('',#1255);
#1255 = CARTESIAN_POINT('',(148.58745127355,23.482842712475,-8.2));
#1256 = B_SPLINE_CURVE_WITH_KNOTS('',3,(#1257,#1258,#1259,#1260,#1261,
    #1262,#1263,#1264,#1265,#1266),.UNSPECIFIED.,.F.,.F.,(4,2,2,2,4),(0.
    ,1.347193510692E-04,2.694387021385E-04,4.041580532077E-04,
    5.38877404277E-04),.UNSPECIFIED.);
#1257 = CARTESIAN_POINT('',(148.71952998644,23.341421356237,
    -8.541421356237));
#1258 = CARTESIAN_POINT('',(148.74388343275,23.314312122129,
    -8.514312122129));
#1259 = CARTESIAN_POINT('',(148.76283676284,23.292590123339,
    -8.476147846709));
#1260 = CARTESIAN_POINT('',(148.77531960842,23.278269677493,
    -8.387982696249));
#1261 = CARTESIAN_POINT('',(148.76744060394,23.287415271296,
    -8.340523121208));
#1262 = CARTESIAN_POINT('',(148.73224248588,23.327322331366,
    -8.267550783558));
#1263 = CARTESIAN_POINT('',(148.70625529717,23.356396101181,
    -8.241185030524));
#1264 = CARTESIAN_POINT('',(148.65001808925,23.417468516902,
    -8.207809587672));
#1265 = CARTESIAN_POINT('',(148.61898286096,23.450364061343,-8.2));
#1266 = CARTESIAN_POINT('',(148.58745127355,23.482842712475,-8.2));
#1267 = ORIENTED_EDGE('',*,*,#1268,.T.);
#1268 = EDGE_CURVE('',#1252,#1269,#1271,.T.);
#1269 = VERTEX_POINT('',#1270);
#1270 = CARTESIAN_POINT('',(146.58711169191,24.741421356237,
    -9.941421356237));
#1271 = ( BOUNDED_CURVE() B_SPLINE_CURVE(3,(#1272,#1273,#1274,#1275),
.UNSPECIFIED.,.F.,.F.) B_SPLINE_CURVE_WITH_KNOTS((4,4),(5.444288993062,
5.960175298243),.PIECEWISE_BEZIER_KNOTS.) CURVE() 
GEOMETRIC_REPRESENTATION_ITEM() RATIONAL_B_SPLINE_CURVE((1.,
0.977944472676,0.977944472676,1.)) REPRESENTATION_ITEM('') );
#1272 = CARTESIAN_POINT('',(148.71952998644,23.341421356237,
    -8.541421356237));
#1273 = CARTESIAN_POINT('',(148.13846711517,23.988236152485,
    -9.188236152485));
#1274 = CARTESIAN_POINT('',(147.41163024658,24.465427526541,
    -9.665427526541));
#1275 = CARTESIAN_POINT('',(146.58711169191,24.741421356237,
    -9.941421356237));
#1276 = ORIENTED_EDGE('',*,*,#1277,.F.);
#1277 = EDGE_CURVE('',#1278,#1269,#1280,.T.);
#1278 = VERTEX_POINT('',#1279);
#1279 = CARTESIAN_POINT('',(146.07603301307,24.882842712475,-10.));
#1280 = B_SPLINE_CURVE_WITH_KNOTS('',3,(#1281,#1282,#1283,#1284,#1285,
    #1286),.UNSPECIFIED.,.F.,.F.,(4,2,4),(0.,2.672186286202E-04,
    5.344372572404E-04),.UNSPECIFIED.);
#1281 = CARTESIAN_POINT('',(146.07603301307,24.882842712475,-10.));
#1282 = CARTESIAN_POINT('',(146.16329833208,24.863612036888,-10.));
#1283 = CARTESIAN_POINT('',(146.24977740505,24.842099790043,
    -9.997399684112));
#1284 = CARTESIAN_POINT('',(146.42080219822,24.794704897328,
    -9.981268713674));
#1285 = CARTESIAN_POINT('',(146.50604279177,24.768557817986,
    -9.968557817986));
#1286 = CARTESIAN_POINT('',(146.58711169191,24.741421356237,
    -9.941421356237));
#1287 = ORIENTED_EDGE('',*,*,#1288,.F.);
#1288 = EDGE_CURVE('',#1289,#1278,#1291,.T.);
#1289 = VERTEX_POINT('',#1290);
#1290 = CARTESIAN_POINT('',(145.,25.,-10.));
#1291 = CIRCLE('',#1292,5.);
#1292 = AXIS2_PLACEMENT_3D('',#1293,#1294,#1295);
#1293 = CARTESIAN_POINT('',(145.,20.,-10.));
#1294 = DIRECTION('',(-0.,1.7E-16,-1.));
#1295 = DIRECTION('',(0.,1.,1.7E-16));
#1296 = ORIENTED_EDGE('',*,*,#1297,.F.);
#1297 = EDGE_CURVE('',#1298,#1289,#1300,.T.);
#1298 = VERTEX_POINT('',#1299);
#1299 = CARTESIAN_POINT('',(145.,25.,-8.2));
#1300 = LINE('',#1301,#1302);
#1301 = CARTESIAN_POINT('',(145.,25.,-10.));
#1302 = VECTOR('',#1303,1.);
#1303 = DIRECTION('',(-0.,1.7E-16,-1.));
#1304 = ORIENTED_EDGE('',*,*,#1305,.T.);
#1305 = EDGE_CURVE('',#1298,#1254,#1306,.T.);
#1306 = CIRCLE('',#1307,5.);
#1307 = AXIS2_PLACEMENT_3D('',#1308,#1309,#1310);
#1308 = CARTESIAN_POINT('',(145.,20.,-8.2));
#1309 = DIRECTION('',(0.,9.6E-16,-1.));
#1310 = DIRECTION('',(0.,1.,9.6E-16));
#1311 = CYLINDRICAL_SURFACE('',#1312,5.);
#1312 = AXIS2_PLACEMENT_3D('',#1313,#1314,#1315);
#1313 = CARTESIAN_POINT('',(145.,20.,-10.));
#1314 = DIRECTION('',(-0.,1.7E-16,-1.));
#1315 = DIRECTION('',(0.,1.,1.7E-16));
#1316 = ADVANCED_FACE('',(#1317,#1393),#1483,.F.);
#1317 = FACE_BOUND('',#1318,.F.);
#1318 = EDGE_LOOP('',(#1319,#1358));
#1319 = ORIENTED_EDGE('',*,*,#1320,.T.);
#1320 = EDGE_CURVE('',#1321,#1323,#1325,.T.);
#1321 = VERTEX_POINT('',#1322);
#1322 = CARTESIAN_POINT('',(142.34999999999,1.56E-13,17.999999999999));
#1323 = VERTEX_POINT('',#1324);
#1324 = CARTESIAN_POINT('',(142.35,-1.E-15,22.));
#1325 = B_SPLINE_CURVE_WITH_KNOTS('',3,(#1326,#1327,#1328,#1329,#1330,
    #1331,#1332,#1333,#1334,#1335,#1336,#1337,#1338,#1339,#1340,#1341,
    #1342,#1343,#1344,#1345,#1346,#1347,#1348,#1349,#1350,#1351,#1352,
    #1353,#1354,#1355,#1356,#1357),.UNSPECIFIED.,.F.,.F.,(4,2,2,2,2,2,2,
    2,2,2,2,2,2,2,2,4),(6.556234740081E-03,6.965149976515E-03,
    7.374065212949E-03,8.191895685818E-03,8.600810922253E-03,
    9.009726158687E-03,9.418641395121E-03,9.827556631556E-03,
    1.023647186799E-02,1.064538710442E-02,1.105430234086E-02,
    1.146321757729E-02,1.187213281373E-02,1.228104805016E-02,
    1.26899632866E-02,1.309887852303E-02),.UNSPECIFIED.);
#1326 = CARTESIAN_POINT('',(142.34999999999,1.5598E-13,17.999999999999)
  );
#1327 = CARTESIAN_POINT('',(142.35,0.136944631194,18.));
#1328 = CARTESIAN_POINT('',(142.36098370602,0.275789275498,
    18.01449170712));
#1329 = CARTESIAN_POINT('',(142.40228110773,0.540669290007,
    18.069720324819));
#1330 = CARTESIAN_POINT('',(142.43301904496,0.67027958656,
    18.111036321814));
#1331 = CARTESIAN_POINT('',(142.54696329527,1.034299142435,
    18.267932076788));
#1332 = CARTESIAN_POINT('',(142.65269518771,1.2474369742,18.416800235526
    ));
#1333 = CARTESIAN_POINT('',(142.82060066305,1.511151300076,
    18.683916084367));
#1334 = CARTESIAN_POINT('',(142.87891950315,1.591075377318,
    18.781749758735));
#1335 = CARTESIAN_POINT('',(142.99105257969,1.730500965863,
    18.989544204925));
#1336 = CARTESIAN_POINT('',(143.04503122508,1.790372656539,
    19.099495232531));
#1337 = CARTESIAN_POINT('',(143.14163514601,1.890454238975,
    19.33477383105));
#1338 = CARTESIAN_POINT('',(143.18460538148,1.930927125172,
    19.461962540691));
#1339 = CARTESIAN_POINT('',(143.2444034991,1.98545161354,19.724417415942
    ));
#1340 = CARTESIAN_POINT('',(143.2615031996,2.000032219098,
    19.863012363126));
#1341 = CARTESIAN_POINT('',(143.26142894341,1.999967670645,
    20.137926815596));
#1342 = CARTESIAN_POINT('',(143.24459720259,1.985628911444,
    20.274764912017));
#1343 = CARTESIAN_POINT('',(143.18436357225,1.930705963468,
    20.539066242188));
#1344 = CARTESIAN_POINT('',(143.14236314638,1.891185406403,
    20.663323988908));
#1345 = CARTESIAN_POINT('',(143.04514138171,1.790509621259,
    20.900364510536));
#1346 = CARTESIAN_POINT('',(142.99004760152,1.729323724729,
    21.012420881552));
#1347 = CARTESIAN_POINT('',(142.87822516927,1.590138596719,
    21.219432585074));
#1348 = CARTESIAN_POINT('',(142.82090777409,1.511630983089,
    21.315594147821));
#1349 = CARTESIAN_POINT('',(142.7083955207,1.334923244414,
    21.494588947617));
#1350 = CARTESIAN_POINT('',(142.65379847391,1.237427786496,
    21.576351392647));
#1351 = CARTESIAN_POINT('',(142.55486987331,1.028215829177,
    21.72014053162));
#1352 = CARTESIAN_POINT('',(142.5099973334,0.915796800397,
    21.782954189343));
#1353 = CARTESIAN_POINT('',(142.43349753858,0.672206943445,
    21.888318629389));
#1354 = CARTESIAN_POINT('',(142.40281990427,0.543325161103,
    21.929555972286));
#1355 = CARTESIAN_POINT('',(142.36118937392,0.277894152596,
    21.985236338783));
#1356 = CARTESIAN_POINT('',(142.35,0.138565173145,22.));
#1357 = CARTESIAN_POINT('',(142.35,-7.3E-16,22.));
#1358 = ORIENTED_EDGE('',*,*,#1359,.T.);
#1359 = EDGE_CURVE('',#1323,#1321,#1360,.T.);
#1360 = B_SPLINE_CURVE_WITH_KNOTS('',3,(#1361,#1362,#1363,#1364,#1365,
    #1366,#1367,#1368,#1369,#1370,#1371,#1372,#1373,#1374,#1375,#1376,
    #1377,#1378,#1379,#1380,#1381,#1382,#1383,#1384,#1385,#1386,#1387,
    #1388,#1389,#1390,#1391,#1392),.UNSPECIFIED.,.F.,.F.,(4,2,2,2,2,2,2,
    2,2,2,2,2,2,2,2,4),(0.,4.097646712551E-04,8.195293425101E-04,
    1.63905868502E-03,2.048823356275E-03,2.45858802753E-03,
    2.868352698785E-03,3.27811737004E-03,3.687882041295E-03,
    4.09764671255E-03,4.507411383805E-03,4.917176055061E-03,
    5.326940726316E-03,5.736705397571E-03,6.146470068826E-03,
    6.556234740081E-03),.UNSPECIFIED.);
#1361 = CARTESIAN_POINT('',(142.35,-7.3E-16,22.));
#1362 = CARTESIAN_POINT('',(142.35,-0.138853012952,22.));
#1363 = CARTESIAN_POINT('',(142.36083581788,-0.274425952138,
    21.985704458907));
#1364 = CARTESIAN_POINT('',(142.4020425288,-0.539549961745,
    21.930600331532));
#1365 = CARTESIAN_POINT('',(142.43288116094,-0.66967824425,
    21.889148006855));
#1366 = CARTESIAN_POINT('',(142.54634297017,-1.03263716694,
    21.73293307775));
#1367 = CARTESIAN_POINT('',(142.65201124921,-1.246255507306,
    21.5842399082));
#1368 = CARTESIAN_POINT('',(142.82035547721,-1.510819560737,
    21.316497806284));
#1369 = CARTESIAN_POINT('',(142.87866160221,-1.590721207054,
    21.218680498925));
#1370 = CARTESIAN_POINT('',(142.99053224094,-1.72988724541,
    21.011467367344));
#1371 = CARTESIAN_POINT('',(143.04465862663,-1.789984931767,
    20.901402652294));
#1372 = CARTESIAN_POINT('',(143.14194524321,-1.890777211392,
    20.664480499633));
#1373 = CARTESIAN_POINT('',(143.184605602,-1.930927038844,
    20.538022697792));
#1374 = CARTESIAN_POINT('',(143.24438271919,-1.98543295353,
    20.275687576281));
#1375 = CARTESIAN_POINT('',(143.26146613273,-1.999999998092,
    20.136651663068));
#1376 = CARTESIAN_POINT('',(143.26146613712,-2.000000001908,
    19.863348392797));
#1377 = CARTESIAN_POINT('',(143.24454701611,-1.985581115169,
    19.725112580814));
#1378 = CARTESIAN_POINT('',(143.18455864795,-1.930885869447,
    19.461692265231));
#1379 = CARTESIAN_POINT('',(143.14187845527,-1.890716442812,
    19.335309790345));
#1380 = CARTESIAN_POINT('',(143.04441800707,-1.789727188997,
    19.098058576794));
#1381 = CARTESIAN_POINT('',(142.99018199917,-1.729491840743,
    18.987826745121));
#1382 = CARTESIAN_POINT('',(142.87807145367,-1.589946435554,
    18.78028402603));
#1383 = CARTESIAN_POINT('',(142.81964823436,-1.509788082733,
    18.682341745577));
#1384 = CARTESIAN_POINT('',(142.70765666602,-1.333625103199,
    18.504297016674));
#1385 = CARTESIAN_POINT('',(142.65375207488,-1.237425520994,
    18.423567795742));
#1386 = CARTESIAN_POINT('',(142.55411730497,-1.026527685112,
    18.278779117507));
#1387 = CARTESIAN_POINT('',(142.50830549344,-0.911058436332,
    18.214693213381));
#1388 = CARTESIAN_POINT('',(142.43272002795,-0.66906093412,
    18.11063363447));
#1389 = CARTESIAN_POINT('',(142.40211798444,-0.540213635978,
    18.06949988516));
#1390 = CARTESIAN_POINT('',(142.36059557165,-0.272701306991,
    18.013974959106));
#1391 = CARTESIAN_POINT('',(142.35,-0.137229104668,18.));
#1392 = CARTESIAN_POINT('',(142.34999999999,1.5598E-13,17.999999999999)
  );
#1393 = FACE_BOUND('',#1394,.F.);
#1394 = EDGE_LOOP('',(#1395,#1406,#1415,#1424,#1432,#1441,#1450,#1459,
    #1468,#1476));
#1395 = ORIENTED_EDGE('',*,*,#1396,.F.);
#1396 = EDGE_CURVE('',#1397,#1399,#1401,.T.);
#1397 = VERTEX_POINT('',#1398);
#1398 = CARTESIAN_POINT('',(142.35,3.5E-14,23.5));
#1399 = VERTEX_POINT('',#1400);
#1400 = CARTESIAN_POINT('',(142.39759726406,-0.5,24.));
#1401 = ( BOUNDED_CURVE() B_SPLINE_CURVE(3,(#1402,#1403,#1404,#1405),
.UNSPECIFIED.,.F.,.F.) B_SPLINE_CURVE_WITH_KNOTS((4,4),(1.570796326795,
1.76061338814),.PIECEWISE_BEZIER_KNOTS.) CURVE() 
GEOMETRIC_REPRESENTATION_ITEM() RATIONAL_B_SPLINE_CURVE((1.,
0.996999710075,0.996999710075,1.)) REPRESENTATION_ITEM('') );
#1402 = CARTESIAN_POINT('',(142.35,3.459E-14,23.5));
#1403 = CARTESIAN_POINT('',(142.35,-0.167923950598,23.667923950598));
#1404 = CARTESIAN_POINT('',(142.3659134998,-0.33509217039,23.83509217039
    ));
#1405 = CARTESIAN_POINT('',(142.39759726406,-0.5,24.));
#1406 = ORIENTED_EDGE('',*,*,#1407,.F.);
#1407 = EDGE_CURVE('',#1408,#1397,#1410,.T.);
#1408 = VERTEX_POINT('',#1409);
#1409 = CARTESIAN_POINT('',(142.39759726406,0.5,24.));
#1410 = ( BOUNDED_CURVE() B_SPLINE_CURVE(3,(#1411,#1412,#1413,#1414),
.UNSPECIFIED.,.F.,.F.) B_SPLINE_CURVE_WITH_KNOTS((4,4),(4.52257191904,
4.712388980385),.PIECEWISE_BEZIER_KNOTS.) CURVE() 
GEOMETRIC_REPRESENTATION_ITEM() RATIONAL_B_SPLINE_CURVE((1.,
0.996999710075,0.996999710075,1.)) REPRESENTATION_ITEM('') );
#1411 = CARTESIAN_POINT('',(142.39759726406,0.5,24.));
#1412 = CARTESIAN_POINT('',(142.3659134998,0.33509217039,23.83509217039)
  );
#1413 = CARTESIAN_POINT('',(142.35,0.167923950598,23.667923950598));
#1414 = CARTESIAN_POINT('',(142.35,3.459E-14,23.5));
#1415 = ORIENTED_EDGE('',*,*,#1416,.F.);
#1416 = EDGE_CURVE('',#1417,#1408,#1419,.T.);
#1417 = VERTEX_POINT('',#1418);
#1418 = CARTESIAN_POINT('',(145.,2.65,24.));
#1419 = CIRCLE('',#1420,2.65);
#1420 = AXIS2_PLACEMENT_3D('',#1421,#1422,#1423);
#1421 = CARTESIAN_POINT('',(145.,2.857E-14,24.));
#1422 = DIRECTION('',(0.,-4.6E-16,1.));
#1423 = DIRECTION('',(-0.,-1.,-4.6E-16));
#1424 = ORIENTED_EDGE('',*,*,#1425,.T.);
#1425 = EDGE_CURVE('',#1417,#1426,#1428,.T.);
#1426 = VERTEX_POINT('',#1427);
#1427 = CARTESIAN_POINT('',(145.,2.65,16.));
#1428 = LINE('',#1429,#1430);
#1429 = CARTESIAN_POINT('',(145.,2.65,-10.));
#1430 = VECTOR('',#1431,1.);
#1431 = DIRECTION('',(-0.,1.7E-16,-1.));
#1432 = ORIENTED_EDGE('',*,*,#1433,.F.);
#1433 = EDGE_CURVE('',#1434,#1426,#1436,.T.);
#1434 = VERTEX_POINT('',#1435);
#1435 = CARTESIAN_POINT('',(142.39759726406,0.5,16.));
#1436 = CIRCLE('',#1437,2.65);
#1437 = AXIS2_PLACEMENT_3D('',#1438,#1439,#1440);
#1438 = CARTESIAN_POINT('',(145.,2.995E-14,16.));
#1439 = DIRECTION('',(0.,1.7E-16,-1.));
#1440 = DIRECTION('',(0.,1.,1.7E-16));
#1441 = ORIENTED_EDGE('',*,*,#1442,.F.);
#1442 = EDGE_CURVE('',#1443,#1434,#1445,.T.);
#1443 = VERTEX_POINT('',#1444);
#1444 = CARTESIAN_POINT('',(142.35,-1.1E-14,16.5));
#1445 = ( BOUNDED_CURVE() B_SPLINE_CURVE(3,(#1446,#1447,#1448,#1449),
.UNSPECIFIED.,.F.,.F.) B_SPLINE_CURVE_WITH_KNOTS((4,4),(4.712388980385,
4.902206041729),.PIECEWISE_BEZIER_KNOTS.) CURVE() 
GEOMETRIC_REPRESENTATION_ITEM() RATIONAL_B_SPLINE_CURVE((1.,
0.996999710075,0.996999710075,1.)) REPRESENTATION_ITEM('') );
#1446 = CARTESIAN_POINT('',(142.35,-1.128E-14,16.5));
#1447 = CARTESIAN_POINT('',(142.35,0.167923950598,16.332076049402));
#1448 = CARTESIAN_POINT('',(142.3659134998,0.33509217039,16.16490782961)
  );
#1449 = CARTESIAN_POINT('',(142.39759726406,0.5,16.));
#1450 = ORIENTED_EDGE('',*,*,#1451,.F.);
#1451 = EDGE_CURVE('',#1452,#1443,#1454,.T.);
#1452 = VERTEX_POINT('',#1453);
#1453 = CARTESIAN_POINT('',(142.39759726406,-0.5,16.));
#1454 = ( BOUNDED_CURVE() B_SPLINE_CURVE(3,(#1455,#1456,#1457,#1458),
.UNSPECIFIED.,.F.,.F.) B_SPLINE_CURVE_WITH_KNOTS((4,4),(1.38097926545,
1.570796326795),.PIECEWISE_BEZIER_KNOTS.) CURVE() 
GEOMETRIC_REPRESENTATION_ITEM() RATIONAL_B_SPLINE_CURVE((1.,
0.996999710075,0.996999710075,1.)) REPRESENTATION_ITEM('') );
#1455 = CARTESIAN_POINT('',(142.39759726406,-0.5,16.));
#1456 = CARTESIAN_POINT('',(142.3659134998,-0.33509217039,16.16490782961
    ));
#1457 = CARTESIAN_POINT('',(142.35,-0.167923950598,16.332076049402));
#1458 = CARTESIAN_POINT('',(142.35,-1.128E-14,16.5));
#1459 = ORIENTED_EDGE('',*,*,#1460,.F.);
#1460 = EDGE_CURVE('',#1461,#1452,#1463,.T.);
#1461 = VERTEX_POINT('',#1462);
#1462 = CARTESIAN_POINT('',(145.,-2.65,16.));
#1463 = CIRCLE('',#1464,2.65);
#1464 = AXIS2_PLACEMENT_3D('',#1465,#1466,#1467);
#1465 = CARTESIAN_POINT('',(145.,2.995E-14,16.));
#1466 = DIRECTION('',(0.,1.7E-16,-1.));
#1467 = DIRECTION('',(0.,1.,1.7E-16));
#1468 = ORIENTED_EDGE('',*,*,#1469,.F.);
#1469 = EDGE_CURVE('',#1470,#1461,#1472,.T.);
#1470 = VERTEX_POINT('',#1471);
#1471 = CARTESIAN_POINT('',(145.,-2.65,24.));
#1472 = LINE('',#1473,#1474);
#1473 = CARTESIAN_POINT('',(145.,-2.65,-10.));
#1474 = VECTOR('',#1475,1.);
#1475 = DIRECTION('',(-0.,1.7E-16,-1.));
#1476 = ORIENTED_EDGE('',*,*,#1477,.F.);
#1477 = EDGE_CURVE('',#1399,#1470,#1478,.T.);
#1478 = CIRCLE('',#1479,2.65);
#1479 = AXIS2_PLACEMENT_3D('',#1480,#1481,#1482);
#1480 = CARTESIAN_POINT('',(145.,2.857E-14,24.));
#1481 = DIRECTION('',(0.,-4.6E-16,1.));
#1482 = DIRECTION('',(-0.,-1.,-4.6E-16));
#1483 = CYLINDRICAL_SURFACE('',#1484,2.65);
#1484 = AXIS2_PLACEMENT_3D('',#1485,#1486,#1487);
#1485 = CARTESIAN_POINT('',(145.,3.446E-14,-10.));
#1486 = DIRECTION('',(-0.,1.7E-16,-1.));
#1487 = DIRECTION('',(0.,1.,1.7E-16));
#1488 = ADVANCED_FACE('',(#1489,#1565),#1655,.F.);
#1489 = FACE_BOUND('',#1490,.F.);
#1490 = EDGE_LOOP('',(#1491,#1530));
#1491 = ORIENTED_EDGE('',*,*,#1492,.T.);
#1492 = EDGE_CURVE('',#1493,#1495,#1497,.T.);
#1493 = VERTEX_POINT('',#1494);
#1494 = CARTESIAN_POINT('',(142.34999999999,1.58E-13,-2.000000000001));
#1495 = VERTEX_POINT('',#1496);
#1496 = CARTESIAN_POINT('',(142.35,1.E-15,2.));
#1497 = B_SPLINE_CURVE_WITH_KNOTS('',3,(#1498,#1499,#1500,#1501,#1502,
    #1503,#1504,#1505,#1506,#1507,#1508,#1509,#1510,#1511,#1512,#1513,
    #1514,#1515,#1516,#1517,#1518,#1519,#1520,#1521,#1522,#1523,#1524,
    #1525,#1526,#1527,#1528,#1529),.UNSPECIFIED.,.F.,.F.,(4,2,2,2,2,2,2,
    2,2,2,2,2,2,2,2,4),(6.556234740081E-03,6.965149976515E-03,
    7.374065212949E-03,8.191895685818E-03,8.600810922253E-03,
    9.009726158687E-03,9.418641395121E-03,9.827556631556E-03,
    1.023647186799E-02,1.064538710442E-02,1.105430234086E-02,
    1.146321757729E-02,1.187213281373E-02,1.228104805016E-02,
    1.26899632866E-02,1.309887852303E-02),.UNSPECIFIED.);
#1498 = CARTESIAN_POINT('',(142.34999999999,1.5771E-13,-2.000000000001)
  );
#1499 = CARTESIAN_POINT('',(142.35,0.136944631194,-2.));
#1500 = CARTESIAN_POINT('',(142.36098370602,0.275789275498,
    -1.98550829288));
#1501 = CARTESIAN_POINT('',(142.40228110773,0.540669290007,
    -1.930279675181));
#1502 = CARTESIAN_POINT('',(142.43301904496,0.67027958656,
    -1.888963678186));
#1503 = CARTESIAN_POINT('',(142.54696329527,1.034299142435,
    -1.732067923212));
#1504 = CARTESIAN_POINT('',(142.65269518771,1.2474369742,-1.583199764474
    ));
#1505 = CARTESIAN_POINT('',(142.82060066305,1.511151300076,
    -1.316083915633));
#1506 = CARTESIAN_POINT('',(142.87891950315,1.591075377318,
    -1.218250241265));
#1507 = CARTESIAN_POINT('',(142.99105257969,1.730500965863,
    -1.010455795075));
#1508 = CARTESIAN_POINT('',(143.04503122508,1.790372656539,
    -0.900504767469));
#1509 = CARTESIAN_POINT('',(143.14163514601,1.890454238975,
    -0.66522616895));
#1510 = CARTESIAN_POINT('',(143.18460538148,1.930927125172,
    -0.538037459309));
#1511 = CARTESIAN_POINT('',(143.2444034991,1.98545161354,-0.275582584058
    ));
#1512 = CARTESIAN_POINT('',(143.2615031996,2.000032219098,
    -0.136987636874));
#1513 = CARTESIAN_POINT('',(143.26142894341,1.999967670645,
    0.137926815596));
#1514 = CARTESIAN_POINT('',(143.24459720259,1.985628911444,
    0.274764912017));
#1515 = CARTESIAN_POINT('',(143.18436357225,1.930705963468,
    0.539066242188));
#1516 = CARTESIAN_POINT('',(143.14236314638,1.891185406403,
    0.663323988908));
#1517 = CARTESIAN_POINT('',(143.04514138171,1.790509621259,
    0.900364510536));
#1518 = CARTESIAN_POINT('',(142.99004760152,1.729323724729,
    1.012420881552));
#1519 = CARTESIAN_POINT('',(142.87822516927,1.590138596719,
    1.219432585074));
#1520 = CARTESIAN_POINT('',(142.82090777409,1.511630983089,
    1.315594147821));
#1521 = CARTESIAN_POINT('',(142.7083955207,1.334923244414,1.494588947617
    ));
#1522 = CARTESIAN_POINT('',(142.65379847391,1.237427786496,
    1.576351392647));
#1523 = CARTESIAN_POINT('',(142.55486987331,1.028215829177,1.72014053162
    ));
#1524 = CARTESIAN_POINT('',(142.5099973334,0.915796800397,1.782954189343
    ));
#1525 = CARTESIAN_POINT('',(142.43349753858,0.672206943445,
    1.888318629389));
#1526 = CARTESIAN_POINT('',(142.40281990427,0.543325161103,
    1.929555972286));
#1527 = CARTESIAN_POINT('',(142.36118937392,0.277894152596,
    1.985236338783));
#1528 = CARTESIAN_POINT('',(142.35,0.138565173145,2.));
#1529 = CARTESIAN_POINT('',(142.35,1.11E-15,2.));
#1530 = ORIENTED_EDGE('',*,*,#1531,.T.);
#1531 = EDGE_CURVE('',#1495,#1493,#1532,.T.);
#1532 = B_SPLINE_CURVE_WITH_KNOTS('',3,(#1533,#1534,#1535,#1536,#1537,
    #1538,#1539,#1540,#1541,#1542,#1543,#1544,#1545,#1546,#1547,#1548,
    #1549,#1550,#1551,#1552,#1553,#1554,#1555,#1556,#1557,#1558,#1559,
    #1560,#1561,#1562,#1563,#1564),.UNSPECIFIED.,.F.,.F.,(4,2,2,2,2,2,2,
    2,2,2,2,2,2,2,2,4),(0.,4.097646712551E-04,8.195293425101E-04,
    1.63905868502E-03,2.048823356275E-03,2.45858802753E-03,
    2.868352698785E-03,3.27811737004E-03,3.687882041295E-03,
    4.09764671255E-03,4.507411383805E-03,4.917176055061E-03,
    5.326940726316E-03,5.736705397571E-03,6.146470068826E-03,
    6.556234740081E-03),.UNSPECIFIED.);
#1533 = CARTESIAN_POINT('',(142.35,1.11E-15,2.));
#1534 = CARTESIAN_POINT('',(142.35,-0.138853012952,2.));
#1535 = CARTESIAN_POINT('',(142.36083581788,-0.274425952138,
    1.985704458907));
#1536 = CARTESIAN_POINT('',(142.4020425288,-0.539549961745,
    1.930600331532));
#1537 = CARTESIAN_POINT('',(142.43288116094,-0.66967824425,
    1.889148006855));
#1538 = CARTESIAN_POINT('',(142.54634297017,-1.03263716694,1.73293307775
    ));
#1539 = CARTESIAN_POINT('',(142.65201124921,-1.246255507306,1.5842399082
    ));
#1540 = CARTESIAN_POINT('',(142.82035547721,-1.510819560737,
    1.316497806284));
#1541 = CARTESIAN_POINT('',(142.87866160221,-1.590721207054,
    1.218680498925));
#1542 = CARTESIAN_POINT('',(142.99053224094,-1.72988724541,
    1.011467367344));
#1543 = CARTESIAN_POINT('',(143.04465862663,-1.789984931767,
    0.901402652294));
#1544 = CARTESIAN_POINT('',(143.14194524321,-1.890777211392,
    0.664480499633));
#1545 = CARTESIAN_POINT('',(143.184605602,-1.930927038844,0.538022697793
    ));
#1546 = CARTESIAN_POINT('',(143.24438271919,-1.98543295353,
    0.275687576281));
#1547 = CARTESIAN_POINT('',(143.26146613273,-1.999999998092,
    0.136651663068));
#1548 = CARTESIAN_POINT('',(143.26146613712,-2.000000001908,
    -0.136651607203));
#1549 = CARTESIAN_POINT('',(143.24454701611,-1.985581115169,
    -0.274887419186));
#1550 = CARTESIAN_POINT('',(143.18455864795,-1.930885869447,
    -0.538307734769));
#1551 = CARTESIAN_POINT('',(143.14187845527,-1.890716442812,
    -0.664690209655));
#1552 = CARTESIAN_POINT('',(143.04441800707,-1.789727188997,
    -0.901941423206));
#1553 = CARTESIAN_POINT('',(142.99018199917,-1.729491840743,
    -1.012173254879));
#1554 = CARTESIAN_POINT('',(142.87807145367,-1.589946435554,
    -1.21971597397));
#1555 = CARTESIAN_POINT('',(142.81964823436,-1.509788082733,
    -1.317658254423));
#1556 = CARTESIAN_POINT('',(142.70765666602,-1.333625103199,
    -1.495702983326));
#1557 = CARTESIAN_POINT('',(142.65375207488,-1.237425520994,
    -1.576432204258));
#1558 = CARTESIAN_POINT('',(142.55411730497,-1.026527685112,
    -1.721220882493));
#1559 = CARTESIAN_POINT('',(142.50830549344,-0.911058436332,
    -1.785306786619));
#1560 = CARTESIAN_POINT('',(142.43272002795,-0.66906093412,
    -1.88936636553));
#1561 = CARTESIAN_POINT('',(142.40211798444,-0.540213635978,
    -1.93050011484));
#1562 = CARTESIAN_POINT('',(142.36059557164,-0.272701306991,
    -1.986025040894));
#1563 = CARTESIAN_POINT('',(142.35,-0.137229104668,-2.));
#1564 = CARTESIAN_POINT('',(142.34999999999,1.5771E-13,-2.000000000001)
  );
#1565 = FACE_BOUND('',#1566,.F.);
#1566 = EDGE_LOOP('',(#1567,#1578,#1587,#1596,#1604,#1613,#1622,#1631,
    #1640,#1648));
#1567 = ORIENTED_EDGE('',*,*,#1568,.T.);
#1568 = EDGE_CURVE('',#1569,#1571,#1573,.T.);
#1569 = VERTEX_POINT('',#1570);
#1570 = CARTESIAN_POINT('',(142.39759726406,-0.5,4.));
#1571 = VERTEX_POINT('',#1572);
#1572 = CARTESIAN_POINT('',(142.35,-1.2E-14,3.5));
#1573 = ( BOUNDED_CURVE() B_SPLINE_CURVE(3,(#1574,#1575,#1576,#1577),
.UNSPECIFIED.,.F.,.F.) B_SPLINE_CURVE_WITH_KNOTS((4,4),(4.52257191904,
4.712388980385),.PIECEWISE_BEZIER_KNOTS.) CURVE() 
GEOMETRIC_REPRESENTATION_ITEM() RATIONAL_B_SPLINE_CURVE((1.,
0.996999710075,0.996999710075,1.)) REPRESENTATION_ITEM('') );
#1574 = CARTESIAN_POINT('',(142.39759726406,-0.5,4.));
#1575 = CARTESIAN_POINT('',(142.3659134998,-0.33509217039,3.83509217039)
  );
#1576 = CARTESIAN_POINT('',(142.35,-0.167923950598,3.667923950598));
#1577 = CARTESIAN_POINT('',(142.35,-1.176E-14,3.5));
#1578 = ORIENTED_EDGE('',*,*,#1579,.T.);
#1579 = EDGE_CURVE('',#1571,#1580,#1582,.T.);
#1580 = VERTEX_POINT('',#1581);
#1581 = CARTESIAN_POINT('',(142.39759726406,0.5,4.));
#1582 = ( BOUNDED_CURVE() B_SPLINE_CURVE(3,(#1583,#1584,#1585,#1586),
.UNSPECIFIED.,.F.,.F.) B_SPLINE_CURVE_WITH_KNOTS((4,4),(1.570796326795,
1.76061338814),.PIECEWISE_BEZIER_KNOTS.) CURVE() 
GEOMETRIC_REPRESENTATION_ITEM() RATIONAL_B_SPLINE_CURVE((1.,
0.996999710075,0.996999710075,1.)) REPRESENTATION_ITEM('') );
#1583 = CARTESIAN_POINT('',(142.35,-1.176E-14,3.5));
#1584 = CARTESIAN_POINT('',(142.35,0.167923950598,3.667923950598));
#1585 = CARTESIAN_POINT('',(142.3659134998,0.33509217039,3.83509217039)
  );
#1586 = CARTESIAN_POINT('',(142.39759726406,0.5,4.));
#1587 = ORIENTED_EDGE('',*,*,#1588,.T.);
#1588 = EDGE_CURVE('',#1580,#1589,#1591,.T.);
#1589 = VERTEX_POINT('',#1590);
#1590 = CARTESIAN_POINT('',(145.,2.65,4.));
#1591 = CIRCLE('',#1592,2.65);
#1592 = AXIS2_PLACEMENT_3D('',#1593,#1594,#1595);
#1593 = CARTESIAN_POINT('',(145.,3.204E-14,4.));
#1594 = DIRECTION('',(0.,0.,-1.));
#1595 = DIRECTION('',(-1.,0.,0.));
#1596 = ORIENTED_EDGE('',*,*,#1597,.T.);
#1597 = EDGE_CURVE('',#1589,#1598,#1600,.T.);
#1598 = VERTEX_POINT('',#1599);
#1599 = CARTESIAN_POINT('',(145.,2.65,-4.));
#1600 = LINE('',#1601,#1602);
#1601 = CARTESIAN_POINT('',(145.,2.65,-10.));
#1602 = VECTOR('',#1603,1.);
#1603 = DIRECTION('',(-0.,1.7E-16,-1.));
#1604 = ORIENTED_EDGE('',*,*,#1605,.T.);
#1605 = EDGE_CURVE('',#1598,#1606,#1608,.T.);
#1606 = VERTEX_POINT('',#1607);
#1607 = CARTESIAN_POINT('',(142.39759726406,0.5,-4.));
#1608 = CIRCLE('',#1609,2.65);
#1609 = AXIS2_PLACEMENT_3D('',#1610,#1611,#1612);
#1610 = CARTESIAN_POINT('',(145.,3.342E-14,-4.));
#1611 = DIRECTION('',(-0.,2.9E-16,1.));
#1612 = DIRECTION('',(0.,-1.,2.9E-16));
#1613 = ORIENTED_EDGE('',*,*,#1614,.T.);
#1614 = EDGE_CURVE('',#1606,#1615,#1617,.T.);
#1615 = VERTEX_POINT('',#1616);
#1616 = CARTESIAN_POINT('',(142.35,3.6E-14,-3.5));
#1617 = ( BOUNDED_CURVE() B_SPLINE_CURVE(3,(#1618,#1619,#1620,#1621),
.UNSPECIFIED.,.F.,.F.) B_SPLINE_CURVE_WITH_KNOTS((4,4),(1.38097926545,
1.570796326795),.PIECEWISE_BEZIER_KNOTS.) CURVE() 
GEOMETRIC_REPRESENTATION_ITEM() RATIONAL_B_SPLINE_CURVE((1.,
0.996999710075,0.996999710075,1.)) REPRESENTATION_ITEM('') );
#1618 = CARTESIAN_POINT('',(142.39759726406,0.5,-4.));
#1619 = CARTESIAN_POINT('',(142.3659134998,0.33509217039,-3.83509217039)
  );
#1620 = CARTESIAN_POINT('',(142.35,0.167923950598,-3.667923950598));
#1621 = CARTESIAN_POINT('',(142.35,3.577E-14,-3.5));
#1622 = ORIENTED_EDGE('',*,*,#1623,.T.);
#1623 = EDGE_CURVE('',#1615,#1624,#1626,.T.);
#1624 = VERTEX_POINT('',#1625);
#1625 = CARTESIAN_POINT('',(142.39759726406,-0.5,-4.));
#1626 = ( BOUNDED_CURVE() B_SPLINE_CURVE(3,(#1627,#1628,#1629,#1630),
.UNSPECIFIED.,.F.,.F.) B_SPLINE_CURVE_WITH_KNOTS((4,4),(4.712388980385,
4.902206041729),.PIECEWISE_BEZIER_KNOTS.) CURVE() 
GEOMETRIC_REPRESENTATION_ITEM() RATIONAL_B_SPLINE_CURVE((1.,
0.996999710075,0.996999710075,1.)) REPRESENTATION_ITEM('') );
#1627 = CARTESIAN_POINT('',(142.35,3.577E-14,-3.5));
#1628 = CARTESIAN_POINT('',(142.35,-0.167923950598,-3.667923950598));
#1629 = CARTESIAN_POINT('',(142.3659134998,-0.33509217039,-3.83509217039
    ));
#1630 = CARTESIAN_POINT('',(142.39759726406,-0.5,-4.));
#1631 = ORIENTED_EDGE('',*,*,#1632,.T.);
#1632 = EDGE_CURVE('',#1624,#1633,#1635,.T.);
#1633 = VERTEX_POINT('',#1634);
#1634 = CARTESIAN_POINT('',(145.,-2.65,-4.));
#1635 = CIRCLE('',#1636,2.65);
#1636 = AXIS2_PLACEMENT_3D('',#1637,#1638,#1639);
#1637 = CARTESIAN_POINT('',(145.,3.342E-14,-4.));
#1638 = DIRECTION('',(-0.,2.9E-16,1.));
#1639 = DIRECTION('',(0.,-1.,2.9E-16));
#1640 = ORIENTED_EDGE('',*,*,#1641,.F.);
#1641 = EDGE_CURVE('',#1642,#1633,#1644,.T.);
#1642 = VERTEX_POINT('',#1643);
#1643 = CARTESIAN_POINT('',(145.,-2.65,4.));
#1644 = LINE('',#1645,#1646);
#1645 = CARTESIAN_POINT('',(145.,-2.65,-10.));
#1646 = VECTOR('',#1647,1.);
#1647 = DIRECTION('',(-0.,1.7E-16,-1.));
#1648 = ORIENTED_EDGE('',*,*,#1649,.T.);
#1649 = EDGE_CURVE('',#1642,#1569,#1650,.T.);
#1650 = CIRCLE('',#1651,2.65);
#1651 = AXIS2_PLACEMENT_3D('',#1652,#1653,#1654);
#1652 = CARTESIAN_POINT('',(145.,3.204E-14,4.));
#1653 = DIRECTION('',(0.,0.,-1.));
#1654 = DIRECTION('',(-1.,0.,0.));
#1655 = CYLINDRICAL_SURFACE('',#1656,2.65);
#1656 = AXIS2_PLACEMENT_3D('',#1657,#1658,#1659);
#1657 = CARTESIAN_POINT('',(145.,3.446E-14,-10.));
#1658 = DIRECTION('',(-0.,1.7E-16,-1.));
#1659 = DIRECTION('',(0.,1.,1.7E-16));
#1660 = ADVANCED_FACE('',(#1661),#1724,.F.);
#1661 = FACE_BOUND('',#1662,.F.);
#1662 = EDGE_LOOP('',(#1663,#1680,#1689,#1700,#1709,#1717));
#1663 = ORIENTED_EDGE('',*,*,#1664,.F.);
#1664 = EDGE_CURVE('',#1665,#1667,#1669,.T.);
#1665 = VERTEX_POINT('',#1666);
#1666 = CARTESIAN_POINT('',(148.71952998644,3.341421356237,
    -8.541421356237));
#1667 = VERTEX_POINT('',#1668);
#1668 = CARTESIAN_POINT('',(148.58745127355,3.482842712475,-8.2));
#1669 = B_SPLINE_CURVE_WITH_KNOTS('',3,(#1670,#1671,#1672,#1673,#1674,
    #1675,#1676,#1677,#1678,#1679),.UNSPECIFIED.,.F.,.F.,(4,2,2,2,4),(0.
    ,1.347193510692E-04,2.694387021385E-04,4.041580532077E-04,
    5.388774042769E-04),.UNSPECIFIED.);
#1670 = CARTESIAN_POINT('',(148.71952998644,3.341421356237,
    -8.541421356237));
#1671 = CARTESIAN_POINT('',(148.74388343275,3.314312122129,
    -8.514312122129));
#1672 = CARTESIAN_POINT('',(148.76283676284,3.292590123339,
    -8.476147846709));
#1673 = CARTESIAN_POINT('',(148.77531960842,3.278269677493,
    -8.387982696249));
#1674 = CARTESIAN_POINT('',(148.76744060395,3.287415271296,
    -8.340523121208));
#1675 = CARTESIAN_POINT('',(148.73224248588,3.327322331366,
    -8.267550783558));
#1676 = CARTESIAN_POINT('',(148.70625529717,3.356396101181,
    -8.241185030524));
#1677 = CARTESIAN_POINT('',(148.65001808925,3.417468516902,
    -8.207809587672));
#1678 = CARTESIAN_POINT('',(148.61898286096,3.450364061343,-8.2));
#1679 = CARTESIAN_POINT('',(148.58745127355,3.482842712475,-8.2));
#1680 = ORIENTED_EDGE('',*,*,#1681,.T.);
#1681 = EDGE_CURVE('',#1665,#1682,#1684,.T.);
#1682 = VERTEX_POINT('',#1683);
#1683 = CARTESIAN_POINT('',(146.58711169191,4.741421356237,
    -9.941421356237));
#1684 = ( BOUNDED_CURVE() B_SPLINE_CURVE(3,(#1685,#1686,#1687,#1688),
.UNSPECIFIED.,.F.,.F.) B_SPLINE_CURVE_WITH_KNOTS((4,4),(5.444288993062,
5.960175298243),.PIECEWISE_BEZIER_KNOTS.) CURVE() 
GEOMETRIC_REPRESENTATION_ITEM() RATIONAL_B_SPLINE_CURVE((1.,
0.977944472676,0.977944472676,1.)) REPRESENTATION_ITEM('') );
#1685 = CARTESIAN_POINT('',(148.71952998644,3.341421356237,
    -8.541421356237));
#1686 = CARTESIAN_POINT('',(148.13846711517,3.988236152485,
    -9.188236152485));
#1687 = CARTESIAN_POINT('',(147.41163024658,4.465427526541,
    -9.665427526541));
#1688 = CARTESIAN_POINT('',(146.58711169191,4.741421356237,
    -9.941421356237));
#1689 = ORIENTED_EDGE('',*,*,#1690,.F.);
#1690 = EDGE_CURVE('',#1691,#1682,#1693,.T.);
#1691 = VERTEX_POINT('',#1692);
#1692 = CARTESIAN_POINT('',(146.07603301307,4.882842712475,-10.));
#1693 = B_SPLINE_CURVE_WITH_KNOTS('',3,(#1694,#1695,#1696,#1697,#1698,
    #1699),.UNSPECIFIED.,.F.,.F.,(4,2,4),(0.,2.672186286201E-04,
    5.344372572402E-04),.UNSPECIFIED.);
#1694 = CARTESIAN_POINT('',(146.07603301307,4.882842712475,-10.));
#1695 = CARTESIAN_POINT('',(146.16329833208,4.863612036888,-10.));
#1696 = CARTESIAN_POINT('',(146.24977740505,4.842099790043,
    -9.997399684112));
#1697 = CARTESIAN_POINT('',(146.42080219822,4.794704897328,
    -9.981268713674));
#1698 = CARTESIAN_POINT('',(146.50604279177,4.768557817986,
    -9.968557817986));
#1699 = CARTESIAN_POINT('',(146.58711169191,4.741421356237,
    -9.941421356237));
#1700 = ORIENTED_EDGE('',*,*,#1701,.F.);
#1701 = EDGE_CURVE('',#1702,#1691,#1704,.T.);
#1702 = VERTEX_POINT('',#1703);
#1703 = CARTESIAN_POINT('',(145.,5.,-10.));
#1704 = CIRCLE('',#1705,5.);
#1705 = AXIS2_PLACEMENT_3D('',#1706,#1707,#1708);
#1706 = CARTESIAN_POINT('',(145.,3.446E-14,-10.));
#1707 = DIRECTION('',(-0.,1.7E-16,-1.));
#1708 = DIRECTION('',(0.,1.,1.7E-16));
#1709 = ORIENTED_EDGE('',*,*,#1710,.F.);
#1710 = EDGE_CURVE('',#1711,#1702,#1713,.T.);
#1711 = VERTEX_POINT('',#1712);
#1712 = CARTESIAN_POINT('',(145.,5.,-8.2));
#1713 = LINE('',#1714,#1715);
#1714 = CARTESIAN_POINT('',(145.,5.,-10.));
#1715 = VECTOR('',#1716,1.);
#1716 = DIRECTION('',(-0.,1.7E-16,-1.));
#1717 = ORIENTED_EDGE('',*,*,#1718,.T.);
#1718 = EDGE_CURVE('',#1711,#1667,#1719,.T.);
#1719 = CIRCLE('',#1720,5.);
#1720 = AXIS2_PLACEMENT_3D('',#1721,#1722,#1723);
#1721 = CARTESIAN_POINT('',(145.,3.415E-14,-8.2));
#1722 = DIRECTION('',(0.,-7.8E-16,-1.));
#1723 = DIRECTION('',(0.,1.,-7.8E-16));
#1724 = CYLINDRICAL_SURFACE('',#1725,5.);
#1725 = AXIS2_PLACEMENT_3D('',#1726,#1727,#1728);
#1726 = CARTESIAN_POINT('',(145.,3.446E-14,-10.));
#1727 = DIRECTION('',(-0.,1.7E-16,-1.));
#1728 = DIRECTION('',(0.,1.,1.7E-16));
#1729 = ADVANCED_FACE('',(#1730),#1758,.F.);
#1730 = FACE_BOUND('',#1731,.F.);
#1731 = EDGE_LOOP('',(#1732,#1743,#1751));
#1732 = ORIENTED_EDGE('',*,*,#1733,.T.);
#1733 = EDGE_CURVE('',#1734,#1736,#1738,.T.);
#1734 = VERTEX_POINT('',#1735);
#1735 = CARTESIAN_POINT('',(148.45941257176,3.610050506339,-4.6));
#1736 = VERTEX_POINT('',#1737);
#1737 = CARTESIAN_POINT('',(145.,5.,-5.989949493661));
#1738 = ( BOUNDED_CURVE() B_SPLINE_CURVE(3,(#1739,#1740,#1741,#1742),
.UNSPECIFIED.,.F.,.F.) B_SPLINE_CURVE_WITH_KNOTS((4,4),(5.519092176495,
6.28318530718),.PIECEWISE_BEZIER_KNOTS.) CURVE() 
GEOMETRIC_REPRESENTATION_ITEM() RATIONAL_B_SPLINE_CURVE((1.,
0.951935718871,0.951935718871,1.)) REPRESENTATION_ITEM('') );
#1739 = CARTESIAN_POINT('',(148.45941257176,3.610050506339,-4.6));
#1740 = CARTESIAN_POINT('',(147.51684193615,4.513290142704,
    -5.503239636365));
#1741 = CARTESIAN_POINT('',(146.30548123074,5.,-5.989949493661));
#1742 = CARTESIAN_POINT('',(145.,5.,-5.989949493661));
#1743 = ORIENTED_EDGE('',*,*,#1744,.F.);
#1744 = EDGE_CURVE('',#1745,#1736,#1747,.T.);
#1745 = VERTEX_POINT('',#1746);
#1746 = CARTESIAN_POINT('',(145.,5.,-4.6));
#1747 = LINE('',#1748,#1749);
#1748 = CARTESIAN_POINT('',(145.,5.,-10.));
#1749 = VECTOR('',#1750,1.);
#1750 = DIRECTION('',(-0.,1.7E-16,-1.));
#1751 = ORIENTED_EDGE('',*,*,#1752,.T.);
#1752 = EDGE_CURVE('',#1745,#1734,#1753,.T.);
#1753 = CIRCLE('',#1754,5.);
#1754 = AXIS2_PLACEMENT_3D('',#1755,#1756,#1757);
#1755 = CARTESIAN_POINT('',(145.,3.353E-14,-4.6));
#1756 = DIRECTION('',(-0.,1.7E-16,-1.));
#1757 = DIRECTION('',(0.,1.,1.7E-16));
#1758 = CYLINDRICAL_SURFACE('',#1759,5.);
#1759 = AXIS2_PLACEMENT_3D('',#1760,#1761,#1762);
#1760 = CARTESIAN_POINT('',(145.,3.446E-14,-10.));
#1761 = DIRECTION('',(-0.,1.7E-16,-1.));
#1762 = DIRECTION('',(0.,1.,1.7E-16));
#1763 = ADVANCED_FACE('',(#1764),#1800,.F.);
#1764 = FACE_BOUND('',#1765,.F.);
#1765 = EDGE_LOOP('',(#1766,#1776,#1785,#1793));
#1766 = ORIENTED_EDGE('',*,*,#1767,.T.);
#1767 = EDGE_CURVE('',#1768,#1770,#1772,.T.);
#1768 = VERTEX_POINT('',#1769);
#1769 = CARTESIAN_POINT('',(289.59999999995,20.,17.899999999997));
#1770 = VERTEX_POINT('',#1771);
#1771 = CARTESIAN_POINT('',(289.99999999996,20.,17.500000000041));
#1772 = LINE('',#1773,#1774);
#1773 = CARTESIAN_POINT('',(289.99999999996,20.,17.500000000041));
#1774 = VECTOR('',#1775,1.);
#1775 = DIRECTION('',(0.707106781237,0.,-0.707106781136));
#1776 = ORIENTED_EDGE('',*,*,#1777,.T.);
#1777 = EDGE_CURVE('',#1770,#1778,#1780,.T.);
#1778 = VERTEX_POINT('',#1779);
#1779 = CARTESIAN_POINT('',(289.99999999996,20.,22.499999999959));
#1780 = CIRCLE('',#1781,2.499999999959);
#1781 = AXIS2_PLACEMENT_3D('',#1782,#1783,#1784);
#1782 = CARTESIAN_POINT('',(289.99999999996,20.,20.));
#1783 = DIRECTION('',(-1.,-0.,-0.));
#1784 = DIRECTION('',(0.,0.,-1.));
#1785 = ORIENTED_EDGE('',*,*,#1786,.F.);
#1786 = EDGE_CURVE('',#1787,#1778,#1789,.T.);
#1787 = VERTEX_POINT('',#1788);
#1788 = CARTESIAN_POINT('',(289.59999999995,20.,22.100000000003));
#1789 = LINE('',#1790,#1791);
#1790 = CARTESIAN_POINT('',(289.99999999996,20.,22.499999999959));
#1791 = VECTOR('',#1792,1.);
#1792 = DIRECTION('',(0.707106781237,9.E-17,0.707106781136));
#1793 = ORIENTED_EDGE('',*,*,#1794,.T.);
#1794 = EDGE_CURVE('',#1787,#1768,#1795,.T.);
#1795 = CIRCLE('',#1796,2.100000000003);
#1796 = AXIS2_PLACEMENT_3D('',#1797,#1798,#1799);
#1797 = CARTESIAN_POINT('',(289.59999999995,20.,20.));
#1798 = DIRECTION('',(1.,0.,0.));
#1799 = DIRECTION('',(0.,0.,-1.));
#1800 = CONICAL_SURFACE('',#1801,2.499999999959,0.785398163326);
#1801 = AXIS2_PLACEMENT_3D('',#1802,#1803,#1804);
#1802 = CARTESIAN_POINT('',(289.99999999996,20.,20.));
#1803 = DIRECTION('',(1.,0.,0.));
#1804 = DIRECTION('',(0.,0.,-1.));
#1805 = ADVANCED_FACE('',(#1806),#1842,.F.);
#1806 = FACE_BOUND('',#1807,.F.);
#1807 = EDGE_LOOP('',(#1808,#1818,#1827,#1835));
#1808 = ORIENTED_EDGE('',*,*,#1809,.T.);
#1809 = EDGE_CURVE('',#1810,#1812,#1814,.T.);
#1810 = VERTEX_POINT('',#1811);
#1811 = CARTESIAN_POINT('',(289.6,20.,-2.099999999984));
#1812 = VERTEX_POINT('',#1813);
#1813 = CARTESIAN_POINT('',(290.00000000002,20.,-2.499999999998));
#1814 = LINE('',#1815,#1816);
#1815 = CARTESIAN_POINT('',(290.00000000002,20.,-2.499999999998));
#1816 = VECTOR('',#1817,1.);
#1817 = DIRECTION('',(0.707106781187,0.,-0.707106781187));
#1818 = ORIENTED_EDGE('',*,*,#1819,.T.);
#1819 = EDGE_CURVE('',#1812,#1820,#1822,.T.);
#1820 = VERTEX_POINT('',#1821);
#1821 = CARTESIAN_POINT('',(290.00000000002,20.,2.499999999998));
#1822 = CIRCLE('',#1823,2.499999999998);
#1823 = AXIS2_PLACEMENT_3D('',#1824,#1825,#1826);
#1824 = CARTESIAN_POINT('',(290.00000000002,20.,1.73E-15));
#1825 = DIRECTION('',(-1.,-0.,-0.));
#1826 = DIRECTION('',(0.,0.,-1.));
#1827 = ORIENTED_EDGE('',*,*,#1828,.F.);
#1828 = EDGE_CURVE('',#1829,#1820,#1831,.T.);
#1829 = VERTEX_POINT('',#1830);
#1830 = CARTESIAN_POINT('',(289.6,20.,2.099999999984));
#1831 = LINE('',#1832,#1833);
#1832 = CARTESIAN_POINT('',(290.00000000002,20.,2.499999999998));
#1833 = VECTOR('',#1834,1.);
#1834 = DIRECTION('',(0.707106781187,9.E-17,0.707106781187));
#1835 = ORIENTED_EDGE('',*,*,#1836,.T.);
#1836 = EDGE_CURVE('',#1829,#1810,#1837,.T.);
#1837 = CIRCLE('',#1838,2.099999999984);
#1838 = AXIS2_PLACEMENT_3D('',#1839,#1840,#1841);
#1839 = CARTESIAN_POINT('',(289.6,20.,1.73E-15));
#1840 = DIRECTION('',(1.,0.,0.));
#1841 = DIRECTION('',(0.,0.,-1.));
#1842 = CONICAL_SURFACE('',#1843,2.499999999998,0.785398163397);
#1843 = AXIS2_PLACEMENT_3D('',#1844,#1845,#1846);
#1844 = CARTESIAN_POINT('',(290.00000000002,20.,1.73E-15));
#1845 = DIRECTION('',(1.,0.,0.));
#1846 = DIRECTION('',(0.,0.,-1.));
#1847 = ADVANCED_FACE('',(#1848),#1884,.F.);
#1848 = FACE_BOUND('',#1849,.F.);
#1849 = EDGE_LOOP('',(#1850,#1860,#1869,#1877));
#1850 = ORIENTED_EDGE('',*,*,#1851,.T.);
#1851 = EDGE_CURVE('',#1852,#1854,#1856,.T.);
#1852 = VERTEX_POINT('',#1853);
#1853 = CARTESIAN_POINT('',(289.59999999995,-2.E-15,17.899999999997));
#1854 = VERTEX_POINT('',#1855);
#1855 = CARTESIAN_POINT('',(289.99999999996,-2.E-15,17.500000000041));
#1856 = LINE('',#1857,#1858);
#1857 = CARTESIAN_POINT('',(289.99999999996,-1.73E-15,17.500000000041));
#1858 = VECTOR('',#1859,1.);
#1859 = DIRECTION('',(0.707106781237,0.,-0.707106781136));
#1860 = ORIENTED_EDGE('',*,*,#1861,.T.);
#1861 = EDGE_CURVE('',#1854,#1862,#1864,.T.);
#1862 = VERTEX_POINT('',#1863);
#1863 = CARTESIAN_POINT('',(289.99999999996,-1.E-15,22.499999999959));
#1864 = CIRCLE('',#1865,2.499999999959);
#1865 = AXIS2_PLACEMENT_3D('',#1866,#1867,#1868);
#1866 = CARTESIAN_POINT('',(289.99999999996,-1.73E-15,20.));
#1867 = DIRECTION('',(-1.,-0.,-0.));
#1868 = DIRECTION('',(0.,0.,-1.));
#1869 = ORIENTED_EDGE('',*,*,#1870,.F.);
#1870 = EDGE_CURVE('',#1871,#1862,#1873,.T.);
#1871 = VERTEX_POINT('',#1872);
#1872 = CARTESIAN_POINT('',(289.59999999995,-1.E-15,22.100000000003));
#1873 = LINE('',#1874,#1875);
#1874 = CARTESIAN_POINT('',(289.99999999996,-1.43E-15,22.499999999959));
#1875 = VECTOR('',#1876,1.);
#1876 = DIRECTION('',(0.707106781237,9.E-17,0.707106781136));
#1877 = ORIENTED_EDGE('',*,*,#1878,.T.);
#1878 = EDGE_CURVE('',#1871,#1852,#1879,.T.);
#1879 = CIRCLE('',#1880,2.100000000003);
#1880 = AXIS2_PLACEMENT_3D('',#1881,#1882,#1883);
#1881 = CARTESIAN_POINT('',(289.59999999995,-1.73E-15,20.));
#1882 = DIRECTION('',(1.,0.,0.));
#1883 = DIRECTION('',(0.,0.,-1.));
#1884 = CONICAL_SURFACE('',#1885,2.499999999959,0.785398163326);
#1885 = AXIS2_PLACEMENT_3D('',#1886,#1887,#1888);
#1886 = CARTESIAN_POINT('',(289.99999999996,-1.73E-15,20.));
#1887 = DIRECTION('',(1.,0.,0.));
#1888 = DIRECTION('',(0.,0.,-1.));
#1889 = ADVANCED_FACE('',(#1890),#1926,.F.);
#1890 = FACE_BOUND('',#1891,.F.);
#1891 = EDGE_LOOP('',(#1892,#1902,#1911,#1919));
#1892 = ORIENTED_EDGE('',*,*,#1893,.T.);
#1893 = EDGE_CURVE('',#1894,#1896,#1898,.T.);
#1894 = VERTEX_POINT('',#1895);
#1895 = CARTESIAN_POINT('',(289.6,0.,-2.099999999984));
#1896 = VERTEX_POINT('',#1897);
#1897 = CARTESIAN_POINT('',(290.00000000002,0.,-2.499999999998));
#1898 = LINE('',#1899,#1900);
#1899 = CARTESIAN_POINT('',(290.00000000002,0.,-2.499999999998));
#1900 = VECTOR('',#1901,1.);
#1901 = DIRECTION('',(0.707106781187,0.,-0.707106781187));
#1902 = ORIENTED_EDGE('',*,*,#1903,.T.);
#1903 = EDGE_CURVE('',#1896,#1904,#1906,.T.);
#1904 = VERTEX_POINT('',#1905);
#1905 = CARTESIAN_POINT('',(290.00000000002,0.,2.499999999998));
#1906 = CIRCLE('',#1907,2.499999999998);
#1907 = AXIS2_PLACEMENT_3D('',#1908,#1909,#1910);
#1908 = CARTESIAN_POINT('',(290.00000000002,0.,0.));
#1909 = DIRECTION('',(-1.,-0.,-0.));
#1910 = DIRECTION('',(0.,0.,-1.));
#1911 = ORIENTED_EDGE('',*,*,#1912,.F.);
#1912 = EDGE_CURVE('',#1913,#1904,#1915,.T.);
#1913 = VERTEX_POINT('',#1914);
#1914 = CARTESIAN_POINT('',(289.6,0.,2.099999999984));
#1915 = LINE('',#1916,#1917);
#1916 = CARTESIAN_POINT('',(290.00000000002,3.1E-16,2.499999999998));
#1917 = VECTOR('',#1918,1.);
#1918 = DIRECTION('',(0.707106781187,9.E-17,0.707106781187));
#1919 = ORIENTED_EDGE('',*,*,#1920,.T.);
#1920 = EDGE_CURVE('',#1913,#1894,#1921,.T.);
#1921 = CIRCLE('',#1922,2.099999999984);
#1922 = AXIS2_PLACEMENT_3D('',#1923,#1924,#1925);
#1923 = CARTESIAN_POINT('',(289.6,0.,0.));
#1924 = DIRECTION('',(1.,0.,0.));
#1925 = DIRECTION('',(0.,0.,-1.));
#1926 = CONICAL_SURFACE('',#1927,2.499999999998,0.785398163397);
#1927 = AXIS2_PLACEMENT_3D('',#1928,#1929,#1930);
#1928 = CARTESIAN_POINT('',(290.00000000002,0.,0.));
#1929 = DIRECTION('',(1.,0.,0.));
#1930 = DIRECTION('',(0.,0.,-1.));
#1931 = ADVANCED_FACE('',(#1932),#1968,.F.);
#1932 = FACE_BOUND('',#1933,.F.);
#1933 = EDGE_LOOP('',(#1934,#1944,#1953,#1961));
#1934 = ORIENTED_EDGE('',*,*,#1935,.T.);
#1935 = EDGE_CURVE('',#1936,#1938,#1940,.T.);
#1936 = VERTEX_POINT('',#1937);
#1937 = CARTESIAN_POINT('',(0.399999999956,20.,2.099999999928));
#1938 = VERTEX_POINT('',#1939);
#1939 = CARTESIAN_POINT('',(-2.E-15,20.,2.499999999941));
#1940 = LINE('',#1941,#1942);
#1941 = CARTESIAN_POINT('',(0.,20.,2.499999999941));
#1942 = VECTOR('',#1943,1.);
#1943 = DIRECTION('',(-0.707106781136,0.,0.707106781237));
#1944 = ORIENTED_EDGE('',*,*,#1945,.F.);
#1945 = EDGE_CURVE('',#1946,#1938,#1948,.T.);
#1946 = VERTEX_POINT('',#1947);
#1947 = CARTESIAN_POINT('',(-2.E-15,20.,-2.499999999941));
#1948 = CIRCLE('',#1949,2.499999999941);
#1949 = AXIS2_PLACEMENT_3D('',#1950,#1951,#1952);
#1950 = CARTESIAN_POINT('',(-1.73E-15,20.,1.73E-15));
#1951 = DIRECTION('',(-1.,0.,0.));
#1952 = DIRECTION('',(0.,0.,1.));
#1953 = ORIENTED_EDGE('',*,*,#1954,.F.);
#1954 = EDGE_CURVE('',#1955,#1946,#1957,.T.);
#1955 = VERTEX_POINT('',#1956);
#1956 = CARTESIAN_POINT('',(0.399999999956,20.,-2.099999999928));
#1957 = LINE('',#1958,#1959);
#1958 = CARTESIAN_POINT('',(0.,20.,-2.499999999941));
#1959 = VECTOR('',#1960,1.);
#1960 = DIRECTION('',(-0.707106781136,9.E-17,-0.707106781237));
#1961 = ORIENTED_EDGE('',*,*,#1962,.T.);
#1962 = EDGE_CURVE('',#1955,#1936,#1963,.T.);
#1963 = CIRCLE('',#1964,2.099999999928);
#1964 = AXIS2_PLACEMENT_3D('',#1965,#1966,#1967);
#1965 = CARTESIAN_POINT('',(0.399999999956,20.,1.73E-15));
#1966 = DIRECTION('',(-1.,0.,0.));
#1967 = DIRECTION('',(0.,0.,1.));
#1968 = CONICAL_SURFACE('',#1969,2.499999999941,0.785398163469);
#1969 = AXIS2_PLACEMENT_3D('',#1970,#1971,#1972);
#1970 = CARTESIAN_POINT('',(0.,20.,1.73E-15));
#1971 = DIRECTION('',(-1.,0.,0.));
#1972 = DIRECTION('',(0.,0.,1.));
#1973 = ADVANCED_FACE('',(#1974),#2010,.F.);
#1974 = FACE_BOUND('',#1975,.F.);
#1975 = EDGE_LOOP('',(#1976,#1986,#1995,#2003));
#1976 = ORIENTED_EDGE('',*,*,#1977,.T.);
#1977 = EDGE_CURVE('',#1978,#1980,#1982,.T.);
#1978 = VERTEX_POINT('',#1979);
#1979 = CARTESIAN_POINT('',(0.400000000013,-2.E-15,22.100000000023));
#1980 = VERTEX_POINT('',#1981);
#1981 = CARTESIAN_POINT('',(0.,-2.E-15,22.500000000036));
#1982 = LINE('',#1983,#1984);
#1983 = CARTESIAN_POINT('',(1.1368684E-10,-1.73E-15,22.499999999923));
#1984 = VECTOR('',#1985,1.);
#1985 = DIRECTION('',(-0.707106781187,0.,0.707106781187));
#1986 = ORIENTED_EDGE('',*,*,#1987,.F.);
#1987 = EDGE_CURVE('',#1988,#1980,#1990,.T.);
#1988 = VERTEX_POINT('',#1989);
#1989 = CARTESIAN_POINT('',(0.,-1.E-15,17.499999999964));
#1990 = CIRCLE('',#1991,2.500000000036);
#1991 = AXIS2_PLACEMENT_3D('',#1992,#1993,#1994);
#1992 = CARTESIAN_POINT('',(0.,-1.73E-15,20.));
#1993 = DIRECTION('',(-1.,0.,0.));
#1994 = DIRECTION('',(0.,0.,1.));
#1995 = ORIENTED_EDGE('',*,*,#1996,.F.);
#1996 = EDGE_CURVE('',#1997,#1988,#1999,.T.);
#1997 = VERTEX_POINT('',#1998);
#1998 = CARTESIAN_POINT('',(0.400000000013,-1.E-15,17.899999999977));
#1999 = LINE('',#2000,#2001);
#2000 = CARTESIAN_POINT('',(1.1368684E-10,-1.43E-15,17.500000000077));
#2001 = VECTOR('',#2002,1.);
#2002 = DIRECTION('',(-0.707106781187,9.E-17,-0.707106781187));
#2003 = ORIENTED_EDGE('',*,*,#2004,.T.);
#2004 = EDGE_CURVE('',#1997,#1978,#2005,.T.);
#2005 = CIRCLE('',#2006,2.100000000023);
#2006 = AXIS2_PLACEMENT_3D('',#2007,#2008,#2009);
#2007 = CARTESIAN_POINT('',(0.400000000013,-1.73E-15,20.));
#2008 = DIRECTION('',(-1.,0.,-0.));
#2009 = DIRECTION('',(-0.,0.,1.));
#2010 = CONICAL_SURFACE('',#2011,2.499999999923,0.785398163397);
#2011 = AXIS2_PLACEMENT_3D('',#2012,#2013,#2014);
#2012 = CARTESIAN_POINT('',(1.1368684E-10,-1.73E-15,20.));
#2013 = DIRECTION('',(-1.,0.,0.));
#2014 = DIRECTION('',(0.,0.,1.));
#2015 = ADVANCED_FACE('',(#2016),#2052,.F.);
#2016 = FACE_BOUND('',#2017,.F.);
#2017 = EDGE_LOOP('',(#2018,#2028,#2037,#2045));
#2018 = ORIENTED_EDGE('',*,*,#2019,.T.);
#2019 = EDGE_CURVE('',#2020,#2022,#2024,.T.);
#2020 = VERTEX_POINT('',#2021);
#2021 = CARTESIAN_POINT('',(12.,0.,3.));
#2022 = VERTEX_POINT('',#2023);
#2023 = CARTESIAN_POINT('',(0.,0.,3.));
#2024 = LINE('',#2025,#2026);
#2025 = CARTESIAN_POINT('',(12.,0.,3.));
#2026 = VECTOR('',#2027,1.);
#2027 = DIRECTION('',(-1.,-0.,-0.));
#2028 = ORIENTED_EDGE('',*,*,#2029,.F.);
#2029 = EDGE_CURVE('',#2030,#2022,#2032,.T.);
#2030 = VERTEX_POINT('',#2031);
#2031 = CARTESIAN_POINT('',(0.,0.,-3.));
#2032 = CIRCLE('',#2033,3.);
#2033 = AXIS2_PLACEMENT_3D('',#2034,#2035,#2036);
#2034 = CARTESIAN_POINT('',(0.,0.,0.));
#2035 = DIRECTION('',(-1.,0.,-0.));
#2036 = DIRECTION('',(-0.,0.,1.));
#2037 = ORIENTED_EDGE('',*,*,#2038,.F.);
#2038 = EDGE_CURVE('',#2039,#2030,#2041,.T.);
#2039 = VERTEX_POINT('',#2040);
#2040 = CARTESIAN_POINT('',(12.,0.,-3.));
#2041 = LINE('',#2042,#2043);
#2042 = CARTESIAN_POINT('',(12.,3.7E-16,-3.));
#2043 = VECTOR('',#2044,1.);
#2044 = DIRECTION('',(-1.,-0.,-0.));
#2045 = ORIENTED_EDGE('',*,*,#2046,.T.);
#2046 = EDGE_CURVE('',#2039,#2020,#2047,.T.);
#2047 = CIRCLE('',#2048,3.);
#2048 = AXIS2_PLACEMENT_3D('',#2049,#2050,#2051);
#2049 = CARTESIAN_POINT('',(12.,0.,0.));
#2050 = DIRECTION('',(-1.,0.,-0.));
#2051 = DIRECTION('',(-0.,0.,1.));
#2052 = CYLINDRICAL_SURFACE('',#2053,3.);
#2053 = AXIS2_PLACEMENT_3D('',#2054,#2055,#2056);
#2054 = CARTESIAN_POINT('',(12.,0.,0.));
#2055 = DIRECTION('',(-1.,-0.,-0.));
#2056 = DIRECTION('',(-0.,0.,1.));
#2057 = ADVANCED_FACE('',(#2058),#2094,.F.);
#2058 = FACE_BOUND('',#2059,.F.);
#2059 = EDGE_LOOP('',(#2060,#2070,#2079,#2087));
#2060 = ORIENTED_EDGE('',*,*,#2061,.T.);
#2061 = EDGE_CURVE('',#2062,#2064,#2066,.T.);
#2062 = VERTEX_POINT('',#2063);
#2063 = CARTESIAN_POINT('',(12.,20.,23.));
#2064 = VERTEX_POINT('',#2065);
#2065 = CARTESIAN_POINT('',(0.,20.,23.));
#2066 = LINE('',#2067,#2068);
#2067 = CARTESIAN_POINT('',(12.,20.,23.));
#2068 = VECTOR('',#2069,1.);
#2069 = DIRECTION('',(-1.,-0.,-0.));
#2070 = ORIENTED_EDGE('',*,*,#2071,.F.);
#2071 = EDGE_CURVE('',#2072,#2064,#2074,.T.);
#2072 = VERTEX_POINT('',#2073);
#2073 = CARTESIAN_POINT('',(0.,20.,17.));
#2074 = CIRCLE('',#2075,3.);
#2075 = AXIS2_PLACEMENT_3D('',#2076,#2077,#2078);
#2076 = CARTESIAN_POINT('',(0.,20.,20.));
#2077 = DIRECTION('',(-1.,0.,-0.));
#2078 = DIRECTION('',(-0.,0.,1.));
#2079 = ORIENTED_EDGE('',*,*,#2080,.F.);
#2080 = EDGE_CURVE('',#2081,#2072,#2083,.T.);
#2081 = VERTEX_POINT('',#2082);
#2082 = CARTESIAN_POINT('',(12.,20.,17.));
#2083 = LINE('',#2084,#2085);
#2084 = CARTESIAN_POINT('',(12.,20.,17.));
#2085 = VECTOR('',#2086,1.);
#2086 = DIRECTION('',(-1.,-0.,-0.));
#2087 = ORIENTED_EDGE('',*,*,#2088,.T.);
#2088 = EDGE_CURVE('',#2081,#2062,#2089,.T.);
#2089 = CIRCLE('',#2090,3.);
#2090 = AXIS2_PLACEMENT_3D('',#2091,#2092,#2093);
#2091 = CARTESIAN_POINT('',(12.,20.,20.));
#2092 = DIRECTION('',(-1.,0.,-0.));
#2093 = DIRECTION('',(-0.,0.,1.));
#2094 = CYLINDRICAL_SURFACE('',#2095,3.);
#2095 = AXIS2_PLACEMENT_3D('',#2096,#2097,#2098);
#2096 = CARTESIAN_POINT('',(12.,20.,20.));
#2097 = DIRECTION('',(-1.,-0.,-0.));
#2098 = DIRECTION('',(-0.,0.,1.));
#2099 = ADVANCED_FACE('',(#2100),#2126,.F.);
#2100 = FACE_BOUND('',#2101,.F.);
#2101 = EDGE_LOOP('',(#2102,#2110,#2111,#2119));
#2102 = ORIENTED_EDGE('',*,*,#2103,.T.);
#2103 = EDGE_CURVE('',#2104,#1768,#2106,.T.);
#2104 = VERTEX_POINT('',#2105);
#2105 = CARTESIAN_POINT('',(272.,20.,17.90000000004));
#2106 = LINE('',#2107,#2108);
#2107 = CARTESIAN_POINT('',(290.,20.,17.9));
#2108 = VECTOR('',#2109,1.);
#2109 = DIRECTION('',(1.,0.,0.));
#2110 = ORIENTED_EDGE('',*,*,#1794,.F.);
#2111 = ORIENTED_EDGE('',*,*,#2112,.F.);
#2112 = EDGE_CURVE('',#2113,#1787,#2115,.T.);
#2113 = VERTEX_POINT('',#2114);
#2114 = CARTESIAN_POINT('',(272.,20.,22.09999999996));
#2115 = LINE('',#2116,#2117);
#2116 = CARTESIAN_POINT('',(290.,20.,22.1));
#2117 = VECTOR('',#2118,1.);
#2118 = DIRECTION('',(1.,0.,0.));
#2119 = ORIENTED_EDGE('',*,*,#2120,.T.);
#2120 = EDGE_CURVE('',#2113,#2104,#2121,.T.);
#2121 = CIRCLE('',#2122,2.1);
#2122 = AXIS2_PLACEMENT_3D('',#2123,#2124,#2125);
#2123 = CARTESIAN_POINT('',(272.,20.,20.));
#2124 = DIRECTION('',(1.,0.,0.));
#2125 = DIRECTION('',(0.,0.,-1.));
#2126 = CYLINDRICAL_SURFACE('',#2127,2.1);
#2127 = AXIS2_PLACEMENT_3D('',#2128,#2129,#2130);
#2128 = CARTESIAN_POINT('',(290.,20.,20.));
#2129 = DIRECTION('',(1.,0.,0.));
#2130 = DIRECTION('',(0.,0.,-1.));
#2131 = ADVANCED_FACE('',(#2132),#2158,.F.);
#2132 = FACE_BOUND('',#2133,.F.);
#2133 = EDGE_LOOP('',(#2134,#2142,#2143,#2151));
#2134 = ORIENTED_EDGE('',*,*,#2135,.T.);
#2135 = EDGE_CURVE('',#2136,#1810,#2138,.T.);
#2136 = VERTEX_POINT('',#2137);
#2137 = CARTESIAN_POINT('',(272.,20.,-2.099999999923));
#2138 = LINE('',#2139,#2140);
#2139 = CARTESIAN_POINT('',(290.,20.,-2.1));
#2140 = VECTOR('',#2141,1.);
#2141 = DIRECTION('',(1.,0.,0.));
#2142 = ORIENTED_EDGE('',*,*,#1836,.F.);
#2143 = ORIENTED_EDGE('',*,*,#2144,.F.);
#2144 = EDGE_CURVE('',#2145,#1829,#2147,.T.);
#2145 = VERTEX_POINT('',#2146);
#2146 = CARTESIAN_POINT('',(272.,20.,2.099999999923));
#2147 = LINE('',#2148,#2149);
#2148 = CARTESIAN_POINT('',(290.,20.,2.1));
#2149 = VECTOR('',#2150,1.);
#2150 = DIRECTION('',(1.,0.,0.));
#2151 = ORIENTED_EDGE('',*,*,#2152,.T.);
#2152 = EDGE_CURVE('',#2145,#2136,#2153,.T.);
#2153 = CIRCLE('',#2154,2.1);
#2154 = AXIS2_PLACEMENT_3D('',#2155,#2156,#2157);
#2155 = CARTESIAN_POINT('',(272.,20.,1.73E-15));
#2156 = DIRECTION('',(1.,0.,0.));
#2157 = DIRECTION('',(0.,0.,-1.));
#2158 = CYLINDRICAL_SURFACE('',#2159,2.1);
#2159 = AXIS2_PLACEMENT_3D('',#2160,#2161,#2162);
#2160 = CARTESIAN_POINT('',(290.,20.,1.73E-15));
#2161 = DIRECTION('',(1.,0.,0.));
#2162 = DIRECTION('',(0.,0.,-1.));
#2163 = ADVANCED_FACE('',(#2164),#2190,.F.);
#2164 = FACE_BOUND('',#2165,.F.);
#2165 = EDGE_LOOP('',(#2166,#2174,#2175,#2183));
#2166 = ORIENTED_EDGE('',*,*,#2167,.T.);
#2167 = EDGE_CURVE('',#2168,#1852,#2170,.T.);
#2168 = VERTEX_POINT('',#2169);
#2169 = CARTESIAN_POINT('',(272.,-2.E-15,17.90000000004));
#2170 = LINE('',#2171,#2172);
#2171 = CARTESIAN_POINT('',(290.,-1.73E-15,17.9));
#2172 = VECTOR('',#2173,1.);
#2173 = DIRECTION('',(1.,0.,0.));
#2174 = ORIENTED_EDGE('',*,*,#1878,.F.);
#2175 = ORIENTED_EDGE('',*,*,#2176,.F.);
#2176 = EDGE_CURVE('',#2177,#1871,#2179,.T.);
#2177 = VERTEX_POINT('',#2178);
#2178 = CARTESIAN_POINT('',(272.,-1.E-15,22.09999999996));
#2179 = LINE('',#2180,#2181);
#2180 = CARTESIAN_POINT('',(290.,-1.48E-15,22.1));
#2181 = VECTOR('',#2182,1.);
#2182 = DIRECTION('',(1.,0.,0.));
#2183 = ORIENTED_EDGE('',*,*,#2184,.T.);
#2184 = EDGE_CURVE('',#2177,#2168,#2185,.T.);
#2185 = CIRCLE('',#2186,2.1);
#2186 = AXIS2_PLACEMENT_3D('',#2187,#2188,#2189);
#2187 = CARTESIAN_POINT('',(272.,-1.73E-15,20.));
#2188 = DIRECTION('',(1.,0.,0.));
#2189 = DIRECTION('',(0.,0.,-1.));
#2190 = CYLINDRICAL_SURFACE('',#2191,2.1);
#2191 = AXIS2_PLACEMENT_3D('',#2192,#2193,#2194);
#2192 = CARTESIAN_POINT('',(290.,-1.73E-15,20.));
#2193 = DIRECTION('',(1.,0.,0.));
#2194 = DIRECTION('',(0.,0.,-1.));
#2195 = ADVANCED_FACE('',(#2196),#2222,.F.);
#2196 = FACE_BOUND('',#2197,.F.);
#2197 = EDGE_LOOP('',(#2198,#2206,#2207,#2215));
#2198 = ORIENTED_EDGE('',*,*,#2199,.T.);
#2199 = EDGE_CURVE('',#2200,#1894,#2202,.T.);
#2200 = VERTEX_POINT('',#2201);
#2201 = CARTESIAN_POINT('',(272.,0.,-2.099999999923));
#2202 = LINE('',#2203,#2204);
#2203 = CARTESIAN_POINT('',(290.,0.,-2.1));
#2204 = VECTOR('',#2205,1.);
#2205 = DIRECTION('',(1.,0.,0.));
#2206 = ORIENTED_EDGE('',*,*,#1920,.F.);
#2207 = ORIENTED_EDGE('',*,*,#2208,.F.);
#2208 = EDGE_CURVE('',#2209,#1913,#2211,.T.);
#2209 = VERTEX_POINT('',#2210);
#2210 = CARTESIAN_POINT('',(272.,0.,2.099999999923));
#2211 = LINE('',#2212,#2213);
#2212 = CARTESIAN_POINT('',(290.,2.6E-16,2.1));
#2213 = VECTOR('',#2214,1.);
#2214 = DIRECTION('',(1.,0.,0.));
#2215 = ORIENTED_EDGE('',*,*,#2216,.T.);
#2216 = EDGE_CURVE('',#2209,#2200,#2217,.T.);
#2217 = CIRCLE('',#2218,2.1);
#2218 = AXIS2_PLACEMENT_3D('',#2219,#2220,#2221);
#2219 = CARTESIAN_POINT('',(272.,0.,0.));
#2220 = DIRECTION('',(1.,0.,0.));
#2221 = DIRECTION('',(0.,0.,-1.));
#2222 = CYLINDRICAL_SURFACE('',#2223,2.1);
#2223 = AXIS2_PLACEMENT_3D('',#2224,#2225,#2226);
#2224 = CARTESIAN_POINT('',(290.,0.,0.));
#2225 = DIRECTION('',(1.,0.,0.));
#2226 = DIRECTION('',(0.,0.,-1.));
#2227 = ADVANCED_FACE('',(#2228),#2266,.T.);
#2228 = FACE_BOUND('',#2229,.T.);
#2229 = EDGE_LOOP('',(#2230,#2241,#2249,#2260));
#2230 = ORIENTED_EDGE('',*,*,#2231,.T.);
#2231 = EDGE_CURVE('',#2232,#2234,#2236,.T.);
#2232 = VERTEX_POINT('',#2233);
#2233 = CARTESIAN_POINT('',(290.,28.2,-3.482842712475));
#2234 = VERTEX_POINT('',#2235);
#2235 = CARTESIAN_POINT('',(290.,28.4,-3.282842712475));
#2236 = CIRCLE('',#2237,0.2);
#2237 = AXIS2_PLACEMENT_3D('',#2238,#2239,#2240);
#2238 = CARTESIAN_POINT('',(290.,28.4,-3.482842712475));
#2239 = DIRECTION('',(-1.,0.,0.));
#2240 = DIRECTION('',(0.,0.,1.));
#2241 = ORIENTED_EDGE('',*,*,#2242,.T.);
#2242 = EDGE_CURVE('',#2234,#2243,#2245,.T.);
#2243 = VERTEX_POINT('',#2244);
#2244 = CARTESIAN_POINT('',(138.77133182379,28.4,-3.282842712475));
#2245 = LINE('',#2246,#2247);
#2246 = CARTESIAN_POINT('',(290.,28.4,-3.282842712475));
#2247 = VECTOR('',#2248,1.);
#2248 = DIRECTION('',(-1.,0.,0.));
#2249 = ORIENTED_EDGE('',*,*,#2250,.F.);
#2250 = EDGE_CURVE('',#2251,#2243,#2253,.T.);
#2251 = VERTEX_POINT('',#2252);
#2252 = CARTESIAN_POINT('',(138.58745127355,28.2,-3.482842712475));
#2253 = B_SPLINE_CURVE_WITH_KNOTS('',3,(#2254,#2255,#2256,#2257,#2258,
    #2259),.UNSPECIFIED.,.F.,.F.,(4,2,4),(0.,1.858903660808E-04,
    3.717807321616E-04),.UNSPECIFIED.);
#2254 = CARTESIAN_POINT('',(138.58745127355,28.2,-3.482842712475));
#2255 = CARTESIAN_POINT('',(138.63101149831,28.2,-3.437974139102));
#2256 = CARTESIAN_POINT('',(138.67352926103,28.214381572682,
    -3.392339804182));
#2257 = CARTESIAN_POINT('',(138.74433245081,28.281065038218,
    -3.314024905844));
#2258 = CARTESIAN_POINT('',(138.77133182379,28.33752873072,
    -3.282842712475));
#2259 = CARTESIAN_POINT('',(138.77133182379,28.4,-3.282842712475));
#2260 = ORIENTED_EDGE('',*,*,#2261,.T.);
#2261 = EDGE_CURVE('',#2251,#2232,#2262,.T.);
#2262 = LINE('',#2263,#2264);
#2263 = CARTESIAN_POINT('',(290.,28.2,-3.482842712475));
#2264 = VECTOR('',#2265,1.);
#2265 = DIRECTION('',(1.,0.,-0.));
#2266 = CYLINDRICAL_SURFACE('',#2267,0.2);
#2267 = AXIS2_PLACEMENT_3D('',#2268,#2269,#2270);
#2268 = CARTESIAN_POINT('',(290.,28.4,-3.482842712475));
#2269 = DIRECTION('',(-1.,0.,0.));
#2270 = DIRECTION('',(0.,0.,1.));
#2271 = ADVANCED_FACE('',(#2272),#2308,.T.);
#2272 = FACE_BOUND('',#2273,.T.);
#2273 = EDGE_LOOP('',(#2274,#2285,#2293,#2302));
#2274 = ORIENTED_EDGE('',*,*,#2275,.T.);
#2275 = EDGE_CURVE('',#2276,#2278,#2280,.T.);
#2276 = VERTEX_POINT('',#2277);
#2277 = CARTESIAN_POINT('',(290.,-8.541421356237,-3.341421356237));
#2278 = VERTEX_POINT('',#2279);
#2279 = CARTESIAN_POINT('',(290.,-8.4,-3.282842712475));
#2280 = CIRCLE('',#2281,0.2);
#2281 = AXIS2_PLACEMENT_3D('',#2282,#2283,#2284);
#2282 = CARTESIAN_POINT('',(290.,-8.4,-3.482842712475));
#2283 = DIRECTION('',(-1.,0.,0.));
#2284 = DIRECTION('',(0.,0.,1.));
#2285 = ORIENTED_EDGE('',*,*,#2286,.T.);
#2286 = EDGE_CURVE('',#2278,#2287,#2289,.T.);
#2287 = VERTEX_POINT('',#2288);
#2288 = CARTESIAN_POINT('',(138.43299340592,-8.4,-3.282842712475));
#2289 = LINE('',#2290,#2291);
#2290 = CARTESIAN_POINT('',(290.,-8.4,-3.282842712475));
#2291 = VECTOR('',#2292,1.);
#2292 = DIRECTION('',(-1.,0.,0.));
#2293 = ORIENTED_EDGE('',*,*,#2294,.T.);
#2294 = EDGE_CURVE('',#2287,#2295,#2297,.T.);
#2295 = VERTEX_POINT('',#2296);
#2296 = CARTESIAN_POINT('',(138.37600404621,-8.541421356237,
    -3.341421356237));
#2297 = B_SPLINE_CURVE_WITH_KNOTS('',3,(#2298,#2299,#2300,#2301),
  .UNSPECIFIED.,.F.,.F.,(4,4),(0.,1.686916646397E-04),
  .PIECEWISE_BEZIER_KNOTS.);
#2298 = CARTESIAN_POINT('',(138.43299340592,-8.4,-3.282842712475));
#2299 = CARTESIAN_POINT('',(138.43299340592,-8.457195843481,
    -3.282842712475));
#2300 = CARTESIAN_POINT('',(138.40865474507,-8.508432732627,
    -3.308432732627));
#2301 = CARTESIAN_POINT('',(138.37600404621,-8.541421356237,
    -3.341421356237));
#2302 = ORIENTED_EDGE('',*,*,#2303,.T.);
#2303 = EDGE_CURVE('',#2295,#2276,#2304,.T.);
#2304 = LINE('',#2305,#2306);
#2305 = CARTESIAN_POINT('',(290.,-8.541421356237,-3.341421356237));
#2306 = VECTOR('',#2307,1.);
#2307 = DIRECTION('',(1.,-0.,0.));
#2308 = CYLINDRICAL_SURFACE('',#2309,0.2);
#2309 = AXIS2_PLACEMENT_3D('',#2310,#2311,#2312);
#2310 = CARTESIAN_POINT('',(290.,-8.4,-3.482842712475));
#2311 = DIRECTION('',(-1.,0.,0.));
#2312 = DIRECTION('',(0.,0.,1.));
#2313 = ADVANCED_FACE('',(#2314),#2363,.F.);
#2314 = FACE_BOUND('',#2315,.F.);
#2315 = EDGE_LOOP('',(#2316,#2329,#2330,#2339,#2348,#2356));
#2316 = ORIENTED_EDGE('',*,*,#2317,.T.);
#2317 = EDGE_CURVE('',#2318,#2287,#2320,.T.);
#2318 = VERTEX_POINT('',#2319);
#2319 = CARTESIAN_POINT('',(138.22990814732,-8.2,-3.482842712475));
#2320 = B_SPLINE_CURVE_WITH_KNOTS('',3,(#2321,#2322,#2323,#2324,#2325,
    #2326,#2327,#2328),.UNSPECIFIED.,.F.,.F.,(4,2,2,4),(
    -3.835267073267E-04,-1.917633536634E-04,-9.588167683167E-05,0.),
  .UNSPECIFIED.);
#2321 = CARTESIAN_POINT('',(138.22990814732,-8.2,-3.482842712475));
#2322 = CARTESIAN_POINT('',(138.27712259096,-8.2,-3.439057124446));
#2323 = CARTESIAN_POINT('',(138.32327932326,-8.21363561409,
    -3.39431233592));
#2324 = CARTESIAN_POINT('',(138.3817157167,-8.262132540214,
    -3.335754672478));
#2325 = CARTESIAN_POINT('',(138.39926762536,-8.283207640308,
    -3.31780453057));
#2326 = CARTESIAN_POINT('',(138.425196197,-8.336078712845,
    -3.291029976147));
#2327 = CARTESIAN_POINT('',(138.43299340592,-8.367490786267,
    -3.282842712475));
#2328 = CARTESIAN_POINT('',(138.43299340592,-8.4,-3.282842712475));
#2329 = ORIENTED_EDGE('',*,*,#2294,.T.);
#2330 = ORIENTED_EDGE('',*,*,#2331,.F.);
#2331 = EDGE_CURVE('',#2332,#2295,#2334,.T.);
#2332 = VERTEX_POINT('',#2333);
#2333 = CARTESIAN_POINT('',(135.28534807274,-9.941421356237,
    -4.741421356237));
#2334 = ( BOUNDED_CURVE() B_SPLINE_CURVE(3,(#2335,#2336,#2337,#2338),
.UNSPECIFIED.,.F.,.F.) B_SPLINE_CURVE_WITH_KNOTS((4,4),(
6.010946933755E-02,0.790546323948),.PIECEWISE_BEZIER_KNOTS.) CURVE() 
GEOMETRIC_REPRESENTATION_ITEM() RATIONAL_B_SPLINE_CURVE((1.,
0.956030514273,0.956030514273,1.)) REPRESENTATION_ITEM('') );
#2335 = CARTESIAN_POINT('',(135.28534807274,-9.941421356237,
    -4.741421356237));
#2336 = CARTESIAN_POINT('',(136.46621302983,-9.87035457808,
    -4.67035457808));
#2337 = CARTESIAN_POINT('',(137.54381321355,-9.382225109721,
    -4.182225109721));
#2338 = CARTESIAN_POINT('',(138.37600404621,-8.541421356237,
    -3.341421356237));
#2339 = ORIENTED_EDGE('',*,*,#2340,.T.);
#2340 = EDGE_CURVE('',#2332,#2341,#2343,.T.);
#2341 = VERTEX_POINT('',#2342);
#2342 = CARTESIAN_POINT('',(135.,-9.949508574143,-4.75));
#2343 = B_SPLINE_CURVE_WITH_KNOTS('',3,(#2344,#2345,#2346,#2347),
  .UNSPECIFIED.,.F.,.F.,(4,4),(0.,2.855915244528E-04),
  .PIECEWISE_BEZIER_KNOTS.);
#2344 = CARTESIAN_POINT('',(135.28534807274,-9.941421356237,
    -4.741421356237));
#2345 = CARTESIAN_POINT('',(135.19040340393,-9.947135313345,
    -4.747135313345));
#2346 = CARTESIAN_POINT('',(135.09527839462,-9.949508574144,-4.75));
#2347 = CARTESIAN_POINT('',(135.,-9.949508574143,-4.75));
#2348 = ORIENTED_EDGE('',*,*,#2349,.F.);
#2349 = EDGE_CURVE('',#2350,#2341,#2352,.T.);
#2350 = VERTEX_POINT('',#2351);
#2351 = CARTESIAN_POINT('',(135.,-8.2,-4.75));
#2352 = LINE('',#2353,#2354);
#2353 = CARTESIAN_POINT('',(135.,-10.,-4.75));
#2354 = VECTOR('',#2355,1.);
#2355 = DIRECTION('',(-0.,-1.,-0.));
#2356 = ORIENTED_EDGE('',*,*,#2357,.T.);
#2357 = EDGE_CURVE('',#2350,#2318,#2358,.T.);
#2358 = CIRCLE('',#2359,4.75);
#2359 = AXIS2_PLACEMENT_3D('',#2360,#2361,#2362);
#2360 = CARTESIAN_POINT('',(135.,-8.2,-2.398E-14));
#2361 = DIRECTION('',(0.,-1.,-0.));
#2362 = DIRECTION('',(0.,0.,-1.));
#2363 = CYLINDRICAL_SURFACE('',#2364,4.75);
#2364 = AXIS2_PLACEMENT_3D('',#2365,#2366,#2367);
#2365 = CARTESIAN_POINT('',(135.,-10.,-2.398E-14));
#2366 = DIRECTION('',(-0.,-1.,-0.));
#2367 = DIRECTION('',(0.,0.,-1.));
#2368 = ADVANCED_FACE('',(#2369),#2397,.F.);
#2369 = FACE_BOUND('',#2370,.F.);
#2370 = EDGE_LOOP('',(#2371,#2382,#2390));
#2371 = ORIENTED_EDGE('',*,*,#2372,.F.);
#2372 = EDGE_CURVE('',#2373,#2375,#2377,.T.);
#2373 = VERTEX_POINT('',#2374);
#2374 = CARTESIAN_POINT('',(135.,-5.739949493661,-4.75));
#2375 = VERTEX_POINT('',#2376);
#2376 = CARTESIAN_POINT('',(138.50115348803,-4.2,-3.210050506339));
#2377 = ( BOUNDED_CURVE() B_SPLINE_CURVE(3,(#2378,#2379,#2380,#2381),
.UNSPECIFIED.,.F.,.F.) B_SPLINE_CURVE_WITH_KNOTS((4,4),(0.,
0.828746662806),.PIECEWISE_BEZIER_KNOTS.) CURVE() 
GEOMETRIC_REPRESENTATION_ITEM() RATIONAL_B_SPLINE_CURVE((1.,
0.943579204838,0.943579204838,1.)) REPRESENTATION_ITEM('') );
#2378 = CARTESIAN_POINT('',(135.,-5.739949493661,-4.75));
#2379 = CARTESIAN_POINT('',(136.35118689843,-5.739949493661,-4.75));
#2380 = CARTESIAN_POINT('',(137.58802123803,-5.195939520513,
    -4.205990026852));
#2381 = CARTESIAN_POINT('',(138.50115348803,-4.2,-3.210050506339));
#2382 = ORIENTED_EDGE('',*,*,#2383,.F.);
#2383 = EDGE_CURVE('',#2384,#2373,#2386,.T.);
#2384 = VERTEX_POINT('',#2385);
#2385 = CARTESIAN_POINT('',(135.,-4.2,-4.75));
#2386 = LINE('',#2387,#2388);
#2387 = CARTESIAN_POINT('',(135.,-10.,-4.75));
#2388 = VECTOR('',#2389,1.);
#2389 = DIRECTION('',(-0.,-1.,-0.));
#2390 = ORIENTED_EDGE('',*,*,#2391,.F.);
#2391 = EDGE_CURVE('',#2375,#2384,#2392,.T.);
#2392 = CIRCLE('',#2393,4.75);
#2393 = AXIS2_PLACEMENT_3D('',#2394,#2395,#2396);
#2394 = CARTESIAN_POINT('',(135.,-4.2,-2.398E-14));
#2395 = DIRECTION('',(0.,1.,0.));
#2396 = DIRECTION('',(5.84E-15,0.,-1.));
#2397 = CYLINDRICAL_SURFACE('',#2398,4.75);
#2398 = AXIS2_PLACEMENT_3D('',#2399,#2400,#2401);
#2399 = CARTESIAN_POINT('',(135.,-10.,-2.398E-14));
#2400 = DIRECTION('',(-0.,-1.,-0.));
#2401 = DIRECTION('',(0.,0.,-1.));
#2402 = ADVANCED_FACE('',(#2403),#2431,.F.);
#2403 = FACE_BOUND('',#2404,.F.);
#2404 = EDGE_LOOP('',(#2405,#2416,#2424));
#2405 = ORIENTED_EDGE('',*,*,#2406,.T.);
#2406 = EDGE_CURVE('',#2407,#2409,#2411,.T.);
#2407 = VERTEX_POINT('',#2408);
#2408 = CARTESIAN_POINT('',(158.68272996566,-8.2,17.));
#2409 = VERTEX_POINT('',#2410);
#2410 = CARTESIAN_POINT('',(155.,-9.95,15.25));
#2411 = ( BOUNDED_CURVE() B_SPLINE_CURVE(3,(#2412,#2413,#2414,#2415),
.UNSPECIFIED.,.F.,.F.) B_SPLINE_CURVE_WITH_KNOTS((4,4),(5.395977039557,
6.28318530718),.PIECEWISE_BEZIER_KNOTS.) CURVE() 
GEOMETRIC_REPRESENTATION_ITEM() RATIONAL_B_SPLINE_CURVE((1.,
0.935473764973,0.935473764973,1.)) REPRESENTATION_ITEM('') );
#2412 = CARTESIAN_POINT('',(158.68272996566,-8.2,17.));
#2413 = CARTESIAN_POINT('',(157.76512531717,-9.326430045208,
    15.873569954792));
#2414 = CARTESIAN_POINT('',(156.45287402677,-9.95,15.25));
#2415 = CARTESIAN_POINT('',(155.,-9.95,15.25));
#2416 = ORIENTED_EDGE('',*,*,#2417,.F.);
#2417 = EDGE_CURVE('',#2418,#2409,#2420,.T.);
#2418 = VERTEX_POINT('',#2419);
#2419 = CARTESIAN_POINT('',(155.,-8.2,15.25));
#2420 = LINE('',#2421,#2422);
#2421 = CARTESIAN_POINT('',(155.,-10.,15.25));
#2422 = VECTOR('',#2423,1.);
#2423 = DIRECTION('',(-0.,-1.,-0.));
#2424 = ORIENTED_EDGE('',*,*,#2425,.T.);
#2425 = EDGE_CURVE('',#2418,#2407,#2426,.T.);
#2426 = CIRCLE('',#2427,4.75);
#2427 = AXIS2_PLACEMENT_3D('',#2428,#2429,#2430);
#2428 = CARTESIAN_POINT('',(155.,-8.2,20.));
#2429 = DIRECTION('',(0.,-1.,-0.));
#2430 = DIRECTION('',(0.,0.,-1.));
#2431 = CYLINDRICAL_SURFACE('',#2432,4.75);
#2432 = AXIS2_PLACEMENT_3D('',#2433,#2434,#2435);
#2433 = CARTESIAN_POINT('',(155.,-10.,20.));
#2434 = DIRECTION('',(-0.,-1.,-0.));
#2435 = DIRECTION('',(0.,0.,-1.));
#2436 = ADVANCED_FACE('',(#2437),#2465,.F.);
#2437 = FACE_BOUND('',#2438,.F.);
#2438 = EDGE_LOOP('',(#2439,#2450,#2458));
#2439 = ORIENTED_EDGE('',*,*,#2440,.T.);
#2440 = EDGE_CURVE('',#2441,#2443,#2445,.T.);
#2441 = VERTEX_POINT('',#2442);
#2442 = CARTESIAN_POINT('',(158.50115348803,-4.2,16.789949493661));
#2443 = VERTEX_POINT('',#2444);
#2444 = CARTESIAN_POINT('',(155.,-5.739949493661,15.25));
#2445 = ( BOUNDED_CURVE() B_SPLINE_CURVE(3,(#2446,#2447,#2448,#2449),
.UNSPECIFIED.,.F.,.F.) B_SPLINE_CURVE_WITH_KNOTS((4,4),(5.454438644374,
6.28318530718),.PIECEWISE_BEZIER_KNOTS.) CURVE() 
GEOMETRIC_REPRESENTATION_ITEM() RATIONAL_B_SPLINE_CURVE((1.,
0.943579204838,0.943579204838,1.)) REPRESENTATION_ITEM('') );
#2446 = CARTESIAN_POINT('',(158.50115348803,-4.2,16.789949493661));
#2447 = CARTESIAN_POINT('',(157.58802123803,-5.195939520513,
    15.794009973148));
#2448 = CARTESIAN_POINT('',(156.35118689843,-5.739949493661,15.25));
#2449 = CARTESIAN_POINT('',(155.,-5.739949493661,15.25));
#2450 = ORIENTED_EDGE('',*,*,#2451,.F.);
#2451 = EDGE_CURVE('',#2452,#2443,#2454,.T.);
#2452 = VERTEX_POINT('',#2453);
#2453 = CARTESIAN_POINT('',(155.,-4.2,15.25));
#2454 = LINE('',#2455,#2456);
#2455 = CARTESIAN_POINT('',(155.,-10.,15.25));
#2456 = VECTOR('',#2457,1.);
#2457 = DIRECTION('',(-0.,-1.,-0.));
#2458 = ORIENTED_EDGE('',*,*,#2459,.T.);
#2459 = EDGE_CURVE('',#2452,#2441,#2460,.T.);
#2460 = CIRCLE('',#2461,4.75);
#2461 = AXIS2_PLACEMENT_3D('',#2462,#2463,#2464);
#2462 = CARTESIAN_POINT('',(155.,-4.2,20.));
#2463 = DIRECTION('',(0.,-1.,-0.));
#2464 = DIRECTION('',(0.,0.,-1.));
#2465 = CYLINDRICAL_SURFACE('',#2466,4.75);
#2466 = AXIS2_PLACEMENT_3D('',#2467,#2468,#2469);
#2467 = CARTESIAN_POINT('',(155.,-10.,20.));
#2468 = DIRECTION('',(-0.,-1.,-0.));
#2469 = DIRECTION('',(0.,0.,-1.));
#2470 = ADVANCED_FACE('',(#2471),#2497,.F.);
#2471 = FACE_BOUND('',#2472,.F.);
#2472 = EDGE_LOOP('',(#2473,#2481,#2482,#2490));
#2473 = ORIENTED_EDGE('',*,*,#2474,.T.);
#2474 = EDGE_CURVE('',#2475,#1936,#2477,.T.);
#2475 = VERTEX_POINT('',#2476);
#2476 = CARTESIAN_POINT('',(18.,20.,2.099999999843));
#2477 = LINE('',#2478,#2479);
#2478 = CARTESIAN_POINT('',(0.,20.,2.1));
#2479 = VECTOR('',#2480,1.);
#2480 = DIRECTION('',(-1.,0.,0.));
#2481 = ORIENTED_EDGE('',*,*,#1962,.F.);
#2482 = ORIENTED_EDGE('',*,*,#2483,.F.);
#2483 = EDGE_CURVE('',#2484,#1955,#2486,.T.);
#2484 = VERTEX_POINT('',#2485);
#2485 = CARTESIAN_POINT('',(18.,20.,-2.099999999843));
#2486 = LINE('',#2487,#2488);
#2487 = CARTESIAN_POINT('',(0.,20.,-2.1));
#2488 = VECTOR('',#2489,1.);
#2489 = DIRECTION('',(-1.,0.,0.));
#2490 = ORIENTED_EDGE('',*,*,#2491,.T.);
#2491 = EDGE_CURVE('',#2484,#2475,#2492,.T.);
#2492 = CIRCLE('',#2493,2.1);
#2493 = AXIS2_PLACEMENT_3D('',#2494,#2495,#2496);
#2494 = CARTESIAN_POINT('',(18.,20.,1.73E-15));
#2495 = DIRECTION('',(-1.,0.,0.));
#2496 = DIRECTION('',(0.,0.,1.));
#2497 = CYLINDRICAL_SURFACE('',#2498,2.1);
#2498 = AXIS2_PLACEMENT_3D('',#2499,#2500,#2501);
#2499 = CARTESIAN_POINT('',(0.,20.,1.73E-15));
#2500 = DIRECTION('',(-1.,0.,0.));
#2501 = DIRECTION('',(0.,0.,1.));
#2502 = ADVANCED_FACE('',(#2503),#2529,.F.);
#2503 = FACE_BOUND('',#2504,.F.);
#2504 = EDGE_LOOP('',(#2505,#2513,#2514,#2522));
#2505 = ORIENTED_EDGE('',*,*,#2506,.T.);
#2506 = EDGE_CURVE('',#2507,#1978,#2509,.T.);
#2507 = VERTEX_POINT('',#2508);
#2508 = CARTESIAN_POINT('',(18.,-2.E-15,22.099999999901));
#2509 = LINE('',#2510,#2511);
#2510 = CARTESIAN_POINT('',(0.,-1.73E-15,22.1));
#2511 = VECTOR('',#2512,1.);
#2512 = DIRECTION('',(-1.,-0.,-0.));
#2513 = ORIENTED_EDGE('',*,*,#2004,.F.);
#2514 = ORIENTED_EDGE('',*,*,#2515,.F.);
#2515 = EDGE_CURVE('',#2516,#1997,#2518,.T.);
#2516 = VERTEX_POINT('',#2517);
#2517 = CARTESIAN_POINT('',(18.,-1.E-15,17.900000000099));
#2518 = LINE('',#2519,#2520);
#2519 = CARTESIAN_POINT('',(0.,-1.48E-15,17.9));
#2520 = VECTOR('',#2521,1.);
#2521 = DIRECTION('',(-1.,-0.,-0.));
#2522 = ORIENTED_EDGE('',*,*,#2523,.T.);
#2523 = EDGE_CURVE('',#2516,#2507,#2524,.T.);
#2524 = CIRCLE('',#2525,2.1);
#2525 = AXIS2_PLACEMENT_3D('',#2526,#2527,#2528);
#2526 = CARTESIAN_POINT('',(18.,-1.73E-15,20.));
#2527 = DIRECTION('',(-1.,0.,-0.));
#2528 = DIRECTION('',(-0.,0.,1.));
#2529 = CYLINDRICAL_SURFACE('',#2530,2.1);
#2530 = AXIS2_PLACEMENT_3D('',#2531,#2532,#2533);
#2531 = CARTESIAN_POINT('',(0.,-1.73E-15,20.));
#2532 = DIRECTION('',(-1.,-0.,-0.));
#2533 = DIRECTION('',(-0.,0.,1.));
#2534 = ADVANCED_FACE('',(#2535),#2571,.T.);
#2535 = FACE_BOUND('',#2536,.T.);
#2536 = EDGE_LOOP('',(#2537,#2548,#2556,#2565));
#2537 = ORIENTED_EDGE('',*,*,#2538,.T.);
#2538 = EDGE_CURVE('',#2539,#2541,#2543,.T.);
#2539 = VERTEX_POINT('',#2540);
#2540 = CARTESIAN_POINT('',(131.62399595378,-8.541421356237,
    -3.341421356237));
#2541 = VERTEX_POINT('',#2542);
#2542 = CARTESIAN_POINT('',(131.56700659407,-8.4,-3.282842712475));
#2543 = B_SPLINE_CURVE_WITH_KNOTS('',3,(#2544,#2545,#2546,#2547),
  .UNSPECIFIED.,.F.,.F.,(4,4),(-1.68688956335E-04,1.3E-16),
  .PIECEWISE_BEZIER_KNOTS.);
#2544 = CARTESIAN_POINT('',(131.62399595378,-8.541421356237,
    -3.341421356237));
#2545 = CARTESIAN_POINT('',(131.59135827538,-8.508445887845,
    -3.308445887845));
#2546 = CARTESIAN_POINT('',(131.56700659407,-8.457194925216,
    -3.282842712475));
#2547 = CARTESIAN_POINT('',(131.56700659407,-8.4,-3.282842712475));
#2548 = ORIENTED_EDGE('',*,*,#2549,.T.);
#2549 = EDGE_CURVE('',#2541,#2550,#2552,.T.);
#2550 = VERTEX_POINT('',#2551);
#2551 = CARTESIAN_POINT('',(0.,-8.4,-3.282842712475));
#2552 = LINE('',#2553,#2554);
#2553 = CARTESIAN_POINT('',(290.,-8.4,-3.282842712475));
#2554 = VECTOR('',#2555,1.);
#2555 = DIRECTION('',(-1.,0.,0.));
#2556 = ORIENTED_EDGE('',*,*,#2557,.T.);
#2557 = EDGE_CURVE('',#2550,#2558,#2560,.T.);
#2558 = VERTEX_POINT('',#2559);
#2559 = CARTESIAN_POINT('',(-1.39E-13,-8.541421356237,-3.341421356237));
#2560 = CIRCLE('',#2561,0.2);
#2561 = AXIS2_PLACEMENT_3D('',#2562,#2563,#2564);
#2562 = CARTESIAN_POINT('',(0.,-8.4,-3.482842712475));
#2563 = DIRECTION('',(1.,0.,-0.));
#2564 = DIRECTION('',(0.,0.,1.));
#2565 = ORIENTED_EDGE('',*,*,#2566,.T.);
#2566 = EDGE_CURVE('',#2558,#2539,#2567,.T.);
#2567 = LINE('',#2568,#2569);
#2568 = CARTESIAN_POINT('',(290.,-8.541421356237,-3.341421356237));
#2569 = VECTOR('',#2570,1.);
#2570 = DIRECTION('',(1.,-0.,0.));
#2571 = CYLINDRICAL_SURFACE('',#2572,0.2);
#2572 = AXIS2_PLACEMENT_3D('',#2573,#2574,#2575);
#2573 = CARTESIAN_POINT('',(290.,-8.4,-3.482842712475));
#2574 = DIRECTION('',(-1.,0.,0.));
#2575 = DIRECTION('',(0.,0.,1.));
#2576 = ADVANCED_FACE('',(#2577),#2603,.F.);
#2577 = FACE_BOUND('',#2578,.F.);
#2578 = EDGE_LOOP('',(#2579,#2587,#2588,#2596));
#2579 = ORIENTED_EDGE('',*,*,#2580,.T.);
#2580 = EDGE_CURVE('',#2581,#2104,#2583,.T.);
#2581 = VERTEX_POINT('',#2582);
#2582 = CARTESIAN_POINT('',(271.93991393812,20.,17.999999999972));
#2583 = LINE('',#2584,#2585);
#2584 = CARTESIAN_POINT('',(271.99999999999,20.,17.900000000054));
#2585 = VECTOR('',#2586,1.);
#2586 = DIRECTION('',(0.51503807498,0.,-0.85716730066));
#2587 = ORIENTED_EDGE('',*,*,#2120,.F.);
#2588 = ORIENTED_EDGE('',*,*,#2589,.F.);
#2589 = EDGE_CURVE('',#2590,#2113,#2592,.T.);
#2590 = VERTEX_POINT('',#2591);
#2591 = CARTESIAN_POINT('',(271.93991393812,20.,22.000000000028));
#2592 = LINE('',#2593,#2594);
#2593 = CARTESIAN_POINT('',(271.99999999999,20.,22.099999999946));
#2594 = VECTOR('',#2595,1.);
#2595 = DIRECTION('',(0.51503807498,1.E-16,0.85716730066));
#2596 = ORIENTED_EDGE('',*,*,#2597,.T.);
#2597 = EDGE_CURVE('',#2590,#2581,#2598,.T.);
#2598 = CIRCLE('',#2599,2.000000000028);
#2599 = AXIS2_PLACEMENT_3D('',#2600,#2601,#2602);
#2600 = CARTESIAN_POINT('',(271.93991393812,20.,20.));
#2601 = DIRECTION('',(1.,0.,0.));
#2602 = DIRECTION('',(0.,0.,-1.));
#2603 = CONICAL_SURFACE('',#2604,2.099999999946,1.029744258595);
#2604 = AXIS2_PLACEMENT_3D('',#2605,#2606,#2607);
#2605 = CARTESIAN_POINT('',(271.99999999999,20.,20.));
#2606 = DIRECTION('',(1.,0.,0.));
#2607 = DIRECTION('',(0.,0.,-1.));
#2608 = ADVANCED_FACE('',(#2609),#2635,.F.);
#2609 = FACE_BOUND('',#2610,.F.);
#2610 = EDGE_LOOP('',(#2611,#2619,#2620,#2628));
#2611 = ORIENTED_EDGE('',*,*,#2612,.T.);
#2612 = EDGE_CURVE('',#2613,#2136,#2615,.T.);
#2613 = VERTEX_POINT('',#2614);
#2614 = CARTESIAN_POINT('',(271.93991393812,20.,-1.999999999953));
#2615 = LINE('',#2616,#2617);
#2616 = CARTESIAN_POINT('',(271.99999999993,20.,-2.099999999814));
#2617 = VECTOR('',#2618,1.);
#2618 = DIRECTION('',(0.515038074908,0.,-0.857167300703));
#2619 = ORIENTED_EDGE('',*,*,#2152,.F.);
#2620 = ORIENTED_EDGE('',*,*,#2621,.F.);
#2621 = EDGE_CURVE('',#2622,#2145,#2624,.T.);
#2622 = VERTEX_POINT('',#2623);
#2623 = CARTESIAN_POINT('',(271.93991393812,20.,1.999999999953));
#2624 = LINE('',#2625,#2626);
#2625 = CARTESIAN_POINT('',(271.99999999993,20.,2.099999999814));
#2626 = VECTOR('',#2627,1.);
#2627 = DIRECTION('',(0.515038074908,1.E-16,0.857167300703));
#2628 = ORIENTED_EDGE('',*,*,#2629,.T.);
#2629 = EDGE_CURVE('',#2622,#2613,#2630,.T.);
#2630 = CIRCLE('',#2631,1.999999999953);
#2631 = AXIS2_PLACEMENT_3D('',#2632,#2633,#2634);
#2632 = CARTESIAN_POINT('',(271.93991393812,20.,1.73E-15));
#2633 = DIRECTION('',(1.,0.,0.));
#2634 = DIRECTION('',(0.,0.,-1.));
#2635 = CONICAL_SURFACE('',#2636,2.099999999814,1.029744258679);
#2636 = AXIS2_PLACEMENT_3D('',#2637,#2638,#2639);
#2637 = CARTESIAN_POINT('',(271.99999999993,20.,1.73E-15));
#2638 = DIRECTION('',(1.,0.,0.));
#2639 = DIRECTION('',(0.,0.,-1.));
#2640 = ADVANCED_FACE('',(#2641),#2667,.F.);
#2641 = FACE_BOUND('',#2642,.F.);
#2642 = EDGE_LOOP('',(#2643,#2651,#2652,#2660));
#2643 = ORIENTED_EDGE('',*,*,#2644,.T.);
#2644 = EDGE_CURVE('',#2645,#2168,#2647,.T.);
#2645 = VERTEX_POINT('',#2646);
#2646 = CARTESIAN_POINT('',(271.93991393812,-1.E-15,17.999999999972));
#2647 = LINE('',#2648,#2649);
#2648 = CARTESIAN_POINT('',(271.99999999999,-1.73E-15,17.900000000054));
#2649 = VECTOR('',#2650,1.);
#2650 = DIRECTION('',(0.51503807498,0.,-0.85716730066));
#2651 = ORIENTED_EDGE('',*,*,#2184,.F.);
#2652 = ORIENTED_EDGE('',*,*,#2653,.F.);
#2653 = EDGE_CURVE('',#2654,#2177,#2656,.T.);
#2654 = VERTEX_POINT('',#2655);
#2655 = CARTESIAN_POINT('',(271.93991393812,-2.E-15,22.000000000028));
#2656 = LINE('',#2657,#2658);
#2657 = CARTESIAN_POINT('',(271.99999999999,-1.48E-15,22.099999999946));
#2658 = VECTOR('',#2659,1.);
#2659 = DIRECTION('',(0.51503807498,1.E-16,0.85716730066));
#2660 = ORIENTED_EDGE('',*,*,#2661,.T.);
#2661 = EDGE_CURVE('',#2654,#2645,#2662,.T.);
#2662 = CIRCLE('',#2663,2.000000000028);
#2663 = AXIS2_PLACEMENT_3D('',#2664,#2665,#2666);
#2664 = CARTESIAN_POINT('',(271.93991393812,-1.73E-15,20.));
#2665 = DIRECTION('',(1.,0.,0.));
#2666 = DIRECTION('',(0.,0.,-1.));
#2667 = CONICAL_SURFACE('',#2668,2.099999999946,1.029744258595);
#2668 = AXIS2_PLACEMENT_3D('',#2669,#2670,#2671);
#2669 = CARTESIAN_POINT('',(271.99999999999,-1.73E-15,20.));
#2670 = DIRECTION('',(1.,0.,0.));
#2671 = DIRECTION('',(0.,0.,-1.));
#2672 = ADVANCED_FACE('',(#2673),#2699,.F.);
#2673 = FACE_BOUND('',#2674,.F.);
#2674 = EDGE_LOOP('',(#2675,#2683,#2684,#2692));
#2675 = ORIENTED_EDGE('',*,*,#2676,.T.);
#2676 = EDGE_CURVE('',#2677,#2200,#2679,.T.);
#2677 = VERTEX_POINT('',#2678);
#2678 = CARTESIAN_POINT('',(271.93991393812,0.,-1.999999999953));
#2679 = LINE('',#2680,#2681);
#2680 = CARTESIAN_POINT('',(271.99999999993,0.,-2.099999999814));
#2681 = VECTOR('',#2682,1.);
#2682 = DIRECTION('',(0.515038074908,0.,-0.857167300703));
#2683 = ORIENTED_EDGE('',*,*,#2216,.F.);
#2684 = ORIENTED_EDGE('',*,*,#2685,.F.);
#2685 = EDGE_CURVE('',#2686,#2209,#2688,.T.);
#2686 = VERTEX_POINT('',#2687);
#2687 = CARTESIAN_POINT('',(271.93991393812,0.,1.999999999953));
#2688 = LINE('',#2689,#2690);
#2689 = CARTESIAN_POINT('',(271.99999999993,2.6E-16,2.099999999814));
#2690 = VECTOR('',#2691,1.);
#2691 = DIRECTION('',(0.515038074908,1.E-16,0.857167300703));
#2692 = ORIENTED_EDGE('',*,*,#2693,.T.);
#2693 = EDGE_CURVE('',#2686,#2677,#2694,.T.);
#2694 = CIRCLE('',#2695,1.999999999953);
#2695 = AXIS2_PLACEMENT_3D('',#2696,#2697,#2698);
#2696 = CARTESIAN_POINT('',(271.93991393812,0.,0.));
#2697 = DIRECTION('',(1.,0.,0.));
#2698 = DIRECTION('',(0.,0.,-1.));
#2699 = CONICAL_SURFACE('',#2700,2.099999999814,1.029744258679);
#2700 = AXIS2_PLACEMENT_3D('',#2701,#2702,#2703);
#2701 = CARTESIAN_POINT('',(271.99999999993,0.,0.));
#2702 = DIRECTION('',(1.,0.,0.));
#2703 = DIRECTION('',(0.,0.,-1.));
#2704 = ADVANCED_FACE('',(#2705),#2731,.F.);
#2705 = FACE_BOUND('',#2706,.F.);
#2706 = EDGE_LOOP('',(#2707,#2715,#2724,#2730));
#2707 = ORIENTED_EDGE('',*,*,#2708,.T.);
#2708 = EDGE_CURVE('',#1082,#2709,#2711,.T.);
#2709 = VERTEX_POINT('',#2710);
#2710 = CARTESIAN_POINT('',(18.060086061903,20.,22.));
#2711 = LINE('',#2712,#2713);
#2712 = CARTESIAN_POINT('',(290.,20.,22.));
#2713 = VECTOR('',#2714,1.);
#2714 = DIRECTION('',(-1.,0.,0.));
#2715 = ORIENTED_EDGE('',*,*,#2716,.T.);
#2716 = EDGE_CURVE('',#2709,#2717,#2719,.T.);
#2717 = VERTEX_POINT('',#2718);
#2718 = CARTESIAN_POINT('',(18.060086061903,20.,18.));
#2719 = CIRCLE('',#2720,2.);
#2720 = AXIS2_PLACEMENT_3D('',#2721,#2722,#2723);
#2721 = CARTESIAN_POINT('',(18.060086061903,20.,20.));
#2722 = DIRECTION('',(1.,0.,-0.));
#2723 = DIRECTION('',(0.,0.,1.));
#2724 = ORIENTED_EDGE('',*,*,#2725,.F.);
#2725 = EDGE_CURVE('',#1080,#2717,#2726,.T.);
#2726 = LINE('',#2727,#2728);
#2727 = CARTESIAN_POINT('',(290.,20.,18.));
#2728 = VECTOR('',#2729,1.);
#2729 = DIRECTION('',(-1.,0.,0.));
#2730 = ORIENTED_EDGE('',*,*,#1118,.F.);
#2731 = CYLINDRICAL_SURFACE('',#2732,2.);
#2732 = AXIS2_PLACEMENT_3D('',#2733,#2734,#2735);
#2733 = CARTESIAN_POINT('',(290.,20.,20.));
#2734 = DIRECTION('',(-1.,0.,0.));
#2735 = DIRECTION('',(0.,0.,1.));
#2736 = ADVANCED_FACE('',(#2737),#2791,.F.);
#2737 = FACE_BOUND('',#2738,.F.);
#2738 = EDGE_LOOP('',(#2739,#2747,#2784,#2790));
#2739 = ORIENTED_EDGE('',*,*,#2740,.T.);
#2740 = EDGE_CURVE('',#665,#2741,#2743,.T.);
#2741 = VERTEX_POINT('',#2742);
#2742 = CARTESIAN_POINT('',(147.65,20.,22.));
#2743 = LINE('',#2744,#2745);
#2744 = CARTESIAN_POINT('',(290.,20.,22.));
#2745 = VECTOR('',#2746,1.);
#2746 = DIRECTION('',(-1.,0.,0.));
#2747 = ORIENTED_EDGE('',*,*,#2748,.F.);
#2748 = EDGE_CURVE('',#2749,#2741,#2751,.T.);
#2749 = VERTEX_POINT('',#2750);
#2750 = CARTESIAN_POINT('',(147.65,20.,17.999999999999));
#2751 = B_SPLINE_CURVE_WITH_KNOTS('',3,(#2752,#2753,#2754,#2755,#2756,
    #2757,#2758,#2759,#2760,#2761,#2762,#2763,#2764,#2765,#2766,#2767,
    #2768,#2769,#2770,#2771,#2772,#2773,#2774,#2775,#2776,#2777,#2778,
    #2779,#2780,#2781,#2782,#2783),.UNSPECIFIED.,.F.,.F.,(4,2,2,2,2,2,2,
    2,2,2,2,2,2,2,2,4),(6.556234740081E-03,6.965149976515E-03,
    7.374065212949E-03,8.191895685818E-03,8.600810922253E-03,
    9.009726158687E-03,9.418641395121E-03,9.827556631556E-03,
    1.023647186799E-02,1.064538710442E-02,1.105430234086E-02,
    1.146321757729E-02,1.187213281373E-02,1.228104805016E-02,
    1.26899632866E-02,1.309887852303E-02),.UNSPECIFIED.);
#2752 = CARTESIAN_POINT('',(147.65,20.,17.999999999999));
#2753 = CARTESIAN_POINT('',(147.65,19.863055368806,18.));
#2754 = CARTESIAN_POINT('',(147.63901629397,19.724210724502,
    18.01449170712));
#2755 = CARTESIAN_POINT('',(147.59771889226,19.459330709993,
    18.069720324819));
#2756 = CARTESIAN_POINT('',(147.56698095503,19.32972041344,
    18.111036321814));
#2757 = CARTESIAN_POINT('',(147.45303670472,18.965700857565,
    18.267932076788));
#2758 = CARTESIAN_POINT('',(147.34730481228,18.7525630258,
    18.416800235526));
#2759 = CARTESIAN_POINT('',(147.17939933694,18.488848699924,
    18.683916084367));
#2760 = CARTESIAN_POINT('',(147.12108049684,18.408924622682,
    18.781749758734));
#2761 = CARTESIAN_POINT('',(147.0089474203,18.269499034137,
    18.989544204925));
#2762 = CARTESIAN_POINT('',(146.95496877491,18.209627343461,
    19.099495232531));
#2763 = CARTESIAN_POINT('',(146.85836485398,18.109545761025,
    19.33477383105));
#2764 = CARTESIAN_POINT('',(146.81539461852,18.069072874828,
    19.461962540691));
#2765 = CARTESIAN_POINT('',(146.75559650089,18.01454838646,
    19.724417415942));
#2766 = CARTESIAN_POINT('',(146.73849680039,17.999967780902,
    19.863012363126));
#2767 = CARTESIAN_POINT('',(146.73857105658,18.000032329355,
    20.137926815596));
#2768 = CARTESIAN_POINT('',(146.7554027974,18.014371088556,
    20.274764912017));
#2769 = CARTESIAN_POINT('',(146.81563642774,18.069294036532,
    20.539066242188));
#2770 = CARTESIAN_POINT('',(146.85763685361,18.108814593597,
    20.663323988908));
#2771 = CARTESIAN_POINT('',(146.95485861828,18.209490378741,
    20.900364510536));
#2772 = CARTESIAN_POINT('',(147.00995239847,18.270676275271,
    21.012420881552));
#2773 = CARTESIAN_POINT('',(147.12177483072,18.409861403281,
    21.219432585074));
#2774 = CARTESIAN_POINT('',(147.1790922259,18.488369016911,
    21.315594147821));
#2775 = CARTESIAN_POINT('',(147.29160447929,18.665076755586,
    21.494588947617));
#2776 = CARTESIAN_POINT('',(147.34620152608,18.762572213504,
    21.576351392647));
#2777 = CARTESIAN_POINT('',(147.44513012668,18.971784170823,
    21.72014053162));
#2778 = CARTESIAN_POINT('',(147.49000266659,19.084203199603,
    21.782954189343));
#2779 = CARTESIAN_POINT('',(147.56650246141,19.327793056555,
    21.888318629389));
#2780 = CARTESIAN_POINT('',(147.59718009572,19.456674838897,
    21.929555972286));
#2781 = CARTESIAN_POINT('',(147.63881062607,19.722105847404,
    21.985236338783));
#2782 = CARTESIAN_POINT('',(147.65,19.861434826855,22.));
#2783 = CARTESIAN_POINT('',(147.65,20.,22.));
#2784 = ORIENTED_EDGE('',*,*,#2785,.F.);
#2785 = EDGE_CURVE('',#663,#2749,#2786,.T.);
#2786 = LINE('',#2787,#2788);
#2787 = CARTESIAN_POINT('',(290.,20.,18.));
#2788 = VECTOR('',#2789,1.);
#2789 = DIRECTION('',(-1.,0.,0.));
#2790 = ORIENTED_EDGE('',*,*,#699,.F.);
#2791 = CYLINDRICAL_SURFACE('',#2792,2.);
#2792 = AXIS2_PLACEMENT_3D('',#2793,#2794,#2795);
#2793 = CARTESIAN_POINT('',(290.,20.,20.));
#2794 = DIRECTION('',(-1.,0.,0.));
#2795 = DIRECTION('',(0.,0.,1.));
#2796 = ADVANCED_FACE('',(#2797),#2849,.F.);
#2797 = FACE_BOUND('',#2798,.F.);
#2798 = EDGE_LOOP('',(#2799,#2807,#2842,#2848));
#2799 = ORIENTED_EDGE('',*,*,#2800,.T.);
#2800 = EDGE_CURVE('',#2590,#2801,#2803,.T.);
#2801 = VERTEX_POINT('',#2802);
#2802 = CARTESIAN_POINT('',(156.73853386507,20.,22.));
#2803 = LINE('',#2804,#2805);
#2804 = CARTESIAN_POINT('',(290.,20.,22.));
#2805 = VECTOR('',#2806,1.);
#2806 = DIRECTION('',(-1.,0.,0.));
#2807 = ORIENTED_EDGE('',*,*,#2808,.F.);
#2808 = EDGE_CURVE('',#2809,#2801,#2811,.T.);
#2809 = VERTEX_POINT('',#2810);
#2810 = CARTESIAN_POINT('',(156.73853386507,20.,18.));
#2811 = B_SPLINE_CURVE_WITH_KNOTS('',3,(#2812,#2813,#2814,#2815,#2816,
    #2817,#2818,#2819,#2820,#2821,#2822,#2823,#2824,#2825,#2826,#2827,
    #2828,#2829,#2830,#2831,#2832,#2833,#2834,#2835,#2836,#2837,#2838,
    #2839,#2840,#2841),.UNSPECIFIED.,.F.,.F.,(4,2,2,2,2,2,2,2,2,2,2,2,2,
    2,4),(6.547647685313E-03,6.956150681367E-03,7.364653677422E-03,
    8.181659669531E-03,8.590162665586E-03,8.99866566164E-03,
    9.407168657695E-03,9.81567165375E-03,1.02241746498E-02,
    1.063267764586E-02,1.104118064191E-02,1.144968363797E-02,
    1.226668963008E-02,1.267519262613E-02,1.308369562219E-02),
  .UNSPECIFIED.);
#2812 = CARTESIAN_POINT('',(156.73853386507,20.,18.));
#2813 = CARTESIAN_POINT('',(156.73853386507,19.862641894766,18.));
#2814 = CARTESIAN_POINT('',(156.75561388696,19.724300683101,
    18.014563396665));
#2815 = CARTESIAN_POINT('',(156.81543749922,19.461814802494,
    18.069112817281));
#2816 = CARTESIAN_POINT('',(156.85829073474,19.33496542341,
    18.109470953725));
#2817 = CARTESIAN_POINT('',(157.00330992414,18.981738351333,
    18.259704776098));
#2818 = CARTESIAN_POINT('',(157.12390673689,18.772162277493,
    18.401612274056));
#2819 = CARTESIAN_POINT('',(157.29153456143,18.505541215793,
    18.665009310474));
#2820 = CARTESIAN_POINT('',(157.34634386568,18.42342410333,
    18.762746866353));
#2821 = CARTESIAN_POINT('',(157.44604132395,18.278552881908,
    18.973838855591));
#2822 = CARTESIAN_POINT('',(157.49086475882,18.21584796744,
    19.086646472164));
#2823 = CARTESIAN_POINT('',(157.56677850788,18.111311794643,
    19.328978387053));
#2824 = CARTESIAN_POINT('',(157.59752832195,18.069977150007,
    19.458609964886));
#2825 = CARTESIAN_POINT('',(157.63873527852,18.014865574256,
    19.721912453818));
#2826 = CARTESIAN_POINT('',(157.64981827084,18.000240791279,
    19.858168812172));
#2827 = CARTESIAN_POINT('',(157.65017727115,17.999765115571,
    20.134956977665));
#2828 = CARTESIAN_POINT('',(157.63958373944,18.013738742837,
    20.270610271324));
#2829 = CARTESIAN_POINT('',(157.59855739892,18.068593253694,
    20.536778987084));
#2830 = CARTESIAN_POINT('',(157.56792635798,18.109756705406,
    20.666610822463));
#2831 = CARTESIAN_POINT('',(157.49244562489,18.213646416351,
    20.90902726888));
#2832 = CARTESIAN_POINT('',(157.44681739998,18.277451909826,
    21.024325033964));
#2833 = CARTESIAN_POINT('',(157.34714963102,18.422226909679,
    21.235736935447));
#2834 = CARTESIAN_POINT('',(157.29307060595,18.503164304792,
    21.332428128368));
#2835 = CARTESIAN_POINT('',(157.12405107132,18.771802079546,
    21.598454607128));
#2836 = CARTESIAN_POINT('',(157.00502186738,18.977866226241,
    21.738468364349));
#2837 = CARTESIAN_POINT('',(156.85815837031,19.335140074999,
    21.890692652562));
#2838 = CARTESIAN_POINT('',(156.81606078711,19.459614891105,
    21.9303076173));
#2839 = CARTESIAN_POINT('',(156.75578181028,19.72303601543,
    21.985294566198));
#2840 = CARTESIAN_POINT('',(156.73853386507,19.860960755148,22.));
#2841 = CARTESIAN_POINT('',(156.73853386507,20.,22.));
#2842 = ORIENTED_EDGE('',*,*,#2843,.F.);
#2843 = EDGE_CURVE('',#2581,#2809,#2844,.T.);
#2844 = LINE('',#2845,#2846);
#2845 = CARTESIAN_POINT('',(290.,20.,18.));
#2846 = VECTOR('',#2847,1.);
#2847 = DIRECTION('',(-1.,0.,0.));
#2848 = ORIENTED_EDGE('',*,*,#2597,.F.);
#2849 = CYLINDRICAL_SURFACE('',#2850,2.);
#2850 = AXIS2_PLACEMENT_3D('',#2851,#2852,#2853);
#2851 = CARTESIAN_POINT('',(290.,20.,20.));
#2852 = DIRECTION('',(-1.,0.,0.));
#2853 = DIRECTION('',(0.,0.,1.));
#2854 = ADVANCED_FACE('',(#2855),#2907,.F.);
#2855 = FACE_BOUND('',#2856,.F.);
#2856 = EDGE_LOOP('',(#2857,#2865,#2900,#2906));
#2857 = ORIENTED_EDGE('',*,*,#2858,.T.);
#2858 = EDGE_CURVE('',#876,#2859,#2861,.T.);
#2859 = VERTEX_POINT('',#2860);
#2860 = CARTESIAN_POINT('',(136.73853386507,20.,2.));
#2861 = LINE('',#2862,#2863);
#2862 = CARTESIAN_POINT('',(290.,20.,2.));
#2863 = VECTOR('',#2864,1.);
#2864 = DIRECTION('',(-1.,0.,0.));
#2865 = ORIENTED_EDGE('',*,*,#2866,.F.);
#2866 = EDGE_CURVE('',#2867,#2859,#2869,.T.);
#2867 = VERTEX_POINT('',#2868);
#2868 = CARTESIAN_POINT('',(136.73853386507,20.,-2.));
#2869 = B_SPLINE_CURVE_WITH_KNOTS('',3,(#2870,#2871,#2872,#2873,#2874,
    #2875,#2876,#2877,#2878,#2879,#2880,#2881,#2882,#2883,#2884,#2885,
    #2886,#2887,#2888,#2889,#2890,#2891,#2892,#2893,#2894,#2895,#2896,
    #2897,#2898,#2899),.UNSPECIFIED.,.F.,.F.,(4,2,2,2,2,2,2,2,2,2,2,2,2,
    2,4),(6.547647685313E-03,6.956150681367E-03,7.364653677422E-03,
    8.181659669531E-03,8.590162665586E-03,8.99866566164E-03,
    9.407168657695E-03,9.81567165375E-03,1.02241746498E-02,
    1.063267764586E-02,1.104118064191E-02,1.144968363797E-02,
    1.226668963008E-02,1.267519262613E-02,1.308369562219E-02),
  .UNSPECIFIED.);
#2870 = CARTESIAN_POINT('',(136.73853386507,20.,-2.));
#2871 = CARTESIAN_POINT('',(136.73853386507,19.862641894766,-2.));
#2872 = CARTESIAN_POINT('',(136.75561388696,19.724300683101,
    -1.985436603335));
#2873 = CARTESIAN_POINT('',(136.81543749922,19.461814802494,
    -1.930887182719));
#2874 = CARTESIAN_POINT('',(136.85829073474,19.33496542341,
    -1.890529046275));
#2875 = CARTESIAN_POINT('',(137.00330992414,18.981738351333,
    -1.740295223902));
#2876 = CARTESIAN_POINT('',(137.12390673689,18.772162277493,
    -1.598387725944));
#2877 = CARTESIAN_POINT('',(137.29153456143,18.505541215793,
    -1.334990689526));
#2878 = CARTESIAN_POINT('',(137.34634386568,18.42342410333,
    -1.237253133647));
#2879 = CARTESIAN_POINT('',(137.44604132395,18.278552881908,
    -1.026161144409));
#2880 = CARTESIAN_POINT('',(137.49086475882,18.21584796744,
    -0.913353527836));
#2881 = CARTESIAN_POINT('',(137.56677850788,18.111311794643,
    -0.671021612947));
#2882 = CARTESIAN_POINT('',(137.59752832195,18.069977150007,
    -0.541390035114));
#2883 = CARTESIAN_POINT('',(137.63873527852,18.014865574256,
    -0.278087546182));
#2884 = CARTESIAN_POINT('',(137.64981827084,18.000240791279,
    -0.141831187828));
#2885 = CARTESIAN_POINT('',(137.65017727115,17.999765115571,
    0.134956977665));
#2886 = CARTESIAN_POINT('',(137.63958373944,18.013738742837,
    0.270610271324));
#2887 = CARTESIAN_POINT('',(137.59855739892,18.068593253694,
    0.536778987084));
#2888 = CARTESIAN_POINT('',(137.56792635798,18.109756705406,
    0.666610822463));
#2889 = CARTESIAN_POINT('',(137.49244562489,18.213646416351,
    0.90902726888));
#2890 = CARTESIAN_POINT('',(137.44681739998,18.277451909826,
    1.024325033964));
#2891 = CARTESIAN_POINT('',(137.34714963102,18.422226909679,
    1.235736935447));
#2892 = CARTESIAN_POINT('',(137.29307060595,18.503164304792,
    1.332428128368));
#2893 = CARTESIAN_POINT('',(137.12405107132,18.771802079546,
    1.598454607128));
#2894 = CARTESIAN_POINT('',(137.00502186738,18.977866226241,
    1.738468364349));
#2895 = CARTESIAN_POINT('',(136.85815837031,19.335140074999,
    1.890692652562));
#2896 = CARTESIAN_POINT('',(136.81606078711,19.459614891105,1.9303076173
    ));
#2897 = CARTESIAN_POINT('',(136.75578181028,19.72303601543,
    1.985294566198));
#2898 = CARTESIAN_POINT('',(136.73853386507,19.860960755148,2.));
#2899 = CARTESIAN_POINT('',(136.73853386507,20.,2.));
#2900 = ORIENTED_EDGE('',*,*,#2901,.F.);
#2901 = EDGE_CURVE('',#874,#2867,#2902,.T.);
#2902 = LINE('',#2903,#2904);
#2903 = CARTESIAN_POINT('',(290.,20.,-2.));
#2904 = VECTOR('',#2905,1.);
#2905 = DIRECTION('',(-1.,0.,0.));
#2906 = ORIENTED_EDGE('',*,*,#912,.F.);
#2907 = CYLINDRICAL_SURFACE('',#2908,2.);
#2908 = AXIS2_PLACEMENT_3D('',#2909,#2910,#2911);
#2909 = CARTESIAN_POINT('',(290.,20.,1.73E-15));
#2910 = DIRECTION('',(-1.,0.,0.));
#2911 = DIRECTION('',(0.,0.,1.));
#2912 = ADVANCED_FACE('',(#2913),#2939,.F.);
#2913 = FACE_BOUND('',#2914,.F.);
#2914 = EDGE_LOOP('',(#2915,#2923,#2932,#2938));
#2915 = ORIENTED_EDGE('',*,*,#2916,.T.);
#2916 = EDGE_CURVE('',#192,#2917,#2919,.T.);
#2917 = VERTEX_POINT('',#2918);
#2918 = CARTESIAN_POINT('',(18.060086061903,20.,2.));
#2919 = LINE('',#2920,#2921);
#2920 = CARTESIAN_POINT('',(290.,20.,2.));
#2921 = VECTOR('',#2922,1.);
#2922 = DIRECTION('',(-1.,0.,0.));
#2923 = ORIENTED_EDGE('',*,*,#2924,.T.);
#2924 = EDGE_CURVE('',#2917,#2925,#2927,.T.);
#2925 = VERTEX_POINT('',#2926);
#2926 = CARTESIAN_POINT('',(18.060086061903,20.,-2.));
#2927 = CIRCLE('',#2928,2.);
#2928 = AXIS2_PLACEMENT_3D('',#2929,#2930,#2931);
#2929 = CARTESIAN_POINT('',(18.060086061903,20.,1.73E-15));
#2930 = DIRECTION('',(1.,0.,-0.));
#2931 = DIRECTION('',(0.,0.,1.));
#2932 = ORIENTED_EDGE('',*,*,#2933,.F.);
#2933 = EDGE_CURVE('',#190,#2925,#2934,.T.);
#2934 = LINE('',#2935,#2936);
#2935 = CARTESIAN_POINT('',(290.,20.,-2.));
#2936 = VECTOR('',#2937,1.);
#2937 = DIRECTION('',(-1.,0.,0.));
#2938 = ORIENTED_EDGE('',*,*,#226,.F.);
#2939 = CYLINDRICAL_SURFACE('',#2940,2.);
#2940 = AXIS2_PLACEMENT_3D('',#2941,#2942,#2943);
#2941 = CARTESIAN_POINT('',(290.,20.,1.73E-15));
#2942 = DIRECTION('',(-1.,0.,0.));
#2943 = DIRECTION('',(0.,0.,1.));
#2944 = ADVANCED_FACE('',(#2945),#2999,.F.);
#2945 = FACE_BOUND('',#2946,.F.);
#2946 = EDGE_LOOP('',(#2947,#2955,#2992,#2998));
#2947 = ORIENTED_EDGE('',*,*,#2948,.T.);
#2948 = EDGE_CURVE('',#2622,#2949,#2951,.T.);
#2949 = VERTEX_POINT('',#2950);
#2950 = CARTESIAN_POINT('',(147.65,20.,2.));
#2951 = LINE('',#2952,#2953);
#2952 = CARTESIAN_POINT('',(290.,20.,2.));
#2953 = VECTOR('',#2954,1.);
#2954 = DIRECTION('',(-1.,0.,0.));
#2955 = ORIENTED_EDGE('',*,*,#2956,.F.);
#2956 = EDGE_CURVE('',#2957,#2949,#2959,.T.);
#2957 = VERTEX_POINT('',#2958);
#2958 = CARTESIAN_POINT('',(147.65,20.,-2.000000000001));
#2959 = B_SPLINE_CURVE_WITH_KNOTS('',3,(#2960,#2961,#2962,#2963,#2964,
    #2965,#2966,#2967,#2968,#2969,#2970,#2971,#2972,#2973,#2974,#2975,
    #2976,#2977,#2978,#2979,#2980,#2981,#2982,#2983,#2984,#2985,#2986,
    #2987,#2988,#2989,#2990,#2991),.UNSPECIFIED.,.F.,.F.,(4,2,2,2,2,2,2,
    2,2,2,2,2,2,2,2,4),(6.556234740081E-03,6.965149976515E-03,
    7.374065212949E-03,8.191895685818E-03,8.600810922253E-03,
    9.009726158687E-03,9.418641395121E-03,9.827556631556E-03,
    1.023647186799E-02,1.064538710442E-02,1.105430234086E-02,
    1.146321757729E-02,1.187213281373E-02,1.228104805016E-02,
    1.26899632866E-02,1.309887852303E-02),.UNSPECIFIED.);
#2960 = CARTESIAN_POINT('',(147.65,20.,-2.000000000001));
#2961 = CARTESIAN_POINT('',(147.65,19.863055368806,-2.));
#2962 = CARTESIAN_POINT('',(147.63901629397,19.724210724502,
    -1.98550829288));
#2963 = CARTESIAN_POINT('',(147.59771889226,19.459330709993,
    -1.930279675181));
#2964 = CARTESIAN_POINT('',(147.56698095503,19.32972041344,
    -1.888963678186));
#2965 = CARTESIAN_POINT('',(147.45303670472,18.965700857565,
    -1.732067923212));
#2966 = CARTESIAN_POINT('',(147.34730481228,18.7525630258,
    -1.583199764474));
#2967 = CARTESIAN_POINT('',(147.17939933694,18.488848699924,
    -1.316083915633));
#2968 = CARTESIAN_POINT('',(147.12108049684,18.408924622682,
    -1.218250241266));
#2969 = CARTESIAN_POINT('',(147.0089474203,18.269499034137,
    -1.010455795075));
#2970 = CARTESIAN_POINT('',(146.95496877491,18.209627343461,
    -0.900504767469));
#2971 = CARTESIAN_POINT('',(146.85836485398,18.109545761025,
    -0.66522616895));
#2972 = CARTESIAN_POINT('',(146.81539461852,18.069072874828,
    -0.538037459309));
#2973 = CARTESIAN_POINT('',(146.75559650089,18.01454838646,
    -0.275582584058));
#2974 = CARTESIAN_POINT('',(146.73849680039,17.999967780902,
    -0.136987636874));
#2975 = CARTESIAN_POINT('',(146.73857105658,18.000032329355,
    0.137926815596));
#2976 = CARTESIAN_POINT('',(146.7554027974,18.014371088556,
    0.274764912017));
#2977 = CARTESIAN_POINT('',(146.81563642774,18.069294036532,
    0.539066242188));
#2978 = CARTESIAN_POINT('',(146.85763685361,18.108814593597,
    0.663323988908));
#2979 = CARTESIAN_POINT('',(146.95485861828,18.209490378741,
    0.900364510536));
#2980 = CARTESIAN_POINT('',(147.00995239847,18.270676275271,
    1.012420881552));
#2981 = CARTESIAN_POINT('',(147.12177483072,18.409861403281,
    1.219432585074));
#2982 = CARTESIAN_POINT('',(147.1790922259,18.488369016911,
    1.315594147821));
#2983 = CARTESIAN_POINT('',(147.29160447929,18.665076755586,
    1.494588947617));
#2984 = CARTESIAN_POINT('',(147.34620152608,18.762572213504,
    1.576351392647));
#2985 = CARTESIAN_POINT('',(147.44513012668,18.971784170823,
    1.72014053162));
#2986 = CARTESIAN_POINT('',(147.49000266659,19.084203199603,
    1.782954189343));
#2987 = CARTESIAN_POINT('',(147.56650246141,19.327793056555,
    1.888318629389));
#2988 = CARTESIAN_POINT('',(147.59718009572,19.456674838897,
    1.929555972286));
#2989 = CARTESIAN_POINT('',(147.63881062607,19.722105847404,
    1.985236338783));
#2990 = CARTESIAN_POINT('',(147.65,19.861434826855,2.));
#2991 = CARTESIAN_POINT('',(147.65,20.,2.));
#2992 = ORIENTED_EDGE('',*,*,#2993,.F.);
#2993 = EDGE_CURVE('',#2613,#2957,#2994,.T.);
#2994 = LINE('',#2995,#2996);
#2995 = CARTESIAN_POINT('',(290.,20.,-2.));
#2996 = VECTOR('',#2997,1.);
#2997 = DIRECTION('',(-1.,0.,0.));
#2998 = ORIENTED_EDGE('',*,*,#2629,.F.);
#2999 = CYLINDRICAL_SURFACE('',#3000,2.);
#3000 = AXIS2_PLACEMENT_3D('',#3001,#3002,#3003);
#3001 = CARTESIAN_POINT('',(290.,20.,1.73E-15));
#3002 = DIRECTION('',(-1.,0.,0.));
#3003 = DIRECTION('',(0.,0.,1.));
#3004 = ADVANCED_FACE('',(#3005),#3059,.F.);
#3005 = FACE_BOUND('',#3006,.F.);
#3006 = EDGE_LOOP('',(#3007,#3015,#3052,#3058));
#3007 = ORIENTED_EDGE('',*,*,#3008,.T.);
#3008 = EDGE_CURVE('',#2686,#3009,#3011,.T.);
#3009 = VERTEX_POINT('',#3010);
#3010 = CARTESIAN_POINT('',(147.65,-2.E-15,2.));
#3011 = LINE('',#3012,#3013);
#3012 = CARTESIAN_POINT('',(290.,0.,2.));
#3013 = VECTOR('',#3014,1.);
#3014 = DIRECTION('',(-1.,-0.,-0.));
#3015 = ORIENTED_EDGE('',*,*,#3016,.F.);
#3016 = EDGE_CURVE('',#3017,#3009,#3019,.T.);
#3017 = VERTEX_POINT('',#3018);
#3018 = CARTESIAN_POINT('',(147.65,-1.57E-13,-2.000000000001));
#3019 = B_SPLINE_CURVE_WITH_KNOTS('',3,(#3020,#3021,#3022,#3023,#3024,
    #3025,#3026,#3027,#3028,#3029,#3030,#3031,#3032,#3033,#3034,#3035,
    #3036,#3037,#3038,#3039,#3040,#3041,#3042,#3043,#3044,#3045,#3046,
    #3047,#3048,#3049,#3050,#3051),.UNSPECIFIED.,.F.,.F.,(4,2,2,2,2,2,2,
    2,2,2,2,2,2,2,2,4),(6.556234740081E-03,6.965149976515E-03,
    7.374065212949E-03,8.191895685818E-03,8.600810922253E-03,
    9.009726158687E-03,9.418641395121E-03,9.827556631556E-03,
    1.023647186799E-02,1.064538710442E-02,1.105430234086E-02,
    1.146321757729E-02,1.187213281373E-02,1.228104805016E-02,
    1.26899632866E-02,1.309887852303E-02),.UNSPECIFIED.);
#3020 = CARTESIAN_POINT('',(147.65,-1.5722E-13,-2.000000000001));
#3021 = CARTESIAN_POINT('',(147.65,-0.136944631194,-2.));
#3022 = CARTESIAN_POINT('',(147.63901629397,-0.275789275498,
    -1.98550829288));
#3023 = CARTESIAN_POINT('',(147.59771889226,-0.540669290007,
    -1.930279675181));
#3024 = CARTESIAN_POINT('',(147.56698095503,-0.67027958656,
    -1.888963678186));
#3025 = CARTESIAN_POINT('',(147.45303670472,-1.034299142435,
    -1.732067923212));
#3026 = CARTESIAN_POINT('',(147.34730481228,-1.2474369742,
    -1.583199764474));
#3027 = CARTESIAN_POINT('',(147.17939933694,-1.511151300076,
    -1.316083915633));
#3028 = CARTESIAN_POINT('',(147.12108049684,-1.591075377318,
    -1.218250241266));
#3029 = CARTESIAN_POINT('',(147.0089474203,-1.730500965863,
    -1.010455795075));
#3030 = CARTESIAN_POINT('',(146.95496877491,-1.790372656539,
    -0.900504767469));
#3031 = CARTESIAN_POINT('',(146.85836485398,-1.890454238975,
    -0.66522616895));
#3032 = CARTESIAN_POINT('',(146.81539461852,-1.930927125172,
    -0.538037459309));
#3033 = CARTESIAN_POINT('',(146.75559650089,-1.98545161354,
    -0.275582584058));
#3034 = CARTESIAN_POINT('',(146.73849680039,-2.000032219098,
    -0.136987636874));
#3035 = CARTESIAN_POINT('',(146.73857105658,-1.999967670645,
    0.137926815596));
#3036 = CARTESIAN_POINT('',(146.7554027974,-1.985628911444,
    0.274764912017));
#3037 = CARTESIAN_POINT('',(146.81563642774,-1.930705963468,
    0.539066242188));
#3038 = CARTESIAN_POINT('',(146.85763685361,-1.891185406403,
    0.663323988908));
#3039 = CARTESIAN_POINT('',(146.95485861828,-1.790509621259,
    0.900364510536));
#3040 = CARTESIAN_POINT('',(147.00995239847,-1.729323724729,
    1.012420881552));
#3041 = CARTESIAN_POINT('',(147.12177483072,-1.590138596719,
    1.219432585074));
#3042 = CARTESIAN_POINT('',(147.1790922259,-1.511630983089,
    1.315594147821));
#3043 = CARTESIAN_POINT('',(147.29160447929,-1.334923244414,
    1.494588947617));
#3044 = CARTESIAN_POINT('',(147.34620152608,-1.237427786496,
    1.576351392647));
#3045 = CARTESIAN_POINT('',(147.44513012668,-1.028215829177,
    1.72014053162));
#3046 = CARTESIAN_POINT('',(147.49000266659,-0.915796800397,
    1.782954189343));
#3047 = CARTESIAN_POINT('',(147.56650246141,-0.672206943445,
    1.888318629389));
#3048 = CARTESIAN_POINT('',(147.59718009572,-0.543325161103,
    1.929555972286));
#3049 = CARTESIAN_POINT('',(147.63881062607,-0.277894152596,
    1.985236338783));
#3050 = CARTESIAN_POINT('',(147.65,-0.138565173145,2.));
#3051 = CARTESIAN_POINT('',(147.65,-1.64E-15,2.));
#3052 = ORIENTED_EDGE('',*,*,#3053,.F.);
#3053 = EDGE_CURVE('',#2677,#3017,#3054,.T.);
#3054 = LINE('',#3055,#3056);
#3055 = CARTESIAN_POINT('',(290.,2.4E-16,-2.));
#3056 = VECTOR('',#3057,1.);
#3057 = DIRECTION('',(-1.,-0.,-0.));
#3058 = ORIENTED_EDGE('',*,*,#2693,.F.);
#3059 = CYLINDRICAL_SURFACE('',#3060,2.);
#3060 = AXIS2_PLACEMENT_3D('',#3061,#3062,#3063);
#3061 = CARTESIAN_POINT('',(290.,0.,0.));
#3062 = DIRECTION('',(-1.,-0.,-0.));
#3063 = DIRECTION('',(-0.,0.,1.));
#3064 = ADVANCED_FACE('',(#3065),#3117,.F.);
#3065 = FACE_BOUND('',#3066,.F.);
#3066 = EDGE_LOOP('',(#3067,#3075,#3110,#3116));
#3067 = ORIENTED_EDGE('',*,*,#3068,.T.);
#3068 = EDGE_CURVE('',#1495,#3069,#3071,.T.);
#3069 = VERTEX_POINT('',#3070);
#3070 = CARTESIAN_POINT('',(136.73853386507,4.E-15,2.));
#3071 = LINE('',#3072,#3073);
#3072 = CARTESIAN_POINT('',(290.,0.,2.));
#3073 = VECTOR('',#3074,1.);
#3074 = DIRECTION('',(-1.,-0.,-0.));
#3075 = ORIENTED_EDGE('',*,*,#3076,.F.);
#3076 = EDGE_CURVE('',#3077,#3069,#3079,.T.);
#3077 = VERTEX_POINT('',#3078);
#3078 = CARTESIAN_POINT('',(136.73853386507,0.,-2.));
#3079 = B_SPLINE_CURVE_WITH_KNOTS('',3,(#3080,#3081,#3082,#3083,#3084,
    #3085,#3086,#3087,#3088,#3089,#3090,#3091,#3092,#3093,#3094,#3095,
    #3096,#3097,#3098,#3099,#3100,#3101,#3102,#3103,#3104,#3105,#3106,
    #3107,#3108,#3109),.UNSPECIFIED.,.F.,.F.,(4,2,2,2,2,2,2,2,2,2,2,2,2,
    2,4),(6.547647685313E-03,6.956150681367E-03,7.364653677422E-03,
    8.181659669531E-03,8.590162665586E-03,8.99866566164E-03,
    9.407168657695E-03,9.81567165375E-03,1.02241746498E-02,
    1.063267764586E-02,1.104118064191E-02,1.144968363797E-02,
    1.226668963008E-02,1.267519262613E-02,1.308369562219E-02),
  .UNSPECIFIED.);
#3080 = CARTESIAN_POINT('',(136.73853386507,2.4E-16,-2.));
#3081 = CARTESIAN_POINT('',(136.73853386507,-0.137358105234,-2.));
#3082 = CARTESIAN_POINT('',(136.75561388696,-0.275699316899,
    -1.985436603335));
#3083 = CARTESIAN_POINT('',(136.81543749922,-0.538185197506,
    -1.930887182719));
#3084 = CARTESIAN_POINT('',(136.85829073474,-0.66503457659,
    -1.890529046275));
#3085 = CARTESIAN_POINT('',(137.00330992414,-1.018261648667,
    -1.740295223902));
#3086 = CARTESIAN_POINT('',(137.12390673689,-1.227837722507,
    -1.598387725944));
#3087 = CARTESIAN_POINT('',(137.29153456143,-1.494458784207,
    -1.334990689526));
#3088 = CARTESIAN_POINT('',(137.34634386568,-1.57657589667,
    -1.237253133647));
#3089 = CARTESIAN_POINT('',(137.44604132395,-1.721447118092,
    -1.026161144409));
#3090 = CARTESIAN_POINT('',(137.49086475882,-1.78415203256,
    -0.913353527836));
#3091 = CARTESIAN_POINT('',(137.56677850788,-1.888688205357,
    -0.671021612947));
#3092 = CARTESIAN_POINT('',(137.59752832195,-1.930022849993,
    -0.541390035114));
#3093 = CARTESIAN_POINT('',(137.63873527852,-1.985134425744,
    -0.278087546182));
#3094 = CARTESIAN_POINT('',(137.64981827084,-1.999759208721,
    -0.141831187828));
#3095 = CARTESIAN_POINT('',(137.65017727115,-2.000234884429,
    0.134956977665));
#3096 = CARTESIAN_POINT('',(137.63958373944,-1.986261257163,
    0.270610271324));
#3097 = CARTESIAN_POINT('',(137.59855739892,-1.931406746306,
    0.536778987084));
#3098 = CARTESIAN_POINT('',(137.56792635798,-1.890243294594,
    0.666610822463));
#3099 = CARTESIAN_POINT('',(137.49244562489,-1.786353583649,
    0.90902726888));
#3100 = CARTESIAN_POINT('',(137.44681739998,-1.722548090174,
    1.024325033964));
#3101 = CARTESIAN_POINT('',(137.34714963102,-1.577773090321,
    1.235736935447));
#3102 = CARTESIAN_POINT('',(137.29307060595,-1.496835695208,
    1.332428128368));
#3103 = CARTESIAN_POINT('',(137.12405107132,-1.228197920454,
    1.598454607128));
#3104 = CARTESIAN_POINT('',(137.00502186738,-1.022133773759,
    1.738468364349));
#3105 = CARTESIAN_POINT('',(136.85815837031,-0.664859925001,
    1.890692652562));
#3106 = CARTESIAN_POINT('',(136.81606078711,-0.540385108895,1.9303076173
    ));
#3107 = CARTESIAN_POINT('',(136.75578181028,-0.27696398457,
    1.985294566198));
#3108 = CARTESIAN_POINT('',(136.73853386507,-0.139039244852,2.));
#3109 = CARTESIAN_POINT('',(136.73853386507,3.9E-15,2.));
#3110 = ORIENTED_EDGE('',*,*,#3111,.F.);
#3111 = EDGE_CURVE('',#1493,#3077,#3112,.T.);
#3112 = LINE('',#3113,#3114);
#3113 = CARTESIAN_POINT('',(290.,2.4E-16,-2.));
#3114 = VECTOR('',#3115,1.);
#3115 = DIRECTION('',(-1.,-0.,-0.));
#3116 = ORIENTED_EDGE('',*,*,#1531,.F.);
#3117 = CYLINDRICAL_SURFACE('',#3118,2.);
#3118 = AXIS2_PLACEMENT_3D('',#3119,#3120,#3121);
#3119 = CARTESIAN_POINT('',(290.,0.,0.));
#3120 = DIRECTION('',(-1.,-0.,-0.));
#3121 = DIRECTION('',(-0.,0.,1.));
#3122 = ADVANCED_FACE('',(#3123),#3149,.F.);
#3123 = FACE_BOUND('',#3124,.F.);
#3124 = EDGE_LOOP('',(#3125,#3133,#3142,#3148));
#3125 = ORIENTED_EDGE('',*,*,#3126,.T.);
#3126 = EDGE_CURVE('',#24,#3127,#3129,.T.);
#3127 = VERTEX_POINT('',#3128);
#3128 = CARTESIAN_POINT('',(18.060086061903,0.,2.));
#3129 = LINE('',#3130,#3131);
#3130 = CARTESIAN_POINT('',(290.,0.,2.));
#3131 = VECTOR('',#3132,1.);
#3132 = DIRECTION('',(-1.,-0.,-0.));
#3133 = ORIENTED_EDGE('',*,*,#3134,.T.);
#3134 = EDGE_CURVE('',#3127,#3135,#3137,.T.);
#3135 = VERTEX_POINT('',#3136);
#3136 = CARTESIAN_POINT('',(18.060086061903,0.,-2.));
#3137 = CIRCLE('',#3138,2.);
#3138 = AXIS2_PLACEMENT_3D('',#3139,#3140,#3141);
#3139 = CARTESIAN_POINT('',(18.060086061903,0.,0.));
#3140 = DIRECTION('',(1.,0.,-0.));
#3141 = DIRECTION('',(0.,0.,1.));
#3142 = ORIENTED_EDGE('',*,*,#3143,.F.);
#3143 = EDGE_CURVE('',#22,#3135,#3144,.T.);
#3144 = LINE('',#3145,#3146);
#3145 = CARTESIAN_POINT('',(290.,2.4E-16,-2.));
#3146 = VECTOR('',#3147,1.);
#3147 = DIRECTION('',(-1.,-0.,-0.));
#3148 = ORIENTED_EDGE('',*,*,#58,.F.);
#3149 = CYLINDRICAL_SURFACE('',#3150,2.);
#3150 = AXIS2_PLACEMENT_3D('',#3151,#3152,#3153);
#3151 = CARTESIAN_POINT('',(290.,0.,0.));
#3152 = DIRECTION('',(-1.,-0.,-0.));
#3153 = DIRECTION('',(-0.,0.,1.));
#3154 = ADVANCED_FACE('',(#3155),#3207,.F.);
#3155 = FACE_BOUND('',#3156,.F.);
#3156 = EDGE_LOOP('',(#3157,#3165,#3200,#3206));
#3157 = ORIENTED_EDGE('',*,*,#3158,.T.);
#3158 = EDGE_CURVE('',#2654,#3159,#3161,.T.);
#3159 = VERTEX_POINT('',#3160);
#3160 = CARTESIAN_POINT('',(156.73853386507,3.E-15,22.));
#3161 = LINE('',#3162,#3163);
#3162 = CARTESIAN_POINT('',(290.,-1.73E-15,22.));
#3163 = VECTOR('',#3164,1.);
#3164 = DIRECTION('',(-1.,-0.,-0.));
#3165 = ORIENTED_EDGE('',*,*,#3166,.F.);
#3166 = EDGE_CURVE('',#3167,#3159,#3169,.T.);
#3167 = VERTEX_POINT('',#3168);
#3168 = CARTESIAN_POINT('',(156.73853386507,-1.E-15,18.));
#3169 = B_SPLINE_CURVE_WITH_KNOTS('',3,(#3170,#3171,#3172,#3173,#3174,
    #3175,#3176,#3177,#3178,#3179,#3180,#3181,#3182,#3183,#3184,#3185,
    #3186,#3187,#3188,#3189,#3190,#3191,#3192,#3193,#3194,#3195,#3196,
    #3197,#3198,#3199),.UNSPECIFIED.,.F.,.F.,(4,2,2,2,2,2,2,2,2,2,2,2,2,
    2,4),(6.547647685313E-03,6.956150681367E-03,7.364653677422E-03,
    8.181659669531E-03,8.590162665586E-03,8.99866566164E-03,
    9.407168657695E-03,9.81567165375E-03,1.02241746498E-02,
    1.063267764586E-02,1.104118064191E-02,1.144968363797E-02,
    1.226668963008E-02,1.267519262613E-02,1.308369562219E-02),
  .UNSPECIFIED.);
#3170 = CARTESIAN_POINT('',(156.73853386507,-1.49E-15,18.));
#3171 = CARTESIAN_POINT('',(156.73853386507,-0.137358105234,18.));
#3172 = CARTESIAN_POINT('',(156.75561388696,-0.275699316899,
    18.014563396665));
#3173 = CARTESIAN_POINT('',(156.81543749922,-0.538185197506,
    18.069112817281));
#3174 = CARTESIAN_POINT('',(156.85829073474,-0.66503457659,
    18.109470953725));
#3175 = CARTESIAN_POINT('',(157.00330992414,-1.018261648667,
    18.259704776098));
#3176 = CARTESIAN_POINT('',(157.12390673689,-1.227837722507,
    18.401612274056));
#3177 = CARTESIAN_POINT('',(157.29153456143,-1.494458784207,
    18.665009310474));
#3178 = CARTESIAN_POINT('',(157.34634386568,-1.57657589667,
    18.762746866353));
#3179 = CARTESIAN_POINT('',(157.44604132395,-1.721447118092,
    18.973838855591));
#3180 = CARTESIAN_POINT('',(157.49086475882,-1.78415203256,
    19.086646472164));
#3181 = CARTESIAN_POINT('',(157.56677850788,-1.888688205357,
    19.328978387053));
#3182 = CARTESIAN_POINT('',(157.59752832195,-1.930022849993,
    19.458609964886));
#3183 = CARTESIAN_POINT('',(157.63873527852,-1.985134425744,
    19.721912453818));
#3184 = CARTESIAN_POINT('',(157.64981827084,-1.999759208721,
    19.858168812172));
#3185 = CARTESIAN_POINT('',(157.65017727115,-2.000234884429,
    20.134956977665));
#3186 = CARTESIAN_POINT('',(157.63958373944,-1.986261257163,
    20.270610271324));
#3187 = CARTESIAN_POINT('',(157.59855739892,-1.931406746306,
    20.536778987084));
#3188 = CARTESIAN_POINT('',(157.56792635798,-1.890243294594,
    20.666610822463));
#3189 = CARTESIAN_POINT('',(157.49244562489,-1.786353583649,
    20.90902726888));
#3190 = CARTESIAN_POINT('',(157.44681739998,-1.722548090174,
    21.024325033964));
#3191 = CARTESIAN_POINT('',(157.34714963102,-1.577773090321,
    21.235736935447));
#3192 = CARTESIAN_POINT('',(157.29307060595,-1.496835695208,
    21.332428128368));
#3193 = CARTESIAN_POINT('',(157.12405107132,-1.228197920454,
    21.598454607128));
#3194 = CARTESIAN_POINT('',(157.00502186738,-1.022133773759,
    21.738468364349));
#3195 = CARTESIAN_POINT('',(156.85815837031,-0.664859925001,
    21.890692652562));
#3196 = CARTESIAN_POINT('',(156.81606078711,-0.540385108895,
    21.9303076173));
#3197 = CARTESIAN_POINT('',(156.75578181028,-0.27696398457,
    21.985294566198));
#3198 = CARTESIAN_POINT('',(156.73853386507,-0.139039244852,22.));
#3199 = CARTESIAN_POINT('',(156.73853386507,3.16E-15,22.));
#3200 = ORIENTED_EDGE('',*,*,#3201,.F.);
#3201 = EDGE_CURVE('',#2645,#3167,#3202,.T.);
#3202 = LINE('',#3203,#3204);
#3203 = CARTESIAN_POINT('',(290.,-1.49E-15,18.));
#3204 = VECTOR('',#3205,1.);
#3205 = DIRECTION('',(-1.,-0.,-0.));
#3206 = ORIENTED_EDGE('',*,*,#2661,.F.);
#3207 = CYLINDRICAL_SURFACE('',#3208,2.);
#3208 = AXIS2_PLACEMENT_3D('',#3209,#3210,#3211);
#3209 = CARTESIAN_POINT('',(290.,-1.73E-15,20.));
#3210 = DIRECTION('',(-1.,-0.,-0.));
#3211 = DIRECTION('',(-0.,0.,1.));
#3212 = ADVANCED_FACE('',(#3213),#3267,.F.);
#3213 = FACE_BOUND('',#3214,.F.);
#3214 = EDGE_LOOP('',(#3215,#3223,#3260,#3266));
#3215 = ORIENTED_EDGE('',*,*,#3216,.T.);
#3216 = EDGE_CURVE('',#463,#3217,#3219,.T.);
#3217 = VERTEX_POINT('',#3218);
#3218 = CARTESIAN_POINT('',(147.65,-2.E-15,22.));
#3219 = LINE('',#3220,#3221);
#3220 = CARTESIAN_POINT('',(290.,-1.73E-15,22.));
#3221 = VECTOR('',#3222,1.);
#3222 = DIRECTION('',(-1.,-0.,-0.));
#3223 = ORIENTED_EDGE('',*,*,#3224,.F.);
#3224 = EDGE_CURVE('',#3225,#3217,#3227,.T.);
#3225 = VERTEX_POINT('',#3226);
#3226 = CARTESIAN_POINT('',(147.65,-1.59E-13,17.999999999999));
#3227 = B_SPLINE_CURVE_WITH_KNOTS('',3,(#3228,#3229,#3230,#3231,#3232,
    #3233,#3234,#3235,#3236,#3237,#3238,#3239,#3240,#3241,#3242,#3243,
    #3244,#3245,#3246,#3247,#3248,#3249,#3250,#3251,#3252,#3253,#3254,
    #3255,#3256,#3257,#3258,#3259),.UNSPECIFIED.,.F.,.F.,(4,2,2,2,2,2,2,
    2,2,2,2,2,2,2,2,4),(6.556234740081E-03,6.965149976515E-03,
    7.374065212949E-03,8.191895685818E-03,8.600810922252E-03,
    9.009726158687E-03,9.418641395121E-03,9.827556631556E-03,
    1.023647186799E-02,1.064538710442E-02,1.105430234086E-02,
    1.146321757729E-02,1.187213281373E-02,1.228104805016E-02,
    1.26899632866E-02,1.309887852303E-02),.UNSPECIFIED.);
#3228 = CARTESIAN_POINT('',(147.65,-1.5896E-13,17.999999999999));
#3229 = CARTESIAN_POINT('',(147.65,-0.136944631194,18.));
#3230 = CARTESIAN_POINT('',(147.63901629397,-0.275789275498,
    18.01449170712));
#3231 = CARTESIAN_POINT('',(147.59771889226,-0.540669290007,
    18.069720324819));
#3232 = CARTESIAN_POINT('',(147.56698095503,-0.67027958656,
    18.111036321814));
#3233 = CARTESIAN_POINT('',(147.45303670472,-1.034299142435,
    18.267932076788));
#3234 = CARTESIAN_POINT('',(147.34730481228,-1.2474369742,
    18.416800235526));
#3235 = CARTESIAN_POINT('',(147.17939933694,-1.511151300076,
    18.683916084367));
#3236 = CARTESIAN_POINT('',(147.12108049684,-1.591075377318,
    18.781749758735));
#3237 = CARTESIAN_POINT('',(147.0089474203,-1.730500965863,
    18.989544204925));
#3238 = CARTESIAN_POINT('',(146.95496877491,-1.790372656539,
    19.099495232531));
#3239 = CARTESIAN_POINT('',(146.85836485398,-1.890454238975,
    19.33477383105));
#3240 = CARTESIAN_POINT('',(146.81539461852,-1.930927125172,
    19.461962540691));
#3241 = CARTESIAN_POINT('',(146.75559650089,-1.98545161354,
    19.724417415942));
#3242 = CARTESIAN_POINT('',(146.73849680039,-2.000032219098,
    19.863012363126));
#3243 = CARTESIAN_POINT('',(146.73857105658,-1.999967670645,
    20.137926815596));
#3244 = CARTESIAN_POINT('',(146.7554027974,-1.985628911444,
    20.274764912017));
#3245 = CARTESIAN_POINT('',(146.81563642774,-1.930705963468,
    20.539066242188));
#3246 = CARTESIAN_POINT('',(146.85763685361,-1.891185406403,
    20.663323988908));
#3247 = CARTESIAN_POINT('',(146.95485861828,-1.790509621259,
    20.900364510536));
#3248 = CARTESIAN_POINT('',(147.00995239847,-1.729323724729,
    21.012420881552));
#3249 = CARTESIAN_POINT('',(147.12177483072,-1.590138596719,
    21.219432585074));
#3250 = CARTESIAN_POINT('',(147.1790922259,-1.511630983089,
    21.315594147821));
#3251 = CARTESIAN_POINT('',(147.29160447929,-1.334923244414,
    21.494588947617));
#3252 = CARTESIAN_POINT('',(147.34620152608,-1.237427786496,
    21.576351392647));
#3253 = CARTESIAN_POINT('',(147.44513012668,-1.028215829177,
    21.72014053162));
#3254 = CARTESIAN_POINT('',(147.49000266659,-0.915796800397,
    21.782954189343));
#3255 = CARTESIAN_POINT('',(147.56650246141,-0.672206943445,
    21.888318629389));
#3256 = CARTESIAN_POINT('',(147.59718009572,-0.543325161103,
    21.929555972286));
#3257 = CARTESIAN_POINT('',(147.63881062607,-0.277894152596,
    21.985236338783));
#3258 = CARTESIAN_POINT('',(147.65,-0.138565173145,22.));
#3259 = CARTESIAN_POINT('',(147.65,-1.52E-15,22.));
#3260 = ORIENTED_EDGE('',*,*,#3261,.F.);
#3261 = EDGE_CURVE('',#461,#3225,#3262,.T.);
#3262 = LINE('',#3263,#3264);
#3263 = CARTESIAN_POINT('',(290.,-1.49E-15,18.));
#3264 = VECTOR('',#3265,1.);
#3265 = DIRECTION('',(-1.,-0.,-0.));
#3266 = ORIENTED_EDGE('',*,*,#497,.F.);
#3267 = CYLINDRICAL_SURFACE('',#3268,2.);
#3268 = AXIS2_PLACEMENT_3D('',#3269,#3270,#3271);
#3269 = CARTESIAN_POINT('',(290.,-1.73E-15,20.));
#3270 = DIRECTION('',(-1.,-0.,-0.));
#3271 = DIRECTION('',(-0.,0.,1.));
#3272 = ADVANCED_FACE('',(#3273),#3299,.F.);
#3273 = FACE_BOUND('',#3274,.F.);
#3274 = EDGE_LOOP('',(#3275,#3283,#3292,#3298));
#3275 = ORIENTED_EDGE('',*,*,#3276,.T.);
#3276 = EDGE_CURVE('',#1323,#3277,#3279,.T.);
#3277 = VERTEX_POINT('',#3278);
#3278 = CARTESIAN_POINT('',(18.060086061903,-2.E-15,22.));
#3279 = LINE('',#3280,#3281);
#3280 = CARTESIAN_POINT('',(290.,-1.73E-15,22.));
#3281 = VECTOR('',#3282,1.);
#3282 = DIRECTION('',(-1.,-0.,-0.));
#3283 = ORIENTED_EDGE('',*,*,#3284,.T.);
#3284 = EDGE_CURVE('',#3277,#3285,#3287,.T.);
#3285 = VERTEX_POINT('',#3286);
#3286 = CARTESIAN_POINT('',(18.060086061903,-1.E-15,18.));
#3287 = CIRCLE('',#3288,2.);
#3288 = AXIS2_PLACEMENT_3D('',#3289,#3290,#3291);
#3289 = CARTESIAN_POINT('',(18.060086061903,-1.73E-15,20.));
#3290 = DIRECTION('',(1.,0.,-0.));
#3291 = DIRECTION('',(0.,0.,1.));
#3292 = ORIENTED_EDGE('',*,*,#3293,.F.);
#3293 = EDGE_CURVE('',#1321,#3285,#3294,.T.);
#3294 = LINE('',#3295,#3296);
#3295 = CARTESIAN_POINT('',(290.,-1.49E-15,18.));
#3296 = VECTOR('',#3297,1.);
#3297 = DIRECTION('',(-1.,-0.,-0.));
#3298 = ORIENTED_EDGE('',*,*,#1359,.F.);
#3299 = CYLINDRICAL_SURFACE('',#3300,2.);
#3300 = AXIS2_PLACEMENT_3D('',#3301,#3302,#3303);
#3301 = CARTESIAN_POINT('',(290.,-1.73E-15,20.));
#3302 = DIRECTION('',(-1.,-0.,-0.));
#3303 = DIRECTION('',(-0.,0.,1.));
#3304 = ADVANCED_FACE('',(#3305),#3321,.F.);
#3305 = FACE_BOUND('',#3306,.F.);
#3306 = EDGE_LOOP('',(#3307,#3313,#3314,#3320));
#3307 = ORIENTED_EDGE('',*,*,#3308,.T.);
#3308 = EDGE_CURVE('',#2917,#2475,#3309,.T.);
#3309 = LINE('',#3310,#3311);
#3310 = CARTESIAN_POINT('',(18.000000000086,20.,2.0999999997));
#3311 = VECTOR('',#3312,1.);
#3312 = DIRECTION('',(-0.515038075338,0.,0.857167300445));
#3313 = ORIENTED_EDGE('',*,*,#2491,.F.);
#3314 = ORIENTED_EDGE('',*,*,#3315,.F.);
#3315 = EDGE_CURVE('',#2925,#2484,#3316,.T.);
#3316 = LINE('',#3317,#3318);
#3317 = CARTESIAN_POINT('',(18.000000000086,20.,-2.0999999997));
#3318 = VECTOR('',#3319,1.);
#3319 = DIRECTION('',(-0.515038075338,1.E-16,-0.857167300445));
#3320 = ORIENTED_EDGE('',*,*,#2924,.F.);
#3321 = CONICAL_SURFACE('',#3322,2.0999999997,1.029744258177);
#3322 = AXIS2_PLACEMENT_3D('',#3323,#3324,#3325);
#3323 = CARTESIAN_POINT('',(18.000000000086,20.,1.73E-15));
#3324 = DIRECTION('',(-1.,0.,0.));
#3325 = DIRECTION('',(0.,0.,1.));
#3326 = ADVANCED_FACE('',(#3327),#3343,.F.);
#3327 = FACE_BOUND('',#3328,.F.);
#3328 = EDGE_LOOP('',(#3329,#3335,#3336,#3342));
#3329 = ORIENTED_EDGE('',*,*,#3330,.T.);
#3330 = EDGE_CURVE('',#3277,#2507,#3331,.T.);
#3331 = LINE('',#3332,#3333);
#3332 = CARTESIAN_POINT('',(18.000000000029,-1.73E-15,22.099999999853));
#3333 = VECTOR('',#3334,1.);
#3334 = DIRECTION('',(-0.515038075338,0.,0.857167300445));
#3335 = ORIENTED_EDGE('',*,*,#2523,.F.);
#3336 = ORIENTED_EDGE('',*,*,#3337,.F.);
#3337 = EDGE_CURVE('',#3285,#2516,#3338,.T.);
#3338 = LINE('',#3339,#3340);
#3339 = CARTESIAN_POINT('',(18.000000000029,-1.48E-15,17.900000000147));
#3340 = VECTOR('',#3341,1.);
#3341 = DIRECTION('',(-0.515038075338,1.E-16,-0.857167300445));
#3342 = ORIENTED_EDGE('',*,*,#3284,.F.);
#3343 = CONICAL_SURFACE('',#3344,2.099999999853,1.029744258177);
#3344 = AXIS2_PLACEMENT_3D('',#3345,#3346,#3347);
#3345 = CARTESIAN_POINT('',(18.000000000029,-1.73E-15,20.));
#3346 = DIRECTION('',(-1.,0.,0.));
#3347 = DIRECTION('',(0.,0.,1.));
#3348 = ADVANCED_FACE('',(#3349),#3385,.F.);
#3349 = FACE_BOUND('',#3350,.F.);
#3350 = EDGE_LOOP('',(#3351,#3361,#3370,#3378));
#3351 = ORIENTED_EDGE('',*,*,#3352,.T.);
#3352 = EDGE_CURVE('',#3353,#3355,#3357,.T.);
#3353 = VERTEX_POINT('',#3354);
#3354 = CARTESIAN_POINT('',(18.,0.,2.099999999843));
#3355 = VERTEX_POINT('',#3356);
#3356 = CARTESIAN_POINT('',(12.,0.,2.1));
#3357 = LINE('',#3358,#3359);
#3358 = CARTESIAN_POINT('',(0.,0.,2.1));
#3359 = VECTOR('',#3360,1.);
#3360 = DIRECTION('',(-1.,-0.,-0.));
#3361 = ORIENTED_EDGE('',*,*,#3362,.T.);
#3362 = EDGE_CURVE('',#3355,#3363,#3365,.T.);
#3363 = VERTEX_POINT('',#3364);
#3364 = CARTESIAN_POINT('',(12.,0.,-2.1));
#3365 = CIRCLE('',#3366,2.1);
#3366 = AXIS2_PLACEMENT_3D('',#3367,#3368,#3369);
#3367 = CARTESIAN_POINT('',(12.,0.,0.));
#3368 = DIRECTION('',(1.,0.,-0.));
#3369 = DIRECTION('',(0.,0.,1.));
#3370 = ORIENTED_EDGE('',*,*,#3371,.F.);
#3371 = EDGE_CURVE('',#3372,#3363,#3374,.T.);
#3372 = VERTEX_POINT('',#3373);
#3373 = CARTESIAN_POINT('',(18.,0.,-2.099999999843));
#3374 = LINE('',#3375,#3376);
#3375 = CARTESIAN_POINT('',(0.,2.6E-16,-2.1));
#3376 = VECTOR('',#3377,1.);
#3377 = DIRECTION('',(-1.,-0.,-0.));
#3378 = ORIENTED_EDGE('',*,*,#3379,.T.);
#3379 = EDGE_CURVE('',#3372,#3353,#3380,.T.);
#3380 = CIRCLE('',#3381,2.1);
#3381 = AXIS2_PLACEMENT_3D('',#3382,#3383,#3384);
#3382 = CARTESIAN_POINT('',(18.,0.,0.));
#3383 = DIRECTION('',(-1.,0.,-0.));
#3384 = DIRECTION('',(-0.,0.,1.));
#3385 = CYLINDRICAL_SURFACE('',#3386,2.1);
#3386 = AXIS2_PLACEMENT_3D('',#3387,#3388,#3389);
#3387 = CARTESIAN_POINT('',(0.,0.,0.));
#3388 = DIRECTION('',(-1.,-0.,-0.));
#3389 = DIRECTION('',(-0.,0.,1.));
#3390 = ADVANCED_FACE('',(#3391),#3427,.F.);
#3391 = FACE_BOUND('',#3392,.F.);
#3392 = EDGE_LOOP('',(#3393,#3403,#3412,#3420));
#3393 = ORIENTED_EDGE('',*,*,#3394,.T.);
#3394 = EDGE_CURVE('',#3395,#3397,#3399,.T.);
#3395 = VERTEX_POINT('',#3396);
#3396 = CARTESIAN_POINT('',(18.,20.,22.099999999901));
#3397 = VERTEX_POINT('',#3398);
#3398 = CARTESIAN_POINT('',(12.,20.,22.1));
#3399 = LINE('',#3400,#3401);
#3400 = CARTESIAN_POINT('',(0.,20.,22.1));
#3401 = VECTOR('',#3402,1.);
#3402 = DIRECTION('',(-1.,0.,0.));
#3403 = ORIENTED_EDGE('',*,*,#3404,.T.);
#3404 = EDGE_CURVE('',#3397,#3405,#3407,.T.);
#3405 = VERTEX_POINT('',#3406);
#3406 = CARTESIAN_POINT('',(12.,20.,17.9));
#3407 = CIRCLE('',#3408,2.1);
#3408 = AXIS2_PLACEMENT_3D('',#3409,#3410,#3411);
#3409 = CARTESIAN_POINT('',(12.,20.,20.));
#3410 = DIRECTION('',(1.,0.,-0.));
#3411 = DIRECTION('',(0.,0.,1.));
#3412 = ORIENTED_EDGE('',*,*,#3413,.F.);
#3413 = EDGE_CURVE('',#3414,#3405,#3416,.T.);
#3414 = VERTEX_POINT('',#3415);
#3415 = CARTESIAN_POINT('',(18.,20.,17.900000000099));
#3416 = LINE('',#3417,#3418);
#3417 = CARTESIAN_POINT('',(0.,20.,17.9));
#3418 = VECTOR('',#3419,1.);
#3419 = DIRECTION('',(-1.,0.,0.));
#3420 = ORIENTED_EDGE('',*,*,#3421,.T.);
#3421 = EDGE_CURVE('',#3414,#3395,#3422,.T.);
#3422 = CIRCLE('',#3423,2.1);
#3423 = AXIS2_PLACEMENT_3D('',#3424,#3425,#3426);
#3424 = CARTESIAN_POINT('',(18.,20.,20.));
#3425 = DIRECTION('',(-1.,0.,0.));
#3426 = DIRECTION('',(0.,0.,1.));
#3427 = CYLINDRICAL_SURFACE('',#3428,2.1);
#3428 = AXIS2_PLACEMENT_3D('',#3429,#3430,#3431);
#3429 = CARTESIAN_POINT('',(0.,20.,20.));
#3430 = DIRECTION('',(-1.,0.,0.));
#3431 = DIRECTION('',(0.,0.,1.));
#3432 = ADVANCED_FACE('',(#3433),#3449,.F.);
#3433 = FACE_BOUND('',#3434,.F.);
#3434 = EDGE_LOOP('',(#3435,#3441,#3442,#3448));
#3435 = ORIENTED_EDGE('',*,*,#3436,.T.);
#3436 = EDGE_CURVE('',#2709,#3395,#3437,.T.);
#3437 = LINE('',#3438,#3439);
#3438 = CARTESIAN_POINT('',(18.000000000029,20.,22.099999999853));
#3439 = VECTOR('',#3440,1.);
#3440 = DIRECTION('',(-0.515038075338,0.,0.857167300445));
#3441 = ORIENTED_EDGE('',*,*,#3421,.F.);
#3442 = ORIENTED_EDGE('',*,*,#3443,.F.);
#3443 = EDGE_CURVE('',#2717,#3414,#3444,.T.);
#3444 = LINE('',#3445,#3446);
#3445 = CARTESIAN_POINT('',(18.000000000029,20.,17.900000000147));
#3446 = VECTOR('',#3447,1.);
#3447 = DIRECTION('',(-0.515038075338,1.E-16,-0.857167300445));
#3448 = ORIENTED_EDGE('',*,*,#2716,.F.);
#3449 = CONICAL_SURFACE('',#3450,2.099999999853,1.029744258177);
#3450 = AXIS2_PLACEMENT_3D('',#3451,#3452,#3453);
#3451 = CARTESIAN_POINT('',(18.000000000029,20.,20.));
#3452 = DIRECTION('',(-1.,0.,0.));
#3453 = DIRECTION('',(0.,0.,1.));
#3454 = ADVANCED_FACE('',(#3455),#3471,.F.);
#3455 = FACE_BOUND('',#3456,.F.);
#3456 = EDGE_LOOP('',(#3457,#3463,#3464,#3470));
#3457 = ORIENTED_EDGE('',*,*,#3458,.T.);
#3458 = EDGE_CURVE('',#3127,#3353,#3459,.T.);
#3459 = LINE('',#3460,#3461);
#3460 = CARTESIAN_POINT('',(18.000000000086,0.,2.0999999997));
#3461 = VECTOR('',#3462,1.);
#3462 = DIRECTION('',(-0.515038075338,0.,0.857167300445));
#3463 = ORIENTED_EDGE('',*,*,#3379,.F.);
#3464 = ORIENTED_EDGE('',*,*,#3465,.F.);
#3465 = EDGE_CURVE('',#3135,#3372,#3466,.T.);
#3466 = LINE('',#3467,#3468);
#3467 = CARTESIAN_POINT('',(18.000000000086,2.6E-16,-2.0999999997));
#3468 = VECTOR('',#3469,1.);
#3469 = DIRECTION('',(-0.515038075338,1.E-16,-0.857167300445));
#3470 = ORIENTED_EDGE('',*,*,#3134,.F.);
#3471 = CONICAL_SURFACE('',#3472,2.0999999997,1.029744258177);
#3472 = AXIS2_PLACEMENT_3D('',#3473,#3474,#3475);
#3473 = CARTESIAN_POINT('',(18.000000000086,0.,0.));
#3474 = DIRECTION('',(-1.,0.,0.));
#3475 = DIRECTION('',(0.,0.,1.));
#3476 = ADVANCED_FACE('',(#3477),#3517,.T.);
#3477 = FACE_BOUND('',#3478,.T.);
#3478 = EDGE_LOOP('',(#3479,#3494,#3502,#3511));
#3479 = ORIENTED_EDGE('',*,*,#3480,.F.);
#3480 = EDGE_CURVE('',#3481,#3483,#3485,.T.);
#3481 = VERTEX_POINT('',#3482);
#3482 = CARTESIAN_POINT('',(131.2286681762,28.4,-3.282842712475));
#3483 = VERTEX_POINT('',#3484);
#3484 = CARTESIAN_POINT('',(131.41254872644,28.2,-3.482842712475));
#3485 = B_SPLINE_CURVE_WITH_KNOTS('',3,(#3486,#3487,#3488,#3489,#3490,
    #3491,#3492,#3493),.UNSPECIFIED.,.F.,.F.,(4,2,2,4),(
    1.670405614594E-04,2.599997721638E-04,3.529589828682E-04,
    5.388774042769E-04),.UNSPECIFIED.);
#3486 = CARTESIAN_POINT('',(131.2286681762,28.4,-3.282842712475));
#3487 = CARTESIAN_POINT('',(131.2286681762,28.368933415124,
    -3.282842712475));
#3488 = CARTESIAN_POINT('',(131.23534685072,28.337858231255,
    -3.290543502117));
#3489 = CARTESIAN_POINT('',(131.25784338294,28.285810731023,
    -3.316105204465));
#3490 = CARTESIAN_POINT('',(131.27337756765,28.264385811779,
    -3.333613814824));
#3491 = CARTESIAN_POINT('',(131.32644848262,28.214401885181,
    -3.392315216433));
#3492 = CARTESIAN_POINT('',(131.36903379774,28.2,-3.438020795653));
#3493 = CARTESIAN_POINT('',(131.41254872644,28.2,-3.482842712475));
#3494 = ORIENTED_EDGE('',*,*,#3495,.T.);
#3495 = EDGE_CURVE('',#3481,#3496,#3498,.T.);
#3496 = VERTEX_POINT('',#3497);
#3497 = CARTESIAN_POINT('',(0.,28.4,-3.282842712475));
#3498 = LINE('',#3499,#3500);
#3499 = CARTESIAN_POINT('',(290.,28.4,-3.282842712475));
#3500 = VECTOR('',#3501,1.);
#3501 = DIRECTION('',(-1.,0.,0.));
#3502 = ORIENTED_EDGE('',*,*,#3503,.T.);
#3503 = EDGE_CURVE('',#3496,#3504,#3506,.T.);
#3504 = VERTEX_POINT('',#3505);
#3505 = CARTESIAN_POINT('',(0.,28.2,-3.482842712475));
#3506 = CIRCLE('',#3507,0.2);
#3507 = AXIS2_PLACEMENT_3D('',#3508,#3509,#3510);
#3508 = CARTESIAN_POINT('',(0.,28.4,-3.482842712475));
#3509 = DIRECTION('',(1.,0.,-0.));
#3510 = DIRECTION('',(0.,0.,1.));
#3511 = ORIENTED_EDGE('',*,*,#3512,.T.);
#3512 = EDGE_CURVE('',#3504,#3483,#3513,.T.);
#3513 = LINE('',#3514,#3515);
#3514 = CARTESIAN_POINT('',(290.,28.2,-3.482842712475));
#3515 = VECTOR('',#3516,1.);
#3516 = DIRECTION('',(1.,0.,-0.));
#3517 = CYLINDRICAL_SURFACE('',#3518,0.2);
#3518 = AXIS2_PLACEMENT_3D('',#3519,#3520,#3521);
#3519 = CARTESIAN_POINT('',(290.,28.4,-3.482842712475));
#3520 = DIRECTION('',(-1.,0.,0.));
#3521 = DIRECTION('',(0.,0.,1.));
#3522 = ADVANCED_FACE('',(#3523),#3590,.F.);
#3523 = FACE_BOUND('',#3524,.T.);
#3524 = EDGE_LOOP('',(#3525,#3534,#3542,#3550,#3558,#3567,#3575,#3583,
    #3589));
#3525 = ORIENTED_EDGE('',*,*,#3526,.F.);
#3526 = EDGE_CURVE('',#3527,#429,#3529,.T.);
#3527 = VERTEX_POINT('',#3528);
#3528 = CARTESIAN_POINT('',(133.92396698692,30.,4.882842712475));
#3529 = CIRCLE('',#3530,5.);
#3530 = AXIS2_PLACEMENT_3D('',#3531,#3532,#3533);
#3531 = CARTESIAN_POINT('',(135.,30.,-2.294E-14));
#3532 = DIRECTION('',(-0.,1.,1.7E-16));
#3533 = DIRECTION('',(0.,-1.7E-16,1.));
#3534 = ORIENTED_EDGE('',*,*,#3535,.F.);
#3535 = EDGE_CURVE('',#3536,#3527,#3538,.T.);
#3536 = VERTEX_POINT('',#3537);
#3537 = CARTESIAN_POINT('',(0.,30.,4.882842712475));
#3538 = LINE('',#3539,#3540);
#3539 = CARTESIAN_POINT('',(290.,30.,4.882842712475));
#3540 = VECTOR('',#3541,1.);
#3541 = DIRECTION('',(1.,-0.,0.));
#3542 = ORIENTED_EDGE('',*,*,#3543,.T.);
#3543 = EDGE_CURVE('',#3536,#3544,#3546,.T.);
#3544 = VERTEX_POINT('',#3545);
#3545 = CARTESIAN_POINT('',(-1.67E-13,30.,15.2));
#3546 = LINE('',#3547,#3548);
#3547 = CARTESIAN_POINT('',(0.,30.,10.));
#3548 = VECTOR('',#3549,1.);
#3549 = DIRECTION('',(-0.,-1.7E-16,1.));
#3550 = ORIENTED_EDGE('',*,*,#3551,.F.);
#3551 = EDGE_CURVE('',#3552,#3544,#3554,.T.);
#3552 = VERTEX_POINT('',#3553);
#3553 = CARTESIAN_POINT('',(153.6,30.,15.2));
#3554 = LINE('',#3555,#3556);
#3555 = CARTESIAN_POINT('',(290.,30.,15.2));
#3556 = VECTOR('',#3557,1.);
#3557 = DIRECTION('',(-1.,-0.,0.));
#3558 = ORIENTED_EDGE('',*,*,#3559,.F.);
#3559 = EDGE_CURVE('',#3560,#3552,#3562,.T.);
#3560 = VERTEX_POINT('',#3561);
#3561 = CARTESIAN_POINT('',(156.4,30.,15.2));
#3562 = CIRCLE('',#3563,5.);
#3563 = AXIS2_PLACEMENT_3D('',#3564,#3565,#3566);
#3564 = CARTESIAN_POINT('',(155.,30.,20.));
#3565 = DIRECTION('',(-0.,1.,1.7E-16));
#3566 = DIRECTION('',(0.,-1.7E-16,1.));
#3567 = ORIENTED_EDGE('',*,*,#3568,.F.);
#3568 = EDGE_CURVE('',#3569,#3560,#3571,.T.);
#3569 = VERTEX_POINT('',#3570);
#3570 = CARTESIAN_POINT('',(290.,30.,15.2));
#3571 = LINE('',#3572,#3573);
#3572 = CARTESIAN_POINT('',(290.,30.,15.2));
#3573 = VECTOR('',#3574,1.);
#3574 = DIRECTION('',(-1.,-0.,0.));
#3575 = ORIENTED_EDGE('',*,*,#3576,.F.);
#3576 = EDGE_CURVE('',#3577,#3569,#3579,.T.);
#3577 = VERTEX_POINT('',#3578);
#3578 = CARTESIAN_POINT('',(290.,30.,4.882842712475));
#3579 = LINE('',#3580,#3581);
#3580 = CARTESIAN_POINT('',(290.,30.,0.));
#3581 = VECTOR('',#3582,1.);
#3582 = DIRECTION('',(-0.,-0.,1.));
#3583 = ORIENTED_EDGE('',*,*,#3584,.F.);
#3584 = EDGE_CURVE('',#418,#3577,#3585,.T.);
#3585 = LINE('',#3586,#3587);
#3586 = CARTESIAN_POINT('',(290.,30.,4.882842712475));
#3587 = VECTOR('',#3588,1.);
#3588 = DIRECTION('',(1.,-0.,0.));
#3589 = ORIENTED_EDGE('',*,*,#428,.F.);
#3590 = PLANE('',#3591);
#3591 = AXIS2_PLACEMENT_3D('',#3592,#3593,#3594);
#3592 = CARTESIAN_POINT('',(290.,30.,10.));
#3593 = DIRECTION('',(0.,-1.,-1.7E-16));
#3594 = DIRECTION('',(0.,1.7E-16,-1.));
#3595 = ADVANCED_FACE('',(#3596),#3647,.F.);
#3596 = FACE_BOUND('',#3597,.T.);
#3597 = EDGE_LOOP('',(#3598,#3609,#3617,#3625,#3633,#3641));
#3598 = ORIENTED_EDGE('',*,*,#3599,.F.);
#3599 = EDGE_CURVE('',#3600,#3602,#3604,.T.);
#3600 = VERTEX_POINT('',#3601);
#3601 = CARTESIAN_POINT('',(136.07603301307,30.,-4.882842712475));
#3602 = VERTEX_POINT('',#3603);
#3603 = CARTESIAN_POINT('',(133.92396698692,30.,-4.882842712475));
#3604 = CIRCLE('',#3605,5.);
#3605 = AXIS2_PLACEMENT_3D('',#3606,#3607,#3608);
#3606 = CARTESIAN_POINT('',(135.,30.,-2.294E-14));
#3607 = DIRECTION('',(-0.,1.,1.7E-16));
#3608 = DIRECTION('',(0.,-1.7E-16,1.));
#3609 = ORIENTED_EDGE('',*,*,#3610,.F.);
#3610 = EDGE_CURVE('',#3611,#3600,#3613,.T.);
#3611 = VERTEX_POINT('',#3612);
#3612 = CARTESIAN_POINT('',(290.,30.,-4.882842712475));
#3613 = LINE('',#3614,#3615);
#3614 = CARTESIAN_POINT('',(290.,30.,-4.882842712475));
#3615 = VECTOR('',#3616,1.);
#3616 = DIRECTION('',(-1.,0.,-0.));
#3617 = ORIENTED_EDGE('',*,*,#3618,.F.);
#3618 = EDGE_CURVE('',#3619,#3611,#3621,.T.);
#3619 = VERTEX_POINT('',#3620);
#3620 = CARTESIAN_POINT('',(290.,30.,-9.8));
#3621 = LINE('',#3622,#3623);
#3622 = CARTESIAN_POINT('',(290.,30.,0.));
#3623 = VECTOR('',#3624,1.);
#3624 = DIRECTION('',(-0.,-0.,1.));
#3625 = ORIENTED_EDGE('',*,*,#3626,.F.);
#3626 = EDGE_CURVE('',#3627,#3619,#3629,.T.);
#3627 = VERTEX_POINT('',#3628);
#3628 = CARTESIAN_POINT('',(0.,30.,-9.8));
#3629 = LINE('',#3630,#3631);
#3630 = CARTESIAN_POINT('',(290.,30.,-9.8));
#3631 = VECTOR('',#3632,1.);
#3632 = DIRECTION('',(1.,-0.,0.));
#3633 = ORIENTED_EDGE('',*,*,#3634,.T.);
#3634 = EDGE_CURVE('',#3627,#3635,#3637,.T.);
#3635 = VERTEX_POINT('',#3636);
#3636 = CARTESIAN_POINT('',(0.,30.,-4.882842712475));
#3637 = LINE('',#3638,#3639);
#3638 = CARTESIAN_POINT('',(0.,30.,10.));
#3639 = VECTOR('',#3640,1.);
#3640 = DIRECTION('',(-0.,-1.7E-16,1.));
#3641 = ORIENTED_EDGE('',*,*,#3642,.F.);
#3642 = EDGE_CURVE('',#3602,#3635,#3643,.T.);
#3643 = LINE('',#3644,#3645);
#3644 = CARTESIAN_POINT('',(290.,30.,-4.882842712475));
#3645 = VECTOR('',#3646,1.);
#3646 = DIRECTION('',(-1.,0.,-0.));
#3647 = PLANE('',#3648);
#3648 = AXIS2_PLACEMENT_3D('',#3649,#3650,#3651);
#3649 = CARTESIAN_POINT('',(290.,30.,10.));
#3650 = DIRECTION('',(0.,-1.,-1.7E-16));
#3651 = DIRECTION('',(0.,1.7E-16,-1.));
#3652 = ADVANCED_FACE('',(#3653),#3680,.T.);
#3653 = FACE_BOUND('',#3654,.T.);
#3654 = EDGE_LOOP('',(#3655,#3656,#3665,#3673));
#3655 = ORIENTED_EDGE('',*,*,#3495,.F.);
#3656 = ORIENTED_EDGE('',*,*,#3657,.F.);
#3657 = EDGE_CURVE('',#3658,#3481,#3660,.T.);
#3658 = VERTEX_POINT('',#3659);
#3659 = CARTESIAN_POINT('',(131.28047001355,28.541421356237,
    -3.341421356237));
#3660 = B_SPLINE_CURVE_WITH_KNOTS('',3,(#3661,#3662,#3663,#3664),
  .UNSPECIFIED.,.F.,.F.,(4,4),(1.E-17,1.670405614594E-04),
  .PIECEWISE_BEZIER_KNOTS.);
#3661 = CARTESIAN_POINT('',(131.28047001355,28.541421356237,
    -3.341421356237));
#3662 = CARTESIAN_POINT('',(131.25027380705,28.507808206751,
    -3.307808206751));
#3663 = CARTESIAN_POINT('',(131.2286681762,28.455824266804,
    -3.282842712475));
#3664 = CARTESIAN_POINT('',(131.2286681762,28.4,-3.282842712475));
#3665 = ORIENTED_EDGE('',*,*,#3666,.T.);
#3666 = EDGE_CURVE('',#3658,#3667,#3669,.T.);
#3667 = VERTEX_POINT('',#3668);
#3668 = CARTESIAN_POINT('',(-1.11E-13,28.541421356237,-3.341421356237));
#3669 = LINE('',#3670,#3671);
#3670 = CARTESIAN_POINT('',(290.,28.541421356237,-3.341421356237));
#3671 = VECTOR('',#3672,1.);
#3672 = DIRECTION('',(-1.,0.,-0.));
#3673 = ORIENTED_EDGE('',*,*,#3674,.T.);
#3674 = EDGE_CURVE('',#3667,#3496,#3675,.T.);
#3675 = CIRCLE('',#3676,0.2);
#3676 = AXIS2_PLACEMENT_3D('',#3677,#3678,#3679);
#3677 = CARTESIAN_POINT('',(0.,28.4,-3.482842712475));
#3678 = DIRECTION('',(1.,0.,-0.));
#3679 = DIRECTION('',(0.,1.735E-14,1.));
#3680 = CYLINDRICAL_SURFACE('',#3681,0.2);
#3681 = AXIS2_PLACEMENT_3D('',#3682,#3683,#3684);
#3682 = CARTESIAN_POINT('',(290.,28.4,-3.482842712475));
#3683 = DIRECTION('',(-1.,0.,0.));
#3684 = DIRECTION('',(0.,0.,1.));
#3685 = ADVANCED_FACE('',(#3686),#3715,.T.);
#3686 = FACE_BOUND('',#3687,.T.);
#3687 = EDGE_LOOP('',(#3688,#3699,#3700,#3709));
#3688 = ORIENTED_EDGE('',*,*,#3689,.F.);
#3689 = EDGE_CURVE('',#3602,#3690,#3692,.T.);
#3690 = VERTEX_POINT('',#3691);
#3691 = CARTESIAN_POINT('',(133.41288830808,29.941421356237,
    -4.741421356237));
#3692 = B_SPLINE_CURVE_WITH_KNOTS('',3,(#3693,#3694,#3695,#3696,#3697,
    #3698),.UNSPECIFIED.,.F.,.F.,(4,2,4),(0.,2.672186286202E-04,
    5.344372572403E-04),.UNSPECIFIED.);
#3693 = CARTESIAN_POINT('',(133.92396698692,30.,-4.882842712475));
#3694 = CARTESIAN_POINT('',(133.83670166791,30.,-4.863612036888));
#3695 = CARTESIAN_POINT('',(133.75022259494,29.997399684112,
    -4.842099790043));
#3696 = CARTESIAN_POINT('',(133.57919780177,29.981268713674,
    -4.794704897328));
#3697 = CARTESIAN_POINT('',(133.49395720822,29.968557817986,
    -4.768557817986));
#3698 = CARTESIAN_POINT('',(133.41288830808,29.941421356237,
    -4.741421356237));
#3699 = ORIENTED_EDGE('',*,*,#3642,.T.);
#3700 = ORIENTED_EDGE('',*,*,#3701,.T.);
#3701 = EDGE_CURVE('',#3635,#3702,#3704,.T.);
#3702 = VERTEX_POINT('',#3703);
#3703 = CARTESIAN_POINT('',(-1.11E-13,29.941421356237,-4.741421356237));
#3704 = CIRCLE('',#3705,0.2);
#3705 = AXIS2_PLACEMENT_3D('',#3706,#3707,#3708);
#3706 = CARTESIAN_POINT('',(0.,29.8,-4.882842712475));
#3707 = DIRECTION('',(1.,0.,-0.));
#3708 = DIRECTION('',(0.,-5.204E-14,1.));
#3709 = ORIENTED_EDGE('',*,*,#3710,.T.);
#3710 = EDGE_CURVE('',#3702,#3690,#3711,.T.);
#3711 = LINE('',#3712,#3713);
#3712 = CARTESIAN_POINT('',(290.,29.941421356237,-4.741421356237));
#3713 = VECTOR('',#3714,1.);
#3714 = DIRECTION('',(1.,-0.,0.));
#3715 = CYLINDRICAL_SURFACE('',#3716,0.2);
#3716 = AXIS2_PLACEMENT_3D('',#3717,#3718,#3719);
#3717 = CARTESIAN_POINT('',(290.,29.8,-4.882842712475));
#3718 = DIRECTION('',(-1.,0.,0.));
#3719 = DIRECTION('',(0.,0.,1.));
#3720 = ADVANCED_FACE('',(#3721),#3756,.F.);
#3721 = FACE_BOUND('',#3722,.T.);
#3722 = EDGE_LOOP('',(#3723,#3733,#3742,#3750));
#3723 = ORIENTED_EDGE('',*,*,#3724,.F.);
#3724 = EDGE_CURVE('',#3725,#3727,#3729,.T.);
#3725 = VERTEX_POINT('',#3726);
#3726 = CARTESIAN_POINT('',(136.58711169191,29.941421356237,
    -4.741421356237));
#3727 = VERTEX_POINT('',#3728);
#3728 = CARTESIAN_POINT('',(290.,29.941421356237,-4.741421356237));
#3729 = LINE('',#3730,#3731);
#3730 = CARTESIAN_POINT('',(290.,29.941421356237,-4.741421356237));
#3731 = VECTOR('',#3732,1.);
#3732 = DIRECTION('',(1.,-0.,0.));
#3733 = ORIENTED_EDGE('',*,*,#3734,.T.);
#3734 = EDGE_CURVE('',#3725,#3735,#3737,.T.);
#3735 = VERTEX_POINT('',#3736);
#3736 = CARTESIAN_POINT('',(138.71952998644,28.541421356237,
    -3.341421356237));
#3737 = ( BOUNDED_CURVE() B_SPLINE_CURVE(3,(#3738,#3739,#3740,#3741),
.UNSPECIFIED.,.F.,.F.) B_SPLINE_CURVE_WITH_KNOTS((4,4),(0.323010008936,
0.838896314118),.PIECEWISE_BEZIER_KNOTS.) CURVE() 
GEOMETRIC_REPRESENTATION_ITEM() RATIONAL_B_SPLINE_CURVE((1.,
0.977944472676,0.977944472676,1.)) REPRESENTATION_ITEM('') );
#3738 = CARTESIAN_POINT('',(136.58711169191,29.941421356237,
    -4.741421356237));
#3739 = CARTESIAN_POINT('',(137.41163024658,29.665427526541,
    -4.465427526541));
#3740 = CARTESIAN_POINT('',(138.13846711517,29.188236152485,
    -3.988236152485));
#3741 = CARTESIAN_POINT('',(138.71952998644,28.541421356237,
    -3.341421356237));
#3742 = ORIENTED_EDGE('',*,*,#3743,.F.);
#3743 = EDGE_CURVE('',#3744,#3735,#3746,.T.);
#3744 = VERTEX_POINT('',#3745);
#3745 = CARTESIAN_POINT('',(290.,28.541421356237,-3.341421356237));
#3746 = LINE('',#3747,#3748);
#3747 = CARTESIAN_POINT('',(290.,28.541421356237,-3.341421356237));
#3748 = VECTOR('',#3749,1.);
#3749 = DIRECTION('',(-1.,0.,-0.));
#3750 = ORIENTED_EDGE('',*,*,#3751,.F.);
#3751 = EDGE_CURVE('',#3727,#3744,#3752,.T.);
#3752 = LINE('',#3753,#3754);
#3753 = CARTESIAN_POINT('',(290.,29.941421356237,-4.741421356237));
#3754 = VECTOR('',#3755,1.);
#3755 = DIRECTION('',(0.,-0.707106781187,0.707106781187));
#3756 = PLANE('',#3757);
#3757 = AXIS2_PLACEMENT_3D('',#3758,#3759,#3760);
#3758 = CARTESIAN_POINT('',(290.,30.,-4.8));
#3759 = DIRECTION('',(0.,-0.707106781187,-0.707106781187));
#3760 = DIRECTION('',(0.,0.707106781187,-0.707106781187));
#3761 = ADVANCED_FACE('',(#3762),#3797,.F.);
#3762 = FACE_BOUND('',#3763,.T.);
#3763 = EDGE_LOOP('',(#3764,#3774,#3783,#3791));
#3764 = ORIENTED_EDGE('',*,*,#3765,.F.);
#3765 = EDGE_CURVE('',#3766,#3768,#3770,.T.);
#3766 = VERTEX_POINT('',#3767);
#3767 = CARTESIAN_POINT('',(133.41288830808,29.941421356237,
    4.741421356237));
#3768 = VERTEX_POINT('',#3769);
#3769 = CARTESIAN_POINT('',(0.,29.941421356237,4.741421356237));
#3770 = LINE('',#3771,#3772);
#3771 = CARTESIAN_POINT('',(290.,29.941421356237,4.741421356237));
#3772 = VECTOR('',#3773,1.);
#3773 = DIRECTION('',(-1.,-0.,-0.));
#3774 = ORIENTED_EDGE('',*,*,#3775,.T.);
#3775 = EDGE_CURVE('',#3766,#3776,#3778,.T.);
#3776 = VERTEX_POINT('',#3777);
#3777 = CARTESIAN_POINT('',(131.28047001355,28.541421356237,
    3.341421356237));
#3778 = ( BOUNDED_CURVE() B_SPLINE_CURVE(3,(#3779,#3780,#3781,#3782),
.UNSPECIFIED.,.F.,.F.) B_SPLINE_CURVE_WITH_KNOTS((4,4),(0.323010008936,
0.838896314118),.PIECEWISE_BEZIER_KNOTS.) CURVE() 
GEOMETRIC_REPRESENTATION_ITEM() RATIONAL_B_SPLINE_CURVE((1.,
0.977944472676,0.977944472676,1.)) REPRESENTATION_ITEM('') );
#3779 = CARTESIAN_POINT('',(133.41288830808,29.941421356237,
    4.741421356237));
#3780 = CARTESIAN_POINT('',(132.58836975341,29.665427526541,
    4.465427526541));
#3781 = CARTESIAN_POINT('',(131.86153288482,29.188236152485,
    3.988236152485));
#3782 = CARTESIAN_POINT('',(131.28047001355,28.541421356237,
    3.341421356237));
#3783 = ORIENTED_EDGE('',*,*,#3784,.F.);
#3784 = EDGE_CURVE('',#3785,#3776,#3787,.T.);
#3785 = VERTEX_POINT('',#3786);
#3786 = CARTESIAN_POINT('',(0.,28.541421356237,3.341421356237));
#3787 = LINE('',#3788,#3789);
#3788 = CARTESIAN_POINT('',(290.,28.541421356237,3.341421356237));
#3789 = VECTOR('',#3790,1.);
#3790 = DIRECTION('',(1.,0.,0.));
#3791 = ORIENTED_EDGE('',*,*,#3792,.T.);
#3792 = EDGE_CURVE('',#3785,#3768,#3793,.T.);
#3793 = LINE('',#3794,#3795);
#3794 = CARTESIAN_POINT('',(0.,30.,4.8));
#3795 = VECTOR('',#3796,1.);
#3796 = DIRECTION('',(-0.,0.707106781187,0.707106781187));
#3797 = PLANE('',#3798);
#3798 = AXIS2_PLACEMENT_3D('',#3799,#3800,#3801);
#3799 = CARTESIAN_POINT('',(290.,30.,4.8));
#3800 = DIRECTION('',(0.,-0.707106781187,0.707106781187));
#3801 = DIRECTION('',(0.,-0.707106781187,-0.707106781187));
#3802 = ADVANCED_FACE('',(#3803),#3823,.T.);
#3803 = FACE_BOUND('',#3804,.T.);
#3804 = EDGE_LOOP('',(#3805,#3814,#3815,#3822));
#3805 = ORIENTED_EDGE('',*,*,#3806,.F.);
#3806 = EDGE_CURVE('',#3766,#3527,#3807,.T.);
#3807 = B_SPLINE_CURVE_WITH_KNOTS('',3,(#3808,#3809,#3810,#3811,#3812,
    #3813),.UNSPECIFIED.,.F.,.F.,(4,2,4),(0.,2.668650181207E-04,
    5.337300362413E-04),.UNSPECIFIED.);
#3808 = CARTESIAN_POINT('',(133.41288830808,29.941421356237,
    4.741421356237));
#3809 = CARTESIAN_POINT('',(133.49433762304,29.968685155499,
    4.768685155499));
#3810 = CARTESIAN_POINT('',(133.57854838789,29.981178779041,
    4.794512817576));
#3811 = CARTESIAN_POINT('',(133.74960936664,29.997370316127,
    4.841941873616));
#3812 = CARTESIAN_POINT('',(133.83660693982,30.,4.863591161638));
#3813 = CARTESIAN_POINT('',(133.92396698692,30.,4.882842712475));
#3814 = ORIENTED_EDGE('',*,*,#3765,.T.);
#3815 = ORIENTED_EDGE('',*,*,#3816,.T.);
#3816 = EDGE_CURVE('',#3768,#3536,#3817,.T.);
#3817 = CIRCLE('',#3818,0.2);
#3818 = AXIS2_PLACEMENT_3D('',#3819,#3820,#3821);
#3819 = CARTESIAN_POINT('',(0.,29.8,4.882842712475));
#3820 = DIRECTION('',(1.,0.,-0.));
#3821 = DIRECTION('',(0.,1.735E-14,1.));
#3822 = ORIENTED_EDGE('',*,*,#3535,.T.);
#3823 = CYLINDRICAL_SURFACE('',#3824,0.2);
#3824 = AXIS2_PLACEMENT_3D('',#3825,#3826,#3827);
#3825 = CARTESIAN_POINT('',(290.,29.8,4.882842712475));
#3826 = DIRECTION('',(-1.,0.,0.));
#3827 = DIRECTION('',(0.,0.,1.));
#3828 = ADVANCED_FACE('',(#3829),#3862,.T.);
#3829 = FACE_BOUND('',#3830,.T.);
#3830 = EDGE_LOOP('',(#3831,#3846,#3854,#3861));
#3831 = ORIENTED_EDGE('',*,*,#3832,.F.);
#3832 = EDGE_CURVE('',#3833,#3776,#3835,.T.);
#3833 = VERTEX_POINT('',#3834);
#3834 = CARTESIAN_POINT('',(131.41254872644,28.2,3.482842712475));
#3835 = B_SPLINE_CURVE_WITH_KNOTS('',3,(#3836,#3837,#3838,#3839,#3840,
    #3841,#3842,#3843,#3844,#3845),.UNSPECIFIED.,.F.,.F.,(4,2,2,2,4),(0.
    ,1.34499385661E-04,2.68998771322E-04,4.03498156983E-04,
    5.37997542644E-04),.UNSPECIFIED.);
#3836 = CARTESIAN_POINT('',(131.41254872644,28.2,3.482842712475));
#3837 = CARTESIAN_POINT('',(131.3810310981,28.2,3.450378439681));
#3838 = CARTESIAN_POINT('',(131.35010199029,28.207755495286,
    3.417597703196));
#3839 = CARTESIAN_POINT('',(131.29375880123,28.241159532345,
    3.356412626405));
#3840 = CARTESIAN_POINT('',(131.26795145238,28.267240097311,
    3.32754115025));
#3841 = CARTESIAN_POINT('',(131.23253915873,28.340474140184,
    3.287393386549));
#3842 = CARTESIAN_POINT('',(131.22471069766,28.38779152848,
    3.278304268904));
#3843 = CARTESIAN_POINT('',(131.23705226139,28.475766624039,
    3.292462985726));
#3844 = CARTESIAN_POINT('',(131.25608818836,28.514280531956,
    3.314280531948));
#3845 = CARTESIAN_POINT('',(131.28047001355,28.541421356237,
    3.341421356237));
#3846 = ORIENTED_EDGE('',*,*,#3847,.T.);
#3847 = EDGE_CURVE('',#3833,#3848,#3850,.T.);
#3848 = VERTEX_POINT('',#3849);
#3849 = CARTESIAN_POINT('',(0.,28.2,3.482842712475));
#3850 = LINE('',#3851,#3852);
#3851 = CARTESIAN_POINT('',(290.,28.2,3.482842712475));
#3852 = VECTOR('',#3853,1.);
#3853 = DIRECTION('',(-1.,0.,0.));
#3854 = ORIENTED_EDGE('',*,*,#3855,.T.);
#3855 = EDGE_CURVE('',#3848,#3785,#3856,.T.);
#3856 = CIRCLE('',#3857,0.2);
#3857 = AXIS2_PLACEMENT_3D('',#3858,#3859,#3860);
#3858 = CARTESIAN_POINT('',(0.,28.4,3.482842712475));
#3859 = DIRECTION('',(1.,0.,-0.));
#3860 = DIRECTION('',(0.,0.,1.));
#3861 = ORIENTED_EDGE('',*,*,#3784,.T.);
#3862 = CYLINDRICAL_SURFACE('',#3863,0.2);
#3863 = AXIS2_PLACEMENT_3D('',#3864,#3865,#3866);
#3864 = CARTESIAN_POINT('',(290.,28.4,3.482842712475));
#3865 = DIRECTION('',(-1.,0.,0.));
#3866 = DIRECTION('',(0.,0.,1.));
#3867 = ADVANCED_FACE('',(#3868),#3894,.T.);
#3868 = FACE_BOUND('',#3869,.T.);
#3869 = EDGE_LOOP('',(#3870,#3879,#3880,#3888));
#3870 = ORIENTED_EDGE('',*,*,#3871,.F.);
#3871 = EDGE_CURVE('',#3552,#3872,#3874,.T.);
#3872 = VERTEX_POINT('',#3873);
#3873 = CARTESIAN_POINT('',(151.,28.2,17.));
#3874 = ( BOUNDED_CURVE() B_SPLINE_CURVE(3,(#3875,#3876,#3877,#3878),
.UNSPECIFIED.,.F.,.F.) B_SPLINE_CURVE_WITH_KNOTS((4,4),(0.283794109208,
0.927295218002),.PIECEWISE_BEZIER_KNOTS.) CURVE() 
GEOMETRIC_REPRESENTATION_ITEM() RATIONAL_B_SPLINE_CURVE((1.,
0.965788865367,0.965788865367,1.)) REPRESENTATION_ITEM('') );
#3875 = CARTESIAN_POINT('',(153.6,30.,15.2));
#3876 = CARTESIAN_POINT('',(152.5522255976,29.694399132634,
    15.505600867367));
#3877 = CARTESIAN_POINT('',(151.6548590015,29.073145335333,
    16.126854664667));
#3878 = CARTESIAN_POINT('',(151.,28.2,17.));
#3879 = ORIENTED_EDGE('',*,*,#3551,.T.);
#3880 = ORIENTED_EDGE('',*,*,#3881,.T.);
#3881 = EDGE_CURVE('',#3544,#3882,#3884,.T.);
#3882 = VERTEX_POINT('',#3883);
#3883 = CARTESIAN_POINT('',(-1.39E-13,28.2,17.));
#3884 = LINE('',#3885,#3886);
#3885 = CARTESIAN_POINT('',(-2.7756E-13,30.,15.2));
#3886 = VECTOR('',#3887,1.);
#3887 = DIRECTION('',(0.,-0.707106781187,0.707106781187));
#3888 = ORIENTED_EDGE('',*,*,#3889,.F.);
#3889 = EDGE_CURVE('',#3872,#3882,#3890,.T.);
#3890 = LINE('',#3891,#3892);
#3891 = CARTESIAN_POINT('',(290.,28.2,17.));
#3892 = VECTOR('',#3893,1.);
#3893 = DIRECTION('',(-1.,-0.,-0.));
#3894 = PLANE('',#3895);
#3895 = AXIS2_PLACEMENT_3D('',#3896,#3897,#3898);
#3896 = CARTESIAN_POINT('',(290.,30.,15.2));
#3897 = DIRECTION('',(0.,0.707106781187,0.707106781187));
#3898 = DIRECTION('',(0.,-0.707106781187,0.707106781187));
#3899 = ADVANCED_FACE('',(#3900),#3925,.T.);
#3900 = FACE_BOUND('',#3901,.T.);
#3901 = EDGE_LOOP('',(#3902,#3903,#3911,#3919));
#3902 = ORIENTED_EDGE('',*,*,#830,.F.);
#3903 = ORIENTED_EDGE('',*,*,#3904,.F.);
#3904 = EDGE_CURVE('',#3905,#831,#3907,.T.);
#3905 = VERTEX_POINT('',#3906);
#3906 = CARTESIAN_POINT('',(290.,30.,24.8));
#3907 = LINE('',#3908,#3909);
#3908 = CARTESIAN_POINT('',(290.,30.,24.8));
#3909 = VECTOR('',#3910,1.);
#3910 = DIRECTION('',(-1.,0.,-0.));
#3911 = ORIENTED_EDGE('',*,*,#3912,.F.);
#3912 = EDGE_CURVE('',#3913,#3905,#3915,.T.);
#3913 = VERTEX_POINT('',#3914);
#3914 = CARTESIAN_POINT('',(290.,28.2,23.));
#3915 = LINE('',#3916,#3917);
#3916 = CARTESIAN_POINT('',(290.,28.2,23.));
#3917 = VECTOR('',#3918,1.);
#3918 = DIRECTION('',(0.,0.707106781187,0.707106781187));
#3919 = ORIENTED_EDGE('',*,*,#3920,.T.);
#3920 = EDGE_CURVE('',#3913,#833,#3921,.T.);
#3921 = LINE('',#3922,#3923);
#3922 = CARTESIAN_POINT('',(290.,28.2,23.));
#3923 = VECTOR('',#3924,1.);
#3924 = DIRECTION('',(-1.,0.,-0.));
#3925 = PLANE('',#3926);
#3926 = AXIS2_PLACEMENT_3D('',#3927,#3928,#3929);
#3927 = CARTESIAN_POINT('',(290.,30.,24.8));
#3928 = DIRECTION('',(0.,0.707106781187,-0.707106781187));
#3929 = DIRECTION('',(0.,0.707106781187,0.707106781187));
#3930 = ADVANCED_FACE('',(#3931),#3998,.F.);
#3931 = FACE_BOUND('',#3932,.T.);
#3932 = EDGE_LOOP('',(#3933,#3944,#3952,#3960,#3966,#3967,#3976,#3984,
    #3992));
#3933 = ORIENTED_EDGE('',*,*,#3934,.F.);
#3934 = EDGE_CURVE('',#3935,#3937,#3939,.T.);
#3935 = VERTEX_POINT('',#3936);
#3936 = CARTESIAN_POINT('',(146.07603301307,15.117157287525,-10.));
#3937 = VERTEX_POINT('',#3938);
#3938 = CARTESIAN_POINT('',(143.92396698692,15.117157287525,-10.));
#3939 = CIRCLE('',#3940,5.);
#3940 = AXIS2_PLACEMENT_3D('',#3941,#3942,#3943);
#3941 = CARTESIAN_POINT('',(145.,20.,-10.));
#3942 = DIRECTION('',(-0.,1.7E-16,-1.));
#3943 = DIRECTION('',(0.,1.,1.7E-16));
#3944 = ORIENTED_EDGE('',*,*,#3945,.F.);
#3945 = EDGE_CURVE('',#3946,#3935,#3948,.T.);
#3946 = VERTEX_POINT('',#3947);
#3947 = CARTESIAN_POINT('',(290.,15.117157287525,-10.));
#3948 = LINE('',#3949,#3950);
#3949 = CARTESIAN_POINT('',(290.,15.117157287525,-10.));
#3950 = VECTOR('',#3951,1.);
#3951 = DIRECTION('',(-1.,-0.,-0.));
#3952 = ORIENTED_EDGE('',*,*,#3953,.F.);
#3953 = EDGE_CURVE('',#3954,#3946,#3956,.T.);
#3954 = VERTEX_POINT('',#3955);
#3955 = CARTESIAN_POINT('',(290.,4.882842712475,-10.));
#3956 = LINE('',#3957,#3958);
#3957 = CARTESIAN_POINT('',(290.,0.,-10.));
#3958 = VECTOR('',#3959,1.);
#3959 = DIRECTION('',(0.,1.,0.));
#3960 = ORIENTED_EDGE('',*,*,#3961,.F.);
#3961 = EDGE_CURVE('',#1691,#3954,#3962,.T.);
#3962 = LINE('',#3963,#3964);
#3963 = CARTESIAN_POINT('',(290.,4.882842712475,-10.));
#3964 = VECTOR('',#3965,1.);
#3965 = DIRECTION('',(1.,0.,0.));
#3966 = ORIENTED_EDGE('',*,*,#1701,.F.);
#3967 = ORIENTED_EDGE('',*,*,#3968,.F.);
#3968 = EDGE_CURVE('',#3969,#1702,#3971,.T.);
#3969 = VERTEX_POINT('',#3970);
#3970 = CARTESIAN_POINT('',(143.92396698692,4.882842712475,-10.));
#3971 = CIRCLE('',#3972,5.);
#3972 = AXIS2_PLACEMENT_3D('',#3973,#3974,#3975);
#3973 = CARTESIAN_POINT('',(145.,3.446E-14,-10.));
#3974 = DIRECTION('',(-0.,1.7E-16,-1.));
#3975 = DIRECTION('',(0.,1.,1.7E-16));
#3976 = ORIENTED_EDGE('',*,*,#3977,.F.);
#3977 = EDGE_CURVE('',#3978,#3969,#3980,.T.);
#3978 = VERTEX_POINT('',#3979);
#3979 = CARTESIAN_POINT('',(0.,4.882842712475,-10.));
#3980 = LINE('',#3981,#3982);
#3981 = CARTESIAN_POINT('',(290.,4.882842712475,-10.));
#3982 = VECTOR('',#3983,1.);
#3983 = DIRECTION('',(1.,0.,0.));
#3984 = ORIENTED_EDGE('',*,*,#3985,.T.);
#3985 = EDGE_CURVE('',#3978,#3986,#3988,.T.);
#3986 = VERTEX_POINT('',#3987);
#3987 = CARTESIAN_POINT('',(0.,15.117157287525,-10.));
#3988 = LINE('',#3989,#3990);
#3989 = CARTESIAN_POINT('',(0.,10.,-10.));
#3990 = VECTOR('',#3991,1.);
#3991 = DIRECTION('',(-0.,1.,1.7E-16));
#3992 = ORIENTED_EDGE('',*,*,#3993,.F.);
#3993 = EDGE_CURVE('',#3937,#3986,#3994,.T.);
#3994 = LINE('',#3995,#3996);
#3995 = CARTESIAN_POINT('',(290.,15.117157287525,-10.));
#3996 = VECTOR('',#3997,1.);
#3997 = DIRECTION('',(-1.,-0.,-0.));
#3998 = PLANE('',#3999);
#3999 = AXIS2_PLACEMENT_3D('',#4000,#4001,#4002);
#4000 = CARTESIAN_POINT('',(290.,10.,-10.));
#4001 = DIRECTION('',(0.,-1.7E-16,1.));
#4002 = DIRECTION('',(0.,-1.,-1.7E-16));
#4003 = ADVANCED_FACE('',(#4004),#4046,.T.);
#4004 = FACE_BOUND('',#4005,.T.);
#4005 = EDGE_LOOP('',(#4006,#4023,#4031,#4040));
#4006 = ORIENTED_EDGE('',*,*,#4007,.F.);
#4007 = EDGE_CURVE('',#4008,#4010,#4012,.T.);
#4008 = VERTEX_POINT('',#4009);
#4009 = CARTESIAN_POINT('',(141.28047001355,16.658578643763,
    -8.541421356237));
#4010 = VERTEX_POINT('',#4011);
#4011 = CARTESIAN_POINT('',(141.41254872644,16.517157287525,-8.2));
#4012 = B_SPLINE_CURVE_WITH_KNOTS('',3,(#4013,#4014,#4015,#4016,#4017,
    #4018,#4019,#4020,#4021,#4022),.UNSPECIFIED.,.F.,.F.,(4,2,2,2,4),(0.
    ,1.347193510692E-04,2.694387021385E-04,4.041580532077E-04,
    5.388774042769E-04),.UNSPECIFIED.);
#4013 = CARTESIAN_POINT('',(141.28047001355,16.658578643763,
    -8.541421356237));
#4014 = CARTESIAN_POINT('',(141.25611656724,16.685687877871,
    -8.514312122129));
#4015 = CARTESIAN_POINT('',(141.23716323715,16.707409876661,
    -8.476147846709));
#4016 = CARTESIAN_POINT('',(141.22468039157,16.721730322507,
    -8.387982696249));
#4017 = CARTESIAN_POINT('',(141.23255939605,16.712584728704,
    -8.340523121208));
#4018 = CARTESIAN_POINT('',(141.26775751411,16.672677668634,
    -8.267550783558));
#4019 = CARTESIAN_POINT('',(141.29374470282,16.643603898819,
    -8.241185030524));
#4020 = CARTESIAN_POINT('',(141.34998191074,16.582531483098,
    -8.207809587672));
#4021 = CARTESIAN_POINT('',(141.38101713903,16.549635938657,-8.2));
#4022 = CARTESIAN_POINT('',(141.41254872644,16.517157287525,-8.2));
#4023 = ORIENTED_EDGE('',*,*,#4024,.T.);
#4024 = EDGE_CURVE('',#4008,#4025,#4027,.T.);
#4025 = VERTEX_POINT('',#4026);
#4026 = CARTESIAN_POINT('',(0.,16.658578643763,-8.541421356237));
#4027 = LINE('',#4028,#4029);
#4028 = CARTESIAN_POINT('',(290.,16.658578643763,-8.541421356237));
#4029 = VECTOR('',#4030,1.);
#4030 = DIRECTION('',(-1.,-0.,-0.));
#4031 = ORIENTED_EDGE('',*,*,#4032,.T.);
#4032 = EDGE_CURVE('',#4025,#4033,#4035,.T.);
#4033 = VERTEX_POINT('',#4034);
#4034 = CARTESIAN_POINT('',(0.,16.517157287525,-8.2));
#4035 = CIRCLE('',#4036,0.2);
#4036 = AXIS2_PLACEMENT_3D('',#4037,#4038,#4039);
#4037 = CARTESIAN_POINT('',(0.,16.517157287525,-8.4));
#4038 = DIRECTION('',(1.,0.,-0.));
#4039 = DIRECTION('',(0.,-1.735E-14,1.));
#4040 = ORIENTED_EDGE('',*,*,#4041,.T.);
#4041 = EDGE_CURVE('',#4033,#4010,#4042,.T.);
#4042 = LINE('',#4043,#4044);
#4043 = CARTESIAN_POINT('',(290.,16.517157287525,-8.2));
#4044 = VECTOR('',#4045,1.);
#4045 = DIRECTION('',(1.,-0.,0.));
#4046 = CYLINDRICAL_SURFACE('',#4047,0.2);
#4047 = AXIS2_PLACEMENT_3D('',#4048,#4049,#4050);
#4048 = CARTESIAN_POINT('',(290.,16.517157287525,-8.4));
#4049 = DIRECTION('',(-1.,0.,0.));
#4050 = DIRECTION('',(0.,0.,1.));
#4051 = ADVANCED_FACE('',(#4052),#4081,.T.);
#4052 = FACE_BOUND('',#4053,.T.);
#4053 = EDGE_LOOP('',(#4054,#4065,#4066,#4075));
#4054 = ORIENTED_EDGE('',*,*,#4055,.F.);
#4055 = EDGE_CURVE('',#3937,#4056,#4058,.T.);
#4056 = VERTEX_POINT('',#4057);
#4057 = CARTESIAN_POINT('',(143.41288830808,15.258578643763,
    -9.941421356237));
#4058 = B_SPLINE_CURVE_WITH_KNOTS('',3,(#4059,#4060,#4061,#4062,#4063,
    #4064),.UNSPECIFIED.,.F.,.F.,(4,2,4),(0.,2.672186286201E-04,
    5.344372572402E-04),.UNSPECIFIED.);
#4059 = CARTESIAN_POINT('',(143.92396698692,15.117157287525,-10.));
#4060 = CARTESIAN_POINT('',(143.83670166791,15.136387963112,-10.));
#4061 = CARTESIAN_POINT('',(143.75022259494,15.157900209957,
    -9.997399684112));
#4062 = CARTESIAN_POINT('',(143.57919780177,15.205295102672,
    -9.981268713674));
#4063 = CARTESIAN_POINT('',(143.49395720822,15.231442182014,
    -9.968557817986));
#4064 = CARTESIAN_POINT('',(143.41288830808,15.258578643763,
    -9.941421356237));
#4065 = ORIENTED_EDGE('',*,*,#3993,.T.);
#4066 = ORIENTED_EDGE('',*,*,#4067,.T.);
#4067 = EDGE_CURVE('',#3986,#4068,#4070,.T.);
#4068 = VERTEX_POINT('',#4069);
#4069 = CARTESIAN_POINT('',(0.,15.258578643763,-9.941421356237));
#4070 = CIRCLE('',#4071,0.2);
#4071 = AXIS2_PLACEMENT_3D('',#4072,#4073,#4074);
#4072 = CARTESIAN_POINT('',(0.,15.117157287525,-9.8));
#4073 = DIRECTION('',(1.,0.,-0.));
#4074 = DIRECTION('',(0.,0.,1.));
#4075 = ORIENTED_EDGE('',*,*,#4076,.T.);
#4076 = EDGE_CURVE('',#4068,#4056,#4077,.T.);
#4077 = LINE('',#4078,#4079);
#4078 = CARTESIAN_POINT('',(290.,15.258578643763,-9.941421356237));
#4079 = VECTOR('',#4080,1.);
#4080 = DIRECTION('',(1.,0.,0.));
#4081 = CYLINDRICAL_SURFACE('',#4082,0.2);
#4082 = AXIS2_PLACEMENT_3D('',#4083,#4084,#4085);
#4083 = CARTESIAN_POINT('',(290.,15.117157287525,-9.8));
#4084 = DIRECTION('',(-1.,0.,0.));
#4085 = DIRECTION('',(0.,0.,1.));
#4086 = ADVANCED_FACE('',(#4087),#4129,.T.);
#4087 = FACE_BOUND('',#4088,.T.);
#4088 = EDGE_LOOP('',(#4089,#4106,#4114,#4123));
#4089 = ORIENTED_EDGE('',*,*,#4090,.F.);
#4090 = EDGE_CURVE('',#4091,#4093,#4095,.T.);
#4091 = VERTEX_POINT('',#4092);
#4092 = CARTESIAN_POINT('',(141.41254872644,23.482842712475,-8.2));
#4093 = VERTEX_POINT('',#4094);
#4094 = CARTESIAN_POINT('',(141.28047001355,23.341421356237,
    -8.541421356237));
#4095 = B_SPLINE_CURVE_WITH_KNOTS('',3,(#4096,#4097,#4098,#4099,#4100,
    #4101,#4102,#4103,#4104,#4105),.UNSPECIFIED.,.F.,.F.,(4,2,2,2,4),(0.
    ,1.34499385661E-04,2.68998771322E-04,4.03498156983E-04,
    5.37997542644E-04),.UNSPECIFIED.);
#4096 = CARTESIAN_POINT('',(141.41254872644,23.482842712475,-8.2));
#4097 = CARTESIAN_POINT('',(141.3810310981,23.450378439681,-8.2));
#4098 = CARTESIAN_POINT('',(141.35010199029,23.417597703196,
    -8.207755495286));
#4099 = CARTESIAN_POINT('',(141.29375880123,23.356412626405,
    -8.241159532345));
#4100 = CARTESIAN_POINT('',(141.26795145238,23.32754115025,
    -8.267240097311));
#4101 = CARTESIAN_POINT('',(141.23253915873,23.287393386549,
    -8.340474140184));
#4102 = CARTESIAN_POINT('',(141.22471069766,23.278304268904,
    -8.38779152848));
#4103 = CARTESIAN_POINT('',(141.23705226139,23.292462985726,
    -8.475766624039));
#4104 = CARTESIAN_POINT('',(141.25608818836,23.314280531948,
    -8.514280531956));
#4105 = CARTESIAN_POINT('',(141.28047001355,23.341421356237,
    -8.541421356237));
#4106 = ORIENTED_EDGE('',*,*,#4107,.T.);
#4107 = EDGE_CURVE('',#4091,#4108,#4110,.T.);
#4108 = VERTEX_POINT('',#4109);
#4109 = CARTESIAN_POINT('',(0.,23.482842712475,-8.2));
#4110 = LINE('',#4111,#4112);
#4111 = CARTESIAN_POINT('',(290.,23.482842712475,-8.2));
#4112 = VECTOR('',#4113,1.);
#4113 = DIRECTION('',(-1.,0.,0.));
#4114 = ORIENTED_EDGE('',*,*,#4115,.T.);
#4115 = EDGE_CURVE('',#4108,#4116,#4118,.T.);
#4116 = VERTEX_POINT('',#4117);
#4117 = CARTESIAN_POINT('',(0.,23.341421356237,-8.541421356237));
#4118 = CIRCLE('',#4119,0.2);
#4119 = AXIS2_PLACEMENT_3D('',#4120,#4121,#4122);
#4120 = CARTESIAN_POINT('',(0.,23.482842712475,-8.4));
#4121 = DIRECTION('',(1.,0.,-0.));
#4122 = DIRECTION('',(0.,0.,1.));
#4123 = ORIENTED_EDGE('',*,*,#4124,.T.);
#4124 = EDGE_CURVE('',#4116,#4093,#4125,.T.);
#4125 = LINE('',#4126,#4127);
#4126 = CARTESIAN_POINT('',(290.,23.341421356237,-8.541421356237));
#4127 = VECTOR('',#4128,1.);
#4128 = DIRECTION('',(1.,0.,-0.));
#4129 = CYLINDRICAL_SURFACE('',#4130,0.2);
#4130 = AXIS2_PLACEMENT_3D('',#4131,#4132,#4133);
#4131 = CARTESIAN_POINT('',(290.,23.482842712475,-8.4));
#4132 = DIRECTION('',(-1.,0.,0.));
#4133 = DIRECTION('',(0.,0.,1.));
#4134 = ADVANCED_FACE('',(#4135),#4170,.F.);
#4135 = FACE_BOUND('',#4136,.T.);
#4136 = EDGE_LOOP('',(#4137,#4147,#4156,#4164));
#4137 = ORIENTED_EDGE('',*,*,#4138,.F.);
#4138 = EDGE_CURVE('',#4139,#4141,#4143,.T.);
#4139 = VERTEX_POINT('',#4140);
#4140 = CARTESIAN_POINT('',(146.58711169191,15.258578643763,
    -9.941421356237));
#4141 = VERTEX_POINT('',#4142);
#4142 = CARTESIAN_POINT('',(290.,15.258578643763,-9.941421356237));
#4143 = LINE('',#4144,#4145);
#4144 = CARTESIAN_POINT('',(290.,15.258578643763,-9.941421356237));
#4145 = VECTOR('',#4146,1.);
#4146 = DIRECTION('',(1.,0.,0.));
#4147 = ORIENTED_EDGE('',*,*,#4148,.T.);
#4148 = EDGE_CURVE('',#4139,#4149,#4151,.T.);
#4149 = VERTEX_POINT('',#4150);
#4150 = CARTESIAN_POINT('',(148.71952998644,16.658578643763,
    -8.541421356237));
#4151 = ( BOUNDED_CURVE() B_SPLINE_CURVE(3,(#4152,#4153,#4154,#4155),
.UNSPECIFIED.,.F.,.F.) B_SPLINE_CURVE_WITH_KNOTS((4,4),(0.323010008936,
0.838896314118),.PIECEWISE_BEZIER_KNOTS.) CURVE() 
GEOMETRIC_REPRESENTATION_ITEM() RATIONAL_B_SPLINE_CURVE((1.,
0.977944472676,0.977944472676,1.)) REPRESENTATION_ITEM('') );
#4152 = CARTESIAN_POINT('',(146.58711169191,15.258578643763,
    -9.941421356237));
#4153 = CARTESIAN_POINT('',(147.41163024658,15.534572473459,
    -9.665427526541));
#4154 = CARTESIAN_POINT('',(148.13846711517,16.011763847515,
    -9.188236152485));
#4155 = CARTESIAN_POINT('',(148.71952998644,16.658578643763,
    -8.541421356237));
#4156 = ORIENTED_EDGE('',*,*,#4157,.F.);
#4157 = EDGE_CURVE('',#4158,#4149,#4160,.T.);
#4158 = VERTEX_POINT('',#4159);
#4159 = CARTESIAN_POINT('',(290.,16.658578643763,-8.541421356237));
#4160 = LINE('',#4161,#4162);
#4161 = CARTESIAN_POINT('',(290.,16.658578643763,-8.541421356237));
#4162 = VECTOR('',#4163,1.);
#4163 = DIRECTION('',(-1.,-0.,-0.));
#4164 = ORIENTED_EDGE('',*,*,#4165,.F.);
#4165 = EDGE_CURVE('',#4141,#4158,#4166,.T.);
#4166 = LINE('',#4167,#4168);
#4167 = CARTESIAN_POINT('',(290.,15.258578643763,-9.941421356237));
#4168 = VECTOR('',#4169,1.);
#4169 = DIRECTION('',(0.,0.707106781187,0.707106781187));
#4170 = PLANE('',#4171);
#4171 = AXIS2_PLACEMENT_3D('',#4172,#4173,#4174);
#4172 = CARTESIAN_POINT('',(290.,15.2,-10.));
#4173 = DIRECTION('',(0.,-0.707106781187,0.707106781187));
#4174 = DIRECTION('',(0.,-0.707106781187,-0.707106781187));
#4175 = ADVANCED_FACE('',(#4176),#4202,.F.);
#4176 = FACE_BOUND('',#4177,.T.);
#4177 = EDGE_LOOP('',(#4178,#4188,#4195,#4196));
#4178 = ORIENTED_EDGE('',*,*,#4179,.F.);
#4179 = EDGE_CURVE('',#4180,#4182,#4184,.T.);
#4180 = VERTEX_POINT('',#4181);
#4181 = CARTESIAN_POINT('',(143.41288830808,24.741421356237,
    -9.941421356237));
#4182 = VERTEX_POINT('',#4183);
#4183 = CARTESIAN_POINT('',(0.,24.741421356237,-9.941421356237));
#4184 = LINE('',#4185,#4186);
#4185 = CARTESIAN_POINT('',(290.,24.741421356237,-9.941421356237));
#4186 = VECTOR('',#4187,1.);
#4187 = DIRECTION('',(-1.,-0.,0.));
#4188 = ORIENTED_EDGE('',*,*,#4189,.T.);
#4189 = EDGE_CURVE('',#4180,#4093,#4190,.T.);
#4190 = ( BOUNDED_CURVE() B_SPLINE_CURVE(3,(#4191,#4192,#4193,#4194),
.UNSPECIFIED.,.F.,.F.) B_SPLINE_CURVE_WITH_KNOTS((4,4),(0.323010008936,
0.838896314118),.PIECEWISE_BEZIER_KNOTS.) CURVE() 
GEOMETRIC_REPRESENTATION_ITEM() RATIONAL_B_SPLINE_CURVE((1.,
0.977944472676,0.977944472676,1.)) REPRESENTATION_ITEM('') );
#4191 = CARTESIAN_POINT('',(143.41288830808,24.741421356237,
    -9.941421356237));
#4192 = CARTESIAN_POINT('',(142.58836975341,24.465427526541,
    -9.665427526541));
#4193 = CARTESIAN_POINT('',(141.86153288482,23.988236152485,
    -9.188236152485));
#4194 = CARTESIAN_POINT('',(141.28047001355,23.341421356237,
    -8.541421356237));
#4195 = ORIENTED_EDGE('',*,*,#4124,.F.);
#4196 = ORIENTED_EDGE('',*,*,#4197,.T.);
#4197 = EDGE_CURVE('',#4116,#4182,#4198,.T.);
#4198 = LINE('',#4199,#4200);
#4199 = CARTESIAN_POINT('',(0.,24.8,-10.));
#4200 = VECTOR('',#4201,1.);
#4201 = DIRECTION('',(-0.,0.707106781187,-0.707106781187));
#4202 = PLANE('',#4203);
#4203 = AXIS2_PLACEMENT_3D('',#4204,#4205,#4206);
#4204 = CARTESIAN_POINT('',(290.,24.8,-10.));
#4205 = DIRECTION('',(0.,0.707106781187,0.707106781187));
#4206 = DIRECTION('',(0.,-0.707106781187,0.707106781187));
#4207 = ADVANCED_FACE('',(#4208),#4237,.T.);
#4208 = FACE_BOUND('',#4209,.T.);
#4209 = EDGE_LOOP('',(#4210,#4221,#4222,#4231));
#4210 = ORIENTED_EDGE('',*,*,#4211,.F.);
#4211 = EDGE_CURVE('',#4180,#4212,#4214,.T.);
#4212 = VERTEX_POINT('',#4213);
#4213 = CARTESIAN_POINT('',(143.92396698692,24.882842712475,-10.));
#4214 = B_SPLINE_CURVE_WITH_KNOTS('',3,(#4215,#4216,#4217,#4218,#4219,
    #4220),.UNSPECIFIED.,.F.,.F.,(4,2,4),(0.,2.668650181207E-04,
    5.337300362414E-04),.UNSPECIFIED.);
#4215 = CARTESIAN_POINT('',(143.41288830808,24.741421356237,
    -9.941421356237));
#4216 = CARTESIAN_POINT('',(143.49433762304,24.768685155499,
    -9.968685155499));
#4217 = CARTESIAN_POINT('',(143.57854838789,24.794512817576,
    -9.981178779041));
#4218 = CARTESIAN_POINT('',(143.74960936664,24.841941873617,
    -9.997370316127));
#4219 = CARTESIAN_POINT('',(143.83660693982,24.863591161638,-10.));
#4220 = CARTESIAN_POINT('',(143.92396698692,24.882842712475,-10.));
#4221 = ORIENTED_EDGE('',*,*,#4179,.T.);
#4222 = ORIENTED_EDGE('',*,*,#4223,.T.);
#4223 = EDGE_CURVE('',#4182,#4224,#4226,.T.);
#4224 = VERTEX_POINT('',#4225);
#4225 = CARTESIAN_POINT('',(0.,24.882842712475,-10.));
#4226 = CIRCLE('',#4227,0.2);
#4227 = AXIS2_PLACEMENT_3D('',#4228,#4229,#4230);
#4228 = CARTESIAN_POINT('',(0.,24.882842712475,-9.8));
#4229 = DIRECTION('',(1.,0.,-0.));
#4230 = DIRECTION('',(0.,0.,1.));
#4231 = ORIENTED_EDGE('',*,*,#4232,.T.);
#4232 = EDGE_CURVE('',#4224,#4212,#4233,.T.);
#4233 = LINE('',#4234,#4235);
#4234 = CARTESIAN_POINT('',(290.,24.882842712475,-10.));
#4235 = VECTOR('',#4236,1.);
#4236 = DIRECTION('',(1.,0.,-0.));
#4237 = CYLINDRICAL_SURFACE('',#4238,0.2);
#4238 = AXIS2_PLACEMENT_3D('',#4239,#4240,#4241);
#4239 = CARTESIAN_POINT('',(290.,24.882842712475,-9.8));
#4240 = DIRECTION('',(-1.,0.,0.));
#4241 = DIRECTION('',(0.,0.,1.));
#4242 = ADVANCED_FACE('',(#4243),#4285,.T.);
#4243 = FACE_BOUND('',#4244,.T.);
#4244 = EDGE_LOOP('',(#4245,#4262,#4270,#4279));
#4245 = ORIENTED_EDGE('',*,*,#4246,.F.);
#4246 = EDGE_CURVE('',#4247,#4249,#4251,.T.);
#4247 = VERTEX_POINT('',#4248);
#4248 = CARTESIAN_POINT('',(141.28047001355,-3.341421356237,
    -8.541421356237));
#4249 = VERTEX_POINT('',#4250);
#4250 = CARTESIAN_POINT('',(141.41254872644,-3.482842712475,-8.2));
#4251 = B_SPLINE_CURVE_WITH_KNOTS('',3,(#4252,#4253,#4254,#4255,#4256,
    #4257,#4258,#4259,#4260,#4261),.UNSPECIFIED.,.F.,.F.,(4,2,2,2,4),(
    2.E-17,1.347193510693E-04,2.694387021385E-04,4.041580532077E-04,
    5.38877404277E-04),.UNSPECIFIED.);
#4252 = CARTESIAN_POINT('',(141.28047001355,-3.341421356237,
    -8.541421356237));
#4253 = CARTESIAN_POINT('',(141.25611656724,-3.314312122129,
    -8.514312122129));
#4254 = CARTESIAN_POINT('',(141.23716323715,-3.292590123339,
    -8.476147846709));
#4255 = CARTESIAN_POINT('',(141.22468039157,-3.278269677493,
    -8.387982696249));
#4256 = CARTESIAN_POINT('',(141.23255939605,-3.287415271296,
    -8.340523121208));
#4257 = CARTESIAN_POINT('',(141.26775751411,-3.327322331366,
    -8.267550783558));
#4258 = CARTESIAN_POINT('',(141.29374470282,-3.356396101181,
    -8.241185030524));
#4259 = CARTESIAN_POINT('',(141.34998191074,-3.417468516902,
    -8.207809587672));
#4260 = CARTESIAN_POINT('',(141.38101713903,-3.450364061343,-8.2));
#4261 = CARTESIAN_POINT('',(141.41254872644,-3.482842712475,-8.2));
#4262 = ORIENTED_EDGE('',*,*,#4263,.T.);
#4263 = EDGE_CURVE('',#4247,#4264,#4266,.T.);
#4264 = VERTEX_POINT('',#4265);
#4265 = CARTESIAN_POINT('',(-1.11E-13,-3.341421356237,-8.541421356237));
#4266 = LINE('',#4267,#4268);
#4267 = CARTESIAN_POINT('',(290.,-3.341421356237,-8.541421356237));
#4268 = VECTOR('',#4269,1.);
#4269 = DIRECTION('',(-1.,-0.,-0.));
#4270 = ORIENTED_EDGE('',*,*,#4271,.T.);
#4271 = EDGE_CURVE('',#4264,#4272,#4274,.T.);
#4272 = VERTEX_POINT('',#4273);
#4273 = CARTESIAN_POINT('',(0.,-3.482842712475,-8.2));
#4274 = CIRCLE('',#4275,0.2);
#4275 = AXIS2_PLACEMENT_3D('',#4276,#4277,#4278);
#4276 = CARTESIAN_POINT('',(0.,-3.482842712475,-8.4));
#4277 = DIRECTION('',(1.,0.,-0.));
#4278 = DIRECTION('',(0.,-4.34E-15,1.));
#4279 = ORIENTED_EDGE('',*,*,#4280,.T.);
#4280 = EDGE_CURVE('',#4272,#4249,#4281,.T.);
#4281 = LINE('',#4282,#4283);
#4282 = CARTESIAN_POINT('',(290.,-3.482842712475,-8.2));
#4283 = VECTOR('',#4284,1.);
#4284 = DIRECTION('',(1.,0.,0.));
#4285 = CYLINDRICAL_SURFACE('',#4286,0.2);
#4286 = AXIS2_PLACEMENT_3D('',#4287,#4288,#4289);
#4287 = CARTESIAN_POINT('',(290.,-3.482842712475,-8.4));
#4288 = DIRECTION('',(-1.,0.,0.));
#4289 = DIRECTION('',(0.,0.,1.));
#4290 = ADVANCED_FACE('',(#4291),#4329,.T.);
#4291 = FACE_BOUND('',#4292,.T.);
#4292 = EDGE_LOOP('',(#4293,#4306,#4314,#4323));
#4293 = ORIENTED_EDGE('',*,*,#4294,.F.);
#4294 = EDGE_CURVE('',#4295,#4297,#4299,.T.);
#4295 = VERTEX_POINT('',#4296);
#4296 = CARTESIAN_POINT('',(143.92396698692,-4.882842712475,-10.));
#4297 = VERTEX_POINT('',#4298);
#4298 = CARTESIAN_POINT('',(143.41288830808,-4.741421356237,
    -9.941421356237));
#4299 = B_SPLINE_CURVE_WITH_KNOTS('',3,(#4300,#4301,#4302,#4303,#4304,
    #4305),.UNSPECIFIED.,.F.,.F.,(4,2,4),(0.,2.672186286202E-04,
    5.344372572404E-04),.UNSPECIFIED.);
#4300 = CARTESIAN_POINT('',(143.92396698692,-4.882842712475,-10.));
#4301 = CARTESIAN_POINT('',(143.83670166791,-4.863612036888,-10.));
#4302 = CARTESIAN_POINT('',(143.75022259494,-4.842099790043,
    -9.997399684112));
#4303 = CARTESIAN_POINT('',(143.57919780177,-4.794704897328,
    -9.981268713674));
#4304 = CARTESIAN_POINT('',(143.49395720822,-4.768557817986,
    -9.968557817986));
#4305 = CARTESIAN_POINT('',(143.41288830808,-4.741421356237,
    -9.941421356237));
#4306 = ORIENTED_EDGE('',*,*,#4307,.T.);
#4307 = EDGE_CURVE('',#4295,#4308,#4310,.T.);
#4308 = VERTEX_POINT('',#4309);
#4309 = CARTESIAN_POINT('',(0.,-4.882842712475,-10.));
#4310 = LINE('',#4311,#4312);
#4311 = CARTESIAN_POINT('',(290.,-4.882842712475,-10.));
#4312 = VECTOR('',#4313,1.);
#4313 = DIRECTION('',(-1.,-0.,-0.));
#4314 = ORIENTED_EDGE('',*,*,#4315,.T.);
#4315 = EDGE_CURVE('',#4308,#4316,#4318,.T.);
#4316 = VERTEX_POINT('',#4317);
#4317 = CARTESIAN_POINT('',(-1.11E-13,-4.741421356237,-9.941421356237));
#4318 = CIRCLE('',#4319,0.2);
#4319 = AXIS2_PLACEMENT_3D('',#4320,#4321,#4322);
#4320 = CARTESIAN_POINT('',(0.,-4.882842712475,-9.8));
#4321 = DIRECTION('',(1.,0.,-0.));
#4322 = DIRECTION('',(0.,-1.301E-14,1.));
#4323 = ORIENTED_EDGE('',*,*,#4324,.T.);
#4324 = EDGE_CURVE('',#4316,#4297,#4325,.T.);
#4325 = LINE('',#4326,#4327);
#4326 = CARTESIAN_POINT('',(290.,-4.741421356237,-9.941421356237));
#4327 = VECTOR('',#4328,1.);
#4328 = DIRECTION('',(1.,0.,0.));
#4329 = CYLINDRICAL_SURFACE('',#4330,0.2);
#4330 = AXIS2_PLACEMENT_3D('',#4331,#4332,#4333);
#4331 = CARTESIAN_POINT('',(290.,-4.882842712475,-9.8));
#4332 = DIRECTION('',(-1.,0.,0.));
#4333 = DIRECTION('',(0.,0.,1.));
#4334 = ADVANCED_FACE('',(#4335),#4377,.F.);
#4335 = FACE_BOUND('',#4336,.T.);
#4336 = EDGE_LOOP('',(#4337,#4346,#4354,#4362,#4370,#4376));
#4337 = ORIENTED_EDGE('',*,*,#4338,.F.);
#4338 = EDGE_CURVE('',#4339,#4295,#4341,.T.);
#4339 = VERTEX_POINT('',#4340);
#4340 = CARTESIAN_POINT('',(146.07603301307,-4.882842712475,-10.));
#4341 = CIRCLE('',#4342,5.);
#4342 = AXIS2_PLACEMENT_3D('',#4343,#4344,#4345);
#4343 = CARTESIAN_POINT('',(145.,3.446E-14,-10.));
#4344 = DIRECTION('',(-0.,1.7E-16,-1.));
#4345 = DIRECTION('',(0.,1.,1.7E-16));
#4346 = ORIENTED_EDGE('',*,*,#4347,.F.);
#4347 = EDGE_CURVE('',#4348,#4339,#4350,.T.);
#4348 = VERTEX_POINT('',#4349);
#4349 = CARTESIAN_POINT('',(290.,-4.882842712475,-10.));
#4350 = LINE('',#4351,#4352);
#4351 = CARTESIAN_POINT('',(290.,-4.882842712475,-10.));
#4352 = VECTOR('',#4353,1.);
#4353 = DIRECTION('',(-1.,-0.,-0.));
#4354 = ORIENTED_EDGE('',*,*,#4355,.F.);
#4355 = EDGE_CURVE('',#4356,#4348,#4358,.T.);
#4356 = VERTEX_POINT('',#4357);
#4357 = CARTESIAN_POINT('',(290.,-9.8,-10.));
#4358 = LINE('',#4359,#4360);
#4359 = CARTESIAN_POINT('',(290.,0.,-10.));
#4360 = VECTOR('',#4361,1.);
#4361 = DIRECTION('',(0.,1.,0.));
#4362 = ORIENTED_EDGE('',*,*,#4363,.F.);
#4363 = EDGE_CURVE('',#4364,#4356,#4366,.T.);
#4364 = VERTEX_POINT('',#4365);
#4365 = CARTESIAN_POINT('',(0.,-9.8,-10.));
#4366 = LINE('',#4367,#4368);
#4367 = CARTESIAN_POINT('',(290.,-9.8,-10.));
#4368 = VECTOR('',#4369,1.);
#4369 = DIRECTION('',(1.,0.,0.));
#4370 = ORIENTED_EDGE('',*,*,#4371,.T.);
#4371 = EDGE_CURVE('',#4364,#4308,#4372,.T.);
#4372 = LINE('',#4373,#4374);
#4373 = CARTESIAN_POINT('',(0.,10.,-10.));
#4374 = VECTOR('',#4375,1.);
#4375 = DIRECTION('',(-0.,1.,1.7E-16));
#4376 = ORIENTED_EDGE('',*,*,#4307,.F.);
#4377 = PLANE('',#4378);
#4378 = AXIS2_PLACEMENT_3D('',#4379,#4380,#4381);
#4379 = CARTESIAN_POINT('',(290.,10.,-10.));
#4380 = DIRECTION('',(0.,-1.7E-16,1.));
#4381 = DIRECTION('',(0.,-1.,-1.7E-16));
#4382 = ADVANCED_FACE('',(#4383),#4418,.F.);
#4383 = FACE_BOUND('',#4384,.T.);
#4384 = EDGE_LOOP('',(#4385,#4395,#4404,#4412));
#4385 = ORIENTED_EDGE('',*,*,#4386,.F.);
#4386 = EDGE_CURVE('',#4387,#4389,#4391,.T.);
#4387 = VERTEX_POINT('',#4388);
#4388 = CARTESIAN_POINT('',(146.58711169191,-4.741421356237,
    -9.941421356237));
#4389 = VERTEX_POINT('',#4390);
#4390 = CARTESIAN_POINT('',(290.,-4.741421356237,-9.941421356237));
#4391 = LINE('',#4392,#4393);
#4392 = CARTESIAN_POINT('',(290.,-4.741421356237,-9.941421356237));
#4393 = VECTOR('',#4394,1.);
#4394 = DIRECTION('',(1.,0.,0.));
#4395 = ORIENTED_EDGE('',*,*,#4396,.T.);
#4396 = EDGE_CURVE('',#4387,#4397,#4399,.T.);
#4397 = VERTEX_POINT('',#4398);
#4398 = CARTESIAN_POINT('',(148.71952998644,-3.341421356237,
    -8.541421356237));
#4399 = ( BOUNDED_CURVE() B_SPLINE_CURVE(3,(#4400,#4401,#4402,#4403),
.UNSPECIFIED.,.F.,.F.) B_SPLINE_CURVE_WITH_KNOTS((4,4),(0.323010008936,
0.838896314118),.PIECEWISE_BEZIER_KNOTS.) CURVE() 
GEOMETRIC_REPRESENTATION_ITEM() RATIONAL_B_SPLINE_CURVE((1.,
0.977944472676,0.977944472676,1.)) REPRESENTATION_ITEM('') );
#4400 = CARTESIAN_POINT('',(146.58711169191,-4.741421356237,
    -9.941421356237));
#4401 = CARTESIAN_POINT('',(147.41163024658,-4.465427526541,
    -9.665427526541));
#4402 = CARTESIAN_POINT('',(148.13846711517,-3.988236152485,
    -9.188236152485));
#4403 = CARTESIAN_POINT('',(148.71952998644,-3.341421356237,
    -8.541421356237));
#4404 = ORIENTED_EDGE('',*,*,#4405,.F.);
#4405 = EDGE_CURVE('',#4406,#4397,#4408,.T.);
#4406 = VERTEX_POINT('',#4407);
#4407 = CARTESIAN_POINT('',(290.,-3.341421356237,-8.541421356237));
#4408 = LINE('',#4409,#4410);
#4409 = CARTESIAN_POINT('',(290.,-3.341421356237,-8.541421356237));
#4410 = VECTOR('',#4411,1.);
#4411 = DIRECTION('',(-1.,-0.,-0.));
#4412 = ORIENTED_EDGE('',*,*,#4413,.F.);
#4413 = EDGE_CURVE('',#4389,#4406,#4414,.T.);
#4414 = LINE('',#4415,#4416);
#4415 = CARTESIAN_POINT('',(290.,-4.741421356237,-9.941421356237));
#4416 = VECTOR('',#4417,1.);
#4417 = DIRECTION('',(0.,0.707106781187,0.707106781187));
#4418 = PLANE('',#4419);
#4419 = AXIS2_PLACEMENT_3D('',#4420,#4421,#4422);
#4420 = CARTESIAN_POINT('',(290.,-4.8,-10.));
#4421 = DIRECTION('',(0.,-0.707106781187,0.707106781187));
#4422 = DIRECTION('',(0.,-0.707106781187,-0.707106781187));
#4423 = ADVANCED_FACE('',(#4424),#4466,.T.);
#4424 = FACE_BOUND('',#4425,.T.);
#4425 = EDGE_LOOP('',(#4426,#4443,#4451,#4460));
#4426 = ORIENTED_EDGE('',*,*,#4427,.F.);
#4427 = EDGE_CURVE('',#4428,#4430,#4432,.T.);
#4428 = VERTEX_POINT('',#4429);
#4429 = CARTESIAN_POINT('',(141.41254872644,3.482842712475,-8.2));
#4430 = VERTEX_POINT('',#4431);
#4431 = CARTESIAN_POINT('',(141.28047001355,3.341421356237,
    -8.541421356237));
#4432 = B_SPLINE_CURVE_WITH_KNOTS('',3,(#4433,#4434,#4435,#4436,#4437,
    #4438,#4439,#4440,#4441,#4442),.UNSPECIFIED.,.F.,.F.,(4,2,2,2,4),(0.
    ,1.34499385661E-04,2.68998771322E-04,4.03498156983E-04,
    5.37997542644E-04),.UNSPECIFIED.);
#4433 = CARTESIAN_POINT('',(141.41254872644,3.482842712475,-8.2));
#4434 = CARTESIAN_POINT('',(141.3810310981,3.450378439681,-8.2));
#4435 = CARTESIAN_POINT('',(141.35010199029,3.417597703196,
    -8.207755495286));
#4436 = CARTESIAN_POINT('',(141.29375880123,3.356412626405,
    -8.241159532345));
#4437 = CARTESIAN_POINT('',(141.26795145238,3.32754115025,
    -8.267240097311));
#4438 = CARTESIAN_POINT('',(141.23253915873,3.287393386549,
    -8.340474140184));
#4439 = CARTESIAN_POINT('',(141.22471069766,3.278304268904,
    -8.38779152848));
#4440 = CARTESIAN_POINT('',(141.23705226139,3.292462985726,
    -8.475766624039));
#4441 = CARTESIAN_POINT('',(141.25608818836,3.314280531948,
    -8.514280531956));
#4442 = CARTESIAN_POINT('',(141.28047001355,3.341421356237,
    -8.541421356237));
#4443 = ORIENTED_EDGE('',*,*,#4444,.T.);
#4444 = EDGE_CURVE('',#4428,#4445,#4447,.T.);
#4445 = VERTEX_POINT('',#4446);
#4446 = CARTESIAN_POINT('',(0.,3.482842712475,-8.2));
#4447 = LINE('',#4448,#4449);
#4448 = CARTESIAN_POINT('',(290.,3.482842712475,-8.2));
#4449 = VECTOR('',#4450,1.);
#4450 = DIRECTION('',(-1.,0.,0.));
#4451 = ORIENTED_EDGE('',*,*,#4452,.T.);
#4452 = EDGE_CURVE('',#4445,#4453,#4455,.T.);
#4453 = VERTEX_POINT('',#4454);
#4454 = CARTESIAN_POINT('',(0.,3.341421356237,-8.541421356237));
#4455 = CIRCLE('',#4456,0.2);
#4456 = AXIS2_PLACEMENT_3D('',#4457,#4458,#4459);
#4457 = CARTESIAN_POINT('',(0.,3.482842712475,-8.4));
#4458 = DIRECTION('',(1.,0.,-0.));
#4459 = DIRECTION('',(0.,0.,1.));
#4460 = ORIENTED_EDGE('',*,*,#4461,.T.);
#4461 = EDGE_CURVE('',#4453,#4430,#4462,.T.);
#4462 = LINE('',#4463,#4464);
#4463 = CARTESIAN_POINT('',(290.,3.341421356237,-8.541421356237));
#4464 = VECTOR('',#4465,1.);
#4465 = DIRECTION('',(1.,0.,0.));
#4466 = CYLINDRICAL_SURFACE('',#4467,0.2);
#4467 = AXIS2_PLACEMENT_3D('',#4468,#4469,#4470);
#4468 = CARTESIAN_POINT('',(290.,3.482842712475,-8.4));
#4469 = DIRECTION('',(-1.,0.,0.));
#4470 = DIRECTION('',(0.,0.,1.));
#4471 = ADVANCED_FACE('',(#4472),#4498,.F.);
#4472 = FACE_BOUND('',#4473,.T.);
#4473 = EDGE_LOOP('',(#4474,#4484,#4491,#4492));
#4474 = ORIENTED_EDGE('',*,*,#4475,.F.);
#4475 = EDGE_CURVE('',#4476,#4478,#4480,.T.);
#4476 = VERTEX_POINT('',#4477);
#4477 = CARTESIAN_POINT('',(143.41288830808,4.741421356237,
    -9.941421356237));
#4478 = VERTEX_POINT('',#4479);
#4479 = CARTESIAN_POINT('',(0.,4.741421356237,-9.941421356237));
#4480 = LINE('',#4481,#4482);
#4481 = CARTESIAN_POINT('',(290.,4.741421356237,-9.941421356237));
#4482 = VECTOR('',#4483,1.);
#4483 = DIRECTION('',(-1.,-0.,-0.));
#4484 = ORIENTED_EDGE('',*,*,#4485,.T.);
#4485 = EDGE_CURVE('',#4476,#4430,#4486,.T.);
#4486 = ( BOUNDED_CURVE() B_SPLINE_CURVE(3,(#4487,#4488,#4489,#4490),
.UNSPECIFIED.,.F.,.F.) B_SPLINE_CURVE_WITH_KNOTS((4,4),(0.323010008936,
0.838896314118),.PIECEWISE_BEZIER_KNOTS.) CURVE() 
GEOMETRIC_REPRESENTATION_ITEM() RATIONAL_B_SPLINE_CURVE((1.,
0.977944472676,0.977944472676,1.)) REPRESENTATION_ITEM('') );
#4487 = CARTESIAN_POINT('',(143.41288830808,4.741421356237,
    -9.941421356237));
#4488 = CARTESIAN_POINT('',(142.58836975341,4.465427526541,
    -9.665427526541));
#4489 = CARTESIAN_POINT('',(141.86153288482,3.988236152485,
    -9.188236152485));
#4490 = CARTESIAN_POINT('',(141.28047001355,3.341421356237,
    -8.541421356237));
#4491 = ORIENTED_EDGE('',*,*,#4461,.F.);
#4492 = ORIENTED_EDGE('',*,*,#4493,.T.);
#4493 = EDGE_CURVE('',#4453,#4478,#4494,.T.);
#4494 = LINE('',#4495,#4496);
#4495 = CARTESIAN_POINT('',(0.,4.8,-10.));
#4496 = VECTOR('',#4497,1.);
#4497 = DIRECTION('',(-0.,0.707106781187,-0.707106781187));
#4498 = PLANE('',#4499);
#4499 = AXIS2_PLACEMENT_3D('',#4500,#4501,#4502);
#4500 = CARTESIAN_POINT('',(290.,4.8,-10.));
#4501 = DIRECTION('',(-0.,0.707106781187,0.707106781187));
#4502 = DIRECTION('',(0.,-0.707106781187,0.707106781187));
#4503 = ADVANCED_FACE('',(#4504),#4524,.T.);
#4504 = FACE_BOUND('',#4505,.T.);
#4505 = EDGE_LOOP('',(#4506,#4515,#4516,#4523));
#4506 = ORIENTED_EDGE('',*,*,#4507,.F.);
#4507 = EDGE_CURVE('',#4476,#3969,#4508,.T.);
#4508 = B_SPLINE_CURVE_WITH_KNOTS('',3,(#4509,#4510,#4511,#4512,#4513,
    #4514),.UNSPECIFIED.,.F.,.F.,(4,2,4),(0.,2.668650181206E-04,
    5.337300362413E-04),.UNSPECIFIED.);
#4509 = CARTESIAN_POINT('',(143.41288830808,4.741421356237,
    -9.941421356237));
#4510 = CARTESIAN_POINT('',(143.49433762304,4.768685155499,
    -9.968685155499));
#4511 = CARTESIAN_POINT('',(143.57854838789,4.794512817576,
    -9.981178779041));
#4512 = CARTESIAN_POINT('',(143.74960936664,4.841941873617,
    -9.997370316127));
#4513 = CARTESIAN_POINT('',(143.83660693982,4.863591161638,-10.));
#4514 = CARTESIAN_POINT('',(143.92396698692,4.882842712475,-10.));
#4515 = ORIENTED_EDGE('',*,*,#4475,.T.);
#4516 = ORIENTED_EDGE('',*,*,#4517,.T.);
#4517 = EDGE_CURVE('',#4478,#3978,#4518,.T.);
#4518 = CIRCLE('',#4519,0.2);
#4519 = AXIS2_PLACEMENT_3D('',#4520,#4521,#4522);
#4520 = CARTESIAN_POINT('',(0.,4.882842712475,-9.8));
#4521 = DIRECTION('',(1.,0.,-0.));
#4522 = DIRECTION('',(0.,-1.301E-14,1.));
#4523 = ORIENTED_EDGE('',*,*,#3977,.T.);
#4524 = CYLINDRICAL_SURFACE('',#4525,0.2);
#4525 = AXIS2_PLACEMENT_3D('',#4526,#4527,#4528);
#4526 = CARTESIAN_POINT('',(290.,4.882842712475,-9.8));
#4527 = DIRECTION('',(-1.,0.,0.));
#4528 = DIRECTION('',(0.,0.,1.));
#4529 = ADVANCED_FACE('',(#4530),#4564,.T.);
#4530 = FACE_BOUND('',#4531,.T.);
#4531 = EDGE_LOOP('',(#4532,#4542,#4550,#4558));
#4532 = ORIENTED_EDGE('',*,*,#4533,.T.);
#4533 = EDGE_CURVE('',#4534,#4536,#4538,.T.);
#4534 = VERTEX_POINT('',#4535);
#4535 = CARTESIAN_POINT('',(290.,4.8,30.));
#4536 = VERTEX_POINT('',#4537);
#4537 = CARTESIAN_POINT('',(290.,15.2,30.));
#4538 = LINE('',#4539,#4540);
#4539 = CARTESIAN_POINT('',(290.,10.,30.));
#4540 = VECTOR('',#4541,1.);
#4541 = DIRECTION('',(-0.,1.,0.));
#4542 = ORIENTED_EDGE('',*,*,#4543,.T.);
#4543 = EDGE_CURVE('',#4536,#4544,#4546,.T.);
#4544 = VERTEX_POINT('',#4545);
#4545 = CARTESIAN_POINT('',(0.,15.2,30.));
#4546 = LINE('',#4547,#4548);
#4547 = CARTESIAN_POINT('',(290.,15.2,30.));
#4548 = VECTOR('',#4549,1.);
#4549 = DIRECTION('',(-1.,-0.,-0.));
#4550 = ORIENTED_EDGE('',*,*,#4551,.T.);
#4551 = EDGE_CURVE('',#4544,#4552,#4554,.T.);
#4552 = VERTEX_POINT('',#4553);
#4553 = CARTESIAN_POINT('',(0.,4.8,30.));
#4554 = LINE('',#4555,#4556);
#4555 = CARTESIAN_POINT('',(0.,10.,30.));
#4556 = VECTOR('',#4557,1.);
#4557 = DIRECTION('',(0.,-1.,-0.));
#4558 = ORIENTED_EDGE('',*,*,#4559,.T.);
#4559 = EDGE_CURVE('',#4552,#4534,#4560,.T.);
#4560 = LINE('',#4561,#4562);
#4561 = CARTESIAN_POINT('',(290.,4.8,30.));
#4562 = VECTOR('',#4563,1.);
#4563 = DIRECTION('',(1.,0.,0.));
#4564 = PLANE('',#4565);
#4565 = AXIS2_PLACEMENT_3D('',#4566,#4567,#4568);
#4566 = CARTESIAN_POINT('',(290.,10.,30.));
#4567 = DIRECTION('',(0.,-0.,1.));
#4568 = DIRECTION('',(0.,-1.,-0.));
#4569 = ADVANCED_FACE('',(#4570),#4612,.T.);
#4570 = FACE_BOUND('',#4571,.T.);
#4571 = EDGE_LOOP('',(#4572,#4580,#4588,#4597,#4605,#4611));
#4572 = ORIENTED_EDGE('',*,*,#4573,.T.);
#4573 = EDGE_CURVE('',#4536,#4574,#4576,.T.);
#4574 = VERTEX_POINT('',#4575);
#4575 = CARTESIAN_POINT('',(290.,17.,28.2));
#4576 = LINE('',#4577,#4578);
#4577 = CARTESIAN_POINT('',(290.,15.2,30.));
#4578 = VECTOR('',#4579,1.);
#4579 = DIRECTION('',(-0.,0.707106781187,-0.707106781187));
#4580 = ORIENTED_EDGE('',*,*,#4581,.T.);
#4581 = EDGE_CURVE('',#4574,#4582,#4584,.T.);
#4582 = VERTEX_POINT('',#4583);
#4583 = CARTESIAN_POINT('',(148.68272996566,17.,28.2));
#4584 = LINE('',#4585,#4586);
#4585 = CARTESIAN_POINT('',(290.,17.,28.2));
#4586 = VECTOR('',#4587,1.);
#4587 = DIRECTION('',(-1.,-0.,0.));
#4588 = ORIENTED_EDGE('',*,*,#4589,.T.);
#4589 = EDGE_CURVE('',#4582,#4590,#4592,.T.);
#4590 = VERTEX_POINT('',#4591);
#4591 = CARTESIAN_POINT('',(141.31727003433,17.,28.2));
#4592 = ( BOUNDED_CURVE() B_SPLINE_CURVE(3,(#4593,#4594,#4595,#4596),
.UNSPECIFIED.,.F.,.F.) B_SPLINE_CURVE_WITH_KNOTS((4,4),(5.395977039557,
7.170393574802),.PIECEWISE_BEZIER_KNOTS.) CURVE() 
GEOMETRIC_REPRESENTATION_ITEM() RATIONAL_B_SPLINE_CURVE((1.,
0.754385964912,0.754385964912,1.)) REPRESENTATION_ITEM('') );
#4593 = CARTESIAN_POINT('',(148.68272996566,17.,28.2));
#4594 = CARTESIAN_POINT('',(146.62725277552,14.476744186046,
    30.723255813954));
#4595 = CARTESIAN_POINT('',(143.37274722447,14.476744186046,
    30.723255813954));
#4596 = CARTESIAN_POINT('',(141.31727003433,17.,28.2));
#4597 = ORIENTED_EDGE('',*,*,#4598,.T.);
#4598 = EDGE_CURVE('',#4590,#4599,#4601,.T.);
#4599 = VERTEX_POINT('',#4600);
#4600 = CARTESIAN_POINT('',(0.,17.,28.2));
#4601 = LINE('',#4602,#4603);
#4602 = CARTESIAN_POINT('',(290.,17.,28.2));
#4603 = VECTOR('',#4604,1.);
#4604 = DIRECTION('',(-1.,-0.,0.));
#4605 = ORIENTED_EDGE('',*,*,#4606,.T.);
#4606 = EDGE_CURVE('',#4599,#4544,#4607,.T.);
#4607 = LINE('',#4608,#4609);
#4608 = CARTESIAN_POINT('',(0.,15.2,30.));
#4609 = VECTOR('',#4610,1.);
#4610 = DIRECTION('',(0.,-0.707106781187,0.707106781187));
#4611 = ORIENTED_EDGE('',*,*,#4543,.F.);
#4612 = PLANE('',#4613);
#4613 = AXIS2_PLACEMENT_3D('',#4614,#4615,#4616);
#4614 = CARTESIAN_POINT('',(290.,15.2,30.));
#4615 = DIRECTION('',(0.,0.707106781187,0.707106781187));
#4616 = DIRECTION('',(0.,-0.707106781187,0.707106781187));
#4617 = ADVANCED_FACE('',(#4618,#4628,#4638,#4648,#4658,#5596),#6014,.T.
  );
#4618 = FACE_BOUND('',#4619,.T.);
#4619 = EDGE_LOOP('',(#4620,#4621));
#4620 = ORIENTED_EDGE('',*,*,#1777,.T.);
#4621 = ORIENTED_EDGE('',*,*,#4622,.T.);
#4622 = EDGE_CURVE('',#1778,#1770,#4623,.T.);
#4623 = CIRCLE('',#4624,2.499999999959);
#4624 = AXIS2_PLACEMENT_3D('',#4625,#4626,#4627);
#4625 = CARTESIAN_POINT('',(289.99999999996,20.,20.));
#4626 = DIRECTION('',(-1.,-0.,-0.));
#4627 = DIRECTION('',(0.,0.,-1.));
#4628 = FACE_BOUND('',#4629,.T.);
#4629 = EDGE_LOOP('',(#4630,#4631));
#4630 = ORIENTED_EDGE('',*,*,#1819,.T.);
#4631 = ORIENTED_EDGE('',*,*,#4632,.T.);
#4632 = EDGE_CURVE('',#1820,#1812,#4633,.T.);
#4633 = CIRCLE('',#4634,2.499999999998);
#4634 = AXIS2_PLACEMENT_3D('',#4635,#4636,#4637);
#4635 = CARTESIAN_POINT('',(290.00000000002,20.,1.73E-15));
#4636 = DIRECTION('',(-1.,-0.,-0.));
#4637 = DIRECTION('',(0.,0.,-1.));
#4638 = FACE_BOUND('',#4639,.T.);
#4639 = EDGE_LOOP('',(#4640,#4641));
#4640 = ORIENTED_EDGE('',*,*,#1861,.T.);
#4641 = ORIENTED_EDGE('',*,*,#4642,.T.);
#4642 = EDGE_CURVE('',#1862,#1854,#4643,.T.);
#4643 = CIRCLE('',#4644,2.499999999959);
#4644 = AXIS2_PLACEMENT_3D('',#4645,#4646,#4647);
#4645 = CARTESIAN_POINT('',(289.99999999996,-1.73E-15,20.));
#4646 = DIRECTION('',(-1.,-0.,-0.));
#4647 = DIRECTION('',(0.,0.,-1.));
#4648 = FACE_BOUND('',#4649,.T.);
#4649 = EDGE_LOOP('',(#4650,#4651));
#4650 = ORIENTED_EDGE('',*,*,#1903,.T.);
#4651 = ORIENTED_EDGE('',*,*,#4652,.T.);
#4652 = EDGE_CURVE('',#1904,#1896,#4653,.T.);
#4653 = CIRCLE('',#4654,2.499999999998);
#4654 = AXIS2_PLACEMENT_3D('',#4655,#4656,#4657);
#4655 = CARTESIAN_POINT('',(290.00000000002,0.,0.));
#4656 = DIRECTION('',(-1.,-0.,-0.));
#4657 = DIRECTION('',(0.,0.,-1.));
#4658 = FACE_BOUND('',#4659,.T.);
#4659 = EDGE_LOOP('',(#4660,#4670,#4676,#4677,#4678,#4686,#4694,#4702,
    #4710,#4718,#4726,#4734,#4742,#4750,#4758,#4766,#4774,#4782,#4790,
    #4798,#4806,#4814,#4822,#4830,#4838,#4846,#4854,#4862,#4870,#4878,
    #4886,#4894,#4903,#4911,#4920,#4928,#4936,#4944,#4952,#4960,#4968,
    #4976,#4984,#4992,#5000,#5007,#5008,#5016,#5025,#5033,#5040,#5041,
    #5048,#5049,#5058,#5066,#5074,#5082,#5090,#5098,#5106,#5114,#5122,
    #5130,#5138,#5147,#5155,#5162,#5163,#5170,#5171,#5180,#5188,#5196,
    #5204,#5212,#5220,#5228,#5236,#5244,#5252,#5260,#5269,#5277,#5286,
    #5294,#5301,#5302,#5309,#5310,#5317,#5318,#5326,#5334,#5342,#5350,
    #5358,#5366,#5374,#5382,#5390,#5398,#5407,#5415,#5422,#5423,#5431,
    #5439,#5447,#5455,#5463,#5471,#5479,#5487,#5495,#5503,#5509,#5510,
    #5518,#5526,#5534,#5542,#5550,#5558,#5566,#5574,#5582,#5590));
#4660 = ORIENTED_EDGE('',*,*,#4661,.T.);
#4661 = EDGE_CURVE('',#4662,#4664,#4666,.T.);
#4662 = VERTEX_POINT('',#4663);
#4663 = CARTESIAN_POINT('',(290.,14.789949493661,26.2));
#4664 = VERTEX_POINT('',#4665);
#4665 = CARTESIAN_POINT('',(290.,14.789949493661,28.2));
#4666 = LINE('',#4667,#4668);
#4667 = CARTESIAN_POINT('',(290.,14.789949493661,0.));
#4668 = VECTOR('',#4669,1.);
#4669 = DIRECTION('',(-0.,-0.,1.));
#4670 = ORIENTED_EDGE('',*,*,#4671,.T.);
#4671 = EDGE_CURVE('',#4664,#4574,#4672,.T.);
#4672 = LINE('',#4673,#4674);
#4673 = CARTESIAN_POINT('',(290.,0.,28.2));
#4674 = VECTOR('',#4675,1.);
#4675 = DIRECTION('',(0.,1.,0.));
#4676 = ORIENTED_EDGE('',*,*,#4573,.F.);
#4677 = ORIENTED_EDGE('',*,*,#4533,.F.);
#4678 = ORIENTED_EDGE('',*,*,#4679,.T.);
#4679 = EDGE_CURVE('',#4534,#4680,#4682,.T.);
#4680 = VERTEX_POINT('',#4681);
#4681 = CARTESIAN_POINT('',(290.,3.,28.2));
#4682 = LINE('',#4683,#4684);
#4683 = CARTESIAN_POINT('',(290.,4.8,30.));
#4684 = VECTOR('',#4685,1.);
#4685 = DIRECTION('',(0.,-0.707106781187,-0.707106781187));
#4686 = ORIENTED_EDGE('',*,*,#4687,.T.);
#4687 = EDGE_CURVE('',#4680,#4688,#4690,.T.);
#4688 = VERTEX_POINT('',#4689);
#4689 = CARTESIAN_POINT('',(290.,5.210050506339,28.2));
#4690 = LINE('',#4691,#4692);
#4691 = CARTESIAN_POINT('',(290.,0.,28.2));
#4692 = VECTOR('',#4693,1.);
#4693 = DIRECTION('',(0.,1.,0.));
#4694 = ORIENTED_EDGE('',*,*,#4695,.T.);
#4695 = EDGE_CURVE('',#4688,#4696,#4698,.T.);
#4696 = VERTEX_POINT('',#4697);
#4697 = CARTESIAN_POINT('',(290.,5.210050506339,26.2));
#4698 = LINE('',#4699,#4700);
#4699 = CARTESIAN_POINT('',(290.,5.210050506339,0.));
#4700 = VECTOR('',#4701,1.);
#4701 = DIRECTION('',(0.,0.,-1.));
#4702 = ORIENTED_EDGE('',*,*,#4703,.T.);
#4703 = EDGE_CURVE('',#4696,#4704,#4706,.T.);
#4704 = VERTEX_POINT('',#4705);
#4705 = CARTESIAN_POINT('',(290.,3.010050506339,24.));
#4706 = LINE('',#4707,#4708);
#4707 = CARTESIAN_POINT('',(290.,5.210050506339,26.2));
#4708 = VECTOR('',#4709,1.);
#4709 = DIRECTION('',(0.,-0.707106781187,-0.707106781187));
#4710 = ORIENTED_EDGE('',*,*,#4711,.T.);
#4711 = EDGE_CURVE('',#4704,#4712,#4714,.T.);
#4712 = VERTEX_POINT('',#4713);
#4713 = CARTESIAN_POINT('',(290.,0.5,24.));
#4714 = LINE('',#4715,#4716);
#4715 = CARTESIAN_POINT('',(290.,0.,24.));
#4716 = VECTOR('',#4717,1.);
#4717 = DIRECTION('',(-0.,-1.,-0.));
#4718 = ORIENTED_EDGE('',*,*,#4719,.F.);
#4719 = EDGE_CURVE('',#4720,#4712,#4722,.T.);
#4720 = VERTEX_POINT('',#4721);
#4721 = CARTESIAN_POINT('',(290.,3.4E-14,23.5));
#4722 = LINE('',#4723,#4724);
#4723 = CARTESIAN_POINT('',(290.,3.342E-14,23.5));
#4724 = VECTOR('',#4725,1.);
#4725 = DIRECTION('',(-0.,0.707106781187,0.707106781187));
#4726 = ORIENTED_EDGE('',*,*,#4727,.F.);
#4727 = EDGE_CURVE('',#4728,#4720,#4730,.T.);
#4728 = VERTEX_POINT('',#4729);
#4729 = CARTESIAN_POINT('',(290.,-0.5,24.));
#4730 = LINE('',#4731,#4732);
#4731 = CARTESIAN_POINT('',(290.,-0.5,24.));
#4732 = VECTOR('',#4733,1.);
#4733 = DIRECTION('',(-0.,0.707106781187,-0.707106781187));
#4734 = ORIENTED_EDGE('',*,*,#4735,.T.);
#4735 = EDGE_CURVE('',#4728,#4736,#4738,.T.);
#4736 = VERTEX_POINT('',#4737);
#4737 = CARTESIAN_POINT('',(290.,-3.010050506339,24.));
#4738 = LINE('',#4739,#4740);
#4739 = CARTESIAN_POINT('',(290.,0.,24.));
#4740 = VECTOR('',#4741,1.);
#4741 = DIRECTION('',(-0.,-1.,-0.));
#4742 = ORIENTED_EDGE('',*,*,#4743,.T.);
#4743 = EDGE_CURVE('',#4736,#4744,#4746,.T.);
#4744 = VERTEX_POINT('',#4745);
#4745 = CARTESIAN_POINT('',(290.,-5.210050506339,26.2));
#4746 = LINE('',#4747,#4748);
#4747 = CARTESIAN_POINT('',(290.,-3.010050506339,24.));
#4748 = VECTOR('',#4749,1.);
#4749 = DIRECTION('',(0.,-0.707106781187,0.707106781187));
#4750 = ORIENTED_EDGE('',*,*,#4751,.T.);
#4751 = EDGE_CURVE('',#4744,#4752,#4754,.T.);
#4752 = VERTEX_POINT('',#4753);
#4753 = CARTESIAN_POINT('',(290.,-5.210050506339,28.2));
#4754 = LINE('',#4755,#4756);
#4755 = CARTESIAN_POINT('',(290.,-5.210050506339,0.));
#4756 = VECTOR('',#4757,1.);
#4757 = DIRECTION('',(-0.,-0.,1.));
#4758 = ORIENTED_EDGE('',*,*,#4759,.T.);
#4759 = EDGE_CURVE('',#4752,#4760,#4762,.T.);
#4760 = VERTEX_POINT('',#4761);
#4761 = CARTESIAN_POINT('',(290.,-3.,28.2));
#4762 = LINE('',#4763,#4764);
#4763 = CARTESIAN_POINT('',(290.,0.,28.2));
#4764 = VECTOR('',#4765,1.);
#4765 = DIRECTION('',(0.,1.,0.));
#4766 = ORIENTED_EDGE('',*,*,#4767,.T.);
#4767 = EDGE_CURVE('',#4760,#4768,#4770,.T.);
#4768 = VERTEX_POINT('',#4769);
#4769 = CARTESIAN_POINT('',(290.,-4.8,30.));
#4770 = LINE('',#4771,#4772);
#4771 = CARTESIAN_POINT('',(290.,-3.,28.2));
#4772 = VECTOR('',#4773,1.);
#4773 = DIRECTION('',(0.,-0.707106781187,0.707106781187));
#4774 = ORIENTED_EDGE('',*,*,#4775,.T.);
#4775 = EDGE_CURVE('',#4768,#4776,#4778,.T.);
#4776 = VERTEX_POINT('',#4777);
#4777 = CARTESIAN_POINT('',(290.,-10.,30.));
#4778 = LINE('',#4779,#4780);
#4779 = CARTESIAN_POINT('',(290.,0.,30.));
#4780 = VECTOR('',#4781,1.);
#4781 = DIRECTION('',(-0.,-1.,-0.));
#4782 = ORIENTED_EDGE('',*,*,#4783,.T.);
#4783 = EDGE_CURVE('',#4776,#4784,#4786,.T.);
#4784 = VERTEX_POINT('',#4785);
#4785 = CARTESIAN_POINT('',(290.,-10.,24.8));
#4786 = LINE('',#4787,#4788);
#4787 = CARTESIAN_POINT('',(290.,-10.,0.));
#4788 = VECTOR('',#4789,1.);
#4789 = DIRECTION('',(0.,0.,-1.));
#4790 = ORIENTED_EDGE('',*,*,#4791,.T.);
#4791 = EDGE_CURVE('',#4784,#4792,#4794,.T.);
#4792 = VERTEX_POINT('',#4793);
#4793 = CARTESIAN_POINT('',(290.,-8.2,23.));
#4794 = LINE('',#4795,#4796);
#4795 = CARTESIAN_POINT('',(290.,-10.,24.8));
#4796 = VECTOR('',#4797,1.);
#4797 = DIRECTION('',(0.,0.707106781187,-0.707106781187));
#4798 = ORIENTED_EDGE('',*,*,#4799,.T.);
#4799 = EDGE_CURVE('',#4792,#4800,#4802,.T.);
#4800 = VERTEX_POINT('',#4801);
#4801 = CARTESIAN_POINT('',(290.,-8.2,25.210050506339));
#4802 = LINE('',#4803,#4804);
#4803 = CARTESIAN_POINT('',(290.,-8.2,0.));
#4804 = VECTOR('',#4805,1.);
#4805 = DIRECTION('',(-0.,-0.,1.));
#4806 = ORIENTED_EDGE('',*,*,#4807,.T.);
#4807 = EDGE_CURVE('',#4800,#4808,#4810,.T.);
#4808 = VERTEX_POINT('',#4809);
#4809 = CARTESIAN_POINT('',(290.,-6.2,25.210050506339));
#4810 = LINE('',#4811,#4812);
#4811 = CARTESIAN_POINT('',(290.,0.,25.210050506339));
#4812 = VECTOR('',#4813,1.);
#4813 = DIRECTION('',(0.,1.,0.));
#4814 = ORIENTED_EDGE('',*,*,#4815,.T.);
#4815 = EDGE_CURVE('',#4808,#4816,#4818,.T.);
#4816 = VERTEX_POINT('',#4817);
#4817 = CARTESIAN_POINT('',(290.,-4.,23.010050506339));
#4818 = LINE('',#4819,#4820);
#4819 = CARTESIAN_POINT('',(290.,-6.2,25.210050506339));
#4820 = VECTOR('',#4821,1.);
#4821 = DIRECTION('',(0.,0.707106781187,-0.707106781187));
#4822 = ORIENTED_EDGE('',*,*,#4823,.T.);
#4823 = EDGE_CURVE('',#4816,#4824,#4826,.T.);
#4824 = VERTEX_POINT('',#4825);
#4825 = CARTESIAN_POINT('',(290.,-4.,20.5));
#4826 = LINE('',#4827,#4828);
#4827 = CARTESIAN_POINT('',(290.,-4.,0.));
#4828 = VECTOR('',#4829,1.);
#4829 = DIRECTION('',(0.,0.,-1.));
#4830 = ORIENTED_EDGE('',*,*,#4831,.F.);
#4831 = EDGE_CURVE('',#4832,#4824,#4834,.T.);
#4832 = VERTEX_POINT('',#4833);
#4833 = CARTESIAN_POINT('',(290.,-3.5,20.));
#4834 = LINE('',#4835,#4836);
#4835 = CARTESIAN_POINT('',(290.,-3.5,20.));
#4836 = VECTOR('',#4837,1.);
#4837 = DIRECTION('',(-0.,-0.707106781187,0.707106781187));
#4838 = ORIENTED_EDGE('',*,*,#4839,.F.);
#4839 = EDGE_CURVE('',#4840,#4832,#4842,.T.);
#4840 = VERTEX_POINT('',#4841);
#4841 = CARTESIAN_POINT('',(290.,-4.,19.5));
#4842 = LINE('',#4843,#4844);
#4843 = CARTESIAN_POINT('',(290.,-4.,19.5));
#4844 = VECTOR('',#4845,1.);
#4845 = DIRECTION('',(-0.,0.707106781187,0.707106781187));
#4846 = ORIENTED_EDGE('',*,*,#4847,.T.);
#4847 = EDGE_CURVE('',#4840,#4848,#4850,.T.);
#4848 = VERTEX_POINT('',#4849);
#4849 = CARTESIAN_POINT('',(290.,-4.,16.989949493661));
#4850 = LINE('',#4851,#4852);
#4851 = CARTESIAN_POINT('',(290.,-4.,0.));
#4852 = VECTOR('',#4853,1.);
#4853 = DIRECTION('',(0.,0.,-1.));
#4854 = ORIENTED_EDGE('',*,*,#4855,.T.);
#4855 = EDGE_CURVE('',#4848,#4856,#4858,.T.);
#4856 = VERTEX_POINT('',#4857);
#4857 = CARTESIAN_POINT('',(290.,-6.2,14.789949493661));
#4858 = LINE('',#4859,#4860);
#4859 = CARTESIAN_POINT('',(290.,-4.,16.989949493661));
#4860 = VECTOR('',#4861,1.);
#4861 = DIRECTION('',(0.,-0.707106781187,-0.707106781187));
#4862 = ORIENTED_EDGE('',*,*,#4863,.T.);
#4863 = EDGE_CURVE('',#4856,#4864,#4866,.T.);
#4864 = VERTEX_POINT('',#4865);
#4865 = CARTESIAN_POINT('',(290.,-8.2,14.789949493661));
#4866 = LINE('',#4867,#4868);
#4867 = CARTESIAN_POINT('',(290.,0.,14.789949493661));
#4868 = VECTOR('',#4869,1.);
#4869 = DIRECTION('',(-0.,-1.,-0.));
#4870 = ORIENTED_EDGE('',*,*,#4871,.T.);
#4871 = EDGE_CURVE('',#4864,#4872,#4874,.T.);
#4872 = VERTEX_POINT('',#4873);
#4873 = CARTESIAN_POINT('',(290.,-8.2,17.));
#4874 = LINE('',#4875,#4876);
#4875 = CARTESIAN_POINT('',(290.,-8.2,0.));
#4876 = VECTOR('',#4877,1.);
#4877 = DIRECTION('',(-0.,-0.,1.));
#4878 = ORIENTED_EDGE('',*,*,#4879,.T.);
#4879 = EDGE_CURVE('',#4872,#4880,#4882,.T.);
#4880 = VERTEX_POINT('',#4881);
#4881 = CARTESIAN_POINT('',(290.,-10.,15.2));
#4882 = LINE('',#4883,#4884);
#4883 = CARTESIAN_POINT('',(290.,-8.2,17.));
#4884 = VECTOR('',#4885,1.);
#4885 = DIRECTION('',(0.,-0.707106781187,-0.707106781187));
#4886 = ORIENTED_EDGE('',*,*,#4887,.T.);
#4887 = EDGE_CURVE('',#4880,#4888,#4890,.T.);
#4888 = VERTEX_POINT('',#4889);
#4889 = CARTESIAN_POINT('',(290.,-10.,4.882842712475));
#4890 = LINE('',#4891,#4892);
#4891 = CARTESIAN_POINT('',(290.,-10.,0.));
#4892 = VECTOR('',#4893,1.);
#4893 = DIRECTION('',(0.,0.,-1.));
#4894 = ORIENTED_EDGE('',*,*,#4895,.F.);
#4895 = EDGE_CURVE('',#4896,#4888,#4898,.T.);
#4896 = VERTEX_POINT('',#4897);
#4897 = CARTESIAN_POINT('',(290.,-9.941421356237,4.741421356237));
#4898 = CIRCLE('',#4899,0.2);
#4899 = AXIS2_PLACEMENT_3D('',#4900,#4901,#4902);
#4900 = CARTESIAN_POINT('',(290.,-9.8,4.882842712475));
#4901 = DIRECTION('',(-1.,0.,0.));
#4902 = DIRECTION('',(0.,0.,1.));
#4903 = ORIENTED_EDGE('',*,*,#4904,.T.);
#4904 = EDGE_CURVE('',#4896,#4905,#4907,.T.);
#4905 = VERTEX_POINT('',#4906);
#4906 = CARTESIAN_POINT('',(290.,-8.541421356237,3.341421356237));
#4907 = LINE('',#4908,#4909);
#4908 = CARTESIAN_POINT('',(290.,-9.941421356237,4.741421356237));
#4909 = VECTOR('',#4910,1.);
#4910 = DIRECTION('',(0.,0.707106781187,-0.707106781187));
#4911 = ORIENTED_EDGE('',*,*,#4912,.F.);
#4912 = EDGE_CURVE('',#4913,#4905,#4915,.T.);
#4913 = VERTEX_POINT('',#4914);
#4914 = CARTESIAN_POINT('',(290.,-8.2,3.482842712475));
#4915 = CIRCLE('',#4916,0.2);
#4916 = AXIS2_PLACEMENT_3D('',#4917,#4918,#4919);
#4917 = CARTESIAN_POINT('',(290.,-8.4,3.482842712475));
#4918 = DIRECTION('',(-1.,0.,0.));
#4919 = DIRECTION('',(0.,0.,1.));
#4920 = ORIENTED_EDGE('',*,*,#4921,.T.);
#4921 = EDGE_CURVE('',#4913,#4922,#4924,.T.);
#4922 = VERTEX_POINT('',#4923);
#4923 = CARTESIAN_POINT('',(290.,-8.2,5.210050506339));
#4924 = LINE('',#4925,#4926);
#4925 = CARTESIAN_POINT('',(290.,-8.2,0.));
#4926 = VECTOR('',#4927,1.);
#4927 = DIRECTION('',(-0.,-0.,1.));
#4928 = ORIENTED_EDGE('',*,*,#4929,.T.);
#4929 = EDGE_CURVE('',#4922,#4930,#4932,.T.);
#4930 = VERTEX_POINT('',#4931);
#4931 = CARTESIAN_POINT('',(290.,-6.2,5.210050506339));
#4932 = LINE('',#4933,#4934);
#4933 = CARTESIAN_POINT('',(290.,0.,5.210050506339));
#4934 = VECTOR('',#4935,1.);
#4935 = DIRECTION('',(0.,1.,0.));
#4936 = ORIENTED_EDGE('',*,*,#4937,.T.);
#4937 = EDGE_CURVE('',#4930,#4938,#4940,.T.);
#4938 = VERTEX_POINT('',#4939);
#4939 = CARTESIAN_POINT('',(290.,-4.,3.010050506339));
#4940 = LINE('',#4941,#4942);
#4941 = CARTESIAN_POINT('',(290.,-6.2,5.210050506339));
#4942 = VECTOR('',#4943,1.);
#4943 = DIRECTION('',(0.,0.707106781187,-0.707106781187));
#4944 = ORIENTED_EDGE('',*,*,#4945,.T.);
#4945 = EDGE_CURVE('',#4938,#4946,#4948,.T.);
#4946 = VERTEX_POINT('',#4947);
#4947 = CARTESIAN_POINT('',(290.,-4.,0.5));
#4948 = LINE('',#4949,#4950);
#4949 = CARTESIAN_POINT('',(290.,-4.,0.));
#4950 = VECTOR('',#4951,1.);
#4951 = DIRECTION('',(0.,0.,-1.));
#4952 = ORIENTED_EDGE('',*,*,#4953,.T.);
#4953 = EDGE_CURVE('',#4946,#4954,#4956,.T.);
#4954 = VERTEX_POINT('',#4955);
#4955 = CARTESIAN_POINT('',(290.,-3.5,-2.4E-14));
#4956 = LINE('',#4957,#4958);
#4957 = CARTESIAN_POINT('',(290.,-4.,0.5));
#4958 = VECTOR('',#4959,1.);
#4959 = DIRECTION('',(0.,0.707106781187,-0.707106781187));
#4960 = ORIENTED_EDGE('',*,*,#4961,.T.);
#4961 = EDGE_CURVE('',#4954,#4962,#4964,.T.);
#4962 = VERTEX_POINT('',#4963);
#4963 = CARTESIAN_POINT('',(290.,-4.,-0.5));
#4964 = LINE('',#4965,#4966);
#4965 = CARTESIAN_POINT('',(290.,-3.5,-2.398E-14));
#4966 = VECTOR('',#4967,1.);
#4967 = DIRECTION('',(0.,-0.707106781187,-0.707106781187));
#4968 = ORIENTED_EDGE('',*,*,#4969,.T.);
#4969 = EDGE_CURVE('',#4962,#4970,#4972,.T.);
#4970 = VERTEX_POINT('',#4971);
#4971 = CARTESIAN_POINT('',(290.,-4.,-3.010050506339));
#4972 = LINE('',#4973,#4974);
#4973 = CARTESIAN_POINT('',(290.,-4.,0.));
#4974 = VECTOR('',#4975,1.);
#4975 = DIRECTION('',(0.,0.,-1.));
#4976 = ORIENTED_EDGE('',*,*,#4977,.T.);
#4977 = EDGE_CURVE('',#4970,#4978,#4980,.T.);
#4978 = VERTEX_POINT('',#4979);
#4979 = CARTESIAN_POINT('',(290.,-6.2,-5.210050506339));
#4980 = LINE('',#4981,#4982);
#4981 = CARTESIAN_POINT('',(290.,-4.,-3.010050506339));
#4982 = VECTOR('',#4983,1.);
#4983 = DIRECTION('',(0.,-0.707106781187,-0.707106781187));
#4984 = ORIENTED_EDGE('',*,*,#4985,.T.);
#4985 = EDGE_CURVE('',#4978,#4986,#4988,.T.);
#4986 = VERTEX_POINT('',#4987);
#4987 = CARTESIAN_POINT('',(290.,-8.2,-5.210050506339));
#4988 = LINE('',#4989,#4990);
#4989 = CARTESIAN_POINT('',(290.,0.,-5.210050506339));
#4990 = VECTOR('',#4991,1.);
#4991 = DIRECTION('',(-0.,-1.,-0.));
#4992 = ORIENTED_EDGE('',*,*,#4993,.T.);
#4993 = EDGE_CURVE('',#4986,#4994,#4996,.T.);
#4994 = VERTEX_POINT('',#4995);
#4995 = CARTESIAN_POINT('',(290.,-8.2,-3.482842712475));
#4996 = LINE('',#4997,#4998);
#4997 = CARTESIAN_POINT('',(290.,-8.2,0.));
#4998 = VECTOR('',#4999,1.);
#4999 = DIRECTION('',(-0.,-0.,1.));
#5000 = ORIENTED_EDGE('',*,*,#5001,.F.);
#5001 = EDGE_CURVE('',#2278,#4994,#5002,.T.);
#5002 = CIRCLE('',#5003,0.2);
#5003 = AXIS2_PLACEMENT_3D('',#5004,#5005,#5006);
#5004 = CARTESIAN_POINT('',(290.,-8.4,-3.482842712475));
#5005 = DIRECTION('',(-1.,0.,0.));
#5006 = DIRECTION('',(0.,0.,1.));
#5007 = ORIENTED_EDGE('',*,*,#2275,.F.);
#5008 = ORIENTED_EDGE('',*,*,#5009,.T.);
#5009 = EDGE_CURVE('',#2276,#5010,#5012,.T.);
#5010 = VERTEX_POINT('',#5011);
#5011 = CARTESIAN_POINT('',(290.,-9.941421356237,-4.741421356237));
#5012 = LINE('',#5013,#5014);
#5013 = CARTESIAN_POINT('',(290.,-8.541421356237,-3.341421356237));
#5014 = VECTOR('',#5015,1.);
#5015 = DIRECTION('',(0.,-0.707106781187,-0.707106781187));
#5016 = ORIENTED_EDGE('',*,*,#5017,.F.);
#5017 = EDGE_CURVE('',#5018,#5010,#5020,.T.);
#5018 = VERTEX_POINT('',#5019);
#5019 = CARTESIAN_POINT('',(290.,-10.,-4.882842712475));
#5020 = CIRCLE('',#5021,0.2);
#5021 = AXIS2_PLACEMENT_3D('',#5022,#5023,#5024);
#5022 = CARTESIAN_POINT('',(290.,-9.8,-4.882842712475));
#5023 = DIRECTION('',(-1.,0.,0.));
#5024 = DIRECTION('',(0.,0.,1.));
#5025 = ORIENTED_EDGE('',*,*,#5026,.T.);
#5026 = EDGE_CURVE('',#5018,#5027,#5029,.T.);
#5027 = VERTEX_POINT('',#5028);
#5028 = CARTESIAN_POINT('',(290.,-10.,-9.8));
#5029 = LINE('',#5030,#5031);
#5030 = CARTESIAN_POINT('',(290.,-10.,0.));
#5031 = VECTOR('',#5032,1.);
#5032 = DIRECTION('',(0.,0.,-1.));
#5033 = ORIENTED_EDGE('',*,*,#5034,.F.);
#5034 = EDGE_CURVE('',#4356,#5027,#5035,.T.);
#5035 = CIRCLE('',#5036,0.2);
#5036 = AXIS2_PLACEMENT_3D('',#5037,#5038,#5039);
#5037 = CARTESIAN_POINT('',(290.,-9.8,-9.8));
#5038 = DIRECTION('',(-1.,0.,0.));
#5039 = DIRECTION('',(0.,0.,1.));
#5040 = ORIENTED_EDGE('',*,*,#4355,.T.);
#5041 = ORIENTED_EDGE('',*,*,#5042,.F.);
#5042 = EDGE_CURVE('',#4389,#4348,#5043,.T.);
#5043 = CIRCLE('',#5044,0.2);
#5044 = AXIS2_PLACEMENT_3D('',#5045,#5046,#5047);
#5045 = CARTESIAN_POINT('',(290.,-4.882842712475,-9.8));
#5046 = DIRECTION('',(-1.,0.,0.));
#5047 = DIRECTION('',(0.,0.,1.));
#5048 = ORIENTED_EDGE('',*,*,#4413,.T.);
#5049 = ORIENTED_EDGE('',*,*,#5050,.F.);
#5050 = EDGE_CURVE('',#5051,#4406,#5053,.T.);
#5051 = VERTEX_POINT('',#5052);
#5052 = CARTESIAN_POINT('',(290.,-3.482842712475,-8.2));
#5053 = CIRCLE('',#5054,0.2);
#5054 = AXIS2_PLACEMENT_3D('',#5055,#5056,#5057);
#5055 = CARTESIAN_POINT('',(290.,-3.482842712475,-8.4));
#5056 = DIRECTION('',(-1.,0.,0.));
#5057 = DIRECTION('',(0.,0.,1.));
#5058 = ORIENTED_EDGE('',*,*,#5059,.T.);
#5059 = EDGE_CURVE('',#5051,#5060,#5062,.T.);
#5060 = VERTEX_POINT('',#5061);
#5061 = CARTESIAN_POINT('',(290.,-5.210050506339,-8.2));
#5062 = LINE('',#5063,#5064);
#5063 = CARTESIAN_POINT('',(290.,0.,-8.2));
#5064 = VECTOR('',#5065,1.);
#5065 = DIRECTION('',(-0.,-1.,-0.));
#5066 = ORIENTED_EDGE('',*,*,#5067,.T.);
#5067 = EDGE_CURVE('',#5060,#5068,#5070,.T.);
#5068 = VERTEX_POINT('',#5069);
#5069 = CARTESIAN_POINT('',(290.,-5.210050506339,-6.2));
#5070 = LINE('',#5071,#5072);
#5071 = CARTESIAN_POINT('',(290.,-5.210050506339,0.));
#5072 = VECTOR('',#5073,1.);
#5073 = DIRECTION('',(-0.,-0.,1.));
#5074 = ORIENTED_EDGE('',*,*,#5075,.T.);
#5075 = EDGE_CURVE('',#5068,#5076,#5078,.T.);
#5076 = VERTEX_POINT('',#5077);
#5077 = CARTESIAN_POINT('',(290.,-3.010050506339,-4.));
#5078 = LINE('',#5079,#5080);
#5079 = CARTESIAN_POINT('',(290.,-5.210050506339,-6.2));
#5080 = VECTOR('',#5081,1.);
#5081 = DIRECTION('',(0.,0.707106781187,0.707106781187));
#5082 = ORIENTED_EDGE('',*,*,#5083,.T.);
#5083 = EDGE_CURVE('',#5076,#5084,#5086,.T.);
#5084 = VERTEX_POINT('',#5085);
#5085 = CARTESIAN_POINT('',(290.,-0.5,-4.));
#5086 = LINE('',#5087,#5088);
#5087 = CARTESIAN_POINT('',(290.,0.,-4.));
#5088 = VECTOR('',#5089,1.);
#5089 = DIRECTION('',(0.,1.,0.));
#5090 = ORIENTED_EDGE('',*,*,#5091,.T.);
#5091 = EDGE_CURVE('',#5084,#5092,#5094,.T.);
#5092 = VERTEX_POINT('',#5093);
#5093 = CARTESIAN_POINT('',(290.,3.6E-14,-3.5));
#5094 = LINE('',#5095,#5096);
#5095 = CARTESIAN_POINT('',(290.,-0.5,-4.));
#5096 = VECTOR('',#5097,1.);
#5097 = DIRECTION('',(0.,0.707106781187,0.707106781187));
#5098 = ORIENTED_EDGE('',*,*,#5099,.T.);
#5099 = EDGE_CURVE('',#5092,#5100,#5102,.T.);
#5100 = VERTEX_POINT('',#5101);
#5101 = CARTESIAN_POINT('',(290.,0.5,-4.));
#5102 = LINE('',#5103,#5104);
#5103 = CARTESIAN_POINT('',(290.,3.577E-14,-3.5));
#5104 = VECTOR('',#5105,1.);
#5105 = DIRECTION('',(0.,0.707106781187,-0.707106781187));
#5106 = ORIENTED_EDGE('',*,*,#5107,.T.);
#5107 = EDGE_CURVE('',#5100,#5108,#5110,.T.);
#5108 = VERTEX_POINT('',#5109);
#5109 = CARTESIAN_POINT('',(290.,3.010050506339,-4.));
#5110 = LINE('',#5111,#5112);
#5111 = CARTESIAN_POINT('',(290.,0.,-4.));
#5112 = VECTOR('',#5113,1.);
#5113 = DIRECTION('',(0.,1.,0.));
#5114 = ORIENTED_EDGE('',*,*,#5115,.T.);
#5115 = EDGE_CURVE('',#5108,#5116,#5118,.T.);
#5116 = VERTEX_POINT('',#5117);
#5117 = CARTESIAN_POINT('',(290.,5.210050506339,-6.2));
#5118 = LINE('',#5119,#5120);
#5119 = CARTESIAN_POINT('',(290.,3.010050506339,-4.));
#5120 = VECTOR('',#5121,1.);
#5121 = DIRECTION('',(0.,0.707106781187,-0.707106781187));
#5122 = ORIENTED_EDGE('',*,*,#5123,.T.);
#5123 = EDGE_CURVE('',#5116,#5124,#5126,.T.);
#5124 = VERTEX_POINT('',#5125);
#5125 = CARTESIAN_POINT('',(290.,5.210050506339,-8.2));
#5126 = LINE('',#5127,#5128);
#5127 = CARTESIAN_POINT('',(290.,5.210050506339,0.));
#5128 = VECTOR('',#5129,1.);
#5129 = DIRECTION('',(0.,0.,-1.));
#5130 = ORIENTED_EDGE('',*,*,#5131,.T.);
#5131 = EDGE_CURVE('',#5124,#5132,#5134,.T.);
#5132 = VERTEX_POINT('',#5133);
#5133 = CARTESIAN_POINT('',(290.,3.482842712475,-8.2));
#5134 = LINE('',#5135,#5136);
#5135 = CARTESIAN_POINT('',(290.,0.,-8.2));
#5136 = VECTOR('',#5137,1.);
#5137 = DIRECTION('',(-0.,-1.,-0.));
#5138 = ORIENTED_EDGE('',*,*,#5139,.F.);
#5139 = EDGE_CURVE('',#5140,#5132,#5142,.T.);
#5140 = VERTEX_POINT('',#5141);
#5141 = CARTESIAN_POINT('',(290.,3.341421356237,-8.541421356237));
#5142 = CIRCLE('',#5143,0.2);
#5143 = AXIS2_PLACEMENT_3D('',#5144,#5145,#5146);
#5144 = CARTESIAN_POINT('',(290.,3.482842712475,-8.4));
#5145 = DIRECTION('',(-1.,0.,0.));
#5146 = DIRECTION('',(0.,0.,1.));
#5147 = ORIENTED_EDGE('',*,*,#5148,.T.);
#5148 = EDGE_CURVE('',#5140,#5149,#5151,.T.);
#5149 = VERTEX_POINT('',#5150);
#5150 = CARTESIAN_POINT('',(290.,4.741421356237,-9.941421356237));
#5151 = LINE('',#5152,#5153);
#5152 = CARTESIAN_POINT('',(290.,3.341421356237,-8.541421356237));
#5153 = VECTOR('',#5154,1.);
#5154 = DIRECTION('',(0.,0.707106781187,-0.707106781187));
#5155 = ORIENTED_EDGE('',*,*,#5156,.F.);
#5156 = EDGE_CURVE('',#3954,#5149,#5157,.T.);
#5157 = CIRCLE('',#5158,0.2);
#5158 = AXIS2_PLACEMENT_3D('',#5159,#5160,#5161);
#5159 = CARTESIAN_POINT('',(290.,4.882842712475,-9.8));
#5160 = DIRECTION('',(-1.,0.,0.));
#5161 = DIRECTION('',(0.,0.,1.));
#5162 = ORIENTED_EDGE('',*,*,#3953,.T.);
#5163 = ORIENTED_EDGE('',*,*,#5164,.F.);
#5164 = EDGE_CURVE('',#4141,#3946,#5165,.T.);
#5165 = CIRCLE('',#5166,0.2);
#5166 = AXIS2_PLACEMENT_3D('',#5167,#5168,#5169);
#5167 = CARTESIAN_POINT('',(290.,15.117157287525,-9.8));
#5168 = DIRECTION('',(-1.,0.,0.));
#5169 = DIRECTION('',(0.,0.,1.));
#5170 = ORIENTED_EDGE('',*,*,#4165,.T.);
#5171 = ORIENTED_EDGE('',*,*,#5172,.F.);
#5172 = EDGE_CURVE('',#5173,#4158,#5175,.T.);
#5173 = VERTEX_POINT('',#5174);
#5174 = CARTESIAN_POINT('',(290.,16.517157287525,-8.2));
#5175 = CIRCLE('',#5176,0.2);
#5176 = AXIS2_PLACEMENT_3D('',#5177,#5178,#5179);
#5177 = CARTESIAN_POINT('',(290.,16.517157287525,-8.4));
#5178 = DIRECTION('',(-1.,0.,0.));
#5179 = DIRECTION('',(0.,0.,1.));
#5180 = ORIENTED_EDGE('',*,*,#5181,.T.);
#5181 = EDGE_CURVE('',#5173,#5182,#5184,.T.);
#5182 = VERTEX_POINT('',#5183);
#5183 = CARTESIAN_POINT('',(290.,14.789949493661,-8.2));
#5184 = LINE('',#5185,#5186);
#5185 = CARTESIAN_POINT('',(290.,0.,-8.2));
#5186 = VECTOR('',#5187,1.);
#5187 = DIRECTION('',(-0.,-1.,-0.));
#5188 = ORIENTED_EDGE('',*,*,#5189,.T.);
#5189 = EDGE_CURVE('',#5182,#5190,#5192,.T.);
#5190 = VERTEX_POINT('',#5191);
#5191 = CARTESIAN_POINT('',(290.,14.789949493661,-6.2));
#5192 = LINE('',#5193,#5194);
#5193 = CARTESIAN_POINT('',(290.,14.789949493661,0.));
#5194 = VECTOR('',#5195,1.);
#5195 = DIRECTION('',(-0.,-0.,1.));
#5196 = ORIENTED_EDGE('',*,*,#5197,.T.);
#5197 = EDGE_CURVE('',#5190,#5198,#5200,.T.);
#5198 = VERTEX_POINT('',#5199);
#5199 = CARTESIAN_POINT('',(290.,16.989949493661,-4.));
#5200 = LINE('',#5201,#5202);
#5201 = CARTESIAN_POINT('',(290.,14.789949493661,-6.2));
#5202 = VECTOR('',#5203,1.);
#5203 = DIRECTION('',(0.,0.707106781187,0.707106781187));
#5204 = ORIENTED_EDGE('',*,*,#5205,.T.);
#5205 = EDGE_CURVE('',#5198,#5206,#5208,.T.);
#5206 = VERTEX_POINT('',#5207);
#5207 = CARTESIAN_POINT('',(290.,19.5,-4.));
#5208 = LINE('',#5209,#5210);
#5209 = CARTESIAN_POINT('',(290.,0.,-4.));
#5210 = VECTOR('',#5211,1.);
#5211 = DIRECTION('',(0.,1.,0.));
#5212 = ORIENTED_EDGE('',*,*,#5213,.T.);
#5213 = EDGE_CURVE('',#5206,#5214,#5216,.T.);
#5214 = VERTEX_POINT('',#5215);
#5215 = CARTESIAN_POINT('',(290.,20.,-3.5));
#5216 = LINE('',#5217,#5218);
#5217 = CARTESIAN_POINT('',(290.,19.5,-4.));
#5218 = VECTOR('',#5219,1.);
#5219 = DIRECTION('',(0.,0.707106781187,0.707106781187));
#5220 = ORIENTED_EDGE('',*,*,#5221,.T.);
#5221 = EDGE_CURVE('',#5214,#5222,#5224,.T.);
#5222 = VERTEX_POINT('',#5223);
#5223 = CARTESIAN_POINT('',(290.,20.5,-4.));
#5224 = LINE('',#5225,#5226);
#5225 = CARTESIAN_POINT('',(290.,20.,-3.5));
#5226 = VECTOR('',#5227,1.);
#5227 = DIRECTION('',(0.,0.707106781187,-0.707106781187));
#5228 = ORIENTED_EDGE('',*,*,#5229,.T.);
#5229 = EDGE_CURVE('',#5222,#5230,#5232,.T.);
#5230 = VERTEX_POINT('',#5231);
#5231 = CARTESIAN_POINT('',(290.,23.010050506339,-4.));
#5232 = LINE('',#5233,#5234);
#5233 = CARTESIAN_POINT('',(290.,0.,-4.));
#5234 = VECTOR('',#5235,1.);
#5235 = DIRECTION('',(0.,1.,0.));
#5236 = ORIENTED_EDGE('',*,*,#5237,.T.);
#5237 = EDGE_CURVE('',#5230,#5238,#5240,.T.);
#5238 = VERTEX_POINT('',#5239);
#5239 = CARTESIAN_POINT('',(290.,25.210050506339,-6.2));
#5240 = LINE('',#5241,#5242);
#5241 = CARTESIAN_POINT('',(290.,23.010050506339,-4.));
#5242 = VECTOR('',#5243,1.);
#5243 = DIRECTION('',(0.,0.707106781187,-0.707106781187));
#5244 = ORIENTED_EDGE('',*,*,#5245,.T.);
#5245 = EDGE_CURVE('',#5238,#5246,#5248,.T.);
#5246 = VERTEX_POINT('',#5247);
#5247 = CARTESIAN_POINT('',(290.,25.210050506339,-8.2));
#5248 = LINE('',#5249,#5250);
#5249 = CARTESIAN_POINT('',(290.,25.210050506339,0.));
#5250 = VECTOR('',#5251,1.);
#5251 = DIRECTION('',(0.,0.,-1.));
#5252 = ORIENTED_EDGE('',*,*,#5253,.T.);
#5253 = EDGE_CURVE('',#5246,#5254,#5256,.T.);
#5254 = VERTEX_POINT('',#5255);
#5255 = CARTESIAN_POINT('',(290.,23.482842712475,-8.2));
#5256 = LINE('',#5257,#5258);
#5257 = CARTESIAN_POINT('',(290.,0.,-8.2));
#5258 = VECTOR('',#5259,1.);
#5259 = DIRECTION('',(-0.,-1.,-0.));
#5260 = ORIENTED_EDGE('',*,*,#5261,.F.);
#5261 = EDGE_CURVE('',#5262,#5254,#5264,.T.);
#5262 = VERTEX_POINT('',#5263);
#5263 = CARTESIAN_POINT('',(290.,23.341421356237,-8.541421356237));
#5264 = CIRCLE('',#5265,0.2);
#5265 = AXIS2_PLACEMENT_3D('',#5266,#5267,#5268);
#5266 = CARTESIAN_POINT('',(290.,23.482842712475,-8.4));
#5267 = DIRECTION('',(-1.,0.,0.));
#5268 = DIRECTION('',(0.,0.,1.));
#5269 = ORIENTED_EDGE('',*,*,#5270,.T.);
#5270 = EDGE_CURVE('',#5262,#5271,#5273,.T.);
#5271 = VERTEX_POINT('',#5272);
#5272 = CARTESIAN_POINT('',(290.,24.741421356237,-9.941421356237));
#5273 = LINE('',#5274,#5275);
#5274 = CARTESIAN_POINT('',(290.,23.341421356237,-8.541421356237));
#5275 = VECTOR('',#5276,1.);
#5276 = DIRECTION('',(0.,0.707106781187,-0.707106781187));
#5277 = ORIENTED_EDGE('',*,*,#5278,.F.);
#5278 = EDGE_CURVE('',#5279,#5271,#5281,.T.);
#5279 = VERTEX_POINT('',#5280);
#5280 = CARTESIAN_POINT('',(290.,24.882842712475,-10.));
#5281 = CIRCLE('',#5282,0.2);
#5282 = AXIS2_PLACEMENT_3D('',#5283,#5284,#5285);
#5283 = CARTESIAN_POINT('',(290.,24.882842712475,-9.8));
#5284 = DIRECTION('',(-1.,0.,0.));
#5285 = DIRECTION('',(0.,0.,1.));
#5286 = ORIENTED_EDGE('',*,*,#5287,.T.);
#5287 = EDGE_CURVE('',#5279,#5288,#5290,.T.);
#5288 = VERTEX_POINT('',#5289);
#5289 = CARTESIAN_POINT('',(290.,29.8,-10.));
#5290 = LINE('',#5291,#5292);
#5291 = CARTESIAN_POINT('',(290.,0.,-10.));
#5292 = VECTOR('',#5293,1.);
#5293 = DIRECTION('',(0.,1.,0.));
#5294 = ORIENTED_EDGE('',*,*,#5295,.F.);
#5295 = EDGE_CURVE('',#3619,#5288,#5296,.T.);
#5296 = CIRCLE('',#5297,0.2);
#5297 = AXIS2_PLACEMENT_3D('',#5298,#5299,#5300);
#5298 = CARTESIAN_POINT('',(290.,29.8,-9.8));
#5299 = DIRECTION('',(-1.,0.,0.));
#5300 = DIRECTION('',(0.,0.,1.));
#5301 = ORIENTED_EDGE('',*,*,#3618,.T.);
#5302 = ORIENTED_EDGE('',*,*,#5303,.F.);
#5303 = EDGE_CURVE('',#3727,#3611,#5304,.T.);
#5304 = CIRCLE('',#5305,0.2);
#5305 = AXIS2_PLACEMENT_3D('',#5306,#5307,#5308);
#5306 = CARTESIAN_POINT('',(290.,29.8,-4.882842712475));
#5307 = DIRECTION('',(-1.,0.,0.));
#5308 = DIRECTION('',(0.,0.,1.));
#5309 = ORIENTED_EDGE('',*,*,#3751,.T.);
#5310 = ORIENTED_EDGE('',*,*,#5311,.F.);
#5311 = EDGE_CURVE('',#2234,#3744,#5312,.T.);
#5312 = CIRCLE('',#5313,0.2);
#5313 = AXIS2_PLACEMENT_3D('',#5314,#5315,#5316);
#5314 = CARTESIAN_POINT('',(290.,28.4,-3.482842712475));
#5315 = DIRECTION('',(-1.,0.,0.));
#5316 = DIRECTION('',(0.,0.,1.));
#5317 = ORIENTED_EDGE('',*,*,#2231,.F.);
#5318 = ORIENTED_EDGE('',*,*,#5319,.T.);
#5319 = EDGE_CURVE('',#2232,#5320,#5322,.T.);
#5320 = VERTEX_POINT('',#5321);
#5321 = CARTESIAN_POINT('',(290.,28.2,-5.210050506339));
#5322 = LINE('',#5323,#5324);
#5323 = CARTESIAN_POINT('',(290.,28.2,0.));
#5324 = VECTOR('',#5325,1.);
#5325 = DIRECTION('',(0.,0.,-1.));
#5326 = ORIENTED_EDGE('',*,*,#5327,.T.);
#5327 = EDGE_CURVE('',#5320,#5328,#5330,.T.);
#5328 = VERTEX_POINT('',#5329);
#5329 = CARTESIAN_POINT('',(290.,26.2,-5.210050506339));
#5330 = LINE('',#5331,#5332);
#5331 = CARTESIAN_POINT('',(290.,0.,-5.210050506339));
#5332 = VECTOR('',#5333,1.);
#5333 = DIRECTION('',(-0.,-1.,-0.));
#5334 = ORIENTED_EDGE('',*,*,#5335,.T.);
#5335 = EDGE_CURVE('',#5328,#5336,#5338,.T.);
#5336 = VERTEX_POINT('',#5337);
#5337 = CARTESIAN_POINT('',(290.,24.,-3.010050506339));
#5338 = LINE('',#5339,#5340);
#5339 = CARTESIAN_POINT('',(290.,26.2,-5.210050506339));
#5340 = VECTOR('',#5341,1.);
#5341 = DIRECTION('',(0.,-0.707106781187,0.707106781187));
#5342 = ORIENTED_EDGE('',*,*,#5343,.T.);
#5343 = EDGE_CURVE('',#5336,#5344,#5346,.T.);
#5344 = VERTEX_POINT('',#5345);
#5345 = CARTESIAN_POINT('',(290.,24.,-0.5));
#5346 = LINE('',#5347,#5348);
#5347 = CARTESIAN_POINT('',(290.,24.,0.));
#5348 = VECTOR('',#5349,1.);
#5349 = DIRECTION('',(-0.,-0.,1.));
#5350 = ORIENTED_EDGE('',*,*,#5351,.T.);
#5351 = EDGE_CURVE('',#5344,#5352,#5354,.T.);
#5352 = VERTEX_POINT('',#5353);
#5353 = CARTESIAN_POINT('',(290.,23.5,-2.2E-14));
#5354 = LINE('',#5355,#5356);
#5355 = CARTESIAN_POINT('',(290.,24.,-0.5));
#5356 = VECTOR('',#5357,1.);
#5357 = DIRECTION('',(0.,-0.707106781187,0.707106781187));
#5358 = ORIENTED_EDGE('',*,*,#5359,.T.);
#5359 = EDGE_CURVE('',#5352,#5360,#5362,.T.);
#5360 = VERTEX_POINT('',#5361);
#5361 = CARTESIAN_POINT('',(290.,24.,0.5));
#5362 = LINE('',#5363,#5364);
#5363 = CARTESIAN_POINT('',(290.,23.5,-2.164E-14));
#5364 = VECTOR('',#5365,1.);
#5365 = DIRECTION('',(0.,0.707106781187,0.707106781187));
#5366 = ORIENTED_EDGE('',*,*,#5367,.T.);
#5367 = EDGE_CURVE('',#5360,#5368,#5370,.T.);
#5368 = VERTEX_POINT('',#5369);
#5369 = CARTESIAN_POINT('',(290.,24.,3.010050506339));
#5370 = LINE('',#5371,#5372);
#5371 = CARTESIAN_POINT('',(290.,24.,0.));
#5372 = VECTOR('',#5373,1.);
#5373 = DIRECTION('',(-0.,-0.,1.));
#5374 = ORIENTED_EDGE('',*,*,#5375,.T.);
#5375 = EDGE_CURVE('',#5368,#5376,#5378,.T.);
#5376 = VERTEX_POINT('',#5377);
#5377 = CARTESIAN_POINT('',(290.,26.2,5.210050506339));
#5378 = LINE('',#5379,#5380);
#5379 = CARTESIAN_POINT('',(290.,24.,3.010050506339));
#5380 = VECTOR('',#5381,1.);
#5381 = DIRECTION('',(0.,0.707106781187,0.707106781187));
#5382 = ORIENTED_EDGE('',*,*,#5383,.T.);
#5383 = EDGE_CURVE('',#5376,#5384,#5386,.T.);
#5384 = VERTEX_POINT('',#5385);
#5385 = CARTESIAN_POINT('',(290.,28.2,5.210050506339));
#5386 = LINE('',#5387,#5388);
#5387 = CARTESIAN_POINT('',(290.,0.,5.210050506339));
#5388 = VECTOR('',#5389,1.);
#5389 = DIRECTION('',(0.,1.,0.));
#5390 = ORIENTED_EDGE('',*,*,#5391,.T.);
#5391 = EDGE_CURVE('',#5384,#5392,#5394,.T.);
#5392 = VERTEX_POINT('',#5393);
#5393 = CARTESIAN_POINT('',(290.,28.2,3.482842712475));
#5394 = LINE('',#5395,#5396);
#5395 = CARTESIAN_POINT('',(290.,28.2,0.));
#5396 = VECTOR('',#5397,1.);
#5397 = DIRECTION('',(0.,0.,-1.));
#5398 = ORIENTED_EDGE('',*,*,#5399,.F.);
#5399 = EDGE_CURVE('',#5400,#5392,#5402,.T.);
#5400 = VERTEX_POINT('',#5401);
#5401 = CARTESIAN_POINT('',(290.,28.541421356237,3.341421356237));
#5402 = CIRCLE('',#5403,0.2);
#5403 = AXIS2_PLACEMENT_3D('',#5404,#5405,#5406);
#5404 = CARTESIAN_POINT('',(290.,28.4,3.482842712475));
#5405 = DIRECTION('',(-1.,0.,0.));
#5406 = DIRECTION('',(0.,0.,1.));
#5407 = ORIENTED_EDGE('',*,*,#5408,.T.);
#5408 = EDGE_CURVE('',#5400,#5409,#5411,.T.);
#5409 = VERTEX_POINT('',#5410);
#5410 = CARTESIAN_POINT('',(290.,29.941421356237,4.741421356237));
#5411 = LINE('',#5412,#5413);
#5412 = CARTESIAN_POINT('',(290.,28.541421356237,3.341421356237));
#5413 = VECTOR('',#5414,1.);
#5414 = DIRECTION('',(0.,0.707106781187,0.707106781187));
#5415 = ORIENTED_EDGE('',*,*,#5416,.F.);
#5416 = EDGE_CURVE('',#3577,#5409,#5417,.T.);
#5417 = CIRCLE('',#5418,0.2);
#5418 = AXIS2_PLACEMENT_3D('',#5419,#5420,#5421);
#5419 = CARTESIAN_POINT('',(290.,29.8,4.882842712475));
#5420 = DIRECTION('',(-1.,0.,0.));
#5421 = DIRECTION('',(0.,0.,1.));
#5422 = ORIENTED_EDGE('',*,*,#3576,.T.);
#5423 = ORIENTED_EDGE('',*,*,#5424,.T.);
#5424 = EDGE_CURVE('',#3569,#5425,#5427,.T.);
#5425 = VERTEX_POINT('',#5426);
#5426 = CARTESIAN_POINT('',(290.,28.2,17.));
#5427 = LINE('',#5428,#5429);
#5428 = CARTESIAN_POINT('',(290.,30.,15.2));
#5429 = VECTOR('',#5430,1.);
#5430 = DIRECTION('',(0.,-0.707106781187,0.707106781187));
#5431 = ORIENTED_EDGE('',*,*,#5432,.T.);
#5432 = EDGE_CURVE('',#5425,#5433,#5435,.T.);
#5433 = VERTEX_POINT('',#5434);
#5434 = CARTESIAN_POINT('',(290.,28.2,14.789949493661));
#5435 = LINE('',#5436,#5437);
#5436 = CARTESIAN_POINT('',(290.,28.2,0.));
#5437 = VECTOR('',#5438,1.);
#5438 = DIRECTION('',(0.,0.,-1.));
#5439 = ORIENTED_EDGE('',*,*,#5440,.T.);
#5440 = EDGE_CURVE('',#5433,#5441,#5443,.T.);
#5441 = VERTEX_POINT('',#5442);
#5442 = CARTESIAN_POINT('',(290.,26.2,14.789949493661));
#5443 = LINE('',#5444,#5445);
#5444 = CARTESIAN_POINT('',(290.,0.,14.789949493661));
#5445 = VECTOR('',#5446,1.);
#5446 = DIRECTION('',(-0.,-1.,-0.));
#5447 = ORIENTED_EDGE('',*,*,#5448,.T.);
#5448 = EDGE_CURVE('',#5441,#5449,#5451,.T.);
#5449 = VERTEX_POINT('',#5450);
#5450 = CARTESIAN_POINT('',(290.,24.,16.989949493661));
#5451 = LINE('',#5452,#5453);
#5452 = CARTESIAN_POINT('',(290.,26.2,14.789949493661));
#5453 = VECTOR('',#5454,1.);
#5454 = DIRECTION('',(0.,-0.707106781187,0.707106781187));
#5455 = ORIENTED_EDGE('',*,*,#5456,.T.);
#5456 = EDGE_CURVE('',#5449,#5457,#5459,.T.);
#5457 = VERTEX_POINT('',#5458);
#5458 = CARTESIAN_POINT('',(290.,24.,19.5));
#5459 = LINE('',#5460,#5461);
#5460 = CARTESIAN_POINT('',(290.,24.,0.));
#5461 = VECTOR('',#5462,1.);
#5462 = DIRECTION('',(-0.,-0.,1.));
#5463 = ORIENTED_EDGE('',*,*,#5464,.F.);
#5464 = EDGE_CURVE('',#5465,#5457,#5467,.T.);
#5465 = VERTEX_POINT('',#5466);
#5466 = CARTESIAN_POINT('',(290.,23.5,20.));
#5467 = LINE('',#5468,#5469);
#5468 = CARTESIAN_POINT('',(290.,24.,19.5));
#5469 = VECTOR('',#5470,1.);
#5470 = DIRECTION('',(-0.,0.707106781187,-0.707106781187));
#5471 = ORIENTED_EDGE('',*,*,#5472,.F.);
#5472 = EDGE_CURVE('',#5473,#5465,#5475,.T.);
#5473 = VERTEX_POINT('',#5474);
#5474 = CARTESIAN_POINT('',(290.,24.,20.5));
#5475 = LINE('',#5476,#5477);
#5476 = CARTESIAN_POINT('',(290.,23.5,20.));
#5477 = VECTOR('',#5478,1.);
#5478 = DIRECTION('',(-0.,-0.707106781187,-0.707106781187));
#5479 = ORIENTED_EDGE('',*,*,#5480,.T.);
#5480 = EDGE_CURVE('',#5473,#5481,#5483,.T.);
#5481 = VERTEX_POINT('',#5482);
#5482 = CARTESIAN_POINT('',(290.,24.,23.010050506339));
#5483 = LINE('',#5484,#5485);
#5484 = CARTESIAN_POINT('',(290.,24.,0.));
#5485 = VECTOR('',#5486,1.);
#5486 = DIRECTION('',(-0.,-0.,1.));
#5487 = ORIENTED_EDGE('',*,*,#5488,.T.);
#5488 = EDGE_CURVE('',#5481,#5489,#5491,.T.);
#5489 = VERTEX_POINT('',#5490);
#5490 = CARTESIAN_POINT('',(290.,26.2,25.210050506339));
#5491 = LINE('',#5492,#5493);
#5492 = CARTESIAN_POINT('',(290.,24.,23.010050506339));
#5493 = VECTOR('',#5494,1.);
#5494 = DIRECTION('',(0.,0.707106781187,0.707106781187));
#5495 = ORIENTED_EDGE('',*,*,#5496,.T.);
#5496 = EDGE_CURVE('',#5489,#5497,#5499,.T.);
#5497 = VERTEX_POINT('',#5498);
#5498 = CARTESIAN_POINT('',(290.,28.2,25.210050506339));
#5499 = LINE('',#5500,#5501);
#5500 = CARTESIAN_POINT('',(290.,0.,25.210050506339));
#5501 = VECTOR('',#5502,1.);
#5502 = DIRECTION('',(0.,1.,0.));
#5503 = ORIENTED_EDGE('',*,*,#5504,.T.);
#5504 = EDGE_CURVE('',#5497,#3913,#5505,.T.);
#5505 = LINE('',#5506,#5507);
#5506 = CARTESIAN_POINT('',(290.,28.2,0.));
#5507 = VECTOR('',#5508,1.);
#5508 = DIRECTION('',(0.,0.,-1.));
#5509 = ORIENTED_EDGE('',*,*,#3912,.T.);
#5510 = ORIENTED_EDGE('',*,*,#5511,.T.);
#5511 = EDGE_CURVE('',#3905,#5512,#5514,.T.);
#5512 = VERTEX_POINT('',#5513);
#5513 = CARTESIAN_POINT('',(290.,30.,30.));
#5514 = LINE('',#5515,#5516);
#5515 = CARTESIAN_POINT('',(290.,30.,0.));
#5516 = VECTOR('',#5517,1.);
#5517 = DIRECTION('',(-0.,-0.,1.));
#5518 = ORIENTED_EDGE('',*,*,#5519,.T.);
#5519 = EDGE_CURVE('',#5512,#5520,#5522,.T.);
#5520 = VERTEX_POINT('',#5521);
#5521 = CARTESIAN_POINT('',(290.,24.8,30.));
#5522 = LINE('',#5523,#5524);
#5523 = CARTESIAN_POINT('',(290.,0.,30.));
#5524 = VECTOR('',#5525,1.);
#5525 = DIRECTION('',(-0.,-1.,-0.));
#5526 = ORIENTED_EDGE('',*,*,#5527,.T.);
#5527 = EDGE_CURVE('',#5520,#5528,#5530,.T.);
#5528 = VERTEX_POINT('',#5529);
#5529 = CARTESIAN_POINT('',(290.,23.,28.2));
#5530 = LINE('',#5531,#5532);
#5531 = CARTESIAN_POINT('',(290.,24.8,30.));
#5532 = VECTOR('',#5533,1.);
#5533 = DIRECTION('',(0.,-0.707106781187,-0.707106781187));
#5534 = ORIENTED_EDGE('',*,*,#5535,.T.);
#5535 = EDGE_CURVE('',#5528,#5536,#5538,.T.);
#5536 = VERTEX_POINT('',#5537);
#5537 = CARTESIAN_POINT('',(290.,25.210050506339,28.2));
#5538 = LINE('',#5539,#5540);
#5539 = CARTESIAN_POINT('',(290.,0.,28.2));
#5540 = VECTOR('',#5541,1.);
#5541 = DIRECTION('',(0.,1.,0.));
#5542 = ORIENTED_EDGE('',*,*,#5543,.T.);
#5543 = EDGE_CURVE('',#5536,#5544,#5546,.T.);
#5544 = VERTEX_POINT('',#5545);
#5545 = CARTESIAN_POINT('',(290.,25.210050506339,26.2));
#5546 = LINE('',#5547,#5548);
#5547 = CARTESIAN_POINT('',(290.,25.210050506339,0.));
#5548 = VECTOR('',#5549,1.);
#5549 = DIRECTION('',(0.,0.,-1.));
#5550 = ORIENTED_EDGE('',*,*,#5551,.T.);
#5551 = EDGE_CURVE('',#5544,#5552,#5554,.T.);
#5552 = VERTEX_POINT('',#5553);
#5553 = CARTESIAN_POINT('',(290.,23.010050506339,24.));
#5554 = LINE('',#5555,#5556);
#5555 = CARTESIAN_POINT('',(290.,25.210050506339,26.2));
#5556 = VECTOR('',#5557,1.);
#5557 = DIRECTION('',(0.,-0.707106781187,-0.707106781187));
#5558 = ORIENTED_EDGE('',*,*,#5559,.T.);
#5559 = EDGE_CURVE('',#5552,#5560,#5562,.T.);
#5560 = VERTEX_POINT('',#5561);
#5561 = CARTESIAN_POINT('',(290.,20.5,24.));
#5562 = LINE('',#5563,#5564);
#5563 = CARTESIAN_POINT('',(290.,0.,24.));
#5564 = VECTOR('',#5565,1.);
#5565 = DIRECTION('',(-0.,-1.,-0.));
#5566 = ORIENTED_EDGE('',*,*,#5567,.F.);
#5567 = EDGE_CURVE('',#5568,#5560,#5570,.T.);
#5568 = VERTEX_POINT('',#5569);
#5569 = CARTESIAN_POINT('',(290.,20.,23.5));
#5570 = LINE('',#5571,#5572);
#5571 = CARTESIAN_POINT('',(290.,20.5,24.));
#5572 = VECTOR('',#5573,1.);
#5573 = DIRECTION('',(-0.,0.707106781187,0.707106781187));
#5574 = ORIENTED_EDGE('',*,*,#5575,.F.);
#5575 = EDGE_CURVE('',#5576,#5568,#5578,.T.);
#5576 = VERTEX_POINT('',#5577);
#5577 = CARTESIAN_POINT('',(290.,19.5,24.));
#5578 = LINE('',#5579,#5580);
#5579 = CARTESIAN_POINT('',(290.,20.,23.5));
#5580 = VECTOR('',#5581,1.);
#5581 = DIRECTION('',(-0.,0.707106781187,-0.707106781187));
#5582 = ORIENTED_EDGE('',*,*,#5583,.T.);
#5583 = EDGE_CURVE('',#5576,#5584,#5586,.T.);
#5584 = VERTEX_POINT('',#5585);
#5585 = CARTESIAN_POINT('',(290.,16.989949493661,24.));
#5586 = LINE('',#5587,#5588);
#5587 = CARTESIAN_POINT('',(290.,0.,24.));
#5588 = VECTOR('',#5589,1.);
#5589 = DIRECTION('',(-0.,-1.,-0.));
#5590 = ORIENTED_EDGE('',*,*,#5591,.T.);
#5591 = EDGE_CURVE('',#5584,#4662,#5592,.T.);
#5592 = LINE('',#5593,#5594);
#5593 = CARTESIAN_POINT('',(290.,16.989949493661,24.));
#5594 = VECTOR('',#5595,1.);
#5595 = DIRECTION('',(0.,-0.707106781187,0.707106781187));
#5596 = FACE_BOUND('',#5597,.T.);
#5597 = EDGE_LOOP('',(#5598,#5608,#5616,#5624,#5632,#5640,#5648,#5656,
    #5664,#5672,#5680,#5688,#5696,#5704,#5712,#5720,#5728,#5736,#5744,
    #5752,#5760,#5768,#5776,#5784,#5792,#5800,#5808,#5816,#5824,#5832,
    #5840,#5848,#5856,#5864,#5872,#5880,#5888,#5896,#5904,#5912,#5920,
    #5928,#5936,#5944,#5952,#5960,#5968,#5976,#5984,#5992,#6000,#6008));
#5598 = ORIENTED_EDGE('',*,*,#5599,.F.);
#5599 = EDGE_CURVE('',#5600,#5602,#5604,.T.);
#5600 = VERTEX_POINT('',#5601);
#5601 = CARTESIAN_POINT('',(290.,16.,19.5));
#5602 = VERTEX_POINT('',#5603);
#5603 = CARTESIAN_POINT('',(290.,16.5,20.));
#5604 = LINE('',#5605,#5606);
#5605 = CARTESIAN_POINT('',(290.,16.5,20.));
#5606 = VECTOR('',#5607,1.);
#5607 = DIRECTION('',(-0.,0.707106781187,0.707106781187));
#5608 = ORIENTED_EDGE('',*,*,#5609,.T.);
#5609 = EDGE_CURVE('',#5600,#5610,#5612,.T.);
#5610 = VERTEX_POINT('',#5611);
#5611 = CARTESIAN_POINT('',(290.,16.,16.989949493661));
#5612 = LINE('',#5613,#5614);
#5613 = CARTESIAN_POINT('',(290.,16.,0.));
#5614 = VECTOR('',#5615,1.);
#5615 = DIRECTION('',(0.,0.,-1.));
#5616 = ORIENTED_EDGE('',*,*,#5617,.T.);
#5617 = EDGE_CURVE('',#5610,#5618,#5620,.T.);
#5618 = VERTEX_POINT('',#5619);
#5619 = CARTESIAN_POINT('',(290.,16.989949493661,16.));
#5620 = LINE('',#5621,#5622);
#5621 = CARTESIAN_POINT('',(290.,16.,16.989949493661));
#5622 = VECTOR('',#5623,1.);
#5623 = DIRECTION('',(0.,0.707106781187,-0.707106781187));
#5624 = ORIENTED_EDGE('',*,*,#5625,.T.);
#5625 = EDGE_CURVE('',#5618,#5626,#5628,.T.);
#5626 = VERTEX_POINT('',#5627);
#5627 = CARTESIAN_POINT('',(290.,19.5,16.));
#5628 = LINE('',#5629,#5630);
#5629 = CARTESIAN_POINT('',(290.,0.,16.));
#5630 = VECTOR('',#5631,1.);
#5631 = DIRECTION('',(0.,1.,0.));
#5632 = ORIENTED_EDGE('',*,*,#5633,.F.);
#5633 = EDGE_CURVE('',#5634,#5626,#5636,.T.);
#5634 = VERTEX_POINT('',#5635);
#5635 = CARTESIAN_POINT('',(290.,20.,16.5));
#5636 = LINE('',#5637,#5638);
#5637 = CARTESIAN_POINT('',(290.,19.5,16.));
#5638 = VECTOR('',#5639,1.);
#5639 = DIRECTION('',(-0.,-0.707106781187,-0.707106781187));
#5640 = ORIENTED_EDGE('',*,*,#5641,.F.);
#5641 = EDGE_CURVE('',#5642,#5634,#5644,.T.);
#5642 = VERTEX_POINT('',#5643);
#5643 = CARTESIAN_POINT('',(290.,20.5,16.));
#5644 = LINE('',#5645,#5646);
#5645 = CARTESIAN_POINT('',(290.,20.,16.5));
#5646 = VECTOR('',#5647,1.);
#5647 = DIRECTION('',(-0.,-0.707106781187,0.707106781187));
#5648 = ORIENTED_EDGE('',*,*,#5649,.T.);
#5649 = EDGE_CURVE('',#5642,#5650,#5652,.T.);
#5650 = VERTEX_POINT('',#5651);
#5651 = CARTESIAN_POINT('',(290.,23.010050506339,16.));
#5652 = LINE('',#5653,#5654);
#5653 = CARTESIAN_POINT('',(290.,0.,16.));
#5654 = VECTOR('',#5655,1.);
#5655 = DIRECTION('',(0.,1.,0.));
#5656 = ORIENTED_EDGE('',*,*,#5657,.T.);
#5657 = EDGE_CURVE('',#5650,#5658,#5660,.T.);
#5658 = VERTEX_POINT('',#5659);
#5659 = CARTESIAN_POINT('',(290.,25.210050506339,13.8));
#5660 = LINE('',#5661,#5662);
#5661 = CARTESIAN_POINT('',(290.,23.010050506339,16.));
#5662 = VECTOR('',#5663,1.);
#5663 = DIRECTION('',(0.,0.707106781187,-0.707106781187));
#5664 = ORIENTED_EDGE('',*,*,#5665,.T.);
#5665 = EDGE_CURVE('',#5658,#5666,#5668,.T.);
#5666 = VERTEX_POINT('',#5667);
#5667 = CARTESIAN_POINT('',(290.,28.2,13.8));
#5668 = LINE('',#5669,#5670);
#5669 = CARTESIAN_POINT('',(290.,0.,13.8));
#5670 = VECTOR('',#5671,1.);
#5671 = DIRECTION('',(0.,1.,0.));
#5672 = ORIENTED_EDGE('',*,*,#5673,.T.);
#5673 = EDGE_CURVE('',#5666,#5674,#5676,.T.);
#5674 = VERTEX_POINT('',#5675);
#5675 = CARTESIAN_POINT('',(290.,28.2,6.2));
#5676 = LINE('',#5677,#5678);
#5677 = CARTESIAN_POINT('',(290.,28.2,0.));
#5678 = VECTOR('',#5679,1.);
#5679 = DIRECTION('',(0.,0.,-1.));
#5680 = ORIENTED_EDGE('',*,*,#5681,.T.);
#5681 = EDGE_CURVE('',#5674,#5682,#5684,.T.);
#5682 = VERTEX_POINT('',#5683);
#5683 = CARTESIAN_POINT('',(290.,25.210050506339,6.2));
#5684 = LINE('',#5685,#5686);
#5685 = CARTESIAN_POINT('',(290.,0.,6.2));
#5686 = VECTOR('',#5687,1.);
#5687 = DIRECTION('',(-0.,-1.,-0.));
#5688 = ORIENTED_EDGE('',*,*,#5689,.T.);
#5689 = EDGE_CURVE('',#5682,#5690,#5692,.T.);
#5690 = VERTEX_POINT('',#5691);
#5691 = CARTESIAN_POINT('',(290.,23.010050506339,4.));
#5692 = LINE('',#5693,#5694);
#5693 = CARTESIAN_POINT('',(290.,25.210050506339,6.2));
#5694 = VECTOR('',#5695,1.);
#5695 = DIRECTION('',(0.,-0.707106781187,-0.707106781187));
#5696 = ORIENTED_EDGE('',*,*,#5697,.T.);
#5697 = EDGE_CURVE('',#5690,#5698,#5700,.T.);
#5698 = VERTEX_POINT('',#5699);
#5699 = CARTESIAN_POINT('',(290.,20.5,4.));
#5700 = LINE('',#5701,#5702);
#5701 = CARTESIAN_POINT('',(290.,0.,4.));
#5702 = VECTOR('',#5703,1.);
#5703 = DIRECTION('',(-0.,-1.,-0.));
#5704 = ORIENTED_EDGE('',*,*,#5705,.T.);
#5705 = EDGE_CURVE('',#5698,#5706,#5708,.T.);
#5706 = VERTEX_POINT('',#5707);
#5707 = CARTESIAN_POINT('',(290.,20.,3.5));
#5708 = LINE('',#5709,#5710);
#5709 = CARTESIAN_POINT('',(290.,20.5,4.));
#5710 = VECTOR('',#5711,1.);
#5711 = DIRECTION('',(0.,-0.707106781187,-0.707106781187));
#5712 = ORIENTED_EDGE('',*,*,#5713,.T.);
#5713 = EDGE_CURVE('',#5706,#5714,#5716,.T.);
#5714 = VERTEX_POINT('',#5715);
#5715 = CARTESIAN_POINT('',(290.,19.5,4.));
#5716 = LINE('',#5717,#5718);
#5717 = CARTESIAN_POINT('',(290.,20.,3.5));
#5718 = VECTOR('',#5719,1.);
#5719 = DIRECTION('',(0.,-0.707106781187,0.707106781187));
#5720 = ORIENTED_EDGE('',*,*,#5721,.T.);
#5721 = EDGE_CURVE('',#5714,#5722,#5724,.T.);
#5722 = VERTEX_POINT('',#5723);
#5723 = CARTESIAN_POINT('',(290.,16.989949493661,4.));
#5724 = LINE('',#5725,#5726);
#5725 = CARTESIAN_POINT('',(290.,0.,4.));
#5726 = VECTOR('',#5727,1.);
#5727 = DIRECTION('',(-0.,-1.,-0.));
#5728 = ORIENTED_EDGE('',*,*,#5729,.T.);
#5729 = EDGE_CURVE('',#5722,#5730,#5732,.T.);
#5730 = VERTEX_POINT('',#5731);
#5731 = CARTESIAN_POINT('',(290.,16.,3.010050506339));
#5732 = LINE('',#5733,#5734);
#5733 = CARTESIAN_POINT('',(290.,16.989949493661,4.));
#5734 = VECTOR('',#5735,1.);
#5735 = DIRECTION('',(0.,-0.707106781187,-0.707106781187));
#5736 = ORIENTED_EDGE('',*,*,#5737,.T.);
#5737 = EDGE_CURVE('',#5730,#5738,#5740,.T.);
#5738 = VERTEX_POINT('',#5739);
#5739 = CARTESIAN_POINT('',(290.,16.,0.5));
#5740 = LINE('',#5741,#5742);
#5741 = CARTESIAN_POINT('',(290.,16.,0.));
#5742 = VECTOR('',#5743,1.);
#5743 = DIRECTION('',(0.,0.,-1.));
#5744 = ORIENTED_EDGE('',*,*,#5745,.T.);
#5745 = EDGE_CURVE('',#5738,#5746,#5748,.T.);
#5746 = VERTEX_POINT('',#5747);
#5747 = CARTESIAN_POINT('',(290.,16.5,1.E-15));
#5748 = LINE('',#5749,#5750);
#5749 = CARTESIAN_POINT('',(290.,16.,0.5));
#5750 = VECTOR('',#5751,1.);
#5751 = DIRECTION('',(0.,0.707106781187,-0.707106781187));
#5752 = ORIENTED_EDGE('',*,*,#5753,.T.);
#5753 = EDGE_CURVE('',#5746,#5754,#5756,.T.);
#5754 = VERTEX_POINT('',#5755);
#5755 = CARTESIAN_POINT('',(290.,16.,-0.5));
#5756 = LINE('',#5757,#5758);
#5757 = CARTESIAN_POINT('',(290.,16.5,6.7E-16));
#5758 = VECTOR('',#5759,1.);
#5759 = DIRECTION('',(0.,-0.707106781187,-0.707106781187));
#5760 = ORIENTED_EDGE('',*,*,#5761,.T.);
#5761 = EDGE_CURVE('',#5754,#5762,#5764,.T.);
#5762 = VERTEX_POINT('',#5763);
#5763 = CARTESIAN_POINT('',(290.,16.,-3.010050506339));
#5764 = LINE('',#5765,#5766);
#5765 = CARTESIAN_POINT('',(290.,16.,0.));
#5766 = VECTOR('',#5767,1.);
#5767 = DIRECTION('',(0.,0.,-1.));
#5768 = ORIENTED_EDGE('',*,*,#5769,.T.);
#5769 = EDGE_CURVE('',#5762,#5770,#5772,.T.);
#5770 = VERTEX_POINT('',#5771);
#5771 = CARTESIAN_POINT('',(290.,13.8,-5.210050506339));
#5772 = LINE('',#5773,#5774);
#5773 = CARTESIAN_POINT('',(290.,16.,-3.010050506339));
#5774 = VECTOR('',#5775,1.);
#5775 = DIRECTION('',(0.,-0.707106781187,-0.707106781187));
#5776 = ORIENTED_EDGE('',*,*,#5777,.T.);
#5777 = EDGE_CURVE('',#5770,#5778,#5780,.T.);
#5778 = VERTEX_POINT('',#5779);
#5779 = CARTESIAN_POINT('',(290.,6.2,-5.210050506339));
#5780 = LINE('',#5781,#5782);
#5781 = CARTESIAN_POINT('',(290.,0.,-5.210050506339));
#5782 = VECTOR('',#5783,1.);
#5783 = DIRECTION('',(-0.,-1.,-0.));
#5784 = ORIENTED_EDGE('',*,*,#5785,.T.);
#5785 = EDGE_CURVE('',#5778,#5786,#5788,.T.);
#5786 = VERTEX_POINT('',#5787);
#5787 = CARTESIAN_POINT('',(290.,4.,-3.010050506339));
#5788 = LINE('',#5789,#5790);
#5789 = CARTESIAN_POINT('',(290.,6.2,-5.210050506339));
#5790 = VECTOR('',#5791,1.);
#5791 = DIRECTION('',(0.,-0.707106781187,0.707106781187));
#5792 = ORIENTED_EDGE('',*,*,#5793,.T.);
#5793 = EDGE_CURVE('',#5786,#5794,#5796,.T.);
#5794 = VERTEX_POINT('',#5795);
#5795 = CARTESIAN_POINT('',(290.,4.,-0.5));
#5796 = LINE('',#5797,#5798);
#5797 = CARTESIAN_POINT('',(290.,4.,0.));
#5798 = VECTOR('',#5799,1.);
#5799 = DIRECTION('',(-0.,-0.,1.));
#5800 = ORIENTED_EDGE('',*,*,#5801,.T.);
#5801 = EDGE_CURVE('',#5794,#5802,#5804,.T.);
#5802 = VERTEX_POINT('',#5803);
#5803 = CARTESIAN_POINT('',(290.,3.5,-1.E-15));
#5804 = LINE('',#5805,#5806);
#5805 = CARTESIAN_POINT('',(290.,4.,-0.5));
#5806 = VECTOR('',#5807,1.);
#5807 = DIRECTION('',(0.,-0.707106781187,0.707106781187));
#5808 = ORIENTED_EDGE('',*,*,#5809,.T.);
#5809 = EDGE_CURVE('',#5802,#5810,#5812,.T.);
#5810 = VERTEX_POINT('',#5811);
#5811 = CARTESIAN_POINT('',(290.,4.,0.5));
#5812 = LINE('',#5813,#5814);
#5813 = CARTESIAN_POINT('',(290.,3.5,-4.6E-16));
#5814 = VECTOR('',#5815,1.);
#5815 = DIRECTION('',(0.,0.707106781187,0.707106781187));
#5816 = ORIENTED_EDGE('',*,*,#5817,.T.);
#5817 = EDGE_CURVE('',#5810,#5818,#5820,.T.);
#5818 = VERTEX_POINT('',#5819);
#5819 = CARTESIAN_POINT('',(290.,4.,3.010050506339));
#5820 = LINE('',#5821,#5822);
#5821 = CARTESIAN_POINT('',(290.,4.,0.));
#5822 = VECTOR('',#5823,1.);
#5823 = DIRECTION('',(-0.,-0.,1.));
#5824 = ORIENTED_EDGE('',*,*,#5825,.T.);
#5825 = EDGE_CURVE('',#5818,#5826,#5828,.T.);
#5826 = VERTEX_POINT('',#5827);
#5827 = CARTESIAN_POINT('',(290.,3.010050506339,4.));
#5828 = LINE('',#5829,#5830);
#5829 = CARTESIAN_POINT('',(290.,4.,3.010050506339));
#5830 = VECTOR('',#5831,1.);
#5831 = DIRECTION('',(0.,-0.707106781187,0.707106781187));
#5832 = ORIENTED_EDGE('',*,*,#5833,.T.);
#5833 = EDGE_CURVE('',#5826,#5834,#5836,.T.);
#5834 = VERTEX_POINT('',#5835);
#5835 = CARTESIAN_POINT('',(290.,0.5,4.));
#5836 = LINE('',#5837,#5838);
#5837 = CARTESIAN_POINT('',(290.,0.,4.));
#5838 = VECTOR('',#5839,1.);
#5839 = DIRECTION('',(-0.,-1.,-0.));
#5840 = ORIENTED_EDGE('',*,*,#5841,.T.);
#5841 = EDGE_CURVE('',#5834,#5842,#5844,.T.);
#5842 = VERTEX_POINT('',#5843);
#5843 = CARTESIAN_POINT('',(290.,-1.2E-14,3.5));
#5844 = LINE('',#5845,#5846);
#5845 = CARTESIAN_POINT('',(290.,0.5,4.));
#5846 = VECTOR('',#5847,1.);
#5847 = DIRECTION('',(0.,-0.707106781187,-0.707106781187));
#5848 = ORIENTED_EDGE('',*,*,#5849,.T.);
#5849 = EDGE_CURVE('',#5842,#5850,#5852,.T.);
#5850 = VERTEX_POINT('',#5851);
#5851 = CARTESIAN_POINT('',(290.,-0.5,4.));
#5852 = LINE('',#5853,#5854);
#5853 = CARTESIAN_POINT('',(290.,-1.176E-14,3.5));
#5854 = VECTOR('',#5855,1.);
#5855 = DIRECTION('',(0.,-0.707106781187,0.707106781187));
#5856 = ORIENTED_EDGE('',*,*,#5857,.T.);
#5857 = EDGE_CURVE('',#5850,#5858,#5860,.T.);
#5858 = VERTEX_POINT('',#5859);
#5859 = CARTESIAN_POINT('',(290.,-3.010050506339,4.));
#5860 = LINE('',#5861,#5862);
#5861 = CARTESIAN_POINT('',(290.,0.,4.));
#5862 = VECTOR('',#5863,1.);
#5863 = DIRECTION('',(-0.,-1.,-0.));
#5864 = ORIENTED_EDGE('',*,*,#5865,.T.);
#5865 = EDGE_CURVE('',#5858,#5866,#5868,.T.);
#5866 = VERTEX_POINT('',#5867);
#5867 = CARTESIAN_POINT('',(290.,-5.210050506339,6.2));
#5868 = LINE('',#5869,#5870);
#5869 = CARTESIAN_POINT('',(290.,-3.010050506339,4.));
#5870 = VECTOR('',#5871,1.);
#5871 = DIRECTION('',(0.,-0.707106781187,0.707106781187));
#5872 = ORIENTED_EDGE('',*,*,#5873,.T.);
#5873 = EDGE_CURVE('',#5866,#5874,#5876,.T.);
#5874 = VERTEX_POINT('',#5875);
#5875 = CARTESIAN_POINT('',(290.,-8.2,6.2));
#5876 = LINE('',#5877,#5878);
#5877 = CARTESIAN_POINT('',(290.,0.,6.2));
#5878 = VECTOR('',#5879,1.);
#5879 = DIRECTION('',(-0.,-1.,-0.));
#5880 = ORIENTED_EDGE('',*,*,#5881,.T.);
#5881 = EDGE_CURVE('',#5874,#5882,#5884,.T.);
#5882 = VERTEX_POINT('',#5883);
#5883 = CARTESIAN_POINT('',(290.,-8.2,13.8));
#5884 = LINE('',#5885,#5886);
#5885 = CARTESIAN_POINT('',(290.,-8.2,0.));
#5886 = VECTOR('',#5887,1.);
#5887 = DIRECTION('',(-0.,-0.,1.));
#5888 = ORIENTED_EDGE('',*,*,#5889,.T.);
#5889 = EDGE_CURVE('',#5882,#5890,#5892,.T.);
#5890 = VERTEX_POINT('',#5891);
#5891 = CARTESIAN_POINT('',(290.,-5.210050506339,13.8));
#5892 = LINE('',#5893,#5894);
#5893 = CARTESIAN_POINT('',(290.,0.,13.8));
#5894 = VECTOR('',#5895,1.);
#5895 = DIRECTION('',(0.,1.,0.));
#5896 = ORIENTED_EDGE('',*,*,#5897,.T.);
#5897 = EDGE_CURVE('',#5890,#5898,#5900,.T.);
#5898 = VERTEX_POINT('',#5899);
#5899 = CARTESIAN_POINT('',(290.,-3.010050506339,16.));
#5900 = LINE('',#5901,#5902);
#5901 = CARTESIAN_POINT('',(290.,-5.210050506339,13.8));
#5902 = VECTOR('',#5903,1.);
#5903 = DIRECTION('',(0.,0.707106781187,0.707106781187));
#5904 = ORIENTED_EDGE('',*,*,#5905,.T.);
#5905 = EDGE_CURVE('',#5898,#5906,#5908,.T.);
#5906 = VERTEX_POINT('',#5907);
#5907 = CARTESIAN_POINT('',(290.,-0.5,16.));
#5908 = LINE('',#5909,#5910);
#5909 = CARTESIAN_POINT('',(290.,0.,16.));
#5910 = VECTOR('',#5911,1.);
#5911 = DIRECTION('',(0.,1.,0.));
#5912 = ORIENTED_EDGE('',*,*,#5913,.F.);
#5913 = EDGE_CURVE('',#5914,#5906,#5916,.T.);
#5914 = VERTEX_POINT('',#5915);
#5915 = CARTESIAN_POINT('',(290.,-1.1E-14,16.5));
#5916 = LINE('',#5917,#5918);
#5917 = CARTESIAN_POINT('',(290.,-1.289E-14,16.5));
#5918 = VECTOR('',#5919,1.);
#5919 = DIRECTION('',(-0.,-0.707106781187,-0.707106781187));
#5920 = ORIENTED_EDGE('',*,*,#5921,.F.);
#5921 = EDGE_CURVE('',#5922,#5914,#5924,.T.);
#5922 = VERTEX_POINT('',#5923);
#5923 = CARTESIAN_POINT('',(290.,0.5,16.));
#5924 = LINE('',#5925,#5926);
#5925 = CARTESIAN_POINT('',(290.,0.5,16.));
#5926 = VECTOR('',#5927,1.);
#5927 = DIRECTION('',(-0.,-0.707106781187,0.707106781187));
#5928 = ORIENTED_EDGE('',*,*,#5929,.T.);
#5929 = EDGE_CURVE('',#5922,#5930,#5932,.T.);
#5930 = VERTEX_POINT('',#5931);
#5931 = CARTESIAN_POINT('',(290.,3.010050506339,16.));
#5932 = LINE('',#5933,#5934);
#5933 = CARTESIAN_POINT('',(290.,0.,16.));
#5934 = VECTOR('',#5935,1.);
#5935 = DIRECTION('',(0.,1.,0.));
#5936 = ORIENTED_EDGE('',*,*,#5937,.T.);
#5937 = EDGE_CURVE('',#5930,#5938,#5940,.T.);
#5938 = VERTEX_POINT('',#5939);
#5939 = CARTESIAN_POINT('',(290.,4.,16.989949493661));
#5940 = LINE('',#5941,#5942);
#5941 = CARTESIAN_POINT('',(290.,3.010050506339,16.));
#5942 = VECTOR('',#5943,1.);
#5943 = DIRECTION('',(0.,0.707106781187,0.707106781187));
#5944 = ORIENTED_EDGE('',*,*,#5945,.T.);
#5945 = EDGE_CURVE('',#5938,#5946,#5948,.T.);
#5946 = VERTEX_POINT('',#5947);
#5947 = CARTESIAN_POINT('',(290.,4.,19.5));
#5948 = LINE('',#5949,#5950);
#5949 = CARTESIAN_POINT('',(290.,4.,0.));
#5950 = VECTOR('',#5951,1.);
#5951 = DIRECTION('',(-0.,-0.,1.));
#5952 = ORIENTED_EDGE('',*,*,#5953,.F.);
#5953 = EDGE_CURVE('',#5954,#5946,#5956,.T.);
#5954 = VERTEX_POINT('',#5955);
#5955 = CARTESIAN_POINT('',(290.,3.5,20.));
#5956 = LINE('',#5957,#5958);
#5957 = CARTESIAN_POINT('',(290.,3.5,20.));
#5958 = VECTOR('',#5959,1.);
#5959 = DIRECTION('',(-0.,0.707106781187,-0.707106781187));
#5960 = ORIENTED_EDGE('',*,*,#5961,.F.);
#5961 = EDGE_CURVE('',#5962,#5954,#5964,.T.);
#5962 = VERTEX_POINT('',#5963);
#5963 = CARTESIAN_POINT('',(290.,4.,20.5));
#5964 = LINE('',#5965,#5966);
#5965 = CARTESIAN_POINT('',(290.,4.,20.5));
#5966 = VECTOR('',#5967,1.);
#5967 = DIRECTION('',(-0.,-0.707106781187,-0.707106781187));
#5968 = ORIENTED_EDGE('',*,*,#5969,.T.);
#5969 = EDGE_CURVE('',#5962,#5970,#5972,.T.);
#5970 = VERTEX_POINT('',#5971);
#5971 = CARTESIAN_POINT('',(290.,4.,23.010050506339));
#5972 = LINE('',#5973,#5974);
#5973 = CARTESIAN_POINT('',(290.,4.,0.));
#5974 = VECTOR('',#5975,1.);
#5975 = DIRECTION('',(-0.,-0.,1.));
#5976 = ORIENTED_EDGE('',*,*,#5977,.T.);
#5977 = EDGE_CURVE('',#5970,#5978,#5980,.T.);
#5978 = VERTEX_POINT('',#5979);
#5979 = CARTESIAN_POINT('',(290.,6.2,25.210050506339));
#5980 = LINE('',#5981,#5982);
#5981 = CARTESIAN_POINT('',(290.,4.,23.010050506339));
#5982 = VECTOR('',#5983,1.);
#5983 = DIRECTION('',(0.,0.707106781187,0.707106781187));
#5984 = ORIENTED_EDGE('',*,*,#5985,.T.);
#5985 = EDGE_CURVE('',#5978,#5986,#5988,.T.);
#5986 = VERTEX_POINT('',#5987);
#5987 = CARTESIAN_POINT('',(290.,13.8,25.210050506339));
#5988 = LINE('',#5989,#5990);
#5989 = CARTESIAN_POINT('',(290.,0.,25.210050506339));
#5990 = VECTOR('',#5991,1.);
#5991 = DIRECTION('',(0.,1.,0.));
#5992 = ORIENTED_EDGE('',*,*,#5993,.T.);
#5993 = EDGE_CURVE('',#5986,#5994,#5996,.T.);
#5994 = VERTEX_POINT('',#5995);
#5995 = CARTESIAN_POINT('',(290.,16.,23.010050506339));
#5996 = LINE('',#5997,#5998);
#5997 = CARTESIAN_POINT('',(290.,13.8,25.210050506339));
#5998 = VECTOR('',#5999,1.);
#5999 = DIRECTION('',(0.,0.707106781187,-0.707106781187));
#6000 = ORIENTED_EDGE('',*,*,#6001,.T.);
#6001 = EDGE_CURVE('',#5994,#6002,#6004,.T.);
#6002 = VERTEX_POINT('',#6003);
#6003 = CARTESIAN_POINT('',(290.,16.,20.5));
#6004 = LINE('',#6005,#6006);
#6005 = CARTESIAN_POINT('',(290.,16.,0.));
#6006 = VECTOR('',#6007,1.);
#6007 = DIRECTION('',(0.,0.,-1.));
#6008 = ORIENTED_EDGE('',*,*,#6009,.F.);
#6009 = EDGE_CURVE('',#5602,#6002,#6010,.T.);
#6010 = LINE('',#6011,#6012);
#6011 = CARTESIAN_POINT('',(290.,16.,20.5));
#6012 = VECTOR('',#6013,1.);
#6013 = DIRECTION('',(-0.,-0.707106781187,0.707106781187));
#6014 = PLANE('',#6015);
#6015 = AXIS2_PLACEMENT_3D('',#6016,#6017,#6018);
#6016 = CARTESIAN_POINT('',(290.,0.,0.));
#6017 = DIRECTION('',(1.,-0.,0.));
#6018 = DIRECTION('',(0.,0.,-1.));
#6019 = ADVANCED_FACE('',(#6020),#6055,.T.);
#6020 = FACE_BOUND('',#6021,.T.);
#6021 = EDGE_LOOP('',(#6022,#6030,#6038,#6047,#6053,#6054));
#6022 = ORIENTED_EDGE('',*,*,#6023,.T.);
#6023 = EDGE_CURVE('',#4552,#6024,#6026,.T.);
#6024 = VERTEX_POINT('',#6025);
#6025 = CARTESIAN_POINT('',(0.,3.,28.2));
#6026 = LINE('',#6027,#6028);
#6027 = CARTESIAN_POINT('',(0.,4.8,30.));
#6028 = VECTOR('',#6029,1.);
#6029 = DIRECTION('',(0.,-0.707106781187,-0.707106781187));
#6030 = ORIENTED_EDGE('',*,*,#6031,.T.);
#6031 = EDGE_CURVE('',#6024,#6032,#6034,.T.);
#6032 = VERTEX_POINT('',#6033);
#6033 = CARTESIAN_POINT('',(141.31727003433,3.,28.2));
#6034 = LINE('',#6035,#6036);
#6035 = CARTESIAN_POINT('',(290.,3.,28.2));
#6036 = VECTOR('',#6037,1.);
#6037 = DIRECTION('',(1.,0.,0.));
#6038 = ORIENTED_EDGE('',*,*,#6039,.T.);
#6039 = EDGE_CURVE('',#6032,#6040,#6042,.T.);
#6040 = VERTEX_POINT('',#6041);
#6041 = CARTESIAN_POINT('',(148.68272996566,3.,28.2));
#6042 = ( BOUNDED_CURVE() B_SPLINE_CURVE(3,(#6043,#6044,#6045,#6046),
.UNSPECIFIED.,.F.,.F.) B_SPLINE_CURVE_WITH_KNOTS((4,4),(5.395977039557,
7.170393574802),.PIECEWISE_BEZIER_KNOTS.) CURVE() 
GEOMETRIC_REPRESENTATION_ITEM() RATIONAL_B_SPLINE_CURVE((1.,
0.754385964912,0.754385964912,1.)) REPRESENTATION_ITEM('') );
#6043 = CARTESIAN_POINT('',(141.31727003433,3.,28.2));
#6044 = CARTESIAN_POINT('',(143.37274722447,5.523255813954,
    30.723255813954));
#6045 = CARTESIAN_POINT('',(146.62725277552,5.523255813954,
    30.723255813954));
#6046 = CARTESIAN_POINT('',(148.68272996566,3.,28.2));
#6047 = ORIENTED_EDGE('',*,*,#6048,.T.);
#6048 = EDGE_CURVE('',#6040,#4680,#6049,.T.);
#6049 = LINE('',#6050,#6051);
#6050 = CARTESIAN_POINT('',(290.,3.,28.2));
#6051 = VECTOR('',#6052,1.);
#6052 = DIRECTION('',(1.,0.,0.));
#6053 = ORIENTED_EDGE('',*,*,#4679,.F.);
#6054 = ORIENTED_EDGE('',*,*,#4559,.F.);
#6055 = PLANE('',#6056);
#6056 = AXIS2_PLACEMENT_3D('',#6057,#6058,#6059);
#6057 = CARTESIAN_POINT('',(290.,4.8,30.));
#6058 = DIRECTION('',(0.,-0.707106781187,0.707106781187));
#6059 = DIRECTION('',(0.,-0.707106781187,-0.707106781187));
#6060 = ADVANCED_FACE('',(#6061,#6071,#6081,#6499,#7336,#7346),#7356,.F.
  );
#6061 = FACE_BOUND('',#6062,.T.);
#6062 = EDGE_LOOP('',(#6063,#6070));
#6063 = ORIENTED_EDGE('',*,*,#6064,.F.);
#6064 = EDGE_CURVE('',#1938,#1946,#6065,.T.);
#6065 = CIRCLE('',#6066,2.499999999941);
#6066 = AXIS2_PLACEMENT_3D('',#6067,#6068,#6069);
#6067 = CARTESIAN_POINT('',(-1.73E-15,20.,1.73E-15));
#6068 = DIRECTION('',(-1.,0.,0.));
#6069 = DIRECTION('',(0.,0.,1.));
#6070 = ORIENTED_EDGE('',*,*,#1945,.F.);
#6071 = FACE_BOUND('',#6072,.T.);
#6072 = EDGE_LOOP('',(#6073,#6080));
#6073 = ORIENTED_EDGE('',*,*,#6074,.F.);
#6074 = EDGE_CURVE('',#1980,#1988,#6075,.T.);
#6075 = CIRCLE('',#6076,2.500000000036);
#6076 = AXIS2_PLACEMENT_3D('',#6077,#6078,#6079);
#6077 = CARTESIAN_POINT('',(0.,-1.73E-15,20.));
#6078 = DIRECTION('',(-1.,0.,0.));
#6079 = DIRECTION('',(0.,0.,1.));
#6080 = ORIENTED_EDGE('',*,*,#1987,.F.);
#6081 = FACE_BOUND('',#6082,.T.);
#6082 = EDGE_LOOP('',(#6083,#6093,#6101,#6109,#6117,#6125,#6133,#6141,
    #6149,#6157,#6165,#6173,#6181,#6189,#6197,#6205,#6213,#6221,#6229,
    #6237,#6245,#6253,#6261,#6269,#6277,#6285,#6293,#6301,#6309,#6317,
    #6325,#6333,#6341,#6349,#6357,#6365,#6373,#6381,#6389,#6397,#6405,
    #6413,#6421,#6429,#6437,#6445,#6453,#6461,#6469,#6477,#6485,#6493));
#6083 = ORIENTED_EDGE('',*,*,#6084,.T.);
#6084 = EDGE_CURVE('',#6085,#6087,#6089,.T.);
#6085 = VERTEX_POINT('',#6086);
#6086 = CARTESIAN_POINT('',(0.,16.989949493661,16.));
#6087 = VERTEX_POINT('',#6088);
#6088 = CARTESIAN_POINT('',(0.,16.,16.989949493661));
#6089 = LINE('',#6090,#6091);
#6090 = CARTESIAN_POINT('',(0.,16.,16.989949493661));
#6091 = VECTOR('',#6092,1.);
#6092 = DIRECTION('',(-0.,-0.707106781187,0.707106781187));
#6093 = ORIENTED_EDGE('',*,*,#6094,.F.);
#6094 = EDGE_CURVE('',#6095,#6087,#6097,.T.);
#6095 = VERTEX_POINT('',#6096);
#6096 = CARTESIAN_POINT('',(-1.11E-13,16.,19.5));
#6097 = LINE('',#6098,#6099);
#6098 = CARTESIAN_POINT('',(0.,16.,16.989949493661));
#6099 = VECTOR('',#6100,1.);
#6100 = DIRECTION('',(0.,-0.,-1.));
#6101 = ORIENTED_EDGE('',*,*,#6102,.F.);
#6102 = EDGE_CURVE('',#6103,#6095,#6105,.T.);
#6103 = VERTEX_POINT('',#6104);
#6104 = CARTESIAN_POINT('',(-1.67E-13,16.5,20.));
#6105 = LINE('',#6106,#6107);
#6106 = CARTESIAN_POINT('',(-2.2204E-13,16.5,20.));
#6107 = VECTOR('',#6108,1.);
#6108 = DIRECTION('',(0.,-0.707106781187,-0.707106781187));
#6109 = ORIENTED_EDGE('',*,*,#6110,.F.);
#6110 = EDGE_CURVE('',#6111,#6103,#6113,.T.);
#6111 = VERTEX_POINT('',#6112);
#6112 = CARTESIAN_POINT('',(0.,16.,20.5));
#6113 = LINE('',#6114,#6115);
#6114 = CARTESIAN_POINT('',(0.,16.,20.5));
#6115 = VECTOR('',#6116,1.);
#6116 = DIRECTION('',(0.,0.707106781187,-0.707106781187));
#6117 = ORIENTED_EDGE('',*,*,#6118,.F.);
#6118 = EDGE_CURVE('',#6119,#6111,#6121,.T.);
#6119 = VERTEX_POINT('',#6120);
#6120 = CARTESIAN_POINT('',(-1.39E-13,16.,23.010050506339));
#6121 = LINE('',#6122,#6123);
#6122 = CARTESIAN_POINT('',(0.,16.,16.989949493661));
#6123 = VECTOR('',#6124,1.);
#6124 = DIRECTION('',(0.,-0.,-1.));
#6125 = ORIENTED_EDGE('',*,*,#6126,.F.);
#6126 = EDGE_CURVE('',#6127,#6119,#6129,.T.);
#6127 = VERTEX_POINT('',#6128);
#6128 = CARTESIAN_POINT('',(-1.67E-13,13.8,25.210050506339));
#6129 = LINE('',#6130,#6131);
#6130 = CARTESIAN_POINT('',(-2.7756E-13,13.8,25.210050506339));
#6131 = VECTOR('',#6132,1.);
#6132 = DIRECTION('',(0.,0.707106781187,-0.707106781187));
#6133 = ORIENTED_EDGE('',*,*,#6134,.F.);
#6134 = EDGE_CURVE('',#6135,#6127,#6137,.T.);
#6135 = VERTEX_POINT('',#6136);
#6136 = CARTESIAN_POINT('',(0.,6.2,25.210050506339));
#6137 = LINE('',#6138,#6139);
#6138 = CARTESIAN_POINT('',(0.,8.2,25.210050506339));
#6139 = VECTOR('',#6140,1.);
#6140 = DIRECTION('',(0.,1.,1.7E-16));
#6141 = ORIENTED_EDGE('',*,*,#6142,.F.);
#6142 = EDGE_CURVE('',#6143,#6135,#6145,.T.);
#6143 = VERTEX_POINT('',#6144);
#6144 = CARTESIAN_POINT('',(0.,4.,23.010050506339));
#6145 = LINE('',#6146,#6147);
#6146 = CARTESIAN_POINT('',(0.,6.2,25.210050506339));
#6147 = VECTOR('',#6148,1.);
#6148 = DIRECTION('',(0.,0.707106781187,0.707106781187));
#6149 = ORIENTED_EDGE('',*,*,#6150,.F.);
#6150 = EDGE_CURVE('',#6151,#6143,#6153,.T.);
#6151 = VERTEX_POINT('',#6152);
#6152 = CARTESIAN_POINT('',(0.,4.,20.5));
#6153 = LINE('',#6154,#6155);
#6154 = CARTESIAN_POINT('',(0.,4.,16.989949493661));
#6155 = VECTOR('',#6156,1.);
#6156 = DIRECTION('',(0.,-1.7E-16,1.));
#6157 = ORIENTED_EDGE('',*,*,#6158,.F.);
#6158 = EDGE_CURVE('',#6159,#6151,#6161,.T.);
#6159 = VERTEX_POINT('',#6160);
#6160 = CARTESIAN_POINT('',(0.,3.5,20.));
#6161 = LINE('',#6162,#6163);
#6162 = CARTESIAN_POINT('',(0.,4.,20.5));
#6163 = VECTOR('',#6164,1.);
#6164 = DIRECTION('',(0.,0.707106781187,0.707106781187));
#6165 = ORIENTED_EDGE('',*,*,#6166,.F.);
#6166 = EDGE_CURVE('',#6167,#6159,#6169,.T.);
#6167 = VERTEX_POINT('',#6168);
#6168 = CARTESIAN_POINT('',(0.,4.,19.5));
#6169 = LINE('',#6170,#6171);
#6170 = CARTESIAN_POINT('',(0.,3.5,20.));
#6171 = VECTOR('',#6172,1.);
#6172 = DIRECTION('',(0.,-0.707106781187,0.707106781187));
#6173 = ORIENTED_EDGE('',*,*,#6174,.F.);
#6174 = EDGE_CURVE('',#6175,#6167,#6177,.T.);
#6175 = VERTEX_POINT('',#6176);
#6176 = CARTESIAN_POINT('',(0.,4.,16.989949493661));
#6177 = LINE('',#6178,#6179);
#6178 = CARTESIAN_POINT('',(0.,4.,16.989949493661));
#6179 = VECTOR('',#6180,1.);
#6180 = DIRECTION('',(0.,-1.7E-16,1.));
#6181 = ORIENTED_EDGE('',*,*,#6182,.T.);
#6182 = EDGE_CURVE('',#6175,#6183,#6185,.T.);
#6183 = VERTEX_POINT('',#6184);
#6184 = CARTESIAN_POINT('',(0.,3.010050506339,16.));
#6185 = LINE('',#6186,#6187);
#6186 = CARTESIAN_POINT('',(0.,3.010050506339,16.));
#6187 = VECTOR('',#6188,1.);
#6188 = DIRECTION('',(-0.,-0.707106781187,-0.707106781187));
#6189 = ORIENTED_EDGE('',*,*,#6190,.F.);
#6190 = EDGE_CURVE('',#6191,#6183,#6193,.T.);
#6191 = VERTEX_POINT('',#6192);
#6192 = CARTESIAN_POINT('',(0.,0.5,16.));
#6193 = LINE('',#6194,#6195);
#6194 = CARTESIAN_POINT('',(0.,-3.010050506339,16.));
#6195 = VECTOR('',#6196,1.);
#6196 = DIRECTION('',(0.,1.,1.7E-16));
#6197 = ORIENTED_EDGE('',*,*,#6198,.F.);
#6198 = EDGE_CURVE('',#6199,#6191,#6201,.T.);
#6199 = VERTEX_POINT('',#6200);
#6200 = CARTESIAN_POINT('',(0.,-1.1E-14,16.5));
#6201 = LINE('',#6202,#6203);
#6202 = CARTESIAN_POINT('',(0.,0.5,16.));
#6203 = VECTOR('',#6204,1.);
#6204 = DIRECTION('',(0.,0.707106781187,-0.707106781187));
#6205 = ORIENTED_EDGE('',*,*,#6206,.F.);
#6206 = EDGE_CURVE('',#6207,#6199,#6209,.T.);
#6207 = VERTEX_POINT('',#6208);
#6208 = CARTESIAN_POINT('',(0.,-0.5,16.));
#6209 = LINE('',#6210,#6211);
#6210 = CARTESIAN_POINT('',(0.,-1.289E-14,16.5));
#6211 = VECTOR('',#6212,1.);
#6212 = DIRECTION('',(0.,0.707106781187,0.707106781187));
#6213 = ORIENTED_EDGE('',*,*,#6214,.F.);
#6214 = EDGE_CURVE('',#6215,#6207,#6217,.T.);
#6215 = VERTEX_POINT('',#6216);
#6216 = CARTESIAN_POINT('',(-1.39E-13,-3.010050506339,16.));
#6217 = LINE('',#6218,#6219);
#6218 = CARTESIAN_POINT('',(0.,-3.010050506339,16.));
#6219 = VECTOR('',#6220,1.);
#6220 = DIRECTION('',(0.,1.,1.7E-16));
#6221 = ORIENTED_EDGE('',*,*,#6222,.F.);
#6222 = EDGE_CURVE('',#6223,#6215,#6225,.T.);
#6223 = VERTEX_POINT('',#6224);
#6224 = CARTESIAN_POINT('',(-1.67E-13,-5.210050506339,13.8));
#6225 = LINE('',#6226,#6227);
#6226 = CARTESIAN_POINT('',(-2.7756E-13,-5.210050506339,13.8));
#6227 = VECTOR('',#6228,1.);
#6228 = DIRECTION('',(0.,0.707106781187,0.707106781187));
#6229 = ORIENTED_EDGE('',*,*,#6230,.F.);
#6230 = EDGE_CURVE('',#6231,#6223,#6233,.T.);
#6231 = VERTEX_POINT('',#6232);
#6232 = CARTESIAN_POINT('',(0.,-8.2,13.8));
#6233 = LINE('',#6234,#6235);
#6234 = CARTESIAN_POINT('',(0.,8.2,13.8));
#6235 = VECTOR('',#6236,1.);
#6236 = DIRECTION('',(-0.,1.,-1.1E-16));
#6237 = ORIENTED_EDGE('',*,*,#6238,.F.);
#6238 = EDGE_CURVE('',#6239,#6231,#6241,.T.);
#6239 = VERTEX_POINT('',#6240);
#6240 = CARTESIAN_POINT('',(0.,-8.2,6.2));
#6241 = LINE('',#6242,#6243);
#6242 = CARTESIAN_POINT('',(0.,-8.2,6.2));
#6243 = VECTOR('',#6244,1.);
#6244 = DIRECTION('',(-0.,0.,1.));
#6245 = ORIENTED_EDGE('',*,*,#6246,.F.);
#6246 = EDGE_CURVE('',#6247,#6239,#6249,.T.);
#6247 = VERTEX_POINT('',#6248);
#6248 = CARTESIAN_POINT('',(0.,-5.210050506339,6.2));
#6249 = LINE('',#6250,#6251);
#6250 = CARTESIAN_POINT('',(0.,8.2,6.2));
#6251 = VECTOR('',#6252,1.);
#6252 = DIRECTION('',(-0.,-1.,1.1E-16));
#6253 = ORIENTED_EDGE('',*,*,#6254,.F.);
#6254 = EDGE_CURVE('',#6255,#6247,#6257,.T.);
#6255 = VERTEX_POINT('',#6256);
#6256 = CARTESIAN_POINT('',(0.,-3.010050506339,4.));
#6257 = LINE('',#6258,#6259);
#6258 = CARTESIAN_POINT('',(0.,-5.210050506339,6.2));
#6259 = VECTOR('',#6260,1.);
#6260 = DIRECTION('',(-0.,-0.707106781187,0.707106781187));
#6261 = ORIENTED_EDGE('',*,*,#6262,.F.);
#6262 = EDGE_CURVE('',#6263,#6255,#6265,.T.);
#6263 = VERTEX_POINT('',#6264);
#6264 = CARTESIAN_POINT('',(0.,-0.5,4.));
#6265 = LINE('',#6266,#6267);
#6266 = CARTESIAN_POINT('',(0.,-3.010050506339,4.));
#6267 = VECTOR('',#6268,1.);
#6268 = DIRECTION('',(-0.,-1.,-0.));
#6269 = ORIENTED_EDGE('',*,*,#6270,.T.);
#6270 = EDGE_CURVE('',#6263,#6271,#6273,.T.);
#6271 = VERTEX_POINT('',#6272);
#6272 = CARTESIAN_POINT('',(0.,-1.2E-14,3.5));
#6273 = LINE('',#6274,#6275);
#6274 = CARTESIAN_POINT('',(0.,-1.176E-14,3.5));
#6275 = VECTOR('',#6276,1.);
#6276 = DIRECTION('',(-0.,0.707106781187,-0.707106781187));
#6277 = ORIENTED_EDGE('',*,*,#6278,.T.);
#6278 = EDGE_CURVE('',#6271,#6279,#6281,.T.);
#6279 = VERTEX_POINT('',#6280);
#6280 = CARTESIAN_POINT('',(0.,0.5,4.));
#6281 = LINE('',#6282,#6283);
#6282 = CARTESIAN_POINT('',(0.,0.5,4.));
#6283 = VECTOR('',#6284,1.);
#6284 = DIRECTION('',(-0.,0.707106781187,0.707106781187));
#6285 = ORIENTED_EDGE('',*,*,#6286,.F.);
#6286 = EDGE_CURVE('',#6287,#6279,#6289,.T.);
#6287 = VERTEX_POINT('',#6288);
#6288 = CARTESIAN_POINT('',(0.,3.010050506339,4.));
#6289 = LINE('',#6290,#6291);
#6290 = CARTESIAN_POINT('',(0.,-3.010050506339,4.));
#6291 = VECTOR('',#6292,1.);
#6292 = DIRECTION('',(-0.,-1.,-0.));
#6293 = ORIENTED_EDGE('',*,*,#6294,.T.);
#6294 = EDGE_CURVE('',#6287,#6295,#6297,.T.);
#6295 = VERTEX_POINT('',#6296);
#6296 = CARTESIAN_POINT('',(0.,4.,3.010050506339));
#6297 = LINE('',#6298,#6299);
#6298 = CARTESIAN_POINT('',(0.,4.,3.010050506339));
#6299 = VECTOR('',#6300,1.);
#6300 = DIRECTION('',(-0.,0.707106781187,-0.707106781187));
#6301 = ORIENTED_EDGE('',*,*,#6302,.F.);
#6302 = EDGE_CURVE('',#6303,#6295,#6305,.T.);
#6303 = VERTEX_POINT('',#6304);
#6304 = CARTESIAN_POINT('',(0.,4.,0.5));
#6305 = LINE('',#6306,#6307);
#6306 = CARTESIAN_POINT('',(0.,4.,3.010050506339));
#6307 = VECTOR('',#6308,1.);
#6308 = DIRECTION('',(-0.,0.,1.));
#6309 = ORIENTED_EDGE('',*,*,#6310,.T.);
#6310 = EDGE_CURVE('',#6303,#6311,#6313,.T.);
#6311 = VERTEX_POINT('',#6312);
#6312 = CARTESIAN_POINT('',(-2.8E-14,3.5,-0.));
#6313 = LINE('',#6314,#6315);
#6314 = CARTESIAN_POINT('',(0.,3.5,-4.6E-16));
#6315 = VECTOR('',#6316,1.);
#6316 = DIRECTION('',(-0.,-0.707106781187,-0.707106781187));
#6317 = ORIENTED_EDGE('',*,*,#6318,.T.);
#6318 = EDGE_CURVE('',#6311,#6319,#6321,.T.);
#6319 = VERTEX_POINT('',#6320);
#6320 = CARTESIAN_POINT('',(0.,4.,-0.5));
#6321 = LINE('',#6322,#6323);
#6322 = CARTESIAN_POINT('',(0.,4.,-0.5));
#6323 = VECTOR('',#6324,1.);
#6324 = DIRECTION('',(-0.,0.707106781187,-0.707106781187));
#6325 = ORIENTED_EDGE('',*,*,#6326,.F.);
#6326 = EDGE_CURVE('',#6327,#6319,#6329,.T.);
#6327 = VERTEX_POINT('',#6328);
#6328 = CARTESIAN_POINT('',(-1.11E-13,4.,-3.010050506339));
#6329 = LINE('',#6330,#6331);
#6330 = CARTESIAN_POINT('',(0.,4.,3.010050506339));
#6331 = VECTOR('',#6332,1.);
#6332 = DIRECTION('',(-0.,0.,1.));
#6333 = ORIENTED_EDGE('',*,*,#6334,.F.);
#6334 = EDGE_CURVE('',#6335,#6327,#6337,.T.);
#6335 = VERTEX_POINT('',#6336);
#6336 = CARTESIAN_POINT('',(-1.39E-13,6.2,-5.210050506339));
#6337 = LINE('',#6338,#6339);
#6338 = CARTESIAN_POINT('',(-2.2204E-13,6.2,-5.210050506339));
#6339 = VECTOR('',#6340,1.);
#6340 = DIRECTION('',(-0.,-0.707106781187,0.707106781187));
#6341 = ORIENTED_EDGE('',*,*,#6342,.F.);
#6342 = EDGE_CURVE('',#6343,#6335,#6345,.T.);
#6343 = VERTEX_POINT('',#6344);
#6344 = CARTESIAN_POINT('',(0.,13.8,-5.210050506339));
#6345 = LINE('',#6346,#6347);
#6346 = CARTESIAN_POINT('',(0.,8.2,-5.210050506339));
#6347 = VECTOR('',#6348,1.);
#6348 = DIRECTION('',(-0.,-1.,-0.));
#6349 = ORIENTED_EDGE('',*,*,#6350,.F.);
#6350 = EDGE_CURVE('',#6351,#6343,#6353,.T.);
#6351 = VERTEX_POINT('',#6352);
#6352 = CARTESIAN_POINT('',(0.,16.,-3.010050506339));
#6353 = LINE('',#6354,#6355);
#6354 = CARTESIAN_POINT('',(0.,13.8,-5.210050506339));
#6355 = VECTOR('',#6356,1.);
#6356 = DIRECTION('',(-0.,-0.707106781187,-0.707106781187));
#6357 = ORIENTED_EDGE('',*,*,#6358,.F.);
#6358 = EDGE_CURVE('',#6359,#6351,#6361,.T.);
#6359 = VERTEX_POINT('',#6360);
#6360 = CARTESIAN_POINT('',(0.,16.,-0.5));
#6361 = LINE('',#6362,#6363);
#6362 = CARTESIAN_POINT('',(0.,16.,3.010050506339));
#6363 = VECTOR('',#6364,1.);
#6364 = DIRECTION('',(-0.,1.7E-16,-1.));
#6365 = ORIENTED_EDGE('',*,*,#6366,.T.);
#6366 = EDGE_CURVE('',#6359,#6367,#6369,.T.);
#6367 = VERTEX_POINT('',#6368);
#6368 = CARTESIAN_POINT('',(0.,16.5,1.E-15));
#6369 = LINE('',#6370,#6371);
#6370 = CARTESIAN_POINT('',(0.,16.5,6.7E-16));
#6371 = VECTOR('',#6372,1.);
#6372 = DIRECTION('',(-0.,0.707106781187,0.707106781187));
#6373 = ORIENTED_EDGE('',*,*,#6374,.T.);
#6374 = EDGE_CURVE('',#6367,#6375,#6377,.T.);
#6375 = VERTEX_POINT('',#6376);
#6376 = CARTESIAN_POINT('',(0.,16.,0.5));
#6377 = LINE('',#6378,#6379);
#6378 = CARTESIAN_POINT('',(0.,16.,0.5));
#6379 = VECTOR('',#6380,1.);
#6380 = DIRECTION('',(-0.,-0.707106781187,0.707106781187));
#6381 = ORIENTED_EDGE('',*,*,#6382,.F.);
#6382 = EDGE_CURVE('',#6383,#6375,#6385,.T.);
#6383 = VERTEX_POINT('',#6384);
#6384 = CARTESIAN_POINT('',(0.,16.,3.010050506339));
#6385 = LINE('',#6386,#6387);
#6386 = CARTESIAN_POINT('',(0.,16.,3.010050506339));
#6387 = VECTOR('',#6388,1.);
#6388 = DIRECTION('',(-0.,1.7E-16,-1.));
#6389 = ORIENTED_EDGE('',*,*,#6390,.T.);
#6390 = EDGE_CURVE('',#6383,#6391,#6393,.T.);
#6391 = VERTEX_POINT('',#6392);
#6392 = CARTESIAN_POINT('',(0.,16.989949493661,4.));
#6393 = LINE('',#6394,#6395);
#6394 = CARTESIAN_POINT('',(0.,16.989949493661,4.));
#6395 = VECTOR('',#6396,1.);
#6396 = DIRECTION('',(-0.,0.707106781187,0.707106781187));
#6397 = ORIENTED_EDGE('',*,*,#6398,.F.);
#6398 = EDGE_CURVE('',#6399,#6391,#6401,.T.);
#6399 = VERTEX_POINT('',#6400);
#6400 = CARTESIAN_POINT('',(0.,19.5,4.));
#6401 = LINE('',#6402,#6403);
#6402 = CARTESIAN_POINT('',(0.,23.010050506339,4.));
#6403 = VECTOR('',#6404,1.);
#6404 = DIRECTION('',(-0.,-1.,-1.7E-16));
#6405 = ORIENTED_EDGE('',*,*,#6406,.T.);
#6406 = EDGE_CURVE('',#6399,#6407,#6409,.T.);
#6407 = VERTEX_POINT('',#6408);
#6408 = CARTESIAN_POINT('',(0.,20.,3.5));
#6409 = LINE('',#6410,#6411);
#6410 = CARTESIAN_POINT('',(0.,20.,3.5));
#6411 = VECTOR('',#6412,1.);
#6412 = DIRECTION('',(-0.,0.707106781187,-0.707106781187));
#6413 = ORIENTED_EDGE('',*,*,#6414,.T.);
#6414 = EDGE_CURVE('',#6407,#6415,#6417,.T.);
#6415 = VERTEX_POINT('',#6416);
#6416 = CARTESIAN_POINT('',(0.,20.5,4.));
#6417 = LINE('',#6418,#6419);
#6418 = CARTESIAN_POINT('',(0.,20.5,4.));
#6419 = VECTOR('',#6420,1.);
#6420 = DIRECTION('',(-0.,0.707106781187,0.707106781187));
#6421 = ORIENTED_EDGE('',*,*,#6422,.F.);
#6422 = EDGE_CURVE('',#6423,#6415,#6425,.T.);
#6423 = VERTEX_POINT('',#6424);
#6424 = CARTESIAN_POINT('',(-1.11E-13,23.010050506339,4.));
#6425 = LINE('',#6426,#6427);
#6426 = CARTESIAN_POINT('',(0.,23.010050506339,4.));
#6427 = VECTOR('',#6428,1.);
#6428 = DIRECTION('',(-0.,-1.,-1.7E-16));
#6429 = ORIENTED_EDGE('',*,*,#6430,.F.);
#6430 = EDGE_CURVE('',#6431,#6423,#6433,.T.);
#6431 = VERTEX_POINT('',#6432);
#6432 = CARTESIAN_POINT('',(-1.39E-13,25.210050506339,6.2));
#6433 = LINE('',#6434,#6435);
#6434 = CARTESIAN_POINT('',(-2.2204E-13,25.210050506339,6.2));
#6435 = VECTOR('',#6436,1.);
#6436 = DIRECTION('',(-0.,-0.707106781187,-0.707106781187));
#6437 = ORIENTED_EDGE('',*,*,#6438,.F.);
#6438 = EDGE_CURVE('',#6439,#6431,#6441,.T.);
#6439 = VERTEX_POINT('',#6440);
#6440 = CARTESIAN_POINT('',(0.,28.2,6.2));
#6441 = LINE('',#6442,#6443);
#6442 = CARTESIAN_POINT('',(0.,11.8,6.2));
#6443 = VECTOR('',#6444,1.);
#6444 = DIRECTION('',(-0.,-1.,-2.8E-16));
#6445 = ORIENTED_EDGE('',*,*,#6446,.F.);
#6446 = EDGE_CURVE('',#6447,#6439,#6449,.T.);
#6447 = VERTEX_POINT('',#6448);
#6448 = CARTESIAN_POINT('',(0.,28.2,13.8));
#6449 = LINE('',#6450,#6451);
#6450 = CARTESIAN_POINT('',(0.,28.2,6.2));
#6451 = VECTOR('',#6452,1.);
#6452 = DIRECTION('',(-0.,1.7E-16,-1.));
#6453 = ORIENTED_EDGE('',*,*,#6454,.F.);
#6454 = EDGE_CURVE('',#6455,#6447,#6457,.T.);
#6455 = VERTEX_POINT('',#6456);
#6456 = CARTESIAN_POINT('',(0.,25.210050506339,13.8));
#6457 = LINE('',#6458,#6459);
#6458 = CARTESIAN_POINT('',(0.,11.8,13.8));
#6459 = VECTOR('',#6460,1.);
#6460 = DIRECTION('',(-0.,1.,2.8E-16));
#6461 = ORIENTED_EDGE('',*,*,#6462,.F.);
#6462 = EDGE_CURVE('',#6463,#6455,#6465,.T.);
#6463 = VERTEX_POINT('',#6464);
#6464 = CARTESIAN_POINT('',(0.,23.010050506339,16.));
#6465 = LINE('',#6466,#6467);
#6466 = CARTESIAN_POINT('',(0.,25.210050506339,13.8));
#6467 = VECTOR('',#6468,1.);
#6468 = DIRECTION('',(0.,0.707106781187,-0.707106781187));
#6469 = ORIENTED_EDGE('',*,*,#6470,.F.);
#6470 = EDGE_CURVE('',#6471,#6463,#6473,.T.);
#6471 = VERTEX_POINT('',#6472);
#6472 = CARTESIAN_POINT('',(0.,20.5,16.));
#6473 = LINE('',#6474,#6475);
#6474 = CARTESIAN_POINT('',(0.,23.010050506339,16.));
#6475 = VECTOR('',#6476,1.);
#6476 = DIRECTION('',(0.,1.,-0.));
#6477 = ORIENTED_EDGE('',*,*,#6478,.F.);
#6478 = EDGE_CURVE('',#6479,#6471,#6481,.T.);
#6479 = VERTEX_POINT('',#6480);
#6480 = CARTESIAN_POINT('',(-1.11E-13,20.,16.5));
#6481 = LINE('',#6482,#6483);
#6482 = CARTESIAN_POINT('',(0.,20.,16.5));
#6483 = VECTOR('',#6484,1.);
#6484 = DIRECTION('',(0.,0.707106781187,-0.707106781187));
#6485 = ORIENTED_EDGE('',*,*,#6486,.F.);
#6486 = EDGE_CURVE('',#6487,#6479,#6489,.T.);
#6487 = VERTEX_POINT('',#6488);
#6488 = CARTESIAN_POINT('',(-1.11E-13,19.5,16.));
#6489 = LINE('',#6490,#6491);
#6490 = CARTESIAN_POINT('',(-2.2204E-13,19.5,16.));
#6491 = VECTOR('',#6492,1.);
#6492 = DIRECTION('',(0.,0.707106781187,0.707106781187));
#6493 = ORIENTED_EDGE('',*,*,#6494,.F.);
#6494 = EDGE_CURVE('',#6085,#6487,#6495,.T.);
#6495 = LINE('',#6496,#6497);
#6496 = CARTESIAN_POINT('',(0.,23.010050506339,16.));
#6497 = VECTOR('',#6498,1.);
#6498 = DIRECTION('',(0.,1.,-0.));
#6499 = FACE_BOUND('',#6500,.T.);
#6500 = EDGE_LOOP('',(#6501,#6502,#6503,#6504,#6505,#6513,#6521,#6529,
    #6537,#6545,#6553,#6561,#6569,#6577,#6583,#6584,#6590,#6591,#6592,
    #6601,#6609,#6618,#6624,#6625,#6634,#6642,#6650,#6658,#6666,#6674,
    #6682,#6690,#6698,#6706,#6714,#6723,#6731,#6740,#6748,#6756,#6764,
    #6772,#6780,#6788,#6796,#6804,#6812,#6820,#6828,#6836,#6844,#6852,
    #6860,#6868,#6876,#6884,#6892,#6900,#6908,#6916,#6924,#6932,#6940,
    #6946,#6947,#6948,#6949,#6957,#6965,#6973,#6981,#6989,#6997,#7005,
    #7013,#7021,#7029,#7037,#7045,#7053,#7061,#7069,#7077,#7085,#7093,
    #7101,#7109,#7117,#7125,#7133,#7139,#7140,#7141,#7142,#7143,#7144,
    #7152,#7160,#7168,#7176,#7184,#7192,#7200,#7208,#7216,#7222,#7223,
    #7224,#7230,#7231,#7232,#7241,#7247,#7248,#7249,#7250,#7258,#7266,
    #7274,#7282,#7290,#7298,#7306,#7314,#7322,#7328,#7329,#7335));
#6501 = ORIENTED_EDGE('',*,*,#3985,.F.);
#6502 = ORIENTED_EDGE('',*,*,#4517,.F.);
#6503 = ORIENTED_EDGE('',*,*,#4493,.F.);
#6504 = ORIENTED_EDGE('',*,*,#4452,.F.);
#6505 = ORIENTED_EDGE('',*,*,#6506,.T.);
#6506 = EDGE_CURVE('',#4445,#6507,#6509,.T.);
#6507 = VERTEX_POINT('',#6508);
#6508 = CARTESIAN_POINT('',(0.,5.210050506339,-8.2));
#6509 = LINE('',#6510,#6511);
#6510 = CARTESIAN_POINT('',(0.,0.,-8.2));
#6511 = VECTOR('',#6512,1.);
#6512 = DIRECTION('',(0.,1.,0.));
#6513 = ORIENTED_EDGE('',*,*,#6514,.F.);
#6514 = EDGE_CURVE('',#6515,#6507,#6517,.T.);
#6515 = VERTEX_POINT('',#6516);
#6516 = CARTESIAN_POINT('',(-1.11E-13,5.210050506339,-6.2));
#6517 = LINE('',#6518,#6519);
#6518 = CARTESIAN_POINT('',(0.,5.210050506339,-8.2));
#6519 = VECTOR('',#6520,1.);
#6520 = DIRECTION('',(-0.,-4.3E-16,-1.));
#6521 = ORIENTED_EDGE('',*,*,#6522,.F.);
#6522 = EDGE_CURVE('',#6523,#6515,#6525,.T.);
#6523 = VERTEX_POINT('',#6524);
#6524 = CARTESIAN_POINT('',(-1.39E-13,3.010050506339,-4.));
#6525 = LINE('',#6526,#6527);
#6526 = CARTESIAN_POINT('',(-2.2204E-13,5.210050506339,-6.2));
#6527 = VECTOR('',#6528,1.);
#6528 = DIRECTION('',(-0.,0.707106781187,-0.707106781187));
#6529 = ORIENTED_EDGE('',*,*,#6530,.F.);
#6530 = EDGE_CURVE('',#6531,#6523,#6533,.T.);
#6531 = VERTEX_POINT('',#6532);
#6532 = CARTESIAN_POINT('',(0.,0.5,-4.));
#6533 = LINE('',#6534,#6535);
#6534 = CARTESIAN_POINT('',(0.,3.010050506339,-4.));
#6535 = VECTOR('',#6536,1.);
#6536 = DIRECTION('',(-0.,1.,-2.9E-16));
#6537 = ORIENTED_EDGE('',*,*,#6538,.T.);
#6538 = EDGE_CURVE('',#6531,#6539,#6541,.T.);
#6539 = VERTEX_POINT('',#6540);
#6540 = CARTESIAN_POINT('',(0.,3.6E-14,-3.5));
#6541 = LINE('',#6542,#6543);
#6542 = CARTESIAN_POINT('',(0.,3.577E-14,-3.5));
#6543 = VECTOR('',#6544,1.);
#6544 = DIRECTION('',(-0.,-0.707106781187,0.707106781187));
#6545 = ORIENTED_EDGE('',*,*,#6546,.T.);
#6546 = EDGE_CURVE('',#6539,#6547,#6549,.T.);
#6547 = VERTEX_POINT('',#6548);
#6548 = CARTESIAN_POINT('',(0.,-0.5,-4.));
#6549 = LINE('',#6550,#6551);
#6550 = CARTESIAN_POINT('',(0.,-0.5,-4.));
#6551 = VECTOR('',#6552,1.);
#6552 = DIRECTION('',(-0.,-0.707106781187,-0.707106781187));
#6553 = ORIENTED_EDGE('',*,*,#6554,.F.);
#6554 = EDGE_CURVE('',#6555,#6547,#6557,.T.);
#6555 = VERTEX_POINT('',#6556);
#6556 = CARTESIAN_POINT('',(-1.11E-13,-3.010050506339,-4.));
#6557 = LINE('',#6558,#6559);
#6558 = CARTESIAN_POINT('',(0.,3.010050506339,-4.));
#6559 = VECTOR('',#6560,1.);
#6560 = DIRECTION('',(-0.,1.,-2.9E-16));
#6561 = ORIENTED_EDGE('',*,*,#6562,.F.);
#6562 = EDGE_CURVE('',#6563,#6555,#6565,.T.);
#6563 = VERTEX_POINT('',#6564);
#6564 = CARTESIAN_POINT('',(-1.39E-13,-5.210050506339,-6.2));
#6565 = LINE('',#6566,#6567);
#6566 = CARTESIAN_POINT('',(-2.2204E-13,-5.210050506339,-6.2));
#6567 = VECTOR('',#6568,1.);
#6568 = DIRECTION('',(-0.,0.707106781187,0.707106781187));
#6569 = ORIENTED_EDGE('',*,*,#6570,.F.);
#6570 = EDGE_CURVE('',#6571,#6563,#6573,.T.);
#6571 = VERTEX_POINT('',#6572);
#6572 = CARTESIAN_POINT('',(0.,-5.210050506339,-8.2));
#6573 = LINE('',#6574,#6575);
#6574 = CARTESIAN_POINT('',(0.,-5.210050506339,-8.2));
#6575 = VECTOR('',#6576,1.);
#6576 = DIRECTION('',(-0.,4.3E-16,1.));
#6577 = ORIENTED_EDGE('',*,*,#6578,.T.);
#6578 = EDGE_CURVE('',#6571,#4272,#6579,.T.);
#6579 = LINE('',#6580,#6581);
#6580 = CARTESIAN_POINT('',(0.,0.,-8.2));
#6581 = VECTOR('',#6582,1.);
#6582 = DIRECTION('',(0.,1.,0.));
#6583 = ORIENTED_EDGE('',*,*,#4271,.F.);
#6584 = ORIENTED_EDGE('',*,*,#6585,.F.);
#6585 = EDGE_CURVE('',#4316,#4264,#6586,.T.);
#6586 = LINE('',#6587,#6588);
#6587 = CARTESIAN_POINT('',(-2.2204E-13,-4.8,-10.));
#6588 = VECTOR('',#6589,1.);
#6589 = DIRECTION('',(-0.,0.707106781187,0.707106781187));
#6590 = ORIENTED_EDGE('',*,*,#4315,.F.);
#6591 = ORIENTED_EDGE('',*,*,#4371,.F.);
#6592 = ORIENTED_EDGE('',*,*,#6593,.F.);
#6593 = EDGE_CURVE('',#6594,#4364,#6596,.T.);
#6594 = VERTEX_POINT('',#6595);
#6595 = CARTESIAN_POINT('',(0.,-10.,-9.8));
#6596 = CIRCLE('',#6597,0.2);
#6597 = AXIS2_PLACEMENT_3D('',#6598,#6599,#6600);
#6598 = CARTESIAN_POINT('',(0.,-9.8,-9.8));
#6599 = DIRECTION('',(1.,0.,-0.));
#6600 = DIRECTION('',(0.,0.,1.));
#6601 = ORIENTED_EDGE('',*,*,#6602,.F.);
#6602 = EDGE_CURVE('',#6603,#6594,#6605,.T.);
#6603 = VERTEX_POINT('',#6604);
#6604 = CARTESIAN_POINT('',(0.,-10.,-4.882842712475));
#6605 = LINE('',#6606,#6607);
#6606 = CARTESIAN_POINT('',(0.,-10.,10.));
#6607 = VECTOR('',#6608,1.);
#6608 = DIRECTION('',(-0.,0.,-1.));
#6609 = ORIENTED_EDGE('',*,*,#6610,.F.);
#6610 = EDGE_CURVE('',#6611,#6603,#6613,.T.);
#6611 = VERTEX_POINT('',#6612);
#6612 = CARTESIAN_POINT('',(-1.39E-13,-9.941421356237,-4.741421356237));
#6613 = CIRCLE('',#6614,0.2);
#6614 = AXIS2_PLACEMENT_3D('',#6615,#6616,#6617);
#6615 = CARTESIAN_POINT('',(0.,-9.8,-4.882842712475));
#6616 = DIRECTION('',(1.,0.,-0.));
#6617 = DIRECTION('',(0.,0.,1.));
#6618 = ORIENTED_EDGE('',*,*,#6619,.F.);
#6619 = EDGE_CURVE('',#2558,#6611,#6620,.T.);
#6620 = LINE('',#6621,#6622);
#6621 = CARTESIAN_POINT('',(-2.7756E-13,-10.,-4.8));
#6622 = VECTOR('',#6623,1.);
#6623 = DIRECTION('',(-0.,-0.707106781187,-0.707106781187));
#6624 = ORIENTED_EDGE('',*,*,#2557,.F.);
#6625 = ORIENTED_EDGE('',*,*,#6626,.F.);
#6626 = EDGE_CURVE('',#6627,#2550,#6629,.T.);
#6627 = VERTEX_POINT('',#6628);
#6628 = CARTESIAN_POINT('',(0.,-8.2,-3.482842712475));
#6629 = CIRCLE('',#6630,0.2);
#6630 = AXIS2_PLACEMENT_3D('',#6631,#6632,#6633);
#6631 = CARTESIAN_POINT('',(0.,-8.4,-3.482842712475));
#6632 = DIRECTION('',(1.,0.,-0.));
#6633 = DIRECTION('',(0.,0.,1.));
#6634 = ORIENTED_EDGE('',*,*,#6635,.T.);
#6635 = EDGE_CURVE('',#6627,#6636,#6638,.T.);
#6636 = VERTEX_POINT('',#6637);
#6637 = CARTESIAN_POINT('',(0.,-8.2,-5.210050506339));
#6638 = LINE('',#6639,#6640);
#6639 = CARTESIAN_POINT('',(0.,-8.2,0.));
#6640 = VECTOR('',#6641,1.);
#6641 = DIRECTION('',(0.,0.,-1.));
#6642 = ORIENTED_EDGE('',*,*,#6643,.F.);
#6643 = EDGE_CURVE('',#6644,#6636,#6646,.T.);
#6644 = VERTEX_POINT('',#6645);
#6645 = CARTESIAN_POINT('',(0.,-6.2,-5.210050506339));
#6646 = LINE('',#6647,#6648);
#6647 = CARTESIAN_POINT('',(0.,-8.2,-5.210050506339));
#6648 = VECTOR('',#6649,1.);
#6649 = DIRECTION('',(-0.,-1.,-0.));
#6650 = ORIENTED_EDGE('',*,*,#6651,.F.);
#6651 = EDGE_CURVE('',#6652,#6644,#6654,.T.);
#6652 = VERTEX_POINT('',#6653);
#6653 = CARTESIAN_POINT('',(0.,-4.,-3.010050506339));
#6654 = LINE('',#6655,#6656);
#6655 = CARTESIAN_POINT('',(0.,-6.2,-5.210050506339));
#6656 = VECTOR('',#6657,1.);
#6657 = DIRECTION('',(-0.,-0.707106781187,-0.707106781187));
#6658 = ORIENTED_EDGE('',*,*,#6659,.F.);
#6659 = EDGE_CURVE('',#6660,#6652,#6662,.T.);
#6660 = VERTEX_POINT('',#6661);
#6661 = CARTESIAN_POINT('',(0.,-4.,-0.5));
#6662 = LINE('',#6663,#6664);
#6663 = CARTESIAN_POINT('',(0.,-4.,-3.010050506339));
#6664 = VECTOR('',#6665,1.);
#6665 = DIRECTION('',(-0.,0.,-1.));
#6666 = ORIENTED_EDGE('',*,*,#6667,.T.);
#6667 = EDGE_CURVE('',#6660,#6668,#6670,.T.);
#6668 = VERTEX_POINT('',#6669);
#6669 = CARTESIAN_POINT('',(0.,-3.5,-2.4E-14));
#6670 = LINE('',#6671,#6672);
#6671 = CARTESIAN_POINT('',(0.,-3.5,-2.398E-14));
#6672 = VECTOR('',#6673,1.);
#6673 = DIRECTION('',(-0.,0.707106781187,0.707106781187));
#6674 = ORIENTED_EDGE('',*,*,#6675,.T.);
#6675 = EDGE_CURVE('',#6668,#6676,#6678,.T.);
#6676 = VERTEX_POINT('',#6677);
#6677 = CARTESIAN_POINT('',(0.,-4.,0.5));
#6678 = LINE('',#6679,#6680);
#6679 = CARTESIAN_POINT('',(0.,-4.,0.5));
#6680 = VECTOR('',#6681,1.);
#6681 = DIRECTION('',(-0.,-0.707106781187,0.707106781187));
#6682 = ORIENTED_EDGE('',*,*,#6683,.F.);
#6683 = EDGE_CURVE('',#6684,#6676,#6686,.T.);
#6684 = VERTEX_POINT('',#6685);
#6685 = CARTESIAN_POINT('',(0.,-4.,3.010050506339));
#6686 = LINE('',#6687,#6688);
#6687 = CARTESIAN_POINT('',(0.,-4.,-3.010050506339));
#6688 = VECTOR('',#6689,1.);
#6689 = DIRECTION('',(-0.,0.,-1.));
#6690 = ORIENTED_EDGE('',*,*,#6691,.F.);
#6691 = EDGE_CURVE('',#6692,#6684,#6694,.T.);
#6692 = VERTEX_POINT('',#6693);
#6693 = CARTESIAN_POINT('',(0.,-6.2,5.210050506339));
#6694 = LINE('',#6695,#6696);
#6695 = CARTESIAN_POINT('',(0.,-6.2,5.210050506339));
#6696 = VECTOR('',#6697,1.);
#6697 = DIRECTION('',(-0.,0.707106781187,-0.707106781187));
#6698 = ORIENTED_EDGE('',*,*,#6699,.F.);
#6699 = EDGE_CURVE('',#6700,#6692,#6702,.T.);
#6700 = VERTEX_POINT('',#6701);
#6701 = CARTESIAN_POINT('',(0.,-8.2,5.210050506339));
#6702 = LINE('',#6703,#6704);
#6703 = CARTESIAN_POINT('',(0.,-8.2,5.210050506339));
#6704 = VECTOR('',#6705,1.);
#6705 = DIRECTION('',(-0.,1.,0.));
#6706 = ORIENTED_EDGE('',*,*,#6707,.T.);
#6707 = EDGE_CURVE('',#6700,#6708,#6710,.T.);
#6708 = VERTEX_POINT('',#6709);
#6709 = CARTESIAN_POINT('',(0.,-8.2,3.482842712475));
#6710 = LINE('',#6711,#6712);
#6711 = CARTESIAN_POINT('',(0.,-8.2,0.));
#6712 = VECTOR('',#6713,1.);
#6713 = DIRECTION('',(0.,0.,-1.));
#6714 = ORIENTED_EDGE('',*,*,#6715,.F.);
#6715 = EDGE_CURVE('',#6716,#6708,#6718,.T.);
#6716 = VERTEX_POINT('',#6717);
#6717 = CARTESIAN_POINT('',(-1.39E-13,-8.541421356237,3.341421356237));
#6718 = CIRCLE('',#6719,0.2);
#6719 = AXIS2_PLACEMENT_3D('',#6720,#6721,#6722);
#6720 = CARTESIAN_POINT('',(0.,-8.4,3.482842712475));
#6721 = DIRECTION('',(1.,0.,-0.));
#6722 = DIRECTION('',(0.,-8.67E-15,1.));
#6723 = ORIENTED_EDGE('',*,*,#6724,.F.);
#6724 = EDGE_CURVE('',#6725,#6716,#6727,.T.);
#6725 = VERTEX_POINT('',#6726);
#6726 = CARTESIAN_POINT('',(-1.39E-13,-9.941421356237,4.741421356237));
#6727 = LINE('',#6728,#6729);
#6728 = CARTESIAN_POINT('',(-2.7756E-13,-10.,4.8));
#6729 = VECTOR('',#6730,1.);
#6730 = DIRECTION('',(-0.,0.707106781187,-0.707106781187));
#6731 = ORIENTED_EDGE('',*,*,#6732,.F.);
#6732 = EDGE_CURVE('',#6733,#6725,#6735,.T.);
#6733 = VERTEX_POINT('',#6734);
#6734 = CARTESIAN_POINT('',(0.,-10.,4.882842712475));
#6735 = CIRCLE('',#6736,0.2);
#6736 = AXIS2_PLACEMENT_3D('',#6737,#6738,#6739);
#6737 = CARTESIAN_POINT('',(0.,-9.8,4.882842712475));
#6738 = DIRECTION('',(1.,0.,-0.));
#6739 = DIRECTION('',(0.,-8.67E-15,1.));
#6740 = ORIENTED_EDGE('',*,*,#6741,.F.);
#6741 = EDGE_CURVE('',#6742,#6733,#6744,.T.);
#6742 = VERTEX_POINT('',#6743);
#6743 = CARTESIAN_POINT('',(0.,-10.,15.2));
#6744 = LINE('',#6745,#6746);
#6745 = CARTESIAN_POINT('',(0.,-10.,10.));
#6746 = VECTOR('',#6747,1.);
#6747 = DIRECTION('',(-0.,0.,-1.));
#6748 = ORIENTED_EDGE('',*,*,#6749,.F.);
#6749 = EDGE_CURVE('',#6750,#6742,#6752,.T.);
#6750 = VERTEX_POINT('',#6751);
#6751 = CARTESIAN_POINT('',(0.,-8.2,17.));
#6752 = LINE('',#6753,#6754);
#6753 = CARTESIAN_POINT('',(0.,-10.,15.2));
#6754 = VECTOR('',#6755,1.);
#6755 = DIRECTION('',(0.,-0.707106781187,-0.707106781187));
#6756 = ORIENTED_EDGE('',*,*,#6757,.F.);
#6757 = EDGE_CURVE('',#6758,#6750,#6760,.T.);
#6758 = VERTEX_POINT('',#6759);
#6759 = CARTESIAN_POINT('',(0.,-8.2,14.789949493661));
#6760 = LINE('',#6761,#6762);
#6761 = CARTESIAN_POINT('',(0.,-8.2,17.));
#6762 = VECTOR('',#6763,1.);
#6763 = DIRECTION('',(0.,-1.7E-16,1.));
#6764 = ORIENTED_EDGE('',*,*,#6765,.F.);
#6765 = EDGE_CURVE('',#6766,#6758,#6768,.T.);
#6766 = VERTEX_POINT('',#6767);
#6767 = CARTESIAN_POINT('',(-1.39E-13,-6.2,14.789949493661));
#6768 = LINE('',#6769,#6770);
#6769 = CARTESIAN_POINT('',(0.,-8.2,14.789949493661));
#6770 = VECTOR('',#6771,1.);
#6771 = DIRECTION('',(0.,-1.,-1.7E-16));
#6772 = ORIENTED_EDGE('',*,*,#6773,.F.);
#6773 = EDGE_CURVE('',#6774,#6766,#6776,.T.);
#6774 = VERTEX_POINT('',#6775);
#6775 = CARTESIAN_POINT('',(-1.67E-13,-4.,16.989949493661));
#6776 = LINE('',#6777,#6778);
#6777 = CARTESIAN_POINT('',(-2.7756E-13,-6.2,14.789949493661));
#6778 = VECTOR('',#6779,1.);
#6779 = DIRECTION('',(0.,-0.707106781187,-0.707106781187));
#6780 = ORIENTED_EDGE('',*,*,#6781,.F.);
#6781 = EDGE_CURVE('',#6782,#6774,#6784,.T.);
#6782 = VERTEX_POINT('',#6783);
#6783 = CARTESIAN_POINT('',(0.,-4.,19.5));
#6784 = LINE('',#6785,#6786);
#6785 = CARTESIAN_POINT('',(0.,-4.,23.010050506339));
#6786 = VECTOR('',#6787,1.);
#6787 = DIRECTION('',(0.,1.7E-16,-1.));
#6788 = ORIENTED_EDGE('',*,*,#6789,.F.);
#6789 = EDGE_CURVE('',#6790,#6782,#6792,.T.);
#6790 = VERTEX_POINT('',#6791);
#6791 = CARTESIAN_POINT('',(0.,-3.5,20.));
#6792 = LINE('',#6793,#6794);
#6793 = CARTESIAN_POINT('',(0.,-4.,19.5));
#6794 = VECTOR('',#6795,1.);
#6795 = DIRECTION('',(0.,-0.707106781187,-0.707106781187));
#6796 = ORIENTED_EDGE('',*,*,#6797,.F.);
#6797 = EDGE_CURVE('',#6798,#6790,#6800,.T.);
#6798 = VERTEX_POINT('',#6799);
#6799 = CARTESIAN_POINT('',(0.,-4.,20.5));
#6800 = LINE('',#6801,#6802);
#6801 = CARTESIAN_POINT('',(0.,-3.5,20.));
#6802 = VECTOR('',#6803,1.);
#6803 = DIRECTION('',(0.,0.707106781187,-0.707106781187));
#6804 = ORIENTED_EDGE('',*,*,#6805,.F.);
#6805 = EDGE_CURVE('',#6806,#6798,#6808,.T.);
#6806 = VERTEX_POINT('',#6807);
#6807 = CARTESIAN_POINT('',(-1.39E-13,-4.,23.010050506339));
#6808 = LINE('',#6809,#6810);
#6809 = CARTESIAN_POINT('',(0.,-4.,23.010050506339));
#6810 = VECTOR('',#6811,1.);
#6811 = DIRECTION('',(0.,1.7E-16,-1.));
#6812 = ORIENTED_EDGE('',*,*,#6813,.F.);
#6813 = EDGE_CURVE('',#6814,#6806,#6816,.T.);
#6814 = VERTEX_POINT('',#6815);
#6815 = CARTESIAN_POINT('',(-1.67E-13,-6.2,25.210050506339));
#6816 = LINE('',#6817,#6818);
#6817 = CARTESIAN_POINT('',(-2.7756E-13,-6.2,25.210050506339));
#6818 = VECTOR('',#6819,1.);
#6819 = DIRECTION('',(0.,0.707106781187,-0.707106781187));
#6820 = ORIENTED_EDGE('',*,*,#6821,.F.);
#6821 = EDGE_CURVE('',#6822,#6814,#6824,.T.);
#6822 = VERTEX_POINT('',#6823);
#6823 = CARTESIAN_POINT('',(0.,-8.2,25.210050506339));
#6824 = LINE('',#6825,#6826);
#6825 = CARTESIAN_POINT('',(0.,-8.2,25.210050506339));
#6826 = VECTOR('',#6827,1.);
#6827 = DIRECTION('',(0.,1.,1.7E-16));
#6828 = ORIENTED_EDGE('',*,*,#6829,.F.);
#6829 = EDGE_CURVE('',#6830,#6822,#6832,.T.);
#6830 = VERTEX_POINT('',#6831);
#6831 = CARTESIAN_POINT('',(-1.11E-13,-8.2,23.));
#6832 = LINE('',#6833,#6834);
#6833 = CARTESIAN_POINT('',(0.,-8.2,23.));
#6834 = VECTOR('',#6835,1.);
#6835 = DIRECTION('',(0.,-1.7E-16,1.));
#6836 = ORIENTED_EDGE('',*,*,#6837,.F.);
#6837 = EDGE_CURVE('',#6838,#6830,#6840,.T.);
#6838 = VERTEX_POINT('',#6839);
#6839 = CARTESIAN_POINT('',(-1.39E-13,-10.,24.8));
#6840 = LINE('',#6841,#6842);
#6841 = CARTESIAN_POINT('',(-2.2204E-13,-10.,24.8));
#6842 = VECTOR('',#6843,1.);
#6843 = DIRECTION('',(0.,0.707106781187,-0.707106781187));
#6844 = ORIENTED_EDGE('',*,*,#6845,.F.);
#6845 = EDGE_CURVE('',#6846,#6838,#6848,.T.);
#6846 = VERTEX_POINT('',#6847);
#6847 = CARTESIAN_POINT('',(0.,-10.,30.));
#6848 = LINE('',#6849,#6850);
#6849 = CARTESIAN_POINT('',(0.,-10.,10.));
#6850 = VECTOR('',#6851,1.);
#6851 = DIRECTION('',(0.,1.7E-16,-1.));
#6852 = ORIENTED_EDGE('',*,*,#6853,.F.);
#6853 = EDGE_CURVE('',#6854,#6846,#6856,.T.);
#6854 = VERTEX_POINT('',#6855);
#6855 = CARTESIAN_POINT('',(0.,-4.8,30.));
#6856 = LINE('',#6857,#6858);
#6857 = CARTESIAN_POINT('',(0.,10.,30.));
#6858 = VECTOR('',#6859,1.);
#6859 = DIRECTION('',(0.,-1.,-0.));
#6860 = ORIENTED_EDGE('',*,*,#6861,.F.);
#6861 = EDGE_CURVE('',#6862,#6854,#6864,.T.);
#6862 = VERTEX_POINT('',#6863);
#6863 = CARTESIAN_POINT('',(0.,-3.,28.2));
#6864 = LINE('',#6865,#6866);
#6865 = CARTESIAN_POINT('',(0.,-4.8,30.));
#6866 = VECTOR('',#6867,1.);
#6867 = DIRECTION('',(0.,-0.707106781187,0.707106781187));
#6868 = ORIENTED_EDGE('',*,*,#6869,.F.);
#6869 = EDGE_CURVE('',#6870,#6862,#6872,.T.);
#6870 = VERTEX_POINT('',#6871);
#6871 = CARTESIAN_POINT('',(0.,-5.210050506339,28.2));
#6872 = LINE('',#6873,#6874);
#6873 = CARTESIAN_POINT('',(0.,-3.,28.2));
#6874 = VECTOR('',#6875,1.);
#6875 = DIRECTION('',(0.,1.,9.6E-16));
#6876 = ORIENTED_EDGE('',*,*,#6877,.F.);
#6877 = EDGE_CURVE('',#6878,#6870,#6880,.T.);
#6878 = VERTEX_POINT('',#6879);
#6879 = CARTESIAN_POINT('',(0.,-5.210050506339,26.2));
#6880 = LINE('',#6881,#6882);
#6881 = CARTESIAN_POINT('',(0.,-5.210050506339,28.2));
#6882 = VECTOR('',#6883,1.);
#6883 = DIRECTION('',(0.,-6.1E-16,1.));
#6884 = ORIENTED_EDGE('',*,*,#6885,.F.);
#6885 = EDGE_CURVE('',#6886,#6878,#6888,.T.);
#6886 = VERTEX_POINT('',#6887);
#6887 = CARTESIAN_POINT('',(0.,-3.010050506339,24.));
#6888 = LINE('',#6889,#6890);
#6889 = CARTESIAN_POINT('',(0.,-5.210050506339,26.2));
#6890 = VECTOR('',#6891,1.);
#6891 = DIRECTION('',(0.,-0.707106781187,0.707106781187));
#6892 = ORIENTED_EDGE('',*,*,#6893,.F.);
#6893 = EDGE_CURVE('',#6894,#6886,#6896,.T.);
#6894 = VERTEX_POINT('',#6895);
#6895 = CARTESIAN_POINT('',(0.,-0.5,24.));
#6896 = LINE('',#6897,#6898);
#6897 = CARTESIAN_POINT('',(0.,3.010050506339,24.));
#6898 = VECTOR('',#6899,1.);
#6899 = DIRECTION('',(0.,-1.,-4.6E-16));
#6900 = ORIENTED_EDGE('',*,*,#6901,.F.);
#6901 = EDGE_CURVE('',#6902,#6894,#6904,.T.);
#6902 = VERTEX_POINT('',#6903);
#6903 = CARTESIAN_POINT('',(0.,3.4E-14,23.5));
#6904 = LINE('',#6905,#6906);
#6905 = CARTESIAN_POINT('',(0.,-0.5,24.));
#6906 = VECTOR('',#6907,1.);
#6907 = DIRECTION('',(0.,-0.707106781187,0.707106781187));
#6908 = ORIENTED_EDGE('',*,*,#6909,.F.);
#6909 = EDGE_CURVE('',#6910,#6902,#6912,.T.);
#6910 = VERTEX_POINT('',#6911);
#6911 = CARTESIAN_POINT('',(0.,0.5,24.));
#6912 = LINE('',#6913,#6914);
#6913 = CARTESIAN_POINT('',(0.,3.342E-14,23.5));
#6914 = VECTOR('',#6915,1.);
#6915 = DIRECTION('',(0.,-0.707106781187,-0.707106781187));
#6916 = ORIENTED_EDGE('',*,*,#6917,.F.);
#6917 = EDGE_CURVE('',#6918,#6910,#6920,.T.);
#6918 = VERTEX_POINT('',#6919);
#6919 = CARTESIAN_POINT('',(0.,3.010050506339,24.));
#6920 = LINE('',#6921,#6922);
#6921 = CARTESIAN_POINT('',(0.,3.010050506339,24.));
#6922 = VECTOR('',#6923,1.);
#6923 = DIRECTION('',(0.,-1.,-4.6E-16));
#6924 = ORIENTED_EDGE('',*,*,#6925,.F.);
#6925 = EDGE_CURVE('',#6926,#6918,#6928,.T.);
#6926 = VERTEX_POINT('',#6927);
#6927 = CARTESIAN_POINT('',(0.,5.210050506339,26.2));
#6928 = LINE('',#6929,#6930);
#6929 = CARTESIAN_POINT('',(0.,5.210050506339,26.2));
#6930 = VECTOR('',#6931,1.);
#6931 = DIRECTION('',(0.,-0.707106781187,-0.707106781187));
#6932 = ORIENTED_EDGE('',*,*,#6933,.F.);
#6933 = EDGE_CURVE('',#6934,#6926,#6936,.T.);
#6934 = VERTEX_POINT('',#6935);
#6935 = CARTESIAN_POINT('',(0.,5.210050506339,28.2));
#6936 = LINE('',#6937,#6938);
#6937 = CARTESIAN_POINT('',(0.,5.210050506339,28.2));
#6938 = VECTOR('',#6939,1.);
#6939 = DIRECTION('',(0.,6.1E-16,-1.));
#6940 = ORIENTED_EDGE('',*,*,#6941,.F.);
#6941 = EDGE_CURVE('',#6024,#6934,#6942,.T.);
#6942 = LINE('',#6943,#6944);
#6943 = CARTESIAN_POINT('',(0.,3.,28.2));
#6944 = VECTOR('',#6945,1.);
#6945 = DIRECTION('',(0.,1.,9.6E-16));
#6946 = ORIENTED_EDGE('',*,*,#6023,.F.);
#6947 = ORIENTED_EDGE('',*,*,#4551,.F.);
#6948 = ORIENTED_EDGE('',*,*,#4606,.F.);
#6949 = ORIENTED_EDGE('',*,*,#6950,.F.);
#6950 = EDGE_CURVE('',#6951,#4599,#6953,.T.);
#6951 = VERTEX_POINT('',#6952);
#6952 = CARTESIAN_POINT('',(0.,14.789949493661,28.2));
#6953 = LINE('',#6954,#6955);
#6954 = CARTESIAN_POINT('',(0.,17.,28.2));
#6955 = VECTOR('',#6956,1.);
#6956 = DIRECTION('',(0.,1.,-7.8E-16));
#6957 = ORIENTED_EDGE('',*,*,#6958,.F.);
#6958 = EDGE_CURVE('',#6959,#6951,#6961,.T.);
#6959 = VERTEX_POINT('',#6960);
#6960 = CARTESIAN_POINT('',(-1.39E-13,14.789949493661,26.2));
#6961 = LINE('',#6962,#6963);
#6962 = CARTESIAN_POINT('',(0.,14.789949493661,28.2));
#6963 = VECTOR('',#6964,1.);
#6964 = DIRECTION('',(0.,4.3E-16,1.));
#6965 = ORIENTED_EDGE('',*,*,#6966,.F.);
#6966 = EDGE_CURVE('',#6967,#6959,#6969,.T.);
#6967 = VERTEX_POINT('',#6968);
#6968 = CARTESIAN_POINT('',(-1.67E-13,16.989949493661,24.));
#6969 = LINE('',#6970,#6971);
#6970 = CARTESIAN_POINT('',(-2.7756E-13,14.789949493661,26.2));
#6971 = VECTOR('',#6972,1.);
#6972 = DIRECTION('',(0.,-0.707106781187,0.707106781187));
#6973 = ORIENTED_EDGE('',*,*,#6974,.F.);
#6974 = EDGE_CURVE('',#6975,#6967,#6977,.T.);
#6975 = VERTEX_POINT('',#6976);
#6976 = CARTESIAN_POINT('',(0.,19.5,24.));
#6977 = LINE('',#6978,#6979);
#6978 = CARTESIAN_POINT('',(0.,16.989949493661,24.));
#6979 = VECTOR('',#6980,1.);
#6980 = DIRECTION('',(0.,-1.,2.9E-16));
#6981 = ORIENTED_EDGE('',*,*,#6982,.F.);
#6982 = EDGE_CURVE('',#6983,#6975,#6985,.T.);
#6983 = VERTEX_POINT('',#6984);
#6984 = CARTESIAN_POINT('',(-1.11E-13,20.,23.5));
#6985 = LINE('',#6986,#6987);
#6986 = CARTESIAN_POINT('',(0.,20.,23.5));
#6987 = VECTOR('',#6988,1.);
#6988 = DIRECTION('',(0.,-0.707106781187,0.707106781187));
#6989 = ORIENTED_EDGE('',*,*,#6990,.F.);
#6990 = EDGE_CURVE('',#6991,#6983,#6993,.T.);
#6991 = VERTEX_POINT('',#6992);
#6992 = CARTESIAN_POINT('',(-1.11E-13,20.5,24.));
#6993 = LINE('',#6994,#6995);
#6994 = CARTESIAN_POINT('',(-2.2204E-13,20.5,24.));
#6995 = VECTOR('',#6996,1.);
#6996 = DIRECTION('',(0.,-0.707106781187,-0.707106781187));
#6997 = ORIENTED_EDGE('',*,*,#6998,.F.);
#6998 = EDGE_CURVE('',#6999,#6991,#7001,.T.);
#6999 = VERTEX_POINT('',#7000);
#7000 = CARTESIAN_POINT('',(-1.39E-13,23.010050506339,24.));
#7001 = LINE('',#7002,#7003);
#7002 = CARTESIAN_POINT('',(0.,16.989949493661,24.));
#7003 = VECTOR('',#7004,1.);
#7004 = DIRECTION('',(0.,-1.,2.9E-16));
#7005 = ORIENTED_EDGE('',*,*,#7006,.F.);
#7006 = EDGE_CURVE('',#7007,#6999,#7009,.T.);
#7007 = VERTEX_POINT('',#7008);
#7008 = CARTESIAN_POINT('',(-1.67E-13,25.210050506339,26.2));
#7009 = LINE('',#7010,#7011);
#7010 = CARTESIAN_POINT('',(-2.7756E-13,25.210050506339,26.2));
#7011 = VECTOR('',#7012,1.);
#7012 = DIRECTION('',(0.,-0.707106781187,-0.707106781187));
#7013 = ORIENTED_EDGE('',*,*,#7014,.F.);
#7014 = EDGE_CURVE('',#7015,#7007,#7017,.T.);
#7015 = VERTEX_POINT('',#7016);
#7016 = CARTESIAN_POINT('',(0.,25.210050506339,28.2));
#7017 = LINE('',#7018,#7019);
#7018 = CARTESIAN_POINT('',(0.,25.210050506339,28.2));
#7019 = VECTOR('',#7020,1.);
#7020 = DIRECTION('',(0.,-4.3E-16,-1.));
#7021 = ORIENTED_EDGE('',*,*,#7022,.F.);
#7022 = EDGE_CURVE('',#7023,#7015,#7025,.T.);
#7023 = VERTEX_POINT('',#7024);
#7024 = CARTESIAN_POINT('',(-1.11E-13,23.,28.2));
#7025 = LINE('',#7026,#7027);
#7026 = CARTESIAN_POINT('',(0.,23.,28.2));
#7027 = VECTOR('',#7028,1.);
#7028 = DIRECTION('',(0.,1.,-7.8E-16));
#7029 = ORIENTED_EDGE('',*,*,#7030,.F.);
#7030 = EDGE_CURVE('',#7031,#7023,#7033,.T.);
#7031 = VERTEX_POINT('',#7032);
#7032 = CARTESIAN_POINT('',(-1.39E-13,24.8,30.));
#7033 = LINE('',#7034,#7035);
#7034 = CARTESIAN_POINT('',(-2.2204E-13,24.8,30.));
#7035 = VECTOR('',#7036,1.);
#7036 = DIRECTION('',(0.,-0.707106781187,-0.707106781187));
#7037 = ORIENTED_EDGE('',*,*,#7038,.F.);
#7038 = EDGE_CURVE('',#7039,#7031,#7041,.T.);
#7039 = VERTEX_POINT('',#7040);
#7040 = CARTESIAN_POINT('',(0.,30.,30.));
#7041 = LINE('',#7042,#7043);
#7042 = CARTESIAN_POINT('',(0.,10.,30.));
#7043 = VECTOR('',#7044,1.);
#7044 = DIRECTION('',(0.,-1.,-1.7E-16));
#7045 = ORIENTED_EDGE('',*,*,#7046,.F.);
#7046 = EDGE_CURVE('',#7047,#7039,#7049,.T.);
#7047 = VERTEX_POINT('',#7048);
#7048 = CARTESIAN_POINT('',(-1.39E-13,30.,24.8));
#7049 = LINE('',#7050,#7051);
#7050 = CARTESIAN_POINT('',(0.,30.,10.));
#7051 = VECTOR('',#7052,1.);
#7052 = DIRECTION('',(0.,0.,1.));
#7053 = ORIENTED_EDGE('',*,*,#7054,.F.);
#7054 = EDGE_CURVE('',#7055,#7047,#7057,.T.);
#7055 = VERTEX_POINT('',#7056);
#7056 = CARTESIAN_POINT('',(-1.67E-13,28.2,23.));
#7057 = LINE('',#7058,#7059);
#7058 = CARTESIAN_POINT('',(-2.7756E-13,30.,24.8));
#7059 = VECTOR('',#7060,1.);
#7060 = DIRECTION('',(0.,0.707106781187,0.707106781187));
#7061 = ORIENTED_EDGE('',*,*,#7062,.F.);
#7062 = EDGE_CURVE('',#7063,#7055,#7065,.T.);
#7063 = VERTEX_POINT('',#7064);
#7064 = CARTESIAN_POINT('',(0.,28.2,25.210050506339));
#7065 = LINE('',#7066,#7067);
#7066 = CARTESIAN_POINT('',(0.,28.2,23.));
#7067 = VECTOR('',#7068,1.);
#7068 = DIRECTION('',(0.,-0.,-1.));
#7069 = ORIENTED_EDGE('',*,*,#7070,.F.);
#7070 = EDGE_CURVE('',#7071,#7063,#7073,.T.);
#7071 = VERTEX_POINT('',#7072);
#7072 = CARTESIAN_POINT('',(0.,26.2,25.210050506339));
#7073 = LINE('',#7074,#7075);
#7074 = CARTESIAN_POINT('',(0.,28.2,25.210050506339));
#7075 = VECTOR('',#7076,1.);
#7076 = DIRECTION('',(0.,1.,-0.));
#7077 = ORIENTED_EDGE('',*,*,#7078,.F.);
#7078 = EDGE_CURVE('',#7079,#7071,#7081,.T.);
#7079 = VERTEX_POINT('',#7080);
#7080 = CARTESIAN_POINT('',(0.,24.,23.010050506339));
#7081 = LINE('',#7082,#7083);
#7082 = CARTESIAN_POINT('',(0.,26.2,25.210050506339));
#7083 = VECTOR('',#7084,1.);
#7084 = DIRECTION('',(0.,0.707106781187,0.707106781187));
#7085 = ORIENTED_EDGE('',*,*,#7086,.F.);
#7086 = EDGE_CURVE('',#7087,#7079,#7089,.T.);
#7087 = VERTEX_POINT('',#7088);
#7088 = CARTESIAN_POINT('',(0.,24.,20.5));
#7089 = LINE('',#7090,#7091);
#7090 = CARTESIAN_POINT('',(0.,24.,23.010050506339));
#7091 = VECTOR('',#7092,1.);
#7092 = DIRECTION('',(0.,0.,1.));
#7093 = ORIENTED_EDGE('',*,*,#7094,.F.);
#7094 = EDGE_CURVE('',#7095,#7087,#7097,.T.);
#7095 = VERTEX_POINT('',#7096);
#7096 = CARTESIAN_POINT('',(0.,23.5,20.));
#7097 = LINE('',#7098,#7099);
#7098 = CARTESIAN_POINT('',(0.,23.5,20.));
#7099 = VECTOR('',#7100,1.);
#7100 = DIRECTION('',(0.,0.707106781187,0.707106781187));
#7101 = ORIENTED_EDGE('',*,*,#7102,.F.);
#7102 = EDGE_CURVE('',#7103,#7095,#7105,.T.);
#7103 = VERTEX_POINT('',#7104);
#7104 = CARTESIAN_POINT('',(0.,24.,19.5));
#7105 = LINE('',#7106,#7107);
#7106 = CARTESIAN_POINT('',(0.,24.,19.5));
#7107 = VECTOR('',#7108,1.);
#7108 = DIRECTION('',(0.,-0.707106781187,0.707106781187));
#7109 = ORIENTED_EDGE('',*,*,#7110,.F.);
#7110 = EDGE_CURVE('',#7111,#7103,#7113,.T.);
#7111 = VERTEX_POINT('',#7112);
#7112 = CARTESIAN_POINT('',(0.,24.,16.989949493661));
#7113 = LINE('',#7114,#7115);
#7114 = CARTESIAN_POINT('',(0.,24.,23.010050506339));
#7115 = VECTOR('',#7116,1.);
#7116 = DIRECTION('',(0.,0.,1.));
#7117 = ORIENTED_EDGE('',*,*,#7118,.F.);
#7118 = EDGE_CURVE('',#7119,#7111,#7121,.T.);
#7119 = VERTEX_POINT('',#7120);
#7120 = CARTESIAN_POINT('',(0.,26.2,14.789949493661));
#7121 = LINE('',#7122,#7123);
#7122 = CARTESIAN_POINT('',(0.,26.2,14.789949493661));
#7123 = VECTOR('',#7124,1.);
#7124 = DIRECTION('',(0.,-0.707106781187,0.707106781187));
#7125 = ORIENTED_EDGE('',*,*,#7126,.F.);
#7126 = EDGE_CURVE('',#7127,#7119,#7129,.T.);
#7127 = VERTEX_POINT('',#7128);
#7128 = CARTESIAN_POINT('',(0.,28.2,14.789949493661));
#7129 = LINE('',#7130,#7131);
#7130 = CARTESIAN_POINT('',(0.,28.2,14.789949493661));
#7131 = VECTOR('',#7132,1.);
#7132 = DIRECTION('',(0.,-1.,0.));
#7133 = ORIENTED_EDGE('',*,*,#7134,.F.);
#7134 = EDGE_CURVE('',#3882,#7127,#7135,.T.);
#7135 = LINE('',#7136,#7137);
#7136 = CARTESIAN_POINT('',(0.,28.2,17.));
#7137 = VECTOR('',#7138,1.);
#7138 = DIRECTION('',(0.,-0.,-1.));
#7139 = ORIENTED_EDGE('',*,*,#3881,.F.);
#7140 = ORIENTED_EDGE('',*,*,#3543,.F.);
#7141 = ORIENTED_EDGE('',*,*,#3816,.F.);
#7142 = ORIENTED_EDGE('',*,*,#3792,.F.);
#7143 = ORIENTED_EDGE('',*,*,#3855,.F.);
#7144 = ORIENTED_EDGE('',*,*,#7145,.T.);
#7145 = EDGE_CURVE('',#3848,#7146,#7148,.T.);
#7146 = VERTEX_POINT('',#7147);
#7147 = CARTESIAN_POINT('',(0.,28.2,5.210050506339));
#7148 = LINE('',#7149,#7150);
#7149 = CARTESIAN_POINT('',(0.,28.2,0.));
#7150 = VECTOR('',#7151,1.);
#7151 = DIRECTION('',(-0.,-0.,1.));
#7152 = ORIENTED_EDGE('',*,*,#7153,.F.);
#7153 = EDGE_CURVE('',#7154,#7146,#7156,.T.);
#7154 = VERTEX_POINT('',#7155);
#7155 = CARTESIAN_POINT('',(-1.11E-13,26.2,5.210050506339));
#7156 = LINE('',#7157,#7158);
#7157 = CARTESIAN_POINT('',(0.,28.2,5.210050506339));
#7158 = VECTOR('',#7159,1.);
#7159 = DIRECTION('',(-0.,1.,1.7E-16));
#7160 = ORIENTED_EDGE('',*,*,#7161,.F.);
#7161 = EDGE_CURVE('',#7162,#7154,#7164,.T.);
#7162 = VERTEX_POINT('',#7163);
#7163 = CARTESIAN_POINT('',(-1.39E-13,24.,3.010050506339));
#7164 = LINE('',#7165,#7166);
#7165 = CARTESIAN_POINT('',(-2.2204E-13,26.2,5.210050506339));
#7166 = VECTOR('',#7167,1.);
#7167 = DIRECTION('',(-0.,0.707106781187,0.707106781187));
#7168 = ORIENTED_EDGE('',*,*,#7169,.F.);
#7169 = EDGE_CURVE('',#7170,#7162,#7172,.T.);
#7170 = VERTEX_POINT('',#7171);
#7171 = CARTESIAN_POINT('',(0.,24.,0.5));
#7172 = LINE('',#7173,#7174);
#7173 = CARTESIAN_POINT('',(0.,24.,-3.010050506339));
#7174 = VECTOR('',#7175,1.);
#7175 = DIRECTION('',(-0.,-1.7E-16,1.));
#7176 = ORIENTED_EDGE('',*,*,#7177,.T.);
#7177 = EDGE_CURVE('',#7170,#7178,#7180,.T.);
#7178 = VERTEX_POINT('',#7179);
#7179 = CARTESIAN_POINT('',(0.,23.5,-2.2E-14));
#7180 = LINE('',#7181,#7182);
#7181 = CARTESIAN_POINT('',(0.,23.5,-2.164E-14));
#7182 = VECTOR('',#7183,1.);
#7183 = DIRECTION('',(-0.,-0.707106781187,-0.707106781187));
#7184 = ORIENTED_EDGE('',*,*,#7185,.T.);
#7185 = EDGE_CURVE('',#7178,#7186,#7188,.T.);
#7186 = VERTEX_POINT('',#7187);
#7187 = CARTESIAN_POINT('',(0.,24.,-0.5));
#7188 = LINE('',#7189,#7190);
#7189 = CARTESIAN_POINT('',(0.,24.,-0.5));
#7190 = VECTOR('',#7191,1.);
#7191 = DIRECTION('',(-0.,0.707106781187,-0.707106781187));
#7192 = ORIENTED_EDGE('',*,*,#7193,.F.);
#7193 = EDGE_CURVE('',#7194,#7186,#7196,.T.);
#7194 = VERTEX_POINT('',#7195);
#7195 = CARTESIAN_POINT('',(-1.11E-13,24.,-3.010050506339));
#7196 = LINE('',#7197,#7198);
#7197 = CARTESIAN_POINT('',(0.,24.,-3.010050506339));
#7198 = VECTOR('',#7199,1.);
#7199 = DIRECTION('',(-0.,-1.7E-16,1.));
#7200 = ORIENTED_EDGE('',*,*,#7201,.F.);
#7201 = EDGE_CURVE('',#7202,#7194,#7204,.T.);
#7202 = VERTEX_POINT('',#7203);
#7203 = CARTESIAN_POINT('',(-1.39E-13,26.2,-5.210050506339));
#7204 = LINE('',#7205,#7206);
#7205 = CARTESIAN_POINT('',(-2.2204E-13,26.2,-5.210050506339));
#7206 = VECTOR('',#7207,1.);
#7207 = DIRECTION('',(-0.,-0.707106781187,0.707106781187));
#7208 = ORIENTED_EDGE('',*,*,#7209,.F.);
#7209 = EDGE_CURVE('',#7210,#7202,#7212,.T.);
#7210 = VERTEX_POINT('',#7211);
#7211 = CARTESIAN_POINT('',(0.,28.2,-5.210050506339));
#7212 = LINE('',#7213,#7214);
#7213 = CARTESIAN_POINT('',(0.,28.2,-5.210050506339));
#7214 = VECTOR('',#7215,1.);
#7215 = DIRECTION('',(-0.,-1.,-1.7E-16));
#7216 = ORIENTED_EDGE('',*,*,#7217,.T.);
#7217 = EDGE_CURVE('',#7210,#3504,#7218,.T.);
#7218 = LINE('',#7219,#7220);
#7219 = CARTESIAN_POINT('',(0.,28.2,0.));
#7220 = VECTOR('',#7221,1.);
#7221 = DIRECTION('',(-0.,-0.,1.));
#7222 = ORIENTED_EDGE('',*,*,#3503,.F.);
#7223 = ORIENTED_EDGE('',*,*,#3674,.F.);
#7224 = ORIENTED_EDGE('',*,*,#7225,.F.);
#7225 = EDGE_CURVE('',#3702,#3667,#7226,.T.);
#7226 = LINE('',#7227,#7228);
#7227 = CARTESIAN_POINT('',(-2.2204E-13,30.,-4.8));
#7228 = VECTOR('',#7229,1.);
#7229 = DIRECTION('',(-0.,-0.707106781187,0.707106781187));
#7230 = ORIENTED_EDGE('',*,*,#3701,.F.);
#7231 = ORIENTED_EDGE('',*,*,#3634,.F.);
#7232 = ORIENTED_EDGE('',*,*,#7233,.F.);
#7233 = EDGE_CURVE('',#7234,#3627,#7236,.T.);
#7234 = VERTEX_POINT('',#7235);
#7235 = CARTESIAN_POINT('',(0.,29.8,-10.));
#7236 = CIRCLE('',#7237,0.2);
#7237 = AXIS2_PLACEMENT_3D('',#7238,#7239,#7240);
#7238 = CARTESIAN_POINT('',(0.,29.8,-9.8));
#7239 = DIRECTION('',(1.,0.,-0.));
#7240 = DIRECTION('',(0.,0.,1.));
#7241 = ORIENTED_EDGE('',*,*,#7242,.F.);
#7242 = EDGE_CURVE('',#4224,#7234,#7243,.T.);
#7243 = LINE('',#7244,#7245);
#7244 = CARTESIAN_POINT('',(0.,10.,-10.));
#7245 = VECTOR('',#7246,1.);
#7246 = DIRECTION('',(0.,1.,0.));
#7247 = ORIENTED_EDGE('',*,*,#4223,.F.);
#7248 = ORIENTED_EDGE('',*,*,#4197,.F.);
#7249 = ORIENTED_EDGE('',*,*,#4115,.F.);
#7250 = ORIENTED_EDGE('',*,*,#7251,.T.);
#7251 = EDGE_CURVE('',#4108,#7252,#7254,.T.);
#7252 = VERTEX_POINT('',#7253);
#7253 = CARTESIAN_POINT('',(0.,25.210050506339,-8.2));
#7254 = LINE('',#7255,#7256);
#7255 = CARTESIAN_POINT('',(0.,0.,-8.2));
#7256 = VECTOR('',#7257,1.);
#7257 = DIRECTION('',(0.,1.,0.));
#7258 = ORIENTED_EDGE('',*,*,#7259,.F.);
#7259 = EDGE_CURVE('',#7260,#7252,#7262,.T.);
#7260 = VERTEX_POINT('',#7261);
#7261 = CARTESIAN_POINT('',(0.,25.210050506339,-6.2));
#7262 = LINE('',#7263,#7264);
#7263 = CARTESIAN_POINT('',(0.,25.210050506339,-8.2));
#7264 = VECTOR('',#7265,1.);
#7265 = DIRECTION('',(-0.,6.1E-16,-1.));
#7266 = ORIENTED_EDGE('',*,*,#7267,.F.);
#7267 = EDGE_CURVE('',#7268,#7260,#7270,.T.);
#7268 = VERTEX_POINT('',#7269);
#7269 = CARTESIAN_POINT('',(0.,23.010050506339,-4.));
#7270 = LINE('',#7271,#7272);
#7271 = CARTESIAN_POINT('',(0.,25.210050506339,-6.2));
#7272 = VECTOR('',#7273,1.);
#7273 = DIRECTION('',(-0.,0.707106781187,-0.707106781187));
#7274 = ORIENTED_EDGE('',*,*,#7275,.F.);
#7275 = EDGE_CURVE('',#7276,#7268,#7278,.T.);
#7276 = VERTEX_POINT('',#7277);
#7277 = CARTESIAN_POINT('',(0.,20.5,-4.));
#7278 = LINE('',#7279,#7280);
#7279 = CARTESIAN_POINT('',(0.,16.989949493661,-4.));
#7280 = VECTOR('',#7281,1.);
#7281 = DIRECTION('',(-0.,1.,4.6E-16));
#7282 = ORIENTED_EDGE('',*,*,#7283,.T.);
#7283 = EDGE_CURVE('',#7276,#7284,#7286,.T.);
#7284 = VERTEX_POINT('',#7285);
#7285 = CARTESIAN_POINT('',(0.,20.,-3.5));
#7286 = LINE('',#7287,#7288);
#7287 = CARTESIAN_POINT('',(0.,20.,-3.5));
#7288 = VECTOR('',#7289,1.);
#7289 = DIRECTION('',(-0.,-0.707106781187,0.707106781187));
#7290 = ORIENTED_EDGE('',*,*,#7291,.T.);
#7291 = EDGE_CURVE('',#7284,#7292,#7294,.T.);
#7292 = VERTEX_POINT('',#7293);
#7293 = CARTESIAN_POINT('',(0.,19.5,-4.));
#7294 = LINE('',#7295,#7296);
#7295 = CARTESIAN_POINT('',(0.,19.5,-4.));
#7296 = VECTOR('',#7297,1.);
#7297 = DIRECTION('',(-0.,-0.707106781187,-0.707106781187));
#7298 = ORIENTED_EDGE('',*,*,#7299,.F.);
#7299 = EDGE_CURVE('',#7300,#7292,#7302,.T.);
#7300 = VERTEX_POINT('',#7301);
#7301 = CARTESIAN_POINT('',(0.,16.989949493661,-4.));
#7302 = LINE('',#7303,#7304);
#7303 = CARTESIAN_POINT('',(0.,16.989949493661,-4.));
#7304 = VECTOR('',#7305,1.);
#7305 = DIRECTION('',(-0.,1.,4.6E-16));
#7306 = ORIENTED_EDGE('',*,*,#7307,.F.);
#7307 = EDGE_CURVE('',#7308,#7300,#7310,.T.);
#7308 = VERTEX_POINT('',#7309);
#7309 = CARTESIAN_POINT('',(0.,14.789949493661,-6.2));
#7310 = LINE('',#7311,#7312);
#7311 = CARTESIAN_POINT('',(0.,14.789949493661,-6.2));
#7312 = VECTOR('',#7313,1.);
#7313 = DIRECTION('',(-0.,0.707106781187,0.707106781187));
#7314 = ORIENTED_EDGE('',*,*,#7315,.F.);
#7315 = EDGE_CURVE('',#7316,#7308,#7318,.T.);
#7316 = VERTEX_POINT('',#7317);
#7317 = CARTESIAN_POINT('',(0.,14.789949493661,-8.2));
#7318 = LINE('',#7319,#7320);
#7319 = CARTESIAN_POINT('',(0.,14.789949493661,-8.2));
#7320 = VECTOR('',#7321,1.);
#7321 = DIRECTION('',(-0.,-6.1E-16,1.));
#7322 = ORIENTED_EDGE('',*,*,#7323,.T.);
#7323 = EDGE_CURVE('',#7316,#4033,#7324,.T.);
#7324 = LINE('',#7325,#7326);
#7325 = CARTESIAN_POINT('',(0.,0.,-8.2));
#7326 = VECTOR('',#7327,1.);
#7327 = DIRECTION('',(0.,1.,0.));
#7328 = ORIENTED_EDGE('',*,*,#4032,.F.);
#7329 = ORIENTED_EDGE('',*,*,#7330,.F.);
#7330 = EDGE_CURVE('',#4068,#4025,#7331,.T.);
#7331 = LINE('',#7332,#7333);
#7332 = CARTESIAN_POINT('',(0.,15.2,-10.));
#7333 = VECTOR('',#7334,1.);
#7334 = DIRECTION('',(-0.,0.707106781187,0.707106781187));
#7335 = ORIENTED_EDGE('',*,*,#4067,.F.);
#7336 = FACE_BOUND('',#7337,.T.);
#7337 = EDGE_LOOP('',(#7338,#7345));
#7338 = ORIENTED_EDGE('',*,*,#7339,.F.);
#7339 = EDGE_CURVE('',#2022,#2030,#7340,.T.);
#7340 = CIRCLE('',#7341,3.);
#7341 = AXIS2_PLACEMENT_3D('',#7342,#7343,#7344);
#7342 = CARTESIAN_POINT('',(0.,0.,0.));
#7343 = DIRECTION('',(-1.,0.,-0.));
#7344 = DIRECTION('',(-0.,0.,1.));
#7345 = ORIENTED_EDGE('',*,*,#2029,.F.);
#7346 = FACE_BOUND('',#7347,.T.);
#7347 = EDGE_LOOP('',(#7348,#7355));
#7348 = ORIENTED_EDGE('',*,*,#7349,.F.);
#7349 = EDGE_CURVE('',#2064,#2072,#7350,.T.);
#7350 = CIRCLE('',#7351,3.);
#7351 = AXIS2_PLACEMENT_3D('',#7352,#7353,#7354);
#7352 = CARTESIAN_POINT('',(0.,20.,20.));
#7353 = DIRECTION('',(-1.,0.,-0.));
#7354 = DIRECTION('',(-0.,0.,1.));
#7355 = ORIENTED_EDGE('',*,*,#2071,.F.);
#7356 = PLANE('',#7357);
#7357 = AXIS2_PLACEMENT_3D('',#7358,#7359,#7360);
#7358 = CARTESIAN_POINT('',(0.,0.,0.));
#7359 = DIRECTION('',(1.,-0.,0.));
#7360 = DIRECTION('',(0.,0.,-1.));
#7361 = ADVANCED_FACE('',(#7362),#7381,.T.);
#7362 = FACE_BOUND('',#7363,.T.);
#7363 = EDGE_LOOP('',(#7364,#7365,#7366,#7373,#7374,#7375));
#7364 = ORIENTED_EDGE('',*,*,#6950,.T.);
#7365 = ORIENTED_EDGE('',*,*,#4598,.F.);
#7366 = ORIENTED_EDGE('',*,*,#7367,.T.);
#7367 = EDGE_CURVE('',#4590,#4582,#7368,.T.);
#7368 = CIRCLE('',#7369,4.75);
#7369 = AXIS2_PLACEMENT_3D('',#7370,#7371,#7372);
#7370 = CARTESIAN_POINT('',(145.,20.,28.2));
#7371 = DIRECTION('',(0.,0.,1.));
#7372 = DIRECTION('',(1.,0.,-0.));
#7373 = ORIENTED_EDGE('',*,*,#4581,.F.);
#7374 = ORIENTED_EDGE('',*,*,#4671,.F.);
#7375 = ORIENTED_EDGE('',*,*,#7376,.T.);
#7376 = EDGE_CURVE('',#4664,#6951,#7377,.T.);
#7377 = LINE('',#7378,#7379);
#7378 = CARTESIAN_POINT('',(290.,14.789949493661,28.2));
#7379 = VECTOR('',#7380,1.);
#7380 = DIRECTION('',(-1.,0.,-0.));
#7381 = PLANE('',#7382);
#7382 = AXIS2_PLACEMENT_3D('',#7383,#7384,#7385);
#7383 = CARTESIAN_POINT('',(290.,17.,28.2));
#7384 = DIRECTION('',(0.,-7.8E-16,-1.));
#7385 = DIRECTION('',(0.,1.,-7.8E-16));
#7386 = ADVANCED_FACE('',(#7387),#7391,.F.);
#7387 = FACE_BOUND('',#7388,.F.);
#7388 = EDGE_LOOP('',(#7389,#7390));
#7389 = ORIENTED_EDGE('',*,*,#4589,.T.);
#7390 = ORIENTED_EDGE('',*,*,#7367,.T.);
#7391 = CYLINDRICAL_SURFACE('',#7392,4.75);
#7392 = AXIS2_PLACEMENT_3D('',#7393,#7394,#7395);
#7393 = CARTESIAN_POINT('',(145.,20.,30.));
#7394 = DIRECTION('',(0.,0.,1.));
#7395 = DIRECTION('',(1.,0.,-0.));
#7396 = ADVANCED_FACE('',(#7397),#7409,.F.);
#7397 = FACE_BOUND('',#7398,.F.);
#7398 = EDGE_LOOP('',(#7399,#7400,#7401,#7408));
#7399 = ORIENTED_EDGE('',*,*,#4622,.T.);
#7400 = ORIENTED_EDGE('',*,*,#1767,.F.);
#7401 = ORIENTED_EDGE('',*,*,#7402,.T.);
#7402 = EDGE_CURVE('',#1768,#1787,#7403,.T.);
#7403 = CIRCLE('',#7404,2.100000000003);
#7404 = AXIS2_PLACEMENT_3D('',#7405,#7406,#7407);
#7405 = CARTESIAN_POINT('',(289.59999999995,20.,20.));
#7406 = DIRECTION('',(1.,0.,0.));
#7407 = DIRECTION('',(0.,0.,-1.));
#7408 = ORIENTED_EDGE('',*,*,#1786,.T.);
#7409 = CONICAL_SURFACE('',#7410,2.499999999959,0.785398163326);
#7410 = AXIS2_PLACEMENT_3D('',#7411,#7412,#7413);
#7411 = CARTESIAN_POINT('',(289.99999999996,20.,20.));
#7412 = DIRECTION('',(1.,0.,0.));
#7413 = DIRECTION('',(0.,0.,-1.));
#7414 = ADVANCED_FACE('',(#7415),#7427,.F.);
#7415 = FACE_BOUND('',#7416,.F.);
#7416 = EDGE_LOOP('',(#7417,#7418,#7419,#7426));
#7417 = ORIENTED_EDGE('',*,*,#4632,.T.);
#7418 = ORIENTED_EDGE('',*,*,#1809,.F.);
#7419 = ORIENTED_EDGE('',*,*,#7420,.T.);
#7420 = EDGE_CURVE('',#1810,#1829,#7421,.T.);
#7421 = CIRCLE('',#7422,2.099999999984);
#7422 = AXIS2_PLACEMENT_3D('',#7423,#7424,#7425);
#7423 = CARTESIAN_POINT('',(289.6,20.,1.73E-15));
#7424 = DIRECTION('',(1.,0.,0.));
#7425 = DIRECTION('',(0.,0.,-1.));
#7426 = ORIENTED_EDGE('',*,*,#1828,.T.);
#7427 = CONICAL_SURFACE('',#7428,2.499999999998,0.785398163397);
#7428 = AXIS2_PLACEMENT_3D('',#7429,#7430,#7431);
#7429 = CARTESIAN_POINT('',(290.00000000002,20.,1.73E-15));
#7430 = DIRECTION('',(1.,0.,0.));
#7431 = DIRECTION('',(0.,0.,-1.));
#7432 = ADVANCED_FACE('',(#7433),#7445,.F.);
#7433 = FACE_BOUND('',#7434,.F.);
#7434 = EDGE_LOOP('',(#7435,#7436,#7437,#7444));
#7435 = ORIENTED_EDGE('',*,*,#4642,.T.);
#7436 = ORIENTED_EDGE('',*,*,#1851,.F.);
#7437 = ORIENTED_EDGE('',*,*,#7438,.T.);
#7438 = EDGE_CURVE('',#1852,#1871,#7439,.T.);
#7439 = CIRCLE('',#7440,2.100000000003);
#7440 = AXIS2_PLACEMENT_3D('',#7441,#7442,#7443);
#7441 = CARTESIAN_POINT('',(289.59999999995,-1.73E-15,20.));
#7442 = DIRECTION('',(1.,0.,0.));
#7443 = DIRECTION('',(0.,0.,-1.));
#7444 = ORIENTED_EDGE('',*,*,#1870,.T.);
#7445 = CONICAL_SURFACE('',#7446,2.499999999959,0.785398163326);
#7446 = AXIS2_PLACEMENT_3D('',#7447,#7448,#7449);
#7447 = CARTESIAN_POINT('',(289.99999999996,-1.73E-15,20.));
#7448 = DIRECTION('',(1.,0.,0.));
#7449 = DIRECTION('',(0.,0.,-1.));
#7450 = ADVANCED_FACE('',(#7451),#7463,.F.);
#7451 = FACE_BOUND('',#7452,.F.);
#7452 = EDGE_LOOP('',(#7453,#7454,#7455,#7462));
#7453 = ORIENTED_EDGE('',*,*,#4652,.T.);
#7454 = ORIENTED_EDGE('',*,*,#1893,.F.);
#7455 = ORIENTED_EDGE('',*,*,#7456,.T.);
#7456 = EDGE_CURVE('',#1894,#1913,#7457,.T.);
#7457 = CIRCLE('',#7458,2.099999999984);
#7458 = AXIS2_PLACEMENT_3D('',#7459,#7460,#7461);
#7459 = CARTESIAN_POINT('',(289.6,0.,0.));
#7460 = DIRECTION('',(1.,0.,0.));
#7461 = DIRECTION('',(0.,0.,-1.));
#7462 = ORIENTED_EDGE('',*,*,#1912,.T.);
#7463 = CONICAL_SURFACE('',#7464,2.499999999998,0.785398163397);
#7464 = AXIS2_PLACEMENT_3D('',#7465,#7466,#7467);
#7465 = CARTESIAN_POINT('',(290.00000000002,0.,0.));
#7466 = DIRECTION('',(1.,0.,0.));
#7467 = DIRECTION('',(0.,0.,-1.));
#7468 = ADVANCED_FACE('',(#7469),#7480,.T.);
#7469 = FACE_BOUND('',#7470,.T.);
#7470 = EDGE_LOOP('',(#7471,#7472,#7478,#7479));
#7471 = ORIENTED_EDGE('',*,*,#4661,.F.);
#7472 = ORIENTED_EDGE('',*,*,#7473,.T.);
#7473 = EDGE_CURVE('',#4662,#6959,#7474,.T.);
#7474 = LINE('',#7475,#7476);
#7475 = CARTESIAN_POINT('',(290.,14.789949493661,26.2));
#7476 = VECTOR('',#7477,1.);
#7477 = DIRECTION('',(-1.,0.,-0.));
#7478 = ORIENTED_EDGE('',*,*,#6958,.T.);
#7479 = ORIENTED_EDGE('',*,*,#7376,.F.);
#7480 = PLANE('',#7481);
#7481 = AXIS2_PLACEMENT_3D('',#7482,#7483,#7484);
#7482 = CARTESIAN_POINT('',(290.,14.789949493661,28.2));
#7483 = DIRECTION('',(0.,1.,-4.3E-16));
#7484 = DIRECTION('',(0.,4.3E-16,1.));
#7485 = ADVANCED_FACE('',(#7486,#7497),#7516,.T.);
#7486 = FACE_BOUND('',#7487,.T.);
#7487 = EDGE_LOOP('',(#7488,#7489,#7495,#7496));
#7488 = ORIENTED_EDGE('',*,*,#5591,.F.);
#7489 = ORIENTED_EDGE('',*,*,#7490,.T.);
#7490 = EDGE_CURVE('',#5584,#6967,#7491,.T.);
#7491 = LINE('',#7492,#7493);
#7492 = CARTESIAN_POINT('',(290.,16.989949493661,24.));
#7493 = VECTOR('',#7494,1.);
#7494 = DIRECTION('',(-1.,-0.,0.));
#7495 = ORIENTED_EDGE('',*,*,#6966,.T.);
#7496 = ORIENTED_EDGE('',*,*,#7473,.F.);
#7497 = FACE_BOUND('',#7498,.T.);
#7498 = EDGE_LOOP('',(#7499,#7509));
#7499 = ORIENTED_EDGE('',*,*,#7500,.T.);
#7500 = EDGE_CURVE('',#7501,#7503,#7505,.T.);
#7501 = VERTEX_POINT('',#7502);
#7502 = CARTESIAN_POINT('',(141.49884651196,16.789949493661,24.2));
#7503 = VERTEX_POINT('',#7504);
#7504 = CARTESIAN_POINT('',(148.50115348803,16.789949493661,24.2));
#7505 = LINE('',#7506,#7507);
#7506 = CARTESIAN_POINT('',(290.,16.789949493661,24.2));
#7507 = VECTOR('',#7508,1.);
#7508 = DIRECTION('',(1.,0.,-0.));
#7509 = ORIENTED_EDGE('',*,*,#7510,.T.);
#7510 = EDGE_CURVE('',#7503,#7501,#7511,.T.);
#7511 = ( BOUNDED_CURVE() B_SPLINE_CURVE(3,(#7512,#7513,#7514,#7515),
.UNSPECIFIED.,.F.,.F.) B_SPLINE_CURVE_WITH_KNOTS((4,4),(5.454438644374,
7.111931969985),.PIECEWISE_BEZIER_KNOTS.) CURVE() 
GEOMETRIC_REPRESENTATION_ITEM() RATIONAL_B_SPLINE_CURVE((1.,
0.783866737732,0.783866737732,1.)) REPRESENTATION_ITEM('') );
#7512 = CARTESIAN_POINT('',(148.50115348803,16.789949493661,24.2));
#7513 = CARTESIAN_POINT('',(146.48883873559,14.595148259036,
    26.394801234625));
#7514 = CARTESIAN_POINT('',(143.5111612644,14.595148259036,
    26.394801234625));
#7515 = CARTESIAN_POINT('',(141.49884651196,16.789949493661,24.2));
#7516 = PLANE('',#7517);
#7517 = AXIS2_PLACEMENT_3D('',#7518,#7519,#7520);
#7518 = CARTESIAN_POINT('',(290.,14.789949493661,26.2));
#7519 = DIRECTION('',(0.,0.707106781187,0.707106781187));
#7520 = DIRECTION('',(0.,-0.707106781187,0.707106781187));
#7521 = ADVANCED_FACE('',(#7522),#7549,.T.);
#7522 = FACE_BOUND('',#7523,.T.);
#7523 = EDGE_LOOP('',(#7524,#7525,#7531,#7532,#7533,#7534,#7542));
#7524 = ORIENTED_EDGE('',*,*,#1236,.F.);
#7525 = ORIENTED_EDGE('',*,*,#7526,.T.);
#7526 = EDGE_CURVE('',#1158,#6975,#7527,.T.);
#7527 = LINE('',#7528,#7529);
#7528 = CARTESIAN_POINT('',(290.,19.5,24.));
#7529 = VECTOR('',#7530,1.);
#7530 = DIRECTION('',(-1.,-0.,0.));
#7531 = ORIENTED_EDGE('',*,*,#6974,.T.);
#7532 = ORIENTED_EDGE('',*,*,#7490,.F.);
#7533 = ORIENTED_EDGE('',*,*,#5583,.F.);
#7534 = ORIENTED_EDGE('',*,*,#7535,.T.);
#7535 = EDGE_CURVE('',#5576,#7536,#7538,.T.);
#7536 = VERTEX_POINT('',#7537);
#7537 = CARTESIAN_POINT('',(147.60240273593,19.5,24.));
#7538 = LINE('',#7539,#7540);
#7539 = CARTESIAN_POINT('',(290.,19.5,24.));
#7540 = VECTOR('',#7541,1.);
#7541 = DIRECTION('',(-1.,-0.,0.));
#7542 = ORIENTED_EDGE('',*,*,#7543,.F.);
#7543 = EDGE_CURVE('',#1229,#7536,#7544,.T.);
#7544 = CIRCLE('',#7545,2.65);
#7545 = AXIS2_PLACEMENT_3D('',#7546,#7547,#7548);
#7546 = CARTESIAN_POINT('',(145.,20.,24.));
#7547 = DIRECTION('',(0.,2.9E-16,1.));
#7548 = DIRECTION('',(0.,-1.,2.9E-16));
#7549 = PLANE('',#7550);
#7550 = AXIS2_PLACEMENT_3D('',#7551,#7552,#7553);
#7551 = CARTESIAN_POINT('',(290.,16.989949493661,24.));
#7552 = DIRECTION('',(0.,2.9E-16,1.));
#7553 = DIRECTION('',(0.,-1.,2.9E-16));
#7554 = ADVANCED_FACE('',(#7555),#7587,.T.);
#7555 = FACE_BOUND('',#7556,.T.);
#7556 = EDGE_LOOP('',(#7557,#7566,#7572,#7573,#7579,#7580,#7586));
#7557 = ORIENTED_EDGE('',*,*,#7558,.F.);
#7558 = EDGE_CURVE('',#7559,#1176,#7561,.T.);
#7559 = VERTEX_POINT('',#7560);
#7560 = CARTESIAN_POINT('',(147.60240273593,20.5,24.));
#7561 = CIRCLE('',#7562,2.65);
#7562 = AXIS2_PLACEMENT_3D('',#7563,#7564,#7565);
#7563 = CARTESIAN_POINT('',(145.,20.,24.));
#7564 = DIRECTION('',(0.,2.9E-16,1.));
#7565 = DIRECTION('',(0.,-1.,2.9E-16));
#7566 = ORIENTED_EDGE('',*,*,#7567,.T.);
#7567 = EDGE_CURVE('',#7559,#5560,#7568,.T.);
#7568 = LINE('',#7569,#7570);
#7569 = CARTESIAN_POINT('',(290.,20.5,24.));
#7570 = VECTOR('',#7571,1.);
#7571 = DIRECTION('',(1.,0.,-0.));
#7572 = ORIENTED_EDGE('',*,*,#5559,.F.);
#7573 = ORIENTED_EDGE('',*,*,#7574,.T.);
#7574 = EDGE_CURVE('',#5552,#6999,#7575,.T.);
#7575 = LINE('',#7576,#7577);
#7576 = CARTESIAN_POINT('',(290.,23.010050506339,24.));
#7577 = VECTOR('',#7578,1.);
#7578 = DIRECTION('',(-1.,-0.,0.));
#7579 = ORIENTED_EDGE('',*,*,#6998,.T.);
#7580 = ORIENTED_EDGE('',*,*,#7581,.T.);
#7581 = EDGE_CURVE('',#6991,#1167,#7582,.T.);
#7582 = LINE('',#7583,#7584);
#7583 = CARTESIAN_POINT('',(290.,20.5,24.));
#7584 = VECTOR('',#7585,1.);
#7585 = DIRECTION('',(1.,0.,-0.));
#7586 = ORIENTED_EDGE('',*,*,#1175,.F.);
#7587 = PLANE('',#7588);
#7588 = AXIS2_PLACEMENT_3D('',#7589,#7590,#7591);
#7589 = CARTESIAN_POINT('',(290.,16.989949493661,24.));
#7590 = DIRECTION('',(0.,2.9E-16,1.));
#7591 = DIRECTION('',(0.,-1.,2.9E-16));
#7592 = ADVANCED_FACE('',(#7593,#7604),#7623,.T.);
#7593 = FACE_BOUND('',#7594,.T.);
#7594 = EDGE_LOOP('',(#7595,#7596,#7602,#7603));
#7595 = ORIENTED_EDGE('',*,*,#5551,.F.);
#7596 = ORIENTED_EDGE('',*,*,#7597,.T.);
#7597 = EDGE_CURVE('',#5544,#7007,#7598,.T.);
#7598 = LINE('',#7599,#7600);
#7599 = CARTESIAN_POINT('',(290.,25.210050506339,26.2));
#7600 = VECTOR('',#7601,1.);
#7601 = DIRECTION('',(-1.,-0.,-0.));
#7602 = ORIENTED_EDGE('',*,*,#7006,.T.);
#7603 = ORIENTED_EDGE('',*,*,#7574,.F.);
#7604 = FACE_BOUND('',#7605,.T.);
#7605 = EDGE_LOOP('',(#7606,#7616));
#7606 = ORIENTED_EDGE('',*,*,#7607,.T.);
#7607 = EDGE_CURVE('',#7608,#7610,#7612,.T.);
#7608 = VERTEX_POINT('',#7609);
#7609 = CARTESIAN_POINT('',(148.50115348803,23.210050506339,24.2));
#7610 = VERTEX_POINT('',#7611);
#7611 = CARTESIAN_POINT('',(141.49884651196,23.210050506339,24.2));
#7612 = LINE('',#7613,#7614);
#7613 = CARTESIAN_POINT('',(290.,23.210050506339,24.2));
#7614 = VECTOR('',#7615,1.);
#7615 = DIRECTION('',(-1.,-0.,-0.));
#7616 = ORIENTED_EDGE('',*,*,#7617,.T.);
#7617 = EDGE_CURVE('',#7610,#7608,#7618,.T.);
#7618 = ( BOUNDED_CURVE() B_SPLINE_CURVE(3,(#7619,#7620,#7621,#7622),
.UNSPECIFIED.,.F.,.F.) B_SPLINE_CURVE_WITH_KNOTS((4,4),(5.454438644374,
7.111931969985),.PIECEWISE_BEZIER_KNOTS.) CURVE() 
GEOMETRIC_REPRESENTATION_ITEM() RATIONAL_B_SPLINE_CURVE((1.,
0.783866737732,0.783866737732,1.)) REPRESENTATION_ITEM('') );
#7619 = CARTESIAN_POINT('',(141.49884651196,23.210050506339,24.2));
#7620 = CARTESIAN_POINT('',(143.5111612644,25.404851740963,
    26.394801234625));
#7621 = CARTESIAN_POINT('',(146.48883873559,25.404851740963,
    26.394801234625));
#7622 = CARTESIAN_POINT('',(148.50115348803,23.210050506339,24.2));
#7623 = PLANE('',#7624);
#7624 = AXIS2_PLACEMENT_3D('',#7625,#7626,#7627);
#7625 = CARTESIAN_POINT('',(290.,25.210050506339,26.2));
#7626 = DIRECTION('',(0.,-0.707106781187,0.707106781187));
#7627 = DIRECTION('',(0.,-0.707106781187,-0.707106781187));
#7628 = ADVANCED_FACE('',(#7629),#7640,.T.);
#7629 = FACE_BOUND('',#7630,.T.);
#7630 = EDGE_LOOP('',(#7631,#7632,#7638,#7639));
#7631 = ORIENTED_EDGE('',*,*,#5543,.F.);
#7632 = ORIENTED_EDGE('',*,*,#7633,.T.);
#7633 = EDGE_CURVE('',#5536,#7015,#7634,.T.);
#7634 = LINE('',#7635,#7636);
#7635 = CARTESIAN_POINT('',(290.,25.210050506339,28.2));
#7636 = VECTOR('',#7637,1.);
#7637 = DIRECTION('',(-1.,-0.,-0.));
#7638 = ORIENTED_EDGE('',*,*,#7014,.T.);
#7639 = ORIENTED_EDGE('',*,*,#7597,.F.);
#7640 = PLANE('',#7641);
#7641 = AXIS2_PLACEMENT_3D('',#7642,#7643,#7644);
#7642 = CARTESIAN_POINT('',(290.,25.210050506339,28.2));
#7643 = DIRECTION('',(0.,-1.,4.3E-16));
#7644 = DIRECTION('',(0.,-4.3E-16,-1.));
#7645 = ADVANCED_FACE('',(#7646),#7674,.T.);
#7646 = FACE_BOUND('',#7647,.T.);
#7647 = EDGE_LOOP('',(#7648,#7649,#7657,#7666,#7672,#7673));
#7648 = ORIENTED_EDGE('',*,*,#5535,.F.);
#7649 = ORIENTED_EDGE('',*,*,#7650,.T.);
#7650 = EDGE_CURVE('',#5528,#7651,#7653,.T.);
#7651 = VERTEX_POINT('',#7652);
#7652 = CARTESIAN_POINT('',(148.68272996566,23.,28.2));
#7653 = LINE('',#7654,#7655);
#7654 = CARTESIAN_POINT('',(290.,23.,28.2));
#7655 = VECTOR('',#7656,1.);
#7656 = DIRECTION('',(-1.,0.,-0.));
#7657 = ORIENTED_EDGE('',*,*,#7658,.T.);
#7658 = EDGE_CURVE('',#7651,#7659,#7661,.T.);
#7659 = VERTEX_POINT('',#7660);
#7660 = CARTESIAN_POINT('',(141.31727003433,23.,28.2));
#7661 = CIRCLE('',#7662,4.75);
#7662 = AXIS2_PLACEMENT_3D('',#7663,#7664,#7665);
#7663 = CARTESIAN_POINT('',(145.,20.,28.2));
#7664 = DIRECTION('',(0.,0.,1.));
#7665 = DIRECTION('',(1.,0.,-0.));
#7666 = ORIENTED_EDGE('',*,*,#7667,.T.);
#7667 = EDGE_CURVE('',#7659,#7023,#7668,.T.);
#7668 = LINE('',#7669,#7670);
#7669 = CARTESIAN_POINT('',(290.,23.,28.2));
#7670 = VECTOR('',#7671,1.);
#7671 = DIRECTION('',(-1.,0.,-0.));
#7672 = ORIENTED_EDGE('',*,*,#7022,.T.);
#7673 = ORIENTED_EDGE('',*,*,#7633,.F.);
#7674 = PLANE('',#7675);
#7675 = AXIS2_PLACEMENT_3D('',#7676,#7677,#7678);
#7676 = CARTESIAN_POINT('',(290.,23.,28.2));
#7677 = DIRECTION('',(0.,-7.8E-16,-1.));
#7678 = DIRECTION('',(0.,1.,-7.8E-16));
#7679 = ADVANCED_FACE('',(#7680),#7699,.T.);
#7680 = FACE_BOUND('',#7681,.T.);
#7681 = EDGE_LOOP('',(#7682,#7683,#7684,#7691,#7692,#7693));
#7682 = ORIENTED_EDGE('',*,*,#7030,.T.);
#7683 = ORIENTED_EDGE('',*,*,#7667,.F.);
#7684 = ORIENTED_EDGE('',*,*,#7685,.T.);
#7685 = EDGE_CURVE('',#7659,#7651,#7686,.T.);
#7686 = ( BOUNDED_CURVE() B_SPLINE_CURVE(3,(#7687,#7688,#7689,#7690),
.UNSPECIFIED.,.F.,.F.) B_SPLINE_CURVE_WITH_KNOTS((4,4),(5.395977039557,
7.170393574802),.PIECEWISE_BEZIER_KNOTS.) CURVE() 
GEOMETRIC_REPRESENTATION_ITEM() RATIONAL_B_SPLINE_CURVE((1.,
0.754385964912,0.754385964912,1.)) REPRESENTATION_ITEM('') );
#7687 = CARTESIAN_POINT('',(141.31727003433,23.,28.2));
#7688 = CARTESIAN_POINT('',(143.37274722447,25.523255813953,
    30.723255813953));
#7689 = CARTESIAN_POINT('',(146.62725277552,25.523255813953,
    30.723255813953));
#7690 = CARTESIAN_POINT('',(148.68272996566,23.,28.2));
#7691 = ORIENTED_EDGE('',*,*,#7650,.F.);
#7692 = ORIENTED_EDGE('',*,*,#5527,.F.);
#7693 = ORIENTED_EDGE('',*,*,#7694,.T.);
#7694 = EDGE_CURVE('',#5520,#7031,#7695,.T.);
#7695 = LINE('',#7696,#7697);
#7696 = CARTESIAN_POINT('',(290.,24.8,30.));
#7697 = VECTOR('',#7698,1.);
#7698 = DIRECTION('',(-1.,-0.,-0.));
#7699 = PLANE('',#7700);
#7700 = AXIS2_PLACEMENT_3D('',#7701,#7702,#7703);
#7701 = CARTESIAN_POINT('',(290.,24.8,30.));
#7702 = DIRECTION('',(0.,-0.707106781187,0.707106781187));
#7703 = DIRECTION('',(0.,-0.707106781187,-0.707106781187));
#7704 = ADVANCED_FACE('',(#7705),#7716,.T.);
#7705 = FACE_BOUND('',#7706,.T.);
#7706 = EDGE_LOOP('',(#7707,#7708,#7709,#7710));
#7707 = ORIENTED_EDGE('',*,*,#7038,.T.);
#7708 = ORIENTED_EDGE('',*,*,#7694,.F.);
#7709 = ORIENTED_EDGE('',*,*,#5519,.F.);
#7710 = ORIENTED_EDGE('',*,*,#7711,.T.);
#7711 = EDGE_CURVE('',#5512,#7039,#7712,.T.);
#7712 = LINE('',#7713,#7714);
#7713 = CARTESIAN_POINT('',(290.,30.,30.));
#7714 = VECTOR('',#7715,1.);
#7715 = DIRECTION('',(-1.,-0.,-0.));
#7716 = PLANE('',#7717);
#7717 = AXIS2_PLACEMENT_3D('',#7718,#7719,#7720);
#7718 = CARTESIAN_POINT('',(290.,10.,30.));
#7719 = DIRECTION('',(0.,-1.7E-16,1.));
#7720 = DIRECTION('',(0.,-1.,-1.7E-16));
#7721 = ADVANCED_FACE('',(#7722),#7744,.T.);
#7722 = FACE_BOUND('',#7723,.T.);
#7723 = EDGE_LOOP('',(#7724,#7733,#7739,#7740,#7741,#7742,#7743));
#7724 = ORIENTED_EDGE('',*,*,#7725,.F.);
#7725 = EDGE_CURVE('',#7726,#842,#7728,.T.);
#7726 = VERTEX_POINT('',#7727);
#7727 = CARTESIAN_POINT('',(153.6,30.,24.8));
#7728 = CIRCLE('',#7729,5.);
#7729 = AXIS2_PLACEMENT_3D('',#7730,#7731,#7732);
#7730 = CARTESIAN_POINT('',(155.,30.,20.));
#7731 = DIRECTION('',(-0.,1.,1.7E-16));
#7732 = DIRECTION('',(0.,-1.7E-16,1.));
#7733 = ORIENTED_EDGE('',*,*,#7734,.T.);
#7734 = EDGE_CURVE('',#7726,#7047,#7735,.T.);
#7735 = LINE('',#7736,#7737);
#7736 = CARTESIAN_POINT('',(290.,30.,24.8));
#7737 = VECTOR('',#7738,1.);
#7738 = DIRECTION('',(-1.,0.,-0.));
#7739 = ORIENTED_EDGE('',*,*,#7046,.T.);
#7740 = ORIENTED_EDGE('',*,*,#7711,.F.);
#7741 = ORIENTED_EDGE('',*,*,#5511,.F.);
#7742 = ORIENTED_EDGE('',*,*,#3904,.T.);
#7743 = ORIENTED_EDGE('',*,*,#841,.F.);
#7744 = PLANE('',#7745);
#7745 = AXIS2_PLACEMENT_3D('',#7746,#7747,#7748);
#7746 = CARTESIAN_POINT('',(290.,30.,10.));
#7747 = DIRECTION('',(0.,1.,-0.));
#7748 = DIRECTION('',(0.,0.,1.));
#7749 = ADVANCED_FACE('',(#7750),#7769,.T.);
#7750 = FACE_BOUND('',#7751,.T.);
#7751 = EDGE_LOOP('',(#7752,#7761,#7767,#7768));
#7752 = ORIENTED_EDGE('',*,*,#7753,.F.);
#7753 = EDGE_CURVE('',#7754,#7726,#7756,.T.);
#7754 = VERTEX_POINT('',#7755);
#7755 = CARTESIAN_POINT('',(151.,28.2,23.));
#7756 = ( BOUNDED_CURVE() B_SPLINE_CURVE(3,(#7757,#7758,#7759,#7760),
.UNSPECIFIED.,.F.,.F.) B_SPLINE_CURVE_WITH_KNOTS((4,4),(5.355890089178,
5.999391197971),.PIECEWISE_BEZIER_KNOTS.) CURVE() 
GEOMETRIC_REPRESENTATION_ITEM() RATIONAL_B_SPLINE_CURVE((1.,
0.965788865367,0.965788865367,1.)) REPRESENTATION_ITEM('') );
#7757 = CARTESIAN_POINT('',(151.,28.2,23.));
#7758 = CARTESIAN_POINT('',(151.6548590015,29.073145335333,
    23.873145335333));
#7759 = CARTESIAN_POINT('',(152.5522255976,29.694399132634,
    24.494399132634));
#7760 = CARTESIAN_POINT('',(153.6,30.,24.8));
#7761 = ORIENTED_EDGE('',*,*,#7762,.T.);
#7762 = EDGE_CURVE('',#7754,#7055,#7763,.T.);
#7763 = LINE('',#7764,#7765);
#7764 = CARTESIAN_POINT('',(290.,28.2,23.));
#7765 = VECTOR('',#7766,1.);
#7766 = DIRECTION('',(-1.,0.,-0.));
#7767 = ORIENTED_EDGE('',*,*,#7054,.T.);
#7768 = ORIENTED_EDGE('',*,*,#7734,.F.);
#7769 = PLANE('',#7770);
#7770 = AXIS2_PLACEMENT_3D('',#7771,#7772,#7773);
#7771 = CARTESIAN_POINT('',(290.,30.,24.8));
#7772 = DIRECTION('',(0.,0.707106781187,-0.707106781187));
#7773 = DIRECTION('',(0.,0.707106781187,0.707106781187));
#7774 = ADVANCED_FACE('',(#7775),#7795,.T.);
#7775 = FACE_BOUND('',#7776,.T.);
#7776 = EDGE_LOOP('',(#7777,#7778,#7779,#7780,#7786,#7787,#7788));
#7777 = ORIENTED_EDGE('',*,*,#858,.F.);
#7778 = ORIENTED_EDGE('',*,*,#3920,.F.);
#7779 = ORIENTED_EDGE('',*,*,#5504,.F.);
#7780 = ORIENTED_EDGE('',*,*,#7781,.T.);
#7781 = EDGE_CURVE('',#5497,#7063,#7782,.T.);
#7782 = LINE('',#7783,#7784);
#7783 = CARTESIAN_POINT('',(290.,28.2,25.210050506339));
#7784 = VECTOR('',#7785,1.);
#7785 = DIRECTION('',(-1.,-0.,-0.));
#7786 = ORIENTED_EDGE('',*,*,#7062,.T.);
#7787 = ORIENTED_EDGE('',*,*,#7762,.F.);
#7788 = ORIENTED_EDGE('',*,*,#7789,.F.);
#7789 = EDGE_CURVE('',#851,#7754,#7790,.T.);
#7790 = CIRCLE('',#7791,5.);
#7791 = AXIS2_PLACEMENT_3D('',#7792,#7793,#7794);
#7792 = CARTESIAN_POINT('',(155.,28.2,20.));
#7793 = DIRECTION('',(0.,-1.,0.));
#7794 = DIRECTION('',(0.,-0.,-1.));
#7795 = PLANE('',#7796);
#7796 = AXIS2_PLACEMENT_3D('',#7797,#7798,#7799);
#7797 = CARTESIAN_POINT('',(290.,28.2,23.));
#7798 = DIRECTION('',(0.,-1.,0.));
#7799 = DIRECTION('',(0.,-0.,-1.));
#7800 = ADVANCED_FACE('',(#7801),#7812,.T.);
#7801 = FACE_BOUND('',#7802,.T.);
#7802 = EDGE_LOOP('',(#7803,#7804,#7810,#7811));
#7803 = ORIENTED_EDGE('',*,*,#5496,.F.);
#7804 = ORIENTED_EDGE('',*,*,#7805,.T.);
#7805 = EDGE_CURVE('',#5489,#7071,#7806,.T.);
#7806 = LINE('',#7807,#7808);
#7807 = CARTESIAN_POINT('',(290.,26.2,25.210050506339));
#7808 = VECTOR('',#7809,1.);
#7809 = DIRECTION('',(-1.,0.,-0.));
#7810 = ORIENTED_EDGE('',*,*,#7070,.T.);
#7811 = ORIENTED_EDGE('',*,*,#7781,.F.);
#7812 = PLANE('',#7813);
#7813 = AXIS2_PLACEMENT_3D('',#7814,#7815,#7816);
#7814 = CARTESIAN_POINT('',(290.,28.2,25.210050506339));
#7815 = DIRECTION('',(0.,-0.,-1.));
#7816 = DIRECTION('',(0.,1.,0.));
#7817 = ADVANCED_FACE('',(#7818,#7836),#7847,.T.);
#7818 = FACE_BOUND('',#7819,.T.);
#7819 = EDGE_LOOP('',(#7820,#7828,#7829));
#7820 = ORIENTED_EDGE('',*,*,#7821,.F.);
#7821 = EDGE_CURVE('',#631,#7822,#7824,.T.);
#7822 = VERTEX_POINT('',#7823);
#7823 = CARTESIAN_POINT('',(151.54058742823,24.6,23.610050506339));
#7824 = LINE('',#7825,#7826);
#7825 = CARTESIAN_POINT('',(290.,24.6,23.610050506339));
#7826 = VECTOR('',#7827,1.);
#7827 = DIRECTION('',(-1.,0.,0.));
#7828 = ORIENTED_EDGE('',*,*,#628,.F.);
#7829 = ORIENTED_EDGE('',*,*,#7830,.F.);
#7830 = EDGE_CURVE('',#7822,#629,#7831,.T.);
#7831 = ( BOUNDED_CURVE() B_SPLINE_CURVE(3,(#7832,#7833,#7834,#7835),
.UNSPECIFIED.,.F.,.F.) B_SPLINE_CURVE_WITH_KNOTS((4,4),(5.519092176495,
6.28318530718),.PIECEWISE_BEZIER_KNOTS.) CURVE() 
GEOMETRIC_REPRESENTATION_ITEM() RATIONAL_B_SPLINE_CURVE((1.,
0.951935718871,0.951935718871,1.)) REPRESENTATION_ITEM('') );
#7832 = CARTESIAN_POINT('',(151.54058742823,24.6,23.610050506339));
#7833 = CARTESIAN_POINT('',(152.48315806384,25.503239636365,
    24.513290142704));
#7834 = CARTESIAN_POINT('',(153.69451876926,25.989949493661,25.));
#7835 = CARTESIAN_POINT('',(155.,25.989949493661,25.));
#7836 = FACE_BOUND('',#7837,.T.);
#7837 = EDGE_LOOP('',(#7838,#7839,#7845,#7846));
#7838 = ORIENTED_EDGE('',*,*,#5488,.F.);
#7839 = ORIENTED_EDGE('',*,*,#7840,.T.);
#7840 = EDGE_CURVE('',#5481,#7079,#7841,.T.);
#7841 = LINE('',#7842,#7843);
#7842 = CARTESIAN_POINT('',(290.,24.,23.010050506339));
#7843 = VECTOR('',#7844,1.);
#7844 = DIRECTION('',(-1.,0.,-0.));
#7845 = ORIENTED_EDGE('',*,*,#7078,.T.);
#7846 = ORIENTED_EDGE('',*,*,#7805,.F.);
#7847 = PLANE('',#7848);
#7848 = AXIS2_PLACEMENT_3D('',#7849,#7850,#7851);
#7849 = CARTESIAN_POINT('',(290.,26.2,25.210050506339));
#7850 = DIRECTION('',(0.,0.707106781187,-0.707106781187));
#7851 = DIRECTION('',(0.,0.707106781187,0.707106781187));
#7852 = ADVANCED_FACE('',(#7853),#7880,.T.);
#7853 = FACE_BOUND('',#7854,.T.);
#7854 = EDGE_LOOP('',(#7855,#7856,#7862,#7863,#7864,#7865,#7873));
#7855 = ORIENTED_EDGE('',*,*,#771,.F.);
#7856 = ORIENTED_EDGE('',*,*,#7857,.T.);
#7857 = EDGE_CURVE('',#772,#7087,#7858,.T.);
#7858 = LINE('',#7859,#7860);
#7859 = CARTESIAN_POINT('',(290.,24.,20.5));
#7860 = VECTOR('',#7861,1.);
#7861 = DIRECTION('',(-1.,0.,-0.));
#7862 = ORIENTED_EDGE('',*,*,#7086,.T.);
#7863 = ORIENTED_EDGE('',*,*,#7840,.F.);
#7864 = ORIENTED_EDGE('',*,*,#5480,.F.);
#7865 = ORIENTED_EDGE('',*,*,#7866,.T.);
#7866 = EDGE_CURVE('',#5473,#7867,#7869,.T.);
#7867 = VERTEX_POINT('',#7868);
#7868 = CARTESIAN_POINT('',(157.60240273593,24.,20.5));
#7869 = LINE('',#7870,#7871);
#7870 = CARTESIAN_POINT('',(290.,24.,20.5));
#7871 = VECTOR('',#7872,1.);
#7872 = DIRECTION('',(-1.,0.,-0.));
#7873 = ORIENTED_EDGE('',*,*,#7874,.F.);
#7874 = EDGE_CURVE('',#764,#7867,#7875,.T.);
#7875 = CIRCLE('',#7876,2.65);
#7876 = AXIS2_PLACEMENT_3D('',#7877,#7878,#7879);
#7877 = CARTESIAN_POINT('',(155.,24.,20.));
#7878 = DIRECTION('',(0.,1.,-0.));
#7879 = DIRECTION('',(0.,0.,1.));
#7880 = PLANE('',#7881);
#7881 = AXIS2_PLACEMENT_3D('',#7882,#7883,#7884);
#7882 = CARTESIAN_POINT('',(290.,24.,23.010050506339));
#7883 = DIRECTION('',(0.,1.,-0.));
#7884 = DIRECTION('',(0.,0.,1.));
#7885 = ADVANCED_FACE('',(#7886),#7918,.T.);
#7886 = FACE_BOUND('',#7887,.T.);
#7887 = EDGE_LOOP('',(#7888,#7897,#7903,#7904,#7910,#7911,#7917));
#7888 = ORIENTED_EDGE('',*,*,#7889,.F.);
#7889 = EDGE_CURVE('',#7890,#799,#7892,.T.);
#7890 = VERTEX_POINT('',#7891);
#7891 = CARTESIAN_POINT('',(157.60240273593,24.,19.5));
#7892 = CIRCLE('',#7893,2.65);
#7893 = AXIS2_PLACEMENT_3D('',#7894,#7895,#7896);
#7894 = CARTESIAN_POINT('',(155.,24.,20.));
#7895 = DIRECTION('',(0.,1.,-0.));
#7896 = DIRECTION('',(0.,0.,1.));
#7897 = ORIENTED_EDGE('',*,*,#7898,.T.);
#7898 = EDGE_CURVE('',#7890,#5457,#7899,.T.);
#7899 = LINE('',#7900,#7901);
#7900 = CARTESIAN_POINT('',(290.,24.,19.5));
#7901 = VECTOR('',#7902,1.);
#7902 = DIRECTION('',(1.,-0.,0.));
#7903 = ORIENTED_EDGE('',*,*,#5456,.F.);
#7904 = ORIENTED_EDGE('',*,*,#7905,.T.);
#7905 = EDGE_CURVE('',#5449,#7111,#7906,.T.);
#7906 = LINE('',#7907,#7908);
#7907 = CARTESIAN_POINT('',(290.,24.,16.989949493661));
#7908 = VECTOR('',#7909,1.);
#7909 = DIRECTION('',(-1.,0.,-0.));
#7910 = ORIENTED_EDGE('',*,*,#7110,.T.);
#7911 = ORIENTED_EDGE('',*,*,#7912,.T.);
#7912 = EDGE_CURVE('',#7103,#790,#7913,.T.);
#7913 = LINE('',#7914,#7915);
#7914 = CARTESIAN_POINT('',(290.,24.,19.5));
#7915 = VECTOR('',#7916,1.);
#7916 = DIRECTION('',(1.,-0.,0.));
#7917 = ORIENTED_EDGE('',*,*,#798,.F.);
#7918 = PLANE('',#7919);
#7919 = AXIS2_PLACEMENT_3D('',#7920,#7921,#7922);
#7920 = CARTESIAN_POINT('',(290.,24.,23.010050506339));
#7921 = DIRECTION('',(0.,1.,-0.));
#7922 = DIRECTION('',(0.,0.,1.));
#7923 = ADVANCED_FACE('',(#7924,#7943),#7954,.T.);
#7924 = FACE_BOUND('',#7925,.T.);
#7925 = EDGE_LOOP('',(#7926,#7937));
#7926 = ORIENTED_EDGE('',*,*,#7927,.F.);
#7927 = EDGE_CURVE('',#7928,#7930,#7932,.T.);
#7928 = VERTEX_POINT('',#7929);
#7929 = CARTESIAN_POINT('',(158.45941257176,24.6,16.389949493661));
#7930 = VERTEX_POINT('',#7931);
#7931 = CARTESIAN_POINT('',(151.54058742823,24.6,16.389949493661));
#7932 = ( BOUNDED_CURVE() B_SPLINE_CURVE(3,(#7933,#7934,#7935,#7936),
.UNSPECIFIED.,.F.,.F.) B_SPLINE_CURVE_WITH_KNOTS((4,4),(5.519092176495,
7.047278437864),.PIECEWISE_BEZIER_KNOTS.) CURVE() 
GEOMETRIC_REPRESENTATION_ITEM() RATIONAL_B_SPLINE_CURVE((1.,
0.814673400845,0.814673400845,1.)) REPRESENTATION_ITEM('') );
#7933 = CARTESIAN_POINT('',(158.45941257176,24.6,16.389949493661));
#7934 = CARTESIAN_POINT('',(156.41545989193,26.558663897994,
    14.431285595668));
#7935 = CARTESIAN_POINT('',(153.58454010806,26.558663897994,
    14.431285595668));
#7936 = CARTESIAN_POINT('',(151.54058742823,24.6,16.389949493661));
#7937 = ORIENTED_EDGE('',*,*,#7938,.F.);
#7938 = EDGE_CURVE('',#7930,#7928,#7939,.T.);
#7939 = LINE('',#7940,#7941);
#7940 = CARTESIAN_POINT('',(290.,24.6,16.389949493661));
#7941 = VECTOR('',#7942,1.);
#7942 = DIRECTION('',(1.,0.,0.));
#7943 = FACE_BOUND('',#7944,.T.);
#7944 = EDGE_LOOP('',(#7945,#7946,#7952,#7953));
#7945 = ORIENTED_EDGE('',*,*,#5448,.F.);
#7946 = ORIENTED_EDGE('',*,*,#7947,.T.);
#7947 = EDGE_CURVE('',#5441,#7119,#7948,.T.);
#7948 = LINE('',#7949,#7950);
#7949 = CARTESIAN_POINT('',(290.,26.2,14.789949493661));
#7950 = VECTOR('',#7951,1.);
#7951 = DIRECTION('',(-1.,-0.,0.));
#7952 = ORIENTED_EDGE('',*,*,#7118,.T.);
#7953 = ORIENTED_EDGE('',*,*,#7905,.F.);
#7954 = PLANE('',#7955);
#7955 = AXIS2_PLACEMENT_3D('',#7956,#7957,#7958);
#7956 = CARTESIAN_POINT('',(290.,26.2,14.789949493661));
#7957 = DIRECTION('',(0.,0.707106781187,0.707106781187));
#7958 = DIRECTION('',(0.,-0.707106781187,0.707106781187));
#7959 = ADVANCED_FACE('',(#7960),#7971,.T.);
#7960 = FACE_BOUND('',#7961,.T.);
#7961 = EDGE_LOOP('',(#7962,#7963,#7969,#7970));
#7962 = ORIENTED_EDGE('',*,*,#5440,.F.);
#7963 = ORIENTED_EDGE('',*,*,#7964,.T.);
#7964 = EDGE_CURVE('',#5433,#7127,#7965,.T.);
#7965 = LINE('',#7966,#7967);
#7966 = CARTESIAN_POINT('',(290.,28.2,14.789949493661));
#7967 = VECTOR('',#7968,1.);
#7968 = DIRECTION('',(-1.,-0.,0.));
#7969 = ORIENTED_EDGE('',*,*,#7126,.T.);
#7970 = ORIENTED_EDGE('',*,*,#7947,.F.);
#7971 = PLANE('',#7972);
#7972 = AXIS2_PLACEMENT_3D('',#7973,#7974,#7975);
#7973 = CARTESIAN_POINT('',(290.,28.2,14.789949493661));
#7974 = DIRECTION('',(0.,0.,1.));
#7975 = DIRECTION('',(0.,-1.,0.));
#7976 = ADVANCED_FACE('',(#7977),#7998,.T.);
#7977 = FACE_BOUND('',#7978,.T.);
#7978 = EDGE_LOOP('',(#7979,#7988,#7989,#7990,#7991,#7992));
#7979 = ORIENTED_EDGE('',*,*,#7980,.F.);
#7980 = EDGE_CURVE('',#3872,#7981,#7983,.T.);
#7981 = VERTEX_POINT('',#7982);
#7982 = CARTESIAN_POINT('',(159.,28.2,17.));
#7983 = CIRCLE('',#7984,5.);
#7984 = AXIS2_PLACEMENT_3D('',#7985,#7986,#7987);
#7985 = CARTESIAN_POINT('',(155.,28.2,20.));
#7986 = DIRECTION('',(0.,-1.,0.));
#7987 = DIRECTION('',(0.,-0.,-1.));
#7988 = ORIENTED_EDGE('',*,*,#3889,.T.);
#7989 = ORIENTED_EDGE('',*,*,#7134,.T.);
#7990 = ORIENTED_EDGE('',*,*,#7964,.F.);
#7991 = ORIENTED_EDGE('',*,*,#5432,.F.);
#7992 = ORIENTED_EDGE('',*,*,#7993,.T.);
#7993 = EDGE_CURVE('',#5425,#7981,#7994,.T.);
#7994 = LINE('',#7995,#7996);
#7995 = CARTESIAN_POINT('',(290.,28.2,17.));
#7996 = VECTOR('',#7997,1.);
#7997 = DIRECTION('',(-1.,-0.,-0.));
#7998 = PLANE('',#7999);
#7999 = AXIS2_PLACEMENT_3D('',#8000,#8001,#8002);
#8000 = CARTESIAN_POINT('',(290.,28.2,17.));
#8001 = DIRECTION('',(0.,-1.,0.));
#8002 = DIRECTION('',(0.,-0.,-1.));
#8003 = ADVANCED_FACE('',(#8004),#8016,.T.);
#8004 = FACE_BOUND('',#8005,.T.);
#8005 = EDGE_LOOP('',(#8006,#8013,#8014,#8015));
#8006 = ORIENTED_EDGE('',*,*,#8007,.F.);
#8007 = EDGE_CURVE('',#7981,#3560,#8008,.T.);
#8008 = ( BOUNDED_CURVE() B_SPLINE_CURVE(3,(#8009,#8010,#8011,#8012),
.UNSPECIFIED.,.F.,.F.) B_SPLINE_CURVE_WITH_KNOTS((4,4),(5.355890089178,
5.999391197971),.PIECEWISE_BEZIER_KNOTS.) CURVE() 
GEOMETRIC_REPRESENTATION_ITEM() RATIONAL_B_SPLINE_CURVE((1.,
0.965788865367,0.965788865367,1.)) REPRESENTATION_ITEM('') );
#8009 = CARTESIAN_POINT('',(159.,28.2,17.));
#8010 = CARTESIAN_POINT('',(158.3451409985,29.073145335333,
    16.126854664667));
#8011 = CARTESIAN_POINT('',(157.44777440239,29.694399132634,
    15.505600867367));
#8012 = CARTESIAN_POINT('',(156.4,30.,15.2));
#8013 = ORIENTED_EDGE('',*,*,#7993,.F.);
#8014 = ORIENTED_EDGE('',*,*,#5424,.F.);
#8015 = ORIENTED_EDGE('',*,*,#3568,.T.);
#8016 = PLANE('',#8017);
#8017 = AXIS2_PLACEMENT_3D('',#8018,#8019,#8020);
#8018 = CARTESIAN_POINT('',(290.,30.,15.2));
#8019 = DIRECTION('',(0.,0.707106781187,0.707106781187));
#8020 = DIRECTION('',(0.,-0.707106781187,0.707106781187));
#8021 = ADVANCED_FACE('',(#8022),#8038,.F.);
#8022 = FACE_BOUND('',#8023,.T.);
#8023 = EDGE_LOOP('',(#8024,#8030,#8031,#8037));
#8024 = ORIENTED_EDGE('',*,*,#8025,.F.);
#8025 = EDGE_CURVE('',#392,#5400,#8026,.T.);
#8026 = LINE('',#8027,#8028);
#8027 = CARTESIAN_POINT('',(290.,28.541421356237,3.341421356237));
#8028 = VECTOR('',#8029,1.);
#8029 = DIRECTION('',(1.,0.,0.));
#8030 = ORIENTED_EDGE('',*,*,#408,.T.);
#8031 = ORIENTED_EDGE('',*,*,#8032,.F.);
#8032 = EDGE_CURVE('',#5409,#409,#8033,.T.);
#8033 = LINE('',#8034,#8035);
#8034 = CARTESIAN_POINT('',(290.,29.941421356237,4.741421356237));
#8035 = VECTOR('',#8036,1.);
#8036 = DIRECTION('',(-1.,-0.,-0.));
#8037 = ORIENTED_EDGE('',*,*,#5408,.F.);
#8038 = PLANE('',#8039);
#8039 = AXIS2_PLACEMENT_3D('',#8040,#8041,#8042);
#8040 = CARTESIAN_POINT('',(290.,30.,4.8));
#8041 = DIRECTION('',(0.,-0.707106781187,0.707106781187));
#8042 = DIRECTION('',(0.,-0.707106781187,-0.707106781187));
#8043 = ADVANCED_FACE('',(#8044),#8060,.F.);
#8044 = FACE_BOUND('',#8045,.T.);
#8045 = EDGE_LOOP('',(#8046,#8052,#8053,#8059));
#8046 = ORIENTED_EDGE('',*,*,#8047,.F.);
#8047 = EDGE_CURVE('',#5384,#7146,#8048,.T.);
#8048 = LINE('',#8049,#8050);
#8049 = CARTESIAN_POINT('',(290.,28.2,5.210050506339));
#8050 = VECTOR('',#8051,1.);
#8051 = DIRECTION('',(-1.,-0.,-0.));
#8052 = ORIENTED_EDGE('',*,*,#5383,.F.);
#8053 = ORIENTED_EDGE('',*,*,#8054,.F.);
#8054 = EDGE_CURVE('',#7154,#5376,#8055,.T.);
#8055 = LINE('',#8056,#8057);
#8056 = CARTESIAN_POINT('',(290.,26.2,5.210050506339));
#8057 = VECTOR('',#8058,1.);
#8058 = DIRECTION('',(1.,0.,0.));
#8059 = ORIENTED_EDGE('',*,*,#7153,.T.);
#8060 = PLANE('',#8061);
#8061 = AXIS2_PLACEMENT_3D('',#8062,#8063,#8064);
#8062 = CARTESIAN_POINT('',(290.,28.2,5.210050506339));
#8063 = DIRECTION('',(0.,-1.7E-16,1.));
#8064 = DIRECTION('',(0.,-1.,-1.7E-16));
#8065 = ADVANCED_FACE('',(#8066,#8084),#8095,.F.);
#8066 = FACE_BOUND('',#8067,.T.);
#8067 = EDGE_LOOP('',(#8068,#8076,#8077));
#8068 = ORIENTED_EDGE('',*,*,#8069,.T.);
#8069 = EDGE_CURVE('',#8070,#358,#8072,.T.);
#8070 = VERTEX_POINT('',#8071);
#8071 = CARTESIAN_POINT('',(131.54058742823,24.6,3.610050506339));
#8072 = LINE('',#8073,#8074);
#8073 = CARTESIAN_POINT('',(290.,24.6,3.610050506339));
#8074 = VECTOR('',#8075,1.);
#8075 = DIRECTION('',(1.,0.,0.));
#8076 = ORIENTED_EDGE('',*,*,#357,.T.);
#8077 = ORIENTED_EDGE('',*,*,#8078,.T.);
#8078 = EDGE_CURVE('',#360,#8070,#8079,.T.);
#8079 = ( BOUNDED_CURVE() B_SPLINE_CURVE(3,(#8080,#8081,#8082,#8083),
.UNSPECIFIED.,.F.,.F.) B_SPLINE_CURVE_WITH_KNOTS((4,4),(0.,
0.764093130684),.PIECEWISE_BEZIER_KNOTS.) CURVE() 
GEOMETRIC_REPRESENTATION_ITEM() RATIONAL_B_SPLINE_CURVE((1.,
0.951935718871,0.951935718871,1.)) REPRESENTATION_ITEM('') );
#8080 = CARTESIAN_POINT('',(135.,25.989949493661,5.));
#8081 = CARTESIAN_POINT('',(133.69451876926,25.989949493661,5.));
#8082 = CARTESIAN_POINT('',(132.48315806384,25.503239636365,
    4.513290142704));
#8083 = CARTESIAN_POINT('',(131.54058742823,24.6,3.610050506339));
#8084 = FACE_BOUND('',#8085,.T.);
#8085 = EDGE_LOOP('',(#8086,#8087,#8088,#8094));
#8086 = ORIENTED_EDGE('',*,*,#8054,.T.);
#8087 = ORIENTED_EDGE('',*,*,#5375,.F.);
#8088 = ORIENTED_EDGE('',*,*,#8089,.F.);
#8089 = EDGE_CURVE('',#7162,#5368,#8090,.T.);
#8090 = LINE('',#8091,#8092);
#8091 = CARTESIAN_POINT('',(290.,24.,3.010050506339));
#8092 = VECTOR('',#8093,1.);
#8093 = DIRECTION('',(1.,0.,0.));
#8094 = ORIENTED_EDGE('',*,*,#7161,.T.);
#8095 = PLANE('',#8096);
#8096 = AXIS2_PLACEMENT_3D('',#8097,#8098,#8099);
#8097 = CARTESIAN_POINT('',(290.,26.2,5.210050506339));
#8098 = DIRECTION('',(0.,-0.707106781187,0.707106781187));
#8099 = DIRECTION('',(0.,-0.707106781187,-0.707106781187));
#8100 = ADVANCED_FACE('',(#8101),#8128,.F.);
#8101 = FACE_BOUND('',#8102,.T.);
#8102 = EDGE_LOOP('',(#8103,#8111,#8118,#8119,#8125,#8126,#8127));
#8103 = ORIENTED_EDGE('',*,*,#8104,.F.);
#8104 = EDGE_CURVE('',#8105,#5360,#8107,.T.);
#8105 = VERTEX_POINT('',#8106);
#8106 = CARTESIAN_POINT('',(137.60240273593,24.,0.5));
#8107 = LINE('',#8108,#8109);
#8108 = CARTESIAN_POINT('',(290.,24.,0.5));
#8109 = VECTOR('',#8110,1.);
#8110 = DIRECTION('',(1.,-0.,0.));
#8111 = ORIENTED_EDGE('',*,*,#8112,.T.);
#8112 = EDGE_CURVE('',#8105,#291,#8113,.T.);
#8113 = CIRCLE('',#8114,2.65);
#8114 = AXIS2_PLACEMENT_3D('',#8115,#8116,#8117);
#8115 = CARTESIAN_POINT('',(135.,24.,-2.398E-14));
#8116 = DIRECTION('',(0.,-1.,-1.7E-16));
#8117 = DIRECTION('',(0.,1.7E-16,-1.));
#8118 = ORIENTED_EDGE('',*,*,#298,.T.);
#8119 = ORIENTED_EDGE('',*,*,#8120,.F.);
#8120 = EDGE_CURVE('',#7170,#299,#8121,.T.);
#8121 = LINE('',#8122,#8123);
#8122 = CARTESIAN_POINT('',(290.,24.,0.5));
#8123 = VECTOR('',#8124,1.);
#8124 = DIRECTION('',(1.,-0.,0.));
#8125 = ORIENTED_EDGE('',*,*,#7169,.T.);
#8126 = ORIENTED_EDGE('',*,*,#8089,.T.);
#8127 = ORIENTED_EDGE('',*,*,#5367,.F.);
#8128 = PLANE('',#8129);
#8129 = AXIS2_PLACEMENT_3D('',#8130,#8131,#8132);
#8130 = CARTESIAN_POINT('',(290.,24.,-3.010050506339));
#8131 = DIRECTION('',(0.,-1.,-1.7E-16));
#8132 = DIRECTION('',(0.,1.7E-16,-1.));
#8133 = ADVANCED_FACE('',(#8134),#8166,.F.);
#8134 = FACE_BOUND('',#8135,.T.);
#8135 = EDGE_LOOP('',(#8136,#8142,#8143,#8152,#8158,#8159,#8165));
#8136 = ORIENTED_EDGE('',*,*,#8137,.F.);
#8137 = EDGE_CURVE('',#317,#7186,#8138,.T.);
#8138 = LINE('',#8139,#8140);
#8139 = CARTESIAN_POINT('',(290.,24.,-0.5));
#8140 = VECTOR('',#8141,1.);
#8141 = DIRECTION('',(-1.,0.,-0.));
#8142 = ORIENTED_EDGE('',*,*,#325,.T.);
#8143 = ORIENTED_EDGE('',*,*,#8144,.T.);
#8144 = EDGE_CURVE('',#326,#8145,#8147,.T.);
#8145 = VERTEX_POINT('',#8146);
#8146 = CARTESIAN_POINT('',(137.60240273593,24.,-0.5));
#8147 = CIRCLE('',#8148,2.65);
#8148 = AXIS2_PLACEMENT_3D('',#8149,#8150,#8151);
#8149 = CARTESIAN_POINT('',(135.,24.,-2.398E-14));
#8150 = DIRECTION('',(0.,-1.,-1.7E-16));
#8151 = DIRECTION('',(0.,1.7E-16,-1.));
#8152 = ORIENTED_EDGE('',*,*,#8153,.F.);
#8153 = EDGE_CURVE('',#5344,#8145,#8154,.T.);
#8154 = LINE('',#8155,#8156);
#8155 = CARTESIAN_POINT('',(290.,24.,-0.5));
#8156 = VECTOR('',#8157,1.);
#8157 = DIRECTION('',(-1.,0.,-0.));
#8158 = ORIENTED_EDGE('',*,*,#5343,.F.);
#8159 = ORIENTED_EDGE('',*,*,#8160,.F.);
#8160 = EDGE_CURVE('',#7194,#5336,#8161,.T.);
#8161 = LINE('',#8162,#8163);
#8162 = CARTESIAN_POINT('',(290.,24.,-3.010050506339));
#8163 = VECTOR('',#8164,1.);
#8164 = DIRECTION('',(1.,-0.,0.));
#8165 = ORIENTED_EDGE('',*,*,#7193,.T.);
#8166 = PLANE('',#8167);
#8167 = AXIS2_PLACEMENT_3D('',#8168,#8169,#8170);
#8168 = CARTESIAN_POINT('',(290.,24.,-3.010050506339));
#8169 = DIRECTION('',(0.,-1.,-1.7E-16));
#8170 = DIRECTION('',(0.,1.7E-16,-1.));
#8171 = ADVANCED_FACE('',(#8172,#8191),#8202,.F.);
#8172 = FACE_BOUND('',#8173,.T.);
#8173 = EDGE_LOOP('',(#8174,#8185));
#8174 = ORIENTED_EDGE('',*,*,#8175,.T.);
#8175 = EDGE_CURVE('',#8176,#8178,#8180,.T.);
#8176 = VERTEX_POINT('',#8177);
#8177 = CARTESIAN_POINT('',(131.54058742823,24.6,-3.610050506339));
#8178 = VERTEX_POINT('',#8179);
#8179 = CARTESIAN_POINT('',(138.45941257176,24.6,-3.610050506339));
#8180 = ( BOUNDED_CURVE() B_SPLINE_CURVE(3,(#8181,#8182,#8183,#8184),
.UNSPECIFIED.,.F.,.F.) B_SPLINE_CURVE_WITH_KNOTS((4,4),(5.519092176495,
7.047278437864),.PIECEWISE_BEZIER_KNOTS.) CURVE() 
GEOMETRIC_REPRESENTATION_ITEM() RATIONAL_B_SPLINE_CURVE((1.,
0.814673400845,0.814673400845,1.)) REPRESENTATION_ITEM('') );
#8181 = CARTESIAN_POINT('',(131.54058742823,24.6,-3.610050506339));
#8182 = CARTESIAN_POINT('',(133.58454010806,26.558663897994,
    -5.568714404332));
#8183 = CARTESIAN_POINT('',(136.41545989193,26.558663897994,
    -5.568714404332));
#8184 = CARTESIAN_POINT('',(138.45941257176,24.6,-3.610050506339));
#8185 = ORIENTED_EDGE('',*,*,#8186,.T.);
#8186 = EDGE_CURVE('',#8178,#8176,#8187,.T.);
#8187 = LINE('',#8188,#8189);
#8188 = CARTESIAN_POINT('',(290.,24.6,-3.610050506339));
#8189 = VECTOR('',#8190,1.);
#8190 = DIRECTION('',(-1.,0.,0.));
#8191 = FACE_BOUND('',#8192,.T.);
#8192 = EDGE_LOOP('',(#8193,#8194,#8195,#8201));
#8193 = ORIENTED_EDGE('',*,*,#8160,.T.);
#8194 = ORIENTED_EDGE('',*,*,#5335,.F.);
#8195 = ORIENTED_EDGE('',*,*,#8196,.F.);
#8196 = EDGE_CURVE('',#7202,#5328,#8197,.T.);
#8197 = LINE('',#8198,#8199);
#8198 = CARTESIAN_POINT('',(290.,26.2,-5.210050506339));
#8199 = VECTOR('',#8200,1.);
#8200 = DIRECTION('',(1.,-0.,0.));
#8201 = ORIENTED_EDGE('',*,*,#7201,.T.);
#8202 = PLANE('',#8203);
#8203 = AXIS2_PLACEMENT_3D('',#8204,#8205,#8206);
#8204 = CARTESIAN_POINT('',(290.,26.2,-5.210050506339));
#8205 = DIRECTION('',(0.,-0.707106781187,-0.707106781187));
#8206 = DIRECTION('',(0.,0.707106781187,-0.707106781187));
#8207 = ADVANCED_FACE('',(#8208),#8219,.F.);
#8208 = FACE_BOUND('',#8209,.T.);
#8209 = EDGE_LOOP('',(#8210,#8211,#8212,#8218));
#8210 = ORIENTED_EDGE('',*,*,#8196,.T.);
#8211 = ORIENTED_EDGE('',*,*,#5327,.F.);
#8212 = ORIENTED_EDGE('',*,*,#8213,.F.);
#8213 = EDGE_CURVE('',#7210,#5320,#8214,.T.);
#8214 = LINE('',#8215,#8216);
#8215 = CARTESIAN_POINT('',(290.,28.2,-5.210050506339));
#8216 = VECTOR('',#8217,1.);
#8217 = DIRECTION('',(1.,-0.,0.));
#8218 = ORIENTED_EDGE('',*,*,#7209,.T.);
#8219 = PLANE('',#8220);
#8220 = AXIS2_PLACEMENT_3D('',#8221,#8222,#8223);
#8221 = CARTESIAN_POINT('',(290.,28.2,-5.210050506339));
#8222 = DIRECTION('',(0.,1.7E-16,-1.));
#8223 = DIRECTION('',(0.,1.,1.7E-16));
#8224 = ADVANCED_FACE('',(#8225),#8237,.F.);
#8225 = FACE_BOUND('',#8226,.T.);
#8226 = EDGE_LOOP('',(#8227,#8228,#8235,#8236));
#8227 = ORIENTED_EDGE('',*,*,#3666,.F.);
#8228 = ORIENTED_EDGE('',*,*,#8229,.T.);
#8229 = EDGE_CURVE('',#3658,#3690,#8230,.T.);
#8230 = ( BOUNDED_CURVE() B_SPLINE_CURVE(3,(#8231,#8232,#8233,#8234),
.UNSPECIFIED.,.F.,.F.) B_SPLINE_CURVE_WITH_KNOTS((4,4),(5.444288993062,
5.960175298243),.PIECEWISE_BEZIER_KNOTS.) CURVE() 
GEOMETRIC_REPRESENTATION_ITEM() RATIONAL_B_SPLINE_CURVE((1.,
0.977944472676,0.977944472676,1.)) REPRESENTATION_ITEM('') );
#8231 = CARTESIAN_POINT('',(131.28047001355,28.541421356237,
    -3.341421356237));
#8232 = CARTESIAN_POINT('',(131.86153288482,29.188236152485,
    -3.988236152485));
#8233 = CARTESIAN_POINT('',(132.58836975341,29.665427526541,
    -4.465427526541));
#8234 = CARTESIAN_POINT('',(133.41288830808,29.941421356237,
    -4.741421356237));
#8235 = ORIENTED_EDGE('',*,*,#3710,.F.);
#8236 = ORIENTED_EDGE('',*,*,#7225,.T.);
#8237 = PLANE('',#8238);
#8238 = AXIS2_PLACEMENT_3D('',#8239,#8240,#8241);
#8239 = CARTESIAN_POINT('',(290.,30.,-4.8));
#8240 = DIRECTION('',(0.,-0.707106781187,-0.707106781187));
#8241 = DIRECTION('',(0.,0.707106781187,-0.707106781187));
#8242 = ADVANCED_FACE('',(#8243),#8268,.F.);
#8243 = FACE_BOUND('',#8244,.T.);
#8244 = EDGE_LOOP('',(#8245,#8251,#8252,#8259,#8260,#8261,#8267));
#8245 = ORIENTED_EDGE('',*,*,#8246,.F.);
#8246 = EDGE_CURVE('',#1278,#5279,#8247,.T.);
#8247 = LINE('',#8248,#8249);
#8248 = CARTESIAN_POINT('',(290.,24.882842712475,-10.));
#8249 = VECTOR('',#8250,1.);
#8250 = DIRECTION('',(1.,0.,-0.));
#8251 = ORIENTED_EDGE('',*,*,#1288,.F.);
#8252 = ORIENTED_EDGE('',*,*,#8253,.F.);
#8253 = EDGE_CURVE('',#4212,#1289,#8254,.T.);
#8254 = CIRCLE('',#8255,5.);
#8255 = AXIS2_PLACEMENT_3D('',#8256,#8257,#8258);
#8256 = CARTESIAN_POINT('',(145.,20.,-10.));
#8257 = DIRECTION('',(-0.,1.7E-16,-1.));
#8258 = DIRECTION('',(0.,1.,1.7E-16));
#8259 = ORIENTED_EDGE('',*,*,#4232,.F.);
#8260 = ORIENTED_EDGE('',*,*,#7242,.T.);
#8261 = ORIENTED_EDGE('',*,*,#8262,.F.);
#8262 = EDGE_CURVE('',#5288,#7234,#8263,.T.);
#8263 = LINE('',#8264,#8265);
#8264 = CARTESIAN_POINT('',(290.,29.8,-10.));
#8265 = VECTOR('',#8266,1.);
#8266 = DIRECTION('',(-1.,-0.,0.));
#8267 = ORIENTED_EDGE('',*,*,#5287,.F.);
#8268 = PLANE('',#8269);
#8269 = AXIS2_PLACEMENT_3D('',#8270,#8271,#8272);
#8270 = CARTESIAN_POINT('',(290.,10.,-10.));
#8271 = DIRECTION('',(0.,-0.,1.));
#8272 = DIRECTION('',(1.,0.,0.));
#8273 = ADVANCED_FACE('',(#8274),#8290,.F.);
#8274 = FACE_BOUND('',#8275,.T.);
#8275 = EDGE_LOOP('',(#8276,#8282,#8283,#8289));
#8276 = ORIENTED_EDGE('',*,*,#8277,.F.);
#8277 = EDGE_CURVE('',#1252,#5262,#8278,.T.);
#8278 = LINE('',#8279,#8280);
#8279 = CARTESIAN_POINT('',(290.,23.341421356237,-8.541421356237));
#8280 = VECTOR('',#8281,1.);
#8281 = DIRECTION('',(1.,0.,-0.));
#8282 = ORIENTED_EDGE('',*,*,#1268,.T.);
#8283 = ORIENTED_EDGE('',*,*,#8284,.F.);
#8284 = EDGE_CURVE('',#5271,#1269,#8285,.T.);
#8285 = LINE('',#8286,#8287);
#8286 = CARTESIAN_POINT('',(290.,24.741421356237,-9.941421356237));
#8287 = VECTOR('',#8288,1.);
#8288 = DIRECTION('',(-1.,-0.,0.));
#8289 = ORIENTED_EDGE('',*,*,#5270,.F.);
#8290 = PLANE('',#8291);
#8291 = AXIS2_PLACEMENT_3D('',#8292,#8293,#8294);
#8292 = CARTESIAN_POINT('',(290.,24.8,-10.));
#8293 = DIRECTION('',(0.,0.707106781187,0.707106781187));
#8294 = DIRECTION('',(0.,-0.707106781187,0.707106781187));
#8295 = ADVANCED_FACE('',(#8296),#8312,.F.);
#8296 = FACE_BOUND('',#8297,.T.);
#8297 = EDGE_LOOP('',(#8298,#8304,#8305,#8311));
#8298 = ORIENTED_EDGE('',*,*,#8299,.F.);
#8299 = EDGE_CURVE('',#5246,#7252,#8300,.T.);
#8300 = LINE('',#8301,#8302);
#8301 = CARTESIAN_POINT('',(290.,25.210050506339,-8.2));
#8302 = VECTOR('',#8303,1.);
#8303 = DIRECTION('',(-1.,-0.,0.));
#8304 = ORIENTED_EDGE('',*,*,#5245,.F.);
#8305 = ORIENTED_EDGE('',*,*,#8306,.F.);
#8306 = EDGE_CURVE('',#7260,#5238,#8307,.T.);
#8307 = LINE('',#8308,#8309);
#8308 = CARTESIAN_POINT('',(290.,25.210050506339,-6.2));
#8309 = VECTOR('',#8310,1.);
#8310 = DIRECTION('',(1.,0.,-0.));
#8311 = ORIENTED_EDGE('',*,*,#7259,.T.);
#8312 = PLANE('',#8313);
#8313 = AXIS2_PLACEMENT_3D('',#8314,#8315,#8316);
#8314 = CARTESIAN_POINT('',(290.,25.210050506339,-8.2));
#8315 = DIRECTION('',(0.,1.,6.1E-16));
#8316 = DIRECTION('',(0.,-6.1E-16,1.));
#8317 = ADVANCED_FACE('',(#8318,#8336),#8347,.F.);
#8318 = FACE_BOUND('',#8319,.T.);
#8319 = EDGE_LOOP('',(#8320,#8321,#8330));
#8320 = ORIENTED_EDGE('',*,*,#1045,.T.);
#8321 = ORIENTED_EDGE('',*,*,#8322,.T.);
#8322 = EDGE_CURVE('',#1048,#8323,#8325,.T.);
#8323 = VERTEX_POINT('',#8324);
#8324 = CARTESIAN_POINT('',(141.54058742823,23.610050506339,-4.6));
#8325 = ( BOUNDED_CURVE() B_SPLINE_CURVE(3,(#8326,#8327,#8328,#8329),
.UNSPECIFIED.,.F.,.F.) B_SPLINE_CURVE_WITH_KNOTS((4,4),(0.,
0.764093130684),.PIECEWISE_BEZIER_KNOTS.) CURVE() 
GEOMETRIC_REPRESENTATION_ITEM() RATIONAL_B_SPLINE_CURVE((1.,
0.951935718871,0.951935718871,1.)) REPRESENTATION_ITEM('') );
#8326 = CARTESIAN_POINT('',(145.,25.,-5.989949493661));
#8327 = CARTESIAN_POINT('',(143.69451876926,25.,-5.989949493661));
#8328 = CARTESIAN_POINT('',(142.48315806384,24.513290142704,
    -5.503239636365));
#8329 = CARTESIAN_POINT('',(141.54058742823,23.610050506339,-4.6));
#8330 = ORIENTED_EDGE('',*,*,#8331,.T.);
#8331 = EDGE_CURVE('',#8323,#1046,#8332,.T.);
#8332 = LINE('',#8333,#8334);
#8333 = CARTESIAN_POINT('',(290.,23.610050506339,-4.6));
#8334 = VECTOR('',#8335,1.);
#8335 = DIRECTION('',(1.,0.,-0.));
#8336 = FACE_BOUND('',#8337,.T.);
#8337 = EDGE_LOOP('',(#8338,#8339,#8340,#8346));
#8338 = ORIENTED_EDGE('',*,*,#8306,.T.);
#8339 = ORIENTED_EDGE('',*,*,#5237,.F.);
#8340 = ORIENTED_EDGE('',*,*,#8341,.F.);
#8341 = EDGE_CURVE('',#7268,#5230,#8342,.T.);
#8342 = LINE('',#8343,#8344);
#8343 = CARTESIAN_POINT('',(290.,23.010050506339,-4.));
#8344 = VECTOR('',#8345,1.);
#8345 = DIRECTION('',(1.,0.,-0.));
#8346 = ORIENTED_EDGE('',*,*,#7267,.T.);
#8347 = PLANE('',#8348);
#8348 = AXIS2_PLACEMENT_3D('',#8349,#8350,#8351);
#8349 = CARTESIAN_POINT('',(290.,25.210050506339,-6.2));
#8350 = DIRECTION('',(0.,0.707106781187,0.707106781187));
#8351 = DIRECTION('',(0.,-0.707106781187,0.707106781187));
#8352 = ADVANCED_FACE('',(#8353),#8380,.F.);
#8353 = FACE_BOUND('',#8354,.T.);
#8354 = EDGE_LOOP('',(#8355,#8363,#8370,#8371,#8377,#8378,#8379));
#8355 = ORIENTED_EDGE('',*,*,#8356,.F.);
#8356 = EDGE_CURVE('',#8357,#5222,#8359,.T.);
#8357 = VERTEX_POINT('',#8358);
#8358 = CARTESIAN_POINT('',(147.60240273593,20.5,-4.));
#8359 = LINE('',#8360,#8361);
#8360 = CARTESIAN_POINT('',(290.,20.5,-4.));
#8361 = VECTOR('',#8362,1.);
#8362 = DIRECTION('',(1.,0.,0.));
#8363 = ORIENTED_EDGE('',*,*,#8364,.T.);
#8364 = EDGE_CURVE('',#8357,#979,#8365,.T.);
#8365 = CIRCLE('',#8366,2.65);
#8366 = AXIS2_PLACEMENT_3D('',#8367,#8368,#8369);
#8367 = CARTESIAN_POINT('',(145.,20.,-4.));
#8368 = DIRECTION('',(0.,-4.6E-16,1.));
#8369 = DIRECTION('',(0.,-1.,-4.6E-16));
#8370 = ORIENTED_EDGE('',*,*,#986,.T.);
#8371 = ORIENTED_EDGE('',*,*,#8372,.F.);
#8372 = EDGE_CURVE('',#7276,#987,#8373,.T.);
#8373 = LINE('',#8374,#8375);
#8374 = CARTESIAN_POINT('',(290.,20.5,-4.));
#8375 = VECTOR('',#8376,1.);
#8376 = DIRECTION('',(1.,0.,0.));
#8377 = ORIENTED_EDGE('',*,*,#7275,.T.);
#8378 = ORIENTED_EDGE('',*,*,#8341,.T.);
#8379 = ORIENTED_EDGE('',*,*,#5229,.F.);
#8380 = PLANE('',#8381);
#8381 = AXIS2_PLACEMENT_3D('',#8382,#8383,#8384);
#8382 = CARTESIAN_POINT('',(290.,16.989949493661,-4.));
#8383 = DIRECTION('',(0.,-4.6E-16,1.));
#8384 = DIRECTION('',(0.,-1.,-4.6E-16));
#8385 = ADVANCED_FACE('',(#8386),#8418,.F.);
#8386 = FACE_BOUND('',#8387,.T.);
#8387 = EDGE_LOOP('',(#8388,#8394,#8395,#8404,#8410,#8411,#8417));
#8388 = ORIENTED_EDGE('',*,*,#8389,.F.);
#8389 = EDGE_CURVE('',#1005,#7292,#8390,.T.);
#8390 = LINE('',#8391,#8392);
#8391 = CARTESIAN_POINT('',(290.,19.5,-4.));
#8392 = VECTOR('',#8393,1.);
#8393 = DIRECTION('',(-1.,-0.,-0.));
#8394 = ORIENTED_EDGE('',*,*,#1013,.T.);
#8395 = ORIENTED_EDGE('',*,*,#8396,.T.);
#8396 = EDGE_CURVE('',#1014,#8397,#8399,.T.);
#8397 = VERTEX_POINT('',#8398);
#8398 = CARTESIAN_POINT('',(147.60240273593,19.5,-4.));
#8399 = CIRCLE('',#8400,2.65);
#8400 = AXIS2_PLACEMENT_3D('',#8401,#8402,#8403);
#8401 = CARTESIAN_POINT('',(145.,20.,-4.));
#8402 = DIRECTION('',(0.,-4.6E-16,1.));
#8403 = DIRECTION('',(0.,-1.,-4.6E-16));
#8404 = ORIENTED_EDGE('',*,*,#8405,.F.);
#8405 = EDGE_CURVE('',#5206,#8397,#8406,.T.);
#8406 = LINE('',#8407,#8408);
#8407 = CARTESIAN_POINT('',(290.,19.5,-4.));
#8408 = VECTOR('',#8409,1.);
#8409 = DIRECTION('',(-1.,-0.,-0.));
#8410 = ORIENTED_EDGE('',*,*,#5205,.F.);
#8411 = ORIENTED_EDGE('',*,*,#8412,.F.);
#8412 = EDGE_CURVE('',#7300,#5198,#8413,.T.);
#8413 = LINE('',#8414,#8415);
#8414 = CARTESIAN_POINT('',(290.,16.989949493661,-4.));
#8415 = VECTOR('',#8416,1.);
#8416 = DIRECTION('',(1.,0.,0.));
#8417 = ORIENTED_EDGE('',*,*,#7299,.T.);
#8418 = PLANE('',#8419);
#8419 = AXIS2_PLACEMENT_3D('',#8420,#8421,#8422);
#8420 = CARTESIAN_POINT('',(290.,16.989949493661,-4.));
#8421 = DIRECTION('',(0.,-4.6E-16,1.));
#8422 = DIRECTION('',(0.,-1.,-4.6E-16));
#8423 = ADVANCED_FACE('',(#8424,#8443),#8454,.F.);
#8424 = FACE_BOUND('',#8425,.T.);
#8425 = EDGE_LOOP('',(#8426,#8437));
#8426 = ORIENTED_EDGE('',*,*,#8427,.T.);
#8427 = EDGE_CURVE('',#8428,#8430,#8432,.T.);
#8428 = VERTEX_POINT('',#8429);
#8429 = CARTESIAN_POINT('',(141.54058742823,16.389949493661,-4.6));
#8430 = VERTEX_POINT('',#8431);
#8431 = CARTESIAN_POINT('',(148.45941257176,16.389949493661,-4.6));
#8432 = ( BOUNDED_CURVE() B_SPLINE_CURVE(3,(#8433,#8434,#8435,#8436),
.UNSPECIFIED.,.F.,.F.) B_SPLINE_CURVE_WITH_KNOTS((4,4),(5.519092176495,
7.047278437864),.PIECEWISE_BEZIER_KNOTS.) CURVE() 
GEOMETRIC_REPRESENTATION_ITEM() RATIONAL_B_SPLINE_CURVE((1.,
0.814673400845,0.814673400845,1.)) REPRESENTATION_ITEM('') );
#8433 = CARTESIAN_POINT('',(141.54058742823,16.389949493661,-4.6));
#8434 = CARTESIAN_POINT('',(143.58454010806,14.431285595668,
    -6.558663897994));
#8435 = CARTESIAN_POINT('',(146.41545989193,14.431285595668,
    -6.558663897994));
#8436 = CARTESIAN_POINT('',(148.45941257176,16.389949493661,-4.6));
#8437 = ORIENTED_EDGE('',*,*,#8438,.T.);
#8438 = EDGE_CURVE('',#8430,#8428,#8439,.T.);
#8439 = LINE('',#8440,#8441);
#8440 = CARTESIAN_POINT('',(290.,16.389949493661,-4.6));
#8441 = VECTOR('',#8442,1.);
#8442 = DIRECTION('',(-1.,0.,0.));
#8443 = FACE_BOUND('',#8444,.T.);
#8444 = EDGE_LOOP('',(#8445,#8446,#8447,#8453));
#8445 = ORIENTED_EDGE('',*,*,#8412,.T.);
#8446 = ORIENTED_EDGE('',*,*,#5197,.F.);
#8447 = ORIENTED_EDGE('',*,*,#8448,.F.);
#8448 = EDGE_CURVE('',#7308,#5190,#8449,.T.);
#8449 = LINE('',#8450,#8451);
#8450 = CARTESIAN_POINT('',(290.,14.789949493661,-6.2));
#8451 = VECTOR('',#8452,1.);
#8452 = DIRECTION('',(1.,0.,0.));
#8453 = ORIENTED_EDGE('',*,*,#7307,.T.);
#8454 = PLANE('',#8455);
#8455 = AXIS2_PLACEMENT_3D('',#8456,#8457,#8458);
#8456 = CARTESIAN_POINT('',(290.,14.789949493661,-6.2));
#8457 = DIRECTION('',(0.,-0.707106781187,0.707106781187));
#8458 = DIRECTION('',(0.,-0.707106781187,-0.707106781187));
#8459 = ADVANCED_FACE('',(#8460),#8471,.F.);
#8460 = FACE_BOUND('',#8461,.T.);
#8461 = EDGE_LOOP('',(#8462,#8463,#8464,#8470));
#8462 = ORIENTED_EDGE('',*,*,#8448,.T.);
#8463 = ORIENTED_EDGE('',*,*,#5189,.F.);
#8464 = ORIENTED_EDGE('',*,*,#8465,.F.);
#8465 = EDGE_CURVE('',#7316,#5182,#8466,.T.);
#8466 = LINE('',#8467,#8468);
#8467 = CARTESIAN_POINT('',(290.,14.789949493661,-8.2));
#8468 = VECTOR('',#8469,1.);
#8469 = DIRECTION('',(1.,-0.,0.));
#8470 = ORIENTED_EDGE('',*,*,#7315,.T.);
#8471 = PLANE('',#8472);
#8472 = AXIS2_PLACEMENT_3D('',#8473,#8474,#8475);
#8473 = CARTESIAN_POINT('',(290.,14.789949493661,-8.2));
#8474 = DIRECTION('',(0.,-1.,-6.1E-16));
#8475 = DIRECTION('',(0.,6.1E-16,-1.));
#8476 = ADVANCED_FACE('',(#8477),#8489,.F.);
#8477 = FACE_BOUND('',#8478,.T.);
#8478 = EDGE_LOOP('',(#8479,#8480,#8487,#8488));
#8479 = ORIENTED_EDGE('',*,*,#4024,.F.);
#8480 = ORIENTED_EDGE('',*,*,#8481,.T.);
#8481 = EDGE_CURVE('',#4008,#4056,#8482,.T.);
#8482 = ( BOUNDED_CURVE() B_SPLINE_CURVE(3,(#8483,#8484,#8485,#8486),
.UNSPECIFIED.,.F.,.F.) B_SPLINE_CURVE_WITH_KNOTS((4,4),(5.444288993062,
5.960175298243),.PIECEWISE_BEZIER_KNOTS.) CURVE() 
GEOMETRIC_REPRESENTATION_ITEM() RATIONAL_B_SPLINE_CURVE((1.,
0.977944472676,0.977944472676,1.)) REPRESENTATION_ITEM('') );
#8483 = CARTESIAN_POINT('',(141.28047001355,16.658578643763,
    -8.541421356237));
#8484 = CARTESIAN_POINT('',(141.86153288482,16.011763847515,
    -9.188236152485));
#8485 = CARTESIAN_POINT('',(142.58836975341,15.534572473459,
    -9.665427526541));
#8486 = CARTESIAN_POINT('',(143.41288830808,15.258578643763,
    -9.941421356237));
#8487 = ORIENTED_EDGE('',*,*,#4076,.F.);
#8488 = ORIENTED_EDGE('',*,*,#7330,.T.);
#8489 = PLANE('',#8490);
#8490 = AXIS2_PLACEMENT_3D('',#8491,#8492,#8493);
#8491 = CARTESIAN_POINT('',(290.,15.2,-10.));
#8492 = DIRECTION('',(0.,-0.707106781187,0.707106781187));
#8493 = DIRECTION('',(0.,-0.707106781187,-0.707106781187));
#8494 = ADVANCED_FACE('',(#8495),#8511,.F.);
#8495 = FACE_BOUND('',#8496,.T.);
#8496 = EDGE_LOOP('',(#8497,#8503,#8504,#8510));
#8497 = ORIENTED_EDGE('',*,*,#8498,.F.);
#8498 = EDGE_CURVE('',#1665,#5140,#8499,.T.);
#8499 = LINE('',#8500,#8501);
#8500 = CARTESIAN_POINT('',(290.,3.341421356237,-8.541421356237));
#8501 = VECTOR('',#8502,1.);
#8502 = DIRECTION('',(1.,0.,0.));
#8503 = ORIENTED_EDGE('',*,*,#1681,.T.);
#8504 = ORIENTED_EDGE('',*,*,#8505,.F.);
#8505 = EDGE_CURVE('',#5149,#1682,#8506,.T.);
#8506 = LINE('',#8507,#8508);
#8507 = CARTESIAN_POINT('',(290.,4.741421356237,-9.941421356237));
#8508 = VECTOR('',#8509,1.);
#8509 = DIRECTION('',(-1.,-0.,-0.));
#8510 = ORIENTED_EDGE('',*,*,#5148,.F.);
#8511 = PLANE('',#8512);
#8512 = AXIS2_PLACEMENT_3D('',#8513,#8514,#8515);
#8513 = CARTESIAN_POINT('',(290.,4.8,-10.));
#8514 = DIRECTION('',(-0.,0.707106781187,0.707106781187));
#8515 = DIRECTION('',(0.,-0.707106781187,0.707106781187));
#8516 = ADVANCED_FACE('',(#8517),#8533,.F.);
#8517 = FACE_BOUND('',#8518,.T.);
#8518 = EDGE_LOOP('',(#8519,#8525,#8526,#8532));
#8519 = ORIENTED_EDGE('',*,*,#8520,.F.);
#8520 = EDGE_CURVE('',#5124,#6507,#8521,.T.);
#8521 = LINE('',#8522,#8523);
#8522 = CARTESIAN_POINT('',(290.,5.210050506339,-8.2));
#8523 = VECTOR('',#8524,1.);
#8524 = DIRECTION('',(-1.,0.,-0.));
#8525 = ORIENTED_EDGE('',*,*,#5123,.F.);
#8526 = ORIENTED_EDGE('',*,*,#8527,.F.);
#8527 = EDGE_CURVE('',#6515,#5116,#8528,.T.);
#8528 = LINE('',#8529,#8530);
#8529 = CARTESIAN_POINT('',(290.,5.210050506339,-6.2));
#8530 = VECTOR('',#8531,1.);
#8531 = DIRECTION('',(1.,-0.,0.));
#8532 = ORIENTED_EDGE('',*,*,#6514,.T.);
#8533 = PLANE('',#8534);
#8534 = AXIS2_PLACEMENT_3D('',#8535,#8536,#8537);
#8535 = CARTESIAN_POINT('',(290.,5.210050506339,-8.2));
#8536 = DIRECTION('',(0.,1.,-4.3E-16));
#8537 = DIRECTION('',(0.,4.3E-16,1.));
#8538 = ADVANCED_FACE('',(#8539,#8557),#8568,.F.);
#8539 = FACE_BOUND('',#8540,.T.);
#8540 = EDGE_LOOP('',(#8541,#8542,#8551));
#8541 = ORIENTED_EDGE('',*,*,#1733,.T.);
#8542 = ORIENTED_EDGE('',*,*,#8543,.T.);
#8543 = EDGE_CURVE('',#1736,#8544,#8546,.T.);
#8544 = VERTEX_POINT('',#8545);
#8545 = CARTESIAN_POINT('',(141.54058742823,3.610050506339,-4.6));
#8546 = ( BOUNDED_CURVE() B_SPLINE_CURVE(3,(#8547,#8548,#8549,#8550),
.UNSPECIFIED.,.F.,.F.) B_SPLINE_CURVE_WITH_KNOTS((4,4),(0.,
0.764093130684),.PIECEWISE_BEZIER_KNOTS.) CURVE() 
GEOMETRIC_REPRESENTATION_ITEM() RATIONAL_B_SPLINE_CURVE((1.,
0.951935718871,0.951935718871,1.)) REPRESENTATION_ITEM('') );
#8547 = CARTESIAN_POINT('',(145.,5.,-5.989949493661));
#8548 = CARTESIAN_POINT('',(143.69451876926,5.,-5.989949493661));
#8549 = CARTESIAN_POINT('',(142.48315806384,4.513290142704,
    -5.503239636365));
#8550 = CARTESIAN_POINT('',(141.54058742823,3.610050506339,-4.6));
#8551 = ORIENTED_EDGE('',*,*,#8552,.T.);
#8552 = EDGE_CURVE('',#8544,#1734,#8553,.T.);
#8553 = LINE('',#8554,#8555);
#8554 = CARTESIAN_POINT('',(290.,3.610050506339,-4.6));
#8555 = VECTOR('',#8556,1.);
#8556 = DIRECTION('',(1.,0.,0.));
#8557 = FACE_BOUND('',#8558,.T.);
#8558 = EDGE_LOOP('',(#8559,#8560,#8561,#8567));
#8559 = ORIENTED_EDGE('',*,*,#8527,.T.);
#8560 = ORIENTED_EDGE('',*,*,#5115,.F.);
#8561 = ORIENTED_EDGE('',*,*,#8562,.F.);
#8562 = EDGE_CURVE('',#6523,#5108,#8563,.T.);
#8563 = LINE('',#8564,#8565);
#8564 = CARTESIAN_POINT('',(290.,3.010050506339,-4.));
#8565 = VECTOR('',#8566,1.);
#8566 = DIRECTION('',(1.,0.,0.));
#8567 = ORIENTED_EDGE('',*,*,#6522,.T.);
#8568 = PLANE('',#8569);
#8569 = AXIS2_PLACEMENT_3D('',#8570,#8571,#8572);
#8570 = CARTESIAN_POINT('',(290.,5.210050506339,-6.2));
#8571 = DIRECTION('',(-0.,0.707106781187,0.707106781187));
#8572 = DIRECTION('',(0.,-0.707106781187,0.707106781187));
#8573 = ADVANCED_FACE('',(#8574),#8601,.F.);
#8574 = FACE_BOUND('',#8575,.T.);
#8575 = EDGE_LOOP('',(#8576,#8584,#8591,#8592,#8598,#8599,#8600));
#8576 = ORIENTED_EDGE('',*,*,#8577,.F.);
#8577 = EDGE_CURVE('',#8578,#5100,#8580,.T.);
#8578 = VERTEX_POINT('',#8579);
#8579 = CARTESIAN_POINT('',(147.60240273593,0.5,-4.));
#8580 = LINE('',#8581,#8582);
#8581 = CARTESIAN_POINT('',(290.,0.5,-4.));
#8582 = VECTOR('',#8583,1.);
#8583 = DIRECTION('',(1.,0.,0.));
#8584 = ORIENTED_EDGE('',*,*,#8585,.T.);
#8585 = EDGE_CURVE('',#8578,#1598,#8586,.T.);
#8586 = CIRCLE('',#8587,2.65);
#8587 = AXIS2_PLACEMENT_3D('',#8588,#8589,#8590);
#8588 = CARTESIAN_POINT('',(145.,3.342E-14,-4.));
#8589 = DIRECTION('',(-0.,2.9E-16,1.));
#8590 = DIRECTION('',(0.,-1.,2.9E-16));
#8591 = ORIENTED_EDGE('',*,*,#1605,.T.);
#8592 = ORIENTED_EDGE('',*,*,#8593,.F.);
#8593 = EDGE_CURVE('',#6531,#1606,#8594,.T.);
#8594 = LINE('',#8595,#8596);
#8595 = CARTESIAN_POINT('',(290.,0.5,-4.));
#8596 = VECTOR('',#8597,1.);
#8597 = DIRECTION('',(1.,0.,0.));
#8598 = ORIENTED_EDGE('',*,*,#6530,.T.);
#8599 = ORIENTED_EDGE('',*,*,#8562,.T.);
#8600 = ORIENTED_EDGE('',*,*,#5107,.F.);
#8601 = PLANE('',#8602);
#8602 = AXIS2_PLACEMENT_3D('',#8603,#8604,#8605);
#8603 = CARTESIAN_POINT('',(290.,3.010050506339,-4.));
#8604 = DIRECTION('',(-0.,2.9E-16,1.));
#8605 = DIRECTION('',(0.,-1.,2.9E-16));
#8606 = ADVANCED_FACE('',(#8607),#8639,.F.);
#8607 = FACE_BOUND('',#8608,.T.);
#8608 = EDGE_LOOP('',(#8609,#8615,#8616,#8625,#8631,#8632,#8638));
#8609 = ORIENTED_EDGE('',*,*,#8610,.F.);
#8610 = EDGE_CURVE('',#1624,#6547,#8611,.T.);
#8611 = LINE('',#8612,#8613);
#8612 = CARTESIAN_POINT('',(290.,-0.5,-4.));
#8613 = VECTOR('',#8614,1.);
#8614 = DIRECTION('',(-1.,-0.,-0.));
#8615 = ORIENTED_EDGE('',*,*,#1632,.T.);
#8616 = ORIENTED_EDGE('',*,*,#8617,.T.);
#8617 = EDGE_CURVE('',#1633,#8618,#8620,.T.);
#8618 = VERTEX_POINT('',#8619);
#8619 = CARTESIAN_POINT('',(147.60240273593,-0.5,-4.));
#8620 = CIRCLE('',#8621,2.65);
#8621 = AXIS2_PLACEMENT_3D('',#8622,#8623,#8624);
#8622 = CARTESIAN_POINT('',(145.,3.342E-14,-4.));
#8623 = DIRECTION('',(-0.,2.9E-16,1.));
#8624 = DIRECTION('',(0.,-1.,2.9E-16));
#8625 = ORIENTED_EDGE('',*,*,#8626,.F.);
#8626 = EDGE_CURVE('',#5084,#8618,#8627,.T.);
#8627 = LINE('',#8628,#8629);
#8628 = CARTESIAN_POINT('',(290.,-0.5,-4.));
#8629 = VECTOR('',#8630,1.);
#8630 = DIRECTION('',(-1.,-0.,-0.));
#8631 = ORIENTED_EDGE('',*,*,#5083,.F.);
#8632 = ORIENTED_EDGE('',*,*,#8633,.F.);
#8633 = EDGE_CURVE('',#6555,#5076,#8634,.T.);
#8634 = LINE('',#8635,#8636);
#8635 = CARTESIAN_POINT('',(290.,-3.010050506339,-4.));
#8636 = VECTOR('',#8637,1.);
#8637 = DIRECTION('',(1.,0.,0.));
#8638 = ORIENTED_EDGE('',*,*,#6554,.T.);
#8639 = PLANE('',#8640);
#8640 = AXIS2_PLACEMENT_3D('',#8641,#8642,#8643);
#8641 = CARTESIAN_POINT('',(290.,3.010050506339,-4.));
#8642 = DIRECTION('',(-0.,2.9E-16,1.));
#8643 = DIRECTION('',(0.,-1.,2.9E-16));
#8644 = ADVANCED_FACE('',(#8645,#8664),#8675,.F.);
#8645 = FACE_BOUND('',#8646,.T.);
#8646 = EDGE_LOOP('',(#8647,#8658));
#8647 = ORIENTED_EDGE('',*,*,#8648,.T.);
#8648 = EDGE_CURVE('',#8649,#8651,#8653,.T.);
#8649 = VERTEX_POINT('',#8650);
#8650 = CARTESIAN_POINT('',(141.54058742823,-3.610050506339,-4.6));
#8651 = VERTEX_POINT('',#8652);
#8652 = CARTESIAN_POINT('',(148.45941257176,-3.610050506339,-4.6));
#8653 = ( BOUNDED_CURVE() B_SPLINE_CURVE(3,(#8654,#8655,#8656,#8657),
.UNSPECIFIED.,.F.,.F.) B_SPLINE_CURVE_WITH_KNOTS((4,4),(5.519092176495,
7.047278437864),.PIECEWISE_BEZIER_KNOTS.) CURVE() 
GEOMETRIC_REPRESENTATION_ITEM() RATIONAL_B_SPLINE_CURVE((1.,
0.814673400845,0.814673400845,1.)) REPRESENTATION_ITEM('') );
#8654 = CARTESIAN_POINT('',(141.54058742823,-3.610050506339,-4.6));
#8655 = CARTESIAN_POINT('',(143.58454010806,-5.568714404332,
    -6.558663897993));
#8656 = CARTESIAN_POINT('',(146.41545989193,-5.568714404332,
    -6.558663897993));
#8657 = CARTESIAN_POINT('',(148.45941257176,-3.610050506339,-4.6));
#8658 = ORIENTED_EDGE('',*,*,#8659,.T.);
#8659 = EDGE_CURVE('',#8651,#8649,#8660,.T.);
#8660 = LINE('',#8661,#8662);
#8661 = CARTESIAN_POINT('',(290.,-3.610050506339,-4.6));
#8662 = VECTOR('',#8663,1.);
#8663 = DIRECTION('',(-1.,0.,0.));
#8664 = FACE_BOUND('',#8665,.T.);
#8665 = EDGE_LOOP('',(#8666,#8667,#8668,#8674));
#8666 = ORIENTED_EDGE('',*,*,#8633,.T.);
#8667 = ORIENTED_EDGE('',*,*,#5075,.F.);
#8668 = ORIENTED_EDGE('',*,*,#8669,.F.);
#8669 = EDGE_CURVE('',#6563,#5068,#8670,.T.);
#8670 = LINE('',#8671,#8672);
#8671 = CARTESIAN_POINT('',(290.,-5.210050506339,-6.2));
#8672 = VECTOR('',#8673,1.);
#8673 = DIRECTION('',(1.,0.,0.));
#8674 = ORIENTED_EDGE('',*,*,#6562,.T.);
#8675 = PLANE('',#8676);
#8676 = AXIS2_PLACEMENT_3D('',#8677,#8678,#8679);
#8677 = CARTESIAN_POINT('',(290.,-5.210050506339,-6.2));
#8678 = DIRECTION('',(0.,-0.707106781187,0.707106781187));
#8679 = DIRECTION('',(0.,-0.707106781187,-0.707106781187));
#8680 = ADVANCED_FACE('',(#8681),#8692,.F.);
#8681 = FACE_BOUND('',#8682,.T.);
#8682 = EDGE_LOOP('',(#8683,#8684,#8685,#8691));
#8683 = ORIENTED_EDGE('',*,*,#8669,.T.);
#8684 = ORIENTED_EDGE('',*,*,#5067,.F.);
#8685 = ORIENTED_EDGE('',*,*,#8686,.F.);
#8686 = EDGE_CURVE('',#6571,#5060,#8687,.T.);
#8687 = LINE('',#8688,#8689);
#8688 = CARTESIAN_POINT('',(290.,-5.210050506339,-8.2));
#8689 = VECTOR('',#8690,1.);
#8690 = DIRECTION('',(1.,0.,0.));
#8691 = ORIENTED_EDGE('',*,*,#6570,.T.);
#8692 = PLANE('',#8693);
#8693 = AXIS2_PLACEMENT_3D('',#8694,#8695,#8696);
#8694 = CARTESIAN_POINT('',(290.,-5.210050506339,-8.2));
#8695 = DIRECTION('',(0.,-1.,4.3E-16));
#8696 = DIRECTION('',(0.,-4.3E-16,-1.));
#8697 = ADVANCED_FACE('',(#8698),#8710,.F.);
#8698 = FACE_BOUND('',#8699,.T.);
#8699 = EDGE_LOOP('',(#8700,#8701,#8708,#8709));
#8700 = ORIENTED_EDGE('',*,*,#4263,.F.);
#8701 = ORIENTED_EDGE('',*,*,#8702,.T.);
#8702 = EDGE_CURVE('',#4247,#4297,#8703,.T.);
#8703 = ( BOUNDED_CURVE() B_SPLINE_CURVE(3,(#8704,#8705,#8706,#8707),
.UNSPECIFIED.,.F.,.F.) B_SPLINE_CURVE_WITH_KNOTS((4,4),(5.444288993062,
5.960175298243),.PIECEWISE_BEZIER_KNOTS.) CURVE() 
GEOMETRIC_REPRESENTATION_ITEM() RATIONAL_B_SPLINE_CURVE((1.,
0.977944472676,0.977944472676,1.)) REPRESENTATION_ITEM('') );
#8704 = CARTESIAN_POINT('',(141.28047001355,-3.341421356237,
    -8.541421356237));
#8705 = CARTESIAN_POINT('',(141.86153288482,-3.988236152485,
    -9.188236152485));
#8706 = CARTESIAN_POINT('',(142.58836975341,-4.465427526541,
    -9.665427526541));
#8707 = CARTESIAN_POINT('',(143.41288830808,-4.741421356237,
    -9.941421356237));
#8708 = ORIENTED_EDGE('',*,*,#4324,.F.);
#8709 = ORIENTED_EDGE('',*,*,#6585,.T.);
#8710 = PLANE('',#8711);
#8711 = AXIS2_PLACEMENT_3D('',#8712,#8713,#8714);
#8712 = CARTESIAN_POINT('',(290.,-4.8,-10.));
#8713 = DIRECTION('',(0.,-0.707106781187,0.707106781187));
#8714 = DIRECTION('',(0.,-0.707106781187,-0.707106781187));
#8715 = ADVANCED_FACE('',(#8716),#8732,.F.);
#8716 = FACE_BOUND('',#8717,.T.);
#8717 = EDGE_LOOP('',(#8718,#8724,#8725,#8731));
#8718 = ORIENTED_EDGE('',*,*,#8719,.F.);
#8719 = EDGE_CURVE('',#5027,#6594,#8720,.T.);
#8720 = LINE('',#8721,#8722);
#8721 = CARTESIAN_POINT('',(290.,-10.,-9.8));
#8722 = VECTOR('',#8723,1.);
#8723 = DIRECTION('',(-1.,-0.,0.));
#8724 = ORIENTED_EDGE('',*,*,#5026,.F.);
#8725 = ORIENTED_EDGE('',*,*,#8726,.F.);
#8726 = EDGE_CURVE('',#6603,#5018,#8727,.T.);
#8727 = LINE('',#8728,#8729);
#8728 = CARTESIAN_POINT('',(290.,-10.,-4.882842712475));
#8729 = VECTOR('',#8730,1.);
#8730 = DIRECTION('',(1.,0.,-0.));
#8731 = ORIENTED_EDGE('',*,*,#6602,.T.);
#8732 = PLANE('',#8733);
#8733 = AXIS2_PLACEMENT_3D('',#8734,#8735,#8736);
#8734 = CARTESIAN_POINT('',(290.,-10.,10.));
#8735 = DIRECTION('',(0.,1.,0.));
#8736 = DIRECTION('',(0.,-0.,1.));
#8737 = ADVANCED_FACE('',(#8738),#8749,.F.);
#8738 = FACE_BOUND('',#8739,.T.);
#8739 = EDGE_LOOP('',(#8740,#8741,#8747,#8748));
#8740 = ORIENTED_EDGE('',*,*,#2331,.F.);
#8741 = ORIENTED_EDGE('',*,*,#8742,.F.);
#8742 = EDGE_CURVE('',#5010,#2332,#8743,.T.);
#8743 = LINE('',#8744,#8745);
#8744 = CARTESIAN_POINT('',(290.,-9.941421356237,-4.741421356237));
#8745 = VECTOR('',#8746,1.);
#8746 = DIRECTION('',(-1.,0.,-0.));
#8747 = ORIENTED_EDGE('',*,*,#5009,.F.);
#8748 = ORIENTED_EDGE('',*,*,#2303,.F.);
#8749 = PLANE('',#8750);
#8750 = AXIS2_PLACEMENT_3D('',#8751,#8752,#8753);
#8751 = CARTESIAN_POINT('',(290.,-10.,-4.8));
#8752 = DIRECTION('',(0.,0.707106781187,-0.707106781187));
#8753 = DIRECTION('',(0.,0.707106781187,0.707106781187));
#8754 = ADVANCED_FACE('',(#8755),#8771,.F.);
#8755 = FACE_BOUND('',#8756,.T.);
#8756 = EDGE_LOOP('',(#8757,#8763,#8764,#8770));
#8757 = ORIENTED_EDGE('',*,*,#8758,.F.);
#8758 = EDGE_CURVE('',#4986,#6636,#8759,.T.);
#8759 = LINE('',#8760,#8761);
#8760 = CARTESIAN_POINT('',(290.,-8.2,-5.210050506339));
#8761 = VECTOR('',#8762,1.);
#8762 = DIRECTION('',(-1.,0.,-0.));
#8763 = ORIENTED_EDGE('',*,*,#4985,.F.);
#8764 = ORIENTED_EDGE('',*,*,#8765,.F.);
#8765 = EDGE_CURVE('',#6644,#4978,#8766,.T.);
#8766 = LINE('',#8767,#8768);
#8767 = CARTESIAN_POINT('',(290.,-6.2,-5.210050506339));
#8768 = VECTOR('',#8769,1.);
#8769 = DIRECTION('',(1.,-0.,0.));
#8770 = ORIENTED_EDGE('',*,*,#6643,.T.);
#8771 = PLANE('',#8772);
#8772 = AXIS2_PLACEMENT_3D('',#8773,#8774,#8775);
#8773 = CARTESIAN_POINT('',(290.,-8.2,-5.210050506339));
#8774 = DIRECTION('',(0.,0.,-1.));
#8775 = DIRECTION('',(-1.,0.,-0.));
#8776 = ADVANCED_FACE('',(#8777,#8788),#8806,.F.);
#8777 = FACE_BOUND('',#8778,.T.);
#8778 = EDGE_LOOP('',(#8779,#8780,#8781,#8787));
#8779 = ORIENTED_EDGE('',*,*,#8765,.T.);
#8780 = ORIENTED_EDGE('',*,*,#4977,.F.);
#8781 = ORIENTED_EDGE('',*,*,#8782,.F.);
#8782 = EDGE_CURVE('',#6652,#4970,#8783,.T.);
#8783 = LINE('',#8784,#8785);
#8784 = CARTESIAN_POINT('',(290.,-4.,-3.010050506339));
#8785 = VECTOR('',#8786,1.);
#8786 = DIRECTION('',(1.,-0.,0.));
#8787 = ORIENTED_EDGE('',*,*,#6651,.T.);
#8788 = FACE_BOUND('',#8789,.T.);
#8789 = EDGE_LOOP('',(#8790,#8799,#8805));
#8790 = ORIENTED_EDGE('',*,*,#8791,.F.);
#8791 = EDGE_CURVE('',#8792,#2373,#8794,.T.);
#8792 = VERTEX_POINT('',#8793);
#8793 = CARTESIAN_POINT('',(131.49884651196,-4.2,-3.210050506339));
#8794 = ( BOUNDED_CURVE() B_SPLINE_CURVE(3,(#8795,#8796,#8797,#8798),
.UNSPECIFIED.,.F.,.F.) B_SPLINE_CURVE_WITH_KNOTS((4,4),(5.454438644374,
6.28318530718),.PIECEWISE_BEZIER_KNOTS.) CURVE() 
GEOMETRIC_REPRESENTATION_ITEM() RATIONAL_B_SPLINE_CURVE((1.,
0.943579204838,0.943579204838,1.)) REPRESENTATION_ITEM('') );
#8795 = CARTESIAN_POINT('',(131.49884651196,-4.2,-3.210050506339));
#8796 = CARTESIAN_POINT('',(132.41197876196,-5.195939520513,
    -4.205990026852));
#8797 = CARTESIAN_POINT('',(133.64881310156,-5.739949493661,-4.75));
#8798 = CARTESIAN_POINT('',(135.,-5.739949493661,-4.75));
#8799 = ORIENTED_EDGE('',*,*,#8800,.F.);
#8800 = EDGE_CURVE('',#2375,#8792,#8801,.T.);
#8801 = LINE('',#8802,#8803);
#8802 = CARTESIAN_POINT('',(290.,-4.2,-3.210050506339));
#8803 = VECTOR('',#8804,1.);
#8804 = DIRECTION('',(-1.,0.,-0.));
#8805 = ORIENTED_EDGE('',*,*,#2372,.F.);
#8806 = PLANE('',#8807);
#8807 = AXIS2_PLACEMENT_3D('',#8808,#8809,#8810);
#8808 = CARTESIAN_POINT('',(290.,-6.2,-5.210050506339));
#8809 = DIRECTION('',(0.,0.707106781187,-0.707106781187));
#8810 = DIRECTION('',(0.,0.707106781187,0.707106781187));
#8811 = ADVANCED_FACE('',(#8812),#8839,.F.);
#8812 = FACE_BOUND('',#8813,.T.);
#8813 = EDGE_LOOP('',(#8814,#8822,#8829,#8830,#8836,#8837,#8838));
#8814 = ORIENTED_EDGE('',*,*,#8815,.F.);
#8815 = EDGE_CURVE('',#8816,#4962,#8818,.T.);
#8816 = VERTEX_POINT('',#8817);
#8817 = CARTESIAN_POINT('',(137.60240273593,-4.,-0.5));
#8818 = LINE('',#8819,#8820);
#8819 = CARTESIAN_POINT('',(290.,-4.,-0.5));
#8820 = VECTOR('',#8821,1.);
#8821 = DIRECTION('',(1.,0.,-0.));
#8822 = ORIENTED_EDGE('',*,*,#8823,.T.);
#8823 = EDGE_CURVE('',#8816,#167,#8824,.T.);
#8824 = CIRCLE('',#8825,2.65);
#8825 = AXIS2_PLACEMENT_3D('',#8826,#8827,#8828);
#8826 = CARTESIAN_POINT('',(135.,-4.,-2.884E-14));
#8827 = DIRECTION('',(0.,1.,0.));
#8828 = DIRECTION('',(0.,-0.,1.));
#8829 = ORIENTED_EDGE('',*,*,#174,.T.);
#8830 = ORIENTED_EDGE('',*,*,#8831,.F.);
#8831 = EDGE_CURVE('',#6660,#94,#8832,.T.);
#8832 = LINE('',#8833,#8834);
#8833 = CARTESIAN_POINT('',(290.,-4.,-0.5));
#8834 = VECTOR('',#8835,1.);
#8835 = DIRECTION('',(1.,0.,-0.));
#8836 = ORIENTED_EDGE('',*,*,#6659,.T.);
#8837 = ORIENTED_EDGE('',*,*,#8782,.T.);
#8838 = ORIENTED_EDGE('',*,*,#4969,.F.);
#8839 = PLANE('',#8840);
#8840 = AXIS2_PLACEMENT_3D('',#8841,#8842,#8843);
#8841 = CARTESIAN_POINT('',(290.,-4.,-3.010050506339));
#8842 = DIRECTION('',(0.,1.,0.));
#8843 = DIRECTION('',(0.,-0.,1.));
#8844 = ADVANCED_FACE('',(#8845),#8877,.F.);
#8845 = FACE_BOUND('',#8846,.T.);
#8846 = EDGE_LOOP('',(#8847,#8853,#8854,#8863,#8869,#8870,#8876));
#8847 = ORIENTED_EDGE('',*,*,#8848,.F.);
#8848 = EDGE_CURVE('',#105,#6676,#8849,.T.);
#8849 = LINE('',#8850,#8851);
#8850 = CARTESIAN_POINT('',(290.,-4.,0.5));
#8851 = VECTOR('',#8852,1.);
#8852 = DIRECTION('',(-1.,-0.,0.));
#8853 = ORIENTED_EDGE('',*,*,#113,.T.);
#8854 = ORIENTED_EDGE('',*,*,#8855,.T.);
#8855 = EDGE_CURVE('',#114,#8856,#8858,.T.);
#8856 = VERTEX_POINT('',#8857);
#8857 = CARTESIAN_POINT('',(137.60240273593,-4.,0.5));
#8858 = CIRCLE('',#8859,2.65);
#8859 = AXIS2_PLACEMENT_3D('',#8860,#8861,#8862);
#8860 = CARTESIAN_POINT('',(135.,-4.,-2.884E-14));
#8861 = DIRECTION('',(0.,1.,0.));
#8862 = DIRECTION('',(0.,-0.,1.));
#8863 = ORIENTED_EDGE('',*,*,#8864,.F.);
#8864 = EDGE_CURVE('',#4946,#8856,#8865,.T.);
#8865 = LINE('',#8866,#8867);
#8866 = CARTESIAN_POINT('',(290.,-4.,0.5));
#8867 = VECTOR('',#8868,1.);
#8868 = DIRECTION('',(-1.,-0.,0.));
#8869 = ORIENTED_EDGE('',*,*,#4945,.F.);
#8870 = ORIENTED_EDGE('',*,*,#8871,.F.);
#8871 = EDGE_CURVE('',#6684,#4938,#8872,.T.);
#8872 = LINE('',#8873,#8874);
#8873 = CARTESIAN_POINT('',(290.,-4.,3.010050506339));
#8874 = VECTOR('',#8875,1.);
#8875 = DIRECTION('',(1.,0.,-0.));
#8876 = ORIENTED_EDGE('',*,*,#6683,.T.);
#8877 = PLANE('',#8878);
#8878 = AXIS2_PLACEMENT_3D('',#8879,#8880,#8881);
#8879 = CARTESIAN_POINT('',(290.,-4.,-3.010050506339));
#8880 = DIRECTION('',(0.,1.,0.));
#8881 = DIRECTION('',(0.,-0.,1.));
#8882 = ADVANCED_FACE('',(#8883,#8894),#8913,.F.);
#8883 = FACE_BOUND('',#8884,.T.);
#8884 = EDGE_LOOP('',(#8885,#8886,#8887,#8893));
#8885 = ORIENTED_EDGE('',*,*,#8871,.T.);
#8886 = ORIENTED_EDGE('',*,*,#4937,.F.);
#8887 = ORIENTED_EDGE('',*,*,#8888,.F.);
#8888 = EDGE_CURVE('',#6692,#4930,#8889,.T.);
#8889 = LINE('',#8890,#8891);
#8890 = CARTESIAN_POINT('',(290.,-6.2,5.210050506339));
#8891 = VECTOR('',#8892,1.);
#8892 = DIRECTION('',(1.,0.,0.));
#8893 = ORIENTED_EDGE('',*,*,#6691,.T.);
#8894 = FACE_BOUND('',#8895,.T.);
#8895 = EDGE_LOOP('',(#8896,#8906));
#8896 = ORIENTED_EDGE('',*,*,#8897,.F.);
#8897 = EDGE_CURVE('',#8898,#8900,#8902,.T.);
#8898 = VERTEX_POINT('',#8899);
#8899 = CARTESIAN_POINT('',(131.49884651196,-4.2,3.210050506339));
#8900 = VERTEX_POINT('',#8901);
#8901 = CARTESIAN_POINT('',(138.50115348803,-4.2,3.210050506339));
#8902 = LINE('',#8903,#8904);
#8903 = CARTESIAN_POINT('',(290.,-4.2,3.210050506339));
#8904 = VECTOR('',#8905,1.);
#8905 = DIRECTION('',(1.,0.,0.));
#8906 = ORIENTED_EDGE('',*,*,#8907,.F.);
#8907 = EDGE_CURVE('',#8900,#8898,#8908,.T.);
#8908 = ( BOUNDED_CURVE() B_SPLINE_CURVE(3,(#8909,#8910,#8911,#8912),
.UNSPECIFIED.,.F.,.F.) B_SPLINE_CURVE_WITH_KNOTS((4,4),(5.454438644374,
7.111931969985),.PIECEWISE_BEZIER_KNOTS.) CURVE() 
GEOMETRIC_REPRESENTATION_ITEM() RATIONAL_B_SPLINE_CURVE((1.,
0.783866737732,0.783866737732,1.)) REPRESENTATION_ITEM('') );
#8909 = CARTESIAN_POINT('',(138.50115348803,-4.2,3.210050506339));
#8910 = CARTESIAN_POINT('',(136.48883873559,-6.394801234625,
    5.404851740964));
#8911 = CARTESIAN_POINT('',(133.5111612644,-6.394801234625,
    5.404851740964));
#8912 = CARTESIAN_POINT('',(131.49884651196,-4.2,3.210050506339));
#8913 = PLANE('',#8914);
#8914 = AXIS2_PLACEMENT_3D('',#8915,#8916,#8917);
#8915 = CARTESIAN_POINT('',(290.,-6.2,5.210050506339));
#8916 = DIRECTION('',(-0.,0.707106781187,0.707106781187));
#8917 = DIRECTION('',(0.,-0.707106781187,0.707106781187));
#8918 = ADVANCED_FACE('',(#8919),#8930,.F.);
#8919 = FACE_BOUND('',#8920,.T.);
#8920 = EDGE_LOOP('',(#8921,#8922,#8923,#8929));
#8921 = ORIENTED_EDGE('',*,*,#8888,.T.);
#8922 = ORIENTED_EDGE('',*,*,#4929,.F.);
#8923 = ORIENTED_EDGE('',*,*,#8924,.F.);
#8924 = EDGE_CURVE('',#6700,#4922,#8925,.T.);
#8925 = LINE('',#8926,#8927);
#8926 = CARTESIAN_POINT('',(290.,-8.2,5.210050506339));
#8927 = VECTOR('',#8928,1.);
#8928 = DIRECTION('',(1.,0.,-0.));
#8929 = ORIENTED_EDGE('',*,*,#6699,.T.);
#8930 = PLANE('',#8931);
#8931 = AXIS2_PLACEMENT_3D('',#8932,#8933,#8934);
#8932 = CARTESIAN_POINT('',(290.,-8.2,5.210050506339));
#8933 = DIRECTION('',(0.,0.,1.));
#8934 = DIRECTION('',(1.,0.,-0.));
#8935 = ADVANCED_FACE('',(#8936),#8962,.F.);
#8936 = FACE_BOUND('',#8937,.T.);
#8937 = EDGE_LOOP('',(#8938,#8949,#8955,#8956));
#8938 = ORIENTED_EDGE('',*,*,#8939,.F.);
#8939 = EDGE_CURVE('',#8940,#8942,#8944,.T.);
#8940 = VERTEX_POINT('',#8941);
#8941 = CARTESIAN_POINT('',(138.37600404621,-8.541421356237,
    3.341421356237));
#8942 = VERTEX_POINT('',#8943);
#8943 = CARTESIAN_POINT('',(135.28534807274,-9.941421356237,
    4.741421356237));
#8944 = ( BOUNDED_CURVE() B_SPLINE_CURVE(3,(#8945,#8946,#8947,#8948),
.UNSPECIFIED.,.F.,.F.) B_SPLINE_CURVE_WITH_KNOTS((4,4),(5.492638983231,
6.223075837842),.PIECEWISE_BEZIER_KNOTS.) CURVE() 
GEOMETRIC_REPRESENTATION_ITEM() RATIONAL_B_SPLINE_CURVE((1.,
0.956030514273,0.956030514273,1.)) REPRESENTATION_ITEM('') );
#8945 = CARTESIAN_POINT('',(138.37600404621,-8.541421356237,
    3.341421356237));
#8946 = CARTESIAN_POINT('',(137.54381321355,-9.382225109721,
    4.182225109721));
#8947 = CARTESIAN_POINT('',(136.46621302983,-9.87035457808,4.67035457808
    ));
#8948 = CARTESIAN_POINT('',(135.28534807274,-9.941421356237,
    4.741421356237));
#8949 = ORIENTED_EDGE('',*,*,#8950,.F.);
#8950 = EDGE_CURVE('',#4905,#8940,#8951,.T.);
#8951 = LINE('',#8952,#8953);
#8952 = CARTESIAN_POINT('',(290.,-8.541421356237,3.341421356237));
#8953 = VECTOR('',#8954,1.);
#8954 = DIRECTION('',(-1.,-0.,-0.));
#8955 = ORIENTED_EDGE('',*,*,#4904,.F.);
#8956 = ORIENTED_EDGE('',*,*,#8957,.F.);
#8957 = EDGE_CURVE('',#8942,#4896,#8958,.T.);
#8958 = LINE('',#8959,#8960);
#8959 = CARTESIAN_POINT('',(290.,-9.941421356237,4.741421356237));
#8960 = VECTOR('',#8961,1.);
#8961 = DIRECTION('',(1.,0.,0.));
#8962 = PLANE('',#8963);
#8963 = AXIS2_PLACEMENT_3D('',#8964,#8965,#8966);
#8964 = CARTESIAN_POINT('',(290.,-10.,4.8));
#8965 = DIRECTION('',(-0.,0.707106781187,0.707106781187));
#8966 = DIRECTION('',(0.,-0.707106781187,0.707106781187));
#8967 = ADVANCED_FACE('',(#8968),#8984,.F.);
#8968 = FACE_BOUND('',#8969,.T.);
#8969 = EDGE_LOOP('',(#8970,#8976,#8977,#8983));
#8970 = ORIENTED_EDGE('',*,*,#8971,.F.);
#8971 = EDGE_CURVE('',#6742,#4880,#8972,.T.);
#8972 = LINE('',#8973,#8974);
#8973 = CARTESIAN_POINT('',(290.,-10.,15.2));
#8974 = VECTOR('',#8975,1.);
#8975 = DIRECTION('',(1.,0.,-0.));
#8976 = ORIENTED_EDGE('',*,*,#6741,.T.);
#8977 = ORIENTED_EDGE('',*,*,#8978,.F.);
#8978 = EDGE_CURVE('',#4888,#6733,#8979,.T.);
#8979 = LINE('',#8980,#8981);
#8980 = CARTESIAN_POINT('',(290.,-10.,4.882842712475));
#8981 = VECTOR('',#8982,1.);
#8982 = DIRECTION('',(-1.,-0.,0.));
#8983 = ORIENTED_EDGE('',*,*,#4887,.F.);
#8984 = PLANE('',#8985);
#8985 = AXIS2_PLACEMENT_3D('',#8986,#8987,#8988);
#8986 = CARTESIAN_POINT('',(290.,-10.,10.));
#8987 = DIRECTION('',(0.,1.,0.));
#8988 = DIRECTION('',(0.,-0.,1.));
#8989 = ADVANCED_FACE('',(#8990),#9017,.T.);
#8990 = FACE_BOUND('',#8991,.T.);
#8991 = EDGE_LOOP('',(#8992,#8998,#8999,#9008,#9014,#9015,#9016));
#8992 = ORIENTED_EDGE('',*,*,#8993,.T.);
#8993 = EDGE_CURVE('',#4872,#2407,#8994,.T.);
#8994 = LINE('',#8995,#8996);
#8995 = CARTESIAN_POINT('',(290.,-8.2,17.));
#8996 = VECTOR('',#8997,1.);
#8997 = DIRECTION('',(-1.,-0.,-0.));
#8998 = ORIENTED_EDGE('',*,*,#2406,.T.);
#8999 = ORIENTED_EDGE('',*,*,#9000,.T.);
#9000 = EDGE_CURVE('',#2409,#9001,#9003,.T.);
#9001 = VERTEX_POINT('',#9002);
#9002 = CARTESIAN_POINT('',(151.31727003433,-8.2,17.));
#9003 = ( BOUNDED_CURVE() B_SPLINE_CURVE(3,(#9004,#9005,#9006,#9007),
.UNSPECIFIED.,.F.,.F.) B_SPLINE_CURVE_WITH_KNOTS((4,4),(0.,
0.887208267622),.PIECEWISE_BEZIER_KNOTS.) CURVE() 
GEOMETRIC_REPRESENTATION_ITEM() RATIONAL_B_SPLINE_CURVE((1.,
0.935473764973,0.935473764973,1.)) REPRESENTATION_ITEM('') );
#9004 = CARTESIAN_POINT('',(155.,-9.95,15.25));
#9005 = CARTESIAN_POINT('',(153.54712597322,-9.95,15.25));
#9006 = CARTESIAN_POINT('',(152.23487468282,-9.326430045208,
    15.873569954792));
#9007 = CARTESIAN_POINT('',(151.31727003433,-8.2,17.));
#9008 = ORIENTED_EDGE('',*,*,#9009,.T.);
#9009 = EDGE_CURVE('',#9001,#6750,#9010,.T.);
#9010 = LINE('',#9011,#9012);
#9011 = CARTESIAN_POINT('',(290.,-8.2,17.));
#9012 = VECTOR('',#9013,1.);
#9013 = DIRECTION('',(-1.,-0.,-0.));
#9014 = ORIENTED_EDGE('',*,*,#6749,.T.);
#9015 = ORIENTED_EDGE('',*,*,#8971,.T.);
#9016 = ORIENTED_EDGE('',*,*,#4879,.F.);
#9017 = PLANE('',#9018);
#9018 = AXIS2_PLACEMENT_3D('',#9019,#9020,#9021);
#9019 = CARTESIAN_POINT('',(290.,-10.,15.2));
#9020 = DIRECTION('',(0.,-0.707106781187,0.707106781187));
#9021 = DIRECTION('',(0.,-0.707106781187,-0.707106781187));
#9022 = ADVANCED_FACE('',(#9023),#9043,.T.);
#9023 = FACE_BOUND('',#9024,.T.);
#9024 = EDGE_LOOP('',(#9025,#9026,#9033,#9034,#9035,#9036,#9042));
#9025 = ORIENTED_EDGE('',*,*,#9009,.F.);
#9026 = ORIENTED_EDGE('',*,*,#9027,.T.);
#9027 = EDGE_CURVE('',#9001,#2418,#9028,.T.);
#9028 = CIRCLE('',#9029,4.75);
#9029 = AXIS2_PLACEMENT_3D('',#9030,#9031,#9032);
#9030 = CARTESIAN_POINT('',(155.,-8.2,20.));
#9031 = DIRECTION('',(0.,-1.,-0.));
#9032 = DIRECTION('',(0.,0.,-1.));
#9033 = ORIENTED_EDGE('',*,*,#2425,.T.);
#9034 = ORIENTED_EDGE('',*,*,#8993,.F.);
#9035 = ORIENTED_EDGE('',*,*,#4871,.F.);
#9036 = ORIENTED_EDGE('',*,*,#9037,.T.);
#9037 = EDGE_CURVE('',#4864,#6758,#9038,.T.);
#9038 = LINE('',#9039,#9040);
#9039 = CARTESIAN_POINT('',(290.,-8.2,14.789949493661));
#9040 = VECTOR('',#9041,1.);
#9041 = DIRECTION('',(-1.,-0.,-0.));
#9042 = ORIENTED_EDGE('',*,*,#6757,.T.);
#9043 = PLANE('',#9044);
#9044 = AXIS2_PLACEMENT_3D('',#9045,#9046,#9047);
#9045 = CARTESIAN_POINT('',(290.,-8.2,17.));
#9046 = DIRECTION('',(-0.,1.,1.7E-16));
#9047 = DIRECTION('',(0.,-1.7E-16,1.));
#9048 = ADVANCED_FACE('',(#9049),#9060,.T.);
#9049 = FACE_BOUND('',#9050,.T.);
#9050 = EDGE_LOOP('',(#9051,#9052,#9058,#9059));
#9051 = ORIENTED_EDGE('',*,*,#4863,.F.);
#9052 = ORIENTED_EDGE('',*,*,#9053,.T.);
#9053 = EDGE_CURVE('',#4856,#6766,#9054,.T.);
#9054 = LINE('',#9055,#9056);
#9055 = CARTESIAN_POINT('',(290.,-6.2,14.789949493661));
#9056 = VECTOR('',#9057,1.);
#9057 = DIRECTION('',(-1.,-0.,-0.));
#9058 = ORIENTED_EDGE('',*,*,#6765,.T.);
#9059 = ORIENTED_EDGE('',*,*,#9037,.F.);
#9060 = PLANE('',#9061);
#9061 = AXIS2_PLACEMENT_3D('',#9062,#9063,#9064);
#9062 = CARTESIAN_POINT('',(290.,-8.2,14.789949493661));
#9063 = DIRECTION('',(0.,-1.7E-16,1.));
#9064 = DIRECTION('',(0.,-1.,-1.7E-16));
#9065 = ADVANCED_FACE('',(#9066,#9077),#9095,.T.);
#9066 = FACE_BOUND('',#9067,.T.);
#9067 = EDGE_LOOP('',(#9068,#9069,#9075,#9076));
#9068 = ORIENTED_EDGE('',*,*,#4855,.F.);
#9069 = ORIENTED_EDGE('',*,*,#9070,.T.);
#9070 = EDGE_CURVE('',#4848,#6774,#9071,.T.);
#9071 = LINE('',#9072,#9073);
#9072 = CARTESIAN_POINT('',(290.,-4.,16.989949493661));
#9073 = VECTOR('',#9074,1.);
#9074 = DIRECTION('',(-1.,-0.,-0.));
#9075 = ORIENTED_EDGE('',*,*,#6773,.T.);
#9076 = ORIENTED_EDGE('',*,*,#9053,.F.);
#9077 = FACE_BOUND('',#9078,.T.);
#9078 = EDGE_LOOP('',(#9079,#9087,#9088));
#9079 = ORIENTED_EDGE('',*,*,#9080,.T.);
#9080 = EDGE_CURVE('',#9081,#2441,#9083,.T.);
#9081 = VERTEX_POINT('',#9082);
#9082 = CARTESIAN_POINT('',(151.49884651196,-4.2,16.789949493661));
#9083 = LINE('',#9084,#9085);
#9084 = CARTESIAN_POINT('',(290.,-4.2,16.789949493661));
#9085 = VECTOR('',#9086,1.);
#9086 = DIRECTION('',(1.,0.,0.));
#9087 = ORIENTED_EDGE('',*,*,#2440,.T.);
#9088 = ORIENTED_EDGE('',*,*,#9089,.T.);
#9089 = EDGE_CURVE('',#2443,#9081,#9090,.T.);
#9090 = ( BOUNDED_CURVE() B_SPLINE_CURVE(3,(#9091,#9092,#9093,#9094),
.UNSPECIFIED.,.F.,.F.) B_SPLINE_CURVE_WITH_KNOTS((4,4),(0.,
0.828746662806),.PIECEWISE_BEZIER_KNOTS.) CURVE() 
GEOMETRIC_REPRESENTATION_ITEM() RATIONAL_B_SPLINE_CURVE((1.,
0.943579204838,0.943579204838,1.)) REPRESENTATION_ITEM('') );
#9091 = CARTESIAN_POINT('',(155.,-5.739949493661,15.25));
#9092 = CARTESIAN_POINT('',(153.64881310156,-5.739949493661,15.25));
#9093 = CARTESIAN_POINT('',(152.41197876196,-5.195939520513,
    15.794009973148));
#9094 = CARTESIAN_POINT('',(151.49884651196,-4.2,16.789949493661));
#9095 = PLANE('',#9096);
#9096 = AXIS2_PLACEMENT_3D('',#9097,#9098,#9099);
#9097 = CARTESIAN_POINT('',(290.,-6.2,14.789949493661));
#9098 = DIRECTION('',(0.,-0.707106781187,0.707106781187));
#9099 = DIRECTION('',(0.,-0.707106781187,-0.707106781187));
#9100 = ADVANCED_FACE('',(#9101),#9128,.T.);
#9101 = FACE_BOUND('',#9102,.T.);
#9102 = EDGE_LOOP('',(#9103,#9104,#9110,#9111,#9112,#9113,#9121));
#9103 = ORIENTED_EDGE('',*,*,#613,.F.);
#9104 = ORIENTED_EDGE('',*,*,#9105,.T.);
#9105 = EDGE_CURVE('',#535,#6782,#9106,.T.);
#9106 = LINE('',#9107,#9108);
#9107 = CARTESIAN_POINT('',(290.,-4.,19.5));
#9108 = VECTOR('',#9109,1.);
#9109 = DIRECTION('',(-1.,-0.,-0.));
#9110 = ORIENTED_EDGE('',*,*,#6781,.T.);
#9111 = ORIENTED_EDGE('',*,*,#9070,.F.);
#9112 = ORIENTED_EDGE('',*,*,#4847,.F.);
#9113 = ORIENTED_EDGE('',*,*,#9114,.T.);
#9114 = EDGE_CURVE('',#4840,#9115,#9117,.T.);
#9115 = VERTEX_POINT('',#9116);
#9116 = CARTESIAN_POINT('',(157.60240273593,-4.,19.5));
#9117 = LINE('',#9118,#9119);
#9118 = CARTESIAN_POINT('',(290.,-4.,19.5));
#9119 = VECTOR('',#9120,1.);
#9120 = DIRECTION('',(-1.,-0.,-0.));
#9121 = ORIENTED_EDGE('',*,*,#9122,.F.);
#9122 = EDGE_CURVE('',#606,#9115,#9123,.T.);
#9123 = CIRCLE('',#9124,2.65);
#9124 = AXIS2_PLACEMENT_3D('',#9125,#9126,#9127);
#9125 = CARTESIAN_POINT('',(155.,-4.,20.));
#9126 = DIRECTION('',(0.,-1.,-1.7E-16));
#9127 = DIRECTION('',(0.,1.7E-16,-1.));
#9128 = PLANE('',#9129);
#9129 = AXIS2_PLACEMENT_3D('',#9130,#9131,#9132);
#9130 = CARTESIAN_POINT('',(290.,-4.,23.010050506339));
#9131 = DIRECTION('',(0.,-1.,-1.7E-16));
#9132 = DIRECTION('',(0.,1.7E-16,-1.));
#9133 = ADVANCED_FACE('',(#9134),#9166,.T.);
#9134 = FACE_BOUND('',#9135,.T.);
#9135 = EDGE_LOOP('',(#9136,#9145,#9151,#9152,#9158,#9159,#9165));
#9136 = ORIENTED_EDGE('',*,*,#9137,.F.);
#9137 = EDGE_CURVE('',#9138,#553,#9140,.T.);
#9138 = VERTEX_POINT('',#9139);
#9139 = CARTESIAN_POINT('',(157.60240273593,-4.,20.5));
#9140 = CIRCLE('',#9141,2.65);
#9141 = AXIS2_PLACEMENT_3D('',#9142,#9143,#9144);
#9142 = CARTESIAN_POINT('',(155.,-4.,20.));
#9143 = DIRECTION('',(0.,-1.,-1.7E-16));
#9144 = DIRECTION('',(0.,1.7E-16,-1.));
#9145 = ORIENTED_EDGE('',*,*,#9146,.T.);
#9146 = EDGE_CURVE('',#9138,#4824,#9147,.T.);
#9147 = LINE('',#9148,#9149);
#9148 = CARTESIAN_POINT('',(290.,-4.,20.5));
#9149 = VECTOR('',#9150,1.);
#9150 = DIRECTION('',(1.,0.,0.));
#9151 = ORIENTED_EDGE('',*,*,#4823,.F.);
#9152 = ORIENTED_EDGE('',*,*,#9153,.T.);
#9153 = EDGE_CURVE('',#4816,#6806,#9154,.T.);
#9154 = LINE('',#9155,#9156);
#9155 = CARTESIAN_POINT('',(290.,-4.,23.010050506339));
#9156 = VECTOR('',#9157,1.);
#9157 = DIRECTION('',(-1.,-0.,-0.));
#9158 = ORIENTED_EDGE('',*,*,#6805,.T.);
#9159 = ORIENTED_EDGE('',*,*,#9160,.T.);
#9160 = EDGE_CURVE('',#6798,#544,#9161,.T.);
#9161 = LINE('',#9162,#9163);
#9162 = CARTESIAN_POINT('',(290.,-4.,20.5));
#9163 = VECTOR('',#9164,1.);
#9164 = DIRECTION('',(1.,0.,0.));
#9165 = ORIENTED_EDGE('',*,*,#552,.F.);
#9166 = PLANE('',#9167);
#9167 = AXIS2_PLACEMENT_3D('',#9168,#9169,#9170);
#9168 = CARTESIAN_POINT('',(290.,-4.,23.010050506339));
#9169 = DIRECTION('',(0.,-1.,-1.7E-16));
#9170 = DIRECTION('',(0.,1.7E-16,-1.));
#9171 = ADVANCED_FACE('',(#9172,#9183),#9202,.T.);
#9172 = FACE_BOUND('',#9173,.T.);
#9173 = EDGE_LOOP('',(#9174,#9175,#9181,#9182));
#9174 = ORIENTED_EDGE('',*,*,#4815,.F.);
#9175 = ORIENTED_EDGE('',*,*,#9176,.T.);
#9176 = EDGE_CURVE('',#4808,#6814,#9177,.T.);
#9177 = LINE('',#9178,#9179);
#9178 = CARTESIAN_POINT('',(290.,-6.2,25.210050506339));
#9179 = VECTOR('',#9180,1.);
#9180 = DIRECTION('',(-1.,-0.,-0.));
#9181 = ORIENTED_EDGE('',*,*,#6813,.T.);
#9182 = ORIENTED_EDGE('',*,*,#9153,.F.);
#9183 = FACE_BOUND('',#9184,.T.);
#9184 = EDGE_LOOP('',(#9185,#9195));
#9185 = ORIENTED_EDGE('',*,*,#9186,.T.);
#9186 = EDGE_CURVE('',#9187,#9189,#9191,.T.);
#9187 = VERTEX_POINT('',#9188);
#9188 = CARTESIAN_POINT('',(158.50115348803,-4.2,23.210050506339));
#9189 = VERTEX_POINT('',#9190);
#9190 = CARTESIAN_POINT('',(151.49884651196,-4.2,23.210050506339));
#9191 = LINE('',#9192,#9193);
#9192 = CARTESIAN_POINT('',(290.,-4.2,23.210050506339));
#9193 = VECTOR('',#9194,1.);
#9194 = DIRECTION('',(-1.,-0.,-0.));
#9195 = ORIENTED_EDGE('',*,*,#9196,.T.);
#9196 = EDGE_CURVE('',#9189,#9187,#9197,.T.);
#9197 = ( BOUNDED_CURVE() B_SPLINE_CURVE(3,(#9198,#9199,#9200,#9201),
.UNSPECIFIED.,.F.,.F.) B_SPLINE_CURVE_WITH_KNOTS((4,4),(5.454438644374,
7.111931969985),.PIECEWISE_BEZIER_KNOTS.) CURVE() 
GEOMETRIC_REPRESENTATION_ITEM() RATIONAL_B_SPLINE_CURVE((1.,
0.783866737732,0.783866737732,1.)) REPRESENTATION_ITEM('') );
#9198 = CARTESIAN_POINT('',(151.49884651196,-4.2,23.210050506339));
#9199 = CARTESIAN_POINT('',(153.5111612644,-6.394801234625,
    25.404851740964));
#9200 = CARTESIAN_POINT('',(156.48883873559,-6.394801234625,
    25.404851740964));
#9201 = CARTESIAN_POINT('',(158.50115348803,-4.2,23.210050506339));
#9202 = PLANE('',#9203);
#9203 = AXIS2_PLACEMENT_3D('',#9204,#9205,#9206);
#9204 = CARTESIAN_POINT('',(290.,-6.2,25.210050506339));
#9205 = DIRECTION('',(0.,-0.707106781187,-0.707106781187));
#9206 = DIRECTION('',(0.,0.707106781187,-0.707106781187));
#9207 = ADVANCED_FACE('',(#9208),#9219,.T.);
#9208 = FACE_BOUND('',#9209,.T.);
#9209 = EDGE_LOOP('',(#9210,#9211,#9217,#9218));
#9210 = ORIENTED_EDGE('',*,*,#4807,.F.);
#9211 = ORIENTED_EDGE('',*,*,#9212,.T.);
#9212 = EDGE_CURVE('',#4800,#6822,#9213,.T.);
#9213 = LINE('',#9214,#9215);
#9214 = CARTESIAN_POINT('',(290.,-8.2,25.210050506339));
#9215 = VECTOR('',#9216,1.);
#9216 = DIRECTION('',(-1.,0.,-0.));
#9217 = ORIENTED_EDGE('',*,*,#6821,.T.);
#9218 = ORIENTED_EDGE('',*,*,#9176,.F.);
#9219 = PLANE('',#9220);
#9220 = AXIS2_PLACEMENT_3D('',#9221,#9222,#9223);
#9221 = CARTESIAN_POINT('',(290.,-8.2,25.210050506339));
#9222 = DIRECTION('',(0.,1.7E-16,-1.));
#9223 = DIRECTION('',(0.,1.,1.7E-16));
#9224 = ADVANCED_FACE('',(#9225),#9253,.T.);
#9225 = FACE_BOUND('',#9226,.T.);
#9226 = EDGE_LOOP('',(#9227,#9228,#9236,#9245,#9251,#9252));
#9227 = ORIENTED_EDGE('',*,*,#4799,.F.);
#9228 = ORIENTED_EDGE('',*,*,#9229,.T.);
#9229 = EDGE_CURVE('',#4792,#9230,#9232,.T.);
#9230 = VERTEX_POINT('',#9231);
#9231 = CARTESIAN_POINT('',(158.68272996566,-8.2,23.));
#9232 = LINE('',#9233,#9234);
#9233 = CARTESIAN_POINT('',(290.,-8.2,23.));
#9234 = VECTOR('',#9235,1.);
#9235 = DIRECTION('',(-1.,-0.,-0.));
#9236 = ORIENTED_EDGE('',*,*,#9237,.T.);
#9237 = EDGE_CURVE('',#9230,#9238,#9240,.T.);
#9238 = VERTEX_POINT('',#9239);
#9239 = CARTESIAN_POINT('',(151.31727003433,-8.2,23.));
#9240 = CIRCLE('',#9241,4.75);
#9241 = AXIS2_PLACEMENT_3D('',#9242,#9243,#9244);
#9242 = CARTESIAN_POINT('',(155.,-8.2,20.));
#9243 = DIRECTION('',(0.,-1.,-0.));
#9244 = DIRECTION('',(0.,0.,-1.));
#9245 = ORIENTED_EDGE('',*,*,#9246,.T.);
#9246 = EDGE_CURVE('',#9238,#6830,#9247,.T.);
#9247 = LINE('',#9248,#9249);
#9248 = CARTESIAN_POINT('',(290.,-8.2,23.));
#9249 = VECTOR('',#9250,1.);
#9250 = DIRECTION('',(-1.,-0.,-0.));
#9251 = ORIENTED_EDGE('',*,*,#6829,.T.);
#9252 = ORIENTED_EDGE('',*,*,#9212,.F.);
#9253 = PLANE('',#9254);
#9254 = AXIS2_PLACEMENT_3D('',#9255,#9256,#9257);
#9255 = CARTESIAN_POINT('',(290.,-8.2,23.));
#9256 = DIRECTION('',(-0.,1.,1.7E-16));
#9257 = DIRECTION('',(0.,-1.7E-16,1.));
#9258 = ADVANCED_FACE('',(#9259),#9278,.T.);
#9259 = FACE_BOUND('',#9260,.T.);
#9260 = EDGE_LOOP('',(#9261,#9262,#9263,#9270,#9271,#9272));
#9261 = ORIENTED_EDGE('',*,*,#6837,.T.);
#9262 = ORIENTED_EDGE('',*,*,#9246,.F.);
#9263 = ORIENTED_EDGE('',*,*,#9264,.T.);
#9264 = EDGE_CURVE('',#9238,#9230,#9265,.T.);
#9265 = ( BOUNDED_CURVE() B_SPLINE_CURVE(3,(#9266,#9267,#9268,#9269),
.UNSPECIFIED.,.F.,.F.) B_SPLINE_CURVE_WITH_KNOTS((4,4),(5.395977039557,
7.170393574802),.PIECEWISE_BEZIER_KNOTS.) CURVE() 
GEOMETRIC_REPRESENTATION_ITEM() RATIONAL_B_SPLINE_CURVE((1.,
0.754385964912,0.754385964912,1.)) REPRESENTATION_ITEM('') );
#9266 = CARTESIAN_POINT('',(151.31727003433,-8.2,23.));
#9267 = CARTESIAN_POINT('',(153.37274722447,-10.72325581395,
    25.523255813954));
#9268 = CARTESIAN_POINT('',(156.62725277552,-10.72325581395,
    25.523255813954));
#9269 = CARTESIAN_POINT('',(158.68272996566,-8.2,23.));
#9270 = ORIENTED_EDGE('',*,*,#9229,.F.);
#9271 = ORIENTED_EDGE('',*,*,#4791,.F.);
#9272 = ORIENTED_EDGE('',*,*,#9273,.T.);
#9273 = EDGE_CURVE('',#4784,#6838,#9274,.T.);
#9274 = LINE('',#9275,#9276);
#9275 = CARTESIAN_POINT('',(290.,-10.,24.8));
#9276 = VECTOR('',#9277,1.);
#9277 = DIRECTION('',(-1.,-0.,-0.));
#9278 = PLANE('',#9279);
#9279 = AXIS2_PLACEMENT_3D('',#9280,#9281,#9282);
#9280 = CARTESIAN_POINT('',(290.,-10.,24.8));
#9281 = DIRECTION('',(0.,-0.707106781187,-0.707106781187));
#9282 = DIRECTION('',(0.,0.707106781187,-0.707106781187));
#9283 = ADVANCED_FACE('',(#9284),#9295,.T.);
#9284 = FACE_BOUND('',#9285,.T.);
#9285 = EDGE_LOOP('',(#9286,#9287,#9293,#9294));
#9286 = ORIENTED_EDGE('',*,*,#4783,.F.);
#9287 = ORIENTED_EDGE('',*,*,#9288,.T.);
#9288 = EDGE_CURVE('',#4776,#6846,#9289,.T.);
#9289 = LINE('',#9290,#9291);
#9290 = CARTESIAN_POINT('',(290.,-10.,30.));
#9291 = VECTOR('',#9292,1.);
#9292 = DIRECTION('',(-1.,-0.,-0.));
#9293 = ORIENTED_EDGE('',*,*,#6845,.T.);
#9294 = ORIENTED_EDGE('',*,*,#9273,.F.);
#9295 = PLANE('',#9296);
#9296 = AXIS2_PLACEMENT_3D('',#9297,#9298,#9299);
#9297 = CARTESIAN_POINT('',(290.,-10.,10.));
#9298 = DIRECTION('',(0.,-1.,-1.7E-16));
#9299 = DIRECTION('',(0.,1.7E-16,-1.));
#9300 = ADVANCED_FACE('',(#9301),#9312,.T.);
#9301 = FACE_BOUND('',#9302,.T.);
#9302 = EDGE_LOOP('',(#9303,#9304,#9305,#9306));
#9303 = ORIENTED_EDGE('',*,*,#6853,.T.);
#9304 = ORIENTED_EDGE('',*,*,#9288,.F.);
#9305 = ORIENTED_EDGE('',*,*,#4775,.F.);
#9306 = ORIENTED_EDGE('',*,*,#9307,.T.);
#9307 = EDGE_CURVE('',#4768,#6854,#9308,.T.);
#9308 = LINE('',#9309,#9310);
#9309 = CARTESIAN_POINT('',(290.,-4.8,30.));
#9310 = VECTOR('',#9311,1.);
#9311 = DIRECTION('',(-1.,-0.,-0.));
#9312 = PLANE('',#9313);
#9313 = AXIS2_PLACEMENT_3D('',#9314,#9315,#9316);
#9314 = CARTESIAN_POINT('',(290.,10.,30.));
#9315 = DIRECTION('',(0.,-0.,1.));
#9316 = DIRECTION('',(0.,-1.,-0.));
#9317 = ADVANCED_FACE('',(#9318),#9346,.T.);
#9318 = FACE_BOUND('',#9319,.T.);
#9319 = EDGE_LOOP('',(#9320,#9321,#9329,#9338,#9344,#9345));
#9320 = ORIENTED_EDGE('',*,*,#4767,.F.);
#9321 = ORIENTED_EDGE('',*,*,#9322,.T.);
#9322 = EDGE_CURVE('',#4760,#9323,#9325,.T.);
#9323 = VERTEX_POINT('',#9324);
#9324 = CARTESIAN_POINT('',(148.68272996566,-3.,28.2));
#9325 = LINE('',#9326,#9327);
#9326 = CARTESIAN_POINT('',(290.,-3.,28.2));
#9327 = VECTOR('',#9328,1.);
#9328 = DIRECTION('',(-1.,-0.,-0.));
#9329 = ORIENTED_EDGE('',*,*,#9330,.T.);
#9330 = EDGE_CURVE('',#9323,#9331,#9333,.T.);
#9331 = VERTEX_POINT('',#9332);
#9332 = CARTESIAN_POINT('',(141.31727003433,-3.,28.2));
#9333 = ( BOUNDED_CURVE() B_SPLINE_CURVE(3,(#9334,#9335,#9336,#9337),
.UNSPECIFIED.,.F.,.F.) B_SPLINE_CURVE_WITH_KNOTS((4,4),(5.395977039557,
7.170393574802),.PIECEWISE_BEZIER_KNOTS.) CURVE() 
GEOMETRIC_REPRESENTATION_ITEM() RATIONAL_B_SPLINE_CURVE((1.,
0.754385964912,0.754385964912,1.)) REPRESENTATION_ITEM('') );
#9334 = CARTESIAN_POINT('',(148.68272996566,-3.,28.2));
#9335 = CARTESIAN_POINT('',(146.62725277552,-5.523255813953,
    30.723255813953));
#9336 = CARTESIAN_POINT('',(143.37274722447,-5.523255813953,
    30.723255813953));
#9337 = CARTESIAN_POINT('',(141.31727003433,-3.,28.2));
#9338 = ORIENTED_EDGE('',*,*,#9339,.T.);
#9339 = EDGE_CURVE('',#9331,#6862,#9340,.T.);
#9340 = LINE('',#9341,#9342);
#9341 = CARTESIAN_POINT('',(290.,-3.,28.2));
#9342 = VECTOR('',#9343,1.);
#9343 = DIRECTION('',(-1.,-0.,-0.));
#9344 = ORIENTED_EDGE('',*,*,#6861,.T.);
#9345 = ORIENTED_EDGE('',*,*,#9307,.F.);
#9346 = PLANE('',#9347);
#9347 = AXIS2_PLACEMENT_3D('',#9348,#9349,#9350);
#9348 = CARTESIAN_POINT('',(290.,-4.8,30.));
#9349 = DIRECTION('',(-0.,0.707106781187,0.707106781187));
#9350 = DIRECTION('',(0.,-0.707106781187,0.707106781187));
#9351 = ADVANCED_FACE('',(#9352),#9371,.T.);
#9352 = FACE_BOUND('',#9353,.T.);
#9353 = EDGE_LOOP('',(#9354,#9355,#9356,#9363,#9364,#9365));
#9354 = ORIENTED_EDGE('',*,*,#6869,.T.);
#9355 = ORIENTED_EDGE('',*,*,#9339,.F.);
#9356 = ORIENTED_EDGE('',*,*,#9357,.T.);
#9357 = EDGE_CURVE('',#9331,#9323,#9358,.T.);
#9358 = CIRCLE('',#9359,4.75);
#9359 = AXIS2_PLACEMENT_3D('',#9360,#9361,#9362);
#9360 = CARTESIAN_POINT('',(145.,3.342E-14,28.2));
#9361 = DIRECTION('',(0.,0.,1.));
#9362 = DIRECTION('',(1.,0.,-0.));
#9363 = ORIENTED_EDGE('',*,*,#9322,.F.);
#9364 = ORIENTED_EDGE('',*,*,#4759,.F.);
#9365 = ORIENTED_EDGE('',*,*,#9366,.T.);
#9366 = EDGE_CURVE('',#4752,#6870,#9367,.T.);
#9367 = LINE('',#9368,#9369);
#9368 = CARTESIAN_POINT('',(290.,-5.210050506339,28.2));
#9369 = VECTOR('',#9370,1.);
#9370 = DIRECTION('',(-1.,0.,-0.));
#9371 = PLANE('',#9372);
#9372 = AXIS2_PLACEMENT_3D('',#9373,#9374,#9375);
#9373 = CARTESIAN_POINT('',(290.,-3.,28.2));
#9374 = DIRECTION('',(0.,9.6E-16,-1.));
#9375 = DIRECTION('',(0.,1.,9.6E-16));
#9376 = ADVANCED_FACE('',(#9377),#9388,.T.);
#9377 = FACE_BOUND('',#9378,.T.);
#9378 = EDGE_LOOP('',(#9379,#9380,#9386,#9387));
#9379 = ORIENTED_EDGE('',*,*,#4751,.F.);
#9380 = ORIENTED_EDGE('',*,*,#9381,.T.);
#9381 = EDGE_CURVE('',#4744,#6878,#9382,.T.);
#9382 = LINE('',#9383,#9384);
#9383 = CARTESIAN_POINT('',(290.,-5.210050506339,26.2));
#9384 = VECTOR('',#9385,1.);
#9385 = DIRECTION('',(-1.,-0.,-0.));
#9386 = ORIENTED_EDGE('',*,*,#6877,.T.);
#9387 = ORIENTED_EDGE('',*,*,#9366,.F.);
#9388 = PLANE('',#9389);
#9389 = AXIS2_PLACEMENT_3D('',#9390,#9391,#9392);
#9390 = CARTESIAN_POINT('',(290.,-5.210050506339,28.2));
#9391 = DIRECTION('',(-0.,1.,6.1E-16));
#9392 = DIRECTION('',(0.,-6.1E-16,1.));
#9393 = ADVANCED_FACE('',(#9394,#9405),#9424,.T.);
#9394 = FACE_BOUND('',#9395,.T.);
#9395 = EDGE_LOOP('',(#9396,#9397,#9403,#9404));
#9396 = ORIENTED_EDGE('',*,*,#4743,.F.);
#9397 = ORIENTED_EDGE('',*,*,#9398,.T.);
#9398 = EDGE_CURVE('',#4736,#6886,#9399,.T.);
#9399 = LINE('',#9400,#9401);
#9400 = CARTESIAN_POINT('',(290.,-3.010050506339,24.));
#9401 = VECTOR('',#9402,1.);
#9402 = DIRECTION('',(-1.,-0.,-0.));
#9403 = ORIENTED_EDGE('',*,*,#6885,.T.);
#9404 = ORIENTED_EDGE('',*,*,#9381,.F.);
#9405 = FACE_BOUND('',#9406,.T.);
#9406 = EDGE_LOOP('',(#9407,#9417));
#9407 = ORIENTED_EDGE('',*,*,#9408,.T.);
#9408 = EDGE_CURVE('',#9409,#9411,#9413,.T.);
#9409 = VERTEX_POINT('',#9410);
#9410 = CARTESIAN_POINT('',(141.49884651196,-3.210050506339,24.2));
#9411 = VERTEX_POINT('',#9412);
#9412 = CARTESIAN_POINT('',(148.50115348803,-3.210050506339,24.2));
#9413 = LINE('',#9414,#9415);
#9414 = CARTESIAN_POINT('',(290.,-3.210050506339,24.2));
#9415 = VECTOR('',#9416,1.);
#9416 = DIRECTION('',(1.,0.,0.));
#9417 = ORIENTED_EDGE('',*,*,#9418,.T.);
#9418 = EDGE_CURVE('',#9411,#9409,#9419,.T.);
#9419 = ( BOUNDED_CURVE() B_SPLINE_CURVE(3,(#9420,#9421,#9422,#9423),
.UNSPECIFIED.,.F.,.F.) B_SPLINE_CURVE_WITH_KNOTS((4,4),(5.454438644374,
7.111931969985),.PIECEWISE_BEZIER_KNOTS.) CURVE() 
GEOMETRIC_REPRESENTATION_ITEM() RATIONAL_B_SPLINE_CURVE((1.,
0.783866737732,0.783866737732,1.)) REPRESENTATION_ITEM('') );
#9420 = CARTESIAN_POINT('',(148.50115348803,-3.210050506339,24.2));
#9421 = CARTESIAN_POINT('',(146.48883873559,-5.404851740963,
    26.394801234625));
#9422 = CARTESIAN_POINT('',(143.5111612644,-5.404851740963,
    26.394801234625));
#9423 = CARTESIAN_POINT('',(141.49884651196,-3.210050506339,24.2));
#9424 = PLANE('',#9425);
#9425 = AXIS2_PLACEMENT_3D('',#9426,#9427,#9428);
#9426 = CARTESIAN_POINT('',(290.,-5.210050506339,26.2));
#9427 = DIRECTION('',(-0.,0.707106781187,0.707106781187));
#9428 = DIRECTION('',(0.,-0.707106781187,0.707106781187));
#9429 = ADVANCED_FACE('',(#9430),#9457,.T.);
#9430 = FACE_BOUND('',#9431,.T.);
#9431 = EDGE_LOOP('',(#9432,#9433,#9439,#9440,#9441,#9442,#9450));
#9432 = ORIENTED_EDGE('',*,*,#1477,.F.);
#9433 = ORIENTED_EDGE('',*,*,#9434,.T.);
#9434 = EDGE_CURVE('',#1399,#6894,#9435,.T.);
#9435 = LINE('',#9436,#9437);
#9436 = CARTESIAN_POINT('',(290.,-0.5,24.));
#9437 = VECTOR('',#9438,1.);
#9438 = DIRECTION('',(-1.,-0.,-0.));
#9439 = ORIENTED_EDGE('',*,*,#6893,.T.);
#9440 = ORIENTED_EDGE('',*,*,#9398,.F.);
#9441 = ORIENTED_EDGE('',*,*,#4735,.F.);
#9442 = ORIENTED_EDGE('',*,*,#9443,.T.);
#9443 = EDGE_CURVE('',#4728,#9444,#9446,.T.);
#9444 = VERTEX_POINT('',#9445);
#9445 = CARTESIAN_POINT('',(147.60240273593,-0.5,24.));
#9446 = LINE('',#9447,#9448);
#9447 = CARTESIAN_POINT('',(290.,-0.5,24.));
#9448 = VECTOR('',#9449,1.);
#9449 = DIRECTION('',(-1.,-0.,-0.));
#9450 = ORIENTED_EDGE('',*,*,#9451,.F.);
#9451 = EDGE_CURVE('',#1470,#9444,#9452,.T.);
#9452 = CIRCLE('',#9453,2.65);
#9453 = AXIS2_PLACEMENT_3D('',#9454,#9455,#9456);
#9454 = CARTESIAN_POINT('',(145.,2.857E-14,24.));
#9455 = DIRECTION('',(0.,-4.6E-16,1.));
#9456 = DIRECTION('',(-0.,-1.,-4.6E-16));
#9457 = PLANE('',#9458);
#9458 = AXIS2_PLACEMENT_3D('',#9459,#9460,#9461);
#9459 = CARTESIAN_POINT('',(290.,3.010050506339,24.));
#9460 = DIRECTION('',(0.,-4.6E-16,1.));
#9461 = DIRECTION('',(0.,-1.,-4.6E-16));
#9462 = ADVANCED_FACE('',(#9463),#9495,.T.);
#9463 = FACE_BOUND('',#9464,.T.);
#9464 = EDGE_LOOP('',(#9465,#9474,#9480,#9481,#9487,#9488,#9494));
#9465 = ORIENTED_EDGE('',*,*,#9466,.F.);
#9466 = EDGE_CURVE('',#9467,#1417,#9469,.T.);
#9467 = VERTEX_POINT('',#9468);
#9468 = CARTESIAN_POINT('',(147.60240273593,0.5,24.));
#9469 = CIRCLE('',#9470,2.65);
#9470 = AXIS2_PLACEMENT_3D('',#9471,#9472,#9473);
#9471 = CARTESIAN_POINT('',(145.,2.857E-14,24.));
#9472 = DIRECTION('',(0.,-4.6E-16,1.));
#9473 = DIRECTION('',(-0.,-1.,-4.6E-16));
#9474 = ORIENTED_EDGE('',*,*,#9475,.T.);
#9475 = EDGE_CURVE('',#9467,#4712,#9476,.T.);
#9476 = LINE('',#9477,#9478);
#9477 = CARTESIAN_POINT('',(290.,0.5,24.));
#9478 = VECTOR('',#9479,1.);
#9479 = DIRECTION('',(1.,0.,0.));
#9480 = ORIENTED_EDGE('',*,*,#4711,.F.);
#9481 = ORIENTED_EDGE('',*,*,#9482,.T.);
#9482 = EDGE_CURVE('',#4704,#6918,#9483,.T.);
#9483 = LINE('',#9484,#9485);
#9484 = CARTESIAN_POINT('',(290.,3.010050506339,24.));
#9485 = VECTOR('',#9486,1.);
#9486 = DIRECTION('',(-1.,-0.,-0.));
#9487 = ORIENTED_EDGE('',*,*,#6917,.T.);
#9488 = ORIENTED_EDGE('',*,*,#9489,.T.);
#9489 = EDGE_CURVE('',#6910,#1408,#9490,.T.);
#9490 = LINE('',#9491,#9492);
#9491 = CARTESIAN_POINT('',(290.,0.5,24.));
#9492 = VECTOR('',#9493,1.);
#9493 = DIRECTION('',(1.,0.,0.));
#9494 = ORIENTED_EDGE('',*,*,#1416,.F.);
#9495 = PLANE('',#9496);
#9496 = AXIS2_PLACEMENT_3D('',#9497,#9498,#9499);
#9497 = CARTESIAN_POINT('',(290.,3.010050506339,24.));
#9498 = DIRECTION('',(0.,-4.6E-16,1.));
#9499 = DIRECTION('',(0.,-1.,-4.6E-16));
#9500 = ADVANCED_FACE('',(#9501,#9512),#9531,.T.);
#9501 = FACE_BOUND('',#9502,.T.);
#9502 = EDGE_LOOP('',(#9503,#9504,#9510,#9511));
#9503 = ORIENTED_EDGE('',*,*,#4703,.F.);
#9504 = ORIENTED_EDGE('',*,*,#9505,.T.);
#9505 = EDGE_CURVE('',#4696,#6926,#9506,.T.);
#9506 = LINE('',#9507,#9508);
#9507 = CARTESIAN_POINT('',(290.,5.210050506339,26.2));
#9508 = VECTOR('',#9509,1.);
#9509 = DIRECTION('',(-1.,-0.,-0.));
#9510 = ORIENTED_EDGE('',*,*,#6925,.T.);
#9511 = ORIENTED_EDGE('',*,*,#9482,.F.);
#9512 = FACE_BOUND('',#9513,.T.);
#9513 = EDGE_LOOP('',(#9514,#9524));
#9514 = ORIENTED_EDGE('',*,*,#9515,.T.);
#9515 = EDGE_CURVE('',#9516,#9518,#9520,.T.);
#9516 = VERTEX_POINT('',#9517);
#9517 = CARTESIAN_POINT('',(148.50115348803,3.210050506339,24.2));
#9518 = VERTEX_POINT('',#9519);
#9519 = CARTESIAN_POINT('',(141.49884651196,3.210050506339,24.2));
#9520 = LINE('',#9521,#9522);
#9521 = CARTESIAN_POINT('',(290.,3.210050506339,24.2));
#9522 = VECTOR('',#9523,1.);
#9523 = DIRECTION('',(-1.,-0.,-0.));
#9524 = ORIENTED_EDGE('',*,*,#9525,.T.);
#9525 = EDGE_CURVE('',#9518,#9516,#9526,.T.);
#9526 = ( BOUNDED_CURVE() B_SPLINE_CURVE(3,(#9527,#9528,#9529,#9530),
.UNSPECIFIED.,.F.,.F.) B_SPLINE_CURVE_WITH_KNOTS((4,4),(5.454438644374,
7.111931969985),.PIECEWISE_BEZIER_KNOTS.) CURVE() 
GEOMETRIC_REPRESENTATION_ITEM() RATIONAL_B_SPLINE_CURVE((1.,
0.783866737732,0.783866737732,1.)) REPRESENTATION_ITEM('') );
#9527 = CARTESIAN_POINT('',(141.49884651196,3.210050506339,24.2));
#9528 = CARTESIAN_POINT('',(143.5111612644,5.404851740964,
    26.394801234625));
#9529 = CARTESIAN_POINT('',(146.48883873559,5.404851740964,
    26.394801234625));
#9530 = CARTESIAN_POINT('',(148.50115348803,3.210050506339,24.2));
#9531 = PLANE('',#9532);
#9532 = AXIS2_PLACEMENT_3D('',#9533,#9534,#9535);
#9533 = CARTESIAN_POINT('',(290.,5.210050506339,26.2));
#9534 = DIRECTION('',(0.,-0.707106781187,0.707106781187));
#9535 = DIRECTION('',(0.,-0.707106781187,-0.707106781187));
#9536 = ADVANCED_FACE('',(#9537),#9548,.T.);
#9537 = FACE_BOUND('',#9538,.T.);
#9538 = EDGE_LOOP('',(#9539,#9540,#9546,#9547));
#9539 = ORIENTED_EDGE('',*,*,#4695,.F.);
#9540 = ORIENTED_EDGE('',*,*,#9541,.T.);
#9541 = EDGE_CURVE('',#4688,#6934,#9542,.T.);
#9542 = LINE('',#9543,#9544);
#9543 = CARTESIAN_POINT('',(290.,5.210050506339,28.2));
#9544 = VECTOR('',#9545,1.);
#9545 = DIRECTION('',(-1.,-0.,-0.));
#9546 = ORIENTED_EDGE('',*,*,#6933,.T.);
#9547 = ORIENTED_EDGE('',*,*,#9505,.F.);
#9548 = PLANE('',#9549);
#9549 = AXIS2_PLACEMENT_3D('',#9550,#9551,#9552);
#9550 = CARTESIAN_POINT('',(290.,5.210050506339,28.2));
#9551 = DIRECTION('',(0.,-1.,-6.1E-16));
#9552 = DIRECTION('',(0.,6.1E-16,-1.));
#9553 = ADVANCED_FACE('',(#9554),#9568,.T.);
#9554 = FACE_BOUND('',#9555,.T.);
#9555 = EDGE_LOOP('',(#9556,#9557,#9558,#9565,#9566,#9567));
#9556 = ORIENTED_EDGE('',*,*,#4687,.F.);
#9557 = ORIENTED_EDGE('',*,*,#6048,.F.);
#9558 = ORIENTED_EDGE('',*,*,#9559,.T.);
#9559 = EDGE_CURVE('',#6040,#6032,#9560,.T.);
#9560 = CIRCLE('',#9561,4.75);
#9561 = AXIS2_PLACEMENT_3D('',#9562,#9563,#9564);
#9562 = CARTESIAN_POINT('',(145.,3.342E-14,28.2));
#9563 = DIRECTION('',(0.,0.,1.));
#9564 = DIRECTION('',(1.,0.,-0.));
#9565 = ORIENTED_EDGE('',*,*,#6031,.F.);
#9566 = ORIENTED_EDGE('',*,*,#6941,.T.);
#9567 = ORIENTED_EDGE('',*,*,#9541,.F.);
#9568 = PLANE('',#9569);
#9569 = AXIS2_PLACEMENT_3D('',#9570,#9571,#9572);
#9570 = CARTESIAN_POINT('',(290.,3.,28.2));
#9571 = DIRECTION('',(0.,9.6E-16,-1.));
#9572 = DIRECTION('',(0.,1.,9.6E-16));
#9573 = ADVANCED_FACE('',(#9574),#9606,.T.);
#9574 = FACE_BOUND('',#9575,.T.);
#9575 = EDGE_LOOP('',(#9576,#9577,#9583,#9584,#9590,#9591,#9599));
#9576 = ORIENTED_EDGE('',*,*,#815,.F.);
#9577 = ORIENTED_EDGE('',*,*,#9578,.T.);
#9578 = EDGE_CURVE('',#737,#6095,#9579,.T.);
#9579 = LINE('',#9580,#9581);
#9580 = CARTESIAN_POINT('',(290.,16.,19.5));
#9581 = VECTOR('',#9582,1.);
#9582 = DIRECTION('',(-1.,-0.,-0.));
#9583 = ORIENTED_EDGE('',*,*,#6094,.T.);
#9584 = ORIENTED_EDGE('',*,*,#9585,.T.);
#9585 = EDGE_CURVE('',#6087,#5610,#9586,.T.);
#9586 = LINE('',#9587,#9588);
#9587 = CARTESIAN_POINT('',(290.,16.,16.989949493661));
#9588 = VECTOR('',#9589,1.);
#9589 = DIRECTION('',(1.,0.,0.));
#9590 = ORIENTED_EDGE('',*,*,#5609,.F.);
#9591 = ORIENTED_EDGE('',*,*,#9592,.T.);
#9592 = EDGE_CURVE('',#5600,#9593,#9595,.T.);
#9593 = VERTEX_POINT('',#9594);
#9594 = CARTESIAN_POINT('',(157.60240273593,16.,19.5));
#9595 = LINE('',#9596,#9597);
#9596 = CARTESIAN_POINT('',(290.,16.,19.5));
#9597 = VECTOR('',#9598,1.);
#9598 = DIRECTION('',(-1.,-0.,-0.));
#9599 = ORIENTED_EDGE('',*,*,#9600,.F.);
#9600 = EDGE_CURVE('',#808,#9593,#9601,.T.);
#9601 = CIRCLE('',#9602,2.65);
#9602 = AXIS2_PLACEMENT_3D('',#9603,#9604,#9605);
#9603 = CARTESIAN_POINT('',(155.,16.,20.));
#9604 = DIRECTION('',(0.,-1.,0.));
#9605 = DIRECTION('',(0.,-0.,-1.));
#9606 = PLANE('',#9607);
#9607 = AXIS2_PLACEMENT_3D('',#9608,#9609,#9610);
#9608 = CARTESIAN_POINT('',(290.,16.,16.989949493661));
#9609 = DIRECTION('',(0.,-1.,0.));
#9610 = DIRECTION('',(0.,-0.,-1.));
#9611 = ADVANCED_FACE('',(#9612),#9644,.T.);
#9612 = FACE_BOUND('',#9613,.T.);
#9613 = EDGE_LOOP('',(#9614,#9623,#9629,#9630,#9636,#9637,#9643));
#9614 = ORIENTED_EDGE('',*,*,#9615,.F.);
#9615 = EDGE_CURVE('',#9616,#755,#9618,.T.);
#9616 = VERTEX_POINT('',#9617);
#9617 = CARTESIAN_POINT('',(157.60240273593,16.,20.5));
#9618 = CIRCLE('',#9619,2.65);
#9619 = AXIS2_PLACEMENT_3D('',#9620,#9621,#9622);
#9620 = CARTESIAN_POINT('',(155.,16.,20.));
#9621 = DIRECTION('',(0.,-1.,0.));
#9622 = DIRECTION('',(0.,-0.,-1.));
#9623 = ORIENTED_EDGE('',*,*,#9624,.T.);
#9624 = EDGE_CURVE('',#9616,#6002,#9625,.T.);
#9625 = LINE('',#9626,#9627);
#9626 = CARTESIAN_POINT('',(290.,16.,20.5));
#9627 = VECTOR('',#9628,1.);
#9628 = DIRECTION('',(1.,0.,0.));
#9629 = ORIENTED_EDGE('',*,*,#6001,.F.);
#9630 = ORIENTED_EDGE('',*,*,#9631,.T.);
#9631 = EDGE_CURVE('',#5994,#6119,#9632,.T.);
#9632 = LINE('',#9633,#9634);
#9633 = CARTESIAN_POINT('',(290.,16.,23.010050506339));
#9634 = VECTOR('',#9635,1.);
#9635 = DIRECTION('',(-1.,-0.,-0.));
#9636 = ORIENTED_EDGE('',*,*,#6118,.T.);
#9637 = ORIENTED_EDGE('',*,*,#9638,.T.);
#9638 = EDGE_CURVE('',#6111,#746,#9639,.T.);
#9639 = LINE('',#9640,#9641);
#9640 = CARTESIAN_POINT('',(290.,16.,20.5));
#9641 = VECTOR('',#9642,1.);
#9642 = DIRECTION('',(1.,0.,0.));
#9643 = ORIENTED_EDGE('',*,*,#754,.F.);
#9644 = PLANE('',#9645);
#9645 = AXIS2_PLACEMENT_3D('',#9646,#9647,#9648);
#9646 = CARTESIAN_POINT('',(290.,16.,16.989949493661));
#9647 = DIRECTION('',(0.,-1.,0.));
#9648 = DIRECTION('',(0.,-0.,-1.));
#9649 = ADVANCED_FACE('',(#9650),#9661,.T.);
#9650 = FACE_BOUND('',#9651,.T.);
#9651 = EDGE_LOOP('',(#9652,#9653,#9659,#9660));
#9652 = ORIENTED_EDGE('',*,*,#5993,.F.);
#9653 = ORIENTED_EDGE('',*,*,#9654,.T.);
#9654 = EDGE_CURVE('',#5986,#6127,#9655,.T.);
#9655 = LINE('',#9656,#9657);
#9656 = CARTESIAN_POINT('',(290.,13.8,25.210050506339));
#9657 = VECTOR('',#9658,1.);
#9658 = DIRECTION('',(-1.,0.,-0.));
#9659 = ORIENTED_EDGE('',*,*,#6126,.T.);
#9660 = ORIENTED_EDGE('',*,*,#9631,.F.);
#9661 = PLANE('',#9662);
#9662 = AXIS2_PLACEMENT_3D('',#9663,#9664,#9665);
#9663 = CARTESIAN_POINT('',(290.,13.8,25.210050506339));
#9664 = DIRECTION('',(0.,-0.707106781187,-0.707106781187));
#9665 = DIRECTION('',(0.,0.707106781187,-0.707106781187));
#9666 = ADVANCED_FACE('',(#9667),#9678,.T.);
#9667 = FACE_BOUND('',#9668,.T.);
#9668 = EDGE_LOOP('',(#9669,#9670,#9676,#9677));
#9669 = ORIENTED_EDGE('',*,*,#5985,.F.);
#9670 = ORIENTED_EDGE('',*,*,#9671,.T.);
#9671 = EDGE_CURVE('',#5978,#6135,#9672,.T.);
#9672 = LINE('',#9673,#9674);
#9673 = CARTESIAN_POINT('',(290.,6.2,25.210050506339));
#9674 = VECTOR('',#9675,1.);
#9675 = DIRECTION('',(-1.,0.,-0.));
#9676 = ORIENTED_EDGE('',*,*,#6134,.T.);
#9677 = ORIENTED_EDGE('',*,*,#9654,.F.);
#9678 = PLANE('',#9679);
#9679 = AXIS2_PLACEMENT_3D('',#9680,#9681,#9682);
#9680 = CARTESIAN_POINT('',(290.,8.2,25.210050506339));
#9681 = DIRECTION('',(0.,1.7E-16,-1.));
#9682 = DIRECTION('',(0.,1.,1.7E-16));
#9683 = ADVANCED_FACE('',(#9684),#9695,.T.);
#9684 = FACE_BOUND('',#9685,.T.);
#9685 = EDGE_LOOP('',(#9686,#9687,#9693,#9694));
#9686 = ORIENTED_EDGE('',*,*,#5977,.F.);
#9687 = ORIENTED_EDGE('',*,*,#9688,.T.);
#9688 = EDGE_CURVE('',#5970,#6143,#9689,.T.);
#9689 = LINE('',#9690,#9691);
#9690 = CARTESIAN_POINT('',(290.,4.,23.010050506339));
#9691 = VECTOR('',#9692,1.);
#9692 = DIRECTION('',(-1.,0.,-0.));
#9693 = ORIENTED_EDGE('',*,*,#6142,.T.);
#9694 = ORIENTED_EDGE('',*,*,#9671,.F.);
#9695 = PLANE('',#9696);
#9696 = AXIS2_PLACEMENT_3D('',#9697,#9698,#9699);
#9697 = CARTESIAN_POINT('',(290.,6.2,25.210050506339));
#9698 = DIRECTION('',(0.,0.707106781187,-0.707106781187));
#9699 = DIRECTION('',(0.,0.707106781187,0.707106781187));
#9700 = ADVANCED_FACE('',(#9701),#9728,.T.);
#9701 = FACE_BOUND('',#9702,.T.);
#9702 = EDGE_LOOP('',(#9703,#9704,#9710,#9711,#9712,#9713,#9721));
#9703 = ORIENTED_EDGE('',*,*,#569,.F.);
#9704 = ORIENTED_EDGE('',*,*,#9705,.T.);
#9705 = EDGE_CURVE('',#570,#6151,#9706,.T.);
#9706 = LINE('',#9707,#9708);
#9707 = CARTESIAN_POINT('',(290.,4.,20.5));
#9708 = VECTOR('',#9709,1.);
#9709 = DIRECTION('',(-1.,-0.,-0.));
#9710 = ORIENTED_EDGE('',*,*,#6150,.T.);
#9711 = ORIENTED_EDGE('',*,*,#9688,.F.);
#9712 = ORIENTED_EDGE('',*,*,#5969,.F.);
#9713 = ORIENTED_EDGE('',*,*,#9714,.T.);
#9714 = EDGE_CURVE('',#5962,#9715,#9717,.T.);
#9715 = VERTEX_POINT('',#9716);
#9716 = CARTESIAN_POINT('',(157.60240273593,4.,20.5));
#9717 = LINE('',#9718,#9719);
#9718 = CARTESIAN_POINT('',(290.,4.,20.5));
#9719 = VECTOR('',#9720,1.);
#9720 = DIRECTION('',(-1.,-0.,-0.));
#9721 = ORIENTED_EDGE('',*,*,#9722,.F.);
#9722 = EDGE_CURVE('',#562,#9715,#9723,.T.);
#9723 = CIRCLE('',#9724,2.65);
#9724 = AXIS2_PLACEMENT_3D('',#9725,#9726,#9727);
#9725 = CARTESIAN_POINT('',(155.,4.,20.));
#9726 = DIRECTION('',(-0.,1.,1.7E-16));
#9727 = DIRECTION('',(0.,-1.7E-16,1.));
#9728 = PLANE('',#9729);
#9729 = AXIS2_PLACEMENT_3D('',#9730,#9731,#9732);
#9730 = CARTESIAN_POINT('',(290.,4.,16.989949493661));
#9731 = DIRECTION('',(-0.,1.,1.7E-16));
#9732 = DIRECTION('',(0.,-1.7E-16,1.));
#9733 = ADVANCED_FACE('',(#9734),#9766,.T.);
#9734 = FACE_BOUND('',#9735,.T.);
#9735 = EDGE_LOOP('',(#9736,#9745,#9751,#9752,#9758,#9759,#9765));
#9736 = ORIENTED_EDGE('',*,*,#9737,.F.);
#9737 = EDGE_CURVE('',#9738,#597,#9740,.T.);
#9738 = VERTEX_POINT('',#9739);
#9739 = CARTESIAN_POINT('',(157.60240273593,4.,19.5));
#9740 = CIRCLE('',#9741,2.65);
#9741 = AXIS2_PLACEMENT_3D('',#9742,#9743,#9744);
#9742 = CARTESIAN_POINT('',(155.,4.,20.));
#9743 = DIRECTION('',(-0.,1.,1.7E-16));
#9744 = DIRECTION('',(0.,-1.7E-16,1.));
#9745 = ORIENTED_EDGE('',*,*,#9746,.T.);
#9746 = EDGE_CURVE('',#9738,#5946,#9747,.T.);
#9747 = LINE('',#9748,#9749);
#9748 = CARTESIAN_POINT('',(290.,4.,19.5));
#9749 = VECTOR('',#9750,1.);
#9750 = DIRECTION('',(1.,0.,0.));
#9751 = ORIENTED_EDGE('',*,*,#5945,.F.);
#9752 = ORIENTED_EDGE('',*,*,#9753,.T.);
#9753 = EDGE_CURVE('',#5938,#6175,#9754,.T.);
#9754 = LINE('',#9755,#9756);
#9755 = CARTESIAN_POINT('',(290.,4.,16.989949493661));
#9756 = VECTOR('',#9757,1.);
#9757 = DIRECTION('',(-1.,-0.,-0.));
#9758 = ORIENTED_EDGE('',*,*,#6174,.T.);
#9759 = ORIENTED_EDGE('',*,*,#9760,.T.);
#9760 = EDGE_CURVE('',#6167,#588,#9761,.T.);
#9761 = LINE('',#9762,#9763);
#9762 = CARTESIAN_POINT('',(290.,4.,19.5));
#9763 = VECTOR('',#9764,1.);
#9764 = DIRECTION('',(1.,0.,0.));
#9765 = ORIENTED_EDGE('',*,*,#596,.F.);
#9766 = PLANE('',#9767);
#9767 = AXIS2_PLACEMENT_3D('',#9768,#9769,#9770);
#9768 = CARTESIAN_POINT('',(290.,4.,16.989949493661));
#9769 = DIRECTION('',(-0.,1.,1.7E-16));
#9770 = DIRECTION('',(0.,-1.7E-16,1.));
#9771 = ADVANCED_FACE('',(#9772),#9804,.T.);
#9772 = FACE_BOUND('',#9773,.T.);
#9773 = EDGE_LOOP('',(#9774,#9775,#9781,#9782,#9788,#9789,#9797));
#9774 = ORIENTED_EDGE('',*,*,#1433,.F.);
#9775 = ORIENTED_EDGE('',*,*,#9776,.T.);
#9776 = EDGE_CURVE('',#1434,#6191,#9777,.T.);
#9777 = LINE('',#9778,#9779);
#9778 = CARTESIAN_POINT('',(290.,0.5,16.));
#9779 = VECTOR('',#9780,1.);
#9780 = DIRECTION('',(-1.,0.,-0.));
#9781 = ORIENTED_EDGE('',*,*,#6190,.T.);
#9782 = ORIENTED_EDGE('',*,*,#9783,.T.);
#9783 = EDGE_CURVE('',#6183,#5930,#9784,.T.);
#9784 = LINE('',#9785,#9786);
#9785 = CARTESIAN_POINT('',(290.,3.010050506339,16.));
#9786 = VECTOR('',#9787,1.);
#9787 = DIRECTION('',(1.,-0.,0.));
#9788 = ORIENTED_EDGE('',*,*,#5929,.F.);
#9789 = ORIENTED_EDGE('',*,*,#9790,.T.);
#9790 = EDGE_CURVE('',#5922,#9791,#9793,.T.);
#9791 = VERTEX_POINT('',#9792);
#9792 = CARTESIAN_POINT('',(147.60240273593,0.5,16.));
#9793 = LINE('',#9794,#9795);
#9794 = CARTESIAN_POINT('',(290.,0.5,16.));
#9795 = VECTOR('',#9796,1.);
#9796 = DIRECTION('',(-1.,0.,-0.));
#9797 = ORIENTED_EDGE('',*,*,#9798,.F.);
#9798 = EDGE_CURVE('',#1426,#9791,#9799,.T.);
#9799 = CIRCLE('',#9800,2.65);
#9800 = AXIS2_PLACEMENT_3D('',#9801,#9802,#9803);
#9801 = CARTESIAN_POINT('',(145.,2.995E-14,16.));
#9802 = DIRECTION('',(0.,1.7E-16,-1.));
#9803 = DIRECTION('',(0.,1.,1.7E-16));
#9804 = PLANE('',#9805);
#9805 = AXIS2_PLACEMENT_3D('',#9806,#9807,#9808);
#9806 = CARTESIAN_POINT('',(290.,-3.010050506339,16.));
#9807 = DIRECTION('',(0.,1.7E-16,-1.));
#9808 = DIRECTION('',(0.,1.,1.7E-16));
#9809 = ADVANCED_FACE('',(#9810),#9842,.T.);
#9810 = FACE_BOUND('',#9811,.T.);
#9811 = EDGE_LOOP('',(#9812,#9821,#9827,#9828,#9834,#9835,#9841));
#9812 = ORIENTED_EDGE('',*,*,#9813,.F.);
#9813 = EDGE_CURVE('',#9814,#1461,#9816,.T.);
#9814 = VERTEX_POINT('',#9815);
#9815 = CARTESIAN_POINT('',(147.60240273593,-0.5,16.));
#9816 = CIRCLE('',#9817,2.65);
#9817 = AXIS2_PLACEMENT_3D('',#9818,#9819,#9820);
#9818 = CARTESIAN_POINT('',(145.,2.995E-14,16.));
#9819 = DIRECTION('',(0.,1.7E-16,-1.));
#9820 = DIRECTION('',(0.,1.,1.7E-16));
#9821 = ORIENTED_EDGE('',*,*,#9822,.T.);
#9822 = EDGE_CURVE('',#9814,#5906,#9823,.T.);
#9823 = LINE('',#9824,#9825);
#9824 = CARTESIAN_POINT('',(290.,-0.5,16.));
#9825 = VECTOR('',#9826,1.);
#9826 = DIRECTION('',(1.,-0.,0.));
#9827 = ORIENTED_EDGE('',*,*,#5905,.F.);
#9828 = ORIENTED_EDGE('',*,*,#9829,.T.);
#9829 = EDGE_CURVE('',#5898,#6215,#9830,.T.);
#9830 = LINE('',#9831,#9832);
#9831 = CARTESIAN_POINT('',(290.,-3.010050506339,16.));
#9832 = VECTOR('',#9833,1.);
#9833 = DIRECTION('',(-1.,0.,-0.));
#9834 = ORIENTED_EDGE('',*,*,#6214,.T.);
#9835 = ORIENTED_EDGE('',*,*,#9836,.T.);
#9836 = EDGE_CURVE('',#6207,#1452,#9837,.T.);
#9837 = LINE('',#9838,#9839);
#9838 = CARTESIAN_POINT('',(290.,-0.5,16.));
#9839 = VECTOR('',#9840,1.);
#9840 = DIRECTION('',(1.,-0.,0.));
#9841 = ORIENTED_EDGE('',*,*,#1460,.F.);
#9842 = PLANE('',#9843);
#9843 = AXIS2_PLACEMENT_3D('',#9844,#9845,#9846);
#9844 = CARTESIAN_POINT('',(290.,-3.010050506339,16.));
#9845 = DIRECTION('',(0.,1.7E-16,-1.));
#9846 = DIRECTION('',(0.,1.,1.7E-16));
#9847 = ADVANCED_FACE('',(#9848),#9859,.T.);
#9848 = FACE_BOUND('',#9849,.T.);
#9849 = EDGE_LOOP('',(#9850,#9851,#9857,#9858));
#9850 = ORIENTED_EDGE('',*,*,#5897,.F.);
#9851 = ORIENTED_EDGE('',*,*,#9852,.T.);
#9852 = EDGE_CURVE('',#5890,#6223,#9853,.T.);
#9853 = LINE('',#9854,#9855);
#9854 = CARTESIAN_POINT('',(290.,-5.210050506339,13.8));
#9855 = VECTOR('',#9856,1.);
#9856 = DIRECTION('',(-1.,0.,-0.));
#9857 = ORIENTED_EDGE('',*,*,#6222,.T.);
#9858 = ORIENTED_EDGE('',*,*,#9829,.F.);
#9859 = PLANE('',#9860);
#9860 = AXIS2_PLACEMENT_3D('',#9861,#9862,#9863);
#9861 = CARTESIAN_POINT('',(290.,-5.210050506339,13.8));
#9862 = DIRECTION('',(0.,0.707106781187,-0.707106781187));
#9863 = DIRECTION('',(0.,0.707106781187,0.707106781187));
#9864 = ADVANCED_FACE('',(#9865),#9876,.F.);
#9865 = FACE_BOUND('',#9866,.T.);
#9866 = EDGE_LOOP('',(#9867,#9868,#9874,#9875));
#9867 = ORIENTED_EDGE('',*,*,#5889,.F.);
#9868 = ORIENTED_EDGE('',*,*,#9869,.F.);
#9869 = EDGE_CURVE('',#6231,#5882,#9870,.T.);
#9870 = LINE('',#9871,#9872);
#9871 = CARTESIAN_POINT('',(290.,-8.2,13.8));
#9872 = VECTOR('',#9873,1.);
#9873 = DIRECTION('',(1.,0.,0.));
#9874 = ORIENTED_EDGE('',*,*,#6230,.T.);
#9875 = ORIENTED_EDGE('',*,*,#9852,.F.);
#9876 = PLANE('',#9877);
#9877 = AXIS2_PLACEMENT_3D('',#9878,#9879,#9880);
#9878 = CARTESIAN_POINT('',(290.,8.2,13.8));
#9879 = DIRECTION('',(-0.,1.1E-16,1.));
#9880 = DIRECTION('',(0.,-1.,1.1E-16));
#9881 = ADVANCED_FACE('',(#9882),#9893,.F.);
#9882 = FACE_BOUND('',#9883,.T.);
#9883 = EDGE_LOOP('',(#9884,#9885,#9886,#9892));
#9884 = ORIENTED_EDGE('',*,*,#9869,.T.);
#9885 = ORIENTED_EDGE('',*,*,#5881,.F.);
#9886 = ORIENTED_EDGE('',*,*,#9887,.F.);
#9887 = EDGE_CURVE('',#6239,#5874,#9888,.T.);
#9888 = LINE('',#9889,#9890);
#9889 = CARTESIAN_POINT('',(290.,-8.2,6.2));
#9890 = VECTOR('',#9891,1.);
#9891 = DIRECTION('',(1.,0.,0.));
#9892 = ORIENTED_EDGE('',*,*,#6238,.T.);
#9893 = PLANE('',#9894);
#9894 = AXIS2_PLACEMENT_3D('',#9895,#9896,#9897);
#9895 = CARTESIAN_POINT('',(290.,-8.2,6.2));
#9896 = DIRECTION('',(0.,-1.,0.));
#9897 = DIRECTION('',(0.,-0.,-1.));
#9898 = ADVANCED_FACE('',(#9899),#9910,.F.);
#9899 = FACE_BOUND('',#9900,.T.);
#9900 = EDGE_LOOP('',(#9901,#9902,#9903,#9909));
#9901 = ORIENTED_EDGE('',*,*,#9887,.T.);
#9902 = ORIENTED_EDGE('',*,*,#5873,.F.);
#9903 = ORIENTED_EDGE('',*,*,#9904,.F.);
#9904 = EDGE_CURVE('',#6247,#5866,#9905,.T.);
#9905 = LINE('',#9906,#9907);
#9906 = CARTESIAN_POINT('',(290.,-5.210050506339,6.2));
#9907 = VECTOR('',#9908,1.);
#9908 = DIRECTION('',(1.,0.,0.));
#9909 = ORIENTED_EDGE('',*,*,#6246,.T.);
#9910 = PLANE('',#9911);
#9911 = AXIS2_PLACEMENT_3D('',#9912,#9913,#9914);
#9912 = CARTESIAN_POINT('',(290.,8.2,6.2));
#9913 = DIRECTION('',(0.,-1.1E-16,-1.));
#9914 = DIRECTION('',(0.,1.,-1.1E-16));
#9915 = ADVANCED_FACE('',(#9916),#9927,.F.);
#9916 = FACE_BOUND('',#9917,.T.);
#9917 = EDGE_LOOP('',(#9918,#9919,#9920,#9926));
#9918 = ORIENTED_EDGE('',*,*,#9904,.T.);
#9919 = ORIENTED_EDGE('',*,*,#5865,.F.);
#9920 = ORIENTED_EDGE('',*,*,#9921,.F.);
#9921 = EDGE_CURVE('',#6255,#5858,#9922,.T.);
#9922 = LINE('',#9923,#9924);
#9923 = CARTESIAN_POINT('',(290.,-3.010050506339,4.));
#9924 = VECTOR('',#9925,1.);
#9925 = DIRECTION('',(1.,0.,0.));
#9926 = ORIENTED_EDGE('',*,*,#6254,.T.);
#9927 = PLANE('',#9928);
#9928 = AXIS2_PLACEMENT_3D('',#9929,#9930,#9931);
#9929 = CARTESIAN_POINT('',(290.,-5.210050506339,6.2));
#9930 = DIRECTION('',(0.,-0.707106781187,-0.707106781187));
#9931 = DIRECTION('',(0.,0.707106781187,-0.707106781187));
#9932 = ADVANCED_FACE('',(#9933),#9960,.F.);
#9933 = FACE_BOUND('',#9934,.T.);
#9934 = EDGE_LOOP('',(#9935,#9943,#9950,#9951,#9957,#9958,#9959));
#9935 = ORIENTED_EDGE('',*,*,#9936,.F.);
#9936 = EDGE_CURVE('',#9937,#5850,#9939,.T.);
#9937 = VERTEX_POINT('',#9938);
#9938 = CARTESIAN_POINT('',(147.60240273593,-0.5,4.));
#9939 = LINE('',#9940,#9941);
#9940 = CARTESIAN_POINT('',(290.,-0.5,4.));
#9941 = VECTOR('',#9942,1.);
#9942 = DIRECTION('',(1.,-0.,0.));
#9943 = ORIENTED_EDGE('',*,*,#9944,.T.);
#9944 = EDGE_CURVE('',#9937,#1642,#9945,.T.);
#9945 = CIRCLE('',#9946,2.65);
#9946 = AXIS2_PLACEMENT_3D('',#9947,#9948,#9949);
#9947 = CARTESIAN_POINT('',(145.,3.204E-14,4.));
#9948 = DIRECTION('',(0.,0.,-1.));
#9949 = DIRECTION('',(-1.,0.,0.));
#9950 = ORIENTED_EDGE('',*,*,#1649,.T.);
#9951 = ORIENTED_EDGE('',*,*,#9952,.F.);
#9952 = EDGE_CURVE('',#6263,#1569,#9953,.T.);
#9953 = LINE('',#9954,#9955);
#9954 = CARTESIAN_POINT('',(290.,-0.5,4.));
#9955 = VECTOR('',#9956,1.);
#9956 = DIRECTION('',(1.,-0.,0.));
#9957 = ORIENTED_EDGE('',*,*,#6262,.T.);
#9958 = ORIENTED_EDGE('',*,*,#9921,.T.);
#9959 = ORIENTED_EDGE('',*,*,#5857,.F.);
#9960 = PLANE('',#9961);
#9961 = AXIS2_PLACEMENT_3D('',#9962,#9963,#9964);
#9962 = CARTESIAN_POINT('',(290.,-3.010050506339,4.));
#9963 = DIRECTION('',(0.,0.,-1.));
#9964 = DIRECTION('',(-1.,0.,-0.));
#9965 = ADVANCED_FACE('',(#9966),#9998,.F.);
#9966 = FACE_BOUND('',#9967,.T.);
#9967 = EDGE_LOOP('',(#9968,#9974,#9975,#9984,#9990,#9991,#9997));
#9968 = ORIENTED_EDGE('',*,*,#9969,.F.);
#9969 = EDGE_CURVE('',#1580,#6279,#9970,.T.);
#9970 = LINE('',#9971,#9972);
#9971 = CARTESIAN_POINT('',(290.,0.5,4.));
#9972 = VECTOR('',#9973,1.);
#9973 = DIRECTION('',(-1.,0.,-0.));
#9974 = ORIENTED_EDGE('',*,*,#1588,.T.);
#9975 = ORIENTED_EDGE('',*,*,#9976,.T.);
#9976 = EDGE_CURVE('',#1589,#9977,#9979,.T.);
#9977 = VERTEX_POINT('',#9978);
#9978 = CARTESIAN_POINT('',(147.60240273593,0.5,4.));
#9979 = CIRCLE('',#9980,2.65);
#9980 = AXIS2_PLACEMENT_3D('',#9981,#9982,#9983);
#9981 = CARTESIAN_POINT('',(145.,3.204E-14,4.));
#9982 = DIRECTION('',(0.,0.,-1.));
#9983 = DIRECTION('',(-1.,0.,0.));
#9984 = ORIENTED_EDGE('',*,*,#9985,.F.);
#9985 = EDGE_CURVE('',#5834,#9977,#9986,.T.);
#9986 = LINE('',#9987,#9988);
#9987 = CARTESIAN_POINT('',(290.,0.5,4.));
#9988 = VECTOR('',#9989,1.);
#9989 = DIRECTION('',(-1.,0.,-0.));
#9990 = ORIENTED_EDGE('',*,*,#5833,.F.);
#9991 = ORIENTED_EDGE('',*,*,#9992,.F.);
#9992 = EDGE_CURVE('',#6287,#5826,#9993,.T.);
#9993 = LINE('',#9994,#9995);
#9994 = CARTESIAN_POINT('',(290.,3.010050506339,4.));
#9995 = VECTOR('',#9996,1.);
#9996 = DIRECTION('',(1.,-0.,0.));
#9997 = ORIENTED_EDGE('',*,*,#6286,.T.);
#9998 = PLANE('',#9999);
#9999 = AXIS2_PLACEMENT_3D('',#10000,#10001,#10002);
#10000 = CARTESIAN_POINT('',(290.,-3.010050506339,4.));
#10001 = DIRECTION('',(0.,0.,-1.));
#10002 = DIRECTION('',(-1.,0.,-0.));
#10003 = ADVANCED_FACE('',(#10004),#10036,.F.);
#10004 = FACE_BOUND('',#10005,.T.);
#10005 = EDGE_LOOP('',(#10006,#10014,#10021,#10022,#10028,#10029,#10035)
  );
#10006 = ORIENTED_EDGE('',*,*,#10007,.F.);
#10007 = EDGE_CURVE('',#10008,#5810,#10010,.T.);
#10008 = VERTEX_POINT('',#10009);
#10009 = CARTESIAN_POINT('',(137.60240273593,4.,0.5));
#10010 = LINE('',#10011,#10012);
#10011 = CARTESIAN_POINT('',(290.,4.,0.5));
#10012 = VECTOR('',#10013,1.);
#10013 = DIRECTION('',(1.,0.,0.));
#10014 = ORIENTED_EDGE('',*,*,#10015,.T.);
#10015 = EDGE_CURVE('',#10008,#123,#10016,.T.);
#10016 = CIRCLE('',#10017,2.65);
#10017 = AXIS2_PLACEMENT_3D('',#10018,#10019,#10020);
#10018 = CARTESIAN_POINT('',(135.,4.,-2.745E-14));
#10019 = DIRECTION('',(0.,-1.,0.));
#10020 = DIRECTION('',(0.,0.,-1.));
#10021 = ORIENTED_EDGE('',*,*,#130,.T.);
#10022 = ORIENTED_EDGE('',*,*,#10023,.F.);
#10023 = EDGE_CURVE('',#6303,#131,#10024,.T.);
#10024 = LINE('',#10025,#10026);
#10025 = CARTESIAN_POINT('',(290.,4.,0.5));
#10026 = VECTOR('',#10027,1.);
#10027 = DIRECTION('',(1.,0.,0.));
#10028 = ORIENTED_EDGE('',*,*,#6302,.T.);
#10029 = ORIENTED_EDGE('',*,*,#10030,.F.);
#10030 = EDGE_CURVE('',#5818,#6295,#10031,.T.);
#10031 = LINE('',#10032,#10033);
#10032 = CARTESIAN_POINT('',(290.,4.,3.010050506339));
#10033 = VECTOR('',#10034,1.);
#10034 = DIRECTION('',(-1.,-0.,-0.));
#10035 = ORIENTED_EDGE('',*,*,#5817,.F.);
#10036 = PLANE('',#10037);
#10037 = AXIS2_PLACEMENT_3D('',#10038,#10039,#10040);
#10038 = CARTESIAN_POINT('',(290.,4.,3.010050506339));
#10039 = DIRECTION('',(0.,-1.,0.));
#10040 = DIRECTION('',(0.,-0.,-1.));
#10041 = ADVANCED_FACE('',(#10042),#10074,.F.);
#10042 = FACE_BOUND('',#10043,.T.);
#10043 = EDGE_LOOP('',(#10044,#10050,#10051,#10060,#10066,#10067,#10073)
  );
#10044 = ORIENTED_EDGE('',*,*,#10045,.F.);
#10045 = EDGE_CURVE('',#149,#6319,#10046,.T.);
#10046 = LINE('',#10047,#10048);
#10047 = CARTESIAN_POINT('',(290.,4.,-0.5));
#10048 = VECTOR('',#10049,1.);
#10049 = DIRECTION('',(-1.,-0.,-0.));
#10050 = ORIENTED_EDGE('',*,*,#157,.T.);
#10051 = ORIENTED_EDGE('',*,*,#10052,.T.);
#10052 = EDGE_CURVE('',#158,#10053,#10055,.T.);
#10053 = VERTEX_POINT('',#10054);
#10054 = CARTESIAN_POINT('',(137.60240273593,4.,-0.5));
#10055 = CIRCLE('',#10056,2.65);
#10056 = AXIS2_PLACEMENT_3D('',#10057,#10058,#10059);
#10057 = CARTESIAN_POINT('',(135.,4.,-2.745E-14));
#10058 = DIRECTION('',(0.,-1.,0.));
#10059 = DIRECTION('',(0.,0.,-1.));
#10060 = ORIENTED_EDGE('',*,*,#10061,.F.);
#10061 = EDGE_CURVE('',#5794,#10053,#10062,.T.);
#10062 = LINE('',#10063,#10064);
#10063 = CARTESIAN_POINT('',(290.,4.,-0.5));
#10064 = VECTOR('',#10065,1.);
#10065 = DIRECTION('',(-1.,-0.,-0.));
#10066 = ORIENTED_EDGE('',*,*,#5793,.F.);
#10067 = ORIENTED_EDGE('',*,*,#10068,.F.);
#10068 = EDGE_CURVE('',#6327,#5786,#10069,.T.);
#10069 = LINE('',#10070,#10071);
#10070 = CARTESIAN_POINT('',(290.,4.,-3.010050506339));
#10071 = VECTOR('',#10072,1.);
#10072 = DIRECTION('',(1.,0.,0.));
#10073 = ORIENTED_EDGE('',*,*,#6326,.T.);
#10074 = PLANE('',#10075);
#10075 = AXIS2_PLACEMENT_3D('',#10076,#10077,#10078);
#10076 = CARTESIAN_POINT('',(290.,4.,3.010050506339));
#10077 = DIRECTION('',(0.,-1.,0.));
#10078 = DIRECTION('',(0.,-0.,-1.));
#10079 = ADVANCED_FACE('',(#10080),#10091,.F.);
#10080 = FACE_BOUND('',#10081,.T.);
#10081 = EDGE_LOOP('',(#10082,#10083,#10084,#10090));
#10082 = ORIENTED_EDGE('',*,*,#10068,.T.);
#10083 = ORIENTED_EDGE('',*,*,#5785,.F.);
#10084 = ORIENTED_EDGE('',*,*,#10085,.F.);
#10085 = EDGE_CURVE('',#6335,#5778,#10086,.T.);
#10086 = LINE('',#10087,#10088);
#10087 = CARTESIAN_POINT('',(290.,6.2,-5.210050506339));
#10088 = VECTOR('',#10089,1.);
#10089 = DIRECTION('',(1.,0.,0.));
#10090 = ORIENTED_EDGE('',*,*,#6334,.T.);
#10091 = PLANE('',#10092);
#10092 = AXIS2_PLACEMENT_3D('',#10093,#10094,#10095);
#10093 = CARTESIAN_POINT('',(290.,6.2,-5.210050506339));
#10094 = DIRECTION('',(0.,-0.707106781187,-0.707106781187));
#10095 = DIRECTION('',(0.,0.707106781187,-0.707106781187));
#10096 = ADVANCED_FACE('',(#10097),#10108,.F.);
#10097 = FACE_BOUND('',#10098,.T.);
#10098 = EDGE_LOOP('',(#10099,#10100,#10101,#10107));
#10099 = ORIENTED_EDGE('',*,*,#10085,.T.);
#10100 = ORIENTED_EDGE('',*,*,#5777,.F.);
#10101 = ORIENTED_EDGE('',*,*,#10102,.F.);
#10102 = EDGE_CURVE('',#6343,#5770,#10103,.T.);
#10103 = LINE('',#10104,#10105);
#10104 = CARTESIAN_POINT('',(290.,13.8,-5.210050506339));
#10105 = VECTOR('',#10106,1.);
#10106 = DIRECTION('',(1.,-0.,0.));
#10107 = ORIENTED_EDGE('',*,*,#6342,.T.);
#10108 = PLANE('',#10109);
#10109 = AXIS2_PLACEMENT_3D('',#10110,#10111,#10112);
#10110 = CARTESIAN_POINT('',(290.,8.2,-5.210050506339));
#10111 = DIRECTION('',(0.,0.,-1.));
#10112 = DIRECTION('',(-1.,0.,-0.));
#10113 = ADVANCED_FACE('',(#10114),#10125,.F.);
#10114 = FACE_BOUND('',#10115,.T.);
#10115 = EDGE_LOOP('',(#10116,#10117,#10118,#10124));
#10116 = ORIENTED_EDGE('',*,*,#10102,.T.);
#10117 = ORIENTED_EDGE('',*,*,#5769,.F.);
#10118 = ORIENTED_EDGE('',*,*,#10119,.F.);
#10119 = EDGE_CURVE('',#6351,#5762,#10120,.T.);
#10120 = LINE('',#10121,#10122);
#10121 = CARTESIAN_POINT('',(290.,16.,-3.010050506339));
#10122 = VECTOR('',#10123,1.);
#10123 = DIRECTION('',(1.,-0.,0.));
#10124 = ORIENTED_EDGE('',*,*,#6350,.T.);
#10125 = PLANE('',#10126);
#10126 = AXIS2_PLACEMENT_3D('',#10127,#10128,#10129);
#10127 = CARTESIAN_POINT('',(290.,13.8,-5.210050506339));
#10128 = DIRECTION('',(0.,0.707106781187,-0.707106781187));
#10129 = DIRECTION('',(0.,0.707106781187,0.707106781187));
#10130 = ADVANCED_FACE('',(#10131),#10158,.F.);
#10131 = FACE_BOUND('',#10132,.T.);
#10132 = EDGE_LOOP('',(#10133,#10141,#10148,#10149,#10155,#10156,#10157)
  );
#10133 = ORIENTED_EDGE('',*,*,#10134,.F.);
#10134 = EDGE_CURVE('',#10135,#5754,#10137,.T.);
#10135 = VERTEX_POINT('',#10136);
#10136 = CARTESIAN_POINT('',(137.60240273593,16.,-0.5));
#10137 = LINE('',#10138,#10139);
#10138 = CARTESIAN_POINT('',(290.,16.,-0.5));
#10139 = VECTOR('',#10140,1.);
#10140 = DIRECTION('',(1.,0.,-0.));
#10141 = ORIENTED_EDGE('',*,*,#10142,.T.);
#10142 = EDGE_CURVE('',#10135,#335,#10143,.T.);
#10143 = CIRCLE('',#10144,2.65);
#10144 = AXIS2_PLACEMENT_3D('',#10145,#10146,#10147);
#10145 = CARTESIAN_POINT('',(135.,16.,-2.537E-14));
#10146 = DIRECTION('',(0.,1.,1.7E-16));
#10147 = DIRECTION('',(0.,-1.7E-16,1.));
#10148 = ORIENTED_EDGE('',*,*,#342,.T.);
#10149 = ORIENTED_EDGE('',*,*,#10150,.F.);
#10150 = EDGE_CURVE('',#6359,#262,#10151,.T.);
#10151 = LINE('',#10152,#10153);
#10152 = CARTESIAN_POINT('',(290.,16.,-0.5));
#10153 = VECTOR('',#10154,1.);
#10154 = DIRECTION('',(1.,0.,-0.));
#10155 = ORIENTED_EDGE('',*,*,#6358,.T.);
#10156 = ORIENTED_EDGE('',*,*,#10119,.T.);
#10157 = ORIENTED_EDGE('',*,*,#5761,.F.);
#10158 = PLANE('',#10159);
#10159 = AXIS2_PLACEMENT_3D('',#10160,#10161,#10162);
#10160 = CARTESIAN_POINT('',(290.,16.,3.010050506339));
#10161 = DIRECTION('',(0.,1.,1.7E-16));
#10162 = DIRECTION('',(0.,-1.7E-16,1.));
#10163 = ADVANCED_FACE('',(#10164),#10196,.F.);
#10164 = FACE_BOUND('',#10165,.T.);
#10165 = EDGE_LOOP('',(#10166,#10172,#10173,#10182,#10188,#10189,#10195)
  );
#10166 = ORIENTED_EDGE('',*,*,#10167,.F.);
#10167 = EDGE_CURVE('',#273,#6375,#10168,.T.);
#10168 = LINE('',#10169,#10170);
#10169 = CARTESIAN_POINT('',(290.,16.,0.5));
#10170 = VECTOR('',#10171,1.);
#10171 = DIRECTION('',(-1.,-0.,0.));
#10172 = ORIENTED_EDGE('',*,*,#281,.T.);
#10173 = ORIENTED_EDGE('',*,*,#10174,.T.);
#10174 = EDGE_CURVE('',#282,#10175,#10177,.T.);
#10175 = VERTEX_POINT('',#10176);
#10176 = CARTESIAN_POINT('',(137.60240273593,16.,0.5));
#10177 = CIRCLE('',#10178,2.65);
#10178 = AXIS2_PLACEMENT_3D('',#10179,#10180,#10181);
#10179 = CARTESIAN_POINT('',(135.,16.,-2.537E-14));
#10180 = DIRECTION('',(0.,1.,1.7E-16));
#10181 = DIRECTION('',(0.,-1.7E-16,1.));
#10182 = ORIENTED_EDGE('',*,*,#10183,.F.);
#10183 = EDGE_CURVE('',#5738,#10175,#10184,.T.);
#10184 = LINE('',#10185,#10186);
#10185 = CARTESIAN_POINT('',(290.,16.,0.5));
#10186 = VECTOR('',#10187,1.);
#10187 = DIRECTION('',(-1.,-0.,0.));
#10188 = ORIENTED_EDGE('',*,*,#5737,.F.);
#10189 = ORIENTED_EDGE('',*,*,#10190,.F.);
#10190 = EDGE_CURVE('',#6383,#5730,#10191,.T.);
#10191 = LINE('',#10192,#10193);
#10192 = CARTESIAN_POINT('',(290.,16.,3.010050506339));
#10193 = VECTOR('',#10194,1.);
#10194 = DIRECTION('',(1.,0.,-0.));
#10195 = ORIENTED_EDGE('',*,*,#6382,.T.);
#10196 = PLANE('',#10197);
#10197 = AXIS2_PLACEMENT_3D('',#10198,#10199,#10200);
#10198 = CARTESIAN_POINT('',(290.,16.,3.010050506339));
#10199 = DIRECTION('',(0.,1.,1.7E-16));
#10200 = DIRECTION('',(0.,-1.7E-16,1.));
#10201 = ADVANCED_FACE('',(#10202),#10234,.F.);
#10202 = FACE_BOUND('',#10203,.T.);
#10203 = EDGE_LOOP('',(#10204,#10212,#10219,#10220,#10226,#10227,#10233)
  );
#10204 = ORIENTED_EDGE('',*,*,#10205,.F.);
#10205 = EDGE_CURVE('',#10206,#5714,#10208,.T.);
#10206 = VERTEX_POINT('',#10207);
#10207 = CARTESIAN_POINT('',(147.60240273593,19.5,4.));
#10208 = LINE('',#10209,#10210);
#10209 = CARTESIAN_POINT('',(290.,19.5,4.));
#10210 = VECTOR('',#10211,1.);
#10211 = DIRECTION('',(1.,-0.,0.));
#10212 = ORIENTED_EDGE('',*,*,#10213,.T.);
#10213 = EDGE_CURVE('',#10206,#1023,#10214,.T.);
#10214 = CIRCLE('',#10215,2.65);
#10215 = AXIS2_PLACEMENT_3D('',#10216,#10217,#10218);
#10216 = CARTESIAN_POINT('',(145.,20.,4.));
#10217 = DIRECTION('',(0.,1.7E-16,-1.));
#10218 = DIRECTION('',(0.,1.,1.7E-16));
#10219 = ORIENTED_EDGE('',*,*,#1030,.T.);
#10220 = ORIENTED_EDGE('',*,*,#10221,.F.);
#10221 = EDGE_CURVE('',#6399,#950,#10222,.T.);
#10222 = LINE('',#10223,#10224);
#10223 = CARTESIAN_POINT('',(290.,19.5,4.));
#10224 = VECTOR('',#10225,1.);
#10225 = DIRECTION('',(1.,-0.,0.));
#10226 = ORIENTED_EDGE('',*,*,#6398,.T.);
#10227 = ORIENTED_EDGE('',*,*,#10228,.F.);
#10228 = EDGE_CURVE('',#5722,#6391,#10229,.T.);
#10229 = LINE('',#10230,#10231);
#10230 = CARTESIAN_POINT('',(290.,16.989949493661,4.));
#10231 = VECTOR('',#10232,1.);
#10232 = DIRECTION('',(-1.,0.,-0.));
#10233 = ORIENTED_EDGE('',*,*,#5721,.F.);
#10234 = PLANE('',#10235);
#10235 = AXIS2_PLACEMENT_3D('',#10236,#10237,#10238);
#10236 = CARTESIAN_POINT('',(290.,23.010050506339,4.));
#10237 = DIRECTION('',(0.,1.7E-16,-1.));
#10238 = DIRECTION('',(0.,1.,1.7E-16));
#10239 = ADVANCED_FACE('',(#10240),#10272,.F.);
#10240 = FACE_BOUND('',#10241,.T.);
#10241 = EDGE_LOOP('',(#10242,#10248,#10249,#10258,#10264,#10265,#10271)
  );
#10242 = ORIENTED_EDGE('',*,*,#10243,.F.);
#10243 = EDGE_CURVE('',#961,#6415,#10244,.T.);
#10244 = LINE('',#10245,#10246);
#10245 = CARTESIAN_POINT('',(290.,20.5,4.));
#10246 = VECTOR('',#10247,1.);
#10247 = DIRECTION('',(-1.,0.,-0.));
#10248 = ORIENTED_EDGE('',*,*,#969,.T.);
#10249 = ORIENTED_EDGE('',*,*,#10250,.T.);
#10250 = EDGE_CURVE('',#970,#10251,#10253,.T.);
#10251 = VERTEX_POINT('',#10252);
#10252 = CARTESIAN_POINT('',(147.60240273593,20.5,4.));
#10253 = CIRCLE('',#10254,2.65);
#10254 = AXIS2_PLACEMENT_3D('',#10255,#10256,#10257);
#10255 = CARTESIAN_POINT('',(145.,20.,4.));
#10256 = DIRECTION('',(0.,1.7E-16,-1.));
#10257 = DIRECTION('',(0.,1.,1.7E-16));
#10258 = ORIENTED_EDGE('',*,*,#10259,.F.);
#10259 = EDGE_CURVE('',#5698,#10251,#10260,.T.);
#10260 = LINE('',#10261,#10262);
#10261 = CARTESIAN_POINT('',(290.,20.5,4.));
#10262 = VECTOR('',#10263,1.);
#10263 = DIRECTION('',(-1.,0.,-0.));
#10264 = ORIENTED_EDGE('',*,*,#5697,.F.);
#10265 = ORIENTED_EDGE('',*,*,#10266,.F.);
#10266 = EDGE_CURVE('',#6423,#5690,#10267,.T.);
#10267 = LINE('',#10268,#10269);
#10268 = CARTESIAN_POINT('',(290.,23.010050506339,4.));
#10269 = VECTOR('',#10270,1.);
#10270 = DIRECTION('',(1.,-0.,0.));
#10271 = ORIENTED_EDGE('',*,*,#6422,.T.);
#10272 = PLANE('',#10273);
#10273 = AXIS2_PLACEMENT_3D('',#10274,#10275,#10276);
#10274 = CARTESIAN_POINT('',(290.,23.010050506339,4.));
#10275 = DIRECTION('',(0.,1.7E-16,-1.));
#10276 = DIRECTION('',(0.,1.,1.7E-16));
#10277 = ADVANCED_FACE('',(#10278),#10289,.F.);
#10278 = FACE_BOUND('',#10279,.T.);
#10279 = EDGE_LOOP('',(#10280,#10281,#10282,#10288));
#10280 = ORIENTED_EDGE('',*,*,#10266,.T.);
#10281 = ORIENTED_EDGE('',*,*,#5689,.F.);
#10282 = ORIENTED_EDGE('',*,*,#10283,.F.);
#10283 = EDGE_CURVE('',#6431,#5682,#10284,.T.);
#10284 = LINE('',#10285,#10286);
#10285 = CARTESIAN_POINT('',(290.,25.210050506339,6.2));
#10286 = VECTOR('',#10287,1.);
#10287 = DIRECTION('',(1.,-0.,0.));
#10288 = ORIENTED_EDGE('',*,*,#6430,.T.);
#10289 = PLANE('',#10290);
#10290 = AXIS2_PLACEMENT_3D('',#10291,#10292,#10293);
#10291 = CARTESIAN_POINT('',(290.,25.210050506339,6.2));
#10292 = DIRECTION('',(0.,0.707106781187,-0.707106781187));
#10293 = DIRECTION('',(0.,0.707106781187,0.707106781187));
#10294 = ADVANCED_FACE('',(#10295),#10306,.F.);
#10295 = FACE_BOUND('',#10296,.T.);
#10296 = EDGE_LOOP('',(#10297,#10298,#10299,#10305));
#10297 = ORIENTED_EDGE('',*,*,#10283,.T.);
#10298 = ORIENTED_EDGE('',*,*,#5681,.F.);
#10299 = ORIENTED_EDGE('',*,*,#10300,.F.);
#10300 = EDGE_CURVE('',#6439,#5674,#10301,.T.);
#10301 = LINE('',#10302,#10303);
#10302 = CARTESIAN_POINT('',(290.,28.2,6.2));
#10303 = VECTOR('',#10304,1.);
#10304 = DIRECTION('',(1.,-0.,0.));
#10305 = ORIENTED_EDGE('',*,*,#6438,.T.);
#10306 = PLANE('',#10307);
#10307 = AXIS2_PLACEMENT_3D('',#10308,#10309,#10310);
#10308 = CARTESIAN_POINT('',(290.,11.8,6.2));
#10309 = DIRECTION('',(0.,2.8E-16,-1.));
#10310 = DIRECTION('',(0.,1.,2.8E-16));
#10311 = ADVANCED_FACE('',(#10312),#10323,.F.);
#10312 = FACE_BOUND('',#10313,.T.);
#10313 = EDGE_LOOP('',(#10314,#10315,#10316,#10322));
#10314 = ORIENTED_EDGE('',*,*,#10300,.T.);
#10315 = ORIENTED_EDGE('',*,*,#5673,.F.);
#10316 = ORIENTED_EDGE('',*,*,#10317,.F.);
#10317 = EDGE_CURVE('',#6447,#5666,#10318,.T.);
#10318 = LINE('',#10319,#10320);
#10319 = CARTESIAN_POINT('',(290.,28.2,13.8));
#10320 = VECTOR('',#10321,1.);
#10321 = DIRECTION('',(1.,0.,-0.));
#10322 = ORIENTED_EDGE('',*,*,#6446,.T.);
#10323 = PLANE('',#10324);
#10324 = AXIS2_PLACEMENT_3D('',#10325,#10326,#10327);
#10325 = CARTESIAN_POINT('',(290.,28.2,6.2));
#10326 = DIRECTION('',(0.,1.,1.7E-16));
#10327 = DIRECTION('',(0.,-1.7E-16,1.));
#10328 = ADVANCED_FACE('',(#10329),#10340,.F.);
#10329 = FACE_BOUND('',#10330,.T.);
#10330 = EDGE_LOOP('',(#10331,#10332,#10333,#10334));
#10331 = ORIENTED_EDGE('',*,*,#6454,.T.);
#10332 = ORIENTED_EDGE('',*,*,#10317,.T.);
#10333 = ORIENTED_EDGE('',*,*,#5665,.F.);
#10334 = ORIENTED_EDGE('',*,*,#10335,.F.);
#10335 = EDGE_CURVE('',#6455,#5658,#10336,.T.);
#10336 = LINE('',#10337,#10338);
#10337 = CARTESIAN_POINT('',(290.,25.210050506339,13.8));
#10338 = VECTOR('',#10339,1.);
#10339 = DIRECTION('',(1.,0.,0.));
#10340 = PLANE('',#10341);
#10341 = AXIS2_PLACEMENT_3D('',#10342,#10343,#10344);
#10342 = CARTESIAN_POINT('',(290.,11.8,13.8));
#10343 = DIRECTION('',(0.,-2.8E-16,1.));
#10344 = DIRECTION('',(0.,-1.,-2.8E-16));
#10345 = ADVANCED_FACE('',(#10346),#10357,.T.);
#10346 = FACE_BOUND('',#10347,.T.);
#10347 = EDGE_LOOP('',(#10348,#10349,#10355,#10356));
#10348 = ORIENTED_EDGE('',*,*,#5657,.F.);
#10349 = ORIENTED_EDGE('',*,*,#10350,.T.);
#10350 = EDGE_CURVE('',#5650,#6463,#10351,.T.);
#10351 = LINE('',#10352,#10353);
#10352 = CARTESIAN_POINT('',(290.,23.010050506339,16.));
#10353 = VECTOR('',#10354,1.);
#10354 = DIRECTION('',(-1.,0.,-0.));
#10355 = ORIENTED_EDGE('',*,*,#6462,.T.);
#10356 = ORIENTED_EDGE('',*,*,#10335,.T.);
#10357 = PLANE('',#10358);
#10358 = AXIS2_PLACEMENT_3D('',#10359,#10360,#10361);
#10359 = CARTESIAN_POINT('',(290.,25.210050506339,13.8));
#10360 = DIRECTION('',(0.,-0.707106781187,-0.707106781187));
#10361 = DIRECTION('',(0.,0.707106781187,-0.707106781187));
#10362 = ADVANCED_FACE('',(#10363),#10390,.T.);
#10363 = FACE_BOUND('',#10364,.T.);
#10364 = EDGE_LOOP('',(#10365,#10366,#10372,#10373,#10374,#10375,#10383)
  );
#10365 = ORIENTED_EDGE('',*,*,#1192,.F.);
#10366 = ORIENTED_EDGE('',*,*,#10367,.T.);
#10367 = EDGE_CURVE('',#1193,#6471,#10368,.T.);
#10368 = LINE('',#10369,#10370);
#10369 = CARTESIAN_POINT('',(290.,20.5,16.));
#10370 = VECTOR('',#10371,1.);
#10371 = DIRECTION('',(-1.,0.,-0.));
#10372 = ORIENTED_EDGE('',*,*,#6470,.T.);
#10373 = ORIENTED_EDGE('',*,*,#10350,.F.);
#10374 = ORIENTED_EDGE('',*,*,#5649,.F.);
#10375 = ORIENTED_EDGE('',*,*,#10376,.T.);
#10376 = EDGE_CURVE('',#5642,#10377,#10379,.T.);
#10377 = VERTEX_POINT('',#10378);
#10378 = CARTESIAN_POINT('',(147.60240273593,20.5,16.));
#10379 = LINE('',#10380,#10381);
#10380 = CARTESIAN_POINT('',(290.,20.5,16.));
#10381 = VECTOR('',#10382,1.);
#10382 = DIRECTION('',(-1.,0.,-0.));
#10383 = ORIENTED_EDGE('',*,*,#10384,.F.);
#10384 = EDGE_CURVE('',#1185,#10377,#10385,.T.);
#10385 = CIRCLE('',#10386,2.65);
#10386 = AXIS2_PLACEMENT_3D('',#10387,#10388,#10389);
#10387 = CARTESIAN_POINT('',(145.,20.,16.));
#10388 = DIRECTION('',(0.,-0.,-1.));
#10389 = DIRECTION('',(0.,1.,-0.));
#10390 = PLANE('',#10391);
#10391 = AXIS2_PLACEMENT_3D('',#10392,#10393,#10394);
#10392 = CARTESIAN_POINT('',(290.,23.010050506339,16.));
#10393 = DIRECTION('',(0.,-0.,-1.));
#10394 = DIRECTION('',(0.,1.,0.));
#10395 = ADVANCED_FACE('',(#10396),#10428,.T.);
#10396 = FACE_BOUND('',#10397,.T.);
#10397 = EDGE_LOOP('',(#10398,#10407,#10413,#10414,#10420,#10421,#10427)
  );
#10398 = ORIENTED_EDGE('',*,*,#10399,.F.);
#10399 = EDGE_CURVE('',#10400,#1220,#10402,.T.);
#10400 = VERTEX_POINT('',#10401);
#10401 = CARTESIAN_POINT('',(147.60240273593,19.5,16.));
#10402 = CIRCLE('',#10403,2.65);
#10403 = AXIS2_PLACEMENT_3D('',#10404,#10405,#10406);
#10404 = CARTESIAN_POINT('',(145.,20.,16.));
#10405 = DIRECTION('',(0.,-0.,-1.));
#10406 = DIRECTION('',(0.,1.,-0.));
#10407 = ORIENTED_EDGE('',*,*,#10408,.T.);
#10408 = EDGE_CURVE('',#10400,#5626,#10409,.T.);
#10409 = LINE('',#10410,#10411);
#10410 = CARTESIAN_POINT('',(290.,19.5,16.));
#10411 = VECTOR('',#10412,1.);
#10412 = DIRECTION('',(1.,-0.,0.));
#10413 = ORIENTED_EDGE('',*,*,#5625,.F.);
#10414 = ORIENTED_EDGE('',*,*,#10415,.T.);
#10415 = EDGE_CURVE('',#5618,#6085,#10416,.T.);
#10416 = LINE('',#10417,#10418);
#10417 = CARTESIAN_POINT('',(290.,16.989949493661,16.));
#10418 = VECTOR('',#10419,1.);
#10419 = DIRECTION('',(-1.,0.,-0.));
#10420 = ORIENTED_EDGE('',*,*,#6494,.T.);
#10421 = ORIENTED_EDGE('',*,*,#10422,.T.);
#10422 = EDGE_CURVE('',#6487,#1211,#10423,.T.);
#10423 = LINE('',#10424,#10425);
#10424 = CARTESIAN_POINT('',(290.,19.5,16.));
#10425 = VECTOR('',#10426,1.);
#10426 = DIRECTION('',(1.,-0.,0.));
#10427 = ORIENTED_EDGE('',*,*,#1219,.F.);
#10428 = PLANE('',#10429);
#10429 = AXIS2_PLACEMENT_3D('',#10430,#10431,#10432);
#10430 = CARTESIAN_POINT('',(290.,23.010050506339,16.));
#10431 = DIRECTION('',(0.,-0.,-1.));
#10432 = DIRECTION('',(0.,1.,0.));
#10433 = ADVANCED_FACE('',(#10434),#10438,.F.);
#10434 = FACE_BOUND('',#10435,.F.);
#10435 = EDGE_LOOP('',(#10436,#10437));
#10436 = ORIENTED_EDGE('',*,*,#6039,.T.);
#10437 = ORIENTED_EDGE('',*,*,#9559,.T.);
#10438 = CYLINDRICAL_SURFACE('',#10439,4.75);
#10439 = AXIS2_PLACEMENT_3D('',#10440,#10441,#10442);
#10440 = CARTESIAN_POINT('',(145.,3.342E-14,30.));
#10441 = DIRECTION('',(0.,0.,1.));
#10442 = DIRECTION('',(1.,0.,-0.));
#10443 = ADVANCED_FACE('',(#10444),#10456,.F.);
#10444 = FACE_BOUND('',#10445,.F.);
#10445 = EDGE_LOOP('',(#10446,#10447,#10448,#10455));
#10446 = ORIENTED_EDGE('',*,*,#6064,.F.);
#10447 = ORIENTED_EDGE('',*,*,#1935,.F.);
#10448 = ORIENTED_EDGE('',*,*,#10449,.T.);
#10449 = EDGE_CURVE('',#1936,#1955,#10450,.T.);
#10450 = CIRCLE('',#10451,2.099999999928);
#10451 = AXIS2_PLACEMENT_3D('',#10452,#10453,#10454);
#10452 = CARTESIAN_POINT('',(0.399999999956,20.,1.73E-15));
#10453 = DIRECTION('',(-1.,0.,0.));
#10454 = DIRECTION('',(0.,0.,1.));
#10455 = ORIENTED_EDGE('',*,*,#1954,.T.);
#10456 = CONICAL_SURFACE('',#10457,2.499999999941,0.785398163469);
#10457 = AXIS2_PLACEMENT_3D('',#10458,#10459,#10460);
#10458 = CARTESIAN_POINT('',(0.,20.,1.73E-15));
#10459 = DIRECTION('',(-1.,0.,0.));
#10460 = DIRECTION('',(0.,0.,1.));
#10461 = ADVANCED_FACE('',(#10462),#10474,.F.);
#10462 = FACE_BOUND('',#10463,.F.);
#10463 = EDGE_LOOP('',(#10464,#10465,#10466,#10473));
#10464 = ORIENTED_EDGE('',*,*,#6074,.F.);
#10465 = ORIENTED_EDGE('',*,*,#1977,.F.);
#10466 = ORIENTED_EDGE('',*,*,#10467,.T.);
#10467 = EDGE_CURVE('',#1978,#1997,#10468,.T.);
#10468 = CIRCLE('',#10469,2.100000000023);
#10469 = AXIS2_PLACEMENT_3D('',#10470,#10471,#10472);
#10470 = CARTESIAN_POINT('',(0.400000000013,-1.73E-15,20.));
#10471 = DIRECTION('',(-1.,0.,-0.));
#10472 = DIRECTION('',(-0.,0.,1.));
#10473 = ORIENTED_EDGE('',*,*,#1996,.T.);
#10474 = CONICAL_SURFACE('',#10475,2.499999999923,0.785398163397);
#10475 = AXIS2_PLACEMENT_3D('',#10476,#10477,#10478);
#10476 = CARTESIAN_POINT('',(1.1368684E-10,-1.73E-15,20.));
#10477 = DIRECTION('',(-1.,0.,0.));
#10478 = DIRECTION('',(0.,0.,1.));
#10479 = ADVANCED_FACE('',(#10480),#10499,.F.);
#10480 = FACE_BOUND('',#10481,.T.);
#10481 = EDGE_LOOP('',(#10482,#10491,#10492,#10493));
#10482 = ORIENTED_EDGE('',*,*,#10483,.F.);
#10483 = EDGE_CURVE('',#2539,#10484,#10486,.T.);
#10484 = VERTEX_POINT('',#10485);
#10485 = CARTESIAN_POINT('',(134.71465192725,-9.941421356237,
    -4.741421356237));
#10486 = ( BOUNDED_CURVE() B_SPLINE_CURVE(3,(#10487,#10488,#10489,#10490
),.UNSPECIFIED.,.F.,.F.) B_SPLINE_CURVE_WITH_KNOTS((4,4),(5.492638983231
,6.223075837842),.PIECEWISE_BEZIER_KNOTS.) CURVE() 
GEOMETRIC_REPRESENTATION_ITEM() RATIONAL_B_SPLINE_CURVE((1.,
0.956030514273,0.956030514273,1.)) REPRESENTATION_ITEM('') );
#10487 = CARTESIAN_POINT('',(131.62399595378,-8.541421356237,
    -3.341421356237));
#10488 = CARTESIAN_POINT('',(132.45618678644,-9.382225109721,
    -4.182225109721));
#10489 = CARTESIAN_POINT('',(133.53378697016,-9.87035457808,
    -4.67035457808));
#10490 = CARTESIAN_POINT('',(134.71465192725,-9.941421356237,
    -4.741421356237));
#10491 = ORIENTED_EDGE('',*,*,#2566,.F.);
#10492 = ORIENTED_EDGE('',*,*,#6619,.T.);
#10493 = ORIENTED_EDGE('',*,*,#10494,.F.);
#10494 = EDGE_CURVE('',#10484,#6611,#10495,.T.);
#10495 = LINE('',#10496,#10497);
#10496 = CARTESIAN_POINT('',(290.,-9.941421356237,-4.741421356237));
#10497 = VECTOR('',#10498,1.);
#10498 = DIRECTION('',(-1.,0.,-0.));
#10499 = PLANE('',#10500);
#10500 = AXIS2_PLACEMENT_3D('',#10501,#10502,#10503);
#10501 = CARTESIAN_POINT('',(290.,-10.,-4.8));
#10502 = DIRECTION('',(0.,0.707106781187,-0.707106781187));
#10503 = DIRECTION('',(0.,0.707106781187,0.707106781187));
#10504 = ADVANCED_FACE('',(#10505),#10531,.F.);
#10505 = FACE_BOUND('',#10506,.T.);
#10506 = EDGE_LOOP('',(#10507,#10518,#10524,#10525));
#10507 = ORIENTED_EDGE('',*,*,#10508,.F.);
#10508 = EDGE_CURVE('',#10509,#10511,#10513,.T.);
#10509 = VERTEX_POINT('',#10510);
#10510 = CARTESIAN_POINT('',(134.71465192725,-9.941421356237,
    4.741421356237));
#10511 = VERTEX_POINT('',#10512);
#10512 = CARTESIAN_POINT('',(131.62399595378,-8.541421356237,
    3.341421356237));
#10513 = ( BOUNDED_CURVE() B_SPLINE_CURVE(3,(#10514,#10515,#10516,#10517
),.UNSPECIFIED.,.F.,.F.) B_SPLINE_CURVE_WITH_KNOTS((4,4),(
6.010946933759E-02,0.790546323948),.PIECEWISE_BEZIER_KNOTS.) CURVE() 
GEOMETRIC_REPRESENTATION_ITEM() RATIONAL_B_SPLINE_CURVE((1.,
0.956030514273,0.956030514273,1.)) REPRESENTATION_ITEM('') );
#10514 = CARTESIAN_POINT('',(134.71465192725,-9.941421356237,
    4.741421356237));
#10515 = CARTESIAN_POINT('',(133.53378697016,-9.87035457808,
    4.67035457808));
#10516 = CARTESIAN_POINT('',(132.45618678644,-9.382225109721,
    4.182225109721));
#10517 = CARTESIAN_POINT('',(131.62399595378,-8.541421356237,
    3.341421356237));
#10518 = ORIENTED_EDGE('',*,*,#10519,.F.);
#10519 = EDGE_CURVE('',#6725,#10509,#10520,.T.);
#10520 = LINE('',#10521,#10522);
#10521 = CARTESIAN_POINT('',(290.,-9.941421356237,4.741421356237));
#10522 = VECTOR('',#10523,1.);
#10523 = DIRECTION('',(1.,0.,0.));
#10524 = ORIENTED_EDGE('',*,*,#6724,.T.);
#10525 = ORIENTED_EDGE('',*,*,#10526,.F.);
#10526 = EDGE_CURVE('',#10511,#6716,#10527,.T.);
#10527 = LINE('',#10528,#10529);
#10528 = CARTESIAN_POINT('',(290.,-8.541421356237,3.341421356237));
#10529 = VECTOR('',#10530,1.);
#10530 = DIRECTION('',(-1.,-0.,-0.));
#10531 = PLANE('',#10532);
#10532 = AXIS2_PLACEMENT_3D('',#10533,#10534,#10535);
#10533 = CARTESIAN_POINT('',(290.,-10.,4.8));
#10534 = DIRECTION('',(-0.,0.707106781187,0.707106781187));
#10535 = DIRECTION('',(0.,-0.707106781187,0.707106781187));
#10536 = ADVANCED_FACE('',(#10537),#10549,.F.);
#10537 = FACE_BOUND('',#10538,.F.);
#10538 = EDGE_LOOP('',(#10539,#10540,#10541,#10548));
#10539 = ORIENTED_EDGE('',*,*,#7339,.F.);
#10540 = ORIENTED_EDGE('',*,*,#2019,.F.);
#10541 = ORIENTED_EDGE('',*,*,#10542,.T.);
#10542 = EDGE_CURVE('',#2020,#2039,#10543,.T.);
#10543 = CIRCLE('',#10544,3.);
#10544 = AXIS2_PLACEMENT_3D('',#10545,#10546,#10547);
#10545 = CARTESIAN_POINT('',(12.,0.,0.));
#10546 = DIRECTION('',(-1.,0.,-0.));
#10547 = DIRECTION('',(-0.,0.,1.));
#10548 = ORIENTED_EDGE('',*,*,#2038,.T.);
#10549 = CYLINDRICAL_SURFACE('',#10550,3.);
#10550 = AXIS2_PLACEMENT_3D('',#10551,#10552,#10553);
#10551 = CARTESIAN_POINT('',(12.,0.,0.));
#10552 = DIRECTION('',(-1.,-0.,-0.));
#10553 = DIRECTION('',(-0.,0.,1.));
#10554 = ADVANCED_FACE('',(#10555),#10567,.F.);
#10555 = FACE_BOUND('',#10556,.F.);
#10556 = EDGE_LOOP('',(#10557,#10558,#10559,#10566));
#10557 = ORIENTED_EDGE('',*,*,#7349,.F.);
#10558 = ORIENTED_EDGE('',*,*,#2061,.F.);
#10559 = ORIENTED_EDGE('',*,*,#10560,.T.);
#10560 = EDGE_CURVE('',#2062,#2081,#10561,.T.);
#10561 = CIRCLE('',#10562,3.);
#10562 = AXIS2_PLACEMENT_3D('',#10563,#10564,#10565);
#10563 = CARTESIAN_POINT('',(12.,20.,20.));
#10564 = DIRECTION('',(-1.,0.,-0.));
#10565 = DIRECTION('',(-0.,0.,1.));
#10566 = ORIENTED_EDGE('',*,*,#2080,.T.);
#10567 = CYLINDRICAL_SURFACE('',#10568,3.);
#10568 = AXIS2_PLACEMENT_3D('',#10569,#10570,#10571);
#10569 = CARTESIAN_POINT('',(12.,20.,20.));
#10570 = DIRECTION('',(-1.,-0.,-0.));
#10571 = DIRECTION('',(-0.,0.,1.));
#10572 = ADVANCED_FACE('',(#10573),#10585,.F.);
#10573 = FACE_BOUND('',#10574,.F.);
#10574 = EDGE_LOOP('',(#10575,#10576,#10577,#10584));
#10575 = ORIENTED_EDGE('',*,*,#7402,.F.);
#10576 = ORIENTED_EDGE('',*,*,#2103,.F.);
#10577 = ORIENTED_EDGE('',*,*,#10578,.T.);
#10578 = EDGE_CURVE('',#2104,#2113,#10579,.T.);
#10579 = CIRCLE('',#10580,2.1);
#10580 = AXIS2_PLACEMENT_3D('',#10581,#10582,#10583);
#10581 = CARTESIAN_POINT('',(272.,20.,20.));
#10582 = DIRECTION('',(1.,0.,0.));
#10583 = DIRECTION('',(0.,0.,-1.));
#10584 = ORIENTED_EDGE('',*,*,#2112,.T.);
#10585 = CYLINDRICAL_SURFACE('',#10586,2.1);
#10586 = AXIS2_PLACEMENT_3D('',#10587,#10588,#10589);
#10587 = CARTESIAN_POINT('',(290.,20.,20.));
#10588 = DIRECTION('',(1.,0.,0.));
#10589 = DIRECTION('',(0.,0.,-1.));
#10590 = ADVANCED_FACE('',(#10591),#10603,.F.);
#10591 = FACE_BOUND('',#10592,.F.);
#10592 = EDGE_LOOP('',(#10593,#10594,#10595,#10602));
#10593 = ORIENTED_EDGE('',*,*,#7420,.F.);
#10594 = ORIENTED_EDGE('',*,*,#2135,.F.);
#10595 = ORIENTED_EDGE('',*,*,#10596,.T.);
#10596 = EDGE_CURVE('',#2136,#2145,#10597,.T.);
#10597 = CIRCLE('',#10598,2.1);
#10598 = AXIS2_PLACEMENT_3D('',#10599,#10600,#10601);
#10599 = CARTESIAN_POINT('',(272.,20.,1.73E-15));
#10600 = DIRECTION('',(1.,0.,0.));
#10601 = DIRECTION('',(0.,0.,-1.));
#10602 = ORIENTED_EDGE('',*,*,#2144,.T.);
#10603 = CYLINDRICAL_SURFACE('',#10604,2.1);
#10604 = AXIS2_PLACEMENT_3D('',#10605,#10606,#10607);
#10605 = CARTESIAN_POINT('',(290.,20.,1.73E-15));
#10606 = DIRECTION('',(1.,0.,0.));
#10607 = DIRECTION('',(0.,0.,-1.));
#10608 = ADVANCED_FACE('',(#10609),#10621,.F.);
#10609 = FACE_BOUND('',#10610,.F.);
#10610 = EDGE_LOOP('',(#10611,#10612,#10613,#10620));
#10611 = ORIENTED_EDGE('',*,*,#7438,.F.);
#10612 = ORIENTED_EDGE('',*,*,#2167,.F.);
#10613 = ORIENTED_EDGE('',*,*,#10614,.T.);
#10614 = EDGE_CURVE('',#2168,#2177,#10615,.T.);
#10615 = CIRCLE('',#10616,2.1);
#10616 = AXIS2_PLACEMENT_3D('',#10617,#10618,#10619);
#10617 = CARTESIAN_POINT('',(272.,-1.73E-15,20.));
#10618 = DIRECTION('',(1.,0.,0.));
#10619 = DIRECTION('',(0.,0.,-1.));
#10620 = ORIENTED_EDGE('',*,*,#2176,.T.);
#10621 = CYLINDRICAL_SURFACE('',#10622,2.1);
#10622 = AXIS2_PLACEMENT_3D('',#10623,#10624,#10625);
#10623 = CARTESIAN_POINT('',(290.,-1.73E-15,20.));
#10624 = DIRECTION('',(1.,0.,0.));
#10625 = DIRECTION('',(0.,0.,-1.));
#10626 = ADVANCED_FACE('',(#10627),#10639,.F.);
#10627 = FACE_BOUND('',#10628,.F.);
#10628 = EDGE_LOOP('',(#10629,#10630,#10631,#10638));
#10629 = ORIENTED_EDGE('',*,*,#7456,.F.);
#10630 = ORIENTED_EDGE('',*,*,#2199,.F.);
#10631 = ORIENTED_EDGE('',*,*,#10632,.T.);
#10632 = EDGE_CURVE('',#2200,#2209,#10633,.T.);
#10633 = CIRCLE('',#10634,2.1);
#10634 = AXIS2_PLACEMENT_3D('',#10635,#10636,#10637);
#10635 = CARTESIAN_POINT('',(272.,0.,0.));
#10636 = DIRECTION('',(1.,0.,0.));
#10637 = DIRECTION('',(0.,0.,-1.));
#10638 = ORIENTED_EDGE('',*,*,#2208,.T.);
#10639 = CYLINDRICAL_SURFACE('',#10640,2.1);
#10640 = AXIS2_PLACEMENT_3D('',#10641,#10642,#10643);
#10641 = CARTESIAN_POINT('',(290.,0.,0.));
#10642 = DIRECTION('',(1.,0.,0.));
#10643 = DIRECTION('',(0.,0.,-1.));
#10644 = ADVANCED_FACE('',(#10645),#10655,.F.);
#10645 = FACE_BOUND('',#10646,.F.);
#10646 = EDGE_LOOP('',(#10647,#10648));
#10647 = ORIENTED_EDGE('',*,*,#7510,.T.);
#10648 = ORIENTED_EDGE('',*,*,#10649,.T.);
#10649 = EDGE_CURVE('',#7501,#7503,#10650,.T.);
#10650 = CIRCLE('',#10651,4.75);
#10651 = AXIS2_PLACEMENT_3D('',#10652,#10653,#10654);
#10652 = CARTESIAN_POINT('',(145.,20.,24.2));
#10653 = DIRECTION('',(0.,0.,1.));
#10654 = DIRECTION('',(1.,0.,-0.));
#10655 = CYLINDRICAL_SURFACE('',#10656,4.75);
#10656 = AXIS2_PLACEMENT_3D('',#10657,#10658,#10659);
#10657 = CARTESIAN_POINT('',(145.,20.,30.));
#10658 = DIRECTION('',(0.,0.,1.));
#10659 = DIRECTION('',(1.,0.,-0.));
#10660 = ADVANCED_FACE('',(#10661),#10665,.F.);
#10661 = FACE_BOUND('',#10662,.T.);
#10662 = EDGE_LOOP('',(#10663,#10664));
#10663 = ORIENTED_EDGE('',*,*,#10649,.T.);
#10664 = ORIENTED_EDGE('',*,*,#7500,.F.);
#10665 = PLANE('',#10666);
#10666 = AXIS2_PLACEMENT_3D('',#10667,#10668,#10669);
#10667 = CARTESIAN_POINT('',(147.6,20.,24.2));
#10668 = DIRECTION('',(0.,0.,-1.));
#10669 = DIRECTION('',(-1.,0.,-0.));
#10670 = ADVANCED_FACE('',(#10671),#10690,.T.);
#10671 = FACE_BOUND('',#10672,.T.);
#10672 = EDGE_LOOP('',(#10673,#10682,#10683,#10684));
#10673 = ORIENTED_EDGE('',*,*,#10674,.F.);
#10674 = EDGE_CURVE('',#7536,#10675,#10677,.T.);
#10675 = VERTEX_POINT('',#10676);
#10676 = CARTESIAN_POINT('',(147.65,20.,23.5));
#10677 = ( BOUNDED_CURVE() B_SPLINE_CURVE(3,(#10678,#10679,#10680,#10681
),.UNSPECIFIED.,.F.,.F.) B_SPLINE_CURVE_WITH_KNOTS((4,4),(4.52257191904,
4.712388980385),.PIECEWISE_BEZIER_KNOTS.) CURVE() 
GEOMETRIC_REPRESENTATION_ITEM() RATIONAL_B_SPLINE_CURVE((1.,
0.996999710075,0.996999710075,1.)) REPRESENTATION_ITEM('') );
#10678 = CARTESIAN_POINT('',(147.60240273593,19.5,24.));
#10679 = CARTESIAN_POINT('',(147.63408650019,19.66490782961,
    23.83509217039));
#10680 = CARTESIAN_POINT('',(147.65,19.832076049402,23.667923950598));
#10681 = CARTESIAN_POINT('',(147.65,20.,23.5));
#10682 = ORIENTED_EDGE('',*,*,#7535,.F.);
#10683 = ORIENTED_EDGE('',*,*,#5575,.T.);
#10684 = ORIENTED_EDGE('',*,*,#10685,.T.);
#10685 = EDGE_CURVE('',#5568,#10675,#10686,.T.);
#10686 = LINE('',#10687,#10688);
#10687 = CARTESIAN_POINT('',(290.,20.,23.5));
#10688 = VECTOR('',#10689,1.);
#10689 = DIRECTION('',(-1.,-0.,0.));
#10690 = PLANE('',#10691);
#10691 = AXIS2_PLACEMENT_3D('',#10692,#10693,#10694);
#10692 = CARTESIAN_POINT('',(290.,20.,23.5));
#10693 = DIRECTION('',(0.,0.707106781187,0.707106781187));
#10694 = DIRECTION('',(0.,-0.707106781187,0.707106781187));
#10695 = ADVANCED_FACE('',(#10696),#10707,.T.);
#10696 = FACE_BOUND('',#10697,.T.);
#10697 = EDGE_LOOP('',(#10698,#10699,#10705,#10706));
#10698 = ORIENTED_EDGE('',*,*,#1155,.F.);
#10699 = ORIENTED_EDGE('',*,*,#10700,.T.);
#10700 = EDGE_CURVE('',#1156,#6983,#10701,.T.);
#10701 = LINE('',#10702,#10703);
#10702 = CARTESIAN_POINT('',(290.,20.,23.5));
#10703 = VECTOR('',#10704,1.);
#10704 = DIRECTION('',(-1.,-0.,0.));
#10705 = ORIENTED_EDGE('',*,*,#6982,.T.);
#10706 = ORIENTED_EDGE('',*,*,#7526,.F.);
#10707 = PLANE('',#10708);
#10708 = AXIS2_PLACEMENT_3D('',#10709,#10710,#10711);
#10709 = CARTESIAN_POINT('',(290.,20.,23.5));
#10710 = DIRECTION('',(0.,0.707106781187,0.707106781187));
#10711 = DIRECTION('',(0.,-0.707106781187,0.707106781187));
#10712 = ADVANCED_FACE('',(#10713),#10719,.T.);
#10713 = FACE_BOUND('',#10714,.T.);
#10714 = EDGE_LOOP('',(#10715,#10716,#10717,#10718));
#10715 = ORIENTED_EDGE('',*,*,#1166,.F.);
#10716 = ORIENTED_EDGE('',*,*,#7581,.F.);
#10717 = ORIENTED_EDGE('',*,*,#6990,.T.);
#10718 = ORIENTED_EDGE('',*,*,#10700,.F.);
#10719 = PLANE('',#10720);
#10720 = AXIS2_PLACEMENT_3D('',#10721,#10722,#10723);
#10721 = CARTESIAN_POINT('',(290.,20.5,24.));
#10722 = DIRECTION('',(0.,-0.707106781187,0.707106781187));
#10723 = DIRECTION('',(0.,-0.707106781187,-0.707106781187));
#10724 = ADVANCED_FACE('',(#10725),#10737,.T.);
#10725 = FACE_BOUND('',#10726,.T.);
#10726 = EDGE_LOOP('',(#10727,#10734,#10735,#10736));
#10727 = ORIENTED_EDGE('',*,*,#10728,.F.);
#10728 = EDGE_CURVE('',#10675,#7559,#10729,.T.);
#10729 = ( BOUNDED_CURVE() B_SPLINE_CURVE(3,(#10730,#10731,#10732,#10733
),.UNSPECIFIED.,.F.,.F.) B_SPLINE_CURVE_WITH_KNOTS((4,4),(1.570796326795
,1.76061338814),.PIECEWISE_BEZIER_KNOTS.) CURVE() 
GEOMETRIC_REPRESENTATION_ITEM() RATIONAL_B_SPLINE_CURVE((1.,
0.996999710075,0.996999710075,1.)) REPRESENTATION_ITEM('') );
#10730 = CARTESIAN_POINT('',(147.65,20.,23.5));
#10731 = CARTESIAN_POINT('',(147.65,20.167923950598,23.667923950598));
#10732 = CARTESIAN_POINT('',(147.63408650019,20.33509217039,
    23.83509217039));
#10733 = CARTESIAN_POINT('',(147.60240273593,20.5,24.));
#10734 = ORIENTED_EDGE('',*,*,#10685,.F.);
#10735 = ORIENTED_EDGE('',*,*,#5567,.T.);
#10736 = ORIENTED_EDGE('',*,*,#7567,.F.);
#10737 = PLANE('',#10738);
#10738 = AXIS2_PLACEMENT_3D('',#10739,#10740,#10741);
#10739 = CARTESIAN_POINT('',(290.,20.5,24.));
#10740 = DIRECTION('',(0.,-0.707106781187,0.707106781187));
#10741 = DIRECTION('',(0.,-0.707106781187,-0.707106781187));
#10742 = ADVANCED_FACE('',(#10743),#10753,.F.);
#10743 = FACE_BOUND('',#10744,.F.);
#10744 = EDGE_LOOP('',(#10745,#10746));
#10745 = ORIENTED_EDGE('',*,*,#7617,.T.);
#10746 = ORIENTED_EDGE('',*,*,#10747,.T.);
#10747 = EDGE_CURVE('',#7608,#7610,#10748,.T.);
#10748 = CIRCLE('',#10749,4.75);
#10749 = AXIS2_PLACEMENT_3D('',#10750,#10751,#10752);
#10750 = CARTESIAN_POINT('',(145.,20.,24.2));
#10751 = DIRECTION('',(0.,0.,1.));
#10752 = DIRECTION('',(1.,0.,-0.));
#10753 = CYLINDRICAL_SURFACE('',#10754,4.75);
#10754 = AXIS2_PLACEMENT_3D('',#10755,#10756,#10757);
#10755 = CARTESIAN_POINT('',(145.,20.,30.));
#10756 = DIRECTION('',(0.,0.,1.));
#10757 = DIRECTION('',(1.,0.,-0.));
#10758 = ADVANCED_FACE('',(#10759),#10763,.F.);
#10759 = FACE_BOUND('',#10760,.T.);
#10760 = EDGE_LOOP('',(#10761,#10762));
#10761 = ORIENTED_EDGE('',*,*,#10747,.T.);
#10762 = ORIENTED_EDGE('',*,*,#7607,.F.);
#10763 = PLANE('',#10764);
#10764 = AXIS2_PLACEMENT_3D('',#10765,#10766,#10767);
#10765 = CARTESIAN_POINT('',(147.6,20.,24.2));
#10766 = DIRECTION('',(0.,0.,-1.));
#10767 = DIRECTION('',(-1.,0.,-0.));
#10768 = ADVANCED_FACE('',(#10769),#10773,.F.);
#10769 = FACE_BOUND('',#10770,.F.);
#10770 = EDGE_LOOP('',(#10771,#10772));
#10771 = ORIENTED_EDGE('',*,*,#7685,.T.);
#10772 = ORIENTED_EDGE('',*,*,#7658,.T.);
#10773 = CYLINDRICAL_SURFACE('',#10774,4.75);
#10774 = AXIS2_PLACEMENT_3D('',#10775,#10776,#10777);
#10775 = CARTESIAN_POINT('',(145.,20.,30.));
#10776 = DIRECTION('',(0.,0.,1.));
#10777 = DIRECTION('',(1.,0.,-0.));
#10778 = ADVANCED_FACE('',(#10779),#10798,.T.);
#10779 = FACE_BOUND('',#10780,.T.);
#10780 = EDGE_LOOP('',(#10781,#10790,#10791,#10792));
#10781 = ORIENTED_EDGE('',*,*,#10782,.F.);
#10782 = EDGE_CURVE('',#7867,#10783,#10785,.T.);
#10783 = VERTEX_POINT('',#10784);
#10784 = CARTESIAN_POINT('',(157.65,23.5,20.));
#10785 = ( BOUNDED_CURVE() B_SPLINE_CURVE(3,(#10786,#10787,#10788,#10789
),.UNSPECIFIED.,.F.,.F.) B_SPLINE_CURVE_WITH_KNOTS((4,4),(1.38097926545,
1.570796326795),.PIECEWISE_BEZIER_KNOTS.) CURVE() 
GEOMETRIC_REPRESENTATION_ITEM() RATIONAL_B_SPLINE_CURVE((1.,
0.996999710075,0.996999710075,1.)) REPRESENTATION_ITEM('') );
#10786 = CARTESIAN_POINT('',(157.60240273593,24.,20.5));
#10787 = CARTESIAN_POINT('',(157.63408650019,23.83509217039,
    20.33509217039));
#10788 = CARTESIAN_POINT('',(157.65,23.667923950598,20.167923950598));
#10789 = CARTESIAN_POINT('',(157.65,23.5,20.));
#10790 = ORIENTED_EDGE('',*,*,#7866,.F.);
#10791 = ORIENTED_EDGE('',*,*,#5472,.T.);
#10792 = ORIENTED_EDGE('',*,*,#10793,.T.);
#10793 = EDGE_CURVE('',#5465,#10783,#10794,.T.);
#10794 = LINE('',#10795,#10796);
#10795 = CARTESIAN_POINT('',(290.,23.5,20.));
#10796 = VECTOR('',#10797,1.);
#10797 = DIRECTION('',(-1.,0.,-0.));
#10798 = PLANE('',#10799);
#10799 = AXIS2_PLACEMENT_3D('',#10800,#10801,#10802);
#10800 = CARTESIAN_POINT('',(290.,23.5,20.));
#10801 = DIRECTION('',(0.,0.707106781187,-0.707106781187));
#10802 = DIRECTION('',(0.,0.707106781187,0.707106781187));
#10803 = ADVANCED_FACE('',(#10804),#10815,.T.);
#10804 = FACE_BOUND('',#10805,.T.);
#10805 = EDGE_LOOP('',(#10806,#10807,#10813,#10814));
#10806 = ORIENTED_EDGE('',*,*,#780,.F.);
#10807 = ORIENTED_EDGE('',*,*,#10808,.T.);
#10808 = EDGE_CURVE('',#781,#7095,#10809,.T.);
#10809 = LINE('',#10810,#10811);
#10810 = CARTESIAN_POINT('',(290.,23.5,20.));
#10811 = VECTOR('',#10812,1.);
#10812 = DIRECTION('',(-1.,0.,-0.));
#10813 = ORIENTED_EDGE('',*,*,#7094,.T.);
#10814 = ORIENTED_EDGE('',*,*,#7857,.F.);
#10815 = PLANE('',#10816);
#10816 = AXIS2_PLACEMENT_3D('',#10817,#10818,#10819);
#10817 = CARTESIAN_POINT('',(290.,23.5,20.));
#10818 = DIRECTION('',(0.,0.707106781187,-0.707106781187));
#10819 = DIRECTION('',(0.,0.707106781187,0.707106781187));
#10820 = ADVANCED_FACE('',(#10821),#10827,.T.);
#10821 = FACE_BOUND('',#10822,.T.);
#10822 = EDGE_LOOP('',(#10823,#10824,#10825,#10826));
#10823 = ORIENTED_EDGE('',*,*,#789,.F.);
#10824 = ORIENTED_EDGE('',*,*,#7912,.F.);
#10825 = ORIENTED_EDGE('',*,*,#7102,.T.);
#10826 = ORIENTED_EDGE('',*,*,#10808,.F.);
#10827 = PLANE('',#10828);
#10828 = AXIS2_PLACEMENT_3D('',#10829,#10830,#10831);
#10829 = CARTESIAN_POINT('',(290.,24.,19.5));
#10830 = DIRECTION('',(0.,0.707106781187,0.707106781187));
#10831 = DIRECTION('',(0.,-0.707106781187,0.707106781187));
#10832 = ADVANCED_FACE('',(#10833),#10845,.T.);
#10833 = FACE_BOUND('',#10834,.T.);
#10834 = EDGE_LOOP('',(#10835,#10842,#10843,#10844));
#10835 = ORIENTED_EDGE('',*,*,#10836,.F.);
#10836 = EDGE_CURVE('',#10783,#7890,#10837,.T.);
#10837 = ( BOUNDED_CURVE() B_SPLINE_CURVE(3,(#10838,#10839,#10840,#10841
),.UNSPECIFIED.,.F.,.F.) B_SPLINE_CURVE_WITH_KNOTS((4,4),(4.712388980385
,4.902206041729),.PIECEWISE_BEZIER_KNOTS.) CURVE() 
GEOMETRIC_REPRESENTATION_ITEM() RATIONAL_B_SPLINE_CURVE((1.,
0.996999710075,0.996999710075,1.)) REPRESENTATION_ITEM('') );
#10838 = CARTESIAN_POINT('',(157.65,23.5,20.));
#10839 = CARTESIAN_POINT('',(157.65,23.667923950598,19.832076049402));
#10840 = CARTESIAN_POINT('',(157.63408650019,23.83509217039,
    19.66490782961));
#10841 = CARTESIAN_POINT('',(157.60240273593,24.,19.5));
#10842 = ORIENTED_EDGE('',*,*,#10793,.F.);
#10843 = ORIENTED_EDGE('',*,*,#5464,.T.);
#10844 = ORIENTED_EDGE('',*,*,#7898,.F.);
#10845 = PLANE('',#10846);
#10846 = AXIS2_PLACEMENT_3D('',#10847,#10848,#10849);
#10847 = CARTESIAN_POINT('',(290.,24.,19.5));
#10848 = DIRECTION('',(0.,0.707106781187,0.707106781187));
#10849 = DIRECTION('',(0.,-0.707106781187,0.707106781187));
#10850 = ADVANCED_FACE('',(#10851),#10857,.T.);
#10851 = FACE_BOUND('',#10852,.T.);
#10852 = EDGE_LOOP('',(#10853,#10854,#10855,#10856));
#10853 = ORIENTED_EDGE('',*,*,#417,.F.);
#10854 = ORIENTED_EDGE('',*,*,#3584,.T.);
#10855 = ORIENTED_EDGE('',*,*,#5416,.T.);
#10856 = ORIENTED_EDGE('',*,*,#8032,.T.);
#10857 = CYLINDRICAL_SURFACE('',#10858,0.2);
#10858 = AXIS2_PLACEMENT_3D('',#10859,#10860,#10861);
#10859 = CARTESIAN_POINT('',(290.,29.8,4.882842712475));
#10860 = DIRECTION('',(-1.,0.,0.));
#10861 = DIRECTION('',(0.,0.,1.));
#10862 = ADVANCED_FACE('',(#10863),#10874,.T.);
#10863 = FACE_BOUND('',#10864,.T.);
#10864 = EDGE_LOOP('',(#10865,#10866,#10867,#10868));
#10865 = ORIENTED_EDGE('',*,*,#391,.F.);
#10866 = ORIENTED_EDGE('',*,*,#8025,.T.);
#10867 = ORIENTED_EDGE('',*,*,#5399,.T.);
#10868 = ORIENTED_EDGE('',*,*,#10869,.T.);
#10869 = EDGE_CURVE('',#5392,#394,#10870,.T.);
#10870 = LINE('',#10871,#10872);
#10871 = CARTESIAN_POINT('',(290.,28.2,3.482842712475));
#10872 = VECTOR('',#10873,1.);
#10873 = DIRECTION('',(-1.,0.,0.));
#10874 = CYLINDRICAL_SURFACE('',#10875,0.2);
#10875 = AXIS2_PLACEMENT_3D('',#10876,#10877,#10878);
#10876 = CARTESIAN_POINT('',(290.,28.4,3.482842712475));
#10877 = DIRECTION('',(-1.,0.,0.));
#10878 = DIRECTION('',(0.,0.,1.));
#10879 = ADVANCED_FACE('',(#10880),#10895,.F.);
#10880 = FACE_BOUND('',#10881,.T.);
#10881 = EDGE_LOOP('',(#10882,#10883,#10890,#10891,#10892,#10893,#10894)
  );
#10882 = ORIENTED_EDGE('',*,*,#3847,.F.);
#10883 = ORIENTED_EDGE('',*,*,#10884,.T.);
#10884 = EDGE_CURVE('',#3833,#438,#10885,.T.);
#10885 = CIRCLE('',#10886,5.);
#10886 = AXIS2_PLACEMENT_3D('',#10887,#10888,#10889);
#10887 = CARTESIAN_POINT('',(135.,28.2,-2.325E-14));
#10888 = DIRECTION('',(0.,1.,1.7E-16));
#10889 = DIRECTION('',(0.,-1.7E-16,1.));
#10890 = ORIENTED_EDGE('',*,*,#445,.T.);
#10891 = ORIENTED_EDGE('',*,*,#10869,.F.);
#10892 = ORIENTED_EDGE('',*,*,#5391,.F.);
#10893 = ORIENTED_EDGE('',*,*,#8047,.T.);
#10894 = ORIENTED_EDGE('',*,*,#7145,.F.);
#10895 = PLANE('',#10896);
#10896 = AXIS2_PLACEMENT_3D('',#10897,#10898,#10899);
#10897 = CARTESIAN_POINT('',(290.,28.2,3.));
#10898 = DIRECTION('',(0.,1.,1.7E-16));
#10899 = DIRECTION('',(0.,-1.7E-16,1.));
#10900 = ADVANCED_FACE('',(#10901),#10920,.F.);
#10901 = FACE_BOUND('',#10902,.T.);
#10902 = EDGE_LOOP('',(#10903,#10911,#10918,#10919));
#10903 = ORIENTED_EDGE('',*,*,#10904,.F.);
#10904 = EDGE_CURVE('',#10905,#5352,#10907,.T.);
#10905 = VERTEX_POINT('',#10906);
#10906 = CARTESIAN_POINT('',(137.65,23.5,-2.1E-14));
#10907 = LINE('',#10908,#10909);
#10908 = CARTESIAN_POINT('',(290.,23.5,-2.136E-14));
#10909 = VECTOR('',#10910,1.);
#10910 = DIRECTION('',(1.,0.,0.));
#10911 = ORIENTED_EDGE('',*,*,#10912,.T.);
#10912 = EDGE_CURVE('',#10905,#8105,#10913,.T.);
#10913 = ( BOUNDED_CURVE() B_SPLINE_CURVE(3,(#10914,#10915,#10916,#10917
),.UNSPECIFIED.,.F.,.F.) B_SPLINE_CURVE_WITH_KNOTS((4,4),(4.712388980385
,4.902206041729),.PIECEWISE_BEZIER_KNOTS.) CURVE() 
GEOMETRIC_REPRESENTATION_ITEM() RATIONAL_B_SPLINE_CURVE((1.,
0.996999710075,0.996999710075,1.)) REPRESENTATION_ITEM('') );
#10914 = CARTESIAN_POINT('',(137.65,23.5,-2.136E-14));
#10915 = CARTESIAN_POINT('',(137.65,23.667923950598,0.167923950598));
#10916 = CARTESIAN_POINT('',(137.63408650019,23.83509217039,
    0.33509217039));
#10917 = CARTESIAN_POINT('',(137.60240273593,24.,0.5));
#10918 = ORIENTED_EDGE('',*,*,#8104,.T.);
#10919 = ORIENTED_EDGE('',*,*,#5359,.F.);
#10920 = PLANE('',#10921);
#10921 = AXIS2_PLACEMENT_3D('',#10922,#10923,#10924);
#10922 = CARTESIAN_POINT('',(290.,24.,0.5));
#10923 = DIRECTION('',(0.,-0.707106781187,0.707106781187));
#10924 = DIRECTION('',(0.,-0.707106781187,-0.707106781187));
#10925 = ADVANCED_FACE('',(#10926),#10937,.F.);
#10926 = FACE_BOUND('',#10927,.T.);
#10927 = EDGE_LOOP('',(#10928,#10929,#10930,#10936));
#10928 = ORIENTED_EDGE('',*,*,#8120,.T.);
#10929 = ORIENTED_EDGE('',*,*,#307,.T.);
#10930 = ORIENTED_EDGE('',*,*,#10931,.F.);
#10931 = EDGE_CURVE('',#7178,#308,#10932,.T.);
#10932 = LINE('',#10933,#10934);
#10933 = CARTESIAN_POINT('',(290.,23.5,-2.136E-14));
#10934 = VECTOR('',#10935,1.);
#10935 = DIRECTION('',(1.,0.,0.));
#10936 = ORIENTED_EDGE('',*,*,#7177,.F.);
#10937 = PLANE('',#10938);
#10938 = AXIS2_PLACEMENT_3D('',#10939,#10940,#10941);
#10939 = CARTESIAN_POINT('',(290.,24.,0.5));
#10940 = DIRECTION('',(0.,-0.707106781187,0.707106781187));
#10941 = DIRECTION('',(0.,-0.707106781187,-0.707106781187));
#10942 = ADVANCED_FACE('',(#10943),#10949,.F.);
#10943 = FACE_BOUND('',#10944,.T.);
#10944 = EDGE_LOOP('',(#10945,#10946,#10947,#10948));
#10945 = ORIENTED_EDGE('',*,*,#10931,.T.);
#10946 = ORIENTED_EDGE('',*,*,#316,.T.);
#10947 = ORIENTED_EDGE('',*,*,#8137,.T.);
#10948 = ORIENTED_EDGE('',*,*,#7185,.F.);
#10949 = PLANE('',#10950);
#10950 = AXIS2_PLACEMENT_3D('',#10951,#10952,#10953);
#10951 = CARTESIAN_POINT('',(290.,23.5,-2.164E-14));
#10952 = DIRECTION('',(0.,-0.707106781187,-0.707106781187));
#10953 = DIRECTION('',(0.,0.707106781187,-0.707106781187));
#10954 = ADVANCED_FACE('',(#10955),#10967,.F.);
#10955 = FACE_BOUND('',#10956,.T.);
#10956 = EDGE_LOOP('',(#10957,#10958,#10965,#10966));
#10957 = ORIENTED_EDGE('',*,*,#8153,.T.);
#10958 = ORIENTED_EDGE('',*,*,#10959,.T.);
#10959 = EDGE_CURVE('',#8145,#10905,#10960,.T.);
#10960 = ( BOUNDED_CURVE() B_SPLINE_CURVE(3,(#10961,#10962,#10963,#10964
),.UNSPECIFIED.,.F.,.F.) B_SPLINE_CURVE_WITH_KNOTS((4,4),(1.38097926545,
1.570796326795),.PIECEWISE_BEZIER_KNOTS.) CURVE() 
GEOMETRIC_REPRESENTATION_ITEM() RATIONAL_B_SPLINE_CURVE((1.,
0.996999710075,0.996999710075,1.)) REPRESENTATION_ITEM('') );
#10961 = CARTESIAN_POINT('',(137.60240273593,24.,-0.5));
#10962 = CARTESIAN_POINT('',(137.63408650019,23.83509217039,
    -0.33509217039));
#10963 = CARTESIAN_POINT('',(137.65,23.667923950598,-0.167923950598));
#10964 = CARTESIAN_POINT('',(137.65,23.5,-2.136E-14));
#10965 = ORIENTED_EDGE('',*,*,#10904,.T.);
#10966 = ORIENTED_EDGE('',*,*,#5351,.F.);
#10967 = PLANE('',#10968);
#10968 = AXIS2_PLACEMENT_3D('',#10969,#10970,#10971);
#10969 = CARTESIAN_POINT('',(290.,23.5,-2.164E-14));
#10970 = DIRECTION('',(0.,-0.707106781187,-0.707106781187));
#10971 = DIRECTION('',(0.,0.707106781187,-0.707106781187));
#10972 = ADVANCED_FACE('',(#10973),#10987,.F.);
#10973 = FACE_BOUND('',#10974,.T.);
#10974 = EDGE_LOOP('',(#10975,#10976,#10983,#10984,#10985,#10986));
#10975 = ORIENTED_EDGE('',*,*,#2261,.F.);
#10976 = ORIENTED_EDGE('',*,*,#10977,.T.);
#10977 = EDGE_CURVE('',#2251,#3483,#10978,.T.);
#10978 = CIRCLE('',#10979,5.);
#10979 = AXIS2_PLACEMENT_3D('',#10980,#10981,#10982);
#10980 = CARTESIAN_POINT('',(135.,28.2,-2.325E-14));
#10981 = DIRECTION('',(0.,1.,1.7E-16));
#10982 = DIRECTION('',(0.,-1.7E-16,1.));
#10983 = ORIENTED_EDGE('',*,*,#3512,.F.);
#10984 = ORIENTED_EDGE('',*,*,#7217,.F.);
#10985 = ORIENTED_EDGE('',*,*,#8213,.T.);
#10986 = ORIENTED_EDGE('',*,*,#5319,.F.);
#10987 = PLANE('',#10988);
#10988 = AXIS2_PLACEMENT_3D('',#10989,#10990,#10991);
#10989 = CARTESIAN_POINT('',(290.,28.2,-3.));
#10990 = DIRECTION('',(0.,1.,1.7E-16));
#10991 = DIRECTION('',(0.,-1.7E-16,1.));
#10992 = ADVANCED_FACE('',(#10993),#11005,.T.);
#10993 = FACE_BOUND('',#10994,.T.);
#10994 = EDGE_LOOP('',(#10995,#10996,#10997,#10998));
#10995 = ORIENTED_EDGE('',*,*,#2242,.F.);
#10996 = ORIENTED_EDGE('',*,*,#5311,.T.);
#10997 = ORIENTED_EDGE('',*,*,#3743,.T.);
#10998 = ORIENTED_EDGE('',*,*,#10999,.F.);
#10999 = EDGE_CURVE('',#2243,#3735,#11000,.T.);
#11000 = B_SPLINE_CURVE_WITH_KNOTS('',3,(#11001,#11002,#11003,#11004),
  .UNSPECIFIED.,.F.,.F.,(4,4),(3.717807321616E-04,5.37997542644E-04),
  .PIECEWISE_BEZIER_KNOTS.);
#11001 = CARTESIAN_POINT('',(138.77133182379,28.4,-3.282842712475));
#11002 = CARTESIAN_POINT('',(138.77133182379,28.455859673341,
    -3.282842712475));
#11003 = CARTESIAN_POINT('',(138.74966149371,28.507880227228,
    -3.30788022722));
#11004 = CARTESIAN_POINT('',(138.71952998644,28.541421356237,
    -3.341421356237));
#11005 = CYLINDRICAL_SURFACE('',#11006,0.2);
#11006 = AXIS2_PLACEMENT_3D('',#11007,#11008,#11009);
#11007 = CARTESIAN_POINT('',(290.,28.4,-3.482842712475));
#11008 = DIRECTION('',(-1.,0.,0.));
#11009 = DIRECTION('',(0.,0.,1.));
#11010 = ADVANCED_FACE('',(#11011),#11025,.T.);
#11011 = FACE_BOUND('',#11012,.T.);
#11012 = EDGE_LOOP('',(#11013,#11022,#11023,#11024));
#11013 = ORIENTED_EDGE('',*,*,#11014,.F.);
#11014 = EDGE_CURVE('',#3725,#3600,#11015,.T.);
#11015 = B_SPLINE_CURVE_WITH_KNOTS('',3,(#11016,#11017,#11018,#11019,
    #11020,#11021),.UNSPECIFIED.,.F.,.F.,(4,2,4),(6.E-17,
    2.668650181207E-04,5.337300362413E-04),.UNSPECIFIED.);
#11016 = CARTESIAN_POINT('',(136.58711169191,29.941421356237,
    -4.741421356237));
#11017 = CARTESIAN_POINT('',(136.50566237695,29.968685155499,
    -4.768685155499));
#11018 = CARTESIAN_POINT('',(136.4214516121,29.981178779041,
    -4.794512817576));
#11019 = CARTESIAN_POINT('',(136.25039063335,29.997370316127,
    -4.841941873617));
#11020 = CARTESIAN_POINT('',(136.16339306018,30.,-4.863591161638));
#11021 = CARTESIAN_POINT('',(136.07603301307,30.,-4.882842712475));
#11022 = ORIENTED_EDGE('',*,*,#3724,.T.);
#11023 = ORIENTED_EDGE('',*,*,#5303,.T.);
#11024 = ORIENTED_EDGE('',*,*,#3610,.T.);
#11025 = CYLINDRICAL_SURFACE('',#11026,0.2);
#11026 = AXIS2_PLACEMENT_3D('',#11027,#11028,#11029);
#11027 = CARTESIAN_POINT('',(290.,29.8,-4.882842712475));
#11028 = DIRECTION('',(-1.,0.,0.));
#11029 = DIRECTION('',(0.,0.,1.));
#11030 = ADVANCED_FACE('',(#11031),#11037,.T.);
#11031 = FACE_BOUND('',#11032,.T.);
#11032 = EDGE_LOOP('',(#11033,#11034,#11035,#11036));
#11033 = ORIENTED_EDGE('',*,*,#7233,.T.);
#11034 = ORIENTED_EDGE('',*,*,#3626,.T.);
#11035 = ORIENTED_EDGE('',*,*,#5295,.T.);
#11036 = ORIENTED_EDGE('',*,*,#8262,.T.);
#11037 = CYLINDRICAL_SURFACE('',#11038,0.2);
#11038 = AXIS2_PLACEMENT_3D('',#11039,#11040,#11041);
#11039 = CARTESIAN_POINT('',(290.,29.8,-9.8));
#11040 = DIRECTION('',(-1.,0.,0.));
#11041 = DIRECTION('',(0.,0.,1.));
#11042 = ADVANCED_FACE('',(#11043),#11049,.T.);
#11043 = FACE_BOUND('',#11044,.T.);
#11044 = EDGE_LOOP('',(#11045,#11046,#11047,#11048));
#11045 = ORIENTED_EDGE('',*,*,#1277,.F.);
#11046 = ORIENTED_EDGE('',*,*,#8246,.T.);
#11047 = ORIENTED_EDGE('',*,*,#5278,.T.);
#11048 = ORIENTED_EDGE('',*,*,#8284,.T.);
#11049 = CYLINDRICAL_SURFACE('',#11050,0.2);
#11050 = AXIS2_PLACEMENT_3D('',#11051,#11052,#11053);
#11051 = CARTESIAN_POINT('',(290.,24.882842712475,-9.8));
#11052 = DIRECTION('',(-1.,0.,0.));
#11053 = DIRECTION('',(0.,0.,1.));
#11054 = ADVANCED_FACE('',(#11055),#11066,.T.);
#11055 = FACE_BOUND('',#11056,.T.);
#11056 = EDGE_LOOP('',(#11057,#11058,#11059,#11060));
#11057 = ORIENTED_EDGE('',*,*,#1251,.F.);
#11058 = ORIENTED_EDGE('',*,*,#8277,.T.);
#11059 = ORIENTED_EDGE('',*,*,#5261,.T.);
#11060 = ORIENTED_EDGE('',*,*,#11061,.T.);
#11061 = EDGE_CURVE('',#5254,#1254,#11062,.T.);
#11062 = LINE('',#11063,#11064);
#11063 = CARTESIAN_POINT('',(290.,23.482842712475,-8.2));
#11064 = VECTOR('',#11065,1.);
#11065 = DIRECTION('',(-1.,0.,0.));
#11066 = CYLINDRICAL_SURFACE('',#11067,0.2);
#11067 = AXIS2_PLACEMENT_3D('',#11068,#11069,#11070);
#11068 = CARTESIAN_POINT('',(290.,23.482842712475,-8.4));
#11069 = DIRECTION('',(-1.,0.,0.));
#11070 = DIRECTION('',(0.,0.,1.));
#11071 = ADVANCED_FACE('',(#11072),#11087,.F.);
#11072 = FACE_BOUND('',#11073,.T.);
#11073 = EDGE_LOOP('',(#11074,#11075,#11082,#11083,#11084,#11085,#11086)
  );
#11074 = ORIENTED_EDGE('',*,*,#4107,.F.);
#11075 = ORIENTED_EDGE('',*,*,#11076,.T.);
#11076 = EDGE_CURVE('',#4091,#1298,#11077,.T.);
#11077 = CIRCLE('',#11078,5.);
#11078 = AXIS2_PLACEMENT_3D('',#11079,#11080,#11081);
#11079 = CARTESIAN_POINT('',(145.,20.,-8.2));
#11080 = DIRECTION('',(0.,9.6E-16,-1.));
#11081 = DIRECTION('',(0.,1.,9.6E-16));
#11082 = ORIENTED_EDGE('',*,*,#1305,.T.);
#11083 = ORIENTED_EDGE('',*,*,#11061,.F.);
#11084 = ORIENTED_EDGE('',*,*,#5253,.F.);
#11085 = ORIENTED_EDGE('',*,*,#8299,.T.);
#11086 = ORIENTED_EDGE('',*,*,#7251,.F.);
#11087 = PLANE('',#11088);
#11088 = AXIS2_PLACEMENT_3D('',#11089,#11090,#11091);
#11089 = CARTESIAN_POINT('',(290.,23.,-8.2));
#11090 = DIRECTION('',(0.,9.6E-16,-1.));
#11091 = DIRECTION('',(0.,1.,9.6E-16));
#11092 = ADVANCED_FACE('',(#11093),#11112,.F.);
#11093 = FACE_BOUND('',#11094,.T.);
#11094 = EDGE_LOOP('',(#11095,#11103,#11110,#11111));
#11095 = ORIENTED_EDGE('',*,*,#11096,.F.);
#11096 = EDGE_CURVE('',#11097,#5214,#11099,.T.);
#11097 = VERTEX_POINT('',#11098);
#11098 = CARTESIAN_POINT('',(147.65,20.,-3.5));
#11099 = LINE('',#11100,#11101);
#11100 = CARTESIAN_POINT('',(290.,20.,-3.5));
#11101 = VECTOR('',#11102,1.);
#11102 = DIRECTION('',(1.,0.,-0.));
#11103 = ORIENTED_EDGE('',*,*,#11104,.T.);
#11104 = EDGE_CURVE('',#11097,#8357,#11105,.T.);
#11105 = ( BOUNDED_CURVE() B_SPLINE_CURVE(3,(#11106,#11107,#11108,#11109
),.UNSPECIFIED.,.F.,.F.) B_SPLINE_CURVE_WITH_KNOTS((4,4),(4.712388980385
,4.902206041729),.PIECEWISE_BEZIER_KNOTS.) CURVE() 
GEOMETRIC_REPRESENTATION_ITEM() RATIONAL_B_SPLINE_CURVE((1.,
0.996999710075,0.996999710075,1.)) REPRESENTATION_ITEM('') );
#11106 = CARTESIAN_POINT('',(147.65,20.,-3.5));
#11107 = CARTESIAN_POINT('',(147.65,20.167923950598,-3.667923950598));
#11108 = CARTESIAN_POINT('',(147.63408650019,20.33509217039,
    -3.83509217039));
#11109 = CARTESIAN_POINT('',(147.60240273593,20.5,-4.));
#11110 = ORIENTED_EDGE('',*,*,#8356,.T.);
#11111 = ORIENTED_EDGE('',*,*,#5221,.F.);
#11112 = PLANE('',#11113);
#11113 = AXIS2_PLACEMENT_3D('',#11114,#11115,#11116);
#11114 = CARTESIAN_POINT('',(290.,20.5,-4.));
#11115 = DIRECTION('',(0.,0.707106781187,0.707106781187));
#11116 = DIRECTION('',(0.,-0.707106781187,0.707106781187));
#11117 = ADVANCED_FACE('',(#11118),#11129,.F.);
#11118 = FACE_BOUND('',#11119,.T.);
#11119 = EDGE_LOOP('',(#11120,#11121,#11122,#11128));
#11120 = ORIENTED_EDGE('',*,*,#8372,.T.);
#11121 = ORIENTED_EDGE('',*,*,#995,.T.);
#11122 = ORIENTED_EDGE('',*,*,#11123,.F.);
#11123 = EDGE_CURVE('',#7284,#996,#11124,.T.);
#11124 = LINE('',#11125,#11126);
#11125 = CARTESIAN_POINT('',(290.,20.,-3.5));
#11126 = VECTOR('',#11127,1.);
#11127 = DIRECTION('',(1.,0.,-0.));
#11128 = ORIENTED_EDGE('',*,*,#7283,.F.);
#11129 = PLANE('',#11130);
#11130 = AXIS2_PLACEMENT_3D('',#11131,#11132,#11133);
#11131 = CARTESIAN_POINT('',(290.,20.5,-4.));
#11132 = DIRECTION('',(0.,0.707106781187,0.707106781187));
#11133 = DIRECTION('',(0.,-0.707106781187,0.707106781187));
#11134 = ADVANCED_FACE('',(#11135),#11141,.F.);
#11135 = FACE_BOUND('',#11136,.T.);
#11136 = EDGE_LOOP('',(#11137,#11138,#11139,#11140));
#11137 = ORIENTED_EDGE('',*,*,#11123,.T.);
#11138 = ORIENTED_EDGE('',*,*,#1004,.T.);
#11139 = ORIENTED_EDGE('',*,*,#8389,.T.);
#11140 = ORIENTED_EDGE('',*,*,#7291,.F.);
#11141 = PLANE('',#11142);
#11142 = AXIS2_PLACEMENT_3D('',#11143,#11144,#11145);
#11143 = CARTESIAN_POINT('',(290.,20.,-3.5));
#11144 = DIRECTION('',(0.,-0.707106781187,0.707106781187));
#11145 = DIRECTION('',(0.,-0.707106781187,-0.707106781187));
#11146 = ADVANCED_FACE('',(#11147),#11159,.F.);
#11147 = FACE_BOUND('',#11148,.T.);
#11148 = EDGE_LOOP('',(#11149,#11150,#11157,#11158));
#11149 = ORIENTED_EDGE('',*,*,#8405,.T.);
#11150 = ORIENTED_EDGE('',*,*,#11151,.T.);
#11151 = EDGE_CURVE('',#8397,#11097,#11152,.T.);
#11152 = ( BOUNDED_CURVE() B_SPLINE_CURVE(3,(#11153,#11154,#11155,#11156
),.UNSPECIFIED.,.F.,.F.) B_SPLINE_CURVE_WITH_KNOTS((4,4),(1.38097926545,
1.570796326795),.PIECEWISE_BEZIER_KNOTS.) CURVE() 
GEOMETRIC_REPRESENTATION_ITEM() RATIONAL_B_SPLINE_CURVE((1.,
0.996999710075,0.996999710075,1.)) REPRESENTATION_ITEM('') );
#11153 = CARTESIAN_POINT('',(147.60240273593,19.5,-4.));
#11154 = CARTESIAN_POINT('',(147.63408650019,19.66490782961,
    -3.83509217039));
#11155 = CARTESIAN_POINT('',(147.65,19.832076049402,-3.667923950598));
#11156 = CARTESIAN_POINT('',(147.65,20.,-3.5));
#11157 = ORIENTED_EDGE('',*,*,#11096,.T.);
#11158 = ORIENTED_EDGE('',*,*,#5213,.F.);
#11159 = PLANE('',#11160);
#11160 = AXIS2_PLACEMENT_3D('',#11161,#11162,#11163);
#11161 = CARTESIAN_POINT('',(290.,20.,-3.5));
#11162 = DIRECTION('',(0.,-0.707106781187,0.707106781187));
#11163 = DIRECTION('',(0.,-0.707106781187,-0.707106781187));
#11164 = ADVANCED_FACE('',(#11165),#11186,.F.);
#11165 = FACE_BOUND('',#11166,.T.);
#11166 = EDGE_LOOP('',(#11167,#11175,#11182,#11183,#11184,#11185));
#11167 = ORIENTED_EDGE('',*,*,#11168,.F.);
#11168 = EDGE_CURVE('',#11169,#5173,#11171,.T.);
#11169 = VERTEX_POINT('',#11170);
#11170 = CARTESIAN_POINT('',(148.58745127355,16.517157287525,-8.2));
#11171 = LINE('',#11172,#11173);
#11172 = CARTESIAN_POINT('',(290.,16.517157287525,-8.2));
#11173 = VECTOR('',#11174,1.);
#11174 = DIRECTION('',(1.,-0.,0.));
#11175 = ORIENTED_EDGE('',*,*,#11176,.T.);
#11176 = EDGE_CURVE('',#11169,#4010,#11177,.T.);
#11177 = CIRCLE('',#11178,5.);
#11178 = AXIS2_PLACEMENT_3D('',#11179,#11180,#11181);
#11179 = CARTESIAN_POINT('',(145.,20.,-8.2));
#11180 = DIRECTION('',(0.,9.6E-16,-1.));
#11181 = DIRECTION('',(0.,1.,9.6E-16));
#11182 = ORIENTED_EDGE('',*,*,#4041,.F.);
#11183 = ORIENTED_EDGE('',*,*,#7323,.F.);
#11184 = ORIENTED_EDGE('',*,*,#8465,.T.);
#11185 = ORIENTED_EDGE('',*,*,#5181,.F.);
#11186 = PLANE('',#11187);
#11187 = AXIS2_PLACEMENT_3D('',#11188,#11189,#11190);
#11188 = CARTESIAN_POINT('',(290.,17.,-8.2));
#11189 = DIRECTION('',(0.,9.6E-16,-1.));
#11190 = DIRECTION('',(0.,1.,9.6E-16));
#11191 = ADVANCED_FACE('',(#11192),#11206,.T.);
#11192 = FACE_BOUND('',#11193,.T.);
#11193 = EDGE_LOOP('',(#11194,#11203,#11204,#11205));
#11194 = ORIENTED_EDGE('',*,*,#11195,.F.);
#11195 = EDGE_CURVE('',#4139,#3935,#11196,.T.);
#11196 = B_SPLINE_CURVE_WITH_KNOTS('',3,(#11197,#11198,#11199,#11200,
    #11201,#11202),.UNSPECIFIED.,.F.,.F.,(4,2,4),(0.,2.668650181206E-04,
    5.337300362412E-04),.UNSPECIFIED.);
#11197 = CARTESIAN_POINT('',(146.58711169191,15.258578643763,
    -9.941421356237));
#11198 = CARTESIAN_POINT('',(146.50566237695,15.231314844501,
    -9.968685155499));
#11199 = CARTESIAN_POINT('',(146.4214516121,15.205487182424,
    -9.981178779041));
#11200 = CARTESIAN_POINT('',(146.25039063335,15.158058126383,
    -9.997370316127));
#11201 = CARTESIAN_POINT('',(146.16339306018,15.136408838362,-10.));
#11202 = CARTESIAN_POINT('',(146.07603301307,15.117157287525,-10.));
#11203 = ORIENTED_EDGE('',*,*,#4138,.T.);
#11204 = ORIENTED_EDGE('',*,*,#5164,.T.);
#11205 = ORIENTED_EDGE('',*,*,#3945,.T.);
#11206 = CYLINDRICAL_SURFACE('',#11207,0.2);
#11207 = AXIS2_PLACEMENT_3D('',#11208,#11209,#11210);
#11208 = CARTESIAN_POINT('',(290.,15.117157287525,-9.8));
#11209 = DIRECTION('',(-1.,0.,0.));
#11210 = DIRECTION('',(0.,0.,1.));
#11211 = ADVANCED_FACE('',(#11212),#11230,.T.);
#11212 = FACE_BOUND('',#11213,.T.);
#11213 = EDGE_LOOP('',(#11214,#11227,#11228,#11229));
#11214 = ORIENTED_EDGE('',*,*,#11215,.F.);
#11215 = EDGE_CURVE('',#11169,#4149,#11216,.T.);
#11216 = B_SPLINE_CURVE_WITH_KNOTS('',3,(#11217,#11218,#11219,#11220,
    #11221,#11222,#11223,#11224,#11225,#11226),.UNSPECIFIED.,.F.,.F.,(4,
    2,2,2,4),(0.,1.34499385661E-04,2.68998771322E-04,4.03498156983E-04,
    5.37997542644E-04),.UNSPECIFIED.);
#11217 = CARTESIAN_POINT('',(148.58745127355,16.517157287525,-8.2));
#11218 = CARTESIAN_POINT('',(148.61896890189,16.549621560319,-8.2));
#11219 = CARTESIAN_POINT('',(148.6498980097,16.582402296804,
    -8.207755495286));
#11220 = CARTESIAN_POINT('',(148.70624119876,16.643587373595,
    -8.241159532345));
#11221 = CARTESIAN_POINT('',(148.73204854761,16.67245884975,
    -8.267240097311));
#11222 = CARTESIAN_POINT('',(148.76746084126,16.712606613451,
    -8.340474140184));
#11223 = CARTESIAN_POINT('',(148.77528930233,16.721695731096,
    -8.38779152848));
#11224 = CARTESIAN_POINT('',(148.7629477386,16.707537014274,
    -8.475766624039));
#11225 = CARTESIAN_POINT('',(148.74391181163,16.685719468052,
    -8.514280531956));
#11226 = CARTESIAN_POINT('',(148.71952998644,16.658578643763,
    -8.541421356237));
#11227 = ORIENTED_EDGE('',*,*,#11168,.T.);
#11228 = ORIENTED_EDGE('',*,*,#5172,.T.);
#11229 = ORIENTED_EDGE('',*,*,#4157,.T.);
#11230 = CYLINDRICAL_SURFACE('',#11231,0.2);
#11231 = AXIS2_PLACEMENT_3D('',#11232,#11233,#11234);
#11232 = CARTESIAN_POINT('',(290.,16.517157287525,-8.4));
#11233 = DIRECTION('',(-1.,0.,0.));
#11234 = DIRECTION('',(0.,0.,1.));
#11235 = ADVANCED_FACE('',(#11236),#11242,.T.);
#11236 = FACE_BOUND('',#11237,.T.);
#11237 = EDGE_LOOP('',(#11238,#11239,#11240,#11241));
#11238 = ORIENTED_EDGE('',*,*,#1690,.F.);
#11239 = ORIENTED_EDGE('',*,*,#3961,.T.);
#11240 = ORIENTED_EDGE('',*,*,#5156,.T.);
#11241 = ORIENTED_EDGE('',*,*,#8505,.T.);
#11242 = CYLINDRICAL_SURFACE('',#11243,0.2);
#11243 = AXIS2_PLACEMENT_3D('',#11244,#11245,#11246);
#11244 = CARTESIAN_POINT('',(290.,4.882842712475,-9.8));
#11245 = DIRECTION('',(-1.,0.,0.));
#11246 = DIRECTION('',(0.,0.,1.));
#11247 = ADVANCED_FACE('',(#11248),#11259,.T.);
#11248 = FACE_BOUND('',#11249,.T.);
#11249 = EDGE_LOOP('',(#11250,#11251,#11252,#11253));
#11250 = ORIENTED_EDGE('',*,*,#1664,.F.);
#11251 = ORIENTED_EDGE('',*,*,#8498,.T.);
#11252 = ORIENTED_EDGE('',*,*,#5139,.T.);
#11253 = ORIENTED_EDGE('',*,*,#11254,.T.);
#11254 = EDGE_CURVE('',#5132,#1667,#11255,.T.);
#11255 = LINE('',#11256,#11257);
#11256 = CARTESIAN_POINT('',(290.,3.482842712475,-8.2));
#11257 = VECTOR('',#11258,1.);
#11258 = DIRECTION('',(-1.,0.,0.));
#11259 = CYLINDRICAL_SURFACE('',#11260,0.2);
#11260 = AXIS2_PLACEMENT_3D('',#11261,#11262,#11263);
#11261 = CARTESIAN_POINT('',(290.,3.482842712475,-8.4));
#11262 = DIRECTION('',(-1.,0.,0.));
#11263 = DIRECTION('',(0.,0.,1.));
#11264 = ADVANCED_FACE('',(#11265),#11280,.F.);
#11265 = FACE_BOUND('',#11266,.T.);
#11266 = EDGE_LOOP('',(#11267,#11268,#11275,#11276,#11277,#11278,#11279)
  );
#11267 = ORIENTED_EDGE('',*,*,#4444,.F.);
#11268 = ORIENTED_EDGE('',*,*,#11269,.T.);
#11269 = EDGE_CURVE('',#4428,#1711,#11270,.T.);
#11270 = CIRCLE('',#11271,5.);
#11271 = AXIS2_PLACEMENT_3D('',#11272,#11273,#11274);
#11272 = CARTESIAN_POINT('',(145.,3.415E-14,-8.2));
#11273 = DIRECTION('',(0.,-7.8E-16,-1.));
#11274 = DIRECTION('',(0.,1.,-7.8E-16));
#11275 = ORIENTED_EDGE('',*,*,#1718,.T.);
#11276 = ORIENTED_EDGE('',*,*,#11254,.F.);
#11277 = ORIENTED_EDGE('',*,*,#5131,.F.);
#11278 = ORIENTED_EDGE('',*,*,#8520,.T.);
#11279 = ORIENTED_EDGE('',*,*,#6506,.F.);
#11280 = PLANE('',#11281);
#11281 = AXIS2_PLACEMENT_3D('',#11282,#11283,#11284);
#11282 = CARTESIAN_POINT('',(290.,3.,-8.2));
#11283 = DIRECTION('',(0.,-7.8E-16,-1.));
#11284 = DIRECTION('',(0.,1.,-7.8E-16));
#11285 = ADVANCED_FACE('',(#11286),#11305,.F.);
#11286 = FACE_BOUND('',#11287,.T.);
#11287 = EDGE_LOOP('',(#11288,#11296,#11303,#11304));
#11288 = ORIENTED_EDGE('',*,*,#11289,.F.);
#11289 = EDGE_CURVE('',#11290,#5092,#11292,.T.);
#11290 = VERTEX_POINT('',#11291);
#11291 = CARTESIAN_POINT('',(147.65,3.6E-14,-3.5));
#11292 = LINE('',#11293,#11294);
#11293 = CARTESIAN_POINT('',(290.,3.577E-14,-3.5));
#11294 = VECTOR('',#11295,1.);
#11295 = DIRECTION('',(1.,0.,0.));
#11296 = ORIENTED_EDGE('',*,*,#11297,.T.);
#11297 = EDGE_CURVE('',#11290,#8578,#11298,.T.);
#11298 = ( BOUNDED_CURVE() B_SPLINE_CURVE(3,(#11299,#11300,#11301,#11302
),.UNSPECIFIED.,.F.,.F.) B_SPLINE_CURVE_WITH_KNOTS((4,4),(4.712388980385
,4.902206041729),.PIECEWISE_BEZIER_KNOTS.) CURVE() 
GEOMETRIC_REPRESENTATION_ITEM() RATIONAL_B_SPLINE_CURVE((1.,
0.996999710075,0.996999710075,1.)) REPRESENTATION_ITEM('') );
#11299 = CARTESIAN_POINT('',(147.65,3.577E-14,-3.5));
#11300 = CARTESIAN_POINT('',(147.65,0.167923950598,-3.667923950598));
#11301 = CARTESIAN_POINT('',(147.63408650019,0.33509217039,
    -3.83509217039));
#11302 = CARTESIAN_POINT('',(147.60240273593,0.5,-4.));
#11303 = ORIENTED_EDGE('',*,*,#8577,.T.);
#11304 = ORIENTED_EDGE('',*,*,#5099,.F.);
#11305 = PLANE('',#11306);
#11306 = AXIS2_PLACEMENT_3D('',#11307,#11308,#11309);
#11307 = CARTESIAN_POINT('',(290.,3.577E-14,-3.5));
#11308 = DIRECTION('',(-0.,0.707106781187,0.707106781187));
#11309 = DIRECTION('',(0.,-0.707106781187,0.707106781187));
#11310 = ADVANCED_FACE('',(#11311),#11322,.F.);
#11311 = FACE_BOUND('',#11312,.T.);
#11312 = EDGE_LOOP('',(#11313,#11314,#11315,#11321));
#11313 = ORIENTED_EDGE('',*,*,#8593,.T.);
#11314 = ORIENTED_EDGE('',*,*,#1614,.T.);
#11315 = ORIENTED_EDGE('',*,*,#11316,.F.);
#11316 = EDGE_CURVE('',#6539,#1615,#11317,.T.);
#11317 = LINE('',#11318,#11319);
#11318 = CARTESIAN_POINT('',(290.,3.577E-14,-3.5));
#11319 = VECTOR('',#11320,1.);
#11320 = DIRECTION('',(1.,0.,0.));
#11321 = ORIENTED_EDGE('',*,*,#6538,.F.);
#11322 = PLANE('',#11323);
#11323 = AXIS2_PLACEMENT_3D('',#11324,#11325,#11326);
#11324 = CARTESIAN_POINT('',(290.,3.577E-14,-3.5));
#11325 = DIRECTION('',(-0.,0.707106781187,0.707106781187));
#11326 = DIRECTION('',(0.,-0.707106781187,0.707106781187));
#11327 = ADVANCED_FACE('',(#11328),#11334,.F.);
#11328 = FACE_BOUND('',#11329,.T.);
#11329 = EDGE_LOOP('',(#11330,#11331,#11332,#11333));
#11330 = ORIENTED_EDGE('',*,*,#11316,.T.);
#11331 = ORIENTED_EDGE('',*,*,#1623,.T.);
#11332 = ORIENTED_EDGE('',*,*,#8610,.T.);
#11333 = ORIENTED_EDGE('',*,*,#6546,.F.);
#11334 = PLANE('',#11335);
#11335 = AXIS2_PLACEMENT_3D('',#11336,#11337,#11338);
#11336 = CARTESIAN_POINT('',(290.,-0.5,-4.));
#11337 = DIRECTION('',(0.,-0.707106781187,0.707106781187));
#11338 = DIRECTION('',(0.,-0.707106781187,-0.707106781187));
#11339 = ADVANCED_FACE('',(#11340),#11352,.F.);
#11340 = FACE_BOUND('',#11341,.T.);
#11341 = EDGE_LOOP('',(#11342,#11343,#11350,#11351));
#11342 = ORIENTED_EDGE('',*,*,#8626,.T.);
#11343 = ORIENTED_EDGE('',*,*,#11344,.T.);
#11344 = EDGE_CURVE('',#8618,#11290,#11345,.T.);
#11345 = ( BOUNDED_CURVE() B_SPLINE_CURVE(3,(#11346,#11347,#11348,#11349
),.UNSPECIFIED.,.F.,.F.) B_SPLINE_CURVE_WITH_KNOTS((4,4),(1.38097926545,
1.570796326795),.PIECEWISE_BEZIER_KNOTS.) CURVE() 
GEOMETRIC_REPRESENTATION_ITEM() RATIONAL_B_SPLINE_CURVE((1.,
0.996999710075,0.996999710075,1.)) REPRESENTATION_ITEM('') );
#11346 = CARTESIAN_POINT('',(147.60240273593,-0.5,-4.));
#11347 = CARTESIAN_POINT('',(147.63408650019,-0.33509217039,
    -3.83509217039));
#11348 = CARTESIAN_POINT('',(147.65,-0.167923950598,-3.667923950598));
#11349 = CARTESIAN_POINT('',(147.65,3.577E-14,-3.5));
#11350 = ORIENTED_EDGE('',*,*,#11289,.T.);
#11351 = ORIENTED_EDGE('',*,*,#5091,.F.);
#11352 = PLANE('',#11353);
#11353 = AXIS2_PLACEMENT_3D('',#11354,#11355,#11356);
#11354 = CARTESIAN_POINT('',(290.,-0.5,-4.));
#11355 = DIRECTION('',(0.,-0.707106781187,0.707106781187));
#11356 = DIRECTION('',(0.,-0.707106781187,-0.707106781187));
#11357 = ADVANCED_FACE('',(#11358),#11379,.F.);
#11358 = FACE_BOUND('',#11359,.T.);
#11359 = EDGE_LOOP('',(#11360,#11368,#11375,#11376,#11377,#11378));
#11360 = ORIENTED_EDGE('',*,*,#11361,.F.);
#11361 = EDGE_CURVE('',#11362,#5051,#11364,.T.);
#11362 = VERTEX_POINT('',#11363);
#11363 = CARTESIAN_POINT('',(148.58745127355,-3.482842712475,-8.2));
#11364 = LINE('',#11365,#11366);
#11365 = CARTESIAN_POINT('',(290.,-3.482842712475,-8.2));
#11366 = VECTOR('',#11367,1.);
#11367 = DIRECTION('',(1.,0.,0.));
#11368 = ORIENTED_EDGE('',*,*,#11369,.T.);
#11369 = EDGE_CURVE('',#11362,#4249,#11370,.T.);
#11370 = CIRCLE('',#11371,5.);
#11371 = AXIS2_PLACEMENT_3D('',#11372,#11373,#11374);
#11372 = CARTESIAN_POINT('',(145.,3.415E-14,-8.2));
#11373 = DIRECTION('',(0.,-7.8E-16,-1.));
#11374 = DIRECTION('',(0.,1.,-7.8E-16));
#11375 = ORIENTED_EDGE('',*,*,#4280,.F.);
#11376 = ORIENTED_EDGE('',*,*,#6578,.F.);
#11377 = ORIENTED_EDGE('',*,*,#8686,.T.);
#11378 = ORIENTED_EDGE('',*,*,#5059,.F.);
#11379 = PLANE('',#11380);
#11380 = AXIS2_PLACEMENT_3D('',#11381,#11382,#11383);
#11381 = CARTESIAN_POINT('',(290.,-3.,-8.2));
#11382 = DIRECTION('',(0.,-7.8E-16,-1.));
#11383 = DIRECTION('',(0.,1.,-7.8E-16));
#11384 = ADVANCED_FACE('',(#11385),#11399,.T.);
#11385 = FACE_BOUND('',#11386,.T.);
#11386 = EDGE_LOOP('',(#11387,#11396,#11397,#11398));
#11387 = ORIENTED_EDGE('',*,*,#11388,.F.);
#11388 = EDGE_CURVE('',#4387,#4339,#11389,.T.);
#11389 = B_SPLINE_CURVE_WITH_KNOTS('',3,(#11390,#11391,#11392,#11393,
    #11394,#11395),.UNSPECIFIED.,.F.,.F.,(4,2,4),(6.E-17,
    2.668650181207E-04,5.337300362414E-04),.UNSPECIFIED.);
#11390 = CARTESIAN_POINT('',(146.58711169191,-4.741421356237,
    -9.941421356237));
#11391 = CARTESIAN_POINT('',(146.50566237695,-4.768685155499,
    -9.968685155499));
#11392 = CARTESIAN_POINT('',(146.4214516121,-4.794512817576,
    -9.981178779041));
#11393 = CARTESIAN_POINT('',(146.25039063335,-4.841941873617,
    -9.997370316127));
#11394 = CARTESIAN_POINT('',(146.16339306018,-4.863591161638,-10.));
#11395 = CARTESIAN_POINT('',(146.07603301307,-4.882842712475,-10.));
#11396 = ORIENTED_EDGE('',*,*,#4386,.T.);
#11397 = ORIENTED_EDGE('',*,*,#5042,.T.);
#11398 = ORIENTED_EDGE('',*,*,#4347,.T.);
#11399 = CYLINDRICAL_SURFACE('',#11400,0.2);
#11400 = AXIS2_PLACEMENT_3D('',#11401,#11402,#11403);
#11401 = CARTESIAN_POINT('',(290.,-4.882842712475,-9.8));
#11402 = DIRECTION('',(-1.,0.,0.));
#11403 = DIRECTION('',(0.,0.,1.));
#11404 = ADVANCED_FACE('',(#11405),#11423,.T.);
#11405 = FACE_BOUND('',#11406,.T.);
#11406 = EDGE_LOOP('',(#11407,#11420,#11421,#11422));
#11407 = ORIENTED_EDGE('',*,*,#11408,.F.);
#11408 = EDGE_CURVE('',#11362,#4397,#11409,.T.);
#11409 = B_SPLINE_CURVE_WITH_KNOTS('',3,(#11410,#11411,#11412,#11413,
    #11414,#11415,#11416,#11417,#11418,#11419),.UNSPECIFIED.,.F.,.F.,(4,
    2,2,2,4),(0.,1.34499385661E-04,2.68998771322E-04,4.03498156983E-04,
    5.37997542644E-04),.UNSPECIFIED.);
#11410 = CARTESIAN_POINT('',(148.58745127355,-3.482842712475,-8.2));
#11411 = CARTESIAN_POINT('',(148.61896890189,-3.450378439681,-8.2));
#11412 = CARTESIAN_POINT('',(148.6498980097,-3.417597703196,
    -8.207755495286));
#11413 = CARTESIAN_POINT('',(148.70624119876,-3.356412626405,
    -8.241159532345));
#11414 = CARTESIAN_POINT('',(148.73204854761,-3.32754115025,
    -8.267240097311));
#11415 = CARTESIAN_POINT('',(148.76746084126,-3.287393386549,
    -8.340474140184));
#11416 = CARTESIAN_POINT('',(148.77528930233,-3.278304268904,
    -8.38779152848));
#11417 = CARTESIAN_POINT('',(148.7629477386,-3.292462985726,
    -8.475766624039));
#11418 = CARTESIAN_POINT('',(148.74391181163,-3.314280531948,
    -8.514280531956));
#11419 = CARTESIAN_POINT('',(148.71952998644,-3.341421356237,
    -8.541421356237));
#11420 = ORIENTED_EDGE('',*,*,#11361,.T.);
#11421 = ORIENTED_EDGE('',*,*,#5050,.T.);
#11422 = ORIENTED_EDGE('',*,*,#4405,.T.);
#11423 = CYLINDRICAL_SURFACE('',#11424,0.2);
#11424 = AXIS2_PLACEMENT_3D('',#11425,#11426,#11427);
#11425 = CARTESIAN_POINT('',(290.,-3.482842712475,-8.4));
#11426 = DIRECTION('',(-1.,0.,0.));
#11427 = DIRECTION('',(0.,0.,1.));
#11428 = ADVANCED_FACE('',(#11429),#11435,.T.);
#11429 = FACE_BOUND('',#11430,.T.);
#11430 = EDGE_LOOP('',(#11431,#11432,#11433,#11434));
#11431 = ORIENTED_EDGE('',*,*,#6593,.T.);
#11432 = ORIENTED_EDGE('',*,*,#4363,.T.);
#11433 = ORIENTED_EDGE('',*,*,#5034,.T.);
#11434 = ORIENTED_EDGE('',*,*,#8719,.T.);
#11435 = CYLINDRICAL_SURFACE('',#11436,0.2);
#11436 = AXIS2_PLACEMENT_3D('',#11437,#11438,#11439);
#11437 = CARTESIAN_POINT('',(290.,-9.8,-9.8));
#11438 = DIRECTION('',(-1.,0.,0.));
#11439 = DIRECTION('',(0.,0.,1.));
#11440 = ADVANCED_FACE('',(#11441),#11456,.T.);
#11441 = FACE_BOUND('',#11442,.T.);
#11442 = EDGE_LOOP('',(#11443,#11444,#11445,#11452,#11453,#11454,#11455)
  );
#11443 = ORIENTED_EDGE('',*,*,#8742,.T.);
#11444 = ORIENTED_EDGE('',*,*,#2340,.T.);
#11445 = ORIENTED_EDGE('',*,*,#11446,.T.);
#11446 = EDGE_CURVE('',#2341,#10484,#11447,.T.);
#11447 = B_SPLINE_CURVE_WITH_KNOTS('',3,(#11448,#11449,#11450,#11451),
  .UNSPECIFIED.,.F.,.F.,(4,4),(2.855915244528E-04,5.711830489056E-04),
  .PIECEWISE_BEZIER_KNOTS.);
#11448 = CARTESIAN_POINT('',(135.,-9.949508574143,-4.75));
#11449 = CARTESIAN_POINT('',(134.90472160537,-9.949508574144,-4.75));
#11450 = CARTESIAN_POINT('',(134.80959659606,-9.947135313346,
    -4.747135313345));
#11451 = CARTESIAN_POINT('',(134.71465192725,-9.941421356237,
    -4.741421356237));
#11452 = ORIENTED_EDGE('',*,*,#10494,.T.);
#11453 = ORIENTED_EDGE('',*,*,#6610,.T.);
#11454 = ORIENTED_EDGE('',*,*,#8726,.T.);
#11455 = ORIENTED_EDGE('',*,*,#5017,.T.);
#11456 = CYLINDRICAL_SURFACE('',#11457,0.2);
#11457 = AXIS2_PLACEMENT_3D('',#11458,#11459,#11460);
#11458 = CARTESIAN_POINT('',(290.,-9.8,-4.882842712475));
#11459 = DIRECTION('',(-1.,0.,0.));
#11460 = DIRECTION('',(0.,0.,1.));
#11461 = ADVANCED_FACE('',(#11462),#11473,.T.);
#11462 = FACE_BOUND('',#11463,.T.);
#11463 = EDGE_LOOP('',(#11464,#11465,#11466,#11472));
#11464 = ORIENTED_EDGE('',*,*,#2286,.F.);
#11465 = ORIENTED_EDGE('',*,*,#5001,.T.);
#11466 = ORIENTED_EDGE('',*,*,#11467,.T.);
#11467 = EDGE_CURVE('',#4994,#2318,#11468,.T.);
#11468 = LINE('',#11469,#11470);
#11469 = CARTESIAN_POINT('',(290.,-8.2,-3.482842712475));
#11470 = VECTOR('',#11471,1.);
#11471 = DIRECTION('',(-1.,-0.,-0.));
#11472 = ORIENTED_EDGE('',*,*,#2317,.T.);
#11473 = CYLINDRICAL_SURFACE('',#11474,0.2);
#11474 = AXIS2_PLACEMENT_3D('',#11475,#11476,#11477);
#11475 = CARTESIAN_POINT('',(290.,-8.4,-3.482842712475));
#11476 = DIRECTION('',(-1.,0.,0.));
#11477 = DIRECTION('',(0.,0.,1.));
#11478 = ADVANCED_FACE('',(#11479),#11503,.F.);
#11479 = FACE_BOUND('',#11480,.F.);
#11480 = EDGE_LOOP('',(#11481,#11482,#11483,#11484,#11495,#11502));
#11481 = ORIENTED_EDGE('',*,*,#11446,.T.);
#11482 = ORIENTED_EDGE('',*,*,#10483,.F.);
#11483 = ORIENTED_EDGE('',*,*,#2538,.T.);
#11484 = ORIENTED_EDGE('',*,*,#11485,.T.);
#11485 = EDGE_CURVE('',#2541,#11486,#11488,.T.);
#11486 = VERTEX_POINT('',#11487);
#11487 = CARTESIAN_POINT('',(131.77009185267,-8.2,-3.482842712475));
#11488 = B_SPLINE_CURVE_WITH_KNOTS('',3,(#11489,#11490,#11491,#11492,
    #11493,#11494),.UNSPECIFIED.,.F.,.F.,(4,2,4),(1.3E-16,
    1.916601981708E-04,3.833203963414E-04),.UNSPECIFIED.);
#11489 = CARTESIAN_POINT('',(131.56700659407,-8.4,-3.282842712475));
#11490 = CARTESIAN_POINT('',(131.56700659407,-8.335016547975,
    -3.282842712475));
#11491 = CARTESIAN_POINT('',(131.59845402847,-8.278679822433,
    -3.315878593861));
#11492 = CARTESIAN_POINT('',(131.67667327666,-8.213585446561,
    -3.394269484829));
#11493 = CARTESIAN_POINT('',(131.7228815695,-8.2,-3.43906098277));
#11494 = CARTESIAN_POINT('',(131.77009185267,-8.2,-3.482842712475));
#11495 = ORIENTED_EDGE('',*,*,#11496,.T.);
#11496 = EDGE_CURVE('',#11486,#2350,#11497,.T.);
#11497 = CIRCLE('',#11498,4.75);
#11498 = AXIS2_PLACEMENT_3D('',#11499,#11500,#11501);
#11499 = CARTESIAN_POINT('',(135.,-8.2,-2.398E-14));
#11500 = DIRECTION('',(0.,-1.,-0.));
#11501 = DIRECTION('',(0.,0.,-1.));
#11502 = ORIENTED_EDGE('',*,*,#2349,.T.);
#11503 = CYLINDRICAL_SURFACE('',#11504,4.75);
#11504 = AXIS2_PLACEMENT_3D('',#11505,#11506,#11507);
#11505 = CARTESIAN_POINT('',(135.,-10.,-2.398E-14));
#11506 = DIRECTION('',(-0.,-1.,-0.));
#11507 = DIRECTION('',(0.,0.,-1.));
#11508 = ADVANCED_FACE('',(#11509),#11523,.F.);
#11509 = FACE_BOUND('',#11510,.T.);
#11510 = EDGE_LOOP('',(#11511,#11517,#11518,#11519,#11520,#11521,#11522)
  );
#11511 = ORIENTED_EDGE('',*,*,#11512,.F.);
#11512 = EDGE_CURVE('',#11486,#6627,#11513,.T.);
#11513 = LINE('',#11514,#11515);
#11514 = CARTESIAN_POINT('',(290.,-8.2,-3.482842712475));
#11515 = VECTOR('',#11516,1.);
#11516 = DIRECTION('',(-1.,-0.,-0.));
#11517 = ORIENTED_EDGE('',*,*,#11496,.T.);
#11518 = ORIENTED_EDGE('',*,*,#2357,.T.);
#11519 = ORIENTED_EDGE('',*,*,#11467,.F.);
#11520 = ORIENTED_EDGE('',*,*,#4993,.F.);
#11521 = ORIENTED_EDGE('',*,*,#8758,.T.);
#11522 = ORIENTED_EDGE('',*,*,#6635,.F.);
#11523 = PLANE('',#11524);
#11524 = AXIS2_PLACEMENT_3D('',#11525,#11526,#11527);
#11525 = CARTESIAN_POINT('',(290.,-8.2,-3.));
#11526 = DIRECTION('',(0.,-1.,0.));
#11527 = DIRECTION('',(0.,-0.,-1.));
#11528 = ADVANCED_FACE('',(#11529),#11540,.F.);
#11529 = FACE_BOUND('',#11530,.T.);
#11530 = EDGE_LOOP('',(#11531,#11532,#11533));
#11531 = ORIENTED_EDGE('',*,*,#2391,.F.);
#11532 = ORIENTED_EDGE('',*,*,#8800,.T.);
#11533 = ORIENTED_EDGE('',*,*,#11534,.F.);
#11534 = EDGE_CURVE('',#2384,#8792,#11535,.T.);
#11535 = CIRCLE('',#11536,4.75);
#11536 = AXIS2_PLACEMENT_3D('',#11537,#11538,#11539);
#11537 = CARTESIAN_POINT('',(135.,-4.2,-2.398E-14));
#11538 = DIRECTION('',(0.,1.,0.));
#11539 = DIRECTION('',(0.,0.,-1.));
#11540 = PLANE('',#11541);
#11541 = AXIS2_PLACEMENT_3D('',#11542,#11543,#11544);
#11542 = CARTESIAN_POINT('',(137.6,-4.2,-2.398E-14));
#11543 = DIRECTION('',(0.,1.,0.));
#11544 = DIRECTION('',(0.,-0.,1.));
#11545 = ADVANCED_FACE('',(#11546),#11551,.F.);
#11546 = FACE_BOUND('',#11547,.F.);
#11547 = EDGE_LOOP('',(#11548,#11549,#11550));
#11548 = ORIENTED_EDGE('',*,*,#8791,.F.);
#11549 = ORIENTED_EDGE('',*,*,#11534,.F.);
#11550 = ORIENTED_EDGE('',*,*,#2383,.T.);
#11551 = CYLINDRICAL_SURFACE('',#11552,4.75);
#11552 = AXIS2_PLACEMENT_3D('',#11553,#11554,#11555);
#11553 = CARTESIAN_POINT('',(135.,-10.,-2.398E-14));
#11554 = DIRECTION('',(-0.,-1.,-0.));
#11555 = DIRECTION('',(0.,0.,-1.));
#11556 = ADVANCED_FACE('',(#11557),#11576,.F.);
#11557 = FACE_BOUND('',#11558,.T.);
#11558 = EDGE_LOOP('',(#11559,#11567,#11574,#11575));
#11559 = ORIENTED_EDGE('',*,*,#11560,.F.);
#11560 = EDGE_CURVE('',#11561,#4954,#11563,.T.);
#11561 = VERTEX_POINT('',#11562);
#11562 = CARTESIAN_POINT('',(137.65,-3.5,-2.4E-14));
#11563 = LINE('',#11564,#11565);
#11564 = CARTESIAN_POINT('',(290.,-3.5,-2.398E-14));
#11565 = VECTOR('',#11566,1.);
#11566 = DIRECTION('',(1.,-0.,0.));
#11567 = ORIENTED_EDGE('',*,*,#11568,.T.);
#11568 = EDGE_CURVE('',#11561,#8816,#11569,.T.);
#11569 = ( BOUNDED_CURVE() B_SPLINE_CURVE(3,(#11570,#11571,#11572,#11573
),.UNSPECIFIED.,.F.,.F.) B_SPLINE_CURVE_WITH_KNOTS((4,4),(1.570796326795
,1.76061338814),.PIECEWISE_BEZIER_KNOTS.) CURVE() 
GEOMETRIC_REPRESENTATION_ITEM() RATIONAL_B_SPLINE_CURVE((1.,
0.996999710075,0.996999710075,1.)) REPRESENTATION_ITEM('') );
#11570 = CARTESIAN_POINT('',(137.65,-3.5,-2.398E-14));
#11571 = CARTESIAN_POINT('',(137.65,-3.667923950598,-0.167923950598));
#11572 = CARTESIAN_POINT('',(137.63408650019,-3.83509217039,
    -0.33509217039));
#11573 = CARTESIAN_POINT('',(137.60240273593,-4.,-0.5));
#11574 = ORIENTED_EDGE('',*,*,#8815,.T.);
#11575 = ORIENTED_EDGE('',*,*,#4961,.F.);
#11576 = PLANE('',#11577);
#11577 = AXIS2_PLACEMENT_3D('',#11578,#11579,#11580);
#11578 = CARTESIAN_POINT('',(290.,-3.5,-2.398E-14));
#11579 = DIRECTION('',(0.,0.707106781187,-0.707106781187));
#11580 = DIRECTION('',(0.,0.707106781187,0.707106781187));
#11581 = ADVANCED_FACE('',(#11582),#11593,.F.);
#11582 = FACE_BOUND('',#11583,.T.);
#11583 = EDGE_LOOP('',(#11584,#11585,#11586,#11592));
#11584 = ORIENTED_EDGE('',*,*,#8831,.T.);
#11585 = ORIENTED_EDGE('',*,*,#93,.T.);
#11586 = ORIENTED_EDGE('',*,*,#11587,.F.);
#11587 = EDGE_CURVE('',#6668,#96,#11588,.T.);
#11588 = LINE('',#11589,#11590);
#11589 = CARTESIAN_POINT('',(290.,-3.5,-2.398E-14));
#11590 = VECTOR('',#11591,1.);
#11591 = DIRECTION('',(1.,-0.,0.));
#11592 = ORIENTED_EDGE('',*,*,#6667,.F.);
#11593 = PLANE('',#11594);
#11594 = AXIS2_PLACEMENT_3D('',#11595,#11596,#11597);
#11595 = CARTESIAN_POINT('',(290.,-3.5,-2.398E-14));
#11596 = DIRECTION('',(0.,0.707106781187,-0.707106781187));
#11597 = DIRECTION('',(0.,0.707106781187,0.707106781187));
#11598 = ADVANCED_FACE('',(#11599),#11605,.F.);
#11599 = FACE_BOUND('',#11600,.T.);
#11600 = EDGE_LOOP('',(#11601,#11602,#11603,#11604));
#11601 = ORIENTED_EDGE('',*,*,#11587,.T.);
#11602 = ORIENTED_EDGE('',*,*,#104,.T.);
#11603 = ORIENTED_EDGE('',*,*,#8848,.T.);
#11604 = ORIENTED_EDGE('',*,*,#6675,.F.);
#11605 = PLANE('',#11606);
#11606 = AXIS2_PLACEMENT_3D('',#11607,#11608,#11609);
#11607 = CARTESIAN_POINT('',(290.,-4.,0.5));
#11608 = DIRECTION('',(-0.,0.707106781187,0.707106781187));
#11609 = DIRECTION('',(0.,-0.707106781187,0.707106781187));
#11610 = ADVANCED_FACE('',(#11611),#11623,.F.);
#11611 = FACE_BOUND('',#11612,.T.);
#11612 = EDGE_LOOP('',(#11613,#11614,#11621,#11622));
#11613 = ORIENTED_EDGE('',*,*,#8864,.T.);
#11614 = ORIENTED_EDGE('',*,*,#11615,.T.);
#11615 = EDGE_CURVE('',#8856,#11561,#11616,.T.);
#11616 = ( BOUNDED_CURVE() B_SPLINE_CURVE(3,(#11617,#11618,#11619,#11620
),.UNSPECIFIED.,.F.,.F.) B_SPLINE_CURVE_WITH_KNOTS((4,4),(4.52257191904,
4.712388980385),.PIECEWISE_BEZIER_KNOTS.) CURVE() 
GEOMETRIC_REPRESENTATION_ITEM() RATIONAL_B_SPLINE_CURVE((1.,
0.996999710075,0.996999710075,1.)) REPRESENTATION_ITEM('') );
#11617 = CARTESIAN_POINT('',(137.60240273593,-4.,0.5));
#11618 = CARTESIAN_POINT('',(137.63408650019,-3.83509217039,
    0.33509217039));
#11619 = CARTESIAN_POINT('',(137.65,-3.667923950598,0.167923950598));
#11620 = CARTESIAN_POINT('',(137.65,-3.5,-2.398E-14));
#11621 = ORIENTED_EDGE('',*,*,#11560,.T.);
#11622 = ORIENTED_EDGE('',*,*,#4953,.F.);
#11623 = PLANE('',#11624);
#11624 = AXIS2_PLACEMENT_3D('',#11625,#11626,#11627);
#11625 = CARTESIAN_POINT('',(290.,-4.,0.5));
#11626 = DIRECTION('',(-0.,0.707106781187,0.707106781187));
#11627 = DIRECTION('',(0.,-0.707106781187,0.707106781187));
#11628 = ADVANCED_FACE('',(#11629),#11639,.F.);
#11629 = FACE_BOUND('',#11630,.F.);
#11630 = EDGE_LOOP('',(#11631,#11638));
#11631 = ORIENTED_EDGE('',*,*,#11632,.T.);
#11632 = EDGE_CURVE('',#8900,#8898,#11633,.T.);
#11633 = CIRCLE('',#11634,4.75);
#11634 = AXIS2_PLACEMENT_3D('',#11635,#11636,#11637);
#11635 = CARTESIAN_POINT('',(135.,-4.2,-2.398E-14));
#11636 = DIRECTION('',(0.,-1.,-0.));
#11637 = DIRECTION('',(0.,0.,-1.));
#11638 = ORIENTED_EDGE('',*,*,#8907,.F.);
#11639 = CYLINDRICAL_SURFACE('',#11640,4.75);
#11640 = AXIS2_PLACEMENT_3D('',#11641,#11642,#11643);
#11641 = CARTESIAN_POINT('',(135.,-10.,-2.398E-14));
#11642 = DIRECTION('',(-0.,-1.,-0.));
#11643 = DIRECTION('',(0.,0.,-1.));
#11644 = ADVANCED_FACE('',(#11645),#11649,.F.);
#11645 = FACE_BOUND('',#11646,.T.);
#11646 = EDGE_LOOP('',(#11647,#11648));
#11647 = ORIENTED_EDGE('',*,*,#8897,.T.);
#11648 = ORIENTED_EDGE('',*,*,#11632,.T.);
#11649 = PLANE('',#11650);
#11650 = AXIS2_PLACEMENT_3D('',#11651,#11652,#11653);
#11651 = CARTESIAN_POINT('',(137.6,-4.2,-2.398E-14));
#11652 = DIRECTION('',(0.,1.,0.));
#11653 = DIRECTION('',(0.,-0.,1.));
#11654 = ADVANCED_FACE('',(#11655),#11683,.F.);
#11655 = FACE_BOUND('',#11656,.T.);
#11656 = EDGE_LOOP('',(#11657,#11668,#11674,#11675,#11676,#11677));
#11657 = ORIENTED_EDGE('',*,*,#11658,.F.);
#11658 = EDGE_CURVE('',#11659,#11661,#11663,.T.);
#11659 = VERTEX_POINT('',#11660);
#11660 = CARTESIAN_POINT('',(131.77009185267,-8.2,3.482842712475));
#11661 = VERTEX_POINT('',#11662);
#11662 = CARTESIAN_POINT('',(138.22990814732,-8.2,3.482842712475));
#11663 = CIRCLE('',#11664,4.75);
#11664 = AXIS2_PLACEMENT_3D('',#11665,#11666,#11667);
#11665 = CARTESIAN_POINT('',(135.,-8.2,-2.398E-14));
#11666 = DIRECTION('',(0.,1.,0.));
#11667 = DIRECTION('',(-5.84E-15,0.,-1.));
#11668 = ORIENTED_EDGE('',*,*,#11669,.F.);
#11669 = EDGE_CURVE('',#6708,#11659,#11670,.T.);
#11670 = LINE('',#11671,#11672);
#11671 = CARTESIAN_POINT('',(290.,-8.2,3.482842712475));
#11672 = VECTOR('',#11673,1.);
#11673 = DIRECTION('',(1.,0.,0.));
#11674 = ORIENTED_EDGE('',*,*,#6707,.F.);
#11675 = ORIENTED_EDGE('',*,*,#8924,.T.);
#11676 = ORIENTED_EDGE('',*,*,#4921,.F.);
#11677 = ORIENTED_EDGE('',*,*,#11678,.F.);
#11678 = EDGE_CURVE('',#11661,#4913,#11679,.T.);
#11679 = LINE('',#11680,#11681);
#11680 = CARTESIAN_POINT('',(290.,-8.2,3.482842712475));
#11681 = VECTOR('',#11682,1.);
#11682 = DIRECTION('',(1.,0.,0.));
#11683 = PLANE('',#11684);
#11684 = AXIS2_PLACEMENT_3D('',#11685,#11686,#11687);
#11685 = CARTESIAN_POINT('',(290.,-8.2,3.));
#11686 = DIRECTION('',(0.,-1.,0.));
#11687 = DIRECTION('',(0.,-0.,-1.));
#11688 = ADVANCED_FACE('',(#11689),#11703,.T.);
#11689 = FACE_BOUND('',#11690,.T.);
#11690 = EDGE_LOOP('',(#11691,#11692,#11693,#11700,#11701,#11702));
#11691 = ORIENTED_EDGE('',*,*,#6732,.T.);
#11692 = ORIENTED_EDGE('',*,*,#10519,.T.);
#11693 = ORIENTED_EDGE('',*,*,#11694,.T.);
#11694 = EDGE_CURVE('',#10509,#8942,#11695,.T.);
#11695 = B_SPLINE_CURVE_WITH_KNOTS('',3,(#11696,#11697,#11698,#11699),
  .UNSPECIFIED.,.F.,.F.,(4,4),(0.,5.7088136963E-04),
  .PIECEWISE_BEZIER_KNOTS.);
#11696 = CARTESIAN_POINT('',(134.71465192725,-9.941421356237,
    4.741421356237));
#11697 = CARTESIAN_POINT('',(134.90460407637,-9.952853050574,
    4.752853050574));
#11698 = CARTESIAN_POINT('',(135.09542005571,-9.952851598257,
    4.752851598257));
#11699 = CARTESIAN_POINT('',(135.28534807274,-9.941421356237,
    4.741421356237));
#11700 = ORIENTED_EDGE('',*,*,#8957,.T.);
#11701 = ORIENTED_EDGE('',*,*,#4895,.T.);
#11702 = ORIENTED_EDGE('',*,*,#8978,.T.);
#11703 = CYLINDRICAL_SURFACE('',#11704,0.2);
#11704 = AXIS2_PLACEMENT_3D('',#11705,#11706,#11707);
#11705 = CARTESIAN_POINT('',(290.,-9.8,4.882842712475));
#11706 = DIRECTION('',(-1.,0.,0.));
#11707 = DIRECTION('',(0.,0.,1.));
#11708 = ADVANCED_FACE('',(#11709),#11741,.F.);
#11709 = FACE_BOUND('',#11710,.F.);
#11710 = EDGE_LOOP('',(#11711,#11724,#11725,#11738,#11739,#11740));
#11711 = ORIENTED_EDGE('',*,*,#11712,.T.);
#11712 = EDGE_CURVE('',#8940,#11661,#11713,.T.);
#11713 = B_SPLINE_CURVE_WITH_KNOTS('',3,(#11714,#11715,#11716,#11717,
    #11718,#11719,#11720,#11721,#11722,#11723),.UNSPECIFIED.,.F.,.F.,(4,
    2,2,2,4),(1.E-17,1.381193036205E-04,2.762386072409E-04,
    4.143579108613E-04,5.524772144817E-04),.UNSPECIFIED.);
#11714 = CARTESIAN_POINT('',(138.37600404621,-8.541421356237,
    3.341421356237));
#11715 = CARTESIAN_POINT('',(138.40269462432,-8.514454538801,
    3.314454538801));
#11716 = CARTESIAN_POINT('',(138.4239957298,-8.475835323795,
    3.292240517518));
#11717 = CARTESIAN_POINT('',(138.43743414241,-8.385703023218,
    3.278206964102));
#11718 = CARTESIAN_POINT('',(138.4278068942,-8.33716722857,
    3.288386079919));
#11719 = CARTESIAN_POINT('',(138.38734885332,-8.264299188767,
    3.330046675415));
#11720 = CARTESIAN_POINT('',(138.35879573584,-8.239297901351,
    3.358994068405));
#11721 = CARTESIAN_POINT('',(138.29741894048,-8.207330279626,
    3.419265751245));
#11722 = CARTESIAN_POINT('',(138.26391234066,-8.2,3.451308006436));
#11723 = CARTESIAN_POINT('',(138.22990814732,-8.2,3.482842712475));
#11724 = ORIENTED_EDGE('',*,*,#11658,.F.);
#11725 = ORIENTED_EDGE('',*,*,#11726,.T.);
#11726 = EDGE_CURVE('',#11659,#10511,#11727,.T.);
#11727 = B_SPLINE_CURVE_WITH_KNOTS('',3,(#11728,#11729,#11730,#11731,
    #11732,#11733,#11734,#11735,#11736,#11737),.UNSPECIFIED.,.F.,.F.,(4,
    2,2,2,4),(4.E-17,1.37094621776E-04,2.741892435519E-04,
    4.112838653278E-04,5.483784871037E-04),.UNSPECIFIED.);
#11728 = CARTESIAN_POINT('',(131.77009185267,-8.2,3.482842712475));
#11729 = CARTESIAN_POINT('',(131.73610722672,-8.2,3.451326152783));
#11730 = CARTESIAN_POINT('',(131.70341026105,-8.206996687952,
    3.420072203683));
#11731 = CARTESIAN_POINT('',(131.64123718199,-8.239183819474,
    3.359034104871));
#11732 = CARTESIAN_POINT('',(131.61279599466,-8.264247078481,
    3.33019288614));
#11733 = CARTESIAN_POINT('',(131.57251494414,-8.336381210833,
    3.288720393186));
#11734 = CARTESIAN_POINT('',(131.56256868244,-8.38509210483,
    3.278209652492));
#11735 = CARTESIAN_POINT('',(131.57587848327,-8.475615774627,
    3.292109419094));
#11736 = CARTESIAN_POINT('',(131.59725058563,-8.514399181707,
    3.314399181699));
#11737 = CARTESIAN_POINT('',(131.62399595378,-8.541421356237,
    3.341421356237));
#11738 = ORIENTED_EDGE('',*,*,#10508,.F.);
#11739 = ORIENTED_EDGE('',*,*,#11694,.T.);
#11740 = ORIENTED_EDGE('',*,*,#8939,.F.);
#11741 = CYLINDRICAL_SURFACE('',#11742,4.75);
#11742 = AXIS2_PLACEMENT_3D('',#11743,#11744,#11745);
#11743 = CARTESIAN_POINT('',(135.,-10.,-2.398E-14));
#11744 = DIRECTION('',(-0.,-1.,-0.));
#11745 = DIRECTION('',(0.,0.,-1.));
#11746 = ADVANCED_FACE('',(#11747),#11753,.T.);
#11747 = FACE_BOUND('',#11748,.T.);
#11748 = EDGE_LOOP('',(#11749,#11750,#11751,#11752));
#11749 = ORIENTED_EDGE('',*,*,#4912,.T.);
#11750 = ORIENTED_EDGE('',*,*,#8950,.T.);
#11751 = ORIENTED_EDGE('',*,*,#11712,.T.);
#11752 = ORIENTED_EDGE('',*,*,#11678,.T.);
#11753 = CYLINDRICAL_SURFACE('',#11754,0.2);
#11754 = AXIS2_PLACEMENT_3D('',#11755,#11756,#11757);
#11755 = CARTESIAN_POINT('',(290.,-8.4,3.482842712475));
#11756 = DIRECTION('',(-1.,0.,0.));
#11757 = DIRECTION('',(0.,0.,1.));
#11758 = ADVANCED_FACE('',(#11759),#11764,.F.);
#11759 = FACE_BOUND('',#11760,.F.);
#11760 = EDGE_LOOP('',(#11761,#11762,#11763));
#11761 = ORIENTED_EDGE('',*,*,#9000,.T.);
#11762 = ORIENTED_EDGE('',*,*,#9027,.T.);
#11763 = ORIENTED_EDGE('',*,*,#2417,.T.);
#11764 = CYLINDRICAL_SURFACE('',#11765,4.75);
#11765 = AXIS2_PLACEMENT_3D('',#11766,#11767,#11768);
#11766 = CARTESIAN_POINT('',(155.,-10.,20.));
#11767 = DIRECTION('',(-0.,-1.,-0.));
#11768 = DIRECTION('',(0.,0.,-1.));
#11769 = ADVANCED_FACE('',(#11770),#11781,.F.);
#11770 = FACE_BOUND('',#11771,.F.);
#11771 = EDGE_LOOP('',(#11772,#11773,#11780));
#11772 = ORIENTED_EDGE('',*,*,#9089,.T.);
#11773 = ORIENTED_EDGE('',*,*,#11774,.T.);
#11774 = EDGE_CURVE('',#9081,#2452,#11775,.T.);
#11775 = CIRCLE('',#11776,4.75);
#11776 = AXIS2_PLACEMENT_3D('',#11777,#11778,#11779);
#11777 = CARTESIAN_POINT('',(155.,-4.2,20.));
#11778 = DIRECTION('',(0.,-1.,-0.));
#11779 = DIRECTION('',(0.,0.,-1.));
#11780 = ORIENTED_EDGE('',*,*,#2451,.T.);
#11781 = CYLINDRICAL_SURFACE('',#11782,4.75);
#11782 = AXIS2_PLACEMENT_3D('',#11783,#11784,#11785);
#11783 = CARTESIAN_POINT('',(155.,-10.,20.));
#11784 = DIRECTION('',(-0.,-1.,-0.));
#11785 = DIRECTION('',(0.,0.,-1.));
#11786 = ADVANCED_FACE('',(#11787),#11792,.F.);
#11787 = FACE_BOUND('',#11788,.T.);
#11788 = EDGE_LOOP('',(#11789,#11790,#11791));
#11789 = ORIENTED_EDGE('',*,*,#11774,.T.);
#11790 = ORIENTED_EDGE('',*,*,#2459,.T.);
#11791 = ORIENTED_EDGE('',*,*,#9080,.F.);
#11792 = PLANE('',#11793);
#11793 = AXIS2_PLACEMENT_3D('',#11794,#11795,#11796);
#11794 = CARTESIAN_POINT('',(157.6,-4.2,20.));
#11795 = DIRECTION('',(0.,1.,0.));
#11796 = DIRECTION('',(0.,-0.,1.));
#11797 = ADVANCED_FACE('',(#11798),#11817,.T.);
#11798 = FACE_BOUND('',#11799,.T.);
#11799 = EDGE_LOOP('',(#11800,#11809,#11810,#11811));
#11800 = ORIENTED_EDGE('',*,*,#11801,.F.);
#11801 = EDGE_CURVE('',#9115,#11802,#11804,.T.);
#11802 = VERTEX_POINT('',#11803);
#11803 = CARTESIAN_POINT('',(157.65,-3.5,20.));
#11804 = ( BOUNDED_CURVE() B_SPLINE_CURVE(3,(#11805,#11806,#11807,#11808
),.UNSPECIFIED.,.F.,.F.) B_SPLINE_CURVE_WITH_KNOTS((4,4),(4.52257191904,
4.712388980385),.PIECEWISE_BEZIER_KNOTS.) CURVE() 
GEOMETRIC_REPRESENTATION_ITEM() RATIONAL_B_SPLINE_CURVE((1.,
0.996999710075,0.996999710075,1.)) REPRESENTATION_ITEM('') );
#11805 = CARTESIAN_POINT('',(157.60240273593,-4.,19.5));
#11806 = CARTESIAN_POINT('',(157.63408650019,-3.83509217039,
    19.66490782961));
#11807 = CARTESIAN_POINT('',(157.65,-3.667923950598,19.832076049402));
#11808 = CARTESIAN_POINT('',(157.65,-3.5,20.));
#11809 = ORIENTED_EDGE('',*,*,#9114,.F.);
#11810 = ORIENTED_EDGE('',*,*,#4839,.T.);
#11811 = ORIENTED_EDGE('',*,*,#11812,.T.);
#11812 = EDGE_CURVE('',#4832,#11802,#11813,.T.);
#11813 = LINE('',#11814,#11815);
#11814 = CARTESIAN_POINT('',(290.,-3.5,20.));
#11815 = VECTOR('',#11816,1.);
#11816 = DIRECTION('',(-1.,-0.,-0.));
#11817 = PLANE('',#11818);
#11818 = AXIS2_PLACEMENT_3D('',#11819,#11820,#11821);
#11819 = CARTESIAN_POINT('',(290.,-4.,19.5));
#11820 = DIRECTION('',(0.,-0.707106781187,0.707106781187));
#11821 = DIRECTION('',(0.,-0.707106781187,-0.707106781187));
#11822 = ADVANCED_FACE('',(#11823),#11834,.T.);
#11823 = FACE_BOUND('',#11824,.T.);
#11824 = EDGE_LOOP('',(#11825,#11826,#11832,#11833));
#11825 = ORIENTED_EDGE('',*,*,#532,.F.);
#11826 = ORIENTED_EDGE('',*,*,#11827,.T.);
#11827 = EDGE_CURVE('',#533,#6790,#11828,.T.);
#11828 = LINE('',#11829,#11830);
#11829 = CARTESIAN_POINT('',(290.,-3.5,20.));
#11830 = VECTOR('',#11831,1.);
#11831 = DIRECTION('',(-1.,-0.,-0.));
#11832 = ORIENTED_EDGE('',*,*,#6789,.T.);
#11833 = ORIENTED_EDGE('',*,*,#9105,.F.);
#11834 = PLANE('',#11835);
#11835 = AXIS2_PLACEMENT_3D('',#11836,#11837,#11838);
#11836 = CARTESIAN_POINT('',(290.,-4.,19.5));
#11837 = DIRECTION('',(0.,-0.707106781187,0.707106781187));
#11838 = DIRECTION('',(0.,-0.707106781187,-0.707106781187));
#11839 = ADVANCED_FACE('',(#11840),#11846,.T.);
#11840 = FACE_BOUND('',#11841,.T.);
#11841 = EDGE_LOOP('',(#11842,#11843,#11844,#11845));
#11842 = ORIENTED_EDGE('',*,*,#543,.F.);
#11843 = ORIENTED_EDGE('',*,*,#9160,.F.);
#11844 = ORIENTED_EDGE('',*,*,#6797,.T.);
#11845 = ORIENTED_EDGE('',*,*,#11827,.F.);
#11846 = PLANE('',#11847);
#11847 = AXIS2_PLACEMENT_3D('',#11848,#11849,#11850);
#11848 = CARTESIAN_POINT('',(290.,-3.5,20.));
#11849 = DIRECTION('',(0.,-0.707106781187,-0.707106781187));
#11850 = DIRECTION('',(0.,0.707106781187,-0.707106781187));
#11851 = ADVANCED_FACE('',(#11852),#11864,.T.);
#11852 = FACE_BOUND('',#11853,.T.);
#11853 = EDGE_LOOP('',(#11854,#11861,#11862,#11863));
#11854 = ORIENTED_EDGE('',*,*,#11855,.F.);
#11855 = EDGE_CURVE('',#11802,#9138,#11856,.T.);
#11856 = ( BOUNDED_CURVE() B_SPLINE_CURVE(3,(#11857,#11858,#11859,#11860
),.UNSPECIFIED.,.F.,.F.) B_SPLINE_CURVE_WITH_KNOTS((4,4),(1.570796326795
,1.76061338814),.PIECEWISE_BEZIER_KNOTS.) CURVE() 
GEOMETRIC_REPRESENTATION_ITEM() RATIONAL_B_SPLINE_CURVE((1.,
0.996999710075,0.996999710075,1.)) REPRESENTATION_ITEM('') );
#11857 = CARTESIAN_POINT('',(157.65,-3.5,20.));
#11858 = CARTESIAN_POINT('',(157.65,-3.667923950598,20.167923950598));
#11859 = CARTESIAN_POINT('',(157.63408650019,-3.83509217039,
    20.33509217039));
#11860 = CARTESIAN_POINT('',(157.60240273593,-4.,20.5));
#11861 = ORIENTED_EDGE('',*,*,#11812,.F.);
#11862 = ORIENTED_EDGE('',*,*,#4831,.T.);
#11863 = ORIENTED_EDGE('',*,*,#9146,.F.);
#11864 = PLANE('',#11865);
#11865 = AXIS2_PLACEMENT_3D('',#11866,#11867,#11868);
#11866 = CARTESIAN_POINT('',(290.,-3.5,20.));
#11867 = DIRECTION('',(0.,-0.707106781187,-0.707106781187));
#11868 = DIRECTION('',(0.,0.707106781187,-0.707106781187));
#11869 = ADVANCED_FACE('',(#11870),#11880,.F.);
#11870 = FACE_BOUND('',#11871,.F.);
#11871 = EDGE_LOOP('',(#11872,#11873));
#11872 = ORIENTED_EDGE('',*,*,#9196,.T.);
#11873 = ORIENTED_EDGE('',*,*,#11874,.T.);
#11874 = EDGE_CURVE('',#9187,#9189,#11875,.T.);
#11875 = CIRCLE('',#11876,4.75);
#11876 = AXIS2_PLACEMENT_3D('',#11877,#11878,#11879);
#11877 = CARTESIAN_POINT('',(155.,-4.2,20.));
#11878 = DIRECTION('',(0.,-1.,-0.));
#11879 = DIRECTION('',(0.,0.,-1.));
#11880 = CYLINDRICAL_SURFACE('',#11881,4.75);
#11881 = AXIS2_PLACEMENT_3D('',#11882,#11883,#11884);
#11882 = CARTESIAN_POINT('',(155.,-10.,20.));
#11883 = DIRECTION('',(-0.,-1.,-0.));
#11884 = DIRECTION('',(0.,0.,-1.));
#11885 = ADVANCED_FACE('',(#11886),#11890,.F.);
#11886 = FACE_BOUND('',#11887,.T.);
#11887 = EDGE_LOOP('',(#11888,#11889));
#11888 = ORIENTED_EDGE('',*,*,#11874,.T.);
#11889 = ORIENTED_EDGE('',*,*,#9186,.F.);
#11890 = PLANE('',#11891);
#11891 = AXIS2_PLACEMENT_3D('',#11892,#11893,#11894);
#11892 = CARTESIAN_POINT('',(157.6,-4.2,20.));
#11893 = DIRECTION('',(0.,1.,0.));
#11894 = DIRECTION('',(0.,-0.,1.));
#11895 = ADVANCED_FACE('',(#11896),#11900,.F.);
#11896 = FACE_BOUND('',#11897,.F.);
#11897 = EDGE_LOOP('',(#11898,#11899));
#11898 = ORIENTED_EDGE('',*,*,#9264,.T.);
#11899 = ORIENTED_EDGE('',*,*,#9237,.T.);
#11900 = CYLINDRICAL_SURFACE('',#11901,4.75);
#11901 = AXIS2_PLACEMENT_3D('',#11902,#11903,#11904);
#11902 = CARTESIAN_POINT('',(155.,-10.,20.));
#11903 = DIRECTION('',(-0.,-1.,-0.));
#11904 = DIRECTION('',(0.,0.,-1.));
#11905 = ADVANCED_FACE('',(#11906),#11910,.F.);
#11906 = FACE_BOUND('',#11907,.F.);
#11907 = EDGE_LOOP('',(#11908,#11909));
#11908 = ORIENTED_EDGE('',*,*,#9330,.T.);
#11909 = ORIENTED_EDGE('',*,*,#9357,.T.);
#11910 = CYLINDRICAL_SURFACE('',#11911,4.75);
#11911 = AXIS2_PLACEMENT_3D('',#11912,#11913,#11914);
#11912 = CARTESIAN_POINT('',(145.,3.342E-14,30.));
#11913 = DIRECTION('',(0.,0.,1.));
#11914 = DIRECTION('',(1.,0.,-0.));
#11915 = ADVANCED_FACE('',(#11916),#11926,.F.);
#11916 = FACE_BOUND('',#11917,.F.);
#11917 = EDGE_LOOP('',(#11918,#11919));
#11918 = ORIENTED_EDGE('',*,*,#9418,.T.);
#11919 = ORIENTED_EDGE('',*,*,#11920,.T.);
#11920 = EDGE_CURVE('',#9409,#9411,#11921,.T.);
#11921 = CIRCLE('',#11922,4.75);
#11922 = AXIS2_PLACEMENT_3D('',#11923,#11924,#11925);
#11923 = CARTESIAN_POINT('',(145.,3.342E-14,24.2));
#11924 = DIRECTION('',(0.,0.,1.));
#11925 = DIRECTION('',(1.,0.,-0.));
#11926 = CYLINDRICAL_SURFACE('',#11927,4.75);
#11927 = AXIS2_PLACEMENT_3D('',#11928,#11929,#11930);
#11928 = CARTESIAN_POINT('',(145.,3.342E-14,30.));
#11929 = DIRECTION('',(0.,0.,1.));
#11930 = DIRECTION('',(1.,0.,-0.));
#11931 = ADVANCED_FACE('',(#11932),#11936,.F.);
#11932 = FACE_BOUND('',#11933,.T.);
#11933 = EDGE_LOOP('',(#11934,#11935));
#11934 = ORIENTED_EDGE('',*,*,#11920,.T.);
#11935 = ORIENTED_EDGE('',*,*,#9408,.F.);
#11936 = PLANE('',#11937);
#11937 = AXIS2_PLACEMENT_3D('',#11938,#11939,#11940);
#11938 = CARTESIAN_POINT('',(147.6,3.342E-14,24.2));
#11939 = DIRECTION('',(0.,0.,-1.));
#11940 = DIRECTION('',(-1.,0.,-0.));
#11941 = ADVANCED_FACE('',(#11942),#11961,.T.);
#11942 = FACE_BOUND('',#11943,.T.);
#11943 = EDGE_LOOP('',(#11944,#11953,#11954,#11955));
#11944 = ORIENTED_EDGE('',*,*,#11945,.F.);
#11945 = EDGE_CURVE('',#9444,#11946,#11948,.T.);
#11946 = VERTEX_POINT('',#11947);
#11947 = CARTESIAN_POINT('',(147.65,3.5E-14,23.5));
#11948 = ( BOUNDED_CURVE() B_SPLINE_CURVE(3,(#11949,#11950,#11951,#11952
),.UNSPECIFIED.,.F.,.F.) B_SPLINE_CURVE_WITH_KNOTS((4,4),(4.52257191904,
4.712388980385),.PIECEWISE_BEZIER_KNOTS.) CURVE() 
GEOMETRIC_REPRESENTATION_ITEM() RATIONAL_B_SPLINE_CURVE((1.,
0.996999710075,0.996999710075,1.)) REPRESENTATION_ITEM('') );
#11949 = CARTESIAN_POINT('',(147.60240273593,-0.5,24.));
#11950 = CARTESIAN_POINT('',(147.63408650019,-0.33509217039,
    23.83509217039));
#11951 = CARTESIAN_POINT('',(147.65,-0.167923950598,23.667923950598));
#11952 = CARTESIAN_POINT('',(147.65,3.459E-14,23.5));
#11953 = ORIENTED_EDGE('',*,*,#9443,.F.);
#11954 = ORIENTED_EDGE('',*,*,#4727,.T.);
#11955 = ORIENTED_EDGE('',*,*,#11956,.T.);
#11956 = EDGE_CURVE('',#4720,#11946,#11957,.T.);
#11957 = LINE('',#11958,#11959);
#11958 = CARTESIAN_POINT('',(290.,3.459E-14,23.5));
#11959 = VECTOR('',#11960,1.);
#11960 = DIRECTION('',(-1.,-0.,-0.));
#11961 = PLANE('',#11962);
#11962 = AXIS2_PLACEMENT_3D('',#11963,#11964,#11965);
#11963 = CARTESIAN_POINT('',(290.,-0.5,24.));
#11964 = DIRECTION('',(-0.,0.707106781187,0.707106781187));
#11965 = DIRECTION('',(0.,-0.707106781187,0.707106781187));
#11966 = ADVANCED_FACE('',(#11967),#11978,.T.);
#11967 = FACE_BOUND('',#11968,.T.);
#11968 = EDGE_LOOP('',(#11969,#11970,#11976,#11977));
#11969 = ORIENTED_EDGE('',*,*,#1396,.F.);
#11970 = ORIENTED_EDGE('',*,*,#11971,.T.);
#11971 = EDGE_CURVE('',#1397,#6902,#11972,.T.);
#11972 = LINE('',#11973,#11974);
#11973 = CARTESIAN_POINT('',(290.,3.459E-14,23.5));
#11974 = VECTOR('',#11975,1.);
#11975 = DIRECTION('',(-1.,-0.,-0.));
#11976 = ORIENTED_EDGE('',*,*,#6901,.T.);
#11977 = ORIENTED_EDGE('',*,*,#9434,.F.);
#11978 = PLANE('',#11979);
#11979 = AXIS2_PLACEMENT_3D('',#11980,#11981,#11982);
#11980 = CARTESIAN_POINT('',(290.,-0.5,24.));
#11981 = DIRECTION('',(-0.,0.707106781187,0.707106781187));
#11982 = DIRECTION('',(0.,-0.707106781187,0.707106781187));
#11983 = ADVANCED_FACE('',(#11984),#11990,.T.);
#11984 = FACE_BOUND('',#11985,.T.);
#11985 = EDGE_LOOP('',(#11986,#11987,#11988,#11989));
#11986 = ORIENTED_EDGE('',*,*,#1407,.F.);
#11987 = ORIENTED_EDGE('',*,*,#9489,.F.);
#11988 = ORIENTED_EDGE('',*,*,#6909,.T.);
#11989 = ORIENTED_EDGE('',*,*,#11971,.F.);
#11990 = PLANE('',#11991);
#11991 = AXIS2_PLACEMENT_3D('',#11992,#11993,#11994);
#11992 = CARTESIAN_POINT('',(290.,3.342E-14,23.5));
#11993 = DIRECTION('',(0.,-0.707106781187,0.707106781187));
#11994 = DIRECTION('',(0.,-0.707106781187,-0.707106781187));
#11995 = ADVANCED_FACE('',(#11996),#12008,.T.);
#11996 = FACE_BOUND('',#11997,.T.);
#11997 = EDGE_LOOP('',(#11998,#12005,#12006,#12007));
#11998 = ORIENTED_EDGE('',*,*,#11999,.F.);
#11999 = EDGE_CURVE('',#11946,#9467,#12000,.T.);
#12000 = ( BOUNDED_CURVE() B_SPLINE_CURVE(3,(#12001,#12002,#12003,#12004
),.UNSPECIFIED.,.F.,.F.) B_SPLINE_CURVE_WITH_KNOTS((4,4),(1.570796326795
,1.76061338814),.PIECEWISE_BEZIER_KNOTS.) CURVE() 
GEOMETRIC_REPRESENTATION_ITEM() RATIONAL_B_SPLINE_CURVE((1.,
0.996999710075,0.996999710075,1.)) REPRESENTATION_ITEM('') );
#12001 = CARTESIAN_POINT('',(147.65,3.459E-14,23.5));
#12002 = CARTESIAN_POINT('',(147.65,0.167923950598,23.667923950598));
#12003 = CARTESIAN_POINT('',(147.63408650019,0.33509217039,
    23.83509217039));
#12004 = CARTESIAN_POINT('',(147.60240273593,0.5,24.));
#12005 = ORIENTED_EDGE('',*,*,#11956,.F.);
#12006 = ORIENTED_EDGE('',*,*,#4719,.T.);
#12007 = ORIENTED_EDGE('',*,*,#9475,.F.);
#12008 = PLANE('',#12009);
#12009 = AXIS2_PLACEMENT_3D('',#12010,#12011,#12012);
#12010 = CARTESIAN_POINT('',(290.,3.342E-14,23.5));
#12011 = DIRECTION('',(0.,-0.707106781187,0.707106781187));
#12012 = DIRECTION('',(0.,-0.707106781187,-0.707106781187));
#12013 = ADVANCED_FACE('',(#12014),#12024,.F.);
#12014 = FACE_BOUND('',#12015,.F.);
#12015 = EDGE_LOOP('',(#12016,#12017));
#12016 = ORIENTED_EDGE('',*,*,#9525,.T.);
#12017 = ORIENTED_EDGE('',*,*,#12018,.T.);
#12018 = EDGE_CURVE('',#9516,#9518,#12019,.T.);
#12019 = CIRCLE('',#12020,4.75);
#12020 = AXIS2_PLACEMENT_3D('',#12021,#12022,#12023);
#12021 = CARTESIAN_POINT('',(145.,3.342E-14,24.2));
#12022 = DIRECTION('',(0.,0.,1.));
#12023 = DIRECTION('',(1.,0.,-0.));
#12024 = CYLINDRICAL_SURFACE('',#12025,4.75);
#12025 = AXIS2_PLACEMENT_3D('',#12026,#12027,#12028);
#12026 = CARTESIAN_POINT('',(145.,3.342E-14,30.));
#12027 = DIRECTION('',(0.,0.,1.));
#12028 = DIRECTION('',(1.,0.,-0.));
#12029 = ADVANCED_FACE('',(#12030),#12034,.F.);
#12030 = FACE_BOUND('',#12031,.T.);
#12031 = EDGE_LOOP('',(#12032,#12033));
#12032 = ORIENTED_EDGE('',*,*,#12018,.T.);
#12033 = ORIENTED_EDGE('',*,*,#9515,.F.);
#12034 = PLANE('',#12035);
#12035 = AXIS2_PLACEMENT_3D('',#12036,#12037,#12038);
#12036 = CARTESIAN_POINT('',(147.6,3.342E-14,24.2));
#12037 = DIRECTION('',(0.,0.,-1.));
#12038 = DIRECTION('',(-1.,0.,-0.));
#12039 = ADVANCED_FACE('',(#12040),#12059,.T.);
#12040 = FACE_BOUND('',#12041,.T.);
#12041 = EDGE_LOOP('',(#12042,#12051,#12052,#12053));
#12042 = ORIENTED_EDGE('',*,*,#12043,.F.);
#12043 = EDGE_CURVE('',#9593,#12044,#12046,.T.);
#12044 = VERTEX_POINT('',#12045);
#12045 = CARTESIAN_POINT('',(157.65,16.5,20.));
#12046 = ( BOUNDED_CURVE() B_SPLINE_CURVE(3,(#12047,#12048,#12049,#12050
),.UNSPECIFIED.,.F.,.F.) B_SPLINE_CURVE_WITH_KNOTS((4,4),(4.52257191904,
4.712388980385),.PIECEWISE_BEZIER_KNOTS.) CURVE() 
GEOMETRIC_REPRESENTATION_ITEM() RATIONAL_B_SPLINE_CURVE((1.,
0.996999710075,0.996999710075,1.)) REPRESENTATION_ITEM('') );
#12047 = CARTESIAN_POINT('',(157.60240273593,16.,19.5));
#12048 = CARTESIAN_POINT('',(157.63408650019,16.16490782961,
    19.66490782961));
#12049 = CARTESIAN_POINT('',(157.65,16.332076049402,19.832076049402));
#12050 = CARTESIAN_POINT('',(157.65,16.5,20.));
#12051 = ORIENTED_EDGE('',*,*,#9592,.F.);
#12052 = ORIENTED_EDGE('',*,*,#5599,.T.);
#12053 = ORIENTED_EDGE('',*,*,#12054,.T.);
#12054 = EDGE_CURVE('',#5602,#12044,#12055,.T.);
#12055 = LINE('',#12056,#12057);
#12056 = CARTESIAN_POINT('',(290.,16.5,20.));
#12057 = VECTOR('',#12058,1.);
#12058 = DIRECTION('',(-1.,-0.,-0.));
#12059 = PLANE('',#12060);
#12060 = AXIS2_PLACEMENT_3D('',#12061,#12062,#12063);
#12061 = CARTESIAN_POINT('',(290.,16.5,20.));
#12062 = DIRECTION('',(0.,-0.707106781187,0.707106781187));
#12063 = DIRECTION('',(0.,-0.707106781187,-0.707106781187));
#12064 = ADVANCED_FACE('',(#12065),#12071,.F.);
#12065 = FACE_BOUND('',#12066,.T.);
#12066 = EDGE_LOOP('',(#12067,#12068,#12069,#12070));
#12067 = ORIENTED_EDGE('',*,*,#10415,.F.);
#12068 = ORIENTED_EDGE('',*,*,#5617,.F.);
#12069 = ORIENTED_EDGE('',*,*,#9585,.F.);
#12070 = ORIENTED_EDGE('',*,*,#6084,.F.);
#12071 = PLANE('',#12072);
#12072 = AXIS2_PLACEMENT_3D('',#12073,#12074,#12075);
#12073 = CARTESIAN_POINT('',(290.,16.,16.989949493661));
#12074 = DIRECTION('',(-0.,0.707106781187,0.707106781187));
#12075 = DIRECTION('',(0.,-0.707106781187,0.707106781187));
#12076 = ADVANCED_FACE('',(#12077),#12088,.T.);
#12077 = FACE_BOUND('',#12078,.T.);
#12078 = EDGE_LOOP('',(#12079,#12080,#12086,#12087));
#12079 = ORIENTED_EDGE('',*,*,#734,.F.);
#12080 = ORIENTED_EDGE('',*,*,#12081,.T.);
#12081 = EDGE_CURVE('',#735,#6103,#12082,.T.);
#12082 = LINE('',#12083,#12084);
#12083 = CARTESIAN_POINT('',(290.,16.5,20.));
#12084 = VECTOR('',#12085,1.);
#12085 = DIRECTION('',(-1.,-0.,-0.));
#12086 = ORIENTED_EDGE('',*,*,#6102,.T.);
#12087 = ORIENTED_EDGE('',*,*,#9578,.F.);
#12088 = PLANE('',#12089);
#12089 = AXIS2_PLACEMENT_3D('',#12090,#12091,#12092);
#12090 = CARTESIAN_POINT('',(290.,16.5,20.));
#12091 = DIRECTION('',(0.,-0.707106781187,0.707106781187));
#12092 = DIRECTION('',(0.,-0.707106781187,-0.707106781187));
#12093 = ADVANCED_FACE('',(#12094),#12100,.T.);
#12094 = FACE_BOUND('',#12095,.T.);
#12095 = EDGE_LOOP('',(#12096,#12097,#12098,#12099));
#12096 = ORIENTED_EDGE('',*,*,#745,.F.);
#12097 = ORIENTED_EDGE('',*,*,#9638,.F.);
#12098 = ORIENTED_EDGE('',*,*,#6110,.T.);
#12099 = ORIENTED_EDGE('',*,*,#12081,.F.);
#12100 = PLANE('',#12101);
#12101 = AXIS2_PLACEMENT_3D('',#12102,#12103,#12104);
#12102 = CARTESIAN_POINT('',(290.,16.,20.5));
#12103 = DIRECTION('',(0.,-0.707106781187,-0.707106781187));
#12104 = DIRECTION('',(0.,0.707106781187,-0.707106781187));
#12105 = ADVANCED_FACE('',(#12106),#12118,.T.);
#12106 = FACE_BOUND('',#12107,.T.);
#12107 = EDGE_LOOP('',(#12108,#12115,#12116,#12117));
#12108 = ORIENTED_EDGE('',*,*,#12109,.F.);
#12109 = EDGE_CURVE('',#12044,#9616,#12110,.T.);
#12110 = ( BOUNDED_CURVE() B_SPLINE_CURVE(3,(#12111,#12112,#12113,#12114
),.UNSPECIFIED.,.F.,.F.) B_SPLINE_CURVE_WITH_KNOTS((4,4),(1.570796326795
,1.76061338814),.PIECEWISE_BEZIER_KNOTS.) CURVE() 
GEOMETRIC_REPRESENTATION_ITEM() RATIONAL_B_SPLINE_CURVE((1.,
0.996999710075,0.996999710075,1.)) REPRESENTATION_ITEM('') );
#12111 = CARTESIAN_POINT('',(157.65,16.5,20.));
#12112 = CARTESIAN_POINT('',(157.65,16.332076049402,20.167923950598));
#12113 = CARTESIAN_POINT('',(157.63408650019,16.16490782961,
    20.33509217039));
#12114 = CARTESIAN_POINT('',(157.60240273593,16.,20.5));
#12115 = ORIENTED_EDGE('',*,*,#12054,.F.);
#12116 = ORIENTED_EDGE('',*,*,#6009,.T.);
#12117 = ORIENTED_EDGE('',*,*,#9624,.F.);
#12118 = PLANE('',#12119);
#12119 = AXIS2_PLACEMENT_3D('',#12120,#12121,#12122);
#12120 = CARTESIAN_POINT('',(290.,16.,20.5));
#12121 = DIRECTION('',(0.,-0.707106781187,-0.707106781187));
#12122 = DIRECTION('',(0.,0.707106781187,-0.707106781187));
#12123 = ADVANCED_FACE('',(#12124),#12143,.T.);
#12124 = FACE_BOUND('',#12125,.T.);
#12125 = EDGE_LOOP('',(#12126,#12135,#12136,#12137));
#12126 = ORIENTED_EDGE('',*,*,#12127,.F.);
#12127 = EDGE_CURVE('',#9715,#12128,#12130,.T.);
#12128 = VERTEX_POINT('',#12129);
#12129 = CARTESIAN_POINT('',(157.65,3.5,20.));
#12130 = ( BOUNDED_CURVE() B_SPLINE_CURVE(3,(#12131,#12132,#12133,#12134
),.UNSPECIFIED.,.F.,.F.) B_SPLINE_CURVE_WITH_KNOTS((4,4),(1.38097926545,
1.570796326795),.PIECEWISE_BEZIER_KNOTS.) CURVE() 
GEOMETRIC_REPRESENTATION_ITEM() RATIONAL_B_SPLINE_CURVE((1.,
0.996999710075,0.996999710075,1.)) REPRESENTATION_ITEM('') );
#12131 = CARTESIAN_POINT('',(157.60240273593,4.,20.5));
#12132 = CARTESIAN_POINT('',(157.63408650019,3.83509217039,
    20.33509217039));
#12133 = CARTESIAN_POINT('',(157.65,3.667923950598,20.167923950598));
#12134 = CARTESIAN_POINT('',(157.65,3.5,20.));
#12135 = ORIENTED_EDGE('',*,*,#9714,.F.);
#12136 = ORIENTED_EDGE('',*,*,#5961,.T.);
#12137 = ORIENTED_EDGE('',*,*,#12138,.T.);
#12138 = EDGE_CURVE('',#5954,#12128,#12139,.T.);
#12139 = LINE('',#12140,#12141);
#12140 = CARTESIAN_POINT('',(290.,3.5,20.));
#12141 = VECTOR('',#12142,1.);
#12142 = DIRECTION('',(-1.,0.,-0.));
#12143 = PLANE('',#12144);
#12144 = AXIS2_PLACEMENT_3D('',#12145,#12146,#12147);
#12145 = CARTESIAN_POINT('',(290.,4.,20.5));
#12146 = DIRECTION('',(0.,0.707106781187,-0.707106781187));
#12147 = DIRECTION('',(0.,0.707106781187,0.707106781187));
#12148 = ADVANCED_FACE('',(#12149),#12160,.T.);
#12149 = FACE_BOUND('',#12150,.T.);
#12150 = EDGE_LOOP('',(#12151,#12152,#12158,#12159));
#12151 = ORIENTED_EDGE('',*,*,#578,.F.);
#12152 = ORIENTED_EDGE('',*,*,#12153,.T.);
#12153 = EDGE_CURVE('',#579,#6159,#12154,.T.);
#12154 = LINE('',#12155,#12156);
#12155 = CARTESIAN_POINT('',(290.,3.5,20.));
#12156 = VECTOR('',#12157,1.);
#12157 = DIRECTION('',(-1.,0.,-0.));
#12158 = ORIENTED_EDGE('',*,*,#6158,.T.);
#12159 = ORIENTED_EDGE('',*,*,#9705,.F.);
#12160 = PLANE('',#12161);
#12161 = AXIS2_PLACEMENT_3D('',#12162,#12163,#12164);
#12162 = CARTESIAN_POINT('',(290.,4.,20.5));
#12163 = DIRECTION('',(0.,0.707106781187,-0.707106781187));
#12164 = DIRECTION('',(0.,0.707106781187,0.707106781187));
#12165 = ADVANCED_FACE('',(#12166),#12172,.T.);
#12166 = FACE_BOUND('',#12167,.T.);
#12167 = EDGE_LOOP('',(#12168,#12169,#12170,#12171));
#12168 = ORIENTED_EDGE('',*,*,#587,.F.);
#12169 = ORIENTED_EDGE('',*,*,#9760,.F.);
#12170 = ORIENTED_EDGE('',*,*,#6166,.T.);
#12171 = ORIENTED_EDGE('',*,*,#12153,.F.);
#12172 = PLANE('',#12173);
#12173 = AXIS2_PLACEMENT_3D('',#12174,#12175,#12176);
#12174 = CARTESIAN_POINT('',(290.,3.5,20.));
#12175 = DIRECTION('',(-0.,0.707106781187,0.707106781187));
#12176 = DIRECTION('',(0.,-0.707106781187,0.707106781187));
#12177 = ADVANCED_FACE('',(#12178),#12184,.F.);
#12178 = FACE_BOUND('',#12179,.T.);
#12179 = EDGE_LOOP('',(#12180,#12181,#12182,#12183));
#12180 = ORIENTED_EDGE('',*,*,#9753,.F.);
#12181 = ORIENTED_EDGE('',*,*,#5937,.F.);
#12182 = ORIENTED_EDGE('',*,*,#9783,.F.);
#12183 = ORIENTED_EDGE('',*,*,#6182,.F.);
#12184 = PLANE('',#12185);
#12185 = AXIS2_PLACEMENT_3D('',#12186,#12187,#12188);
#12186 = CARTESIAN_POINT('',(290.,3.010050506339,16.));
#12187 = DIRECTION('',(0.,-0.707106781187,0.707106781187));
#12188 = DIRECTION('',(0.,-0.707106781187,-0.707106781187));
#12189 = ADVANCED_FACE('',(#12190),#12202,.T.);
#12190 = FACE_BOUND('',#12191,.T.);
#12191 = EDGE_LOOP('',(#12192,#12199,#12200,#12201));
#12192 = ORIENTED_EDGE('',*,*,#12193,.F.);
#12193 = EDGE_CURVE('',#12128,#9738,#12194,.T.);
#12194 = ( BOUNDED_CURVE() B_SPLINE_CURVE(3,(#12195,#12196,#12197,#12198
),.UNSPECIFIED.,.F.,.F.) B_SPLINE_CURVE_WITH_KNOTS((4,4),(4.712388980385
,4.902206041729),.PIECEWISE_BEZIER_KNOTS.) CURVE() 
GEOMETRIC_REPRESENTATION_ITEM() RATIONAL_B_SPLINE_CURVE((1.,
0.996999710075,0.996999710075,1.)) REPRESENTATION_ITEM('') );
#12195 = CARTESIAN_POINT('',(157.65,3.5,20.));
#12196 = CARTESIAN_POINT('',(157.65,3.667923950598,19.832076049402));
#12197 = CARTESIAN_POINT('',(157.63408650019,3.83509217039,
    19.66490782961));
#12198 = CARTESIAN_POINT('',(157.60240273593,4.,19.5));
#12199 = ORIENTED_EDGE('',*,*,#12138,.F.);
#12200 = ORIENTED_EDGE('',*,*,#5953,.T.);
#12201 = ORIENTED_EDGE('',*,*,#9746,.F.);
#12202 = PLANE('',#12203);
#12203 = AXIS2_PLACEMENT_3D('',#12204,#12205,#12206);
#12204 = CARTESIAN_POINT('',(290.,3.5,20.));
#12205 = DIRECTION('',(-0.,0.707106781187,0.707106781187));
#12206 = DIRECTION('',(0.,-0.707106781187,0.707106781187));
#12207 = ADVANCED_FACE('',(#12208),#12227,.T.);
#12208 = FACE_BOUND('',#12209,.T.);
#12209 = EDGE_LOOP('',(#12210,#12219,#12220,#12221));
#12210 = ORIENTED_EDGE('',*,*,#12211,.F.);
#12211 = EDGE_CURVE('',#9791,#12212,#12214,.T.);
#12212 = VERTEX_POINT('',#12213);
#12213 = CARTESIAN_POINT('',(147.65,-1.1E-14,16.5));
#12214 = ( BOUNDED_CURVE() B_SPLINE_CURVE(3,(#12215,#12216,#12217,#12218
),.UNSPECIFIED.,.F.,.F.) B_SPLINE_CURVE_WITH_KNOTS((4,4),(1.38097926545,
1.570796326795),.PIECEWISE_BEZIER_KNOTS.) CURVE() 
GEOMETRIC_REPRESENTATION_ITEM() RATIONAL_B_SPLINE_CURVE((1.,
0.996999710075,0.996999710075,1.)) REPRESENTATION_ITEM('') );
#12215 = CARTESIAN_POINT('',(147.60240273593,0.5,16.));
#12216 = CARTESIAN_POINT('',(147.63408650019,0.33509217039,
    16.16490782961));
#12217 = CARTESIAN_POINT('',(147.65,0.167923950598,16.332076049402));
#12218 = CARTESIAN_POINT('',(147.65,-1.128E-14,16.5));
#12219 = ORIENTED_EDGE('',*,*,#9790,.F.);
#12220 = ORIENTED_EDGE('',*,*,#5921,.T.);
#12221 = ORIENTED_EDGE('',*,*,#12222,.T.);
#12222 = EDGE_CURVE('',#5914,#12212,#12223,.T.);
#12223 = LINE('',#12224,#12225);
#12224 = CARTESIAN_POINT('',(290.,-1.128E-14,16.5));
#12225 = VECTOR('',#12226,1.);
#12226 = DIRECTION('',(-1.,-0.,-0.));
#12227 = PLANE('',#12228);
#12228 = AXIS2_PLACEMENT_3D('',#12229,#12230,#12231);
#12229 = CARTESIAN_POINT('',(290.,0.5,16.));
#12230 = DIRECTION('',(0.,-0.707106781187,-0.707106781187));
#12231 = DIRECTION('',(0.,0.707106781187,-0.707106781187));
#12232 = ADVANCED_FACE('',(#12233),#12244,.T.);
#12233 = FACE_BOUND('',#12234,.T.);
#12234 = EDGE_LOOP('',(#12235,#12236,#12242,#12243));
#12235 = ORIENTED_EDGE('',*,*,#1442,.F.);
#12236 = ORIENTED_EDGE('',*,*,#12237,.T.);
#12237 = EDGE_CURVE('',#1443,#6199,#12238,.T.);
#12238 = LINE('',#12239,#12240);
#12239 = CARTESIAN_POINT('',(290.,-1.128E-14,16.5));
#12240 = VECTOR('',#12241,1.);
#12241 = DIRECTION('',(-1.,-0.,-0.));
#12242 = ORIENTED_EDGE('',*,*,#6198,.T.);
#12243 = ORIENTED_EDGE('',*,*,#9776,.F.);
#12244 = PLANE('',#12245);
#12245 = AXIS2_PLACEMENT_3D('',#12246,#12247,#12248);
#12246 = CARTESIAN_POINT('',(290.,0.5,16.));
#12247 = DIRECTION('',(0.,-0.707106781187,-0.707106781187));
#12248 = DIRECTION('',(0.,0.707106781187,-0.707106781187));
#12249 = ADVANCED_FACE('',(#12250),#12256,.T.);
#12250 = FACE_BOUND('',#12251,.T.);
#12251 = EDGE_LOOP('',(#12252,#12253,#12254,#12255));
#12252 = ORIENTED_EDGE('',*,*,#1451,.F.);
#12253 = ORIENTED_EDGE('',*,*,#9836,.F.);
#12254 = ORIENTED_EDGE('',*,*,#6206,.T.);
#12255 = ORIENTED_EDGE('',*,*,#12237,.F.);
#12256 = PLANE('',#12257);
#12257 = AXIS2_PLACEMENT_3D('',#12258,#12259,#12260);
#12258 = CARTESIAN_POINT('',(290.,-1.289E-14,16.5));
#12259 = DIRECTION('',(0.,0.707106781187,-0.707106781187));
#12260 = DIRECTION('',(0.,0.707106781187,0.707106781187));
#12261 = ADVANCED_FACE('',(#12262),#12274,.T.);
#12262 = FACE_BOUND('',#12263,.T.);
#12263 = EDGE_LOOP('',(#12264,#12271,#12272,#12273));
#12264 = ORIENTED_EDGE('',*,*,#12265,.F.);
#12265 = EDGE_CURVE('',#12212,#9814,#12266,.T.);
#12266 = ( BOUNDED_CURVE() B_SPLINE_CURVE(3,(#12267,#12268,#12269,#12270
),.UNSPECIFIED.,.F.,.F.) B_SPLINE_CURVE_WITH_KNOTS((4,4),(4.712388980385
,4.902206041729),.PIECEWISE_BEZIER_KNOTS.) CURVE() 
GEOMETRIC_REPRESENTATION_ITEM() RATIONAL_B_SPLINE_CURVE((1.,
0.996999710075,0.996999710075,1.)) REPRESENTATION_ITEM('') );
#12267 = CARTESIAN_POINT('',(147.65,-1.128E-14,16.5));
#12268 = CARTESIAN_POINT('',(147.65,-0.167923950598,16.332076049402));
#12269 = CARTESIAN_POINT('',(147.63408650019,-0.33509217039,
    16.16490782961));
#12270 = CARTESIAN_POINT('',(147.60240273593,-0.5,16.));
#12271 = ORIENTED_EDGE('',*,*,#12222,.F.);
#12272 = ORIENTED_EDGE('',*,*,#5913,.T.);
#12273 = ORIENTED_EDGE('',*,*,#9822,.F.);
#12274 = PLANE('',#12275);
#12275 = AXIS2_PLACEMENT_3D('',#12276,#12277,#12278);
#12276 = CARTESIAN_POINT('',(290.,-1.289E-14,16.5));
#12277 = DIRECTION('',(0.,0.707106781187,-0.707106781187));
#12278 = DIRECTION('',(0.,0.707106781187,0.707106781187));
#12279 = ADVANCED_FACE('',(#12280),#12299,.F.);
#12280 = FACE_BOUND('',#12281,.T.);
#12281 = EDGE_LOOP('',(#12282,#12290,#12297,#12298));
#12282 = ORIENTED_EDGE('',*,*,#12283,.F.);
#12283 = EDGE_CURVE('',#12284,#5842,#12286,.T.);
#12284 = VERTEX_POINT('',#12285);
#12285 = CARTESIAN_POINT('',(147.65,-1.2E-14,3.5));
#12286 = LINE('',#12287,#12288);
#12287 = CARTESIAN_POINT('',(290.,-1.176E-14,3.5));
#12288 = VECTOR('',#12289,1.);
#12289 = DIRECTION('',(1.,0.,0.));
#12290 = ORIENTED_EDGE('',*,*,#12291,.T.);
#12291 = EDGE_CURVE('',#12284,#9937,#12292,.T.);
#12292 = ( BOUNDED_CURVE() B_SPLINE_CURVE(3,(#12293,#12294,#12295,#12296
),.UNSPECIFIED.,.F.,.F.) B_SPLINE_CURVE_WITH_KNOTS((4,4),(1.570796326795
,1.76061338814),.PIECEWISE_BEZIER_KNOTS.) CURVE() 
GEOMETRIC_REPRESENTATION_ITEM() RATIONAL_B_SPLINE_CURVE((1.,
0.996999710075,0.996999710075,1.)) REPRESENTATION_ITEM('') );
#12293 = CARTESIAN_POINT('',(147.65,-1.176E-14,3.5));
#12294 = CARTESIAN_POINT('',(147.65,-0.167923950598,3.667923950598));
#12295 = CARTESIAN_POINT('',(147.63408650019,-0.33509217039,
    3.83509217039));
#12296 = CARTESIAN_POINT('',(147.60240273593,-0.5,4.));
#12297 = ORIENTED_EDGE('',*,*,#9936,.T.);
#12298 = ORIENTED_EDGE('',*,*,#5849,.F.);
#12299 = PLANE('',#12300);
#12300 = AXIS2_PLACEMENT_3D('',#12301,#12302,#12303);
#12301 = CARTESIAN_POINT('',(290.,-1.176E-14,3.5));
#12302 = DIRECTION('',(0.,-0.707106781187,-0.707106781187));
#12303 = DIRECTION('',(0.,0.707106781187,-0.707106781187));
#12304 = ADVANCED_FACE('',(#12305),#12316,.F.);
#12305 = FACE_BOUND('',#12306,.T.);
#12306 = EDGE_LOOP('',(#12307,#12308,#12309,#12315));
#12307 = ORIENTED_EDGE('',*,*,#9952,.T.);
#12308 = ORIENTED_EDGE('',*,*,#1568,.T.);
#12309 = ORIENTED_EDGE('',*,*,#12310,.F.);
#12310 = EDGE_CURVE('',#6271,#1571,#12311,.T.);
#12311 = LINE('',#12312,#12313);
#12312 = CARTESIAN_POINT('',(290.,-1.176E-14,3.5));
#12313 = VECTOR('',#12314,1.);
#12314 = DIRECTION('',(1.,0.,0.));
#12315 = ORIENTED_EDGE('',*,*,#6270,.F.);
#12316 = PLANE('',#12317);
#12317 = AXIS2_PLACEMENT_3D('',#12318,#12319,#12320);
#12318 = CARTESIAN_POINT('',(290.,-1.176E-14,3.5));
#12319 = DIRECTION('',(0.,-0.707106781187,-0.707106781187));
#12320 = DIRECTION('',(0.,0.707106781187,-0.707106781187));
#12321 = ADVANCED_FACE('',(#12322),#12328,.F.);
#12322 = FACE_BOUND('',#12323,.T.);
#12323 = EDGE_LOOP('',(#12324,#12325,#12326,#12327));
#12324 = ORIENTED_EDGE('',*,*,#12310,.T.);
#12325 = ORIENTED_EDGE('',*,*,#1579,.T.);
#12326 = ORIENTED_EDGE('',*,*,#9969,.T.);
#12327 = ORIENTED_EDGE('',*,*,#6278,.F.);
#12328 = PLANE('',#12329);
#12329 = AXIS2_PLACEMENT_3D('',#12330,#12331,#12332);
#12330 = CARTESIAN_POINT('',(290.,0.5,4.));
#12331 = DIRECTION('',(0.,0.707106781187,-0.707106781187));
#12332 = DIRECTION('',(0.,0.707106781187,0.707106781187));
#12333 = ADVANCED_FACE('',(#12334),#12346,.F.);
#12334 = FACE_BOUND('',#12335,.T.);
#12335 = EDGE_LOOP('',(#12336,#12337,#12344,#12345));
#12336 = ORIENTED_EDGE('',*,*,#9985,.T.);
#12337 = ORIENTED_EDGE('',*,*,#12338,.T.);
#12338 = EDGE_CURVE('',#9977,#12284,#12339,.T.);
#12339 = ( BOUNDED_CURVE() B_SPLINE_CURVE(3,(#12340,#12341,#12342,#12343
),.UNSPECIFIED.,.F.,.F.) B_SPLINE_CURVE_WITH_KNOTS((4,4),(4.52257191904,
4.712388980385),.PIECEWISE_BEZIER_KNOTS.) CURVE() 
GEOMETRIC_REPRESENTATION_ITEM() RATIONAL_B_SPLINE_CURVE((1.,
0.996999710075,0.996999710075,1.)) REPRESENTATION_ITEM('') );
#12340 = CARTESIAN_POINT('',(147.60240273593,0.5,4.));
#12341 = CARTESIAN_POINT('',(147.63408650019,0.33509217039,3.83509217039
    ));
#12342 = CARTESIAN_POINT('',(147.65,0.167923950598,3.667923950598));
#12343 = CARTESIAN_POINT('',(147.65,-1.176E-14,3.5));
#12344 = ORIENTED_EDGE('',*,*,#12283,.T.);
#12345 = ORIENTED_EDGE('',*,*,#5841,.F.);
#12346 = PLANE('',#12347);
#12347 = AXIS2_PLACEMENT_3D('',#12348,#12349,#12350);
#12348 = CARTESIAN_POINT('',(290.,0.5,4.));
#12349 = DIRECTION('',(0.,0.707106781187,-0.707106781187));
#12350 = DIRECTION('',(0.,0.707106781187,0.707106781187));
#12351 = ADVANCED_FACE('',(#12352),#12358,.F.);
#12352 = FACE_BOUND('',#12353,.T.);
#12353 = EDGE_LOOP('',(#12354,#12355,#12356,#12357));
#12354 = ORIENTED_EDGE('',*,*,#9992,.T.);
#12355 = ORIENTED_EDGE('',*,*,#5825,.F.);
#12356 = ORIENTED_EDGE('',*,*,#10030,.T.);
#12357 = ORIENTED_EDGE('',*,*,#6294,.F.);
#12358 = PLANE('',#12359);
#12359 = AXIS2_PLACEMENT_3D('',#12360,#12361,#12362);
#12360 = CARTESIAN_POINT('',(290.,4.,3.010050506339));
#12361 = DIRECTION('',(0.,-0.707106781187,-0.707106781187));
#12362 = DIRECTION('',(0.,0.707106781187,-0.707106781187));
#12363 = ADVANCED_FACE('',(#12364),#12383,.F.);
#12364 = FACE_BOUND('',#12365,.T.);
#12365 = EDGE_LOOP('',(#12366,#12374,#12381,#12382));
#12366 = ORIENTED_EDGE('',*,*,#12367,.F.);
#12367 = EDGE_CURVE('',#12368,#5802,#12370,.T.);
#12368 = VERTEX_POINT('',#12369);
#12369 = CARTESIAN_POINT('',(137.65,3.5,-0.));
#12370 = LINE('',#12371,#12372);
#12371 = CARTESIAN_POINT('',(290.,3.5,-4.6E-16));
#12372 = VECTOR('',#12373,1.);
#12373 = DIRECTION('',(1.,0.,0.));
#12374 = ORIENTED_EDGE('',*,*,#12375,.T.);
#12375 = EDGE_CURVE('',#12368,#10008,#12376,.T.);
#12376 = ( BOUNDED_CURVE() B_SPLINE_CURVE(3,(#12377,#12378,#12379,#12380
),.UNSPECIFIED.,.F.,.F.) B_SPLINE_CURVE_WITH_KNOTS((4,4),(4.712388980385
,4.902206041729),.PIECEWISE_BEZIER_KNOTS.) CURVE() 
GEOMETRIC_REPRESENTATION_ITEM() RATIONAL_B_SPLINE_CURVE((1.,
0.996999710075,0.996999710075,1.)) REPRESENTATION_ITEM('') );
#12377 = CARTESIAN_POINT('',(137.65,3.5,-4.6E-16));
#12378 = CARTESIAN_POINT('',(137.65,3.667923950598,0.167923950598));
#12379 = CARTESIAN_POINT('',(137.63408650019,3.83509217039,0.33509217039
    ));
#12380 = CARTESIAN_POINT('',(137.60240273593,4.,0.5));
#12381 = ORIENTED_EDGE('',*,*,#10007,.T.);
#12382 = ORIENTED_EDGE('',*,*,#5809,.F.);
#12383 = PLANE('',#12384);
#12384 = AXIS2_PLACEMENT_3D('',#12385,#12386,#12387);
#12385 = CARTESIAN_POINT('',(290.,3.5,-4.6E-16));
#12386 = DIRECTION('',(0.,-0.707106781187,0.707106781187));
#12387 = DIRECTION('',(0.,-0.707106781187,-0.707106781187));
#12388 = ADVANCED_FACE('',(#12389),#12400,.F.);
#12389 = FACE_BOUND('',#12390,.T.);
#12390 = EDGE_LOOP('',(#12391,#12392,#12393,#12399));
#12391 = ORIENTED_EDGE('',*,*,#10023,.T.);
#12392 = ORIENTED_EDGE('',*,*,#139,.T.);
#12393 = ORIENTED_EDGE('',*,*,#12394,.F.);
#12394 = EDGE_CURVE('',#6311,#140,#12395,.T.);
#12395 = LINE('',#12396,#12397);
#12396 = CARTESIAN_POINT('',(290.,3.5,-4.6E-16));
#12397 = VECTOR('',#12398,1.);
#12398 = DIRECTION('',(1.,0.,0.));
#12399 = ORIENTED_EDGE('',*,*,#6310,.F.);
#12400 = PLANE('',#12401);
#12401 = AXIS2_PLACEMENT_3D('',#12402,#12403,#12404);
#12402 = CARTESIAN_POINT('',(290.,3.5,-4.6E-16));
#12403 = DIRECTION('',(0.,-0.707106781187,0.707106781187));
#12404 = DIRECTION('',(0.,-0.707106781187,-0.707106781187));
#12405 = ADVANCED_FACE('',(#12406),#12412,.F.);
#12406 = FACE_BOUND('',#12407,.T.);
#12407 = EDGE_LOOP('',(#12408,#12409,#12410,#12411));
#12408 = ORIENTED_EDGE('',*,*,#12394,.T.);
#12409 = ORIENTED_EDGE('',*,*,#148,.T.);
#12410 = ORIENTED_EDGE('',*,*,#10045,.T.);
#12411 = ORIENTED_EDGE('',*,*,#6318,.F.);
#12412 = PLANE('',#12413);
#12413 = AXIS2_PLACEMENT_3D('',#12414,#12415,#12416);
#12414 = CARTESIAN_POINT('',(290.,4.,-0.5));
#12415 = DIRECTION('',(0.,-0.707106781187,-0.707106781187));
#12416 = DIRECTION('',(0.,0.707106781187,-0.707106781187));
#12417 = ADVANCED_FACE('',(#12418),#12430,.F.);
#12418 = FACE_BOUND('',#12419,.T.);
#12419 = EDGE_LOOP('',(#12420,#12421,#12428,#12429));
#12420 = ORIENTED_EDGE('',*,*,#10061,.T.);
#12421 = ORIENTED_EDGE('',*,*,#12422,.T.);
#12422 = EDGE_CURVE('',#10053,#12368,#12423,.T.);
#12423 = ( BOUNDED_CURVE() B_SPLINE_CURVE(3,(#12424,#12425,#12426,#12427
),.UNSPECIFIED.,.F.,.F.) B_SPLINE_CURVE_WITH_KNOTS((4,4),(1.38097926545,
1.570796326795),.PIECEWISE_BEZIER_KNOTS.) CURVE() 
GEOMETRIC_REPRESENTATION_ITEM() RATIONAL_B_SPLINE_CURVE((1.,
0.996999710075,0.996999710075,1.)) REPRESENTATION_ITEM('') );
#12424 = CARTESIAN_POINT('',(137.60240273593,4.,-0.5));
#12425 = CARTESIAN_POINT('',(137.63408650019,3.83509217039,
    -0.33509217039));
#12426 = CARTESIAN_POINT('',(137.65,3.667923950598,-0.167923950598));
#12427 = CARTESIAN_POINT('',(137.65,3.5,-4.6E-16));
#12428 = ORIENTED_EDGE('',*,*,#12367,.T.);
#12429 = ORIENTED_EDGE('',*,*,#5801,.F.);
#12430 = PLANE('',#12431);
#12431 = AXIS2_PLACEMENT_3D('',#12432,#12433,#12434);
#12432 = CARTESIAN_POINT('',(290.,4.,-0.5));
#12433 = DIRECTION('',(0.,-0.707106781187,-0.707106781187));
#12434 = DIRECTION('',(0.,0.707106781187,-0.707106781187));
#12435 = ADVANCED_FACE('',(#12436),#12455,.F.);
#12436 = FACE_BOUND('',#12437,.T.);
#12437 = EDGE_LOOP('',(#12438,#12446,#12453,#12454));
#12438 = ORIENTED_EDGE('',*,*,#12439,.F.);
#12439 = EDGE_CURVE('',#12440,#5746,#12442,.T.);
#12440 = VERTEX_POINT('',#12441);
#12441 = CARTESIAN_POINT('',(137.65,16.5,0.));
#12442 = LINE('',#12443,#12444);
#12443 = CARTESIAN_POINT('',(290.,16.5,4.3E-16));
#12444 = VECTOR('',#12445,1.);
#12445 = DIRECTION('',(1.,-0.,0.));
#12446 = ORIENTED_EDGE('',*,*,#12447,.T.);
#12447 = EDGE_CURVE('',#12440,#10135,#12448,.T.);
#12448 = ( BOUNDED_CURVE() B_SPLINE_CURVE(3,(#12449,#12450,#12451,#12452
),.UNSPECIFIED.,.F.,.F.) B_SPLINE_CURVE_WITH_KNOTS((4,4),(1.570796326795
,1.76061338814),.PIECEWISE_BEZIER_KNOTS.) CURVE() 
GEOMETRIC_REPRESENTATION_ITEM() RATIONAL_B_SPLINE_CURVE((1.,
0.996999710075,0.996999710075,1.)) REPRESENTATION_ITEM('') );
#12449 = CARTESIAN_POINT('',(137.65,16.5,4.3E-16));
#12450 = CARTESIAN_POINT('',(137.65,16.332076049402,-0.167923950598));
#12451 = CARTESIAN_POINT('',(137.63408650019,16.16490782961,
    -0.33509217039));
#12452 = CARTESIAN_POINT('',(137.60240273593,16.,-0.5));
#12453 = ORIENTED_EDGE('',*,*,#10134,.T.);
#12454 = ORIENTED_EDGE('',*,*,#5753,.F.);
#12455 = PLANE('',#12456);
#12456 = AXIS2_PLACEMENT_3D('',#12457,#12458,#12459);
#12457 = CARTESIAN_POINT('',(290.,16.,-0.5));
#12458 = DIRECTION('',(0.,0.707106781187,-0.707106781187));
#12459 = DIRECTION('',(0.,0.707106781187,0.707106781187));
#12460 = ADVANCED_FACE('',(#12461),#12472,.F.);
#12461 = FACE_BOUND('',#12462,.T.);
#12462 = EDGE_LOOP('',(#12463,#12464,#12465,#12471));
#12463 = ORIENTED_EDGE('',*,*,#10150,.T.);
#12464 = ORIENTED_EDGE('',*,*,#261,.T.);
#12465 = ORIENTED_EDGE('',*,*,#12466,.F.);
#12466 = EDGE_CURVE('',#6367,#264,#12467,.T.);
#12467 = LINE('',#12468,#12469);
#12468 = CARTESIAN_POINT('',(290.,16.5,4.3E-16));
#12469 = VECTOR('',#12470,1.);
#12470 = DIRECTION('',(1.,-0.,0.));
#12471 = ORIENTED_EDGE('',*,*,#6366,.F.);
#12472 = PLANE('',#12473);
#12473 = AXIS2_PLACEMENT_3D('',#12474,#12475,#12476);
#12474 = CARTESIAN_POINT('',(290.,16.,-0.5));
#12475 = DIRECTION('',(0.,0.707106781187,-0.707106781187));
#12476 = DIRECTION('',(0.,0.707106781187,0.707106781187));
#12477 = ADVANCED_FACE('',(#12478),#12484,.F.);
#12478 = FACE_BOUND('',#12479,.T.);
#12479 = EDGE_LOOP('',(#12480,#12481,#12482,#12483));
#12480 = ORIENTED_EDGE('',*,*,#12466,.T.);
#12481 = ORIENTED_EDGE('',*,*,#272,.T.);
#12482 = ORIENTED_EDGE('',*,*,#10167,.T.);
#12483 = ORIENTED_EDGE('',*,*,#6374,.F.);
#12484 = PLANE('',#12485);
#12485 = AXIS2_PLACEMENT_3D('',#12486,#12487,#12488);
#12486 = CARTESIAN_POINT('',(290.,16.5,6.7E-16));
#12487 = DIRECTION('',(0.,0.707106781187,0.707106781187));
#12488 = DIRECTION('',(0.,-0.707106781187,0.707106781187));
#12489 = ADVANCED_FACE('',(#12490),#12502,.F.);
#12490 = FACE_BOUND('',#12491,.T.);
#12491 = EDGE_LOOP('',(#12492,#12493,#12500,#12501));
#12492 = ORIENTED_EDGE('',*,*,#10183,.T.);
#12493 = ORIENTED_EDGE('',*,*,#12494,.T.);
#12494 = EDGE_CURVE('',#10175,#12440,#12495,.T.);
#12495 = ( BOUNDED_CURVE() B_SPLINE_CURVE(3,(#12496,#12497,#12498,#12499
),.UNSPECIFIED.,.F.,.F.) B_SPLINE_CURVE_WITH_KNOTS((4,4),(4.52257191904,
4.712388980385),.PIECEWISE_BEZIER_KNOTS.) CURVE() 
GEOMETRIC_REPRESENTATION_ITEM() RATIONAL_B_SPLINE_CURVE((1.,
0.996999710075,0.996999710075,1.)) REPRESENTATION_ITEM('') );
#12496 = CARTESIAN_POINT('',(137.60240273593,16.,0.5));
#12497 = CARTESIAN_POINT('',(137.63408650019,16.16490782961,
    0.33509217039));
#12498 = CARTESIAN_POINT('',(137.65,16.332076049402,0.167923950598));
#12499 = CARTESIAN_POINT('',(137.65,16.5,4.3E-16));
#12500 = ORIENTED_EDGE('',*,*,#12439,.T.);
#12501 = ORIENTED_EDGE('',*,*,#5745,.F.);
#12502 = PLANE('',#12503);
#12503 = AXIS2_PLACEMENT_3D('',#12504,#12505,#12506);
#12504 = CARTESIAN_POINT('',(290.,16.5,6.7E-16));
#12505 = DIRECTION('',(0.,0.707106781187,0.707106781187));
#12506 = DIRECTION('',(0.,-0.707106781187,0.707106781187));
#12507 = ADVANCED_FACE('',(#12508),#12514,.F.);
#12508 = FACE_BOUND('',#12509,.T.);
#12509 = EDGE_LOOP('',(#12510,#12511,#12512,#12513));
#12510 = ORIENTED_EDGE('',*,*,#10190,.T.);
#12511 = ORIENTED_EDGE('',*,*,#5729,.F.);
#12512 = ORIENTED_EDGE('',*,*,#10228,.T.);
#12513 = ORIENTED_EDGE('',*,*,#6390,.F.);
#12514 = PLANE('',#12515);
#12515 = AXIS2_PLACEMENT_3D('',#12516,#12517,#12518);
#12516 = CARTESIAN_POINT('',(290.,16.989949493661,4.));
#12517 = DIRECTION('',(0.,0.707106781187,-0.707106781187));
#12518 = DIRECTION('',(0.,0.707106781187,0.707106781187));
#12519 = ADVANCED_FACE('',(#12520),#12539,.F.);
#12520 = FACE_BOUND('',#12521,.T.);
#12521 = EDGE_LOOP('',(#12522,#12530,#12537,#12538));
#12522 = ORIENTED_EDGE('',*,*,#12523,.F.);
#12523 = EDGE_CURVE('',#12524,#5706,#12526,.T.);
#12524 = VERTEX_POINT('',#12525);
#12525 = CARTESIAN_POINT('',(147.65,20.,3.5));
#12526 = LINE('',#12527,#12528);
#12527 = CARTESIAN_POINT('',(290.,20.,3.5));
#12528 = VECTOR('',#12529,1.);
#12529 = DIRECTION('',(1.,-0.,0.));
#12530 = ORIENTED_EDGE('',*,*,#12531,.T.);
#12531 = EDGE_CURVE('',#12524,#10206,#12532,.T.);
#12532 = ( BOUNDED_CURVE() B_SPLINE_CURVE(3,(#12533,#12534,#12535,#12536
),.UNSPECIFIED.,.F.,.F.) B_SPLINE_CURVE_WITH_KNOTS((4,4),(1.570796326795
,1.76061338814),.PIECEWISE_BEZIER_KNOTS.) CURVE() 
GEOMETRIC_REPRESENTATION_ITEM() RATIONAL_B_SPLINE_CURVE((1.,
0.996999710075,0.996999710075,1.)) REPRESENTATION_ITEM('') );
#12533 = CARTESIAN_POINT('',(147.65,20.,3.5));
#12534 = CARTESIAN_POINT('',(147.65,19.832076049402,3.667923950598));
#12535 = CARTESIAN_POINT('',(147.63408650019,19.66490782961,
    3.83509217039));
#12536 = CARTESIAN_POINT('',(147.60240273593,19.5,4.));
#12537 = ORIENTED_EDGE('',*,*,#10205,.T.);
#12538 = ORIENTED_EDGE('',*,*,#5713,.F.);
#12539 = PLANE('',#12540);
#12540 = AXIS2_PLACEMENT_3D('',#12541,#12542,#12543);
#12541 = CARTESIAN_POINT('',(290.,19.5,4.));
#12542 = DIRECTION('',(0.,-0.707106781187,-0.707106781187));
#12543 = DIRECTION('',(0.,0.707106781187,-0.707106781187));
#12544 = ADVANCED_FACE('',(#12545),#12556,.F.);
#12545 = FACE_BOUND('',#12546,.T.);
#12546 = EDGE_LOOP('',(#12547,#12548,#12549,#12555));
#12547 = ORIENTED_EDGE('',*,*,#10221,.T.);
#12548 = ORIENTED_EDGE('',*,*,#949,.T.);
#12549 = ORIENTED_EDGE('',*,*,#12550,.F.);
#12550 = EDGE_CURVE('',#6407,#952,#12551,.T.);
#12551 = LINE('',#12552,#12553);
#12552 = CARTESIAN_POINT('',(290.,20.,3.5));
#12553 = VECTOR('',#12554,1.);
#12554 = DIRECTION('',(1.,-0.,0.));
#12555 = ORIENTED_EDGE('',*,*,#6406,.F.);
#12556 = PLANE('',#12557);
#12557 = AXIS2_PLACEMENT_3D('',#12558,#12559,#12560);
#12558 = CARTESIAN_POINT('',(290.,19.5,4.));
#12559 = DIRECTION('',(0.,-0.707106781187,-0.707106781187));
#12560 = DIRECTION('',(0.,0.707106781187,-0.707106781187));
#12561 = ADVANCED_FACE('',(#12562),#12568,.F.);
#12562 = FACE_BOUND('',#12563,.T.);
#12563 = EDGE_LOOP('',(#12564,#12565,#12566,#12567));
#12564 = ORIENTED_EDGE('',*,*,#12550,.T.);
#12565 = ORIENTED_EDGE('',*,*,#960,.T.);
#12566 = ORIENTED_EDGE('',*,*,#10243,.T.);
#12567 = ORIENTED_EDGE('',*,*,#6414,.F.);
#12568 = PLANE('',#12569);
#12569 = AXIS2_PLACEMENT_3D('',#12570,#12571,#12572);
#12570 = CARTESIAN_POINT('',(290.,20.,3.5));
#12571 = DIRECTION('',(0.,0.707106781187,-0.707106781187));
#12572 = DIRECTION('',(0.,0.707106781187,0.707106781187));
#12573 = ADVANCED_FACE('',(#12574),#12586,.F.);
#12574 = FACE_BOUND('',#12575,.T.);
#12575 = EDGE_LOOP('',(#12576,#12577,#12584,#12585));
#12576 = ORIENTED_EDGE('',*,*,#10259,.T.);
#12577 = ORIENTED_EDGE('',*,*,#12578,.T.);
#12578 = EDGE_CURVE('',#10251,#12524,#12579,.T.);
#12579 = ( BOUNDED_CURVE() B_SPLINE_CURVE(3,(#12580,#12581,#12582,#12583
),.UNSPECIFIED.,.F.,.F.) B_SPLINE_CURVE_WITH_KNOTS((4,4),(4.52257191904,
4.712388980385),.PIECEWISE_BEZIER_KNOTS.) CURVE() 
GEOMETRIC_REPRESENTATION_ITEM() RATIONAL_B_SPLINE_CURVE((1.,
0.996999710075,0.996999710075,1.)) REPRESENTATION_ITEM('') );
#12580 = CARTESIAN_POINT('',(147.60240273593,20.5,4.));
#12581 = CARTESIAN_POINT('',(147.63408650019,20.33509217039,
    3.83509217039));
#12582 = CARTESIAN_POINT('',(147.65,20.167923950598,3.667923950598));
#12583 = CARTESIAN_POINT('',(147.65,20.,3.5));
#12584 = ORIENTED_EDGE('',*,*,#12523,.T.);
#12585 = ORIENTED_EDGE('',*,*,#5705,.F.);
#12586 = PLANE('',#12587);
#12587 = AXIS2_PLACEMENT_3D('',#12588,#12589,#12590);
#12588 = CARTESIAN_POINT('',(290.,20.,3.5));
#12589 = DIRECTION('',(0.,0.707106781187,-0.707106781187));
#12590 = DIRECTION('',(0.,0.707106781187,0.707106781187));
#12591 = ADVANCED_FACE('',(#12592),#12611,.T.);
#12592 = FACE_BOUND('',#12593,.T.);
#12593 = EDGE_LOOP('',(#12594,#12603,#12604,#12605));
#12594 = ORIENTED_EDGE('',*,*,#12595,.F.);
#12595 = EDGE_CURVE('',#10377,#12596,#12598,.T.);
#12596 = VERTEX_POINT('',#12597);
#12597 = CARTESIAN_POINT('',(147.65,20.,16.5));
#12598 = ( BOUNDED_CURVE() B_SPLINE_CURVE(3,(#12599,#12600,#12601,#12602
),.UNSPECIFIED.,.F.,.F.) B_SPLINE_CURVE_WITH_KNOTS((4,4),(1.38097926545,
1.570796326795),.PIECEWISE_BEZIER_KNOTS.) CURVE() 
GEOMETRIC_REPRESENTATION_ITEM() RATIONAL_B_SPLINE_CURVE((1.,
0.996999710075,0.996999710075,1.)) REPRESENTATION_ITEM('') );
#12599 = CARTESIAN_POINT('',(147.60240273593,20.5,16.));
#12600 = CARTESIAN_POINT('',(147.63408650019,20.33509217039,
    16.16490782961));
#12601 = CARTESIAN_POINT('',(147.65,20.167923950598,16.332076049402));
#12602 = CARTESIAN_POINT('',(147.65,20.,16.5));
#12603 = ORIENTED_EDGE('',*,*,#10376,.F.);
#12604 = ORIENTED_EDGE('',*,*,#5641,.T.);
#12605 = ORIENTED_EDGE('',*,*,#12606,.T.);
#12606 = EDGE_CURVE('',#5634,#12596,#12607,.T.);
#12607 = LINE('',#12608,#12609);
#12608 = CARTESIAN_POINT('',(290.,20.,16.5));
#12609 = VECTOR('',#12610,1.);
#12610 = DIRECTION('',(-1.,0.,-0.));
#12611 = PLANE('',#12612);
#12612 = AXIS2_PLACEMENT_3D('',#12613,#12614,#12615);
#12613 = CARTESIAN_POINT('',(290.,20.,16.5));
#12614 = DIRECTION('',(0.,-0.707106781187,-0.707106781187));
#12615 = DIRECTION('',(0.,0.707106781187,-0.707106781187));
#12616 = ADVANCED_FACE('',(#12617),#12628,.T.);
#12617 = FACE_BOUND('',#12618,.T.);
#12618 = EDGE_LOOP('',(#12619,#12620,#12626,#12627));
#12619 = ORIENTED_EDGE('',*,*,#1201,.F.);
#12620 = ORIENTED_EDGE('',*,*,#12621,.T.);
#12621 = EDGE_CURVE('',#1202,#6479,#12622,.T.);
#12622 = LINE('',#12623,#12624);
#12623 = CARTESIAN_POINT('',(290.,20.,16.5));
#12624 = VECTOR('',#12625,1.);
#12625 = DIRECTION('',(-1.,0.,-0.));
#12626 = ORIENTED_EDGE('',*,*,#6478,.T.);
#12627 = ORIENTED_EDGE('',*,*,#10367,.F.);
#12628 = PLANE('',#12629);
#12629 = AXIS2_PLACEMENT_3D('',#12630,#12631,#12632);
#12630 = CARTESIAN_POINT('',(290.,20.,16.5));
#12631 = DIRECTION('',(0.,-0.707106781187,-0.707106781187));
#12632 = DIRECTION('',(0.,0.707106781187,-0.707106781187));
#12633 = ADVANCED_FACE('',(#12634),#12640,.T.);
#12634 = FACE_BOUND('',#12635,.T.);
#12635 = EDGE_LOOP('',(#12636,#12637,#12638,#12639));
#12636 = ORIENTED_EDGE('',*,*,#1210,.F.);
#12637 = ORIENTED_EDGE('',*,*,#10422,.F.);
#12638 = ORIENTED_EDGE('',*,*,#6486,.T.);
#12639 = ORIENTED_EDGE('',*,*,#12621,.F.);
#12640 = PLANE('',#12641);
#12641 = AXIS2_PLACEMENT_3D('',#12642,#12643,#12644);
#12642 = CARTESIAN_POINT('',(290.,19.5,16.));
#12643 = DIRECTION('',(0.,0.707106781187,-0.707106781187));
#12644 = DIRECTION('',(0.,0.707106781187,0.707106781187));
#12645 = ADVANCED_FACE('',(#12646),#12658,.T.);
#12646 = FACE_BOUND('',#12647,.T.);
#12647 = EDGE_LOOP('',(#12648,#12655,#12656,#12657));
#12648 = ORIENTED_EDGE('',*,*,#12649,.F.);
#12649 = EDGE_CURVE('',#12596,#10400,#12650,.T.);
#12650 = ( BOUNDED_CURVE() B_SPLINE_CURVE(3,(#12651,#12652,#12653,#12654
),.UNSPECIFIED.,.F.,.F.) B_SPLINE_CURVE_WITH_KNOTS((4,4),(4.712388980385
,4.902206041729),.PIECEWISE_BEZIER_KNOTS.) CURVE() 
GEOMETRIC_REPRESENTATION_ITEM() RATIONAL_B_SPLINE_CURVE((1.,
0.996999710075,0.996999710075,1.)) REPRESENTATION_ITEM('') );
#12651 = CARTESIAN_POINT('',(147.65,20.,16.5));
#12652 = CARTESIAN_POINT('',(147.65,19.832076049402,16.332076049402));
#12653 = CARTESIAN_POINT('',(147.63408650019,19.66490782961,
    16.16490782961));
#12654 = CARTESIAN_POINT('',(147.60240273593,19.5,16.));
#12655 = ORIENTED_EDGE('',*,*,#12606,.F.);
#12656 = ORIENTED_EDGE('',*,*,#5633,.T.);
#12657 = ORIENTED_EDGE('',*,*,#10408,.F.);
#12658 = PLANE('',#12659);
#12659 = AXIS2_PLACEMENT_3D('',#12660,#12661,#12662);
#12660 = CARTESIAN_POINT('',(290.,19.5,16.));
#12661 = DIRECTION('',(0.,0.707106781187,-0.707106781187));
#12662 = DIRECTION('',(0.,0.707106781187,0.707106781187));
#12663 = ADVANCED_FACE('',(#12664),#12676,.F.);
#12664 = FACE_BOUND('',#12665,.F.);
#12665 = EDGE_LOOP('',(#12666,#12667,#12668,#12675));
#12666 = ORIENTED_EDGE('',*,*,#10449,.F.);
#12667 = ORIENTED_EDGE('',*,*,#2474,.F.);
#12668 = ORIENTED_EDGE('',*,*,#12669,.T.);
#12669 = EDGE_CURVE('',#2475,#2484,#12670,.T.);
#12670 = CIRCLE('',#12671,2.1);
#12671 = AXIS2_PLACEMENT_3D('',#12672,#12673,#12674);
#12672 = CARTESIAN_POINT('',(18.,20.,1.73E-15));
#12673 = DIRECTION('',(-1.,0.,0.));
#12674 = DIRECTION('',(0.,0.,1.));
#12675 = ORIENTED_EDGE('',*,*,#2483,.T.);
#12676 = CYLINDRICAL_SURFACE('',#12677,2.1);
#12677 = AXIS2_PLACEMENT_3D('',#12678,#12679,#12680);
#12678 = CARTESIAN_POINT('',(0.,20.,1.73E-15));
#12679 = DIRECTION('',(-1.,0.,0.));
#12680 = DIRECTION('',(0.,0.,1.));
#12681 = ADVANCED_FACE('',(#12682),#12694,.F.);
#12682 = FACE_BOUND('',#12683,.F.);
#12683 = EDGE_LOOP('',(#12684,#12685,#12686,#12693));
#12684 = ORIENTED_EDGE('',*,*,#10467,.F.);
#12685 = ORIENTED_EDGE('',*,*,#2506,.F.);
#12686 = ORIENTED_EDGE('',*,*,#12687,.T.);
#12687 = EDGE_CURVE('',#2507,#2516,#12688,.T.);
#12688 = CIRCLE('',#12689,2.1);
#12689 = AXIS2_PLACEMENT_3D('',#12690,#12691,#12692);
#12690 = CARTESIAN_POINT('',(18.,-1.73E-15,20.));
#12691 = DIRECTION('',(-1.,0.,-0.));
#12692 = DIRECTION('',(-0.,0.,1.));
#12693 = ORIENTED_EDGE('',*,*,#2515,.T.);
#12694 = CYLINDRICAL_SURFACE('',#12695,2.1);
#12695 = AXIS2_PLACEMENT_3D('',#12696,#12697,#12698);
#12696 = CARTESIAN_POINT('',(0.,-1.73E-15,20.));
#12697 = DIRECTION('',(-1.,-0.,-0.));
#12698 = DIRECTION('',(-0.,0.,1.));
#12699 = ADVANCED_FACE('',(#12700),#12706,.T.);
#12700 = FACE_BOUND('',#12701,.T.);
#12701 = EDGE_LOOP('',(#12702,#12703,#12704,#12705));
#12702 = ORIENTED_EDGE('',*,*,#2549,.F.);
#12703 = ORIENTED_EDGE('',*,*,#11485,.T.);
#12704 = ORIENTED_EDGE('',*,*,#11512,.T.);
#12705 = ORIENTED_EDGE('',*,*,#6626,.T.);
#12706 = CYLINDRICAL_SURFACE('',#12707,0.2);
#12707 = AXIS2_PLACEMENT_3D('',#12708,#12709,#12710);
#12708 = CARTESIAN_POINT('',(290.,-8.4,-3.482842712475));
#12709 = DIRECTION('',(-1.,0.,0.));
#12710 = DIRECTION('',(0.,0.,1.));
#12711 = ADVANCED_FACE('',(#12712),#12718,.T.);
#12712 = FACE_BOUND('',#12713,.T.);
#12713 = EDGE_LOOP('',(#12714,#12715,#12716,#12717));
#12714 = ORIENTED_EDGE('',*,*,#6715,.T.);
#12715 = ORIENTED_EDGE('',*,*,#11669,.T.);
#12716 = ORIENTED_EDGE('',*,*,#11726,.T.);
#12717 = ORIENTED_EDGE('',*,*,#10526,.T.);
#12718 = CYLINDRICAL_SURFACE('',#12719,0.2);
#12719 = AXIS2_PLACEMENT_3D('',#12720,#12721,#12722);
#12720 = CARTESIAN_POINT('',(290.,-8.4,3.482842712475));
#12721 = DIRECTION('',(-1.,0.,0.));
#12722 = DIRECTION('',(0.,0.,1.));
#12723 = ADVANCED_FACE('',(#12724,#12734),#12738,.T.);
#12724 = FACE_BOUND('',#12725,.T.);
#12725 = EDGE_LOOP('',(#12726,#12727));
#12726 = ORIENTED_EDGE('',*,*,#3362,.T.);
#12727 = ORIENTED_EDGE('',*,*,#12728,.T.);
#12728 = EDGE_CURVE('',#3363,#3355,#12729,.T.);
#12729 = CIRCLE('',#12730,2.1);
#12730 = AXIS2_PLACEMENT_3D('',#12731,#12732,#12733);
#12731 = CARTESIAN_POINT('',(12.,0.,0.));
#12732 = DIRECTION('',(1.,0.,-0.));
#12733 = DIRECTION('',(0.,0.,1.));
#12734 = FACE_BOUND('',#12735,.T.);
#12735 = EDGE_LOOP('',(#12736,#12737));
#12736 = ORIENTED_EDGE('',*,*,#10542,.T.);
#12737 = ORIENTED_EDGE('',*,*,#2046,.T.);
#12738 = PLANE('',#12739);
#12739 = AXIS2_PLACEMENT_3D('',#12740,#12741,#12742);
#12740 = CARTESIAN_POINT('',(12.,0.,0.));
#12741 = DIRECTION('',(-1.,0.,0.));
#12742 = DIRECTION('',(0.,0.,1.));
#12743 = ADVANCED_FACE('',(#12744,#12754),#12758,.T.);
#12744 = FACE_BOUND('',#12745,.T.);
#12745 = EDGE_LOOP('',(#12746,#12747));
#12746 = ORIENTED_EDGE('',*,*,#3404,.T.);
#12747 = ORIENTED_EDGE('',*,*,#12748,.T.);
#12748 = EDGE_CURVE('',#3405,#3397,#12749,.T.);
#12749 = CIRCLE('',#12750,2.1);
#12750 = AXIS2_PLACEMENT_3D('',#12751,#12752,#12753);
#12751 = CARTESIAN_POINT('',(12.,20.,20.));
#12752 = DIRECTION('',(1.,0.,-0.));
#12753 = DIRECTION('',(0.,0.,1.));
#12754 = FACE_BOUND('',#12755,.T.);
#12755 = EDGE_LOOP('',(#12756,#12757));
#12756 = ORIENTED_EDGE('',*,*,#10560,.T.);
#12757 = ORIENTED_EDGE('',*,*,#2088,.T.);
#12758 = PLANE('',#12759);
#12759 = AXIS2_PLACEMENT_3D('',#12760,#12761,#12762);
#12760 = CARTESIAN_POINT('',(12.,20.,20.));
#12761 = DIRECTION('',(-1.,0.,0.));
#12762 = DIRECTION('',(0.,0.,1.));
#12763 = ADVANCED_FACE('',(#12764),#12776,.F.);
#12764 = FACE_BOUND('',#12765,.F.);
#12765 = EDGE_LOOP('',(#12766,#12767,#12768,#12775));
#12766 = ORIENTED_EDGE('',*,*,#10578,.F.);
#12767 = ORIENTED_EDGE('',*,*,#2580,.F.);
#12768 = ORIENTED_EDGE('',*,*,#12769,.T.);
#12769 = EDGE_CURVE('',#2581,#2590,#12770,.T.);
#12770 = CIRCLE('',#12771,2.000000000028);
#12771 = AXIS2_PLACEMENT_3D('',#12772,#12773,#12774);
#12772 = CARTESIAN_POINT('',(271.93991393812,20.,20.));
#12773 = DIRECTION('',(1.,0.,0.));
#12774 = DIRECTION('',(0.,0.,-1.));
#12775 = ORIENTED_EDGE('',*,*,#2589,.T.);
#12776 = CONICAL_SURFACE('',#12777,2.099999999946,1.029744258595);
#12777 = AXIS2_PLACEMENT_3D('',#12778,#12779,#12780);
#12778 = CARTESIAN_POINT('',(271.99999999999,20.,20.));
#12779 = DIRECTION('',(1.,0.,0.));
#12780 = DIRECTION('',(0.,0.,-1.));
#12781 = ADVANCED_FACE('',(#12782),#12794,.F.);
#12782 = FACE_BOUND('',#12783,.F.);
#12783 = EDGE_LOOP('',(#12784,#12785,#12786,#12793));
#12784 = ORIENTED_EDGE('',*,*,#10596,.F.);
#12785 = ORIENTED_EDGE('',*,*,#2612,.F.);
#12786 = ORIENTED_EDGE('',*,*,#12787,.T.);
#12787 = EDGE_CURVE('',#2613,#2622,#12788,.T.);
#12788 = CIRCLE('',#12789,1.999999999953);
#12789 = AXIS2_PLACEMENT_3D('',#12790,#12791,#12792);
#12790 = CARTESIAN_POINT('',(271.93991393812,20.,1.73E-15));
#12791 = DIRECTION('',(1.,0.,0.));
#12792 = DIRECTION('',(0.,0.,-1.));
#12793 = ORIENTED_EDGE('',*,*,#2621,.T.);
#12794 = CONICAL_SURFACE('',#12795,2.099999999814,1.029744258679);
#12795 = AXIS2_PLACEMENT_3D('',#12796,#12797,#12798);
#12796 = CARTESIAN_POINT('',(271.99999999993,20.,1.73E-15));
#12797 = DIRECTION('',(1.,0.,0.));
#12798 = DIRECTION('',(0.,0.,-1.));
#12799 = ADVANCED_FACE('',(#12800),#12812,.F.);
#12800 = FACE_BOUND('',#12801,.F.);
#12801 = EDGE_LOOP('',(#12802,#12803,#12804,#12811));
#12802 = ORIENTED_EDGE('',*,*,#10614,.F.);
#12803 = ORIENTED_EDGE('',*,*,#2644,.F.);
#12804 = ORIENTED_EDGE('',*,*,#12805,.T.);
#12805 = EDGE_CURVE('',#2645,#2654,#12806,.T.);
#12806 = CIRCLE('',#12807,2.000000000028);
#12807 = AXIS2_PLACEMENT_3D('',#12808,#12809,#12810);
#12808 = CARTESIAN_POINT('',(271.93991393812,-1.73E-15,20.));
#12809 = DIRECTION('',(1.,0.,0.));
#12810 = DIRECTION('',(0.,0.,-1.));
#12811 = ORIENTED_EDGE('',*,*,#2653,.T.);
#12812 = CONICAL_SURFACE('',#12813,2.099999999946,1.029744258595);
#12813 = AXIS2_PLACEMENT_3D('',#12814,#12815,#12816);
#12814 = CARTESIAN_POINT('',(271.99999999999,-1.73E-15,20.));
#12815 = DIRECTION('',(1.,0.,0.));
#12816 = DIRECTION('',(0.,0.,-1.));
#12817 = ADVANCED_FACE('',(#12818),#12830,.F.);
#12818 = FACE_BOUND('',#12819,.F.);
#12819 = EDGE_LOOP('',(#12820,#12821,#12822,#12829));
#12820 = ORIENTED_EDGE('',*,*,#10632,.F.);
#12821 = ORIENTED_EDGE('',*,*,#2676,.F.);
#12822 = ORIENTED_EDGE('',*,*,#12823,.T.);
#12823 = EDGE_CURVE('',#2677,#2686,#12824,.T.);
#12824 = CIRCLE('',#12825,1.999999999953);
#12825 = AXIS2_PLACEMENT_3D('',#12826,#12827,#12828);
#12826 = CARTESIAN_POINT('',(271.93991393812,0.,0.));
#12827 = DIRECTION('',(1.,0.,0.));
#12828 = DIRECTION('',(0.,0.,-1.));
#12829 = ORIENTED_EDGE('',*,*,#2685,.T.);
#12830 = CONICAL_SURFACE('',#12831,2.099999999814,1.029744258679);
#12831 = AXIS2_PLACEMENT_3D('',#12832,#12833,#12834);
#12832 = CARTESIAN_POINT('',(271.99999999993,0.,0.));
#12833 = DIRECTION('',(1.,0.,0.));
#12834 = DIRECTION('',(0.,0.,-1.));
#12835 = ADVANCED_FACE('',(#12836),#12848,.F.);
#12836 = FACE_BOUND('',#12837,.F.);
#12837 = EDGE_LOOP('',(#12838,#12845,#12846,#12847));
#12838 = ORIENTED_EDGE('',*,*,#12839,.T.);
#12839 = EDGE_CURVE('',#2717,#2709,#12840,.T.);
#12840 = CIRCLE('',#12841,2.);
#12841 = AXIS2_PLACEMENT_3D('',#12842,#12843,#12844);
#12842 = CARTESIAN_POINT('',(18.060086061903,20.,20.));
#12843 = DIRECTION('',(1.,0.,-0.));
#12844 = DIRECTION('',(0.,0.,1.));
#12845 = ORIENTED_EDGE('',*,*,#2708,.F.);
#12846 = ORIENTED_EDGE('',*,*,#1079,.F.);
#12847 = ORIENTED_EDGE('',*,*,#2725,.T.);
#12848 = CYLINDRICAL_SURFACE('',#12849,2.);
#12849 = AXIS2_PLACEMENT_3D('',#12850,#12851,#12852);
#12850 = CARTESIAN_POINT('',(290.,20.,20.));
#12851 = DIRECTION('',(-1.,0.,0.));
#12852 = DIRECTION('',(0.,0.,1.));
#12853 = ADVANCED_FACE('',(#12854),#12894,.F.);
#12854 = FACE_BOUND('',#12855,.F.);
#12855 = EDGE_LOOP('',(#12856,#12891,#12892,#12893));
#12856 = ORIENTED_EDGE('',*,*,#12857,.F.);
#12857 = EDGE_CURVE('',#2741,#2749,#12858,.T.);
#12858 = B_SPLINE_CURVE_WITH_KNOTS('',3,(#12859,#12860,#12861,#12862,
    #12863,#12864,#12865,#12866,#12867,#12868,#12869,#12870,#12871,
    #12872,#12873,#12874,#12875,#12876,#12877,#12878,#12879,#12880,
    #12881,#12882,#12883,#12884,#12885,#12886,#12887,#12888,#12889,
    #12890),.UNSPECIFIED.,.F.,.F.,(4,2,2,2,2,2,2,2,2,2,2,2,2,2,2,4),(0.,
    4.097646712551E-04,8.195293425101E-04,1.63905868502E-03,
    2.048823356275E-03,2.45858802753E-03,2.868352698785E-03,
    3.27811737004E-03,3.687882041295E-03,4.09764671255E-03,
    4.507411383805E-03,4.917176055061E-03,5.326940726316E-03,
    5.736705397571E-03,6.146470068826E-03,6.556234740081E-03),
  .UNSPECIFIED.);
#12859 = CARTESIAN_POINT('',(147.65,20.,22.));
#12860 = CARTESIAN_POINT('',(147.65,20.138853012952,22.));
#12861 = CARTESIAN_POINT('',(147.63916418211,20.274425952138,
    21.985704458907));
#12862 = CARTESIAN_POINT('',(147.59795747119,20.539549961745,
    21.930600331532));
#12863 = CARTESIAN_POINT('',(147.56711883905,20.66967824425,
    21.889148006855));
#12864 = CARTESIAN_POINT('',(147.45365702982,21.03263716694,
    21.73293307775));
#12865 = CARTESIAN_POINT('',(147.34798875078,21.246255507306,
    21.5842399082));
#12866 = CARTESIAN_POINT('',(147.17964452278,21.510819560737,
    21.316497806284));
#12867 = CARTESIAN_POINT('',(147.12133839779,21.590721207054,
    21.218680498925));
#12868 = CARTESIAN_POINT('',(147.00946775905,21.72988724541,
    21.011467367344));
#12869 = CARTESIAN_POINT('',(146.95534137336,21.789984931767,
    20.901402652294));
#12870 = CARTESIAN_POINT('',(146.85805475679,21.890777211392,
    20.664480499634));
#12871 = CARTESIAN_POINT('',(146.81539439799,21.930927038844,
    20.538022697793));
#12872 = CARTESIAN_POINT('',(146.7556172808,21.98543295353,
    20.275687576281));
#12873 = CARTESIAN_POINT('',(146.73853386726,21.999999998092,
    20.136651663068));
#12874 = CARTESIAN_POINT('',(146.73853386287,22.000000001908,
    19.863348392797));
#12875 = CARTESIAN_POINT('',(146.75545298388,21.985581115169,
    19.725112580814));
#12876 = CARTESIAN_POINT('',(146.81544135204,21.930885869447,
    19.461692265231));
#12877 = CARTESIAN_POINT('',(146.85812154472,21.890716442812,
    19.335309790345));
#12878 = CARTESIAN_POINT('',(146.95558199292,21.789727188997,
    19.098058576794));
#12879 = CARTESIAN_POINT('',(147.00981800082,21.729491840743,
    18.987826745121));
#12880 = CARTESIAN_POINT('',(147.12192854632,21.589946435554,
    18.78028402603));
#12881 = CARTESIAN_POINT('',(147.18035176563,21.509788082733,
    18.682341745577));
#12882 = CARTESIAN_POINT('',(147.29234333397,21.333625103199,
    18.504297016674));
#12883 = CARTESIAN_POINT('',(147.34624792512,21.237425520994,
    18.423567795742));
#12884 = CARTESIAN_POINT('',(147.44588269502,21.026527685112,
    18.278779117507));
#12885 = CARTESIAN_POINT('',(147.49169450655,20.911058436332,
    18.214693213381));
#12886 = CARTESIAN_POINT('',(147.56727997204,20.66906093412,
    18.11063363447));
#12887 = CARTESIAN_POINT('',(147.59788201555,20.540213635978,
    18.06949988516));
#12888 = CARTESIAN_POINT('',(147.63940442835,20.272701306991,
    18.013974959106));
#12889 = CARTESIAN_POINT('',(147.65,20.137229104668,18.));
#12890 = CARTESIAN_POINT('',(147.65,20.,17.999999999999));
#12891 = ORIENTED_EDGE('',*,*,#2740,.F.);
#12892 = ORIENTED_EDGE('',*,*,#662,.F.);
#12893 = ORIENTED_EDGE('',*,*,#2785,.T.);
#12894 = CYLINDRICAL_SURFACE('',#12895,2.);
#12895 = AXIS2_PLACEMENT_3D('',#12896,#12897,#12898);
#12896 = CARTESIAN_POINT('',(290.,20.,20.));
#12897 = DIRECTION('',(-1.,0.,0.));
#12898 = DIRECTION('',(0.,0.,1.));
#12899 = ADVANCED_FACE('',(#12900),#12938,.F.);
#12900 = FACE_BOUND('',#12901,.F.);
#12901 = EDGE_LOOP('',(#12902,#12935,#12936,#12937));
#12902 = ORIENTED_EDGE('',*,*,#12903,.F.);
#12903 = EDGE_CURVE('',#2801,#2809,#12904,.T.);
#12904 = B_SPLINE_CURVE_WITH_KNOTS('',3,(#12905,#12906,#12907,#12908,
    #12909,#12910,#12911,#12912,#12913,#12914,#12915,#12916,#12917,
    #12918,#12919,#12920,#12921,#12922,#12923,#12924,#12925,#12926,
    #12927,#12928,#12929,#12930,#12931,#12932,#12933,#12934),
  .UNSPECIFIED.,.F.,.F.,(4,2,2,2,2,2,2,2,2,2,2,2,2,2,4),(1.E-17,
    4.092279803321E-04,8.184559606642E-04,1.636911921328E-03,
    2.04613990166E-03,2.455367881992E-03,2.864595862324E-03,
    3.273823842656E-03,3.683051822989E-03,4.092279803321E-03,
    4.501507783653E-03,4.910735763985E-03,5.729191724649E-03,
    6.138419704981E-03,6.547647685313E-03),.UNSPECIFIED.);
#12905 = CARTESIAN_POINT('',(156.73853386507,20.,22.));
#12906 = CARTESIAN_POINT('',(156.73853386507,20.139286002568,22.));
#12907 = CARTESIAN_POINT('',(156.75536505097,20.274008021879,
    21.985651093284));
#12908 = CARTESIAN_POINT('',(156.81479982282,20.535977920072,
    21.931480864391));
#12909 = CARTESIAN_POINT('',(156.8576047141,20.663135930776,
    21.891199199493));
#12910 = CARTESIAN_POINT('',(157.00246185585,21.016646172162,
    21.74125393324));
#12911 = CARTESIAN_POINT('',(157.12313776656,21.226538348918,
    21.599425492867));
#12912 = CARTESIAN_POINT('',(157.29098310597,21.493619489108,
    21.335941757303));
#12913 = CARTESIAN_POINT('',(157.34590884048,21.575929475014,
    21.238071740586));
#12914 = CARTESIAN_POINT('',(157.44563046749,21.720864261326,
    21.027132678453));
#12915 = CARTESIAN_POINT('',(157.49052144688,21.783674595124,
    20.914314130352));
#12916 = CARTESIAN_POINT('',(157.5666191731,21.888473447961,
    20.671664668266));
#12917 = CARTESIAN_POINT('',(157.59736274676,21.929800387028,
    20.542191073735));
#12918 = CARTESIAN_POINT('',(157.63865707422,21.985030843802,
    20.278842685692));
#12919 = CARTESIAN_POINT('',(157.64979948334,21.999734315234,
    20.142120267269));
#12920 = CARTESIAN_POINT('',(157.65019509799,22.000258505043,
    19.865458501216));
#12921 = CARTESIAN_POINT('',(157.63962844974,21.986320826948,
    19.729735677922));
#12922 = CARTESIAN_POINT('',(157.598563619,21.931415273029,19.4632055566
    ));
#12923 = CARTESIAN_POINT('',(157.56793294859,21.890252856626,
    19.333395857051));
#12924 = CARTESIAN_POINT('',(157.49238559808,21.786270473086,
    19.090794444386));
#12925 = CARTESIAN_POINT('',(157.44669356676,21.722373269492,
    18.975375735027));
#12926 = CARTESIAN_POINT('',(157.34697153918,21.577509326608,
    18.763921973216));
#12927 = CARTESIAN_POINT('',(157.29283601951,21.49648253995,
    18.667158259552));
#12928 = CARTESIAN_POINT('',(157.12355252834,21.227365984776,
    18.400849872826));
#12929 = CARTESIAN_POINT('',(157.00435319562,21.020828525195,
    18.260780959334));
#12930 = CARTESIAN_POINT('',(156.85770639617,20.663598403139,
    18.108867906076));
#12931 = CARTESIAN_POINT('',(156.81565293102,20.539063875878,
    18.069310645344));
#12932 = CARTESIAN_POINT('',(156.7554971384,20.275253518256,
    18.014455553973));
#12933 = CARTESIAN_POINT('',(156.73853386507,20.137601879374,18.));
#12934 = CARTESIAN_POINT('',(156.73853386507,20.,18.));
#12935 = ORIENTED_EDGE('',*,*,#2800,.F.);
#12936 = ORIENTED_EDGE('',*,*,#12769,.F.);
#12937 = ORIENTED_EDGE('',*,*,#2843,.T.);
#12938 = CYLINDRICAL_SURFACE('',#12939,2.);
#12939 = AXIS2_PLACEMENT_3D('',#12940,#12941,#12942);
#12940 = CARTESIAN_POINT('',(290.,20.,20.));
#12941 = DIRECTION('',(-1.,0.,0.));
#12942 = DIRECTION('',(0.,0.,1.));
#12943 = ADVANCED_FACE('',(#12944),#12982,.F.);
#12944 = FACE_BOUND('',#12945,.F.);
#12945 = EDGE_LOOP('',(#12946,#12979,#12980,#12981));
#12946 = ORIENTED_EDGE('',*,*,#12947,.F.);
#12947 = EDGE_CURVE('',#2859,#2867,#12948,.T.);
#12948 = B_SPLINE_CURVE_WITH_KNOTS('',3,(#12949,#12950,#12951,#12952,
    #12953,#12954,#12955,#12956,#12957,#12958,#12959,#12960,#12961,
    #12962,#12963,#12964,#12965,#12966,#12967,#12968,#12969,#12970,
    #12971,#12972,#12973,#12974,#12975,#12976,#12977,#12978),
  .UNSPECIFIED.,.F.,.F.,(4,2,2,2,2,2,2,2,2,2,2,2,2,2,4),(1.E-17,
    4.09227980332E-04,8.184559606641E-04,1.636911921328E-03,
    2.04613990166E-03,2.455367881992E-03,2.864595862324E-03,
    3.273823842656E-03,3.683051822988E-03,4.092279803321E-03,
    4.501507783653E-03,4.910735763985E-03,5.729191724649E-03,
    6.138419704981E-03,6.547647685313E-03),.UNSPECIFIED.);
#12949 = CARTESIAN_POINT('',(136.73853386507,20.,2.));
#12950 = CARTESIAN_POINT('',(136.73853386507,20.139286002568,2.));
#12951 = CARTESIAN_POINT('',(136.75536505097,20.274008021879,
    1.985651093284));
#12952 = CARTESIAN_POINT('',(136.81479982282,20.535977920072,
    1.931480864391));
#12953 = CARTESIAN_POINT('',(136.8576047141,20.663135930776,
    1.891199199493));
#12954 = CARTESIAN_POINT('',(137.00246185585,21.016646172162,
    1.74125393324));
#12955 = CARTESIAN_POINT('',(137.12313776656,21.226538348918,
    1.599425492867));
#12956 = CARTESIAN_POINT('',(137.29098310597,21.493619489108,
    1.335941757303));
#12957 = CARTESIAN_POINT('',(137.34590884048,21.575929475014,
    1.238071740586));
#12958 = CARTESIAN_POINT('',(137.44563046749,21.720864261326,
    1.027132678453));
#12959 = CARTESIAN_POINT('',(137.49052144688,21.783674595124,
    0.914314130352));
#12960 = CARTESIAN_POINT('',(137.5666191731,21.888473447961,
    0.671664668266));
#12961 = CARTESIAN_POINT('',(137.59736274676,21.929800387028,
    0.542191073735));
#12962 = CARTESIAN_POINT('',(137.63865707422,21.985030843802,
    0.278842685692));
#12963 = CARTESIAN_POINT('',(137.64979948334,21.999734315234,
    0.142120267269));
#12964 = CARTESIAN_POINT('',(137.65019509799,22.000258505043,
    -0.134541498784));
#12965 = CARTESIAN_POINT('',(137.63962844974,21.986320826948,
    -0.270264322078));
#12966 = CARTESIAN_POINT('',(137.598563619,21.931415273029,-0.5367944434
    ));
#12967 = CARTESIAN_POINT('',(137.56793294859,21.890252856626,
    -0.666604142949));
#12968 = CARTESIAN_POINT('',(137.49238559808,21.786270473086,
    -0.909205555614));
#12969 = CARTESIAN_POINT('',(137.44669356676,21.722373269492,
    -1.024624264973));
#12970 = CARTESIAN_POINT('',(137.34697153918,21.577509326608,
    -1.236078026784));
#12971 = CARTESIAN_POINT('',(137.29283601951,21.49648253995,
    -1.332841740448));
#12972 = CARTESIAN_POINT('',(137.12355252834,21.227365984776,
    -1.599150127174));
#12973 = CARTESIAN_POINT('',(137.00435319562,21.020828525195,
    -1.739219040666));
#12974 = CARTESIAN_POINT('',(136.85770639617,20.663598403139,
    -1.891132093924));
#12975 = CARTESIAN_POINT('',(136.81565293102,20.539063875878,
    -1.930689354656));
#12976 = CARTESIAN_POINT('',(136.7554971384,20.275253518256,
    -1.985544446027));
#12977 = CARTESIAN_POINT('',(136.73853386507,20.137601879374,-2.));
#12978 = CARTESIAN_POINT('',(136.73853386507,20.,-2.));
#12979 = ORIENTED_EDGE('',*,*,#2858,.F.);
#12980 = ORIENTED_EDGE('',*,*,#873,.F.);
#12981 = ORIENTED_EDGE('',*,*,#2901,.T.);
#12982 = CYLINDRICAL_SURFACE('',#12983,2.);
#12983 = AXIS2_PLACEMENT_3D('',#12984,#12985,#12986);
#12984 = CARTESIAN_POINT('',(290.,20.,1.73E-15));
#12985 = DIRECTION('',(-1.,0.,0.));
#12986 = DIRECTION('',(0.,0.,1.));
#12987 = ADVANCED_FACE('',(#12988),#13000,.F.);
#12988 = FACE_BOUND('',#12989,.F.);
#12989 = EDGE_LOOP('',(#12990,#12997,#12998,#12999));
#12990 = ORIENTED_EDGE('',*,*,#12991,.T.);
#12991 = EDGE_CURVE('',#2925,#2917,#12992,.T.);
#12992 = CIRCLE('',#12993,2.);
#12993 = AXIS2_PLACEMENT_3D('',#12994,#12995,#12996);
#12994 = CARTESIAN_POINT('',(18.060086061903,20.,1.73E-15));
#12995 = DIRECTION('',(1.,0.,-0.));
#12996 = DIRECTION('',(0.,0.,1.));
#12997 = ORIENTED_EDGE('',*,*,#2916,.F.);
#12998 = ORIENTED_EDGE('',*,*,#189,.F.);
#12999 = ORIENTED_EDGE('',*,*,#2933,.T.);
#13000 = CYLINDRICAL_SURFACE('',#13001,2.);
#13001 = AXIS2_PLACEMENT_3D('',#13002,#13003,#13004);
#13002 = CARTESIAN_POINT('',(290.,20.,1.73E-15));
#13003 = DIRECTION('',(-1.,0.,0.));
#13004 = DIRECTION('',(0.,0.,1.));
#13005 = ADVANCED_FACE('',(#13006),#13046,.F.);
#13006 = FACE_BOUND('',#13007,.F.);
#13007 = EDGE_LOOP('',(#13008,#13043,#13044,#13045));
#13008 = ORIENTED_EDGE('',*,*,#13009,.F.);
#13009 = EDGE_CURVE('',#2949,#2957,#13010,.T.);
#13010 = B_SPLINE_CURVE_WITH_KNOTS('',3,(#13011,#13012,#13013,#13014,
    #13015,#13016,#13017,#13018,#13019,#13020,#13021,#13022,#13023,
    #13024,#13025,#13026,#13027,#13028,#13029,#13030,#13031,#13032,
    #13033,#13034,#13035,#13036,#13037,#13038,#13039,#13040,#13041,
    #13042),.UNSPECIFIED.,.F.,.F.,(4,2,2,2,2,2,2,2,2,2,2,2,2,2,2,4),(0.,
    4.097646712551E-04,8.195293425101E-04,1.63905868502E-03,
    2.048823356275E-03,2.45858802753E-03,2.868352698785E-03,
    3.27811737004E-03,3.687882041295E-03,4.09764671255E-03,
    4.507411383805E-03,4.917176055061E-03,5.326940726316E-03,
    5.736705397571E-03,6.146470068826E-03,6.556234740081E-03),
  .UNSPECIFIED.);
#13011 = CARTESIAN_POINT('',(147.65,20.,2.));
#13012 = CARTESIAN_POINT('',(147.65,20.138853012952,2.));
#13013 = CARTESIAN_POINT('',(147.63916418211,20.274425952138,
    1.985704458907));
#13014 = CARTESIAN_POINT('',(147.59795747119,20.539549961745,
    1.930600331532));
#13015 = CARTESIAN_POINT('',(147.56711883905,20.66967824425,
    1.889148006855));
#13016 = CARTESIAN_POINT('',(147.45365702982,21.03263716694,
    1.73293307775));
#13017 = CARTESIAN_POINT('',(147.34798875078,21.246255507306,
    1.5842399082));
#13018 = CARTESIAN_POINT('',(147.17964452278,21.510819560737,
    1.316497806284));
#13019 = CARTESIAN_POINT('',(147.12133839779,21.590721207054,
    1.218680498925));
#13020 = CARTESIAN_POINT('',(147.00946775905,21.72988724541,
    1.011467367344));
#13021 = CARTESIAN_POINT('',(146.95534137336,21.789984931767,
    0.901402652294));
#13022 = CARTESIAN_POINT('',(146.85805475679,21.890777211392,
    0.664480499633));
#13023 = CARTESIAN_POINT('',(146.81539439799,21.930927038844,
    0.538022697793));
#13024 = CARTESIAN_POINT('',(146.7556172808,21.98543295353,
    0.275687576281));
#13025 = CARTESIAN_POINT('',(146.73853386726,21.999999998092,
    0.136651663068));
#13026 = CARTESIAN_POINT('',(146.73853386287,22.000000001908,
    -0.136651607203));
#13027 = CARTESIAN_POINT('',(146.75545298388,21.985581115169,
    -0.274887419186));
#13028 = CARTESIAN_POINT('',(146.81544135204,21.930885869447,
    -0.538307734769));
#13029 = CARTESIAN_POINT('',(146.85812154472,21.890716442812,
    -0.664690209655));
#13030 = CARTESIAN_POINT('',(146.95558199292,21.789727188997,
    -0.901941423206));
#13031 = CARTESIAN_POINT('',(147.00981800082,21.729491840743,
    -1.012173254879));
#13032 = CARTESIAN_POINT('',(147.12192854632,21.589946435554,
    -1.21971597397));
#13033 = CARTESIAN_POINT('',(147.18035176563,21.509788082733,
    -1.317658254423));
#13034 = CARTESIAN_POINT('',(147.29234333397,21.333625103199,
    -1.495702983326));
#13035 = CARTESIAN_POINT('',(147.34624792512,21.237425520994,
    -1.576432204258));
#13036 = CARTESIAN_POINT('',(147.44588269502,21.026527685112,
    -1.721220882493));
#13037 = CARTESIAN_POINT('',(147.49169450655,20.911058436332,
    -1.785306786619));
#13038 = CARTESIAN_POINT('',(147.56727997204,20.66906093412,
    -1.88936636553));
#13039 = CARTESIAN_POINT('',(147.59788201555,20.540213635978,
    -1.93050011484));
#13040 = CARTESIAN_POINT('',(147.63940442835,20.272701306991,
    -1.986025040894));
#13041 = CARTESIAN_POINT('',(147.65,20.137229104668,-2.));
#13042 = CARTESIAN_POINT('',(147.65,20.,-2.000000000001));
#13043 = ORIENTED_EDGE('',*,*,#2948,.F.);
#13044 = ORIENTED_EDGE('',*,*,#12787,.F.);
#13045 = ORIENTED_EDGE('',*,*,#2993,.T.);
#13046 = CYLINDRICAL_SURFACE('',#13047,2.);
#13047 = AXIS2_PLACEMENT_3D('',#13048,#13049,#13050);
#13048 = CARTESIAN_POINT('',(290.,20.,1.73E-15));
#13049 = DIRECTION('',(-1.,0.,0.));
#13050 = DIRECTION('',(0.,0.,1.));
#13051 = ADVANCED_FACE('',(#13052),#13092,.F.);
#13052 = FACE_BOUND('',#13053,.F.);
#13053 = EDGE_LOOP('',(#13054,#13089,#13090,#13091));
#13054 = ORIENTED_EDGE('',*,*,#13055,.F.);
#13055 = EDGE_CURVE('',#3009,#3017,#13056,.T.);
#13056 = B_SPLINE_CURVE_WITH_KNOTS('',3,(#13057,#13058,#13059,#13060,
    #13061,#13062,#13063,#13064,#13065,#13066,#13067,#13068,#13069,
    #13070,#13071,#13072,#13073,#13074,#13075,#13076,#13077,#13078,
    #13079,#13080,#13081,#13082,#13083,#13084,#13085,#13086,#13087,
    #13088),.UNSPECIFIED.,.F.,.F.,(4,2,2,2,2,2,2,2,2,2,2,2,2,2,2,4),(0.,
    4.09764671255E-04,8.195293425101E-04,1.63905868502E-03,
    2.048823356275E-03,2.45858802753E-03,2.868352698785E-03,
    3.27811737004E-03,3.687882041295E-03,4.09764671255E-03,
    4.507411383805E-03,4.91717605506E-03,5.326940726316E-03,
    5.736705397571E-03,6.146470068826E-03,6.556234740081E-03),
  .UNSPECIFIED.);
#13057 = CARTESIAN_POINT('',(147.65,-1.64E-15,2.));
#13058 = CARTESIAN_POINT('',(147.65,0.138853012952,2.));
#13059 = CARTESIAN_POINT('',(147.63916418211,0.274425952138,
    1.985704458907));
#13060 = CARTESIAN_POINT('',(147.59795747119,0.539549961745,
    1.930600331532));
#13061 = CARTESIAN_POINT('',(147.56711883905,0.66967824425,
    1.889148006855));
#13062 = CARTESIAN_POINT('',(147.45365702982,1.03263716694,1.73293307775
    ));
#13063 = CARTESIAN_POINT('',(147.34798875078,1.246255507306,1.5842399082
    ));
#13064 = CARTESIAN_POINT('',(147.17964452278,1.510819560737,
    1.316497806284));
#13065 = CARTESIAN_POINT('',(147.12133839779,1.590721207054,
    1.218680498925));
#13066 = CARTESIAN_POINT('',(147.00946775905,1.72988724541,
    1.011467367344));
#13067 = CARTESIAN_POINT('',(146.95534137336,1.789984931767,
    0.901402652294));
#13068 = CARTESIAN_POINT('',(146.85805475679,1.890777211392,
    0.664480499634));
#13069 = CARTESIAN_POINT('',(146.81539439799,1.930927038844,
    0.538022697792));
#13070 = CARTESIAN_POINT('',(146.7556172808,1.98543295353,0.275687576281
    ));
#13071 = CARTESIAN_POINT('',(146.73853386726,1.999999998092,
    0.136651663068));
#13072 = CARTESIAN_POINT('',(146.73853386287,2.000000001908,
    -0.136651607203));
#13073 = CARTESIAN_POINT('',(146.75545298388,1.985581115169,
    -0.274887419186));
#13074 = CARTESIAN_POINT('',(146.81544135204,1.930885869447,
    -0.538307734769));
#13075 = CARTESIAN_POINT('',(146.85812154472,1.890716442812,
    -0.664690209655));
#13076 = CARTESIAN_POINT('',(146.95558199292,1.789727188997,
    -0.901941423206));
#13077 = CARTESIAN_POINT('',(147.00981800082,1.729491840743,
    -1.012173254879));
#13078 = CARTESIAN_POINT('',(147.12192854632,1.589946435554,
    -1.21971597397));
#13079 = CARTESIAN_POINT('',(147.18035176563,1.509788082733,
    -1.317658254423));
#13080 = CARTESIAN_POINT('',(147.29234333397,1.333625103199,
    -1.495702983326));
#13081 = CARTESIAN_POINT('',(147.34624792512,1.237425520994,
    -1.576432204258));
#13082 = CARTESIAN_POINT('',(147.44588269502,1.026527685112,
    -1.721220882493));
#13083 = CARTESIAN_POINT('',(147.49169450655,0.911058436332,
    -1.785306786619));
#13084 = CARTESIAN_POINT('',(147.56727997204,0.66906093412,
    -1.88936636553));
#13085 = CARTESIAN_POINT('',(147.59788201555,0.540213635978,
    -1.93050011484));
#13086 = CARTESIAN_POINT('',(147.63940442835,0.272701306991,
    -1.986025040894));
#13087 = CARTESIAN_POINT('',(147.65,0.137229104668,-2.));
#13088 = CARTESIAN_POINT('',(147.65,-1.5722E-13,-2.000000000001));
#13089 = ORIENTED_EDGE('',*,*,#3008,.F.);
#13090 = ORIENTED_EDGE('',*,*,#12823,.F.);
#13091 = ORIENTED_EDGE('',*,*,#3053,.T.);
#13092 = CYLINDRICAL_SURFACE('',#13093,2.);
#13093 = AXIS2_PLACEMENT_3D('',#13094,#13095,#13096);
#13094 = CARTESIAN_POINT('',(290.,0.,0.));
#13095 = DIRECTION('',(-1.,-0.,-0.));
#13096 = DIRECTION('',(-0.,0.,1.));
#13097 = ADVANCED_FACE('',(#13098),#13136,.F.);
#13098 = FACE_BOUND('',#13099,.F.);
#13099 = EDGE_LOOP('',(#13100,#13133,#13134,#13135));
#13100 = ORIENTED_EDGE('',*,*,#13101,.F.);
#13101 = EDGE_CURVE('',#3069,#3077,#13102,.T.);
#13102 = B_SPLINE_CURVE_WITH_KNOTS('',3,(#13103,#13104,#13105,#13106,
    #13107,#13108,#13109,#13110,#13111,#13112,#13113,#13114,#13115,
    #13116,#13117,#13118,#13119,#13120,#13121,#13122,#13123,#13124,
    #13125,#13126,#13127,#13128,#13129,#13130,#13131,#13132),
  .UNSPECIFIED.,.F.,.F.,(4,2,2,2,2,2,2,2,2,2,2,2,2,2,4),(0.,
    4.09227980332E-04,8.184559606641E-04,1.636911921328E-03,
    2.04613990166E-03,2.455367881992E-03,2.864595862324E-03,
    3.273823842656E-03,3.683051822988E-03,4.092279803321E-03,
    4.501507783653E-03,4.910735763985E-03,5.729191724649E-03,
    6.138419704981E-03,6.547647685313E-03),.UNSPECIFIED.);
#13103 = CARTESIAN_POINT('',(136.73853386507,3.9E-15,2.));
#13104 = CARTESIAN_POINT('',(136.73853386507,0.139286002568,2.));
#13105 = CARTESIAN_POINT('',(136.75536505097,0.274008021879,
    1.985651093284));
#13106 = CARTESIAN_POINT('',(136.81479982282,0.535977920072,
    1.931480864391));
#13107 = CARTESIAN_POINT('',(136.8576047141,0.663135930776,
    1.891199199493));
#13108 = CARTESIAN_POINT('',(137.00246185585,1.016646172162,
    1.74125393324));
#13109 = CARTESIAN_POINT('',(137.12313776656,1.226538348918,
    1.599425492867));
#13110 = CARTESIAN_POINT('',(137.29098310597,1.493619489108,
    1.335941757303));
#13111 = CARTESIAN_POINT('',(137.34590884048,1.575929475014,
    1.238071740586));
#13112 = CARTESIAN_POINT('',(137.44563046749,1.720864261326,
    1.027132678453));
#13113 = CARTESIAN_POINT('',(137.49052144688,1.783674595124,
    0.914314130352));
#13114 = CARTESIAN_POINT('',(137.5666191731,1.888473447961,
    0.671664668266));
#13115 = CARTESIAN_POINT('',(137.59736274676,1.929800387028,
    0.542191073735));
#13116 = CARTESIAN_POINT('',(137.63865707422,1.985030843802,
    0.278842685692));
#13117 = CARTESIAN_POINT('',(137.64979948334,1.999734315234,
    0.142120267269));
#13118 = CARTESIAN_POINT('',(137.65019509799,2.000258505043,
    -0.134541498784));
#13119 = CARTESIAN_POINT('',(137.63962844974,1.986320826948,
    -0.270264322078));
#13120 = CARTESIAN_POINT('',(137.598563619,1.931415273029,-0.5367944434)
  );
#13121 = CARTESIAN_POINT('',(137.56793294859,1.890252856626,
    -0.666604142949));
#13122 = CARTESIAN_POINT('',(137.49238559808,1.786270473086,
    -0.909205555614));
#13123 = CARTESIAN_POINT('',(137.44669356676,1.722373269492,
    -1.024624264973));
#13124 = CARTESIAN_POINT('',(137.34697153918,1.577509326608,
    -1.236078026784));
#13125 = CARTESIAN_POINT('',(137.29283601951,1.49648253995,
    -1.332841740448));
#13126 = CARTESIAN_POINT('',(137.12355252834,1.227365984776,
    -1.599150127174));
#13127 = CARTESIAN_POINT('',(137.00435319562,1.020828525195,
    -1.739219040666));
#13128 = CARTESIAN_POINT('',(136.85770639617,0.663598403139,
    -1.891132093924));
#13129 = CARTESIAN_POINT('',(136.81565293102,0.539063875878,
    -1.930689354656));
#13130 = CARTESIAN_POINT('',(136.7554971384,0.275253518256,
    -1.985544446027));
#13131 = CARTESIAN_POINT('',(136.73853386507,0.137601879374,-2.));
#13132 = CARTESIAN_POINT('',(136.73853386507,2.4E-16,-2.));
#13133 = ORIENTED_EDGE('',*,*,#3068,.F.);
#13134 = ORIENTED_EDGE('',*,*,#1492,.F.);
#13135 = ORIENTED_EDGE('',*,*,#3111,.T.);
#13136 = CYLINDRICAL_SURFACE('',#13137,2.);
#13137 = AXIS2_PLACEMENT_3D('',#13138,#13139,#13140);
#13138 = CARTESIAN_POINT('',(290.,0.,0.));
#13139 = DIRECTION('',(-1.,-0.,-0.));
#13140 = DIRECTION('',(-0.,0.,1.));
#13141 = ADVANCED_FACE('',(#13142),#13154,.F.);
#13142 = FACE_BOUND('',#13143,.F.);
#13143 = EDGE_LOOP('',(#13144,#13151,#13152,#13153));
#13144 = ORIENTED_EDGE('',*,*,#13145,.T.);
#13145 = EDGE_CURVE('',#3135,#3127,#13146,.T.);
#13146 = CIRCLE('',#13147,2.);
#13147 = AXIS2_PLACEMENT_3D('',#13148,#13149,#13150);
#13148 = CARTESIAN_POINT('',(18.060086061903,0.,0.));
#13149 = DIRECTION('',(1.,0.,-0.));
#13150 = DIRECTION('',(0.,0.,1.));
#13151 = ORIENTED_EDGE('',*,*,#3126,.F.);
#13152 = ORIENTED_EDGE('',*,*,#21,.F.);
#13153 = ORIENTED_EDGE('',*,*,#3143,.T.);
#13154 = CYLINDRICAL_SURFACE('',#13155,2.);
#13155 = AXIS2_PLACEMENT_3D('',#13156,#13157,#13158);
#13156 = CARTESIAN_POINT('',(290.,0.,0.));
#13157 = DIRECTION('',(-1.,-0.,-0.));
#13158 = DIRECTION('',(-0.,0.,1.));
#13159 = ADVANCED_FACE('',(#13160),#13198,.F.);
#13160 = FACE_BOUND('',#13161,.F.);
#13161 = EDGE_LOOP('',(#13162,#13195,#13196,#13197));
#13162 = ORIENTED_EDGE('',*,*,#13163,.F.);
#13163 = EDGE_CURVE('',#3159,#3167,#13164,.T.);
#13164 = B_SPLINE_CURVE_WITH_KNOTS('',3,(#13165,#13166,#13167,#13168,
    #13169,#13170,#13171,#13172,#13173,#13174,#13175,#13176,#13177,
    #13178,#13179,#13180,#13181,#13182,#13183,#13184,#13185,#13186,
    #13187,#13188,#13189,#13190,#13191,#13192,#13193,#13194),
  .UNSPECIFIED.,.F.,.F.,(4,2,2,2,2,2,2,2,2,2,2,2,2,2,4),(0.,
    4.092279803321E-04,8.184559606641E-04,1.636911921328E-03,
    2.04613990166E-03,2.455367881992E-03,2.864595862324E-03,
    3.273823842656E-03,3.683051822988E-03,4.092279803321E-03,
    4.501507783653E-03,4.910735763985E-03,5.729191724649E-03,
    6.138419704981E-03,6.547647685313E-03),.UNSPECIFIED.);
#13165 = CARTESIAN_POINT('',(156.73853386507,3.16E-15,22.));
#13166 = CARTESIAN_POINT('',(156.73853386507,0.139286002568,22.));
#13167 = CARTESIAN_POINT('',(156.75536505097,0.274008021879,
    21.985651093284));
#13168 = CARTESIAN_POINT('',(156.81479982282,0.535977920072,
    21.931480864391));
#13169 = CARTESIAN_POINT('',(156.8576047141,0.663135930776,
    21.891199199493));
#13170 = CARTESIAN_POINT('',(157.00246185585,1.016646172162,
    21.74125393324));
#13171 = CARTESIAN_POINT('',(157.12313776656,1.226538348918,
    21.599425492867));
#13172 = CARTESIAN_POINT('',(157.29098310597,1.493619489108,
    21.335941757303));
#13173 = CARTESIAN_POINT('',(157.34590884048,1.575929475014,
    21.238071740586));
#13174 = CARTESIAN_POINT('',(157.44563046749,1.720864261326,
    21.027132678453));
#13175 = CARTESIAN_POINT('',(157.49052144688,1.783674595124,
    20.914314130352));
#13176 = CARTESIAN_POINT('',(157.5666191731,1.888473447961,
    20.671664668266));
#13177 = CARTESIAN_POINT('',(157.59736274676,1.929800387028,
    20.542191073735));
#13178 = CARTESIAN_POINT('',(157.63865707422,1.985030843802,
    20.278842685692));
#13179 = CARTESIAN_POINT('',(157.64979948334,1.999734315234,
    20.142120267269));
#13180 = CARTESIAN_POINT('',(157.65019509799,2.000258505043,
    19.865458501216));
#13181 = CARTESIAN_POINT('',(157.63962844974,1.986320826948,
    19.729735677922));
#13182 = CARTESIAN_POINT('',(157.598563619,1.931415273029,19.4632055566)
  );
#13183 = CARTESIAN_POINT('',(157.56793294859,1.890252856626,
    19.333395857051));
#13184 = CARTESIAN_POINT('',(157.49238559808,1.786270473086,
    19.090794444386));
#13185 = CARTESIAN_POINT('',(157.44669356676,1.722373269492,
    18.975375735027));
#13186 = CARTESIAN_POINT('',(157.34697153918,1.577509326608,
    18.763921973216));
#13187 = CARTESIAN_POINT('',(157.29283601951,1.49648253995,
    18.667158259552));
#13188 = CARTESIAN_POINT('',(157.12355252834,1.227365984776,
    18.400849872826));
#13189 = CARTESIAN_POINT('',(157.00435319562,1.020828525195,
    18.260780959334));
#13190 = CARTESIAN_POINT('',(156.85770639617,0.663598403139,
    18.108867906076));
#13191 = CARTESIAN_POINT('',(156.81565293102,0.539063875878,
    18.069310645344));
#13192 = CARTESIAN_POINT('',(156.7554971384,0.275253518256,
    18.014455553973));
#13193 = CARTESIAN_POINT('',(156.73853386507,0.137601879374,18.));
#13194 = CARTESIAN_POINT('',(156.73853386507,-1.49E-15,18.));
#13195 = ORIENTED_EDGE('',*,*,#3158,.F.);
#13196 = ORIENTED_EDGE('',*,*,#12805,.F.);
#13197 = ORIENTED_EDGE('',*,*,#3201,.T.);
#13198 = CYLINDRICAL_SURFACE('',#13199,2.);
#13199 = AXIS2_PLACEMENT_3D('',#13200,#13201,#13202);
#13200 = CARTESIAN_POINT('',(290.,-1.73E-15,20.));
#13201 = DIRECTION('',(-1.,-0.,-0.));
#13202 = DIRECTION('',(-0.,0.,1.));
#13203 = ADVANCED_FACE('',(#13204),#13244,.F.);
#13204 = FACE_BOUND('',#13205,.F.);
#13205 = EDGE_LOOP('',(#13206,#13241,#13242,#13243));
#13206 = ORIENTED_EDGE('',*,*,#13207,.F.);
#13207 = EDGE_CURVE('',#3217,#3225,#13208,.T.);
#13208 = B_SPLINE_CURVE_WITH_KNOTS('',3,(#13209,#13210,#13211,#13212,
    #13213,#13214,#13215,#13216,#13217,#13218,#13219,#13220,#13221,
    #13222,#13223,#13224,#13225,#13226,#13227,#13228,#13229,#13230,
    #13231,#13232,#13233,#13234,#13235,#13236,#13237,#13238,#13239,
    #13240),.UNSPECIFIED.,.F.,.F.,(4,2,2,2,2,2,2,2,2,2,2,2,2,2,2,4),(0.,
    4.09764671255E-04,8.195293425101E-04,1.63905868502E-03,
    2.048823356275E-03,2.45858802753E-03,2.868352698785E-03,
    3.27811737004E-03,3.687882041295E-03,4.09764671255E-03,
    4.507411383805E-03,4.91717605506E-03,5.326940726316E-03,
    5.736705397571E-03,6.146470068826E-03,6.556234740081E-03),
  .UNSPECIFIED.);
#13209 = CARTESIAN_POINT('',(147.65,-1.52E-15,22.));
#13210 = CARTESIAN_POINT('',(147.65,0.138853012952,22.));
#13211 = CARTESIAN_POINT('',(147.63916418211,0.274425952138,
    21.985704458907));
#13212 = CARTESIAN_POINT('',(147.59795747119,0.539549961745,
    21.930600331532));
#13213 = CARTESIAN_POINT('',(147.56711883905,0.66967824425,
    21.889148006855));
#13214 = CARTESIAN_POINT('',(147.45365702982,1.03263716694,
    21.73293307775));
#13215 = CARTESIAN_POINT('',(147.34798875078,1.246255507306,
    21.5842399082));
#13216 = CARTESIAN_POINT('',(147.17964452278,1.510819560737,
    21.316497806284));
#13217 = CARTESIAN_POINT('',(147.12133839779,1.590721207054,
    21.218680498925));
#13218 = CARTESIAN_POINT('',(147.00946775905,1.72988724541,
    21.011467367344));
#13219 = CARTESIAN_POINT('',(146.95534137336,1.789984931767,
    20.901402652294));
#13220 = CARTESIAN_POINT('',(146.85805475679,1.890777211392,
    20.664480499634));
#13221 = CARTESIAN_POINT('',(146.81539439799,1.930927038844,
    20.538022697793));
#13222 = CARTESIAN_POINT('',(146.7556172808,1.98543295353,
    20.275687576281));
#13223 = CARTESIAN_POINT('',(146.73853386726,1.999999998092,
    20.136651663068));
#13224 = CARTESIAN_POINT('',(146.73853386287,2.000000001908,
    19.863348392797));
#13225 = CARTESIAN_POINT('',(146.75545298388,1.985581115169,
    19.725112580814));
#13226 = CARTESIAN_POINT('',(146.81544135204,1.930885869447,
    19.461692265231));
#13227 = CARTESIAN_POINT('',(146.85812154472,1.890716442812,
    19.335309790345));
#13228 = CARTESIAN_POINT('',(146.95558199292,1.789727188997,
    19.098058576794));
#13229 = CARTESIAN_POINT('',(147.00981800082,1.729491840743,
    18.987826745121));
#13230 = CARTESIAN_POINT('',(147.12192854632,1.589946435554,
    18.78028402603));
#13231 = CARTESIAN_POINT('',(147.18035176563,1.509788082733,
    18.682341745577));
#13232 = CARTESIAN_POINT('',(147.29234333397,1.333625103199,
    18.504297016674));
#13233 = CARTESIAN_POINT('',(147.34624792512,1.237425520994,
    18.423567795742));
#13234 = CARTESIAN_POINT('',(147.44588269502,1.026527685112,
    18.278779117507));
#13235 = CARTESIAN_POINT('',(147.49169450655,0.911058436332,
    18.214693213381));
#13236 = CARTESIAN_POINT('',(147.56727997204,0.66906093412,
    18.11063363447));
#13237 = CARTESIAN_POINT('',(147.59788201555,0.540213635978,
    18.06949988516));
#13238 = CARTESIAN_POINT('',(147.63940442835,0.272701306991,
    18.013974959106));
#13239 = CARTESIAN_POINT('',(147.65,0.137229104668,18.));
#13240 = CARTESIAN_POINT('',(147.65,-1.5896E-13,17.999999999999));
#13241 = ORIENTED_EDGE('',*,*,#3216,.F.);
#13242 = ORIENTED_EDGE('',*,*,#460,.F.);
#13243 = ORIENTED_EDGE('',*,*,#3261,.T.);
#13244 = CYLINDRICAL_SURFACE('',#13245,2.);
#13245 = AXIS2_PLACEMENT_3D('',#13246,#13247,#13248);
#13246 = CARTESIAN_POINT('',(290.,-1.73E-15,20.));
#13247 = DIRECTION('',(-1.,-0.,-0.));
#13248 = DIRECTION('',(-0.,0.,1.));
#13249 = ADVANCED_FACE('',(#13250),#13262,.F.);
#13250 = FACE_BOUND('',#13251,.F.);
#13251 = EDGE_LOOP('',(#13252,#13259,#13260,#13261));
#13252 = ORIENTED_EDGE('',*,*,#13253,.T.);
#13253 = EDGE_CURVE('',#3285,#3277,#13254,.T.);
#13254 = CIRCLE('',#13255,2.);
#13255 = AXIS2_PLACEMENT_3D('',#13256,#13257,#13258);
#13256 = CARTESIAN_POINT('',(18.060086061903,-1.73E-15,20.));
#13257 = DIRECTION('',(1.,0.,-0.));
#13258 = DIRECTION('',(0.,0.,1.));
#13259 = ORIENTED_EDGE('',*,*,#3276,.F.);
#13260 = ORIENTED_EDGE('',*,*,#1320,.F.);
#13261 = ORIENTED_EDGE('',*,*,#3293,.T.);
#13262 = CYLINDRICAL_SURFACE('',#13263,2.);
#13263 = AXIS2_PLACEMENT_3D('',#13264,#13265,#13266);
#13264 = CARTESIAN_POINT('',(290.,-1.73E-15,20.));
#13265 = DIRECTION('',(-1.,-0.,-0.));
#13266 = DIRECTION('',(-0.,0.,1.));
#13267 = ADVANCED_FACE('',(#13268),#13274,.F.);
#13268 = FACE_BOUND('',#13269,.F.);
#13269 = EDGE_LOOP('',(#13270,#13271,#13272,#13273));
#13270 = ORIENTED_EDGE('',*,*,#12669,.F.);
#13271 = ORIENTED_EDGE('',*,*,#3308,.F.);
#13272 = ORIENTED_EDGE('',*,*,#12991,.F.);
#13273 = ORIENTED_EDGE('',*,*,#3315,.T.);
#13274 = CONICAL_SURFACE('',#13275,2.0999999997,1.029744258177);
#13275 = AXIS2_PLACEMENT_3D('',#13276,#13277,#13278);
#13276 = CARTESIAN_POINT('',(18.000000000086,20.,1.73E-15));
#13277 = DIRECTION('',(-1.,0.,0.));
#13278 = DIRECTION('',(0.,0.,1.));
#13279 = ADVANCED_FACE('',(#13280),#13286,.F.);
#13280 = FACE_BOUND('',#13281,.F.);
#13281 = EDGE_LOOP('',(#13282,#13283,#13284,#13285));
#13282 = ORIENTED_EDGE('',*,*,#12687,.F.);
#13283 = ORIENTED_EDGE('',*,*,#3330,.F.);
#13284 = ORIENTED_EDGE('',*,*,#13253,.F.);
#13285 = ORIENTED_EDGE('',*,*,#3337,.T.);
#13286 = CONICAL_SURFACE('',#13287,2.099999999853,1.029744258177);
#13287 = AXIS2_PLACEMENT_3D('',#13288,#13289,#13290);
#13288 = CARTESIAN_POINT('',(18.000000000029,-1.73E-15,20.));
#13289 = DIRECTION('',(-1.,0.,0.));
#13290 = DIRECTION('',(0.,0.,1.));
#13291 = ADVANCED_FACE('',(#13292),#13304,.F.);
#13292 = FACE_BOUND('',#13293,.F.);
#13293 = EDGE_LOOP('',(#13294,#13295,#13296,#13303));
#13294 = ORIENTED_EDGE('',*,*,#12728,.T.);
#13295 = ORIENTED_EDGE('',*,*,#3352,.F.);
#13296 = ORIENTED_EDGE('',*,*,#13297,.T.);
#13297 = EDGE_CURVE('',#3353,#3372,#13298,.T.);
#13298 = CIRCLE('',#13299,2.1);
#13299 = AXIS2_PLACEMENT_3D('',#13300,#13301,#13302);
#13300 = CARTESIAN_POINT('',(18.,0.,0.));
#13301 = DIRECTION('',(-1.,0.,-0.));
#13302 = DIRECTION('',(-0.,0.,1.));
#13303 = ORIENTED_EDGE('',*,*,#3371,.T.);
#13304 = CYLINDRICAL_SURFACE('',#13305,2.1);
#13305 = AXIS2_PLACEMENT_3D('',#13306,#13307,#13308);
#13306 = CARTESIAN_POINT('',(0.,0.,0.));
#13307 = DIRECTION('',(-1.,-0.,-0.));
#13308 = DIRECTION('',(-0.,0.,1.));
#13309 = ADVANCED_FACE('',(#13310),#13322,.F.);
#13310 = FACE_BOUND('',#13311,.F.);
#13311 = EDGE_LOOP('',(#13312,#13313,#13314,#13321));
#13312 = ORIENTED_EDGE('',*,*,#12748,.T.);
#13313 = ORIENTED_EDGE('',*,*,#3394,.F.);
#13314 = ORIENTED_EDGE('',*,*,#13315,.T.);
#13315 = EDGE_CURVE('',#3395,#3414,#13316,.T.);
#13316 = CIRCLE('',#13317,2.1);
#13317 = AXIS2_PLACEMENT_3D('',#13318,#13319,#13320);
#13318 = CARTESIAN_POINT('',(18.,20.,20.));
#13319 = DIRECTION('',(-1.,0.,0.));
#13320 = DIRECTION('',(0.,0.,1.));
#13321 = ORIENTED_EDGE('',*,*,#3413,.T.);
#13322 = CYLINDRICAL_SURFACE('',#13323,2.1);
#13323 = AXIS2_PLACEMENT_3D('',#13324,#13325,#13326);
#13324 = CARTESIAN_POINT('',(0.,20.,20.));
#13325 = DIRECTION('',(-1.,0.,0.));
#13326 = DIRECTION('',(0.,0.,1.));
#13327 = ADVANCED_FACE('',(#13328),#13334,.F.);
#13328 = FACE_BOUND('',#13329,.F.);
#13329 = EDGE_LOOP('',(#13330,#13331,#13332,#13333));
#13330 = ORIENTED_EDGE('',*,*,#13315,.F.);
#13331 = ORIENTED_EDGE('',*,*,#3436,.F.);
#13332 = ORIENTED_EDGE('',*,*,#12839,.F.);
#13333 = ORIENTED_EDGE('',*,*,#3443,.T.);
#13334 = CONICAL_SURFACE('',#13335,2.099999999853,1.029744258177);
#13335 = AXIS2_PLACEMENT_3D('',#13336,#13337,#13338);
#13336 = CARTESIAN_POINT('',(18.000000000029,20.,20.));
#13337 = DIRECTION('',(-1.,0.,0.));
#13338 = DIRECTION('',(0.,0.,1.));
#13339 = ADVANCED_FACE('',(#13340),#13346,.F.);
#13340 = FACE_BOUND('',#13341,.F.);
#13341 = EDGE_LOOP('',(#13342,#13343,#13344,#13345));
#13342 = ORIENTED_EDGE('',*,*,#13297,.F.);
#13343 = ORIENTED_EDGE('',*,*,#3458,.F.);
#13344 = ORIENTED_EDGE('',*,*,#13145,.F.);
#13345 = ORIENTED_EDGE('',*,*,#3465,.T.);
#13346 = CONICAL_SURFACE('',#13347,2.0999999997,1.029744258177);
#13347 = AXIS2_PLACEMENT_3D('',#13348,#13349,#13350);
#13348 = CARTESIAN_POINT('',(18.000000000086,0.,0.));
#13349 = DIRECTION('',(-1.,0.,0.));
#13350 = DIRECTION('',(0.,0.,1.));
#13351 = ADVANCED_FACE('',(#13352),#13363,.F.);
#13352 = FACE_BOUND('',#13353,.F.);
#13353 = EDGE_LOOP('',(#13354,#13355,#13362));
#13354 = ORIENTED_EDGE('',*,*,#8543,.T.);
#13355 = ORIENTED_EDGE('',*,*,#13356,.T.);
#13356 = EDGE_CURVE('',#8544,#1745,#13357,.T.);
#13357 = CIRCLE('',#13358,5.);
#13358 = AXIS2_PLACEMENT_3D('',#13359,#13360,#13361);
#13359 = CARTESIAN_POINT('',(145.,3.353E-14,-4.6));
#13360 = DIRECTION('',(-0.,1.7E-16,-1.));
#13361 = DIRECTION('',(0.,1.,1.7E-16));
#13362 = ORIENTED_EDGE('',*,*,#1744,.T.);
#13363 = CYLINDRICAL_SURFACE('',#13364,5.);
#13364 = AXIS2_PLACEMENT_3D('',#13365,#13366,#13367);
#13365 = CARTESIAN_POINT('',(145.,3.446E-14,-10.));
#13366 = DIRECTION('',(-0.,1.7E-16,-1.));
#13367 = DIRECTION('',(0.,1.,1.7E-16));
#13368 = ADVANCED_FACE('',(#13369),#13374,.F.);
#13369 = FACE_BOUND('',#13370,.T.);
#13370 = EDGE_LOOP('',(#13371,#13372,#13373));
#13371 = ORIENTED_EDGE('',*,*,#13356,.T.);
#13372 = ORIENTED_EDGE('',*,*,#1752,.T.);
#13373 = ORIENTED_EDGE('',*,*,#8552,.F.);
#13374 = PLANE('',#13375);
#13375 = AXIS2_PLACEMENT_3D('',#13376,#13377,#13378);
#13376 = CARTESIAN_POINT('',(147.65,3.353E-14,-4.6));
#13377 = DIRECTION('',(0.,-1.7E-16,1.));
#13378 = DIRECTION('',(0.,-1.,-1.7E-16));
#13379 = ADVANCED_FACE('',(#13380),#13388,.F.);
#13380 = FACE_BOUND('',#13381,.F.);
#13381 = EDGE_LOOP('',(#13382,#13383,#13384,#13385,#13386,#13387));
#13382 = ORIENTED_EDGE('',*,*,#3968,.F.);
#13383 = ORIENTED_EDGE('',*,*,#4507,.F.);
#13384 = ORIENTED_EDGE('',*,*,#4485,.T.);
#13385 = ORIENTED_EDGE('',*,*,#4427,.F.);
#13386 = ORIENTED_EDGE('',*,*,#11269,.T.);
#13387 = ORIENTED_EDGE('',*,*,#1710,.T.);
#13388 = CYLINDRICAL_SURFACE('',#13389,5.);
#13389 = AXIS2_PLACEMENT_3D('',#13390,#13391,#13392);
#13390 = CARTESIAN_POINT('',(145.,3.446E-14,-10.));
#13391 = DIRECTION('',(-0.,1.7E-16,-1.));
#13392 = DIRECTION('',(0.,1.,1.7E-16));
#13393 = ADVANCED_FACE('',(#13394,#13406),#13410,.F.);
#13394 = FACE_BOUND('',#13395,.F.);
#13395 = EDGE_LOOP('',(#13396,#13397,#13398,#13399,#13400,#13401,#13402,
    #13403,#13404,#13405));
#13396 = ORIENTED_EDGE('',*,*,#8617,.T.);
#13397 = ORIENTED_EDGE('',*,*,#11344,.T.);
#13398 = ORIENTED_EDGE('',*,*,#11297,.T.);
#13399 = ORIENTED_EDGE('',*,*,#8585,.T.);
#13400 = ORIENTED_EDGE('',*,*,#1597,.F.);
#13401 = ORIENTED_EDGE('',*,*,#9976,.T.);
#13402 = ORIENTED_EDGE('',*,*,#12338,.T.);
#13403 = ORIENTED_EDGE('',*,*,#12291,.T.);
#13404 = ORIENTED_EDGE('',*,*,#9944,.T.);
#13405 = ORIENTED_EDGE('',*,*,#1641,.T.);
#13406 = FACE_BOUND('',#13407,.F.);
#13407 = EDGE_LOOP('',(#13408,#13409));
#13408 = ORIENTED_EDGE('',*,*,#3016,.T.);
#13409 = ORIENTED_EDGE('',*,*,#13055,.T.);
#13410 = CYLINDRICAL_SURFACE('',#13411,2.65);
#13411 = AXIS2_PLACEMENT_3D('',#13412,#13413,#13414);
#13412 = CARTESIAN_POINT('',(145.,3.446E-14,-10.));
#13413 = DIRECTION('',(-0.,1.7E-16,-1.));
#13414 = DIRECTION('',(0.,1.,1.7E-16));
#13415 = ADVANCED_FACE('',(#13416),#13426,.F.);
#13416 = FACE_BOUND('',#13417,.F.);
#13417 = EDGE_LOOP('',(#13418,#13419));
#13418 = ORIENTED_EDGE('',*,*,#8648,.T.);
#13419 = ORIENTED_EDGE('',*,*,#13420,.T.);
#13420 = EDGE_CURVE('',#8651,#8649,#13421,.T.);
#13421 = CIRCLE('',#13422,5.);
#13422 = AXIS2_PLACEMENT_3D('',#13423,#13424,#13425);
#13423 = CARTESIAN_POINT('',(145.,3.353E-14,-4.6));
#13424 = DIRECTION('',(-0.,1.7E-16,-1.));
#13425 = DIRECTION('',(0.,1.,1.7E-16));
#13426 = CYLINDRICAL_SURFACE('',#13427,5.);
#13427 = AXIS2_PLACEMENT_3D('',#13428,#13429,#13430);
#13428 = CARTESIAN_POINT('',(145.,3.446E-14,-10.));
#13429 = DIRECTION('',(-0.,1.7E-16,-1.));
#13430 = DIRECTION('',(0.,1.,1.7E-16));
#13431 = ADVANCED_FACE('',(#13432),#13436,.F.);
#13432 = FACE_BOUND('',#13433,.T.);
#13433 = EDGE_LOOP('',(#13434,#13435));
#13434 = ORIENTED_EDGE('',*,*,#13420,.T.);
#13435 = ORIENTED_EDGE('',*,*,#8659,.F.);
#13436 = PLANE('',#13437);
#13437 = AXIS2_PLACEMENT_3D('',#13438,#13439,#13440);
#13438 = CARTESIAN_POINT('',(147.65,3.353E-14,-4.6));
#13439 = DIRECTION('',(0.,-1.7E-16,1.));
#13440 = DIRECTION('',(0.,-1.,-1.7E-16));
#13441 = ADVANCED_FACE('',(#13442),#13452,.F.);
#13442 = FACE_BOUND('',#13443,.F.);
#13443 = EDGE_LOOP('',(#13444,#13445,#13446,#13447,#13448,#13449,#13450,
    #13451));
#13444 = ORIENTED_EDGE('',*,*,#4396,.T.);
#13445 = ORIENTED_EDGE('',*,*,#11408,.F.);
#13446 = ORIENTED_EDGE('',*,*,#11369,.T.);
#13447 = ORIENTED_EDGE('',*,*,#4246,.F.);
#13448 = ORIENTED_EDGE('',*,*,#8702,.T.);
#13449 = ORIENTED_EDGE('',*,*,#4294,.F.);
#13450 = ORIENTED_EDGE('',*,*,#4338,.F.);
#13451 = ORIENTED_EDGE('',*,*,#11388,.F.);
#13452 = CYLINDRICAL_SURFACE('',#13453,5.);
#13453 = AXIS2_PLACEMENT_3D('',#13454,#13455,#13456);
#13454 = CARTESIAN_POINT('',(145.,3.446E-14,-10.));
#13455 = DIRECTION('',(-0.,1.7E-16,-1.));
#13456 = DIRECTION('',(0.,1.,1.7E-16));
#13457 = ADVANCED_FACE('',(#13458,#13470),#13474,.F.);
#13458 = FACE_BOUND('',#13459,.F.);
#13459 = EDGE_LOOP('',(#13460,#13461,#13462,#13463,#13464,#13465,#13466,
    #13467,#13468,#13469));
#13460 = ORIENTED_EDGE('',*,*,#9813,.F.);
#13461 = ORIENTED_EDGE('',*,*,#12265,.F.);
#13462 = ORIENTED_EDGE('',*,*,#12211,.F.);
#13463 = ORIENTED_EDGE('',*,*,#9798,.F.);
#13464 = ORIENTED_EDGE('',*,*,#1425,.F.);
#13465 = ORIENTED_EDGE('',*,*,#9466,.F.);
#13466 = ORIENTED_EDGE('',*,*,#11999,.F.);
#13467 = ORIENTED_EDGE('',*,*,#11945,.F.);
#13468 = ORIENTED_EDGE('',*,*,#9451,.F.);
#13469 = ORIENTED_EDGE('',*,*,#1469,.T.);
#13470 = FACE_BOUND('',#13471,.F.);
#13471 = EDGE_LOOP('',(#13472,#13473));
#13472 = ORIENTED_EDGE('',*,*,#3224,.T.);
#13473 = ORIENTED_EDGE('',*,*,#13207,.T.);
#13474 = CYLINDRICAL_SURFACE('',#13475,2.65);
#13475 = AXIS2_PLACEMENT_3D('',#13476,#13477,#13478);
#13476 = CARTESIAN_POINT('',(145.,3.446E-14,-10.));
#13477 = DIRECTION('',(-0.,1.7E-16,-1.));
#13478 = DIRECTION('',(0.,1.,1.7E-16));
#13479 = ADVANCED_FACE('',(#13480),#13488,.F.);
#13480 = FACE_BOUND('',#13481,.F.);
#13481 = EDGE_LOOP('',(#13482,#13483,#13484,#13485,#13486,#13487));
#13482 = ORIENTED_EDGE('',*,*,#8253,.F.);
#13483 = ORIENTED_EDGE('',*,*,#4211,.F.);
#13484 = ORIENTED_EDGE('',*,*,#4189,.T.);
#13485 = ORIENTED_EDGE('',*,*,#4090,.F.);
#13486 = ORIENTED_EDGE('',*,*,#11076,.T.);
#13487 = ORIENTED_EDGE('',*,*,#1297,.T.);
#13488 = CYLINDRICAL_SURFACE('',#13489,5.);
#13489 = AXIS2_PLACEMENT_3D('',#13490,#13491,#13492);
#13490 = CARTESIAN_POINT('',(145.,20.,-10.));
#13491 = DIRECTION('',(-0.,1.7E-16,-1.));
#13492 = DIRECTION('',(0.,1.,1.7E-16));
#13493 = ADVANCED_FACE('',(#13494,#13506),#13510,.F.);
#13494 = FACE_BOUND('',#13495,.F.);
#13495 = EDGE_LOOP('',(#13496,#13497,#13498,#13499,#13500,#13501,#13502,
    #13503,#13504,#13505));
#13496 = ORIENTED_EDGE('',*,*,#10399,.F.);
#13497 = ORIENTED_EDGE('',*,*,#12649,.F.);
#13498 = ORIENTED_EDGE('',*,*,#12595,.F.);
#13499 = ORIENTED_EDGE('',*,*,#10384,.F.);
#13500 = ORIENTED_EDGE('',*,*,#1184,.F.);
#13501 = ORIENTED_EDGE('',*,*,#7558,.F.);
#13502 = ORIENTED_EDGE('',*,*,#10728,.F.);
#13503 = ORIENTED_EDGE('',*,*,#10674,.F.);
#13504 = ORIENTED_EDGE('',*,*,#7543,.F.);
#13505 = ORIENTED_EDGE('',*,*,#1228,.T.);
#13506 = FACE_BOUND('',#13507,.F.);
#13507 = EDGE_LOOP('',(#13508,#13509));
#13508 = ORIENTED_EDGE('',*,*,#2748,.T.);
#13509 = ORIENTED_EDGE('',*,*,#12857,.T.);
#13510 = CYLINDRICAL_SURFACE('',#13511,2.65);
#13511 = AXIS2_PLACEMENT_3D('',#13512,#13513,#13514);
#13512 = CARTESIAN_POINT('',(145.,20.,-10.));
#13513 = DIRECTION('',(-0.,1.7E-16,-1.));
#13514 = DIRECTION('',(0.,1.,1.7E-16));
#13515 = ADVANCED_FACE('',(#13516),#13526,.F.);
#13516 = FACE_BOUND('',#13517,.F.);
#13517 = EDGE_LOOP('',(#13518,#13519,#13520,#13521,#13522,#13523,#13524,
    #13525));
#13518 = ORIENTED_EDGE('',*,*,#4148,.T.);
#13519 = ORIENTED_EDGE('',*,*,#11215,.F.);
#13520 = ORIENTED_EDGE('',*,*,#11176,.T.);
#13521 = ORIENTED_EDGE('',*,*,#4007,.F.);
#13522 = ORIENTED_EDGE('',*,*,#8481,.T.);
#13523 = ORIENTED_EDGE('',*,*,#4055,.F.);
#13524 = ORIENTED_EDGE('',*,*,#3934,.F.);
#13525 = ORIENTED_EDGE('',*,*,#11195,.F.);
#13526 = CYLINDRICAL_SURFACE('',#13527,5.);
#13527 = AXIS2_PLACEMENT_3D('',#13528,#13529,#13530);
#13528 = CARTESIAN_POINT('',(145.,20.,-10.));
#13529 = DIRECTION('',(-0.,1.7E-16,-1.));
#13530 = DIRECTION('',(0.,1.,1.7E-16));
#13531 = ADVANCED_FACE('',(#13532),#13543,.F.);
#13532 = FACE_BOUND('',#13533,.F.);
#13533 = EDGE_LOOP('',(#13534,#13535,#13542));
#13534 = ORIENTED_EDGE('',*,*,#8322,.T.);
#13535 = ORIENTED_EDGE('',*,*,#13536,.T.);
#13536 = EDGE_CURVE('',#8323,#1057,#13537,.T.);
#13537 = CIRCLE('',#13538,5.);
#13538 = AXIS2_PLACEMENT_3D('',#13539,#13540,#13541);
#13539 = CARTESIAN_POINT('',(145.,20.,-4.6));
#13540 = DIRECTION('',(-0.,1.7E-16,-1.));
#13541 = DIRECTION('',(0.,1.,1.7E-16));
#13542 = ORIENTED_EDGE('',*,*,#1056,.T.);
#13543 = CYLINDRICAL_SURFACE('',#13544,5.);
#13544 = AXIS2_PLACEMENT_3D('',#13545,#13546,#13547);
#13545 = CARTESIAN_POINT('',(145.,20.,-10.));
#13546 = DIRECTION('',(-0.,1.7E-16,-1.));
#13547 = DIRECTION('',(0.,1.,1.7E-16));
#13548 = ADVANCED_FACE('',(#13549),#13554,.F.);
#13549 = FACE_BOUND('',#13550,.T.);
#13550 = EDGE_LOOP('',(#13551,#13552,#13553));
#13551 = ORIENTED_EDGE('',*,*,#13536,.T.);
#13552 = ORIENTED_EDGE('',*,*,#1064,.T.);
#13553 = ORIENTED_EDGE('',*,*,#8331,.F.);
#13554 = PLANE('',#13555);
#13555 = AXIS2_PLACEMENT_3D('',#13556,#13557,#13558);
#13556 = CARTESIAN_POINT('',(147.65,20.,-4.6));
#13557 = DIRECTION('',(0.,-1.7E-16,1.));
#13558 = DIRECTION('',(0.,-1.,-1.7E-16));
#13559 = ADVANCED_FACE('',(#13560,#13572),#13576,.F.);
#13560 = FACE_BOUND('',#13561,.F.);
#13561 = EDGE_LOOP('',(#13562,#13563,#13564,#13565,#13566,#13567,#13568,
    #13569,#13570,#13571));
#13562 = ORIENTED_EDGE('',*,*,#8396,.T.);
#13563 = ORIENTED_EDGE('',*,*,#11151,.T.);
#13564 = ORIENTED_EDGE('',*,*,#11104,.T.);
#13565 = ORIENTED_EDGE('',*,*,#8364,.T.);
#13566 = ORIENTED_EDGE('',*,*,#978,.F.);
#13567 = ORIENTED_EDGE('',*,*,#10250,.T.);
#13568 = ORIENTED_EDGE('',*,*,#12578,.T.);
#13569 = ORIENTED_EDGE('',*,*,#12531,.T.);
#13570 = ORIENTED_EDGE('',*,*,#10213,.T.);
#13571 = ORIENTED_EDGE('',*,*,#1022,.T.);
#13572 = FACE_BOUND('',#13573,.F.);
#13573 = EDGE_LOOP('',(#13574,#13575));
#13574 = ORIENTED_EDGE('',*,*,#2956,.T.);
#13575 = ORIENTED_EDGE('',*,*,#13009,.T.);
#13576 = CYLINDRICAL_SURFACE('',#13577,2.65);
#13577 = AXIS2_PLACEMENT_3D('',#13578,#13579,#13580);
#13578 = CARTESIAN_POINT('',(145.,20.,-10.));
#13579 = DIRECTION('',(-0.,1.7E-16,-1.));
#13580 = DIRECTION('',(0.,1.,1.7E-16));
#13581 = ADVANCED_FACE('',(#13582),#13592,.F.);
#13582 = FACE_BOUND('',#13583,.T.);
#13583 = EDGE_LOOP('',(#13584,#13591));
#13584 = ORIENTED_EDGE('',*,*,#13585,.T.);
#13585 = EDGE_CURVE('',#8430,#8428,#13586,.T.);
#13586 = CIRCLE('',#13587,5.);
#13587 = AXIS2_PLACEMENT_3D('',#13588,#13589,#13590);
#13588 = CARTESIAN_POINT('',(145.,20.,-4.6));
#13589 = DIRECTION('',(-0.,1.7E-16,-1.));
#13590 = DIRECTION('',(0.,1.,1.7E-16));
#13591 = ORIENTED_EDGE('',*,*,#8438,.F.);
#13592 = PLANE('',#13593);
#13593 = AXIS2_PLACEMENT_3D('',#13594,#13595,#13596);
#13594 = CARTESIAN_POINT('',(147.65,20.,-4.6));
#13595 = DIRECTION('',(0.,-1.7E-16,1.));
#13596 = DIRECTION('',(0.,-1.,-1.7E-16));
#13597 = ADVANCED_FACE('',(#13598),#13602,.F.);
#13598 = FACE_BOUND('',#13599,.F.);
#13599 = EDGE_LOOP('',(#13600,#13601));
#13600 = ORIENTED_EDGE('',*,*,#8427,.T.);
#13601 = ORIENTED_EDGE('',*,*,#13585,.T.);
#13602 = CYLINDRICAL_SURFACE('',#13603,5.);
#13603 = AXIS2_PLACEMENT_3D('',#13604,#13605,#13606);
#13604 = CARTESIAN_POINT('',(145.,20.,-10.));
#13605 = DIRECTION('',(-0.,1.7E-16,-1.));
#13606 = DIRECTION('',(0.,1.,1.7E-16));
#13607 = ADVANCED_FACE('',(#13608),#13614,.F.);
#13608 = FACE_BOUND('',#13609,.F.);
#13609 = EDGE_LOOP('',(#13610,#13611,#13612,#13613));
#13610 = ORIENTED_EDGE('',*,*,#7725,.F.);
#13611 = ORIENTED_EDGE('',*,*,#7753,.F.);
#13612 = ORIENTED_EDGE('',*,*,#7789,.F.);
#13613 = ORIENTED_EDGE('',*,*,#850,.T.);
#13614 = CYLINDRICAL_SURFACE('',#13615,5.);
#13615 = AXIS2_PLACEMENT_3D('',#13616,#13617,#13618);
#13616 = CARTESIAN_POINT('',(155.,30.,20.));
#13617 = DIRECTION('',(-0.,1.,1.7E-16));
#13618 = DIRECTION('',(0.,-1.7E-16,1.));
#13619 = ADVANCED_FACE('',(#13620,#13632),#13636,.F.);
#13620 = FACE_BOUND('',#13621,.F.);
#13621 = EDGE_LOOP('',(#13622,#13623,#13624,#13625,#13626,#13627,#13628,
    #13629,#13630,#13631));
#13622 = ORIENTED_EDGE('',*,*,#7889,.F.);
#13623 = ORIENTED_EDGE('',*,*,#10836,.F.);
#13624 = ORIENTED_EDGE('',*,*,#10782,.F.);
#13625 = ORIENTED_EDGE('',*,*,#7874,.F.);
#13626 = ORIENTED_EDGE('',*,*,#763,.F.);
#13627 = ORIENTED_EDGE('',*,*,#9615,.F.);
#13628 = ORIENTED_EDGE('',*,*,#12109,.F.);
#13629 = ORIENTED_EDGE('',*,*,#12043,.F.);
#13630 = ORIENTED_EDGE('',*,*,#9600,.F.);
#13631 = ORIENTED_EDGE('',*,*,#807,.T.);
#13632 = FACE_BOUND('',#13633,.F.);
#13633 = EDGE_LOOP('',(#13634,#13635));
#13634 = ORIENTED_EDGE('',*,*,#2808,.T.);
#13635 = ORIENTED_EDGE('',*,*,#12903,.T.);
#13636 = CYLINDRICAL_SURFACE('',#13637,2.65);
#13637 = AXIS2_PLACEMENT_3D('',#13638,#13639,#13640);
#13638 = CARTESIAN_POINT('',(155.,30.,20.));
#13639 = DIRECTION('',(-0.,1.,1.7E-16));
#13640 = DIRECTION('',(0.,-1.7E-16,1.));
#13641 = ADVANCED_FACE('',(#13642),#13653,.F.);
#13642 = FACE_BOUND('',#13643,.F.);
#13643 = EDGE_LOOP('',(#13644,#13645,#13652));
#13644 = ORIENTED_EDGE('',*,*,#7830,.F.);
#13645 = ORIENTED_EDGE('',*,*,#13646,.T.);
#13646 = EDGE_CURVE('',#7822,#640,#13647,.T.);
#13647 = CIRCLE('',#13648,5.);
#13648 = AXIS2_PLACEMENT_3D('',#13649,#13650,#13651);
#13649 = CARTESIAN_POINT('',(155.,24.6,20.));
#13650 = DIRECTION('',(-0.,1.,1.7E-16));
#13651 = DIRECTION('',(0.,-1.7E-16,1.));
#13652 = ORIENTED_EDGE('',*,*,#639,.T.);
#13653 = CYLINDRICAL_SURFACE('',#13654,5.);
#13654 = AXIS2_PLACEMENT_3D('',#13655,#13656,#13657);
#13655 = CARTESIAN_POINT('',(155.,30.,20.));
#13656 = DIRECTION('',(-0.,1.,1.7E-16));
#13657 = DIRECTION('',(0.,-1.7E-16,1.));
#13658 = ADVANCED_FACE('',(#13659),#13664,.F.);
#13659 = FACE_BOUND('',#13660,.T.);
#13660 = EDGE_LOOP('',(#13661,#13662,#13663));
#13661 = ORIENTED_EDGE('',*,*,#7821,.T.);
#13662 = ORIENTED_EDGE('',*,*,#13646,.T.);
#13663 = ORIENTED_EDGE('',*,*,#647,.T.);
#13664 = PLANE('',#13665);
#13665 = AXIS2_PLACEMENT_3D('',#13666,#13667,#13668);
#13666 = CARTESIAN_POINT('',(157.65,24.6,20.));
#13667 = DIRECTION('',(0.,-1.,-1.7E-16));
#13668 = DIRECTION('',(0.,1.7E-16,-1.));
#13669 = ADVANCED_FACE('',(#13670),#13680,.F.);
#13670 = FACE_BOUND('',#13671,.T.);
#13671 = EDGE_LOOP('',(#13672,#13673));
#13672 = ORIENTED_EDGE('',*,*,#7938,.T.);
#13673 = ORIENTED_EDGE('',*,*,#13674,.T.);
#13674 = EDGE_CURVE('',#7928,#7930,#13675,.T.);
#13675 = CIRCLE('',#13676,5.);
#13676 = AXIS2_PLACEMENT_3D('',#13677,#13678,#13679);
#13677 = CARTESIAN_POINT('',(155.,24.6,20.));
#13678 = DIRECTION('',(-0.,1.,1.7E-16));
#13679 = DIRECTION('',(0.,-1.7E-16,1.));
#13680 = PLANE('',#13681);
#13681 = AXIS2_PLACEMENT_3D('',#13682,#13683,#13684);
#13682 = CARTESIAN_POINT('',(157.65,24.6,20.));
#13683 = DIRECTION('',(0.,-1.,-1.7E-16));
#13684 = DIRECTION('',(0.,1.7E-16,-1.));
#13685 = ADVANCED_FACE('',(#13686),#13690,.F.);
#13686 = FACE_BOUND('',#13687,.F.);
#13687 = EDGE_LOOP('',(#13688,#13689));
#13688 = ORIENTED_EDGE('',*,*,#13674,.T.);
#13689 = ORIENTED_EDGE('',*,*,#7927,.F.);
#13690 = CYLINDRICAL_SURFACE('',#13691,5.);
#13691 = AXIS2_PLACEMENT_3D('',#13692,#13693,#13694);
#13692 = CARTESIAN_POINT('',(155.,30.,20.));
#13693 = DIRECTION('',(-0.,1.,1.7E-16));
#13694 = DIRECTION('',(0.,-1.7E-16,1.));
#13695 = ADVANCED_FACE('',(#13696),#13702,.F.);
#13696 = FACE_BOUND('',#13697,.F.);
#13697 = EDGE_LOOP('',(#13698,#13699,#13700,#13701));
#13698 = ORIENTED_EDGE('',*,*,#3559,.F.);
#13699 = ORIENTED_EDGE('',*,*,#8007,.F.);
#13700 = ORIENTED_EDGE('',*,*,#7980,.F.);
#13701 = ORIENTED_EDGE('',*,*,#3871,.F.);
#13702 = CYLINDRICAL_SURFACE('',#13703,5.);
#13703 = AXIS2_PLACEMENT_3D('',#13704,#13705,#13706);
#13704 = CARTESIAN_POINT('',(155.,30.,20.));
#13705 = DIRECTION('',(-0.,1.,1.7E-16));
#13706 = DIRECTION('',(0.,-1.7E-16,1.));
#13707 = ADVANCED_FACE('',(#13708,#13720),#13724,.F.);
#13708 = FACE_BOUND('',#13709,.F.);
#13709 = EDGE_LOOP('',(#13710,#13711,#13712,#13713,#13714,#13715,#13716,
    #13717,#13718,#13719));
#13710 = ORIENTED_EDGE('',*,*,#9737,.F.);
#13711 = ORIENTED_EDGE('',*,*,#12193,.F.);
#13712 = ORIENTED_EDGE('',*,*,#12127,.F.);
#13713 = ORIENTED_EDGE('',*,*,#9722,.F.);
#13714 = ORIENTED_EDGE('',*,*,#561,.F.);
#13715 = ORIENTED_EDGE('',*,*,#9137,.F.);
#13716 = ORIENTED_EDGE('',*,*,#11855,.F.);
#13717 = ORIENTED_EDGE('',*,*,#11801,.F.);
#13718 = ORIENTED_EDGE('',*,*,#9122,.F.);
#13719 = ORIENTED_EDGE('',*,*,#605,.T.);
#13720 = FACE_BOUND('',#13721,.F.);
#13721 = EDGE_LOOP('',(#13722,#13723));
#13722 = ORIENTED_EDGE('',*,*,#3166,.T.);
#13723 = ORIENTED_EDGE('',*,*,#13163,.T.);
#13724 = CYLINDRICAL_SURFACE('',#13725,2.65);
#13725 = AXIS2_PLACEMENT_3D('',#13726,#13727,#13728);
#13726 = CARTESIAN_POINT('',(155.,30.,20.));
#13727 = DIRECTION('',(-0.,1.,1.7E-16));
#13728 = DIRECTION('',(0.,-1.7E-16,1.));
#13729 = ADVANCED_FACE('',(#13730),#13738,.F.);
#13730 = FACE_BOUND('',#13731,.F.);
#13731 = EDGE_LOOP('',(#13732,#13733,#13734,#13735,#13736,#13737));
#13732 = ORIENTED_EDGE('',*,*,#3526,.F.);
#13733 = ORIENTED_EDGE('',*,*,#3806,.F.);
#13734 = ORIENTED_EDGE('',*,*,#3775,.T.);
#13735 = ORIENTED_EDGE('',*,*,#3832,.F.);
#13736 = ORIENTED_EDGE('',*,*,#10884,.T.);
#13737 = ORIENTED_EDGE('',*,*,#437,.T.);
#13738 = CYLINDRICAL_SURFACE('',#13739,5.);
#13739 = AXIS2_PLACEMENT_3D('',#13740,#13741,#13742);
#13740 = CARTESIAN_POINT('',(135.,30.,-2.294E-14));
#13741 = DIRECTION('',(-0.,1.,1.7E-16));
#13742 = DIRECTION('',(0.,-1.7E-16,1.));
#13743 = ADVANCED_FACE('',(#13744),#13755,.F.);
#13744 = FACE_BOUND('',#13745,.T.);
#13745 = EDGE_LOOP('',(#13746,#13753,#13754));
#13746 = ORIENTED_EDGE('',*,*,#13747,.T.);
#13747 = EDGE_CURVE('',#8070,#369,#13748,.T.);
#13748 = CIRCLE('',#13749,5.);
#13749 = AXIS2_PLACEMENT_3D('',#13750,#13751,#13752);
#13750 = CARTESIAN_POINT('',(135.,24.6,-2.387E-14));
#13751 = DIRECTION('',(-0.,1.,1.7E-16));
#13752 = DIRECTION('',(0.,-1.7E-16,1.));
#13753 = ORIENTED_EDGE('',*,*,#376,.T.);
#13754 = ORIENTED_EDGE('',*,*,#8069,.F.);
#13755 = PLANE('',#13756);
#13756 = AXIS2_PLACEMENT_3D('',#13757,#13758,#13759);
#13757 = CARTESIAN_POINT('',(137.65,24.6,-2.387E-14));
#13758 = DIRECTION('',(0.,-1.,-1.7E-16));
#13759 = DIRECTION('',(0.,1.7E-16,-1.));
#13760 = ADVANCED_FACE('',(#13761),#13766,.F.);
#13761 = FACE_BOUND('',#13762,.F.);
#13762 = EDGE_LOOP('',(#13763,#13764,#13765));
#13763 = ORIENTED_EDGE('',*,*,#8078,.T.);
#13764 = ORIENTED_EDGE('',*,*,#13747,.T.);
#13765 = ORIENTED_EDGE('',*,*,#368,.T.);
#13766 = CYLINDRICAL_SURFACE('',#13767,5.);
#13767 = AXIS2_PLACEMENT_3D('',#13768,#13769,#13770);
#13768 = CARTESIAN_POINT('',(135.,30.,-2.294E-14));
#13769 = DIRECTION('',(-0.,1.,1.7E-16));
#13770 = DIRECTION('',(0.,-1.7E-16,1.));
#13771 = ADVANCED_FACE('',(#13772,#13784),#13788,.F.);
#13772 = FACE_BOUND('',#13773,.F.);
#13773 = EDGE_LOOP('',(#13774,#13775,#13776,#13777,#13778,#13779,#13780,
    #13781,#13782,#13783));
#13774 = ORIENTED_EDGE('',*,*,#8144,.T.);
#13775 = ORIENTED_EDGE('',*,*,#10959,.T.);
#13776 = ORIENTED_EDGE('',*,*,#10912,.T.);
#13777 = ORIENTED_EDGE('',*,*,#8112,.T.);
#13778 = ORIENTED_EDGE('',*,*,#290,.F.);
#13779 = ORIENTED_EDGE('',*,*,#10174,.T.);
#13780 = ORIENTED_EDGE('',*,*,#12494,.T.);
#13781 = ORIENTED_EDGE('',*,*,#12447,.T.);
#13782 = ORIENTED_EDGE('',*,*,#10142,.T.);
#13783 = ORIENTED_EDGE('',*,*,#334,.T.);
#13784 = FACE_BOUND('',#13785,.F.);
#13785 = EDGE_LOOP('',(#13786,#13787));
#13786 = ORIENTED_EDGE('',*,*,#2866,.T.);
#13787 = ORIENTED_EDGE('',*,*,#12947,.T.);
#13788 = CYLINDRICAL_SURFACE('',#13789,2.65);
#13789 = AXIS2_PLACEMENT_3D('',#13790,#13791,#13792);
#13790 = CARTESIAN_POINT('',(135.,30.,-2.294E-14));
#13791 = DIRECTION('',(-0.,1.,1.7E-16));
#13792 = DIRECTION('',(0.,-1.7E-16,1.));
#13793 = ADVANCED_FACE('',(#13794),#13804,.F.);
#13794 = FACE_BOUND('',#13795,.F.);
#13795 = EDGE_LOOP('',(#13796,#13797));
#13796 = ORIENTED_EDGE('',*,*,#8175,.T.);
#13797 = ORIENTED_EDGE('',*,*,#13798,.T.);
#13798 = EDGE_CURVE('',#8178,#8176,#13799,.T.);
#13799 = CIRCLE('',#13800,5.);
#13800 = AXIS2_PLACEMENT_3D('',#13801,#13802,#13803);
#13801 = CARTESIAN_POINT('',(135.,24.6,-2.387E-14));
#13802 = DIRECTION('',(-0.,1.,1.7E-16));
#13803 = DIRECTION('',(0.,-1.7E-16,1.));
#13804 = CYLINDRICAL_SURFACE('',#13805,5.);
#13805 = AXIS2_PLACEMENT_3D('',#13806,#13807,#13808);
#13806 = CARTESIAN_POINT('',(135.,30.,-2.294E-14));
#13807 = DIRECTION('',(-0.,1.,1.7E-16));
#13808 = DIRECTION('',(0.,-1.7E-16,1.));
#13809 = ADVANCED_FACE('',(#13810),#13814,.F.);
#13810 = FACE_BOUND('',#13811,.T.);
#13811 = EDGE_LOOP('',(#13812,#13813));
#13812 = ORIENTED_EDGE('',*,*,#13798,.T.);
#13813 = ORIENTED_EDGE('',*,*,#8186,.F.);
#13814 = PLANE('',#13815);
#13815 = AXIS2_PLACEMENT_3D('',#13816,#13817,#13818);
#13816 = CARTESIAN_POINT('',(137.65,24.6,-2.387E-14));
#13817 = DIRECTION('',(0.,-1.,-1.7E-16));
#13818 = DIRECTION('',(0.,1.7E-16,-1.));
#13819 = ADVANCED_FACE('',(#13820),#13832,.F.);
#13820 = FACE_BOUND('',#13821,.F.);
#13821 = EDGE_LOOP('',(#13822,#13823,#13824,#13825,#13826,#13827,#13828,
    #13829,#13830,#13831));
#13822 = ORIENTED_EDGE('',*,*,#3734,.T.);
#13823 = ORIENTED_EDGE('',*,*,#10999,.F.);
#13824 = ORIENTED_EDGE('',*,*,#2250,.F.);
#13825 = ORIENTED_EDGE('',*,*,#10977,.T.);
#13826 = ORIENTED_EDGE('',*,*,#3480,.F.);
#13827 = ORIENTED_EDGE('',*,*,#3657,.F.);
#13828 = ORIENTED_EDGE('',*,*,#8229,.T.);
#13829 = ORIENTED_EDGE('',*,*,#3689,.F.);
#13830 = ORIENTED_EDGE('',*,*,#3599,.F.);
#13831 = ORIENTED_EDGE('',*,*,#11014,.F.);
#13832 = CYLINDRICAL_SURFACE('',#13833,5.);
#13833 = AXIS2_PLACEMENT_3D('',#13834,#13835,#13836);
#13834 = CARTESIAN_POINT('',(135.,30.,-2.294E-14));
#13835 = DIRECTION('',(-0.,1.,1.7E-16));
#13836 = DIRECTION('',(0.,-1.7E-16,1.));
#13837 = ADVANCED_FACE('',(#13838,#13850),#13854,.F.);
#13838 = FACE_BOUND('',#13839,.F.);
#13839 = EDGE_LOOP('',(#13840,#13841,#13842,#13843,#13844,#13845,#13846,
    #13847,#13848,#13849));
#13840 = ORIENTED_EDGE('',*,*,#10052,.T.);
#13841 = ORIENTED_EDGE('',*,*,#12422,.T.);
#13842 = ORIENTED_EDGE('',*,*,#12375,.T.);
#13843 = ORIENTED_EDGE('',*,*,#10015,.T.);
#13844 = ORIENTED_EDGE('',*,*,#122,.F.);
#13845 = ORIENTED_EDGE('',*,*,#8855,.T.);
#13846 = ORIENTED_EDGE('',*,*,#11615,.T.);
#13847 = ORIENTED_EDGE('',*,*,#11568,.T.);
#13848 = ORIENTED_EDGE('',*,*,#8823,.T.);
#13849 = ORIENTED_EDGE('',*,*,#166,.T.);
#13850 = FACE_BOUND('',#13851,.F.);
#13851 = EDGE_LOOP('',(#13852,#13853));
#13852 = ORIENTED_EDGE('',*,*,#3076,.T.);
#13853 = ORIENTED_EDGE('',*,*,#13101,.T.);
#13854 = CYLINDRICAL_SURFACE('',#13855,2.65);
#13855 = AXIS2_PLACEMENT_3D('',#13856,#13857,#13858);
#13856 = CARTESIAN_POINT('',(135.,30.,-2.294E-14));
#13857 = DIRECTION('',(-0.,1.,1.7E-16));
#13858 = DIRECTION('',(0.,-1.7E-16,1.));
#13859 = ( GEOMETRIC_REPRESENTATION_CONTEXT(3) 
GLOBAL_UNCERTAINTY_ASSIGNED_CONTEXT((#13863)) 
GLOBAL_UNIT_ASSIGNED_CONTEXT((#13860,#13861,#13862)) 
REPRESENTATION_CONTEXT('Context #1',
  '3D Context with UNIT and UNCERTAINTY') );
#13860 = ( LENGTH_UNIT() NAMED_UNIT(*) SI_UNIT(.MILLI.,.METRE.) );
#13861 = ( NAMED_UNIT(*) PLANE_ANGLE_UNIT() SI_UNIT($,.RADIAN.) );
#13862 = ( NAMED_UNIT(*) SI_UNIT($,.STERADIAN.) SOLID_ANGLE_UNIT() );
#13863 = UNCERTAINTY_MEASURE_WITH_UNIT(LENGTH_MEASURE(2.E-05),#13860,
  'distance_accuracy_value','confusion accuracy');
#13864 = PRODUCT_RELATED_PRODUCT_CATEGORY('part',$,(#7));
#13865 = MECHANICAL_DESIGN_GEOMETRIC_PRESENTATION_REPRESENTATION('',(
    #13866,#13877,#13885,#13892,#13899,#13906,#13914,#13921,#13928,
    #13935,#13942,#13949,#13956,#13963,#13970,#13977,#13984,#13991,
    #13998,#14005,#14012,#14019,#14026,#14033,#14040,#14047,#14054,
    #14061,#14068,#14075,#14082,#14089,#14096,#14103,#14110,#14117,
    #14124,#14131,#14138,#14145,#14152,#14159,#14166,#14173,#14180,
    #14187,#14194,#14201,#14208,#14215,#14222,#14229,#14236,#14243,
    #14250,#14257,#14264,#14271,#14278,#14285,#14292,#14299,#14306,
    #14313,#14320,#14327,#14334,#14341,#14348,#14355,#14362,#14369,
    #14376,#14383,#14390,#14397,#14404,#14411,#14418,#14425,#14432,
    #14439,#14446,#14453,#14460,#14467,#14474,#14481,#14488,#14495,
    #14502,#14509,#14516,#14523,#14530,#14537,#14544,#14551,#14558,
    #14565,#14572,#14579,#14586,#14593,#14600,#14607,#14614,#14621,
    #14628,#14635,#14642,#14649,#14656,#14663,#14670,#14677,#14684,
    #14691,#14698,#14705,#14712,#14719,#14726,#14733,#14740,#14747,
    #14754,#14761,#14768,#14775,#14782,#14789,#14796,#14803,#14810,
    #14817,#14824,#14831,#14838,#14845,#14852,#14859,#14866,#14873,
    #14880,#14887,#14894,#14901,#14908,#14915,#14922,#14929,#14936,
    #14943,#14950,#14957,#14964,#14971,#14978,#14985,#14992,#14999,
    #15006,#15013,#15020,#15027,#15034,#15041,#15048,#15055,#15062,
    #15069,#15076,#15083,#15090,#15097,#15104,#15111,#15118,#15125,
    #15132,#15139,#15146,#15153,#15160,#15167,#15174,#15181,#15188,
    #15195,#15202,#15209,#15216,#15223,#15230,#15237,#15244,#15251,
    #15258,#15265,#15272,#15279,#15286,#15293,#15300,#15307,#15314,
    #15321,#15328,#15335,#15342,#15349,#15356,#15363,#15370,#15377,
    #15384,#15391,#15398,#15405,#15412,#15419,#15426,#15433,#15440,
    #15447,#15454,#15461,#15468,#15475,#15482,#15489,#15496,#15503,
    #15510,#15517,#15524,#15531,#15538,#15545,#15552,#15559,#15566,
    #15573,#15580,#15587,#15594,#15601,#15608,#15615,#15622,#15629,
    #15636,#15643,#15650,#15657,#15664,#15671,#15678,#15685,#15692,
    #15699,#15706,#15713,#15720,#15727,#15734,#15741,#15748,#15755,
    #15762,#15769,#15776,#15783,#15790,#15797,#15804,#15811,#15818,
    #15825,#15832,#15839,#15846,#15853,#15860,#15867,#15874,#15881,
    #15888,#15895,#15902,#15909,#15916,#15923,#15930,#15937,#15944,
    #15951,#15958,#15965,#15972,#15979,#15986,#15993,#16000,#16007,
    #16014,#16021,#16028,#16035,#16042,#16049,#16056,#16063,#16070,
    #16077,#16084,#16091,#16098,#16105,#16112,#16119,#16126,#16133,
    #16140,#16147,#16154,#16161,#16168,#16175,#16182,#16189,#16196,
    #16203,#16210,#16217,#16224,#16231,#16238,#16245,#16252,#16259,
    #16266),#13859);
#13866 = STYLED_ITEM('color',(#13867),#15);
#13867 = PRESENTATION_STYLE_ASSIGNMENT((#13868,#13874));
#13868 = SURFACE_STYLE_USAGE(.BOTH.,#13869);
#13869 = SURFACE_SIDE_STYLE('',(#13870));
#13870 = SURFACE_STYLE_FILL_AREA(#13871);
#13871 = FILL_AREA_STYLE('',(#13872));
#13872 = FILL_AREA_STYLE_COLOUR('',#13873);
#13873 = COLOUR_RGB('',0.792156867455,0.819607860991,0.933333342953);
#13874 = CURVE_STYLE('',#13875,POSITIVE_LENGTH_MEASURE(0.1),#13876);
#13875 = DRAUGHTING_PRE_DEFINED_CURVE_FONT('continuous');
#13876 = COLOUR_RGB('',9.803921802644E-02,9.803921802644E-02,
  9.803921802644E-02);
#13877 = OVER_RIDING_STYLED_ITEM('overriding color',(#13878),#1763,
  #13866);
#13878 = PRESENTATION_STYLE_ASSIGNMENT((#13879));
#13879 = SURFACE_STYLE_USAGE(.BOTH.,#13880);
#13880 = SURFACE_SIDE_STYLE('',(#13881));
#13881 = SURFACE_STYLE_FILL_AREA(#13882);
#13882 = FILL_AREA_STYLE('',(#13883));
#13883 = FILL_AREA_STYLE_COLOUR('',#13884);
#13884 = COLOUR_RGB('',0.666666687201,0.698039232327,0.768627468855);
#13885 = OVER_RIDING_STYLED_ITEM('overriding color',(#13886),#1805,
  #13866);
#13886 = PRESENTATION_STYLE_ASSIGNMENT((#13887));
#13887 = SURFACE_STYLE_USAGE(.BOTH.,#13888);
#13888 = SURFACE_SIDE_STYLE('',(#13889));
#13889 = SURFACE_STYLE_FILL_AREA(#13890);
#13890 = FILL_AREA_STYLE('',(#13891));
#13891 = FILL_AREA_STYLE_COLOUR('',#13884);
#13892 = OVER_RIDING_STYLED_ITEM('overriding color',(#13893),#1847,
  #13866);
#13893 = PRESENTATION_STYLE_ASSIGNMENT((#13894));
#13894 = SURFACE_STYLE_USAGE(.BOTH.,#13895);
#13895 = SURFACE_SIDE_STYLE('',(#13896));
#13896 = SURFACE_STYLE_FILL_AREA(#13897);
#13897 = FILL_AREA_STYLE('',(#13898));
#13898 = FILL_AREA_STYLE_COLOUR('',#13884);
#13899 = OVER_RIDING_STYLED_ITEM('overriding color',(#13900),#1889,
  #13866);
#13900 = PRESENTATION_STYLE_ASSIGNMENT((#13901));
#13901 = SURFACE_STYLE_USAGE(.BOTH.,#13902);
#13902 = SURFACE_SIDE_STYLE('',(#13903));
#13903 = SURFACE_STYLE_FILL_AREA(#13904);
#13904 = FILL_AREA_STYLE('',(#13905));
#13905 = FILL_AREA_STYLE_COLOUR('',#13884);
#13906 = OVER_RIDING_STYLED_ITEM('overriding color',(#13907),#1931,
  #13866);
#13907 = PRESENTATION_STYLE_ASSIGNMENT((#13908));
#13908 = SURFACE_STYLE_USAGE(.BOTH.,#13909);
#13909 = SURFACE_SIDE_STYLE('',(#13910));
#13910 = SURFACE_STYLE_FILL_AREA(#13911);
#13911 = FILL_AREA_STYLE('',(#13912));
#13912 = FILL_AREA_STYLE_COLOUR('',#13913);
#13913 = COLOUR_RGB('',0.250980406631,0.250980406631,0.250980406631);
#13914 = OVER_RIDING_STYLED_ITEM('overriding color',(#13915),#1973,
  #13866);
#13915 = PRESENTATION_STYLE_ASSIGNMENT((#13916));
#13916 = SURFACE_STYLE_USAGE(.BOTH.,#13917);
#13917 = SURFACE_SIDE_STYLE('',(#13918));
#13918 = SURFACE_STYLE_FILL_AREA(#13919);
#13919 = FILL_AREA_STYLE('',(#13920));
#13920 = FILL_AREA_STYLE_COLOUR('',#13884);
#13921 = OVER_RIDING_STYLED_ITEM('overriding color',(#13922),#2015,
  #13866);
#13922 = PRESENTATION_STYLE_ASSIGNMENT((#13923));
#13923 = SURFACE_STYLE_USAGE(.BOTH.,#13924);
#13924 = SURFACE_SIDE_STYLE('',(#13925));
#13925 = SURFACE_STYLE_FILL_AREA(#13926);
#13926 = FILL_AREA_STYLE('',(#13927));
#13927 = FILL_AREA_STYLE_COLOUR('',#13884);
#13928 = OVER_RIDING_STYLED_ITEM('overriding color',(#13929),#2057,
  #13866);
#13929 = PRESENTATION_STYLE_ASSIGNMENT((#13930));
#13930 = SURFACE_STYLE_USAGE(.BOTH.,#13931);
#13931 = SURFACE_SIDE_STYLE('',(#13932));
#13932 = SURFACE_STYLE_FILL_AREA(#13933);
#13933 = FILL_AREA_STYLE('',(#13934));
#13934 = FILL_AREA_STYLE_COLOUR('',#13884);
#13935 = OVER_RIDING_STYLED_ITEM('overriding color',(#13936),#2099,
  #13866);
#13936 = PRESENTATION_STYLE_ASSIGNMENT((#13937));
#13937 = SURFACE_STYLE_USAGE(.BOTH.,#13938);
#13938 = SURFACE_SIDE_STYLE('',(#13939));
#13939 = SURFACE_STYLE_FILL_AREA(#13940);
#13940 = FILL_AREA_STYLE('',(#13941));
#13941 = FILL_AREA_STYLE_COLOUR('',#13913);
#13942 = OVER_RIDING_STYLED_ITEM('overriding color',(#13943),#2131,
  #13866);
#13943 = PRESENTATION_STYLE_ASSIGNMENT((#13944));
#13944 = SURFACE_STYLE_USAGE(.BOTH.,#13945);
#13945 = SURFACE_SIDE_STYLE('',(#13946));
#13946 = SURFACE_STYLE_FILL_AREA(#13947);
#13947 = FILL_AREA_STYLE('',(#13948));
#13948 = FILL_AREA_STYLE_COLOUR('',#13913);
#13949 = OVER_RIDING_STYLED_ITEM('overriding color',(#13950),#2163,
  #13866);
#13950 = PRESENTATION_STYLE_ASSIGNMENT((#13951));
#13951 = SURFACE_STYLE_USAGE(.BOTH.,#13952);
#13952 = SURFACE_SIDE_STYLE('',(#13953));
#13953 = SURFACE_STYLE_FILL_AREA(#13954);
#13954 = FILL_AREA_STYLE('',(#13955));
#13955 = FILL_AREA_STYLE_COLOUR('',#13913);
#13956 = OVER_RIDING_STYLED_ITEM('overriding color',(#13957),#2195,
  #13866);
#13957 = PRESENTATION_STYLE_ASSIGNMENT((#13958));
#13958 = SURFACE_STYLE_USAGE(.BOTH.,#13959);
#13959 = SURFACE_SIDE_STYLE('',(#13960));
#13960 = SURFACE_STYLE_FILL_AREA(#13961);
#13961 = FILL_AREA_STYLE('',(#13962));
#13962 = FILL_AREA_STYLE_COLOUR('',#13913);
#13963 = OVER_RIDING_STYLED_ITEM('overriding color',(#13964),#2227,
  #13866);
#13964 = PRESENTATION_STYLE_ASSIGNMENT((#13965));
#13965 = SURFACE_STYLE_USAGE(.BOTH.,#13966);
#13966 = SURFACE_SIDE_STYLE('',(#13967));
#13967 = SURFACE_STYLE_FILL_AREA(#13968);
#13968 = FILL_AREA_STYLE('',(#13969));
#13969 = FILL_AREA_STYLE_COLOUR('',#13913);
#13970 = OVER_RIDING_STYLED_ITEM('overriding color',(#13971),#2271,
  #13866);
#13971 = PRESENTATION_STYLE_ASSIGNMENT((#13972));
#13972 = SURFACE_STYLE_USAGE(.BOTH.,#13973);
#13973 = SURFACE_SIDE_STYLE('',(#13974));
#13974 = SURFACE_STYLE_FILL_AREA(#13975);
#13975 = FILL_AREA_STYLE('',(#13976));
#13976 = FILL_AREA_STYLE_COLOUR('',#13913);
#13977 = OVER_RIDING_STYLED_ITEM('overriding color',(#13978),#2313,
  #13866);
#13978 = PRESENTATION_STYLE_ASSIGNMENT((#13979));
#13979 = SURFACE_STYLE_USAGE(.BOTH.,#13980);
#13980 = SURFACE_SIDE_STYLE('',(#13981));
#13981 = SURFACE_STYLE_FILL_AREA(#13982);
#13982 = FILL_AREA_STYLE('',(#13983));
#13983 = FILL_AREA_STYLE_COLOUR('',#13884);
#13984 = OVER_RIDING_STYLED_ITEM('overriding color',(#13985),#2368,
  #13866);
#13985 = PRESENTATION_STYLE_ASSIGNMENT((#13986));
#13986 = SURFACE_STYLE_USAGE(.BOTH.,#13987);
#13987 = SURFACE_SIDE_STYLE('',(#13988));
#13988 = SURFACE_STYLE_FILL_AREA(#13989);
#13989 = FILL_AREA_STYLE('',(#13990));
#13990 = FILL_AREA_STYLE_COLOUR('',#13884);
#13991 = OVER_RIDING_STYLED_ITEM('overriding color',(#13992),#2402,
  #13866);
#13992 = PRESENTATION_STYLE_ASSIGNMENT((#13993));
#13993 = SURFACE_STYLE_USAGE(.BOTH.,#13994);
#13994 = SURFACE_SIDE_STYLE('',(#13995));
#13995 = SURFACE_STYLE_FILL_AREA(#13996);
#13996 = FILL_AREA_STYLE('',(#13997));
#13997 = FILL_AREA_STYLE_COLOUR('',#13884);
#13998 = OVER_RIDING_STYLED_ITEM('overriding color',(#13999),#2436,
  #13866);
#13999 = PRESENTATION_STYLE_ASSIGNMENT((#14000));
#14000 = SURFACE_STYLE_USAGE(.BOTH.,#14001);
#14001 = SURFACE_SIDE_STYLE('',(#14002));
#14002 = SURFACE_STYLE_FILL_AREA(#14003);
#14003 = FILL_AREA_STYLE('',(#14004));
#14004 = FILL_AREA_STYLE_COLOUR('',#13884);
#14005 = OVER_RIDING_STYLED_ITEM('overriding color',(#14006),#2470,
  #13866);
#14006 = PRESENTATION_STYLE_ASSIGNMENT((#14007));
#14007 = SURFACE_STYLE_USAGE(.BOTH.,#14008);
#14008 = SURFACE_SIDE_STYLE('',(#14009));
#14009 = SURFACE_STYLE_FILL_AREA(#14010);
#14010 = FILL_AREA_STYLE('',(#14011));
#14011 = FILL_AREA_STYLE_COLOUR('',#13913);
#14012 = OVER_RIDING_STYLED_ITEM('overriding color',(#14013),#2502,
  #13866);
#14013 = PRESENTATION_STYLE_ASSIGNMENT((#14014));
#14014 = SURFACE_STYLE_USAGE(.BOTH.,#14015);
#14015 = SURFACE_SIDE_STYLE('',(#14016));
#14016 = SURFACE_STYLE_FILL_AREA(#14017);
#14017 = FILL_AREA_STYLE('',(#14018));
#14018 = FILL_AREA_STYLE_COLOUR('',#13913);
#14019 = OVER_RIDING_STYLED_ITEM('overriding color',(#14020),#2534,
  #13866);
#14020 = PRESENTATION_STYLE_ASSIGNMENT((#14021));
#14021 = SURFACE_STYLE_USAGE(.BOTH.,#14022);
#14022 = SURFACE_SIDE_STYLE('',(#14023));
#14023 = SURFACE_STYLE_FILL_AREA(#14024);
#14024 = FILL_AREA_STYLE('',(#14025));
#14025 = FILL_AREA_STYLE_COLOUR('',#13913);
#14026 = OVER_RIDING_STYLED_ITEM('overriding color',(#14027),#2576,
  #13866);
#14027 = PRESENTATION_STYLE_ASSIGNMENT((#14028));
#14028 = SURFACE_STYLE_USAGE(.BOTH.,#14029);
#14029 = SURFACE_SIDE_STYLE('',(#14030));
#14030 = SURFACE_STYLE_FILL_AREA(#14031);
#14031 = FILL_AREA_STYLE('',(#14032));
#14032 = FILL_AREA_STYLE_COLOUR('',#13913);
#14033 = OVER_RIDING_STYLED_ITEM('overriding color',(#14034),#2608,
  #13866);
#14034 = PRESENTATION_STYLE_ASSIGNMENT((#14035));
#14035 = SURFACE_STYLE_USAGE(.BOTH.,#14036);
#14036 = SURFACE_SIDE_STYLE('',(#14037));
#14037 = SURFACE_STYLE_FILL_AREA(#14038);
#14038 = FILL_AREA_STYLE('',(#14039));
#14039 = FILL_AREA_STYLE_COLOUR('',#13913);
#14040 = OVER_RIDING_STYLED_ITEM('overriding color',(#14041),#2640,
  #13866);
#14041 = PRESENTATION_STYLE_ASSIGNMENT((#14042));
#14042 = SURFACE_STYLE_USAGE(.BOTH.,#14043);
#14043 = SURFACE_SIDE_STYLE('',(#14044));
#14044 = SURFACE_STYLE_FILL_AREA(#14045);
#14045 = FILL_AREA_STYLE('',(#14046));
#14046 = FILL_AREA_STYLE_COLOUR('',#13913);
#14047 = OVER_RIDING_STYLED_ITEM('overriding color',(#14048),#2672,
  #13866);
#14048 = PRESENTATION_STYLE_ASSIGNMENT((#14049));
#14049 = SURFACE_STYLE_USAGE(.BOTH.,#14050);
#14050 = SURFACE_SIDE_STYLE('',(#14051));
#14051 = SURFACE_STYLE_FILL_AREA(#14052);
#14052 = FILL_AREA_STYLE('',(#14053));
#14053 = FILL_AREA_STYLE_COLOUR('',#13913);
#14054 = OVER_RIDING_STYLED_ITEM('overriding color',(#14055),#2704,
  #13866);
#14055 = PRESENTATION_STYLE_ASSIGNMENT((#14056));
#14056 = SURFACE_STYLE_USAGE(.BOTH.,#14057);
#14057 = SURFACE_SIDE_STYLE('',(#14058));
#14058 = SURFACE_STYLE_FILL_AREA(#14059);
#14059 = FILL_AREA_STYLE('',(#14060));
#14060 = FILL_AREA_STYLE_COLOUR('',#13913);
#14061 = OVER_RIDING_STYLED_ITEM('overriding color',(#14062),#2736,
  #13866);
#14062 = PRESENTATION_STYLE_ASSIGNMENT((#14063));
#14063 = SURFACE_STYLE_USAGE(.BOTH.,#14064);
#14064 = SURFACE_SIDE_STYLE('',(#14065));
#14065 = SURFACE_STYLE_FILL_AREA(#14066);
#14066 = FILL_AREA_STYLE('',(#14067));
#14067 = FILL_AREA_STYLE_COLOUR('',#13913);
#14068 = OVER_RIDING_STYLED_ITEM('overriding color',(#14069),#2796,
  #13866);
#14069 = PRESENTATION_STYLE_ASSIGNMENT((#14070));
#14070 = SURFACE_STYLE_USAGE(.BOTH.,#14071);
#14071 = SURFACE_SIDE_STYLE('',(#14072));
#14072 = SURFACE_STYLE_FILL_AREA(#14073);
#14073 = FILL_AREA_STYLE('',(#14074));
#14074 = FILL_AREA_STYLE_COLOUR('',#13913);
#14075 = OVER_RIDING_STYLED_ITEM('overriding color',(#14076),#2854,
  #13866);
#14076 = PRESENTATION_STYLE_ASSIGNMENT((#14077));
#14077 = SURFACE_STYLE_USAGE(.BOTH.,#14078);
#14078 = SURFACE_SIDE_STYLE('',(#14079));
#14079 = SURFACE_STYLE_FILL_AREA(#14080);
#14080 = FILL_AREA_STYLE('',(#14081));
#14081 = FILL_AREA_STYLE_COLOUR('',#13913);
#14082 = OVER_RIDING_STYLED_ITEM('overriding color',(#14083),#2912,
  #13866);
#14083 = PRESENTATION_STYLE_ASSIGNMENT((#14084));
#14084 = SURFACE_STYLE_USAGE(.BOTH.,#14085);
#14085 = SURFACE_SIDE_STYLE('',(#14086));
#14086 = SURFACE_STYLE_FILL_AREA(#14087);
#14087 = FILL_AREA_STYLE('',(#14088));
#14088 = FILL_AREA_STYLE_COLOUR('',#13913);
#14089 = OVER_RIDING_STYLED_ITEM('overriding color',(#14090),#2944,
  #13866);
#14090 = PRESENTATION_STYLE_ASSIGNMENT((#14091));
#14091 = SURFACE_STYLE_USAGE(.BOTH.,#14092);
#14092 = SURFACE_SIDE_STYLE('',(#14093));
#14093 = SURFACE_STYLE_FILL_AREA(#14094);
#14094 = FILL_AREA_STYLE('',(#14095));
#14095 = FILL_AREA_STYLE_COLOUR('',#13913);
#14096 = OVER_RIDING_STYLED_ITEM('overriding color',(#14097),#3004,
  #13866);
#14097 = PRESENTATION_STYLE_ASSIGNMENT((#14098));
#14098 = SURFACE_STYLE_USAGE(.BOTH.,#14099);
#14099 = SURFACE_SIDE_STYLE('',(#14100));
#14100 = SURFACE_STYLE_FILL_AREA(#14101);
#14101 = FILL_AREA_STYLE('',(#14102));
#14102 = FILL_AREA_STYLE_COLOUR('',#13913);
#14103 = OVER_RIDING_STYLED_ITEM('overriding color',(#14104),#3064,
  #13866);
#14104 = PRESENTATION_STYLE_ASSIGNMENT((#14105));
#14105 = SURFACE_STYLE_USAGE(.BOTH.,#14106);
#14106 = SURFACE_SIDE_STYLE('',(#14107));
#14107 = SURFACE_STYLE_FILL_AREA(#14108);
#14108 = FILL_AREA_STYLE('',(#14109));
#14109 = FILL_AREA_STYLE_COLOUR('',#13913);
#14110 = OVER_RIDING_STYLED_ITEM('overriding color',(#14111),#3122,
  #13866);
#14111 = PRESENTATION_STYLE_ASSIGNMENT((#14112));
#14112 = SURFACE_STYLE_USAGE(.BOTH.,#14113);
#14113 = SURFACE_SIDE_STYLE('',(#14114));
#14114 = SURFACE_STYLE_FILL_AREA(#14115);
#14115 = FILL_AREA_STYLE('',(#14116));
#14116 = FILL_AREA_STYLE_COLOUR('',#13913);
#14117 = OVER_RIDING_STYLED_ITEM('overriding color',(#14118),#3154,
  #13866);
#14118 = PRESENTATION_STYLE_ASSIGNMENT((#14119));
#14119 = SURFACE_STYLE_USAGE(.BOTH.,#14120);
#14120 = SURFACE_SIDE_STYLE('',(#14121));
#14121 = SURFACE_STYLE_FILL_AREA(#14122);
#14122 = FILL_AREA_STYLE('',(#14123));
#14123 = FILL_AREA_STYLE_COLOUR('',#13913);
#14124 = OVER_RIDING_STYLED_ITEM('overriding color',(#14125),#3212,
  #13866);
#14125 = PRESENTATION_STYLE_ASSIGNMENT((#14126));
#14126 = SURFACE_STYLE_USAGE(.BOTH.,#14127);
#14127 = SURFACE_SIDE_STYLE('',(#14128));
#14128 = SURFACE_STYLE_FILL_AREA(#14129);
#14129 = FILL_AREA_STYLE('',(#14130));
#14130 = FILL_AREA_STYLE_COLOUR('',#13913);
#14131 = OVER_RIDING_STYLED_ITEM('overriding color',(#14132),#3272,
  #13866);
#14132 = PRESENTATION_STYLE_ASSIGNMENT((#14133));
#14133 = SURFACE_STYLE_USAGE(.BOTH.,#14134);
#14134 = SURFACE_SIDE_STYLE('',(#14135));
#14135 = SURFACE_STYLE_FILL_AREA(#14136);
#14136 = FILL_AREA_STYLE('',(#14137));
#14137 = FILL_AREA_STYLE_COLOUR('',#13913);
#14138 = OVER_RIDING_STYLED_ITEM('overriding color',(#14139),#3304,
  #13866);
#14139 = PRESENTATION_STYLE_ASSIGNMENT((#14140));
#14140 = SURFACE_STYLE_USAGE(.BOTH.,#14141);
#14141 = SURFACE_SIDE_STYLE('',(#14142));
#14142 = SURFACE_STYLE_FILL_AREA(#14143);
#14143 = FILL_AREA_STYLE('',(#14144));
#14144 = FILL_AREA_STYLE_COLOUR('',#13913);
#14145 = OVER_RIDING_STYLED_ITEM('overriding color',(#14146),#3326,
  #13866);
#14146 = PRESENTATION_STYLE_ASSIGNMENT((#14147));
#14147 = SURFACE_STYLE_USAGE(.BOTH.,#14148);
#14148 = SURFACE_SIDE_STYLE('',(#14149));
#14149 = SURFACE_STYLE_FILL_AREA(#14150);
#14150 = FILL_AREA_STYLE('',(#14151));
#14151 = FILL_AREA_STYLE_COLOUR('',#13913);
#14152 = OVER_RIDING_STYLED_ITEM('overriding color',(#14153),#3348,
  #13866);
#14153 = PRESENTATION_STYLE_ASSIGNMENT((#14154));
#14154 = SURFACE_STYLE_USAGE(.BOTH.,#14155);
#14155 = SURFACE_SIDE_STYLE('',(#14156));
#14156 = SURFACE_STYLE_FILL_AREA(#14157);
#14157 = FILL_AREA_STYLE('',(#14158));
#14158 = FILL_AREA_STYLE_COLOUR('',#13913);
#14159 = OVER_RIDING_STYLED_ITEM('overriding color',(#14160),#3390,
  #13866);
#14160 = PRESENTATION_STYLE_ASSIGNMENT((#14161));
#14161 = SURFACE_STYLE_USAGE(.BOTH.,#14162);
#14162 = SURFACE_SIDE_STYLE('',(#14163));
#14163 = SURFACE_STYLE_FILL_AREA(#14164);
#14164 = FILL_AREA_STYLE('',(#14165));
#14165 = FILL_AREA_STYLE_COLOUR('',#13913);
#14166 = OVER_RIDING_STYLED_ITEM('overriding color',(#14167),#3432,
  #13866);
#14167 = PRESENTATION_STYLE_ASSIGNMENT((#14168));
#14168 = SURFACE_STYLE_USAGE(.BOTH.,#14169);
#14169 = SURFACE_SIDE_STYLE('',(#14170));
#14170 = SURFACE_STYLE_FILL_AREA(#14171);
#14171 = FILL_AREA_STYLE('',(#14172));
#14172 = FILL_AREA_STYLE_COLOUR('',#13913);
#14173 = OVER_RIDING_STYLED_ITEM('overriding color',(#14174),#3454,
  #13866);
#14174 = PRESENTATION_STYLE_ASSIGNMENT((#14175));
#14175 = SURFACE_STYLE_USAGE(.BOTH.,#14176);
#14176 = SURFACE_SIDE_STYLE('',(#14177));
#14177 = SURFACE_STYLE_FILL_AREA(#14178);
#14178 = FILL_AREA_STYLE('',(#14179));
#14179 = FILL_AREA_STYLE_COLOUR('',#13913);
#14180 = OVER_RIDING_STYLED_ITEM('overriding color',(#14181),#3476,
  #13866);
#14181 = PRESENTATION_STYLE_ASSIGNMENT((#14182));
#14182 = SURFACE_STYLE_USAGE(.BOTH.,#14183);
#14183 = SURFACE_SIDE_STYLE('',(#14184));
#14184 = SURFACE_STYLE_FILL_AREA(#14185);
#14185 = FILL_AREA_STYLE('',(#14186));
#14186 = FILL_AREA_STYLE_COLOUR('',#13913);
#14187 = OVER_RIDING_STYLED_ITEM('overriding color',(#14188),#3522,
  #13866);
#14188 = PRESENTATION_STYLE_ASSIGNMENT((#14189));
#14189 = SURFACE_STYLE_USAGE(.BOTH.,#14190);
#14190 = SURFACE_SIDE_STYLE('',(#14191));
#14191 = SURFACE_STYLE_FILL_AREA(#14192);
#14192 = FILL_AREA_STYLE('',(#14193));
#14193 = FILL_AREA_STYLE_COLOUR('',#13913);
#14194 = OVER_RIDING_STYLED_ITEM('overriding color',(#14195),#3595,
  #13866);
#14195 = PRESENTATION_STYLE_ASSIGNMENT((#14196));
#14196 = SURFACE_STYLE_USAGE(.BOTH.,#14197);
#14197 = SURFACE_SIDE_STYLE('',(#14198));
#14198 = SURFACE_STYLE_FILL_AREA(#14199);
#14199 = FILL_AREA_STYLE('',(#14200));
#14200 = FILL_AREA_STYLE_COLOUR('',#13913);
#14201 = OVER_RIDING_STYLED_ITEM('overriding color',(#14202),#3652,
  #13866);
#14202 = PRESENTATION_STYLE_ASSIGNMENT((#14203));
#14203 = SURFACE_STYLE_USAGE(.BOTH.,#14204);
#14204 = SURFACE_SIDE_STYLE('',(#14205));
#14205 = SURFACE_STYLE_FILL_AREA(#14206);
#14206 = FILL_AREA_STYLE('',(#14207));
#14207 = FILL_AREA_STYLE_COLOUR('',#13913);
#14208 = OVER_RIDING_STYLED_ITEM('overriding color',(#14209),#3685,
  #13866);
#14209 = PRESENTATION_STYLE_ASSIGNMENT((#14210));
#14210 = SURFACE_STYLE_USAGE(.BOTH.,#14211);
#14211 = SURFACE_SIDE_STYLE('',(#14212));
#14212 = SURFACE_STYLE_FILL_AREA(#14213);
#14213 = FILL_AREA_STYLE('',(#14214));
#14214 = FILL_AREA_STYLE_COLOUR('',#13913);
#14215 = OVER_RIDING_STYLED_ITEM('overriding color',(#14216),#3720,
  #13866);
#14216 = PRESENTATION_STYLE_ASSIGNMENT((#14217));
#14217 = SURFACE_STYLE_USAGE(.BOTH.,#14218);
#14218 = SURFACE_SIDE_STYLE('',(#14219));
#14219 = SURFACE_STYLE_FILL_AREA(#14220);
#14220 = FILL_AREA_STYLE('',(#14221));
#14221 = FILL_AREA_STYLE_COLOUR('',#13913);
#14222 = OVER_RIDING_STYLED_ITEM('overriding color',(#14223),#3761,
  #13866);
#14223 = PRESENTATION_STYLE_ASSIGNMENT((#14224));
#14224 = SURFACE_STYLE_USAGE(.BOTH.,#14225);
#14225 = SURFACE_SIDE_STYLE('',(#14226));
#14226 = SURFACE_STYLE_FILL_AREA(#14227);
#14227 = FILL_AREA_STYLE('',(#14228));
#14228 = FILL_AREA_STYLE_COLOUR('',#13913);
#14229 = OVER_RIDING_STYLED_ITEM('overriding color',(#14230),#3802,
  #13866);
#14230 = PRESENTATION_STYLE_ASSIGNMENT((#14231));
#14231 = SURFACE_STYLE_USAGE(.BOTH.,#14232);
#14232 = SURFACE_SIDE_STYLE('',(#14233));
#14233 = SURFACE_STYLE_FILL_AREA(#14234);
#14234 = FILL_AREA_STYLE('',(#14235));
#14235 = FILL_AREA_STYLE_COLOUR('',#13913);
#14236 = OVER_RIDING_STYLED_ITEM('overriding color',(#14237),#3828,
  #13866);
#14237 = PRESENTATION_STYLE_ASSIGNMENT((#14238));
#14238 = SURFACE_STYLE_USAGE(.BOTH.,#14239);
#14239 = SURFACE_SIDE_STYLE('',(#14240));
#14240 = SURFACE_STYLE_FILL_AREA(#14241);
#14241 = FILL_AREA_STYLE('',(#14242));
#14242 = FILL_AREA_STYLE_COLOUR('',#13913);
#14243 = OVER_RIDING_STYLED_ITEM('overriding color',(#14244),#3867,
  #13866);
#14244 = PRESENTATION_STYLE_ASSIGNMENT((#14245));
#14245 = SURFACE_STYLE_USAGE(.BOTH.,#14246);
#14246 = SURFACE_SIDE_STYLE('',(#14247));
#14247 = SURFACE_STYLE_FILL_AREA(#14248);
#14248 = FILL_AREA_STYLE('',(#14249));
#14249 = FILL_AREA_STYLE_COLOUR('',#13913);
#14250 = OVER_RIDING_STYLED_ITEM('overriding color',(#14251),#3899,
  #13866);
#14251 = PRESENTATION_STYLE_ASSIGNMENT((#14252));
#14252 = SURFACE_STYLE_USAGE(.BOTH.,#14253);
#14253 = SURFACE_SIDE_STYLE('',(#14254));
#14254 = SURFACE_STYLE_FILL_AREA(#14255);
#14255 = FILL_AREA_STYLE('',(#14256));
#14256 = FILL_AREA_STYLE_COLOUR('',#13913);
#14257 = OVER_RIDING_STYLED_ITEM('overriding color',(#14258),#3930,
  #13866);
#14258 = PRESENTATION_STYLE_ASSIGNMENT((#14259));
#14259 = SURFACE_STYLE_USAGE(.BOTH.,#14260);
#14260 = SURFACE_SIDE_STYLE('',(#14261));
#14261 = SURFACE_STYLE_FILL_AREA(#14262);
#14262 = FILL_AREA_STYLE('',(#14263));
#14263 = FILL_AREA_STYLE_COLOUR('',#13913);
#14264 = OVER_RIDING_STYLED_ITEM('overriding color',(#14265),#4003,
  #13866);
#14265 = PRESENTATION_STYLE_ASSIGNMENT((#14266));
#14266 = SURFACE_STYLE_USAGE(.BOTH.,#14267);
#14267 = SURFACE_SIDE_STYLE('',(#14268));
#14268 = SURFACE_STYLE_FILL_AREA(#14269);
#14269 = FILL_AREA_STYLE('',(#14270));
#14270 = FILL_AREA_STYLE_COLOUR('',#13913);
#14271 = OVER_RIDING_STYLED_ITEM('overriding color',(#14272),#4051,
  #13866);
#14272 = PRESENTATION_STYLE_ASSIGNMENT((#14273));
#14273 = SURFACE_STYLE_USAGE(.BOTH.,#14274);
#14274 = SURFACE_SIDE_STYLE('',(#14275));
#14275 = SURFACE_STYLE_FILL_AREA(#14276);
#14276 = FILL_AREA_STYLE('',(#14277));
#14277 = FILL_AREA_STYLE_COLOUR('',#13913);
#14278 = OVER_RIDING_STYLED_ITEM('overriding color',(#14279),#4086,
  #13866);
#14279 = PRESENTATION_STYLE_ASSIGNMENT((#14280));
#14280 = SURFACE_STYLE_USAGE(.BOTH.,#14281);
#14281 = SURFACE_SIDE_STYLE('',(#14282));
#14282 = SURFACE_STYLE_FILL_AREA(#14283);
#14283 = FILL_AREA_STYLE('',(#14284));
#14284 = FILL_AREA_STYLE_COLOUR('',#13913);
#14285 = OVER_RIDING_STYLED_ITEM('overriding color',(#14286),#4134,
  #13866);
#14286 = PRESENTATION_STYLE_ASSIGNMENT((#14287));
#14287 = SURFACE_STYLE_USAGE(.BOTH.,#14288);
#14288 = SURFACE_SIDE_STYLE('',(#14289));
#14289 = SURFACE_STYLE_FILL_AREA(#14290);
#14290 = FILL_AREA_STYLE('',(#14291));
#14291 = FILL_AREA_STYLE_COLOUR('',#13913);
#14292 = OVER_RIDING_STYLED_ITEM('overriding color',(#14293),#4175,
  #13866);
#14293 = PRESENTATION_STYLE_ASSIGNMENT((#14294));
#14294 = SURFACE_STYLE_USAGE(.BOTH.,#14295);
#14295 = SURFACE_SIDE_STYLE('',(#14296));
#14296 = SURFACE_STYLE_FILL_AREA(#14297);
#14297 = FILL_AREA_STYLE('',(#14298));
#14298 = FILL_AREA_STYLE_COLOUR('',#13913);
#14299 = OVER_RIDING_STYLED_ITEM('overriding color',(#14300),#4207,
  #13866);
#14300 = PRESENTATION_STYLE_ASSIGNMENT((#14301));
#14301 = SURFACE_STYLE_USAGE(.BOTH.,#14302);
#14302 = SURFACE_SIDE_STYLE('',(#14303));
#14303 = SURFACE_STYLE_FILL_AREA(#14304);
#14304 = FILL_AREA_STYLE('',(#14305));
#14305 = FILL_AREA_STYLE_COLOUR('',#13913);
#14306 = OVER_RIDING_STYLED_ITEM('overriding color',(#14307),#4242,
  #13866);
#14307 = PRESENTATION_STYLE_ASSIGNMENT((#14308));
#14308 = SURFACE_STYLE_USAGE(.BOTH.,#14309);
#14309 = SURFACE_SIDE_STYLE('',(#14310));
#14310 = SURFACE_STYLE_FILL_AREA(#14311);
#14311 = FILL_AREA_STYLE('',(#14312));
#14312 = FILL_AREA_STYLE_COLOUR('',#13913);
#14313 = OVER_RIDING_STYLED_ITEM('overriding color',(#14314),#4290,
  #13866);
#14314 = PRESENTATION_STYLE_ASSIGNMENT((#14315));
#14315 = SURFACE_STYLE_USAGE(.BOTH.,#14316);
#14316 = SURFACE_SIDE_STYLE('',(#14317));
#14317 = SURFACE_STYLE_FILL_AREA(#14318);
#14318 = FILL_AREA_STYLE('',(#14319));
#14319 = FILL_AREA_STYLE_COLOUR('',#13913);
#14320 = OVER_RIDING_STYLED_ITEM('overriding color',(#14321),#4334,
  #13866);
#14321 = PRESENTATION_STYLE_ASSIGNMENT((#14322));
#14322 = SURFACE_STYLE_USAGE(.BOTH.,#14323);
#14323 = SURFACE_SIDE_STYLE('',(#14324));
#14324 = SURFACE_STYLE_FILL_AREA(#14325);
#14325 = FILL_AREA_STYLE('',(#14326));
#14326 = FILL_AREA_STYLE_COLOUR('',#13913);
#14327 = OVER_RIDING_STYLED_ITEM('overriding color',(#14328),#4382,
  #13866);
#14328 = PRESENTATION_STYLE_ASSIGNMENT((#14329));
#14329 = SURFACE_STYLE_USAGE(.BOTH.,#14330);
#14330 = SURFACE_SIDE_STYLE('',(#14331));
#14331 = SURFACE_STYLE_FILL_AREA(#14332);
#14332 = FILL_AREA_STYLE('',(#14333));
#14333 = FILL_AREA_STYLE_COLOUR('',#13913);
#14334 = OVER_RIDING_STYLED_ITEM('overriding color',(#14335),#4423,
  #13866);
#14335 = PRESENTATION_STYLE_ASSIGNMENT((#14336));
#14336 = SURFACE_STYLE_USAGE(.BOTH.,#14337);
#14337 = SURFACE_SIDE_STYLE('',(#14338));
#14338 = SURFACE_STYLE_FILL_AREA(#14339);
#14339 = FILL_AREA_STYLE('',(#14340));
#14340 = FILL_AREA_STYLE_COLOUR('',#13913);
#14341 = OVER_RIDING_STYLED_ITEM('overriding color',(#14342),#4471,
  #13866);
#14342 = PRESENTATION_STYLE_ASSIGNMENT((#14343));
#14343 = SURFACE_STYLE_USAGE(.BOTH.,#14344);
#14344 = SURFACE_SIDE_STYLE('',(#14345));
#14345 = SURFACE_STYLE_FILL_AREA(#14346);
#14346 = FILL_AREA_STYLE('',(#14347));
#14347 = FILL_AREA_STYLE_COLOUR('',#13913);
#14348 = OVER_RIDING_STYLED_ITEM('overriding color',(#14349),#4503,
  #13866);
#14349 = PRESENTATION_STYLE_ASSIGNMENT((#14350));
#14350 = SURFACE_STYLE_USAGE(.BOTH.,#14351);
#14351 = SURFACE_SIDE_STYLE('',(#14352));
#14352 = SURFACE_STYLE_FILL_AREA(#14353);
#14353 = FILL_AREA_STYLE('',(#14354));
#14354 = FILL_AREA_STYLE_COLOUR('',#13913);
#14355 = OVER_RIDING_STYLED_ITEM('overriding color',(#14356),#4529,
  #13866);
#14356 = PRESENTATION_STYLE_ASSIGNMENT((#14357));
#14357 = SURFACE_STYLE_USAGE(.BOTH.,#14358);
#14358 = SURFACE_SIDE_STYLE('',(#14359));
#14359 = SURFACE_STYLE_FILL_AREA(#14360);
#14360 = FILL_AREA_STYLE('',(#14361));
#14361 = FILL_AREA_STYLE_COLOUR('',#13913);
#14362 = OVER_RIDING_STYLED_ITEM('overriding color',(#14363),#4569,
  #13866);
#14363 = PRESENTATION_STYLE_ASSIGNMENT((#14364));
#14364 = SURFACE_STYLE_USAGE(.BOTH.,#14365);
#14365 = SURFACE_SIDE_STYLE('',(#14366));
#14366 = SURFACE_STYLE_FILL_AREA(#14367);
#14367 = FILL_AREA_STYLE('',(#14368));
#14368 = FILL_AREA_STYLE_COLOUR('',#13913);
#14369 = OVER_RIDING_STYLED_ITEM('overriding color',(#14370),#4617,
  #13866);
#14370 = PRESENTATION_STYLE_ASSIGNMENT((#14371));
#14371 = SURFACE_STYLE_USAGE(.BOTH.,#14372);
#14372 = SURFACE_SIDE_STYLE('',(#14373));
#14373 = SURFACE_STYLE_FILL_AREA(#14374);
#14374 = FILL_AREA_STYLE('',(#14375));
#14375 = FILL_AREA_STYLE_COLOUR('',#13884);
#14376 = OVER_RIDING_STYLED_ITEM('overriding color',(#14377),#6019,
  #13866);
#14377 = PRESENTATION_STYLE_ASSIGNMENT((#14378));
#14378 = SURFACE_STYLE_USAGE(.BOTH.,#14379);
#14379 = SURFACE_SIDE_STYLE('',(#14380));
#14380 = SURFACE_STYLE_FILL_AREA(#14381);
#14381 = FILL_AREA_STYLE('',(#14382));
#14382 = FILL_AREA_STYLE_COLOUR('',#13913);
#14383 = OVER_RIDING_STYLED_ITEM('overriding color',(#14384),#6060,
  #13866);
#14384 = PRESENTATION_STYLE_ASSIGNMENT((#14385));
#14385 = SURFACE_STYLE_USAGE(.BOTH.,#14386);
#14386 = SURFACE_SIDE_STYLE('',(#14387));
#14387 = SURFACE_STYLE_FILL_AREA(#14388);
#14388 = FILL_AREA_STYLE('',(#14389));
#14389 = FILL_AREA_STYLE_COLOUR('',#13884);
#14390 = OVER_RIDING_STYLED_ITEM('overriding color',(#14391),#7361,
  #13866);
#14391 = PRESENTATION_STYLE_ASSIGNMENT((#14392));
#14392 = SURFACE_STYLE_USAGE(.BOTH.,#14393);
#14393 = SURFACE_SIDE_STYLE('',(#14394));
#14394 = SURFACE_STYLE_FILL_AREA(#14395);
#14395 = FILL_AREA_STYLE('',(#14396));
#14396 = FILL_AREA_STYLE_COLOUR('',#13913);
#14397 = OVER_RIDING_STYLED_ITEM('overriding color',(#14398),#7386,
  #13866);
#14398 = PRESENTATION_STYLE_ASSIGNMENT((#14399));
#14399 = SURFACE_STYLE_USAGE(.BOTH.,#14400);
#14400 = SURFACE_SIDE_STYLE('',(#14401));
#14401 = SURFACE_STYLE_FILL_AREA(#14402);
#14402 = FILL_AREA_STYLE('',(#14403));
#14403 = FILL_AREA_STYLE_COLOUR('',#13884);
#14404 = OVER_RIDING_STYLED_ITEM('overriding color',(#14405),#7396,
  #13866);
#14405 = PRESENTATION_STYLE_ASSIGNMENT((#14406));
#14406 = SURFACE_STYLE_USAGE(.BOTH.,#14407);
#14407 = SURFACE_SIDE_STYLE('',(#14408));
#14408 = SURFACE_STYLE_FILL_AREA(#14409);
#14409 = FILL_AREA_STYLE('',(#14410));
#14410 = FILL_AREA_STYLE_COLOUR('',#13884);
#14411 = OVER_RIDING_STYLED_ITEM('overriding color',(#14412),#7414,
  #13866);
#14412 = PRESENTATION_STYLE_ASSIGNMENT((#14413));
#14413 = SURFACE_STYLE_USAGE(.BOTH.,#14414);
#14414 = SURFACE_SIDE_STYLE('',(#14415));
#14415 = SURFACE_STYLE_FILL_AREA(#14416);
#14416 = FILL_AREA_STYLE('',(#14417));
#14417 = FILL_AREA_STYLE_COLOUR('',#13884);
#14418 = OVER_RIDING_STYLED_ITEM('overriding color',(#14419),#7432,
  #13866);
#14419 = PRESENTATION_STYLE_ASSIGNMENT((#14420));
#14420 = SURFACE_STYLE_USAGE(.BOTH.,#14421);
#14421 = SURFACE_SIDE_STYLE('',(#14422));
#14422 = SURFACE_STYLE_FILL_AREA(#14423);
#14423 = FILL_AREA_STYLE('',(#14424));
#14424 = FILL_AREA_STYLE_COLOUR('',#13884);
#14425 = OVER_RIDING_STYLED_ITEM('overriding color',(#14426),#7450,
  #13866);
#14426 = PRESENTATION_STYLE_ASSIGNMENT((#14427));
#14427 = SURFACE_STYLE_USAGE(.BOTH.,#14428);
#14428 = SURFACE_SIDE_STYLE('',(#14429));
#14429 = SURFACE_STYLE_FILL_AREA(#14430);
#14430 = FILL_AREA_STYLE('',(#14431));
#14431 = FILL_AREA_STYLE_COLOUR('',#13884);
#14432 = OVER_RIDING_STYLED_ITEM('overriding color',(#14433),#7468,
  #13866);
#14433 = PRESENTATION_STYLE_ASSIGNMENT((#14434));
#14434 = SURFACE_STYLE_USAGE(.BOTH.,#14435);
#14435 = SURFACE_SIDE_STYLE('',(#14436));
#14436 = SURFACE_STYLE_FILL_AREA(#14437);
#14437 = FILL_AREA_STYLE('',(#14438));
#14438 = FILL_AREA_STYLE_COLOUR('',#13913);
#14439 = OVER_RIDING_STYLED_ITEM('overriding color',(#14440),#7485,
  #13866);
#14440 = PRESENTATION_STYLE_ASSIGNMENT((#14441));
#14441 = SURFACE_STYLE_USAGE(.BOTH.,#14442);
#14442 = SURFACE_SIDE_STYLE('',(#14443));
#14443 = SURFACE_STYLE_FILL_AREA(#14444);
#14444 = FILL_AREA_STYLE('',(#14445));
#14445 = FILL_AREA_STYLE_COLOUR('',#13913);
#14446 = OVER_RIDING_STYLED_ITEM('overriding color',(#14447),#7521,
  #13866);
#14447 = PRESENTATION_STYLE_ASSIGNMENT((#14448));
#14448 = SURFACE_STYLE_USAGE(.BOTH.,#14449);
#14449 = SURFACE_SIDE_STYLE('',(#14450));
#14450 = SURFACE_STYLE_FILL_AREA(#14451);
#14451 = FILL_AREA_STYLE('',(#14452));
#14452 = FILL_AREA_STYLE_COLOUR('',#13913);
#14453 = OVER_RIDING_STYLED_ITEM('overriding color',(#14454),#7554,
  #13866);
#14454 = PRESENTATION_STYLE_ASSIGNMENT((#14455));
#14455 = SURFACE_STYLE_USAGE(.BOTH.,#14456);
#14456 = SURFACE_SIDE_STYLE('',(#14457));
#14457 = SURFACE_STYLE_FILL_AREA(#14458);
#14458 = FILL_AREA_STYLE('',(#14459));
#14459 = FILL_AREA_STYLE_COLOUR('',#13913);
#14460 = OVER_RIDING_STYLED_ITEM('overriding color',(#14461),#7592,
  #13866);
#14461 = PRESENTATION_STYLE_ASSIGNMENT((#14462));
#14462 = SURFACE_STYLE_USAGE(.BOTH.,#14463);
#14463 = SURFACE_SIDE_STYLE('',(#14464));
#14464 = SURFACE_STYLE_FILL_AREA(#14465);
#14465 = FILL_AREA_STYLE('',(#14466));
#14466 = FILL_AREA_STYLE_COLOUR('',#13913);
#14467 = OVER_RIDING_STYLED_ITEM('overriding color',(#14468),#7628,
  #13866);
#14468 = PRESENTATION_STYLE_ASSIGNMENT((#14469));
#14469 = SURFACE_STYLE_USAGE(.BOTH.,#14470);
#14470 = SURFACE_SIDE_STYLE('',(#14471));
#14471 = SURFACE_STYLE_FILL_AREA(#14472);
#14472 = FILL_AREA_STYLE('',(#14473));
#14473 = FILL_AREA_STYLE_COLOUR('',#13913);
#14474 = OVER_RIDING_STYLED_ITEM('overriding color',(#14475),#7645,
  #13866);
#14475 = PRESENTATION_STYLE_ASSIGNMENT((#14476));
#14476 = SURFACE_STYLE_USAGE(.BOTH.,#14477);
#14477 = SURFACE_SIDE_STYLE('',(#14478));
#14478 = SURFACE_STYLE_FILL_AREA(#14479);
#14479 = FILL_AREA_STYLE('',(#14480));
#14480 = FILL_AREA_STYLE_COLOUR('',#13913);
#14481 = OVER_RIDING_STYLED_ITEM('overriding color',(#14482),#7679,
  #13866);
#14482 = PRESENTATION_STYLE_ASSIGNMENT((#14483));
#14483 = SURFACE_STYLE_USAGE(.BOTH.,#14484);
#14484 = SURFACE_SIDE_STYLE('',(#14485));
#14485 = SURFACE_STYLE_FILL_AREA(#14486);
#14486 = FILL_AREA_STYLE('',(#14487));
#14487 = FILL_AREA_STYLE_COLOUR('',#13913);
#14488 = OVER_RIDING_STYLED_ITEM('overriding color',(#14489),#7704,
  #13866);
#14489 = PRESENTATION_STYLE_ASSIGNMENT((#14490));
#14490 = SURFACE_STYLE_USAGE(.BOTH.,#14491);
#14491 = SURFACE_SIDE_STYLE('',(#14492));
#14492 = SURFACE_STYLE_FILL_AREA(#14493);
#14493 = FILL_AREA_STYLE('',(#14494));
#14494 = FILL_AREA_STYLE_COLOUR('',#13913);
#14495 = OVER_RIDING_STYLED_ITEM('overriding color',(#14496),#7721,
  #13866);
#14496 = PRESENTATION_STYLE_ASSIGNMENT((#14497));
#14497 = SURFACE_STYLE_USAGE(.BOTH.,#14498);
#14498 = SURFACE_SIDE_STYLE('',(#14499));
#14499 = SURFACE_STYLE_FILL_AREA(#14500);
#14500 = FILL_AREA_STYLE('',(#14501));
#14501 = FILL_AREA_STYLE_COLOUR('',#13913);
#14502 = OVER_RIDING_STYLED_ITEM('overriding color',(#14503),#7749,
  #13866);
#14503 = PRESENTATION_STYLE_ASSIGNMENT((#14504));
#14504 = SURFACE_STYLE_USAGE(.BOTH.,#14505);
#14505 = SURFACE_SIDE_STYLE('',(#14506));
#14506 = SURFACE_STYLE_FILL_AREA(#14507);
#14507 = FILL_AREA_STYLE('',(#14508));
#14508 = FILL_AREA_STYLE_COLOUR('',#13913);
#14509 = OVER_RIDING_STYLED_ITEM('overriding color',(#14510),#7774,
  #13866);
#14510 = PRESENTATION_STYLE_ASSIGNMENT((#14511));
#14511 = SURFACE_STYLE_USAGE(.BOTH.,#14512);
#14512 = SURFACE_SIDE_STYLE('',(#14513));
#14513 = SURFACE_STYLE_FILL_AREA(#14514);
#14514 = FILL_AREA_STYLE('',(#14515));
#14515 = FILL_AREA_STYLE_COLOUR('',#13913);
#14516 = OVER_RIDING_STYLED_ITEM('overriding color',(#14517),#7800,
  #13866);
#14517 = PRESENTATION_STYLE_ASSIGNMENT((#14518));
#14518 = SURFACE_STYLE_USAGE(.BOTH.,#14519);
#14519 = SURFACE_SIDE_STYLE('',(#14520));
#14520 = SURFACE_STYLE_FILL_AREA(#14521);
#14521 = FILL_AREA_STYLE('',(#14522));
#14522 = FILL_AREA_STYLE_COLOUR('',#13913);
#14523 = OVER_RIDING_STYLED_ITEM('overriding color',(#14524),#7817,
  #13866);
#14524 = PRESENTATION_STYLE_ASSIGNMENT((#14525));
#14525 = SURFACE_STYLE_USAGE(.BOTH.,#14526);
#14526 = SURFACE_SIDE_STYLE('',(#14527));
#14527 = SURFACE_STYLE_FILL_AREA(#14528);
#14528 = FILL_AREA_STYLE('',(#14529));
#14529 = FILL_AREA_STYLE_COLOUR('',#13913);
#14530 = OVER_RIDING_STYLED_ITEM('overriding color',(#14531),#7852,
  #13866);
#14531 = PRESENTATION_STYLE_ASSIGNMENT((#14532));
#14532 = SURFACE_STYLE_USAGE(.BOTH.,#14533);
#14533 = SURFACE_SIDE_STYLE('',(#14534));
#14534 = SURFACE_STYLE_FILL_AREA(#14535);
#14535 = FILL_AREA_STYLE('',(#14536));
#14536 = FILL_AREA_STYLE_COLOUR('',#13913);
#14537 = OVER_RIDING_STYLED_ITEM('overriding color',(#14538),#7885,
  #13866);
#14538 = PRESENTATION_STYLE_ASSIGNMENT((#14539));
#14539 = SURFACE_STYLE_USAGE(.BOTH.,#14540);
#14540 = SURFACE_SIDE_STYLE('',(#14541));
#14541 = SURFACE_STYLE_FILL_AREA(#14542);
#14542 = FILL_AREA_STYLE('',(#14543));
#14543 = FILL_AREA_STYLE_COLOUR('',#13913);
#14544 = OVER_RIDING_STYLED_ITEM('overriding color',(#14545),#7923,
  #13866);
#14545 = PRESENTATION_STYLE_ASSIGNMENT((#14546));
#14546 = SURFACE_STYLE_USAGE(.BOTH.,#14547);
#14547 = SURFACE_SIDE_STYLE('',(#14548));
#14548 = SURFACE_STYLE_FILL_AREA(#14549);
#14549 = FILL_AREA_STYLE('',(#14550));
#14550 = FILL_AREA_STYLE_COLOUR('',#13913);
#14551 = OVER_RIDING_STYLED_ITEM('overriding color',(#14552),#7959,
  #13866);
#14552 = PRESENTATION_STYLE_ASSIGNMENT((#14553));
#14553 = SURFACE_STYLE_USAGE(.BOTH.,#14554);
#14554 = SURFACE_SIDE_STYLE('',(#14555));
#14555 = SURFACE_STYLE_FILL_AREA(#14556);
#14556 = FILL_AREA_STYLE('',(#14557));
#14557 = FILL_AREA_STYLE_COLOUR('',#13913);
#14558 = OVER_RIDING_STYLED_ITEM('overriding color',(#14559),#7976,
  #13866);
#14559 = PRESENTATION_STYLE_ASSIGNMENT((#14560));
#14560 = SURFACE_STYLE_USAGE(.BOTH.,#14561);
#14561 = SURFACE_SIDE_STYLE('',(#14562));
#14562 = SURFACE_STYLE_FILL_AREA(#14563);
#14563 = FILL_AREA_STYLE('',(#14564));
#14564 = FILL_AREA_STYLE_COLOUR('',#13913);
#14565 = OVER_RIDING_STYLED_ITEM('overriding color',(#14566),#8003,
  #13866);
#14566 = PRESENTATION_STYLE_ASSIGNMENT((#14567));
#14567 = SURFACE_STYLE_USAGE(.BOTH.,#14568);
#14568 = SURFACE_SIDE_STYLE('',(#14569));
#14569 = SURFACE_STYLE_FILL_AREA(#14570);
#14570 = FILL_AREA_STYLE('',(#14571));
#14571 = FILL_AREA_STYLE_COLOUR('',#13913);
#14572 = OVER_RIDING_STYLED_ITEM('overriding color',(#14573),#8021,
  #13866);
#14573 = PRESENTATION_STYLE_ASSIGNMENT((#14574));
#14574 = SURFACE_STYLE_USAGE(.BOTH.,#14575);
#14575 = SURFACE_SIDE_STYLE('',(#14576));
#14576 = SURFACE_STYLE_FILL_AREA(#14577);
#14577 = FILL_AREA_STYLE('',(#14578));
#14578 = FILL_AREA_STYLE_COLOUR('',#13913);
#14579 = OVER_RIDING_STYLED_ITEM('overriding color',(#14580),#8043,
  #13866);
#14580 = PRESENTATION_STYLE_ASSIGNMENT((#14581));
#14581 = SURFACE_STYLE_USAGE(.BOTH.,#14582);
#14582 = SURFACE_SIDE_STYLE('',(#14583));
#14583 = SURFACE_STYLE_FILL_AREA(#14584);
#14584 = FILL_AREA_STYLE('',(#14585));
#14585 = FILL_AREA_STYLE_COLOUR('',#13913);
#14586 = OVER_RIDING_STYLED_ITEM('overriding color',(#14587),#8065,
  #13866);
#14587 = PRESENTATION_STYLE_ASSIGNMENT((#14588));
#14588 = SURFACE_STYLE_USAGE(.BOTH.,#14589);
#14589 = SURFACE_SIDE_STYLE('',(#14590));
#14590 = SURFACE_STYLE_FILL_AREA(#14591);
#14591 = FILL_AREA_STYLE('',(#14592));
#14592 = FILL_AREA_STYLE_COLOUR('',#13913);
#14593 = OVER_RIDING_STYLED_ITEM('overriding color',(#14594),#8100,
  #13866);
#14594 = PRESENTATION_STYLE_ASSIGNMENT((#14595));
#14595 = SURFACE_STYLE_USAGE(.BOTH.,#14596);
#14596 = SURFACE_SIDE_STYLE('',(#14597));
#14597 = SURFACE_STYLE_FILL_AREA(#14598);
#14598 = FILL_AREA_STYLE('',(#14599));
#14599 = FILL_AREA_STYLE_COLOUR('',#13913);
#14600 = OVER_RIDING_STYLED_ITEM('overriding color',(#14601),#8133,
  #13866);
#14601 = PRESENTATION_STYLE_ASSIGNMENT((#14602));
#14602 = SURFACE_STYLE_USAGE(.BOTH.,#14603);
#14603 = SURFACE_SIDE_STYLE('',(#14604));
#14604 = SURFACE_STYLE_FILL_AREA(#14605);
#14605 = FILL_AREA_STYLE('',(#14606));
#14606 = FILL_AREA_STYLE_COLOUR('',#13913);
#14607 = OVER_RIDING_STYLED_ITEM('overriding color',(#14608),#8171,
  #13866);
#14608 = PRESENTATION_STYLE_ASSIGNMENT((#14609));
#14609 = SURFACE_STYLE_USAGE(.BOTH.,#14610);
#14610 = SURFACE_SIDE_STYLE('',(#14611));
#14611 = SURFACE_STYLE_FILL_AREA(#14612);
#14612 = FILL_AREA_STYLE('',(#14613));
#14613 = FILL_AREA_STYLE_COLOUR('',#13913);
#14614 = OVER_RIDING_STYLED_ITEM('overriding color',(#14615),#8207,
  #13866);
#14615 = PRESENTATION_STYLE_ASSIGNMENT((#14616));
#14616 = SURFACE_STYLE_USAGE(.BOTH.,#14617);
#14617 = SURFACE_SIDE_STYLE('',(#14618));
#14618 = SURFACE_STYLE_FILL_AREA(#14619);
#14619 = FILL_AREA_STYLE('',(#14620));
#14620 = FILL_AREA_STYLE_COLOUR('',#13913);
#14621 = OVER_RIDING_STYLED_ITEM('overriding color',(#14622),#8224,
  #13866);
#14622 = PRESENTATION_STYLE_ASSIGNMENT((#14623));
#14623 = SURFACE_STYLE_USAGE(.BOTH.,#14624);
#14624 = SURFACE_SIDE_STYLE('',(#14625));
#14625 = SURFACE_STYLE_FILL_AREA(#14626);
#14626 = FILL_AREA_STYLE('',(#14627));
#14627 = FILL_AREA_STYLE_COLOUR('',#13913);
#14628 = OVER_RIDING_STYLED_ITEM('overriding color',(#14629),#8242,
  #13866);
#14629 = PRESENTATION_STYLE_ASSIGNMENT((#14630));
#14630 = SURFACE_STYLE_USAGE(.BOTH.,#14631);
#14631 = SURFACE_SIDE_STYLE('',(#14632));
#14632 = SURFACE_STYLE_FILL_AREA(#14633);
#14633 = FILL_AREA_STYLE('',(#14634));
#14634 = FILL_AREA_STYLE_COLOUR('',#13913);
#14635 = OVER_RIDING_STYLED_ITEM('overriding color',(#14636),#8273,
  #13866);
#14636 = PRESENTATION_STYLE_ASSIGNMENT((#14637));
#14637 = SURFACE_STYLE_USAGE(.BOTH.,#14638);
#14638 = SURFACE_SIDE_STYLE('',(#14639));
#14639 = SURFACE_STYLE_FILL_AREA(#14640);
#14640 = FILL_AREA_STYLE('',(#14641));
#14641 = FILL_AREA_STYLE_COLOUR('',#13913);
#14642 = OVER_RIDING_STYLED_ITEM('overriding color',(#14643),#8295,
  #13866);
#14643 = PRESENTATION_STYLE_ASSIGNMENT((#14644));
#14644 = SURFACE_STYLE_USAGE(.BOTH.,#14645);
#14645 = SURFACE_SIDE_STYLE('',(#14646));
#14646 = SURFACE_STYLE_FILL_AREA(#14647);
#14647 = FILL_AREA_STYLE('',(#14648));
#14648 = FILL_AREA_STYLE_COLOUR('',#13913);
#14649 = OVER_RIDING_STYLED_ITEM('overriding color',(#14650),#8317,
  #13866);
#14650 = PRESENTATION_STYLE_ASSIGNMENT((#14651));
#14651 = SURFACE_STYLE_USAGE(.BOTH.,#14652);
#14652 = SURFACE_SIDE_STYLE('',(#14653));
#14653 = SURFACE_STYLE_FILL_AREA(#14654);
#14654 = FILL_AREA_STYLE('',(#14655));
#14655 = FILL_AREA_STYLE_COLOUR('',#13913);
#14656 = OVER_RIDING_STYLED_ITEM('overriding color',(#14657),#8352,
  #13866);
#14657 = PRESENTATION_STYLE_ASSIGNMENT((#14658));
#14658 = SURFACE_STYLE_USAGE(.BOTH.,#14659);
#14659 = SURFACE_SIDE_STYLE('',(#14660));
#14660 = SURFACE_STYLE_FILL_AREA(#14661);
#14661 = FILL_AREA_STYLE('',(#14662));
#14662 = FILL_AREA_STYLE_COLOUR('',#13913);
#14663 = OVER_RIDING_STYLED_ITEM('overriding color',(#14664),#8385,
  #13866);
#14664 = PRESENTATION_STYLE_ASSIGNMENT((#14665));
#14665 = SURFACE_STYLE_USAGE(.BOTH.,#14666);
#14666 = SURFACE_SIDE_STYLE('',(#14667));
#14667 = SURFACE_STYLE_FILL_AREA(#14668);
#14668 = FILL_AREA_STYLE('',(#14669));
#14669 = FILL_AREA_STYLE_COLOUR('',#13913);
#14670 = OVER_RIDING_STYLED_ITEM('overriding color',(#14671),#8423,
  #13866);
#14671 = PRESENTATION_STYLE_ASSIGNMENT((#14672));
#14672 = SURFACE_STYLE_USAGE(.BOTH.,#14673);
#14673 = SURFACE_SIDE_STYLE('',(#14674));
#14674 = SURFACE_STYLE_FILL_AREA(#14675);
#14675 = FILL_AREA_STYLE('',(#14676));
#14676 = FILL_AREA_STYLE_COLOUR('',#13913);
#14677 = OVER_RIDING_STYLED_ITEM('overriding color',(#14678),#8459,
  #13866);
#14678 = PRESENTATION_STYLE_ASSIGNMENT((#14679));
#14679 = SURFACE_STYLE_USAGE(.BOTH.,#14680);
#14680 = SURFACE_SIDE_STYLE('',(#14681));
#14681 = SURFACE_STYLE_FILL_AREA(#14682);
#14682 = FILL_AREA_STYLE('',(#14683));
#14683 = FILL_AREA_STYLE_COLOUR('',#13913);
#14684 = OVER_RIDING_STYLED_ITEM('overriding color',(#14685),#8476,
  #13866);
#14685 = PRESENTATION_STYLE_ASSIGNMENT((#14686));
#14686 = SURFACE_STYLE_USAGE(.BOTH.,#14687);
#14687 = SURFACE_SIDE_STYLE('',(#14688));
#14688 = SURFACE_STYLE_FILL_AREA(#14689);
#14689 = FILL_AREA_STYLE('',(#14690));
#14690 = FILL_AREA_STYLE_COLOUR('',#13913);
#14691 = OVER_RIDING_STYLED_ITEM('overriding color',(#14692),#8494,
  #13866);
#14692 = PRESENTATION_STYLE_ASSIGNMENT((#14693));
#14693 = SURFACE_STYLE_USAGE(.BOTH.,#14694);
#14694 = SURFACE_SIDE_STYLE('',(#14695));
#14695 = SURFACE_STYLE_FILL_AREA(#14696);
#14696 = FILL_AREA_STYLE('',(#14697));
#14697 = FILL_AREA_STYLE_COLOUR('',#13913);
#14698 = OVER_RIDING_STYLED_ITEM('overriding color',(#14699),#8516,
  #13866);
#14699 = PRESENTATION_STYLE_ASSIGNMENT((#14700));
#14700 = SURFACE_STYLE_USAGE(.BOTH.,#14701);
#14701 = SURFACE_SIDE_STYLE('',(#14702));
#14702 = SURFACE_STYLE_FILL_AREA(#14703);
#14703 = FILL_AREA_STYLE('',(#14704));
#14704 = FILL_AREA_STYLE_COLOUR('',#13913);
#14705 = OVER_RIDING_STYLED_ITEM('overriding color',(#14706),#8538,
  #13866);
#14706 = PRESENTATION_STYLE_ASSIGNMENT((#14707));
#14707 = SURFACE_STYLE_USAGE(.BOTH.,#14708);
#14708 = SURFACE_SIDE_STYLE('',(#14709));
#14709 = SURFACE_STYLE_FILL_AREA(#14710);
#14710 = FILL_AREA_STYLE('',(#14711));
#14711 = FILL_AREA_STYLE_COLOUR('',#13913);
#14712 = OVER_RIDING_STYLED_ITEM('overriding color',(#14713),#8573,
  #13866);
#14713 = PRESENTATION_STYLE_ASSIGNMENT((#14714));
#14714 = SURFACE_STYLE_USAGE(.BOTH.,#14715);
#14715 = SURFACE_SIDE_STYLE('',(#14716));
#14716 = SURFACE_STYLE_FILL_AREA(#14717);
#14717 = FILL_AREA_STYLE('',(#14718));
#14718 = FILL_AREA_STYLE_COLOUR('',#13913);
#14719 = OVER_RIDING_STYLED_ITEM('overriding color',(#14720),#8606,
  #13866);
#14720 = PRESENTATION_STYLE_ASSIGNMENT((#14721));
#14721 = SURFACE_STYLE_USAGE(.BOTH.,#14722);
#14722 = SURFACE_SIDE_STYLE('',(#14723));
#14723 = SURFACE_STYLE_FILL_AREA(#14724);
#14724 = FILL_AREA_STYLE('',(#14725));
#14725 = FILL_AREA_STYLE_COLOUR('',#13913);
#14726 = OVER_RIDING_STYLED_ITEM('overriding color',(#14727),#8644,
  #13866);
#14727 = PRESENTATION_STYLE_ASSIGNMENT((#14728));
#14728 = SURFACE_STYLE_USAGE(.BOTH.,#14729);
#14729 = SURFACE_SIDE_STYLE('',(#14730));
#14730 = SURFACE_STYLE_FILL_AREA(#14731);
#14731 = FILL_AREA_STYLE('',(#14732));
#14732 = FILL_AREA_STYLE_COLOUR('',#13913);
#14733 = OVER_RIDING_STYLED_ITEM('overriding color',(#14734),#8680,
  #13866);
#14734 = PRESENTATION_STYLE_ASSIGNMENT((#14735));
#14735 = SURFACE_STYLE_USAGE(.BOTH.,#14736);
#14736 = SURFACE_SIDE_STYLE('',(#14737));
#14737 = SURFACE_STYLE_FILL_AREA(#14738);
#14738 = FILL_AREA_STYLE('',(#14739));
#14739 = FILL_AREA_STYLE_COLOUR('',#13913);
#14740 = OVER_RIDING_STYLED_ITEM('overriding color',(#14741),#8697,
  #13866);
#14741 = PRESENTATION_STYLE_ASSIGNMENT((#14742));
#14742 = SURFACE_STYLE_USAGE(.BOTH.,#14743);
#14743 = SURFACE_SIDE_STYLE('',(#14744));
#14744 = SURFACE_STYLE_FILL_AREA(#14745);
#14745 = FILL_AREA_STYLE('',(#14746));
#14746 = FILL_AREA_STYLE_COLOUR('',#13913);
#14747 = OVER_RIDING_STYLED_ITEM('overriding color',(#14748),#8715,
  #13866);
#14748 = PRESENTATION_STYLE_ASSIGNMENT((#14749));
#14749 = SURFACE_STYLE_USAGE(.BOTH.,#14750);
#14750 = SURFACE_SIDE_STYLE('',(#14751));
#14751 = SURFACE_STYLE_FILL_AREA(#14752);
#14752 = FILL_AREA_STYLE('',(#14753));
#14753 = FILL_AREA_STYLE_COLOUR('',#13913);
#14754 = OVER_RIDING_STYLED_ITEM('overriding color',(#14755),#8737,
  #13866);
#14755 = PRESENTATION_STYLE_ASSIGNMENT((#14756));
#14756 = SURFACE_STYLE_USAGE(.BOTH.,#14757);
#14757 = SURFACE_SIDE_STYLE('',(#14758));
#14758 = SURFACE_STYLE_FILL_AREA(#14759);
#14759 = FILL_AREA_STYLE('',(#14760));
#14760 = FILL_AREA_STYLE_COLOUR('',#13913);
#14761 = OVER_RIDING_STYLED_ITEM('overriding color',(#14762),#8754,
  #13866);
#14762 = PRESENTATION_STYLE_ASSIGNMENT((#14763));
#14763 = SURFACE_STYLE_USAGE(.BOTH.,#14764);
#14764 = SURFACE_SIDE_STYLE('',(#14765));
#14765 = SURFACE_STYLE_FILL_AREA(#14766);
#14766 = FILL_AREA_STYLE('',(#14767));
#14767 = FILL_AREA_STYLE_COLOUR('',#13913);
#14768 = OVER_RIDING_STYLED_ITEM('overriding color',(#14769),#8776,
  #13866);
#14769 = PRESENTATION_STYLE_ASSIGNMENT((#14770));
#14770 = SURFACE_STYLE_USAGE(.BOTH.,#14771);
#14771 = SURFACE_SIDE_STYLE('',(#14772));
#14772 = SURFACE_STYLE_FILL_AREA(#14773);
#14773 = FILL_AREA_STYLE('',(#14774));
#14774 = FILL_AREA_STYLE_COLOUR('',#13913);
#14775 = OVER_RIDING_STYLED_ITEM('overriding color',(#14776),#8811,
  #13866);
#14776 = PRESENTATION_STYLE_ASSIGNMENT((#14777));
#14777 = SURFACE_STYLE_USAGE(.BOTH.,#14778);
#14778 = SURFACE_SIDE_STYLE('',(#14779));
#14779 = SURFACE_STYLE_FILL_AREA(#14780);
#14780 = FILL_AREA_STYLE('',(#14781));
#14781 = FILL_AREA_STYLE_COLOUR('',#13913);
#14782 = OVER_RIDING_STYLED_ITEM('overriding color',(#14783),#8844,
  #13866);
#14783 = PRESENTATION_STYLE_ASSIGNMENT((#14784));
#14784 = SURFACE_STYLE_USAGE(.BOTH.,#14785);
#14785 = SURFACE_SIDE_STYLE('',(#14786));
#14786 = SURFACE_STYLE_FILL_AREA(#14787);
#14787 = FILL_AREA_STYLE('',(#14788));
#14788 = FILL_AREA_STYLE_COLOUR('',#13913);
#14789 = OVER_RIDING_STYLED_ITEM('overriding color',(#14790),#8882,
  #13866);
#14790 = PRESENTATION_STYLE_ASSIGNMENT((#14791));
#14791 = SURFACE_STYLE_USAGE(.BOTH.,#14792);
#14792 = SURFACE_SIDE_STYLE('',(#14793));
#14793 = SURFACE_STYLE_FILL_AREA(#14794);
#14794 = FILL_AREA_STYLE('',(#14795));
#14795 = FILL_AREA_STYLE_COLOUR('',#13913);
#14796 = OVER_RIDING_STYLED_ITEM('overriding color',(#14797),#8918,
  #13866);
#14797 = PRESENTATION_STYLE_ASSIGNMENT((#14798));
#14798 = SURFACE_STYLE_USAGE(.BOTH.,#14799);
#14799 = SURFACE_SIDE_STYLE('',(#14800));
#14800 = SURFACE_STYLE_FILL_AREA(#14801);
#14801 = FILL_AREA_STYLE('',(#14802));
#14802 = FILL_AREA_STYLE_COLOUR('',#13913);
#14803 = OVER_RIDING_STYLED_ITEM('overriding color',(#14804),#8935,
  #13866);
#14804 = PRESENTATION_STYLE_ASSIGNMENT((#14805));
#14805 = SURFACE_STYLE_USAGE(.BOTH.,#14806);
#14806 = SURFACE_SIDE_STYLE('',(#14807));
#14807 = SURFACE_STYLE_FILL_AREA(#14808);
#14808 = FILL_AREA_STYLE('',(#14809));
#14809 = FILL_AREA_STYLE_COLOUR('',#13913);
#14810 = OVER_RIDING_STYLED_ITEM('overriding color',(#14811),#8967,
  #13866);
#14811 = PRESENTATION_STYLE_ASSIGNMENT((#14812));
#14812 = SURFACE_STYLE_USAGE(.BOTH.,#14813);
#14813 = SURFACE_SIDE_STYLE('',(#14814));
#14814 = SURFACE_STYLE_FILL_AREA(#14815);
#14815 = FILL_AREA_STYLE('',(#14816));
#14816 = FILL_AREA_STYLE_COLOUR('',#13913);
#14817 = OVER_RIDING_STYLED_ITEM('overriding color',(#14818),#8989,
  #13866);
#14818 = PRESENTATION_STYLE_ASSIGNMENT((#14819));
#14819 = SURFACE_STYLE_USAGE(.BOTH.,#14820);
#14820 = SURFACE_SIDE_STYLE('',(#14821));
#14821 = SURFACE_STYLE_FILL_AREA(#14822);
#14822 = FILL_AREA_STYLE('',(#14823));
#14823 = FILL_AREA_STYLE_COLOUR('',#13913);
#14824 = OVER_RIDING_STYLED_ITEM('overriding color',(#14825),#9022,
  #13866);
#14825 = PRESENTATION_STYLE_ASSIGNMENT((#14826));
#14826 = SURFACE_STYLE_USAGE(.BOTH.,#14827);
#14827 = SURFACE_SIDE_STYLE('',(#14828));
#14828 = SURFACE_STYLE_FILL_AREA(#14829);
#14829 = FILL_AREA_STYLE('',(#14830));
#14830 = FILL_AREA_STYLE_COLOUR('',#13913);
#14831 = OVER_RIDING_STYLED_ITEM('overriding color',(#14832),#9048,
  #13866);
#14832 = PRESENTATION_STYLE_ASSIGNMENT((#14833));
#14833 = SURFACE_STYLE_USAGE(.BOTH.,#14834);
#14834 = SURFACE_SIDE_STYLE('',(#14835));
#14835 = SURFACE_STYLE_FILL_AREA(#14836);
#14836 = FILL_AREA_STYLE('',(#14837));
#14837 = FILL_AREA_STYLE_COLOUR('',#13913);
#14838 = OVER_RIDING_STYLED_ITEM('overriding color',(#14839),#9065,
  #13866);
#14839 = PRESENTATION_STYLE_ASSIGNMENT((#14840));
#14840 = SURFACE_STYLE_USAGE(.BOTH.,#14841);
#14841 = SURFACE_SIDE_STYLE('',(#14842));
#14842 = SURFACE_STYLE_FILL_AREA(#14843);
#14843 = FILL_AREA_STYLE('',(#14844));
#14844 = FILL_AREA_STYLE_COLOUR('',#13913);
#14845 = OVER_RIDING_STYLED_ITEM('overriding color',(#14846),#9100,
  #13866);
#14846 = PRESENTATION_STYLE_ASSIGNMENT((#14847));
#14847 = SURFACE_STYLE_USAGE(.BOTH.,#14848);
#14848 = SURFACE_SIDE_STYLE('',(#14849));
#14849 = SURFACE_STYLE_FILL_AREA(#14850);
#14850 = FILL_AREA_STYLE('',(#14851));
#14851 = FILL_AREA_STYLE_COLOUR('',#13913);
#14852 = OVER_RIDING_STYLED_ITEM('overriding color',(#14853),#9133,
  #13866);
#14853 = PRESENTATION_STYLE_ASSIGNMENT((#14854));
#14854 = SURFACE_STYLE_USAGE(.BOTH.,#14855);
#14855 = SURFACE_SIDE_STYLE('',(#14856));
#14856 = SURFACE_STYLE_FILL_AREA(#14857);
#14857 = FILL_AREA_STYLE('',(#14858));
#14858 = FILL_AREA_STYLE_COLOUR('',#13913);
#14859 = OVER_RIDING_STYLED_ITEM('overriding color',(#14860),#9171,
  #13866);
#14860 = PRESENTATION_STYLE_ASSIGNMENT((#14861));
#14861 = SURFACE_STYLE_USAGE(.BOTH.,#14862);
#14862 = SURFACE_SIDE_STYLE('',(#14863));
#14863 = SURFACE_STYLE_FILL_AREA(#14864);
#14864 = FILL_AREA_STYLE('',(#14865));
#14865 = FILL_AREA_STYLE_COLOUR('',#13913);
#14866 = OVER_RIDING_STYLED_ITEM('overriding color',(#14867),#9207,
  #13866);
#14867 = PRESENTATION_STYLE_ASSIGNMENT((#14868));
#14868 = SURFACE_STYLE_USAGE(.BOTH.,#14869);
#14869 = SURFACE_SIDE_STYLE('',(#14870));
#14870 = SURFACE_STYLE_FILL_AREA(#14871);
#14871 = FILL_AREA_STYLE('',(#14872));
#14872 = FILL_AREA_STYLE_COLOUR('',#13913);
#14873 = OVER_RIDING_STYLED_ITEM('overriding color',(#14874),#9224,
  #13866);
#14874 = PRESENTATION_STYLE_ASSIGNMENT((#14875));
#14875 = SURFACE_STYLE_USAGE(.BOTH.,#14876);
#14876 = SURFACE_SIDE_STYLE('',(#14877));
#14877 = SURFACE_STYLE_FILL_AREA(#14878);
#14878 = FILL_AREA_STYLE('',(#14879));
#14879 = FILL_AREA_STYLE_COLOUR('',#13913);
#14880 = OVER_RIDING_STYLED_ITEM('overriding color',(#14881),#9258,
  #13866);
#14881 = PRESENTATION_STYLE_ASSIGNMENT((#14882));
#14882 = SURFACE_STYLE_USAGE(.BOTH.,#14883);
#14883 = SURFACE_SIDE_STYLE('',(#14884));
#14884 = SURFACE_STYLE_FILL_AREA(#14885);
#14885 = FILL_AREA_STYLE('',(#14886));
#14886 = FILL_AREA_STYLE_COLOUR('',#13913);
#14887 = OVER_RIDING_STYLED_ITEM('overriding color',(#14888),#9283,
  #13866);
#14888 = PRESENTATION_STYLE_ASSIGNMENT((#14889));
#14889 = SURFACE_STYLE_USAGE(.BOTH.,#14890);
#14890 = SURFACE_SIDE_STYLE('',(#14891));
#14891 = SURFACE_STYLE_FILL_AREA(#14892);
#14892 = FILL_AREA_STYLE('',(#14893));
#14893 = FILL_AREA_STYLE_COLOUR('',#13913);
#14894 = OVER_RIDING_STYLED_ITEM('overriding color',(#14895),#9300,
  #13866);
#14895 = PRESENTATION_STYLE_ASSIGNMENT((#14896));
#14896 = SURFACE_STYLE_USAGE(.BOTH.,#14897);
#14897 = SURFACE_SIDE_STYLE('',(#14898));
#14898 = SURFACE_STYLE_FILL_AREA(#14899);
#14899 = FILL_AREA_STYLE('',(#14900));
#14900 = FILL_AREA_STYLE_COLOUR('',#13913);
#14901 = OVER_RIDING_STYLED_ITEM('overriding color',(#14902),#9317,
  #13866);
#14902 = PRESENTATION_STYLE_ASSIGNMENT((#14903));
#14903 = SURFACE_STYLE_USAGE(.BOTH.,#14904);
#14904 = SURFACE_SIDE_STYLE('',(#14905));
#14905 = SURFACE_STYLE_FILL_AREA(#14906);
#14906 = FILL_AREA_STYLE('',(#14907));
#14907 = FILL_AREA_STYLE_COLOUR('',#13913);
#14908 = OVER_RIDING_STYLED_ITEM('overriding color',(#14909),#9351,
  #13866);
#14909 = PRESENTATION_STYLE_ASSIGNMENT((#14910));
#14910 = SURFACE_STYLE_USAGE(.BOTH.,#14911);
#14911 = SURFACE_SIDE_STYLE('',(#14912));
#14912 = SURFACE_STYLE_FILL_AREA(#14913);
#14913 = FILL_AREA_STYLE('',(#14914));
#14914 = FILL_AREA_STYLE_COLOUR('',#13913);
#14915 = OVER_RIDING_STYLED_ITEM('overriding color',(#14916),#9376,
  #13866);
#14916 = PRESENTATION_STYLE_ASSIGNMENT((#14917));
#14917 = SURFACE_STYLE_USAGE(.BOTH.,#14918);
#14918 = SURFACE_SIDE_STYLE('',(#14919));
#14919 = SURFACE_STYLE_FILL_AREA(#14920);
#14920 = FILL_AREA_STYLE('',(#14921));
#14921 = FILL_AREA_STYLE_COLOUR('',#13913);
#14922 = OVER_RIDING_STYLED_ITEM('overriding color',(#14923),#9393,
  #13866);
#14923 = PRESENTATION_STYLE_ASSIGNMENT((#14924));
#14924 = SURFACE_STYLE_USAGE(.BOTH.,#14925);
#14925 = SURFACE_SIDE_STYLE('',(#14926));
#14926 = SURFACE_STYLE_FILL_AREA(#14927);
#14927 = FILL_AREA_STYLE('',(#14928));
#14928 = FILL_AREA_STYLE_COLOUR('',#13913);
#14929 = OVER_RIDING_STYLED_ITEM('overriding color',(#14930),#9429,
  #13866);
#14930 = PRESENTATION_STYLE_ASSIGNMENT((#14931));
#14931 = SURFACE_STYLE_USAGE(.BOTH.,#14932);
#14932 = SURFACE_SIDE_STYLE('',(#14933));
#14933 = SURFACE_STYLE_FILL_AREA(#14934);
#14934 = FILL_AREA_STYLE('',(#14935));
#14935 = FILL_AREA_STYLE_COLOUR('',#13913);
#14936 = OVER_RIDING_STYLED_ITEM('overriding color',(#14937),#9462,
  #13866);
#14937 = PRESENTATION_STYLE_ASSIGNMENT((#14938));
#14938 = SURFACE_STYLE_USAGE(.BOTH.,#14939);
#14939 = SURFACE_SIDE_STYLE('',(#14940));
#14940 = SURFACE_STYLE_FILL_AREA(#14941);
#14941 = FILL_AREA_STYLE('',(#14942));
#14942 = FILL_AREA_STYLE_COLOUR('',#13913);
#14943 = OVER_RIDING_STYLED_ITEM('overriding color',(#14944),#9500,
  #13866);
#14944 = PRESENTATION_STYLE_ASSIGNMENT((#14945));
#14945 = SURFACE_STYLE_USAGE(.BOTH.,#14946);
#14946 = SURFACE_SIDE_STYLE('',(#14947));
#14947 = SURFACE_STYLE_FILL_AREA(#14948);
#14948 = FILL_AREA_STYLE('',(#14949));
#14949 = FILL_AREA_STYLE_COLOUR('',#13913);
#14950 = OVER_RIDING_STYLED_ITEM('overriding color',(#14951),#9536,
  #13866);
#14951 = PRESENTATION_STYLE_ASSIGNMENT((#14952));
#14952 = SURFACE_STYLE_USAGE(.BOTH.,#14953);
#14953 = SURFACE_SIDE_STYLE('',(#14954));
#14954 = SURFACE_STYLE_FILL_AREA(#14955);
#14955 = FILL_AREA_STYLE('',(#14956));
#14956 = FILL_AREA_STYLE_COLOUR('',#13913);
#14957 = OVER_RIDING_STYLED_ITEM('overriding color',(#14958),#9553,
  #13866);
#14958 = PRESENTATION_STYLE_ASSIGNMENT((#14959));
#14959 = SURFACE_STYLE_USAGE(.BOTH.,#14960);
#14960 = SURFACE_SIDE_STYLE('',(#14961));
#14961 = SURFACE_STYLE_FILL_AREA(#14962);
#14962 = FILL_AREA_STYLE('',(#14963));
#14963 = FILL_AREA_STYLE_COLOUR('',#13913);
#14964 = OVER_RIDING_STYLED_ITEM('overriding color',(#14965),#9573,
  #13866);
#14965 = PRESENTATION_STYLE_ASSIGNMENT((#14966));
#14966 = SURFACE_STYLE_USAGE(.BOTH.,#14967);
#14967 = SURFACE_SIDE_STYLE('',(#14968));
#14968 = SURFACE_STYLE_FILL_AREA(#14969);
#14969 = FILL_AREA_STYLE('',(#14970));
#14970 = FILL_AREA_STYLE_COLOUR('',#13913);
#14971 = OVER_RIDING_STYLED_ITEM('overriding color',(#14972),#9611,
  #13866);
#14972 = PRESENTATION_STYLE_ASSIGNMENT((#14973));
#14973 = SURFACE_STYLE_USAGE(.BOTH.,#14974);
#14974 = SURFACE_SIDE_STYLE('',(#14975));
#14975 = SURFACE_STYLE_FILL_AREA(#14976);
#14976 = FILL_AREA_STYLE('',(#14977));
#14977 = FILL_AREA_STYLE_COLOUR('',#13913);
#14978 = OVER_RIDING_STYLED_ITEM('overriding color',(#14979),#9649,
  #13866);
#14979 = PRESENTATION_STYLE_ASSIGNMENT((#14980));
#14980 = SURFACE_STYLE_USAGE(.BOTH.,#14981);
#14981 = SURFACE_SIDE_STYLE('',(#14982));
#14982 = SURFACE_STYLE_FILL_AREA(#14983);
#14983 = FILL_AREA_STYLE('',(#14984));
#14984 = FILL_AREA_STYLE_COLOUR('',#13913);
#14985 = OVER_RIDING_STYLED_ITEM('overriding color',(#14986),#9666,
  #13866);
#14986 = PRESENTATION_STYLE_ASSIGNMENT((#14987));
#14987 = SURFACE_STYLE_USAGE(.BOTH.,#14988);
#14988 = SURFACE_SIDE_STYLE('',(#14989));
#14989 = SURFACE_STYLE_FILL_AREA(#14990);
#14990 = FILL_AREA_STYLE('',(#14991));
#14991 = FILL_AREA_STYLE_COLOUR('',#13913);
#14992 = OVER_RIDING_STYLED_ITEM('overriding color',(#14993),#9683,
  #13866);
#14993 = PRESENTATION_STYLE_ASSIGNMENT((#14994));
#14994 = SURFACE_STYLE_USAGE(.BOTH.,#14995);
#14995 = SURFACE_SIDE_STYLE('',(#14996));
#14996 = SURFACE_STYLE_FILL_AREA(#14997);
#14997 = FILL_AREA_STYLE('',(#14998));
#14998 = FILL_AREA_STYLE_COLOUR('',#13913);
#14999 = OVER_RIDING_STYLED_ITEM('overriding color',(#15000),#9700,
  #13866);
#15000 = PRESENTATION_STYLE_ASSIGNMENT((#15001));
#15001 = SURFACE_STYLE_USAGE(.BOTH.,#15002);
#15002 = SURFACE_SIDE_STYLE('',(#15003));
#15003 = SURFACE_STYLE_FILL_AREA(#15004);
#15004 = FILL_AREA_STYLE('',(#15005));
#15005 = FILL_AREA_STYLE_COLOUR('',#13913);
#15006 = OVER_RIDING_STYLED_ITEM('overriding color',(#15007),#9733,
  #13866);
#15007 = PRESENTATION_STYLE_ASSIGNMENT((#15008));
#15008 = SURFACE_STYLE_USAGE(.BOTH.,#15009);
#15009 = SURFACE_SIDE_STYLE('',(#15010));
#15010 = SURFACE_STYLE_FILL_AREA(#15011);
#15011 = FILL_AREA_STYLE('',(#15012));
#15012 = FILL_AREA_STYLE_COLOUR('',#13913);
#15013 = OVER_RIDING_STYLED_ITEM('overriding color',(#15014),#9771,
  #13866);
#15014 = PRESENTATION_STYLE_ASSIGNMENT((#15015));
#15015 = SURFACE_STYLE_USAGE(.BOTH.,#15016);
#15016 = SURFACE_SIDE_STYLE('',(#15017));
#15017 = SURFACE_STYLE_FILL_AREA(#15018);
#15018 = FILL_AREA_STYLE('',(#15019));
#15019 = FILL_AREA_STYLE_COLOUR('',#13913);
#15020 = OVER_RIDING_STYLED_ITEM('overriding color',(#15021),#9809,
  #13866);
#15021 = PRESENTATION_STYLE_ASSIGNMENT((#15022));
#15022 = SURFACE_STYLE_USAGE(.BOTH.,#15023);
#15023 = SURFACE_SIDE_STYLE('',(#15024));
#15024 = SURFACE_STYLE_FILL_AREA(#15025);
#15025 = FILL_AREA_STYLE('',(#15026));
#15026 = FILL_AREA_STYLE_COLOUR('',#13913);
#15027 = OVER_RIDING_STYLED_ITEM('overriding color',(#15028),#9847,
  #13866);
#15028 = PRESENTATION_STYLE_ASSIGNMENT((#15029));
#15029 = SURFACE_STYLE_USAGE(.BOTH.,#15030);
#15030 = SURFACE_SIDE_STYLE('',(#15031));
#15031 = SURFACE_STYLE_FILL_AREA(#15032);
#15032 = FILL_AREA_STYLE('',(#15033));
#15033 = FILL_AREA_STYLE_COLOUR('',#13913);
#15034 = OVER_RIDING_STYLED_ITEM('overriding color',(#15035),#9864,
  #13866);
#15035 = PRESENTATION_STYLE_ASSIGNMENT((#15036));
#15036 = SURFACE_STYLE_USAGE(.BOTH.,#15037);
#15037 = SURFACE_SIDE_STYLE('',(#15038));
#15038 = SURFACE_STYLE_FILL_AREA(#15039);
#15039 = FILL_AREA_STYLE('',(#15040));
#15040 = FILL_AREA_STYLE_COLOUR('',#13913);
#15041 = OVER_RIDING_STYLED_ITEM('overriding color',(#15042),#9881,
  #13866);
#15042 = PRESENTATION_STYLE_ASSIGNMENT((#15043));
#15043 = SURFACE_STYLE_USAGE(.BOTH.,#15044);
#15044 = SURFACE_SIDE_STYLE('',(#15045));
#15045 = SURFACE_STYLE_FILL_AREA(#15046);
#15046 = FILL_AREA_STYLE('',(#15047));
#15047 = FILL_AREA_STYLE_COLOUR('',#13913);
#15048 = OVER_RIDING_STYLED_ITEM('overriding color',(#15049),#9898,
  #13866);
#15049 = PRESENTATION_STYLE_ASSIGNMENT((#15050));
#15050 = SURFACE_STYLE_USAGE(.BOTH.,#15051);
#15051 = SURFACE_SIDE_STYLE('',(#15052));
#15052 = SURFACE_STYLE_FILL_AREA(#15053);
#15053 = FILL_AREA_STYLE('',(#15054));
#15054 = FILL_AREA_STYLE_COLOUR('',#13913);
#15055 = OVER_RIDING_STYLED_ITEM('overriding color',(#15056),#9915,
  #13866);
#15056 = PRESENTATION_STYLE_ASSIGNMENT((#15057));
#15057 = SURFACE_STYLE_USAGE(.BOTH.,#15058);
#15058 = SURFACE_SIDE_STYLE('',(#15059));
#15059 = SURFACE_STYLE_FILL_AREA(#15060);
#15060 = FILL_AREA_STYLE('',(#15061));
#15061 = FILL_AREA_STYLE_COLOUR('',#13913);
#15062 = OVER_RIDING_STYLED_ITEM('overriding color',(#15063),#9932,
  #13866);
#15063 = PRESENTATION_STYLE_ASSIGNMENT((#15064));
#15064 = SURFACE_STYLE_USAGE(.BOTH.,#15065);
#15065 = SURFACE_SIDE_STYLE('',(#15066));
#15066 = SURFACE_STYLE_FILL_AREA(#15067);
#15067 = FILL_AREA_STYLE('',(#15068));
#15068 = FILL_AREA_STYLE_COLOUR('',#13913);
#15069 = OVER_RIDING_STYLED_ITEM('overriding color',(#15070),#9965,
  #13866);
#15070 = PRESENTATION_STYLE_ASSIGNMENT((#15071));
#15071 = SURFACE_STYLE_USAGE(.BOTH.,#15072);
#15072 = SURFACE_SIDE_STYLE('',(#15073));
#15073 = SURFACE_STYLE_FILL_AREA(#15074);
#15074 = FILL_AREA_STYLE('',(#15075));
#15075 = FILL_AREA_STYLE_COLOUR('',#13913);
#15076 = OVER_RIDING_STYLED_ITEM('overriding color',(#15077),#10003,
  #13866);
#15077 = PRESENTATION_STYLE_ASSIGNMENT((#15078));
#15078 = SURFACE_STYLE_USAGE(.BOTH.,#15079);
#15079 = SURFACE_SIDE_STYLE('',(#15080));
#15080 = SURFACE_STYLE_FILL_AREA(#15081);
#15081 = FILL_AREA_STYLE('',(#15082));
#15082 = FILL_AREA_STYLE_COLOUR('',#13913);
#15083 = OVER_RIDING_STYLED_ITEM('overriding color',(#15084),#10041,
  #13866);
#15084 = PRESENTATION_STYLE_ASSIGNMENT((#15085));
#15085 = SURFACE_STYLE_USAGE(.BOTH.,#15086);
#15086 = SURFACE_SIDE_STYLE('',(#15087));
#15087 = SURFACE_STYLE_FILL_AREA(#15088);
#15088 = FILL_AREA_STYLE('',(#15089));
#15089 = FILL_AREA_STYLE_COLOUR('',#13913);
#15090 = OVER_RIDING_STYLED_ITEM('overriding color',(#15091),#10079,
  #13866);
#15091 = PRESENTATION_STYLE_ASSIGNMENT((#15092));
#15092 = SURFACE_STYLE_USAGE(.BOTH.,#15093);
#15093 = SURFACE_SIDE_STYLE('',(#15094));
#15094 = SURFACE_STYLE_FILL_AREA(#15095);
#15095 = FILL_AREA_STYLE('',(#15096));
#15096 = FILL_AREA_STYLE_COLOUR('',#13913);
#15097 = OVER_RIDING_STYLED_ITEM('overriding color',(#15098),#10096,
  #13866);
#15098 = PRESENTATION_STYLE_ASSIGNMENT((#15099));
#15099 = SURFACE_STYLE_USAGE(.BOTH.,#15100);
#15100 = SURFACE_SIDE_STYLE('',(#15101));
#15101 = SURFACE_STYLE_FILL_AREA(#15102);
#15102 = FILL_AREA_STYLE('',(#15103));
#15103 = FILL_AREA_STYLE_COLOUR('',#13913);
#15104 = OVER_RIDING_STYLED_ITEM('overriding color',(#15105),#10113,
  #13866);
#15105 = PRESENTATION_STYLE_ASSIGNMENT((#15106));
#15106 = SURFACE_STYLE_USAGE(.BOTH.,#15107);
#15107 = SURFACE_SIDE_STYLE('',(#15108));
#15108 = SURFACE_STYLE_FILL_AREA(#15109);
#15109 = FILL_AREA_STYLE('',(#15110));
#15110 = FILL_AREA_STYLE_COLOUR('',#13913);
#15111 = OVER_RIDING_STYLED_ITEM('overriding color',(#15112),#10130,
  #13866);
#15112 = PRESENTATION_STYLE_ASSIGNMENT((#15113));
#15113 = SURFACE_STYLE_USAGE(.BOTH.,#15114);
#15114 = SURFACE_SIDE_STYLE('',(#15115));
#15115 = SURFACE_STYLE_FILL_AREA(#15116);
#15116 = FILL_AREA_STYLE('',(#15117));
#15117 = FILL_AREA_STYLE_COLOUR('',#13913);
#15118 = OVER_RIDING_STYLED_ITEM('overriding color',(#15119),#10163,
  #13866);
#15119 = PRESENTATION_STYLE_ASSIGNMENT((#15120));
#15120 = SURFACE_STYLE_USAGE(.BOTH.,#15121);
#15121 = SURFACE_SIDE_STYLE('',(#15122));
#15122 = SURFACE_STYLE_FILL_AREA(#15123);
#15123 = FILL_AREA_STYLE('',(#15124));
#15124 = FILL_AREA_STYLE_COLOUR('',#13913);
#15125 = OVER_RIDING_STYLED_ITEM('overriding color',(#15126),#10201,
  #13866);
#15126 = PRESENTATION_STYLE_ASSIGNMENT((#15127));
#15127 = SURFACE_STYLE_USAGE(.BOTH.,#15128);
#15128 = SURFACE_SIDE_STYLE('',(#15129));
#15129 = SURFACE_STYLE_FILL_AREA(#15130);
#15130 = FILL_AREA_STYLE('',(#15131));
#15131 = FILL_AREA_STYLE_COLOUR('',#13913);
#15132 = OVER_RIDING_STYLED_ITEM('overriding color',(#15133),#10239,
  #13866);
#15133 = PRESENTATION_STYLE_ASSIGNMENT((#15134));
#15134 = SURFACE_STYLE_USAGE(.BOTH.,#15135);
#15135 = SURFACE_SIDE_STYLE('',(#15136));
#15136 = SURFACE_STYLE_FILL_AREA(#15137);
#15137 = FILL_AREA_STYLE('',(#15138));
#15138 = FILL_AREA_STYLE_COLOUR('',#13913);
#15139 = OVER_RIDING_STYLED_ITEM('overriding color',(#15140),#10277,
  #13866);
#15140 = PRESENTATION_STYLE_ASSIGNMENT((#15141));
#15141 = SURFACE_STYLE_USAGE(.BOTH.,#15142);
#15142 = SURFACE_SIDE_STYLE('',(#15143));
#15143 = SURFACE_STYLE_FILL_AREA(#15144);
#15144 = FILL_AREA_STYLE('',(#15145));
#15145 = FILL_AREA_STYLE_COLOUR('',#13913);
#15146 = OVER_RIDING_STYLED_ITEM('overriding color',(#15147),#10294,
  #13866);
#15147 = PRESENTATION_STYLE_ASSIGNMENT((#15148));
#15148 = SURFACE_STYLE_USAGE(.BOTH.,#15149);
#15149 = SURFACE_SIDE_STYLE('',(#15150));
#15150 = SURFACE_STYLE_FILL_AREA(#15151);
#15151 = FILL_AREA_STYLE('',(#15152));
#15152 = FILL_AREA_STYLE_COLOUR('',#13913);
#15153 = OVER_RIDING_STYLED_ITEM('overriding color',(#15154),#10311,
  #13866);
#15154 = PRESENTATION_STYLE_ASSIGNMENT((#15155));
#15155 = SURFACE_STYLE_USAGE(.BOTH.,#15156);
#15156 = SURFACE_SIDE_STYLE('',(#15157));
#15157 = SURFACE_STYLE_FILL_AREA(#15158);
#15158 = FILL_AREA_STYLE('',(#15159));
#15159 = FILL_AREA_STYLE_COLOUR('',#13913);
#15160 = OVER_RIDING_STYLED_ITEM('overriding color',(#15161),#10328,
  #13866);
#15161 = PRESENTATION_STYLE_ASSIGNMENT((#15162));
#15162 = SURFACE_STYLE_USAGE(.BOTH.,#15163);
#15163 = SURFACE_SIDE_STYLE('',(#15164));
#15164 = SURFACE_STYLE_FILL_AREA(#15165);
#15165 = FILL_AREA_STYLE('',(#15166));
#15166 = FILL_AREA_STYLE_COLOUR('',#13913);
#15167 = OVER_RIDING_STYLED_ITEM('overriding color',(#15168),#10345,
  #13866);
#15168 = PRESENTATION_STYLE_ASSIGNMENT((#15169));
#15169 = SURFACE_STYLE_USAGE(.BOTH.,#15170);
#15170 = SURFACE_SIDE_STYLE('',(#15171));
#15171 = SURFACE_STYLE_FILL_AREA(#15172);
#15172 = FILL_AREA_STYLE('',(#15173));
#15173 = FILL_AREA_STYLE_COLOUR('',#13913);
#15174 = OVER_RIDING_STYLED_ITEM('overriding color',(#15175),#10362,
  #13866);
#15175 = PRESENTATION_STYLE_ASSIGNMENT((#15176));
#15176 = SURFACE_STYLE_USAGE(.BOTH.,#15177);
#15177 = SURFACE_SIDE_STYLE('',(#15178));
#15178 = SURFACE_STYLE_FILL_AREA(#15179);
#15179 = FILL_AREA_STYLE('',(#15180));
#15180 = FILL_AREA_STYLE_COLOUR('',#13913);
#15181 = OVER_RIDING_STYLED_ITEM('overriding color',(#15182),#10395,
  #13866);
#15182 = PRESENTATION_STYLE_ASSIGNMENT((#15183));
#15183 = SURFACE_STYLE_USAGE(.BOTH.,#15184);
#15184 = SURFACE_SIDE_STYLE('',(#15185));
#15185 = SURFACE_STYLE_FILL_AREA(#15186);
#15186 = FILL_AREA_STYLE('',(#15187));
#15187 = FILL_AREA_STYLE_COLOUR('',#13913);
#15188 = OVER_RIDING_STYLED_ITEM('overriding color',(#15189),#10433,
  #13866);
#15189 = PRESENTATION_STYLE_ASSIGNMENT((#15190));
#15190 = SURFACE_STYLE_USAGE(.BOTH.,#15191);
#15191 = SURFACE_SIDE_STYLE('',(#15192));
#15192 = SURFACE_STYLE_FILL_AREA(#15193);
#15193 = FILL_AREA_STYLE('',(#15194));
#15194 = FILL_AREA_STYLE_COLOUR('',#13884);
#15195 = OVER_RIDING_STYLED_ITEM('overriding color',(#15196),#10443,
  #13866);
#15196 = PRESENTATION_STYLE_ASSIGNMENT((#15197));
#15197 = SURFACE_STYLE_USAGE(.BOTH.,#15198);
#15198 = SURFACE_SIDE_STYLE('',(#15199));
#15199 = SURFACE_STYLE_FILL_AREA(#15200);
#15200 = FILL_AREA_STYLE('',(#15201));
#15201 = FILL_AREA_STYLE_COLOUR('',#13913);
#15202 = OVER_RIDING_STYLED_ITEM('overriding color',(#15203),#10461,
  #13866);
#15203 = PRESENTATION_STYLE_ASSIGNMENT((#15204));
#15204 = SURFACE_STYLE_USAGE(.BOTH.,#15205);
#15205 = SURFACE_SIDE_STYLE('',(#15206));
#15206 = SURFACE_STYLE_FILL_AREA(#15207);
#15207 = FILL_AREA_STYLE('',(#15208));
#15208 = FILL_AREA_STYLE_COLOUR('',#13884);
#15209 = OVER_RIDING_STYLED_ITEM('overriding color',(#15210),#10479,
  #13866);
#15210 = PRESENTATION_STYLE_ASSIGNMENT((#15211));
#15211 = SURFACE_STYLE_USAGE(.BOTH.,#15212);
#15212 = SURFACE_SIDE_STYLE('',(#15213));
#15213 = SURFACE_STYLE_FILL_AREA(#15214);
#15214 = FILL_AREA_STYLE('',(#15215));
#15215 = FILL_AREA_STYLE_COLOUR('',#13913);
#15216 = OVER_RIDING_STYLED_ITEM('overriding color',(#15217),#10504,
  #13866);
#15217 = PRESENTATION_STYLE_ASSIGNMENT((#15218));
#15218 = SURFACE_STYLE_USAGE(.BOTH.,#15219);
#15219 = SURFACE_SIDE_STYLE('',(#15220));
#15220 = SURFACE_STYLE_FILL_AREA(#15221);
#15221 = FILL_AREA_STYLE('',(#15222));
#15222 = FILL_AREA_STYLE_COLOUR('',#13913);
#15223 = OVER_RIDING_STYLED_ITEM('overriding color',(#15224),#10536,
  #13866);
#15224 = PRESENTATION_STYLE_ASSIGNMENT((#15225));
#15225 = SURFACE_STYLE_USAGE(.BOTH.,#15226);
#15226 = SURFACE_SIDE_STYLE('',(#15227));
#15227 = SURFACE_STYLE_FILL_AREA(#15228);
#15228 = FILL_AREA_STYLE('',(#15229));
#15229 = FILL_AREA_STYLE_COLOUR('',#13884);
#15230 = OVER_RIDING_STYLED_ITEM('overriding color',(#15231),#10554,
  #13866);
#15231 = PRESENTATION_STYLE_ASSIGNMENT((#15232));
#15232 = SURFACE_STYLE_USAGE(.BOTH.,#15233);
#15233 = SURFACE_SIDE_STYLE('',(#15234));
#15234 = SURFACE_STYLE_FILL_AREA(#15235);
#15235 = FILL_AREA_STYLE('',(#15236));
#15236 = FILL_AREA_STYLE_COLOUR('',#13884);
#15237 = OVER_RIDING_STYLED_ITEM('overriding color',(#15238),#10572,
  #13866);
#15238 = PRESENTATION_STYLE_ASSIGNMENT((#15239));
#15239 = SURFACE_STYLE_USAGE(.BOTH.,#15240);
#15240 = SURFACE_SIDE_STYLE('',(#15241));
#15241 = SURFACE_STYLE_FILL_AREA(#15242);
#15242 = FILL_AREA_STYLE('',(#15243));
#15243 = FILL_AREA_STYLE_COLOUR('',#13913);
#15244 = OVER_RIDING_STYLED_ITEM('overriding color',(#15245),#10590,
  #13866);
#15245 = PRESENTATION_STYLE_ASSIGNMENT((#15246));
#15246 = SURFACE_STYLE_USAGE(.BOTH.,#15247);
#15247 = SURFACE_SIDE_STYLE('',(#15248));
#15248 = SURFACE_STYLE_FILL_AREA(#15249);
#15249 = FILL_AREA_STYLE('',(#15250));
#15250 = FILL_AREA_STYLE_COLOUR('',#13913);
#15251 = OVER_RIDING_STYLED_ITEM('overriding color',(#15252),#10608,
  #13866);
#15252 = PRESENTATION_STYLE_ASSIGNMENT((#15253));
#15253 = SURFACE_STYLE_USAGE(.BOTH.,#15254);
#15254 = SURFACE_SIDE_STYLE('',(#15255));
#15255 = SURFACE_STYLE_FILL_AREA(#15256);
#15256 = FILL_AREA_STYLE('',(#15257));
#15257 = FILL_AREA_STYLE_COLOUR('',#13913);
#15258 = OVER_RIDING_STYLED_ITEM('overriding color',(#15259),#10626,
  #13866);
#15259 = PRESENTATION_STYLE_ASSIGNMENT((#15260));
#15260 = SURFACE_STYLE_USAGE(.BOTH.,#15261);
#15261 = SURFACE_SIDE_STYLE('',(#15262));
#15262 = SURFACE_STYLE_FILL_AREA(#15263);
#15263 = FILL_AREA_STYLE('',(#15264));
#15264 = FILL_AREA_STYLE_COLOUR('',#13913);
#15265 = OVER_RIDING_STYLED_ITEM('overriding color',(#15266),#10644,
  #13866);
#15266 = PRESENTATION_STYLE_ASSIGNMENT((#15267));
#15267 = SURFACE_STYLE_USAGE(.BOTH.,#15268);
#15268 = SURFACE_SIDE_STYLE('',(#15269));
#15269 = SURFACE_STYLE_FILL_AREA(#15270);
#15270 = FILL_AREA_STYLE('',(#15271));
#15271 = FILL_AREA_STYLE_COLOUR('',#13884);
#15272 = OVER_RIDING_STYLED_ITEM('overriding color',(#15273),#10660,
  #13866);
#15273 = PRESENTATION_STYLE_ASSIGNMENT((#15274));
#15274 = SURFACE_STYLE_USAGE(.BOTH.,#15275);
#15275 = SURFACE_SIDE_STYLE('',(#15276));
#15276 = SURFACE_STYLE_FILL_AREA(#15277);
#15277 = FILL_AREA_STYLE('',(#15278));
#15278 = FILL_AREA_STYLE_COLOUR('',#13884);
#15279 = OVER_RIDING_STYLED_ITEM('overriding color',(#15280),#10670,
  #13866);
#15280 = PRESENTATION_STYLE_ASSIGNMENT((#15281));
#15281 = SURFACE_STYLE_USAGE(.BOTH.,#15282);
#15282 = SURFACE_SIDE_STYLE('',(#15283));
#15283 = SURFACE_STYLE_FILL_AREA(#15284);
#15284 = FILL_AREA_STYLE('',(#15285));
#15285 = FILL_AREA_STYLE_COLOUR('',#13913);
#15286 = OVER_RIDING_STYLED_ITEM('overriding color',(#15287),#10695,
  #13866);
#15287 = PRESENTATION_STYLE_ASSIGNMENT((#15288));
#15288 = SURFACE_STYLE_USAGE(.BOTH.,#15289);
#15289 = SURFACE_SIDE_STYLE('',(#15290));
#15290 = SURFACE_STYLE_FILL_AREA(#15291);
#15291 = FILL_AREA_STYLE('',(#15292));
#15292 = FILL_AREA_STYLE_COLOUR('',#13913);
#15293 = OVER_RIDING_STYLED_ITEM('overriding color',(#15294),#10712,
  #13866);
#15294 = PRESENTATION_STYLE_ASSIGNMENT((#15295));
#15295 = SURFACE_STYLE_USAGE(.BOTH.,#15296);
#15296 = SURFACE_SIDE_STYLE('',(#15297));
#15297 = SURFACE_STYLE_FILL_AREA(#15298);
#15298 = FILL_AREA_STYLE('',(#15299));
#15299 = FILL_AREA_STYLE_COLOUR('',#13913);
#15300 = OVER_RIDING_STYLED_ITEM('overriding color',(#15301),#10724,
  #13866);
#15301 = PRESENTATION_STYLE_ASSIGNMENT((#15302));
#15302 = SURFACE_STYLE_USAGE(.BOTH.,#15303);
#15303 = SURFACE_SIDE_STYLE('',(#15304));
#15304 = SURFACE_STYLE_FILL_AREA(#15305);
#15305 = FILL_AREA_STYLE('',(#15306));
#15306 = FILL_AREA_STYLE_COLOUR('',#13913);
#15307 = OVER_RIDING_STYLED_ITEM('overriding color',(#15308),#10742,
  #13866);
#15308 = PRESENTATION_STYLE_ASSIGNMENT((#15309));
#15309 = SURFACE_STYLE_USAGE(.BOTH.,#15310);
#15310 = SURFACE_SIDE_STYLE('',(#15311));
#15311 = SURFACE_STYLE_FILL_AREA(#15312);
#15312 = FILL_AREA_STYLE('',(#15313));
#15313 = FILL_AREA_STYLE_COLOUR('',#13884);
#15314 = OVER_RIDING_STYLED_ITEM('overriding color',(#15315),#10758,
  #13866);
#15315 = PRESENTATION_STYLE_ASSIGNMENT((#15316));
#15316 = SURFACE_STYLE_USAGE(.BOTH.,#15317);
#15317 = SURFACE_SIDE_STYLE('',(#15318));
#15318 = SURFACE_STYLE_FILL_AREA(#15319);
#15319 = FILL_AREA_STYLE('',(#15320));
#15320 = FILL_AREA_STYLE_COLOUR('',#13884);
#15321 = OVER_RIDING_STYLED_ITEM('overriding color',(#15322),#10768,
  #13866);
#15322 = PRESENTATION_STYLE_ASSIGNMENT((#15323));
#15323 = SURFACE_STYLE_USAGE(.BOTH.,#15324);
#15324 = SURFACE_SIDE_STYLE('',(#15325));
#15325 = SURFACE_STYLE_FILL_AREA(#15326);
#15326 = FILL_AREA_STYLE('',(#15327));
#15327 = FILL_AREA_STYLE_COLOUR('',#13884);
#15328 = OVER_RIDING_STYLED_ITEM('overriding color',(#15329),#10778,
  #13866);
#15329 = PRESENTATION_STYLE_ASSIGNMENT((#15330));
#15330 = SURFACE_STYLE_USAGE(.BOTH.,#15331);
#15331 = SURFACE_SIDE_STYLE('',(#15332));
#15332 = SURFACE_STYLE_FILL_AREA(#15333);
#15333 = FILL_AREA_STYLE('',(#15334));
#15334 = FILL_AREA_STYLE_COLOUR('',#13913);
#15335 = OVER_RIDING_STYLED_ITEM('overriding color',(#15336),#10803,
  #13866);
#15336 = PRESENTATION_STYLE_ASSIGNMENT((#15337));
#15337 = SURFACE_STYLE_USAGE(.BOTH.,#15338);
#15338 = SURFACE_SIDE_STYLE('',(#15339));
#15339 = SURFACE_STYLE_FILL_AREA(#15340);
#15340 = FILL_AREA_STYLE('',(#15341));
#15341 = FILL_AREA_STYLE_COLOUR('',#13913);
#15342 = OVER_RIDING_STYLED_ITEM('overriding color',(#15343),#10820,
  #13866);
#15343 = PRESENTATION_STYLE_ASSIGNMENT((#15344));
#15344 = SURFACE_STYLE_USAGE(.BOTH.,#15345);
#15345 = SURFACE_SIDE_STYLE('',(#15346));
#15346 = SURFACE_STYLE_FILL_AREA(#15347);
#15347 = FILL_AREA_STYLE('',(#15348));
#15348 = FILL_AREA_STYLE_COLOUR('',#13913);
#15349 = OVER_RIDING_STYLED_ITEM('overriding color',(#15350),#10832,
  #13866);
#15350 = PRESENTATION_STYLE_ASSIGNMENT((#15351));
#15351 = SURFACE_STYLE_USAGE(.BOTH.,#15352);
#15352 = SURFACE_SIDE_STYLE('',(#15353));
#15353 = SURFACE_STYLE_FILL_AREA(#15354);
#15354 = FILL_AREA_STYLE('',(#15355));
#15355 = FILL_AREA_STYLE_COLOUR('',#13913);
#15356 = OVER_RIDING_STYLED_ITEM('overriding color',(#15357),#10850,
  #13866);
#15357 = PRESENTATION_STYLE_ASSIGNMENT((#15358));
#15358 = SURFACE_STYLE_USAGE(.BOTH.,#15359);
#15359 = SURFACE_SIDE_STYLE('',(#15360));
#15360 = SURFACE_STYLE_FILL_AREA(#15361);
#15361 = FILL_AREA_STYLE('',(#15362));
#15362 = FILL_AREA_STYLE_COLOUR('',#13913);
#15363 = OVER_RIDING_STYLED_ITEM('overriding color',(#15364),#10862,
  #13866);
#15364 = PRESENTATION_STYLE_ASSIGNMENT((#15365));
#15365 = SURFACE_STYLE_USAGE(.BOTH.,#15366);
#15366 = SURFACE_SIDE_STYLE('',(#15367));
#15367 = SURFACE_STYLE_FILL_AREA(#15368);
#15368 = FILL_AREA_STYLE('',(#15369));
#15369 = FILL_AREA_STYLE_COLOUR('',#13913);
#15370 = OVER_RIDING_STYLED_ITEM('overriding color',(#15371),#10879,
  #13866);
#15371 = PRESENTATION_STYLE_ASSIGNMENT((#15372));
#15372 = SURFACE_STYLE_USAGE(.BOTH.,#15373);
#15373 = SURFACE_SIDE_STYLE('',(#15374));
#15374 = SURFACE_STYLE_FILL_AREA(#15375);
#15375 = FILL_AREA_STYLE('',(#15376));
#15376 = FILL_AREA_STYLE_COLOUR('',#13913);
#15377 = OVER_RIDING_STYLED_ITEM('overriding color',(#15378),#10900,
  #13866);
#15378 = PRESENTATION_STYLE_ASSIGNMENT((#15379));
#15379 = SURFACE_STYLE_USAGE(.BOTH.,#15380);
#15380 = SURFACE_SIDE_STYLE('',(#15381));
#15381 = SURFACE_STYLE_FILL_AREA(#15382);
#15382 = FILL_AREA_STYLE('',(#15383));
#15383 = FILL_AREA_STYLE_COLOUR('',#13913);
#15384 = OVER_RIDING_STYLED_ITEM('overriding color',(#15385),#10925,
  #13866);
#15385 = PRESENTATION_STYLE_ASSIGNMENT((#15386));
#15386 = SURFACE_STYLE_USAGE(.BOTH.,#15387);
#15387 = SURFACE_SIDE_STYLE('',(#15388));
#15388 = SURFACE_STYLE_FILL_AREA(#15389);
#15389 = FILL_AREA_STYLE('',(#15390));
#15390 = FILL_AREA_STYLE_COLOUR('',#13913);
#15391 = OVER_RIDING_STYLED_ITEM('overriding color',(#15392),#10942,
  #13866);
#15392 = PRESENTATION_STYLE_ASSIGNMENT((#15393));
#15393 = SURFACE_STYLE_USAGE(.BOTH.,#15394);
#15394 = SURFACE_SIDE_STYLE('',(#15395));
#15395 = SURFACE_STYLE_FILL_AREA(#15396);
#15396 = FILL_AREA_STYLE('',(#15397));
#15397 = FILL_AREA_STYLE_COLOUR('',#13913);
#15398 = OVER_RIDING_STYLED_ITEM('overriding color',(#15399),#10954,
  #13866);
#15399 = PRESENTATION_STYLE_ASSIGNMENT((#15400));
#15400 = SURFACE_STYLE_USAGE(.BOTH.,#15401);
#15401 = SURFACE_SIDE_STYLE('',(#15402));
#15402 = SURFACE_STYLE_FILL_AREA(#15403);
#15403 = FILL_AREA_STYLE('',(#15404));
#15404 = FILL_AREA_STYLE_COLOUR('',#13913);
#15405 = OVER_RIDING_STYLED_ITEM('overriding color',(#15406),#10972,
  #13866);
#15406 = PRESENTATION_STYLE_ASSIGNMENT((#15407));
#15407 = SURFACE_STYLE_USAGE(.BOTH.,#15408);
#15408 = SURFACE_SIDE_STYLE('',(#15409));
#15409 = SURFACE_STYLE_FILL_AREA(#15410);
#15410 = FILL_AREA_STYLE('',(#15411));
#15411 = FILL_AREA_STYLE_COLOUR('',#13913);
#15412 = OVER_RIDING_STYLED_ITEM('overriding color',(#15413),#10992,
  #13866);
#15413 = PRESENTATION_STYLE_ASSIGNMENT((#15414));
#15414 = SURFACE_STYLE_USAGE(.BOTH.,#15415);
#15415 = SURFACE_SIDE_STYLE('',(#15416));
#15416 = SURFACE_STYLE_FILL_AREA(#15417);
#15417 = FILL_AREA_STYLE('',(#15418));
#15418 = FILL_AREA_STYLE_COLOUR('',#13913);
#15419 = OVER_RIDING_STYLED_ITEM('overriding color',(#15420),#11010,
  #13866);
#15420 = PRESENTATION_STYLE_ASSIGNMENT((#15421));
#15421 = SURFACE_STYLE_USAGE(.BOTH.,#15422);
#15422 = SURFACE_SIDE_STYLE('',(#15423));
#15423 = SURFACE_STYLE_FILL_AREA(#15424);
#15424 = FILL_AREA_STYLE('',(#15425));
#15425 = FILL_AREA_STYLE_COLOUR('',#13913);
#15426 = OVER_RIDING_STYLED_ITEM('overriding color',(#15427),#11030,
  #13866);
#15427 = PRESENTATION_STYLE_ASSIGNMENT((#15428));
#15428 = SURFACE_STYLE_USAGE(.BOTH.,#15429);
#15429 = SURFACE_SIDE_STYLE('',(#15430));
#15430 = SURFACE_STYLE_FILL_AREA(#15431);
#15431 = FILL_AREA_STYLE('',(#15432));
#15432 = FILL_AREA_STYLE_COLOUR('',#13913);
#15433 = OVER_RIDING_STYLED_ITEM('overriding color',(#15434),#11042,
  #13866);
#15434 = PRESENTATION_STYLE_ASSIGNMENT((#15435));
#15435 = SURFACE_STYLE_USAGE(.BOTH.,#15436);
#15436 = SURFACE_SIDE_STYLE('',(#15437));
#15437 = SURFACE_STYLE_FILL_AREA(#15438);
#15438 = FILL_AREA_STYLE('',(#15439));
#15439 = FILL_AREA_STYLE_COLOUR('',#13913);
#15440 = OVER_RIDING_STYLED_ITEM('overriding color',(#15441),#11054,
  #13866);
#15441 = PRESENTATION_STYLE_ASSIGNMENT((#15442));
#15442 = SURFACE_STYLE_USAGE(.BOTH.,#15443);
#15443 = SURFACE_SIDE_STYLE('',(#15444));
#15444 = SURFACE_STYLE_FILL_AREA(#15445);
#15445 = FILL_AREA_STYLE('',(#15446));
#15446 = FILL_AREA_STYLE_COLOUR('',#13913);
#15447 = OVER_RIDING_STYLED_ITEM('overriding color',(#15448),#11071,
  #13866);
#15448 = PRESENTATION_STYLE_ASSIGNMENT((#15449));
#15449 = SURFACE_STYLE_USAGE(.BOTH.,#15450);
#15450 = SURFACE_SIDE_STYLE('',(#15451));
#15451 = SURFACE_STYLE_FILL_AREA(#15452);
#15452 = FILL_AREA_STYLE('',(#15453));
#15453 = FILL_AREA_STYLE_COLOUR('',#13913);
#15454 = OVER_RIDING_STYLED_ITEM('overriding color',(#15455),#11092,
  #13866);
#15455 = PRESENTATION_STYLE_ASSIGNMENT((#15456));
#15456 = SURFACE_STYLE_USAGE(.BOTH.,#15457);
#15457 = SURFACE_SIDE_STYLE('',(#15458));
#15458 = SURFACE_STYLE_FILL_AREA(#15459);
#15459 = FILL_AREA_STYLE('',(#15460));
#15460 = FILL_AREA_STYLE_COLOUR('',#13913);
#15461 = OVER_RIDING_STYLED_ITEM('overriding color',(#15462),#11117,
  #13866);
#15462 = PRESENTATION_STYLE_ASSIGNMENT((#15463));
#15463 = SURFACE_STYLE_USAGE(.BOTH.,#15464);
#15464 = SURFACE_SIDE_STYLE('',(#15465));
#15465 = SURFACE_STYLE_FILL_AREA(#15466);
#15466 = FILL_AREA_STYLE('',(#15467));
#15467 = FILL_AREA_STYLE_COLOUR('',#13913);
#15468 = OVER_RIDING_STYLED_ITEM('overriding color',(#15469),#11134,
  #13866);
#15469 = PRESENTATION_STYLE_ASSIGNMENT((#15470));
#15470 = SURFACE_STYLE_USAGE(.BOTH.,#15471);
#15471 = SURFACE_SIDE_STYLE('',(#15472));
#15472 = SURFACE_STYLE_FILL_AREA(#15473);
#15473 = FILL_AREA_STYLE('',(#15474));
#15474 = FILL_AREA_STYLE_COLOUR('',#13913);
#15475 = OVER_RIDING_STYLED_ITEM('overriding color',(#15476),#11146,
  #13866);
#15476 = PRESENTATION_STYLE_ASSIGNMENT((#15477));
#15477 = SURFACE_STYLE_USAGE(.BOTH.,#15478);
#15478 = SURFACE_SIDE_STYLE('',(#15479));
#15479 = SURFACE_STYLE_FILL_AREA(#15480);
#15480 = FILL_AREA_STYLE('',(#15481));
#15481 = FILL_AREA_STYLE_COLOUR('',#13913);
#15482 = OVER_RIDING_STYLED_ITEM('overriding color',(#15483),#11164,
  #13866);
#15483 = PRESENTATION_STYLE_ASSIGNMENT((#15484));
#15484 = SURFACE_STYLE_USAGE(.BOTH.,#15485);
#15485 = SURFACE_SIDE_STYLE('',(#15486));
#15486 = SURFACE_STYLE_FILL_AREA(#15487);
#15487 = FILL_AREA_STYLE('',(#15488));
#15488 = FILL_AREA_STYLE_COLOUR('',#13913);
#15489 = OVER_RIDING_STYLED_ITEM('overriding color',(#15490),#11191,
  #13866);
#15490 = PRESENTATION_STYLE_ASSIGNMENT((#15491));
#15491 = SURFACE_STYLE_USAGE(.BOTH.,#15492);
#15492 = SURFACE_SIDE_STYLE('',(#15493));
#15493 = SURFACE_STYLE_FILL_AREA(#15494);
#15494 = FILL_AREA_STYLE('',(#15495));
#15495 = FILL_AREA_STYLE_COLOUR('',#13913);
#15496 = OVER_RIDING_STYLED_ITEM('overriding color',(#15497),#11211,
  #13866);
#15497 = PRESENTATION_STYLE_ASSIGNMENT((#15498));
#15498 = SURFACE_STYLE_USAGE(.BOTH.,#15499);
#15499 = SURFACE_SIDE_STYLE('',(#15500));
#15500 = SURFACE_STYLE_FILL_AREA(#15501);
#15501 = FILL_AREA_STYLE('',(#15502));
#15502 = FILL_AREA_STYLE_COLOUR('',#13913);
#15503 = OVER_RIDING_STYLED_ITEM('overriding color',(#15504),#11235,
  #13866);
#15504 = PRESENTATION_STYLE_ASSIGNMENT((#15505));
#15505 = SURFACE_STYLE_USAGE(.BOTH.,#15506);
#15506 = SURFACE_SIDE_STYLE('',(#15507));
#15507 = SURFACE_STYLE_FILL_AREA(#15508);
#15508 = FILL_AREA_STYLE('',(#15509));
#15509 = FILL_AREA_STYLE_COLOUR('',#13913);
#15510 = OVER_RIDING_STYLED_ITEM('overriding color',(#15511),#11247,
  #13866);
#15511 = PRESENTATION_STYLE_ASSIGNMENT((#15512));
#15512 = SURFACE_STYLE_USAGE(.BOTH.,#15513);
#15513 = SURFACE_SIDE_STYLE('',(#15514));
#15514 = SURFACE_STYLE_FILL_AREA(#15515);
#15515 = FILL_AREA_STYLE('',(#15516));
#15516 = FILL_AREA_STYLE_COLOUR('',#13913);
#15517 = OVER_RIDING_STYLED_ITEM('overriding color',(#15518),#11264,
  #13866);
#15518 = PRESENTATION_STYLE_ASSIGNMENT((#15519));
#15519 = SURFACE_STYLE_USAGE(.BOTH.,#15520);
#15520 = SURFACE_SIDE_STYLE('',(#15521));
#15521 = SURFACE_STYLE_FILL_AREA(#15522);
#15522 = FILL_AREA_STYLE('',(#15523));
#15523 = FILL_AREA_STYLE_COLOUR('',#13913);
#15524 = OVER_RIDING_STYLED_ITEM('overriding color',(#15525),#11285,
  #13866);
#15525 = PRESENTATION_STYLE_ASSIGNMENT((#15526));
#15526 = SURFACE_STYLE_USAGE(.BOTH.,#15527);
#15527 = SURFACE_SIDE_STYLE('',(#15528));
#15528 = SURFACE_STYLE_FILL_AREA(#15529);
#15529 = FILL_AREA_STYLE('',(#15530));
#15530 = FILL_AREA_STYLE_COLOUR('',#13913);
#15531 = OVER_RIDING_STYLED_ITEM('overriding color',(#15532),#11310,
  #13866);
#15532 = PRESENTATION_STYLE_ASSIGNMENT((#15533));
#15533 = SURFACE_STYLE_USAGE(.BOTH.,#15534);
#15534 = SURFACE_SIDE_STYLE('',(#15535));
#15535 = SURFACE_STYLE_FILL_AREA(#15536);
#15536 = FILL_AREA_STYLE('',(#15537));
#15537 = FILL_AREA_STYLE_COLOUR('',#13913);
#15538 = OVER_RIDING_STYLED_ITEM('overriding color',(#15539),#11327,
  #13866);
#15539 = PRESENTATION_STYLE_ASSIGNMENT((#15540));
#15540 = SURFACE_STYLE_USAGE(.BOTH.,#15541);
#15541 = SURFACE_SIDE_STYLE('',(#15542));
#15542 = SURFACE_STYLE_FILL_AREA(#15543);
#15543 = FILL_AREA_STYLE('',(#15544));
#15544 = FILL_AREA_STYLE_COLOUR('',#13913);
#15545 = OVER_RIDING_STYLED_ITEM('overriding color',(#15546),#11339,
  #13866);
#15546 = PRESENTATION_STYLE_ASSIGNMENT((#15547));
#15547 = SURFACE_STYLE_USAGE(.BOTH.,#15548);
#15548 = SURFACE_SIDE_STYLE('',(#15549));
#15549 = SURFACE_STYLE_FILL_AREA(#15550);
#15550 = FILL_AREA_STYLE('',(#15551));
#15551 = FILL_AREA_STYLE_COLOUR('',#13913);
#15552 = OVER_RIDING_STYLED_ITEM('overriding color',(#15553),#11357,
  #13866);
#15553 = PRESENTATION_STYLE_ASSIGNMENT((#15554));
#15554 = SURFACE_STYLE_USAGE(.BOTH.,#15555);
#15555 = SURFACE_SIDE_STYLE('',(#15556));
#15556 = SURFACE_STYLE_FILL_AREA(#15557);
#15557 = FILL_AREA_STYLE('',(#15558));
#15558 = FILL_AREA_STYLE_COLOUR('',#13913);
#15559 = OVER_RIDING_STYLED_ITEM('overriding color',(#15560),#11384,
  #13866);
#15560 = PRESENTATION_STYLE_ASSIGNMENT((#15561));
#15561 = SURFACE_STYLE_USAGE(.BOTH.,#15562);
#15562 = SURFACE_SIDE_STYLE('',(#15563));
#15563 = SURFACE_STYLE_FILL_AREA(#15564);
#15564 = FILL_AREA_STYLE('',(#15565));
#15565 = FILL_AREA_STYLE_COLOUR('',#13913);
#15566 = OVER_RIDING_STYLED_ITEM('overriding color',(#15567),#11404,
  #13866);
#15567 = PRESENTATION_STYLE_ASSIGNMENT((#15568));
#15568 = SURFACE_STYLE_USAGE(.BOTH.,#15569);
#15569 = SURFACE_SIDE_STYLE('',(#15570));
#15570 = SURFACE_STYLE_FILL_AREA(#15571);
#15571 = FILL_AREA_STYLE('',(#15572));
#15572 = FILL_AREA_STYLE_COLOUR('',#13913);
#15573 = OVER_RIDING_STYLED_ITEM('overriding color',(#15574),#11428,
  #13866);
#15574 = PRESENTATION_STYLE_ASSIGNMENT((#15575));
#15575 = SURFACE_STYLE_USAGE(.BOTH.,#15576);
#15576 = SURFACE_SIDE_STYLE('',(#15577));
#15577 = SURFACE_STYLE_FILL_AREA(#15578);
#15578 = FILL_AREA_STYLE('',(#15579));
#15579 = FILL_AREA_STYLE_COLOUR('',#13913);
#15580 = OVER_RIDING_STYLED_ITEM('overriding color',(#15581),#11440,
  #13866);
#15581 = PRESENTATION_STYLE_ASSIGNMENT((#15582));
#15582 = SURFACE_STYLE_USAGE(.BOTH.,#15583);
#15583 = SURFACE_SIDE_STYLE('',(#15584));
#15584 = SURFACE_STYLE_FILL_AREA(#15585);
#15585 = FILL_AREA_STYLE('',(#15586));
#15586 = FILL_AREA_STYLE_COLOUR('',#13913);
#15587 = OVER_RIDING_STYLED_ITEM('overriding color',(#15588),#11461,
  #13866);
#15588 = PRESENTATION_STYLE_ASSIGNMENT((#15589));
#15589 = SURFACE_STYLE_USAGE(.BOTH.,#15590);
#15590 = SURFACE_SIDE_STYLE('',(#15591));
#15591 = SURFACE_STYLE_FILL_AREA(#15592);
#15592 = FILL_AREA_STYLE('',(#15593));
#15593 = FILL_AREA_STYLE_COLOUR('',#13913);
#15594 = OVER_RIDING_STYLED_ITEM('overriding color',(#15595),#11478,
  #13866);
#15595 = PRESENTATION_STYLE_ASSIGNMENT((#15596));
#15596 = SURFACE_STYLE_USAGE(.BOTH.,#15597);
#15597 = SURFACE_SIDE_STYLE('',(#15598));
#15598 = SURFACE_STYLE_FILL_AREA(#15599);
#15599 = FILL_AREA_STYLE('',(#15600));
#15600 = FILL_AREA_STYLE_COLOUR('',#13884);
#15601 = OVER_RIDING_STYLED_ITEM('overriding color',(#15602),#11508,
  #13866);
#15602 = PRESENTATION_STYLE_ASSIGNMENT((#15603));
#15603 = SURFACE_STYLE_USAGE(.BOTH.,#15604);
#15604 = SURFACE_SIDE_STYLE('',(#15605));
#15605 = SURFACE_STYLE_FILL_AREA(#15606);
#15606 = FILL_AREA_STYLE('',(#15607));
#15607 = FILL_AREA_STYLE_COLOUR('',#13913);
#15608 = OVER_RIDING_STYLED_ITEM('overriding color',(#15609),#11528,
  #13866);
#15609 = PRESENTATION_STYLE_ASSIGNMENT((#15610));
#15610 = SURFACE_STYLE_USAGE(.BOTH.,#15611);
#15611 = SURFACE_SIDE_STYLE('',(#15612));
#15612 = SURFACE_STYLE_FILL_AREA(#15613);
#15613 = FILL_AREA_STYLE('',(#15614));
#15614 = FILL_AREA_STYLE_COLOUR('',#13884);
#15615 = OVER_RIDING_STYLED_ITEM('overriding color',(#15616),#11545,
  #13866);
#15616 = PRESENTATION_STYLE_ASSIGNMENT((#15617));
#15617 = SURFACE_STYLE_USAGE(.BOTH.,#15618);
#15618 = SURFACE_SIDE_STYLE('',(#15619));
#15619 = SURFACE_STYLE_FILL_AREA(#15620);
#15620 = FILL_AREA_STYLE('',(#15621));
#15621 = FILL_AREA_STYLE_COLOUR('',#13884);
#15622 = OVER_RIDING_STYLED_ITEM('overriding color',(#15623),#11556,
  #13866);
#15623 = PRESENTATION_STYLE_ASSIGNMENT((#15624));
#15624 = SURFACE_STYLE_USAGE(.BOTH.,#15625);
#15625 = SURFACE_SIDE_STYLE('',(#15626));
#15626 = SURFACE_STYLE_FILL_AREA(#15627);
#15627 = FILL_AREA_STYLE('',(#15628));
#15628 = FILL_AREA_STYLE_COLOUR('',#13913);
#15629 = OVER_RIDING_STYLED_ITEM('overriding color',(#15630),#11581,
  #13866);
#15630 = PRESENTATION_STYLE_ASSIGNMENT((#15631));
#15631 = SURFACE_STYLE_USAGE(.BOTH.,#15632);
#15632 = SURFACE_SIDE_STYLE('',(#15633));
#15633 = SURFACE_STYLE_FILL_AREA(#15634);
#15634 = FILL_AREA_STYLE('',(#15635));
#15635 = FILL_AREA_STYLE_COLOUR('',#13913);
#15636 = OVER_RIDING_STYLED_ITEM('overriding color',(#15637),#11598,
  #13866);
#15637 = PRESENTATION_STYLE_ASSIGNMENT((#15638));
#15638 = SURFACE_STYLE_USAGE(.BOTH.,#15639);
#15639 = SURFACE_SIDE_STYLE('',(#15640));
#15640 = SURFACE_STYLE_FILL_AREA(#15641);
#15641 = FILL_AREA_STYLE('',(#15642));
#15642 = FILL_AREA_STYLE_COLOUR('',#13913);
#15643 = OVER_RIDING_STYLED_ITEM('overriding color',(#15644),#11610,
  #13866);
#15644 = PRESENTATION_STYLE_ASSIGNMENT((#15645));
#15645 = SURFACE_STYLE_USAGE(.BOTH.,#15646);
#15646 = SURFACE_SIDE_STYLE('',(#15647));
#15647 = SURFACE_STYLE_FILL_AREA(#15648);
#15648 = FILL_AREA_STYLE('',(#15649));
#15649 = FILL_AREA_STYLE_COLOUR('',#13913);
#15650 = OVER_RIDING_STYLED_ITEM('overriding color',(#15651),#11628,
  #13866);
#15651 = PRESENTATION_STYLE_ASSIGNMENT((#15652));
#15652 = SURFACE_STYLE_USAGE(.BOTH.,#15653);
#15653 = SURFACE_SIDE_STYLE('',(#15654));
#15654 = SURFACE_STYLE_FILL_AREA(#15655);
#15655 = FILL_AREA_STYLE('',(#15656));
#15656 = FILL_AREA_STYLE_COLOUR('',#13884);
#15657 = OVER_RIDING_STYLED_ITEM('overriding color',(#15658),#11644,
  #13866);
#15658 = PRESENTATION_STYLE_ASSIGNMENT((#15659));
#15659 = SURFACE_STYLE_USAGE(.BOTH.,#15660);
#15660 = SURFACE_SIDE_STYLE('',(#15661));
#15661 = SURFACE_STYLE_FILL_AREA(#15662);
#15662 = FILL_AREA_STYLE('',(#15663));
#15663 = FILL_AREA_STYLE_COLOUR('',#13884);
#15664 = OVER_RIDING_STYLED_ITEM('overriding color',(#15665),#11654,
  #13866);
#15665 = PRESENTATION_STYLE_ASSIGNMENT((#15666));
#15666 = SURFACE_STYLE_USAGE(.BOTH.,#15667);
#15667 = SURFACE_SIDE_STYLE('',(#15668));
#15668 = SURFACE_STYLE_FILL_AREA(#15669);
#15669 = FILL_AREA_STYLE('',(#15670));
#15670 = FILL_AREA_STYLE_COLOUR('',#13913);
#15671 = OVER_RIDING_STYLED_ITEM('overriding color',(#15672),#11688,
  #13866);
#15672 = PRESENTATION_STYLE_ASSIGNMENT((#15673));
#15673 = SURFACE_STYLE_USAGE(.BOTH.,#15674);
#15674 = SURFACE_SIDE_STYLE('',(#15675));
#15675 = SURFACE_STYLE_FILL_AREA(#15676);
#15676 = FILL_AREA_STYLE('',(#15677));
#15677 = FILL_AREA_STYLE_COLOUR('',#13913);
#15678 = OVER_RIDING_STYLED_ITEM('overriding color',(#15679),#11708,
  #13866);
#15679 = PRESENTATION_STYLE_ASSIGNMENT((#15680));
#15680 = SURFACE_STYLE_USAGE(.BOTH.,#15681);
#15681 = SURFACE_SIDE_STYLE('',(#15682));
#15682 = SURFACE_STYLE_FILL_AREA(#15683);
#15683 = FILL_AREA_STYLE('',(#15684));
#15684 = FILL_AREA_STYLE_COLOUR('',#13884);
#15685 = OVER_RIDING_STYLED_ITEM('overriding color',(#15686),#11746,
  #13866);
#15686 = PRESENTATION_STYLE_ASSIGNMENT((#15687));
#15687 = SURFACE_STYLE_USAGE(.BOTH.,#15688);
#15688 = SURFACE_SIDE_STYLE('',(#15689));
#15689 = SURFACE_STYLE_FILL_AREA(#15690);
#15690 = FILL_AREA_STYLE('',(#15691));
#15691 = FILL_AREA_STYLE_COLOUR('',#13913);
#15692 = OVER_RIDING_STYLED_ITEM('overriding color',(#15693),#11758,
  #13866);
#15693 = PRESENTATION_STYLE_ASSIGNMENT((#15694));
#15694 = SURFACE_STYLE_USAGE(.BOTH.,#15695);
#15695 = SURFACE_SIDE_STYLE('',(#15696));
#15696 = SURFACE_STYLE_FILL_AREA(#15697);
#15697 = FILL_AREA_STYLE('',(#15698));
#15698 = FILL_AREA_STYLE_COLOUR('',#13884);
#15699 = OVER_RIDING_STYLED_ITEM('overriding color',(#15700),#11769,
  #13866);
#15700 = PRESENTATION_STYLE_ASSIGNMENT((#15701));
#15701 = SURFACE_STYLE_USAGE(.BOTH.,#15702);
#15702 = SURFACE_SIDE_STYLE('',(#15703));
#15703 = SURFACE_STYLE_FILL_AREA(#15704);
#15704 = FILL_AREA_STYLE('',(#15705));
#15705 = FILL_AREA_STYLE_COLOUR('',#13884);
#15706 = OVER_RIDING_STYLED_ITEM('overriding color',(#15707),#11786,
  #13866);
#15707 = PRESENTATION_STYLE_ASSIGNMENT((#15708));
#15708 = SURFACE_STYLE_USAGE(.BOTH.,#15709);
#15709 = SURFACE_SIDE_STYLE('',(#15710));
#15710 = SURFACE_STYLE_FILL_AREA(#15711);
#15711 = FILL_AREA_STYLE('',(#15712));
#15712 = FILL_AREA_STYLE_COLOUR('',#13884);
#15713 = OVER_RIDING_STYLED_ITEM('overriding color',(#15714),#11797,
  #13866);
#15714 = PRESENTATION_STYLE_ASSIGNMENT((#15715));
#15715 = SURFACE_STYLE_USAGE(.BOTH.,#15716);
#15716 = SURFACE_SIDE_STYLE('',(#15717));
#15717 = SURFACE_STYLE_FILL_AREA(#15718);
#15718 = FILL_AREA_STYLE('',(#15719));
#15719 = FILL_AREA_STYLE_COLOUR('',#13913);
#15720 = OVER_RIDING_STYLED_ITEM('overriding color',(#15721),#11822,
  #13866);
#15721 = PRESENTATION_STYLE_ASSIGNMENT((#15722));
#15722 = SURFACE_STYLE_USAGE(.BOTH.,#15723);
#15723 = SURFACE_SIDE_STYLE('',(#15724));
#15724 = SURFACE_STYLE_FILL_AREA(#15725);
#15725 = FILL_AREA_STYLE('',(#15726));
#15726 = FILL_AREA_STYLE_COLOUR('',#13913);
#15727 = OVER_RIDING_STYLED_ITEM('overriding color',(#15728),#11839,
  #13866);
#15728 = PRESENTATION_STYLE_ASSIGNMENT((#15729));
#15729 = SURFACE_STYLE_USAGE(.BOTH.,#15730);
#15730 = SURFACE_SIDE_STYLE('',(#15731));
#15731 = SURFACE_STYLE_FILL_AREA(#15732);
#15732 = FILL_AREA_STYLE('',(#15733));
#15733 = FILL_AREA_STYLE_COLOUR('',#13913);
#15734 = OVER_RIDING_STYLED_ITEM('overriding color',(#15735),#11851,
  #13866);
#15735 = PRESENTATION_STYLE_ASSIGNMENT((#15736));
#15736 = SURFACE_STYLE_USAGE(.BOTH.,#15737);
#15737 = SURFACE_SIDE_STYLE('',(#15738));
#15738 = SURFACE_STYLE_FILL_AREA(#15739);
#15739 = FILL_AREA_STYLE('',(#15740));
#15740 = FILL_AREA_STYLE_COLOUR('',#13913);
#15741 = OVER_RIDING_STYLED_ITEM('overriding color',(#15742),#11869,
  #13866);
#15742 = PRESENTATION_STYLE_ASSIGNMENT((#15743));
#15743 = SURFACE_STYLE_USAGE(.BOTH.,#15744);
#15744 = SURFACE_SIDE_STYLE('',(#15745));
#15745 = SURFACE_STYLE_FILL_AREA(#15746);
#15746 = FILL_AREA_STYLE('',(#15747));
#15747 = FILL_AREA_STYLE_COLOUR('',#13884);
#15748 = OVER_RIDING_STYLED_ITEM('overriding color',(#15749),#11885,
  #13866);
#15749 = PRESENTATION_STYLE_ASSIGNMENT((#15750));
#15750 = SURFACE_STYLE_USAGE(.BOTH.,#15751);
#15751 = SURFACE_SIDE_STYLE('',(#15752));
#15752 = SURFACE_STYLE_FILL_AREA(#15753);
#15753 = FILL_AREA_STYLE('',(#15754));
#15754 = FILL_AREA_STYLE_COLOUR('',#13884);
#15755 = OVER_RIDING_STYLED_ITEM('overriding color',(#15756),#11895,
  #13866);
#15756 = PRESENTATION_STYLE_ASSIGNMENT((#15757));
#15757 = SURFACE_STYLE_USAGE(.BOTH.,#15758);
#15758 = SURFACE_SIDE_STYLE('',(#15759));
#15759 = SURFACE_STYLE_FILL_AREA(#15760);
#15760 = FILL_AREA_STYLE('',(#15761));
#15761 = FILL_AREA_STYLE_COLOUR('',#13884);
#15762 = OVER_RIDING_STYLED_ITEM('overriding color',(#15763),#11905,
  #13866);
#15763 = PRESENTATION_STYLE_ASSIGNMENT((#15764));
#15764 = SURFACE_STYLE_USAGE(.BOTH.,#15765);
#15765 = SURFACE_SIDE_STYLE('',(#15766));
#15766 = SURFACE_STYLE_FILL_AREA(#15767);
#15767 = FILL_AREA_STYLE('',(#15768));
#15768 = FILL_AREA_STYLE_COLOUR('',#13884);
#15769 = OVER_RIDING_STYLED_ITEM('overriding color',(#15770),#11915,
  #13866);
#15770 = PRESENTATION_STYLE_ASSIGNMENT((#15771));
#15771 = SURFACE_STYLE_USAGE(.BOTH.,#15772);
#15772 = SURFACE_SIDE_STYLE('',(#15773));
#15773 = SURFACE_STYLE_FILL_AREA(#15774);
#15774 = FILL_AREA_STYLE('',(#15775));
#15775 = FILL_AREA_STYLE_COLOUR('',#13884);
#15776 = OVER_RIDING_STYLED_ITEM('overriding color',(#15777),#11931,
  #13866);
#15777 = PRESENTATION_STYLE_ASSIGNMENT((#15778));
#15778 = SURFACE_STYLE_USAGE(.BOTH.,#15779);
#15779 = SURFACE_SIDE_STYLE('',(#15780));
#15780 = SURFACE_STYLE_FILL_AREA(#15781);
#15781 = FILL_AREA_STYLE('',(#15782));
#15782 = FILL_AREA_STYLE_COLOUR('',#13884);
#15783 = OVER_RIDING_STYLED_ITEM('overriding color',(#15784),#11941,
  #13866);
#15784 = PRESENTATION_STYLE_ASSIGNMENT((#15785));
#15785 = SURFACE_STYLE_USAGE(.BOTH.,#15786);
#15786 = SURFACE_SIDE_STYLE('',(#15787));
#15787 = SURFACE_STYLE_FILL_AREA(#15788);
#15788 = FILL_AREA_STYLE('',(#15789));
#15789 = FILL_AREA_STYLE_COLOUR('',#13913);
#15790 = OVER_RIDING_STYLED_ITEM('overriding color',(#15791),#11966,
  #13866);
#15791 = PRESENTATION_STYLE_ASSIGNMENT((#15792));
#15792 = SURFACE_STYLE_USAGE(.BOTH.,#15793);
#15793 = SURFACE_SIDE_STYLE('',(#15794));
#15794 = SURFACE_STYLE_FILL_AREA(#15795);
#15795 = FILL_AREA_STYLE('',(#15796));
#15796 = FILL_AREA_STYLE_COLOUR('',#13913);
#15797 = OVER_RIDING_STYLED_ITEM('overriding color',(#15798),#11983,
  #13866);
#15798 = PRESENTATION_STYLE_ASSIGNMENT((#15799));
#15799 = SURFACE_STYLE_USAGE(.BOTH.,#15800);
#15800 = SURFACE_SIDE_STYLE('',(#15801));
#15801 = SURFACE_STYLE_FILL_AREA(#15802);
#15802 = FILL_AREA_STYLE('',(#15803));
#15803 = FILL_AREA_STYLE_COLOUR('',#13913);
#15804 = OVER_RIDING_STYLED_ITEM('overriding color',(#15805),#11995,
  #13866);
#15805 = PRESENTATION_STYLE_ASSIGNMENT((#15806));
#15806 = SURFACE_STYLE_USAGE(.BOTH.,#15807);
#15807 = SURFACE_SIDE_STYLE('',(#15808));
#15808 = SURFACE_STYLE_FILL_AREA(#15809);
#15809 = FILL_AREA_STYLE('',(#15810));
#15810 = FILL_AREA_STYLE_COLOUR('',#13913);
#15811 = OVER_RIDING_STYLED_ITEM('overriding color',(#15812),#12013,
  #13866);
#15812 = PRESENTATION_STYLE_ASSIGNMENT((#15813));
#15813 = SURFACE_STYLE_USAGE(.BOTH.,#15814);
#15814 = SURFACE_SIDE_STYLE('',(#15815));
#15815 = SURFACE_STYLE_FILL_AREA(#15816);
#15816 = FILL_AREA_STYLE('',(#15817));
#15817 = FILL_AREA_STYLE_COLOUR('',#13884);
#15818 = OVER_RIDING_STYLED_ITEM('overriding color',(#15819),#12029,
  #13866);
#15819 = PRESENTATION_STYLE_ASSIGNMENT((#15820));
#15820 = SURFACE_STYLE_USAGE(.BOTH.,#15821);
#15821 = SURFACE_SIDE_STYLE('',(#15822));
#15822 = SURFACE_STYLE_FILL_AREA(#15823);
#15823 = FILL_AREA_STYLE('',(#15824));
#15824 = FILL_AREA_STYLE_COLOUR('',#13884);
#15825 = OVER_RIDING_STYLED_ITEM('overriding color',(#15826),#12039,
  #13866);
#15826 = PRESENTATION_STYLE_ASSIGNMENT((#15827));
#15827 = SURFACE_STYLE_USAGE(.BOTH.,#15828);
#15828 = SURFACE_SIDE_STYLE('',(#15829));
#15829 = SURFACE_STYLE_FILL_AREA(#15830);
#15830 = FILL_AREA_STYLE('',(#15831));
#15831 = FILL_AREA_STYLE_COLOUR('',#13913);
#15832 = OVER_RIDING_STYLED_ITEM('overriding color',(#15833),#12064,
  #13866);
#15833 = PRESENTATION_STYLE_ASSIGNMENT((#15834));
#15834 = SURFACE_STYLE_USAGE(.BOTH.,#15835);
#15835 = SURFACE_SIDE_STYLE('',(#15836));
#15836 = SURFACE_STYLE_FILL_AREA(#15837);
#15837 = FILL_AREA_STYLE('',(#15838));
#15838 = FILL_AREA_STYLE_COLOUR('',#13913);
#15839 = OVER_RIDING_STYLED_ITEM('overriding color',(#15840),#12076,
  #13866);
#15840 = PRESENTATION_STYLE_ASSIGNMENT((#15841));
#15841 = SURFACE_STYLE_USAGE(.BOTH.,#15842);
#15842 = SURFACE_SIDE_STYLE('',(#15843));
#15843 = SURFACE_STYLE_FILL_AREA(#15844);
#15844 = FILL_AREA_STYLE('',(#15845));
#15845 = FILL_AREA_STYLE_COLOUR('',#13913);
#15846 = OVER_RIDING_STYLED_ITEM('overriding color',(#15847),#12093,
  #13866);
#15847 = PRESENTATION_STYLE_ASSIGNMENT((#15848));
#15848 = SURFACE_STYLE_USAGE(.BOTH.,#15849);
#15849 = SURFACE_SIDE_STYLE('',(#15850));
#15850 = SURFACE_STYLE_FILL_AREA(#15851);
#15851 = FILL_AREA_STYLE('',(#15852));
#15852 = FILL_AREA_STYLE_COLOUR('',#13913);
#15853 = OVER_RIDING_STYLED_ITEM('overriding color',(#15854),#12105,
  #13866);
#15854 = PRESENTATION_STYLE_ASSIGNMENT((#15855));
#15855 = SURFACE_STYLE_USAGE(.BOTH.,#15856);
#15856 = SURFACE_SIDE_STYLE('',(#15857));
#15857 = SURFACE_STYLE_FILL_AREA(#15858);
#15858 = FILL_AREA_STYLE('',(#15859));
#15859 = FILL_AREA_STYLE_COLOUR('',#13913);
#15860 = OVER_RIDING_STYLED_ITEM('overriding color',(#15861),#12123,
  #13866);
#15861 = PRESENTATION_STYLE_ASSIGNMENT((#15862));
#15862 = SURFACE_STYLE_USAGE(.BOTH.,#15863);
#15863 = SURFACE_SIDE_STYLE('',(#15864));
#15864 = SURFACE_STYLE_FILL_AREA(#15865);
#15865 = FILL_AREA_STYLE('',(#15866));
#15866 = FILL_AREA_STYLE_COLOUR('',#13913);
#15867 = OVER_RIDING_STYLED_ITEM('overriding color',(#15868),#12148,
  #13866);
#15868 = PRESENTATION_STYLE_ASSIGNMENT((#15869));
#15869 = SURFACE_STYLE_USAGE(.BOTH.,#15870);
#15870 = SURFACE_SIDE_STYLE('',(#15871));
#15871 = SURFACE_STYLE_FILL_AREA(#15872);
#15872 = FILL_AREA_STYLE('',(#15873));
#15873 = FILL_AREA_STYLE_COLOUR('',#13913);
#15874 = OVER_RIDING_STYLED_ITEM('overriding color',(#15875),#12165,
  #13866);
#15875 = PRESENTATION_STYLE_ASSIGNMENT((#15876));
#15876 = SURFACE_STYLE_USAGE(.BOTH.,#15877);
#15877 = SURFACE_SIDE_STYLE('',(#15878));
#15878 = SURFACE_STYLE_FILL_AREA(#15879);
#15879 = FILL_AREA_STYLE('',(#15880));
#15880 = FILL_AREA_STYLE_COLOUR('',#13913);
#15881 = OVER_RIDING_STYLED_ITEM('overriding color',(#15882),#12177,
  #13866);
#15882 = PRESENTATION_STYLE_ASSIGNMENT((#15883));
#15883 = SURFACE_STYLE_USAGE(.BOTH.,#15884);
#15884 = SURFACE_SIDE_STYLE('',(#15885));
#15885 = SURFACE_STYLE_FILL_AREA(#15886);
#15886 = FILL_AREA_STYLE('',(#15887));
#15887 = FILL_AREA_STYLE_COLOUR('',#13913);
#15888 = OVER_RIDING_STYLED_ITEM('overriding color',(#15889),#12189,
  #13866);
#15889 = PRESENTATION_STYLE_ASSIGNMENT((#15890));
#15890 = SURFACE_STYLE_USAGE(.BOTH.,#15891);
#15891 = SURFACE_SIDE_STYLE('',(#15892));
#15892 = SURFACE_STYLE_FILL_AREA(#15893);
#15893 = FILL_AREA_STYLE('',(#15894));
#15894 = FILL_AREA_STYLE_COLOUR('',#13913);
#15895 = OVER_RIDING_STYLED_ITEM('overriding color',(#15896),#12207,
  #13866);
#15896 = PRESENTATION_STYLE_ASSIGNMENT((#15897));
#15897 = SURFACE_STYLE_USAGE(.BOTH.,#15898);
#15898 = SURFACE_SIDE_STYLE('',(#15899));
#15899 = SURFACE_STYLE_FILL_AREA(#15900);
#15900 = FILL_AREA_STYLE('',(#15901));
#15901 = FILL_AREA_STYLE_COLOUR('',#13913);
#15902 = OVER_RIDING_STYLED_ITEM('overriding color',(#15903),#12232,
  #13866);
#15903 = PRESENTATION_STYLE_ASSIGNMENT((#15904));
#15904 = SURFACE_STYLE_USAGE(.BOTH.,#15905);
#15905 = SURFACE_SIDE_STYLE('',(#15906));
#15906 = SURFACE_STYLE_FILL_AREA(#15907);
#15907 = FILL_AREA_STYLE('',(#15908));
#15908 = FILL_AREA_STYLE_COLOUR('',#13913);
#15909 = OVER_RIDING_STYLED_ITEM('overriding color',(#15910),#12249,
  #13866);
#15910 = PRESENTATION_STYLE_ASSIGNMENT((#15911));
#15911 = SURFACE_STYLE_USAGE(.BOTH.,#15912);
#15912 = SURFACE_SIDE_STYLE('',(#15913));
#15913 = SURFACE_STYLE_FILL_AREA(#15914);
#15914 = FILL_AREA_STYLE('',(#15915));
#15915 = FILL_AREA_STYLE_COLOUR('',#13913);
#15916 = OVER_RIDING_STYLED_ITEM('overriding color',(#15917),#12261,
  #13866);
#15917 = PRESENTATION_STYLE_ASSIGNMENT((#15918));
#15918 = SURFACE_STYLE_USAGE(.BOTH.,#15919);
#15919 = SURFACE_SIDE_STYLE('',(#15920));
#15920 = SURFACE_STYLE_FILL_AREA(#15921);
#15921 = FILL_AREA_STYLE('',(#15922));
#15922 = FILL_AREA_STYLE_COLOUR('',#13913);
#15923 = OVER_RIDING_STYLED_ITEM('overriding color',(#15924),#12279,
  #13866);
#15924 = PRESENTATION_STYLE_ASSIGNMENT((#15925));
#15925 = SURFACE_STYLE_USAGE(.BOTH.,#15926);
#15926 = SURFACE_SIDE_STYLE('',(#15927));
#15927 = SURFACE_STYLE_FILL_AREA(#15928);
#15928 = FILL_AREA_STYLE('',(#15929));
#15929 = FILL_AREA_STYLE_COLOUR('',#13913);
#15930 = OVER_RIDING_STYLED_ITEM('overriding color',(#15931),#12304,
  #13866);
#15931 = PRESENTATION_STYLE_ASSIGNMENT((#15932));
#15932 = SURFACE_STYLE_USAGE(.BOTH.,#15933);
#15933 = SURFACE_SIDE_STYLE('',(#15934));
#15934 = SURFACE_STYLE_FILL_AREA(#15935);
#15935 = FILL_AREA_STYLE('',(#15936));
#15936 = FILL_AREA_STYLE_COLOUR('',#13913);
#15937 = OVER_RIDING_STYLED_ITEM('overriding color',(#15938),#12321,
  #13866);
#15938 = PRESENTATION_STYLE_ASSIGNMENT((#15939));
#15939 = SURFACE_STYLE_USAGE(.BOTH.,#15940);
#15940 = SURFACE_SIDE_STYLE('',(#15941));
#15941 = SURFACE_STYLE_FILL_AREA(#15942);
#15942 = FILL_AREA_STYLE('',(#15943));
#15943 = FILL_AREA_STYLE_COLOUR('',#13913);
#15944 = OVER_RIDING_STYLED_ITEM('overriding color',(#15945),#12333,
  #13866);
#15945 = PRESENTATION_STYLE_ASSIGNMENT((#15946));
#15946 = SURFACE_STYLE_USAGE(.BOTH.,#15947);
#15947 = SURFACE_SIDE_STYLE('',(#15948));
#15948 = SURFACE_STYLE_FILL_AREA(#15949);
#15949 = FILL_AREA_STYLE('',(#15950));
#15950 = FILL_AREA_STYLE_COLOUR('',#13913);
#15951 = OVER_RIDING_STYLED_ITEM('overriding color',(#15952),#12351,
  #13866);
#15952 = PRESENTATION_STYLE_ASSIGNMENT((#15953));
#15953 = SURFACE_STYLE_USAGE(.BOTH.,#15954);
#15954 = SURFACE_SIDE_STYLE('',(#15955));
#15955 = SURFACE_STYLE_FILL_AREA(#15956);
#15956 = FILL_AREA_STYLE('',(#15957));
#15957 = FILL_AREA_STYLE_COLOUR('',#13913);
#15958 = OVER_RIDING_STYLED_ITEM('overriding color',(#15959),#12363,
  #13866);
#15959 = PRESENTATION_STYLE_ASSIGNMENT((#15960));
#15960 = SURFACE_STYLE_USAGE(.BOTH.,#15961);
#15961 = SURFACE_SIDE_STYLE('',(#15962));
#15962 = SURFACE_STYLE_FILL_AREA(#15963);
#15963 = FILL_AREA_STYLE('',(#15964));
#15964 = FILL_AREA_STYLE_COLOUR('',#13913);
#15965 = OVER_RIDING_STYLED_ITEM('overriding color',(#15966),#12388,
  #13866);
#15966 = PRESENTATION_STYLE_ASSIGNMENT((#15967));
#15967 = SURFACE_STYLE_USAGE(.BOTH.,#15968);
#15968 = SURFACE_SIDE_STYLE('',(#15969));
#15969 = SURFACE_STYLE_FILL_AREA(#15970);
#15970 = FILL_AREA_STYLE('',(#15971));
#15971 = FILL_AREA_STYLE_COLOUR('',#13913);
#15972 = OVER_RIDING_STYLED_ITEM('overriding color',(#15973),#12405,
  #13866);
#15973 = PRESENTATION_STYLE_ASSIGNMENT((#15974));
#15974 = SURFACE_STYLE_USAGE(.BOTH.,#15975);
#15975 = SURFACE_SIDE_STYLE('',(#15976));
#15976 = SURFACE_STYLE_FILL_AREA(#15977);
#15977 = FILL_AREA_STYLE('',(#15978));
#15978 = FILL_AREA_STYLE_COLOUR('',#13913);
#15979 = OVER_RIDING_STYLED_ITEM('overriding color',(#15980),#12417,
  #13866);
#15980 = PRESENTATION_STYLE_ASSIGNMENT((#15981));
#15981 = SURFACE_STYLE_USAGE(.BOTH.,#15982);
#15982 = SURFACE_SIDE_STYLE('',(#15983));
#15983 = SURFACE_STYLE_FILL_AREA(#15984);
#15984 = FILL_AREA_STYLE('',(#15985));
#15985 = FILL_AREA_STYLE_COLOUR('',#13913);
#15986 = OVER_RIDING_STYLED_ITEM('overriding color',(#15987),#12435,
  #13866);
#15987 = PRESENTATION_STYLE_ASSIGNMENT((#15988));
#15988 = SURFACE_STYLE_USAGE(.BOTH.,#15989);
#15989 = SURFACE_SIDE_STYLE('',(#15990));
#15990 = SURFACE_STYLE_FILL_AREA(#15991);
#15991 = FILL_AREA_STYLE('',(#15992));
#15992 = FILL_AREA_STYLE_COLOUR('',#13913);
#15993 = OVER_RIDING_STYLED_ITEM('overriding color',(#15994),#12460,
  #13866);
#15994 = PRESENTATION_STYLE_ASSIGNMENT((#15995));
#15995 = SURFACE_STYLE_USAGE(.BOTH.,#15996);
#15996 = SURFACE_SIDE_STYLE('',(#15997));
#15997 = SURFACE_STYLE_FILL_AREA(#15998);
#15998 = FILL_AREA_STYLE('',(#15999));
#15999 = FILL_AREA_STYLE_COLOUR('',#13913);
#16000 = OVER_RIDING_STYLED_ITEM('overriding color',(#16001),#12477,
  #13866);
#16001 = PRESENTATION_STYLE_ASSIGNMENT((#16002));
#16002 = SURFACE_STYLE_USAGE(.BOTH.,#16003);
#16003 = SURFACE_SIDE_STYLE('',(#16004));
#16004 = SURFACE_STYLE_FILL_AREA(#16005);
#16005 = FILL_AREA_STYLE('',(#16006));
#16006 = FILL_AREA_STYLE_COLOUR('',#13913);
#16007 = OVER_RIDING_STYLED_ITEM('overriding color',(#16008),#12489,
  #13866);
#16008 = PRESENTATION_STYLE_ASSIGNMENT((#16009));
#16009 = SURFACE_STYLE_USAGE(.BOTH.,#16010);
#16010 = SURFACE_SIDE_STYLE('',(#16011));
#16011 = SURFACE_STYLE_FILL_AREA(#16012);
#16012 = FILL_AREA_STYLE('',(#16013));
#16013 = FILL_AREA_STYLE_COLOUR('',#13913);
#16014 = OVER_RIDING_STYLED_ITEM('overriding color',(#16015),#12507,
  #13866);
#16015 = PRESENTATION_STYLE_ASSIGNMENT((#16016));
#16016 = SURFACE_STYLE_USAGE(.BOTH.,#16017);
#16017 = SURFACE_SIDE_STYLE('',(#16018));
#16018 = SURFACE_STYLE_FILL_AREA(#16019);
#16019 = FILL_AREA_STYLE('',(#16020));
#16020 = FILL_AREA_STYLE_COLOUR('',#13913);
#16021 = OVER_RIDING_STYLED_ITEM('overriding color',(#16022),#12519,
  #13866);
#16022 = PRESENTATION_STYLE_ASSIGNMENT((#16023));
#16023 = SURFACE_STYLE_USAGE(.BOTH.,#16024);
#16024 = SURFACE_SIDE_STYLE('',(#16025));
#16025 = SURFACE_STYLE_FILL_AREA(#16026);
#16026 = FILL_AREA_STYLE('',(#16027));
#16027 = FILL_AREA_STYLE_COLOUR('',#13913);
#16028 = OVER_RIDING_STYLED_ITEM('overriding color',(#16029),#12544,
  #13866);
#16029 = PRESENTATION_STYLE_ASSIGNMENT((#16030));
#16030 = SURFACE_STYLE_USAGE(.BOTH.,#16031);
#16031 = SURFACE_SIDE_STYLE('',(#16032));
#16032 = SURFACE_STYLE_FILL_AREA(#16033);
#16033 = FILL_AREA_STYLE('',(#16034));
#16034 = FILL_AREA_STYLE_COLOUR('',#13913);
#16035 = OVER_RIDING_STYLED_ITEM('overriding color',(#16036),#12561,
  #13866);
#16036 = PRESENTATION_STYLE_ASSIGNMENT((#16037));
#16037 = SURFACE_STYLE_USAGE(.BOTH.,#16038);
#16038 = SURFACE_SIDE_STYLE('',(#16039));
#16039 = SURFACE_STYLE_FILL_AREA(#16040);
#16040 = FILL_AREA_STYLE('',(#16041));
#16041 = FILL_AREA_STYLE_COLOUR('',#13913);
#16042 = OVER_RIDING_STYLED_ITEM('overriding color',(#16043),#12573,
  #13866);
#16043 = PRESENTATION_STYLE_ASSIGNMENT((#16044));
#16044 = SURFACE_STYLE_USAGE(.BOTH.,#16045);
#16045 = SURFACE_SIDE_STYLE('',(#16046));
#16046 = SURFACE_STYLE_FILL_AREA(#16047);
#16047 = FILL_AREA_STYLE('',(#16048));
#16048 = FILL_AREA_STYLE_COLOUR('',#13913);
#16049 = OVER_RIDING_STYLED_ITEM('overriding color',(#16050),#12591,
  #13866);
#16050 = PRESENTATION_STYLE_ASSIGNMENT((#16051));
#16051 = SURFACE_STYLE_USAGE(.BOTH.,#16052);
#16052 = SURFACE_SIDE_STYLE('',(#16053));
#16053 = SURFACE_STYLE_FILL_AREA(#16054);
#16054 = FILL_AREA_STYLE('',(#16055));
#16055 = FILL_AREA_STYLE_COLOUR('',#13913);
#16056 = OVER_RIDING_STYLED_ITEM('overriding color',(#16057),#12616,
  #13866);
#16057 = PRESENTATION_STYLE_ASSIGNMENT((#16058));
#16058 = SURFACE_STYLE_USAGE(.BOTH.,#16059);
#16059 = SURFACE_SIDE_STYLE('',(#16060));
#16060 = SURFACE_STYLE_FILL_AREA(#16061);
#16061 = FILL_AREA_STYLE('',(#16062));
#16062 = FILL_AREA_STYLE_COLOUR('',#13913);
#16063 = OVER_RIDING_STYLED_ITEM('overriding color',(#16064),#12633,
  #13866);
#16064 = PRESENTATION_STYLE_ASSIGNMENT((#16065));
#16065 = SURFACE_STYLE_USAGE(.BOTH.,#16066);
#16066 = SURFACE_SIDE_STYLE('',(#16067));
#16067 = SURFACE_STYLE_FILL_AREA(#16068);
#16068 = FILL_AREA_STYLE('',(#16069));
#16069 = FILL_AREA_STYLE_COLOUR('',#13913);
#16070 = OVER_RIDING_STYLED_ITEM('overriding color',(#16071),#12645,
  #13866);
#16071 = PRESENTATION_STYLE_ASSIGNMENT((#16072));
#16072 = SURFACE_STYLE_USAGE(.BOTH.,#16073);
#16073 = SURFACE_SIDE_STYLE('',(#16074));
#16074 = SURFACE_STYLE_FILL_AREA(#16075);
#16075 = FILL_AREA_STYLE('',(#16076));
#16076 = FILL_AREA_STYLE_COLOUR('',#13913);
#16077 = OVER_RIDING_STYLED_ITEM('overriding color',(#16078),#12663,
  #13866);
#16078 = PRESENTATION_STYLE_ASSIGNMENT((#16079));
#16079 = SURFACE_STYLE_USAGE(.BOTH.,#16080);
#16080 = SURFACE_SIDE_STYLE('',(#16081));
#16081 = SURFACE_STYLE_FILL_AREA(#16082);
#16082 = FILL_AREA_STYLE('',(#16083));
#16083 = FILL_AREA_STYLE_COLOUR('',#13913);
#16084 = OVER_RIDING_STYLED_ITEM('overriding color',(#16085),#12681,
  #13866);
#16085 = PRESENTATION_STYLE_ASSIGNMENT((#16086));
#16086 = SURFACE_STYLE_USAGE(.BOTH.,#16087);
#16087 = SURFACE_SIDE_STYLE('',(#16088));
#16088 = SURFACE_STYLE_FILL_AREA(#16089);
#16089 = FILL_AREA_STYLE('',(#16090));
#16090 = FILL_AREA_STYLE_COLOUR('',#13913);
#16091 = OVER_RIDING_STYLED_ITEM('overriding color',(#16092),#12699,
  #13866);
#16092 = PRESENTATION_STYLE_ASSIGNMENT((#16093));
#16093 = SURFACE_STYLE_USAGE(.BOTH.,#16094);
#16094 = SURFACE_SIDE_STYLE('',(#16095));
#16095 = SURFACE_STYLE_FILL_AREA(#16096);
#16096 = FILL_AREA_STYLE('',(#16097));
#16097 = FILL_AREA_STYLE_COLOUR('',#13913);
#16098 = OVER_RIDING_STYLED_ITEM('overriding color',(#16099),#12711,
  #13866);
#16099 = PRESENTATION_STYLE_ASSIGNMENT((#16100));
#16100 = SURFACE_STYLE_USAGE(.BOTH.,#16101);
#16101 = SURFACE_SIDE_STYLE('',(#16102));
#16102 = SURFACE_STYLE_FILL_AREA(#16103);
#16103 = FILL_AREA_STYLE('',(#16104));
#16104 = FILL_AREA_STYLE_COLOUR('',#13913);
#16105 = OVER_RIDING_STYLED_ITEM('overriding color',(#16106),#12723,
  #13866);
#16106 = PRESENTATION_STYLE_ASSIGNMENT((#16107));
#16107 = SURFACE_STYLE_USAGE(.BOTH.,#16108);
#16108 = SURFACE_SIDE_STYLE('',(#16109));
#16109 = SURFACE_STYLE_FILL_AREA(#16110);
#16110 = FILL_AREA_STYLE('',(#16111));
#16111 = FILL_AREA_STYLE_COLOUR('',#13884);
#16112 = OVER_RIDING_STYLED_ITEM('overriding color',(#16113),#12743,
  #13866);
#16113 = PRESENTATION_STYLE_ASSIGNMENT((#16114));
#16114 = SURFACE_STYLE_USAGE(.BOTH.,#16115);
#16115 = SURFACE_SIDE_STYLE('',(#16116));
#16116 = SURFACE_STYLE_FILL_AREA(#16117);
#16117 = FILL_AREA_STYLE('',(#16118));
#16118 = FILL_AREA_STYLE_COLOUR('',#13884);
#16119 = OVER_RIDING_STYLED_ITEM('overriding color',(#16120),#12763,
  #13866);
#16120 = PRESENTATION_STYLE_ASSIGNMENT((#16121));
#16121 = SURFACE_STYLE_USAGE(.BOTH.,#16122);
#16122 = SURFACE_SIDE_STYLE('',(#16123));
#16123 = SURFACE_STYLE_FILL_AREA(#16124);
#16124 = FILL_AREA_STYLE('',(#16125));
#16125 = FILL_AREA_STYLE_COLOUR('',#13913);
#16126 = OVER_RIDING_STYLED_ITEM('overriding color',(#16127),#12781,
  #13866);
#16127 = PRESENTATION_STYLE_ASSIGNMENT((#16128));
#16128 = SURFACE_STYLE_USAGE(.BOTH.,#16129);
#16129 = SURFACE_SIDE_STYLE('',(#16130));
#16130 = SURFACE_STYLE_FILL_AREA(#16131);
#16131 = FILL_AREA_STYLE('',(#16132));
#16132 = FILL_AREA_STYLE_COLOUR('',#13913);
#16133 = OVER_RIDING_STYLED_ITEM('overriding color',(#16134),#12799,
  #13866);
#16134 = PRESENTATION_STYLE_ASSIGNMENT((#16135));
#16135 = SURFACE_STYLE_USAGE(.BOTH.,#16136);
#16136 = SURFACE_SIDE_STYLE('',(#16137));
#16137 = SURFACE_STYLE_FILL_AREA(#16138);
#16138 = FILL_AREA_STYLE('',(#16139));
#16139 = FILL_AREA_STYLE_COLOUR('',#13913);
#16140 = OVER_RIDING_STYLED_ITEM('overriding color',(#16141),#12817,
  #13866);
#16141 = PRESENTATION_STYLE_ASSIGNMENT((#16142));
#16142 = SURFACE_STYLE_USAGE(.BOTH.,#16143);
#16143 = SURFACE_SIDE_STYLE('',(#16144));
#16144 = SURFACE_STYLE_FILL_AREA(#16145);
#16145 = FILL_AREA_STYLE('',(#16146));
#16146 = FILL_AREA_STYLE_COLOUR('',#13913);
#16147 = OVER_RIDING_STYLED_ITEM('overriding color',(#16148),#12835,
  #13866);
#16148 = PRESENTATION_STYLE_ASSIGNMENT((#16149));
#16149 = SURFACE_STYLE_USAGE(.BOTH.,#16150);
#16150 = SURFACE_SIDE_STYLE('',(#16151));
#16151 = SURFACE_STYLE_FILL_AREA(#16152);
#16152 = FILL_AREA_STYLE('',(#16153));
#16153 = FILL_AREA_STYLE_COLOUR('',#13913);
#16154 = OVER_RIDING_STYLED_ITEM('overriding color',(#16155),#12853,
  #13866);
#16155 = PRESENTATION_STYLE_ASSIGNMENT((#16156));
#16156 = SURFACE_STYLE_USAGE(.BOTH.,#16157);
#16157 = SURFACE_SIDE_STYLE('',(#16158));
#16158 = SURFACE_STYLE_FILL_AREA(#16159);
#16159 = FILL_AREA_STYLE('',(#16160));
#16160 = FILL_AREA_STYLE_COLOUR('',#13913);
#16161 = OVER_RIDING_STYLED_ITEM('overriding color',(#16162),#12899,
  #13866);
#16162 = PRESENTATION_STYLE_ASSIGNMENT((#16163));
#16163 = SURFACE_STYLE_USAGE(.BOTH.,#16164);
#16164 = SURFACE_SIDE_STYLE('',(#16165));
#16165 = SURFACE_STYLE_FILL_AREA(#16166);
#16166 = FILL_AREA_STYLE('',(#16167));
#16167 = FILL_AREA_STYLE_COLOUR('',#13913);
#16168 = OVER_RIDING_STYLED_ITEM('overriding color',(#16169),#12943,
  #13866);
#16169 = PRESENTATION_STYLE_ASSIGNMENT((#16170));
#16170 = SURFACE_STYLE_USAGE(.BOTH.,#16171);
#16171 = SURFACE_SIDE_STYLE('',(#16172));
#16172 = SURFACE_STYLE_FILL_AREA(#16173);
#16173 = FILL_AREA_STYLE('',(#16174));
#16174 = FILL_AREA_STYLE_COLOUR('',#13913);
#16175 = OVER_RIDING_STYLED_ITEM('overriding color',(#16176),#12987,
  #13866);
#16176 = PRESENTATION_STYLE_ASSIGNMENT((#16177));
#16177 = SURFACE_STYLE_USAGE(.BOTH.,#16178);
#16178 = SURFACE_SIDE_STYLE('',(#16179));
#16179 = SURFACE_STYLE_FILL_AREA(#16180);
#16180 = FILL_AREA_STYLE('',(#16181));
#16181 = FILL_AREA_STYLE_COLOUR('',#13913);
#16182 = OVER_RIDING_STYLED_ITEM('overriding color',(#16183),#13005,
  #13866);
#16183 = PRESENTATION_STYLE_ASSIGNMENT((#16184));
#16184 = SURFACE_STYLE_USAGE(.BOTH.,#16185);
#16185 = SURFACE_SIDE_STYLE('',(#16186));
#16186 = SURFACE_STYLE_FILL_AREA(#16187);
#16187 = FILL_AREA_STYLE('',(#16188));
#16188 = FILL_AREA_STYLE_COLOUR('',#13913);
#16189 = OVER_RIDING_STYLED_ITEM('overriding color',(#16190),#13051,
  #13866);
#16190 = PRESENTATION_STYLE_ASSIGNMENT((#16191));
#16191 = SURFACE_STYLE_USAGE(.BOTH.,#16192);
#16192 = SURFACE_SIDE_STYLE('',(#16193));
#16193 = SURFACE_STYLE_FILL_AREA(#16194);
#16194 = FILL_AREA_STYLE('',(#16195));
#16195 = FILL_AREA_STYLE_COLOUR('',#13913);
#16196 = OVER_RIDING_STYLED_ITEM('overriding color',(#16197),#13097,
  #13866);
#16197 = PRESENTATION_STYLE_ASSIGNMENT((#16198));
#16198 = SURFACE_STYLE_USAGE(.BOTH.,#16199);
#16199 = SURFACE_SIDE_STYLE('',(#16200));
#16200 = SURFACE_STYLE_FILL_AREA(#16201);
#16201 = FILL_AREA_STYLE('',(#16202));
#16202 = FILL_AREA_STYLE_COLOUR('',#13913);
#16203 = OVER_RIDING_STYLED_ITEM('overriding color',(#16204),#13141,
  #13866);
#16204 = PRESENTATION_STYLE_ASSIGNMENT((#16205));
#16205 = SURFACE_STYLE_USAGE(.BOTH.,#16206);
#16206 = SURFACE_SIDE_STYLE('',(#16207));
#16207 = SURFACE_STYLE_FILL_AREA(#16208);
#16208 = FILL_AREA_STYLE('',(#16209));
#16209 = FILL_AREA_STYLE_COLOUR('',#13913);
#16210 = OVER_RIDING_STYLED_ITEM('overriding color',(#16211),#13159,
  #13866);
#16211 = PRESENTATION_STYLE_ASSIGNMENT((#16212));
#16212 = SURFACE_STYLE_USAGE(.BOTH.,#16213);
#16213 = SURFACE_SIDE_STYLE('',(#16214));
#16214 = SURFACE_STYLE_FILL_AREA(#16215);
#16215 = FILL_AREA_STYLE('',(#16216));
#16216 = FILL_AREA_STYLE_COLOUR('',#13913);
#16217 = OVER_RIDING_STYLED_ITEM('overriding color',(#16218),#13203,
  #13866);
#16218 = PRESENTATION_STYLE_ASSIGNMENT((#16219));
#16219 = SURFACE_STYLE_USAGE(.BOTH.,#16220);
#16220 = SURFACE_SIDE_STYLE('',(#16221));
#16221 = SURFACE_STYLE_FILL_AREA(#16222);
#16222 = FILL_AREA_STYLE('',(#16223));
#16223 = FILL_AREA_STYLE_COLOUR('',#13913);
#16224 = OVER_RIDING_STYLED_ITEM('overriding color',(#16225),#13249,
  #13866);
#16225 = PRESENTATION_STYLE_ASSIGNMENT((#16226));
#16226 = SURFACE_STYLE_USAGE(.BOTH.,#16227);
#16227 = SURFACE_SIDE_STYLE('',(#16228));
#16228 = SURFACE_STYLE_FILL_AREA(#16229);
#16229 = FILL_AREA_STYLE('',(#16230));
#16230 = FILL_AREA_STYLE_COLOUR('',#13913);
#16231 = OVER_RIDING_STYLED_ITEM('overriding color',(#16232),#13267,
  #13866);
#16232 = PRESENTATION_STYLE_ASSIGNMENT((#16233));
#16233 = SURFACE_STYLE_USAGE(.BOTH.,#16234);
#16234 = SURFACE_SIDE_STYLE('',(#16235));
#16235 = SURFACE_STYLE_FILL_AREA(#16236);
#16236 = FILL_AREA_STYLE('',(#16237));
#16237 = FILL_AREA_STYLE_COLOUR('',#13913);
#16238 = OVER_RIDING_STYLED_ITEM('overriding color',(#16239),#13279,
  #13866);
#16239 = PRESENTATION_STYLE_ASSIGNMENT((#16240));
#16240 = SURFACE_STYLE_USAGE(.BOTH.,#16241);
#16241 = SURFACE_SIDE_STYLE('',(#16242));
#16242 = SURFACE_STYLE_FILL_AREA(#16243);
#16243 = FILL_AREA_STYLE('',(#16244));
#16244 = FILL_AREA_STYLE_COLOUR('',#13913);
#16245 = OVER_RIDING_STYLED_ITEM('overriding color',(#16246),#13291,
  #13866);
#16246 = PRESENTATION_STYLE_ASSIGNMENT((#16247));
#16247 = SURFACE_STYLE_USAGE(.BOTH.,#16248);
#16248 = SURFACE_SIDE_STYLE('',(#16249));
#16249 = SURFACE_STYLE_FILL_AREA(#16250);
#16250 = FILL_AREA_STYLE('',(#16251));
#16251 = FILL_AREA_STYLE_COLOUR('',#13913);
#16252 = OVER_RIDING_STYLED_ITEM('overriding color',(#16253),#13309,
  #13866);
#16253 = PRESENTATION_STYLE_ASSIGNMENT((#16254));
#16254 = SURFACE_STYLE_USAGE(.BOTH.,#16255);
#16255 = SURFACE_SIDE_STYLE('',(#16256));
#16256 = SURFACE_STYLE_FILL_AREA(#16257);
#16257 = FILL_AREA_STYLE('',(#16258));
#16258 = FILL_AREA_STYLE_COLOUR('',#13913);
#16259 = OVER_RIDING_STYLED_ITEM('overriding color',(#16260),#13327,
  #13866);
#16260 = PRESENTATION_STYLE_ASSIGNMENT((#16261));
#16261 = SURFACE_STYLE_USAGE(.BOTH.,#16262);
#16262 = SURFACE_SIDE_STYLE('',(#16263));
#16263 = SURFACE_STYLE_FILL_AREA(#16264);
#16264 = FILL_AREA_STYLE('',(#16265));
#16265 = FILL_AREA_STYLE_COLOUR('',#13913);
#16266 = OVER_RIDING_STYLED_ITEM('overriding color',(#16267),#13339,
  #13866);
#16267 = PRESENTATION_STYLE_ASSIGNMENT((#16268));
#16268 = SURFACE_STYLE_USAGE(.BOTH.,#16269);
#16269 = SURFACE_SIDE_STYLE('',(#16270));
#16270 = SURFACE_STYLE_FILL_AREA(#16271);
#16271 = FILL_AREA_STYLE('',(#16272));
#16272 = FILL_AREA_STYLE_COLOUR('',#13913);
ENDSEC;
END-ISO-10303-21;
