ISO-10303-21;
HEADER;
FILE_DESCRIPTION(('FreeCAD Model'),'2;1');
FILE_NAME('Open CASCADE Shape Model','2026-08-31T06:06:09',('Author'),(
    ''),'Open CASCADE STEP processor 7.9','FreeCAD','Unknown');
FILE_SCHEMA(('AUTOMOTIVE_DESIGN { 1 0 10303 214 1 1 1 1 }'));
ENDSEC;
DATA;
#1 = APPLICATION_PROTOCOL_DEFINITION('international standard',
  'automotive_design',2000,#2);
#2 = APPLICATION_CONTEXT(
  'core data for automotive mechanical design processes');
#3 = SHAPE_DEFINITION_REPRESENTATION(#4,#10);
#4 = PRODUCT_DEFINITION_SHAPE('','',#5);
#5 = PRODUCT_DEFINITION('design','',#6,#9);
#6 = PRODUCT_DEFINITION_FORMATION('','',#7);
#7 = PRODUCT('Bed level springs_Standard','Bed level springs_Standard',
  '',(#8));
#8 = PRODUCT_CONTEXT('',#2,'mechanical');
#9 = PRODUCT_DEFINITION_CONTEXT('part definition',#2,'design');
#10 = ADVANCED_BREP_SHAPE_REPRESENTATION('',(#11,#15),#2951);
#11 = AXIS2_PLACEMENT_3D('',#12,#13,#14);
#12 = CARTESIAN_POINT('',(0.,0.,0.));
#13 = DIRECTION('',(0.,0.,1.));
#14 = DIRECTION('',(1.,0.,-0.));
#15 = MANIFOLD_SOLID_BREP('',#16);
#16 = CLOSED_SHELL('',(#17,#1640,#2899,#2916,#2926,#2941));
#17 = ADVANCED_FACE('',(#18),#442,.T.);
#18 = FACE_BOUND('',#19,.T.);
#19 = EDGE_LOOP('',(#20,#31,#207,#216,#259,#268));
#20 = ORIENTED_EDGE('',*,*,#21,.T.);
#21 = EDGE_CURVE('',#22,#24,#26,.T.);
#22 = VERTEX_POINT('',#23);
#23 = CARTESIAN_POINT('',(-3.14662517628,3.14662517628,-0.));
#24 = VERTEX_POINT('',#25);
#25 = CARTESIAN_POINT('',(-2.510229073212,2.510229073212,0.));
#26 = ( BOUNDED_CURVE() B_SPLINE_CURVE(3,(#27,#28,#29,#30),
.UNSPECIFIED.,.F.,.F.) B_SPLINE_CURVE_WITH_KNOTS((4,4),(0.,
1.406616936915E-03),.PIECEWISE_BEZIER_KNOTS.) CURVE() 
GEOMETRIC_REPRESENTATION_ITEM() RATIONAL_B_SPLINE_CURVE((1.000000000001,
0.333333333334,0.333333333334,1.000000000001)) REPRESENTATION_ITEM('') 
  );
#27 = CARTESIAN_POINT('',(-3.14662517628,3.14662517628,-3.E-17));
#28 = CARTESIAN_POINT('',(-3.197108377037,3.096141975523,0.897163804933)
  );
#29 = CARTESIAN_POINT('',(-2.560712273966,2.459745872458,0.897163804934)
  );
#30 = CARTESIAN_POINT('',(-2.510229073212,2.510229073212,1.E-17));
#31 = ORIENTED_EDGE('',*,*,#32,.T.);
#32 = EDGE_CURVE('',#24,#33,#35,.T.);
#33 = VERTEX_POINT('',#34);
#34 = CARTESIAN_POINT('',(2.510229073212,-2.510229073212,17.));
#35 = ( BOUNDED_CURVE() B_SPLINE_CURVE(2,(#36,#37,#38,#39,#40,#41,#42,
    #43,#44,#45,#46,#47,#48,#49,#50,#51,#52,#53,#54,#55,#56,#57,#58,#59,
    #60,#61,#62,#63,#64,#65,#66,#67,#68,#69,#70,#71,#72,#73,#74,#75,#76,
    #77,#78,#79,#80,#81,#82,#83,#84,#85,#86,#87,#88,#89,#90,#91,#92,#93,
    #94,#95,#96,#97,#98,#99,#100,#101,#102,#103,#104,#105,#106,#107,#108
    ,#109,#110,#111,#112,#113,#114,#115,#116,#117,#118,#119,#120,#121,
    #122,#123,#124,#125,#126,#127,#128,#129,#130,#131,#132,#133,#134,
    #135,#136,#137,#138,#139,#140,#141,#142,#143,#144,#145,#146,#147,
    #148,#149,#150,#151,#152,#153,#154,#155,#156,#157,#158,#159,#160,
    #161,#162,#163,#164,#165,#166,#167,#168,#169,#170,#171,#172,#173,
    #174,#175,#176,#177,#178,#179,#180,#181,#182,#183,#184,#185,#186,
    #187,#188,#189,#190,#191,#192,#193,#194,#195,#196,#197,#198,#199,
    #200,#201,#202,#203,#204,#205,#206),.UNSPECIFIED.,.F.,.F.) 
B_SPLINE_CURVE_WITH_KNOTS((3,2,2,2,2,2,2,2,2,2,2,2,2,2,2,2,2,2,2,2,2,2,2
    ,2,2,2,2,2,2,2,2,2,2,2,2,2,2,2,2,2,2,2,2,2,2,2,2,2,2,2,2,2,2,2,2,2,2
    ,2,2,2,2,2,2,2,2,2,2,2,2,2,2,2,2,2,2,2,2,2,2,2,2,2,2,2,2,3),(0.,
    1.111111111111E-02,2.222222222222E-02,3.333333333333E-02,
    4.444444444444E-02,5.555555555556E-02,6.666666666667E-02,
    7.777777777778E-02,8.888888888889E-02,0.1,0.111111111111,
    0.122222222222,0.133333333333,0.144444444444,0.155555555556,
    0.166666666667,0.177777777778,0.188888888889,0.2,0.211111111111,
    0.222222222222,0.233333333333,0.244444444444,0.255555555556,
    0.266666666667,0.277777777778,0.288888888889,0.3,0.311111111111,
    0.322222222222,0.333333333333,0.344444444444,0.355555555556,
    0.366666666667,0.377777777778,0.388888888889,0.4,0.411111111111,
    0.422222222222,0.433333333333,0.444444444444,0.455555555556,
    0.466666666667,0.477777777778,0.488888888889,0.5,0.511111111111,
    0.522222222222,0.533333333333,0.544444444444,0.555555555556,
    0.566666666667,0.577777777778,0.588888888889,0.6,0.611111111111,
    0.622222222222,0.633333333333,0.644444444444,0.655555555556,
    0.666666666667,0.677777777778,0.688888888889,0.7,0.711111111111,
    0.722222222222,0.733333333333,0.744444444444,0.755555555556,
    0.766666666667,0.777777777778,0.788888888889,0.8,0.811111111111,
    0.822222222222,0.833333333333,0.844444444444,0.855555555556,
    0.866666666667,0.877777777778,0.888888888889,0.9,0.911111111111,
0.922222222222,0.933333333333,0.944444444444),.UNSPECIFIED.) CURVE() 
GEOMETRIC_REPRESENTATION_ITEM() RATIONAL_B_SPLINE_CURVE((1.,
    0.951056516295,1.,0.951056516295,1.,0.951056516295,1.,0.951056516295
    ,1.,0.951056516295,1.,0.951056516295,1.,0.951056516295,1.,
    0.951056516295,1.,0.951056516295,1.,0.951056516295,1.,0.951056516295
    ,1.,0.951056516295,1.,0.951056516295,1.,0.951056516295,1.,
    0.951056516295,1.,0.951056516295,1.,0.951056516295,1.,0.951056516295
    ,1.,0.951056516295,1.,0.951056516295,1.,0.951056516295,1.,
    0.951056516295,1.,0.951056516295,1.,0.951056516295,1.,0.951056516295
    ,1.,0.951056516295,1.,0.951056516295,1.,0.951056516295,1.,
    0.951056516295,1.,0.951056516295,1.,0.951056516295,1.,0.951056516295
    ,1.,0.951056516295,1.,0.951056516295,1.,0.951056516295,1.,
    0.951056516295,1.,0.951056516295,1.,0.951056516295,1.,0.951056516295
    ,1.,0.951056516295,1.,0.951056516295,1.,0.951056516295,1.,
    0.951056516295,1.,0.951056516295,1.,0.951056516295,1.,0.951056516295
    ,1.,0.951056516295,1.,0.951056516295,1.,0.951056516295,1.,
    0.951056516295,1.,0.951056516295,1.,0.951056516295,1.,0.951056516295
    ,1.,0.951056516295,1.,0.951056516295,1.,0.951056516295,1.,
    0.951056516295,1.,0.951056516295,1.,0.951056516295,1.,0.951056516295
    ,1.,0.951056516295,1.,0.951056516295,1.,0.951056516295,1.,
    0.951056516295,1.,0.951056516295,1.,0.951056516295,1.,0.951056516295
    ,1.,0.951056516295,1.,0.951056516295,1.,0.951056516295,1.,
    0.951056516295,1.,0.951056516295,1.,0.951056516295,1.,0.951056516295
    ,1.,0.951056516295,1.,0.951056516295,1.,0.951056516295,1.,
    0.951056516295,1.,0.951056516295,1.,0.951056516295,1.,0.951056516295
    ,1.,0.951056516295,1.,0.951056516295,1.,0.951056516295,1.,
0.951056516295,1.)) REPRESENTATION_ITEM('') );
#36 = CARTESIAN_POINT('',(-2.510229073212,2.510229073212,1.E-17));
#37 = CARTESIAN_POINT('',(-1.694606205269,3.325851941155,0.1));
#38 = CARTESIAN_POINT('',(-0.555342350893,3.506293609113,0.2));
#39 = CARTESIAN_POINT('',(0.583921503483,3.68673527707,0.3));
#40 = CARTESIAN_POINT('',(1.611666274075,3.163073160869,0.4));
#41 = CARTESIAN_POINT('',(2.639411044667,2.639411044667,0.5));
#42 = CARTESIAN_POINT('',(3.163073160869,1.611666274075,0.6));
#43 = CARTESIAN_POINT('',(3.68673527707,0.583921503483,0.7));
#44 = CARTESIAN_POINT('',(3.506293609113,-0.555342350893,0.8));
#45 = CARTESIAN_POINT('',(3.325851941155,-1.694606205269,0.9));
#46 = CARTESIAN_POINT('',(2.510229073212,-2.510229073212,1.));
#47 = CARTESIAN_POINT('',(1.694606205269,-3.325851941155,1.1));
#48 = CARTESIAN_POINT('',(0.555342350893,-3.506293609113,1.2));
#49 = CARTESIAN_POINT('',(-0.583921503483,-3.68673527707,1.3));
#50 = CARTESIAN_POINT('',(-1.611666274075,-3.163073160869,1.4));
#51 = CARTESIAN_POINT('',(-2.639411044667,-2.639411044667,1.5));
#52 = CARTESIAN_POINT('',(-3.163073160869,-1.611666274075,1.6));
#53 = CARTESIAN_POINT('',(-3.68673527707,-0.583921503483,1.7));
#54 = CARTESIAN_POINT('',(-3.506293609113,0.555342350893,1.8));
#55 = CARTESIAN_POINT('',(-3.325851941155,1.694606205269,1.9));
#56 = CARTESIAN_POINT('',(-2.510229073212,2.510229073212,2.));
#57 = CARTESIAN_POINT('',(-1.694606205269,3.325851941155,2.1));
#58 = CARTESIAN_POINT('',(-0.555342350893,3.506293609113,2.2));
#59 = CARTESIAN_POINT('',(0.583921503483,3.68673527707,2.3));
#60 = CARTESIAN_POINT('',(1.611666274075,3.163073160869,2.4));
#61 = CARTESIAN_POINT('',(2.639411044667,2.639411044667,2.5));
#62 = CARTESIAN_POINT('',(3.163073160869,1.611666274075,2.6));
#63 = CARTESIAN_POINT('',(3.68673527707,0.583921503483,2.7));
#64 = CARTESIAN_POINT('',(3.506293609113,-0.555342350893,2.8));
#65 = CARTESIAN_POINT('',(3.325851941155,-1.694606205269,2.9));
#66 = CARTESIAN_POINT('',(2.510229073212,-2.510229073212,3.));
#67 = CARTESIAN_POINT('',(1.694606205269,-3.325851941155,3.1));
#68 = CARTESIAN_POINT('',(0.555342350893,-3.506293609113,3.2));
#69 = CARTESIAN_POINT('',(-0.583921503483,-3.68673527707,3.3));
#70 = CARTESIAN_POINT('',(-1.611666274075,-3.163073160869,3.4));
#71 = CARTESIAN_POINT('',(-2.639411044667,-2.639411044667,3.5));
#72 = CARTESIAN_POINT('',(-3.163073160869,-1.611666274075,3.6));
#73 = CARTESIAN_POINT('',(-3.68673527707,-0.583921503483,3.7));
#74 = CARTESIAN_POINT('',(-3.506293609113,0.555342350893,3.8));
#75 = CARTESIAN_POINT('',(-3.325851941155,1.694606205269,3.9));
#76 = CARTESIAN_POINT('',(-2.510229073212,2.510229073212,4.));
#77 = CARTESIAN_POINT('',(-1.694606205269,3.325851941155,4.1));
#78 = CARTESIAN_POINT('',(-0.555342350893,3.506293609113,4.2));
#79 = CARTESIAN_POINT('',(0.583921503483,3.68673527707,4.3));
#80 = CARTESIAN_POINT('',(1.611666274075,3.163073160869,4.4));
#81 = CARTESIAN_POINT('',(2.639411044667,2.639411044667,4.5));
#82 = CARTESIAN_POINT('',(3.163073160869,1.611666274075,4.6));
#83 = CARTESIAN_POINT('',(3.68673527707,0.583921503483,4.7));
#84 = CARTESIAN_POINT('',(3.506293609113,-0.555342350893,4.8));
#85 = CARTESIAN_POINT('',(3.325851941155,-1.694606205269,4.9));
#86 = CARTESIAN_POINT('',(2.510229073212,-2.510229073212,5.));
#87 = CARTESIAN_POINT('',(1.694606205269,-3.325851941155,5.1));
#88 = CARTESIAN_POINT('',(0.555342350893,-3.506293609113,5.2));
#89 = CARTESIAN_POINT('',(-0.583921503483,-3.68673527707,5.3));
#90 = CARTESIAN_POINT('',(-1.611666274075,-3.163073160869,5.4));
#91 = CARTESIAN_POINT('',(-2.639411044667,-2.639411044667,5.5));
#92 = CARTESIAN_POINT('',(-3.163073160869,-1.611666274075,5.6));
#93 = CARTESIAN_POINT('',(-3.68673527707,-0.583921503483,5.7));
#94 = CARTESIAN_POINT('',(-3.506293609113,0.555342350893,5.8));
#95 = CARTESIAN_POINT('',(-3.325851941155,1.694606205269,5.9));
#96 = CARTESIAN_POINT('',(-2.510229073212,2.510229073212,6.));
#97 = CARTESIAN_POINT('',(-1.694606205269,3.325851941155,6.1));
#98 = CARTESIAN_POINT('',(-0.555342350893,3.506293609113,6.2));
#99 = CARTESIAN_POINT('',(0.583921503483,3.68673527707,6.3));
#100 = CARTESIAN_POINT('',(1.611666274075,3.163073160869,6.4));
#101 = CARTESIAN_POINT('',(2.639411044667,2.639411044667,6.5));
#102 = CARTESIAN_POINT('',(3.163073160869,1.611666274075,6.6));
#103 = CARTESIAN_POINT('',(3.68673527707,0.583921503483,6.7));
#104 = CARTESIAN_POINT('',(3.506293609113,-0.555342350893,6.8));
#105 = CARTESIAN_POINT('',(3.325851941155,-1.694606205269,6.9));
#106 = CARTESIAN_POINT('',(2.510229073212,-2.510229073212,7.));
#107 = CARTESIAN_POINT('',(1.694606205269,-3.325851941155,7.1));
#108 = CARTESIAN_POINT('',(0.555342350893,-3.506293609113,7.2));
#109 = CARTESIAN_POINT('',(-0.583921503483,-3.68673527707,7.3));
#110 = CARTESIAN_POINT('',(-1.611666274075,-3.163073160869,7.4));
#111 = CARTESIAN_POINT('',(-2.639411044667,-2.639411044667,7.5));
#112 = CARTESIAN_POINT('',(-3.163073160869,-1.611666274075,7.6));
#113 = CARTESIAN_POINT('',(-3.68673527707,-0.583921503483,7.7));
#114 = CARTESIAN_POINT('',(-3.506293609113,0.555342350893,7.8));
#115 = CARTESIAN_POINT('',(-3.325851941155,1.694606205269,7.9));
#116 = CARTESIAN_POINT('',(-2.510229073212,2.510229073212,8.));
#117 = CARTESIAN_POINT('',(-1.694606205269,3.325851941155,8.1));
#118 = CARTESIAN_POINT('',(-0.555342350893,3.506293609113,8.2));
#119 = CARTESIAN_POINT('',(0.583921503483,3.68673527707,8.3));
#120 = CARTESIAN_POINT('',(1.611666274075,3.163073160869,8.4));
#121 = CARTESIAN_POINT('',(2.639411044667,2.639411044667,8.5));
#122 = CARTESIAN_POINT('',(3.163073160869,1.611666274075,8.6));
#123 = CARTESIAN_POINT('',(3.68673527707,0.583921503483,8.7));
#124 = CARTESIAN_POINT('',(3.506293609113,-0.555342350893,8.8));
#125 = CARTESIAN_POINT('',(3.325851941155,-1.694606205269,8.9));
#126 = CARTESIAN_POINT('',(2.510229073212,-2.510229073212,9.));
#127 = CARTESIAN_POINT('',(1.694606205269,-3.325851941155,9.1));
#128 = CARTESIAN_POINT('',(0.555342350893,-3.506293609113,9.2));
#129 = CARTESIAN_POINT('',(-0.583921503483,-3.68673527707,9.3));
#130 = CARTESIAN_POINT('',(-1.611666274075,-3.163073160869,9.4));
#131 = CARTESIAN_POINT('',(-2.639411044667,-2.639411044667,9.5));
#132 = CARTESIAN_POINT('',(-3.163073160869,-1.611666274075,9.6));
#133 = CARTESIAN_POINT('',(-3.68673527707,-0.583921503483,9.7));
#134 = CARTESIAN_POINT('',(-3.506293609113,0.555342350893,9.8));
#135 = CARTESIAN_POINT('',(-3.325851941155,1.694606205269,9.9));
#136 = CARTESIAN_POINT('',(-2.510229073212,2.510229073212,10.));
#137 = CARTESIAN_POINT('',(-1.694606205269,3.325851941155,10.1));
#138 = CARTESIAN_POINT('',(-0.555342350893,3.506293609113,10.2));
#139 = CARTESIAN_POINT('',(0.583921503483,3.68673527707,10.3));
#140 = CARTESIAN_POINT('',(1.611666274075,3.163073160869,10.4));
#141 = CARTESIAN_POINT('',(2.639411044667,2.639411044667,10.5));
#142 = CARTESIAN_POINT('',(3.163073160869,1.611666274075,10.6));
#143 = CARTESIAN_POINT('',(3.68673527707,0.583921503483,10.7));
#144 = CARTESIAN_POINT('',(3.506293609113,-0.555342350893,10.8));
#145 = CARTESIAN_POINT('',(3.325851941155,-1.694606205269,10.9));
#146 = CARTESIAN_POINT('',(2.510229073212,-2.510229073212,11.));
#147 = CARTESIAN_POINT('',(1.694606205269,-3.325851941155,11.1));
#148 = CARTESIAN_POINT('',(0.555342350893,-3.506293609113,11.2));
#149 = CARTESIAN_POINT('',(-0.583921503483,-3.68673527707,11.3));
#150 = CARTESIAN_POINT('',(-1.611666274075,-3.163073160869,11.4));
#151 = CARTESIAN_POINT('',(-2.639411044667,-2.639411044667,11.5));
#152 = CARTESIAN_POINT('',(-3.163073160869,-1.611666274075,11.6));
#153 = CARTESIAN_POINT('',(-3.68673527707,-0.583921503483,11.7));
#154 = CARTESIAN_POINT('',(-3.506293609113,0.555342350893,11.8));
#155 = CARTESIAN_POINT('',(-3.325851941155,1.694606205269,11.9));
#156 = CARTESIAN_POINT('',(-2.510229073212,2.510229073212,12.));
#157 = CARTESIAN_POINT('',(-1.694606205269,3.325851941155,12.1));
#158 = CARTESIAN_POINT('',(-0.555342350893,3.506293609113,12.2));
#159 = CARTESIAN_POINT('',(0.583921503483,3.68673527707,12.3));
#160 = CARTESIAN_POINT('',(1.611666274075,3.163073160869,12.4));
#161 = CARTESIAN_POINT('',(2.639411044667,2.639411044667,12.5));
#162 = CARTESIAN_POINT('',(3.163073160869,1.611666274075,12.6));
#163 = CARTESIAN_POINT('',(3.68673527707,0.583921503483,12.7));
#164 = CARTESIAN_POINT('',(3.506293609113,-0.555342350893,12.8));
#165 = CARTESIAN_POINT('',(3.325851941155,-1.694606205269,12.9));
#166 = CARTESIAN_POINT('',(2.510229073212,-2.510229073212,13.));
#167 = CARTESIAN_POINT('',(1.694606205269,-3.325851941155,13.1));
#168 = CARTESIAN_POINT('',(0.555342350893,-3.506293609113,13.2));
#169 = CARTESIAN_POINT('',(-0.583921503483,-3.68673527707,13.3));
#170 = CARTESIAN_POINT('',(-1.611666274075,-3.163073160869,13.4));
#171 = CARTESIAN_POINT('',(-2.639411044667,-2.639411044667,13.5));
#172 = CARTESIAN_POINT('',(-3.163073160869,-1.611666274075,13.6));
#173 = CARTESIAN_POINT('',(-3.68673527707,-0.583921503483,13.7));
#174 = CARTESIAN_POINT('',(-3.506293609113,0.555342350893,13.8));
#175 = CARTESIAN_POINT('',(-3.325851941155,1.694606205269,13.9));
#176 = CARTESIAN_POINT('',(-2.510229073212,2.510229073212,14.));
#177 = CARTESIAN_POINT('',(-1.694606205269,3.325851941155,14.1));
#178 = CARTESIAN_POINT('',(-0.555342350893,3.506293609113,14.2));
#179 = CARTESIAN_POINT('',(0.583921503483,3.68673527707,14.3));
#180 = CARTESIAN_POINT('',(1.611666274075,3.163073160869,14.4));
#181 = CARTESIAN_POINT('',(2.639411044667,2.639411044667,14.5));
#182 = CARTESIAN_POINT('',(3.163073160869,1.611666274075,14.6));
#183 = CARTESIAN_POINT('',(3.68673527707,0.583921503483,14.7));
#184 = CARTESIAN_POINT('',(3.506293609113,-0.555342350893,14.8));
#185 = CARTESIAN_POINT('',(3.325851941155,-1.694606205269,14.9));
#186 = CARTESIAN_POINT('',(2.510229073212,-2.510229073212,15.));
#187 = CARTESIAN_POINT('',(1.694606205269,-3.325851941155,15.1));
#188 = CARTESIAN_POINT('',(0.555342350893,-3.506293609113,15.2));
#189 = CARTESIAN_POINT('',(-0.583921503483,-3.68673527707,15.3));
#190 = CARTESIAN_POINT('',(-1.611666274075,-3.163073160869,15.4));
#191 = CARTESIAN_POINT('',(-2.639411044667,-2.639411044667,15.5));
#192 = CARTESIAN_POINT('',(-3.163073160869,-1.611666274075,15.6));
#193 = CARTESIAN_POINT('',(-3.68673527707,-0.583921503483,15.7));
#194 = CARTESIAN_POINT('',(-3.506293609113,0.555342350893,15.8));
#195 = CARTESIAN_POINT('',(-3.325851941155,1.694606205269,15.9));
#196 = CARTESIAN_POINT('',(-2.510229073212,2.510229073212,16.));
#197 = CARTESIAN_POINT('',(-1.694606205269,3.325851941155,16.1));
#198 = CARTESIAN_POINT('',(-0.555342350893,3.506293609113,16.2));
#199 = CARTESIAN_POINT('',(0.583921503483,3.68673527707,16.3));
#200 = CARTESIAN_POINT('',(1.611666274075,3.163073160869,16.4));
#201 = CARTESIAN_POINT('',(2.639411044667,2.639411044667,16.5));
#202 = CARTESIAN_POINT('',(3.163073160869,1.611666274075,16.6));
#203 = CARTESIAN_POINT('',(3.68673527707,0.583921503483,16.7));
#204 = CARTESIAN_POINT('',(3.506293609113,-0.555342350893,16.8));
#205 = CARTESIAN_POINT('',(3.325851941155,-1.694606205269,16.9));
#206 = CARTESIAN_POINT('',(2.510229073212,-2.510229073212,17.));
#207 = ORIENTED_EDGE('',*,*,#208,.T.);
#208 = EDGE_CURVE('',#33,#209,#211,.T.);
#209 = VERTEX_POINT('',#210);
#210 = CARTESIAN_POINT('',(2.527027211854,-2.514227129065,
    17.113738538861));
#211 = ( BOUNDED_CURVE() B_SPLINE_CURVE(3,(#212,#213,#214,#215),
.UNSPECIFIED.,.F.,.F.) B_SPLINE_CURVE_WITH_KNOTS((4,4),(-1.E-16,
1.150418060304E-04),.PIECEWISE_BEZIER_KNOTS.) CURVE() 
GEOMETRIC_REPRESENTATION_ITEM() RATIONAL_B_SPLINE_CURVE((1.000000000001,
0.92388839833,0.856466260523,0.797733586579)) REPRESENTATION_ITEM('') );
#212 = CARTESIAN_POINT('',(2.510229073212,-2.510229073212,17.));
#213 = CARTESIAN_POINT('',(2.512308522008,-2.508149624416,
    17.036954990604));
#214 = CARTESIAN_POINT('',(2.517687617748,-2.509227223114,
    17.075177086236));
#215 = CARTESIAN_POINT('',(2.527027211854,-2.514227129065,
    17.113738538861));
#216 = ORIENTED_EDGE('',*,*,#217,.T.);
#217 = EDGE_CURVE('',#209,#218,#220,.T.);
#218 = VERTEX_POINT('',#219);
#219 = CARTESIAN_POINT('',(3.142627120428,-3.129827037638,
    17.113738538862));
#220 = B_SPLINE_CURVE_WITH_KNOTS('',3,(#221,#222,#223,#224,#225,#226,
    #227,#228,#229,#230,#231,#232,#233,#234,#235,#236,#237,#238,#239,
    #240,#241,#242,#243,#244,#245,#246,#247,#248,#249,#250,#251,#252,
    #253,#254,#255,#256,#257,#258),.UNSPECIFIED.,.F.,.F.,(4,2,2,2,2,2,2,
    2,2,2,2,2,2,2,2,2,2,2,4),(0.,5.413368585536E-04,1.082673717107E-03,
    2.165347434215E-03,3.248021151322E-03,3.518689580599E-03,
    3.789358009876E-03,3.857025117195E-03,3.924692224514E-03,
    3.958525778174E-03,3.992359331833E-03,4.060026439152E-03,
    4.330694868429E-03,4.872031726983E-03,5.413368585536E-03,
    6.496042302644E-03,7.037379161197E-03,7.578716019751E-03,
    8.661389736858E-03),.UNSPECIFIED.);
#221 = CARTESIAN_POINT('',(2.527027211854,-2.514227129065,
    17.113738538861));
#222 = CARTESIAN_POINT('',(2.658050003755,-2.388348894426,
    17.113738538861));
#223 = CARTESIAN_POINT('',(2.779094488104,-2.25426565959,17.113738538862
    ));
#224 = CARTESIAN_POINT('',(3.00192136028,-1.970260280867,17.113738538862
    ));
#225 = CARTESIAN_POINT('',(3.104256654948,-1.819276184225,
    17.113738538862));
#226 = CARTESIAN_POINT('',(3.376668745897,-1.351367078482,
    17.113738538862));
#227 = CARTESIAN_POINT('',(3.513321567513,-1.020242222402,
    17.113738538862));
#228 = CARTESIAN_POINT('',(3.700295809207,-0.321149040645,
    17.113738538862));
#229 = CARTESIAN_POINT('',(3.746564213103,3.866970115852E-02,
    17.113738538861));
#230 = CARTESIAN_POINT('',(3.769245227281,0.490215385635,17.113738538861
    ));
#231 = CARTESIAN_POINT('',(3.772151111517,0.580724751647,17.113738538849
    ));
#232 = CARTESIAN_POINT('',(3.778238496689,0.761689503916,17.113738538849
    ));
#233 = CARTESIAN_POINT('',(3.779877483063,0.852249283264,17.113738538862
    ));
#234 = CARTESIAN_POINT('',(3.794324618385,0.964765821048,17.113738538862
    ));
#235 = CARTESIAN_POINT('',(3.797925593599,0.987212349995,17.113738538861
    ));
#236 = CARTESIAN_POINT('',(3.809280176636,1.031151137686,17.113738538861
    ));
#237 = CARTESIAN_POINT('',(3.816153515878,1.053855795103,17.113738538862
    ));
#238 = CARTESIAN_POINT('',(3.840113435457,1.078467861247,17.113738538862
    ));
#239 = CARTESIAN_POINT('',(3.851293611946,1.08368513355,17.113738538861)
  );
#240 = CARTESIAN_POINT('',(3.87405914928,1.082669402731,17.113738538861)
  );
#241 = CARTESIAN_POINT('',(3.884867737484,1.077678432075,17.113738538862
    ));
#242 = CARTESIAN_POINT('',(3.913548070872,1.059439831014,17.113738538862
    ));
#243 = CARTESIAN_POINT('',(3.929187508758,1.04267049857,17.11373853886)
  );
#244 = CARTESIAN_POINT('',(4.000881309861,0.956147887025,17.11373853886)
  );
#245 = CARTESIAN_POINT('',(4.040131646984,0.874069396046,17.113738538861
    ));
#246 = CARTESIAN_POINT('',(4.145542708245,0.628627265649,17.113738538861
    ));
#247 = CARTESIAN_POINT('',(4.192879983046,0.456686081578,17.113738538862
    ));
#248 = CARTESIAN_POINT('',(4.259949977966,0.106133897245,17.113738538862
    ));
#249 = CARTESIAN_POINT('',(4.278027990784,-6.968354258084E-02,
    17.113738538862));
#250 = CARTESIAN_POINT('',(4.293547246242,-0.598491764105,
    17.113738538861));
#251 = CARTESIAN_POINT('',(4.25095637849,-0.956569353473,17.113738538862
    ));
#252 = CARTESIAN_POINT('',(4.120696401991,-1.469925323894,
    17.113738538862));
#253 = CARTESIAN_POINT('',(4.066041813046,-1.637983528049,
    17.113738538862));
#254 = CARTESIAN_POINT('',(3.934175685909,-1.967955125246,
    17.113738538862));
#255 = CARTESIAN_POINT('',(3.857113446811,-2.129016731771,
    17.113738538861));
#256 = CARTESIAN_POINT('',(3.598961944874,-2.590052882335,
    17.113738538861));
#257 = CARTESIAN_POINT('',(3.389702623475,-2.872576632885,
    17.113738538862));
#258 = CARTESIAN_POINT('',(3.142627120428,-3.129827037638,
    17.113738538862));
#259 = ORIENTED_EDGE('',*,*,#260,.T.);
#260 = EDGE_CURVE('',#218,#261,#263,.T.);
#261 = VERTEX_POINT('',#262);
#262 = CARTESIAN_POINT('',(3.14662517628,-3.14662517628,17.));
#263 = ( BOUNDED_CURVE() B_SPLINE_CURVE(3,(#264,#265,#266,#267),
.UNSPECIFIED.,.F.,.F.) B_SPLINE_CURVE_WITH_KNOTS((4,4),(
    -1.530206213742E-03,-1.415164407712E-03),.PIECEWISE_BEZIER_KNOTS.) 
CURVE() GEOMETRIC_REPRESENTATION_ITEM() RATIONAL_B_SPLINE_CURVE((
    0.79773358659,0.856466260539,0.923888398352,1.000000000031)) 
REPRESENTATION_ITEM('') );
#264 = CARTESIAN_POINT('',(3.142627120428,-3.129827037638,
    17.113738538862));
#265 = CARTESIAN_POINT('',(3.147627025786,-3.139166632337,
    17.075177086299));
#266 = CARTESIAN_POINT('',(3.148704624484,-3.144545728077,
    17.036954990664));
#267 = CARTESIAN_POINT('',(3.14662517628,-3.14662517628,17.));
#268 = ORIENTED_EDGE('',*,*,#269,.F.);
#269 = EDGE_CURVE('',#22,#261,#270,.T.);
#270 = ( BOUNDED_CURVE() B_SPLINE_CURVE(2,(#271,#272,#273,#274,#275,#276
    ,#277,#278,#279,#280,#281,#282,#283,#284,#285,#286,#287,#288,#289,
    #290,#291,#292,#293,#294,#295,#296,#297,#298,#299,#300,#301,#302,
    #303,#304,#305,#306,#307,#308,#309,#310,#311,#312,#313,#314,#315,
    #316,#317,#318,#319,#320,#321,#322,#323,#324,#325,#326,#327,#328,
    #329,#330,#331,#332,#333,#334,#335,#336,#337,#338,#339,#340,#341,
    #342,#343,#344,#345,#346,#347,#348,#349,#350,#351,#352,#353,#354,
    #355,#356,#357,#358,#359,#360,#361,#362,#363,#364,#365,#366,#367,
    #368,#369,#370,#371,#372,#373,#374,#375,#376,#377,#378,#379,#380,
    #381,#382,#383,#384,#385,#386,#387,#388,#389,#390,#391,#392,#393,
    #394,#395,#396,#397,#398,#399,#400,#401,#402,#403,#404,#405,#406,
    #407,#408,#409,#410,#411,#412,#413,#414,#415,#416,#417,#418,#419,
    #420,#421,#422,#423,#424,#425,#426,#427,#428,#429,#430,#431,#432,
    #433,#434,#435,#436,#437,#438,#439,#440,#441),.UNSPECIFIED.,.F.,.F.)
 B_SPLINE_CURVE_WITH_KNOTS((3,2,2,2,2,2,2,2,2,2,2,2,2,2,2,2,2,2,2,2,2,2,
    2,2,2,2,2,2,2,2,2,2,2,2,2,2,2,2,2,2,2,2,2,2,2,2,2,2,2,2,2,2,2,2,2,2,
    2,2,2,2,2,2,2,2,2,2,2,2,2,2,2,2,2,2,2,2,2,2,2,2,2,2,2,2,2,3),(0.,
    1.111111111111E-02,2.222222222222E-02,3.333333333333E-02,
    4.444444444444E-02,5.555555555556E-02,6.666666666667E-02,
    7.777777777778E-02,8.888888888889E-02,0.1,0.111111111111,
    0.122222222222,0.133333333333,0.144444444444,0.155555555556,
    0.166666666667,0.177777777778,0.188888888889,0.2,0.211111111111,
    0.222222222222,0.233333333333,0.244444444444,0.255555555556,
    0.266666666667,0.277777777778,0.288888888889,0.3,0.311111111111,
    0.322222222222,0.333333333333,0.344444444444,0.355555555556,
    0.366666666667,0.377777777778,0.388888888889,0.4,0.411111111111,
    0.422222222222,0.433333333333,0.444444444444,0.455555555556,
    0.466666666667,0.477777777778,0.488888888889,0.5,0.511111111111,
    0.522222222222,0.533333333333,0.544444444444,0.555555555556,
    0.566666666667,0.577777777778,0.588888888889,0.6,0.611111111111,
    0.622222222222,0.633333333333,0.644444444444,0.655555555556,
    0.666666666667,0.677777777778,0.688888888889,0.7,0.711111111111,
    0.722222222222,0.733333333333,0.744444444444,0.755555555556,
    0.766666666667,0.777777777778,0.788888888889,0.8,0.811111111111,
    0.822222222222,0.833333333333,0.844444444444,0.855555555556,
    0.866666666667,0.877777777778,0.888888888889,0.9,0.911111111111,
0.922222222222,0.933333333333,0.944444444444),.UNSPECIFIED.) CURVE() 
GEOMETRIC_REPRESENTATION_ITEM() RATIONAL_B_SPLINE_CURVE((1.,
    0.951056516295,1.,0.951056516295,1.,0.951056516295,1.,0.951056516295
    ,1.,0.951056516295,1.,0.951056516295,1.,0.951056516295,1.,
    0.951056516295,1.,0.951056516295,1.,0.951056516295,1.,0.951056516295
    ,1.,0.951056516295,1.,0.951056516295,1.,0.951056516295,1.,
    0.951056516295,1.,0.951056516295,1.,0.951056516295,1.,0.951056516295
    ,1.,0.951056516295,1.,0.951056516295,1.,0.951056516295,1.,
    0.951056516295,1.,0.951056516295,1.,0.951056516295,1.,0.951056516295
    ,1.,0.951056516295,1.,0.951056516295,1.,0.951056516295,1.,
    0.951056516295,1.,0.951056516295,1.,0.951056516295,1.,0.951056516295
    ,1.,0.951056516295,1.,0.951056516295,1.,0.951056516295,1.,
    0.951056516295,1.,0.951056516295,1.,0.951056516295,1.,0.951056516295
    ,1.,0.951056516295,1.,0.951056516295,1.,0.951056516295,1.,
    0.951056516295,1.,0.951056516295,1.,0.951056516295,1.,0.951056516295
    ,1.,0.951056516295,1.,0.951056516295,1.,0.951056516295,1.,
    0.951056516295,1.,0.951056516295,1.,0.951056516295,1.,0.951056516295
    ,1.,0.951056516295,1.,0.951056516295,1.,0.951056516295,1.,
    0.951056516295,1.,0.951056516295,1.,0.951056516295,1.,0.951056516295
    ,1.,0.951056516295,1.,0.951056516295,1.,0.951056516295,1.,
    0.951056516295,1.,0.951056516295,1.,0.951056516295,1.,0.951056516295
    ,1.,0.951056516295,1.,0.951056516295,1.,0.951056516295,1.,
    0.951056516295,1.,0.951056516295,1.,0.951056516295,1.,0.951056516295
    ,1.,0.951056516295,1.,0.951056516295,1.,0.951056516295,1.,
    0.951056516295,1.,0.951056516295,1.,0.951056516295,1.,0.951056516295
    ,1.,0.951056516295,1.,0.951056516295,1.,0.951056516295,1.,
0.951056516295,1.)) REPRESENTATION_ITEM('') );
#271 = CARTESIAN_POINT('',(-3.14662517628,3.14662517628,-3.E-17));
#272 = CARTESIAN_POINT('',(-2.124224679844,4.169025672716,0.1));
#273 = CARTESIAN_POINT('',(-0.696133369429,4.395213115648,0.2));
#274 = CARTESIAN_POINT('',(0.731957940986,4.621400558581,0.3));
#275 = CARTESIAN_POINT('',(2.020257723841,3.964979032638,0.4));
#276 = CARTESIAN_POINT('',(3.308557506696,3.308557506696,0.5));
#277 = CARTESIAN_POINT('',(3.964979032638,2.020257723841,0.6));
#278 = CARTESIAN_POINT('',(4.621400558581,0.731957940986,0.7));
#279 = CARTESIAN_POINT('',(4.395213115648,-0.696133369429,0.8));
#280 = CARTESIAN_POINT('',(4.169025672716,-2.124224679844,0.9));
#281 = CARTESIAN_POINT('',(3.14662517628,-3.14662517628,1.));
#282 = CARTESIAN_POINT('',(2.124224679844,-4.169025672716,1.1));
#283 = CARTESIAN_POINT('',(0.696133369429,-4.395213115648,1.2));
#284 = CARTESIAN_POINT('',(-0.731957940986,-4.621400558581,1.3));
#285 = CARTESIAN_POINT('',(-2.020257723841,-3.964979032638,1.4));
#286 = CARTESIAN_POINT('',(-3.308557506696,-3.308557506696,1.5));
#287 = CARTESIAN_POINT('',(-3.964979032638,-2.020257723841,1.6));
#288 = CARTESIAN_POINT('',(-4.621400558581,-0.731957940986,1.7));
#289 = CARTESIAN_POINT('',(-4.395213115648,0.696133369429,1.8));
#290 = CARTESIAN_POINT('',(-4.169025672716,2.124224679844,1.9));
#291 = CARTESIAN_POINT('',(-3.14662517628,3.14662517628,2.));
#292 = CARTESIAN_POINT('',(-2.124224679844,4.169025672716,2.1));
#293 = CARTESIAN_POINT('',(-0.696133369429,4.395213115648,2.2));
#294 = CARTESIAN_POINT('',(0.731957940986,4.621400558581,2.3));
#295 = CARTESIAN_POINT('',(2.020257723841,3.964979032638,2.4));
#296 = CARTESIAN_POINT('',(3.308557506696,3.308557506696,2.5));
#297 = CARTESIAN_POINT('',(3.964979032638,2.020257723841,2.6));
#298 = CARTESIAN_POINT('',(4.621400558581,0.731957940986,2.7));
#299 = CARTESIAN_POINT('',(4.395213115648,-0.696133369429,2.8));
#300 = CARTESIAN_POINT('',(4.169025672716,-2.124224679844,2.9));
#301 = CARTESIAN_POINT('',(3.14662517628,-3.14662517628,3.));
#302 = CARTESIAN_POINT('',(2.124224679844,-4.169025672716,3.1));
#303 = CARTESIAN_POINT('',(0.696133369429,-4.395213115648,3.2));
#304 = CARTESIAN_POINT('',(-0.731957940986,-4.621400558581,3.3));
#305 = CARTESIAN_POINT('',(-2.020257723841,-3.964979032638,3.4));
#306 = CARTESIAN_POINT('',(-3.308557506696,-3.308557506696,3.5));
#307 = CARTESIAN_POINT('',(-3.964979032638,-2.020257723841,3.6));
#308 = CARTESIAN_POINT('',(-4.621400558581,-0.731957940986,3.7));
#309 = CARTESIAN_POINT('',(-4.395213115648,0.696133369429,3.8));
#310 = CARTESIAN_POINT('',(-4.169025672716,2.124224679844,3.9));
#311 = CARTESIAN_POINT('',(-3.14662517628,3.14662517628,4.));
#312 = CARTESIAN_POINT('',(-2.124224679844,4.169025672716,4.1));
#313 = CARTESIAN_POINT('',(-0.696133369429,4.395213115648,4.2));
#314 = CARTESIAN_POINT('',(0.731957940986,4.621400558581,4.3));
#315 = CARTESIAN_POINT('',(2.020257723841,3.964979032638,4.4));
#316 = CARTESIAN_POINT('',(3.308557506696,3.308557506696,4.5));
#317 = CARTESIAN_POINT('',(3.964979032638,2.020257723841,4.6));
#318 = CARTESIAN_POINT('',(4.621400558581,0.731957940986,4.7));
#319 = CARTESIAN_POINT('',(4.395213115648,-0.696133369429,4.8));
#320 = CARTESIAN_POINT('',(4.169025672716,-2.124224679844,4.9));
#321 = CARTESIAN_POINT('',(3.14662517628,-3.14662517628,5.));
#322 = CARTESIAN_POINT('',(2.124224679844,-4.169025672716,5.1));
#323 = CARTESIAN_POINT('',(0.696133369429,-4.395213115648,5.2));
#324 = CARTESIAN_POINT('',(-0.731957940986,-4.621400558581,5.3));
#325 = CARTESIAN_POINT('',(-2.020257723841,-3.964979032638,5.4));
#326 = CARTESIAN_POINT('',(-3.308557506696,-3.308557506696,5.5));
#327 = CARTESIAN_POINT('',(-3.964979032638,-2.020257723841,5.6));
#328 = CARTESIAN_POINT('',(-4.621400558581,-0.731957940986,5.7));
#329 = CARTESIAN_POINT('',(-4.395213115648,0.696133369429,5.8));
#330 = CARTESIAN_POINT('',(-4.169025672716,2.124224679844,5.9));
#331 = CARTESIAN_POINT('',(-3.14662517628,3.14662517628,6.));
#332 = CARTESIAN_POINT('',(-2.124224679844,4.169025672716,6.1));
#333 = CARTESIAN_POINT('',(-0.696133369429,4.395213115648,6.2));
#334 = CARTESIAN_POINT('',(0.731957940986,4.621400558581,6.3));
#335 = CARTESIAN_POINT('',(2.020257723841,3.964979032638,6.4));
#336 = CARTESIAN_POINT('',(3.308557506696,3.308557506696,6.5));
#337 = CARTESIAN_POINT('',(3.964979032638,2.020257723841,6.6));
#338 = CARTESIAN_POINT('',(4.621400558581,0.731957940986,6.7));
#339 = CARTESIAN_POINT('',(4.395213115648,-0.696133369429,6.8));
#340 = CARTESIAN_POINT('',(4.169025672716,-2.124224679844,6.9));
#341 = CARTESIAN_POINT('',(3.14662517628,-3.14662517628,7.));
#342 = CARTESIAN_POINT('',(2.124224679844,-4.169025672716,7.1));
#343 = CARTESIAN_POINT('',(0.696133369429,-4.395213115648,7.2));
#344 = CARTESIAN_POINT('',(-0.731957940986,-4.621400558581,7.3));
#345 = CARTESIAN_POINT('',(-2.020257723841,-3.964979032638,7.4));
#346 = CARTESIAN_POINT('',(-3.308557506696,-3.308557506696,7.5));
#347 = CARTESIAN_POINT('',(-3.964979032638,-2.020257723841,7.6));
#348 = CARTESIAN_POINT('',(-4.621400558581,-0.731957940986,7.7));
#349 = CARTESIAN_POINT('',(-4.395213115648,0.696133369429,7.8));
#350 = CARTESIAN_POINT('',(-4.169025672716,2.124224679844,7.9));
#351 = CARTESIAN_POINT('',(-3.14662517628,3.14662517628,8.));
#352 = CARTESIAN_POINT('',(-2.124224679844,4.169025672716,8.1));
#353 = CARTESIAN_POINT('',(-0.696133369429,4.395213115648,8.2));
#354 = CARTESIAN_POINT('',(0.731957940986,4.621400558581,8.3));
#355 = CARTESIAN_POINT('',(2.020257723841,3.964979032638,8.4));
#356 = CARTESIAN_POINT('',(3.308557506696,3.308557506696,8.5));
#357 = CARTESIAN_POINT('',(3.964979032638,2.020257723841,8.6));
#358 = CARTESIAN_POINT('',(4.621400558581,0.731957940986,8.7));
#359 = CARTESIAN_POINT('',(4.395213115648,-0.696133369429,8.8));
#360 = CARTESIAN_POINT('',(4.169025672716,-2.124224679844,8.9));
#361 = CARTESIAN_POINT('',(3.14662517628,-3.14662517628,9.));
#362 = CARTESIAN_POINT('',(2.124224679844,-4.169025672716,9.1));
#363 = CARTESIAN_POINT('',(0.696133369429,-4.395213115648,9.2));
#364 = CARTESIAN_POINT('',(-0.731957940986,-4.621400558581,9.3));
#365 = CARTESIAN_POINT('',(-2.020257723841,-3.964979032638,9.4));
#366 = CARTESIAN_POINT('',(-3.308557506696,-3.308557506696,9.5));
#367 = CARTESIAN_POINT('',(-3.964979032638,-2.020257723841,9.6));
#368 = CARTESIAN_POINT('',(-4.621400558581,-0.731957940986,9.7));
#369 = CARTESIAN_POINT('',(-4.395213115648,0.696133369429,9.8));
#370 = CARTESIAN_POINT('',(-4.169025672716,2.124224679844,9.9));
#371 = CARTESIAN_POINT('',(-3.14662517628,3.14662517628,10.));
#372 = CARTESIAN_POINT('',(-2.124224679844,4.169025672716,10.1));
#373 = CARTESIAN_POINT('',(-0.696133369429,4.395213115648,10.2));
#374 = CARTESIAN_POINT('',(0.731957940986,4.621400558581,10.3));
#375 = CARTESIAN_POINT('',(2.020257723841,3.964979032638,10.4));
#376 = CARTESIAN_POINT('',(3.308557506696,3.308557506696,10.5));
#377 = CARTESIAN_POINT('',(3.964979032638,2.020257723841,10.6));
#378 = CARTESIAN_POINT('',(4.621400558581,0.731957940986,10.7));
#379 = CARTESIAN_POINT('',(4.395213115648,-0.696133369429,10.8));
#380 = CARTESIAN_POINT('',(4.169025672716,-2.124224679844,10.9));
#381 = CARTESIAN_POINT('',(3.14662517628,-3.14662517628,11.));
#382 = CARTESIAN_POINT('',(2.124224679844,-4.169025672716,11.1));
#383 = CARTESIAN_POINT('',(0.696133369429,-4.395213115648,11.2));
#384 = CARTESIAN_POINT('',(-0.731957940986,-4.621400558581,11.3));
#385 = CARTESIAN_POINT('',(-2.020257723841,-3.964979032638,11.4));
#386 = CARTESIAN_POINT('',(-3.308557506696,-3.308557506696,11.5));
#387 = CARTESIAN_POINT('',(-3.964979032638,-2.020257723841,11.6));
#388 = CARTESIAN_POINT('',(-4.621400558581,-0.731957940986,11.7));
#389 = CARTESIAN_POINT('',(-4.395213115648,0.696133369429,11.8));
#390 = CARTESIAN_POINT('',(-4.169025672716,2.124224679844,11.9));
#391 = CARTESIAN_POINT('',(-3.14662517628,3.14662517628,12.));
#392 = CARTESIAN_POINT('',(-2.124224679844,4.169025672716,12.1));
#393 = CARTESIAN_POINT('',(-0.696133369429,4.395213115648,12.2));
#394 = CARTESIAN_POINT('',(0.731957940986,4.621400558581,12.3));
#395 = CARTESIAN_POINT('',(2.020257723841,3.964979032638,12.4));
#396 = CARTESIAN_POINT('',(3.308557506696,3.308557506696,12.5));
#397 = CARTESIAN_POINT('',(3.964979032638,2.020257723841,12.6));
#398 = CARTESIAN_POINT('',(4.621400558581,0.731957940986,12.7));
#399 = CARTESIAN_POINT('',(4.395213115648,-0.696133369429,12.8));
#400 = CARTESIAN_POINT('',(4.169025672716,-2.124224679844,12.9));
#401 = CARTESIAN_POINT('',(3.14662517628,-3.14662517628,13.));
#402 = CARTESIAN_POINT('',(2.124224679844,-4.169025672716,13.1));
#403 = CARTESIAN_POINT('',(0.696133369429,-4.395213115648,13.2));
#404 = CARTESIAN_POINT('',(-0.731957940986,-4.621400558581,13.3));
#405 = CARTESIAN_POINT('',(-2.020257723841,-3.964979032638,13.4));
#406 = CARTESIAN_POINT('',(-3.308557506696,-3.308557506696,13.5));
#407 = CARTESIAN_POINT('',(-3.964979032638,-2.020257723841,13.6));
#408 = CARTESIAN_POINT('',(-4.621400558581,-0.731957940986,13.7));
#409 = CARTESIAN_POINT('',(-4.395213115648,0.696133369429,13.8));
#410 = CARTESIAN_POINT('',(-4.169025672716,2.124224679844,13.9));
#411 = CARTESIAN_POINT('',(-3.14662517628,3.14662517628,14.));
#412 = CARTESIAN_POINT('',(-2.124224679844,4.169025672716,14.1));
#413 = CARTESIAN_POINT('',(-0.696133369429,4.395213115648,14.2));
#414 = CARTESIAN_POINT('',(0.731957940986,4.621400558581,14.3));
#415 = CARTESIAN_POINT('',(2.020257723841,3.964979032638,14.4));
#416 = CARTESIAN_POINT('',(3.308557506696,3.308557506696,14.5));
#417 = CARTESIAN_POINT('',(3.964979032638,2.020257723841,14.6));
#418 = CARTESIAN_POINT('',(4.621400558581,0.731957940986,14.7));
#419 = CARTESIAN_POINT('',(4.395213115648,-0.696133369429,14.8));
#420 = CARTESIAN_POINT('',(4.169025672716,-2.124224679844,14.9));
#421 = CARTESIAN_POINT('',(3.14662517628,-3.14662517628,15.));
#422 = CARTESIAN_POINT('',(2.124224679844,-4.169025672716,15.1));
#423 = CARTESIAN_POINT('',(0.696133369429,-4.395213115648,15.2));
#424 = CARTESIAN_POINT('',(-0.731957940986,-4.621400558581,15.3));
#425 = CARTESIAN_POINT('',(-2.020257723841,-3.964979032638,15.4));
#426 = CARTESIAN_POINT('',(-3.308557506696,-3.308557506696,15.5));
#427 = CARTESIAN_POINT('',(-3.964979032638,-2.020257723841,15.6));
#428 = CARTESIAN_POINT('',(-4.621400558581,-0.731957940986,15.7));
#429 = CARTESIAN_POINT('',(-4.395213115648,0.696133369429,15.8));
#430 = CARTESIAN_POINT('',(-4.169025672716,2.124224679844,15.9));
#431 = CARTESIAN_POINT('',(-3.14662517628,3.14662517628,16.));
#432 = CARTESIAN_POINT('',(-2.124224679844,4.169025672716,16.1));
#433 = CARTESIAN_POINT('',(-0.696133369429,4.395213115648,16.2));
#434 = CARTESIAN_POINT('',(0.731957940986,4.621400558581,16.3));
#435 = CARTESIAN_POINT('',(2.020257723841,3.964979032638,16.4));
#436 = CARTESIAN_POINT('',(3.308557506696,3.308557506696,16.5));
#437 = CARTESIAN_POINT('',(3.964979032638,2.020257723841,16.6));
#438 = CARTESIAN_POINT('',(4.621400558581,0.731957940986,16.7));
#439 = CARTESIAN_POINT('',(4.395213115648,-0.696133369429,16.8));
#440 = CARTESIAN_POINT('',(4.169025672716,-2.124224679844,16.9));
#441 = CARTESIAN_POINT('',(3.14662517628,-3.14662517628,17.));
#442 = ( BOUNDED_SURFACE() B_SPLINE_SURFACE(3,2,(
    (#443,#444,#445,#446,#447,#448,#449,#450,#451,#452,#453,#454,#455
      ,#456,#457,#458,#459,#460,#461,#462,#463,#464,#465,#466,#467,#468
      ,#469,#470,#471,#472,#473,#474,#475,#476,#477,#478,#479,#480,#481
      ,#482,#483,#484,#485,#486,#487,#488,#489,#490,#491,#492,#493,#494
      ,#495,#496,#497,#498,#499,#500,#501,#502,#503,#504,#505,#506,#507
      ,#508,#509,#510,#511,#512,#513,#514,#515,#516,#517,#518,#519,#520
      ,#521,#522,#523,#524,#525,#526,#527,#528,#529,#530,#531,#532,#533
      ,#534,#535,#536,#537,#538,#539,#540,#541,#542,#543,#544,#545,#546
      ,#547,#548,#549,#550,#551,#552,#553,#554,#555,#556,#557,#558,#559
      ,#560,#561,#562,#563,#564,#565,#566,#567,#568,#569,#570,#571,#572
      ,#573,#574,#575,#576,#577,#578,#579,#580,#581,#582,#583,#584,#585
      ,#586,#587,#588,#589,#590,#591,#592,#593,#594,#595,#596,#597,#598
      ,#599,#600,#601,#602,#603,#604,#605,#606,#607,#608,#609,#610,#611
      ,#612,#613)
    ,(#614,#615,#616,#617,#618,#619,#620,#621,#622,#623,#624,#625,#626
      ,#627,#628,#629,#630,#631,#632,#633,#634,#635,#636,#637,#638,#639
      ,#640,#641,#642,#643,#644,#645,#646,#647,#648,#649,#650,#651,#652
      ,#653,#654,#655,#656,#657,#658,#659,#660,#661,#662,#663,#664,#665
      ,#666,#667,#668,#669,#670,#671,#672,#673,#674,#675,#676,#677,#678
      ,#679,#680,#681,#682,#683,#684,#685,#686,#687,#688,#689,#690,#691
      ,#692,#693,#694,#695,#696,#697,#698,#699,#700,#701,#702,#703,#704
      ,#705,#706,#707,#708,#709,#710,#711,#712,#713,#714,#715,#716,#717
      ,#718,#719,#720,#721,#722,#723,#724,#725,#726,#727,#728,#729,#730
      ,#731,#732,#733,#734,#735,#736,#737,#738,#739,#740,#741,#742,#743
      ,#744,#745,#746,#747,#748,#749,#750,#751,#752,#753,#754,#755,#756
      ,#757,#758,#759,#760,#761,#762,#763,#764,#765,#766,#767,#768,#769
      ,#770,#771,#772,#773,#774,#775,#776,#777,#778,#779,#780,#781,#782
      ,#783,#784)
    ,(#785,#786,#787,#788,#789,#790,#791,#792,#793,#794,#795,#796,#797
      ,#798,#799,#800,#801,#802,#803,#804,#805,#806,#807,#808,#809,#810
      ,#811,#812,#813,#814,#815,#816,#817,#818,#819,#820,#821,#822,#823
      ,#824,#825,#826,#827,#828,#829,#830,#831,#832,#833,#834,#835,#836
      ,#837,#838,#839,#840,#841,#842,#843,#844,#845,#846,#847,#848,#849
      ,#850,#851,#852,#853,#854,#855,#856,#857,#858,#859,#860,#861,#862
      ,#863,#864,#865,#866,#867,#868,#869,#870,#871,#872,#873,#874,#875
      ,#876,#877,#878,#879,#880,#881,#882,#883,#884,#885,#886,#887,#888
      ,#889,#890,#891,#892,#893,#894,#895,#896,#897,#898,#899,#900,#901
      ,#902,#903,#904,#905,#906,#907,#908,#909,#910,#911,#912,#913,#914
      ,#915,#916,#917,#918,#919,#920,#921,#922,#923,#924,#925,#926,#927
      ,#928,#929,#930,#931,#932,#933,#934,#935,#936,#937,#938,#939,#940
      ,#941,#942,#943,#944,#945,#946,#947,#948,#949,#950,#951,#952,#953
      ,#954,#955)
    ,(#956,#957,#958,#959,#960,#961,#962,#963,#964,#965,#966,#967,#968
      ,#969,#970,#971,#972,#973,#974,#975,#976,#977,#978,#979,#980,#981
      ,#982,#983,#984,#985,#986,#987,#988,#989,#990,#991,#992,#993,#994
      ,#995,#996,#997,#998,#999,#1000,#1001,#1002,#1003,#1004,#1005
      ,#1006,#1007,#1008,#1009,#1010,#1011,#1012,#1013,#1014,#1015,#1016
      ,#1017,#1018,#1019,#1020,#1021,#1022,#1023,#1024,#1025,#1026,#1027
      ,#1028,#1029,#1030,#1031,#1032,#1033,#1034,#1035,#1036,#1037,#1038
      ,#1039,#1040,#1041,#1042,#1043,#1044,#1045,#1046,#1047,#1048,#1049
      ,#1050,#1051,#1052,#1053,#1054,#1055,#1056,#1057,#1058,#1059,#1060
      ,#1061,#1062,#1063,#1064,#1065,#1066,#1067,#1068,#1069,#1070,#1071
      ,#1072,#1073,#1074,#1075,#1076,#1077,#1078,#1079,#1080,#1081,#1082
      ,#1083,#1084,#1085,#1086,#1087,#1088,#1089,#1090,#1091,#1092,#1093
      ,#1094,#1095,#1096,#1097,#1098,#1099,#1100,#1101,#1102,#1103,#1104
      ,#1105,#1106,#1107,#1108,#1109,#1110,#1111,#1112,#1113,#1114,#1115
      ,#1116,#1117,#1118,#1119,#1120,#1121,#1122,#1123,#1124,#1125,#1126
      )
    ,(#1127,#1128,#1129,#1130,#1131,#1132,#1133,#1134,#1135,#1136,#1137
      ,#1138,#1139,#1140,#1141,#1142,#1143,#1144,#1145,#1146,#1147,#1148
      ,#1149,#1150,#1151,#1152,#1153,#1154,#1155,#1156,#1157,#1158,#1159
      ,#1160,#1161,#1162,#1163,#1164,#1165,#1166,#1167,#1168,#1169,#1170
      ,#1171,#1172,#1173,#1174,#1175,#1176,#1177,#1178,#1179,#1180,#1181
      ,#1182,#1183,#1184,#1185,#1186,#1187,#1188,#1189,#1190,#1191,#1192
      ,#1193,#1194,#1195,#1196,#1197,#1198,#1199,#1200,#1201,#1202,#1203
      ,#1204,#1205,#1206,#1207,#1208,#1209,#1210,#1211,#1212,#1213,#1214
      ,#1215,#1216,#1217,#1218,#1219,#1220,#1221,#1222,#1223,#1224,#1225
      ,#1226,#1227,#1228,#1229,#1230,#1231,#1232,#1233,#1234,#1235,#1236
      ,#1237,#1238,#1239,#1240,#1241,#1242,#1243,#1244,#1245,#1246,#1247
      ,#1248,#1249,#1250,#1251,#1252,#1253,#1254,#1255,#1256,#1257,#1258
      ,#1259,#1260,#1261,#1262,#1263,#1264,#1265,#1266,#1267,#1268,#1269
      ,#1270,#1271,#1272,#1273,#1274,#1275,#1276,#1277,#1278,#1279,#1280
      ,#1281,#1282,#1283,#1284,#1285,#1286,#1287,#1288,#1289,#1290,#1291
      ,#1292,#1293,#1294,#1295,#1296,#1297)
    ,(#1298,#1299,#1300,#1301,#1302,#1303,#1304,#1305,#1306,#1307,#1308
      ,#1309,#1310,#1311,#1312,#1313,#1314,#1315,#1316,#1317,#1318,#1319
      ,#1320,#1321,#1322,#1323,#1324,#1325,#1326,#1327,#1328,#1329,#1330
      ,#1331,#1332,#1333,#1334,#1335,#1336,#1337,#1338,#1339,#1340,#1341
      ,#1342,#1343,#1344,#1345,#1346,#1347,#1348,#1349,#1350,#1351,#1352
      ,#1353,#1354,#1355,#1356,#1357,#1358,#1359,#1360,#1361,#1362,#1363
      ,#1364,#1365,#1366,#1367,#1368,#1369,#1370,#1371,#1372,#1373,#1374
      ,#1375,#1376,#1377,#1378,#1379,#1380,#1381,#1382,#1383,#1384,#1385
      ,#1386,#1387,#1388,#1389,#1390,#1391,#1392,#1393,#1394,#1395,#1396
      ,#1397,#1398,#1399,#1400,#1401,#1402,#1403,#1404,#1405,#1406,#1407
      ,#1408,#1409,#1410,#1411,#1412,#1413,#1414,#1415,#1416,#1417,#1418
      ,#1419,#1420,#1421,#1422,#1423,#1424,#1425,#1426,#1427,#1428,#1429
      ,#1430,#1431,#1432,#1433,#1434,#1435,#1436,#1437,#1438,#1439,#1440
      ,#1441,#1442,#1443,#1444,#1445,#1446,#1447,#1448,#1449,#1450,#1451
      ,#1452,#1453,#1454,#1455,#1456,#1457,#1458,#1459,#1460,#1461,#1462
      ,#1463,#1464,#1465,#1466,#1467,#1468)
    ,(#1469,#1470,#1471,#1472,#1473,#1474,#1475,#1476,#1477,#1478,#1479
      ,#1480,#1481,#1482,#1483,#1484,#1485,#1486,#1487,#1488,#1489,#1490
      ,#1491,#1492,#1493,#1494,#1495,#1496,#1497,#1498,#1499,#1500,#1501
      ,#1502,#1503,#1504,#1505,#1506,#1507,#1508,#1509,#1510,#1511,#1512
      ,#1513,#1514,#1515,#1516,#1517,#1518,#1519,#1520,#1521,#1522,#1523
      ,#1524,#1525,#1526,#1527,#1528,#1529,#1530,#1531,#1532,#1533,#1534
      ,#1535,#1536,#1537,#1538,#1539,#1540,#1541,#1542,#1543,#1544,#1545
      ,#1546,#1547,#1548,#1549,#1550,#1551,#1552,#1553,#1554,#1555,#1556
      ,#1557,#1558,#1559,#1560,#1561,#1562,#1563,#1564,#1565,#1566,#1567
      ,#1568,#1569,#1570,#1571,#1572,#1573,#1574,#1575,#1576,#1577,#1578
      ,#1579,#1580,#1581,#1582,#1583,#1584,#1585,#1586,#1587,#1588,#1589
      ,#1590,#1591,#1592,#1593,#1594,#1595,#1596,#1597,#1598,#1599,#1600
      ,#1601,#1602,#1603,#1604,#1605,#1606,#1607,#1608,#1609,#1610,#1611
      ,#1612,#1613,#1614,#1615,#1616,#1617,#1618,#1619,#1620,#1621,#1622
      ,#1623,#1624,#1625,#1626,#1627,#1628,#1629,#1630,#1631,#1632,#1633
      ,#1634,#1635,#1636,#1637,#1638,#1639
)),.UNSPECIFIED.,.T.,.F.,.F.) B_SPLINE_SURFACE_WITH_KNOTS((1,3,3,3,1),(3
    ,2,2,2,2,2,2,2,2,2,2,2,2,2,2,2,2,2,2,2,2,2,2,2,2,2,2,2,2,2,2,2,2,2,2
    ,2,2,2,2,2,2,2,2,2,2,2,2,2,2,2,2,2,2,2,2,2,2,2,2,2,2,2,2,2,2,2,2,2,2
    ,2,2,2,2,2,2,2,2,2,2,2,2,2,2,2,2,3),(-0.5,0.,0.5,1.,1.5),(0.,
    1.111111111111E-02,2.222222222222E-02,3.333333333333E-02,
    4.444444444444E-02,5.555555555556E-02,6.666666666667E-02,
    7.777777777778E-02,8.888888888889E-02,0.1,0.111111111111,
    0.122222222222,0.133333333333,0.144444444444,0.155555555556,
    0.166666666667,0.177777777778,0.188888888889,0.2,0.211111111111,
    0.222222222222,0.233333333333,0.244444444444,0.255555555556,
    0.266666666667,0.277777777778,0.288888888889,0.3,0.311111111111,
    0.322222222222,0.333333333333,0.344444444444,0.355555555556,
    0.366666666667,0.377777777778,0.388888888889,0.4,0.411111111111,
    0.422222222222,0.433333333333,0.444444444444,0.455555555556,
    0.466666666667,0.477777777778,0.488888888889,0.5,0.511111111111,
    0.522222222222,0.533333333333,0.544444444444,0.555555555556,
    0.566666666667,0.577777777778,0.588888888889,0.6,0.611111111111,
    0.622222222222,0.633333333333,0.644444444444,0.655555555556,
    0.666666666667,0.677777777778,0.688888888889,0.7,0.711111111111,
    0.722222222222,0.733333333333,0.744444444444,0.755555555556,
    0.766666666667,0.777777777778,0.788888888889,0.8,0.811111111111,
    0.822222222222,0.833333333333,0.844444444444,0.855555555556,
    0.866666666667,0.877777777778,0.888888888889,0.9,0.911111111111,
    0.922222222222,0.933333333333,0.944444444444),.UNSPECIFIED.) 
GEOMETRIC_REPRESENTATION_ITEM() RATIONAL_B_SPLINE_SURFACE((
    (1.,0.951056516295,1.,0.951056516295,1.,0.951056516295,1.
      ,0.951056516295,1.,0.951056516295,1.,0.951056516295,1.
      ,0.951056516295,1.,0.951056516295,1.,0.951056516295,1.
      ,0.951056516295,1.,0.951056516295,1.,0.951056516295,1.
      ,0.951056516295,1.,0.951056516295,1.,0.951056516295,1.
      ,0.951056516295,1.,0.951056516295,1.,0.951056516295,1.
      ,0.951056516295,1.,0.951056516295,1.,0.951056516295,1.
      ,0.951056516295,1.,0.951056516295,1.,0.951056516295,1.
      ,0.951056516295,1.,0.951056516295,1.,0.951056516295,1.
      ,0.951056516295,1.,0.951056516295,1.,0.951056516295,1.
      ,0.951056516295,1.,0.951056516295,1.,0.951056516295,1.
      ,0.951056516295,1.,0.951056516295,1.,0.951056516295,1.
      ,0.951056516295,1.,0.951056516295,1.,0.951056516295,1.
      ,0.951056516295,1.,0.951056516295,1.,0.951056516295,1.
      ,0.951056516295,1.,0.951056516295,1.,0.951056516295,1.
      ,0.951056516295,1.,0.951056516295,1.,0.951056516295,1.
      ,0.951056516295,1.,0.951056516295,1.,0.951056516295,1.
      ,0.951056516295,1.,0.951056516295,1.,0.951056516295,1.
      ,0.951056516295,1.,0.951056516295,1.,0.951056516295,1.
      ,0.951056516295,1.,0.951056516295,1.,0.951056516295,1.
      ,0.951056516295,1.,0.951056516295,1.,0.951056516295,1.
      ,0.951056516295,1.,0.951056516295,1.,0.951056516295,1.
      ,0.951056516295,1.,0.951056516295,1.,0.951056516295,1.
      ,0.951056516295,1.,0.951056516295,1.,0.951056516295,1.
      ,0.951056516295,1.,0.951056516295,1.,0.951056516295,1.
      ,0.951056516295,1.,0.951056516295,1.,0.951056516295,1.
      ,0.951056516295,1.,0.951056516295,1.,0.951056516295,1.
      ,0.951056516295,1.,0.951056516295,1.,0.951056516295,1.
      ,0.951056516295,1.)
    ,(0.333333333333,0.317018838765,0.333333333333,0.317018838765
      ,0.333333333333,0.317018838765,0.333333333333,0.317018838765
      ,0.333333333333,0.317018838765,0.333333333333,0.317018838765
      ,0.333333333333,0.317018838765,0.333333333333,0.317018838765
      ,0.333333333333,0.317018838765,0.333333333333,0.317018838765
      ,0.333333333333,0.317018838765,0.333333333333,0.317018838765
      ,0.333333333333,0.317018838765,0.333333333333,0.317018838765
      ,0.333333333333,0.317018838765,0.333333333333,0.317018838765
      ,0.333333333333,0.317018838765,0.333333333333,0.317018838765
      ,0.333333333333,0.317018838765,0.333333333333,0.317018838765
      ,0.333333333333,0.317018838765,0.333333333333,0.317018838765
      ,0.333333333333,0.317018838765,0.333333333333,0.317018838765
      ,0.333333333333,0.317018838765,0.333333333333,0.317018838765
      ,0.333333333333,0.317018838765,0.333333333333,0.317018838765
      ,0.333333333333,0.317018838765,0.333333333333,0.317018838765
      ,0.333333333333,0.317018838765,0.333333333333,0.317018838765
      ,0.333333333333,0.317018838765,0.333333333333,0.317018838765
      ,0.333333333333,0.317018838765,0.333333333333,0.317018838765
      ,0.333333333333,0.317018838765,0.333333333333,0.317018838765
      ,0.333333333333,0.317018838765,0.333333333333,0.317018838765
      ,0.333333333333,0.317018838765,0.333333333333,0.317018838765
      ,0.333333333333,0.317018838765,0.333333333333,0.317018838765
      ,0.333333333333,0.317018838765,0.333333333333,0.317018838765
      ,0.333333333333,0.317018838765,0.333333333333,0.317018838765
      ,0.333333333333,0.317018838765,0.333333333333,0.317018838765
      ,0.333333333333,0.317018838765,0.333333333333,0.317018838765
      ,0.333333333333,0.317018838765,0.333333333333,0.317018838765
      ,0.333333333333,0.317018838765,0.333333333333,0.317018838765
      ,0.333333333333,0.317018838765,0.333333333333,0.317018838765
      ,0.333333333333,0.317018838765,0.333333333333,0.317018838765
      ,0.333333333333,0.317018838765,0.333333333333,0.317018838765
      ,0.333333333333,0.317018838765,0.333333333333,0.317018838765
      ,0.333333333333,0.317018838765,0.333333333333,0.317018838765
      ,0.333333333333,0.317018838765,0.333333333333,0.317018838765
      ,0.333333333333,0.317018838765,0.333333333333,0.317018838765
      ,0.333333333333,0.317018838765,0.333333333333,0.317018838765
      ,0.333333333333,0.317018838765,0.333333333333,0.317018838765
      ,0.333333333333,0.317018838765,0.333333333333,0.317018838765
      ,0.333333333333,0.317018838765,0.333333333333,0.317018838765
      ,0.333333333333,0.317018838765,0.333333333333,0.317018838765
      ,0.333333333333,0.317018838765,0.333333333333,0.317018838765
      ,0.333333333333,0.317018838765,0.333333333333,0.317018838765
      ,0.333333333333,0.317018838765,0.333333333333)
    ,(0.333333333333,0.317018838765,0.333333333333,0.317018838765
      ,0.333333333333,0.317018838765,0.333333333333,0.317018838765
      ,0.333333333333,0.317018838765,0.333333333333,0.317018838765
      ,0.333333333333,0.317018838765,0.333333333333,0.317018838765
      ,0.333333333333,0.317018838765,0.333333333333,0.317018838765
      ,0.333333333333,0.317018838765,0.333333333333,0.317018838765
      ,0.333333333333,0.317018838765,0.333333333333,0.317018838765
      ,0.333333333333,0.317018838765,0.333333333333,0.317018838765
      ,0.333333333333,0.317018838765,0.333333333333,0.317018838765
      ,0.333333333333,0.317018838765,0.333333333333,0.317018838765
      ,0.333333333333,0.317018838765,0.333333333333,0.317018838765
      ,0.333333333333,0.317018838765,0.333333333333,0.317018838765
      ,0.333333333333,0.317018838765,0.333333333333,0.317018838765
      ,0.333333333333,0.317018838765,0.333333333333,0.317018838765
      ,0.333333333333,0.317018838765,0.333333333333,0.317018838765
      ,0.333333333333,0.317018838765,0.333333333333,0.317018838765
      ,0.333333333333,0.317018838765,0.333333333333,0.317018838765
      ,0.333333333333,0.317018838765,0.333333333333,0.317018838765
      ,0.333333333333,0.317018838765,0.333333333333,0.317018838765
      ,0.333333333333,0.317018838765,0.333333333333,0.317018838765
      ,0.333333333333,0.317018838765,0.333333333333,0.317018838765
      ,0.333333333333,0.317018838765,0.333333333333,0.317018838765
      ,0.333333333333,0.317018838765,0.333333333333,0.317018838765
      ,0.333333333333,0.317018838765,0.333333333333,0.317018838765
      ,0.333333333333,0.317018838765,0.333333333333,0.317018838765
      ,0.333333333333,0.317018838765,0.333333333333,0.317018838765
      ,0.333333333333,0.317018838765,0.333333333333,0.317018838765
      ,0.333333333333,0.317018838765,0.333333333333,0.317018838765
      ,0.333333333333,0.317018838765,0.333333333333,0.317018838765
      ,0.333333333333,0.317018838765,0.333333333333,0.317018838765
      ,0.333333333333,0.317018838765,0.333333333333,0.317018838765
      ,0.333333333333,0.317018838765,0.333333333333,0.317018838765
      ,0.333333333333,0.317018838765,0.333333333333,0.317018838765
      ,0.333333333333,0.317018838765,0.333333333333,0.317018838765
      ,0.333333333333,0.317018838765,0.333333333333,0.317018838765
      ,0.333333333333,0.317018838765,0.333333333333,0.317018838765
      ,0.333333333333,0.317018838765,0.333333333333,0.317018838765
      ,0.333333333333,0.317018838765,0.333333333333,0.317018838765
      ,0.333333333333,0.317018838765,0.333333333333,0.317018838765
      ,0.333333333333,0.317018838765,0.333333333333,0.317018838765
      ,0.333333333333,0.317018838765,0.333333333333,0.317018838765
      ,0.333333333333,0.317018838765,0.333333333333,0.317018838765
      ,0.333333333333,0.317018838765,0.333333333333)
    ,(1.,0.951056516295,1.,0.951056516295,1.,0.951056516295,1.
      ,0.951056516295,1.,0.951056516295,1.,0.951056516295,1.
      ,0.951056516295,1.,0.951056516295,1.,0.951056516295,1.
      ,0.951056516295,1.,0.951056516295,1.,0.951056516295,1.
      ,0.951056516295,1.,0.951056516295,1.,0.951056516295,1.
      ,0.951056516295,1.,0.951056516295,1.,0.951056516295,1.
      ,0.951056516295,1.,0.951056516295,1.,0.951056516295,1.
      ,0.951056516295,1.,0.951056516295,1.,0.951056516295,1.
      ,0.951056516295,1.,0.951056516295,1.,0.951056516295,1.
      ,0.951056516295,1.,0.951056516295,1.,0.951056516295,1.
      ,0.951056516295,1.,0.951056516295,1.,0.951056516295,1.
      ,0.951056516295,1.,0.951056516295,1.,0.951056516295,1.
      ,0.951056516295,1.,0.951056516295,1.,0.951056516295,1.
      ,0.951056516295,1.,0.951056516295,1.,0.951056516295,1.
      ,0.951056516295,1.,0.951056516295,1.,0.951056516295,1.
      ,0.951056516295,1.,0.951056516295,1.,0.951056516295,1.
      ,0.951056516295,1.,0.951056516295,1.,0.951056516295,1.
      ,0.951056516295,1.,0.951056516295,1.,0.951056516295,1.
      ,0.951056516295,1.,0.951056516295,1.,0.951056516295,1.
      ,0.951056516295,1.,0.951056516295,1.,0.951056516295,1.
      ,0.951056516295,1.,0.951056516295,1.,0.951056516295,1.
      ,0.951056516295,1.,0.951056516295,1.,0.951056516295,1.
      ,0.951056516295,1.,0.951056516295,1.,0.951056516295,1.
      ,0.951056516295,1.,0.951056516295,1.,0.951056516295,1.
      ,0.951056516295,1.,0.951056516295,1.,0.951056516295,1.
      ,0.951056516295,1.,0.951056516295,1.,0.951056516295,1.
      ,0.951056516295,1.,0.951056516295,1.,0.951056516295,1.
      ,0.951056516295,1.,0.951056516295,1.,0.951056516295,1.
      ,0.951056516295,1.)
    ,(0.333333333333,0.317018838765,0.333333333333,0.317018838765
      ,0.333333333333,0.317018838765,0.333333333333,0.317018838765
      ,0.333333333333,0.317018838765,0.333333333333,0.317018838765
      ,0.333333333333,0.317018838765,0.333333333333,0.317018838765
      ,0.333333333333,0.317018838765,0.333333333333,0.317018838765
      ,0.333333333333,0.317018838765,0.333333333333,0.317018838765
      ,0.333333333333,0.317018838765,0.333333333333,0.317018838765
      ,0.333333333333,0.317018838765,0.333333333333,0.317018838765
      ,0.333333333333,0.317018838765,0.333333333333,0.317018838765
      ,0.333333333333,0.317018838765,0.333333333333,0.317018838765
      ,0.333333333333,0.317018838765,0.333333333333,0.317018838765
      ,0.333333333333,0.317018838765,0.333333333333,0.317018838765
      ,0.333333333333,0.317018838765,0.333333333333,0.317018838765
      ,0.333333333333,0.317018838765,0.333333333333,0.317018838765
      ,0.333333333333,0.317018838765,0.333333333333,0.317018838765
      ,0.333333333333,0.317018838765,0.333333333333,0.317018838765
      ,0.333333333333,0.317018838765,0.333333333333,0.317018838765
      ,0.333333333333,0.317018838765,0.333333333333,0.317018838765
      ,0.333333333333,0.317018838765,0.333333333333,0.317018838765
      ,0.333333333333,0.317018838765,0.333333333333,0.317018838765
      ,0.333333333333,0.317018838765,0.333333333333,0.317018838765
      ,0.333333333333,0.317018838765,0.333333333333,0.317018838765
      ,0.333333333333,0.317018838765,0.333333333333,0.317018838765
      ,0.333333333333,0.317018838765,0.333333333333,0.317018838765
      ,0.333333333333,0.317018838765,0.333333333333,0.317018838765
      ,0.333333333333,0.317018838765,0.333333333333,0.317018838765
      ,0.333333333333,0.317018838765,0.333333333333,0.317018838765
      ,0.333333333333,0.317018838765,0.333333333333,0.317018838765
      ,0.333333333333,0.317018838765,0.333333333333,0.317018838765
      ,0.333333333333,0.317018838765,0.333333333333,0.317018838765
      ,0.333333333333,0.317018838765,0.333333333333,0.317018838765
      ,0.333333333333,0.317018838765,0.333333333333,0.317018838765
      ,0.333333333333,0.317018838765,0.333333333333,0.317018838765
      ,0.333333333333,0.317018838765,0.333333333333,0.317018838765
      ,0.333333333333,0.317018838765,0.333333333333,0.317018838765
      ,0.333333333333,0.317018838765,0.333333333333,0.317018838765
      ,0.333333333333,0.317018838765,0.333333333333,0.317018838765
      ,0.333333333333,0.317018838765,0.333333333333,0.317018838765
      ,0.333333333333,0.317018838765,0.333333333333,0.317018838765
      ,0.333333333333,0.317018838765,0.333333333333,0.317018838765
      ,0.333333333333,0.317018838765,0.333333333333,0.317018838765
      ,0.333333333333,0.317018838765,0.333333333333,0.317018838765
      ,0.333333333333,0.317018838765,0.333333333333)
    ,(0.333333333333,0.317018838765,0.333333333333,0.317018838765
      ,0.333333333333,0.317018838765,0.333333333333,0.317018838765
      ,0.333333333333,0.317018838765,0.333333333333,0.317018838765
      ,0.333333333333,0.317018838765,0.333333333333,0.317018838765
      ,0.333333333333,0.317018838765,0.333333333333,0.317018838765
      ,0.333333333333,0.317018838765,0.333333333333,0.317018838765
      ,0.333333333333,0.317018838765,0.333333333333,0.317018838765
      ,0.333333333333,0.317018838765,0.333333333333,0.317018838765
      ,0.333333333333,0.317018838765,0.333333333333,0.317018838765
      ,0.333333333333,0.317018838765,0.333333333333,0.317018838765
      ,0.333333333333,0.317018838765,0.333333333333,0.317018838765
      ,0.333333333333,0.317018838765,0.333333333333,0.317018838765
      ,0.333333333333,0.317018838765,0.333333333333,0.317018838765
      ,0.333333333333,0.317018838765,0.333333333333,0.317018838765
      ,0.333333333333,0.317018838765,0.333333333333,0.317018838765
      ,0.333333333333,0.317018838765,0.333333333333,0.317018838765
      ,0.333333333333,0.317018838765,0.333333333333,0.317018838765
      ,0.333333333333,0.317018838765,0.333333333333,0.317018838765
      ,0.333333333333,0.317018838765,0.333333333333,0.317018838765
      ,0.333333333333,0.317018838765,0.333333333333,0.317018838765
      ,0.333333333333,0.317018838765,0.333333333333,0.317018838765
      ,0.333333333333,0.317018838765,0.333333333333,0.317018838765
      ,0.333333333333,0.317018838765,0.333333333333,0.317018838765
      ,0.333333333333,0.317018838765,0.333333333333,0.317018838765
      ,0.333333333333,0.317018838765,0.333333333333,0.317018838765
      ,0.333333333333,0.317018838765,0.333333333333,0.317018838765
      ,0.333333333333,0.317018838765,0.333333333333,0.317018838765
      ,0.333333333333,0.317018838765,0.333333333333,0.317018838765
      ,0.333333333333,0.317018838765,0.333333333333,0.317018838765
      ,0.333333333333,0.317018838765,0.333333333333,0.317018838765
      ,0.333333333333,0.317018838765,0.333333333333,0.317018838765
      ,0.333333333333,0.317018838765,0.333333333333,0.317018838765
      ,0.333333333333,0.317018838765,0.333333333333,0.317018838765
      ,0.333333333333,0.317018838765,0.333333333333,0.317018838765
      ,0.333333333333,0.317018838765,0.333333333333,0.317018838765
      ,0.333333333333,0.317018838765,0.333333333333,0.317018838765
      ,0.333333333333,0.317018838765,0.333333333333,0.317018838765
      ,0.333333333333,0.317018838765,0.333333333333,0.317018838765
      ,0.333333333333,0.317018838765,0.333333333333,0.317018838765
      ,0.333333333333,0.317018838765,0.333333333333,0.317018838765
      ,0.333333333333,0.317018838765,0.333333333333,0.317018838765
      ,0.333333333333,0.317018838765,0.333333333333,0.317018838765
      ,0.333333333333,0.317018838765,0.333333333333)
    ,(1.,0.951056516295,1.,0.951056516295,1.,0.951056516295,1.
      ,0.951056516295,1.,0.951056516295,1.,0.951056516295,1.
      ,0.951056516295,1.,0.951056516295,1.,0.951056516295,1.
      ,0.951056516295,1.,0.951056516295,1.,0.951056516295,1.
      ,0.951056516295,1.,0.951056516295,1.,0.951056516295,1.
      ,0.951056516295,1.,0.951056516295,1.,0.951056516295,1.
      ,0.951056516295,1.,0.951056516295,1.,0.951056516295,1.
      ,0.951056516295,1.,0.951056516295,1.,0.951056516295,1.
      ,0.951056516295,1.,0.951056516295,1.,0.951056516295,1.
      ,0.951056516295,1.,0.951056516295,1.,0.951056516295,1.
      ,0.951056516295,1.,0.951056516295,1.,0.951056516295,1.
      ,0.951056516295,1.,0.951056516295,1.,0.951056516295,1.
      ,0.951056516295,1.,0.951056516295,1.,0.951056516295,1.
      ,0.951056516295,1.,0.951056516295,1.,0.951056516295,1.
      ,0.951056516295,1.,0.951056516295,1.,0.951056516295,1.
      ,0.951056516295,1.,0.951056516295,1.,0.951056516295,1.
      ,0.951056516295,1.,0.951056516295,1.,0.951056516295,1.
      ,0.951056516295,1.,0.951056516295,1.,0.951056516295,1.
      ,0.951056516295,1.,0.951056516295,1.,0.951056516295,1.
      ,0.951056516295,1.,0.951056516295,1.,0.951056516295,1.
      ,0.951056516295,1.,0.951056516295,1.,0.951056516295,1.
      ,0.951056516295,1.,0.951056516295,1.,0.951056516295,1.
      ,0.951056516295,1.,0.951056516295,1.,0.951056516295,1.
      ,0.951056516295,1.,0.951056516295,1.,0.951056516295,1.
      ,0.951056516295,1.,0.951056516295,1.,0.951056516295,1.
      ,0.951056516295,1.,0.951056516295,1.,0.951056516295,1.
      ,0.951056516295,1.,0.951056516295,1.,0.951056516295,1.
      ,0.951056516295,1.,0.951056516295,1.,0.951056516295,1.
,0.951056516295,1.))) REPRESENTATION_ITEM('') SURFACE() );
#443 = CARTESIAN_POINT('',(-3.14662517628,3.14662517628,-6.E-17));
#444 = CARTESIAN_POINT('',(-2.124224679844,4.169025672716,0.1));
#445 = CARTESIAN_POINT('',(-0.696133369429,4.395213115648,0.2));
#446 = CARTESIAN_POINT('',(0.731957940986,4.621400558581,0.3));
#447 = CARTESIAN_POINT('',(2.020257723841,3.964979032638,0.4));
#448 = CARTESIAN_POINT('',(3.308557506696,3.308557506696,0.5));
#449 = CARTESIAN_POINT('',(3.964979032638,2.020257723841,0.6));
#450 = CARTESIAN_POINT('',(4.621400558581,0.731957940986,0.7));
#451 = CARTESIAN_POINT('',(4.395213115648,-0.696133369429,0.8));
#452 = CARTESIAN_POINT('',(4.169025672716,-2.124224679844,0.9));
#453 = CARTESIAN_POINT('',(3.14662517628,-3.14662517628,1.));
#454 = CARTESIAN_POINT('',(2.124224679844,-4.169025672716,1.1));
#455 = CARTESIAN_POINT('',(0.696133369429,-4.395213115648,1.2));
#456 = CARTESIAN_POINT('',(-0.731957940986,-4.621400558581,1.3));
#457 = CARTESIAN_POINT('',(-2.020257723841,-3.964979032638,1.4));
#458 = CARTESIAN_POINT('',(-3.308557506696,-3.308557506696,1.5));
#459 = CARTESIAN_POINT('',(-3.964979032638,-2.020257723841,1.6));
#460 = CARTESIAN_POINT('',(-4.621400558581,-0.731957940986,1.7));
#461 = CARTESIAN_POINT('',(-4.395213115648,0.696133369429,1.8));
#462 = CARTESIAN_POINT('',(-4.169025672716,2.124224679844,1.9));
#463 = CARTESIAN_POINT('',(-3.14662517628,3.14662517628,2.));
#464 = CARTESIAN_POINT('',(-2.124224679844,4.169025672716,2.1));
#465 = CARTESIAN_POINT('',(-0.696133369429,4.395213115648,2.2));
#466 = CARTESIAN_POINT('',(0.731957940986,4.621400558581,2.3));
#467 = CARTESIAN_POINT('',(2.020257723841,3.964979032638,2.4));
#468 = CARTESIAN_POINT('',(3.308557506696,3.308557506696,2.5));
#469 = CARTESIAN_POINT('',(3.964979032638,2.020257723841,2.6));
#470 = CARTESIAN_POINT('',(4.621400558581,0.731957940986,2.7));
#471 = CARTESIAN_POINT('',(4.395213115648,-0.696133369429,2.8));
#472 = CARTESIAN_POINT('',(4.169025672716,-2.124224679844,2.9));
#473 = CARTESIAN_POINT('',(3.14662517628,-3.14662517628,3.));
#474 = CARTESIAN_POINT('',(2.124224679844,-4.169025672716,3.1));
#475 = CARTESIAN_POINT('',(0.696133369429,-4.395213115648,3.2));
#476 = CARTESIAN_POINT('',(-0.731957940986,-4.621400558581,3.3));
#477 = CARTESIAN_POINT('',(-2.020257723841,-3.964979032638,3.4));
#478 = CARTESIAN_POINT('',(-3.308557506696,-3.308557506696,3.5));
#479 = CARTESIAN_POINT('',(-3.964979032638,-2.020257723841,3.6));
#480 = CARTESIAN_POINT('',(-4.621400558581,-0.731957940986,3.7));
#481 = CARTESIAN_POINT('',(-4.395213115648,0.696133369429,3.8));
#482 = CARTESIAN_POINT('',(-4.169025672716,2.124224679844,3.9));
#483 = CARTESIAN_POINT('',(-3.14662517628,3.14662517628,4.));
#484 = CARTESIAN_POINT('',(-2.124224679844,4.169025672716,4.1));
#485 = CARTESIAN_POINT('',(-0.696133369429,4.395213115648,4.2));
#486 = CARTESIAN_POINT('',(0.731957940986,4.621400558581,4.3));
#487 = CARTESIAN_POINT('',(2.020257723841,3.964979032638,4.4));
#488 = CARTESIAN_POINT('',(3.308557506696,3.308557506696,4.5));
#489 = CARTESIAN_POINT('',(3.964979032638,2.020257723841,4.6));
#490 = CARTESIAN_POINT('',(4.621400558581,0.731957940986,4.7));
#491 = CARTESIAN_POINT('',(4.395213115648,-0.696133369429,4.8));
#492 = CARTESIAN_POINT('',(4.169025672716,-2.124224679844,4.9));
#493 = CARTESIAN_POINT('',(3.14662517628,-3.14662517628,5.));
#494 = CARTESIAN_POINT('',(2.124224679844,-4.169025672716,5.1));
#495 = CARTESIAN_POINT('',(0.696133369429,-4.395213115648,5.2));
#496 = CARTESIAN_POINT('',(-0.731957940986,-4.621400558581,5.3));
#497 = CARTESIAN_POINT('',(-2.020257723841,-3.964979032638,5.4));
#498 = CARTESIAN_POINT('',(-3.308557506696,-3.308557506696,5.5));
#499 = CARTESIAN_POINT('',(-3.964979032638,-2.020257723841,5.6));
#500 = CARTESIAN_POINT('',(-4.621400558581,-0.731957940986,5.7));
#501 = CARTESIAN_POINT('',(-4.395213115648,0.696133369429,5.8));
#502 = CARTESIAN_POINT('',(-4.169025672716,2.124224679844,5.9));
#503 = CARTESIAN_POINT('',(-3.14662517628,3.14662517628,6.));
#504 = CARTESIAN_POINT('',(-2.124224679844,4.169025672716,6.1));
#505 = CARTESIAN_POINT('',(-0.696133369429,4.395213115648,6.2));
#506 = CARTESIAN_POINT('',(0.731957940986,4.621400558581,6.3));
#507 = CARTESIAN_POINT('',(2.020257723841,3.964979032638,6.4));
#508 = CARTESIAN_POINT('',(3.308557506696,3.308557506696,6.5));
#509 = CARTESIAN_POINT('',(3.964979032638,2.020257723841,6.6));
#510 = CARTESIAN_POINT('',(4.621400558581,0.731957940986,6.7));
#511 = CARTESIAN_POINT('',(4.395213115648,-0.696133369429,6.8));
#512 = CARTESIAN_POINT('',(4.169025672716,-2.124224679844,6.9));
#513 = CARTESIAN_POINT('',(3.14662517628,-3.14662517628,7.));
#514 = CARTESIAN_POINT('',(2.124224679844,-4.169025672716,7.1));
#515 = CARTESIAN_POINT('',(0.696133369429,-4.395213115648,7.2));
#516 = CARTESIAN_POINT('',(-0.731957940986,-4.621400558581,7.3));
#517 = CARTESIAN_POINT('',(-2.020257723841,-3.964979032638,7.4));
#518 = CARTESIAN_POINT('',(-3.308557506696,-3.308557506696,7.5));
#519 = CARTESIAN_POINT('',(-3.964979032638,-2.020257723841,7.6));
#520 = CARTESIAN_POINT('',(-4.621400558581,-0.731957940986,7.7));
#521 = CARTESIAN_POINT('',(-4.395213115648,0.696133369429,7.8));
#522 = CARTESIAN_POINT('',(-4.169025672716,2.124224679844,7.9));
#523 = CARTESIAN_POINT('',(-3.14662517628,3.14662517628,8.));
#524 = CARTESIAN_POINT('',(-2.124224679844,4.169025672716,8.1));
#525 = CARTESIAN_POINT('',(-0.696133369429,4.395213115648,8.2));
#526 = CARTESIAN_POINT('',(0.731957940986,4.621400558581,8.3));
#527 = CARTESIAN_POINT('',(2.020257723841,3.964979032638,8.4));
#528 = CARTESIAN_POINT('',(3.308557506696,3.308557506696,8.5));
#529 = CARTESIAN_POINT('',(3.964979032638,2.020257723841,8.6));
#530 = CARTESIAN_POINT('',(4.621400558581,0.731957940986,8.7));
#531 = CARTESIAN_POINT('',(4.395213115648,-0.696133369429,8.8));
#532 = CARTESIAN_POINT('',(4.169025672716,-2.124224679844,8.9));
#533 = CARTESIAN_POINT('',(3.14662517628,-3.14662517628,9.));
#534 = CARTESIAN_POINT('',(2.124224679844,-4.169025672716,9.1));
#535 = CARTESIAN_POINT('',(0.696133369429,-4.395213115648,9.2));
#536 = CARTESIAN_POINT('',(-0.731957940986,-4.621400558581,9.3));
#537 = CARTESIAN_POINT('',(-2.020257723841,-3.964979032638,9.4));
#538 = CARTESIAN_POINT('',(-3.308557506696,-3.308557506696,9.5));
#539 = CARTESIAN_POINT('',(-3.964979032638,-2.020257723841,9.6));
#540 = CARTESIAN_POINT('',(-4.621400558581,-0.731957940986,9.7));
#541 = CARTESIAN_POINT('',(-4.395213115648,0.696133369429,9.8));
#542 = CARTESIAN_POINT('',(-4.169025672716,2.124224679844,9.9));
#543 = CARTESIAN_POINT('',(-3.14662517628,3.14662517628,10.));
#544 = CARTESIAN_POINT('',(-2.124224679844,4.169025672716,10.1));
#545 = CARTESIAN_POINT('',(-0.696133369429,4.395213115648,10.2));
#546 = CARTESIAN_POINT('',(0.731957940986,4.621400558581,10.3));
#547 = CARTESIAN_POINT('',(2.020257723841,3.964979032638,10.4));
#548 = CARTESIAN_POINT('',(3.308557506696,3.308557506696,10.5));
#549 = CARTESIAN_POINT('',(3.964979032638,2.020257723841,10.6));
#550 = CARTESIAN_POINT('',(4.621400558581,0.731957940986,10.7));
#551 = CARTESIAN_POINT('',(4.395213115648,-0.696133369429,10.8));
#552 = CARTESIAN_POINT('',(4.169025672716,-2.124224679844,10.9));
#553 = CARTESIAN_POINT('',(3.14662517628,-3.14662517628,11.));
#554 = CARTESIAN_POINT('',(2.124224679844,-4.169025672716,11.1));
#555 = CARTESIAN_POINT('',(0.696133369429,-4.395213115648,11.2));
#556 = CARTESIAN_POINT('',(-0.731957940986,-4.621400558581,11.3));
#557 = CARTESIAN_POINT('',(-2.020257723841,-3.964979032638,11.4));
#558 = CARTESIAN_POINT('',(-3.308557506696,-3.308557506696,11.5));
#559 = CARTESIAN_POINT('',(-3.964979032638,-2.020257723841,11.6));
#560 = CARTESIAN_POINT('',(-4.621400558581,-0.731957940986,11.7));
#561 = CARTESIAN_POINT('',(-4.395213115648,0.696133369429,11.8));
#562 = CARTESIAN_POINT('',(-4.169025672716,2.124224679844,11.9));
#563 = CARTESIAN_POINT('',(-3.14662517628,3.14662517628,12.));
#564 = CARTESIAN_POINT('',(-2.124224679844,4.169025672716,12.1));
#565 = CARTESIAN_POINT('',(-0.696133369429,4.395213115648,12.2));
#566 = CARTESIAN_POINT('',(0.731957940986,4.621400558581,12.3));
#567 = CARTESIAN_POINT('',(2.020257723841,3.964979032638,12.4));
#568 = CARTESIAN_POINT('',(3.308557506696,3.308557506696,12.5));
#569 = CARTESIAN_POINT('',(3.964979032638,2.020257723841,12.6));
#570 = CARTESIAN_POINT('',(4.621400558581,0.731957940986,12.7));
#571 = CARTESIAN_POINT('',(4.395213115648,-0.696133369429,12.8));
#572 = CARTESIAN_POINT('',(4.169025672716,-2.124224679844,12.9));
#573 = CARTESIAN_POINT('',(3.14662517628,-3.14662517628,13.));
#574 = CARTESIAN_POINT('',(2.124224679844,-4.169025672716,13.1));
#575 = CARTESIAN_POINT('',(0.696133369429,-4.395213115648,13.2));
#576 = CARTESIAN_POINT('',(-0.731957940986,-4.621400558581,13.3));
#577 = CARTESIAN_POINT('',(-2.020257723841,-3.964979032638,13.4));
#578 = CARTESIAN_POINT('',(-3.308557506696,-3.308557506696,13.5));
#579 = CARTESIAN_POINT('',(-3.964979032638,-2.020257723841,13.6));
#580 = CARTESIAN_POINT('',(-4.621400558581,-0.731957940986,13.7));
#581 = CARTESIAN_POINT('',(-4.395213115648,0.696133369429,13.8));
#582 = CARTESIAN_POINT('',(-4.169025672716,2.124224679844,13.9));
#583 = CARTESIAN_POINT('',(-3.14662517628,3.14662517628,14.));
#584 = CARTESIAN_POINT('',(-2.124224679844,4.169025672716,14.1));
#585 = CARTESIAN_POINT('',(-0.696133369429,4.395213115648,14.2));
#586 = CARTESIAN_POINT('',(0.731957940986,4.621400558581,14.3));
#587 = CARTESIAN_POINT('',(2.020257723841,3.964979032638,14.4));
#588 = CARTESIAN_POINT('',(3.308557506696,3.308557506696,14.5));
#589 = CARTESIAN_POINT('',(3.964979032638,2.020257723841,14.6));
#590 = CARTESIAN_POINT('',(4.621400558581,0.731957940986,14.7));
#591 = CARTESIAN_POINT('',(4.395213115648,-0.696133369429,14.8));
#592 = CARTESIAN_POINT('',(4.169025672716,-2.124224679844,14.9));
#593 = CARTESIAN_POINT('',(3.14662517628,-3.14662517628,15.));
#594 = CARTESIAN_POINT('',(2.124224679844,-4.169025672716,15.1));
#595 = CARTESIAN_POINT('',(0.696133369429,-4.395213115648,15.2));
#596 = CARTESIAN_POINT('',(-0.731957940986,-4.621400558581,15.3));
#597 = CARTESIAN_POINT('',(-2.020257723841,-3.964979032638,15.4));
#598 = CARTESIAN_POINT('',(-3.308557506696,-3.308557506696,15.5));
#599 = CARTESIAN_POINT('',(-3.964979032638,-2.020257723841,15.6));
#600 = CARTESIAN_POINT('',(-4.621400558581,-0.731957940986,15.7));
#601 = CARTESIAN_POINT('',(-4.395213115648,0.696133369429,15.8));
#602 = CARTESIAN_POINT('',(-4.169025672716,2.124224679844,15.9));
#603 = CARTESIAN_POINT('',(-3.14662517628,3.14662517628,16.));
#604 = CARTESIAN_POINT('',(-2.124224679844,4.169025672716,16.1));
#605 = CARTESIAN_POINT('',(-0.696133369429,4.395213115648,16.2));
#606 = CARTESIAN_POINT('',(0.731957940986,4.621400558581,16.3));
#607 = CARTESIAN_POINT('',(2.020257723841,3.964979032638,16.4));
#608 = CARTESIAN_POINT('',(3.308557506696,3.308557506696,16.5));
#609 = CARTESIAN_POINT('',(3.964979032638,2.020257723841,16.6));
#610 = CARTESIAN_POINT('',(4.621400558581,0.731957940986,16.7));
#611 = CARTESIAN_POINT('',(4.395213115648,-0.696133369429,16.8));
#612 = CARTESIAN_POINT('',(4.169025672716,-2.124224679844,16.9));
#613 = CARTESIAN_POINT('',(3.14662517628,-3.14662517628,17.));
#614 = CARTESIAN_POINT('',(-3.197108377021,3.09614197554,0.897163804935)
  );
#615 = CARTESIAN_POINT('',(-2.191110866834,4.134945458225,0.997163804935
    ));
#616 = CARTESIAN_POINT('',(-0.766648417642,4.384044629203,1.097163804935
    ));
#617 = CARTESIAN_POINT('',(0.65781403155,4.63314380018,1.197163804935));
#618 = CARTESIAN_POINT('',(1.956645179854,3.997391242707,1.297163804935)
  );
#619 = CARTESIAN_POINT('',(3.255476328158,3.361638685233,1.397163804935)
  );
#620 = CARTESIAN_POINT('',(3.93256682257,2.083870267828,1.497163804935)
  );
#621 = CARTESIAN_POINT('',(4.609657316981,0.806101850423,1.597163804935)
  );
#622 = CARTESIAN_POINT('',(4.406381602094,-0.625618321216,1.697163804935
    ));
#623 = CARTESIAN_POINT('',(4.203105887207,-2.057338492854,1.797163804935
    ));
#624 = CARTESIAN_POINT('',(3.197108377021,-3.09614197554,1.897163804935)
  );
#625 = CARTESIAN_POINT('',(2.191110866834,-4.134945458225,1.997163804935
    ));
#626 = CARTESIAN_POINT('',(0.766648417642,-4.384044629203,2.097163804935
    ));
#627 = CARTESIAN_POINT('',(-0.65781403155,-4.63314380018,2.197163804935)
  );
#628 = CARTESIAN_POINT('',(-1.956645179854,-3.997391242707,
    2.297163804935));
#629 = CARTESIAN_POINT('',(-3.255476328158,-3.361638685233,
    2.397163804935));
#630 = CARTESIAN_POINT('',(-3.93256682257,-2.083870267828,2.497163804935
    ));
#631 = CARTESIAN_POINT('',(-4.609657316981,-0.806101850423,
    2.597163804935));
#632 = CARTESIAN_POINT('',(-4.406381602094,0.625618321216,2.697163804935
    ));
#633 = CARTESIAN_POINT('',(-4.203105887207,2.057338492854,2.797163804935
    ));
#634 = CARTESIAN_POINT('',(-3.197108377021,3.09614197554,2.897163804935)
  );
#635 = CARTESIAN_POINT('',(-2.191110866834,4.134945458225,2.997163804935
    ));
#636 = CARTESIAN_POINT('',(-0.766648417642,4.384044629203,3.097163804935
    ));
#637 = CARTESIAN_POINT('',(0.65781403155,4.63314380018,3.197163804935));
#638 = CARTESIAN_POINT('',(1.956645179854,3.997391242707,3.297163804935)
  );
#639 = CARTESIAN_POINT('',(3.255476328158,3.361638685233,3.397163804935)
  );
#640 = CARTESIAN_POINT('',(3.93256682257,2.083870267828,3.497163804935)
  );
#641 = CARTESIAN_POINT('',(4.609657316981,0.806101850423,3.597163804935)
  );
#642 = CARTESIAN_POINT('',(4.406381602094,-0.625618321216,3.697163804935
    ));
#643 = CARTESIAN_POINT('',(4.203105887207,-2.057338492854,3.797163804935
    ));
#644 = CARTESIAN_POINT('',(3.197108377021,-3.09614197554,3.897163804935)
  );
#645 = CARTESIAN_POINT('',(2.191110866834,-4.134945458225,3.997163804935
    ));
#646 = CARTESIAN_POINT('',(0.766648417642,-4.384044629203,4.097163804935
    ));
#647 = CARTESIAN_POINT('',(-0.65781403155,-4.63314380018,4.197163804935)
  );
#648 = CARTESIAN_POINT('',(-1.956645179854,-3.997391242707,
    4.297163804935));
#649 = CARTESIAN_POINT('',(-3.255476328158,-3.361638685233,
    4.397163804935));
#650 = CARTESIAN_POINT('',(-3.93256682257,-2.083870267828,4.497163804935
    ));
#651 = CARTESIAN_POINT('',(-4.609657316981,-0.806101850423,
    4.597163804935));
#652 = CARTESIAN_POINT('',(-4.406381602094,0.625618321216,4.697163804935
    ));
#653 = CARTESIAN_POINT('',(-4.203105887207,2.057338492854,4.797163804935
    ));
#654 = CARTESIAN_POINT('',(-3.197108377021,3.09614197554,4.897163804935)
  );
#655 = CARTESIAN_POINT('',(-2.191110866834,4.134945458225,4.997163804935
    ));
#656 = CARTESIAN_POINT('',(-0.766648417642,4.384044629203,5.097163804935
    ));
#657 = CARTESIAN_POINT('',(0.65781403155,4.63314380018,5.197163804935));
#658 = CARTESIAN_POINT('',(1.956645179854,3.997391242707,5.297163804935)
  );
#659 = CARTESIAN_POINT('',(3.255476328158,3.361638685233,5.397163804935)
  );
#660 = CARTESIAN_POINT('',(3.93256682257,2.083870267828,5.497163804935)
  );
#661 = CARTESIAN_POINT('',(4.609657316981,0.806101850423,5.597163804935)
  );
#662 = CARTESIAN_POINT('',(4.406381602094,-0.625618321216,5.697163804935
    ));
#663 = CARTESIAN_POINT('',(4.203105887207,-2.057338492854,5.797163804935
    ));
#664 = CARTESIAN_POINT('',(3.197108377021,-3.09614197554,5.897163804935)
  );
#665 = CARTESIAN_POINT('',(2.191110866834,-4.134945458225,5.997163804935
    ));
#666 = CARTESIAN_POINT('',(0.766648417642,-4.384044629203,6.097163804935
    ));
#667 = CARTESIAN_POINT('',(-0.65781403155,-4.63314380018,6.197163804935)
  );
#668 = CARTESIAN_POINT('',(-1.956645179854,-3.997391242707,
    6.297163804935));
#669 = CARTESIAN_POINT('',(-3.255476328158,-3.361638685233,
    6.397163804935));
#670 = CARTESIAN_POINT('',(-3.93256682257,-2.083870267828,6.497163804935
    ));
#671 = CARTESIAN_POINT('',(-4.609657316981,-0.806101850423,
    6.597163804935));
#672 = CARTESIAN_POINT('',(-4.406381602094,0.625618321216,6.697163804935
    ));
#673 = CARTESIAN_POINT('',(-4.203105887207,2.057338492854,6.797163804935
    ));
#674 = CARTESIAN_POINT('',(-3.197108377021,3.09614197554,6.897163804935)
  );
#675 = CARTESIAN_POINT('',(-2.191110866834,4.134945458225,6.997163804935
    ));
#676 = CARTESIAN_POINT('',(-0.766648417642,4.384044629203,7.097163804935
    ));
#677 = CARTESIAN_POINT('',(0.65781403155,4.63314380018,7.197163804935));
#678 = CARTESIAN_POINT('',(1.956645179854,3.997391242707,7.297163804935)
  );
#679 = CARTESIAN_POINT('',(3.255476328158,3.361638685233,7.397163804935)
  );
#680 = CARTESIAN_POINT('',(3.93256682257,2.083870267828,7.497163804935)
  );
#681 = CARTESIAN_POINT('',(4.609657316981,0.806101850423,7.597163804935)
  );
#682 = CARTESIAN_POINT('',(4.406381602094,-0.625618321216,7.697163804935
    ));
#683 = CARTESIAN_POINT('',(4.203105887207,-2.057338492854,7.797163804935
    ));
#684 = CARTESIAN_POINT('',(3.197108377021,-3.09614197554,7.897163804935)
  );
#685 = CARTESIAN_POINT('',(2.191110866834,-4.134945458225,7.997163804935
    ));
#686 = CARTESIAN_POINT('',(0.766648417642,-4.384044629203,8.097163804935
    ));
#687 = CARTESIAN_POINT('',(-0.65781403155,-4.63314380018,8.197163804935)
  );
#688 = CARTESIAN_POINT('',(-1.956645179854,-3.997391242707,
    8.297163804935));
#689 = CARTESIAN_POINT('',(-3.255476328158,-3.361638685233,
    8.397163804935));
#690 = CARTESIAN_POINT('',(-3.93256682257,-2.083870267828,8.497163804935
    ));
#691 = CARTESIAN_POINT('',(-4.609657316981,-0.806101850423,
    8.597163804935));
#692 = CARTESIAN_POINT('',(-4.406381602094,0.625618321216,8.697163804935
    ));
#693 = CARTESIAN_POINT('',(-4.203105887207,2.057338492854,8.797163804935
    ));
#694 = CARTESIAN_POINT('',(-3.197108377021,3.09614197554,8.897163804935)
  );
#695 = CARTESIAN_POINT('',(-2.191110866834,4.134945458225,8.997163804935
    ));
#696 = CARTESIAN_POINT('',(-0.766648417642,4.384044629203,9.097163804935
    ));
#697 = CARTESIAN_POINT('',(0.65781403155,4.63314380018,9.197163804935));
#698 = CARTESIAN_POINT('',(1.956645179854,3.997391242707,9.297163804935)
  );
#699 = CARTESIAN_POINT('',(3.255476328158,3.361638685233,9.397163804935)
  );
#700 = CARTESIAN_POINT('',(3.93256682257,2.083870267828,9.497163804935)
  );
#701 = CARTESIAN_POINT('',(4.609657316981,0.806101850423,9.597163804935)
  );
#702 = CARTESIAN_POINT('',(4.406381602094,-0.625618321216,9.697163804935
    ));
#703 = CARTESIAN_POINT('',(4.203105887207,-2.057338492854,9.797163804935
    ));
#704 = CARTESIAN_POINT('',(3.197108377021,-3.09614197554,9.897163804935)
  );
#705 = CARTESIAN_POINT('',(2.191110866834,-4.134945458225,9.997163804935
    ));
#706 = CARTESIAN_POINT('',(0.766648417642,-4.384044629203,
    10.097163804935));
#707 = CARTESIAN_POINT('',(-0.65781403155,-4.63314380018,10.197163804935
    ));
#708 = CARTESIAN_POINT('',(-1.956645179854,-3.997391242707,
    10.297163804935));
#709 = CARTESIAN_POINT('',(-3.255476328158,-3.361638685233,
    10.397163804935));
#710 = CARTESIAN_POINT('',(-3.93256682257,-2.083870267828,
    10.497163804935));
#711 = CARTESIAN_POINT('',(-4.609657316981,-0.806101850423,
    10.597163804935));
#712 = CARTESIAN_POINT('',(-4.406381602094,0.625618321216,
    10.697163804935));
#713 = CARTESIAN_POINT('',(-4.203105887207,2.057338492854,
    10.797163804935));
#714 = CARTESIAN_POINT('',(-3.197108377021,3.09614197554,10.897163804935
    ));
#715 = CARTESIAN_POINT('',(-2.191110866834,4.134945458225,
    10.997163804935));
#716 = CARTESIAN_POINT('',(-0.766648417642,4.384044629203,
    11.097163804935));
#717 = CARTESIAN_POINT('',(0.65781403155,4.63314380018,11.197163804935)
  );
#718 = CARTESIAN_POINT('',(1.956645179854,3.997391242707,11.297163804935
    ));
#719 = CARTESIAN_POINT('',(3.255476328158,3.361638685233,11.397163804935
    ));
#720 = CARTESIAN_POINT('',(3.93256682257,2.083870267828,11.497163804935)
  );
#721 = CARTESIAN_POINT('',(4.609657316981,0.806101850423,11.597163804935
    ));
#722 = CARTESIAN_POINT('',(4.406381602094,-0.625618321216,
    11.697163804935));
#723 = CARTESIAN_POINT('',(4.203105887207,-2.057338492854,
    11.797163804935));
#724 = CARTESIAN_POINT('',(3.197108377021,-3.09614197554,11.897163804935
    ));
#725 = CARTESIAN_POINT('',(2.191110866834,-4.134945458225,
    11.997163804935));
#726 = CARTESIAN_POINT('',(0.766648417642,-4.384044629203,
    12.097163804935));
#727 = CARTESIAN_POINT('',(-0.65781403155,-4.63314380018,12.197163804935
    ));
#728 = CARTESIAN_POINT('',(-1.956645179854,-3.997391242707,
    12.297163804935));
#729 = CARTESIAN_POINT('',(-3.255476328158,-3.361638685233,
    12.397163804935));
#730 = CARTESIAN_POINT('',(-3.93256682257,-2.083870267828,
    12.497163804935));
#731 = CARTESIAN_POINT('',(-4.609657316981,-0.806101850423,
    12.597163804935));
#732 = CARTESIAN_POINT('',(-4.406381602094,0.625618321216,
    12.697163804935));
#733 = CARTESIAN_POINT('',(-4.203105887207,2.057338492854,
    12.797163804935));
#734 = CARTESIAN_POINT('',(-3.197108377021,3.09614197554,12.897163804935
    ));
#735 = CARTESIAN_POINT('',(-2.191110866834,4.134945458225,
    12.997163804935));
#736 = CARTESIAN_POINT('',(-0.766648417642,4.384044629203,
    13.097163804935));
#737 = CARTESIAN_POINT('',(0.65781403155,4.63314380018,13.197163804935)
  );
#738 = CARTESIAN_POINT('',(1.956645179854,3.997391242707,13.297163804935
    ));
#739 = CARTESIAN_POINT('',(3.255476328158,3.361638685233,13.397163804935
    ));
#740 = CARTESIAN_POINT('',(3.93256682257,2.083870267828,13.497163804935)
  );
#741 = CARTESIAN_POINT('',(4.609657316981,0.806101850423,13.597163804935
    ));
#742 = CARTESIAN_POINT('',(4.406381602094,-0.625618321216,
    13.697163804935));
#743 = CARTESIAN_POINT('',(4.203105887207,-2.057338492854,
    13.797163804935));
#744 = CARTESIAN_POINT('',(3.197108377021,-3.09614197554,13.897163804935
    ));
#745 = CARTESIAN_POINT('',(2.191110866834,-4.134945458225,
    13.997163804935));
#746 = CARTESIAN_POINT('',(0.766648417642,-4.384044629203,
    14.097163804935));
#747 = CARTESIAN_POINT('',(-0.65781403155,-4.63314380018,14.197163804935
    ));
#748 = CARTESIAN_POINT('',(-1.956645179854,-3.997391242707,
    14.297163804935));
#749 = CARTESIAN_POINT('',(-3.255476328158,-3.361638685233,
    14.397163804935));
#750 = CARTESIAN_POINT('',(-3.93256682257,-2.083870267828,
    14.497163804935));
#751 = CARTESIAN_POINT('',(-4.609657316981,-0.806101850423,
    14.597163804935));
#752 = CARTESIAN_POINT('',(-4.406381602094,0.625618321216,
    14.697163804935));
#753 = CARTESIAN_POINT('',(-4.203105887207,2.057338492854,
    14.797163804935));
#754 = CARTESIAN_POINT('',(-3.197108377021,3.09614197554,14.897163804935
    ));
#755 = CARTESIAN_POINT('',(-2.191110866834,4.134945458225,
    14.997163804935));
#756 = CARTESIAN_POINT('',(-0.766648417642,4.384044629203,
    15.097163804935));
#757 = CARTESIAN_POINT('',(0.65781403155,4.63314380018,15.197163804935)
  );
#758 = CARTESIAN_POINT('',(1.956645179854,3.997391242707,15.297163804935
    ));
#759 = CARTESIAN_POINT('',(3.255476328158,3.361638685233,15.397163804935
    ));
#760 = CARTESIAN_POINT('',(3.93256682257,2.083870267828,15.497163804935)
  );
#761 = CARTESIAN_POINT('',(4.609657316981,0.806101850423,15.597163804935
    ));
#762 = CARTESIAN_POINT('',(4.406381602094,-0.625618321216,
    15.697163804935));
#763 = CARTESIAN_POINT('',(4.203105887207,-2.057338492854,
    15.797163804935));
#764 = CARTESIAN_POINT('',(3.197108377021,-3.09614197554,15.897163804935
    ));
#765 = CARTESIAN_POINT('',(2.191110866834,-4.134945458225,
    15.997163804935));
#766 = CARTESIAN_POINT('',(0.766648417642,-4.384044629203,
    16.097163804935));
#767 = CARTESIAN_POINT('',(-0.65781403155,-4.63314380018,16.197163804935
    ));
#768 = CARTESIAN_POINT('',(-1.956645179854,-3.997391242707,
    16.297163804935));
#769 = CARTESIAN_POINT('',(-3.255476328158,-3.361638685233,
    16.397163804935));
#770 = CARTESIAN_POINT('',(-3.93256682257,-2.083870267828,
    16.497163804935));
#771 = CARTESIAN_POINT('',(-4.609657316981,-0.806101850423,
    16.597163804935));
#772 = CARTESIAN_POINT('',(-4.406381602094,0.625618321216,
    16.697163804935));
#773 = CARTESIAN_POINT('',(-4.203105887207,2.057338492854,
    16.797163804935));
#774 = CARTESIAN_POINT('',(-3.197108377021,3.09614197554,16.897163804935
    ));
#775 = CARTESIAN_POINT('',(-2.191110866834,4.134945458225,
    16.997163804935));
#776 = CARTESIAN_POINT('',(-0.766648417642,4.384044629203,
    17.097163804935));
#777 = CARTESIAN_POINT('',(0.65781403155,4.63314380018,17.197163804935)
  );
#778 = CARTESIAN_POINT('',(1.956645179854,3.997391242707,17.297163804935
    ));
#779 = CARTESIAN_POINT('',(3.255476328158,3.361638685233,17.397163804935
    ));
#780 = CARTESIAN_POINT('',(3.93256682257,2.083870267828,17.497163804935)
  );
#781 = CARTESIAN_POINT('',(4.609657316981,0.806101850423,17.597163804935
    ));
#782 = CARTESIAN_POINT('',(4.406381602094,-0.625618321216,
    17.697163804935));
#783 = CARTESIAN_POINT('',(4.203105887207,-2.057338492854,
    17.797163804935));
#784 = CARTESIAN_POINT('',(3.197108377021,-3.09614197554,17.897163804935
    ));
#785 = CARTESIAN_POINT('',(-2.560712273953,2.459745872472,0.897163804935
    ));
#786 = CARTESIAN_POINT('',(-1.761492392259,3.291771726664,0.997163804935
    ));
#787 = CARTESIAN_POINT('',(-0.625857399106,3.495125122667,1.097163804935
    ));
#788 = CARTESIAN_POINT('',(0.509777594047,3.69847851867,1.197163804935)
  );
#789 = CARTESIAN_POINT('',(1.548053730088,3.195485370937,1.297163804935)
  );
#790 = CARTESIAN_POINT('',(2.58632986613,2.692492223205,1.397163804935)
  );
#791 = CARTESIAN_POINT('',(3.1306609508,1.675278818062,1.497163804935));
#792 = CARTESIAN_POINT('',(3.67499203547,0.65806541292,1.597163804935));
#793 = CARTESIAN_POINT('',(3.517462095558,-0.484827302679,1.697163804935
    ));
#794 = CARTESIAN_POINT('',(3.359932155646,-1.627720018279,1.797163804935
    ));
#795 = CARTESIAN_POINT('',(2.560712273953,-2.459745872472,1.897163804935
    ));
#796 = CARTESIAN_POINT('',(1.761492392259,-3.291771726664,1.997163804935
    ));
#797 = CARTESIAN_POINT('',(0.625857399106,-3.495125122667,2.097163804935
    ));
#798 = CARTESIAN_POINT('',(-0.509777594047,-3.69847851867,2.197163804935
    ));
#799 = CARTESIAN_POINT('',(-1.548053730088,-3.195485370937,
    2.297163804935));
#800 = CARTESIAN_POINT('',(-2.58632986613,-2.692492223205,2.397163804935
    ));
#801 = CARTESIAN_POINT('',(-3.1306609508,-1.675278818062,2.497163804935)
  );
#802 = CARTESIAN_POINT('',(-3.67499203547,-0.65806541292,2.597163804935)
  );
#803 = CARTESIAN_POINT('',(-3.517462095558,0.484827302679,2.697163804935
    ));
#804 = CARTESIAN_POINT('',(-3.359932155646,1.627720018279,2.797163804935
    ));
#805 = CARTESIAN_POINT('',(-2.560712273953,2.459745872472,2.897163804935
    ));
#806 = CARTESIAN_POINT('',(-1.761492392259,3.291771726664,2.997163804935
    ));
#807 = CARTESIAN_POINT('',(-0.625857399106,3.495125122667,3.097163804935
    ));
#808 = CARTESIAN_POINT('',(0.509777594047,3.69847851867,3.197163804935)
  );
#809 = CARTESIAN_POINT('',(1.548053730088,3.195485370937,3.297163804935)
  );
#810 = CARTESIAN_POINT('',(2.58632986613,2.692492223205,3.397163804935)
  );
#811 = CARTESIAN_POINT('',(3.1306609508,1.675278818062,3.497163804935));
#812 = CARTESIAN_POINT('',(3.67499203547,0.65806541292,3.597163804935));
#813 = CARTESIAN_POINT('',(3.517462095558,-0.484827302679,3.697163804935
    ));
#814 = CARTESIAN_POINT('',(3.359932155646,-1.627720018279,3.797163804935
    ));
#815 = CARTESIAN_POINT('',(2.560712273953,-2.459745872472,3.897163804935
    ));
#816 = CARTESIAN_POINT('',(1.761492392259,-3.291771726664,3.997163804935
    ));
#817 = CARTESIAN_POINT('',(0.625857399106,-3.495125122667,4.097163804935
    ));
#818 = CARTESIAN_POINT('',(-0.509777594047,-3.69847851867,4.197163804935
    ));
#819 = CARTESIAN_POINT('',(-1.548053730088,-3.195485370937,
    4.297163804935));
#820 = CARTESIAN_POINT('',(-2.58632986613,-2.692492223205,4.397163804935
    ));
#821 = CARTESIAN_POINT('',(-3.1306609508,-1.675278818062,4.497163804935)
  );
#822 = CARTESIAN_POINT('',(-3.67499203547,-0.65806541292,4.597163804935)
  );
#823 = CARTESIAN_POINT('',(-3.517462095558,0.484827302679,4.697163804935
    ));
#824 = CARTESIAN_POINT('',(-3.359932155646,1.627720018279,4.797163804935
    ));
#825 = CARTESIAN_POINT('',(-2.560712273953,2.459745872472,4.897163804935
    ));
#826 = CARTESIAN_POINT('',(-1.761492392259,3.291771726664,4.997163804935
    ));
#827 = CARTESIAN_POINT('',(-0.625857399106,3.495125122667,5.097163804935
    ));
#828 = CARTESIAN_POINT('',(0.509777594047,3.69847851867,5.197163804935)
  );
#829 = CARTESIAN_POINT('',(1.548053730088,3.195485370937,5.297163804935)
  );
#830 = CARTESIAN_POINT('',(2.58632986613,2.692492223205,5.397163804935)
  );
#831 = CARTESIAN_POINT('',(3.1306609508,1.675278818062,5.497163804935));
#832 = CARTESIAN_POINT('',(3.67499203547,0.65806541292,5.597163804935));
#833 = CARTESIAN_POINT('',(3.517462095558,-0.484827302679,5.697163804935
    ));
#834 = CARTESIAN_POINT('',(3.359932155646,-1.627720018279,5.797163804935
    ));
#835 = CARTESIAN_POINT('',(2.560712273953,-2.459745872472,5.897163804935
    ));
#836 = CARTESIAN_POINT('',(1.761492392259,-3.291771726664,5.997163804935
    ));
#837 = CARTESIAN_POINT('',(0.625857399106,-3.495125122667,6.097163804935
    ));
#838 = CARTESIAN_POINT('',(-0.509777594047,-3.69847851867,6.197163804935
    ));
#839 = CARTESIAN_POINT('',(-1.548053730088,-3.195485370937,
    6.297163804935));
#840 = CARTESIAN_POINT('',(-2.58632986613,-2.692492223205,6.397163804935
    ));
#841 = CARTESIAN_POINT('',(-3.1306609508,-1.675278818062,6.497163804935)
  );
#842 = CARTESIAN_POINT('',(-3.67499203547,-0.65806541292,6.597163804935)
  );
#843 = CARTESIAN_POINT('',(-3.517462095558,0.484827302679,6.697163804935
    ));
#844 = CARTESIAN_POINT('',(-3.359932155646,1.627720018279,6.797163804935
    ));
#845 = CARTESIAN_POINT('',(-2.560712273953,2.459745872472,6.897163804935
    ));
#846 = CARTESIAN_POINT('',(-1.761492392259,3.291771726664,6.997163804935
    ));
#847 = CARTESIAN_POINT('',(-0.625857399106,3.495125122667,7.097163804935
    ));
#848 = CARTESIAN_POINT('',(0.509777594047,3.69847851867,7.197163804935)
  );
#849 = CARTESIAN_POINT('',(1.548053730088,3.195485370937,7.297163804935)
  );
#850 = CARTESIAN_POINT('',(2.58632986613,2.692492223205,7.397163804935)
  );
#851 = CARTESIAN_POINT('',(3.1306609508,1.675278818062,7.497163804935));
#852 = CARTESIAN_POINT('',(3.67499203547,0.65806541292,7.597163804935));
#853 = CARTESIAN_POINT('',(3.517462095558,-0.484827302679,7.697163804935
    ));
#854 = CARTESIAN_POINT('',(3.359932155646,-1.627720018279,7.797163804935
    ));
#855 = CARTESIAN_POINT('',(2.560712273953,-2.459745872472,7.897163804935
    ));
#856 = CARTESIAN_POINT('',(1.761492392259,-3.291771726664,7.997163804935
    ));
#857 = CARTESIAN_POINT('',(0.625857399106,-3.495125122667,8.097163804935
    ));
#858 = CARTESIAN_POINT('',(-0.509777594047,-3.69847851867,8.197163804935
    ));
#859 = CARTESIAN_POINT('',(-1.548053730088,-3.195485370937,
    8.297163804935));
#860 = CARTESIAN_POINT('',(-2.58632986613,-2.692492223205,8.397163804935
    ));
#861 = CARTESIAN_POINT('',(-3.1306609508,-1.675278818062,8.497163804935)
  );
#862 = CARTESIAN_POINT('',(-3.67499203547,-0.65806541292,8.597163804935)
  );
#863 = CARTESIAN_POINT('',(-3.517462095558,0.484827302679,8.697163804935
    ));
#864 = CARTESIAN_POINT('',(-3.359932155646,1.627720018279,8.797163804935
    ));
#865 = CARTESIAN_POINT('',(-2.560712273953,2.459745872472,8.897163804935
    ));
#866 = CARTESIAN_POINT('',(-1.761492392259,3.291771726664,8.997163804935
    ));
#867 = CARTESIAN_POINT('',(-0.625857399106,3.495125122667,9.097163804935
    ));
#868 = CARTESIAN_POINT('',(0.509777594047,3.69847851867,9.197163804935)
  );
#869 = CARTESIAN_POINT('',(1.548053730088,3.195485370937,9.297163804935)
  );
#870 = CARTESIAN_POINT('',(2.58632986613,2.692492223205,9.397163804935)
  );
#871 = CARTESIAN_POINT('',(3.1306609508,1.675278818062,9.497163804935));
#872 = CARTESIAN_POINT('',(3.67499203547,0.65806541292,9.597163804935));
#873 = CARTESIAN_POINT('',(3.517462095558,-0.484827302679,9.697163804935
    ));
#874 = CARTESIAN_POINT('',(3.359932155646,-1.627720018279,9.797163804935
    ));
#875 = CARTESIAN_POINT('',(2.560712273953,-2.459745872472,9.897163804935
    ));
#876 = CARTESIAN_POINT('',(1.761492392259,-3.291771726664,9.997163804935
    ));
#877 = CARTESIAN_POINT('',(0.625857399106,-3.495125122667,
    10.097163804935));
#878 = CARTESIAN_POINT('',(-0.509777594047,-3.69847851867,
    10.197163804935));
#879 = CARTESIAN_POINT('',(-1.548053730088,-3.195485370937,
    10.297163804935));
#880 = CARTESIAN_POINT('',(-2.58632986613,-2.692492223205,
    10.397163804935));
#881 = CARTESIAN_POINT('',(-3.1306609508,-1.675278818062,10.497163804935
    ));
#882 = CARTESIAN_POINT('',(-3.67499203547,-0.65806541292,10.597163804935
    ));
#883 = CARTESIAN_POINT('',(-3.517462095558,0.484827302679,
    10.697163804935));
#884 = CARTESIAN_POINT('',(-3.359932155646,1.627720018279,
    10.797163804935));
#885 = CARTESIAN_POINT('',(-2.560712273953,2.459745872472,
    10.897163804935));
#886 = CARTESIAN_POINT('',(-1.761492392259,3.291771726664,
    10.997163804935));
#887 = CARTESIAN_POINT('',(-0.625857399106,3.495125122667,
    11.097163804935));
#888 = CARTESIAN_POINT('',(0.509777594047,3.69847851867,11.197163804935)
  );
#889 = CARTESIAN_POINT('',(1.548053730088,3.195485370937,11.297163804935
    ));
#890 = CARTESIAN_POINT('',(2.58632986613,2.692492223205,11.397163804935)
  );
#891 = CARTESIAN_POINT('',(3.1306609508,1.675278818062,11.497163804935)
  );
#892 = CARTESIAN_POINT('',(3.67499203547,0.65806541292,11.597163804935)
  );
#893 = CARTESIAN_POINT('',(3.517462095558,-0.484827302679,
    11.697163804935));
#894 = CARTESIAN_POINT('',(3.359932155646,-1.627720018279,
    11.797163804935));
#895 = CARTESIAN_POINT('',(2.560712273953,-2.459745872472,
    11.897163804935));
#896 = CARTESIAN_POINT('',(1.761492392259,-3.291771726664,
    11.997163804935));
#897 = CARTESIAN_POINT('',(0.625857399106,-3.495125122667,
    12.097163804935));
#898 = CARTESIAN_POINT('',(-0.509777594047,-3.69847851867,
    12.197163804935));
#899 = CARTESIAN_POINT('',(-1.548053730088,-3.195485370937,
    12.297163804935));
#900 = CARTESIAN_POINT('',(-2.58632986613,-2.692492223205,
    12.397163804935));
#901 = CARTESIAN_POINT('',(-3.1306609508,-1.675278818062,12.497163804935
    ));
#902 = CARTESIAN_POINT('',(-3.67499203547,-0.65806541292,12.597163804935
    ));
#903 = CARTESIAN_POINT('',(-3.517462095558,0.484827302679,
    12.697163804935));
#904 = CARTESIAN_POINT('',(-3.359932155646,1.627720018279,
    12.797163804935));
#905 = CARTESIAN_POINT('',(-2.560712273953,2.459745872472,
    12.897163804935));
#906 = CARTESIAN_POINT('',(-1.761492392259,3.291771726664,
    12.997163804935));
#907 = CARTESIAN_POINT('',(-0.625857399106,3.495125122667,
    13.097163804935));
#908 = CARTESIAN_POINT('',(0.509777594047,3.69847851867,13.197163804935)
  );
#909 = CARTESIAN_POINT('',(1.548053730088,3.195485370937,13.297163804935
    ));
#910 = CARTESIAN_POINT('',(2.58632986613,2.692492223205,13.397163804935)
  );
#911 = CARTESIAN_POINT('',(3.1306609508,1.675278818062,13.497163804935)
  );
#912 = CARTESIAN_POINT('',(3.67499203547,0.65806541292,13.597163804935)
  );
#913 = CARTESIAN_POINT('',(3.517462095558,-0.484827302679,
    13.697163804935));
#914 = CARTESIAN_POINT('',(3.359932155646,-1.627720018279,
    13.797163804935));
#915 = CARTESIAN_POINT('',(2.560712273953,-2.459745872472,
    13.897163804935));
#916 = CARTESIAN_POINT('',(1.761492392259,-3.291771726664,
    13.997163804935));
#917 = CARTESIAN_POINT('',(0.625857399106,-3.495125122667,
    14.097163804935));
#918 = CARTESIAN_POINT('',(-0.509777594047,-3.69847851867,
    14.197163804935));
#919 = CARTESIAN_POINT('',(-1.548053730088,-3.195485370937,
    14.297163804935));
#920 = CARTESIAN_POINT('',(-2.58632986613,-2.692492223205,
    14.397163804935));
#921 = CARTESIAN_POINT('',(-3.1306609508,-1.675278818062,14.497163804935
    ));
#922 = CARTESIAN_POINT('',(-3.67499203547,-0.65806541292,14.597163804935
    ));
#923 = CARTESIAN_POINT('',(-3.517462095558,0.484827302679,
    14.697163804935));
#924 = CARTESIAN_POINT('',(-3.359932155646,1.627720018279,
    14.797163804935));
#925 = CARTESIAN_POINT('',(-2.560712273953,2.459745872472,
    14.897163804935));
#926 = CARTESIAN_POINT('',(-1.761492392259,3.291771726664,
    14.997163804935));
#927 = CARTESIAN_POINT('',(-0.625857399106,3.495125122667,
    15.097163804935));
#928 = CARTESIAN_POINT('',(0.509777594047,3.69847851867,15.197163804935)
  );
#929 = CARTESIAN_POINT('',(1.548053730088,3.195485370937,15.297163804935
    ));
#930 = CARTESIAN_POINT('',(2.58632986613,2.692492223205,15.397163804935)
  );
#931 = CARTESIAN_POINT('',(3.1306609508,1.675278818062,15.497163804935)
  );
#932 = CARTESIAN_POINT('',(3.67499203547,0.65806541292,15.597163804935)
  );
#933 = CARTESIAN_POINT('',(3.517462095558,-0.484827302679,
    15.697163804935));
#934 = CARTESIAN_POINT('',(3.359932155646,-1.627720018279,
    15.797163804935));
#935 = CARTESIAN_POINT('',(2.560712273953,-2.459745872472,
    15.897163804935));
#936 = CARTESIAN_POINT('',(1.761492392259,-3.291771726664,
    15.997163804935));
#937 = CARTESIAN_POINT('',(0.625857399106,-3.495125122667,
    16.097163804935));
#938 = CARTESIAN_POINT('',(-0.509777594047,-3.69847851867,
    16.197163804935));
#939 = CARTESIAN_POINT('',(-1.548053730088,-3.195485370937,
    16.297163804935));
#940 = CARTESIAN_POINT('',(-2.58632986613,-2.692492223205,
    16.397163804935));
#941 = CARTESIAN_POINT('',(-3.1306609508,-1.675278818062,16.497163804935
    ));
#942 = CARTESIAN_POINT('',(-3.67499203547,-0.65806541292,16.597163804935
    ));
#943 = CARTESIAN_POINT('',(-3.517462095558,0.484827302679,
    16.697163804935));
#944 = CARTESIAN_POINT('',(-3.359932155646,1.627720018279,
    16.797163804935));
#945 = CARTESIAN_POINT('',(-2.560712273953,2.459745872472,
    16.897163804935));
#946 = CARTESIAN_POINT('',(-1.761492392259,3.291771726664,
    16.997163804935));
#947 = CARTESIAN_POINT('',(-0.625857399106,3.495125122667,
    17.097163804935));
#948 = CARTESIAN_POINT('',(0.509777594047,3.69847851867,17.197163804935)
  );
#949 = CARTESIAN_POINT('',(1.548053730088,3.195485370937,17.297163804935
    ));
#950 = CARTESIAN_POINT('',(2.58632986613,2.692492223205,17.397163804935)
  );
#951 = CARTESIAN_POINT('',(3.1306609508,1.675278818062,17.497163804935)
  );
#952 = CARTESIAN_POINT('',(3.67499203547,0.65806541292,17.597163804935)
  );
#953 = CARTESIAN_POINT('',(3.517462095558,-0.484827302679,
    17.697163804935));
#954 = CARTESIAN_POINT('',(3.359932155646,-1.627720018279,
    17.797163804935));
#955 = CARTESIAN_POINT('',(2.560712273953,-2.459745872472,
    17.897163804935));
#956 = CARTESIAN_POINT('',(-2.510229073212,2.510229073212,-1.E-17));
#957 = CARTESIAN_POINT('',(-1.694606205269,3.325851941155,0.1));
#958 = CARTESIAN_POINT('',(-0.555342350893,3.506293609113,0.2));
#959 = CARTESIAN_POINT('',(0.583921503483,3.68673527707,0.3));
#960 = CARTESIAN_POINT('',(1.611666274075,3.163073160869,0.4));
#961 = CARTESIAN_POINT('',(2.639411044667,2.639411044667,0.5));
#962 = CARTESIAN_POINT('',(3.163073160869,1.611666274075,0.6));
#963 = CARTESIAN_POINT('',(3.68673527707,0.583921503483,0.7));
#964 = CARTESIAN_POINT('',(3.506293609113,-0.555342350893,0.8));
#965 = CARTESIAN_POINT('',(3.325851941155,-1.694606205269,0.9));
#966 = CARTESIAN_POINT('',(2.510229073212,-2.510229073212,1.));
#967 = CARTESIAN_POINT('',(1.694606205269,-3.325851941155,1.1));
#968 = CARTESIAN_POINT('',(0.555342350893,-3.506293609113,1.2));
#969 = CARTESIAN_POINT('',(-0.583921503483,-3.68673527707,1.3));
#970 = CARTESIAN_POINT('',(-1.611666274075,-3.163073160869,1.4));
#971 = CARTESIAN_POINT('',(-2.639411044667,-2.639411044667,1.5));
#972 = CARTESIAN_POINT('',(-3.163073160869,-1.611666274075,1.6));
#973 = CARTESIAN_POINT('',(-3.68673527707,-0.583921503483,1.7));
#974 = CARTESIAN_POINT('',(-3.506293609113,0.555342350893,1.8));
#975 = CARTESIAN_POINT('',(-3.325851941155,1.694606205269,1.9));
#976 = CARTESIAN_POINT('',(-2.510229073212,2.510229073212,2.));
#977 = CARTESIAN_POINT('',(-1.694606205269,3.325851941155,2.1));
#978 = CARTESIAN_POINT('',(-0.555342350893,3.506293609113,2.2));
#979 = CARTESIAN_POINT('',(0.583921503483,3.68673527707,2.3));
#980 = CARTESIAN_POINT('',(1.611666274075,3.163073160869,2.4));
#981 = CARTESIAN_POINT('',(2.639411044667,2.639411044667,2.5));
#982 = CARTESIAN_POINT('',(3.163073160869,1.611666274075,2.6));
#983 = CARTESIAN_POINT('',(3.68673527707,0.583921503483,2.7));
#984 = CARTESIAN_POINT('',(3.506293609113,-0.555342350893,2.8));
#985 = CARTESIAN_POINT('',(3.325851941155,-1.694606205269,2.9));
#986 = CARTESIAN_POINT('',(2.510229073212,-2.510229073212,3.));
#987 = CARTESIAN_POINT('',(1.694606205269,-3.325851941155,3.1));
#988 = CARTESIAN_POINT('',(0.555342350893,-3.506293609113,3.2));
#989 = CARTESIAN_POINT('',(-0.583921503483,-3.68673527707,3.3));
#990 = CARTESIAN_POINT('',(-1.611666274075,-3.163073160869,3.4));
#991 = CARTESIAN_POINT('',(-2.639411044667,-2.639411044667,3.5));
#992 = CARTESIAN_POINT('',(-3.163073160869,-1.611666274075,3.6));
#993 = CARTESIAN_POINT('',(-3.68673527707,-0.583921503483,3.7));
#994 = CARTESIAN_POINT('',(-3.506293609113,0.555342350893,3.8));
#995 = CARTESIAN_POINT('',(-3.325851941155,1.694606205269,3.9));
#996 = CARTESIAN_POINT('',(-2.510229073212,2.510229073212,4.));
#997 = CARTESIAN_POINT('',(-1.694606205269,3.325851941155,4.1));
#998 = CARTESIAN_POINT('',(-0.555342350893,3.506293609113,4.2));
#999 = CARTESIAN_POINT('',(0.583921503483,3.68673527707,4.3));
#1000 = CARTESIAN_POINT('',(1.611666274075,3.163073160869,4.4));
#1001 = CARTESIAN_POINT('',(2.639411044667,2.639411044667,4.5));
#1002 = CARTESIAN_POINT('',(3.163073160869,1.611666274075,4.6));
#1003 = CARTESIAN_POINT('',(3.68673527707,0.583921503483,4.7));
#1004 = CARTESIAN_POINT('',(3.506293609113,-0.555342350893,4.8));
#1005 = CARTESIAN_POINT('',(3.325851941155,-1.694606205269,4.9));
#1006 = CARTESIAN_POINT('',(2.510229073212,-2.510229073212,5.));
#1007 = CARTESIAN_POINT('',(1.694606205269,-3.325851941155,5.1));
#1008 = CARTESIAN_POINT('',(0.555342350893,-3.506293609113,5.2));
#1009 = CARTESIAN_POINT('',(-0.583921503483,-3.68673527707,5.3));
#1010 = CARTESIAN_POINT('',(-1.611666274075,-3.163073160869,5.4));
#1011 = CARTESIAN_POINT('',(-2.639411044667,-2.639411044667,5.5));
#1012 = CARTESIAN_POINT('',(-3.163073160869,-1.611666274075,5.6));
#1013 = CARTESIAN_POINT('',(-3.68673527707,-0.583921503483,5.7));
#1014 = CARTESIAN_POINT('',(-3.506293609113,0.555342350893,5.8));
#1015 = CARTESIAN_POINT('',(-3.325851941155,1.694606205269,5.9));
#1016 = CARTESIAN_POINT('',(-2.510229073212,2.510229073212,6.));
#1017 = CARTESIAN_POINT('',(-1.694606205269,3.325851941155,6.1));
#1018 = CARTESIAN_POINT('',(-0.555342350893,3.506293609113,6.2));
#1019 = CARTESIAN_POINT('',(0.583921503483,3.68673527707,6.3));
#1020 = CARTESIAN_POINT('',(1.611666274075,3.163073160869,6.4));
#1021 = CARTESIAN_POINT('',(2.639411044667,2.639411044667,6.5));
#1022 = CARTESIAN_POINT('',(3.163073160869,1.611666274075,6.6));
#1023 = CARTESIAN_POINT('',(3.68673527707,0.583921503483,6.7));
#1024 = CARTESIAN_POINT('',(3.506293609113,-0.555342350893,6.8));
#1025 = CARTESIAN_POINT('',(3.325851941155,-1.694606205269,6.9));
#1026 = CARTESIAN_POINT('',(2.510229073212,-2.510229073212,7.));
#1027 = CARTESIAN_POINT('',(1.694606205269,-3.325851941155,7.1));
#1028 = CARTESIAN_POINT('',(0.555342350893,-3.506293609113,7.2));
#1029 = CARTESIAN_POINT('',(-0.583921503483,-3.68673527707,7.3));
#1030 = CARTESIAN_POINT('',(-1.611666274075,-3.163073160869,7.4));
#1031 = CARTESIAN_POINT('',(-2.639411044667,-2.639411044667,7.5));
#1032 = CARTESIAN_POINT('',(-3.163073160869,-1.611666274075,7.6));
#1033 = CARTESIAN_POINT('',(-3.68673527707,-0.583921503483,7.7));
#1034 = CARTESIAN_POINT('',(-3.506293609113,0.555342350893,7.8));
#1035 = CARTESIAN_POINT('',(-3.325851941155,1.694606205269,7.9));
#1036 = CARTESIAN_POINT('',(-2.510229073212,2.510229073212,8.));
#1037 = CARTESIAN_POINT('',(-1.694606205269,3.325851941155,8.1));
#1038 = CARTESIAN_POINT('',(-0.555342350893,3.506293609113,8.2));
#1039 = CARTESIAN_POINT('',(0.583921503483,3.68673527707,8.3));
#1040 = CARTESIAN_POINT('',(1.611666274075,3.163073160869,8.4));
#1041 = CARTESIAN_POINT('',(2.639411044667,2.639411044667,8.5));
#1042 = CARTESIAN_POINT('',(3.163073160869,1.611666274075,8.6));
#1043 = CARTESIAN_POINT('',(3.68673527707,0.583921503483,8.7));
#1044 = CARTESIAN_POINT('',(3.506293609113,-0.555342350893,8.8));
#1045 = CARTESIAN_POINT('',(3.325851941155,-1.694606205269,8.9));
#1046 = CARTESIAN_POINT('',(2.510229073212,-2.510229073212,9.));
#1047 = CARTESIAN_POINT('',(1.694606205269,-3.325851941155,9.1));
#1048 = CARTESIAN_POINT('',(0.555342350893,-3.506293609113,9.2));
#1049 = CARTESIAN_POINT('',(-0.583921503483,-3.68673527707,9.3));
#1050 = CARTESIAN_POINT('',(-1.611666274075,-3.163073160869,9.4));
#1051 = CARTESIAN_POINT('',(-2.639411044667,-2.639411044667,9.5));
#1052 = CARTESIAN_POINT('',(-3.163073160869,-1.611666274075,9.6));
#1053 = CARTESIAN_POINT('',(-3.68673527707,-0.583921503483,9.7));
#1054 = CARTESIAN_POINT('',(-3.506293609113,0.555342350893,9.8));
#1055 = CARTESIAN_POINT('',(-3.325851941155,1.694606205269,9.9));
#1056 = CARTESIAN_POINT('',(-2.510229073212,2.510229073212,10.));
#1057 = CARTESIAN_POINT('',(-1.694606205269,3.325851941155,10.1));
#1058 = CARTESIAN_POINT('',(-0.555342350893,3.506293609113,10.2));
#1059 = CARTESIAN_POINT('',(0.583921503483,3.68673527707,10.3));
#1060 = CARTESIAN_POINT('',(1.611666274075,3.163073160869,10.4));
#1061 = CARTESIAN_POINT('',(2.639411044667,2.639411044667,10.5));
#1062 = CARTESIAN_POINT('',(3.163073160869,1.611666274075,10.6));
#1063 = CARTESIAN_POINT('',(3.68673527707,0.583921503483,10.7));
#1064 = CARTESIAN_POINT('',(3.506293609113,-0.555342350893,10.8));
#1065 = CARTESIAN_POINT('',(3.325851941155,-1.694606205269,10.9));
#1066 = CARTESIAN_POINT('',(2.510229073212,-2.510229073212,11.));
#1067 = CARTESIAN_POINT('',(1.694606205269,-3.325851941155,11.1));
#1068 = CARTESIAN_POINT('',(0.555342350893,-3.506293609113,11.2));
#1069 = CARTESIAN_POINT('',(-0.583921503483,-3.68673527707,11.3));
#1070 = CARTESIAN_POINT('',(-1.611666274075,-3.163073160869,11.4));
#1071 = CARTESIAN_POINT('',(-2.639411044667,-2.639411044667,11.5));
#1072 = CARTESIAN_POINT('',(-3.163073160869,-1.611666274075,11.6));
#1073 = CARTESIAN_POINT('',(-3.68673527707,-0.583921503483,11.7));
#1074 = CARTESIAN_POINT('',(-3.506293609113,0.555342350893,11.8));
#1075 = CARTESIAN_POINT('',(-3.325851941155,1.694606205269,11.9));
#1076 = CARTESIAN_POINT('',(-2.510229073212,2.510229073212,12.));
#1077 = CARTESIAN_POINT('',(-1.694606205269,3.325851941155,12.1));
#1078 = CARTESIAN_POINT('',(-0.555342350893,3.506293609113,12.2));
#1079 = CARTESIAN_POINT('',(0.583921503483,3.68673527707,12.3));
#1080 = CARTESIAN_POINT('',(1.611666274075,3.163073160869,12.4));
#1081 = CARTESIAN_POINT('',(2.639411044667,2.639411044667,12.5));
#1082 = CARTESIAN_POINT('',(3.163073160869,1.611666274075,12.6));
#1083 = CARTESIAN_POINT('',(3.68673527707,0.583921503483,12.7));
#1084 = CARTESIAN_POINT('',(3.506293609113,-0.555342350893,12.8));
#1085 = CARTESIAN_POINT('',(3.325851941155,-1.694606205269,12.9));
#1086 = CARTESIAN_POINT('',(2.510229073212,-2.510229073212,13.));
#1087 = CARTESIAN_POINT('',(1.694606205269,-3.325851941155,13.1));
#1088 = CARTESIAN_POINT('',(0.555342350893,-3.506293609113,13.2));
#1089 = CARTESIAN_POINT('',(-0.583921503483,-3.68673527707,13.3));
#1090 = CARTESIAN_POINT('',(-1.611666274075,-3.163073160869,13.4));
#1091 = CARTESIAN_POINT('',(-2.639411044667,-2.639411044667,13.5));
#1092 = CARTESIAN_POINT('',(-3.163073160869,-1.611666274075,13.6));
#1093 = CARTESIAN_POINT('',(-3.68673527707,-0.583921503483,13.7));
#1094 = CARTESIAN_POINT('',(-3.506293609113,0.555342350893,13.8));
#1095 = CARTESIAN_POINT('',(-3.325851941155,1.694606205269,13.9));
#1096 = CARTESIAN_POINT('',(-2.510229073212,2.510229073212,14.));
#1097 = CARTESIAN_POINT('',(-1.694606205269,3.325851941155,14.1));
#1098 = CARTESIAN_POINT('',(-0.555342350893,3.506293609113,14.2));
#1099 = CARTESIAN_POINT('',(0.583921503483,3.68673527707,14.3));
#1100 = CARTESIAN_POINT('',(1.611666274075,3.163073160869,14.4));
#1101 = CARTESIAN_POINT('',(2.639411044667,2.639411044667,14.5));
#1102 = CARTESIAN_POINT('',(3.163073160869,1.611666274075,14.6));
#1103 = CARTESIAN_POINT('',(3.68673527707,0.583921503483,14.7));
#1104 = CARTESIAN_POINT('',(3.506293609113,-0.555342350893,14.8));
#1105 = CARTESIAN_POINT('',(3.325851941155,-1.694606205269,14.9));
#1106 = CARTESIAN_POINT('',(2.510229073212,-2.510229073212,15.));
#1107 = CARTESIAN_POINT('',(1.694606205269,-3.325851941155,15.1));
#1108 = CARTESIAN_POINT('',(0.555342350893,-3.506293609113,15.2));
#1109 = CARTESIAN_POINT('',(-0.583921503483,-3.68673527707,15.3));
#1110 = CARTESIAN_POINT('',(-1.611666274075,-3.163073160869,15.4));
#1111 = CARTESIAN_POINT('',(-2.639411044667,-2.639411044667,15.5));
#1112 = CARTESIAN_POINT('',(-3.163073160869,-1.611666274075,15.6));
#1113 = CARTESIAN_POINT('',(-3.68673527707,-0.583921503483,15.7));
#1114 = CARTESIAN_POINT('',(-3.506293609113,0.555342350893,15.8));
#1115 = CARTESIAN_POINT('',(-3.325851941155,1.694606205269,15.9));
#1116 = CARTESIAN_POINT('',(-2.510229073212,2.510229073212,16.));
#1117 = CARTESIAN_POINT('',(-1.694606205269,3.325851941155,16.1));
#1118 = CARTESIAN_POINT('',(-0.555342350893,3.506293609113,16.2));
#1119 = CARTESIAN_POINT('',(0.583921503483,3.68673527707,16.3));
#1120 = CARTESIAN_POINT('',(1.611666274075,3.163073160869,16.4));
#1121 = CARTESIAN_POINT('',(2.639411044667,2.639411044667,16.5));
#1122 = CARTESIAN_POINT('',(3.163073160869,1.611666274075,16.6));
#1123 = CARTESIAN_POINT('',(3.68673527707,0.583921503483,16.7));
#1124 = CARTESIAN_POINT('',(3.506293609113,-0.555342350893,16.8));
#1125 = CARTESIAN_POINT('',(3.325851941155,-1.694606205269,16.9));
#1126 = CARTESIAN_POINT('',(2.510229073212,-2.510229073212,17.));
#1127 = CARTESIAN_POINT('',(-2.459745872472,2.560712273953,
    -0.897163804935));
#1128 = CARTESIAN_POINT('',(-1.627720018279,3.359932155646,
    -0.797163804935));
#1129 = CARTESIAN_POINT('',(-0.484827302679,3.517462095558,
    -0.697163804935));
#1130 = CARTESIAN_POINT('',(0.65806541292,3.674992035471,-0.597163804935
    ));
#1131 = CARTESIAN_POINT('',(1.675278818062,3.1306609508,-0.497163804935)
  );
#1132 = CARTESIAN_POINT('',(2.692492223205,2.58632986613,-0.397163804935
    ));
#1133 = CARTESIAN_POINT('',(3.195485370937,1.548053730088,
    -0.297163804935));
#1134 = CARTESIAN_POINT('',(3.69847851867,0.509777594047,-0.197163804935
    ));
#1135 = CARTESIAN_POINT('',(3.495125122667,-0.625857399106,
    -9.71638049353E-02));
#1136 = CARTESIAN_POINT('',(3.291771726664,-1.761492392259,
    2.836195064704E-03));
#1137 = CARTESIAN_POINT('',(2.459745872472,-2.560712273953,
    0.102836195065));
#1138 = CARTESIAN_POINT('',(1.627720018279,-3.359932155646,
    0.202836195065));
#1139 = CARTESIAN_POINT('',(0.484827302679,-3.517462095558,
    0.302836195065));
#1140 = CARTESIAN_POINT('',(-0.65806541292,-3.674992035471,
    0.402836195065));
#1141 = CARTESIAN_POINT('',(-1.675278818062,-3.1306609508,0.502836195065
    ));
#1142 = CARTESIAN_POINT('',(-2.692492223205,-2.58632986613,
    0.602836195065));
#1143 = CARTESIAN_POINT('',(-3.195485370937,-1.548053730088,
    0.702836195065));
#1144 = CARTESIAN_POINT('',(-3.69847851867,-0.509777594047,
    0.802836195065));
#1145 = CARTESIAN_POINT('',(-3.495125122667,0.625857399106,
    0.902836195065));
#1146 = CARTESIAN_POINT('',(-3.291771726664,1.761492392259,
    1.002836195065));
#1147 = CARTESIAN_POINT('',(-2.459745872472,2.560712273953,
    1.102836195065));
#1148 = CARTESIAN_POINT('',(-1.627720018279,3.359932155646,
    1.202836195065));
#1149 = CARTESIAN_POINT('',(-0.484827302679,3.517462095558,
    1.302836195065));
#1150 = CARTESIAN_POINT('',(0.65806541292,3.674992035471,1.402836195065)
  );
#1151 = CARTESIAN_POINT('',(1.675278818062,3.1306609508,1.502836195065)
  );
#1152 = CARTESIAN_POINT('',(2.692492223205,2.58632986613,1.602836195065)
  );
#1153 = CARTESIAN_POINT('',(3.195485370937,1.548053730088,1.702836195065
    ));
#1154 = CARTESIAN_POINT('',(3.69847851867,0.509777594047,1.802836195065)
  );
#1155 = CARTESIAN_POINT('',(3.495125122667,-0.625857399106,
    1.902836195065));
#1156 = CARTESIAN_POINT('',(3.291771726664,-1.761492392259,
    2.002836195065));
#1157 = CARTESIAN_POINT('',(2.459745872472,-2.560712273953,
    2.102836195065));
#1158 = CARTESIAN_POINT('',(1.627720018279,-3.359932155646,
    2.202836195065));
#1159 = CARTESIAN_POINT('',(0.484827302679,-3.517462095558,
    2.302836195065));
#1160 = CARTESIAN_POINT('',(-0.65806541292,-3.674992035471,
    2.402836195065));
#1161 = CARTESIAN_POINT('',(-1.675278818062,-3.1306609508,2.502836195065
    ));
#1162 = CARTESIAN_POINT('',(-2.692492223205,-2.58632986613,
    2.602836195065));
#1163 = CARTESIAN_POINT('',(-3.195485370937,-1.548053730088,
    2.702836195065));
#1164 = CARTESIAN_POINT('',(-3.69847851867,-0.509777594047,
    2.802836195065));
#1165 = CARTESIAN_POINT('',(-3.495125122667,0.625857399106,
    2.902836195065));
#1166 = CARTESIAN_POINT('',(-3.291771726664,1.761492392259,
    3.002836195065));
#1167 = CARTESIAN_POINT('',(-2.459745872472,2.560712273953,
    3.102836195065));
#1168 = CARTESIAN_POINT('',(-1.627720018279,3.359932155646,
    3.202836195065));
#1169 = CARTESIAN_POINT('',(-0.484827302679,3.517462095558,
    3.302836195065));
#1170 = CARTESIAN_POINT('',(0.65806541292,3.674992035471,3.402836195065)
  );
#1171 = CARTESIAN_POINT('',(1.675278818062,3.1306609508,3.502836195065)
  );
#1172 = CARTESIAN_POINT('',(2.692492223205,2.58632986613,3.602836195065)
  );
#1173 = CARTESIAN_POINT('',(3.195485370937,1.548053730088,3.702836195065
    ));
#1174 = CARTESIAN_POINT('',(3.69847851867,0.509777594047,3.802836195065)
  );
#1175 = CARTESIAN_POINT('',(3.495125122667,-0.625857399106,
    3.902836195065));
#1176 = CARTESIAN_POINT('',(3.291771726664,-1.761492392259,
    4.002836195065));
#1177 = CARTESIAN_POINT('',(2.459745872472,-2.560712273953,
    4.102836195065));
#1178 = CARTESIAN_POINT('',(1.627720018279,-3.359932155646,
    4.202836195065));
#1179 = CARTESIAN_POINT('',(0.484827302679,-3.517462095558,
    4.302836195065));
#1180 = CARTESIAN_POINT('',(-0.65806541292,-3.674992035471,
    4.402836195065));
#1181 = CARTESIAN_POINT('',(-1.675278818062,-3.1306609508,4.502836195065
    ));
#1182 = CARTESIAN_POINT('',(-2.692492223205,-2.58632986613,
    4.602836195065));
#1183 = CARTESIAN_POINT('',(-3.195485370937,-1.548053730088,
    4.702836195065));
#1184 = CARTESIAN_POINT('',(-3.69847851867,-0.509777594047,
    4.802836195065));
#1185 = CARTESIAN_POINT('',(-3.495125122667,0.625857399106,
    4.902836195065));
#1186 = CARTESIAN_POINT('',(-3.291771726664,1.761492392259,
    5.002836195065));
#1187 = CARTESIAN_POINT('',(-2.459745872472,2.560712273953,
    5.102836195065));
#1188 = CARTESIAN_POINT('',(-1.627720018279,3.359932155646,
    5.202836195065));
#1189 = CARTESIAN_POINT('',(-0.484827302679,3.517462095558,
    5.302836195065));
#1190 = CARTESIAN_POINT('',(0.65806541292,3.674992035471,5.402836195065)
  );
#1191 = CARTESIAN_POINT('',(1.675278818062,3.1306609508,5.502836195065)
  );
#1192 = CARTESIAN_POINT('',(2.692492223205,2.58632986613,5.602836195065)
  );
#1193 = CARTESIAN_POINT('',(3.195485370937,1.548053730088,5.702836195065
    ));
#1194 = CARTESIAN_POINT('',(3.69847851867,0.509777594047,5.802836195065)
  );
#1195 = CARTESIAN_POINT('',(3.495125122667,-0.625857399106,
    5.902836195065));
#1196 = CARTESIAN_POINT('',(3.291771726664,-1.761492392259,
    6.002836195065));
#1197 = CARTESIAN_POINT('',(2.459745872472,-2.560712273953,
    6.102836195065));
#1198 = CARTESIAN_POINT('',(1.627720018279,-3.359932155646,
    6.202836195065));
#1199 = CARTESIAN_POINT('',(0.484827302679,-3.517462095558,
    6.302836195065));
#1200 = CARTESIAN_POINT('',(-0.65806541292,-3.674992035471,
    6.402836195065));
#1201 = CARTESIAN_POINT('',(-1.675278818062,-3.1306609508,6.502836195065
    ));
#1202 = CARTESIAN_POINT('',(-2.692492223205,-2.58632986613,
    6.602836195065));
#1203 = CARTESIAN_POINT('',(-3.195485370937,-1.548053730088,
    6.702836195065));
#1204 = CARTESIAN_POINT('',(-3.69847851867,-0.509777594047,
    6.802836195065));
#1205 = CARTESIAN_POINT('',(-3.495125122667,0.625857399106,
    6.902836195065));
#1206 = CARTESIAN_POINT('',(-3.291771726664,1.761492392259,
    7.002836195065));
#1207 = CARTESIAN_POINT('',(-2.459745872472,2.560712273953,
    7.102836195065));
#1208 = CARTESIAN_POINT('',(-1.627720018279,3.359932155646,
    7.202836195065));
#1209 = CARTESIAN_POINT('',(-0.484827302679,3.517462095558,
    7.302836195065));
#1210 = CARTESIAN_POINT('',(0.65806541292,3.674992035471,7.402836195065)
  );
#1211 = CARTESIAN_POINT('',(1.675278818062,3.1306609508,7.502836195065)
  );
#1212 = CARTESIAN_POINT('',(2.692492223205,2.58632986613,7.602836195065)
  );
#1213 = CARTESIAN_POINT('',(3.195485370937,1.548053730088,7.702836195065
    ));
#1214 = CARTESIAN_POINT('',(3.69847851867,0.509777594047,7.802836195065)
  );
#1215 = CARTESIAN_POINT('',(3.495125122667,-0.625857399106,
    7.902836195065));
#1216 = CARTESIAN_POINT('',(3.291771726664,-1.761492392259,
    8.002836195065));
#1217 = CARTESIAN_POINT('',(2.459745872472,-2.560712273953,
    8.102836195065));
#1218 = CARTESIAN_POINT('',(1.627720018279,-3.359932155646,
    8.202836195065));
#1219 = CARTESIAN_POINT('',(0.484827302679,-3.517462095558,
    8.302836195065));
#1220 = CARTESIAN_POINT('',(-0.65806541292,-3.674992035471,
    8.402836195065));
#1221 = CARTESIAN_POINT('',(-1.675278818062,-3.1306609508,8.502836195065
    ));
#1222 = CARTESIAN_POINT('',(-2.692492223205,-2.58632986613,
    8.602836195065));
#1223 = CARTESIAN_POINT('',(-3.195485370937,-1.548053730088,
    8.702836195065));
#1224 = CARTESIAN_POINT('',(-3.69847851867,-0.509777594047,
    8.802836195065));
#1225 = CARTESIAN_POINT('',(-3.495125122667,0.625857399106,
    8.902836195065));
#1226 = CARTESIAN_POINT('',(-3.291771726664,1.761492392259,
    9.002836195065));
#1227 = CARTESIAN_POINT('',(-2.459745872472,2.560712273953,
    9.102836195065));
#1228 = CARTESIAN_POINT('',(-1.627720018279,3.359932155646,
    9.202836195065));
#1229 = CARTESIAN_POINT('',(-0.484827302679,3.517462095558,
    9.302836195065));
#1230 = CARTESIAN_POINT('',(0.65806541292,3.674992035471,9.402836195065)
  );
#1231 = CARTESIAN_POINT('',(1.675278818062,3.1306609508,9.502836195065)
  );
#1232 = CARTESIAN_POINT('',(2.692492223205,2.58632986613,9.602836195065)
  );
#1233 = CARTESIAN_POINT('',(3.195485370937,1.548053730088,9.702836195065
    ));
#1234 = CARTESIAN_POINT('',(3.69847851867,0.509777594047,9.802836195065)
  );
#1235 = CARTESIAN_POINT('',(3.495125122667,-0.625857399106,
    9.902836195065));
#1236 = CARTESIAN_POINT('',(3.291771726664,-1.761492392259,
    10.002836195065));
#1237 = CARTESIAN_POINT('',(2.459745872472,-2.560712273953,
    10.102836195065));
#1238 = CARTESIAN_POINT('',(1.627720018279,-3.359932155646,
    10.202836195065));
#1239 = CARTESIAN_POINT('',(0.484827302679,-3.517462095558,
    10.302836195065));
#1240 = CARTESIAN_POINT('',(-0.65806541292,-3.674992035471,
    10.402836195065));
#1241 = CARTESIAN_POINT('',(-1.675278818062,-3.1306609508,
    10.502836195065));
#1242 = CARTESIAN_POINT('',(-2.692492223205,-2.58632986613,
    10.602836195065));
#1243 = CARTESIAN_POINT('',(-3.195485370937,-1.548053730088,
    10.702836195065));
#1244 = CARTESIAN_POINT('',(-3.69847851867,-0.509777594047,
    10.802836195065));
#1245 = CARTESIAN_POINT('',(-3.495125122667,0.625857399106,
    10.902836195065));
#1246 = CARTESIAN_POINT('',(-3.291771726664,1.761492392259,
    11.002836195065));
#1247 = CARTESIAN_POINT('',(-2.459745872472,2.560712273953,
    11.102836195065));
#1248 = CARTESIAN_POINT('',(-1.627720018279,3.359932155646,
    11.202836195065));
#1249 = CARTESIAN_POINT('',(-0.484827302679,3.517462095558,
    11.302836195065));
#1250 = CARTESIAN_POINT('',(0.65806541292,3.674992035471,11.402836195065
    ));
#1251 = CARTESIAN_POINT('',(1.675278818062,3.1306609508,11.502836195065)
  );
#1252 = CARTESIAN_POINT('',(2.692492223205,2.58632986613,11.602836195065
    ));
#1253 = CARTESIAN_POINT('',(3.195485370937,1.548053730088,
    11.702836195065));
#1254 = CARTESIAN_POINT('',(3.69847851867,0.509777594047,11.802836195065
    ));
#1255 = CARTESIAN_POINT('',(3.495125122667,-0.625857399106,
    11.902836195065));
#1256 = CARTESIAN_POINT('',(3.291771726664,-1.761492392259,
    12.002836195065));
#1257 = CARTESIAN_POINT('',(2.459745872472,-2.560712273953,
    12.102836195065));
#1258 = CARTESIAN_POINT('',(1.627720018279,-3.359932155646,
    12.202836195065));
#1259 = CARTESIAN_POINT('',(0.484827302679,-3.517462095558,
    12.302836195065));
#1260 = CARTESIAN_POINT('',(-0.65806541292,-3.674992035471,
    12.402836195065));
#1261 = CARTESIAN_POINT('',(-1.675278818062,-3.1306609508,
    12.502836195065));
#1262 = CARTESIAN_POINT('',(-2.692492223205,-2.58632986613,
    12.602836195065));
#1263 = CARTESIAN_POINT('',(-3.195485370937,-1.548053730088,
    12.702836195065));
#1264 = CARTESIAN_POINT('',(-3.69847851867,-0.509777594047,
    12.802836195065));
#1265 = CARTESIAN_POINT('',(-3.495125122667,0.625857399106,
    12.902836195065));
#1266 = CARTESIAN_POINT('',(-3.291771726664,1.761492392259,
    13.002836195065));
#1267 = CARTESIAN_POINT('',(-2.459745872472,2.560712273953,
    13.102836195065));
#1268 = CARTESIAN_POINT('',(-1.627720018279,3.359932155646,
    13.202836195065));
#1269 = CARTESIAN_POINT('',(-0.484827302679,3.517462095558,
    13.302836195065));
#1270 = CARTESIAN_POINT('',(0.65806541292,3.674992035471,13.402836195065
    ));
#1271 = CARTESIAN_POINT('',(1.675278818062,3.1306609508,13.502836195065)
  );
#1272 = CARTESIAN_POINT('',(2.692492223205,2.58632986613,13.602836195065
    ));
#1273 = CARTESIAN_POINT('',(3.195485370937,1.548053730088,
    13.702836195065));
#1274 = CARTESIAN_POINT('',(3.69847851867,0.509777594047,13.802836195065
    ));
#1275 = CARTESIAN_POINT('',(3.495125122667,-0.625857399106,
    13.902836195065));
#1276 = CARTESIAN_POINT('',(3.291771726664,-1.761492392259,
    14.002836195065));
#1277 = CARTESIAN_POINT('',(2.459745872472,-2.560712273953,
    14.102836195065));
#1278 = CARTESIAN_POINT('',(1.627720018279,-3.359932155646,
    14.202836195065));
#1279 = CARTESIAN_POINT('',(0.484827302679,-3.517462095558,
    14.302836195065));
#1280 = CARTESIAN_POINT('',(-0.65806541292,-3.674992035471,
    14.402836195065));
#1281 = CARTESIAN_POINT('',(-1.675278818062,-3.1306609508,
    14.502836195065));
#1282 = CARTESIAN_POINT('',(-2.692492223205,-2.58632986613,
    14.602836195065));
#1283 = CARTESIAN_POINT('',(-3.195485370937,-1.548053730088,
    14.702836195065));
#1284 = CARTESIAN_POINT('',(-3.69847851867,-0.509777594047,
    14.802836195065));
#1285 = CARTESIAN_POINT('',(-3.495125122667,0.625857399106,
    14.902836195065));
#1286 = CARTESIAN_POINT('',(-3.291771726664,1.761492392259,
    15.002836195065));
#1287 = CARTESIAN_POINT('',(-2.459745872472,2.560712273953,
    15.102836195065));
#1288 = CARTESIAN_POINT('',(-1.627720018279,3.359932155646,
    15.202836195065));
#1289 = CARTESIAN_POINT('',(-0.484827302679,3.517462095558,
    15.302836195065));
#1290 = CARTESIAN_POINT('',(0.65806541292,3.674992035471,15.402836195065
    ));
#1291 = CARTESIAN_POINT('',(1.675278818062,3.1306609508,15.502836195065)
  );
#1292 = CARTESIAN_POINT('',(2.692492223205,2.58632986613,15.602836195065
    ));
#1293 = CARTESIAN_POINT('',(3.195485370937,1.548053730088,
    15.702836195065));
#1294 = CARTESIAN_POINT('',(3.69847851867,0.509777594047,15.802836195065
    ));
#1295 = CARTESIAN_POINT('',(3.495125122667,-0.625857399106,
    15.902836195065));
#1296 = CARTESIAN_POINT('',(3.291771726664,-1.761492392259,
    16.002836195065));
#1297 = CARTESIAN_POINT('',(2.459745872472,-2.560712273953,
    16.102836195065));
#1298 = CARTESIAN_POINT('',(-3.09614197554,3.197108377021,
    -0.897163804935));
#1299 = CARTESIAN_POINT('',(-2.057338492854,4.203105887207,
    -0.797163804935));
#1300 = CARTESIAN_POINT('',(-0.625618321216,4.406381602094,
    -0.697163804935));
#1301 = CARTESIAN_POINT('',(0.806101850423,4.609657316981,
    -0.597163804935));
#1302 = CARTESIAN_POINT('',(2.083870267828,3.93256682257,-0.497163804935
    ));
#1303 = CARTESIAN_POINT('',(3.361638685233,3.255476328158,
    -0.397163804935));
#1304 = CARTESIAN_POINT('',(3.997391242707,1.956645179854,
    -0.297163804935));
#1305 = CARTESIAN_POINT('',(4.63314380018,0.65781403155,-0.197163804935)
  );
#1306 = CARTESIAN_POINT('',(4.384044629203,-0.766648417642,
    -9.71638049353E-02));
#1307 = CARTESIAN_POINT('',(4.134945458225,-2.191110866834,
    2.836195064704E-03));
#1308 = CARTESIAN_POINT('',(3.09614197554,-3.197108377021,0.102836195065
    ));
#1309 = CARTESIAN_POINT('',(2.057338492854,-4.203105887207,
    0.202836195065));
#1310 = CARTESIAN_POINT('',(0.625618321216,-4.406381602094,
    0.302836195065));
#1311 = CARTESIAN_POINT('',(-0.806101850423,-4.609657316981,
    0.402836195065));
#1312 = CARTESIAN_POINT('',(-2.083870267828,-3.93256682257,
    0.502836195065));
#1313 = CARTESIAN_POINT('',(-3.361638685233,-3.255476328158,
    0.602836195065));
#1314 = CARTESIAN_POINT('',(-3.997391242707,-1.956645179854,
    0.702836195065));
#1315 = CARTESIAN_POINT('',(-4.63314380018,-0.65781403155,0.802836195065
    ));
#1316 = CARTESIAN_POINT('',(-4.384044629203,0.766648417642,
    0.902836195065));
#1317 = CARTESIAN_POINT('',(-4.134945458225,2.191110866834,
    1.002836195065));
#1318 = CARTESIAN_POINT('',(-3.09614197554,3.197108377021,1.102836195065
    ));
#1319 = CARTESIAN_POINT('',(-2.057338492854,4.203105887207,
    1.202836195065));
#1320 = CARTESIAN_POINT('',(-0.625618321216,4.406381602094,
    1.302836195065));
#1321 = CARTESIAN_POINT('',(0.806101850423,4.609657316981,1.402836195065
    ));
#1322 = CARTESIAN_POINT('',(2.083870267828,3.93256682257,1.502836195065)
  );
#1323 = CARTESIAN_POINT('',(3.361638685233,3.255476328158,1.602836195065
    ));
#1324 = CARTESIAN_POINT('',(3.997391242707,1.956645179854,1.702836195065
    ));
#1325 = CARTESIAN_POINT('',(4.63314380018,0.65781403155,1.802836195065)
  );
#1326 = CARTESIAN_POINT('',(4.384044629203,-0.766648417642,
    1.902836195065));
#1327 = CARTESIAN_POINT('',(4.134945458225,-2.191110866834,
    2.002836195065));
#1328 = CARTESIAN_POINT('',(3.09614197554,-3.197108377021,2.102836195065
    ));
#1329 = CARTESIAN_POINT('',(2.057338492854,-4.203105887207,
    2.202836195065));
#1330 = CARTESIAN_POINT('',(0.625618321216,-4.406381602094,
    2.302836195065));
#1331 = CARTESIAN_POINT('',(-0.806101850423,-4.609657316981,
    2.402836195065));
#1332 = CARTESIAN_POINT('',(-2.083870267828,-3.93256682257,
    2.502836195065));
#1333 = CARTESIAN_POINT('',(-3.361638685233,-3.255476328158,
    2.602836195065));
#1334 = CARTESIAN_POINT('',(-3.997391242707,-1.956645179854,
    2.702836195065));
#1335 = CARTESIAN_POINT('',(-4.63314380018,-0.65781403155,2.802836195065
    ));
#1336 = CARTESIAN_POINT('',(-4.384044629203,0.766648417642,
    2.902836195065));
#1337 = CARTESIAN_POINT('',(-4.134945458225,2.191110866834,
    3.002836195065));
#1338 = CARTESIAN_POINT('',(-3.09614197554,3.197108377021,3.102836195065
    ));
#1339 = CARTESIAN_POINT('',(-2.057338492854,4.203105887207,
    3.202836195065));
#1340 = CARTESIAN_POINT('',(-0.625618321216,4.406381602094,
    3.302836195065));
#1341 = CARTESIAN_POINT('',(0.806101850423,4.609657316981,3.402836195065
    ));
#1342 = CARTESIAN_POINT('',(2.083870267828,3.93256682257,3.502836195065)
  );
#1343 = CARTESIAN_POINT('',(3.361638685233,3.255476328158,3.602836195065
    ));
#1344 = CARTESIAN_POINT('',(3.997391242707,1.956645179854,3.702836195065
    ));
#1345 = CARTESIAN_POINT('',(4.63314380018,0.65781403155,3.802836195065)
  );
#1346 = CARTESIAN_POINT('',(4.384044629203,-0.766648417642,
    3.902836195065));
#1347 = CARTESIAN_POINT('',(4.134945458225,-2.191110866834,
    4.002836195065));
#1348 = CARTESIAN_POINT('',(3.09614197554,-3.197108377021,4.102836195065
    ));
#1349 = CARTESIAN_POINT('',(2.057338492854,-4.203105887207,
    4.202836195065));
#1350 = CARTESIAN_POINT('',(0.625618321216,-4.406381602094,
    4.302836195065));
#1351 = CARTESIAN_POINT('',(-0.806101850423,-4.609657316981,
    4.402836195065));
#1352 = CARTESIAN_POINT('',(-2.083870267828,-3.93256682257,
    4.502836195065));
#1353 = CARTESIAN_POINT('',(-3.361638685233,-3.255476328158,
    4.602836195065));
#1354 = CARTESIAN_POINT('',(-3.997391242707,-1.956645179854,
    4.702836195065));
#1355 = CARTESIAN_POINT('',(-4.63314380018,-0.65781403155,4.802836195065
    ));
#1356 = CARTESIAN_POINT('',(-4.384044629203,0.766648417642,
    4.902836195065));
#1357 = CARTESIAN_POINT('',(-4.134945458225,2.191110866834,
    5.002836195065));
#1358 = CARTESIAN_POINT('',(-3.09614197554,3.197108377021,5.102836195065
    ));
#1359 = CARTESIAN_POINT('',(-2.057338492854,4.203105887207,
    5.202836195065));
#1360 = CARTESIAN_POINT('',(-0.625618321216,4.406381602094,
    5.302836195065));
#1361 = CARTESIAN_POINT('',(0.806101850423,4.609657316981,5.402836195065
    ));
#1362 = CARTESIAN_POINT('',(2.083870267828,3.93256682257,5.502836195065)
  );
#1363 = CARTESIAN_POINT('',(3.361638685233,3.255476328158,5.602836195065
    ));
#1364 = CARTESIAN_POINT('',(3.997391242707,1.956645179854,5.702836195065
    ));
#1365 = CARTESIAN_POINT('',(4.63314380018,0.65781403155,5.802836195065)
  );
#1366 = CARTESIAN_POINT('',(4.384044629203,-0.766648417642,
    5.902836195065));
#1367 = CARTESIAN_POINT('',(4.134945458225,-2.191110866834,
    6.002836195065));
#1368 = CARTESIAN_POINT('',(3.09614197554,-3.197108377021,6.102836195065
    ));
#1369 = CARTESIAN_POINT('',(2.057338492854,-4.203105887207,
    6.202836195065));
#1370 = CARTESIAN_POINT('',(0.625618321216,-4.406381602094,
    6.302836195065));
#1371 = CARTESIAN_POINT('',(-0.806101850423,-4.609657316981,
    6.402836195065));
#1372 = CARTESIAN_POINT('',(-2.083870267828,-3.93256682257,
    6.502836195065));
#1373 = CARTESIAN_POINT('',(-3.361638685233,-3.255476328158,
    6.602836195065));
#1374 = CARTESIAN_POINT('',(-3.997391242707,-1.956645179854,
    6.702836195065));
#1375 = CARTESIAN_POINT('',(-4.63314380018,-0.65781403155,6.802836195065
    ));
#1376 = CARTESIAN_POINT('',(-4.384044629203,0.766648417642,
    6.902836195065));
#1377 = CARTESIAN_POINT('',(-4.134945458225,2.191110866834,
    7.002836195065));
#1378 = CARTESIAN_POINT('',(-3.09614197554,3.197108377021,7.102836195065
    ));
#1379 = CARTESIAN_POINT('',(-2.057338492854,4.203105887207,
    7.202836195065));
#1380 = CARTESIAN_POINT('',(-0.625618321216,4.406381602094,
    7.302836195065));
#1381 = CARTESIAN_POINT('',(0.806101850423,4.609657316981,7.402836195065
    ));
#1382 = CARTESIAN_POINT('',(2.083870267828,3.93256682257,7.502836195065)
  );
#1383 = CARTESIAN_POINT('',(3.361638685233,3.255476328158,7.602836195065
    ));
#1384 = CARTESIAN_POINT('',(3.997391242707,1.956645179854,7.702836195065
    ));
#1385 = CARTESIAN_POINT('',(4.63314380018,0.65781403155,7.802836195065)
  );
#1386 = CARTESIAN_POINT('',(4.384044629203,-0.766648417642,
    7.902836195065));
#1387 = CARTESIAN_POINT('',(4.134945458225,-2.191110866834,
    8.002836195065));
#1388 = CARTESIAN_POINT('',(3.09614197554,-3.197108377021,8.102836195065
    ));
#1389 = CARTESIAN_POINT('',(2.057338492854,-4.203105887207,
    8.202836195065));
#1390 = CARTESIAN_POINT('',(0.625618321216,-4.406381602094,
    8.302836195065));
#1391 = CARTESIAN_POINT('',(-0.806101850423,-4.609657316981,
    8.402836195065));
#1392 = CARTESIAN_POINT('',(-2.083870267828,-3.93256682257,
    8.502836195065));
#1393 = CARTESIAN_POINT('',(-3.361638685233,-3.255476328158,
    8.602836195065));
#1394 = CARTESIAN_POINT('',(-3.997391242707,-1.956645179854,
    8.702836195065));
#1395 = CARTESIAN_POINT('',(-4.63314380018,-0.65781403155,8.802836195065
    ));
#1396 = CARTESIAN_POINT('',(-4.384044629203,0.766648417642,
    8.902836195065));
#1397 = CARTESIAN_POINT('',(-4.134945458225,2.191110866834,
    9.002836195065));
#1398 = CARTESIAN_POINT('',(-3.09614197554,3.197108377021,9.102836195065
    ));
#1399 = CARTESIAN_POINT('',(-2.057338492854,4.203105887207,
    9.202836195065));
#1400 = CARTESIAN_POINT('',(-0.625618321216,4.406381602094,
    9.302836195065));
#1401 = CARTESIAN_POINT('',(0.806101850423,4.609657316981,9.402836195065
    ));
#1402 = CARTESIAN_POINT('',(2.083870267828,3.93256682257,9.502836195065)
  );
#1403 = CARTESIAN_POINT('',(3.361638685233,3.255476328158,9.602836195065
    ));
#1404 = CARTESIAN_POINT('',(3.997391242707,1.956645179854,9.702836195065
    ));
#1405 = CARTESIAN_POINT('',(4.63314380018,0.65781403155,9.802836195065)
  );
#1406 = CARTESIAN_POINT('',(4.384044629203,-0.766648417642,
    9.902836195065));
#1407 = CARTESIAN_POINT('',(4.134945458225,-2.191110866834,
    10.002836195065));
#1408 = CARTESIAN_POINT('',(3.09614197554,-3.197108377021,
    10.102836195065));
#1409 = CARTESIAN_POINT('',(2.057338492854,-4.203105887207,
    10.202836195065));
#1410 = CARTESIAN_POINT('',(0.625618321216,-4.406381602094,
    10.302836195065));
#1411 = CARTESIAN_POINT('',(-0.806101850423,-4.609657316981,
    10.402836195065));
#1412 = CARTESIAN_POINT('',(-2.083870267828,-3.93256682257,
    10.502836195065));
#1413 = CARTESIAN_POINT('',(-3.361638685233,-3.255476328158,
    10.602836195065));
#1414 = CARTESIAN_POINT('',(-3.997391242707,-1.956645179854,
    10.702836195065));
#1415 = CARTESIAN_POINT('',(-4.63314380018,-0.65781403155,
    10.802836195065));
#1416 = CARTESIAN_POINT('',(-4.384044629203,0.766648417642,
    10.902836195065));
#1417 = CARTESIAN_POINT('',(-4.134945458225,2.191110866834,
    11.002836195065));
#1418 = CARTESIAN_POINT('',(-3.09614197554,3.197108377021,
    11.102836195065));
#1419 = CARTESIAN_POINT('',(-2.057338492854,4.203105887207,
    11.202836195065));
#1420 = CARTESIAN_POINT('',(-0.625618321216,4.406381602094,
    11.302836195065));
#1421 = CARTESIAN_POINT('',(0.806101850423,4.609657316981,
    11.402836195065));
#1422 = CARTESIAN_POINT('',(2.083870267828,3.93256682257,11.502836195065
    ));
#1423 = CARTESIAN_POINT('',(3.361638685233,3.255476328158,
    11.602836195065));
#1424 = CARTESIAN_POINT('',(3.997391242707,1.956645179854,
    11.702836195065));
#1425 = CARTESIAN_POINT('',(4.63314380018,0.65781403155,11.802836195065)
  );
#1426 = CARTESIAN_POINT('',(4.384044629203,-0.766648417642,
    11.902836195065));
#1427 = CARTESIAN_POINT('',(4.134945458225,-2.191110866834,
    12.002836195065));
#1428 = CARTESIAN_POINT('',(3.09614197554,-3.197108377021,
    12.102836195065));
#1429 = CARTESIAN_POINT('',(2.057338492854,-4.203105887207,
    12.202836195065));
#1430 = CARTESIAN_POINT('',(0.625618321216,-4.406381602094,
    12.302836195065));
#1431 = CARTESIAN_POINT('',(-0.806101850423,-4.609657316981,
    12.402836195065));
#1432 = CARTESIAN_POINT('',(-2.083870267828,-3.93256682257,
    12.502836195065));
#1433 = CARTESIAN_POINT('',(-3.361638685233,-3.255476328158,
    12.602836195065));
#1434 = CARTESIAN_POINT('',(-3.997391242707,-1.956645179854,
    12.702836195065));
#1435 = CARTESIAN_POINT('',(-4.63314380018,-0.65781403155,
    12.802836195065));
#1436 = CARTESIAN_POINT('',(-4.384044629203,0.766648417642,
    12.902836195065));
#1437 = CARTESIAN_POINT('',(-4.134945458225,2.191110866834,
    13.002836195065));
#1438 = CARTESIAN_POINT('',(-3.09614197554,3.197108377021,
    13.102836195065));
#1439 = CARTESIAN_POINT('',(-2.057338492854,4.203105887207,
    13.202836195065));
#1440 = CARTESIAN_POINT('',(-0.625618321216,4.406381602094,
    13.302836195065));
#1441 = CARTESIAN_POINT('',(0.806101850423,4.609657316981,
    13.402836195065));
#1442 = CARTESIAN_POINT('',(2.083870267828,3.93256682257,13.502836195065
    ));
#1443 = CARTESIAN_POINT('',(3.361638685233,3.255476328158,
    13.602836195065));
#1444 = CARTESIAN_POINT('',(3.997391242707,1.956645179854,
    13.702836195065));
#1445 = CARTESIAN_POINT('',(4.63314380018,0.65781403155,13.802836195065)
  );
#1446 = CARTESIAN_POINT('',(4.384044629203,-0.766648417642,
    13.902836195065));
#1447 = CARTESIAN_POINT('',(4.134945458225,-2.191110866834,
    14.002836195065));
#1448 = CARTESIAN_POINT('',(3.09614197554,-3.197108377021,
    14.102836195065));
#1449 = CARTESIAN_POINT('',(2.057338492854,-4.203105887207,
    14.202836195065));
#1450 = CARTESIAN_POINT('',(0.625618321216,-4.406381602094,
    14.302836195065));
#1451 = CARTESIAN_POINT('',(-0.806101850423,-4.609657316981,
    14.402836195065));
#1452 = CARTESIAN_POINT('',(-2.083870267828,-3.93256682257,
    14.502836195065));
#1453 = CARTESIAN_POINT('',(-3.361638685233,-3.255476328158,
    14.602836195065));
#1454 = CARTESIAN_POINT('',(-3.997391242707,-1.956645179854,
    14.702836195065));
#1455 = CARTESIAN_POINT('',(-4.63314380018,-0.65781403155,
    14.802836195065));
#1456 = CARTESIAN_POINT('',(-4.384044629203,0.766648417642,
    14.902836195065));
#1457 = CARTESIAN_POINT('',(-4.134945458225,2.191110866834,
    15.002836195065));
#1458 = CARTESIAN_POINT('',(-3.09614197554,3.197108377021,
    15.102836195065));
#1459 = CARTESIAN_POINT('',(-2.057338492854,4.203105887207,
    15.202836195065));
#1460 = CARTESIAN_POINT('',(-0.625618321216,4.406381602094,
    15.302836195065));
#1461 = CARTESIAN_POINT('',(0.806101850423,4.609657316981,
    15.402836195065));
#1462 = CARTESIAN_POINT('',(2.083870267828,3.93256682257,15.502836195065
    ));
#1463 = CARTESIAN_POINT('',(3.361638685233,3.255476328158,
    15.602836195065));
#1464 = CARTESIAN_POINT('',(3.997391242707,1.956645179854,
    15.702836195065));
#1465 = CARTESIAN_POINT('',(4.63314380018,0.65781403155,15.802836195065)
  );
#1466 = CARTESIAN_POINT('',(4.384044629203,-0.766648417642,
    15.902836195065));
#1467 = CARTESIAN_POINT('',(4.134945458225,-2.191110866834,
    16.002836195065));
#1468 = CARTESIAN_POINT('',(3.09614197554,-3.197108377021,
    16.102836195065));
#1469 = CARTESIAN_POINT('',(-3.14662517628,3.14662517628,-6.E-17));
#1470 = CARTESIAN_POINT('',(-2.124224679844,4.169025672716,0.1));
#1471 = CARTESIAN_POINT('',(-0.696133369429,4.395213115648,0.2));
#1472 = CARTESIAN_POINT('',(0.731957940986,4.621400558581,0.3));
#1473 = CARTESIAN_POINT('',(2.020257723841,3.964979032638,0.4));
#1474 = CARTESIAN_POINT('',(3.308557506696,3.308557506696,0.5));
#1475 = CARTESIAN_POINT('',(3.964979032638,2.020257723841,0.6));
#1476 = CARTESIAN_POINT('',(4.621400558581,0.731957940986,0.7));
#1477 = CARTESIAN_POINT('',(4.395213115648,-0.696133369429,0.8));
#1478 = CARTESIAN_POINT('',(4.169025672716,-2.124224679844,0.9));
#1479 = CARTESIAN_POINT('',(3.14662517628,-3.14662517628,1.));
#1480 = CARTESIAN_POINT('',(2.124224679844,-4.169025672716,1.1));
#1481 = CARTESIAN_POINT('',(0.696133369429,-4.395213115648,1.2));
#1482 = CARTESIAN_POINT('',(-0.731957940986,-4.621400558581,1.3));
#1483 = CARTESIAN_POINT('',(-2.020257723841,-3.964979032638,1.4));
#1484 = CARTESIAN_POINT('',(-3.308557506696,-3.308557506696,1.5));
#1485 = CARTESIAN_POINT('',(-3.964979032638,-2.020257723841,1.6));
#1486 = CARTESIAN_POINT('',(-4.621400558581,-0.731957940986,1.7));
#1487 = CARTESIAN_POINT('',(-4.395213115648,0.696133369429,1.8));
#1488 = CARTESIAN_POINT('',(-4.169025672716,2.124224679844,1.9));
#1489 = CARTESIAN_POINT('',(-3.14662517628,3.14662517628,2.));
#1490 = CARTESIAN_POINT('',(-2.124224679844,4.169025672716,2.1));
#1491 = CARTESIAN_POINT('',(-0.696133369429,4.395213115648,2.2));
#1492 = CARTESIAN_POINT('',(0.731957940986,4.621400558581,2.3));
#1493 = CARTESIAN_POINT('',(2.020257723841,3.964979032638,2.4));
#1494 = CARTESIAN_POINT('',(3.308557506696,3.308557506696,2.5));
#1495 = CARTESIAN_POINT('',(3.964979032638,2.020257723841,2.6));
#1496 = CARTESIAN_POINT('',(4.621400558581,0.731957940986,2.7));
#1497 = CARTESIAN_POINT('',(4.395213115648,-0.696133369429,2.8));
#1498 = CARTESIAN_POINT('',(4.169025672716,-2.124224679844,2.9));
#1499 = CARTESIAN_POINT('',(3.14662517628,-3.14662517628,3.));
#1500 = CARTESIAN_POINT('',(2.124224679844,-4.169025672716,3.1));
#1501 = CARTESIAN_POINT('',(0.696133369429,-4.395213115648,3.2));
#1502 = CARTESIAN_POINT('',(-0.731957940986,-4.621400558581,3.3));
#1503 = CARTESIAN_POINT('',(-2.020257723841,-3.964979032638,3.4));
#1504 = CARTESIAN_POINT('',(-3.308557506696,-3.308557506696,3.5));
#1505 = CARTESIAN_POINT('',(-3.964979032638,-2.020257723841,3.6));
#1506 = CARTESIAN_POINT('',(-4.621400558581,-0.731957940986,3.7));
#1507 = CARTESIAN_POINT('',(-4.395213115648,0.696133369429,3.8));
#1508 = CARTESIAN_POINT('',(-4.169025672716,2.124224679844,3.9));
#1509 = CARTESIAN_POINT('',(-3.14662517628,3.14662517628,4.));
#1510 = CARTESIAN_POINT('',(-2.124224679844,4.169025672716,4.1));
#1511 = CARTESIAN_POINT('',(-0.696133369429,4.395213115648,4.2));
#1512 = CARTESIAN_POINT('',(0.731957940986,4.621400558581,4.3));
#1513 = CARTESIAN_POINT('',(2.020257723841,3.964979032638,4.4));
#1514 = CARTESIAN_POINT('',(3.308557506696,3.308557506696,4.5));
#1515 = CARTESIAN_POINT('',(3.964979032638,2.020257723841,4.6));
#1516 = CARTESIAN_POINT('',(4.621400558581,0.731957940986,4.7));
#1517 = CARTESIAN_POINT('',(4.395213115648,-0.696133369429,4.8));
#1518 = CARTESIAN_POINT('',(4.169025672716,-2.124224679844,4.9));
#1519 = CARTESIAN_POINT('',(3.14662517628,-3.14662517628,5.));
#1520 = CARTESIAN_POINT('',(2.124224679844,-4.169025672716,5.1));
#1521 = CARTESIAN_POINT('',(0.696133369429,-4.395213115648,5.2));
#1522 = CARTESIAN_POINT('',(-0.731957940986,-4.621400558581,5.3));
#1523 = CARTESIAN_POINT('',(-2.020257723841,-3.964979032638,5.4));
#1524 = CARTESIAN_POINT('',(-3.308557506696,-3.308557506696,5.5));
#1525 = CARTESIAN_POINT('',(-3.964979032638,-2.020257723841,5.6));
#1526 = CARTESIAN_POINT('',(-4.621400558581,-0.731957940986,5.7));
#1527 = CARTESIAN_POINT('',(-4.395213115648,0.696133369429,5.8));
#1528 = CARTESIAN_POINT('',(-4.169025672716,2.124224679844,5.9));
#1529 = CARTESIAN_POINT('',(-3.14662517628,3.14662517628,6.));
#1530 = CARTESIAN_POINT('',(-2.124224679844,4.169025672716,6.1));
#1531 = CARTESIAN_POINT('',(-0.696133369429,4.395213115648,6.2));
#1532 = CARTESIAN_POINT('',(0.731957940986,4.621400558581,6.3));
#1533 = CARTESIAN_POINT('',(2.020257723841,3.964979032638,6.4));
#1534 = CARTESIAN_POINT('',(3.308557506696,3.308557506696,6.5));
#1535 = CARTESIAN_POINT('',(3.964979032638,2.020257723841,6.6));
#1536 = CARTESIAN_POINT('',(4.621400558581,0.731957940986,6.7));
#1537 = CARTESIAN_POINT('',(4.395213115648,-0.696133369429,6.8));
#1538 = CARTESIAN_POINT('',(4.169025672716,-2.124224679844,6.9));
#1539 = CARTESIAN_POINT('',(3.14662517628,-3.14662517628,7.));
#1540 = CARTESIAN_POINT('',(2.124224679844,-4.169025672716,7.1));
#1541 = CARTESIAN_POINT('',(0.696133369429,-4.395213115648,7.2));
#1542 = CARTESIAN_POINT('',(-0.731957940986,-4.621400558581,7.3));
#1543 = CARTESIAN_POINT('',(-2.020257723841,-3.964979032638,7.4));
#1544 = CARTESIAN_POINT('',(-3.308557506696,-3.308557506696,7.5));
#1545 = CARTESIAN_POINT('',(-3.964979032638,-2.020257723841,7.6));
#1546 = CARTESIAN_POINT('',(-4.621400558581,-0.731957940986,7.7));
#1547 = CARTESIAN_POINT('',(-4.395213115648,0.696133369429,7.8));
#1548 = CARTESIAN_POINT('',(-4.169025672716,2.124224679844,7.9));
#1549 = CARTESIAN_POINT('',(-3.14662517628,3.14662517628,8.));
#1550 = CARTESIAN_POINT('',(-2.124224679844,4.169025672716,8.1));
#1551 = CARTESIAN_POINT('',(-0.696133369429,4.395213115648,8.2));
#1552 = CARTESIAN_POINT('',(0.731957940986,4.621400558581,8.3));
#1553 = CARTESIAN_POINT('',(2.020257723841,3.964979032638,8.4));
#1554 = CARTESIAN_POINT('',(3.308557506696,3.308557506696,8.5));
#1555 = CARTESIAN_POINT('',(3.964979032638,2.020257723841,8.6));
#1556 = CARTESIAN_POINT('',(4.621400558581,0.731957940986,8.7));
#1557 = CARTESIAN_POINT('',(4.395213115648,-0.696133369429,8.8));
#1558 = CARTESIAN_POINT('',(4.169025672716,-2.124224679844,8.9));
#1559 = CARTESIAN_POINT('',(3.14662517628,-3.14662517628,9.));
#1560 = CARTESIAN_POINT('',(2.124224679844,-4.169025672716,9.1));
#1561 = CARTESIAN_POINT('',(0.696133369429,-4.395213115648,9.2));
#1562 = CARTESIAN_POINT('',(-0.731957940986,-4.621400558581,9.3));
#1563 = CARTESIAN_POINT('',(-2.020257723841,-3.964979032638,9.4));
#1564 = CARTESIAN_POINT('',(-3.308557506696,-3.308557506696,9.5));
#1565 = CARTESIAN_POINT('',(-3.964979032638,-2.020257723841,9.6));
#1566 = CARTESIAN_POINT('',(-4.621400558581,-0.731957940986,9.7));
#1567 = CARTESIAN_POINT('',(-4.395213115648,0.696133369429,9.8));
#1568 = CARTESIAN_POINT('',(-4.169025672716,2.124224679844,9.9));
#1569 = CARTESIAN_POINT('',(-3.14662517628,3.14662517628,10.));
#1570 = CARTESIAN_POINT('',(-2.124224679844,4.169025672716,10.1));
#1571 = CARTESIAN_POINT('',(-0.696133369429,4.395213115648,10.2));
#1572 = CARTESIAN_POINT('',(0.731957940986,4.621400558581,10.3));
#1573 = CARTESIAN_POINT('',(2.020257723841,3.964979032638,10.4));
#1574 = CARTESIAN_POINT('',(3.308557506696,3.308557506696,10.5));
#1575 = CARTESIAN_POINT('',(3.964979032638,2.020257723841,10.6));
#1576 = CARTESIAN_POINT('',(4.621400558581,0.731957940986,10.7));
#1577 = CARTESIAN_POINT('',(4.395213115648,-0.696133369429,10.8));
#1578 = CARTESIAN_POINT('',(4.169025672716,-2.124224679844,10.9));
#1579 = CARTESIAN_POINT('',(3.14662517628,-3.14662517628,11.));
#1580 = CARTESIAN_POINT('',(2.124224679844,-4.169025672716,11.1));
#1581 = CARTESIAN_POINT('',(0.696133369429,-4.395213115648,11.2));
#1582 = CARTESIAN_POINT('',(-0.731957940986,-4.621400558581,11.3));
#1583 = CARTESIAN_POINT('',(-2.020257723841,-3.964979032638,11.4));
#1584 = CARTESIAN_POINT('',(-3.308557506696,-3.308557506696,11.5));
#1585 = CARTESIAN_POINT('',(-3.964979032638,-2.020257723841,11.6));
#1586 = CARTESIAN_POINT('',(-4.621400558581,-0.731957940986,11.7));
#1587 = CARTESIAN_POINT('',(-4.395213115648,0.696133369429,11.8));
#1588 = CARTESIAN_POINT('',(-4.169025672716,2.124224679844,11.9));
#1589 = CARTESIAN_POINT('',(-3.14662517628,3.14662517628,12.));
#1590 = CARTESIAN_POINT('',(-2.124224679844,4.169025672716,12.1));
#1591 = CARTESIAN_POINT('',(-0.696133369429,4.395213115648,12.2));
#1592 = CARTESIAN_POINT('',(0.731957940986,4.621400558581,12.3));
#1593 = CARTESIAN_POINT('',(2.020257723841,3.964979032638,12.4));
#1594 = CARTESIAN_POINT('',(3.308557506696,3.308557506696,12.5));
#1595 = CARTESIAN_POINT('',(3.964979032638,2.020257723841,12.6));
#1596 = CARTESIAN_POINT('',(4.621400558581,0.731957940986,12.7));
#1597 = CARTESIAN_POINT('',(4.395213115648,-0.696133369429,12.8));
#1598 = CARTESIAN_POINT('',(4.169025672716,-2.124224679844,12.9));
#1599 = CARTESIAN_POINT('',(3.14662517628,-3.14662517628,13.));
#1600 = CARTESIAN_POINT('',(2.124224679844,-4.169025672716,13.1));
#1601 = CARTESIAN_POINT('',(0.696133369429,-4.395213115648,13.2));
#1602 = CARTESIAN_POINT('',(-0.731957940986,-4.621400558581,13.3));
#1603 = CARTESIAN_POINT('',(-2.020257723841,-3.964979032638,13.4));
#1604 = CARTESIAN_POINT('',(-3.308557506696,-3.308557506696,13.5));
#1605 = CARTESIAN_POINT('',(-3.964979032638,-2.020257723841,13.6));
#1606 = CARTESIAN_POINT('',(-4.621400558581,-0.731957940986,13.7));
#1607 = CARTESIAN_POINT('',(-4.395213115648,0.696133369429,13.8));
#1608 = CARTESIAN_POINT('',(-4.169025672716,2.124224679844,13.9));
#1609 = CARTESIAN_POINT('',(-3.14662517628,3.14662517628,14.));
#1610 = CARTESIAN_POINT('',(-2.124224679844,4.169025672716,14.1));
#1611 = CARTESIAN_POINT('',(-0.696133369429,4.395213115648,14.2));
#1612 = CARTESIAN_POINT('',(0.731957940986,4.621400558581,14.3));
#1613 = CARTESIAN_POINT('',(2.020257723841,3.964979032638,14.4));
#1614 = CARTESIAN_POINT('',(3.308557506696,3.308557506696,14.5));
#1615 = CARTESIAN_POINT('',(3.964979032638,2.020257723841,14.6));
#1616 = CARTESIAN_POINT('',(4.621400558581,0.731957940986,14.7));
#1617 = CARTESIAN_POINT('',(4.395213115648,-0.696133369429,14.8));
#1618 = CARTESIAN_POINT('',(4.169025672716,-2.124224679844,14.9));
#1619 = CARTESIAN_POINT('',(3.14662517628,-3.14662517628,15.));
#1620 = CARTESIAN_POINT('',(2.124224679844,-4.169025672716,15.1));
#1621 = CARTESIAN_POINT('',(0.696133369429,-4.395213115648,15.2));
#1622 = CARTESIAN_POINT('',(-0.731957940986,-4.621400558581,15.3));
#1623 = CARTESIAN_POINT('',(-2.020257723841,-3.964979032638,15.4));
#1624 = CARTESIAN_POINT('',(-3.308557506696,-3.308557506696,15.5));
#1625 = CARTESIAN_POINT('',(-3.964979032638,-2.020257723841,15.6));
#1626 = CARTESIAN_POINT('',(-4.621400558581,-0.731957940986,15.7));
#1627 = CARTESIAN_POINT('',(-4.395213115648,0.696133369429,15.8));
#1628 = CARTESIAN_POINT('',(-4.169025672716,2.124224679844,15.9));
#1629 = CARTESIAN_POINT('',(-3.14662517628,3.14662517628,16.));
#1630 = CARTESIAN_POINT('',(-2.124224679844,4.169025672716,16.1));
#1631 = CARTESIAN_POINT('',(-0.696133369429,4.395213115648,16.2));
#1632 = CARTESIAN_POINT('',(0.731957940986,4.621400558581,16.3));
#1633 = CARTESIAN_POINT('',(2.020257723841,3.964979032638,16.4));
#1634 = CARTESIAN_POINT('',(3.308557506696,3.308557506696,16.5));
#1635 = CARTESIAN_POINT('',(3.964979032638,2.020257723841,16.6));
#1636 = CARTESIAN_POINT('',(4.621400558581,0.731957940986,16.7));
#1637 = CARTESIAN_POINT('',(4.395213115648,-0.696133369429,16.8));
#1638 = CARTESIAN_POINT('',(4.169025672716,-2.124224679844,16.9));
#1639 = CARTESIAN_POINT('',(3.14662517628,-3.14662517628,17.));
#1640 = ADVANCED_FACE('',(#1641),#1701,.T.);
#1641 = FACE_BOUND('',#1642,.T.);
#1642 = EDGE_LOOP('',(#1643,#1644,#1693,#1694));
#1643 = ORIENTED_EDGE('',*,*,#32,.F.);
#1644 = ORIENTED_EDGE('',*,*,#1645,.T.);
#1645 = EDGE_CURVE('',#24,#22,#1646,.T.);
#1646 = B_SPLINE_CURVE_WITH_KNOTS('',3,(#1647,#1648,#1649,#1650,#1651,
    #1652,#1653,#1654,#1655,#1656,#1657,#1658,#1659,#1660,#1661,#1662,
    #1663,#1664,#1665,#1666,#1667,#1668,#1669,#1670,#1671,#1672,#1673,
    #1674,#1675,#1676,#1677,#1678,#1679,#1680,#1681,#1682,#1683,#1684,
    #1685,#1686,#1687,#1688,#1689,#1690,#1691,#1692),.UNSPECIFIED.,.F.,
  .F.,(4,2,2,2,2,2,2,2,2,2,2,2,2,2,2,2,2,2,2,2,2,2,4),(0.,
    7.173902192691E-04,1.434780438538E-03,2.152170657807E-03,
    2.869560877076E-03,3.586951096345E-03,4.304341315614E-03,
    4.663036425249E-03,5.021731534884E-03,5.111405312292E-03,
    5.201079089701E-03,5.245915978405E-03,5.290752867109E-03,
    5.380426644518E-03,5.559774199335E-03,5.739121754153E-03,
    6.456511973422E-03,7.173902192691E-03,8.608682631229E-03,
    9.326072850498E-03,1.004346306977E-02,1.076085328904E-02,
    1.147824350831E-02),.UNSPECIFIED.);
#1647 = CARTESIAN_POINT('',(-2.510229073212,2.510229073212,1.E-17));
#1648 = CARTESIAN_POINT('',(-2.339916193986,2.680541952438,-1.E-17));
#1649 = CARTESIAN_POINT('',(-2.15539002088,2.832748293869,-1.528E-14));
#1650 = CARTESIAN_POINT('',(-1.758606255313,3.101833487065,-1.528E-14));
#1651 = CARTESIAN_POINT('',(-1.546937655743,3.217740606027,-4.865E-14));
#1652 = CARTESIAN_POINT('',(-1.11093122601,3.406408974353,-4.865E-14));
#1653 = CARTESIAN_POINT('',(-0.884871880769,3.480420697207,-1.E-17));
#1654 = CARTESIAN_POINT('',(-0.416131906608,3.586515154825,-1.E-17));
#1655 = CARTESIAN_POINT('',(-0.178671128758,3.617445437047,2.0368E-13));
#1656 = CARTESIAN_POINT('',(0.296397872166,3.638230060355,2.0368E-13));
#1657 = CARTESIAN_POINT('',(0.53600266559,3.627933190516,3.E-16));
#1658 = CARTESIAN_POINT('',(1.012499295876,3.567821472791,3.E-16));
#1659 = CARTESIAN_POINT('',(1.246492470848,3.518310397012,6.74224E-12));
#1660 = CARTESIAN_POINT('',(1.592322022938,3.420450433195,6.74224E-12));
#1661 = CARTESIAN_POINT('',(1.706744394075,3.383666222497,4.62745E-12));
#1662 = CARTESIAN_POINT('',(1.934311998741,3.306257641553,4.62745E-12));
#1663 = CARTESIAN_POINT('',(2.047097305469,3.26433415144,3.12381E-12));
#1664 = CARTESIAN_POINT('',(2.191256463944,3.222174288119,3.12381E-12));
#1665 = CARTESIAN_POINT('',(2.220273356328,3.214338960346,-4.E-17));
#1666 = CARTESIAN_POINT('',(2.279524083431,3.202591787599,-4.E-17));
#1667 = CARTESIAN_POINT('',(2.31085619497,3.197038953201,1.27183E-12));
#1668 = CARTESIAN_POINT('',(2.355523603643,3.206288300717,1.27183E-12));
#1669 = CARTESIAN_POINT('',(2.370700056059,3.214728978031,5.657E-14));
#1670 = CARTESIAN_POINT('',(2.382049597277,3.243190095337,5.657E-14));
#1671 = CARTESIAN_POINT('',(2.37953559173,3.259440830806,4.94941E-12));
#1672 = CARTESIAN_POINT('',(2.366884407595,3.303361431578,4.94941E-12));
#1673 = CARTESIAN_POINT('',(2.351072325961,3.329770213775,7.E-17));
#1674 = CARTESIAN_POINT('',(2.300707276938,3.405185764888,7.E-17));
#1675 = CARTESIAN_POINT('',(2.260281852836,3.450684469773,8.5E-16));
#1676 = CARTESIAN_POINT('',(2.176408003483,3.536424320862,8.5E-16));
#1677 = CARTESIAN_POINT('',(2.132103735413,3.576767429435,1.E-16));
#1678 = CARTESIAN_POINT('',(1.902451636906,3.769804494238,1.E-16));
#1679 = CARTESIAN_POINT('',(1.696360530299,3.896069311706,-2.1E-16));
#1680 = CARTESIAN_POINT('',(1.267452332028,4.106044678979,-2.1E-16));
#1681 = CARTESIAN_POINT('',(1.039951703497,4.189683020219,7.61E-15));
#1682 = CARTESIAN_POINT('',(0.348289987049,4.372565195046,7.61E-15));
#1683 = CARTESIAN_POINT('',(-0.138167866164,4.407084672864,1.8E-16));
#1684 = CARTESIAN_POINT('',(-0.847159797464,4.33349031695,1.8E-16));
#1685 = CARTESIAN_POINT('',(-1.08335419177,4.288228920061,-5.8E-16));
#1686 = CARTESIAN_POINT('',(-1.544148839019,4.158036578966,-5.8E-16));
#1687 = CARTESIAN_POINT('',(-1.766349355774,4.074053217745,-5.64E-15));
#1688 = CARTESIAN_POINT('',(-2.194830529161,3.869403743306,-5.64E-15));
#1689 = CARTESIAN_POINT('',(-2.402514593513,3.747680199961,-1.74E-15));
#1690 = CARTESIAN_POINT('',(-2.793724704224,3.470864053773,-1.74E-15));
#1691 = CARTESIAN_POINT('',(-2.976578678604,3.316671673956,-1.3E-16));
#1692 = CARTESIAN_POINT('',(-3.14662517628,3.14662517628,-3.E-17));
#1693 = ORIENTED_EDGE('',*,*,#269,.T.);
#1694 = ORIENTED_EDGE('',*,*,#1695,.T.);
#1695 = EDGE_CURVE('',#261,#33,#1696,.T.);
#1696 = ( BOUNDED_CURVE() B_SPLINE_CURVE(3,(#1697,#1698,#1699,#1700),
.UNSPECIFIED.,.F.,.F.) B_SPLINE_CURVE_WITH_KNOTS((4,4),(
-1.415164407712E-03,-9.E-17),.PIECEWISE_BEZIER_KNOTS.) CURVE() 
GEOMETRIC_REPRESENTATION_ITEM() RATIONAL_B_SPLINE_CURVE((1.000000000001,
0.333333333334,0.333333333334,1.000000000001)) REPRESENTATION_ITEM('') 
  );
#1697 = CARTESIAN_POINT('',(3.14662517628,-3.14662517628,17.));
#1698 = CARTESIAN_POINT('',(3.096141975523,-3.197108377037,
    16.102836195067));
#1699 = CARTESIAN_POINT('',(2.459745872458,-2.560712273966,
    16.102836195066));
#1700 = CARTESIAN_POINT('',(2.510229073212,-2.510229073212,17.));
#1701 = ( BOUNDED_SURFACE() B_SPLINE_SURFACE(3,2,(
    (#1702,#1703,#1704,#1705,#1706,#1707,#1708,#1709,#1710,#1711,#1712
      ,#1713,#1714,#1715,#1716,#1717,#1718,#1719,#1720,#1721,#1722,#1723
      ,#1724,#1725,#1726,#1727,#1728,#1729,#1730,#1731,#1732,#1733,#1734
      ,#1735,#1736,#1737,#1738,#1739,#1740,#1741,#1742,#1743,#1744,#1745
      ,#1746,#1747,#1748,#1749,#1750,#1751,#1752,#1753,#1754,#1755,#1756
      ,#1757,#1758,#1759,#1760,#1761,#1762,#1763,#1764,#1765,#1766,#1767
      ,#1768,#1769,#1770,#1771,#1772,#1773,#1774,#1775,#1776,#1777,#1778
      ,#1779,#1780,#1781,#1782,#1783,#1784,#1785,#1786,#1787,#1788,#1789
      ,#1790,#1791,#1792,#1793,#1794,#1795,#1796,#1797,#1798,#1799,#1800
      ,#1801,#1802,#1803,#1804,#1805,#1806,#1807,#1808,#1809,#1810,#1811
      ,#1812,#1813,#1814,#1815,#1816,#1817,#1818,#1819,#1820,#1821,#1822
      ,#1823,#1824,#1825,#1826,#1827,#1828,#1829,#1830,#1831,#1832,#1833
      ,#1834,#1835,#1836,#1837,#1838,#1839,#1840,#1841,#1842,#1843,#1844
      ,#1845,#1846,#1847,#1848,#1849,#1850,#1851,#1852,#1853,#1854,#1855
      ,#1856,#1857,#1858,#1859,#1860,#1861,#1862,#1863,#1864,#1865,#1866
      ,#1867,#1868,#1869,#1870,#1871,#1872)
    ,(#1873,#1874,#1875,#1876,#1877,#1878,#1879,#1880,#1881,#1882,#1883
      ,#1884,#1885,#1886,#1887,#1888,#1889,#1890,#1891,#1892,#1893,#1894
      ,#1895,#1896,#1897,#1898,#1899,#1900,#1901,#1902,#1903,#1904,#1905
      ,#1906,#1907,#1908,#1909,#1910,#1911,#1912,#1913,#1914,#1915,#1916
      ,#1917,#1918,#1919,#1920,#1921,#1922,#1923,#1924,#1925,#1926,#1927
      ,#1928,#1929,#1930,#1931,#1932,#1933,#1934,#1935,#1936,#1937,#1938
      ,#1939,#1940,#1941,#1942,#1943,#1944,#1945,#1946,#1947,#1948,#1949
      ,#1950,#1951,#1952,#1953,#1954,#1955,#1956,#1957,#1958,#1959,#1960
      ,#1961,#1962,#1963,#1964,#1965,#1966,#1967,#1968,#1969,#1970,#1971
      ,#1972,#1973,#1974,#1975,#1976,#1977,#1978,#1979,#1980,#1981,#1982
      ,#1983,#1984,#1985,#1986,#1987,#1988,#1989,#1990,#1991,#1992,#1993
      ,#1994,#1995,#1996,#1997,#1998,#1999,#2000,#2001,#2002,#2003,#2004
      ,#2005,#2006,#2007,#2008,#2009,#2010,#2011,#2012,#2013,#2014,#2015
      ,#2016,#2017,#2018,#2019,#2020,#2021,#2022,#2023,#2024,#2025,#2026
      ,#2027,#2028,#2029,#2030,#2031,#2032,#2033,#2034,#2035,#2036,#2037
      ,#2038,#2039,#2040,#2041,#2042,#2043)
    ,(#2044,#2045,#2046,#2047,#2048,#2049,#2050,#2051,#2052,#2053,#2054
      ,#2055,#2056,#2057,#2058,#2059,#2060,#2061,#2062,#2063,#2064,#2065
      ,#2066,#2067,#2068,#2069,#2070,#2071,#2072,#2073,#2074,#2075,#2076
      ,#2077,#2078,#2079,#2080,#2081,#2082,#2083,#2084,#2085,#2086,#2087
      ,#2088,#2089,#2090,#2091,#2092,#2093,#2094,#2095,#2096,#2097,#2098
      ,#2099,#2100,#2101,#2102,#2103,#2104,#2105,#2106,#2107,#2108,#2109
      ,#2110,#2111,#2112,#2113,#2114,#2115,#2116,#2117,#2118,#2119,#2120
      ,#2121,#2122,#2123,#2124,#2125,#2126,#2127,#2128,#2129,#2130,#2131
      ,#2132,#2133,#2134,#2135,#2136,#2137,#2138,#2139,#2140,#2141,#2142
      ,#2143,#2144,#2145,#2146,#2147,#2148,#2149,#2150,#2151,#2152,#2153
      ,#2154,#2155,#2156,#2157,#2158,#2159,#2160,#2161,#2162,#2163,#2164
      ,#2165,#2166,#2167,#2168,#2169,#2170,#2171,#2172,#2173,#2174,#2175
      ,#2176,#2177,#2178,#2179,#2180,#2181,#2182,#2183,#2184,#2185,#2186
      ,#2187,#2188,#2189,#2190,#2191,#2192,#2193,#2194,#2195,#2196,#2197
      ,#2198,#2199,#2200,#2201,#2202,#2203,#2204,#2205,#2206,#2207,#2208
      ,#2209,#2210,#2211,#2212,#2213,#2214)
    ,(#2215,#2216,#2217,#2218,#2219,#2220,#2221,#2222,#2223,#2224,#2225
      ,#2226,#2227,#2228,#2229,#2230,#2231,#2232,#2233,#2234,#2235,#2236
      ,#2237,#2238,#2239,#2240,#2241,#2242,#2243,#2244,#2245,#2246,#2247
      ,#2248,#2249,#2250,#2251,#2252,#2253,#2254,#2255,#2256,#2257,#2258
      ,#2259,#2260,#2261,#2262,#2263,#2264,#2265,#2266,#2267,#2268,#2269
      ,#2270,#2271,#2272,#2273,#2274,#2275,#2276,#2277,#2278,#2279,#2280
      ,#2281,#2282,#2283,#2284,#2285,#2286,#2287,#2288,#2289,#2290,#2291
      ,#2292,#2293,#2294,#2295,#2296,#2297,#2298,#2299,#2300,#2301,#2302
      ,#2303,#2304,#2305,#2306,#2307,#2308,#2309,#2310,#2311,#2312,#2313
      ,#2314,#2315,#2316,#2317,#2318,#2319,#2320,#2321,#2322,#2323,#2324
      ,#2325,#2326,#2327,#2328,#2329,#2330,#2331,#2332,#2333,#2334,#2335
      ,#2336,#2337,#2338,#2339,#2340,#2341,#2342,#2343,#2344,#2345,#2346
      ,#2347,#2348,#2349,#2350,#2351,#2352,#2353,#2354,#2355,#2356,#2357
      ,#2358,#2359,#2360,#2361,#2362,#2363,#2364,#2365,#2366,#2367,#2368
      ,#2369,#2370,#2371,#2372,#2373,#2374,#2375,#2376,#2377,#2378,#2379
      ,#2380,#2381,#2382,#2383,#2384,#2385)
    ,(#2386,#2387,#2388,#2389,#2390,#2391,#2392,#2393,#2394,#2395,#2396
      ,#2397,#2398,#2399,#2400,#2401,#2402,#2403,#2404,#2405,#2406,#2407
      ,#2408,#2409,#2410,#2411,#2412,#2413,#2414,#2415,#2416,#2417,#2418
      ,#2419,#2420,#2421,#2422,#2423,#2424,#2425,#2426,#2427,#2428,#2429
      ,#2430,#2431,#2432,#2433,#2434,#2435,#2436,#2437,#2438,#2439,#2440
      ,#2441,#2442,#2443,#2444,#2445,#2446,#2447,#2448,#2449,#2450,#2451
      ,#2452,#2453,#2454,#2455,#2456,#2457,#2458,#2459,#2460,#2461,#2462
      ,#2463,#2464,#2465,#2466,#2467,#2468,#2469,#2470,#2471,#2472,#2473
      ,#2474,#2475,#2476,#2477,#2478,#2479,#2480,#2481,#2482,#2483,#2484
      ,#2485,#2486,#2487,#2488,#2489,#2490,#2491,#2492,#2493,#2494,#2495
      ,#2496,#2497,#2498,#2499,#2500,#2501,#2502,#2503,#2504,#2505,#2506
      ,#2507,#2508,#2509,#2510,#2511,#2512,#2513,#2514,#2515,#2516,#2517
      ,#2518,#2519,#2520,#2521,#2522,#2523,#2524,#2525,#2526,#2527,#2528
      ,#2529,#2530,#2531,#2532,#2533,#2534,#2535,#2536,#2537,#2538,#2539
      ,#2540,#2541,#2542,#2543,#2544,#2545,#2546,#2547,#2548,#2549,#2550
      ,#2551,#2552,#2553,#2554,#2555,#2556)
    ,(#2557,#2558,#2559,#2560,#2561,#2562,#2563,#2564,#2565,#2566,#2567
      ,#2568,#2569,#2570,#2571,#2572,#2573,#2574,#2575,#2576,#2577,#2578
      ,#2579,#2580,#2581,#2582,#2583,#2584,#2585,#2586,#2587,#2588,#2589
      ,#2590,#2591,#2592,#2593,#2594,#2595,#2596,#2597,#2598,#2599,#2600
      ,#2601,#2602,#2603,#2604,#2605,#2606,#2607,#2608,#2609,#2610,#2611
      ,#2612,#2613,#2614,#2615,#2616,#2617,#2618,#2619,#2620,#2621,#2622
      ,#2623,#2624,#2625,#2626,#2627,#2628,#2629,#2630,#2631,#2632,#2633
      ,#2634,#2635,#2636,#2637,#2638,#2639,#2640,#2641,#2642,#2643,#2644
      ,#2645,#2646,#2647,#2648,#2649,#2650,#2651,#2652,#2653,#2654,#2655
      ,#2656,#2657,#2658,#2659,#2660,#2661,#2662,#2663,#2664,#2665,#2666
      ,#2667,#2668,#2669,#2670,#2671,#2672,#2673,#2674,#2675,#2676,#2677
      ,#2678,#2679,#2680,#2681,#2682,#2683,#2684,#2685,#2686,#2687,#2688
      ,#2689,#2690,#2691,#2692,#2693,#2694,#2695,#2696,#2697,#2698,#2699
      ,#2700,#2701,#2702,#2703,#2704,#2705,#2706,#2707,#2708,#2709,#2710
      ,#2711,#2712,#2713,#2714,#2715,#2716,#2717,#2718,#2719,#2720,#2721
      ,#2722,#2723,#2724,#2725,#2726,#2727)
    ,(#2728,#2729,#2730,#2731,#2732,#2733,#2734,#2735,#2736,#2737,#2738
      ,#2739,#2740,#2741,#2742,#2743,#2744,#2745,#2746,#2747,#2748,#2749
      ,#2750,#2751,#2752,#2753,#2754,#2755,#2756,#2757,#2758,#2759,#2760
      ,#2761,#2762,#2763,#2764,#2765,#2766,#2767,#2768,#2769,#2770,#2771
      ,#2772,#2773,#2774,#2775,#2776,#2777,#2778,#2779,#2780,#2781,#2782
      ,#2783,#2784,#2785,#2786,#2787,#2788,#2789,#2790,#2791,#2792,#2793
      ,#2794,#2795,#2796,#2797,#2798,#2799,#2800,#2801,#2802,#2803,#2804
      ,#2805,#2806,#2807,#2808,#2809,#2810,#2811,#2812,#2813,#2814,#2815
      ,#2816,#2817,#2818,#2819,#2820,#2821,#2822,#2823,#2824,#2825,#2826
      ,#2827,#2828,#2829,#2830,#2831,#2832,#2833,#2834,#2835,#2836,#2837
      ,#2838,#2839,#2840,#2841,#2842,#2843,#2844,#2845,#2846,#2847,#2848
      ,#2849,#2850,#2851,#2852,#2853,#2854,#2855,#2856,#2857,#2858,#2859
      ,#2860,#2861,#2862,#2863,#2864,#2865,#2866,#2867,#2868,#2869,#2870
      ,#2871,#2872,#2873,#2874,#2875,#2876,#2877,#2878,#2879,#2880,#2881
      ,#2882,#2883,#2884,#2885,#2886,#2887,#2888,#2889,#2890,#2891,#2892
      ,#2893,#2894,#2895,#2896,#2897,#2898
)),.UNSPECIFIED.,.T.,.F.,.F.) B_SPLINE_SURFACE_WITH_KNOTS((1,3,3,3,1),(3
    ,2,2,2,2,2,2,2,2,2,2,2,2,2,2,2,2,2,2,2,2,2,2,2,2,2,2,2,2,2,2,2,2,2,2
    ,2,2,2,2,2,2,2,2,2,2,2,2,2,2,2,2,2,2,2,2,2,2,2,2,2,2,2,2,2,2,2,2,2,2
    ,2,2,2,2,2,2,2,2,2,2,2,2,2,2,2,2,3),(-0.5,0.,0.5,1.,1.5),(0.,
    1.111111111111E-02,2.222222222222E-02,3.333333333333E-02,
    4.444444444444E-02,5.555555555556E-02,6.666666666667E-02,
    7.777777777778E-02,8.888888888889E-02,0.1,0.111111111111,
    0.122222222222,0.133333333333,0.144444444444,0.155555555556,
    0.166666666667,0.177777777778,0.188888888889,0.2,0.211111111111,
    0.222222222222,0.233333333333,0.244444444444,0.255555555556,
    0.266666666667,0.277777777778,0.288888888889,0.3,0.311111111111,
    0.322222222222,0.333333333333,0.344444444444,0.355555555556,
    0.366666666667,0.377777777778,0.388888888889,0.4,0.411111111111,
    0.422222222222,0.433333333333,0.444444444444,0.455555555556,
    0.466666666667,0.477777777778,0.488888888889,0.5,0.511111111111,
    0.522222222222,0.533333333333,0.544444444444,0.555555555556,
    0.566666666667,0.577777777778,0.588888888889,0.6,0.611111111111,
    0.622222222222,0.633333333333,0.644444444444,0.655555555556,
    0.666666666667,0.677777777778,0.688888888889,0.7,0.711111111111,
    0.722222222222,0.733333333333,0.744444444444,0.755555555556,
    0.766666666667,0.777777777778,0.788888888889,0.8,0.811111111111,
    0.822222222222,0.833333333333,0.844444444444,0.855555555556,
    0.866666666667,0.877777777778,0.888888888889,0.9,0.911111111111,
    0.922222222222,0.933333333333,0.944444444444),.UNSPECIFIED.) 
GEOMETRIC_REPRESENTATION_ITEM() RATIONAL_B_SPLINE_SURFACE((
    (1.,0.951056516295,1.,0.951056516295,1.,0.951056516295,1.
      ,0.951056516295,1.,0.951056516295,1.,0.951056516295,1.
      ,0.951056516295,1.,0.951056516295,1.,0.951056516295,1.
      ,0.951056516295,1.,0.951056516295,1.,0.951056516295,1.
      ,0.951056516295,1.,0.951056516295,1.,0.951056516295,1.
      ,0.951056516295,1.,0.951056516295,1.,0.951056516295,1.
      ,0.951056516295,1.,0.951056516295,1.,0.951056516295,1.
      ,0.951056516295,1.,0.951056516295,1.,0.951056516295,1.
      ,0.951056516295,1.,0.951056516295,1.,0.951056516295,1.
      ,0.951056516295,1.,0.951056516295,1.,0.951056516295,1.
      ,0.951056516295,1.,0.951056516295,1.,0.951056516295,1.
      ,0.951056516295,1.,0.951056516295,1.,0.951056516295,1.
      ,0.951056516295,1.,0.951056516295,1.,0.951056516295,1.
      ,0.951056516295,1.,0.951056516295,1.,0.951056516295,1.
      ,0.951056516295,1.,0.951056516295,1.,0.951056516295,1.
      ,0.951056516295,1.,0.951056516295,1.,0.951056516295,1.
      ,0.951056516295,1.,0.951056516295,1.,0.951056516295,1.
      ,0.951056516295,1.,0.951056516295,1.,0.951056516295,1.
      ,0.951056516295,1.,0.951056516295,1.,0.951056516295,1.
      ,0.951056516295,1.,0.951056516295,1.,0.951056516295,1.
      ,0.951056516295,1.,0.951056516295,1.,0.951056516295,1.
      ,0.951056516295,1.,0.951056516295,1.,0.951056516295,1.
      ,0.951056516295,1.,0.951056516295,1.,0.951056516295,1.
      ,0.951056516295,1.,0.951056516295,1.,0.951056516295,1.
      ,0.951056516295,1.,0.951056516295,1.,0.951056516295,1.
      ,0.951056516295,1.,0.951056516295,1.,0.951056516295,1.
      ,0.951056516295,1.,0.951056516295,1.,0.951056516295,1.
      ,0.951056516295,1.,0.951056516295,1.,0.951056516295,1.
      ,0.951056516295,1.)
    ,(0.333333333333,0.317018838765,0.333333333333,0.317018838765
      ,0.333333333333,0.317018838765,0.333333333333,0.317018838765
      ,0.333333333333,0.317018838765,0.333333333333,0.317018838765
      ,0.333333333333,0.317018838765,0.333333333333,0.317018838765
      ,0.333333333333,0.317018838765,0.333333333333,0.317018838765
      ,0.333333333333,0.317018838765,0.333333333333,0.317018838765
      ,0.333333333333,0.317018838765,0.333333333333,0.317018838765
      ,0.333333333333,0.317018838765,0.333333333333,0.317018838765
      ,0.333333333333,0.317018838765,0.333333333333,0.317018838765
      ,0.333333333333,0.317018838765,0.333333333333,0.317018838765
      ,0.333333333333,0.317018838765,0.333333333333,0.317018838765
      ,0.333333333333,0.317018838765,0.333333333333,0.317018838765
      ,0.333333333333,0.317018838765,0.333333333333,0.317018838765
      ,0.333333333333,0.317018838765,0.333333333333,0.317018838765
      ,0.333333333333,0.317018838765,0.333333333333,0.317018838765
      ,0.333333333333,0.317018838765,0.333333333333,0.317018838765
      ,0.333333333333,0.317018838765,0.333333333333,0.317018838765
      ,0.333333333333,0.317018838765,0.333333333333,0.317018838765
      ,0.333333333333,0.317018838765,0.333333333333,0.317018838765
      ,0.333333333333,0.317018838765,0.333333333333,0.317018838765
      ,0.333333333333,0.317018838765,0.333333333333,0.317018838765
      ,0.333333333333,0.317018838765,0.333333333333,0.317018838765
      ,0.333333333333,0.317018838765,0.333333333333,0.317018838765
      ,0.333333333333,0.317018838765,0.333333333333,0.317018838765
      ,0.333333333333,0.317018838765,0.333333333333,0.317018838765
      ,0.333333333333,0.317018838765,0.333333333333,0.317018838765
      ,0.333333333333,0.317018838765,0.333333333333,0.317018838765
      ,0.333333333333,0.317018838765,0.333333333333,0.317018838765
      ,0.333333333333,0.317018838765,0.333333333333,0.317018838765
      ,0.333333333333,0.317018838765,0.333333333333,0.317018838765
      ,0.333333333333,0.317018838765,0.333333333333,0.317018838765
      ,0.333333333333,0.317018838765,0.333333333333,0.317018838765
      ,0.333333333333,0.317018838765,0.333333333333,0.317018838765
      ,0.333333333333,0.317018838765,0.333333333333,0.317018838765
      ,0.333333333333,0.317018838765,0.333333333333,0.317018838765
      ,0.333333333333,0.317018838765,0.333333333333,0.317018838765
      ,0.333333333333,0.317018838765,0.333333333333,0.317018838765
      ,0.333333333333,0.317018838765,0.333333333333,0.317018838765
      ,0.333333333333,0.317018838765,0.333333333333,0.317018838765
      ,0.333333333333,0.317018838765,0.333333333333,0.317018838765
      ,0.333333333333,0.317018838765,0.333333333333,0.317018838765
      ,0.333333333333,0.317018838765,0.333333333333,0.317018838765
      ,0.333333333333,0.317018838765,0.333333333333)
    ,(0.333333333333,0.317018838765,0.333333333333,0.317018838765
      ,0.333333333333,0.317018838765,0.333333333333,0.317018838765
      ,0.333333333333,0.317018838765,0.333333333333,0.317018838765
      ,0.333333333333,0.317018838765,0.333333333333,0.317018838765
      ,0.333333333333,0.317018838765,0.333333333333,0.317018838765
      ,0.333333333333,0.317018838765,0.333333333333,0.317018838765
      ,0.333333333333,0.317018838765,0.333333333333,0.317018838765
      ,0.333333333333,0.317018838765,0.333333333333,0.317018838765
      ,0.333333333333,0.317018838765,0.333333333333,0.317018838765
      ,0.333333333333,0.317018838765,0.333333333333,0.317018838765
      ,0.333333333333,0.317018838765,0.333333333333,0.317018838765
      ,0.333333333333,0.317018838765,0.333333333333,0.317018838765
      ,0.333333333333,0.317018838765,0.333333333333,0.317018838765
      ,0.333333333333,0.317018838765,0.333333333333,0.317018838765
      ,0.333333333333,0.317018838765,0.333333333333,0.317018838765
      ,0.333333333333,0.317018838765,0.333333333333,0.317018838765
      ,0.333333333333,0.317018838765,0.333333333333,0.317018838765
      ,0.333333333333,0.317018838765,0.333333333333,0.317018838765
      ,0.333333333333,0.317018838765,0.333333333333,0.317018838765
      ,0.333333333333,0.317018838765,0.333333333333,0.317018838765
      ,0.333333333333,0.317018838765,0.333333333333,0.317018838765
      ,0.333333333333,0.317018838765,0.333333333333,0.317018838765
      ,0.333333333333,0.317018838765,0.333333333333,0.317018838765
      ,0.333333333333,0.317018838765,0.333333333333,0.317018838765
      ,0.333333333333,0.317018838765,0.333333333333,0.317018838765
      ,0.333333333333,0.317018838765,0.333333333333,0.317018838765
      ,0.333333333333,0.317018838765,0.333333333333,0.317018838765
      ,0.333333333333,0.317018838765,0.333333333333,0.317018838765
      ,0.333333333333,0.317018838765,0.333333333333,0.317018838765
      ,0.333333333333,0.317018838765,0.333333333333,0.317018838765
      ,0.333333333333,0.317018838765,0.333333333333,0.317018838765
      ,0.333333333333,0.317018838765,0.333333333333,0.317018838765
      ,0.333333333333,0.317018838765,0.333333333333,0.317018838765
      ,0.333333333333,0.317018838765,0.333333333333,0.317018838765
      ,0.333333333333,0.317018838765,0.333333333333,0.317018838765
      ,0.333333333333,0.317018838765,0.333333333333,0.317018838765
      ,0.333333333333,0.317018838765,0.333333333333,0.317018838765
      ,0.333333333333,0.317018838765,0.333333333333,0.317018838765
      ,0.333333333333,0.317018838765,0.333333333333,0.317018838765
      ,0.333333333333,0.317018838765,0.333333333333,0.317018838765
      ,0.333333333333,0.317018838765,0.333333333333,0.317018838765
      ,0.333333333333,0.317018838765,0.333333333333,0.317018838765
      ,0.333333333333,0.317018838765,0.333333333333)
    ,(1.,0.951056516295,1.,0.951056516295,1.,0.951056516295,1.
      ,0.951056516295,1.,0.951056516295,1.,0.951056516295,1.
      ,0.951056516295,1.,0.951056516295,1.,0.951056516295,1.
      ,0.951056516295,1.,0.951056516295,1.,0.951056516295,1.
      ,0.951056516295,1.,0.951056516295,1.,0.951056516295,1.
      ,0.951056516295,1.,0.951056516295,1.,0.951056516295,1.
      ,0.951056516295,1.,0.951056516295,1.,0.951056516295,1.
      ,0.951056516295,1.,0.951056516295,1.,0.951056516295,1.
      ,0.951056516295,1.,0.951056516295,1.,0.951056516295,1.
      ,0.951056516295,1.,0.951056516295,1.,0.951056516295,1.
      ,0.951056516295,1.,0.951056516295,1.,0.951056516295,1.
      ,0.951056516295,1.,0.951056516295,1.,0.951056516295,1.
      ,0.951056516295,1.,0.951056516295,1.,0.951056516295,1.
      ,0.951056516295,1.,0.951056516295,1.,0.951056516295,1.
      ,0.951056516295,1.,0.951056516295,1.,0.951056516295,1.
      ,0.951056516295,1.,0.951056516295,1.,0.951056516295,1.
      ,0.951056516295,1.,0.951056516295,1.,0.951056516295,1.
      ,0.951056516295,1.,0.951056516295,1.,0.951056516295,1.
      ,0.951056516295,1.,0.951056516295,1.,0.951056516295,1.
      ,0.951056516295,1.,0.951056516295,1.,0.951056516295,1.
      ,0.951056516295,1.,0.951056516295,1.,0.951056516295,1.
      ,0.951056516295,1.,0.951056516295,1.,0.951056516295,1.
      ,0.951056516295,1.,0.951056516295,1.,0.951056516295,1.
      ,0.951056516295,1.,0.951056516295,1.,0.951056516295,1.
      ,0.951056516295,1.,0.951056516295,1.,0.951056516295,1.
      ,0.951056516295,1.,0.951056516295,1.,0.951056516295,1.
      ,0.951056516295,1.,0.951056516295,1.,0.951056516295,1.
      ,0.951056516295,1.,0.951056516295,1.,0.951056516295,1.
      ,0.951056516295,1.)
    ,(0.333333333333,0.317018838765,0.333333333333,0.317018838765
      ,0.333333333333,0.317018838765,0.333333333333,0.317018838765
      ,0.333333333333,0.317018838765,0.333333333333,0.317018838765
      ,0.333333333333,0.317018838765,0.333333333333,0.317018838765
      ,0.333333333333,0.317018838765,0.333333333333,0.317018838765
      ,0.333333333333,0.317018838765,0.333333333333,0.317018838765
      ,0.333333333333,0.317018838765,0.333333333333,0.317018838765
      ,0.333333333333,0.317018838765,0.333333333333,0.317018838765
      ,0.333333333333,0.317018838765,0.333333333333,0.317018838765
      ,0.333333333333,0.317018838765,0.333333333333,0.317018838765
      ,0.333333333333,0.317018838765,0.333333333333,0.317018838765
      ,0.333333333333,0.317018838765,0.333333333333,0.317018838765
      ,0.333333333333,0.317018838765,0.333333333333,0.317018838765
      ,0.333333333333,0.317018838765,0.333333333333,0.317018838765
      ,0.333333333333,0.317018838765,0.333333333333,0.317018838765
      ,0.333333333333,0.317018838765,0.333333333333,0.317018838765
      ,0.333333333333,0.317018838765,0.333333333333,0.317018838765
      ,0.333333333333,0.317018838765,0.333333333333,0.317018838765
      ,0.333333333333,0.317018838765,0.333333333333,0.317018838765
      ,0.333333333333,0.317018838765,0.333333333333,0.317018838765
      ,0.333333333333,0.317018838765,0.333333333333,0.317018838765
      ,0.333333333333,0.317018838765,0.333333333333,0.317018838765
      ,0.333333333333,0.317018838765,0.333333333333,0.317018838765
      ,0.333333333333,0.317018838765,0.333333333333,0.317018838765
      ,0.333333333333,0.317018838765,0.333333333333,0.317018838765
      ,0.333333333333,0.317018838765,0.333333333333,0.317018838765
      ,0.333333333333,0.317018838765,0.333333333333,0.317018838765
      ,0.333333333333,0.317018838765,0.333333333333,0.317018838765
      ,0.333333333333,0.317018838765,0.333333333333,0.317018838765
      ,0.333333333333,0.317018838765,0.333333333333,0.317018838765
      ,0.333333333333,0.317018838765,0.333333333333,0.317018838765
      ,0.333333333333,0.317018838765,0.333333333333,0.317018838765
      ,0.333333333333,0.317018838765,0.333333333333,0.317018838765
      ,0.333333333333,0.317018838765,0.333333333333,0.317018838765
      ,0.333333333333,0.317018838765,0.333333333333,0.317018838765
      ,0.333333333333,0.317018838765,0.333333333333,0.317018838765
      ,0.333333333333,0.317018838765,0.333333333333,0.317018838765
      ,0.333333333333,0.317018838765,0.333333333333,0.317018838765
      ,0.333333333333,0.317018838765,0.333333333333,0.317018838765
      ,0.333333333333,0.317018838765,0.333333333333,0.317018838765
      ,0.333333333333,0.317018838765,0.333333333333,0.317018838765
      ,0.333333333333,0.317018838765,0.333333333333,0.317018838765
      ,0.333333333333,0.317018838765,0.333333333333)
    ,(0.333333333333,0.317018838765,0.333333333333,0.317018838765
      ,0.333333333333,0.317018838765,0.333333333333,0.317018838765
      ,0.333333333333,0.317018838765,0.333333333333,0.317018838765
      ,0.333333333333,0.317018838765,0.333333333333,0.317018838765
      ,0.333333333333,0.317018838765,0.333333333333,0.317018838765
      ,0.333333333333,0.317018838765,0.333333333333,0.317018838765
      ,0.333333333333,0.317018838765,0.333333333333,0.317018838765
      ,0.333333333333,0.317018838765,0.333333333333,0.317018838765
      ,0.333333333333,0.317018838765,0.333333333333,0.317018838765
      ,0.333333333333,0.317018838765,0.333333333333,0.317018838765
      ,0.333333333333,0.317018838765,0.333333333333,0.317018838765
      ,0.333333333333,0.317018838765,0.333333333333,0.317018838765
      ,0.333333333333,0.317018838765,0.333333333333,0.317018838765
      ,0.333333333333,0.317018838765,0.333333333333,0.317018838765
      ,0.333333333333,0.317018838765,0.333333333333,0.317018838765
      ,0.333333333333,0.317018838765,0.333333333333,0.317018838765
      ,0.333333333333,0.317018838765,0.333333333333,0.317018838765
      ,0.333333333333,0.317018838765,0.333333333333,0.317018838765
      ,0.333333333333,0.317018838765,0.333333333333,0.317018838765
      ,0.333333333333,0.317018838765,0.333333333333,0.317018838765
      ,0.333333333333,0.317018838765,0.333333333333,0.317018838765
      ,0.333333333333,0.317018838765,0.333333333333,0.317018838765
      ,0.333333333333,0.317018838765,0.333333333333,0.317018838765
      ,0.333333333333,0.317018838765,0.333333333333,0.317018838765
      ,0.333333333333,0.317018838765,0.333333333333,0.317018838765
      ,0.333333333333,0.317018838765,0.333333333333,0.317018838765
      ,0.333333333333,0.317018838765,0.333333333333,0.317018838765
      ,0.333333333333,0.317018838765,0.333333333333,0.317018838765
      ,0.333333333333,0.317018838765,0.333333333333,0.317018838765
      ,0.333333333333,0.317018838765,0.333333333333,0.317018838765
      ,0.333333333333,0.317018838765,0.333333333333,0.317018838765
      ,0.333333333333,0.317018838765,0.333333333333,0.317018838765
      ,0.333333333333,0.317018838765,0.333333333333,0.317018838765
      ,0.333333333333,0.317018838765,0.333333333333,0.317018838765
      ,0.333333333333,0.317018838765,0.333333333333,0.317018838765
      ,0.333333333333,0.317018838765,0.333333333333,0.317018838765
      ,0.333333333333,0.317018838765,0.333333333333,0.317018838765
      ,0.333333333333,0.317018838765,0.333333333333,0.317018838765
      ,0.333333333333,0.317018838765,0.333333333333,0.317018838765
      ,0.333333333333,0.317018838765,0.333333333333,0.317018838765
      ,0.333333333333,0.317018838765,0.333333333333,0.317018838765
      ,0.333333333333,0.317018838765,0.333333333333,0.317018838765
      ,0.333333333333,0.317018838765,0.333333333333)
    ,(1.,0.951056516295,1.,0.951056516295,1.,0.951056516295,1.
      ,0.951056516295,1.,0.951056516295,1.,0.951056516295,1.
      ,0.951056516295,1.,0.951056516295,1.,0.951056516295,1.
      ,0.951056516295,1.,0.951056516295,1.,0.951056516295,1.
      ,0.951056516295,1.,0.951056516295,1.,0.951056516295,1.
      ,0.951056516295,1.,0.951056516295,1.,0.951056516295,1.
      ,0.951056516295,1.,0.951056516295,1.,0.951056516295,1.
      ,0.951056516295,1.,0.951056516295,1.,0.951056516295,1.
      ,0.951056516295,1.,0.951056516295,1.,0.951056516295,1.
      ,0.951056516295,1.,0.951056516295,1.,0.951056516295,1.
      ,0.951056516295,1.,0.951056516295,1.,0.951056516295,1.
      ,0.951056516295,1.,0.951056516295,1.,0.951056516295,1.
      ,0.951056516295,1.,0.951056516295,1.,0.951056516295,1.
      ,0.951056516295,1.,0.951056516295,1.,0.951056516295,1.
      ,0.951056516295,1.,0.951056516295,1.,0.951056516295,1.
      ,0.951056516295,1.,0.951056516295,1.,0.951056516295,1.
      ,0.951056516295,1.,0.951056516295,1.,0.951056516295,1.
      ,0.951056516295,1.,0.951056516295,1.,0.951056516295,1.
      ,0.951056516295,1.,0.951056516295,1.,0.951056516295,1.
      ,0.951056516295,1.,0.951056516295,1.,0.951056516295,1.
      ,0.951056516295,1.,0.951056516295,1.,0.951056516295,1.
      ,0.951056516295,1.,0.951056516295,1.,0.951056516295,1.
      ,0.951056516295,1.,0.951056516295,1.,0.951056516295,1.
      ,0.951056516295,1.,0.951056516295,1.,0.951056516295,1.
      ,0.951056516295,1.,0.951056516295,1.,0.951056516295,1.
      ,0.951056516295,1.,0.951056516295,1.,0.951056516295,1.
      ,0.951056516295,1.,0.951056516295,1.,0.951056516295,1.
      ,0.951056516295,1.,0.951056516295,1.,0.951056516295,1.
,0.951056516295,1.))) REPRESENTATION_ITEM('') SURFACE() );
#1702 = CARTESIAN_POINT('',(-3.14662517628,3.14662517628,-6.E-17));
#1703 = CARTESIAN_POINT('',(-2.124224679844,4.169025672716,0.1));
#1704 = CARTESIAN_POINT('',(-0.696133369429,4.395213115648,0.2));
#1705 = CARTESIAN_POINT('',(0.731957940986,4.621400558581,0.3));
#1706 = CARTESIAN_POINT('',(2.020257723841,3.964979032638,0.4));
#1707 = CARTESIAN_POINT('',(3.308557506696,3.308557506696,0.5));
#1708 = CARTESIAN_POINT('',(3.964979032638,2.020257723841,0.6));
#1709 = CARTESIAN_POINT('',(4.621400558581,0.731957940986,0.7));
#1710 = CARTESIAN_POINT('',(4.395213115648,-0.696133369429,0.8));
#1711 = CARTESIAN_POINT('',(4.169025672716,-2.124224679844,0.9));
#1712 = CARTESIAN_POINT('',(3.14662517628,-3.14662517628,1.));
#1713 = CARTESIAN_POINT('',(2.124224679844,-4.169025672716,1.1));
#1714 = CARTESIAN_POINT('',(0.696133369429,-4.395213115648,1.2));
#1715 = CARTESIAN_POINT('',(-0.731957940986,-4.621400558581,1.3));
#1716 = CARTESIAN_POINT('',(-2.020257723841,-3.964979032638,1.4));
#1717 = CARTESIAN_POINT('',(-3.308557506696,-3.308557506696,1.5));
#1718 = CARTESIAN_POINT('',(-3.964979032638,-2.020257723841,1.6));
#1719 = CARTESIAN_POINT('',(-4.621400558581,-0.731957940986,1.7));
#1720 = CARTESIAN_POINT('',(-4.395213115648,0.696133369429,1.8));
#1721 = CARTESIAN_POINT('',(-4.169025672716,2.124224679844,1.9));
#1722 = CARTESIAN_POINT('',(-3.14662517628,3.14662517628,2.));
#1723 = CARTESIAN_POINT('',(-2.124224679844,4.169025672716,2.1));
#1724 = CARTESIAN_POINT('',(-0.696133369429,4.395213115648,2.2));
#1725 = CARTESIAN_POINT('',(0.731957940986,4.621400558581,2.3));
#1726 = CARTESIAN_POINT('',(2.020257723841,3.964979032638,2.4));
#1727 = CARTESIAN_POINT('',(3.308557506696,3.308557506696,2.5));
#1728 = CARTESIAN_POINT('',(3.964979032638,2.020257723841,2.6));
#1729 = CARTESIAN_POINT('',(4.621400558581,0.731957940986,2.7));
#1730 = CARTESIAN_POINT('',(4.395213115648,-0.696133369429,2.8));
#1731 = CARTESIAN_POINT('',(4.169025672716,-2.124224679844,2.9));
#1732 = CARTESIAN_POINT('',(3.14662517628,-3.14662517628,3.));
#1733 = CARTESIAN_POINT('',(2.124224679844,-4.169025672716,3.1));
#1734 = CARTESIAN_POINT('',(0.696133369429,-4.395213115648,3.2));
#1735 = CARTESIAN_POINT('',(-0.731957940986,-4.621400558581,3.3));
#1736 = CARTESIAN_POINT('',(-2.020257723841,-3.964979032638,3.4));
#1737 = CARTESIAN_POINT('',(-3.308557506696,-3.308557506696,3.5));
#1738 = CARTESIAN_POINT('',(-3.964979032638,-2.020257723841,3.6));
#1739 = CARTESIAN_POINT('',(-4.621400558581,-0.731957940986,3.7));
#1740 = CARTESIAN_POINT('',(-4.395213115648,0.696133369429,3.8));
#1741 = CARTESIAN_POINT('',(-4.169025672716,2.124224679844,3.9));
#1742 = CARTESIAN_POINT('',(-3.14662517628,3.14662517628,4.));
#1743 = CARTESIAN_POINT('',(-2.124224679844,4.169025672716,4.1));
#1744 = CARTESIAN_POINT('',(-0.696133369429,4.395213115648,4.2));
#1745 = CARTESIAN_POINT('',(0.731957940986,4.621400558581,4.3));
#1746 = CARTESIAN_POINT('',(2.020257723841,3.964979032638,4.4));
#1747 = CARTESIAN_POINT('',(3.308557506696,3.308557506696,4.5));
#1748 = CARTESIAN_POINT('',(3.964979032638,2.020257723841,4.6));
#1749 = CARTESIAN_POINT('',(4.621400558581,0.731957940986,4.7));
#1750 = CARTESIAN_POINT('',(4.395213115648,-0.696133369429,4.8));
#1751 = CARTESIAN_POINT('',(4.169025672716,-2.124224679844,4.9));
#1752 = CARTESIAN_POINT('',(3.14662517628,-3.14662517628,5.));
#1753 = CARTESIAN_POINT('',(2.124224679844,-4.169025672716,5.1));
#1754 = CARTESIAN_POINT('',(0.696133369429,-4.395213115648,5.2));
#1755 = CARTESIAN_POINT('',(-0.731957940986,-4.621400558581,5.3));
#1756 = CARTESIAN_POINT('',(-2.020257723841,-3.964979032638,5.4));
#1757 = CARTESIAN_POINT('',(-3.308557506696,-3.308557506696,5.5));
#1758 = CARTESIAN_POINT('',(-3.964979032638,-2.020257723841,5.6));
#1759 = CARTESIAN_POINT('',(-4.621400558581,-0.731957940986,5.7));
#1760 = CARTESIAN_POINT('',(-4.395213115648,0.696133369429,5.8));
#1761 = CARTESIAN_POINT('',(-4.169025672716,2.124224679844,5.9));
#1762 = CARTESIAN_POINT('',(-3.14662517628,3.14662517628,6.));
#1763 = CARTESIAN_POINT('',(-2.124224679844,4.169025672716,6.1));
#1764 = CARTESIAN_POINT('',(-0.696133369429,4.395213115648,6.2));
#1765 = CARTESIAN_POINT('',(0.731957940986,4.621400558581,6.3));
#1766 = CARTESIAN_POINT('',(2.020257723841,3.964979032638,6.4));
#1767 = CARTESIAN_POINT('',(3.308557506696,3.308557506696,6.5));
#1768 = CARTESIAN_POINT('',(3.964979032638,2.020257723841,6.6));
#1769 = CARTESIAN_POINT('',(4.621400558581,0.731957940986,6.7));
#1770 = CARTESIAN_POINT('',(4.395213115648,-0.696133369429,6.8));
#1771 = CARTESIAN_POINT('',(4.169025672716,-2.124224679844,6.9));
#1772 = CARTESIAN_POINT('',(3.14662517628,-3.14662517628,7.));
#1773 = CARTESIAN_POINT('',(2.124224679844,-4.169025672716,7.1));
#1774 = CARTESIAN_POINT('',(0.696133369429,-4.395213115648,7.2));
#1775 = CARTESIAN_POINT('',(-0.731957940986,-4.621400558581,7.3));
#1776 = CARTESIAN_POINT('',(-2.020257723841,-3.964979032638,7.4));
#1777 = CARTESIAN_POINT('',(-3.308557506696,-3.308557506696,7.5));
#1778 = CARTESIAN_POINT('',(-3.964979032638,-2.020257723841,7.6));
#1779 = CARTESIAN_POINT('',(-4.621400558581,-0.731957940986,7.7));
#1780 = CARTESIAN_POINT('',(-4.395213115648,0.696133369429,7.8));
#1781 = CARTESIAN_POINT('',(-4.169025672716,2.124224679844,7.9));
#1782 = CARTESIAN_POINT('',(-3.14662517628,3.14662517628,8.));
#1783 = CARTESIAN_POINT('',(-2.124224679844,4.169025672716,8.1));
#1784 = CARTESIAN_POINT('',(-0.696133369429,4.395213115648,8.2));
#1785 = CARTESIAN_POINT('',(0.731957940986,4.621400558581,8.3));
#1786 = CARTESIAN_POINT('',(2.020257723841,3.964979032638,8.4));
#1787 = CARTESIAN_POINT('',(3.308557506696,3.308557506696,8.5));
#1788 = CARTESIAN_POINT('',(3.964979032638,2.020257723841,8.6));
#1789 = CARTESIAN_POINT('',(4.621400558581,0.731957940986,8.7));
#1790 = CARTESIAN_POINT('',(4.395213115648,-0.696133369429,8.8));
#1791 = CARTESIAN_POINT('',(4.169025672716,-2.124224679844,8.9));
#1792 = CARTESIAN_POINT('',(3.14662517628,-3.14662517628,9.));
#1793 = CARTESIAN_POINT('',(2.124224679844,-4.169025672716,9.1));
#1794 = CARTESIAN_POINT('',(0.696133369429,-4.395213115648,9.2));
#1795 = CARTESIAN_POINT('',(-0.731957940986,-4.621400558581,9.3));
#1796 = CARTESIAN_POINT('',(-2.020257723841,-3.964979032638,9.4));
#1797 = CARTESIAN_POINT('',(-3.308557506696,-3.308557506696,9.5));
#1798 = CARTESIAN_POINT('',(-3.964979032638,-2.020257723841,9.6));
#1799 = CARTESIAN_POINT('',(-4.621400558581,-0.731957940986,9.7));
#1800 = CARTESIAN_POINT('',(-4.395213115648,0.696133369429,9.8));
#1801 = CARTESIAN_POINT('',(-4.169025672716,2.124224679844,9.9));
#1802 = CARTESIAN_POINT('',(-3.14662517628,3.14662517628,10.));
#1803 = CARTESIAN_POINT('',(-2.124224679844,4.169025672716,10.1));
#1804 = CARTESIAN_POINT('',(-0.696133369429,4.395213115648,10.2));
#1805 = CARTESIAN_POINT('',(0.731957940986,4.621400558581,10.3));
#1806 = CARTESIAN_POINT('',(2.020257723841,3.964979032638,10.4));
#1807 = CARTESIAN_POINT('',(3.308557506696,3.308557506696,10.5));
#1808 = CARTESIAN_POINT('',(3.964979032638,2.020257723841,10.6));
#1809 = CARTESIAN_POINT('',(4.621400558581,0.731957940986,10.7));
#1810 = CARTESIAN_POINT('',(4.395213115648,-0.696133369429,10.8));
#1811 = CARTESIAN_POINT('',(4.169025672716,-2.124224679844,10.9));
#1812 = CARTESIAN_POINT('',(3.14662517628,-3.14662517628,11.));
#1813 = CARTESIAN_POINT('',(2.124224679844,-4.169025672716,11.1));
#1814 = CARTESIAN_POINT('',(0.696133369429,-4.395213115648,11.2));
#1815 = CARTESIAN_POINT('',(-0.731957940986,-4.621400558581,11.3));
#1816 = CARTESIAN_POINT('',(-2.020257723841,-3.964979032638,11.4));
#1817 = CARTESIAN_POINT('',(-3.308557506696,-3.308557506696,11.5));
#1818 = CARTESIAN_POINT('',(-3.964979032638,-2.020257723841,11.6));
#1819 = CARTESIAN_POINT('',(-4.621400558581,-0.731957940986,11.7));
#1820 = CARTESIAN_POINT('',(-4.395213115648,0.696133369429,11.8));
#1821 = CARTESIAN_POINT('',(-4.169025672716,2.124224679844,11.9));
#1822 = CARTESIAN_POINT('',(-3.14662517628,3.14662517628,12.));
#1823 = CARTESIAN_POINT('',(-2.124224679844,4.169025672716,12.1));
#1824 = CARTESIAN_POINT('',(-0.696133369429,4.395213115648,12.2));
#1825 = CARTESIAN_POINT('',(0.731957940986,4.621400558581,12.3));
#1826 = CARTESIAN_POINT('',(2.020257723841,3.964979032638,12.4));
#1827 = CARTESIAN_POINT('',(3.308557506696,3.308557506696,12.5));
#1828 = CARTESIAN_POINT('',(3.964979032638,2.020257723841,12.6));
#1829 = CARTESIAN_POINT('',(4.621400558581,0.731957940986,12.7));
#1830 = CARTESIAN_POINT('',(4.395213115648,-0.696133369429,12.8));
#1831 = CARTESIAN_POINT('',(4.169025672716,-2.124224679844,12.9));
#1832 = CARTESIAN_POINT('',(3.14662517628,-3.14662517628,13.));
#1833 = CARTESIAN_POINT('',(2.124224679844,-4.169025672716,13.1));
#1834 = CARTESIAN_POINT('',(0.696133369429,-4.395213115648,13.2));
#1835 = CARTESIAN_POINT('',(-0.731957940986,-4.621400558581,13.3));
#1836 = CARTESIAN_POINT('',(-2.020257723841,-3.964979032638,13.4));
#1837 = CARTESIAN_POINT('',(-3.308557506696,-3.308557506696,13.5));
#1838 = CARTESIAN_POINT('',(-3.964979032638,-2.020257723841,13.6));
#1839 = CARTESIAN_POINT('',(-4.621400558581,-0.731957940986,13.7));
#1840 = CARTESIAN_POINT('',(-4.395213115648,0.696133369429,13.8));
#1841 = CARTESIAN_POINT('',(-4.169025672716,2.124224679844,13.9));
#1842 = CARTESIAN_POINT('',(-3.14662517628,3.14662517628,14.));
#1843 = CARTESIAN_POINT('',(-2.124224679844,4.169025672716,14.1));
#1844 = CARTESIAN_POINT('',(-0.696133369429,4.395213115648,14.2));
#1845 = CARTESIAN_POINT('',(0.731957940986,4.621400558581,14.3));
#1846 = CARTESIAN_POINT('',(2.020257723841,3.964979032638,14.4));
#1847 = CARTESIAN_POINT('',(3.308557506696,3.308557506696,14.5));
#1848 = CARTESIAN_POINT('',(3.964979032638,2.020257723841,14.6));
#1849 = CARTESIAN_POINT('',(4.621400558581,0.731957940986,14.7));
#1850 = CARTESIAN_POINT('',(4.395213115648,-0.696133369429,14.8));
#1851 = CARTESIAN_POINT('',(4.169025672716,-2.124224679844,14.9));
#1852 = CARTESIAN_POINT('',(3.14662517628,-3.14662517628,15.));
#1853 = CARTESIAN_POINT('',(2.124224679844,-4.169025672716,15.1));
#1854 = CARTESIAN_POINT('',(0.696133369429,-4.395213115648,15.2));
#1855 = CARTESIAN_POINT('',(-0.731957940986,-4.621400558581,15.3));
#1856 = CARTESIAN_POINT('',(-2.020257723841,-3.964979032638,15.4));
#1857 = CARTESIAN_POINT('',(-3.308557506696,-3.308557506696,15.5));
#1858 = CARTESIAN_POINT('',(-3.964979032638,-2.020257723841,15.6));
#1859 = CARTESIAN_POINT('',(-4.621400558581,-0.731957940986,15.7));
#1860 = CARTESIAN_POINT('',(-4.395213115648,0.696133369429,15.8));
#1861 = CARTESIAN_POINT('',(-4.169025672716,2.124224679844,15.9));
#1862 = CARTESIAN_POINT('',(-3.14662517628,3.14662517628,16.));
#1863 = CARTESIAN_POINT('',(-2.124224679844,4.169025672716,16.1));
#1864 = CARTESIAN_POINT('',(-0.696133369429,4.395213115648,16.2));
#1865 = CARTESIAN_POINT('',(0.731957940986,4.621400558581,16.3));
#1866 = CARTESIAN_POINT('',(2.020257723841,3.964979032638,16.4));
#1867 = CARTESIAN_POINT('',(3.308557506696,3.308557506696,16.5));
#1868 = CARTESIAN_POINT('',(3.964979032638,2.020257723841,16.6));
#1869 = CARTESIAN_POINT('',(4.621400558581,0.731957940986,16.7));
#1870 = CARTESIAN_POINT('',(4.395213115648,-0.696133369429,16.8));
#1871 = CARTESIAN_POINT('',(4.169025672716,-2.124224679844,16.9));
#1872 = CARTESIAN_POINT('',(3.14662517628,-3.14662517628,17.));
#1873 = CARTESIAN_POINT('',(-3.197108377021,3.09614197554,0.897163804935
    ));
#1874 = CARTESIAN_POINT('',(-2.191110866834,4.134945458225,
    0.997163804935));
#1875 = CARTESIAN_POINT('',(-0.766648417642,4.384044629203,
    1.097163804935));
#1876 = CARTESIAN_POINT('',(0.65781403155,4.63314380018,1.197163804935)
  );
#1877 = CARTESIAN_POINT('',(1.956645179854,3.997391242707,1.297163804935
    ));
#1878 = CARTESIAN_POINT('',(3.255476328158,3.361638685233,1.397163804935
    ));
#1879 = CARTESIAN_POINT('',(3.93256682257,2.083870267828,1.497163804935)
  );
#1880 = CARTESIAN_POINT('',(4.609657316981,0.806101850423,1.597163804935
    ));
#1881 = CARTESIAN_POINT('',(4.406381602094,-0.625618321216,
    1.697163804935));
#1882 = CARTESIAN_POINT('',(4.203105887207,-2.057338492854,
    1.797163804935));
#1883 = CARTESIAN_POINT('',(3.197108377021,-3.09614197554,1.897163804935
    ));
#1884 = CARTESIAN_POINT('',(2.191110866834,-4.134945458225,
    1.997163804935));
#1885 = CARTESIAN_POINT('',(0.766648417642,-4.384044629203,
    2.097163804935));
#1886 = CARTESIAN_POINT('',(-0.65781403155,-4.63314380018,2.197163804935
    ));
#1887 = CARTESIAN_POINT('',(-1.956645179854,-3.997391242707,
    2.297163804935));
#1888 = CARTESIAN_POINT('',(-3.255476328158,-3.361638685233,
    2.397163804935));
#1889 = CARTESIAN_POINT('',(-3.93256682257,-2.083870267828,
    2.497163804935));
#1890 = CARTESIAN_POINT('',(-4.609657316981,-0.806101850423,
    2.597163804935));
#1891 = CARTESIAN_POINT('',(-4.406381602094,0.625618321216,
    2.697163804935));
#1892 = CARTESIAN_POINT('',(-4.203105887207,2.057338492854,
    2.797163804935));
#1893 = CARTESIAN_POINT('',(-3.197108377021,3.09614197554,2.897163804935
    ));
#1894 = CARTESIAN_POINT('',(-2.191110866834,4.134945458225,
    2.997163804935));
#1895 = CARTESIAN_POINT('',(-0.766648417642,4.384044629203,
    3.097163804935));
#1896 = CARTESIAN_POINT('',(0.65781403155,4.63314380018,3.197163804935)
  );
#1897 = CARTESIAN_POINT('',(1.956645179854,3.997391242707,3.297163804935
    ));
#1898 = CARTESIAN_POINT('',(3.255476328158,3.361638685233,3.397163804935
    ));
#1899 = CARTESIAN_POINT('',(3.93256682257,2.083870267828,3.497163804935)
  );
#1900 = CARTESIAN_POINT('',(4.609657316981,0.806101850423,3.597163804935
    ));
#1901 = CARTESIAN_POINT('',(4.406381602094,-0.625618321216,
    3.697163804935));
#1902 = CARTESIAN_POINT('',(4.203105887207,-2.057338492854,
    3.797163804935));
#1903 = CARTESIAN_POINT('',(3.197108377021,-3.09614197554,3.897163804935
    ));
#1904 = CARTESIAN_POINT('',(2.191110866834,-4.134945458225,
    3.997163804935));
#1905 = CARTESIAN_POINT('',(0.766648417642,-4.384044629203,
    4.097163804935));
#1906 = CARTESIAN_POINT('',(-0.65781403155,-4.63314380018,4.197163804935
    ));
#1907 = CARTESIAN_POINT('',(-1.956645179854,-3.997391242707,
    4.297163804935));
#1908 = CARTESIAN_POINT('',(-3.255476328158,-3.361638685233,
    4.397163804935));
#1909 = CARTESIAN_POINT('',(-3.93256682257,-2.083870267828,
    4.497163804935));
#1910 = CARTESIAN_POINT('',(-4.609657316981,-0.806101850423,
    4.597163804935));
#1911 = CARTESIAN_POINT('',(-4.406381602094,0.625618321216,
    4.697163804935));
#1912 = CARTESIAN_POINT('',(-4.203105887207,2.057338492854,
    4.797163804935));
#1913 = CARTESIAN_POINT('',(-3.197108377021,3.09614197554,4.897163804935
    ));
#1914 = CARTESIAN_POINT('',(-2.191110866834,4.134945458225,
    4.997163804935));
#1915 = CARTESIAN_POINT('',(-0.766648417642,4.384044629203,
    5.097163804935));
#1916 = CARTESIAN_POINT('',(0.65781403155,4.63314380018,5.197163804935)
  );
#1917 = CARTESIAN_POINT('',(1.956645179854,3.997391242707,5.297163804935
    ));
#1918 = CARTESIAN_POINT('',(3.255476328158,3.361638685233,5.397163804935
    ));
#1919 = CARTESIAN_POINT('',(3.93256682257,2.083870267828,5.497163804935)
  );
#1920 = CARTESIAN_POINT('',(4.609657316981,0.806101850423,5.597163804935
    ));
#1921 = CARTESIAN_POINT('',(4.406381602094,-0.625618321216,
    5.697163804935));
#1922 = CARTESIAN_POINT('',(4.203105887207,-2.057338492854,
    5.797163804935));
#1923 = CARTESIAN_POINT('',(3.197108377021,-3.09614197554,5.897163804935
    ));
#1924 = CARTESIAN_POINT('',(2.191110866834,-4.134945458225,
    5.997163804935));
#1925 = CARTESIAN_POINT('',(0.766648417642,-4.384044629203,
    6.097163804935));
#1926 = CARTESIAN_POINT('',(-0.65781403155,-4.63314380018,6.197163804935
    ));
#1927 = CARTESIAN_POINT('',(-1.956645179854,-3.997391242707,
    6.297163804935));
#1928 = CARTESIAN_POINT('',(-3.255476328158,-3.361638685233,
    6.397163804935));
#1929 = CARTESIAN_POINT('',(-3.93256682257,-2.083870267828,
    6.497163804935));
#1930 = CARTESIAN_POINT('',(-4.609657316981,-0.806101850423,
    6.597163804935));
#1931 = CARTESIAN_POINT('',(-4.406381602094,0.625618321216,
    6.697163804935));
#1932 = CARTESIAN_POINT('',(-4.203105887207,2.057338492854,
    6.797163804935));
#1933 = CARTESIAN_POINT('',(-3.197108377021,3.09614197554,6.897163804935
    ));
#1934 = CARTESIAN_POINT('',(-2.191110866834,4.134945458225,
    6.997163804935));
#1935 = CARTESIAN_POINT('',(-0.766648417642,4.384044629203,
    7.097163804935));
#1936 = CARTESIAN_POINT('',(0.65781403155,4.63314380018,7.197163804935)
  );
#1937 = CARTESIAN_POINT('',(1.956645179854,3.997391242707,7.297163804935
    ));
#1938 = CARTESIAN_POINT('',(3.255476328158,3.361638685233,7.397163804935
    ));
#1939 = CARTESIAN_POINT('',(3.93256682257,2.083870267828,7.497163804935)
  );
#1940 = CARTESIAN_POINT('',(4.609657316981,0.806101850423,7.597163804935
    ));
#1941 = CARTESIAN_POINT('',(4.406381602094,-0.625618321216,
    7.697163804935));
#1942 = CARTESIAN_POINT('',(4.203105887207,-2.057338492854,
    7.797163804935));
#1943 = CARTESIAN_POINT('',(3.197108377021,-3.09614197554,7.897163804935
    ));
#1944 = CARTESIAN_POINT('',(2.191110866834,-4.134945458225,
    7.997163804935));
#1945 = CARTESIAN_POINT('',(0.766648417642,-4.384044629203,
    8.097163804935));
#1946 = CARTESIAN_POINT('',(-0.65781403155,-4.63314380018,8.197163804935
    ));
#1947 = CARTESIAN_POINT('',(-1.956645179854,-3.997391242707,
    8.297163804935));
#1948 = CARTESIAN_POINT('',(-3.255476328158,-3.361638685233,
    8.397163804935));
#1949 = CARTESIAN_POINT('',(-3.93256682257,-2.083870267828,
    8.497163804935));
#1950 = CARTESIAN_POINT('',(-4.609657316981,-0.806101850423,
    8.597163804935));
#1951 = CARTESIAN_POINT('',(-4.406381602094,0.625618321216,
    8.697163804935));
#1952 = CARTESIAN_POINT('',(-4.203105887207,2.057338492854,
    8.797163804935));
#1953 = CARTESIAN_POINT('',(-3.197108377021,3.09614197554,8.897163804935
    ));
#1954 = CARTESIAN_POINT('',(-2.191110866834,4.134945458225,
    8.997163804935));
#1955 = CARTESIAN_POINT('',(-0.766648417642,4.384044629203,
    9.097163804935));
#1956 = CARTESIAN_POINT('',(0.65781403155,4.63314380018,9.197163804935)
  );
#1957 = CARTESIAN_POINT('',(1.956645179854,3.997391242707,9.297163804935
    ));
#1958 = CARTESIAN_POINT('',(3.255476328158,3.361638685233,9.397163804935
    ));
#1959 = CARTESIAN_POINT('',(3.93256682257,2.083870267828,9.497163804935)
  );
#1960 = CARTESIAN_POINT('',(4.609657316981,0.806101850423,9.597163804935
    ));
#1961 = CARTESIAN_POINT('',(4.406381602094,-0.625618321216,
    9.697163804935));
#1962 = CARTESIAN_POINT('',(4.203105887207,-2.057338492854,
    9.797163804935));
#1963 = CARTESIAN_POINT('',(3.197108377021,-3.09614197554,9.897163804935
    ));
#1964 = CARTESIAN_POINT('',(2.191110866834,-4.134945458225,
    9.997163804935));
#1965 = CARTESIAN_POINT('',(0.766648417642,-4.384044629203,
    10.097163804935));
#1966 = CARTESIAN_POINT('',(-0.65781403155,-4.63314380018,
    10.197163804935));
#1967 = CARTESIAN_POINT('',(-1.956645179854,-3.997391242707,
    10.297163804935));
#1968 = CARTESIAN_POINT('',(-3.255476328158,-3.361638685233,
    10.397163804935));
#1969 = CARTESIAN_POINT('',(-3.93256682257,-2.083870267828,
    10.497163804935));
#1970 = CARTESIAN_POINT('',(-4.609657316981,-0.806101850423,
    10.597163804935));
#1971 = CARTESIAN_POINT('',(-4.406381602094,0.625618321216,
    10.697163804935));
#1972 = CARTESIAN_POINT('',(-4.203105887207,2.057338492854,
    10.797163804935));
#1973 = CARTESIAN_POINT('',(-3.197108377021,3.09614197554,
    10.897163804935));
#1974 = CARTESIAN_POINT('',(-2.191110866834,4.134945458225,
    10.997163804935));
#1975 = CARTESIAN_POINT('',(-0.766648417642,4.384044629203,
    11.097163804935));
#1976 = CARTESIAN_POINT('',(0.65781403155,4.63314380018,11.197163804935)
  );
#1977 = CARTESIAN_POINT('',(1.956645179854,3.997391242707,
    11.297163804935));
#1978 = CARTESIAN_POINT('',(3.255476328158,3.361638685233,
    11.397163804935));
#1979 = CARTESIAN_POINT('',(3.93256682257,2.083870267828,11.497163804935
    ));
#1980 = CARTESIAN_POINT('',(4.609657316981,0.806101850423,
    11.597163804935));
#1981 = CARTESIAN_POINT('',(4.406381602094,-0.625618321216,
    11.697163804935));
#1982 = CARTESIAN_POINT('',(4.203105887207,-2.057338492854,
    11.797163804935));
#1983 = CARTESIAN_POINT('',(3.197108377021,-3.09614197554,
    11.897163804935));
#1984 = CARTESIAN_POINT('',(2.191110866834,-4.134945458225,
    11.997163804935));
#1985 = CARTESIAN_POINT('',(0.766648417642,-4.384044629203,
    12.097163804935));
#1986 = CARTESIAN_POINT('',(-0.65781403155,-4.63314380018,
    12.197163804935));
#1987 = CARTESIAN_POINT('',(-1.956645179854,-3.997391242707,
    12.297163804935));
#1988 = CARTESIAN_POINT('',(-3.255476328158,-3.361638685233,
    12.397163804935));
#1989 = CARTESIAN_POINT('',(-3.93256682257,-2.083870267828,
    12.497163804935));
#1990 = CARTESIAN_POINT('',(-4.609657316981,-0.806101850423,
    12.597163804935));
#1991 = CARTESIAN_POINT('',(-4.406381602094,0.625618321216,
    12.697163804935));
#1992 = CARTESIAN_POINT('',(-4.203105887207,2.057338492854,
    12.797163804935));
#1993 = CARTESIAN_POINT('',(-3.197108377021,3.09614197554,
    12.897163804935));
#1994 = CARTESIAN_POINT('',(-2.191110866834,4.134945458225,
    12.997163804935));
#1995 = CARTESIAN_POINT('',(-0.766648417642,4.384044629203,
    13.097163804935));
#1996 = CARTESIAN_POINT('',(0.65781403155,4.63314380018,13.197163804935)
  );
#1997 = CARTESIAN_POINT('',(1.956645179854,3.997391242707,
    13.297163804935));
#1998 = CARTESIAN_POINT('',(3.255476328158,3.361638685233,
    13.397163804935));
#1999 = CARTESIAN_POINT('',(3.93256682257,2.083870267828,13.497163804935
    ));
#2000 = CARTESIAN_POINT('',(4.609657316981,0.806101850423,
    13.597163804935));
#2001 = CARTESIAN_POINT('',(4.406381602094,-0.625618321216,
    13.697163804935));
#2002 = CARTESIAN_POINT('',(4.203105887207,-2.057338492854,
    13.797163804935));
#2003 = CARTESIAN_POINT('',(3.197108377021,-3.09614197554,
    13.897163804935));
#2004 = CARTESIAN_POINT('',(2.191110866834,-4.134945458225,
    13.997163804935));
#2005 = CARTESIAN_POINT('',(0.766648417642,-4.384044629203,
    14.097163804935));
#2006 = CARTESIAN_POINT('',(-0.65781403155,-4.63314380018,
    14.197163804935));
#2007 = CARTESIAN_POINT('',(-1.956645179854,-3.997391242707,
    14.297163804935));
#2008 = CARTESIAN_POINT('',(-3.255476328158,-3.361638685233,
    14.397163804935));
#2009 = CARTESIAN_POINT('',(-3.93256682257,-2.083870267828,
    14.497163804935));
#2010 = CARTESIAN_POINT('',(-4.609657316981,-0.806101850423,
    14.597163804935));
#2011 = CARTESIAN_POINT('',(-4.406381602094,0.625618321216,
    14.697163804935));
#2012 = CARTESIAN_POINT('',(-4.203105887207,2.057338492854,
    14.797163804935));
#2013 = CARTESIAN_POINT('',(-3.197108377021,3.09614197554,
    14.897163804935));
#2014 = CARTESIAN_POINT('',(-2.191110866834,4.134945458225,
    14.997163804935));
#2015 = CARTESIAN_POINT('',(-0.766648417642,4.384044629203,
    15.097163804935));
#2016 = CARTESIAN_POINT('',(0.65781403155,4.63314380018,15.197163804935)
  );
#2017 = CARTESIAN_POINT('',(1.956645179854,3.997391242707,
    15.297163804935));
#2018 = CARTESIAN_POINT('',(3.255476328158,3.361638685233,
    15.397163804935));
#2019 = CARTESIAN_POINT('',(3.93256682257,2.083870267828,15.497163804935
    ));
#2020 = CARTESIAN_POINT('',(4.609657316981,0.806101850423,
    15.597163804935));
#2021 = CARTESIAN_POINT('',(4.406381602094,-0.625618321216,
    15.697163804935));
#2022 = CARTESIAN_POINT('',(4.203105887207,-2.057338492854,
    15.797163804935));
#2023 = CARTESIAN_POINT('',(3.197108377021,-3.09614197554,
    15.897163804935));
#2024 = CARTESIAN_POINT('',(2.191110866834,-4.134945458225,
    15.997163804935));
#2025 = CARTESIAN_POINT('',(0.766648417642,-4.384044629203,
    16.097163804935));
#2026 = CARTESIAN_POINT('',(-0.65781403155,-4.63314380018,
    16.197163804935));
#2027 = CARTESIAN_POINT('',(-1.956645179854,-3.997391242707,
    16.297163804935));
#2028 = CARTESIAN_POINT('',(-3.255476328158,-3.361638685233,
    16.397163804935));
#2029 = CARTESIAN_POINT('',(-3.93256682257,-2.083870267828,
    16.497163804935));
#2030 = CARTESIAN_POINT('',(-4.609657316981,-0.806101850423,
    16.597163804935));
#2031 = CARTESIAN_POINT('',(-4.406381602094,0.625618321216,
    16.697163804935));
#2032 = CARTESIAN_POINT('',(-4.203105887207,2.057338492854,
    16.797163804935));
#2033 = CARTESIAN_POINT('',(-3.197108377021,3.09614197554,
    16.897163804935));
#2034 = CARTESIAN_POINT('',(-2.191110866834,4.134945458225,
    16.997163804935));
#2035 = CARTESIAN_POINT('',(-0.766648417642,4.384044629203,
    17.097163804935));
#2036 = CARTESIAN_POINT('',(0.65781403155,4.63314380018,17.197163804935)
  );
#2037 = CARTESIAN_POINT('',(1.956645179854,3.997391242707,
    17.297163804935));
#2038 = CARTESIAN_POINT('',(3.255476328158,3.361638685233,
    17.397163804935));
#2039 = CARTESIAN_POINT('',(3.93256682257,2.083870267828,17.497163804935
    ));
#2040 = CARTESIAN_POINT('',(4.609657316981,0.806101850423,
    17.597163804935));
#2041 = CARTESIAN_POINT('',(4.406381602094,-0.625618321216,
    17.697163804935));
#2042 = CARTESIAN_POINT('',(4.203105887207,-2.057338492854,
    17.797163804935));
#2043 = CARTESIAN_POINT('',(3.197108377021,-3.09614197554,
    17.897163804935));
#2044 = CARTESIAN_POINT('',(-2.560712273953,2.459745872472,
    0.897163804935));
#2045 = CARTESIAN_POINT('',(-1.761492392259,3.291771726664,
    0.997163804935));
#2046 = CARTESIAN_POINT('',(-0.625857399106,3.495125122667,
    1.097163804935));
#2047 = CARTESIAN_POINT('',(0.509777594047,3.69847851867,1.197163804935)
  );
#2048 = CARTESIAN_POINT('',(1.548053730088,3.195485370937,1.297163804935
    ));
#2049 = CARTESIAN_POINT('',(2.58632986613,2.692492223205,1.397163804935)
  );
#2050 = CARTESIAN_POINT('',(3.1306609508,1.675278818062,1.497163804935)
  );
#2051 = CARTESIAN_POINT('',(3.67499203547,0.65806541292,1.597163804935)
  );
#2052 = CARTESIAN_POINT('',(3.517462095558,-0.484827302679,
    1.697163804935));
#2053 = CARTESIAN_POINT('',(3.359932155646,-1.627720018279,
    1.797163804935));
#2054 = CARTESIAN_POINT('',(2.560712273953,-2.459745872472,
    1.897163804935));
#2055 = CARTESIAN_POINT('',(1.761492392259,-3.291771726664,
    1.997163804935));
#2056 = CARTESIAN_POINT('',(0.625857399106,-3.495125122667,
    2.097163804935));
#2057 = CARTESIAN_POINT('',(-0.509777594047,-3.69847851867,
    2.197163804935));
#2058 = CARTESIAN_POINT('',(-1.548053730088,-3.195485370937,
    2.297163804935));
#2059 = CARTESIAN_POINT('',(-2.58632986613,-2.692492223205,
    2.397163804935));
#2060 = CARTESIAN_POINT('',(-3.1306609508,-1.675278818062,2.497163804935
    ));
#2061 = CARTESIAN_POINT('',(-3.67499203547,-0.65806541292,2.597163804935
    ));
#2062 = CARTESIAN_POINT('',(-3.517462095558,0.484827302679,
    2.697163804935));
#2063 = CARTESIAN_POINT('',(-3.359932155646,1.627720018279,
    2.797163804935));
#2064 = CARTESIAN_POINT('',(-2.560712273953,2.459745872472,
    2.897163804935));
#2065 = CARTESIAN_POINT('',(-1.761492392259,3.291771726664,
    2.997163804935));
#2066 = CARTESIAN_POINT('',(-0.625857399106,3.495125122667,
    3.097163804935));
#2067 = CARTESIAN_POINT('',(0.509777594047,3.69847851867,3.197163804935)
  );
#2068 = CARTESIAN_POINT('',(1.548053730088,3.195485370937,3.297163804935
    ));
#2069 = CARTESIAN_POINT('',(2.58632986613,2.692492223205,3.397163804935)
  );
#2070 = CARTESIAN_POINT('',(3.1306609508,1.675278818062,3.497163804935)
  );
#2071 = CARTESIAN_POINT('',(3.67499203547,0.65806541292,3.597163804935)
  );
#2072 = CARTESIAN_POINT('',(3.517462095558,-0.484827302679,
    3.697163804935));
#2073 = CARTESIAN_POINT('',(3.359932155646,-1.627720018279,
    3.797163804935));
#2074 = CARTESIAN_POINT('',(2.560712273953,-2.459745872472,
    3.897163804935));
#2075 = CARTESIAN_POINT('',(1.761492392259,-3.291771726664,
    3.997163804935));
#2076 = CARTESIAN_POINT('',(0.625857399106,-3.495125122667,
    4.097163804935));
#2077 = CARTESIAN_POINT('',(-0.509777594047,-3.69847851867,
    4.197163804935));
#2078 = CARTESIAN_POINT('',(-1.548053730088,-3.195485370937,
    4.297163804935));
#2079 = CARTESIAN_POINT('',(-2.58632986613,-2.692492223205,
    4.397163804935));
#2080 = CARTESIAN_POINT('',(-3.1306609508,-1.675278818062,4.497163804935
    ));
#2081 = CARTESIAN_POINT('',(-3.67499203547,-0.65806541292,4.597163804935
    ));
#2082 = CARTESIAN_POINT('',(-3.517462095558,0.484827302679,
    4.697163804935));
#2083 = CARTESIAN_POINT('',(-3.359932155646,1.627720018279,
    4.797163804935));
#2084 = CARTESIAN_POINT('',(-2.560712273953,2.459745872472,
    4.897163804935));
#2085 = CARTESIAN_POINT('',(-1.761492392259,3.291771726664,
    4.997163804935));
#2086 = CARTESIAN_POINT('',(-0.625857399106,3.495125122667,
    5.097163804935));
#2087 = CARTESIAN_POINT('',(0.509777594047,3.69847851867,5.197163804935)
  );
#2088 = CARTESIAN_POINT('',(1.548053730088,3.195485370937,5.297163804935
    ));
#2089 = CARTESIAN_POINT('',(2.58632986613,2.692492223205,5.397163804935)
  );
#2090 = CARTESIAN_POINT('',(3.1306609508,1.675278818062,5.497163804935)
  );
#2091 = CARTESIAN_POINT('',(3.67499203547,0.65806541292,5.597163804935)
  );
#2092 = CARTESIAN_POINT('',(3.517462095558,-0.484827302679,
    5.697163804935));
#2093 = CARTESIAN_POINT('',(3.359932155646,-1.627720018279,
    5.797163804935));
#2094 = CARTESIAN_POINT('',(2.560712273953,-2.459745872472,
    5.897163804935));
#2095 = CARTESIAN_POINT('',(1.761492392259,-3.291771726664,
    5.997163804935));
#2096 = CARTESIAN_POINT('',(0.625857399106,-3.495125122667,
    6.097163804935));
#2097 = CARTESIAN_POINT('',(-0.509777594047,-3.69847851867,
    6.197163804935));
#2098 = CARTESIAN_POINT('',(-1.548053730088,-3.195485370937,
    6.297163804935));
#2099 = CARTESIAN_POINT('',(-2.58632986613,-2.692492223205,
    6.397163804935));
#2100 = CARTESIAN_POINT('',(-3.1306609508,-1.675278818062,6.497163804935
    ));
#2101 = CARTESIAN_POINT('',(-3.67499203547,-0.65806541292,6.597163804935
    ));
#2102 = CARTESIAN_POINT('',(-3.517462095558,0.484827302679,
    6.697163804935));
#2103 = CARTESIAN_POINT('',(-3.359932155646,1.627720018279,
    6.797163804935));
#2104 = CARTESIAN_POINT('',(-2.560712273953,2.459745872472,
    6.897163804935));
#2105 = CARTESIAN_POINT('',(-1.761492392259,3.291771726664,
    6.997163804935));
#2106 = CARTESIAN_POINT('',(-0.625857399106,3.495125122667,
    7.097163804935));
#2107 = CARTESIAN_POINT('',(0.509777594047,3.69847851867,7.197163804935)
  );
#2108 = CARTESIAN_POINT('',(1.548053730088,3.195485370937,7.297163804935
    ));
#2109 = CARTESIAN_POINT('',(2.58632986613,2.692492223205,7.397163804935)
  );
#2110 = CARTESIAN_POINT('',(3.1306609508,1.675278818062,7.497163804935)
  );
#2111 = CARTESIAN_POINT('',(3.67499203547,0.65806541292,7.597163804935)
  );
#2112 = CARTESIAN_POINT('',(3.517462095558,-0.484827302679,
    7.697163804935));
#2113 = CARTESIAN_POINT('',(3.359932155646,-1.627720018279,
    7.797163804935));
#2114 = CARTESIAN_POINT('',(2.560712273953,-2.459745872472,
    7.897163804935));
#2115 = CARTESIAN_POINT('',(1.761492392259,-3.291771726664,
    7.997163804935));
#2116 = CARTESIAN_POINT('',(0.625857399106,-3.495125122667,
    8.097163804935));
#2117 = CARTESIAN_POINT('',(-0.509777594047,-3.69847851867,
    8.197163804935));
#2118 = CARTESIAN_POINT('',(-1.548053730088,-3.195485370937,
    8.297163804935));
#2119 = CARTESIAN_POINT('',(-2.58632986613,-2.692492223205,
    8.397163804935));
#2120 = CARTESIAN_POINT('',(-3.1306609508,-1.675278818062,8.497163804935
    ));
#2121 = CARTESIAN_POINT('',(-3.67499203547,-0.65806541292,8.597163804935
    ));
#2122 = CARTESIAN_POINT('',(-3.517462095558,0.484827302679,
    8.697163804935));
#2123 = CARTESIAN_POINT('',(-3.359932155646,1.627720018279,
    8.797163804935));
#2124 = CARTESIAN_POINT('',(-2.560712273953,2.459745872472,
    8.897163804935));
#2125 = CARTESIAN_POINT('',(-1.761492392259,3.291771726664,
    8.997163804935));
#2126 = CARTESIAN_POINT('',(-0.625857399106,3.495125122667,
    9.097163804935));
#2127 = CARTESIAN_POINT('',(0.509777594047,3.69847851867,9.197163804935)
  );
#2128 = CARTESIAN_POINT('',(1.548053730088,3.195485370937,9.297163804935
    ));
#2129 = CARTESIAN_POINT('',(2.58632986613,2.692492223205,9.397163804935)
  );
#2130 = CARTESIAN_POINT('',(3.1306609508,1.675278818062,9.497163804935)
  );
#2131 = CARTESIAN_POINT('',(3.67499203547,0.65806541292,9.597163804935)
  );
#2132 = CARTESIAN_POINT('',(3.517462095558,-0.484827302679,
    9.697163804935));
#2133 = CARTESIAN_POINT('',(3.359932155646,-1.627720018279,
    9.797163804935));
#2134 = CARTESIAN_POINT('',(2.560712273953,-2.459745872472,
    9.897163804935));
#2135 = CARTESIAN_POINT('',(1.761492392259,-3.291771726664,
    9.997163804935));
#2136 = CARTESIAN_POINT('',(0.625857399106,-3.495125122667,
    10.097163804935));
#2137 = CARTESIAN_POINT('',(-0.509777594047,-3.69847851867,
    10.197163804935));
#2138 = CARTESIAN_POINT('',(-1.548053730088,-3.195485370937,
    10.297163804935));
#2139 = CARTESIAN_POINT('',(-2.58632986613,-2.692492223205,
    10.397163804935));
#2140 = CARTESIAN_POINT('',(-3.1306609508,-1.675278818062,
    10.497163804935));
#2141 = CARTESIAN_POINT('',(-3.67499203547,-0.65806541292,
    10.597163804935));
#2142 = CARTESIAN_POINT('',(-3.517462095558,0.484827302679,
    10.697163804935));
#2143 = CARTESIAN_POINT('',(-3.359932155646,1.627720018279,
    10.797163804935));
#2144 = CARTESIAN_POINT('',(-2.560712273953,2.459745872472,
    10.897163804935));
#2145 = CARTESIAN_POINT('',(-1.761492392259,3.291771726664,
    10.997163804935));
#2146 = CARTESIAN_POINT('',(-0.625857399106,3.495125122667,
    11.097163804935));
#2147 = CARTESIAN_POINT('',(0.509777594047,3.69847851867,11.197163804935
    ));
#2148 = CARTESIAN_POINT('',(1.548053730088,3.195485370937,
    11.297163804935));
#2149 = CARTESIAN_POINT('',(2.58632986613,2.692492223205,11.397163804935
    ));
#2150 = CARTESIAN_POINT('',(3.1306609508,1.675278818062,11.497163804935)
  );
#2151 = CARTESIAN_POINT('',(3.67499203547,0.65806541292,11.597163804935)
  );
#2152 = CARTESIAN_POINT('',(3.517462095558,-0.484827302679,
    11.697163804935));
#2153 = CARTESIAN_POINT('',(3.359932155646,-1.627720018279,
    11.797163804935));
#2154 = CARTESIAN_POINT('',(2.560712273953,-2.459745872472,
    11.897163804935));
#2155 = CARTESIAN_POINT('',(1.761492392259,-3.291771726664,
    11.997163804935));
#2156 = CARTESIAN_POINT('',(0.625857399106,-3.495125122667,
    12.097163804935));
#2157 = CARTESIAN_POINT('',(-0.509777594047,-3.69847851867,
    12.197163804935));
#2158 = CARTESIAN_POINT('',(-1.548053730088,-3.195485370937,
    12.297163804935));
#2159 = CARTESIAN_POINT('',(-2.58632986613,-2.692492223205,
    12.397163804935));
#2160 = CARTESIAN_POINT('',(-3.1306609508,-1.675278818062,
    12.497163804935));
#2161 = CARTESIAN_POINT('',(-3.67499203547,-0.65806541292,
    12.597163804935));
#2162 = CARTESIAN_POINT('',(-3.517462095558,0.484827302679,
    12.697163804935));
#2163 = CARTESIAN_POINT('',(-3.359932155646,1.627720018279,
    12.797163804935));
#2164 = CARTESIAN_POINT('',(-2.560712273953,2.459745872472,
    12.897163804935));
#2165 = CARTESIAN_POINT('',(-1.761492392259,3.291771726664,
    12.997163804935));
#2166 = CARTESIAN_POINT('',(-0.625857399106,3.495125122667,
    13.097163804935));
#2167 = CARTESIAN_POINT('',(0.509777594047,3.69847851867,13.197163804935
    ));
#2168 = CARTESIAN_POINT('',(1.548053730088,3.195485370937,
    13.297163804935));
#2169 = CARTESIAN_POINT('',(2.58632986613,2.692492223205,13.397163804935
    ));
#2170 = CARTESIAN_POINT('',(3.1306609508,1.675278818062,13.497163804935)
  );
#2171 = CARTESIAN_POINT('',(3.67499203547,0.65806541292,13.597163804935)
  );
#2172 = CARTESIAN_POINT('',(3.517462095558,-0.484827302679,
    13.697163804935));
#2173 = CARTESIAN_POINT('',(3.359932155646,-1.627720018279,
    13.797163804935));
#2174 = CARTESIAN_POINT('',(2.560712273953,-2.459745872472,
    13.897163804935));
#2175 = CARTESIAN_POINT('',(1.761492392259,-3.291771726664,
    13.997163804935));
#2176 = CARTESIAN_POINT('',(0.625857399106,-3.495125122667,
    14.097163804935));
#2177 = CARTESIAN_POINT('',(-0.509777594047,-3.69847851867,
    14.197163804935));
#2178 = CARTESIAN_POINT('',(-1.548053730088,-3.195485370937,
    14.297163804935));
#2179 = CARTESIAN_POINT('',(-2.58632986613,-2.692492223205,
    14.397163804935));
#2180 = CARTESIAN_POINT('',(-3.1306609508,-1.675278818062,
    14.497163804935));
#2181 = CARTESIAN_POINT('',(-3.67499203547,-0.65806541292,
    14.597163804935));
#2182 = CARTESIAN_POINT('',(-3.517462095558,0.484827302679,
    14.697163804935));
#2183 = CARTESIAN_POINT('',(-3.359932155646,1.627720018279,
    14.797163804935));
#2184 = CARTESIAN_POINT('',(-2.560712273953,2.459745872472,
    14.897163804935));
#2185 = CARTESIAN_POINT('',(-1.761492392259,3.291771726664,
    14.997163804935));
#2186 = CARTESIAN_POINT('',(-0.625857399106,3.495125122667,
    15.097163804935));
#2187 = CARTESIAN_POINT('',(0.509777594047,3.69847851867,15.197163804935
    ));
#2188 = CARTESIAN_POINT('',(1.548053730088,3.195485370937,
    15.297163804935));
#2189 = CARTESIAN_POINT('',(2.58632986613,2.692492223205,15.397163804935
    ));
#2190 = CARTESIAN_POINT('',(3.1306609508,1.675278818062,15.497163804935)
  );
#2191 = CARTESIAN_POINT('',(3.67499203547,0.65806541292,15.597163804935)
  );
#2192 = CARTESIAN_POINT('',(3.517462095558,-0.484827302679,
    15.697163804935));
#2193 = CARTESIAN_POINT('',(3.359932155646,-1.627720018279,
    15.797163804935));
#2194 = CARTESIAN_POINT('',(2.560712273953,-2.459745872472,
    15.897163804935));
#2195 = CARTESIAN_POINT('',(1.761492392259,-3.291771726664,
    15.997163804935));
#2196 = CARTESIAN_POINT('',(0.625857399106,-3.495125122667,
    16.097163804935));
#2197 = CARTESIAN_POINT('',(-0.509777594047,-3.69847851867,
    16.197163804935));
#2198 = CARTESIAN_POINT('',(-1.548053730088,-3.195485370937,
    16.297163804935));
#2199 = CARTESIAN_POINT('',(-2.58632986613,-2.692492223205,
    16.397163804935));
#2200 = CARTESIAN_POINT('',(-3.1306609508,-1.675278818062,
    16.497163804935));
#2201 = CARTESIAN_POINT('',(-3.67499203547,-0.65806541292,
    16.597163804935));
#2202 = CARTESIAN_POINT('',(-3.517462095558,0.484827302679,
    16.697163804935));
#2203 = CARTESIAN_POINT('',(-3.359932155646,1.627720018279,
    16.797163804935));
#2204 = CARTESIAN_POINT('',(-2.560712273953,2.459745872472,
    16.897163804935));
#2205 = CARTESIAN_POINT('',(-1.761492392259,3.291771726664,
    16.997163804935));
#2206 = CARTESIAN_POINT('',(-0.625857399106,3.495125122667,
    17.097163804935));
#2207 = CARTESIAN_POINT('',(0.509777594047,3.69847851867,17.197163804935
    ));
#2208 = CARTESIAN_POINT('',(1.548053730088,3.195485370937,
    17.297163804935));
#2209 = CARTESIAN_POINT('',(2.58632986613,2.692492223205,17.397163804935
    ));
#2210 = CARTESIAN_POINT('',(3.1306609508,1.675278818062,17.497163804935)
  );
#2211 = CARTESIAN_POINT('',(3.67499203547,0.65806541292,17.597163804935)
  );
#2212 = CARTESIAN_POINT('',(3.517462095558,-0.484827302679,
    17.697163804935));
#2213 = CARTESIAN_POINT('',(3.359932155646,-1.627720018279,
    17.797163804935));
#2214 = CARTESIAN_POINT('',(2.560712273953,-2.459745872472,
    17.897163804935));
#2215 = CARTESIAN_POINT('',(-2.510229073212,2.510229073212,-1.E-17));
#2216 = CARTESIAN_POINT('',(-1.694606205269,3.325851941155,0.1));
#2217 = CARTESIAN_POINT('',(-0.555342350893,3.506293609113,0.2));
#2218 = CARTESIAN_POINT('',(0.583921503483,3.68673527707,0.3));
#2219 = CARTESIAN_POINT('',(1.611666274075,3.163073160869,0.4));
#2220 = CARTESIAN_POINT('',(2.639411044667,2.639411044667,0.5));
#2221 = CARTESIAN_POINT('',(3.163073160869,1.611666274075,0.6));
#2222 = CARTESIAN_POINT('',(3.68673527707,0.583921503483,0.7));
#2223 = CARTESIAN_POINT('',(3.506293609113,-0.555342350893,0.8));
#2224 = CARTESIAN_POINT('',(3.325851941155,-1.694606205269,0.9));
#2225 = CARTESIAN_POINT('',(2.510229073212,-2.510229073212,1.));
#2226 = CARTESIAN_POINT('',(1.694606205269,-3.325851941155,1.1));
#2227 = CARTESIAN_POINT('',(0.555342350893,-3.506293609113,1.2));
#2228 = CARTESIAN_POINT('',(-0.583921503483,-3.68673527707,1.3));
#2229 = CARTESIAN_POINT('',(-1.611666274075,-3.163073160869,1.4));
#2230 = CARTESIAN_POINT('',(-2.639411044667,-2.639411044667,1.5));
#2231 = CARTESIAN_POINT('',(-3.163073160869,-1.611666274075,1.6));
#2232 = CARTESIAN_POINT('',(-3.68673527707,-0.583921503483,1.7));
#2233 = CARTESIAN_POINT('',(-3.506293609113,0.555342350893,1.8));
#2234 = CARTESIAN_POINT('',(-3.325851941155,1.694606205269,1.9));
#2235 = CARTESIAN_POINT('',(-2.510229073212,2.510229073212,2.));
#2236 = CARTESIAN_POINT('',(-1.694606205269,3.325851941155,2.1));
#2237 = CARTESIAN_POINT('',(-0.555342350893,3.506293609113,2.2));
#2238 = CARTESIAN_POINT('',(0.583921503483,3.68673527707,2.3));
#2239 = CARTESIAN_POINT('',(1.611666274075,3.163073160869,2.4));
#2240 = CARTESIAN_POINT('',(2.639411044667,2.639411044667,2.5));
#2241 = CARTESIAN_POINT('',(3.163073160869,1.611666274075,2.6));
#2242 = CARTESIAN_POINT('',(3.68673527707,0.583921503483,2.7));
#2243 = CARTESIAN_POINT('',(3.506293609113,-0.555342350893,2.8));
#2244 = CARTESIAN_POINT('',(3.325851941155,-1.694606205269,2.9));
#2245 = CARTESIAN_POINT('',(2.510229073212,-2.510229073212,3.));
#2246 = CARTESIAN_POINT('',(1.694606205269,-3.325851941155,3.1));
#2247 = CARTESIAN_POINT('',(0.555342350893,-3.506293609113,3.2));
#2248 = CARTESIAN_POINT('',(-0.583921503483,-3.68673527707,3.3));
#2249 = CARTESIAN_POINT('',(-1.611666274075,-3.163073160869,3.4));
#2250 = CARTESIAN_POINT('',(-2.639411044667,-2.639411044667,3.5));
#2251 = CARTESIAN_POINT('',(-3.163073160869,-1.611666274075,3.6));
#2252 = CARTESIAN_POINT('',(-3.68673527707,-0.583921503483,3.7));
#2253 = CARTESIAN_POINT('',(-3.506293609113,0.555342350893,3.8));
#2254 = CARTESIAN_POINT('',(-3.325851941155,1.694606205269,3.9));
#2255 = CARTESIAN_POINT('',(-2.510229073212,2.510229073212,4.));
#2256 = CARTESIAN_POINT('',(-1.694606205269,3.325851941155,4.1));
#2257 = CARTESIAN_POINT('',(-0.555342350893,3.506293609113,4.2));
#2258 = CARTESIAN_POINT('',(0.583921503483,3.68673527707,4.3));
#2259 = CARTESIAN_POINT('',(1.611666274075,3.163073160869,4.4));
#2260 = CARTESIAN_POINT('',(2.639411044667,2.639411044667,4.5));
#2261 = CARTESIAN_POINT('',(3.163073160869,1.611666274075,4.6));
#2262 = CARTESIAN_POINT('',(3.68673527707,0.583921503483,4.7));
#2263 = CARTESIAN_POINT('',(3.506293609113,-0.555342350893,4.8));
#2264 = CARTESIAN_POINT('',(3.325851941155,-1.694606205269,4.9));
#2265 = CARTESIAN_POINT('',(2.510229073212,-2.510229073212,5.));
#2266 = CARTESIAN_POINT('',(1.694606205269,-3.325851941155,5.1));
#2267 = CARTESIAN_POINT('',(0.555342350893,-3.506293609113,5.2));
#2268 = CARTESIAN_POINT('',(-0.583921503483,-3.68673527707,5.3));
#2269 = CARTESIAN_POINT('',(-1.611666274075,-3.163073160869,5.4));
#2270 = CARTESIAN_POINT('',(-2.639411044667,-2.639411044667,5.5));
#2271 = CARTESIAN_POINT('',(-3.163073160869,-1.611666274075,5.6));
#2272 = CARTESIAN_POINT('',(-3.68673527707,-0.583921503483,5.7));
#2273 = CARTESIAN_POINT('',(-3.506293609113,0.555342350893,5.8));
#2274 = CARTESIAN_POINT('',(-3.325851941155,1.694606205269,5.9));
#2275 = CARTESIAN_POINT('',(-2.510229073212,2.510229073212,6.));
#2276 = CARTESIAN_POINT('',(-1.694606205269,3.325851941155,6.1));
#2277 = CARTESIAN_POINT('',(-0.555342350893,3.506293609113,6.2));
#2278 = CARTESIAN_POINT('',(0.583921503483,3.68673527707,6.3));
#2279 = CARTESIAN_POINT('',(1.611666274075,3.163073160869,6.4));
#2280 = CARTESIAN_POINT('',(2.639411044667,2.639411044667,6.5));
#2281 = CARTESIAN_POINT('',(3.163073160869,1.611666274075,6.6));
#2282 = CARTESIAN_POINT('',(3.68673527707,0.583921503483,6.7));
#2283 = CARTESIAN_POINT('',(3.506293609113,-0.555342350893,6.8));
#2284 = CARTESIAN_POINT('',(3.325851941155,-1.694606205269,6.9));
#2285 = CARTESIAN_POINT('',(2.510229073212,-2.510229073212,7.));
#2286 = CARTESIAN_POINT('',(1.694606205269,-3.325851941155,7.1));
#2287 = CARTESIAN_POINT('',(0.555342350893,-3.506293609113,7.2));
#2288 = CARTESIAN_POINT('',(-0.583921503483,-3.68673527707,7.3));
#2289 = CARTESIAN_POINT('',(-1.611666274075,-3.163073160869,7.4));
#2290 = CARTESIAN_POINT('',(-2.639411044667,-2.639411044667,7.5));
#2291 = CARTESIAN_POINT('',(-3.163073160869,-1.611666274075,7.6));
#2292 = CARTESIAN_POINT('',(-3.68673527707,-0.583921503483,7.7));
#2293 = CARTESIAN_POINT('',(-3.506293609113,0.555342350893,7.8));
#2294 = CARTESIAN_POINT('',(-3.325851941155,1.694606205269,7.9));
#2295 = CARTESIAN_POINT('',(-2.510229073212,2.510229073212,8.));
#2296 = CARTESIAN_POINT('',(-1.694606205269,3.325851941155,8.1));
#2297 = CARTESIAN_POINT('',(-0.555342350893,3.506293609113,8.2));
#2298 = CARTESIAN_POINT('',(0.583921503483,3.68673527707,8.3));
#2299 = CARTESIAN_POINT('',(1.611666274075,3.163073160869,8.4));
#2300 = CARTESIAN_POINT('',(2.639411044667,2.639411044667,8.5));
#2301 = CARTESIAN_POINT('',(3.163073160869,1.611666274075,8.6));
#2302 = CARTESIAN_POINT('',(3.68673527707,0.583921503483,8.7));
#2303 = CARTESIAN_POINT('',(3.506293609113,-0.555342350893,8.8));
#2304 = CARTESIAN_POINT('',(3.325851941155,-1.694606205269,8.9));
#2305 = CARTESIAN_POINT('',(2.510229073212,-2.510229073212,9.));
#2306 = CARTESIAN_POINT('',(1.694606205269,-3.325851941155,9.1));
#2307 = CARTESIAN_POINT('',(0.555342350893,-3.506293609113,9.2));
#2308 = CARTESIAN_POINT('',(-0.583921503483,-3.68673527707,9.3));
#2309 = CARTESIAN_POINT('',(-1.611666274075,-3.163073160869,9.4));
#2310 = CARTESIAN_POINT('',(-2.639411044667,-2.639411044667,9.5));
#2311 = CARTESIAN_POINT('',(-3.163073160869,-1.611666274075,9.6));
#2312 = CARTESIAN_POINT('',(-3.68673527707,-0.583921503483,9.7));
#2313 = CARTESIAN_POINT('',(-3.506293609113,0.555342350893,9.8));
#2314 = CARTESIAN_POINT('',(-3.325851941155,1.694606205269,9.9));
#2315 = CARTESIAN_POINT('',(-2.510229073212,2.510229073212,10.));
#2316 = CARTESIAN_POINT('',(-1.694606205269,3.325851941155,10.1));
#2317 = CARTESIAN_POINT('',(-0.555342350893,3.506293609113,10.2));
#2318 = CARTESIAN_POINT('',(0.583921503483,3.68673527707,10.3));
#2319 = CARTESIAN_POINT('',(1.611666274075,3.163073160869,10.4));
#2320 = CARTESIAN_POINT('',(2.639411044667,2.639411044667,10.5));
#2321 = CARTESIAN_POINT('',(3.163073160869,1.611666274075,10.6));
#2322 = CARTESIAN_POINT('',(3.68673527707,0.583921503483,10.7));
#2323 = CARTESIAN_POINT('',(3.506293609113,-0.555342350893,10.8));
#2324 = CARTESIAN_POINT('',(3.325851941155,-1.694606205269,10.9));
#2325 = CARTESIAN_POINT('',(2.510229073212,-2.510229073212,11.));
#2326 = CARTESIAN_POINT('',(1.694606205269,-3.325851941155,11.1));
#2327 = CARTESIAN_POINT('',(0.555342350893,-3.506293609113,11.2));
#2328 = CARTESIAN_POINT('',(-0.583921503483,-3.68673527707,11.3));
#2329 = CARTESIAN_POINT('',(-1.611666274075,-3.163073160869,11.4));
#2330 = CARTESIAN_POINT('',(-2.639411044667,-2.639411044667,11.5));
#2331 = CARTESIAN_POINT('',(-3.163073160869,-1.611666274075,11.6));
#2332 = CARTESIAN_POINT('',(-3.68673527707,-0.583921503483,11.7));
#2333 = CARTESIAN_POINT('',(-3.506293609113,0.555342350893,11.8));
#2334 = CARTESIAN_POINT('',(-3.325851941155,1.694606205269,11.9));
#2335 = CARTESIAN_POINT('',(-2.510229073212,2.510229073212,12.));
#2336 = CARTESIAN_POINT('',(-1.694606205269,3.325851941155,12.1));
#2337 = CARTESIAN_POINT('',(-0.555342350893,3.506293609113,12.2));
#2338 = CARTESIAN_POINT('',(0.583921503483,3.68673527707,12.3));
#2339 = CARTESIAN_POINT('',(1.611666274075,3.163073160869,12.4));
#2340 = CARTESIAN_POINT('',(2.639411044667,2.639411044667,12.5));
#2341 = CARTESIAN_POINT('',(3.163073160869,1.611666274075,12.6));
#2342 = CARTESIAN_POINT('',(3.68673527707,0.583921503483,12.7));
#2343 = CARTESIAN_POINT('',(3.506293609113,-0.555342350893,12.8));
#2344 = CARTESIAN_POINT('',(3.325851941155,-1.694606205269,12.9));
#2345 = CARTESIAN_POINT('',(2.510229073212,-2.510229073212,13.));
#2346 = CARTESIAN_POINT('',(1.694606205269,-3.325851941155,13.1));
#2347 = CARTESIAN_POINT('',(0.555342350893,-3.506293609113,13.2));
#2348 = CARTESIAN_POINT('',(-0.583921503483,-3.68673527707,13.3));
#2349 = CARTESIAN_POINT('',(-1.611666274075,-3.163073160869,13.4));
#2350 = CARTESIAN_POINT('',(-2.639411044667,-2.639411044667,13.5));
#2351 = CARTESIAN_POINT('',(-3.163073160869,-1.611666274075,13.6));
#2352 = CARTESIAN_POINT('',(-3.68673527707,-0.583921503483,13.7));
#2353 = CARTESIAN_POINT('',(-3.506293609113,0.555342350893,13.8));
#2354 = CARTESIAN_POINT('',(-3.325851941155,1.694606205269,13.9));
#2355 = CARTESIAN_POINT('',(-2.510229073212,2.510229073212,14.));
#2356 = CARTESIAN_POINT('',(-1.694606205269,3.325851941155,14.1));
#2357 = CARTESIAN_POINT('',(-0.555342350893,3.506293609113,14.2));
#2358 = CARTESIAN_POINT('',(0.583921503483,3.68673527707,14.3));
#2359 = CARTESIAN_POINT('',(1.611666274075,3.163073160869,14.4));
#2360 = CARTESIAN_POINT('',(2.639411044667,2.639411044667,14.5));
#2361 = CARTESIAN_POINT('',(3.163073160869,1.611666274075,14.6));
#2362 = CARTESIAN_POINT('',(3.68673527707,0.583921503483,14.7));
#2363 = CARTESIAN_POINT('',(3.506293609113,-0.555342350893,14.8));
#2364 = CARTESIAN_POINT('',(3.325851941155,-1.694606205269,14.9));
#2365 = CARTESIAN_POINT('',(2.510229073212,-2.510229073212,15.));
#2366 = CARTESIAN_POINT('',(1.694606205269,-3.325851941155,15.1));
#2367 = CARTESIAN_POINT('',(0.555342350893,-3.506293609113,15.2));
#2368 = CARTESIAN_POINT('',(-0.583921503483,-3.68673527707,15.3));
#2369 = CARTESIAN_POINT('',(-1.611666274075,-3.163073160869,15.4));
#2370 = CARTESIAN_POINT('',(-2.639411044667,-2.639411044667,15.5));
#2371 = CARTESIAN_POINT('',(-3.163073160869,-1.611666274075,15.6));
#2372 = CARTESIAN_POINT('',(-3.68673527707,-0.583921503483,15.7));
#2373 = CARTESIAN_POINT('',(-3.506293609113,0.555342350893,15.8));
#2374 = CARTESIAN_POINT('',(-3.325851941155,1.694606205269,15.9));
#2375 = CARTESIAN_POINT('',(-2.510229073212,2.510229073212,16.));
#2376 = CARTESIAN_POINT('',(-1.694606205269,3.325851941155,16.1));
#2377 = CARTESIAN_POINT('',(-0.555342350893,3.506293609113,16.2));
#2378 = CARTESIAN_POINT('',(0.583921503483,3.68673527707,16.3));
#2379 = CARTESIAN_POINT('',(1.611666274075,3.163073160869,16.4));
#2380 = CARTESIAN_POINT('',(2.639411044667,2.639411044667,16.5));
#2381 = CARTESIAN_POINT('',(3.163073160869,1.611666274075,16.6));
#2382 = CARTESIAN_POINT('',(3.68673527707,0.583921503483,16.7));
#2383 = CARTESIAN_POINT('',(3.506293609113,-0.555342350893,16.8));
#2384 = CARTESIAN_POINT('',(3.325851941155,-1.694606205269,16.9));
#2385 = CARTESIAN_POINT('',(2.510229073212,-2.510229073212,17.));
#2386 = CARTESIAN_POINT('',(-2.459745872472,2.560712273953,
    -0.897163804935));
#2387 = CARTESIAN_POINT('',(-1.627720018279,3.359932155646,
    -0.797163804935));
#2388 = CARTESIAN_POINT('',(-0.484827302679,3.517462095558,
    -0.697163804935));
#2389 = CARTESIAN_POINT('',(0.65806541292,3.674992035471,-0.597163804935
    ));
#2390 = CARTESIAN_POINT('',(1.675278818062,3.1306609508,-0.497163804935)
  );
#2391 = CARTESIAN_POINT('',(2.692492223205,2.58632986613,-0.397163804935
    ));
#2392 = CARTESIAN_POINT('',(3.195485370937,1.548053730088,
    -0.297163804935));
#2393 = CARTESIAN_POINT('',(3.69847851867,0.509777594047,-0.197163804935
    ));
#2394 = CARTESIAN_POINT('',(3.495125122667,-0.625857399106,
    -9.71638049353E-02));
#2395 = CARTESIAN_POINT('',(3.291771726664,-1.761492392259,
    2.836195064704E-03));
#2396 = CARTESIAN_POINT('',(2.459745872472,-2.560712273953,
    0.102836195065));
#2397 = CARTESIAN_POINT('',(1.627720018279,-3.359932155646,
    0.202836195065));
#2398 = CARTESIAN_POINT('',(0.484827302679,-3.517462095558,
    0.302836195065));
#2399 = CARTESIAN_POINT('',(-0.65806541292,-3.674992035471,
    0.402836195065));
#2400 = CARTESIAN_POINT('',(-1.675278818062,-3.1306609508,0.502836195065
    ));
#2401 = CARTESIAN_POINT('',(-2.692492223205,-2.58632986613,
    0.602836195065));
#2402 = CARTESIAN_POINT('',(-3.195485370937,-1.548053730088,
    0.702836195065));
#2403 = CARTESIAN_POINT('',(-3.69847851867,-0.509777594047,
    0.802836195065));
#2404 = CARTESIAN_POINT('',(-3.495125122667,0.625857399106,
    0.902836195065));
#2405 = CARTESIAN_POINT('',(-3.291771726664,1.761492392259,
    1.002836195065));
#2406 = CARTESIAN_POINT('',(-2.459745872472,2.560712273953,
    1.102836195065));
#2407 = CARTESIAN_POINT('',(-1.627720018279,3.359932155646,
    1.202836195065));
#2408 = CARTESIAN_POINT('',(-0.484827302679,3.517462095558,
    1.302836195065));
#2409 = CARTESIAN_POINT('',(0.65806541292,3.674992035471,1.402836195065)
  );
#2410 = CARTESIAN_POINT('',(1.675278818062,3.1306609508,1.502836195065)
  );
#2411 = CARTESIAN_POINT('',(2.692492223205,2.58632986613,1.602836195065)
  );
#2412 = CARTESIAN_POINT('',(3.195485370937,1.548053730088,1.702836195065
    ));
#2413 = CARTESIAN_POINT('',(3.69847851867,0.509777594047,1.802836195065)
  );
#2414 = CARTESIAN_POINT('',(3.495125122667,-0.625857399106,
    1.902836195065));
#2415 = CARTESIAN_POINT('',(3.291771726664,-1.761492392259,
    2.002836195065));
#2416 = CARTESIAN_POINT('',(2.459745872472,-2.560712273953,
    2.102836195065));
#2417 = CARTESIAN_POINT('',(1.627720018279,-3.359932155646,
    2.202836195065));
#2418 = CARTESIAN_POINT('',(0.484827302679,-3.517462095558,
    2.302836195065));
#2419 = CARTESIAN_POINT('',(-0.65806541292,-3.674992035471,
    2.402836195065));
#2420 = CARTESIAN_POINT('',(-1.675278818062,-3.1306609508,2.502836195065
    ));
#2421 = CARTESIAN_POINT('',(-2.692492223205,-2.58632986613,
    2.602836195065));
#2422 = CARTESIAN_POINT('',(-3.195485370937,-1.548053730088,
    2.702836195065));
#2423 = CARTESIAN_POINT('',(-3.69847851867,-0.509777594047,
    2.802836195065));
#2424 = CARTESIAN_POINT('',(-3.495125122667,0.625857399106,
    2.902836195065));
#2425 = CARTESIAN_POINT('',(-3.291771726664,1.761492392259,
    3.002836195065));
#2426 = CARTESIAN_POINT('',(-2.459745872472,2.560712273953,
    3.102836195065));
#2427 = CARTESIAN_POINT('',(-1.627720018279,3.359932155646,
    3.202836195065));
#2428 = CARTESIAN_POINT('',(-0.484827302679,3.517462095558,
    3.302836195065));
#2429 = CARTESIAN_POINT('',(0.65806541292,3.674992035471,3.402836195065)
  );
#2430 = CARTESIAN_POINT('',(1.675278818062,3.1306609508,3.502836195065)
  );
#2431 = CARTESIAN_POINT('',(2.692492223205,2.58632986613,3.602836195065)
  );
#2432 = CARTESIAN_POINT('',(3.195485370937,1.548053730088,3.702836195065
    ));
#2433 = CARTESIAN_POINT('',(3.69847851867,0.509777594047,3.802836195065)
  );
#2434 = CARTESIAN_POINT('',(3.495125122667,-0.625857399106,
    3.902836195065));
#2435 = CARTESIAN_POINT('',(3.291771726664,-1.761492392259,
    4.002836195065));
#2436 = CARTESIAN_POINT('',(2.459745872472,-2.560712273953,
    4.102836195065));
#2437 = CARTESIAN_POINT('',(1.627720018279,-3.359932155646,
    4.202836195065));
#2438 = CARTESIAN_POINT('',(0.484827302679,-3.517462095558,
    4.302836195065));
#2439 = CARTESIAN_POINT('',(-0.65806541292,-3.674992035471,
    4.402836195065));
#2440 = CARTESIAN_POINT('',(-1.675278818062,-3.1306609508,4.502836195065
    ));
#2441 = CARTESIAN_POINT('',(-2.692492223205,-2.58632986613,
    4.602836195065));
#2442 = CARTESIAN_POINT('',(-3.195485370937,-1.548053730088,
    4.702836195065));
#2443 = CARTESIAN_POINT('',(-3.69847851867,-0.509777594047,
    4.802836195065));
#2444 = CARTESIAN_POINT('',(-3.495125122667,0.625857399106,
    4.902836195065));
#2445 = CARTESIAN_POINT('',(-3.291771726664,1.761492392259,
    5.002836195065));
#2446 = CARTESIAN_POINT('',(-2.459745872472,2.560712273953,
    5.102836195065));
#2447 = CARTESIAN_POINT('',(-1.627720018279,3.359932155646,
    5.202836195065));
#2448 = CARTESIAN_POINT('',(-0.484827302679,3.517462095558,
    5.302836195065));
#2449 = CARTESIAN_POINT('',(0.65806541292,3.674992035471,5.402836195065)
  );
#2450 = CARTESIAN_POINT('',(1.675278818062,3.1306609508,5.502836195065)
  );
#2451 = CARTESIAN_POINT('',(2.692492223205,2.58632986613,5.602836195065)
  );
#2452 = CARTESIAN_POINT('',(3.195485370937,1.548053730088,5.702836195065
    ));
#2453 = CARTESIAN_POINT('',(3.69847851867,0.509777594047,5.802836195065)
  );
#2454 = CARTESIAN_POINT('',(3.495125122667,-0.625857399106,
    5.902836195065));
#2455 = CARTESIAN_POINT('',(3.291771726664,-1.761492392259,
    6.002836195065));
#2456 = CARTESIAN_POINT('',(2.459745872472,-2.560712273953,
    6.102836195065));
#2457 = CARTESIAN_POINT('',(1.627720018279,-3.359932155646,
    6.202836195065));
#2458 = CARTESIAN_POINT('',(0.484827302679,-3.517462095558,
    6.302836195065));
#2459 = CARTESIAN_POINT('',(-0.65806541292,-3.674992035471,
    6.402836195065));
#2460 = CARTESIAN_POINT('',(-1.675278818062,-3.1306609508,6.502836195065
    ));
#2461 = CARTESIAN_POINT('',(-2.692492223205,-2.58632986613,
    6.602836195065));
#2462 = CARTESIAN_POINT('',(-3.195485370937,-1.548053730088,
    6.702836195065));
#2463 = CARTESIAN_POINT('',(-3.69847851867,-0.509777594047,
    6.802836195065));
#2464 = CARTESIAN_POINT('',(-3.495125122667,0.625857399106,
    6.902836195065));
#2465 = CARTESIAN_POINT('',(-3.291771726664,1.761492392259,
    7.002836195065));
#2466 = CARTESIAN_POINT('',(-2.459745872472,2.560712273953,
    7.102836195065));
#2467 = CARTESIAN_POINT('',(-1.627720018279,3.359932155646,
    7.202836195065));
#2468 = CARTESIAN_POINT('',(-0.484827302679,3.517462095558,
    7.302836195065));
#2469 = CARTESIAN_POINT('',(0.65806541292,3.674992035471,7.402836195065)
  );
#2470 = CARTESIAN_POINT('',(1.675278818062,3.1306609508,7.502836195065)
  );
#2471 = CARTESIAN_POINT('',(2.692492223205,2.58632986613,7.602836195065)
  );
#2472 = CARTESIAN_POINT('',(3.195485370937,1.548053730088,7.702836195065
    ));
#2473 = CARTESIAN_POINT('',(3.69847851867,0.509777594047,7.802836195065)
  );
#2474 = CARTESIAN_POINT('',(3.495125122667,-0.625857399106,
    7.902836195065));
#2475 = CARTESIAN_POINT('',(3.291771726664,-1.761492392259,
    8.002836195065));
#2476 = CARTESIAN_POINT('',(2.459745872472,-2.560712273953,
    8.102836195065));
#2477 = CARTESIAN_POINT('',(1.627720018279,-3.359932155646,
    8.202836195065));
#2478 = CARTESIAN_POINT('',(0.484827302679,-3.517462095558,
    8.302836195065));
#2479 = CARTESIAN_POINT('',(-0.65806541292,-3.674992035471,
    8.402836195065));
#2480 = CARTESIAN_POINT('',(-1.675278818062,-3.1306609508,8.502836195065
    ));
#2481 = CARTESIAN_POINT('',(-2.692492223205,-2.58632986613,
    8.602836195065));
#2482 = CARTESIAN_POINT('',(-3.195485370937,-1.548053730088,
    8.702836195065));
#2483 = CARTESIAN_POINT('',(-3.69847851867,-0.509777594047,
    8.802836195065));
#2484 = CARTESIAN_POINT('',(-3.495125122667,0.625857399106,
    8.902836195065));
#2485 = CARTESIAN_POINT('',(-3.291771726664,1.761492392259,
    9.002836195065));
#2486 = CARTESIAN_POINT('',(-2.459745872472,2.560712273953,
    9.102836195065));
#2487 = CARTESIAN_POINT('',(-1.627720018279,3.359932155646,
    9.202836195065));
#2488 = CARTESIAN_POINT('',(-0.484827302679,3.517462095558,
    9.302836195065));
#2489 = CARTESIAN_POINT('',(0.65806541292,3.674992035471,9.402836195065)
  );
#2490 = CARTESIAN_POINT('',(1.675278818062,3.1306609508,9.502836195065)
  );
#2491 = CARTESIAN_POINT('',(2.692492223205,2.58632986613,9.602836195065)
  );
#2492 = CARTESIAN_POINT('',(3.195485370937,1.548053730088,9.702836195065
    ));
#2493 = CARTESIAN_POINT('',(3.69847851867,0.509777594047,9.802836195065)
  );
#2494 = CARTESIAN_POINT('',(3.495125122667,-0.625857399106,
    9.902836195065));
#2495 = CARTESIAN_POINT('',(3.291771726664,-1.761492392259,
    10.002836195065));
#2496 = CARTESIAN_POINT('',(2.459745872472,-2.560712273953,
    10.102836195065));
#2497 = CARTESIAN_POINT('',(1.627720018279,-3.359932155646,
    10.202836195065));
#2498 = CARTESIAN_POINT('',(0.484827302679,-3.517462095558,
    10.302836195065));
#2499 = CARTESIAN_POINT('',(-0.65806541292,-3.674992035471,
    10.402836195065));
#2500 = CARTESIAN_POINT('',(-1.675278818062,-3.1306609508,
    10.502836195065));
#2501 = CARTESIAN_POINT('',(-2.692492223205,-2.58632986613,
    10.602836195065));
#2502 = CARTESIAN_POINT('',(-3.195485370937,-1.548053730088,
    10.702836195065));
#2503 = CARTESIAN_POINT('',(-3.69847851867,-0.509777594047,
    10.802836195065));
#2504 = CARTESIAN_POINT('',(-3.495125122667,0.625857399106,
    10.902836195065));
#2505 = CARTESIAN_POINT('',(-3.291771726664,1.761492392259,
    11.002836195065));
#2506 = CARTESIAN_POINT('',(-2.459745872472,2.560712273953,
    11.102836195065));
#2507 = CARTESIAN_POINT('',(-1.627720018279,3.359932155646,
    11.202836195065));
#2508 = CARTESIAN_POINT('',(-0.484827302679,3.517462095558,
    11.302836195065));
#2509 = CARTESIAN_POINT('',(0.65806541292,3.674992035471,11.402836195065
    ));
#2510 = CARTESIAN_POINT('',(1.675278818062,3.1306609508,11.502836195065)
  );
#2511 = CARTESIAN_POINT('',(2.692492223205,2.58632986613,11.602836195065
    ));
#2512 = CARTESIAN_POINT('',(3.195485370937,1.548053730088,
    11.702836195065));
#2513 = CARTESIAN_POINT('',(3.69847851867,0.509777594047,11.802836195065
    ));
#2514 = CARTESIAN_POINT('',(3.495125122667,-0.625857399106,
    11.902836195065));
#2515 = CARTESIAN_POINT('',(3.291771726664,-1.761492392259,
    12.002836195065));
#2516 = CARTESIAN_POINT('',(2.459745872472,-2.560712273953,
    12.102836195065));
#2517 = CARTESIAN_POINT('',(1.627720018279,-3.359932155646,
    12.202836195065));
#2518 = CARTESIAN_POINT('',(0.484827302679,-3.517462095558,
    12.302836195065));
#2519 = CARTESIAN_POINT('',(-0.65806541292,-3.674992035471,
    12.402836195065));
#2520 = CARTESIAN_POINT('',(-1.675278818062,-3.1306609508,
    12.502836195065));
#2521 = CARTESIAN_POINT('',(-2.692492223205,-2.58632986613,
    12.602836195065));
#2522 = CARTESIAN_POINT('',(-3.195485370937,-1.548053730088,
    12.702836195065));
#2523 = CARTESIAN_POINT('',(-3.69847851867,-0.509777594047,
    12.802836195065));
#2524 = CARTESIAN_POINT('',(-3.495125122667,0.625857399106,
    12.902836195065));
#2525 = CARTESIAN_POINT('',(-3.291771726664,1.761492392259,
    13.002836195065));
#2526 = CARTESIAN_POINT('',(-2.459745872472,2.560712273953,
    13.102836195065));
#2527 = CARTESIAN_POINT('',(-1.627720018279,3.359932155646,
    13.202836195065));
#2528 = CARTESIAN_POINT('',(-0.484827302679,3.517462095558,
    13.302836195065));
#2529 = CARTESIAN_POINT('',(0.65806541292,3.674992035471,13.402836195065
    ));
#2530 = CARTESIAN_POINT('',(1.675278818062,3.1306609508,13.502836195065)
  );
#2531 = CARTESIAN_POINT('',(2.692492223205,2.58632986613,13.602836195065
    ));
#2532 = CARTESIAN_POINT('',(3.195485370937,1.548053730088,
    13.702836195065));
#2533 = CARTESIAN_POINT('',(3.69847851867,0.509777594047,13.802836195065
    ));
#2534 = CARTESIAN_POINT('',(3.495125122667,-0.625857399106,
    13.902836195065));
#2535 = CARTESIAN_POINT('',(3.291771726664,-1.761492392259,
    14.002836195065));
#2536 = CARTESIAN_POINT('',(2.459745872472,-2.560712273953,
    14.102836195065));
#2537 = CARTESIAN_POINT('',(1.627720018279,-3.359932155646,
    14.202836195065));
#2538 = CARTESIAN_POINT('',(0.484827302679,-3.517462095558,
    14.302836195065));
#2539 = CARTESIAN_POINT('',(-0.65806541292,-3.674992035471,
    14.402836195065));
#2540 = CARTESIAN_POINT('',(-1.675278818062,-3.1306609508,
    14.502836195065));
#2541 = CARTESIAN_POINT('',(-2.692492223205,-2.58632986613,
    14.602836195065));
#2542 = CARTESIAN_POINT('',(-3.195485370937,-1.548053730088,
    14.702836195065));
#2543 = CARTESIAN_POINT('',(-3.69847851867,-0.509777594047,
    14.802836195065));
#2544 = CARTESIAN_POINT('',(-3.495125122667,0.625857399106,
    14.902836195065));
#2545 = CARTESIAN_POINT('',(-3.291771726664,1.761492392259,
    15.002836195065));
#2546 = CARTESIAN_POINT('',(-2.459745872472,2.560712273953,
    15.102836195065));
#2547 = CARTESIAN_POINT('',(-1.627720018279,3.359932155646,
    15.202836195065));
#2548 = CARTESIAN_POINT('',(-0.484827302679,3.517462095558,
    15.302836195065));
#2549 = CARTESIAN_POINT('',(0.65806541292,3.674992035471,15.402836195065
    ));
#2550 = CARTESIAN_POINT('',(1.675278818062,3.1306609508,15.502836195065)
  );
#2551 = CARTESIAN_POINT('',(2.692492223205,2.58632986613,15.602836195065
    ));
#2552 = CARTESIAN_POINT('',(3.195485370937,1.548053730088,
    15.702836195065));
#2553 = CARTESIAN_POINT('',(3.69847851867,0.509777594047,15.802836195065
    ));
#2554 = CARTESIAN_POINT('',(3.495125122667,-0.625857399106,
    15.902836195065));
#2555 = CARTESIAN_POINT('',(3.291771726664,-1.761492392259,
    16.002836195065));
#2556 = CARTESIAN_POINT('',(2.459745872472,-2.560712273953,
    16.102836195065));
#2557 = CARTESIAN_POINT('',(-3.09614197554,3.197108377021,
    -0.897163804935));
#2558 = CARTESIAN_POINT('',(-2.057338492854,4.203105887207,
    -0.797163804935));
#2559 = CARTESIAN_POINT('',(-0.625618321216,4.406381602094,
    -0.697163804935));
#2560 = CARTESIAN_POINT('',(0.806101850423,4.609657316981,
    -0.597163804935));
#2561 = CARTESIAN_POINT('',(2.083870267828,3.93256682257,-0.497163804935
    ));
#2562 = CARTESIAN_POINT('',(3.361638685233,3.255476328158,
    -0.397163804935));
#2563 = CARTESIAN_POINT('',(3.997391242707,1.956645179854,
    -0.297163804935));
#2564 = CARTESIAN_POINT('',(4.63314380018,0.65781403155,-0.197163804935)
  );
#2565 = CARTESIAN_POINT('',(4.384044629203,-0.766648417642,
    -9.71638049353E-02));
#2566 = CARTESIAN_POINT('',(4.134945458225,-2.191110866834,
    2.836195064704E-03));
#2567 = CARTESIAN_POINT('',(3.09614197554,-3.197108377021,0.102836195065
    ));
#2568 = CARTESIAN_POINT('',(2.057338492854,-4.203105887207,
    0.202836195065));
#2569 = CARTESIAN_POINT('',(0.625618321216,-4.406381602094,
    0.302836195065));
#2570 = CARTESIAN_POINT('',(-0.806101850423,-4.609657316981,
    0.402836195065));
#2571 = CARTESIAN_POINT('',(-2.083870267828,-3.93256682257,
    0.502836195065));
#2572 = CARTESIAN_POINT('',(-3.361638685233,-3.255476328158,
    0.602836195065));
#2573 = CARTESIAN_POINT('',(-3.997391242707,-1.956645179854,
    0.702836195065));
#2574 = CARTESIAN_POINT('',(-4.63314380018,-0.65781403155,0.802836195065
    ));
#2575 = CARTESIAN_POINT('',(-4.384044629203,0.766648417642,
    0.902836195065));
#2576 = CARTESIAN_POINT('',(-4.134945458225,2.191110866834,
    1.002836195065));
#2577 = CARTESIAN_POINT('',(-3.09614197554,3.197108377021,1.102836195065
    ));
#2578 = CARTESIAN_POINT('',(-2.057338492854,4.203105887207,
    1.202836195065));
#2579 = CARTESIAN_POINT('',(-0.625618321216,4.406381602094,
    1.302836195065));
#2580 = CARTESIAN_POINT('',(0.806101850423,4.609657316981,1.402836195065
    ));
#2581 = CARTESIAN_POINT('',(2.083870267828,3.93256682257,1.502836195065)
  );
#2582 = CARTESIAN_POINT('',(3.361638685233,3.255476328158,1.602836195065
    ));
#2583 = CARTESIAN_POINT('',(3.997391242707,1.956645179854,1.702836195065
    ));
#2584 = CARTESIAN_POINT('',(4.63314380018,0.65781403155,1.802836195065)
  );
#2585 = CARTESIAN_POINT('',(4.384044629203,-0.766648417642,
    1.902836195065));
#2586 = CARTESIAN_POINT('',(4.134945458225,-2.191110866834,
    2.002836195065));
#2587 = CARTESIAN_POINT('',(3.09614197554,-3.197108377021,2.102836195065
    ));
#2588 = CARTESIAN_POINT('',(2.057338492854,-4.203105887207,
    2.202836195065));
#2589 = CARTESIAN_POINT('',(0.625618321216,-4.406381602094,
    2.302836195065));
#2590 = CARTESIAN_POINT('',(-0.806101850423,-4.609657316981,
    2.402836195065));
#2591 = CARTESIAN_POINT('',(-2.083870267828,-3.93256682257,
    2.502836195065));
#2592 = CARTESIAN_POINT('',(-3.361638685233,-3.255476328158,
    2.602836195065));
#2593 = CARTESIAN_POINT('',(-3.997391242707,-1.956645179854,
    2.702836195065));
#2594 = CARTESIAN_POINT('',(-4.63314380018,-0.65781403155,2.802836195065
    ));
#2595 = CARTESIAN_POINT('',(-4.384044629203,0.766648417642,
    2.902836195065));
#2596 = CARTESIAN_POINT('',(-4.134945458225,2.191110866834,
    3.002836195065));
#2597 = CARTESIAN_POINT('',(-3.09614197554,3.197108377021,3.102836195065
    ));
#2598 = CARTESIAN_POINT('',(-2.057338492854,4.203105887207,
    3.202836195065));
#2599 = CARTESIAN_POINT('',(-0.625618321216,4.406381602094,
    3.302836195065));
#2600 = CARTESIAN_POINT('',(0.806101850423,4.609657316981,3.402836195065
    ));
#2601 = CARTESIAN_POINT('',(2.083870267828,3.93256682257,3.502836195065)
  );
#2602 = CARTESIAN_POINT('',(3.361638685233,3.255476328158,3.602836195065
    ));
#2603 = CARTESIAN_POINT('',(3.997391242707,1.956645179854,3.702836195065
    ));
#2604 = CARTESIAN_POINT('',(4.63314380018,0.65781403155,3.802836195065)
  );
#2605 = CARTESIAN_POINT('',(4.384044629203,-0.766648417642,
    3.902836195065));
#2606 = CARTESIAN_POINT('',(4.134945458225,-2.191110866834,
    4.002836195065));
#2607 = CARTESIAN_POINT('',(3.09614197554,-3.197108377021,4.102836195065
    ));
#2608 = CARTESIAN_POINT('',(2.057338492854,-4.203105887207,
    4.202836195065));
#2609 = CARTESIAN_POINT('',(0.625618321216,-4.406381602094,
    4.302836195065));
#2610 = CARTESIAN_POINT('',(-0.806101850423,-4.609657316981,
    4.402836195065));
#2611 = CARTESIAN_POINT('',(-2.083870267828,-3.93256682257,
    4.502836195065));
#2612 = CARTESIAN_POINT('',(-3.361638685233,-3.255476328158,
    4.602836195065));
#2613 = CARTESIAN_POINT('',(-3.997391242707,-1.956645179854,
    4.702836195065));
#2614 = CARTESIAN_POINT('',(-4.63314380018,-0.65781403155,4.802836195065
    ));
#2615 = CARTESIAN_POINT('',(-4.384044629203,0.766648417642,
    4.902836195065));
#2616 = CARTESIAN_POINT('',(-4.134945458225,2.191110866834,
    5.002836195065));
#2617 = CARTESIAN_POINT('',(-3.09614197554,3.197108377021,5.102836195065
    ));
#2618 = CARTESIAN_POINT('',(-2.057338492854,4.203105887207,
    5.202836195065));
#2619 = CARTESIAN_POINT('',(-0.625618321216,4.406381602094,
    5.302836195065));
#2620 = CARTESIAN_POINT('',(0.806101850423,4.609657316981,5.402836195065
    ));
#2621 = CARTESIAN_POINT('',(2.083870267828,3.93256682257,5.502836195065)
  );
#2622 = CARTESIAN_POINT('',(3.361638685233,3.255476328158,5.602836195065
    ));
#2623 = CARTESIAN_POINT('',(3.997391242707,1.956645179854,5.702836195065
    ));
#2624 = CARTESIAN_POINT('',(4.63314380018,0.65781403155,5.802836195065)
  );
#2625 = CARTESIAN_POINT('',(4.384044629203,-0.766648417642,
    5.902836195065));
#2626 = CARTESIAN_POINT('',(4.134945458225,-2.191110866834,
    6.002836195065));
#2627 = CARTESIAN_POINT('',(3.09614197554,-3.197108377021,6.102836195065
    ));
#2628 = CARTESIAN_POINT('',(2.057338492854,-4.203105887207,
    6.202836195065));
#2629 = CARTESIAN_POINT('',(0.625618321216,-4.406381602094,
    6.302836195065));
#2630 = CARTESIAN_POINT('',(-0.806101850423,-4.609657316981,
    6.402836195065));
#2631 = CARTESIAN_POINT('',(-2.083870267828,-3.93256682257,
    6.502836195065));
#2632 = CARTESIAN_POINT('',(-3.361638685233,-3.255476328158,
    6.602836195065));
#2633 = CARTESIAN_POINT('',(-3.997391242707,-1.956645179854,
    6.702836195065));
#2634 = CARTESIAN_POINT('',(-4.63314380018,-0.65781403155,6.802836195065
    ));
#2635 = CARTESIAN_POINT('',(-4.384044629203,0.766648417642,
    6.902836195065));
#2636 = CARTESIAN_POINT('',(-4.134945458225,2.191110866834,
    7.002836195065));
#2637 = CARTESIAN_POINT('',(-3.09614197554,3.197108377021,7.102836195065
    ));
#2638 = CARTESIAN_POINT('',(-2.057338492854,4.203105887207,
    7.202836195065));
#2639 = CARTESIAN_POINT('',(-0.625618321216,4.406381602094,
    7.302836195065));
#2640 = CARTESIAN_POINT('',(0.806101850423,4.609657316981,7.402836195065
    ));
#2641 = CARTESIAN_POINT('',(2.083870267828,3.93256682257,7.502836195065)
  );
#2642 = CARTESIAN_POINT('',(3.361638685233,3.255476328158,7.602836195065
    ));
#2643 = CARTESIAN_POINT('',(3.997391242707,1.956645179854,7.702836195065
    ));
#2644 = CARTESIAN_POINT('',(4.63314380018,0.65781403155,7.802836195065)
  );
#2645 = CARTESIAN_POINT('',(4.384044629203,-0.766648417642,
    7.902836195065));
#2646 = CARTESIAN_POINT('',(4.134945458225,-2.191110866834,
    8.002836195065));
#2647 = CARTESIAN_POINT('',(3.09614197554,-3.197108377021,8.102836195065
    ));
#2648 = CARTESIAN_POINT('',(2.057338492854,-4.203105887207,
    8.202836195065));
#2649 = CARTESIAN_POINT('',(0.625618321216,-4.406381602094,
    8.302836195065));
#2650 = CARTESIAN_POINT('',(-0.806101850423,-4.609657316981,
    8.402836195065));
#2651 = CARTESIAN_POINT('',(-2.083870267828,-3.93256682257,
    8.502836195065));
#2652 = CARTESIAN_POINT('',(-3.361638685233,-3.255476328158,
    8.602836195065));
#2653 = CARTESIAN_POINT('',(-3.997391242707,-1.956645179854,
    8.702836195065));
#2654 = CARTESIAN_POINT('',(-4.63314380018,-0.65781403155,8.802836195065
    ));
#2655 = CARTESIAN_POINT('',(-4.384044629203,0.766648417642,
    8.902836195065));
#2656 = CARTESIAN_POINT('',(-4.134945458225,2.191110866834,
    9.002836195065));
#2657 = CARTESIAN_POINT('',(-3.09614197554,3.197108377021,9.102836195065
    ));
#2658 = CARTESIAN_POINT('',(-2.057338492854,4.203105887207,
    9.202836195065));
#2659 = CARTESIAN_POINT('',(-0.625618321216,4.406381602094,
    9.302836195065));
#2660 = CARTESIAN_POINT('',(0.806101850423,4.609657316981,9.402836195065
    ));
#2661 = CARTESIAN_POINT('',(2.083870267828,3.93256682257,9.502836195065)
  );
#2662 = CARTESIAN_POINT('',(3.361638685233,3.255476328158,9.602836195065
    ));
#2663 = CARTESIAN_POINT('',(3.997391242707,1.956645179854,9.702836195065
    ));
#2664 = CARTESIAN_POINT('',(4.63314380018,0.65781403155,9.802836195065)
  );
#2665 = CARTESIAN_POINT('',(4.384044629203,-0.766648417642,
    9.902836195065));
#2666 = CARTESIAN_POINT('',(4.134945458225,-2.191110866834,
    10.002836195065));
#2667 = CARTESIAN_POINT('',(3.09614197554,-3.197108377021,
    10.102836195065));
#2668 = CARTESIAN_POINT('',(2.057338492854,-4.203105887207,
    10.202836195065));
#2669 = CARTESIAN_POINT('',(0.625618321216,-4.406381602094,
    10.302836195065));
#2670 = CARTESIAN_POINT('',(-0.806101850423,-4.609657316981,
    10.402836195065));
#2671 = CARTESIAN_POINT('',(-2.083870267828,-3.93256682257,
    10.502836195065));
#2672 = CARTESIAN_POINT('',(-3.361638685233,-3.255476328158,
    10.602836195065));
#2673 = CARTESIAN_POINT('',(-3.997391242707,-1.956645179854,
    10.702836195065));
#2674 = CARTESIAN_POINT('',(-4.63314380018,-0.65781403155,
    10.802836195065));
#2675 = CARTESIAN_POINT('',(-4.384044629203,0.766648417642,
    10.902836195065));
#2676 = CARTESIAN_POINT('',(-4.134945458225,2.191110866834,
    11.002836195065));
#2677 = CARTESIAN_POINT('',(-3.09614197554,3.197108377021,
    11.102836195065));
#2678 = CARTESIAN_POINT('',(-2.057338492854,4.203105887207,
    11.202836195065));
#2679 = CARTESIAN_POINT('',(-0.625618321216,4.406381602094,
    11.302836195065));
#2680 = CARTESIAN_POINT('',(0.806101850423,4.609657316981,
    11.402836195065));
#2681 = CARTESIAN_POINT('',(2.083870267828,3.93256682257,11.502836195065
    ));
#2682 = CARTESIAN_POINT('',(3.361638685233,3.255476328158,
    11.602836195065));
#2683 = CARTESIAN_POINT('',(3.997391242707,1.956645179854,
    11.702836195065));
#2684 = CARTESIAN_POINT('',(4.63314380018,0.65781403155,11.802836195065)
  );
#2685 = CARTESIAN_POINT('',(4.384044629203,-0.766648417642,
    11.902836195065));
#2686 = CARTESIAN_POINT('',(4.134945458225,-2.191110866834,
    12.002836195065));
#2687 = CARTESIAN_POINT('',(3.09614197554,-3.197108377021,
    12.102836195065));
#2688 = CARTESIAN_POINT('',(2.057338492854,-4.203105887207,
    12.202836195065));
#2689 = CARTESIAN_POINT('',(0.625618321216,-4.406381602094,
    12.302836195065));
#2690 = CARTESIAN_POINT('',(-0.806101850423,-4.609657316981,
    12.402836195065));
#2691 = CARTESIAN_POINT('',(-2.083870267828,-3.93256682257,
    12.502836195065));
#2692 = CARTESIAN_POINT('',(-3.361638685233,-3.255476328158,
    12.602836195065));
#2693 = CARTESIAN_POINT('',(-3.997391242707,-1.956645179854,
    12.702836195065));
#2694 = CARTESIAN_POINT('',(-4.63314380018,-0.65781403155,
    12.802836195065));
#2695 = CARTESIAN_POINT('',(-4.384044629203,0.766648417642,
    12.902836195065));
#2696 = CARTESIAN_POINT('',(-4.134945458225,2.191110866834,
    13.002836195065));
#2697 = CARTESIAN_POINT('',(-3.09614197554,3.197108377021,
    13.102836195065));
#2698 = CARTESIAN_POINT('',(-2.057338492854,4.203105887207,
    13.202836195065));
#2699 = CARTESIAN_POINT('',(-0.625618321216,4.406381602094,
    13.302836195065));
#2700 = CARTESIAN_POINT('',(0.806101850423,4.609657316981,
    13.402836195065));
#2701 = CARTESIAN_POINT('',(2.083870267828,3.93256682257,13.502836195065
    ));
#2702 = CARTESIAN_POINT('',(3.361638685233,3.255476328158,
    13.602836195065));
#2703 = CARTESIAN_POINT('',(3.997391242707,1.956645179854,
    13.702836195065));
#2704 = CARTESIAN_POINT('',(4.63314380018,0.65781403155,13.802836195065)
  );
#2705 = CARTESIAN_POINT('',(4.384044629203,-0.766648417642,
    13.902836195065));
#2706 = CARTESIAN_POINT('',(4.134945458225,-2.191110866834,
    14.002836195065));
#2707 = CARTESIAN_POINT('',(3.09614197554,-3.197108377021,
    14.102836195065));
#2708 = CARTESIAN_POINT('',(2.057338492854,-4.203105887207,
    14.202836195065));
#2709 = CARTESIAN_POINT('',(0.625618321216,-4.406381602094,
    14.302836195065));
#2710 = CARTESIAN_POINT('',(-0.806101850423,-4.609657316981,
    14.402836195065));
#2711 = CARTESIAN_POINT('',(-2.083870267828,-3.93256682257,
    14.502836195065));
#2712 = CARTESIAN_POINT('',(-3.361638685233,-3.255476328158,
    14.602836195065));
#2713 = CARTESIAN_POINT('',(-3.997391242707,-1.956645179854,
    14.702836195065));
#2714 = CARTESIAN_POINT('',(-4.63314380018,-0.65781403155,
    14.802836195065));
#2715 = CARTESIAN_POINT('',(-4.384044629203,0.766648417642,
    14.902836195065));
#2716 = CARTESIAN_POINT('',(-4.134945458225,2.191110866834,
    15.002836195065));
#2717 = CARTESIAN_POINT('',(-3.09614197554,3.197108377021,
    15.102836195065));
#2718 = CARTESIAN_POINT('',(-2.057338492854,4.203105887207,
    15.202836195065));
#2719 = CARTESIAN_POINT('',(-0.625618321216,4.406381602094,
    15.302836195065));
#2720 = CARTESIAN_POINT('',(0.806101850423,4.609657316981,
    15.402836195065));
#2721 = CARTESIAN_POINT('',(2.083870267828,3.93256682257,15.502836195065
    ));
#2722 = CARTESIAN_POINT('',(3.361638685233,3.255476328158,
    15.602836195065));
#2723 = CARTESIAN_POINT('',(3.997391242707,1.956645179854,
    15.702836195065));
#2724 = CARTESIAN_POINT('',(4.63314380018,0.65781403155,15.802836195065)
  );
#2725 = CARTESIAN_POINT('',(4.384044629203,-0.766648417642,
    15.902836195065));
#2726 = CARTESIAN_POINT('',(4.134945458225,-2.191110866834,
    16.002836195065));
#2727 = CARTESIAN_POINT('',(3.09614197554,-3.197108377021,
    16.102836195065));
#2728 = CARTESIAN_POINT('',(-3.14662517628,3.14662517628,-6.E-17));
#2729 = CARTESIAN_POINT('',(-2.124224679844,4.169025672716,0.1));
#2730 = CARTESIAN_POINT('',(-0.696133369429,4.395213115648,0.2));
#2731 = CARTESIAN_POINT('',(0.731957940986,4.621400558581,0.3));
#2732 = CARTESIAN_POINT('',(2.020257723841,3.964979032638,0.4));
#2733 = CARTESIAN_POINT('',(3.308557506696,3.308557506696,0.5));
#2734 = CARTESIAN_POINT('',(3.964979032638,2.020257723841,0.6));
#2735 = CARTESIAN_POINT('',(4.621400558581,0.731957940986,0.7));
#2736 = CARTESIAN_POINT('',(4.395213115648,-0.696133369429,0.8));
#2737 = CARTESIAN_POINT('',(4.169025672716,-2.124224679844,0.9));
#2738 = CARTESIAN_POINT('',(3.14662517628,-3.14662517628,1.));
#2739 = CARTESIAN_POINT('',(2.124224679844,-4.169025672716,1.1));
#2740 = CARTESIAN_POINT('',(0.696133369429,-4.395213115648,1.2));
#2741 = CARTESIAN_POINT('',(-0.731957940986,-4.621400558581,1.3));
#2742 = CARTESIAN_POINT('',(-2.020257723841,-3.964979032638,1.4));
#2743 = CARTESIAN_POINT('',(-3.308557506696,-3.308557506696,1.5));
#2744 = CARTESIAN_POINT('',(-3.964979032638,-2.020257723841,1.6));
#2745 = CARTESIAN_POINT('',(-4.621400558581,-0.731957940986,1.7));
#2746 = CARTESIAN_POINT('',(-4.395213115648,0.696133369429,1.8));
#2747 = CARTESIAN_POINT('',(-4.169025672716,2.124224679844,1.9));
#2748 = CARTESIAN_POINT('',(-3.14662517628,3.14662517628,2.));
#2749 = CARTESIAN_POINT('',(-2.124224679844,4.169025672716,2.1));
#2750 = CARTESIAN_POINT('',(-0.696133369429,4.395213115648,2.2));
#2751 = CARTESIAN_POINT('',(0.731957940986,4.621400558581,2.3));
#2752 = CARTESIAN_POINT('',(2.020257723841,3.964979032638,2.4));
#2753 = CARTESIAN_POINT('',(3.308557506696,3.308557506696,2.5));
#2754 = CARTESIAN_POINT('',(3.964979032638,2.020257723841,2.6));
#2755 = CARTESIAN_POINT('',(4.621400558581,0.731957940986,2.7));
#2756 = CARTESIAN_POINT('',(4.395213115648,-0.696133369429,2.8));
#2757 = CARTESIAN_POINT('',(4.169025672716,-2.124224679844,2.9));
#2758 = CARTESIAN_POINT('',(3.14662517628,-3.14662517628,3.));
#2759 = CARTESIAN_POINT('',(2.124224679844,-4.169025672716,3.1));
#2760 = CARTESIAN_POINT('',(0.696133369429,-4.395213115648,3.2));
#2761 = CARTESIAN_POINT('',(-0.731957940986,-4.621400558581,3.3));
#2762 = CARTESIAN_POINT('',(-2.020257723841,-3.964979032638,3.4));
#2763 = CARTESIAN_POINT('',(-3.308557506696,-3.308557506696,3.5));
#2764 = CARTESIAN_POINT('',(-3.964979032638,-2.020257723841,3.6));
#2765 = CARTESIAN_POINT('',(-4.621400558581,-0.731957940986,3.7));
#2766 = CARTESIAN_POINT('',(-4.395213115648,0.696133369429,3.8));
#2767 = CARTESIAN_POINT('',(-4.169025672716,2.124224679844,3.9));
#2768 = CARTESIAN_POINT('',(-3.14662517628,3.14662517628,4.));
#2769 = CARTESIAN_POINT('',(-2.124224679844,4.169025672716,4.1));
#2770 = CARTESIAN_POINT('',(-0.696133369429,4.395213115648,4.2));
#2771 = CARTESIAN_POINT('',(0.731957940986,4.621400558581,4.3));
#2772 = CARTESIAN_POINT('',(2.020257723841,3.964979032638,4.4));
#2773 = CARTESIAN_POINT('',(3.308557506696,3.308557506696,4.5));
#2774 = CARTESIAN_POINT('',(3.964979032638,2.020257723841,4.6));
#2775 = CARTESIAN_POINT('',(4.621400558581,0.731957940986,4.7));
#2776 = CARTESIAN_POINT('',(4.395213115648,-0.696133369429,4.8));
#2777 = CARTESIAN_POINT('',(4.169025672716,-2.124224679844,4.9));
#2778 = CARTESIAN_POINT('',(3.14662517628,-3.14662517628,5.));
#2779 = CARTESIAN_POINT('',(2.124224679844,-4.169025672716,5.1));
#2780 = CARTESIAN_POINT('',(0.696133369429,-4.395213115648,5.2));
#2781 = CARTESIAN_POINT('',(-0.731957940986,-4.621400558581,5.3));
#2782 = CARTESIAN_POINT('',(-2.020257723841,-3.964979032638,5.4));
#2783 = CARTESIAN_POINT('',(-3.308557506696,-3.308557506696,5.5));
#2784 = CARTESIAN_POINT('',(-3.964979032638,-2.020257723841,5.6));
#2785 = CARTESIAN_POINT('',(-4.621400558581,-0.731957940986,5.7));
#2786 = CARTESIAN_POINT('',(-4.395213115648,0.696133369429,5.8));
#2787 = CARTESIAN_POINT('',(-4.169025672716,2.124224679844,5.9));
#2788 = CARTESIAN_POINT('',(-3.14662517628,3.14662517628,6.));
#2789 = CARTESIAN_POINT('',(-2.124224679844,4.169025672716,6.1));
#2790 = CARTESIAN_POINT('',(-0.696133369429,4.395213115648,6.2));
#2791 = CARTESIAN_POINT('',(0.731957940986,4.621400558581,6.3));
#2792 = CARTESIAN_POINT('',(2.020257723841,3.964979032638,6.4));
#2793 = CARTESIAN_POINT('',(3.308557506696,3.308557506696,6.5));
#2794 = CARTESIAN_POINT('',(3.964979032638,2.020257723841,6.6));
#2795 = CARTESIAN_POINT('',(4.621400558581,0.731957940986,6.7));
#2796 = CARTESIAN_POINT('',(4.395213115648,-0.696133369429,6.8));
#2797 = CARTESIAN_POINT('',(4.169025672716,-2.124224679844,6.9));
#2798 = CARTESIAN_POINT('',(3.14662517628,-3.14662517628,7.));
#2799 = CARTESIAN_POINT('',(2.124224679844,-4.169025672716,7.1));
#2800 = CARTESIAN_POINT('',(0.696133369429,-4.395213115648,7.2));
#2801 = CARTESIAN_POINT('',(-0.731957940986,-4.621400558581,7.3));
#2802 = CARTESIAN_POINT('',(-2.020257723841,-3.964979032638,7.4));
#2803 = CARTESIAN_POINT('',(-3.308557506696,-3.308557506696,7.5));
#2804 = CARTESIAN_POINT('',(-3.964979032638,-2.020257723841,7.6));
#2805 = CARTESIAN_POINT('',(-4.621400558581,-0.731957940986,7.7));
#2806 = CARTESIAN_POINT('',(-4.395213115648,0.696133369429,7.8));
#2807 = CARTESIAN_POINT('',(-4.169025672716,2.124224679844,7.9));
#2808 = CARTESIAN_POINT('',(-3.14662517628,3.14662517628,8.));
#2809 = CARTESIAN_POINT('',(-2.124224679844,4.169025672716,8.1));
#2810 = CARTESIAN_POINT('',(-0.696133369429,4.395213115648,8.2));
#2811 = CARTESIAN_POINT('',(0.731957940986,4.621400558581,8.3));
#2812 = CARTESIAN_POINT('',(2.020257723841,3.964979032638,8.4));
#2813 = CARTESIAN_POINT('',(3.308557506696,3.308557506696,8.5));
#2814 = CARTESIAN_POINT('',(3.964979032638,2.020257723841,8.6));
#2815 = CARTESIAN_POINT('',(4.621400558581,0.731957940986,8.7));
#2816 = CARTESIAN_POINT('',(4.395213115648,-0.696133369429,8.8));
#2817 = CARTESIAN_POINT('',(4.169025672716,-2.124224679844,8.9));
#2818 = CARTESIAN_POINT('',(3.14662517628,-3.14662517628,9.));
#2819 = CARTESIAN_POINT('',(2.124224679844,-4.169025672716,9.1));
#2820 = CARTESIAN_POINT('',(0.696133369429,-4.395213115648,9.2));
#2821 = CARTESIAN_POINT('',(-0.731957940986,-4.621400558581,9.3));
#2822 = CARTESIAN_POINT('',(-2.020257723841,-3.964979032638,9.4));
#2823 = CARTESIAN_POINT('',(-3.308557506696,-3.308557506696,9.5));
#2824 = CARTESIAN_POINT('',(-3.964979032638,-2.020257723841,9.6));
#2825 = CARTESIAN_POINT('',(-4.621400558581,-0.731957940986,9.7));
#2826 = CARTESIAN_POINT('',(-4.395213115648,0.696133369429,9.8));
#2827 = CARTESIAN_POINT('',(-4.169025672716,2.124224679844,9.9));
#2828 = CARTESIAN_POINT('',(-3.14662517628,3.14662517628,10.));
#2829 = CARTESIAN_POINT('',(-2.124224679844,4.169025672716,10.1));
#2830 = CARTESIAN_POINT('',(-0.696133369429,4.395213115648,10.2));
#2831 = CARTESIAN_POINT('',(0.731957940986,4.621400558581,10.3));
#2832 = CARTESIAN_POINT('',(2.020257723841,3.964979032638,10.4));
#2833 = CARTESIAN_POINT('',(3.308557506696,3.308557506696,10.5));
#2834 = CARTESIAN_POINT('',(3.964979032638,2.020257723841,10.6));
#2835 = CARTESIAN_POINT('',(4.621400558581,0.731957940986,10.7));
#2836 = CARTESIAN_POINT('',(4.395213115648,-0.696133369429,10.8));
#2837 = CARTESIAN_POINT('',(4.169025672716,-2.124224679844,10.9));
#2838 = CARTESIAN_POINT('',(3.14662517628,-3.14662517628,11.));
#2839 = CARTESIAN_POINT('',(2.124224679844,-4.169025672716,11.1));
#2840 = CARTESIAN_POINT('',(0.696133369429,-4.395213115648,11.2));
#2841 = CARTESIAN_POINT('',(-0.731957940986,-4.621400558581,11.3));
#2842 = CARTESIAN_POINT('',(-2.020257723841,-3.964979032638,11.4));
#2843 = CARTESIAN_POINT('',(-3.308557506696,-3.308557506696,11.5));
#2844 = CARTESIAN_POINT('',(-3.964979032638,-2.020257723841,11.6));
#2845 = CARTESIAN_POINT('',(-4.621400558581,-0.731957940986,11.7));
#2846 = CARTESIAN_POINT('',(-4.395213115648,0.696133369429,11.8));
#2847 = CARTESIAN_POINT('',(-4.169025672716,2.124224679844,11.9));
#2848 = CARTESIAN_POINT('',(-3.14662517628,3.14662517628,12.));
#2849 = CARTESIAN_POINT('',(-2.124224679844,4.169025672716,12.1));
#2850 = CARTESIAN_POINT('',(-0.696133369429,4.395213115648,12.2));
#2851 = CARTESIAN_POINT('',(0.731957940986,4.621400558581,12.3));
#2852 = CARTESIAN_POINT('',(2.020257723841,3.964979032638,12.4));
#2853 = CARTESIAN_POINT('',(3.308557506696,3.308557506696,12.5));
#2854 = CARTESIAN_POINT('',(3.964979032638,2.020257723841,12.6));
#2855 = CARTESIAN_POINT('',(4.621400558581,0.731957940986,12.7));
#2856 = CARTESIAN_POINT('',(4.395213115648,-0.696133369429,12.8));
#2857 = CARTESIAN_POINT('',(4.169025672716,-2.124224679844,12.9));
#2858 = CARTESIAN_POINT('',(3.14662517628,-3.14662517628,13.));
#2859 = CARTESIAN_POINT('',(2.124224679844,-4.169025672716,13.1));
#2860 = CARTESIAN_POINT('',(0.696133369429,-4.395213115648,13.2));
#2861 = CARTESIAN_POINT('',(-0.731957940986,-4.621400558581,13.3));
#2862 = CARTESIAN_POINT('',(-2.020257723841,-3.964979032638,13.4));
#2863 = CARTESIAN_POINT('',(-3.308557506696,-3.308557506696,13.5));
#2864 = CARTESIAN_POINT('',(-3.964979032638,-2.020257723841,13.6));
#2865 = CARTESIAN_POINT('',(-4.621400558581,-0.731957940986,13.7));
#2866 = CARTESIAN_POINT('',(-4.395213115648,0.696133369429,13.8));
#2867 = CARTESIAN_POINT('',(-4.169025672716,2.124224679844,13.9));
#2868 = CARTESIAN_POINT('',(-3.14662517628,3.14662517628,14.));
#2869 = CARTESIAN_POINT('',(-2.124224679844,4.169025672716,14.1));
#2870 = CARTESIAN_POINT('',(-0.696133369429,4.395213115648,14.2));
#2871 = CARTESIAN_POINT('',(0.731957940986,4.621400558581,14.3));
#2872 = CARTESIAN_POINT('',(2.020257723841,3.964979032638,14.4));
#2873 = CARTESIAN_POINT('',(3.308557506696,3.308557506696,14.5));
#2874 = CARTESIAN_POINT('',(3.964979032638,2.020257723841,14.6));
#2875 = CARTESIAN_POINT('',(4.621400558581,0.731957940986,14.7));
#2876 = CARTESIAN_POINT('',(4.395213115648,-0.696133369429,14.8));
#2877 = CARTESIAN_POINT('',(4.169025672716,-2.124224679844,14.9));
#2878 = CARTESIAN_POINT('',(3.14662517628,-3.14662517628,15.));
#2879 = CARTESIAN_POINT('',(2.124224679844,-4.169025672716,15.1));
#2880 = CARTESIAN_POINT('',(0.696133369429,-4.395213115648,15.2));
#2881 = CARTESIAN_POINT('',(-0.731957940986,-4.621400558581,15.3));
#2882 = CARTESIAN_POINT('',(-2.020257723841,-3.964979032638,15.4));
#2883 = CARTESIAN_POINT('',(-3.308557506696,-3.308557506696,15.5));
#2884 = CARTESIAN_POINT('',(-3.964979032638,-2.020257723841,15.6));
#2885 = CARTESIAN_POINT('',(-4.621400558581,-0.731957940986,15.7));
#2886 = CARTESIAN_POINT('',(-4.395213115648,0.696133369429,15.8));
#2887 = CARTESIAN_POINT('',(-4.169025672716,2.124224679844,15.9));
#2888 = CARTESIAN_POINT('',(-3.14662517628,3.14662517628,16.));
#2889 = CARTESIAN_POINT('',(-2.124224679844,4.169025672716,16.1));
#2890 = CARTESIAN_POINT('',(-0.696133369429,4.395213115648,16.2));
#2891 = CARTESIAN_POINT('',(0.731957940986,4.621400558581,16.3));
#2892 = CARTESIAN_POINT('',(2.020257723841,3.964979032638,16.4));
#2893 = CARTESIAN_POINT('',(3.308557506696,3.308557506696,16.5));
#2894 = CARTESIAN_POINT('',(3.964979032638,2.020257723841,16.6));
#2895 = CARTESIAN_POINT('',(4.621400558581,0.731957940986,16.7));
#2896 = CARTESIAN_POINT('',(4.395213115648,-0.696133369429,16.8));
#2897 = CARTESIAN_POINT('',(4.169025672716,-2.124224679844,16.9));
#2898 = CARTESIAN_POINT('',(3.14662517628,-3.14662517628,17.));
#2899 = ADVANCED_FACE('',(#2900),#2911,.F.);
#2900 = FACE_BOUND('',#2901,.T.);
#2901 = EDGE_LOOP('',(#2902,#2908,#2909,#2910));
#2902 = ORIENTED_EDGE('',*,*,#2903,.F.);
#2903 = EDGE_CURVE('',#209,#218,#2904,.T.);
#2904 = LINE('',#2905,#2906);
#2905 = CARTESIAN_POINT('',(2.516629114607,-2.503829031818,
    17.113738538862));
#2906 = VECTOR('',#2907,1.);
#2907 = DIRECTION('',(0.707106781187,-0.707106781187,-0.));
#2908 = ORIENTED_EDGE('',*,*,#208,.F.);
#2909 = ORIENTED_EDGE('',*,*,#1695,.F.);
#2910 = ORIENTED_EDGE('',*,*,#260,.F.);
#2911 = PLANE('',#2912);
#2912 = AXIS2_PLACEMENT_3D('',#2913,#2914,#2915);
#2913 = CARTESIAN_POINT('',(2.510229073212,-2.510229073212,17.));
#2914 = DIRECTION('',(0.704878455894,0.704878455894,-7.932669684369E-02)
  );
#2915 = DIRECTION('',(-0.707106781187,0.707106781187,0.));
#2916 = ADVANCED_FACE('',(#2917),#2921,.F.);
#2917 = FACE_BOUND('',#2918,.T.);
#2918 = EDGE_LOOP('',(#2919,#2920));
#2919 = ORIENTED_EDGE('',*,*,#2903,.T.);
#2920 = ORIENTED_EDGE('',*,*,#217,.F.);
#2921 = PLANE('',#2922);
#2922 = AXIS2_PLACEMENT_3D('',#2923,#2924,#2925);
#2923 = CARTESIAN_POINT('',(6.532581943769,-5.,17.113738538862));
#2924 = DIRECTION('',(0.,0.,-1.));
#2925 = DIRECTION('',(-1.,0.,-0.));
#2926 = ADVANCED_FACE('',(#2927),#2936,.T.);
#2927 = FACE_BOUND('',#2928,.T.);
#2928 = EDGE_LOOP('',(#2929,#2935));
#2929 = ORIENTED_EDGE('',*,*,#2930,.T.);
#2930 = EDGE_CURVE('',#22,#24,#2931,.T.);
#2931 = LINE('',#2932,#2933);
#2932 = CARTESIAN_POINT('',(-2.510229073212,2.510229073212,4.E-17));
#2933 = VECTOR('',#2934,1.);
#2934 = DIRECTION('',(0.707106781187,-0.707106781187,0.));
#2935 = ORIENTED_EDGE('',*,*,#21,.F.);
#2936 = PLANE('',#2937);
#2937 = AXIS2_PLACEMENT_3D('',#2938,#2939,#2940);
#2938 = CARTESIAN_POINT('',(-2.510229073212,2.510229073212,-1.E-17));
#2939 = DIRECTION('',(-0.704878455894,-0.704878455894,
    -7.932669684369E-02));
#2940 = DIRECTION('',(0.707106781187,-0.707106781187,0.));
#2941 = ADVANCED_FACE('',(#2942),#2946,.F.);
#2942 = FACE_BOUND('',#2943,.T.);
#2943 = EDGE_LOOP('',(#2944,#2945));
#2944 = ORIENTED_EDGE('',*,*,#1645,.F.);
#2945 = ORIENTED_EDGE('',*,*,#2930,.F.);
#2946 = PLANE('',#2947);
#2947 = AXIS2_PLACEMENT_3D('',#2948,#2949,#2950);
#2948 = CARTESIAN_POINT('',(-7.57868463874,-5.,0.));
#2949 = DIRECTION('',(0.,0.,1.));
#2950 = DIRECTION('',(1.,0.,-0.));
#2951 = ( GEOMETRIC_REPRESENTATION_CONTEXT(3) 
GLOBAL_UNCERTAINTY_ASSIGNED_CONTEXT((#2955)) 
GLOBAL_UNIT_ASSIGNED_CONTEXT((#2952,#2953,#2954)) REPRESENTATION_CONTEXT
('Context #1','3D Context with UNIT and UNCERTAINTY') );
#2952 = ( LENGTH_UNIT() NAMED_UNIT(*) SI_UNIT(.MILLI.,.METRE.) );
#2953 = ( NAMED_UNIT(*) PLANE_ANGLE_UNIT() SI_UNIT($,.RADIAN.) );
#2954 = ( NAMED_UNIT(*) SI_UNIT($,.STERADIAN.) SOLID_ANGLE_UNIT() );
#2955 = UNCERTAINTY_MEASURE_WITH_UNIT(LENGTH_MEASURE(1.E-04),#2952,
  'distance_accuracy_value','confusion accuracy');
#2956 = PRODUCT_RELATED_PRODUCT_CATEGORY('part',$,(#7));
#2957 = MECHANICAL_DESIGN_GEOMETRIC_PRESENTATION_REPRESENTATION('',(
    #2958),#2951);
#2958 = STYLED_ITEM('color',(#2959),#15);
#2959 = PRESENTATION_STYLE_ASSIGNMENT((#2960,#2966));
#2960 = SURFACE_STYLE_USAGE(.BOTH.,#2961);
#2961 = SURFACE_SIDE_STYLE('',(#2962));
#2962 = SURFACE_STYLE_FILL_AREA(#2963);
#2963 = FILL_AREA_STYLE('',(#2964));
#2964 = FILL_AREA_STYLE_COLOUR('',#2965);
#2965 = COLOUR_RGB('',0.898039222556,0.898039222556,0.898039222556);
#2966 = CURVE_STYLE('',#2967,POSITIVE_LENGTH_MEASURE(0.1),#2968);
#2967 = DRAUGHTING_PRE_DEFINED_CURVE_FONT('continuous');
#2968 = COLOUR_RGB('',9.803921802644E-02,9.803921802644E-02,
  9.803921802644E-02);
ENDSEC;
END-ISO-10303-21;
