ISO-10303-21;
HEADER;
FILE_DESCRIPTION(('FreeCAD Model'),'2;1');
FILE_NAME('Open CASCADE Shape Model','2026-08-31T06:03:04',('Author'),(
    ''),'Open CASCADE STEP processor 7.9','FreeCAD','Unknown');
FILE_SCHEMA(('AUTOMOTIVE_DESIGN { 1 0 10303 214 1 1 1 1 }'));
ENDSEC;
DATA;
#1 = APPLICATION_PROTOCOL_DEFINITION('international standard',
  'automotive_design',2000,#2);
#2 = APPLICATION_CONTEXT(
  'core data for automotive mechanical design processes');
#3 = SHAPE_DEFINITION_REPRESENTATION(#4,#10);
#4 = PRODUCT_DEFINITION_SHAPE('','',#5);
#5 = PRODUCT_DEFINITION('design','',#6,#9);
#6 = PRODUCT_DEFINITION_FORMATION('','',#7);
#7 = PRODUCT('Y plate_Standard','Y plate_Standard','',(#8));
#8 = PRODUCT_CONTEXT('',#2,'mechanical');
#9 = PRODUCT_DEFINITION_CONTEXT('part definition',#2,'design');
#10 = ADVANCED_BREP_SHAPE_REPRESENTATION('',(#11,#15),#2533);
#11 = AXIS2_PLACEMENT_3D('',#12,#13,#14);
#12 = CARTESIAN_POINT('',(0.,0.,0.));
#13 = DIRECTION('',(0.,0.,1.));
#14 = DIRECTION('',(1.,0.,-0.));
#15 = MANIFOLD_SOLID_BREP('',#16);
#16 = CLOSED_SHELL('',(#17,#59,#101,#143,#185,#227,#269,#311,#353,#919,
    #937,#955,#973,#991,#1022,#1053,#1078,#1102,#1127,#1151,#1176,#1200,
    #1225,#1250,#1275,#1299,#1324,#1348,#1373,#1397,#1422,#1446,#1477,
    #1508,#1539,#1570,#1601,#1626,#1650,#1675,#1699,#1724,#1748,#1773,
    #1798,#1823,#1847,#1872,#1896,#1921,#1945,#1970,#1994,#2025,#2056,
    #2087,#2297,#2309,#2321,#2333,#2345,#2362,#2379,#2391,#2403,#2415,
    #2427,#2444,#2461,#2473,#2485,#2497,#2509,#2521));
#17 = ADVANCED_FACE('',(#18),#54,.F.);
#18 = FACE_BOUND('',#19,.F.);
#19 = EDGE_LOOP('',(#20,#30,#39,#47));
#20 = ORIENTED_EDGE('',*,*,#21,.T.);
#21 = EDGE_CURVE('',#22,#24,#26,.T.);
#22 = VERTEX_POINT('',#23);
#23 = CARTESIAN_POINT('',(35.6,-30.1,-2.E-15));
#24 = VERTEX_POINT('',#25);
#25 = CARTESIAN_POINT('',(35.6,-30.1,4.));
#26 = LINE('',#27,#28);
#27 = CARTESIAN_POINT('',(35.6,-30.1,-1.73E-15));
#28 = VECTOR('',#29,1.);
#29 = DIRECTION('',(-0.,-0.,1.));
#30 = ORIENTED_EDGE('',*,*,#31,.F.);
#31 = EDGE_CURVE('',#32,#24,#34,.T.);
#32 = VERTEX_POINT('',#33);
#33 = CARTESIAN_POINT('',(28.4,-30.1,4.));
#34 = CIRCLE('',#35,3.6);
#35 = AXIS2_PLACEMENT_3D('',#36,#37,#38);
#36 = CARTESIAN_POINT('',(32.,-30.1,4.));
#37 = DIRECTION('',(0.,0.,1.));
#38 = DIRECTION('',(1.,0.,-0.));
#39 = ORIENTED_EDGE('',*,*,#40,.F.);
#40 = EDGE_CURVE('',#41,#32,#43,.T.);
#41 = VERTEX_POINT('',#42);
#42 = CARTESIAN_POINT('',(28.4,-30.1,-2.E-15));
#43 = LINE('',#44,#45);
#44 = CARTESIAN_POINT('',(28.4,-30.1,-1.73E-15));
#45 = VECTOR('',#46,1.);
#46 = DIRECTION('',(-0.,-0.,1.));
#47 = ORIENTED_EDGE('',*,*,#48,.T.);
#48 = EDGE_CURVE('',#41,#22,#49,.T.);
#49 = CIRCLE('',#50,3.6);
#50 = AXIS2_PLACEMENT_3D('',#51,#52,#53);
#51 = CARTESIAN_POINT('',(32.,-30.1,-1.73E-15));
#52 = DIRECTION('',(0.,0.,1.));
#53 = DIRECTION('',(1.,0.,-0.));
#54 = CYLINDRICAL_SURFACE('',#55,3.6);
#55 = AXIS2_PLACEMENT_3D('',#56,#57,#58);
#56 = CARTESIAN_POINT('',(32.,-30.1,-1.73E-15));
#57 = DIRECTION('',(-0.,-0.,1.));
#58 = DIRECTION('',(1.,0.,0.));
#59 = ADVANCED_FACE('',(#60),#96,.F.);
#60 = FACE_BOUND('',#61,.F.);
#61 = EDGE_LOOP('',(#62,#72,#81,#89));
#62 = ORIENTED_EDGE('',*,*,#63,.T.);
#63 = EDGE_CURVE('',#64,#66,#68,.T.);
#64 = VERTEX_POINT('',#65);
#65 = CARTESIAN_POINT('',(-24.45,30.1,-2.E-15));
#66 = VERTEX_POINT('',#67);
#67 = CARTESIAN_POINT('',(-24.45,30.1,4.));
#68 = LINE('',#69,#70);
#69 = CARTESIAN_POINT('',(-24.45,30.1,-1.73E-15));
#70 = VECTOR('',#71,1.);
#71 = DIRECTION('',(-0.,-0.,1.));
#72 = ORIENTED_EDGE('',*,*,#73,.F.);
#73 = EDGE_CURVE('',#74,#66,#76,.T.);
#74 = VERTEX_POINT('',#75);
#75 = CARTESIAN_POINT('',(-29.55,30.1,4.));
#76 = CIRCLE('',#77,2.55);
#77 = AXIS2_PLACEMENT_3D('',#78,#79,#80);
#78 = CARTESIAN_POINT('',(-27.,30.1,4.));
#79 = DIRECTION('',(0.,0.,1.));
#80 = DIRECTION('',(1.,0.,-0.));
#81 = ORIENTED_EDGE('',*,*,#82,.F.);
#82 = EDGE_CURVE('',#83,#74,#85,.T.);
#83 = VERTEX_POINT('',#84);
#84 = CARTESIAN_POINT('',(-29.55,30.1,-2.E-15));
#85 = LINE('',#86,#87);
#86 = CARTESIAN_POINT('',(-29.55,30.1,-1.73E-15));
#87 = VECTOR('',#88,1.);
#88 = DIRECTION('',(-0.,-0.,1.));
#89 = ORIENTED_EDGE('',*,*,#90,.T.);
#90 = EDGE_CURVE('',#83,#64,#91,.T.);
#91 = CIRCLE('',#92,2.55);
#92 = AXIS2_PLACEMENT_3D('',#93,#94,#95);
#93 = CARTESIAN_POINT('',(-27.,30.1,-1.73E-15));
#94 = DIRECTION('',(0.,0.,1.));
#95 = DIRECTION('',(1.,0.,-0.));
#96 = CYLINDRICAL_SURFACE('',#97,2.55);
#97 = AXIS2_PLACEMENT_3D('',#98,#99,#100);
#98 = CARTESIAN_POINT('',(-27.,30.1,-1.73E-15));
#99 = DIRECTION('',(-0.,-0.,1.));
#100 = DIRECTION('',(1.,0.,0.));
#101 = ADVANCED_FACE('',(#102),#138,.F.);
#102 = FACE_BOUND('',#103,.F.);
#103 = EDGE_LOOP('',(#104,#114,#123,#131));
#104 = ORIENTED_EDGE('',*,*,#105,.T.);
#105 = EDGE_CURVE('',#106,#108,#110,.T.);
#106 = VERTEX_POINT('',#107);
#107 = CARTESIAN_POINT('',(34.55,30.1,-2.E-15));
#108 = VERTEX_POINT('',#109);
#109 = CARTESIAN_POINT('',(34.55,30.1,4.));
#110 = LINE('',#111,#112);
#111 = CARTESIAN_POINT('',(34.55,30.1,-1.73E-15));
#112 = VECTOR('',#113,1.);
#113 = DIRECTION('',(-0.,-0.,1.));
#114 = ORIENTED_EDGE('',*,*,#115,.F.);
#115 = EDGE_CURVE('',#116,#108,#118,.T.);
#116 = VERTEX_POINT('',#117);
#117 = CARTESIAN_POINT('',(29.45,30.1,4.));
#118 = CIRCLE('',#119,2.55);
#119 = AXIS2_PLACEMENT_3D('',#120,#121,#122);
#120 = CARTESIAN_POINT('',(32.,30.1,4.));
#121 = DIRECTION('',(0.,0.,1.));
#122 = DIRECTION('',(1.,0.,-0.));
#123 = ORIENTED_EDGE('',*,*,#124,.F.);
#124 = EDGE_CURVE('',#125,#116,#127,.T.);
#125 = VERTEX_POINT('',#126);
#126 = CARTESIAN_POINT('',(29.45,30.1,-2.E-15));
#127 = LINE('',#128,#129);
#128 = CARTESIAN_POINT('',(29.45,30.1,-1.73E-15));
#129 = VECTOR('',#130,1.);
#130 = DIRECTION('',(-0.,-0.,1.));
#131 = ORIENTED_EDGE('',*,*,#132,.T.);
#132 = EDGE_CURVE('',#125,#106,#133,.T.);
#133 = CIRCLE('',#134,2.55);
#134 = AXIS2_PLACEMENT_3D('',#135,#136,#137);
#135 = CARTESIAN_POINT('',(32.,30.1,-1.73E-15));
#136 = DIRECTION('',(0.,0.,1.));
#137 = DIRECTION('',(1.,0.,-0.));
#138 = CYLINDRICAL_SURFACE('',#139,2.55);
#139 = AXIS2_PLACEMENT_3D('',#140,#141,#142);
#140 = CARTESIAN_POINT('',(32.,30.1,-1.73E-15));
#141 = DIRECTION('',(-0.,-0.,1.));
#142 = DIRECTION('',(1.,0.,0.));
#143 = ADVANCED_FACE('',(#144),#180,.F.);
#144 = FACE_BOUND('',#145,.F.);
#145 = EDGE_LOOP('',(#146,#156,#165,#173));
#146 = ORIENTED_EDGE('',*,*,#147,.T.);
#147 = EDGE_CURVE('',#148,#150,#152,.T.);
#148 = VERTEX_POINT('',#149);
#149 = CARTESIAN_POINT('',(-23.4,-30.1,-2.E-15));
#150 = VERTEX_POINT('',#151);
#151 = CARTESIAN_POINT('',(-23.4,-30.1,4.));
#152 = LINE('',#153,#154);
#153 = CARTESIAN_POINT('',(-23.4,-30.1,-1.73E-15));
#154 = VECTOR('',#155,1.);
#155 = DIRECTION('',(-0.,-0.,1.));
#156 = ORIENTED_EDGE('',*,*,#157,.F.);
#157 = EDGE_CURVE('',#158,#150,#160,.T.);
#158 = VERTEX_POINT('',#159);
#159 = CARTESIAN_POINT('',(-30.6,-30.1,4.));
#160 = CIRCLE('',#161,3.6);
#161 = AXIS2_PLACEMENT_3D('',#162,#163,#164);
#162 = CARTESIAN_POINT('',(-27.,-30.1,4.));
#163 = DIRECTION('',(0.,0.,1.));
#164 = DIRECTION('',(1.,0.,-0.));
#165 = ORIENTED_EDGE('',*,*,#166,.F.);
#166 = EDGE_CURVE('',#167,#158,#169,.T.);
#167 = VERTEX_POINT('',#168);
#168 = CARTESIAN_POINT('',(-30.6,-30.1,-2.E-15));
#169 = LINE('',#170,#171);
#170 = CARTESIAN_POINT('',(-30.6,-30.1,-1.73E-15));
#171 = VECTOR('',#172,1.);
#172 = DIRECTION('',(-0.,-0.,1.));
#173 = ORIENTED_EDGE('',*,*,#174,.T.);
#174 = EDGE_CURVE('',#167,#148,#175,.T.);
#175 = CIRCLE('',#176,3.6);
#176 = AXIS2_PLACEMENT_3D('',#177,#178,#179);
#177 = CARTESIAN_POINT('',(-27.,-30.1,-1.73E-15));
#178 = DIRECTION('',(0.,0.,1.));
#179 = DIRECTION('',(1.,0.,-0.));
#180 = CYLINDRICAL_SURFACE('',#181,3.6);
#181 = AXIS2_PLACEMENT_3D('',#182,#183,#184);
#182 = CARTESIAN_POINT('',(-27.,-30.1,-1.73E-15));
#183 = DIRECTION('',(-0.,-0.,1.));
#184 = DIRECTION('',(1.,0.,0.));
#185 = ADVANCED_FACE('',(#186),#222,.F.);
#186 = FACE_BOUND('',#187,.F.);
#187 = EDGE_LOOP('',(#188,#198,#207,#215));
#188 = ORIENTED_EDGE('',*,*,#189,.T.);
#189 = EDGE_CURVE('',#190,#192,#194,.T.);
#190 = VERTEX_POINT('',#191);
#191 = CARTESIAN_POINT('',(82.9,-85.,4.));
#192 = VERTEX_POINT('',#193);
#193 = CARTESIAN_POINT('',(82.9,-85.,0.));
#194 = LINE('',#195,#196);
#195 = CARTESIAN_POINT('',(82.9,-85.,4.));
#196 = VECTOR('',#197,1.);
#197 = DIRECTION('',(-0.,-0.,-1.));
#198 = ORIENTED_EDGE('',*,*,#199,.T.);
#199 = EDGE_CURVE('',#192,#200,#202,.T.);
#200 = VERTEX_POINT('',#201);
#201 = CARTESIAN_POINT('',(87.1,-85.,0.));
#202 = CIRCLE('',#203,2.1);
#203 = AXIS2_PLACEMENT_3D('',#204,#205,#206);
#204 = CARTESIAN_POINT('',(85.,-85.,0.));
#205 = DIRECTION('',(0.,0.,1.));
#206 = DIRECTION('',(-1.,0.,0.));
#207 = ORIENTED_EDGE('',*,*,#208,.F.);
#208 = EDGE_CURVE('',#209,#200,#211,.T.);
#209 = VERTEX_POINT('',#210);
#210 = CARTESIAN_POINT('',(87.1,-85.,4.));
#211 = LINE('',#212,#213);
#212 = CARTESIAN_POINT('',(87.1,-85.,4.));
#213 = VECTOR('',#214,1.);
#214 = DIRECTION('',(-0.,-0.,-1.));
#215 = ORIENTED_EDGE('',*,*,#216,.F.);
#216 = EDGE_CURVE('',#190,#209,#217,.T.);
#217 = CIRCLE('',#218,2.1);
#218 = AXIS2_PLACEMENT_3D('',#219,#220,#221);
#219 = CARTESIAN_POINT('',(85.,-85.,4.));
#220 = DIRECTION('',(0.,0.,1.));
#221 = DIRECTION('',(-1.,0.,0.));
#222 = CYLINDRICAL_SURFACE('',#223,2.1);
#223 = AXIS2_PLACEMENT_3D('',#224,#225,#226);
#224 = CARTESIAN_POINT('',(85.,-85.,4.));
#225 = DIRECTION('',(-0.,-0.,-1.));
#226 = DIRECTION('',(-1.,0.,0.));
#227 = ADVANCED_FACE('',(#228),#264,.F.);
#228 = FACE_BOUND('',#229,.F.);
#229 = EDGE_LOOP('',(#230,#240,#249,#257));
#230 = ORIENTED_EDGE('',*,*,#231,.T.);
#231 = EDGE_CURVE('',#232,#234,#236,.T.);
#232 = VERTEX_POINT('',#233);
#233 = CARTESIAN_POINT('',(-87.1,-85.,4.));
#234 = VERTEX_POINT('',#235);
#235 = CARTESIAN_POINT('',(-87.1,-85.,0.));
#236 = LINE('',#237,#238);
#237 = CARTESIAN_POINT('',(-87.1,-85.,4.));
#238 = VECTOR('',#239,1.);
#239 = DIRECTION('',(-0.,-0.,-1.));
#240 = ORIENTED_EDGE('',*,*,#241,.T.);
#241 = EDGE_CURVE('',#234,#242,#244,.T.);
#242 = VERTEX_POINT('',#243);
#243 = CARTESIAN_POINT('',(-82.9,-85.,0.));
#244 = CIRCLE('',#245,2.1);
#245 = AXIS2_PLACEMENT_3D('',#246,#247,#248);
#246 = CARTESIAN_POINT('',(-85.,-85.,0.));
#247 = DIRECTION('',(0.,0.,1.));
#248 = DIRECTION('',(-1.,0.,0.));
#249 = ORIENTED_EDGE('',*,*,#250,.F.);
#250 = EDGE_CURVE('',#251,#242,#253,.T.);
#251 = VERTEX_POINT('',#252);
#252 = CARTESIAN_POINT('',(-82.9,-85.,4.));
#253 = LINE('',#254,#255);
#254 = CARTESIAN_POINT('',(-82.9,-85.,4.));
#255 = VECTOR('',#256,1.);
#256 = DIRECTION('',(-0.,-0.,-1.));
#257 = ORIENTED_EDGE('',*,*,#258,.F.);
#258 = EDGE_CURVE('',#232,#251,#259,.T.);
#259 = CIRCLE('',#260,2.1);
#260 = AXIS2_PLACEMENT_3D('',#261,#262,#263);
#261 = CARTESIAN_POINT('',(-85.,-85.,4.));
#262 = DIRECTION('',(0.,0.,1.));
#263 = DIRECTION('',(-1.,0.,0.));
#264 = CYLINDRICAL_SURFACE('',#265,2.1);
#265 = AXIS2_PLACEMENT_3D('',#266,#267,#268);
#266 = CARTESIAN_POINT('',(-85.,-85.,4.));
#267 = DIRECTION('',(-0.,-0.,-1.));
#268 = DIRECTION('',(-1.,0.,0.));
#269 = ADVANCED_FACE('',(#270),#306,.F.);
#270 = FACE_BOUND('',#271,.F.);
#271 = EDGE_LOOP('',(#272,#282,#291,#299));
#272 = ORIENTED_EDGE('',*,*,#273,.T.);
#273 = EDGE_CURVE('',#274,#276,#278,.T.);
#274 = VERTEX_POINT('',#275);
#275 = CARTESIAN_POINT('',(82.9,85.,4.));
#276 = VERTEX_POINT('',#277);
#277 = CARTESIAN_POINT('',(82.9,85.,0.));
#278 = LINE('',#279,#280);
#279 = CARTESIAN_POINT('',(82.9,85.,4.));
#280 = VECTOR('',#281,1.);
#281 = DIRECTION('',(-0.,-0.,-1.));
#282 = ORIENTED_EDGE('',*,*,#283,.T.);
#283 = EDGE_CURVE('',#276,#284,#286,.T.);
#284 = VERTEX_POINT('',#285);
#285 = CARTESIAN_POINT('',(87.1,85.,0.));
#286 = CIRCLE('',#287,2.1);
#287 = AXIS2_PLACEMENT_3D('',#288,#289,#290);
#288 = CARTESIAN_POINT('',(85.,85.,0.));
#289 = DIRECTION('',(0.,0.,1.));
#290 = DIRECTION('',(-1.,0.,0.));
#291 = ORIENTED_EDGE('',*,*,#292,.F.);
#292 = EDGE_CURVE('',#293,#284,#295,.T.);
#293 = VERTEX_POINT('',#294);
#294 = CARTESIAN_POINT('',(87.1,85.,4.));
#295 = LINE('',#296,#297);
#296 = CARTESIAN_POINT('',(87.1,85.,4.));
#297 = VECTOR('',#298,1.);
#298 = DIRECTION('',(-0.,-0.,-1.));
#299 = ORIENTED_EDGE('',*,*,#300,.F.);
#300 = EDGE_CURVE('',#274,#293,#301,.T.);
#301 = CIRCLE('',#302,2.1);
#302 = AXIS2_PLACEMENT_3D('',#303,#304,#305);
#303 = CARTESIAN_POINT('',(85.,85.,4.));
#304 = DIRECTION('',(0.,0.,1.));
#305 = DIRECTION('',(-1.,0.,0.));
#306 = CYLINDRICAL_SURFACE('',#307,2.1);
#307 = AXIS2_PLACEMENT_3D('',#308,#309,#310);
#308 = CARTESIAN_POINT('',(85.,85.,4.));
#309 = DIRECTION('',(-0.,-0.,-1.));
#310 = DIRECTION('',(-1.,0.,0.));
#311 = ADVANCED_FACE('',(#312),#348,.F.);
#312 = FACE_BOUND('',#313,.F.);
#313 = EDGE_LOOP('',(#314,#324,#333,#341));
#314 = ORIENTED_EDGE('',*,*,#315,.T.);
#315 = EDGE_CURVE('',#316,#318,#320,.T.);
#316 = VERTEX_POINT('',#317);
#317 = CARTESIAN_POINT('',(-87.1,85.,4.));
#318 = VERTEX_POINT('',#319);
#319 = CARTESIAN_POINT('',(-87.1,85.,0.));
#320 = LINE('',#321,#322);
#321 = CARTESIAN_POINT('',(-87.1,85.,4.));
#322 = VECTOR('',#323,1.);
#323 = DIRECTION('',(-0.,-0.,-1.));
#324 = ORIENTED_EDGE('',*,*,#325,.T.);
#325 = EDGE_CURVE('',#318,#326,#328,.T.);
#326 = VERTEX_POINT('',#327);
#327 = CARTESIAN_POINT('',(-82.9,85.,0.));
#328 = CIRCLE('',#329,2.1);
#329 = AXIS2_PLACEMENT_3D('',#330,#331,#332);
#330 = CARTESIAN_POINT('',(-85.,85.,0.));
#331 = DIRECTION('',(0.,0.,1.));
#332 = DIRECTION('',(-1.,0.,0.));
#333 = ORIENTED_EDGE('',*,*,#334,.F.);
#334 = EDGE_CURVE('',#335,#326,#337,.T.);
#335 = VERTEX_POINT('',#336);
#336 = CARTESIAN_POINT('',(-82.9,85.,4.));
#337 = LINE('',#338,#339);
#338 = CARTESIAN_POINT('',(-82.9,85.,4.));
#339 = VECTOR('',#340,1.);
#340 = DIRECTION('',(-0.,-0.,-1.));
#341 = ORIENTED_EDGE('',*,*,#342,.F.);
#342 = EDGE_CURVE('',#316,#335,#343,.T.);
#343 = CIRCLE('',#344,2.1);
#344 = AXIS2_PLACEMENT_3D('',#345,#346,#347);
#345 = CARTESIAN_POINT('',(-85.,85.,4.));
#346 = DIRECTION('',(0.,0.,1.));
#347 = DIRECTION('',(-1.,0.,0.));
#348 = CYLINDRICAL_SURFACE('',#349,2.1);
#349 = AXIS2_PLACEMENT_3D('',#350,#351,#352);
#350 = CARTESIAN_POINT('',(-85.,85.,4.));
#351 = DIRECTION('',(-0.,-0.,-1.));
#352 = DIRECTION('',(-1.,0.,0.));
#353 = ADVANCED_FACE('',(#354,#364,#374,#384,#394,#404,#414,#424,#434),
  #914,.F.);
#354 = FACE_BOUND('',#355,.T.);
#355 = EDGE_LOOP('',(#356,#363));
#356 = ORIENTED_EDGE('',*,*,#357,.F.);
#357 = EDGE_CURVE('',#24,#32,#358,.T.);
#358 = CIRCLE('',#359,3.6);
#359 = AXIS2_PLACEMENT_3D('',#360,#361,#362);
#360 = CARTESIAN_POINT('',(32.,-30.1,4.));
#361 = DIRECTION('',(0.,0.,1.));
#362 = DIRECTION('',(1.,0.,-0.));
#363 = ORIENTED_EDGE('',*,*,#31,.F.);
#364 = FACE_BOUND('',#365,.T.);
#365 = EDGE_LOOP('',(#366,#373));
#366 = ORIENTED_EDGE('',*,*,#367,.F.);
#367 = EDGE_CURVE('',#66,#74,#368,.T.);
#368 = CIRCLE('',#369,2.55);
#369 = AXIS2_PLACEMENT_3D('',#370,#371,#372);
#370 = CARTESIAN_POINT('',(-27.,30.1,4.));
#371 = DIRECTION('',(0.,0.,1.));
#372 = DIRECTION('',(1.,0.,-0.));
#373 = ORIENTED_EDGE('',*,*,#73,.F.);
#374 = FACE_BOUND('',#375,.T.);
#375 = EDGE_LOOP('',(#376,#383));
#376 = ORIENTED_EDGE('',*,*,#377,.F.);
#377 = EDGE_CURVE('',#108,#116,#378,.T.);
#378 = CIRCLE('',#379,2.55);
#379 = AXIS2_PLACEMENT_3D('',#380,#381,#382);
#380 = CARTESIAN_POINT('',(32.,30.1,4.));
#381 = DIRECTION('',(0.,0.,1.));
#382 = DIRECTION('',(1.,0.,-0.));
#383 = ORIENTED_EDGE('',*,*,#115,.F.);
#384 = FACE_BOUND('',#385,.T.);
#385 = EDGE_LOOP('',(#386,#393));
#386 = ORIENTED_EDGE('',*,*,#387,.F.);
#387 = EDGE_CURVE('',#150,#158,#388,.T.);
#388 = CIRCLE('',#389,3.6);
#389 = AXIS2_PLACEMENT_3D('',#390,#391,#392);
#390 = CARTESIAN_POINT('',(-27.,-30.1,4.));
#391 = DIRECTION('',(0.,0.,1.));
#392 = DIRECTION('',(1.,0.,-0.));
#393 = ORIENTED_EDGE('',*,*,#157,.F.);
#394 = FACE_BOUND('',#395,.T.);
#395 = EDGE_LOOP('',(#396,#397));
#396 = ORIENTED_EDGE('',*,*,#216,.F.);
#397 = ORIENTED_EDGE('',*,*,#398,.F.);
#398 = EDGE_CURVE('',#209,#190,#399,.T.);
#399 = CIRCLE('',#400,2.1);
#400 = AXIS2_PLACEMENT_3D('',#401,#402,#403);
#401 = CARTESIAN_POINT('',(85.,-85.,4.));
#402 = DIRECTION('',(0.,0.,1.));
#403 = DIRECTION('',(-1.,0.,0.));
#404 = FACE_BOUND('',#405,.T.);
#405 = EDGE_LOOP('',(#406,#407));
#406 = ORIENTED_EDGE('',*,*,#258,.F.);
#407 = ORIENTED_EDGE('',*,*,#408,.F.);
#408 = EDGE_CURVE('',#251,#232,#409,.T.);
#409 = CIRCLE('',#410,2.1);
#410 = AXIS2_PLACEMENT_3D('',#411,#412,#413);
#411 = CARTESIAN_POINT('',(-85.,-85.,4.));
#412 = DIRECTION('',(0.,0.,1.));
#413 = DIRECTION('',(-1.,0.,0.));
#414 = FACE_BOUND('',#415,.T.);
#415 = EDGE_LOOP('',(#416,#417));
#416 = ORIENTED_EDGE('',*,*,#300,.F.);
#417 = ORIENTED_EDGE('',*,*,#418,.F.);
#418 = EDGE_CURVE('',#293,#274,#419,.T.);
#419 = CIRCLE('',#420,2.1);
#420 = AXIS2_PLACEMENT_3D('',#421,#422,#423);
#421 = CARTESIAN_POINT('',(85.,85.,4.));
#422 = DIRECTION('',(0.,0.,1.));
#423 = DIRECTION('',(-1.,0.,0.));
#424 = FACE_BOUND('',#425,.T.);
#425 = EDGE_LOOP('',(#426,#427));
#426 = ORIENTED_EDGE('',*,*,#342,.F.);
#427 = ORIENTED_EDGE('',*,*,#428,.F.);
#428 = EDGE_CURVE('',#335,#316,#429,.T.);
#429 = CIRCLE('',#430,2.1);
#430 = AXIS2_PLACEMENT_3D('',#431,#432,#433);
#431 = CARTESIAN_POINT('',(-85.,85.,4.));
#432 = DIRECTION('',(0.,0.,1.));
#433 = DIRECTION('',(-1.,0.,0.));
#434 = FACE_BOUND('',#435,.T.);
#435 = EDGE_LOOP('',(#436,#447,#455,#464,#472,#481,#489,#498,#506,#515,
    #524,#533,#541,#550,#558,#567,#575,#584,#592,#601,#609,#618,#626,
    #635,#643,#652,#660,#669,#677,#686,#694,#703,#711,#720,#728,#737,
    #745,#754,#763,#772,#780,#789,#797,#806,#814,#823,#831,#840,#848,
    #857,#865,#874,#882,#891,#899,#908));
#436 = ORIENTED_EDGE('',*,*,#437,.F.);
#437 = EDGE_CURVE('',#438,#440,#442,.T.);
#438 = VERTEX_POINT('',#439);
#439 = CARTESIAN_POINT('',(-45.,-8.,4.));
#440 = VERTEX_POINT('',#441);
#441 = CARTESIAN_POINT('',(-44.5,-7.5,4.));
#442 = CIRCLE('',#443,0.5);
#443 = AXIS2_PLACEMENT_3D('',#444,#445,#446);
#444 = CARTESIAN_POINT('',(-44.5,-8.,4.));
#445 = DIRECTION('',(0.,0.,-1.));
#446 = DIRECTION('',(-1.,0.,0.));
#447 = ORIENTED_EDGE('',*,*,#448,.F.);
#448 = EDGE_CURVE('',#449,#438,#451,.T.);
#449 = VERTEX_POINT('',#450);
#450 = CARTESIAN_POINT('',(-45.,-10.69223593595,4.));
#451 = LINE('',#452,#453);
#452 = CARTESIAN_POINT('',(-45.,0.,4.));
#453 = VECTOR('',#454,1.);
#454 = DIRECTION('',(0.,1.,0.));
#455 = ORIENTED_EDGE('',*,*,#456,.F.);
#456 = EDGE_CURVE('',#457,#449,#459,.T.);
#457 = VERTEX_POINT('',#458);
#458 = CARTESIAN_POINT('',(-52.57464374963,-20.3936609374,4.));
#459 = CIRCLE('',#460,10.);
#460 = AXIS2_PLACEMENT_3D('',#461,#462,#463);
#461 = CARTESIAN_POINT('',(-55.,-10.69223593595,4.));
#462 = DIRECTION('',(0.,0.,1.));
#463 = DIRECTION('',(1.,0.,-0.));
#464 = ORIENTED_EDGE('',*,*,#465,.F.);
#465 = EDGE_CURVE('',#466,#457,#468,.T.);
#466 = VERTEX_POINT('',#467);
#467 = CARTESIAN_POINT('',(-87.42535625036,-29.10633906259,4.));
#468 = LINE('',#469,#470);
#469 = CARTESIAN_POINT('',(-87.42535625036,-29.10633906259,4.));
#470 = VECTOR('',#471,1.);
#471 = DIRECTION('',(0.970142500145,0.242535625036,0.));
#472 = ORIENTED_EDGE('',*,*,#473,.F.);
#473 = EDGE_CURVE('',#474,#466,#476,.T.);
#474 = VERTEX_POINT('',#475);
#475 = CARTESIAN_POINT('',(-95.,-38.80776406404,4.));
#476 = CIRCLE('',#477,10.);
#477 = AXIS2_PLACEMENT_3D('',#478,#479,#480);
#478 = CARTESIAN_POINT('',(-85.,-38.80776406404,4.));
#479 = DIRECTION('',(0.,0.,-1.));
#480 = DIRECTION('',(-1.,0.,0.));
#481 = ORIENTED_EDGE('',*,*,#482,.F.);
#482 = EDGE_CURVE('',#483,#474,#485,.T.);
#483 = VERTEX_POINT('',#484);
#484 = CARTESIAN_POINT('',(-95.,-85.,4.));
#485 = LINE('',#486,#487);
#486 = CARTESIAN_POINT('',(-95.,0.,4.));
#487 = VECTOR('',#488,1.);
#488 = DIRECTION('',(0.,1.,0.));
#489 = ORIENTED_EDGE('',*,*,#490,.F.);
#490 = EDGE_CURVE('',#491,#483,#493,.T.);
#491 = VERTEX_POINT('',#492);
#492 = CARTESIAN_POINT('',(-85.,-95.,4.));
#493 = CIRCLE('',#494,10.);
#494 = AXIS2_PLACEMENT_3D('',#495,#496,#497);
#495 = CARTESIAN_POINT('',(-85.,-85.,4.));
#496 = DIRECTION('',(0.,0.,-1.));
#497 = DIRECTION('',(-1.,0.,0.));
#498 = ORIENTED_EDGE('',*,*,#499,.F.);
#499 = EDGE_CURVE('',#500,#491,#502,.T.);
#500 = VERTEX_POINT('',#501);
#501 = CARTESIAN_POINT('',(-80.60002377782,-95.,4.));
#502 = LINE('',#503,#504);
#503 = CARTESIAN_POINT('',(0.,-95.,4.));
#504 = VECTOR('',#505,1.);
#505 = DIRECTION('',(-1.,0.,-0.));
#506 = ORIENTED_EDGE('',*,*,#507,.F.);
#507 = EDGE_CURVE('',#508,#500,#510,.T.);
#508 = VERTEX_POINT('',#509);
#509 = CARTESIAN_POINT('',(-70.52502080559,-92.27698802192,4.));
#510 = CIRCLE('',#511,20.);
#511 = AXIS2_PLACEMENT_3D('',#512,#513,#514);
#512 = CARTESIAN_POINT('',(-80.60002377782,-75.,4.));
#513 = DIRECTION('',(0.,0.,-1.));
#514 = DIRECTION('',(1.,0.,0.));
#515 = ORIENTED_EDGE('',*,*,#516,.F.);
#516 = EDGE_CURVE('',#517,#508,#519,.T.);
#517 = VERTEX_POINT('',#518);
#518 = CARTESIAN_POINT('',(70.525020805593,-92.27698802192,4.));
#519 = CIRCLE('',#520,140.);
#520 = AXIS2_PLACEMENT_3D('',#521,#522,#523);
#521 = CARTESIAN_POINT('',(0.,-213.2159041753,4.));
#522 = DIRECTION('',(0.,0.,1.));
#523 = DIRECTION('',(1.,0.,-0.));
#524 = ORIENTED_EDGE('',*,*,#525,.F.);
#525 = EDGE_CURVE('',#526,#517,#528,.T.);
#526 = VERTEX_POINT('',#527);
#527 = CARTESIAN_POINT('',(80.600023777821,-95.,4.));
#528 = CIRCLE('',#529,20.);
#529 = AXIS2_PLACEMENT_3D('',#530,#531,#532);
#530 = CARTESIAN_POINT('',(80.600023777821,-75.,4.));
#531 = DIRECTION('',(0.,0.,-1.));
#532 = DIRECTION('',(1.,0.,0.));
#533 = ORIENTED_EDGE('',*,*,#534,.F.);
#534 = EDGE_CURVE('',#535,#526,#537,.T.);
#535 = VERTEX_POINT('',#536);
#536 = CARTESIAN_POINT('',(85.,-95.,4.));
#537 = LINE('',#538,#539);
#538 = CARTESIAN_POINT('',(0.,-95.,4.));
#539 = VECTOR('',#540,1.);
#540 = DIRECTION('',(-1.,0.,-0.));
#541 = ORIENTED_EDGE('',*,*,#542,.F.);
#542 = EDGE_CURVE('',#543,#535,#545,.T.);
#543 = VERTEX_POINT('',#544);
#544 = CARTESIAN_POINT('',(95.,-85.,4.));
#545 = CIRCLE('',#546,10.);
#546 = AXIS2_PLACEMENT_3D('',#547,#548,#549);
#547 = CARTESIAN_POINT('',(85.,-85.,4.));
#548 = DIRECTION('',(0.,0.,-1.));
#549 = DIRECTION('',(-1.,0.,0.));
#550 = ORIENTED_EDGE('',*,*,#551,.F.);
#551 = EDGE_CURVE('',#552,#543,#554,.T.);
#552 = VERTEX_POINT('',#553);
#553 = CARTESIAN_POINT('',(95.,-57.30993955962,4.));
#554 = LINE('',#555,#556);
#555 = CARTESIAN_POINT('',(95.,0.,4.));
#556 = VECTOR('',#557,1.);
#557 = DIRECTION('',(-0.,-1.,-0.));
#558 = ORIENTED_EDGE('',*,*,#559,.F.);
#559 = EDGE_CURVE('',#560,#552,#562,.T.);
#560 = VERTEX_POINT('',#561);
#561 = CARTESIAN_POINT('',(88.754396994968,-48.04147133644,4.));
#562 = CIRCLE('',#563,10.);
#563 = AXIS2_PLACEMENT_3D('',#564,#565,#566);
#564 = CARTESIAN_POINT('',(85.,-57.30993955962,4.));
#565 = DIRECTION('',(0.,0.,-1.));
#566 = DIRECTION('',(1.,4.16E-15,0.));
#567 = ORIENTED_EDGE('',*,*,#568,.F.);
#568 = EDGE_CURVE('',#569,#560,#571,.T.);
#569 = VERTEX_POINT('',#570);
#570 = CARTESIAN_POINT('',(51.245603005032,-32.84770899624,4.));
#571 = LINE('',#572,#573);
#572 = CARTESIAN_POINT('',(51.245603005032,-32.84770899624,4.));
#573 = VECTOR('',#574,1.);
#574 = DIRECTION('',(0.926846822318,-0.375439699497,0.));
#575 = ORIENTED_EDGE('',*,*,#576,.F.);
#576 = EDGE_CURVE('',#577,#569,#579,.T.);
#577 = VERTEX_POINT('',#578);
#578 = CARTESIAN_POINT('',(45.,-23.57924077306,4.));
#579 = CIRCLE('',#580,10.);
#580 = AXIS2_PLACEMENT_3D('',#581,#582,#583);
#581 = CARTESIAN_POINT('',(55.,-23.57924077306,4.));
#582 = DIRECTION('',(0.,0.,1.));
#583 = DIRECTION('',(1.,0.,-0.));
#584 = ORIENTED_EDGE('',*,*,#585,.F.);
#585 = EDGE_CURVE('',#586,#577,#588,.T.);
#586 = VERTEX_POINT('',#587);
#587 = CARTESIAN_POINT('',(45.,-8.,4.));
#588 = LINE('',#589,#590);
#589 = CARTESIAN_POINT('',(45.,0.,4.));
#590 = VECTOR('',#591,1.);
#591 = DIRECTION('',(-0.,-1.,-0.));
#592 = ORIENTED_EDGE('',*,*,#593,.F.);
#593 = EDGE_CURVE('',#594,#586,#596,.T.);
#594 = VERTEX_POINT('',#595);
#595 = CARTESIAN_POINT('',(44.5,-7.5,4.));
#596 = CIRCLE('',#597,0.5);
#597 = AXIS2_PLACEMENT_3D('',#598,#599,#600);
#598 = CARTESIAN_POINT('',(44.5,-8.,4.));
#599 = DIRECTION('',(0.,0.,-1.));
#600 = DIRECTION('',(1.,0.,0.));
#601 = ORIENTED_EDGE('',*,*,#602,.F.);
#602 = EDGE_CURVE('',#603,#594,#605,.T.);
#603 = VERTEX_POINT('',#604);
#604 = CARTESIAN_POINT('',(38.,-7.5,4.));
#605 = LINE('',#606,#607);
#606 = CARTESIAN_POINT('',(0.,-7.5,4.));
#607 = VECTOR('',#608,1.);
#608 = DIRECTION('',(1.,-0.,0.));
#609 = ORIENTED_EDGE('',*,*,#610,.T.);
#610 = EDGE_CURVE('',#603,#611,#613,.T.);
#611 = VERTEX_POINT('',#612);
#612 = CARTESIAN_POINT('',(37.5,-7.,4.));
#613 = CIRCLE('',#614,0.5);
#614 = AXIS2_PLACEMENT_3D('',#615,#616,#617);
#615 = CARTESIAN_POINT('',(38.,-7.,4.));
#616 = DIRECTION('',(0.,0.,-1.));
#617 = DIRECTION('',(1.,0.,0.));
#618 = ORIENTED_EDGE('',*,*,#619,.F.);
#619 = EDGE_CURVE('',#620,#611,#622,.T.);
#620 = VERTEX_POINT('',#621);
#621 = CARTESIAN_POINT('',(37.5,3.,4.));
#622 = LINE('',#623,#624);
#623 = CARTESIAN_POINT('',(37.5,0.,4.));
#624 = VECTOR('',#625,1.);
#625 = DIRECTION('',(-0.,-1.,-0.));
#626 = ORIENTED_EDGE('',*,*,#627,.T.);
#627 = EDGE_CURVE('',#620,#628,#630,.T.);
#628 = VERTEX_POINT('',#629);
#629 = CARTESIAN_POINT('',(38.,3.5,4.));
#630 = CIRCLE('',#631,0.5);
#631 = AXIS2_PLACEMENT_3D('',#632,#633,#634);
#632 = CARTESIAN_POINT('',(38.,3.,4.));
#633 = DIRECTION('',(0.,0.,-1.));
#634 = DIRECTION('',(1.,0.,0.));
#635 = ORIENTED_EDGE('',*,*,#636,.T.);
#636 = EDGE_CURVE('',#628,#637,#639,.T.);
#637 = VERTEX_POINT('',#638);
#638 = CARTESIAN_POINT('',(39.5,3.5,4.));
#639 = LINE('',#640,#641);
#640 = CARTESIAN_POINT('',(40.,3.5,4.));
#641 = VECTOR('',#642,1.);
#642 = DIRECTION('',(1.,0.,-0.));
#643 = ORIENTED_EDGE('',*,*,#644,.T.);
#644 = EDGE_CURVE('',#637,#645,#647,.T.);
#645 = VERTEX_POINT('',#646);
#646 = CARTESIAN_POINT('',(40.,3.,4.));
#647 = CIRCLE('',#648,0.5);
#648 = AXIS2_PLACEMENT_3D('',#649,#650,#651);
#649 = CARTESIAN_POINT('',(39.5,3.,4.));
#650 = DIRECTION('',(0.,0.,-1.));
#651 = DIRECTION('',(1.,0.,0.));
#652 = ORIENTED_EDGE('',*,*,#653,.F.);
#653 = EDGE_CURVE('',#654,#645,#656,.T.);
#654 = VERTEX_POINT('',#655);
#655 = CARTESIAN_POINT('',(40.,-4.5,4.));
#656 = LINE('',#657,#658);
#657 = CARTESIAN_POINT('',(40.,0.,4.));
#658 = VECTOR('',#659,1.);
#659 = DIRECTION('',(0.,1.,0.));
#660 = ORIENTED_EDGE('',*,*,#661,.F.);
#661 = EDGE_CURVE('',#662,#654,#664,.T.);
#662 = VERTEX_POINT('',#663);
#663 = CARTESIAN_POINT('',(40.5,-5.,4.));
#664 = CIRCLE('',#665,0.5);
#665 = AXIS2_PLACEMENT_3D('',#666,#667,#668);
#666 = CARTESIAN_POINT('',(40.5,-4.5,4.));
#667 = DIRECTION('',(0.,0.,-1.));
#668 = DIRECTION('',(-1.,0.,0.));
#669 = ORIENTED_EDGE('',*,*,#670,.F.);
#670 = EDGE_CURVE('',#671,#662,#673,.T.);
#671 = VERTEX_POINT('',#672);
#672 = CARTESIAN_POINT('',(44.5,-5.,4.));
#673 = LINE('',#674,#675);
#674 = CARTESIAN_POINT('',(0.,-5.,4.));
#675 = VECTOR('',#676,1.);
#676 = DIRECTION('',(-1.,0.,-0.));
#677 = ORIENTED_EDGE('',*,*,#678,.F.);
#678 = EDGE_CURVE('',#679,#671,#681,.T.);
#679 = VERTEX_POINT('',#680);
#680 = CARTESIAN_POINT('',(45.,-4.5,4.));
#681 = CIRCLE('',#682,0.5);
#682 = AXIS2_PLACEMENT_3D('',#683,#684,#685);
#683 = CARTESIAN_POINT('',(44.5,-4.5,4.));
#684 = DIRECTION('',(0.,0.,-1.));
#685 = DIRECTION('',(-1.,0.,0.));
#686 = ORIENTED_EDGE('',*,*,#687,.F.);
#687 = EDGE_CURVE('',#688,#679,#690,.T.);
#688 = VERTEX_POINT('',#689);
#689 = CARTESIAN_POINT('',(45.,23.579240773063,4.));
#690 = LINE('',#691,#692);
#691 = CARTESIAN_POINT('',(45.,0.,4.));
#692 = VECTOR('',#693,1.);
#693 = DIRECTION('',(-0.,-1.,-0.));
#694 = ORIENTED_EDGE('',*,*,#695,.F.);
#695 = EDGE_CURVE('',#696,#688,#698,.T.);
#696 = VERTEX_POINT('',#697);
#697 = CARTESIAN_POINT('',(51.245603005032,32.847708996247,4.));
#698 = CIRCLE('',#699,10.);
#699 = AXIS2_PLACEMENT_3D('',#700,#701,#702);
#700 = CARTESIAN_POINT('',(55.,23.579240773063,4.));
#701 = DIRECTION('',(0.,0.,1.));
#702 = DIRECTION('',(1.,0.,-0.));
#703 = ORIENTED_EDGE('',*,*,#704,.F.);
#704 = EDGE_CURVE('',#705,#696,#707,.T.);
#705 = VERTEX_POINT('',#706);
#706 = CARTESIAN_POINT('',(88.754396994968,48.04147133644,4.));
#707 = LINE('',#708,#709);
#708 = CARTESIAN_POINT('',(88.754396994968,48.04147133644,4.));
#709 = VECTOR('',#710,1.);
#710 = DIRECTION('',(-0.926846822318,-0.375439699497,0.));
#711 = ORIENTED_EDGE('',*,*,#712,.F.);
#712 = EDGE_CURVE('',#713,#705,#715,.T.);
#713 = VERTEX_POINT('',#714);
#714 = CARTESIAN_POINT('',(95.,57.309939559624,4.));
#715 = CIRCLE('',#716,10.);
#716 = AXIS2_PLACEMENT_3D('',#717,#718,#719);
#717 = CARTESIAN_POINT('',(85.,57.309939559624,4.));
#718 = DIRECTION('',(0.,0.,-1.));
#719 = DIRECTION('',(-1.,0.,0.));
#720 = ORIENTED_EDGE('',*,*,#721,.F.);
#721 = EDGE_CURVE('',#722,#713,#724,.T.);
#722 = VERTEX_POINT('',#723);
#723 = CARTESIAN_POINT('',(95.,85.,4.));
#724 = LINE('',#725,#726);
#725 = CARTESIAN_POINT('',(95.,0.,4.));
#726 = VECTOR('',#727,1.);
#727 = DIRECTION('',(-0.,-1.,-0.));
#728 = ORIENTED_EDGE('',*,*,#729,.F.);
#729 = EDGE_CURVE('',#730,#722,#732,.T.);
#730 = VERTEX_POINT('',#731);
#731 = CARTESIAN_POINT('',(85.,95.,4.));
#732 = CIRCLE('',#733,10.);
#733 = AXIS2_PLACEMENT_3D('',#734,#735,#736);
#734 = CARTESIAN_POINT('',(85.,85.,4.));
#735 = DIRECTION('',(0.,0.,-1.));
#736 = DIRECTION('',(-1.,0.,0.));
#737 = ORIENTED_EDGE('',*,*,#738,.F.);
#738 = EDGE_CURVE('',#739,#730,#741,.T.);
#739 = VERTEX_POINT('',#740);
#740 = CARTESIAN_POINT('',(80.600023777821,95.,4.));
#741 = LINE('',#742,#743);
#742 = CARTESIAN_POINT('',(0.,95.,4.));
#743 = VECTOR('',#744,1.);
#744 = DIRECTION('',(1.,-0.,0.));
#745 = ORIENTED_EDGE('',*,*,#746,.F.);
#746 = EDGE_CURVE('',#747,#739,#749,.T.);
#747 = VERTEX_POINT('',#748);
#748 = CARTESIAN_POINT('',(70.525020805593,92.276988021921,4.));
#749 = CIRCLE('',#750,20.);
#750 = AXIS2_PLACEMENT_3D('',#751,#752,#753);
#751 = CARTESIAN_POINT('',(80.600023777821,75.,4.));
#752 = DIRECTION('',(0.,0.,-1.));
#753 = DIRECTION('',(1.,0.,0.));
#754 = ORIENTED_EDGE('',*,*,#755,.F.);
#755 = EDGE_CURVE('',#756,#747,#758,.T.);
#756 = VERTEX_POINT('',#757);
#757 = CARTESIAN_POINT('',(-70.52502080559,92.276988021921,4.));
#758 = CIRCLE('',#759,140.);
#759 = AXIS2_PLACEMENT_3D('',#760,#761,#762);
#760 = CARTESIAN_POINT('',(0.,213.21590417536,4.));
#761 = DIRECTION('',(0.,0.,1.));
#762 = DIRECTION('',(1.,0.,-0.));
#763 = ORIENTED_EDGE('',*,*,#764,.F.);
#764 = EDGE_CURVE('',#765,#756,#767,.T.);
#765 = VERTEX_POINT('',#766);
#766 = CARTESIAN_POINT('',(-80.60002377782,95.,4.));
#767 = CIRCLE('',#768,20.);
#768 = AXIS2_PLACEMENT_3D('',#769,#770,#771);
#769 = CARTESIAN_POINT('',(-80.60002377782,75.,4.));
#770 = DIRECTION('',(0.,0.,-1.));
#771 = DIRECTION('',(1.,2.08E-15,0.));
#772 = ORIENTED_EDGE('',*,*,#773,.F.);
#773 = EDGE_CURVE('',#774,#765,#776,.T.);
#774 = VERTEX_POINT('',#775);
#775 = CARTESIAN_POINT('',(-85.,95.,4.));
#776 = LINE('',#777,#778);
#777 = CARTESIAN_POINT('',(0.,95.,4.));
#778 = VECTOR('',#779,1.);
#779 = DIRECTION('',(1.,-0.,0.));
#780 = ORIENTED_EDGE('',*,*,#781,.F.);
#781 = EDGE_CURVE('',#782,#774,#784,.T.);
#782 = VERTEX_POINT('',#783);
#783 = CARTESIAN_POINT('',(-95.,85.,4.));
#784 = CIRCLE('',#785,10.);
#785 = AXIS2_PLACEMENT_3D('',#786,#787,#788);
#786 = CARTESIAN_POINT('',(-85.,85.,4.));
#787 = DIRECTION('',(0.,0.,-1.));
#788 = DIRECTION('',(-1.,0.,0.));
#789 = ORIENTED_EDGE('',*,*,#790,.F.);
#790 = EDGE_CURVE('',#791,#782,#793,.T.);
#791 = VERTEX_POINT('',#792);
#792 = CARTESIAN_POINT('',(-95.,66.807764064044,4.));
#793 = LINE('',#794,#795);
#794 = CARTESIAN_POINT('',(-95.,0.,4.));
#795 = VECTOR('',#796,1.);
#796 = DIRECTION('',(0.,1.,0.));
#797 = ORIENTED_EDGE('',*,*,#798,.F.);
#798 = EDGE_CURVE('',#799,#791,#801,.T.);
#799 = VERTEX_POINT('',#800);
#800 = CARTESIAN_POINT('',(-87.42535625036,57.106339062591,4.));
#801 = CIRCLE('',#802,10.);
#802 = AXIS2_PLACEMENT_3D('',#803,#804,#805);
#803 = CARTESIAN_POINT('',(-85.,66.807764064044,4.));
#804 = DIRECTION('',(0.,0.,-1.));
#805 = DIRECTION('',(-1.,0.,0.));
#806 = ORIENTED_EDGE('',*,*,#807,.F.);
#807 = EDGE_CURVE('',#808,#799,#810,.T.);
#808 = VERTEX_POINT('',#809);
#809 = CARTESIAN_POINT('',(-52.57464374963,48.393660937409,4.));
#810 = LINE('',#811,#812);
#811 = CARTESIAN_POINT('',(-52.57464374963,48.393660937409,4.));
#812 = VECTOR('',#813,1.);
#813 = DIRECTION('',(-0.970142500145,0.242535625036,0.));
#814 = ORIENTED_EDGE('',*,*,#815,.F.);
#815 = EDGE_CURVE('',#816,#808,#818,.T.);
#816 = VERTEX_POINT('',#817);
#817 = CARTESIAN_POINT('',(-45.,38.692235935956,4.));
#818 = CIRCLE('',#819,10.);
#819 = AXIS2_PLACEMENT_3D('',#820,#821,#822);
#820 = CARTESIAN_POINT('',(-55.,38.692235935956,4.));
#821 = DIRECTION('',(0.,0.,1.));
#822 = DIRECTION('',(1.,0.,-0.));
#823 = ORIENTED_EDGE('',*,*,#824,.F.);
#824 = EDGE_CURVE('',#825,#816,#827,.T.);
#825 = VERTEX_POINT('',#826);
#826 = CARTESIAN_POINT('',(-45.,-4.5,4.));
#827 = LINE('',#828,#829);
#828 = CARTESIAN_POINT('',(-45.,0.,4.));
#829 = VECTOR('',#830,1.);
#830 = DIRECTION('',(0.,1.,0.));
#831 = ORIENTED_EDGE('',*,*,#832,.F.);
#832 = EDGE_CURVE('',#833,#825,#835,.T.);
#833 = VERTEX_POINT('',#834);
#834 = CARTESIAN_POINT('',(-44.5,-5.,4.));
#835 = CIRCLE('',#836,0.5);
#836 = AXIS2_PLACEMENT_3D('',#837,#838,#839);
#837 = CARTESIAN_POINT('',(-44.5,-4.5,4.));
#838 = DIRECTION('',(0.,0.,-1.));
#839 = DIRECTION('',(1.,0.,0.));
#840 = ORIENTED_EDGE('',*,*,#841,.F.);
#841 = EDGE_CURVE('',#842,#833,#844,.T.);
#842 = VERTEX_POINT('',#843);
#843 = CARTESIAN_POINT('',(-40.5,-5.,4.));
#844 = LINE('',#845,#846);
#845 = CARTESIAN_POINT('',(0.,-5.,4.));
#846 = VECTOR('',#847,1.);
#847 = DIRECTION('',(-1.,0.,-0.));
#848 = ORIENTED_EDGE('',*,*,#849,.F.);
#849 = EDGE_CURVE('',#850,#842,#852,.T.);
#850 = VERTEX_POINT('',#851);
#851 = CARTESIAN_POINT('',(-40.,-4.5,4.));
#852 = CIRCLE('',#853,0.5);
#853 = AXIS2_PLACEMENT_3D('',#854,#855,#856);
#854 = CARTESIAN_POINT('',(-40.5,-4.5,4.));
#855 = DIRECTION('',(0.,0.,-1.));
#856 = DIRECTION('',(-1.,0.,0.));
#857 = ORIENTED_EDGE('',*,*,#858,.F.);
#858 = EDGE_CURVE('',#859,#850,#861,.T.);
#859 = VERTEX_POINT('',#860);
#860 = CARTESIAN_POINT('',(-40.,3.,4.));
#861 = LINE('',#862,#863);
#862 = CARTESIAN_POINT('',(-40.,0.,4.));
#863 = VECTOR('',#864,1.);
#864 = DIRECTION('',(-0.,-1.,-0.));
#865 = ORIENTED_EDGE('',*,*,#866,.T.);
#866 = EDGE_CURVE('',#859,#867,#869,.T.);
#867 = VERTEX_POINT('',#868);
#868 = CARTESIAN_POINT('',(-39.5,3.5,4.));
#869 = CIRCLE('',#870,0.5);
#870 = AXIS2_PLACEMENT_3D('',#871,#872,#873);
#871 = CARTESIAN_POINT('',(-39.5,3.,4.));
#872 = DIRECTION('',(0.,0.,-1.));
#873 = DIRECTION('',(1.,0.,0.));
#874 = ORIENTED_EDGE('',*,*,#875,.T.);
#875 = EDGE_CURVE('',#867,#876,#878,.T.);
#876 = VERTEX_POINT('',#877);
#877 = CARTESIAN_POINT('',(-38.,3.5,4.));
#878 = LINE('',#879,#880);
#879 = CARTESIAN_POINT('',(-40.,3.5,4.));
#880 = VECTOR('',#881,1.);
#881 = DIRECTION('',(1.,0.,-0.));
#882 = ORIENTED_EDGE('',*,*,#883,.T.);
#883 = EDGE_CURVE('',#876,#884,#886,.T.);
#884 = VERTEX_POINT('',#885);
#885 = CARTESIAN_POINT('',(-37.5,3.,4.));
#886 = CIRCLE('',#887,0.5);
#887 = AXIS2_PLACEMENT_3D('',#888,#889,#890);
#888 = CARTESIAN_POINT('',(-38.,3.,4.));
#889 = DIRECTION('',(0.,0.,-1.));
#890 = DIRECTION('',(1.,0.,0.));
#891 = ORIENTED_EDGE('',*,*,#892,.F.);
#892 = EDGE_CURVE('',#893,#884,#895,.T.);
#893 = VERTEX_POINT('',#894);
#894 = CARTESIAN_POINT('',(-37.5,-7.,4.));
#895 = LINE('',#896,#897);
#896 = CARTESIAN_POINT('',(-37.5,0.,4.));
#897 = VECTOR('',#898,1.);
#898 = DIRECTION('',(0.,1.,0.));
#899 = ORIENTED_EDGE('',*,*,#900,.T.);
#900 = EDGE_CURVE('',#893,#901,#903,.T.);
#901 = VERTEX_POINT('',#902);
#902 = CARTESIAN_POINT('',(-38.,-7.5,4.));
#903 = CIRCLE('',#904,0.5);
#904 = AXIS2_PLACEMENT_3D('',#905,#906,#907);
#905 = CARTESIAN_POINT('',(-38.,-7.,4.));
#906 = DIRECTION('',(0.,0.,-1.));
#907 = DIRECTION('',(1.,0.,0.));
#908 = ORIENTED_EDGE('',*,*,#909,.F.);
#909 = EDGE_CURVE('',#440,#901,#910,.T.);
#910 = LINE('',#911,#912);
#911 = CARTESIAN_POINT('',(0.,-7.5,4.));
#912 = VECTOR('',#913,1.);
#913 = DIRECTION('',(1.,-0.,0.));
#914 = PLANE('',#915);
#915 = AXIS2_PLACEMENT_3D('',#916,#917,#918);
#916 = CARTESIAN_POINT('',(0.,0.,4.));
#917 = DIRECTION('',(0.,0.,-1.));
#918 = DIRECTION('',(-1.,0.,-0.));
#919 = ADVANCED_FACE('',(#920),#932,.F.);
#920 = FACE_BOUND('',#921,.F.);
#921 = EDGE_LOOP('',(#922,#929,#930,#931));
#922 = ORIENTED_EDGE('',*,*,#923,.T.);
#923 = EDGE_CURVE('',#200,#192,#924,.T.);
#924 = CIRCLE('',#925,2.1);
#925 = AXIS2_PLACEMENT_3D('',#926,#927,#928);
#926 = CARTESIAN_POINT('',(85.,-85.,0.));
#927 = DIRECTION('',(0.,0.,1.));
#928 = DIRECTION('',(-1.,0.,0.));
#929 = ORIENTED_EDGE('',*,*,#189,.F.);
#930 = ORIENTED_EDGE('',*,*,#398,.F.);
#931 = ORIENTED_EDGE('',*,*,#208,.T.);
#932 = CYLINDRICAL_SURFACE('',#933,2.1);
#933 = AXIS2_PLACEMENT_3D('',#934,#935,#936);
#934 = CARTESIAN_POINT('',(85.,-85.,4.));
#935 = DIRECTION('',(-0.,-0.,-1.));
#936 = DIRECTION('',(-1.,0.,0.));
#937 = ADVANCED_FACE('',(#938),#950,.F.);
#938 = FACE_BOUND('',#939,.F.);
#939 = EDGE_LOOP('',(#940,#947,#948,#949));
#940 = ORIENTED_EDGE('',*,*,#941,.T.);
#941 = EDGE_CURVE('',#242,#234,#942,.T.);
#942 = CIRCLE('',#943,2.1);
#943 = AXIS2_PLACEMENT_3D('',#944,#945,#946);
#944 = CARTESIAN_POINT('',(-85.,-85.,0.));
#945 = DIRECTION('',(0.,0.,1.));
#946 = DIRECTION('',(-1.,0.,0.));
#947 = ORIENTED_EDGE('',*,*,#231,.F.);
#948 = ORIENTED_EDGE('',*,*,#408,.F.);
#949 = ORIENTED_EDGE('',*,*,#250,.T.);
#950 = CYLINDRICAL_SURFACE('',#951,2.1);
#951 = AXIS2_PLACEMENT_3D('',#952,#953,#954);
#952 = CARTESIAN_POINT('',(-85.,-85.,4.));
#953 = DIRECTION('',(-0.,-0.,-1.));
#954 = DIRECTION('',(-1.,0.,0.));
#955 = ADVANCED_FACE('',(#956),#968,.F.);
#956 = FACE_BOUND('',#957,.F.);
#957 = EDGE_LOOP('',(#958,#965,#966,#967));
#958 = ORIENTED_EDGE('',*,*,#959,.T.);
#959 = EDGE_CURVE('',#284,#276,#960,.T.);
#960 = CIRCLE('',#961,2.1);
#961 = AXIS2_PLACEMENT_3D('',#962,#963,#964);
#962 = CARTESIAN_POINT('',(85.,85.,0.));
#963 = DIRECTION('',(0.,0.,1.));
#964 = DIRECTION('',(-1.,0.,0.));
#965 = ORIENTED_EDGE('',*,*,#273,.F.);
#966 = ORIENTED_EDGE('',*,*,#418,.F.);
#967 = ORIENTED_EDGE('',*,*,#292,.T.);
#968 = CYLINDRICAL_SURFACE('',#969,2.1);
#969 = AXIS2_PLACEMENT_3D('',#970,#971,#972);
#970 = CARTESIAN_POINT('',(85.,85.,4.));
#971 = DIRECTION('',(-0.,-0.,-1.));
#972 = DIRECTION('',(-1.,0.,0.));
#973 = ADVANCED_FACE('',(#974),#986,.F.);
#974 = FACE_BOUND('',#975,.F.);
#975 = EDGE_LOOP('',(#976,#983,#984,#985));
#976 = ORIENTED_EDGE('',*,*,#977,.T.);
#977 = EDGE_CURVE('',#326,#318,#978,.T.);
#978 = CIRCLE('',#979,2.1);
#979 = AXIS2_PLACEMENT_3D('',#980,#981,#982);
#980 = CARTESIAN_POINT('',(-85.,85.,0.));
#981 = DIRECTION('',(0.,0.,1.));
#982 = DIRECTION('',(-1.,0.,0.));
#983 = ORIENTED_EDGE('',*,*,#315,.F.);
#984 = ORIENTED_EDGE('',*,*,#428,.F.);
#985 = ORIENTED_EDGE('',*,*,#334,.T.);
#986 = CYLINDRICAL_SURFACE('',#987,2.1);
#987 = AXIS2_PLACEMENT_3D('',#988,#989,#990);
#988 = CARTESIAN_POINT('',(-85.,85.,4.));
#989 = DIRECTION('',(-0.,-0.,-1.));
#990 = DIRECTION('',(-1.,0.,0.));
#991 = ADVANCED_FACE('',(#992),#1017,.F.);
#992 = FACE_BOUND('',#993,.T.);
#993 = EDGE_LOOP('',(#994,#1002,#1003,#1011));
#994 = ORIENTED_EDGE('',*,*,#995,.F.);
#995 = EDGE_CURVE('',#440,#996,#998,.T.);
#996 = VERTEX_POINT('',#997);
#997 = CARTESIAN_POINT('',(-44.5,-7.5,0.));
#998 = LINE('',#999,#1000);
#999 = CARTESIAN_POINT('',(-44.5,-7.5,10.));
#1000 = VECTOR('',#1001,1.);
#1001 = DIRECTION('',(0.,-0.,-1.));
#1002 = ORIENTED_EDGE('',*,*,#909,.T.);
#1003 = ORIENTED_EDGE('',*,*,#1004,.F.);
#1004 = EDGE_CURVE('',#1005,#901,#1007,.T.);
#1005 = VERTEX_POINT('',#1006);
#1006 = CARTESIAN_POINT('',(-38.,-7.5,0.));
#1007 = LINE('',#1008,#1009);
#1008 = CARTESIAN_POINT('',(-38.,-7.5,10.));
#1009 = VECTOR('',#1010,1.);
#1010 = DIRECTION('',(-0.,0.,1.));
#1011 = ORIENTED_EDGE('',*,*,#1012,.F.);
#1012 = EDGE_CURVE('',#996,#1005,#1013,.T.);
#1013 = LINE('',#1014,#1015);
#1014 = CARTESIAN_POINT('',(-37.5,-7.5,0.));
#1015 = VECTOR('',#1016,1.);
#1016 = DIRECTION('',(1.,1.2E-16,0.));
#1017 = PLANE('',#1018);
#1018 = AXIS2_PLACEMENT_3D('',#1019,#1020,#1021);
#1019 = CARTESIAN_POINT('',(-37.5,-7.5,10.));
#1020 = DIRECTION('',(1.2E-16,-1.,0.));
#1021 = DIRECTION('',(1.,1.2E-16,0.));
#1022 = ADVANCED_FACE('',(#1023),#1048,.F.);
#1023 = FACE_BOUND('',#1024,.T.);
#1024 = EDGE_LOOP('',(#1025,#1033,#1041,#1047));
#1025 = ORIENTED_EDGE('',*,*,#1026,.F.);
#1026 = EDGE_CURVE('',#1027,#438,#1029,.T.);
#1027 = VERTEX_POINT('',#1028);
#1028 = CARTESIAN_POINT('',(-45.,-8.,0.));
#1029 = LINE('',#1030,#1031);
#1030 = CARTESIAN_POINT('',(-45.,-8.,4.));
#1031 = VECTOR('',#1032,1.);
#1032 = DIRECTION('',(-0.,-0.,1.));
#1033 = ORIENTED_EDGE('',*,*,#1034,.F.);
#1034 = EDGE_CURVE('',#1035,#1027,#1037,.T.);
#1035 = VERTEX_POINT('',#1036);
#1036 = CARTESIAN_POINT('',(-45.,-10.69223593595,0.));
#1037 = LINE('',#1038,#1039);
#1038 = CARTESIAN_POINT('',(-45.,-18.5,0.));
#1039 = VECTOR('',#1040,1.);
#1040 = DIRECTION('',(0.,1.,0.));
#1041 = ORIENTED_EDGE('',*,*,#1042,.F.);
#1042 = EDGE_CURVE('',#449,#1035,#1043,.T.);
#1043 = LINE('',#1044,#1045);
#1044 = CARTESIAN_POINT('',(-45.,-10.69223593595,4.));
#1045 = VECTOR('',#1046,1.);
#1046 = DIRECTION('',(0.,0.,-1.));
#1047 = ORIENTED_EDGE('',*,*,#448,.T.);
#1048 = PLANE('',#1049);
#1049 = AXIS2_PLACEMENT_3D('',#1050,#1051,#1052);
#1050 = CARTESIAN_POINT('',(-45.,-18.5,4.));
#1051 = DIRECTION('',(1.,-0.,0.));
#1052 = DIRECTION('',(0.,0.,-1.));
#1053 = ADVANCED_FACE('',(#1054),#1073,.F.);
#1054 = FACE_BOUND('',#1055,.F.);
#1055 = EDGE_LOOP('',(#1056,#1057,#1065,#1072));
#1056 = ORIENTED_EDGE('',*,*,#456,.F.);
#1057 = ORIENTED_EDGE('',*,*,#1058,.T.);
#1058 = EDGE_CURVE('',#457,#1059,#1061,.T.);
#1059 = VERTEX_POINT('',#1060);
#1060 = CARTESIAN_POINT('',(-52.57464374963,-20.3936609374,-1.E-15));
#1061 = LINE('',#1062,#1063);
#1062 = CARTESIAN_POINT('',(-52.57464374963,-20.3936609374,4.));
#1063 = VECTOR('',#1064,1.);
#1064 = DIRECTION('',(-0.,-0.,-1.));
#1065 = ORIENTED_EDGE('',*,*,#1066,.T.);
#1066 = EDGE_CURVE('',#1059,#1035,#1067,.T.);
#1067 = CIRCLE('',#1068,10.);
#1068 = AXIS2_PLACEMENT_3D('',#1069,#1070,#1071);
#1069 = CARTESIAN_POINT('',(-55.,-10.69223593595,0.));
#1070 = DIRECTION('',(0.,0.,1.));
#1071 = DIRECTION('',(1.,0.,-0.));
#1072 = ORIENTED_EDGE('',*,*,#1042,.F.);
#1073 = CYLINDRICAL_SURFACE('',#1074,10.);
#1074 = AXIS2_PLACEMENT_3D('',#1075,#1076,#1077);
#1075 = CARTESIAN_POINT('',(-55.,-10.69223593595,4.));
#1076 = DIRECTION('',(0.,0.,1.));
#1077 = DIRECTION('',(1.,0.,-0.));
#1078 = ADVANCED_FACE('',(#1079),#1097,.F.);
#1079 = FACE_BOUND('',#1080,.T.);
#1080 = EDGE_LOOP('',(#1081,#1082,#1090,#1096));
#1081 = ORIENTED_EDGE('',*,*,#1058,.T.);
#1082 = ORIENTED_EDGE('',*,*,#1083,.F.);
#1083 = EDGE_CURVE('',#1084,#1059,#1086,.T.);
#1084 = VERTEX_POINT('',#1085);
#1085 = CARTESIAN_POINT('',(-87.42535625036,-29.10633906259,-1.E-15));
#1086 = LINE('',#1087,#1088);
#1087 = CARTESIAN_POINT('',(-95.,-31.,-1.73E-15));
#1088 = VECTOR('',#1089,1.);
#1089 = DIRECTION('',(0.970142500145,0.242535625036,0.));
#1090 = ORIENTED_EDGE('',*,*,#1091,.F.);
#1091 = EDGE_CURVE('',#466,#1084,#1092,.T.);
#1092 = LINE('',#1093,#1094);
#1093 = CARTESIAN_POINT('',(-87.42535625036,-29.10633906259,4.));
#1094 = VECTOR('',#1095,1.);
#1095 = DIRECTION('',(0.,-0.,-1.));
#1096 = ORIENTED_EDGE('',*,*,#465,.T.);
#1097 = PLANE('',#1098);
#1098 = AXIS2_PLACEMENT_3D('',#1099,#1100,#1101);
#1099 = CARTESIAN_POINT('',(-95.,-31.,4.));
#1100 = DIRECTION('',(0.242535625036,-0.970142500145,0.));
#1101 = DIRECTION('',(0.970142500145,0.242535625036,0.));
#1102 = ADVANCED_FACE('',(#1103),#1122,.T.);
#1103 = FACE_BOUND('',#1104,.T.);
#1104 = EDGE_LOOP('',(#1105,#1114,#1120,#1121));
#1105 = ORIENTED_EDGE('',*,*,#1106,.T.);
#1106 = EDGE_CURVE('',#1084,#1107,#1109,.T.);
#1107 = VERTEX_POINT('',#1108);
#1108 = CARTESIAN_POINT('',(-95.,-38.80776406404,0.));
#1109 = CIRCLE('',#1110,10.);
#1110 = AXIS2_PLACEMENT_3D('',#1111,#1112,#1113);
#1111 = CARTESIAN_POINT('',(-85.,-38.80776406404,0.));
#1112 = DIRECTION('',(0.,0.,1.));
#1113 = DIRECTION('',(-1.,0.,0.));
#1114 = ORIENTED_EDGE('',*,*,#1115,.T.);
#1115 = EDGE_CURVE('',#1107,#474,#1116,.T.);
#1116 = LINE('',#1117,#1118);
#1117 = CARTESIAN_POINT('',(-95.,-38.80776406404,4.));
#1118 = VECTOR('',#1119,1.);
#1119 = DIRECTION('',(-0.,-0.,1.));
#1120 = ORIENTED_EDGE('',*,*,#473,.T.);
#1121 = ORIENTED_EDGE('',*,*,#1091,.T.);
#1122 = CYLINDRICAL_SURFACE('',#1123,10.);
#1123 = AXIS2_PLACEMENT_3D('',#1124,#1125,#1126);
#1124 = CARTESIAN_POINT('',(-85.,-38.80776406404,4.));
#1125 = DIRECTION('',(0.,0.,-1.));
#1126 = DIRECTION('',(-1.,0.,0.));
#1127 = ADVANCED_FACE('',(#1128),#1146,.F.);
#1128 = FACE_BOUND('',#1129,.T.);
#1129 = EDGE_LOOP('',(#1130,#1131,#1139,#1145));
#1130 = ORIENTED_EDGE('',*,*,#1115,.F.);
#1131 = ORIENTED_EDGE('',*,*,#1132,.F.);
#1132 = EDGE_CURVE('',#1133,#1107,#1135,.T.);
#1133 = VERTEX_POINT('',#1134);
#1134 = CARTESIAN_POINT('',(-95.,-85.,0.));
#1135 = LINE('',#1136,#1137);
#1136 = CARTESIAN_POINT('',(-95.,-95.,0.));
#1137 = VECTOR('',#1138,1.);
#1138 = DIRECTION('',(0.,1.,0.));
#1139 = ORIENTED_EDGE('',*,*,#1140,.F.);
#1140 = EDGE_CURVE('',#483,#1133,#1141,.T.);
#1141 = LINE('',#1142,#1143);
#1142 = CARTESIAN_POINT('',(-95.,-85.,4.));
#1143 = VECTOR('',#1144,1.);
#1144 = DIRECTION('',(0.,0.,-1.));
#1145 = ORIENTED_EDGE('',*,*,#482,.T.);
#1146 = PLANE('',#1147);
#1147 = AXIS2_PLACEMENT_3D('',#1148,#1149,#1150);
#1148 = CARTESIAN_POINT('',(-95.,-95.,4.));
#1149 = DIRECTION('',(1.,-0.,0.));
#1150 = DIRECTION('',(0.,0.,-1.));
#1151 = ADVANCED_FACE('',(#1152),#1171,.T.);
#1152 = FACE_BOUND('',#1153,.T.);
#1153 = EDGE_LOOP('',(#1154,#1163,#1169,#1170));
#1154 = ORIENTED_EDGE('',*,*,#1155,.T.);
#1155 = EDGE_CURVE('',#1133,#1156,#1158,.T.);
#1156 = VERTEX_POINT('',#1157);
#1157 = CARTESIAN_POINT('',(-85.,-95.,0.));
#1158 = CIRCLE('',#1159,10.);
#1159 = AXIS2_PLACEMENT_3D('',#1160,#1161,#1162);
#1160 = CARTESIAN_POINT('',(-85.,-85.,0.));
#1161 = DIRECTION('',(0.,0.,1.));
#1162 = DIRECTION('',(-1.,0.,0.));
#1163 = ORIENTED_EDGE('',*,*,#1164,.T.);
#1164 = EDGE_CURVE('',#1156,#491,#1165,.T.);
#1165 = LINE('',#1166,#1167);
#1166 = CARTESIAN_POINT('',(-85.,-95.,4.));
#1167 = VECTOR('',#1168,1.);
#1168 = DIRECTION('',(-0.,-0.,1.));
#1169 = ORIENTED_EDGE('',*,*,#490,.T.);
#1170 = ORIENTED_EDGE('',*,*,#1140,.T.);
#1171 = CYLINDRICAL_SURFACE('',#1172,10.);
#1172 = AXIS2_PLACEMENT_3D('',#1173,#1174,#1175);
#1173 = CARTESIAN_POINT('',(-85.,-85.,4.));
#1174 = DIRECTION('',(0.,0.,-1.));
#1175 = DIRECTION('',(-1.,0.,0.));
#1176 = ADVANCED_FACE('',(#1177),#1195,.F.);
#1177 = FACE_BOUND('',#1178,.T.);
#1178 = EDGE_LOOP('',(#1179,#1187,#1188,#1189));
#1179 = ORIENTED_EDGE('',*,*,#1180,.F.);
#1180 = EDGE_CURVE('',#500,#1181,#1183,.T.);
#1181 = VERTEX_POINT('',#1182);
#1182 = CARTESIAN_POINT('',(-80.60002377782,-95.,0.));
#1183 = LINE('',#1184,#1185);
#1184 = CARTESIAN_POINT('',(-80.60002377782,-95.,4.));
#1185 = VECTOR('',#1186,1.);
#1186 = DIRECTION('',(-0.,0.,-1.));
#1187 = ORIENTED_EDGE('',*,*,#499,.T.);
#1188 = ORIENTED_EDGE('',*,*,#1164,.F.);
#1189 = ORIENTED_EDGE('',*,*,#1190,.F.);
#1190 = EDGE_CURVE('',#1181,#1156,#1191,.T.);
#1191 = LINE('',#1192,#1193);
#1192 = CARTESIAN_POINT('',(-95.,-95.,0.));
#1193 = VECTOR('',#1194,1.);
#1194 = DIRECTION('',(-1.,-0.,0.));
#1195 = PLANE('',#1196);
#1196 = AXIS2_PLACEMENT_3D('',#1197,#1198,#1199);
#1197 = CARTESIAN_POINT('',(-95.,-95.,4.));
#1198 = DIRECTION('',(0.,1.,0.));
#1199 = DIRECTION('',(0.,-0.,1.));
#1200 = ADVANCED_FACE('',(#1201),#1220,.T.);
#1201 = FACE_BOUND('',#1202,.T.);
#1202 = EDGE_LOOP('',(#1203,#1204,#1205,#1214));
#1203 = ORIENTED_EDGE('',*,*,#507,.T.);
#1204 = ORIENTED_EDGE('',*,*,#1180,.T.);
#1205 = ORIENTED_EDGE('',*,*,#1206,.T.);
#1206 = EDGE_CURVE('',#1181,#1207,#1209,.T.);
#1207 = VERTEX_POINT('',#1208);
#1208 = CARTESIAN_POINT('',(-70.52502080559,-92.27698802192,0.));
#1209 = CIRCLE('',#1210,20.);
#1210 = AXIS2_PLACEMENT_3D('',#1211,#1212,#1213);
#1211 = CARTESIAN_POINT('',(-80.60002377782,-75.,0.));
#1212 = DIRECTION('',(0.,0.,1.));
#1213 = DIRECTION('',(1.,0.,-0.));
#1214 = ORIENTED_EDGE('',*,*,#1215,.T.);
#1215 = EDGE_CURVE('',#1207,#508,#1216,.T.);
#1216 = LINE('',#1217,#1218);
#1217 = CARTESIAN_POINT('',(-70.52502080559,-92.27698802192,0.));
#1218 = VECTOR('',#1219,1.);
#1219 = DIRECTION('',(0.,0.,1.));
#1220 = CYLINDRICAL_SURFACE('',#1221,20.);
#1221 = AXIS2_PLACEMENT_3D('',#1222,#1223,#1224);
#1222 = CARTESIAN_POINT('',(-80.60002377782,-75.,0.));
#1223 = DIRECTION('',(0.,0.,1.));
#1224 = DIRECTION('',(1.,0.,-0.));
#1225 = ADVANCED_FACE('',(#1226),#1245,.F.);
#1226 = FACE_BOUND('',#1227,.F.);
#1227 = EDGE_LOOP('',(#1228,#1229,#1237,#1244));
#1228 = ORIENTED_EDGE('',*,*,#516,.F.);
#1229 = ORIENTED_EDGE('',*,*,#1230,.T.);
#1230 = EDGE_CURVE('',#517,#1231,#1233,.T.);
#1231 = VERTEX_POINT('',#1232);
#1232 = CARTESIAN_POINT('',(70.525020805593,-92.27698802192,0.));
#1233 = LINE('',#1234,#1235);
#1234 = CARTESIAN_POINT('',(70.525020805593,-92.27698802192,0.));
#1235 = VECTOR('',#1236,1.);
#1236 = DIRECTION('',(-0.,-0.,-1.));
#1237 = ORIENTED_EDGE('',*,*,#1238,.T.);
#1238 = EDGE_CURVE('',#1231,#1207,#1239,.T.);
#1239 = CIRCLE('',#1240,140.);
#1240 = AXIS2_PLACEMENT_3D('',#1241,#1242,#1243);
#1241 = CARTESIAN_POINT('',(0.,-213.2159041753,0.));
#1242 = DIRECTION('',(0.,0.,1.));
#1243 = DIRECTION('',(1.,0.,-0.));
#1244 = ORIENTED_EDGE('',*,*,#1215,.T.);
#1245 = CYLINDRICAL_SURFACE('',#1246,140.);
#1246 = AXIS2_PLACEMENT_3D('',#1247,#1248,#1249);
#1247 = CARTESIAN_POINT('',(0.,-213.2159041753,0.));
#1248 = DIRECTION('',(0.,0.,1.));
#1249 = DIRECTION('',(1.,0.,-0.));
#1250 = ADVANCED_FACE('',(#1251),#1270,.T.);
#1251 = FACE_BOUND('',#1252,.T.);
#1252 = EDGE_LOOP('',(#1253,#1254,#1255,#1264));
#1253 = ORIENTED_EDGE('',*,*,#525,.T.);
#1254 = ORIENTED_EDGE('',*,*,#1230,.T.);
#1255 = ORIENTED_EDGE('',*,*,#1256,.T.);
#1256 = EDGE_CURVE('',#1231,#1257,#1259,.T.);
#1257 = VERTEX_POINT('',#1258);
#1258 = CARTESIAN_POINT('',(80.600023777821,-95.,0.));
#1259 = CIRCLE('',#1260,20.);
#1260 = AXIS2_PLACEMENT_3D('',#1261,#1262,#1263);
#1261 = CARTESIAN_POINT('',(80.600023777821,-75.,0.));
#1262 = DIRECTION('',(0.,0.,1.));
#1263 = DIRECTION('',(1.,0.,-0.));
#1264 = ORIENTED_EDGE('',*,*,#1265,.T.);
#1265 = EDGE_CURVE('',#1257,#526,#1266,.T.);
#1266 = LINE('',#1267,#1268);
#1267 = CARTESIAN_POINT('',(80.600023777821,-95.,0.));
#1268 = VECTOR('',#1269,1.);
#1269 = DIRECTION('',(0.,0.,1.));
#1270 = CYLINDRICAL_SURFACE('',#1271,20.);
#1271 = AXIS2_PLACEMENT_3D('',#1272,#1273,#1274);
#1272 = CARTESIAN_POINT('',(80.600023777821,-75.,0.));
#1273 = DIRECTION('',(0.,0.,1.));
#1274 = DIRECTION('',(1.,0.,-0.));
#1275 = ADVANCED_FACE('',(#1276),#1294,.F.);
#1276 = FACE_BOUND('',#1277,.T.);
#1277 = EDGE_LOOP('',(#1278,#1279,#1287,#1293));
#1278 = ORIENTED_EDGE('',*,*,#1265,.F.);
#1279 = ORIENTED_EDGE('',*,*,#1280,.F.);
#1280 = EDGE_CURVE('',#1281,#1257,#1283,.T.);
#1281 = VERTEX_POINT('',#1282);
#1282 = CARTESIAN_POINT('',(85.,-95.,0.));
#1283 = LINE('',#1284,#1285);
#1284 = CARTESIAN_POINT('',(-95.,-95.,0.));
#1285 = VECTOR('',#1286,1.);
#1286 = DIRECTION('',(-1.,-0.,0.));
#1287 = ORIENTED_EDGE('',*,*,#1288,.F.);
#1288 = EDGE_CURVE('',#535,#1281,#1289,.T.);
#1289 = LINE('',#1290,#1291);
#1290 = CARTESIAN_POINT('',(85.,-95.,4.));
#1291 = VECTOR('',#1292,1.);
#1292 = DIRECTION('',(-0.,0.,-1.));
#1293 = ORIENTED_EDGE('',*,*,#534,.T.);
#1294 = PLANE('',#1295);
#1295 = AXIS2_PLACEMENT_3D('',#1296,#1297,#1298);
#1296 = CARTESIAN_POINT('',(-95.,-95.,4.));
#1297 = DIRECTION('',(0.,1.,0.));
#1298 = DIRECTION('',(0.,-0.,1.));
#1299 = ADVANCED_FACE('',(#1300),#1319,.T.);
#1300 = FACE_BOUND('',#1301,.T.);
#1301 = EDGE_LOOP('',(#1302,#1311,#1317,#1318));
#1302 = ORIENTED_EDGE('',*,*,#1303,.T.);
#1303 = EDGE_CURVE('',#1281,#1304,#1306,.T.);
#1304 = VERTEX_POINT('',#1305);
#1305 = CARTESIAN_POINT('',(95.,-85.,0.));
#1306 = CIRCLE('',#1307,10.);
#1307 = AXIS2_PLACEMENT_3D('',#1308,#1309,#1310);
#1308 = CARTESIAN_POINT('',(85.,-85.,0.));
#1309 = DIRECTION('',(0.,0.,1.));
#1310 = DIRECTION('',(-1.,0.,0.));
#1311 = ORIENTED_EDGE('',*,*,#1312,.T.);
#1312 = EDGE_CURVE('',#1304,#543,#1313,.T.);
#1313 = LINE('',#1314,#1315);
#1314 = CARTESIAN_POINT('',(95.,-85.,4.));
#1315 = VECTOR('',#1316,1.);
#1316 = DIRECTION('',(-0.,-0.,1.));
#1317 = ORIENTED_EDGE('',*,*,#542,.T.);
#1318 = ORIENTED_EDGE('',*,*,#1288,.T.);
#1319 = CYLINDRICAL_SURFACE('',#1320,10.);
#1320 = AXIS2_PLACEMENT_3D('',#1321,#1322,#1323);
#1321 = CARTESIAN_POINT('',(85.,-85.,4.));
#1322 = DIRECTION('',(0.,0.,-1.));
#1323 = DIRECTION('',(-1.,0.,0.));
#1324 = ADVANCED_FACE('',(#1325),#1343,.F.);
#1325 = FACE_BOUND('',#1326,.T.);
#1326 = EDGE_LOOP('',(#1327,#1335,#1336,#1337));
#1327 = ORIENTED_EDGE('',*,*,#1328,.F.);
#1328 = EDGE_CURVE('',#552,#1329,#1331,.T.);
#1329 = VERTEX_POINT('',#1330);
#1330 = CARTESIAN_POINT('',(95.,-57.30993955962,0.));
#1331 = LINE('',#1332,#1333);
#1332 = CARTESIAN_POINT('',(95.,-57.30993955962,4.));
#1333 = VECTOR('',#1334,1.);
#1334 = DIRECTION('',(-0.,-0.,-1.));
#1335 = ORIENTED_EDGE('',*,*,#551,.T.);
#1336 = ORIENTED_EDGE('',*,*,#1312,.F.);
#1337 = ORIENTED_EDGE('',*,*,#1338,.F.);
#1338 = EDGE_CURVE('',#1329,#1304,#1339,.T.);
#1339 = LINE('',#1340,#1341);
#1340 = CARTESIAN_POINT('',(95.,-95.,0.));
#1341 = VECTOR('',#1342,1.);
#1342 = DIRECTION('',(-0.,-1.,0.));
#1343 = PLANE('',#1344);
#1344 = AXIS2_PLACEMENT_3D('',#1345,#1346,#1347);
#1345 = CARTESIAN_POINT('',(95.,-95.,4.));
#1346 = DIRECTION('',(-1.,0.,0.));
#1347 = DIRECTION('',(0.,0.,1.));
#1348 = ADVANCED_FACE('',(#1349),#1368,.T.);
#1349 = FACE_BOUND('',#1350,.T.);
#1350 = EDGE_LOOP('',(#1351,#1352,#1353,#1362));
#1351 = ORIENTED_EDGE('',*,*,#559,.T.);
#1352 = ORIENTED_EDGE('',*,*,#1328,.T.);
#1353 = ORIENTED_EDGE('',*,*,#1354,.T.);
#1354 = EDGE_CURVE('',#1329,#1355,#1357,.T.);
#1355 = VERTEX_POINT('',#1356);
#1356 = CARTESIAN_POINT('',(88.754396994968,-48.04147133644,0.));
#1357 = CIRCLE('',#1358,10.);
#1358 = AXIS2_PLACEMENT_3D('',#1359,#1360,#1361);
#1359 = CARTESIAN_POINT('',(85.,-57.30993955962,0.));
#1360 = DIRECTION('',(0.,0.,1.));
#1361 = DIRECTION('',(1.,0.,-0.));
#1362 = ORIENTED_EDGE('',*,*,#1363,.T.);
#1363 = EDGE_CURVE('',#1355,#560,#1364,.T.);
#1364 = LINE('',#1365,#1366);
#1365 = CARTESIAN_POINT('',(88.754396994968,-48.04147133644,4.));
#1366 = VECTOR('',#1367,1.);
#1367 = DIRECTION('',(0.,0.,1.));
#1368 = CYLINDRICAL_SURFACE('',#1369,10.);
#1369 = AXIS2_PLACEMENT_3D('',#1370,#1371,#1372);
#1370 = CARTESIAN_POINT('',(85.,-57.30993955962,4.));
#1371 = DIRECTION('',(0.,0.,1.));
#1372 = DIRECTION('',(1.,0.,-0.));
#1373 = ADVANCED_FACE('',(#1374),#1392,.F.);
#1374 = FACE_BOUND('',#1375,.T.);
#1375 = EDGE_LOOP('',(#1376,#1377,#1385,#1391));
#1376 = ORIENTED_EDGE('',*,*,#1363,.F.);
#1377 = ORIENTED_EDGE('',*,*,#1378,.F.);
#1378 = EDGE_CURVE('',#1379,#1355,#1381,.T.);
#1379 = VERTEX_POINT('',#1380);
#1380 = CARTESIAN_POINT('',(51.245603005032,-32.84770899624,0.));
#1381 = LINE('',#1382,#1383);
#1382 = CARTESIAN_POINT('',(45.,-30.31779007229,0.));
#1383 = VECTOR('',#1384,1.);
#1384 = DIRECTION('',(0.926846822318,-0.375439699497,0.));
#1385 = ORIENTED_EDGE('',*,*,#1386,.F.);
#1386 = EDGE_CURVE('',#569,#1379,#1387,.T.);
#1387 = LINE('',#1388,#1389);
#1388 = CARTESIAN_POINT('',(51.245603005032,-32.84770899624,10.));
#1389 = VECTOR('',#1390,1.);
#1390 = DIRECTION('',(-0.,-0.,-1.));
#1391 = ORIENTED_EDGE('',*,*,#568,.T.);
#1392 = PLANE('',#1393);
#1393 = AXIS2_PLACEMENT_3D('',#1394,#1395,#1396);
#1394 = CARTESIAN_POINT('',(45.,-30.31779007229,10.));
#1395 = DIRECTION('',(-0.375439699497,-0.926846822318,0.));
#1396 = DIRECTION('',(0.926846822318,-0.375439699497,0.));
#1397 = ADVANCED_FACE('',(#1398),#1417,.F.);
#1398 = FACE_BOUND('',#1399,.F.);
#1399 = EDGE_LOOP('',(#1400,#1401,#1409,#1416));
#1400 = ORIENTED_EDGE('',*,*,#576,.F.);
#1401 = ORIENTED_EDGE('',*,*,#1402,.T.);
#1402 = EDGE_CURVE('',#577,#1403,#1405,.T.);
#1403 = VERTEX_POINT('',#1404);
#1404 = CARTESIAN_POINT('',(45.,-23.57924077306,0.));
#1405 = LINE('',#1406,#1407);
#1406 = CARTESIAN_POINT('',(45.,-23.57924077306,10.));
#1407 = VECTOR('',#1408,1.);
#1408 = DIRECTION('',(-0.,-0.,-1.));
#1409 = ORIENTED_EDGE('',*,*,#1410,.T.);
#1410 = EDGE_CURVE('',#1403,#1379,#1411,.T.);
#1411 = CIRCLE('',#1412,10.);
#1412 = AXIS2_PLACEMENT_3D('',#1413,#1414,#1415);
#1413 = CARTESIAN_POINT('',(55.,-23.57924077306,0.));
#1414 = DIRECTION('',(0.,0.,1.));
#1415 = DIRECTION('',(1.,0.,-0.));
#1416 = ORIENTED_EDGE('',*,*,#1386,.F.);
#1417 = CYLINDRICAL_SURFACE('',#1418,10.);
#1418 = AXIS2_PLACEMENT_3D('',#1419,#1420,#1421);
#1419 = CARTESIAN_POINT('',(55.,-23.57924077306,10.));
#1420 = DIRECTION('',(0.,0.,1.));
#1421 = DIRECTION('',(1.,0.,-0.));
#1422 = ADVANCED_FACE('',(#1423),#1441,.F.);
#1423 = FACE_BOUND('',#1424,.T.);
#1424 = EDGE_LOOP('',(#1425,#1433,#1434,#1435));
#1425 = ORIENTED_EDGE('',*,*,#1426,.F.);
#1426 = EDGE_CURVE('',#586,#1427,#1429,.T.);
#1427 = VERTEX_POINT('',#1428);
#1428 = CARTESIAN_POINT('',(45.,-8.,0.));
#1429 = LINE('',#1430,#1431);
#1430 = CARTESIAN_POINT('',(45.,-8.,10.));
#1431 = VECTOR('',#1432,1.);
#1432 = DIRECTION('',(-0.,-0.,-1.));
#1433 = ORIENTED_EDGE('',*,*,#585,.T.);
#1434 = ORIENTED_EDGE('',*,*,#1402,.T.);
#1435 = ORIENTED_EDGE('',*,*,#1436,.F.);
#1436 = EDGE_CURVE('',#1427,#1403,#1437,.T.);
#1437 = LINE('',#1438,#1439);
#1438 = CARTESIAN_POINT('',(45.,30.317790072298,0.));
#1439 = VECTOR('',#1440,1.);
#1440 = DIRECTION('',(-0.,-1.,0.));
#1441 = PLANE('',#1442);
#1442 = AXIS2_PLACEMENT_3D('',#1443,#1444,#1445);
#1443 = CARTESIAN_POINT('',(45.,30.317790072298,10.));
#1444 = DIRECTION('',(-1.,0.,0.));
#1445 = DIRECTION('',(0.,0.,1.));
#1446 = ADVANCED_FACE('',(#1447),#1472,.F.);
#1447 = FACE_BOUND('',#1448,.T.);
#1448 = EDGE_LOOP('',(#1449,#1457,#1465,#1471));
#1449 = ORIENTED_EDGE('',*,*,#1450,.F.);
#1450 = EDGE_CURVE('',#1451,#594,#1453,.T.);
#1451 = VERTEX_POINT('',#1452);
#1452 = CARTESIAN_POINT('',(44.5,-7.5,0.));
#1453 = LINE('',#1454,#1455);
#1454 = CARTESIAN_POINT('',(44.5,-7.5,10.));
#1455 = VECTOR('',#1456,1.);
#1456 = DIRECTION('',(0.,0.,1.));
#1457 = ORIENTED_EDGE('',*,*,#1458,.F.);
#1458 = EDGE_CURVE('',#1459,#1451,#1461,.T.);
#1459 = VERTEX_POINT('',#1460);
#1460 = CARTESIAN_POINT('',(38.,-7.5,0.));
#1461 = LINE('',#1462,#1463);
#1462 = CARTESIAN_POINT('',(37.5,-7.5,0.));
#1463 = VECTOR('',#1464,1.);
#1464 = DIRECTION('',(1.,-1.2E-16,0.));
#1465 = ORIENTED_EDGE('',*,*,#1466,.F.);
#1466 = EDGE_CURVE('',#603,#1459,#1467,.T.);
#1467 = LINE('',#1468,#1469);
#1468 = CARTESIAN_POINT('',(38.,-7.5,10.));
#1469 = VECTOR('',#1470,1.);
#1470 = DIRECTION('',(-0.,-0.,-1.));
#1471 = ORIENTED_EDGE('',*,*,#602,.T.);
#1472 = PLANE('',#1473);
#1473 = AXIS2_PLACEMENT_3D('',#1474,#1475,#1476);
#1474 = CARTESIAN_POINT('',(37.5,-7.5,10.));
#1475 = DIRECTION('',(-1.2E-16,-1.,0.));
#1476 = DIRECTION('',(1.,-1.2E-16,0.));
#1477 = ADVANCED_FACE('',(#1478),#1503,.F.);
#1478 = FACE_BOUND('',#1479,.T.);
#1479 = EDGE_LOOP('',(#1480,#1488,#1489,#1497));
#1480 = ORIENTED_EDGE('',*,*,#1481,.F.);
#1481 = EDGE_CURVE('',#620,#1482,#1484,.T.);
#1482 = VERTEX_POINT('',#1483);
#1483 = CARTESIAN_POINT('',(37.5,3.,0.));
#1484 = LINE('',#1485,#1486);
#1485 = CARTESIAN_POINT('',(37.5,3.,10.));
#1486 = VECTOR('',#1487,1.);
#1487 = DIRECTION('',(-0.,-0.,-1.));
#1488 = ORIENTED_EDGE('',*,*,#619,.T.);
#1489 = ORIENTED_EDGE('',*,*,#1490,.F.);
#1490 = EDGE_CURVE('',#1491,#611,#1493,.T.);
#1491 = VERTEX_POINT('',#1492);
#1492 = CARTESIAN_POINT('',(37.5,-7.,0.));
#1493 = LINE('',#1494,#1495);
#1494 = CARTESIAN_POINT('',(37.5,-7.,10.));
#1495 = VECTOR('',#1496,1.);
#1496 = DIRECTION('',(0.,0.,1.));
#1497 = ORIENTED_EDGE('',*,*,#1498,.F.);
#1498 = EDGE_CURVE('',#1482,#1491,#1499,.T.);
#1499 = LINE('',#1500,#1501);
#1500 = CARTESIAN_POINT('',(37.5,3.5,0.));
#1501 = VECTOR('',#1502,1.);
#1502 = DIRECTION('',(-0.,-1.,0.));
#1503 = PLANE('',#1504);
#1504 = AXIS2_PLACEMENT_3D('',#1505,#1506,#1507);
#1505 = CARTESIAN_POINT('',(37.5,3.5,10.));
#1506 = DIRECTION('',(-1.,0.,0.));
#1507 = DIRECTION('',(0.,0.,1.));
#1508 = ADVANCED_FACE('',(#1509),#1534,.F.);
#1509 = FACE_BOUND('',#1510,.T.);
#1510 = EDGE_LOOP('',(#1511,#1519,#1527,#1533));
#1511 = ORIENTED_EDGE('',*,*,#1512,.F.);
#1512 = EDGE_CURVE('',#1513,#645,#1515,.T.);
#1513 = VERTEX_POINT('',#1514);
#1514 = CARTESIAN_POINT('',(40.,3.,0.));
#1515 = LINE('',#1516,#1517);
#1516 = CARTESIAN_POINT('',(40.,3.,10.));
#1517 = VECTOR('',#1518,1.);
#1518 = DIRECTION('',(-0.,-0.,1.));
#1519 = ORIENTED_EDGE('',*,*,#1520,.F.);
#1520 = EDGE_CURVE('',#1521,#1513,#1523,.T.);
#1521 = VERTEX_POINT('',#1522);
#1522 = CARTESIAN_POINT('',(40.,-4.5,0.));
#1523 = LINE('',#1524,#1525);
#1524 = CARTESIAN_POINT('',(40.,-5.,0.));
#1525 = VECTOR('',#1526,1.);
#1526 = DIRECTION('',(0.,1.,0.));
#1527 = ORIENTED_EDGE('',*,*,#1528,.F.);
#1528 = EDGE_CURVE('',#654,#1521,#1529,.T.);
#1529 = LINE('',#1530,#1531);
#1530 = CARTESIAN_POINT('',(40.,-4.5,10.));
#1531 = VECTOR('',#1532,1.);
#1532 = DIRECTION('',(0.,0.,-1.));
#1533 = ORIENTED_EDGE('',*,*,#653,.T.);
#1534 = PLANE('',#1535);
#1535 = AXIS2_PLACEMENT_3D('',#1536,#1537,#1538);
#1536 = CARTESIAN_POINT('',(40.,-5.,10.));
#1537 = DIRECTION('',(1.,-0.,0.));
#1538 = DIRECTION('',(0.,0.,-1.));
#1539 = ADVANCED_FACE('',(#1540),#1565,.F.);
#1540 = FACE_BOUND('',#1541,.T.);
#1541 = EDGE_LOOP('',(#1542,#1550,#1551,#1559));
#1542 = ORIENTED_EDGE('',*,*,#1543,.F.);
#1543 = EDGE_CURVE('',#671,#1544,#1546,.T.);
#1544 = VERTEX_POINT('',#1545);
#1545 = CARTESIAN_POINT('',(44.5,-5.,0.));
#1546 = LINE('',#1547,#1548);
#1547 = CARTESIAN_POINT('',(44.5,-5.,10.));
#1548 = VECTOR('',#1549,1.);
#1549 = DIRECTION('',(-0.,-0.,-1.));
#1550 = ORIENTED_EDGE('',*,*,#670,.T.);
#1551 = ORIENTED_EDGE('',*,*,#1552,.F.);
#1552 = EDGE_CURVE('',#1553,#662,#1555,.T.);
#1553 = VERTEX_POINT('',#1554);
#1554 = CARTESIAN_POINT('',(40.5,-5.,0.));
#1555 = LINE('',#1556,#1557);
#1556 = CARTESIAN_POINT('',(40.5,-5.,10.));
#1557 = VECTOR('',#1558,1.);
#1558 = DIRECTION('',(0.,0.,1.));
#1559 = ORIENTED_EDGE('',*,*,#1560,.F.);
#1560 = EDGE_CURVE('',#1544,#1553,#1561,.T.);
#1561 = LINE('',#1562,#1563);
#1562 = CARTESIAN_POINT('',(45.,-5.,0.));
#1563 = VECTOR('',#1564,1.);
#1564 = DIRECTION('',(-1.,1.7E-16,0.));
#1565 = PLANE('',#1566);
#1566 = AXIS2_PLACEMENT_3D('',#1567,#1568,#1569);
#1567 = CARTESIAN_POINT('',(45.,-5.,10.));
#1568 = DIRECTION('',(1.7E-16,1.,-0.));
#1569 = DIRECTION('',(-1.,1.7E-16,0.));
#1570 = ADVANCED_FACE('',(#1571),#1596,.F.);
#1571 = FACE_BOUND('',#1572,.T.);
#1572 = EDGE_LOOP('',(#1573,#1581,#1589,#1595));
#1573 = ORIENTED_EDGE('',*,*,#1574,.F.);
#1574 = EDGE_CURVE('',#1575,#679,#1577,.T.);
#1575 = VERTEX_POINT('',#1576);
#1576 = CARTESIAN_POINT('',(45.,-4.5,0.));
#1577 = LINE('',#1578,#1579);
#1578 = CARTESIAN_POINT('',(45.,-4.5,10.));
#1579 = VECTOR('',#1580,1.);
#1580 = DIRECTION('',(0.,0.,1.));
#1581 = ORIENTED_EDGE('',*,*,#1582,.F.);
#1582 = EDGE_CURVE('',#1583,#1575,#1585,.T.);
#1583 = VERTEX_POINT('',#1584);
#1584 = CARTESIAN_POINT('',(45.,23.579240773063,0.));
#1585 = LINE('',#1586,#1587);
#1586 = CARTESIAN_POINT('',(45.,30.317790072298,0.));
#1587 = VECTOR('',#1588,1.);
#1588 = DIRECTION('',(-0.,-1.,0.));
#1589 = ORIENTED_EDGE('',*,*,#1590,.F.);
#1590 = EDGE_CURVE('',#688,#1583,#1591,.T.);
#1591 = LINE('',#1592,#1593);
#1592 = CARTESIAN_POINT('',(45.,23.579240773063,10.));
#1593 = VECTOR('',#1594,1.);
#1594 = DIRECTION('',(-0.,-0.,-1.));
#1595 = ORIENTED_EDGE('',*,*,#687,.T.);
#1596 = PLANE('',#1597);
#1597 = AXIS2_PLACEMENT_3D('',#1598,#1599,#1600);
#1598 = CARTESIAN_POINT('',(45.,30.317790072298,10.));
#1599 = DIRECTION('',(-1.,0.,0.));
#1600 = DIRECTION('',(0.,0.,1.));
#1601 = ADVANCED_FACE('',(#1602),#1621,.F.);
#1602 = FACE_BOUND('',#1603,.F.);
#1603 = EDGE_LOOP('',(#1604,#1605,#1613,#1620));
#1604 = ORIENTED_EDGE('',*,*,#695,.F.);
#1605 = ORIENTED_EDGE('',*,*,#1606,.T.);
#1606 = EDGE_CURVE('',#696,#1607,#1609,.T.);
#1607 = VERTEX_POINT('',#1608);
#1608 = CARTESIAN_POINT('',(51.245603005032,32.847708996247,0.));
#1609 = LINE('',#1610,#1611);
#1610 = CARTESIAN_POINT('',(51.245603005032,32.847708996247,10.));
#1611 = VECTOR('',#1612,1.);
#1612 = DIRECTION('',(-0.,-0.,-1.));
#1613 = ORIENTED_EDGE('',*,*,#1614,.T.);
#1614 = EDGE_CURVE('',#1607,#1583,#1615,.T.);
#1615 = CIRCLE('',#1616,10.);
#1616 = AXIS2_PLACEMENT_3D('',#1617,#1618,#1619);
#1617 = CARTESIAN_POINT('',(55.,23.579240773063,0.));
#1618 = DIRECTION('',(0.,0.,1.));
#1619 = DIRECTION('',(1.,0.,-0.));
#1620 = ORIENTED_EDGE('',*,*,#1590,.F.);
#1621 = CYLINDRICAL_SURFACE('',#1622,10.);
#1622 = AXIS2_PLACEMENT_3D('',#1623,#1624,#1625);
#1623 = CARTESIAN_POINT('',(55.,23.579240773063,10.));
#1624 = DIRECTION('',(0.,0.,1.));
#1625 = DIRECTION('',(1.,0.,-0.));
#1626 = ADVANCED_FACE('',(#1627),#1645,.F.);
#1627 = FACE_BOUND('',#1628,.T.);
#1628 = EDGE_LOOP('',(#1629,#1630,#1638,#1644));
#1629 = ORIENTED_EDGE('',*,*,#1606,.T.);
#1630 = ORIENTED_EDGE('',*,*,#1631,.F.);
#1631 = EDGE_CURVE('',#1632,#1607,#1634,.T.);
#1632 = VERTEX_POINT('',#1633);
#1633 = CARTESIAN_POINT('',(88.754396994968,48.04147133644,0.));
#1634 = LINE('',#1635,#1636);
#1635 = CARTESIAN_POINT('',(95.,50.571390260389,0.));
#1636 = VECTOR('',#1637,1.);
#1637 = DIRECTION('',(-0.926846822318,-0.375439699497,0.));
#1638 = ORIENTED_EDGE('',*,*,#1639,.F.);
#1639 = EDGE_CURVE('',#705,#1632,#1640,.T.);
#1640 = LINE('',#1641,#1642);
#1641 = CARTESIAN_POINT('',(88.754396994968,48.04147133644,10.));
#1642 = VECTOR('',#1643,1.);
#1643 = DIRECTION('',(-0.,-0.,-1.));
#1644 = ORIENTED_EDGE('',*,*,#704,.T.);
#1645 = PLANE('',#1646);
#1646 = AXIS2_PLACEMENT_3D('',#1647,#1648,#1649);
#1647 = CARTESIAN_POINT('',(95.,50.571390260389,10.));
#1648 = DIRECTION('',(-0.375439699497,0.926846822318,0.));
#1649 = DIRECTION('',(-0.926846822318,-0.375439699497,0.));
#1650 = ADVANCED_FACE('',(#1651),#1670,.T.);
#1651 = FACE_BOUND('',#1652,.T.);
#1652 = EDGE_LOOP('',(#1653,#1662,#1668,#1669));
#1653 = ORIENTED_EDGE('',*,*,#1654,.T.);
#1654 = EDGE_CURVE('',#1632,#1655,#1657,.T.);
#1655 = VERTEX_POINT('',#1656);
#1656 = CARTESIAN_POINT('',(95.,57.309939559624,0.));
#1657 = CIRCLE('',#1658,10.);
#1658 = AXIS2_PLACEMENT_3D('',#1659,#1660,#1661);
#1659 = CARTESIAN_POINT('',(85.,57.309939559624,0.));
#1660 = DIRECTION('',(0.,0.,1.));
#1661 = DIRECTION('',(-1.,-2.08E-15,0.));
#1662 = ORIENTED_EDGE('',*,*,#1663,.T.);
#1663 = EDGE_CURVE('',#1655,#713,#1664,.T.);
#1664 = LINE('',#1665,#1666);
#1665 = CARTESIAN_POINT('',(95.,57.309939559624,4.));
#1666 = VECTOR('',#1667,1.);
#1667 = DIRECTION('',(-0.,-0.,1.));
#1668 = ORIENTED_EDGE('',*,*,#712,.T.);
#1669 = ORIENTED_EDGE('',*,*,#1639,.T.);
#1670 = CYLINDRICAL_SURFACE('',#1671,10.);
#1671 = AXIS2_PLACEMENT_3D('',#1672,#1673,#1674);
#1672 = CARTESIAN_POINT('',(85.,57.309939559624,4.));
#1673 = DIRECTION('',(0.,0.,-1.));
#1674 = DIRECTION('',(-1.,0.,0.));
#1675 = ADVANCED_FACE('',(#1676),#1694,.F.);
#1676 = FACE_BOUND('',#1677,.T.);
#1677 = EDGE_LOOP('',(#1678,#1679,#1687,#1693));
#1678 = ORIENTED_EDGE('',*,*,#1663,.F.);
#1679 = ORIENTED_EDGE('',*,*,#1680,.F.);
#1680 = EDGE_CURVE('',#1681,#1655,#1683,.T.);
#1681 = VERTEX_POINT('',#1682);
#1682 = CARTESIAN_POINT('',(95.,85.,0.));
#1683 = LINE('',#1684,#1685);
#1684 = CARTESIAN_POINT('',(95.,-95.,0.));
#1685 = VECTOR('',#1686,1.);
#1686 = DIRECTION('',(-0.,-1.,0.));
#1687 = ORIENTED_EDGE('',*,*,#1688,.F.);
#1688 = EDGE_CURVE('',#722,#1681,#1689,.T.);
#1689 = LINE('',#1690,#1691);
#1690 = CARTESIAN_POINT('',(95.,85.,4.));
#1691 = VECTOR('',#1692,1.);
#1692 = DIRECTION('',(-0.,-0.,-1.));
#1693 = ORIENTED_EDGE('',*,*,#721,.T.);
#1694 = PLANE('',#1695);
#1695 = AXIS2_PLACEMENT_3D('',#1696,#1697,#1698);
#1696 = CARTESIAN_POINT('',(95.,-95.,4.));
#1697 = DIRECTION('',(-1.,0.,0.));
#1698 = DIRECTION('',(0.,0.,1.));
#1699 = ADVANCED_FACE('',(#1700),#1719,.T.);
#1700 = FACE_BOUND('',#1701,.T.);
#1701 = EDGE_LOOP('',(#1702,#1711,#1717,#1718));
#1702 = ORIENTED_EDGE('',*,*,#1703,.T.);
#1703 = EDGE_CURVE('',#1681,#1704,#1706,.T.);
#1704 = VERTEX_POINT('',#1705);
#1705 = CARTESIAN_POINT('',(85.,95.,0.));
#1706 = CIRCLE('',#1707,10.);
#1707 = AXIS2_PLACEMENT_3D('',#1708,#1709,#1710);
#1708 = CARTESIAN_POINT('',(85.,85.,0.));
#1709 = DIRECTION('',(0.,0.,1.));
#1710 = DIRECTION('',(-1.,0.,0.));
#1711 = ORIENTED_EDGE('',*,*,#1712,.T.);
#1712 = EDGE_CURVE('',#1704,#730,#1713,.T.);
#1713 = LINE('',#1714,#1715);
#1714 = CARTESIAN_POINT('',(85.,95.,4.));
#1715 = VECTOR('',#1716,1.);
#1716 = DIRECTION('',(-0.,-0.,1.));
#1717 = ORIENTED_EDGE('',*,*,#729,.T.);
#1718 = ORIENTED_EDGE('',*,*,#1688,.T.);
#1719 = CYLINDRICAL_SURFACE('',#1720,10.);
#1720 = AXIS2_PLACEMENT_3D('',#1721,#1722,#1723);
#1721 = CARTESIAN_POINT('',(85.,85.,4.));
#1722 = DIRECTION('',(0.,0.,-1.));
#1723 = DIRECTION('',(-1.,0.,0.));
#1724 = ADVANCED_FACE('',(#1725),#1743,.F.);
#1725 = FACE_BOUND('',#1726,.T.);
#1726 = EDGE_LOOP('',(#1727,#1735,#1736,#1737));
#1727 = ORIENTED_EDGE('',*,*,#1728,.F.);
#1728 = EDGE_CURVE('',#739,#1729,#1731,.T.);
#1729 = VERTEX_POINT('',#1730);
#1730 = CARTESIAN_POINT('',(80.600023777821,95.,0.));
#1731 = LINE('',#1732,#1733);
#1732 = CARTESIAN_POINT('',(80.600023777821,95.,4.));
#1733 = VECTOR('',#1734,1.);
#1734 = DIRECTION('',(0.,-0.,-1.));
#1735 = ORIENTED_EDGE('',*,*,#738,.T.);
#1736 = ORIENTED_EDGE('',*,*,#1712,.F.);
#1737 = ORIENTED_EDGE('',*,*,#1738,.F.);
#1738 = EDGE_CURVE('',#1729,#1704,#1739,.T.);
#1739 = LINE('',#1740,#1741);
#1740 = CARTESIAN_POINT('',(-95.,95.,0.));
#1741 = VECTOR('',#1742,1.);
#1742 = DIRECTION('',(1.,0.,0.));
#1743 = PLANE('',#1744);
#1744 = AXIS2_PLACEMENT_3D('',#1745,#1746,#1747);
#1745 = CARTESIAN_POINT('',(-95.,95.,4.));
#1746 = DIRECTION('',(0.,-1.,0.));
#1747 = DIRECTION('',(0.,-0.,-1.));
#1748 = ADVANCED_FACE('',(#1749),#1768,.T.);
#1749 = FACE_BOUND('',#1750,.T.);
#1750 = EDGE_LOOP('',(#1751,#1752,#1753,#1762));
#1751 = ORIENTED_EDGE('',*,*,#746,.T.);
#1752 = ORIENTED_EDGE('',*,*,#1728,.T.);
#1753 = ORIENTED_EDGE('',*,*,#1754,.T.);
#1754 = EDGE_CURVE('',#1729,#1755,#1757,.T.);
#1755 = VERTEX_POINT('',#1756);
#1756 = CARTESIAN_POINT('',(70.525020805593,92.276988021921,0.));
#1757 = CIRCLE('',#1758,20.);
#1758 = AXIS2_PLACEMENT_3D('',#1759,#1760,#1761);
#1759 = CARTESIAN_POINT('',(80.600023777821,75.,0.));
#1760 = DIRECTION('',(0.,0.,1.));
#1761 = DIRECTION('',(1.,0.,-0.));
#1762 = ORIENTED_EDGE('',*,*,#1763,.T.);
#1763 = EDGE_CURVE('',#1755,#747,#1764,.T.);
#1764 = LINE('',#1765,#1766);
#1765 = CARTESIAN_POINT('',(70.525020805593,92.276988021921,0.));
#1766 = VECTOR('',#1767,1.);
#1767 = DIRECTION('',(0.,0.,1.));
#1768 = CYLINDRICAL_SURFACE('',#1769,20.);
#1769 = AXIS2_PLACEMENT_3D('',#1770,#1771,#1772);
#1770 = CARTESIAN_POINT('',(80.600023777821,75.,0.));
#1771 = DIRECTION('',(0.,0.,1.));
#1772 = DIRECTION('',(1.,0.,-0.));
#1773 = ADVANCED_FACE('',(#1774),#1793,.F.);
#1774 = FACE_BOUND('',#1775,.F.);
#1775 = EDGE_LOOP('',(#1776,#1777,#1785,#1792));
#1776 = ORIENTED_EDGE('',*,*,#755,.F.);
#1777 = ORIENTED_EDGE('',*,*,#1778,.T.);
#1778 = EDGE_CURVE('',#756,#1779,#1781,.T.);
#1779 = VERTEX_POINT('',#1780);
#1780 = CARTESIAN_POINT('',(-70.52502080559,92.276988021921,0.));
#1781 = LINE('',#1782,#1783);
#1782 = CARTESIAN_POINT('',(-70.52502080559,92.276988021921,0.));
#1783 = VECTOR('',#1784,1.);
#1784 = DIRECTION('',(-0.,-0.,-1.));
#1785 = ORIENTED_EDGE('',*,*,#1786,.T.);
#1786 = EDGE_CURVE('',#1779,#1755,#1787,.T.);
#1787 = CIRCLE('',#1788,140.);
#1788 = AXIS2_PLACEMENT_3D('',#1789,#1790,#1791);
#1789 = CARTESIAN_POINT('',(0.,213.21590417536,0.));
#1790 = DIRECTION('',(0.,0.,1.));
#1791 = DIRECTION('',(1.,0.,-0.));
#1792 = ORIENTED_EDGE('',*,*,#1763,.T.);
#1793 = CYLINDRICAL_SURFACE('',#1794,140.);
#1794 = AXIS2_PLACEMENT_3D('',#1795,#1796,#1797);
#1795 = CARTESIAN_POINT('',(0.,213.21590417536,0.));
#1796 = DIRECTION('',(0.,0.,1.));
#1797 = DIRECTION('',(1.,0.,-0.));
#1798 = ADVANCED_FACE('',(#1799),#1818,.T.);
#1799 = FACE_BOUND('',#1800,.T.);
#1800 = EDGE_LOOP('',(#1801,#1802,#1803,#1812));
#1801 = ORIENTED_EDGE('',*,*,#764,.T.);
#1802 = ORIENTED_EDGE('',*,*,#1778,.T.);
#1803 = ORIENTED_EDGE('',*,*,#1804,.T.);
#1804 = EDGE_CURVE('',#1779,#1805,#1807,.T.);
#1805 = VERTEX_POINT('',#1806);
#1806 = CARTESIAN_POINT('',(-80.60002377782,95.,0.));
#1807 = CIRCLE('',#1808,20.);
#1808 = AXIS2_PLACEMENT_3D('',#1809,#1810,#1811);
#1809 = CARTESIAN_POINT('',(-80.60002377782,75.,0.));
#1810 = DIRECTION('',(0.,0.,1.));
#1811 = DIRECTION('',(1.,0.,-0.));
#1812 = ORIENTED_EDGE('',*,*,#1813,.T.);
#1813 = EDGE_CURVE('',#1805,#765,#1814,.T.);
#1814 = LINE('',#1815,#1816);
#1815 = CARTESIAN_POINT('',(-80.60002377782,95.,0.));
#1816 = VECTOR('',#1817,1.);
#1817 = DIRECTION('',(0.,0.,1.));
#1818 = CYLINDRICAL_SURFACE('',#1819,20.);
#1819 = AXIS2_PLACEMENT_3D('',#1820,#1821,#1822);
#1820 = CARTESIAN_POINT('',(-80.60002377782,75.,0.));
#1821 = DIRECTION('',(0.,0.,1.));
#1822 = DIRECTION('',(1.,0.,-0.));
#1823 = ADVANCED_FACE('',(#1824),#1842,.F.);
#1824 = FACE_BOUND('',#1825,.T.);
#1825 = EDGE_LOOP('',(#1826,#1827,#1835,#1841));
#1826 = ORIENTED_EDGE('',*,*,#1813,.F.);
#1827 = ORIENTED_EDGE('',*,*,#1828,.F.);
#1828 = EDGE_CURVE('',#1829,#1805,#1831,.T.);
#1829 = VERTEX_POINT('',#1830);
#1830 = CARTESIAN_POINT('',(-85.,95.,0.));
#1831 = LINE('',#1832,#1833);
#1832 = CARTESIAN_POINT('',(-95.,95.,0.));
#1833 = VECTOR('',#1834,1.);
#1834 = DIRECTION('',(1.,0.,0.));
#1835 = ORIENTED_EDGE('',*,*,#1836,.F.);
#1836 = EDGE_CURVE('',#774,#1829,#1837,.T.);
#1837 = LINE('',#1838,#1839);
#1838 = CARTESIAN_POINT('',(-85.,95.,4.));
#1839 = VECTOR('',#1840,1.);
#1840 = DIRECTION('',(0.,-0.,-1.));
#1841 = ORIENTED_EDGE('',*,*,#773,.T.);
#1842 = PLANE('',#1843);
#1843 = AXIS2_PLACEMENT_3D('',#1844,#1845,#1846);
#1844 = CARTESIAN_POINT('',(-95.,95.,4.));
#1845 = DIRECTION('',(0.,-1.,0.));
#1846 = DIRECTION('',(0.,-0.,-1.));
#1847 = ADVANCED_FACE('',(#1848),#1867,.T.);
#1848 = FACE_BOUND('',#1849,.T.);
#1849 = EDGE_LOOP('',(#1850,#1859,#1865,#1866));
#1850 = ORIENTED_EDGE('',*,*,#1851,.T.);
#1851 = EDGE_CURVE('',#1829,#1852,#1854,.T.);
#1852 = VERTEX_POINT('',#1853);
#1853 = CARTESIAN_POINT('',(-95.,85.,0.));
#1854 = CIRCLE('',#1855,10.);
#1855 = AXIS2_PLACEMENT_3D('',#1856,#1857,#1858);
#1856 = CARTESIAN_POINT('',(-85.,85.,0.));
#1857 = DIRECTION('',(0.,0.,1.));
#1858 = DIRECTION('',(-1.,0.,0.));
#1859 = ORIENTED_EDGE('',*,*,#1860,.T.);
#1860 = EDGE_CURVE('',#1852,#782,#1861,.T.);
#1861 = LINE('',#1862,#1863);
#1862 = CARTESIAN_POINT('',(-95.,85.,4.));
#1863 = VECTOR('',#1864,1.);
#1864 = DIRECTION('',(-0.,-0.,1.));
#1865 = ORIENTED_EDGE('',*,*,#781,.T.);
#1866 = ORIENTED_EDGE('',*,*,#1836,.T.);
#1867 = CYLINDRICAL_SURFACE('',#1868,10.);
#1868 = AXIS2_PLACEMENT_3D('',#1869,#1870,#1871);
#1869 = CARTESIAN_POINT('',(-85.,85.,4.));
#1870 = DIRECTION('',(0.,0.,-1.));
#1871 = DIRECTION('',(-1.,0.,0.));
#1872 = ADVANCED_FACE('',(#1873),#1891,.F.);
#1873 = FACE_BOUND('',#1874,.T.);
#1874 = EDGE_LOOP('',(#1875,#1883,#1884,#1885));
#1875 = ORIENTED_EDGE('',*,*,#1876,.F.);
#1876 = EDGE_CURVE('',#791,#1877,#1879,.T.);
#1877 = VERTEX_POINT('',#1878);
#1878 = CARTESIAN_POINT('',(-95.,66.807764064044,0.));
#1879 = LINE('',#1880,#1881);
#1880 = CARTESIAN_POINT('',(-95.,66.807764064044,4.));
#1881 = VECTOR('',#1882,1.);
#1882 = DIRECTION('',(0.,0.,-1.));
#1883 = ORIENTED_EDGE('',*,*,#790,.T.);
#1884 = ORIENTED_EDGE('',*,*,#1860,.F.);
#1885 = ORIENTED_EDGE('',*,*,#1886,.F.);
#1886 = EDGE_CURVE('',#1877,#1852,#1887,.T.);
#1887 = LINE('',#1888,#1889);
#1888 = CARTESIAN_POINT('',(-95.,-95.,0.));
#1889 = VECTOR('',#1890,1.);
#1890 = DIRECTION('',(0.,1.,0.));
#1891 = PLANE('',#1892);
#1892 = AXIS2_PLACEMENT_3D('',#1893,#1894,#1895);
#1893 = CARTESIAN_POINT('',(-95.,-95.,4.));
#1894 = DIRECTION('',(1.,-0.,0.));
#1895 = DIRECTION('',(0.,0.,-1.));
#1896 = ADVANCED_FACE('',(#1897),#1916,.T.);
#1897 = FACE_BOUND('',#1898,.T.);
#1898 = EDGE_LOOP('',(#1899,#1908,#1914,#1915));
#1899 = ORIENTED_EDGE('',*,*,#1900,.T.);
#1900 = EDGE_CURVE('',#1877,#1901,#1903,.T.);
#1901 = VERTEX_POINT('',#1902);
#1902 = CARTESIAN_POINT('',(-87.42535625036,57.106339062591,-1.E-15));
#1903 = CIRCLE('',#1904,10.);
#1904 = AXIS2_PLACEMENT_3D('',#1905,#1906,#1907);
#1905 = CARTESIAN_POINT('',(-85.,66.807764064044,0.));
#1906 = DIRECTION('',(0.,0.,1.));
#1907 = DIRECTION('',(-1.,0.,0.));
#1908 = ORIENTED_EDGE('',*,*,#1909,.T.);
#1909 = EDGE_CURVE('',#1901,#799,#1910,.T.);
#1910 = LINE('',#1911,#1912);
#1911 = CARTESIAN_POINT('',(-87.42535625036,57.106339062591,4.));
#1912 = VECTOR('',#1913,1.);
#1913 = DIRECTION('',(-0.,-0.,1.));
#1914 = ORIENTED_EDGE('',*,*,#798,.T.);
#1915 = ORIENTED_EDGE('',*,*,#1876,.T.);
#1916 = CYLINDRICAL_SURFACE('',#1917,10.);
#1917 = AXIS2_PLACEMENT_3D('',#1918,#1919,#1920);
#1918 = CARTESIAN_POINT('',(-85.,66.807764064044,4.));
#1919 = DIRECTION('',(0.,0.,-1.));
#1920 = DIRECTION('',(-1.,0.,0.));
#1921 = ADVANCED_FACE('',(#1922),#1940,.F.);
#1922 = FACE_BOUND('',#1923,.T.);
#1923 = EDGE_LOOP('',(#1924,#1925,#1933,#1939));
#1924 = ORIENTED_EDGE('',*,*,#1909,.F.);
#1925 = ORIENTED_EDGE('',*,*,#1926,.F.);
#1926 = EDGE_CURVE('',#1927,#1901,#1929,.T.);
#1927 = VERTEX_POINT('',#1928);
#1928 = CARTESIAN_POINT('',(-52.57464374963,48.393660937409,-1.E-15));
#1929 = LINE('',#1930,#1931);
#1930 = CARTESIAN_POINT('',(-45.,46.5,-1.73E-15));
#1931 = VECTOR('',#1932,1.);
#1932 = DIRECTION('',(-0.970142500145,0.242535625036,0.));
#1933 = ORIENTED_EDGE('',*,*,#1934,.F.);
#1934 = EDGE_CURVE('',#808,#1927,#1935,.T.);
#1935 = LINE('',#1936,#1937);
#1936 = CARTESIAN_POINT('',(-52.57464374963,48.393660937409,4.));
#1937 = VECTOR('',#1938,1.);
#1938 = DIRECTION('',(-0.,-0.,-1.));
#1939 = ORIENTED_EDGE('',*,*,#807,.T.);
#1940 = PLANE('',#1941);
#1941 = AXIS2_PLACEMENT_3D('',#1942,#1943,#1944);
#1942 = CARTESIAN_POINT('',(-45.,46.5,4.));
#1943 = DIRECTION('',(0.242535625036,0.970142500145,-0.));
#1944 = DIRECTION('',(-0.970142500145,0.242535625036,0.));
#1945 = ADVANCED_FACE('',(#1946),#1965,.F.);
#1946 = FACE_BOUND('',#1947,.F.);
#1947 = EDGE_LOOP('',(#1948,#1949,#1957,#1964));
#1948 = ORIENTED_EDGE('',*,*,#815,.F.);
#1949 = ORIENTED_EDGE('',*,*,#1950,.T.);
#1950 = EDGE_CURVE('',#816,#1951,#1953,.T.);
#1951 = VERTEX_POINT('',#1952);
#1952 = CARTESIAN_POINT('',(-45.,38.692235935956,0.));
#1953 = LINE('',#1954,#1955);
#1954 = CARTESIAN_POINT('',(-45.,38.692235935956,4.));
#1955 = VECTOR('',#1956,1.);
#1956 = DIRECTION('',(-0.,-0.,-1.));
#1957 = ORIENTED_EDGE('',*,*,#1958,.T.);
#1958 = EDGE_CURVE('',#1951,#1927,#1959,.T.);
#1959 = CIRCLE('',#1960,10.);
#1960 = AXIS2_PLACEMENT_3D('',#1961,#1962,#1963);
#1961 = CARTESIAN_POINT('',(-55.,38.692235935956,0.));
#1962 = DIRECTION('',(0.,0.,1.));
#1963 = DIRECTION('',(1.,0.,-0.));
#1964 = ORIENTED_EDGE('',*,*,#1934,.F.);
#1965 = CYLINDRICAL_SURFACE('',#1966,10.);
#1966 = AXIS2_PLACEMENT_3D('',#1967,#1968,#1969);
#1967 = CARTESIAN_POINT('',(-55.,38.692235935956,4.));
#1968 = DIRECTION('',(0.,0.,1.));
#1969 = DIRECTION('',(1.,0.,-0.));
#1970 = ADVANCED_FACE('',(#1971),#1989,.F.);
#1971 = FACE_BOUND('',#1972,.T.);
#1972 = EDGE_LOOP('',(#1973,#1981,#1982,#1983));
#1973 = ORIENTED_EDGE('',*,*,#1974,.F.);
#1974 = EDGE_CURVE('',#825,#1975,#1977,.T.);
#1975 = VERTEX_POINT('',#1976);
#1976 = CARTESIAN_POINT('',(-45.,-4.5,0.));
#1977 = LINE('',#1978,#1979);
#1978 = CARTESIAN_POINT('',(-45.,-4.5,4.));
#1979 = VECTOR('',#1980,1.);
#1980 = DIRECTION('',(0.,0.,-1.));
#1981 = ORIENTED_EDGE('',*,*,#824,.T.);
#1982 = ORIENTED_EDGE('',*,*,#1950,.T.);
#1983 = ORIENTED_EDGE('',*,*,#1984,.F.);
#1984 = EDGE_CURVE('',#1975,#1951,#1985,.T.);
#1985 = LINE('',#1986,#1987);
#1986 = CARTESIAN_POINT('',(-45.,-18.5,0.));
#1987 = VECTOR('',#1988,1.);
#1988 = DIRECTION('',(0.,1.,0.));
#1989 = PLANE('',#1990);
#1990 = AXIS2_PLACEMENT_3D('',#1991,#1992,#1993);
#1991 = CARTESIAN_POINT('',(-45.,-18.5,4.));
#1992 = DIRECTION('',(1.,-0.,0.));
#1993 = DIRECTION('',(0.,0.,-1.));
#1994 = ADVANCED_FACE('',(#1995),#2020,.F.);
#1995 = FACE_BOUND('',#1996,.T.);
#1996 = EDGE_LOOP('',(#1997,#2005,#2006,#2014));
#1997 = ORIENTED_EDGE('',*,*,#1998,.F.);
#1998 = EDGE_CURVE('',#842,#1999,#2001,.T.);
#1999 = VERTEX_POINT('',#2000);
#2000 = CARTESIAN_POINT('',(-40.5,-5.,0.));
#2001 = LINE('',#2002,#2003);
#2002 = CARTESIAN_POINT('',(-40.5,-5.,10.));
#2003 = VECTOR('',#2004,1.);
#2004 = DIRECTION('',(-0.,-0.,-1.));
#2005 = ORIENTED_EDGE('',*,*,#841,.T.);
#2006 = ORIENTED_EDGE('',*,*,#2007,.F.);
#2007 = EDGE_CURVE('',#2008,#833,#2010,.T.);
#2008 = VERTEX_POINT('',#2009);
#2009 = CARTESIAN_POINT('',(-44.5,-5.,0.));
#2010 = LINE('',#2011,#2012);
#2011 = CARTESIAN_POINT('',(-44.5,-5.,10.));
#2012 = VECTOR('',#2013,1.);
#2013 = DIRECTION('',(0.,0.,1.));
#2014 = ORIENTED_EDGE('',*,*,#2015,.F.);
#2015 = EDGE_CURVE('',#1999,#2008,#2016,.T.);
#2016 = LINE('',#2017,#2018);
#2017 = CARTESIAN_POINT('',(-45.,-5.,0.));
#2018 = VECTOR('',#2019,1.);
#2019 = DIRECTION('',(-1.,-1.7E-16,0.));
#2020 = PLANE('',#2021);
#2021 = AXIS2_PLACEMENT_3D('',#2022,#2023,#2024);
#2022 = CARTESIAN_POINT('',(-45.,-5.,10.));
#2023 = DIRECTION('',(-1.7E-16,1.,0.));
#2024 = DIRECTION('',(-1.,-1.7E-16,0.));
#2025 = ADVANCED_FACE('',(#2026),#2051,.F.);
#2026 = FACE_BOUND('',#2027,.T.);
#2027 = EDGE_LOOP('',(#2028,#2036,#2037,#2045));
#2028 = ORIENTED_EDGE('',*,*,#2029,.F.);
#2029 = EDGE_CURVE('',#859,#2030,#2032,.T.);
#2030 = VERTEX_POINT('',#2031);
#2031 = CARTESIAN_POINT('',(-40.,3.,0.));
#2032 = LINE('',#2033,#2034);
#2033 = CARTESIAN_POINT('',(-40.,3.,10.));
#2034 = VECTOR('',#2035,1.);
#2035 = DIRECTION('',(-0.,-0.,-1.));
#2036 = ORIENTED_EDGE('',*,*,#858,.T.);
#2037 = ORIENTED_EDGE('',*,*,#2038,.F.);
#2038 = EDGE_CURVE('',#2039,#850,#2041,.T.);
#2039 = VERTEX_POINT('',#2040);
#2040 = CARTESIAN_POINT('',(-40.,-4.5,0.));
#2041 = LINE('',#2042,#2043);
#2042 = CARTESIAN_POINT('',(-40.,-4.5,10.));
#2043 = VECTOR('',#2044,1.);
#2044 = DIRECTION('',(0.,0.,1.));
#2045 = ORIENTED_EDGE('',*,*,#2046,.F.);
#2046 = EDGE_CURVE('',#2030,#2039,#2047,.T.);
#2047 = LINE('',#2048,#2049);
#2048 = CARTESIAN_POINT('',(-40.,-5.,0.));
#2049 = VECTOR('',#2050,1.);
#2050 = DIRECTION('',(-0.,-1.,0.));
#2051 = PLANE('',#2052);
#2052 = AXIS2_PLACEMENT_3D('',#2053,#2054,#2055);
#2053 = CARTESIAN_POINT('',(-40.,-5.,10.));
#2054 = DIRECTION('',(-1.,0.,0.));
#2055 = DIRECTION('',(0.,0.,1.));
#2056 = ADVANCED_FACE('',(#2057),#2082,.F.);
#2057 = FACE_BOUND('',#2058,.T.);
#2058 = EDGE_LOOP('',(#2059,#2067,#2075,#2081));
#2059 = ORIENTED_EDGE('',*,*,#2060,.F.);
#2060 = EDGE_CURVE('',#2061,#884,#2063,.T.);
#2061 = VERTEX_POINT('',#2062);
#2062 = CARTESIAN_POINT('',(-37.5,3.,0.));
#2063 = LINE('',#2064,#2065);
#2064 = CARTESIAN_POINT('',(-37.5,3.,10.));
#2065 = VECTOR('',#2066,1.);
#2066 = DIRECTION('',(-0.,-0.,1.));
#2067 = ORIENTED_EDGE('',*,*,#2068,.F.);
#2068 = EDGE_CURVE('',#2069,#2061,#2071,.T.);
#2069 = VERTEX_POINT('',#2070);
#2070 = CARTESIAN_POINT('',(-37.5,-7.,0.));
#2071 = LINE('',#2072,#2073);
#2072 = CARTESIAN_POINT('',(-37.5,3.5,0.));
#2073 = VECTOR('',#2074,1.);
#2074 = DIRECTION('',(0.,1.,0.));
#2075 = ORIENTED_EDGE('',*,*,#2076,.F.);
#2076 = EDGE_CURVE('',#893,#2069,#2077,.T.);
#2077 = LINE('',#2078,#2079);
#2078 = CARTESIAN_POINT('',(-37.5,-7.,10.));
#2079 = VECTOR('',#2080,1.);
#2080 = DIRECTION('',(0.,0.,-1.));
#2081 = ORIENTED_EDGE('',*,*,#892,.T.);
#2082 = PLANE('',#2083);
#2083 = AXIS2_PLACEMENT_3D('',#2084,#2085,#2086);
#2084 = CARTESIAN_POINT('',(-37.5,3.5,10.));
#2085 = DIRECTION('',(1.,-0.,0.));
#2086 = DIRECTION('',(0.,0.,-1.));
#2087 = ADVANCED_FACE('',(#2088,#2098,#2108,#2118,#2128,#2132,#2136,
    #2140,#2144),#2292,.T.);
#2088 = FACE_BOUND('',#2089,.T.);
#2089 = EDGE_LOOP('',(#2090,#2097));
#2090 = ORIENTED_EDGE('',*,*,#2091,.T.);
#2091 = EDGE_CURVE('',#22,#41,#2092,.T.);
#2092 = CIRCLE('',#2093,3.6);
#2093 = AXIS2_PLACEMENT_3D('',#2094,#2095,#2096);
#2094 = CARTESIAN_POINT('',(32.,-30.1,-1.73E-15));
#2095 = DIRECTION('',(0.,0.,1.));
#2096 = DIRECTION('',(1.,0.,-0.));
#2097 = ORIENTED_EDGE('',*,*,#48,.T.);
#2098 = FACE_BOUND('',#2099,.T.);
#2099 = EDGE_LOOP('',(#2100,#2107));
#2100 = ORIENTED_EDGE('',*,*,#2101,.T.);
#2101 = EDGE_CURVE('',#64,#83,#2102,.T.);
#2102 = CIRCLE('',#2103,2.55);
#2103 = AXIS2_PLACEMENT_3D('',#2104,#2105,#2106);
#2104 = CARTESIAN_POINT('',(-27.,30.1,-1.73E-15));
#2105 = DIRECTION('',(0.,0.,1.));
#2106 = DIRECTION('',(1.,0.,-0.));
#2107 = ORIENTED_EDGE('',*,*,#90,.T.);
#2108 = FACE_BOUND('',#2109,.T.);
#2109 = EDGE_LOOP('',(#2110,#2117));
#2110 = ORIENTED_EDGE('',*,*,#2111,.T.);
#2111 = EDGE_CURVE('',#106,#125,#2112,.T.);
#2112 = CIRCLE('',#2113,2.55);
#2113 = AXIS2_PLACEMENT_3D('',#2114,#2115,#2116);
#2114 = CARTESIAN_POINT('',(32.,30.1,-1.73E-15));
#2115 = DIRECTION('',(0.,0.,1.));
#2116 = DIRECTION('',(1.,0.,-0.));
#2117 = ORIENTED_EDGE('',*,*,#132,.T.);
#2118 = FACE_BOUND('',#2119,.T.);
#2119 = EDGE_LOOP('',(#2120,#2127));
#2120 = ORIENTED_EDGE('',*,*,#2121,.T.);
#2121 = EDGE_CURVE('',#148,#167,#2122,.T.);
#2122 = CIRCLE('',#2123,3.6);
#2123 = AXIS2_PLACEMENT_3D('',#2124,#2125,#2126);
#2124 = CARTESIAN_POINT('',(-27.,-30.1,-1.73E-15));
#2125 = DIRECTION('',(0.,0.,1.));
#2126 = DIRECTION('',(1.,0.,-0.));
#2127 = ORIENTED_EDGE('',*,*,#174,.T.);
#2128 = FACE_BOUND('',#2129,.T.);
#2129 = EDGE_LOOP('',(#2130,#2131));
#2130 = ORIENTED_EDGE('',*,*,#199,.T.);
#2131 = ORIENTED_EDGE('',*,*,#923,.T.);
#2132 = FACE_BOUND('',#2133,.T.);
#2133 = EDGE_LOOP('',(#2134,#2135));
#2134 = ORIENTED_EDGE('',*,*,#283,.T.);
#2135 = ORIENTED_EDGE('',*,*,#959,.T.);
#2136 = FACE_BOUND('',#2137,.T.);
#2137 = EDGE_LOOP('',(#2138,#2139));
#2138 = ORIENTED_EDGE('',*,*,#325,.T.);
#2139 = ORIENTED_EDGE('',*,*,#977,.T.);
#2140 = FACE_BOUND('',#2141,.T.);
#2141 = EDGE_LOOP('',(#2142,#2143));
#2142 = ORIENTED_EDGE('',*,*,#241,.T.);
#2143 = ORIENTED_EDGE('',*,*,#941,.T.);
#2144 = FACE_BOUND('',#2145,.T.);
#2145 = EDGE_LOOP('',(#2146,#2147,#2148,#2149,#2156,#2157,#2164,#2165,
    #2174,#2182,#2189,#2190,#2197,#2198,#2205,#2206,#2207,#2208,#2209,
    #2210,#2211,#2212,#2213,#2214,#2215,#2216,#2217,#2218,#2219,#2220,
    #2221,#2222,#2229,#2230,#2237,#2238,#2247,#2255,#2262,#2263,#2270,
    #2271,#2278,#2279,#2280,#2281,#2282,#2283,#2284,#2285,#2286,#2287,
    #2288,#2289,#2290,#2291));
#2146 = ORIENTED_EDGE('',*,*,#1083,.T.);
#2147 = ORIENTED_EDGE('',*,*,#1066,.T.);
#2148 = ORIENTED_EDGE('',*,*,#1034,.T.);
#2149 = ORIENTED_EDGE('',*,*,#2150,.T.);
#2150 = EDGE_CURVE('',#1027,#996,#2151,.T.);
#2151 = CIRCLE('',#2152,0.5);
#2152 = AXIS2_PLACEMENT_3D('',#2153,#2154,#2155);
#2153 = CARTESIAN_POINT('',(-44.5,-8.,0.));
#2154 = DIRECTION('',(0.,0.,-1.));
#2155 = DIRECTION('',(-1.,0.,0.));
#2156 = ORIENTED_EDGE('',*,*,#1012,.T.);
#2157 = ORIENTED_EDGE('',*,*,#2158,.T.);
#2158 = EDGE_CURVE('',#1005,#2069,#2159,.T.);
#2159 = CIRCLE('',#2160,0.5);
#2160 = AXIS2_PLACEMENT_3D('',#2161,#2162,#2163);
#2161 = CARTESIAN_POINT('',(-38.,-7.,0.));
#2162 = DIRECTION('',(0.,0.,1.));
#2163 = DIRECTION('',(1.,0.,-0.));
#2164 = ORIENTED_EDGE('',*,*,#2068,.T.);
#2165 = ORIENTED_EDGE('',*,*,#2166,.T.);
#2166 = EDGE_CURVE('',#2061,#2167,#2169,.T.);
#2167 = VERTEX_POINT('',#2168);
#2168 = CARTESIAN_POINT('',(-38.,3.5,0.));
#2169 = CIRCLE('',#2170,0.5);
#2170 = AXIS2_PLACEMENT_3D('',#2171,#2172,#2173);
#2171 = CARTESIAN_POINT('',(-38.,3.,0.));
#2172 = DIRECTION('',(0.,0.,1.));
#2173 = DIRECTION('',(1.,0.,-0.));
#2174 = ORIENTED_EDGE('',*,*,#2175,.T.);
#2175 = EDGE_CURVE('',#2167,#2176,#2178,.T.);
#2176 = VERTEX_POINT('',#2177);
#2177 = CARTESIAN_POINT('',(-39.5,3.5,0.));
#2178 = LINE('',#2179,#2180);
#2179 = CARTESIAN_POINT('',(-40.,3.5,0.));
#2180 = VECTOR('',#2181,1.);
#2181 = DIRECTION('',(-1.,-0.,0.));
#2182 = ORIENTED_EDGE('',*,*,#2183,.T.);
#2183 = EDGE_CURVE('',#2176,#2030,#2184,.T.);
#2184 = CIRCLE('',#2185,0.5);
#2185 = AXIS2_PLACEMENT_3D('',#2186,#2187,#2188);
#2186 = CARTESIAN_POINT('',(-39.5,3.,0.));
#2187 = DIRECTION('',(0.,0.,1.));
#2188 = DIRECTION('',(1.,0.,-0.));
#2189 = ORIENTED_EDGE('',*,*,#2046,.T.);
#2190 = ORIENTED_EDGE('',*,*,#2191,.T.);
#2191 = EDGE_CURVE('',#2039,#1999,#2192,.T.);
#2192 = CIRCLE('',#2193,0.5);
#2193 = AXIS2_PLACEMENT_3D('',#2194,#2195,#2196);
#2194 = CARTESIAN_POINT('',(-40.5,-4.5,0.));
#2195 = DIRECTION('',(0.,0.,-1.));
#2196 = DIRECTION('',(-1.,0.,0.));
#2197 = ORIENTED_EDGE('',*,*,#2015,.T.);
#2198 = ORIENTED_EDGE('',*,*,#2199,.T.);
#2199 = EDGE_CURVE('',#2008,#1975,#2200,.T.);
#2200 = CIRCLE('',#2201,0.5);
#2201 = AXIS2_PLACEMENT_3D('',#2202,#2203,#2204);
#2202 = CARTESIAN_POINT('',(-44.5,-4.5,0.));
#2203 = DIRECTION('',(0.,0.,-1.));
#2204 = DIRECTION('',(1.,0.,0.));
#2205 = ORIENTED_EDGE('',*,*,#1984,.T.);
#2206 = ORIENTED_EDGE('',*,*,#1958,.T.);
#2207 = ORIENTED_EDGE('',*,*,#1926,.T.);
#2208 = ORIENTED_EDGE('',*,*,#1900,.F.);
#2209 = ORIENTED_EDGE('',*,*,#1886,.T.);
#2210 = ORIENTED_EDGE('',*,*,#1851,.F.);
#2211 = ORIENTED_EDGE('',*,*,#1828,.T.);
#2212 = ORIENTED_EDGE('',*,*,#1804,.F.);
#2213 = ORIENTED_EDGE('',*,*,#1786,.T.);
#2214 = ORIENTED_EDGE('',*,*,#1754,.F.);
#2215 = ORIENTED_EDGE('',*,*,#1738,.T.);
#2216 = ORIENTED_EDGE('',*,*,#1703,.F.);
#2217 = ORIENTED_EDGE('',*,*,#1680,.T.);
#2218 = ORIENTED_EDGE('',*,*,#1654,.F.);
#2219 = ORIENTED_EDGE('',*,*,#1631,.T.);
#2220 = ORIENTED_EDGE('',*,*,#1614,.T.);
#2221 = ORIENTED_EDGE('',*,*,#1582,.T.);
#2222 = ORIENTED_EDGE('',*,*,#2223,.T.);
#2223 = EDGE_CURVE('',#1575,#1544,#2224,.T.);
#2224 = CIRCLE('',#2225,0.5);
#2225 = AXIS2_PLACEMENT_3D('',#2226,#2227,#2228);
#2226 = CARTESIAN_POINT('',(44.5,-4.5,0.));
#2227 = DIRECTION('',(0.,0.,-1.));
#2228 = DIRECTION('',(-1.,0.,0.));
#2229 = ORIENTED_EDGE('',*,*,#1560,.T.);
#2230 = ORIENTED_EDGE('',*,*,#2231,.T.);
#2231 = EDGE_CURVE('',#1553,#1521,#2232,.T.);
#2232 = CIRCLE('',#2233,0.5);
#2233 = AXIS2_PLACEMENT_3D('',#2234,#2235,#2236);
#2234 = CARTESIAN_POINT('',(40.5,-4.5,0.));
#2235 = DIRECTION('',(0.,0.,-1.));
#2236 = DIRECTION('',(-1.,0.,0.));
#2237 = ORIENTED_EDGE('',*,*,#1520,.T.);
#2238 = ORIENTED_EDGE('',*,*,#2239,.T.);
#2239 = EDGE_CURVE('',#1513,#2240,#2242,.T.);
#2240 = VERTEX_POINT('',#2241);
#2241 = CARTESIAN_POINT('',(39.5,3.5,0.));
#2242 = CIRCLE('',#2243,0.5);
#2243 = AXIS2_PLACEMENT_3D('',#2244,#2245,#2246);
#2244 = CARTESIAN_POINT('',(39.5,3.,0.));
#2245 = DIRECTION('',(0.,0.,1.));
#2246 = DIRECTION('',(1.,0.,-0.));
#2247 = ORIENTED_EDGE('',*,*,#2248,.T.);
#2248 = EDGE_CURVE('',#2240,#2249,#2251,.T.);
#2249 = VERTEX_POINT('',#2250);
#2250 = CARTESIAN_POINT('',(38.,3.5,0.));
#2251 = LINE('',#2252,#2253);
#2252 = CARTESIAN_POINT('',(40.,3.5,0.));
#2253 = VECTOR('',#2254,1.);
#2254 = DIRECTION('',(-1.,-0.,0.));
#2255 = ORIENTED_EDGE('',*,*,#2256,.T.);
#2256 = EDGE_CURVE('',#2249,#1482,#2257,.T.);
#2257 = CIRCLE('',#2258,0.5);
#2258 = AXIS2_PLACEMENT_3D('',#2259,#2260,#2261);
#2259 = CARTESIAN_POINT('',(38.,3.,0.));
#2260 = DIRECTION('',(0.,0.,1.));
#2261 = DIRECTION('',(1.,0.,-0.));
#2262 = ORIENTED_EDGE('',*,*,#1498,.T.);
#2263 = ORIENTED_EDGE('',*,*,#2264,.T.);
#2264 = EDGE_CURVE('',#1491,#1459,#2265,.T.);
#2265 = CIRCLE('',#2266,0.5);
#2266 = AXIS2_PLACEMENT_3D('',#2267,#2268,#2269);
#2267 = CARTESIAN_POINT('',(38.,-7.,0.));
#2268 = DIRECTION('',(0.,0.,1.));
#2269 = DIRECTION('',(1.,0.,-0.));
#2270 = ORIENTED_EDGE('',*,*,#1458,.T.);
#2271 = ORIENTED_EDGE('',*,*,#2272,.T.);
#2272 = EDGE_CURVE('',#1451,#1427,#2273,.T.);
#2273 = CIRCLE('',#2274,0.5);
#2274 = AXIS2_PLACEMENT_3D('',#2275,#2276,#2277);
#2275 = CARTESIAN_POINT('',(44.5,-8.,0.));
#2276 = DIRECTION('',(0.,0.,-1.));
#2277 = DIRECTION('',(1.,0.,0.));
#2278 = ORIENTED_EDGE('',*,*,#1436,.T.);
#2279 = ORIENTED_EDGE('',*,*,#1410,.T.);
#2280 = ORIENTED_EDGE('',*,*,#1378,.T.);
#2281 = ORIENTED_EDGE('',*,*,#1354,.F.);
#2282 = ORIENTED_EDGE('',*,*,#1338,.T.);
#2283 = ORIENTED_EDGE('',*,*,#1303,.F.);
#2284 = ORIENTED_EDGE('',*,*,#1280,.T.);
#2285 = ORIENTED_EDGE('',*,*,#1256,.F.);
#2286 = ORIENTED_EDGE('',*,*,#1238,.T.);
#2287 = ORIENTED_EDGE('',*,*,#1206,.F.);
#2288 = ORIENTED_EDGE('',*,*,#1190,.T.);
#2289 = ORIENTED_EDGE('',*,*,#1155,.F.);
#2290 = ORIENTED_EDGE('',*,*,#1132,.T.);
#2291 = ORIENTED_EDGE('',*,*,#1106,.F.);
#2292 = PLANE('',#2293);
#2293 = AXIS2_PLACEMENT_3D('',#2294,#2295,#2296);
#2294 = CARTESIAN_POINT('',(0.,0.,0.));
#2295 = DIRECTION('',(0.,0.,-1.));
#2296 = DIRECTION('',(-1.,0.,-0.));
#2297 = ADVANCED_FACE('',(#2298),#2304,.T.);
#2298 = FACE_BOUND('',#2299,.T.);
#2299 = EDGE_LOOP('',(#2300,#2301,#2302,#2303));
#2300 = ORIENTED_EDGE('',*,*,#2150,.F.);
#2301 = ORIENTED_EDGE('',*,*,#1026,.T.);
#2302 = ORIENTED_EDGE('',*,*,#437,.T.);
#2303 = ORIENTED_EDGE('',*,*,#995,.T.);
#2304 = CYLINDRICAL_SURFACE('',#2305,0.5);
#2305 = AXIS2_PLACEMENT_3D('',#2306,#2307,#2308);
#2306 = CARTESIAN_POINT('',(-44.5,-8.,4.));
#2307 = DIRECTION('',(0.,0.,-1.));
#2308 = DIRECTION('',(-1.,0.,0.));
#2309 = ADVANCED_FACE('',(#2310),#2316,.F.);
#2310 = FACE_BOUND('',#2311,.F.);
#2311 = EDGE_LOOP('',(#2312,#2313,#2314,#2315));
#2312 = ORIENTED_EDGE('',*,*,#900,.T.);
#2313 = ORIENTED_EDGE('',*,*,#1004,.F.);
#2314 = ORIENTED_EDGE('',*,*,#2158,.T.);
#2315 = ORIENTED_EDGE('',*,*,#2076,.F.);
#2316 = CYLINDRICAL_SURFACE('',#2317,0.5);
#2317 = AXIS2_PLACEMENT_3D('',#2318,#2319,#2320);
#2318 = CARTESIAN_POINT('',(-38.,-7.,10.));
#2319 = DIRECTION('',(0.,0.,1.));
#2320 = DIRECTION('',(1.,0.,-0.));
#2321 = ADVANCED_FACE('',(#2322),#2328,.T.);
#2322 = FACE_BOUND('',#2323,.T.);
#2323 = EDGE_LOOP('',(#2324,#2325,#2326,#2327));
#2324 = ORIENTED_EDGE('',*,*,#593,.T.);
#2325 = ORIENTED_EDGE('',*,*,#1426,.T.);
#2326 = ORIENTED_EDGE('',*,*,#2272,.F.);
#2327 = ORIENTED_EDGE('',*,*,#1450,.T.);
#2328 = CYLINDRICAL_SURFACE('',#2329,0.5);
#2329 = AXIS2_PLACEMENT_3D('',#2330,#2331,#2332);
#2330 = CARTESIAN_POINT('',(44.5,-8.,10.));
#2331 = DIRECTION('',(0.,0.,1.));
#2332 = DIRECTION('',(1.,0.,-0.));
#2333 = ADVANCED_FACE('',(#2334),#2340,.F.);
#2334 = FACE_BOUND('',#2335,.F.);
#2335 = EDGE_LOOP('',(#2336,#2337,#2338,#2339));
#2336 = ORIENTED_EDGE('',*,*,#610,.T.);
#2337 = ORIENTED_EDGE('',*,*,#1490,.F.);
#2338 = ORIENTED_EDGE('',*,*,#2264,.T.);
#2339 = ORIENTED_EDGE('',*,*,#1466,.F.);
#2340 = CYLINDRICAL_SURFACE('',#2341,0.5);
#2341 = AXIS2_PLACEMENT_3D('',#2342,#2343,#2344);
#2342 = CARTESIAN_POINT('',(38.,-7.,10.));
#2343 = DIRECTION('',(0.,0.,1.));
#2344 = DIRECTION('',(1.,0.,-0.));
#2345 = ADVANCED_FACE('',(#2346),#2357,.F.);
#2346 = FACE_BOUND('',#2347,.F.);
#2347 = EDGE_LOOP('',(#2348,#2349,#2355,#2356));
#2348 = ORIENTED_EDGE('',*,*,#627,.T.);
#2349 = ORIENTED_EDGE('',*,*,#2350,.T.);
#2350 = EDGE_CURVE('',#628,#2249,#2351,.T.);
#2351 = LINE('',#2352,#2353);
#2352 = CARTESIAN_POINT('',(38.,3.5,10.));
#2353 = VECTOR('',#2354,1.);
#2354 = DIRECTION('',(-0.,-0.,-1.));
#2355 = ORIENTED_EDGE('',*,*,#2256,.T.);
#2356 = ORIENTED_EDGE('',*,*,#1481,.F.);
#2357 = CYLINDRICAL_SURFACE('',#2358,0.5);
#2358 = AXIS2_PLACEMENT_3D('',#2359,#2360,#2361);
#2359 = CARTESIAN_POINT('',(38.,3.,10.));
#2360 = DIRECTION('',(0.,0.,1.));
#2361 = DIRECTION('',(1.,0.,-0.));
#2362 = ADVANCED_FACE('',(#2363),#2374,.F.);
#2363 = FACE_BOUND('',#2364,.F.);
#2364 = EDGE_LOOP('',(#2365,#2366,#2367,#2368));
#2365 = ORIENTED_EDGE('',*,*,#644,.T.);
#2366 = ORIENTED_EDGE('',*,*,#1512,.F.);
#2367 = ORIENTED_EDGE('',*,*,#2239,.T.);
#2368 = ORIENTED_EDGE('',*,*,#2369,.T.);
#2369 = EDGE_CURVE('',#2240,#637,#2370,.T.);
#2370 = LINE('',#2371,#2372);
#2371 = CARTESIAN_POINT('',(39.5,3.5,10.));
#2372 = VECTOR('',#2373,1.);
#2373 = DIRECTION('',(0.,0.,1.));
#2374 = CYLINDRICAL_SURFACE('',#2375,0.5);
#2375 = AXIS2_PLACEMENT_3D('',#2376,#2377,#2378);
#2376 = CARTESIAN_POINT('',(39.5,3.,10.));
#2377 = DIRECTION('',(0.,0.,1.));
#2378 = DIRECTION('',(1.,0.,-0.));
#2379 = ADVANCED_FACE('',(#2380),#2386,.T.);
#2380 = FACE_BOUND('',#2381,.T.);
#2381 = EDGE_LOOP('',(#2382,#2383,#2384,#2385));
#2382 = ORIENTED_EDGE('',*,*,#2231,.F.);
#2383 = ORIENTED_EDGE('',*,*,#1552,.T.);
#2384 = ORIENTED_EDGE('',*,*,#661,.T.);
#2385 = ORIENTED_EDGE('',*,*,#1528,.T.);
#2386 = CYLINDRICAL_SURFACE('',#2387,0.5);
#2387 = AXIS2_PLACEMENT_3D('',#2388,#2389,#2390);
#2388 = CARTESIAN_POINT('',(40.5,-4.5,10.));
#2389 = DIRECTION('',(0.,0.,-1.));
#2390 = DIRECTION('',(-1.,0.,0.));
#2391 = ADVANCED_FACE('',(#2392),#2398,.T.);
#2392 = FACE_BOUND('',#2393,.T.);
#2393 = EDGE_LOOP('',(#2394,#2395,#2396,#2397));
#2394 = ORIENTED_EDGE('',*,*,#2223,.F.);
#2395 = ORIENTED_EDGE('',*,*,#1574,.T.);
#2396 = ORIENTED_EDGE('',*,*,#678,.T.);
#2397 = ORIENTED_EDGE('',*,*,#1543,.T.);
#2398 = CYLINDRICAL_SURFACE('',#2399,0.5);
#2399 = AXIS2_PLACEMENT_3D('',#2400,#2401,#2402);
#2400 = CARTESIAN_POINT('',(44.5,-4.5,10.));
#2401 = DIRECTION('',(0.,0.,-1.));
#2402 = DIRECTION('',(-1.,0.,0.));
#2403 = ADVANCED_FACE('',(#2404),#2410,.T.);
#2404 = FACE_BOUND('',#2405,.T.);
#2405 = EDGE_LOOP('',(#2406,#2407,#2408,#2409));
#2406 = ORIENTED_EDGE('',*,*,#832,.T.);
#2407 = ORIENTED_EDGE('',*,*,#1974,.T.);
#2408 = ORIENTED_EDGE('',*,*,#2199,.F.);
#2409 = ORIENTED_EDGE('',*,*,#2007,.T.);
#2410 = CYLINDRICAL_SURFACE('',#2411,0.5);
#2411 = AXIS2_PLACEMENT_3D('',#2412,#2413,#2414);
#2412 = CARTESIAN_POINT('',(-44.5,-4.5,4.));
#2413 = DIRECTION('',(0.,0.,1.));
#2414 = DIRECTION('',(1.,0.,-0.));
#2415 = ADVANCED_FACE('',(#2416),#2422,.T.);
#2416 = FACE_BOUND('',#2417,.T.);
#2417 = EDGE_LOOP('',(#2418,#2419,#2420,#2421));
#2418 = ORIENTED_EDGE('',*,*,#2191,.F.);
#2419 = ORIENTED_EDGE('',*,*,#2038,.T.);
#2420 = ORIENTED_EDGE('',*,*,#849,.T.);
#2421 = ORIENTED_EDGE('',*,*,#1998,.T.);
#2422 = CYLINDRICAL_SURFACE('',#2423,0.5);
#2423 = AXIS2_PLACEMENT_3D('',#2424,#2425,#2426);
#2424 = CARTESIAN_POINT('',(-40.5,-4.5,10.));
#2425 = DIRECTION('',(0.,0.,-1.));
#2426 = DIRECTION('',(-1.,0.,0.));
#2427 = ADVANCED_FACE('',(#2428),#2439,.F.);
#2428 = FACE_BOUND('',#2429,.F.);
#2429 = EDGE_LOOP('',(#2430,#2431,#2437,#2438));
#2430 = ORIENTED_EDGE('',*,*,#866,.T.);
#2431 = ORIENTED_EDGE('',*,*,#2432,.T.);
#2432 = EDGE_CURVE('',#867,#2176,#2433,.T.);
#2433 = LINE('',#2434,#2435);
#2434 = CARTESIAN_POINT('',(-39.5,3.5,10.));
#2435 = VECTOR('',#2436,1.);
#2436 = DIRECTION('',(-0.,-0.,-1.));
#2437 = ORIENTED_EDGE('',*,*,#2183,.T.);
#2438 = ORIENTED_EDGE('',*,*,#2029,.F.);
#2439 = CYLINDRICAL_SURFACE('',#2440,0.5);
#2440 = AXIS2_PLACEMENT_3D('',#2441,#2442,#2443);
#2441 = CARTESIAN_POINT('',(-39.5,3.,10.));
#2442 = DIRECTION('',(0.,0.,1.));
#2443 = DIRECTION('',(1.,0.,-0.));
#2444 = ADVANCED_FACE('',(#2445),#2456,.F.);
#2445 = FACE_BOUND('',#2446,.F.);
#2446 = EDGE_LOOP('',(#2447,#2448,#2449,#2450));
#2447 = ORIENTED_EDGE('',*,*,#883,.T.);
#2448 = ORIENTED_EDGE('',*,*,#2060,.F.);
#2449 = ORIENTED_EDGE('',*,*,#2166,.T.);
#2450 = ORIENTED_EDGE('',*,*,#2451,.T.);
#2451 = EDGE_CURVE('',#2167,#876,#2452,.T.);
#2452 = LINE('',#2453,#2454);
#2453 = CARTESIAN_POINT('',(-38.,3.5,10.));
#2454 = VECTOR('',#2455,1.);
#2455 = DIRECTION('',(0.,0.,1.));
#2456 = CYLINDRICAL_SURFACE('',#2457,0.5);
#2457 = AXIS2_PLACEMENT_3D('',#2458,#2459,#2460);
#2458 = CARTESIAN_POINT('',(-38.,3.,10.));
#2459 = DIRECTION('',(0.,0.,1.));
#2460 = DIRECTION('',(1.,0.,-0.));
#2461 = ADVANCED_FACE('',(#2462),#2468,.F.);
#2462 = FACE_BOUND('',#2463,.T.);
#2463 = EDGE_LOOP('',(#2464,#2465,#2466,#2467));
#2464 = ORIENTED_EDGE('',*,*,#2350,.T.);
#2465 = ORIENTED_EDGE('',*,*,#2248,.F.);
#2466 = ORIENTED_EDGE('',*,*,#2369,.T.);
#2467 = ORIENTED_EDGE('',*,*,#636,.F.);
#2468 = PLANE('',#2469);
#2469 = AXIS2_PLACEMENT_3D('',#2470,#2471,#2472);
#2470 = CARTESIAN_POINT('',(40.,3.5,10.));
#2471 = DIRECTION('',(0.,1.,0.));
#2472 = DIRECTION('',(0.,-0.,1.));
#2473 = ADVANCED_FACE('',(#2474),#2480,.F.);
#2474 = FACE_BOUND('',#2475,.T.);
#2475 = EDGE_LOOP('',(#2476,#2477,#2478,#2479));
#2476 = ORIENTED_EDGE('',*,*,#2451,.T.);
#2477 = ORIENTED_EDGE('',*,*,#875,.F.);
#2478 = ORIENTED_EDGE('',*,*,#2432,.T.);
#2479 = ORIENTED_EDGE('',*,*,#2175,.F.);
#2480 = PLANE('',#2481);
#2481 = AXIS2_PLACEMENT_3D('',#2482,#2483,#2484);
#2482 = CARTESIAN_POINT('',(-40.,3.5,10.));
#2483 = DIRECTION('',(0.,1.,0.));
#2484 = DIRECTION('',(0.,-0.,1.));
#2485 = ADVANCED_FACE('',(#2486),#2492,.F.);
#2486 = FACE_BOUND('',#2487,.F.);
#2487 = EDGE_LOOP('',(#2488,#2489,#2490,#2491));
#2488 = ORIENTED_EDGE('',*,*,#387,.F.);
#2489 = ORIENTED_EDGE('',*,*,#147,.F.);
#2490 = ORIENTED_EDGE('',*,*,#2121,.T.);
#2491 = ORIENTED_EDGE('',*,*,#166,.T.);
#2492 = CYLINDRICAL_SURFACE('',#2493,3.6);
#2493 = AXIS2_PLACEMENT_3D('',#2494,#2495,#2496);
#2494 = CARTESIAN_POINT('',(-27.,-30.1,-1.73E-15));
#2495 = DIRECTION('',(-0.,-0.,1.));
#2496 = DIRECTION('',(1.,0.,0.));
#2497 = ADVANCED_FACE('',(#2498),#2504,.F.);
#2498 = FACE_BOUND('',#2499,.F.);
#2499 = EDGE_LOOP('',(#2500,#2501,#2502,#2503));
#2500 = ORIENTED_EDGE('',*,*,#377,.F.);
#2501 = ORIENTED_EDGE('',*,*,#105,.F.);
#2502 = ORIENTED_EDGE('',*,*,#2111,.T.);
#2503 = ORIENTED_EDGE('',*,*,#124,.T.);
#2504 = CYLINDRICAL_SURFACE('',#2505,2.55);
#2505 = AXIS2_PLACEMENT_3D('',#2506,#2507,#2508);
#2506 = CARTESIAN_POINT('',(32.,30.1,-1.73E-15));
#2507 = DIRECTION('',(-0.,-0.,1.));
#2508 = DIRECTION('',(1.,0.,0.));
#2509 = ADVANCED_FACE('',(#2510),#2516,.F.);
#2510 = FACE_BOUND('',#2511,.F.);
#2511 = EDGE_LOOP('',(#2512,#2513,#2514,#2515));
#2512 = ORIENTED_EDGE('',*,*,#367,.F.);
#2513 = ORIENTED_EDGE('',*,*,#63,.F.);
#2514 = ORIENTED_EDGE('',*,*,#2101,.T.);
#2515 = ORIENTED_EDGE('',*,*,#82,.T.);
#2516 = CYLINDRICAL_SURFACE('',#2517,2.55);
#2517 = AXIS2_PLACEMENT_3D('',#2518,#2519,#2520);
#2518 = CARTESIAN_POINT('',(-27.,30.1,-1.73E-15));
#2519 = DIRECTION('',(-0.,-0.,1.));
#2520 = DIRECTION('',(1.,0.,0.));
#2521 = ADVANCED_FACE('',(#2522),#2528,.F.);
#2522 = FACE_BOUND('',#2523,.F.);
#2523 = EDGE_LOOP('',(#2524,#2525,#2526,#2527));
#2524 = ORIENTED_EDGE('',*,*,#357,.F.);
#2525 = ORIENTED_EDGE('',*,*,#21,.F.);
#2526 = ORIENTED_EDGE('',*,*,#2091,.T.);
#2527 = ORIENTED_EDGE('',*,*,#40,.T.);
#2528 = CYLINDRICAL_SURFACE('',#2529,3.6);
#2529 = AXIS2_PLACEMENT_3D('',#2530,#2531,#2532);
#2530 = CARTESIAN_POINT('',(32.,-30.1,-1.73E-15));
#2531 = DIRECTION('',(-0.,-0.,1.));
#2532 = DIRECTION('',(1.,0.,0.));
#2533 = ( GEOMETRIC_REPRESENTATION_CONTEXT(3) 
GLOBAL_UNCERTAINTY_ASSIGNED_CONTEXT((#2537)) 
GLOBAL_UNIT_ASSIGNED_CONTEXT((#2534,#2535,#2536)) REPRESENTATION_CONTEXT
('Context #1','3D Context with UNIT and UNCERTAINTY') );
#2534 = ( LENGTH_UNIT() NAMED_UNIT(*) SI_UNIT(.MILLI.,.METRE.) );
#2535 = ( NAMED_UNIT(*) PLANE_ANGLE_UNIT() SI_UNIT($,.RADIAN.) );
#2536 = ( NAMED_UNIT(*) SI_UNIT($,.STERADIAN.) SOLID_ANGLE_UNIT() );
#2537 = UNCERTAINTY_MEASURE_WITH_UNIT(LENGTH_MEASURE(1.E-07),#2534,
  'distance_accuracy_value','confusion accuracy');
#2538 = PRODUCT_RELATED_PRODUCT_CATEGORY('part',$,(#7));
#2539 = MECHANICAL_DESIGN_GEOMETRIC_PRESENTATION_REPRESENTATION('',(
    #2540),#2533);
#2540 = STYLED_ITEM('color',(#2541),#15);
#2541 = PRESENTATION_STYLE_ASSIGNMENT((#2542,#2548));
#2542 = SURFACE_STYLE_USAGE(.BOTH.,#2543);
#2543 = SURFACE_SIDE_STYLE('',(#2544));
#2544 = SURFACE_STYLE_FILL_AREA(#2545);
#2545 = FILL_AREA_STYLE('',(#2546));
#2546 = FILL_AREA_STYLE_COLOUR('',#2547);
#2547 = COLOUR_RGB('',0.250980406631,0.250980406631,0.250980406631);
#2548 = CURVE_STYLE('',#2549,POSITIVE_LENGTH_MEASURE(0.1),#2550);
#2549 = DRAUGHTING_PRE_DEFINED_CURVE_FONT('continuous');
#2550 = COLOUR_RGB('',9.803921802644E-02,9.803921802644E-02,
  9.803921802644E-02);
ENDSEC;
END-ISO-10303-21;
