ISO-10303-21;
HEADER;
FILE_DESCRIPTION(('FreeCAD Model'),'2;1');
FILE_NAME('Open CASCADE Shape Model','2026-09-03T22:00:36',('Author'),(
    ''),'Open CASCADE STEP processor 7.9','FreeCAD','Unknown');
FILE_SCHEMA(('AUTOMOTIVE_DESIGN { 1 0 10303 214 1 1 1 1 }'));
ENDSEC;
DATA;
#1 = APPLICATION_PROTOCOL_DEFINITION('international standard',
  'automotive_design',2000,#2);
#2 = APPLICATION_CONTEXT(
  'core data for automotive mechanical design processes');
#3 = SHAPE_DEFINITION_REPRESENTATION(#4,#10);
#4 = PRODUCT_DEFINITION_SHAPE('','',#5);
#5 = PRODUCT_DEFINITION('design','',#6,#9);
#6 = PRODUCT_DEFINITION_FORMATION('','',#7);
#7 = PRODUCT('2020 profile_Standard','2020 profile_Standard','',(#8));
#8 = PRODUCT_CONTEXT('',#2,'mechanical');
#9 = PRODUCT_DEFINITION_CONTEXT('part definition',#2,'design');
#10 = ADVANCED_BREP_SHAPE_REPRESENTATION('',(#11,#15),#6573);
#11 = AXIS2_PLACEMENT_3D('',#12,#13,#14);
#12 = CARTESIAN_POINT('',(0.,0.,0.));
#13 = DIRECTION('',(0.,0.,1.));
#14 = DIRECTION('',(1.,0.,-0.));
#15 = MANIFOLD_SOLID_BREP('',#16);
#16 = CLOSED_SHELL('',(#17,#59,#183,#225,#391,#450,#543,#585,#678,#771,
    #937,#1030,#1123,#1216,#1309,#1402,#1495,#1539,#1583,#1669,#1757,
    #1803,#1843,#2478,#2503,#3130,#3147,#3227,#3249,#3266,#3283,#3305,
    #3327,#3349,#3366,#3388,#3405,#3518,#3636,#3653,#3670,#3687,#3704,
    #3726,#3748,#3765,#3782,#3804,#3821,#3838,#3860,#3882,#3936,#3958,
    #3980,#4045,#4158,#4276,#4361,#4385,#4417,#4473,#4495,#4517,#4539,
    #4556,#4573,#4605,#4629,#4653,#4685,#4703,#4753,#4782,#4811,#4828,
    #4845,#4857,#4869,#4881,#4893,#4910,#4922,#4947,#4968,#4985,#5002,
    #5019,#5044,#5065,#5090,#5164,#5189,#5210,#5222,#5234,#5246,#5258,
    #5270,#5282,#5294,#5311,#5323,#5335,#5352,#5364,#5381,#5393,#5410,
    #5422,#5434,#5446,#5514,#5531,#5582,#5594,#5606,#5623,#5635,#5652,
    #5663,#5674,#5699,#5748,#5765,#5782,#5799,#5824,#5873,#5890,#5915,
    #5964,#5976,#5988,#6000,#6012,#6024,#6036,#6048,#6064,#6095,#6111,
    #6129,#6195,#6207,#6219,#6246,#6258,#6276,#6332,#6344,#6361,#6373,
    #6385,#6402,#6414,#6426,#6438,#6458,#6474,#6491,#6508,#6520,#6537,
    #6549,#6561));
#17 = ADVANCED_FACE('',(#18),#54,.F.);
#18 = FACE_BOUND('',#19,.F.);
#19 = EDGE_LOOP('',(#20,#30,#39,#47));
#20 = ORIENTED_EDGE('',*,*,#21,.T.);
#21 = EDGE_CURVE('',#22,#24,#26,.T.);
#22 = VERTEX_POINT('',#23);
#23 = CARTESIAN_POINT('',(344.5,0.,-2.));
#24 = VERTEX_POINT('',#25);
#25 = CARTESIAN_POINT('',(345.,0.,-2.5));
#26 = LINE('',#27,#28);
#27 = CARTESIAN_POINT('',(345.,0.,-2.5));
#28 = VECTOR('',#29,1.);
#29 = DIRECTION('',(0.707106781187,0.,-0.707106781187));
#30 = ORIENTED_EDGE('',*,*,#31,.T.);
#31 = EDGE_CURVE('',#24,#32,#34,.T.);
#32 = VERTEX_POINT('',#33);
#33 = CARTESIAN_POINT('',(345.,0.,2.5));
#34 = CIRCLE('',#35,2.5);
#35 = AXIS2_PLACEMENT_3D('',#36,#37,#38);
#36 = CARTESIAN_POINT('',(345.,0.,0.));
#37 = DIRECTION('',(-1.,0.,-0.));
#38 = DIRECTION('',(0.,0.,-1.));
#39 = ORIENTED_EDGE('',*,*,#40,.F.);
#40 = EDGE_CURVE('',#41,#32,#43,.T.);
#41 = VERTEX_POINT('',#42);
#42 = CARTESIAN_POINT('',(344.5,0.,2.));
#43 = LINE('',#44,#45);
#44 = CARTESIAN_POINT('',(345.,3.1E-16,2.5));
#45 = VECTOR('',#46,1.);
#46 = DIRECTION('',(0.707106781187,9.E-17,0.707106781187));
#47 = ORIENTED_EDGE('',*,*,#48,.T.);
#48 = EDGE_CURVE('',#41,#22,#49,.T.);
#49 = CIRCLE('',#50,2.);
#50 = AXIS2_PLACEMENT_3D('',#51,#52,#53);
#51 = CARTESIAN_POINT('',(344.5,0.,0.));
#52 = DIRECTION('',(1.,-0.,0.));
#53 = DIRECTION('',(0.,0.,-1.));
#54 = CONICAL_SURFACE('',#55,2.5,0.785398163397);
#55 = AXIS2_PLACEMENT_3D('',#56,#57,#58);
#56 = CARTESIAN_POINT('',(345.,0.,0.));
#57 = DIRECTION('',(1.,-0.,-0.));
#58 = DIRECTION('',(0.,0.,-1.));
#59 = ADVANCED_FACE('',(#60,#126),#178,.F.);
#60 = FACE_BOUND('',#61,.F.);
#61 = EDGE_LOOP('',(#62,#95));
#62 = ORIENTED_EDGE('',*,*,#63,.T.);
#63 = EDGE_CURVE('',#64,#66,#68,.T.);
#64 = VERTEX_POINT('',#65);
#65 = CARTESIAN_POINT('',(336.4,-1.130265455546,-1.65));
#66 = VERTEX_POINT('',#67);
#67 = CARTESIAN_POINT('',(336.4,-1.130265455546,1.65));
#68 = B_SPLINE_CURVE_WITH_KNOTS('',3,(#69,#70,#71,#72,#73,#74,#75,#76,
    #77,#78,#79,#80,#81,#82,#83,#84,#85,#86,#87,#88,#89,#90,#91,#92,#93,
    #94),.UNSPECIFIED.,.F.,.F.,(4,2,2,2,2,2,2,2,2,2,2,2,4),(0.,
    6.881187716191E-04,1.032178157429E-03,1.376237543238E-03,
    1.720296929048E-03,2.064356314857E-03,2.408415700667E-03,
    2.752475086476E-03,3.096534472286E-03,3.440593858095E-03,
    4.128712629715E-03,4.816831401334E-03,5.504950172953E-03),
  .UNSPECIFIED.);
#69 = CARTESIAN_POINT('',(336.4,-1.130265455546,-1.65));
#70 = CARTESIAN_POINT('',(336.16674589016,-1.130265455546,-1.65));
#71 = CARTESIAN_POINT('',(335.94637392827,-1.206406762548,
    -1.600114593934));
#72 = CARTESIAN_POINT('',(335.65801372841,-1.349473524441,
    -1.477452944917));
#73 = CARTESIAN_POINT('',(335.56685966333,-1.402617971221,
    -1.427819442098));
#74 = CARTESIAN_POINT('',(335.39822507693,-1.508896069681,
    -1.315005012662));
#75 = CARTESIAN_POINT('',(335.3199148645,-1.562521360251,-1.251531238035
    ));
#76 = CARTESIAN_POINT('',(335.17392494416,-1.666778072764,
    -1.108897784818));
#77 = CARTESIAN_POINT('',(335.10587445696,-1.717784160068,
    -1.028964544245));
#78 = CARTESIAN_POINT('',(334.9858631265,-1.809918394966,-0.856589666911
    ));
#79 = CARTESIAN_POINT('',(334.93326544134,-1.851514988865,
    -0.763754295812));
#80 = CARTESIAN_POINT('',(334.84476688809,-1.922380690916,
    -0.562032790462));
#81 = CARTESIAN_POINT('',(334.81006200016,-1.950697022716,
    -0.455410656436));
#82 = CARTESIAN_POINT('',(334.76277940736,-1.989423861342,
    -0.234116296639));
#83 = CARTESIAN_POINT('',(334.75022952109,-1.999810645214,
    -0.117713628253));
#84 = CARTESIAN_POINT('',(334.74977692942,-2.000184033106,0.111188797521
    ));
#85 = CARTESIAN_POINT('',(334.76170349446,-1.990310697318,0.226783543809
    ));
#86 = CARTESIAN_POINT('',(334.8083400836,-1.952102077568,0.449516324905)
  );
#87 = CARTESIAN_POINT('',(334.84243946274,-1.924266263698,0.55563658469)
  );
#88 = CARTESIAN_POINT('',(334.97453963,-1.818422550444,0.859924473106));
#89 = CARTESIAN_POINT('',(335.09797357529,-1.721148244801,1.033976301824
    ));
#90 = CARTESIAN_POINT('',(335.39002200531,-1.512327352028,1.320728682821
    ));
#91 = CARTESIAN_POINT('',(335.56011513551,-1.398286661587,1.435483691867
    ));
#92 = CARTESIAN_POINT('',(335.94381829512,-1.20743560915,1.599349326239)
  );
#93 = CARTESIAN_POINT('',(336.16661900997,-1.130265455546,1.65));
#94 = CARTESIAN_POINT('',(336.4,-1.130265455546,1.65));
#95 = ORIENTED_EDGE('',*,*,#96,.T.);
#96 = EDGE_CURVE('',#66,#64,#97,.T.);
#97 = B_SPLINE_CURVE_WITH_KNOTS('',3,(#98,#99,#100,#101,#102,#103,#104,
    #105,#106,#107,#108,#109,#110,#111,#112,#113,#114,#115,#116,#117,
    #118,#119,#120,#121,#122,#123,#124,#125),.UNSPECIFIED.,.F.,.F.,(4,2,
    2,2,2,2,2,2,2,2,2,2,2,4),(5.504950172953E-03,6.192694841085E-03,
    6.536567175152E-03,6.880439509218E-03,7.224311843284E-03,
    7.56818417735E-03,7.912056511417E-03,8.255928845483E-03,
    8.599801179549E-03,8.943673513616E-03,9.631418181748E-03,
    1.031916284988E-02,1.066303518395E-02,1.100690751801E-02),
  .UNSPECIFIED.);
#98 = CARTESIAN_POINT('',(336.4,-1.130265455546,1.65));
#99 = CARTESIAN_POINT('',(336.63325410983,-1.130265455546,1.65));
#100 = CARTESIAN_POINT('',(336.85362607172,-1.206406762548,
    1.600114593934));
#101 = CARTESIAN_POINT('',(337.14198627158,-1.349473524441,
    1.477452944917));
#102 = CARTESIAN_POINT('',(337.23314033666,-1.402617971221,
    1.427819442098));
#103 = CARTESIAN_POINT('',(337.40177492306,-1.508896069681,
    1.315005012662));
#104 = CARTESIAN_POINT('',(337.48008513549,-1.562521360251,
    1.251531238035));
#105 = CARTESIAN_POINT('',(337.62607505583,-1.666778072764,
    1.108897784818));
#106 = CARTESIAN_POINT('',(337.69412554303,-1.717784160068,
    1.028964544245));
#107 = CARTESIAN_POINT('',(337.81413687349,-1.809918394966,
    0.856589666911));
#108 = CARTESIAN_POINT('',(337.86673455865,-1.851514988865,
    0.763754295812));
#109 = CARTESIAN_POINT('',(337.9552331119,-1.922380690916,0.562032790462
    ));
#110 = CARTESIAN_POINT('',(337.98993799983,-1.950697022716,
    0.455410656436));
#111 = CARTESIAN_POINT('',(338.03722059264,-1.989423861342,
    0.234116296639));
#112 = CARTESIAN_POINT('',(338.0497704789,-1.999810645214,0.117713628253
    ));
#113 = CARTESIAN_POINT('',(338.05022307057,-2.000184033106,
    -0.111188797521));
#114 = CARTESIAN_POINT('',(338.03829650553,-1.990310697318,
    -0.226783543809));
#115 = CARTESIAN_POINT('',(337.99165991639,-1.952102077568,
    -0.449516324905));
#116 = CARTESIAN_POINT('',(337.95756053725,-1.924266263698,
    -0.55563658469));
#117 = CARTESIAN_POINT('',(337.82546036999,-1.818422550444,
    -0.859924473106));
#118 = CARTESIAN_POINT('',(337.7020264247,-1.721148244801,
    -1.033976301824));
#119 = CARTESIAN_POINT('',(337.40997799468,-1.512327352028,
    -1.320728682821));
#120 = CARTESIAN_POINT('',(337.23988486448,-1.398286661587,
    -1.435483691867));
#121 = CARTESIAN_POINT('',(336.95210749477,-1.255148372259,
    -1.558382917646));
#122 = CARTESIAN_POINT('',(336.84851390663,-1.211561229319,-1.5917340695
    ));
#123 = CARTESIAN_POINT('',(336.63162358608,-1.149071526746,
    -1.637416436591));
#124 = CARTESIAN_POINT('',(336.5165636493,-1.130265455546,-1.65));
#125 = CARTESIAN_POINT('',(336.4,-1.130265455546,-1.65));
#126 = FACE_BOUND('',#127,.F.);
#127 = EDGE_LOOP('',(#128,#136,#171,#177));
#128 = ORIENTED_EDGE('',*,*,#129,.T.);
#129 = EDGE_CURVE('',#41,#130,#132,.T.);
#130 = VERTEX_POINT('',#131);
#131 = CARTESIAN_POINT('',(281.0360679775,-2.E-15,2.));
#132 = LINE('',#133,#134);
#133 = CARTESIAN_POINT('',(345.,0.,2.));
#134 = VECTOR('',#135,1.);
#135 = DIRECTION('',(-1.,-0.,-0.));
#136 = ORIENTED_EDGE('',*,*,#137,.T.);
#137 = EDGE_CURVE('',#130,#138,#140,.T.);
#138 = VERTEX_POINT('',#139);
#139 = CARTESIAN_POINT('',(281.0360679775,0.,-2.));
#140 = B_SPLINE_CURVE_WITH_KNOTS('',3,(#141,#142,#143,#144,#145,#146,
    #147,#148,#149,#150,#151,#152,#153,#154,#155,#156,#157,#158,#159,
    #160,#161,#162,#163,#164,#165,#166,#167,#168,#169,#170),
  .UNSPECIFIED.,.F.,.F.,(4,2,2,2,2,2,2,2,2,2,2,2,2,2,4),(0.,
    4.036947125314E-04,8.073894250627E-04,1.614778850125E-03,
    2.018473562657E-03,2.422168275188E-03,2.825862987719E-03,
    3.229557700251E-03,3.633252412782E-03,4.036947125313E-03,
    4.844336550376E-03,5.248031262907E-03,5.651725975438E-03,
    6.05542068797E-03,6.459115400501E-03),.UNSPECIFIED.);
#141 = CARTESIAN_POINT('',(281.0360679775,-2.35E-15,2.));
#142 = CARTESIAN_POINT('',(281.0360679775,-0.137047194602,2.));
#143 = CARTESIAN_POINT('',(281.0487136483,-0.270467135638,1.986082714779
    ));
#144 = CARTESIAN_POINT('',(281.0946689358,-0.530984862621,1.932804205571
    ));
#145 = CARTESIAN_POINT('',(281.1283594002,-0.658747131697,1.892832703505
    ));
#146 = CARTESIAN_POINT('',(281.24594771048,-1.01657333741,1.741732573494
    ));
#147 = CARTESIAN_POINT('',(281.34739973478,-1.229760269181,
    1.597403163663));
#148 = CARTESIAN_POINT('',(281.49097472579,-1.499036758251,1.32999646396
    ));
#149 = CARTESIAN_POINT('',(281.53831937571,-1.581688130011,
    1.230696433981));
#150 = CARTESIAN_POINT('',(281.62385245991,-1.725539640961,1.01924678106
    ));
#151 = CARTESIAN_POINT('',(281.66244694781,-1.787507520184,
    0.906621719533));
#152 = CARTESIAN_POINT('',(281.72784041699,-1.890457646458,
    0.665819768399));
#153 = CARTESIAN_POINT('',(281.75458822059,-1.931322342795,
    0.536448013766));
#154 = CARTESIAN_POINT('',(281.79024752871,-1.985445723633,0.27529573509
    ));
#155 = CARTESIAN_POINT('',(281.79974218524,-1.999613277051,
    0.141933186246));
#156 = CARTESIAN_POINT('',(281.80024751697,-2.00037127626,
    -0.130816834654));
#157 = CARTESIAN_POINT('',(281.79109012859,-1.986711358148,
    -0.266359213866));
#158 = CARTESIAN_POINT('',(281.75594605864,-1.933395708288,
    -0.52910328536));
#159 = CARTESIAN_POINT('',(281.72951277353,-1.893043027256,
    -0.658552691627));
#160 = CARTESIAN_POINT('',(281.6317038999,-1.739199306485,
    -1.021958891097));
#161 = CARTESIAN_POINT('',(281.5401731423,-1.591096883754,-1.23798937829
    ));
#162 = CARTESIAN_POINT('',(281.39643882639,-1.321837618666,
    -1.506252654252));
#163 = CARTESIAN_POINT('',(281.34677979511,-1.22267564953,
    -1.587810614174));
#164 = CARTESIAN_POINT('',(281.25275730989,-1.012357071565,
    -1.729511910941));
#165 = CARTESIAN_POINT('',(281.20806103318,-0.900794597328,
    -1.790350014774));
#166 = CARTESIAN_POINT('',(281.12936793984,-0.662289941168,
    -1.891601468545));
#167 = CARTESIAN_POINT('',(281.09545860387,-0.534450887534,
    -1.931872948997));
#168 = CARTESIAN_POINT('',(281.04904454844,-0.273329343369,
    -1.985714458906));
#169 = CARTESIAN_POINT('',(281.0360679775,-0.137310823942,-2.));
#170 = CARTESIAN_POINT('',(281.0360679775,2.4E-16,-2.));
#171 = ORIENTED_EDGE('',*,*,#172,.F.);
#172 = EDGE_CURVE('',#22,#138,#173,.T.);
#173 = LINE('',#174,#175);
#174 = CARTESIAN_POINT('',(345.,2.4E-16,-2.));
#175 = VECTOR('',#176,1.);
#176 = DIRECTION('',(-1.,-0.,-0.));
#177 = ORIENTED_EDGE('',*,*,#48,.F.);
#178 = CYLINDRICAL_SURFACE('',#179,2.);
#179 = AXIS2_PLACEMENT_3D('',#180,#181,#182);
#180 = CARTESIAN_POINT('',(345.,0.,0.));
#181 = DIRECTION('',(-1.,-0.,-0.));
#182 = DIRECTION('',(-0.,0.,1.));
#183 = ADVANCED_FACE('',(#184),#220,.F.);
#184 = FACE_BOUND('',#185,.F.);
#185 = EDGE_LOOP('',(#186,#196,#205,#213));
#186 = ORIENTED_EDGE('',*,*,#187,.T.);
#187 = EDGE_CURVE('',#188,#190,#192,.T.);
#188 = VERTEX_POINT('',#189);
#189 = CARTESIAN_POINT('',(0.499999999988,0.,1.999999999953));
#190 = VERTEX_POINT('',#191);
#191 = CARTESIAN_POINT('',(0.,0.,2.499999999941));
#192 = LINE('',#193,#194);
#193 = CARTESIAN_POINT('',(0.,0.,2.499999999941));
#194 = VECTOR('',#195,1.);
#195 = DIRECTION('',(-0.707106781187,0.,0.707106781187));
#196 = ORIENTED_EDGE('',*,*,#197,.F.);
#197 = EDGE_CURVE('',#198,#190,#200,.T.);
#198 = VERTEX_POINT('',#199);
#199 = CARTESIAN_POINT('',(0.,0.,-2.499999999941));
#200 = CIRCLE('',#201,2.499999999941);
#201 = AXIS2_PLACEMENT_3D('',#202,#203,#204);
#202 = CARTESIAN_POINT('',(0.,0.,0.));
#203 = DIRECTION('',(-1.,0.,0.));
#204 = DIRECTION('',(0.,0.,1.));
#205 = ORIENTED_EDGE('',*,*,#206,.F.);
#206 = EDGE_CURVE('',#207,#198,#209,.T.);
#207 = VERTEX_POINT('',#208);
#208 = CARTESIAN_POINT('',(0.499999999988,0.,-1.999999999953));
#209 = LINE('',#210,#211);
#210 = CARTESIAN_POINT('',(0.,3.1E-16,-2.499999999941));
#211 = VECTOR('',#212,1.);
#212 = DIRECTION('',(-0.707106781187,9.E-17,-0.707106781187));
#213 = ORIENTED_EDGE('',*,*,#214,.T.);
#214 = EDGE_CURVE('',#207,#188,#215,.T.);
#215 = CIRCLE('',#216,1.999999999953);
#216 = AXIS2_PLACEMENT_3D('',#217,#218,#219);
#217 = CARTESIAN_POINT('',(0.499999999988,0.,0.));
#218 = DIRECTION('',(-1.,0.,0.));
#219 = DIRECTION('',(0.,0.,1.));
#220 = CONICAL_SURFACE('',#221,2.499999999941,0.785398163397);
#221 = AXIS2_PLACEMENT_3D('',#222,#223,#224);
#222 = CARTESIAN_POINT('',(0.,0.,0.));
#223 = DIRECTION('',(-1.,0.,0.));
#224 = DIRECTION('',(0.,0.,1.));
#225 = ADVANCED_FACE('',(#226,#296),#386,.F.);
#226 = FACE_BOUND('',#227,.F.);
#227 = EDGE_LOOP('',(#228,#263));
#228 = ORIENTED_EDGE('',*,*,#229,.T.);
#229 = EDGE_CURVE('',#230,#232,#234,.T.);
#230 = VERTEX_POINT('',#231);
#231 = CARTESIAN_POINT('',(276.5639320225,0.,-2.));
#232 = VERTEX_POINT('',#233);
#233 = CARTESIAN_POINT('',(276.5639320225,2.E-15,2.));
#234 = B_SPLINE_CURVE_WITH_KNOTS('',3,(#235,#236,#237,#238,#239,#240,
    #241,#242,#243,#244,#245,#246,#247,#248,#249,#250,#251,#252,#253,
    #254,#255,#256,#257,#258,#259,#260,#261,#262),.UNSPECIFIED.,.F.,.F.,
  (4,2,2,2,2,2,2,2,2,2,2,2,2,4),(6.459115400501E-03,6.862035041063E-03,
    7.264954681625E-03,8.070793962748E-03,8.47371360331E-03,
    8.876633243872E-03,9.279552884434E-03,9.682472524995E-03,
    1.008539216556E-02,1.048831180612E-02,1.129415108724E-02,
    1.16970707278E-02,1.209999036837E-02,1.290582964949E-02),
  .UNSPECIFIED.);
#235 = CARTESIAN_POINT('',(276.5639320225,2.4E-16,-2.));
#236 = CARTESIAN_POINT('',(276.56393202249,0.137047194602,-2.));
#237 = CARTESIAN_POINT('',(276.55128635169,0.270467135638,
    -1.986082714779));
#238 = CARTESIAN_POINT('',(276.50533106419,0.530984862621,
    -1.932804205571));
#239 = CARTESIAN_POINT('',(276.47164059979,0.658747131698,
    -1.892832703505));
#240 = CARTESIAN_POINT('',(276.35405228951,1.01657333741,-1.741732573494
    ));
#241 = CARTESIAN_POINT('',(276.25260026522,1.229760269181,
    -1.597403163663));
#242 = CARTESIAN_POINT('',(276.1090252742,1.499036758251,-1.32999646396)
  );
#243 = CARTESIAN_POINT('',(276.06168062428,1.581688130011,
    -1.230696433981));
#244 = CARTESIAN_POINT('',(275.97614754008,1.725539640961,-1.01924678106
    ));
#245 = CARTESIAN_POINT('',(275.93755305218,1.787507520184,
    -0.906621719533));
#246 = CARTESIAN_POINT('',(275.872159583,1.890457646458,-0.665819768399)
  );
#247 = CARTESIAN_POINT('',(275.8454117794,1.931322342795,-0.536448013766
    ));
#248 = CARTESIAN_POINT('',(275.80975247128,1.985445723633,-0.27529573509
    ));
#249 = CARTESIAN_POINT('',(275.80025781475,1.999613277051,
    -0.141933186246));
#250 = CARTESIAN_POINT('',(275.79975248303,2.00037127626,0.130816834654)
  );
#251 = CARTESIAN_POINT('',(275.8089098714,1.986711358148,0.266359213866)
  );
#252 = CARTESIAN_POINT('',(275.84405394135,1.933395708288,0.52910328536)
  );
#253 = CARTESIAN_POINT('',(275.87048722646,1.893043027256,0.658552691627
    ));
#254 = CARTESIAN_POINT('',(275.96829610009,1.739199306485,1.021958891097
    ));
#255 = CARTESIAN_POINT('',(276.05982685769,1.591096883754,1.23798937829)
  );
#256 = CARTESIAN_POINT('',(276.2035611736,1.321837618666,1.506252654252)
  );
#257 = CARTESIAN_POINT('',(276.25322020488,1.22267564953,1.587810614174)
  );
#258 = CARTESIAN_POINT('',(276.34724269011,1.012357071565,1.729511910941
    ));
#259 = CARTESIAN_POINT('',(276.39193896681,0.900794597328,1.790350014774
    ));
#260 = CARTESIAN_POINT('',(276.50997860683,0.543037613088,1.942227195431
    ));
#261 = CARTESIAN_POINT('',(276.5639320225,0.273568142831,2.));
#262 = CARTESIAN_POINT('',(276.5639320225,1.82E-15,2.));
#263 = ORIENTED_EDGE('',*,*,#264,.T.);
#264 = EDGE_CURVE('',#232,#230,#265,.T.);
#265 = B_SPLINE_CURVE_WITH_KNOTS('',3,(#266,#267,#268,#269,#270,#271,
    #272,#273,#274,#275,#276,#277,#278,#279,#280,#281,#282,#283,#284,
    #285,#286,#287,#288,#289,#290,#291,#292,#293,#294,#295),
  .UNSPECIFIED.,.F.,.F.,(4,2,2,2,2,2,2,2,2,2,2,2,2,2,4),(0.,
    4.036947125314E-04,8.073894250627E-04,1.614778850125E-03,
    2.018473562657E-03,2.422168275188E-03,2.825862987719E-03,
    3.229557700251E-03,3.633252412782E-03,4.036947125313E-03,
    4.844336550376E-03,5.248031262907E-03,5.651725975438E-03,
    6.05542068797E-03,6.459115400501E-03),.UNSPECIFIED.);
#266 = CARTESIAN_POINT('',(276.5639320225,1.82E-15,2.));
#267 = CARTESIAN_POINT('',(276.5639320225,-0.137047194602,2.));
#268 = CARTESIAN_POINT('',(276.55128635169,-0.270467135638,
    1.986082714779));
#269 = CARTESIAN_POINT('',(276.5053310642,-0.530984862621,1.932804205571
    ));
#270 = CARTESIAN_POINT('',(276.47164059979,-0.658747131697,
    1.892832703505));
#271 = CARTESIAN_POINT('',(276.35405228951,-1.01657333741,1.741732573494
    ));
#272 = CARTESIAN_POINT('',(276.25260026522,-1.229760269181,
    1.597403163663));
#273 = CARTESIAN_POINT('',(276.1090252742,-1.499036758251,1.32999646396)
  );
#274 = CARTESIAN_POINT('',(276.06168062428,-1.581688130011,
    1.230696433981));
#275 = CARTESIAN_POINT('',(275.97614754008,-1.725539640961,1.01924678106
    ));
#276 = CARTESIAN_POINT('',(275.93755305218,-1.787507520184,
    0.906621719533));
#277 = CARTESIAN_POINT('',(275.872159583,-1.890457646458,0.665819768399)
  );
#278 = CARTESIAN_POINT('',(275.8454117794,-1.931322342795,0.536448013766
    ));
#279 = CARTESIAN_POINT('',(275.80975247128,-1.985445723633,0.27529573509
    ));
#280 = CARTESIAN_POINT('',(275.80025781475,-1.999613277051,
    0.141933186246));
#281 = CARTESIAN_POINT('',(275.79975248303,-2.00037127626,
    -0.130816834654));
#282 = CARTESIAN_POINT('',(275.8089098714,-1.986711358148,
    -0.266359213866));
#283 = CARTESIAN_POINT('',(275.84405394135,-1.933395708288,
    -0.52910328536));
#284 = CARTESIAN_POINT('',(275.87048722646,-1.893043027256,
    -0.658552691627));
#285 = CARTESIAN_POINT('',(275.96829610009,-1.739199306485,
    -1.021958891097));
#286 = CARTESIAN_POINT('',(276.05982685769,-1.591096883754,
    -1.23798937829));
#287 = CARTESIAN_POINT('',(276.2035611736,-1.321837618666,
    -1.506252654252));
#288 = CARTESIAN_POINT('',(276.25322020488,-1.22267564953,
    -1.587810614174));
#289 = CARTESIAN_POINT('',(276.34724269011,-1.012357071565,
    -1.729511910941));
#290 = CARTESIAN_POINT('',(276.39193896681,-0.900794597328,
    -1.790350014774));
#291 = CARTESIAN_POINT('',(276.47063206016,-0.662289941168,
    -1.891601468545));
#292 = CARTESIAN_POINT('',(276.50454139612,-0.534450887534,
    -1.931872948997));
#293 = CARTESIAN_POINT('',(276.55095545155,-0.273329343369,
    -1.985714458906));
#294 = CARTESIAN_POINT('',(276.56393202249,-0.137310823942,-2.));
#295 = CARTESIAN_POINT('',(276.5639320225,2.4E-16,-2.));
#296 = FACE_BOUND('',#297,.F.);
#297 = EDGE_LOOP('',(#298,#309,#318,#327,#335,#344,#353,#362,#371,#379)
  );
#298 = ORIENTED_EDGE('',*,*,#299,.T.);
#299 = EDGE_CURVE('',#300,#302,#304,.T.);
#300 = VERTEX_POINT('',#301);
#301 = CARTESIAN_POINT('',(275.84196010845,-4.,-0.5));
#302 = VERTEX_POINT('',#303);
#303 = CARTESIAN_POINT('',(275.8,-3.5,-2.4E-14));
#304 = ( BOUNDED_CURVE() B_SPLINE_CURVE(3,(#305,#306,#307,#308),
.UNSPECIFIED.,.F.,.F.) B_SPLINE_CURVE_WITH_KNOTS((4,4),(4.544940901165,
4.712388980385),.PIECEWISE_BEZIER_KNOTS.) CURVE() 
GEOMETRIC_REPRESENTATION_ITEM() RATIONAL_B_SPLINE_CURVE((1.,
0.99766479297,0.99766479297,1.)) REPRESENTATION_ITEM('') );
#305 = CARTESIAN_POINT('',(275.84196010845,-4.,-0.5));
#306 = CARTESIAN_POINT('',(275.81401944111,-3.834700782847,
    -0.334700782847));
#307 = CARTESIAN_POINT('',(275.8,-3.667644004016,-0.167644004016));
#308 = CARTESIAN_POINT('',(275.8,-3.5,-2.379E-14));
#309 = ORIENTED_EDGE('',*,*,#310,.T.);
#310 = EDGE_CURVE('',#302,#311,#313,.T.);
#311 = VERTEX_POINT('',#312);
#312 = CARTESIAN_POINT('',(275.84196010845,-4.,0.5));
#313 = ( BOUNDED_CURVE() B_SPLINE_CURVE(3,(#314,#315,#316,#317),
.UNSPECIFIED.,.F.,.F.) B_SPLINE_CURVE_WITH_KNOTS((4,4),(1.570796326795,
1.738244406015),.PIECEWISE_BEZIER_KNOTS.) CURVE() 
GEOMETRIC_REPRESENTATION_ITEM() RATIONAL_B_SPLINE_CURVE((1.,
0.99766479297,0.99766479297,1.)) REPRESENTATION_ITEM('') );
#314 = CARTESIAN_POINT('',(275.8,-3.5,-2.379E-14));
#315 = CARTESIAN_POINT('',(275.8,-3.667644004016,0.167644004016));
#316 = CARTESIAN_POINT('',(275.81401944111,-3.834700782847,
    0.334700782847));
#317 = CARTESIAN_POINT('',(275.84196010845,-4.,0.5));
#318 = ORIENTED_EDGE('',*,*,#319,.F.);
#319 = EDGE_CURVE('',#320,#311,#322,.T.);
#320 = VERTEX_POINT('',#321);
#321 = CARTESIAN_POINT('',(278.8,-4.,3.));
#322 = CIRCLE('',#323,3.);
#323 = AXIS2_PLACEMENT_3D('',#324,#325,#326);
#324 = CARTESIAN_POINT('',(278.8,-4.,-1.11E-15));
#325 = DIRECTION('',(-0.,-1.,-9.E-17));
#326 = DIRECTION('',(0.,-9.E-17,1.));
#327 = ORIENTED_EDGE('',*,*,#328,.T.);
#328 = EDGE_CURVE('',#320,#329,#331,.T.);
#329 = VERTEX_POINT('',#330);
#330 = CARTESIAN_POINT('',(278.8,4.,3.));
#331 = LINE('',#332,#333);
#332 = CARTESIAN_POINT('',(278.8,10.,3.));
#333 = VECTOR('',#334,1.);
#334 = DIRECTION('',(0.,1.,9.E-17));
#335 = ORIENTED_EDGE('',*,*,#336,.F.);
#336 = EDGE_CURVE('',#337,#329,#339,.T.);
#337 = VERTEX_POINT('',#338);
#338 = CARTESIAN_POINT('',(275.84196010845,4.,0.5));
#339 = CIRCLE('',#340,3.);
#340 = AXIS2_PLACEMENT_3D('',#341,#342,#343);
#341 = CARTESIAN_POINT('',(278.8,4.,-4.2E-16));
#342 = DIRECTION('',(0.,1.,9.E-17));
#343 = DIRECTION('',(0.,-9.E-17,1.));
#344 = ORIENTED_EDGE('',*,*,#345,.T.);
#345 = EDGE_CURVE('',#337,#346,#348,.T.);
#346 = VERTEX_POINT('',#347);
#347 = CARTESIAN_POINT('',(275.8,3.5,-0.));
#348 = ( BOUNDED_CURVE() B_SPLINE_CURVE(3,(#349,#350,#351,#352),
.UNSPECIFIED.,.F.,.F.) B_SPLINE_CURVE_WITH_KNOTS((4,4),(1.403348247575,
1.570796326795),.PIECEWISE_BEZIER_KNOTS.) CURVE() 
GEOMETRIC_REPRESENTATION_ITEM() RATIONAL_B_SPLINE_CURVE((1.,
0.99766479297,0.99766479297,1.)) REPRESENTATION_ITEM('') );
#349 = CARTESIAN_POINT('',(275.84196010845,4.,0.5));
#350 = CARTESIAN_POINT('',(275.81401944111,3.834700782847,0.334700782847
    ));
#351 = CARTESIAN_POINT('',(275.8,3.667644004016,0.167644004016));
#352 = CARTESIAN_POINT('',(275.8,3.5,-3.1E-16));
#353 = ORIENTED_EDGE('',*,*,#354,.T.);
#354 = EDGE_CURVE('',#346,#355,#357,.T.);
#355 = VERTEX_POINT('',#356);
#356 = CARTESIAN_POINT('',(275.84196010845,4.,-0.5));
#357 = ( BOUNDED_CURVE() B_SPLINE_CURVE(3,(#358,#359,#360,#361),
.UNSPECIFIED.,.F.,.F.) B_SPLINE_CURVE_WITH_KNOTS((4,4),(4.712388980385,
4.879837059604),.PIECEWISE_BEZIER_KNOTS.) CURVE() 
GEOMETRIC_REPRESENTATION_ITEM() RATIONAL_B_SPLINE_CURVE((1.,
0.99766479297,0.99766479297,1.)) REPRESENTATION_ITEM('') );
#358 = CARTESIAN_POINT('',(275.8,3.5,-3.1E-16));
#359 = CARTESIAN_POINT('',(275.8,3.667644004016,-0.167644004016));
#360 = CARTESIAN_POINT('',(275.81401944111,3.834700782847,
    -0.334700782847));
#361 = CARTESIAN_POINT('',(275.84196010845,4.,-0.5));
#362 = ORIENTED_EDGE('',*,*,#363,.F.);
#363 = EDGE_CURVE('',#364,#355,#366,.T.);
#364 = VERTEX_POINT('',#365);
#365 = CARTESIAN_POINT('',(278.8,4.,-3.));
#366 = CIRCLE('',#367,3.);
#367 = AXIS2_PLACEMENT_3D('',#368,#369,#370);
#368 = CARTESIAN_POINT('',(278.8,4.,-4.2E-16));
#369 = DIRECTION('',(0.,1.,9.E-17));
#370 = DIRECTION('',(0.,-9.E-17,1.));
#371 = ORIENTED_EDGE('',*,*,#372,.F.);
#372 = EDGE_CURVE('',#373,#364,#375,.T.);
#373 = VERTEX_POINT('',#374);
#374 = CARTESIAN_POINT('',(278.8,-4.,-3.));
#375 = LINE('',#376,#377);
#376 = CARTESIAN_POINT('',(278.8,10.,-3.));
#377 = VECTOR('',#378,1.);
#378 = DIRECTION('',(0.,1.,9.E-17));
#379 = ORIENTED_EDGE('',*,*,#380,.F.);
#380 = EDGE_CURVE('',#300,#373,#381,.T.);
#381 = CIRCLE('',#382,3.);
#382 = AXIS2_PLACEMENT_3D('',#383,#384,#385);
#383 = CARTESIAN_POINT('',(278.8,-4.,-1.11E-15));
#384 = DIRECTION('',(-0.,-1.,-9.E-17));
#385 = DIRECTION('',(0.,-9.E-17,1.));
#386 = CYLINDRICAL_SURFACE('',#387,3.);
#387 = AXIS2_PLACEMENT_3D('',#388,#389,#390);
#388 = CARTESIAN_POINT('',(278.8,10.,1.E-16));
#389 = DIRECTION('',(0.,1.,9.E-17));
#390 = DIRECTION('',(0.,-9.E-17,1.));
#391 = ADVANCED_FACE('',(#392),#445,.F.);
#392 = FACE_BOUND('',#393,.F.);
#393 = EDGE_LOOP('',(#394,#405,#414,#423,#429,#430,#438));
#394 = ORIENTED_EDGE('',*,*,#395,.T.);
#395 = EDGE_CURVE('',#396,#398,#400,.T.);
#396 = VERTEX_POINT('',#397);
#397 = CARTESIAN_POINT('',(334.82758148064,-4.,-0.5));
#398 = VERTEX_POINT('',#399);
#399 = CARTESIAN_POINT('',(334.75,-3.5,-2.4E-14));
#400 = ( BOUNDED_CURVE() B_SPLINE_CURVE(3,(#401,#402,#403,#404),
.UNSPECIFIED.,.F.,.F.) B_SPLINE_CURVE_WITH_KNOTS((4,4),(4.404518111987,
4.712388980385),.PIECEWISE_BEZIER_KNOTS.) CURVE() 
GEOMETRIC_REPRESENTATION_ITEM() RATIONAL_B_SPLINE_CURVE((1.,
0.992116879107,0.992116879107,1.)) REPRESENTATION_ITEM('') );
#401 = CARTESIAN_POINT('',(334.82758148064,-4.,-0.5));
#402 = CARTESIAN_POINT('',(334.77606597478,-3.837992129077,
    -0.337992129077));
#403 = CARTESIAN_POINT('',(334.75,-3.670001169366,-0.170001169366));
#404 = CARTESIAN_POINT('',(334.75,-3.5,-2.379E-14));
#405 = ORIENTED_EDGE('',*,*,#406,.T.);
#406 = EDGE_CURVE('',#398,#407,#409,.T.);
#407 = VERTEX_POINT('',#408);
#408 = CARTESIAN_POINT('',(334.82758148064,-4.,0.5));
#409 = ( BOUNDED_CURVE() B_SPLINE_CURVE(3,(#410,#411,#412,#413),
.UNSPECIFIED.,.F.,.F.) B_SPLINE_CURVE_WITH_KNOTS((4,4),(1.570796326795,
1.878667195193),.PIECEWISE_BEZIER_KNOTS.) CURVE() 
GEOMETRIC_REPRESENTATION_ITEM() RATIONAL_B_SPLINE_CURVE((1.,
0.992116879107,0.992116879107,1.)) REPRESENTATION_ITEM('') );
#410 = CARTESIAN_POINT('',(334.75,-3.5,-2.379E-14));
#411 = CARTESIAN_POINT('',(334.75,-3.670001169366,0.170001169366));
#412 = CARTESIAN_POINT('',(334.77606597478,-3.837992129077,
    0.337992129077));
#413 = CARTESIAN_POINT('',(334.82758148064,-4.,0.5));
#414 = ORIENTED_EDGE('',*,*,#415,.F.);
#415 = EDGE_CURVE('',#416,#407,#418,.T.);
#416 = VERTEX_POINT('',#417);
#417 = CARTESIAN_POINT('',(336.4,-4.,1.65));
#418 = CIRCLE('',#419,1.65);
#419 = AXIS2_PLACEMENT_3D('',#420,#421,#422);
#420 = CARTESIAN_POINT('',(336.4,-4.,-1.11E-15));
#421 = DIRECTION('',(-0.,-1.,-9.E-17));
#422 = DIRECTION('',(0.,-9.E-17,1.));
#423 = ORIENTED_EDGE('',*,*,#424,.T.);
#424 = EDGE_CURVE('',#416,#66,#425,.T.);
#425 = LINE('',#426,#427);
#426 = CARTESIAN_POINT('',(336.4,10.,1.65));
#427 = VECTOR('',#428,1.);
#428 = DIRECTION('',(0.,1.,9.E-17));
#429 = ORIENTED_EDGE('',*,*,#63,.F.);
#430 = ORIENTED_EDGE('',*,*,#431,.F.);
#431 = EDGE_CURVE('',#432,#64,#434,.T.);
#432 = VERTEX_POINT('',#433);
#433 = CARTESIAN_POINT('',(336.4,-4.,-1.65));
#434 = LINE('',#435,#436);
#435 = CARTESIAN_POINT('',(336.4,10.,-1.65));
#436 = VECTOR('',#437,1.);
#437 = DIRECTION('',(0.,1.,9.E-17));
#438 = ORIENTED_EDGE('',*,*,#439,.F.);
#439 = EDGE_CURVE('',#396,#432,#440,.T.);
#440 = CIRCLE('',#441,1.65);
#441 = AXIS2_PLACEMENT_3D('',#442,#443,#444);
#442 = CARTESIAN_POINT('',(336.4,-4.,-1.11E-15));
#443 = DIRECTION('',(0.,-1.,-9.E-17));
#444 = DIRECTION('',(3.364E-14,-9.E-17,1.));
#445 = CYLINDRICAL_SURFACE('',#446,1.65);
#446 = AXIS2_PLACEMENT_3D('',#447,#448,#449);
#447 = CARTESIAN_POINT('',(336.4,10.,1.E-16));
#448 = DIRECTION('',(0.,1.,9.E-17));
#449 = DIRECTION('',(0.,-9.E-17,1.));
#450 = ADVANCED_FACE('',(#451),#538,.F.);
#451 = FACE_BOUND('',#452,.F.);
#452 = EDGE_LOOP('',(#453,#463,#472,#481,#490,#499,#507));
#453 = ORIENTED_EDGE('',*,*,#454,.T.);
#454 = EDGE_CURVE('',#455,#457,#459,.T.);
#455 = VERTEX_POINT('',#456);
#456 = CARTESIAN_POINT('',(336.4,1.130265455546,1.65));
#457 = VERTEX_POINT('',#458);
#458 = CARTESIAN_POINT('',(336.4,4.,1.65));
#459 = LINE('',#460,#461);
#460 = CARTESIAN_POINT('',(336.4,10.,1.65));
#461 = VECTOR('',#462,1.);
#462 = DIRECTION('',(0.,1.,9.E-17));
#463 = ORIENTED_EDGE('',*,*,#464,.F.);
#464 = EDGE_CURVE('',#465,#457,#467,.T.);
#465 = VERTEX_POINT('',#466);
#466 = CARTESIAN_POINT('',(334.82758148064,4.,0.5));
#467 = CIRCLE('',#468,1.65);
#468 = AXIS2_PLACEMENT_3D('',#469,#470,#471);
#469 = CARTESIAN_POINT('',(336.4,4.,-4.2E-16));
#470 = DIRECTION('',(0.,1.,9.E-17));
#471 = DIRECTION('',(0.,-9.E-17,1.));
#472 = ORIENTED_EDGE('',*,*,#473,.T.);
#473 = EDGE_CURVE('',#465,#474,#476,.T.);
#474 = VERTEX_POINT('',#475);
#475 = CARTESIAN_POINT('',(334.75,3.5,-0.));
#476 = ( BOUNDED_CURVE() B_SPLINE_CURVE(3,(#477,#478,#479,#480),
.UNSPECIFIED.,.F.,.F.) B_SPLINE_CURVE_WITH_KNOTS((4,4),(1.262925458397,
1.570796326795),.PIECEWISE_BEZIER_KNOTS.) CURVE() 
GEOMETRIC_REPRESENTATION_ITEM() RATIONAL_B_SPLINE_CURVE((1.,
0.992116879107,0.992116879107,1.)) REPRESENTATION_ITEM('') );
#477 = CARTESIAN_POINT('',(334.82758148064,4.,0.5));
#478 = CARTESIAN_POINT('',(334.77606597478,3.837992129077,0.337992129077
    ));
#479 = CARTESIAN_POINT('',(334.75,3.670001169366,0.170001169366));
#480 = CARTESIAN_POINT('',(334.75,3.5,-3.1E-16));
#481 = ORIENTED_EDGE('',*,*,#482,.T.);
#482 = EDGE_CURVE('',#474,#483,#485,.T.);
#483 = VERTEX_POINT('',#484);
#484 = CARTESIAN_POINT('',(334.82758148064,4.,-0.5));
#485 = ( BOUNDED_CURVE() B_SPLINE_CURVE(3,(#486,#487,#488,#489),
.UNSPECIFIED.,.F.,.F.) B_SPLINE_CURVE_WITH_KNOTS((4,4),(4.712388980385,
5.020259848783),.PIECEWISE_BEZIER_KNOTS.) CURVE() 
GEOMETRIC_REPRESENTATION_ITEM() RATIONAL_B_SPLINE_CURVE((1.,
0.992116879107,0.992116879107,1.)) REPRESENTATION_ITEM('') );
#486 = CARTESIAN_POINT('',(334.75,3.5,-3.1E-16));
#487 = CARTESIAN_POINT('',(334.75,3.670001169366,-0.170001169366));
#488 = CARTESIAN_POINT('',(334.77606597478,3.837992129077,
    -0.337992129077));
#489 = CARTESIAN_POINT('',(334.82758148064,4.,-0.5));
#490 = ORIENTED_EDGE('',*,*,#491,.F.);
#491 = EDGE_CURVE('',#492,#483,#494,.T.);
#492 = VERTEX_POINT('',#493);
#493 = CARTESIAN_POINT('',(336.4,4.,-1.65));
#494 = CIRCLE('',#495,1.65);
#495 = AXIS2_PLACEMENT_3D('',#496,#497,#498);
#496 = CARTESIAN_POINT('',(336.4,4.,-4.2E-16));
#497 = DIRECTION('',(0.,1.,9.E-17));
#498 = DIRECTION('',(0.,-9.E-17,1.));
#499 = ORIENTED_EDGE('',*,*,#500,.F.);
#500 = EDGE_CURVE('',#501,#492,#503,.T.);
#501 = VERTEX_POINT('',#502);
#502 = CARTESIAN_POINT('',(336.4,1.130265455546,-1.65));
#503 = LINE('',#504,#505);
#504 = CARTESIAN_POINT('',(336.4,10.,-1.65));
#505 = VECTOR('',#506,1.);
#506 = DIRECTION('',(0.,1.,9.E-17));
#507 = ORIENTED_EDGE('',*,*,#508,.F.);
#508 = EDGE_CURVE('',#455,#501,#509,.T.);
#509 = B_SPLINE_CURVE_WITH_KNOTS('',3,(#510,#511,#512,#513,#514,#515,
    #516,#517,#518,#519,#520,#521,#522,#523,#524,#525,#526,#527,#528,
    #529,#530,#531,#532,#533,#534,#535,#536,#537),.UNSPECIFIED.,.F.,.F.,
  (4,2,2,2,2,2,2,2,2,2,2,2,2,4),(5.504950172953E-03,6.192694841085E-03,
    6.536567175151E-03,6.880439509218E-03,7.224311843284E-03,
    7.56818417735E-03,7.912056511417E-03,8.255928845483E-03,
    8.599801179549E-03,8.943673513616E-03,9.631418181748E-03,
    1.031916284988E-02,1.066303518395E-02,1.100690751801E-02),
  .UNSPECIFIED.);
#510 = CARTESIAN_POINT('',(336.4,1.130265455546,1.65));
#511 = CARTESIAN_POINT('',(336.16674589016,1.130265455546,1.65));
#512 = CARTESIAN_POINT('',(335.94637392827,1.206406762548,1.600114593934
    ));
#513 = CARTESIAN_POINT('',(335.65801372841,1.349473524441,1.477452944917
    ));
#514 = CARTESIAN_POINT('',(335.56685966333,1.402617971221,1.427819442098
    ));
#515 = CARTESIAN_POINT('',(335.39822507693,1.508896069681,1.315005012662
    ));
#516 = CARTESIAN_POINT('',(335.3199148645,1.562521360251,1.251531238035)
  );
#517 = CARTESIAN_POINT('',(335.17392494417,1.666778072764,1.108897784818
    ));
#518 = CARTESIAN_POINT('',(335.10587445696,1.717784160068,1.028964544245
    ));
#519 = CARTESIAN_POINT('',(334.9858631265,1.809918394966,0.856589666911)
  );
#520 = CARTESIAN_POINT('',(334.93326544134,1.851514988865,0.763754295812
    ));
#521 = CARTESIAN_POINT('',(334.84476688809,1.922380690916,0.562032790462
    ));
#522 = CARTESIAN_POINT('',(334.81006200016,1.950697022716,0.455410656436
    ));
#523 = CARTESIAN_POINT('',(334.76277940736,1.989423861342,0.234116296639
    ));
#524 = CARTESIAN_POINT('',(334.75022952109,1.999810645214,0.117713628253
    ));
#525 = CARTESIAN_POINT('',(334.74977692942,2.000184033106,
    -0.111188797521));
#526 = CARTESIAN_POINT('',(334.76170349446,1.990310697318,
    -0.226783543809));
#527 = CARTESIAN_POINT('',(334.8083400836,1.952102077568,-0.449516324905
    ));
#528 = CARTESIAN_POINT('',(334.84243946274,1.924266263698,-0.55563658469
    ));
#529 = CARTESIAN_POINT('',(334.97453963,1.818422550444,-0.859924473106)
  );
#530 = CARTESIAN_POINT('',(335.09797357529,1.721148244801,
    -1.033976301824));
#531 = CARTESIAN_POINT('',(335.39002200531,1.512327352028,
    -1.320728682821));
#532 = CARTESIAN_POINT('',(335.56011513551,1.398286661587,
    -1.435483691867));
#533 = CARTESIAN_POINT('',(335.84789250522,1.255148372259,
    -1.558382917646));
#534 = CARTESIAN_POINT('',(335.95148609336,1.211561229319,-1.5917340695)
  );
#535 = CARTESIAN_POINT('',(336.16837641391,1.149071526746,
    -1.637416436591));
#536 = CARTESIAN_POINT('',(336.28343635069,1.130265455546,-1.65));
#537 = CARTESIAN_POINT('',(336.4,1.130265455546,-1.65));
#538 = CYLINDRICAL_SURFACE('',#539,1.65);
#539 = AXIS2_PLACEMENT_3D('',#540,#541,#542);
#540 = CARTESIAN_POINT('',(336.4,10.,1.E-16));
#541 = DIRECTION('',(0.,1.,9.E-17));
#542 = DIRECTION('',(0.,-9.E-17,1.));
#543 = ADVANCED_FACE('',(#544),#580,.T.);
#544 = FACE_BOUND('',#545,.T.);
#545 = EDGE_LOOP('',(#546,#557,#565,#574));
#546 = ORIENTED_EDGE('',*,*,#547,.T.);
#547 = EDGE_CURVE('',#548,#550,#552,.T.);
#548 = VERTEX_POINT('',#549);
#549 = CARTESIAN_POINT('',(345.,-8.541421356237,-3.341421356237));
#550 = VERTEX_POINT('',#551);
#551 = CARTESIAN_POINT('',(345.,-8.4,-3.282842712475));
#552 = CIRCLE('',#553,0.2);
#553 = AXIS2_PLACEMENT_3D('',#554,#555,#556);
#554 = CARTESIAN_POINT('',(345.,-8.4,-3.482842712475));
#555 = DIRECTION('',(-1.,0.,0.));
#556 = DIRECTION('',(0.,0.,1.));
#557 = ORIENTED_EDGE('',*,*,#558,.T.);
#558 = EDGE_CURVE('',#550,#559,#561,.T.);
#559 = VERTEX_POINT('',#560);
#560 = CARTESIAN_POINT('',(0.,-8.4,-3.282842712475));
#561 = LINE('',#562,#563);
#562 = CARTESIAN_POINT('',(345.,-8.4,-3.282842712475));
#563 = VECTOR('',#564,1.);
#564 = DIRECTION('',(-1.,0.,0.));
#565 = ORIENTED_EDGE('',*,*,#566,.T.);
#566 = EDGE_CURVE('',#559,#567,#569,.T.);
#567 = VERTEX_POINT('',#568);
#568 = CARTESIAN_POINT('',(-1.4E-14,-8.541421356237,-3.341421356237));
#569 = CIRCLE('',#570,0.2);
#570 = AXIS2_PLACEMENT_3D('',#571,#572,#573);
#571 = CARTESIAN_POINT('',(0.,-8.4,-3.482842712475));
#572 = DIRECTION('',(1.,0.,-0.));
#573 = DIRECTION('',(0.,0.,1.));
#574 = ORIENTED_EDGE('',*,*,#575,.T.);
#575 = EDGE_CURVE('',#567,#548,#576,.T.);
#576 = LINE('',#577,#578);
#577 = CARTESIAN_POINT('',(345.,-8.541421356237,-3.341421356237));
#578 = VECTOR('',#579,1.);
#579 = DIRECTION('',(1.,-0.,0.));
#580 = CYLINDRICAL_SURFACE('',#581,0.2);
#581 = AXIS2_PLACEMENT_3D('',#582,#583,#584);
#582 = CARTESIAN_POINT('',(345.,-8.4,-3.482842712475));
#583 = DIRECTION('',(-1.,0.,0.));
#584 = DIRECTION('',(0.,0.,1.));
#585 = ADVANCED_FACE('',(#586),#673,.F.);
#586 = FACE_BOUND('',#587,.F.);
#587 = EDGE_LOOP('',(#588,#599,#608,#617,#625,#658,#666));
#588 = ORIENTED_EDGE('',*,*,#589,.T.);
#589 = EDGE_CURVE('',#590,#592,#594,.T.);
#590 = VERTEX_POINT('',#591);
#591 = CARTESIAN_POINT('',(1.427581480648,-4.,-0.5));
#592 = VERTEX_POINT('',#593);
#593 = CARTESIAN_POINT('',(1.35,-3.5,-2.4E-14));
#594 = ( BOUNDED_CURVE() B_SPLINE_CURVE(3,(#595,#596,#597,#598),
.UNSPECIFIED.,.F.,.F.) B_SPLINE_CURVE_WITH_KNOTS((4,4),(4.404518111987,
4.712388980385),.PIECEWISE_BEZIER_KNOTS.) CURVE() 
GEOMETRIC_REPRESENTATION_ITEM() RATIONAL_B_SPLINE_CURVE((1.,
0.992116879107,0.992116879107,1.)) REPRESENTATION_ITEM('') );
#595 = CARTESIAN_POINT('',(1.427581480648,-4.,-0.5));
#596 = CARTESIAN_POINT('',(1.37606597478,-3.837992129077,-0.337992129077
    ));
#597 = CARTESIAN_POINT('',(1.35,-3.670001169366,-0.170001169366));
#598 = CARTESIAN_POINT('',(1.35,-3.5,-2.384E-14));
#599 = ORIENTED_EDGE('',*,*,#600,.T.);
#600 = EDGE_CURVE('',#592,#601,#603,.T.);
#601 = VERTEX_POINT('',#602);
#602 = CARTESIAN_POINT('',(1.427581480648,-4.,0.5));
#603 = ( BOUNDED_CURVE() B_SPLINE_CURVE(3,(#604,#605,#606,#607),
.UNSPECIFIED.,.F.,.F.) B_SPLINE_CURVE_WITH_KNOTS((4,4),(1.570796326795,
1.878667195193),.PIECEWISE_BEZIER_KNOTS.) CURVE() 
GEOMETRIC_REPRESENTATION_ITEM() RATIONAL_B_SPLINE_CURVE((1.,
0.992116879107,0.992116879107,1.)) REPRESENTATION_ITEM('') );
#604 = CARTESIAN_POINT('',(1.35,-3.5,-2.384E-14));
#605 = CARTESIAN_POINT('',(1.35,-3.670001169366,0.170001169366));
#606 = CARTESIAN_POINT('',(1.37606597478,-3.837992129077,0.337992129077)
  );
#607 = CARTESIAN_POINT('',(1.427581480648,-4.,0.5));
#608 = ORIENTED_EDGE('',*,*,#609,.F.);
#609 = EDGE_CURVE('',#610,#601,#612,.T.);
#610 = VERTEX_POINT('',#611);
#611 = CARTESIAN_POINT('',(3.,-4.,1.65));
#612 = CIRCLE('',#613,1.65);
#613 = AXIS2_PLACEMENT_3D('',#614,#615,#616);
#614 = CARTESIAN_POINT('',(3.,-4.,-1.21E-15));
#615 = DIRECTION('',(-0.,-1.,-9.E-17));
#616 = DIRECTION('',(0.,-9.E-17,1.));
#617 = ORIENTED_EDGE('',*,*,#618,.T.);
#618 = EDGE_CURVE('',#610,#619,#621,.T.);
#619 = VERTEX_POINT('',#620);
#620 = CARTESIAN_POINT('',(3.,-1.130265455546,1.65));
#621 = LINE('',#622,#623);
#622 = CARTESIAN_POINT('',(3.,10.,1.65));
#623 = VECTOR('',#624,1.);
#624 = DIRECTION('',(0.,1.,9.E-17));
#625 = ORIENTED_EDGE('',*,*,#626,.T.);
#626 = EDGE_CURVE('',#619,#627,#629,.T.);
#627 = VERTEX_POINT('',#628);
#628 = CARTESIAN_POINT('',(3.,-1.130265455546,-1.65));
#629 = B_SPLINE_CURVE_WITH_KNOTS('',3,(#630,#631,#632,#633,#634,#635,
    #636,#637,#638,#639,#640,#641,#642,#643,#644,#645,#646,#647,#648,
    #649,#650,#651,#652,#653,#654,#655,#656,#657),.UNSPECIFIED.,.F.,.F.,
  (4,2,2,2,2,2,2,2,2,2,2,2,2,4),(5.504950172953E-03,6.192694841085E-03,
    6.536567175152E-03,6.880439509218E-03,7.224311843284E-03,
    7.56818417735E-03,7.912056511417E-03,8.255928845483E-03,
    8.599801179549E-03,8.943673513616E-03,9.631418181748E-03,
    1.031916284988E-02,1.066303518395E-02,1.100690751801E-02),
  .UNSPECIFIED.);
#630 = CARTESIAN_POINT('',(3.,-1.130265455546,1.65));
#631 = CARTESIAN_POINT('',(2.766745890169,-1.130265455546,1.65));
#632 = CARTESIAN_POINT('',(2.546373928277,-1.206406762548,1.600114593935
    ));
#633 = CARTESIAN_POINT('',(2.258013728414,-1.349473524441,1.477452944917
    ));
#634 = CARTESIAN_POINT('',(2.166859663338,-1.402617971221,1.427819442098
    ));
#635 = CARTESIAN_POINT('',(1.998225076937,-1.508896069681,1.315005012662
    ));
#636 = CARTESIAN_POINT('',(1.919914864501,-1.562521360251,1.251531238035
    ));
#637 = CARTESIAN_POINT('',(1.77392494417,-1.666778072764,1.108897784818)
  );
#638 = CARTESIAN_POINT('',(1.705874456967,-1.717784160068,1.028964544245
    ));
#639 = CARTESIAN_POINT('',(1.585863126503,-1.809918394966,0.856589666911
    ));
#640 = CARTESIAN_POINT('',(1.533265441349,-1.851514988865,0.763754295812
    ));
#641 = CARTESIAN_POINT('',(1.444766888098,-1.922380690916,0.562032790462
    ));
#642 = CARTESIAN_POINT('',(1.410062000165,-1.950697022716,0.455410656436
    ));
#643 = CARTESIAN_POINT('',(1.36277940736,-1.989423861342,0.234116296639)
  );
#644 = CARTESIAN_POINT('',(1.350229521096,-1.999810645214,0.117713628253
    ));
#645 = CARTESIAN_POINT('',(1.349776929428,-2.000184033106,
    -0.111188797521));
#646 = CARTESIAN_POINT('',(1.361703494461,-1.990310697318,
    -0.226783543809));
#647 = CARTESIAN_POINT('',(1.408340083608,-1.952102077568,
    -0.449516324905));
#648 = CARTESIAN_POINT('',(1.442439462742,-1.924266263698,-0.55563658469
    ));
#649 = CARTESIAN_POINT('',(1.574539630003,-1.818422550444,
    -0.859924473106));
#650 = CARTESIAN_POINT('',(1.697973575292,-1.721148244801,
    -1.033976301824));
#651 = CARTESIAN_POINT('',(1.990022005316,-1.512327352027,
    -1.320728682821));
#652 = CARTESIAN_POINT('',(2.160115135515,-1.398286661587,
    -1.435483691867));
#653 = CARTESIAN_POINT('',(2.447892505222,-1.255148372259,
    -1.558382917646));
#654 = CARTESIAN_POINT('',(2.551486093365,-1.211561229319,-1.5917340695)
  );
#655 = CARTESIAN_POINT('',(2.768376413912,-1.149071526746,
    -1.637416436591));
#656 = CARTESIAN_POINT('',(2.883436350691,-1.130265455546,-1.65));
#657 = CARTESIAN_POINT('',(3.,-1.130265455546,-1.65));
#658 = ORIENTED_EDGE('',*,*,#659,.F.);
#659 = EDGE_CURVE('',#660,#627,#662,.T.);
#660 = VERTEX_POINT('',#661);
#661 = CARTESIAN_POINT('',(3.,-4.,-1.65));
#662 = LINE('',#663,#664);
#663 = CARTESIAN_POINT('',(3.,10.,-1.65));
#664 = VECTOR('',#665,1.);
#665 = DIRECTION('',(0.,1.,9.E-17));
#666 = ORIENTED_EDGE('',*,*,#667,.F.);
#667 = EDGE_CURVE('',#590,#660,#668,.T.);
#668 = CIRCLE('',#669,1.65);
#669 = AXIS2_PLACEMENT_3D('',#670,#671,#672);
#670 = CARTESIAN_POINT('',(3.,-4.,-1.21E-15));
#671 = DIRECTION('',(0.,-1.,-9.E-17));
#672 = DIRECTION('',(7.9E-16,-9.E-17,1.));
#673 = CYLINDRICAL_SURFACE('',#674,1.65);
#674 = AXIS2_PLACEMENT_3D('',#675,#676,#677);
#675 = CARTESIAN_POINT('',(3.,10.,0.));
#676 = DIRECTION('',(0.,1.,9.E-17));
#677 = DIRECTION('',(0.,-9.E-17,1.));
#678 = ADVANCED_FACE('',(#679),#766,.F.);
#679 = FACE_BOUND('',#680,.F.);
#680 = EDGE_LOOP('',(#681,#692,#701,#710,#718,#751,#759));
#681 = ORIENTED_EDGE('',*,*,#682,.T.);
#682 = EDGE_CURVE('',#683,#685,#687,.T.);
#683 = VERTEX_POINT('',#684);
#684 = CARTESIAN_POINT('',(255.12758148064,-4.,-0.5));
#685 = VERTEX_POINT('',#686);
#686 = CARTESIAN_POINT('',(255.05,-3.5,-2.4E-14));
#687 = ( BOUNDED_CURVE() B_SPLINE_CURVE(3,(#688,#689,#690,#691),
.UNSPECIFIED.,.F.,.F.) B_SPLINE_CURVE_WITH_KNOTS((4,4),(4.404518111987,
4.712388980385),.PIECEWISE_BEZIER_KNOTS.) CURVE() 
GEOMETRIC_REPRESENTATION_ITEM() RATIONAL_B_SPLINE_CURVE((1.,
0.992116879107,0.992116879107,1.)) REPRESENTATION_ITEM('') );
#688 = CARTESIAN_POINT('',(255.12758148064,-4.,-0.5));
#689 = CARTESIAN_POINT('',(255.07606597478,-3.837992129077,
    -0.337992129077));
#690 = CARTESIAN_POINT('',(255.05,-3.670001169366,-0.170001169366));
#691 = CARTESIAN_POINT('',(255.05,-3.5,-2.379E-14));
#692 = ORIENTED_EDGE('',*,*,#693,.T.);
#693 = EDGE_CURVE('',#685,#694,#696,.T.);
#694 = VERTEX_POINT('',#695);
#695 = CARTESIAN_POINT('',(255.12758148064,-4.,0.5));
#696 = ( BOUNDED_CURVE() B_SPLINE_CURVE(3,(#697,#698,#699,#700),
.UNSPECIFIED.,.F.,.F.) B_SPLINE_CURVE_WITH_KNOTS((4,4),(1.570796326795,
1.878667195193),.PIECEWISE_BEZIER_KNOTS.) CURVE() 
GEOMETRIC_REPRESENTATION_ITEM() RATIONAL_B_SPLINE_CURVE((1.,
0.992116879107,0.992116879107,1.)) REPRESENTATION_ITEM('') );
#697 = CARTESIAN_POINT('',(255.05,-3.5,-2.379E-14));
#698 = CARTESIAN_POINT('',(255.05,-3.670001169366,0.170001169366));
#699 = CARTESIAN_POINT('',(255.07606597478,-3.837992129077,
    0.337992129077));
#700 = CARTESIAN_POINT('',(255.12758148064,-4.,0.5));
#701 = ORIENTED_EDGE('',*,*,#702,.F.);
#702 = EDGE_CURVE('',#703,#694,#705,.T.);
#703 = VERTEX_POINT('',#704);
#704 = CARTESIAN_POINT('',(256.7,-4.,1.65));
#705 = CIRCLE('',#706,1.65);
#706 = AXIS2_PLACEMENT_3D('',#707,#708,#709);
#707 = CARTESIAN_POINT('',(256.7,-4.,-1.11E-15));
#708 = DIRECTION('',(-0.,-1.,-9.E-17));
#709 = DIRECTION('',(0.,-9.E-17,1.));
#710 = ORIENTED_EDGE('',*,*,#711,.T.);
#711 = EDGE_CURVE('',#703,#712,#714,.T.);
#712 = VERTEX_POINT('',#713);
#713 = CARTESIAN_POINT('',(256.7,-1.130265455546,1.65));
#714 = LINE('',#715,#716);
#715 = CARTESIAN_POINT('',(256.7,10.,1.65));
#716 = VECTOR('',#717,1.);
#717 = DIRECTION('',(0.,1.,9.E-17));
#718 = ORIENTED_EDGE('',*,*,#719,.T.);
#719 = EDGE_CURVE('',#712,#720,#722,.T.);
#720 = VERTEX_POINT('',#721);
#721 = CARTESIAN_POINT('',(256.7,-1.130265455546,-1.65));
#722 = B_SPLINE_CURVE_WITH_KNOTS('',3,(#723,#724,#725,#726,#727,#728,
    #729,#730,#731,#732,#733,#734,#735,#736,#737,#738,#739,#740,#741,
    #742,#743,#744,#745,#746,#747,#748,#749,#750),.UNSPECIFIED.,.F.,.F.,
  (4,2,2,2,2,2,2,2,2,2,2,2,2,4),(5.504950172953E-03,6.192694841085E-03,
    6.536567175152E-03,6.880439509218E-03,7.224311843284E-03,
    7.56818417735E-03,7.912056511417E-03,8.255928845483E-03,
    8.599801179549E-03,8.943673513616E-03,9.631418181748E-03,
    1.031916284988E-02,1.066303518395E-02,1.100690751801E-02),
  .UNSPECIFIED.);
#723 = CARTESIAN_POINT('',(256.7,-1.130265455546,1.65));
#724 = CARTESIAN_POINT('',(256.46674589016,-1.130265455546,1.65));
#725 = CARTESIAN_POINT('',(256.24637392827,-1.206406762548,
    1.600114593934));
#726 = CARTESIAN_POINT('',(255.95801372841,-1.349473524441,
    1.477452944917));
#727 = CARTESIAN_POINT('',(255.86685966333,-1.402617971221,
    1.427819442098));
#728 = CARTESIAN_POINT('',(255.69822507693,-1.508896069681,
    1.315005012662));
#729 = CARTESIAN_POINT('',(255.6199148645,-1.562521360251,1.251531238035
    ));
#730 = CARTESIAN_POINT('',(255.47392494417,-1.666778072764,
    1.108897784818));
#731 = CARTESIAN_POINT('',(255.40587445696,-1.717784160068,
    1.028964544245));
#732 = CARTESIAN_POINT('',(255.2858631265,-1.809918394966,0.856589666911
    ));
#733 = CARTESIAN_POINT('',(255.23326544134,-1.851514988865,
    0.763754295812));
#734 = CARTESIAN_POINT('',(255.14476688809,-1.922380690916,
    0.562032790462));
#735 = CARTESIAN_POINT('',(255.11006200016,-1.950697022716,
    0.455410656436));
#736 = CARTESIAN_POINT('',(255.06277940736,-1.989423861342,
    0.234116296639));
#737 = CARTESIAN_POINT('',(255.05022952109,-1.999810645214,
    0.117713628253));
#738 = CARTESIAN_POINT('',(255.04977692942,-2.000184033106,
    -0.111188797521));
#739 = CARTESIAN_POINT('',(255.06170349446,-1.990310697318,
    -0.226783543809));
#740 = CARTESIAN_POINT('',(255.1083400836,-1.952102077568,
    -0.449516324905));
#741 = CARTESIAN_POINT('',(255.14243946274,-1.924266263698,
    -0.55563658469));
#742 = CARTESIAN_POINT('',(255.27453963,-1.818422550444,-0.859924473106)
  );
#743 = CARTESIAN_POINT('',(255.39797357529,-1.721148244801,
    -1.033976301824));
#744 = CARTESIAN_POINT('',(255.69002200531,-1.512327352028,
    -1.320728682821));
#745 = CARTESIAN_POINT('',(255.86011513551,-1.398286661587,
    -1.435483691867));
#746 = CARTESIAN_POINT('',(256.14789250522,-1.255148372259,
    -1.558382917646));
#747 = CARTESIAN_POINT('',(256.25148609336,-1.211561229319,-1.5917340695
    ));
#748 = CARTESIAN_POINT('',(256.46837641391,-1.149071526746,
    -1.637416436591));
#749 = CARTESIAN_POINT('',(256.58343635069,-1.130265455546,-1.65));
#750 = CARTESIAN_POINT('',(256.7,-1.130265455546,-1.65));
#751 = ORIENTED_EDGE('',*,*,#752,.F.);
#752 = EDGE_CURVE('',#753,#720,#755,.T.);
#753 = VERTEX_POINT('',#754);
#754 = CARTESIAN_POINT('',(256.7,-4.,-1.65));
#755 = LINE('',#756,#757);
#756 = CARTESIAN_POINT('',(256.7,10.,-1.65));
#757 = VECTOR('',#758,1.);
#758 = DIRECTION('',(0.,1.,9.E-17));
#759 = ORIENTED_EDGE('',*,*,#760,.F.);
#760 = EDGE_CURVE('',#683,#753,#761,.T.);
#761 = CIRCLE('',#762,1.65);
#762 = AXIS2_PLACEMENT_3D('',#763,#764,#765);
#763 = CARTESIAN_POINT('',(256.7,-4.,-1.11E-15));
#764 = DIRECTION('',(0.,-1.,-9.E-17));
#765 = DIRECTION('',(3.364E-14,-9.E-17,1.));
#766 = CYLINDRICAL_SURFACE('',#767,1.65);
#767 = AXIS2_PLACEMENT_3D('',#768,#769,#770);
#768 = CARTESIAN_POINT('',(256.7,10.,1.E-16));
#769 = DIRECTION('',(0.,1.,9.E-17));
#770 = DIRECTION('',(0.,-9.E-17,1.));
#771 = ADVANCED_FACE('',(#772,#842),#932,.F.);
#772 = FACE_BOUND('',#773,.F.);
#773 = EDGE_LOOP('',(#774,#809));
#774 = ORIENTED_EDGE('',*,*,#775,.T.);
#775 = EDGE_CURVE('',#776,#778,#780,.T.);
#776 = VERTEX_POINT('',#777);
#777 = CARTESIAN_POINT('',(46.3639320225,0.,-2.));
#778 = VERTEX_POINT('',#779);
#779 = CARTESIAN_POINT('',(46.3639320225,2.E-15,2.));
#780 = B_SPLINE_CURVE_WITH_KNOTS('',3,(#781,#782,#783,#784,#785,#786,
    #787,#788,#789,#790,#791,#792,#793,#794,#795,#796,#797,#798,#799,
    #800,#801,#802,#803,#804,#805,#806,#807,#808),.UNSPECIFIED.,.F.,.F.,
  (4,2,2,2,2,2,2,2,2,2,2,2,2,4),(6.459115400501E-03,6.862035041063E-03,
    7.264954681625E-03,8.070793962748E-03,8.47371360331E-03,
    8.876633243872E-03,9.279552884434E-03,9.682472524995E-03,
    1.008539216556E-02,1.048831180612E-02,1.129415108724E-02,
    1.16970707278E-02,1.209999036837E-02,1.290582964949E-02),
  .UNSPECIFIED.);
#781 = CARTESIAN_POINT('',(46.3639320225,2.4E-16,-2.));
#782 = CARTESIAN_POINT('',(46.363932022498,0.137047194602,-2.));
#783 = CARTESIAN_POINT('',(46.351286351699,0.270467135638,
    -1.986082714779));
#784 = CARTESIAN_POINT('',(46.3053310642,0.530984862621,-1.932804205571)
  );
#785 = CARTESIAN_POINT('',(46.271640599791,0.658747131698,
    -1.892832703505));
#786 = CARTESIAN_POINT('',(46.154052289514,1.01657333741,-1.741732573494
    ));
#787 = CARTESIAN_POINT('',(46.05260026522,1.229760269181,-1.597403163663
    ));
#788 = CARTESIAN_POINT('',(45.909025274206,1.499036758251,-1.32999646396
    ));
#789 = CARTESIAN_POINT('',(45.861680624281,1.581688130011,
    -1.230696433981));
#790 = CARTESIAN_POINT('',(45.776147540088,1.725539640961,-1.01924678106
    ));
#791 = CARTESIAN_POINT('',(45.737553052187,1.787507520184,
    -0.906621719533));
#792 = CARTESIAN_POINT('',(45.672159583007,1.890457646458,
    -0.665819768399));
#793 = CARTESIAN_POINT('',(45.645411779409,1.931322342795,
    -0.536448013766));
#794 = CARTESIAN_POINT('',(45.609752471288,1.985445723633,-0.27529573509
    ));
#795 = CARTESIAN_POINT('',(45.600257814752,1.999613277051,
    -0.141933186246));
#796 = CARTESIAN_POINT('',(45.59975248303,2.00037127626,0.130816834654)
  );
#797 = CARTESIAN_POINT('',(45.608909871405,1.986711358148,0.266359213866
    ));
#798 = CARTESIAN_POINT('',(45.644053941356,1.933395708288,0.52910328536)
  );
#799 = CARTESIAN_POINT('',(45.670487226465,1.893043027256,0.658552691627
    ));
#800 = CARTESIAN_POINT('',(45.768296100098,1.739199306485,1.021958891097
    ));
#801 = CARTESIAN_POINT('',(45.859826857693,1.591096883754,1.23798937829)
  );
#802 = CARTESIAN_POINT('',(46.003561173607,1.321837618666,1.506252654252
    ));
#803 = CARTESIAN_POINT('',(46.053220204881,1.22267564953,1.587810614174)
  );
#804 = CARTESIAN_POINT('',(46.14724269011,1.012357071565,1.729511910941)
  );
#805 = CARTESIAN_POINT('',(46.191938966812,0.900794597328,1.790350014774
    ));
#806 = CARTESIAN_POINT('',(46.309978606834,0.543037613088,1.942227195431
    ));
#807 = CARTESIAN_POINT('',(46.3639320225,0.273568142831,2.));
#808 = CARTESIAN_POINT('',(46.3639320225,1.82E-15,2.));
#809 = ORIENTED_EDGE('',*,*,#810,.T.);
#810 = EDGE_CURVE('',#778,#776,#811,.T.);
#811 = B_SPLINE_CURVE_WITH_KNOTS('',3,(#812,#813,#814,#815,#816,#817,
    #818,#819,#820,#821,#822,#823,#824,#825,#826,#827,#828,#829,#830,
    #831,#832,#833,#834,#835,#836,#837,#838,#839,#840,#841),
  .UNSPECIFIED.,.F.,.F.,(4,2,2,2,2,2,2,2,2,2,2,2,2,2,4),(0.,
    4.036947125313E-04,8.073894250626E-04,1.614778850125E-03,
    2.018473562657E-03,2.422168275188E-03,2.825862987719E-03,
    3.229557700251E-03,3.633252412782E-03,4.036947125313E-03,
    4.844336550376E-03,5.248031262907E-03,5.651725975438E-03,
    6.05542068797E-03,6.459115400501E-03),.UNSPECIFIED.);
#812 = CARTESIAN_POINT('',(46.3639320225,1.82E-15,2.));
#813 = CARTESIAN_POINT('',(46.3639320225,-0.137047194602,2.));
#814 = CARTESIAN_POINT('',(46.351286351699,-0.270467135638,
    1.986082714779));
#815 = CARTESIAN_POINT('',(46.3053310642,-0.530984862621,1.932804205571)
  );
#816 = CARTESIAN_POINT('',(46.271640599791,-0.658747131697,
    1.892832703505));
#817 = CARTESIAN_POINT('',(46.154052289514,-1.01657333741,1.741732573494
    ));
#818 = CARTESIAN_POINT('',(46.05260026522,-1.229760269181,1.597403163663
    ));
#819 = CARTESIAN_POINT('',(45.909025274206,-1.499036758251,1.32999646396
    ));
#820 = CARTESIAN_POINT('',(45.861680624281,-1.581688130011,
    1.230696433981));
#821 = CARTESIAN_POINT('',(45.776147540088,-1.725539640961,1.01924678106
    ));
#822 = CARTESIAN_POINT('',(45.737553052187,-1.787507520184,
    0.906621719533));
#823 = CARTESIAN_POINT('',(45.672159583007,-1.890457646458,
    0.665819768399));
#824 = CARTESIAN_POINT('',(45.645411779409,-1.931322342795,
    0.536448013766));
#825 = CARTESIAN_POINT('',(45.609752471288,-1.985445723633,0.27529573509
    ));
#826 = CARTESIAN_POINT('',(45.600257814752,-1.999613277051,
    0.141933186246));
#827 = CARTESIAN_POINT('',(45.59975248303,-2.00037127626,-0.130816834654
    ));
#828 = CARTESIAN_POINT('',(45.608909871405,-1.986711358148,
    -0.266359213866));
#829 = CARTESIAN_POINT('',(45.644053941356,-1.933395708288,
    -0.52910328536));
#830 = CARTESIAN_POINT('',(45.670487226465,-1.893043027256,
    -0.658552691627));
#831 = CARTESIAN_POINT('',(45.768296100098,-1.739199306485,
    -1.021958891097));
#832 = CARTESIAN_POINT('',(45.859826857693,-1.591096883754,
    -1.23798937829));
#833 = CARTESIAN_POINT('',(46.003561173607,-1.321837618666,
    -1.506252654252));
#834 = CARTESIAN_POINT('',(46.053220204881,-1.22267564953,
    -1.587810614174));
#835 = CARTESIAN_POINT('',(46.14724269011,-1.012357071565,
    -1.729511910941));
#836 = CARTESIAN_POINT('',(46.191938966812,-0.900794597328,
    -1.790350014774));
#837 = CARTESIAN_POINT('',(46.27063206016,-0.662289941168,
    -1.891601468545));
#838 = CARTESIAN_POINT('',(46.304541396123,-0.534450887534,
    -1.931872948997));
#839 = CARTESIAN_POINT('',(46.350955451558,-0.273329343369,
    -1.985714458906));
#840 = CARTESIAN_POINT('',(46.363932022498,-0.137310823942,-2.));
#841 = CARTESIAN_POINT('',(46.3639320225,2.4E-16,-2.));
#842 = FACE_BOUND('',#843,.F.);
#843 = EDGE_LOOP('',(#844,#855,#864,#873,#881,#890,#899,#908,#917,#925)
  );
#844 = ORIENTED_EDGE('',*,*,#845,.T.);
#845 = EDGE_CURVE('',#846,#848,#850,.T.);
#846 = VERTEX_POINT('',#847);
#847 = CARTESIAN_POINT('',(45.64196010845,-4.,-0.5));
#848 = VERTEX_POINT('',#849);
#849 = CARTESIAN_POINT('',(45.6,-3.5,-2.4E-14));
#850 = ( BOUNDED_CURVE() B_SPLINE_CURVE(3,(#851,#852,#853,#854),
.UNSPECIFIED.,.F.,.F.) B_SPLINE_CURVE_WITH_KNOTS((4,4),(4.544940901165,
4.712388980385),.PIECEWISE_BEZIER_KNOTS.) CURVE() 
GEOMETRIC_REPRESENTATION_ITEM() RATIONAL_B_SPLINE_CURVE((1.,
0.99766479297,0.99766479297,1.)) REPRESENTATION_ITEM('') );
#851 = CARTESIAN_POINT('',(45.64196010845,-4.,-0.5));
#852 = CARTESIAN_POINT('',(45.614019441114,-3.834700782847,
    -0.334700782847));
#853 = CARTESIAN_POINT('',(45.6,-3.667644004016,-0.167644004016));
#854 = CARTESIAN_POINT('',(45.6,-3.5,-2.379E-14));
#855 = ORIENTED_EDGE('',*,*,#856,.T.);
#856 = EDGE_CURVE('',#848,#857,#859,.T.);
#857 = VERTEX_POINT('',#858);
#858 = CARTESIAN_POINT('',(45.64196010845,-4.,0.5));
#859 = ( BOUNDED_CURVE() B_SPLINE_CURVE(3,(#860,#861,#862,#863),
.UNSPECIFIED.,.F.,.F.) B_SPLINE_CURVE_WITH_KNOTS((4,4),(1.570796326795,
1.738244406015),.PIECEWISE_BEZIER_KNOTS.) CURVE() 
GEOMETRIC_REPRESENTATION_ITEM() RATIONAL_B_SPLINE_CURVE((1.,
0.99766479297,0.99766479297,1.)) REPRESENTATION_ITEM('') );
#860 = CARTESIAN_POINT('',(45.6,-3.5,-2.379E-14));
#861 = CARTESIAN_POINT('',(45.6,-3.667644004016,0.167644004016));
#862 = CARTESIAN_POINT('',(45.614019441114,-3.834700782847,
    0.334700782847));
#863 = CARTESIAN_POINT('',(45.64196010845,-4.,0.5));
#864 = ORIENTED_EDGE('',*,*,#865,.F.);
#865 = EDGE_CURVE('',#866,#857,#868,.T.);
#866 = VERTEX_POINT('',#867);
#867 = CARTESIAN_POINT('',(48.6,-4.,3.));
#868 = CIRCLE('',#869,3.);
#869 = AXIS2_PLACEMENT_3D('',#870,#871,#872);
#870 = CARTESIAN_POINT('',(48.6,-4.,-3.5E-16));
#871 = DIRECTION('',(-0.,-1.,-9.E-17));
#872 = DIRECTION('',(0.,-9.E-17,1.));
#873 = ORIENTED_EDGE('',*,*,#874,.T.);
#874 = EDGE_CURVE('',#866,#875,#877,.T.);
#875 = VERTEX_POINT('',#876);
#876 = CARTESIAN_POINT('',(48.6,4.,3.));
#877 = LINE('',#878,#879);
#878 = CARTESIAN_POINT('',(48.6,10.,3.));
#879 = VECTOR('',#880,1.);
#880 = DIRECTION('',(0.,1.,9.E-17));
#881 = ORIENTED_EDGE('',*,*,#882,.F.);
#882 = EDGE_CURVE('',#883,#875,#885,.T.);
#883 = VERTEX_POINT('',#884);
#884 = CARTESIAN_POINT('',(45.64196010845,4.,0.5));
#885 = CIRCLE('',#886,3.);
#886 = AXIS2_PLACEMENT_3D('',#887,#888,#889);
#887 = CARTESIAN_POINT('',(48.6,4.,3.5E-16));
#888 = DIRECTION('',(0.,1.,9.E-17));
#889 = DIRECTION('',(0.,-9.E-17,1.));
#890 = ORIENTED_EDGE('',*,*,#891,.T.);
#891 = EDGE_CURVE('',#883,#892,#894,.T.);
#892 = VERTEX_POINT('',#893);
#893 = CARTESIAN_POINT('',(45.6,3.5,-0.));
#894 = ( BOUNDED_CURVE() B_SPLINE_CURVE(3,(#895,#896,#897,#898),
.UNSPECIFIED.,.F.,.F.) B_SPLINE_CURVE_WITH_KNOTS((4,4),(1.403348247575,
1.570796326795),.PIECEWISE_BEZIER_KNOTS.) CURVE() 
GEOMETRIC_REPRESENTATION_ITEM() RATIONAL_B_SPLINE_CURVE((1.,
0.99766479297,0.99766479297,1.)) REPRESENTATION_ITEM('') );
#895 = CARTESIAN_POINT('',(45.64196010845,4.,0.5));
#896 = CARTESIAN_POINT('',(45.614019441114,3.834700782847,0.334700782847
    ));
#897 = CARTESIAN_POINT('',(45.6,3.667644004016,0.167644004016));
#898 = CARTESIAN_POINT('',(45.6,3.5,-3.9E-16));
#899 = ORIENTED_EDGE('',*,*,#900,.T.);
#900 = EDGE_CURVE('',#892,#901,#903,.T.);
#901 = VERTEX_POINT('',#902);
#902 = CARTESIAN_POINT('',(45.64196010845,4.,-0.5));
#903 = ( BOUNDED_CURVE() B_SPLINE_CURVE(3,(#904,#905,#906,#907),
.UNSPECIFIED.,.F.,.F.) B_SPLINE_CURVE_WITH_KNOTS((4,4),(4.712388980385,
4.879837059604),.PIECEWISE_BEZIER_KNOTS.) CURVE() 
GEOMETRIC_REPRESENTATION_ITEM() RATIONAL_B_SPLINE_CURVE((1.,
0.99766479297,0.99766479297,1.)) REPRESENTATION_ITEM('') );
#904 = CARTESIAN_POINT('',(45.6,3.5,-3.9E-16));
#905 = CARTESIAN_POINT('',(45.6,3.667644004016,-0.167644004016));
#906 = CARTESIAN_POINT('',(45.614019441114,3.834700782847,
    -0.334700782847));
#907 = CARTESIAN_POINT('',(45.64196010845,4.,-0.5));
#908 = ORIENTED_EDGE('',*,*,#909,.F.);
#909 = EDGE_CURVE('',#910,#901,#912,.T.);
#910 = VERTEX_POINT('',#911);
#911 = CARTESIAN_POINT('',(48.6,4.,-3.));
#912 = CIRCLE('',#913,3.);
#913 = AXIS2_PLACEMENT_3D('',#914,#915,#916);
#914 = CARTESIAN_POINT('',(48.6,4.,3.5E-16));
#915 = DIRECTION('',(0.,1.,9.E-17));
#916 = DIRECTION('',(0.,-9.E-17,1.));
#917 = ORIENTED_EDGE('',*,*,#918,.F.);
#918 = EDGE_CURVE('',#919,#910,#921,.T.);
#919 = VERTEX_POINT('',#920);
#920 = CARTESIAN_POINT('',(48.6,-4.,-3.));
#921 = LINE('',#922,#923);
#922 = CARTESIAN_POINT('',(48.6,10.,-3.));
#923 = VECTOR('',#924,1.);
#924 = DIRECTION('',(0.,1.,9.E-17));
#925 = ORIENTED_EDGE('',*,*,#926,.F.);
#926 = EDGE_CURVE('',#846,#919,#927,.T.);
#927 = CIRCLE('',#928,3.);
#928 = AXIS2_PLACEMENT_3D('',#929,#930,#931);
#929 = CARTESIAN_POINT('',(48.6,-4.,-3.5E-16));
#930 = DIRECTION('',(-0.,-1.,-9.E-17));
#931 = DIRECTION('',(0.,-9.E-17,1.));
#932 = CYLINDRICAL_SURFACE('',#933,3.);
#933 = AXIS2_PLACEMENT_3D('',#934,#935,#936);
#934 = CARTESIAN_POINT('',(48.6,10.,8.7E-16));
#935 = DIRECTION('',(0.,1.,9.E-17));
#936 = DIRECTION('',(0.,-9.E-17,1.));
#937 = ADVANCED_FACE('',(#938),#1025,.F.);
#938 = FACE_BOUND('',#939,.F.);
#939 = EDGE_LOOP('',(#940,#951,#960,#969,#977,#1010,#1018));
#940 = ORIENTED_EDGE('',*,*,#941,.F.);
#941 = EDGE_CURVE('',#942,#944,#946,.T.);
#942 = VERTEX_POINT('',#943);
#943 = CARTESIAN_POINT('',(27.35,-3.5,-2.4E-14));
#944 = VERTEX_POINT('',#945);
#945 = CARTESIAN_POINT('',(27.427581480648,-4.,-0.5));
#946 = ( BOUNDED_CURVE() B_SPLINE_CURVE(3,(#947,#948,#949,#950),
.UNSPECIFIED.,.F.,.F.) B_SPLINE_CURVE_WITH_KNOTS((4,4),(1.570796326795,
1.878667195193),.PIECEWISE_BEZIER_KNOTS.) CURVE() 
GEOMETRIC_REPRESENTATION_ITEM() RATIONAL_B_SPLINE_CURVE((1.,
0.992116879107,0.992116879107,1.)) REPRESENTATION_ITEM('') );
#947 = CARTESIAN_POINT('',(27.35,-3.5,-2.379E-14));
#948 = CARTESIAN_POINT('',(27.35,-3.670001169366,-0.170001169366));
#949 = CARTESIAN_POINT('',(27.37606597478,-3.837992129077,
    -0.337992129077));
#950 = CARTESIAN_POINT('',(27.427581480648,-4.,-0.5));
#951 = ORIENTED_EDGE('',*,*,#952,.T.);
#952 = EDGE_CURVE('',#942,#953,#955,.T.);
#953 = VERTEX_POINT('',#954);
#954 = CARTESIAN_POINT('',(27.427581480648,-4.,0.5));
#955 = ( BOUNDED_CURVE() B_SPLINE_CURVE(3,(#956,#957,#958,#959),
.UNSPECIFIED.,.F.,.F.) B_SPLINE_CURVE_WITH_KNOTS((4,4),(1.570796326795,
1.878667195193),.PIECEWISE_BEZIER_KNOTS.) CURVE() 
GEOMETRIC_REPRESENTATION_ITEM() RATIONAL_B_SPLINE_CURVE((1.,
0.992116879107,0.992116879107,1.)) REPRESENTATION_ITEM('') );
#956 = CARTESIAN_POINT('',(27.35,-3.5,-2.379E-14));
#957 = CARTESIAN_POINT('',(27.35,-3.670001169366,0.170001169366));
#958 = CARTESIAN_POINT('',(27.37606597478,-3.837992129077,0.337992129077
    ));
#959 = CARTESIAN_POINT('',(27.427581480648,-4.,0.5));
#960 = ORIENTED_EDGE('',*,*,#961,.F.);
#961 = EDGE_CURVE('',#962,#953,#964,.T.);
#962 = VERTEX_POINT('',#963);
#963 = CARTESIAN_POINT('',(29.,-4.,1.65));
#964 = CIRCLE('',#965,1.65);
#965 = AXIS2_PLACEMENT_3D('',#966,#967,#968);
#966 = CARTESIAN_POINT('',(29.,-4.,-1.11E-15));
#967 = DIRECTION('',(-0.,-1.,-9.E-17));
#968 = DIRECTION('',(0.,-9.E-17,1.));
#969 = ORIENTED_EDGE('',*,*,#970,.T.);
#970 = EDGE_CURVE('',#962,#971,#973,.T.);
#971 = VERTEX_POINT('',#972);
#972 = CARTESIAN_POINT('',(29.,-1.130265455546,1.65));
#973 = LINE('',#974,#975);
#974 = CARTESIAN_POINT('',(29.,10.,1.65));
#975 = VECTOR('',#976,1.);
#976 = DIRECTION('',(0.,1.,9.E-17));
#977 = ORIENTED_EDGE('',*,*,#978,.T.);
#978 = EDGE_CURVE('',#971,#979,#981,.T.);
#979 = VERTEX_POINT('',#980);
#980 = CARTESIAN_POINT('',(29.,-1.130265455546,-1.65));
#981 = B_SPLINE_CURVE_WITH_KNOTS('',3,(#982,#983,#984,#985,#986,#987,
    #988,#989,#990,#991,#992,#993,#994,#995,#996,#997,#998,#999,#1000,
    #1001,#1002,#1003,#1004,#1005,#1006,#1007,#1008,#1009),
  .UNSPECIFIED.,.F.,.F.,(4,2,2,2,2,2,2,2,2,2,2,2,2,4),(
    5.504950172953E-03,6.192694841085E-03,6.536567175152E-03,
    6.880439509218E-03,7.224311843284E-03,7.56818417735E-03,
    7.912056511417E-03,8.255928845483E-03,8.599801179549E-03,
    8.943673513616E-03,9.631418181748E-03,1.031916284988E-02,
    1.066303518395E-02,1.100690751801E-02),.UNSPECIFIED.);
#982 = CARTESIAN_POINT('',(29.,-1.130265455546,1.65));
#983 = CARTESIAN_POINT('',(28.766745890169,-1.130265455546,1.65));
#984 = CARTESIAN_POINT('',(28.546373928277,-1.206406762548,
    1.600114593935));
#985 = CARTESIAN_POINT('',(28.258013728414,-1.349473524441,
    1.477452944917));
#986 = CARTESIAN_POINT('',(28.166859663338,-1.402617971221,
    1.427819442098));
#987 = CARTESIAN_POINT('',(27.998225076937,-1.508896069681,
    1.315005012662));
#988 = CARTESIAN_POINT('',(27.919914864501,-1.562521360251,
    1.251531238035));
#989 = CARTESIAN_POINT('',(27.77392494417,-1.666778072764,1.108897784818
    ));
#990 = CARTESIAN_POINT('',(27.705874456967,-1.717784160068,
    1.028964544245));
#991 = CARTESIAN_POINT('',(27.585863126503,-1.809918394966,
    0.856589666911));
#992 = CARTESIAN_POINT('',(27.533265441349,-1.851514988865,
    0.763754295812));
#993 = CARTESIAN_POINT('',(27.444766888098,-1.922380690916,
    0.562032790462));
#994 = CARTESIAN_POINT('',(27.410062000165,-1.950697022716,
    0.455410656436));
#995 = CARTESIAN_POINT('',(27.36277940736,-1.989423861342,0.234116296639
    ));
#996 = CARTESIAN_POINT('',(27.350229521096,-1.999810645214,
    0.117713628253));
#997 = CARTESIAN_POINT('',(27.349776929428,-2.000184033106,
    -0.111188797521));
#998 = CARTESIAN_POINT('',(27.361703494461,-1.990310697318,
    -0.226783543809));
#999 = CARTESIAN_POINT('',(27.408340083608,-1.952102077568,
    -0.449516324905));
#1000 = CARTESIAN_POINT('',(27.442439462742,-1.924266263698,
    -0.55563658469));
#1001 = CARTESIAN_POINT('',(27.574539630003,-1.818422550444,
    -0.859924473106));
#1002 = CARTESIAN_POINT('',(27.697973575292,-1.721148244801,
    -1.033976301824));
#1003 = CARTESIAN_POINT('',(27.990022005316,-1.512327352027,
    -1.320728682821));
#1004 = CARTESIAN_POINT('',(28.160115135515,-1.398286661587,
    -1.435483691867));
#1005 = CARTESIAN_POINT('',(28.447892505222,-1.255148372259,
    -1.558382917646));
#1006 = CARTESIAN_POINT('',(28.551486093365,-1.211561229319,
    -1.5917340695));
#1007 = CARTESIAN_POINT('',(28.768376413912,-1.149071526746,
    -1.637416436591));
#1008 = CARTESIAN_POINT('',(28.883436350691,-1.130265455546,-1.65));
#1009 = CARTESIAN_POINT('',(29.,-1.130265455546,-1.65));
#1010 = ORIENTED_EDGE('',*,*,#1011,.F.);
#1011 = EDGE_CURVE('',#1012,#979,#1014,.T.);
#1012 = VERTEX_POINT('',#1013);
#1013 = CARTESIAN_POINT('',(29.,-4.,-1.65));
#1014 = LINE('',#1015,#1016);
#1015 = CARTESIAN_POINT('',(29.,10.,-1.65));
#1016 = VECTOR('',#1017,1.);
#1017 = DIRECTION('',(0.,1.,9.E-17));
#1018 = ORIENTED_EDGE('',*,*,#1019,.F.);
#1019 = EDGE_CURVE('',#944,#1012,#1020,.T.);
#1020 = CIRCLE('',#1021,1.65);
#1021 = AXIS2_PLACEMENT_3D('',#1022,#1023,#1024);
#1022 = CARTESIAN_POINT('',(29.,-4.,-1.11E-15));
#1023 = DIRECTION('',(0.,-1.,-9.E-17));
#1024 = DIRECTION('',(2.1E-15,-9.E-17,1.));
#1025 = CYLINDRICAL_SURFACE('',#1026,1.65);
#1026 = AXIS2_PLACEMENT_3D('',#1027,#1028,#1029);
#1027 = CARTESIAN_POINT('',(29.,10.,1.E-16));
#1028 = DIRECTION('',(0.,1.,9.E-17));
#1029 = DIRECTION('',(0.,-9.E-17,1.));
#1030 = ADVANCED_FACE('',(#1031),#1118,.F.);
#1031 = FACE_BOUND('',#1032,.F.);
#1032 = EDGE_LOOP('',(#1033,#1044,#1052,#1061,#1076,#1085,#1094,#1103,
    #1111));
#1033 = ORIENTED_EDGE('',*,*,#1034,.F.);
#1034 = EDGE_CURVE('',#1035,#1037,#1039,.T.);
#1035 = VERTEX_POINT('',#1036);
#1036 = CARTESIAN_POINT('',(281.23266802531,6.2,5.210050506339));
#1037 = VERTEX_POINT('',#1038);
#1038 = CARTESIAN_POINT('',(282.36678348519,5.5,4.510050506339));
#1039 = ( BOUNDED_CURVE() B_SPLINE_CURVE(3,(#1040,#1041,#1042,#1043),
.UNSPECIFIED.,.F.,.F.) B_SPLINE_CURVE_WITH_KNOTS((4,4),(0.436833788854,
0.669138088231),.PIECEWISE_BEZIER_KNOTS.) CURVE() 
GEOMETRIC_REPRESENTATION_ITEM() RATIONAL_B_SPLINE_CURVE((1.,
0.995507946428,0.995507946428,1.)) REPRESENTATION_ITEM('') );
#1040 = CARTESIAN_POINT('',(281.23266802531,6.2,5.210050506339));
#1041 = CARTESIAN_POINT('',(281.63701688365,6.011202110699,
    5.021252617038));
#1042 = CARTESIAN_POINT('',(282.0167612021,5.77681590196,4.786866408299)
  );
#1043 = CARTESIAN_POINT('',(282.36678348519,5.5,4.510050506339));
#1044 = ORIENTED_EDGE('',*,*,#1045,.F.);
#1045 = EDGE_CURVE('',#1046,#1035,#1048,.T.);
#1046 = VERTEX_POINT('',#1047);
#1047 = CARTESIAN_POINT('',(281.23266802531,8.2,5.210050506339));
#1048 = LINE('',#1049,#1050);
#1049 = CARTESIAN_POINT('',(281.23266802531,8.2,5.210050506339));
#1050 = VECTOR('',#1051,1.);
#1051 = DIRECTION('',(0.,-1.,-0.));
#1052 = ORIENTED_EDGE('',*,*,#1053,.T.);
#1053 = EDGE_CURVE('',#1046,#1054,#1056,.T.);
#1054 = VERTEX_POINT('',#1055);
#1055 = CARTESIAN_POINT('',(283.37518378211,8.2,3.482842712475));
#1056 = CIRCLE('',#1057,5.75);
#1057 = AXIS2_PLACEMENT_3D('',#1058,#1059,#1060);
#1058 = CARTESIAN_POINT('',(278.8,8.2,-5.E-17));
#1059 = DIRECTION('',(0.,1.,9.E-17));
#1060 = DIRECTION('',(0.,-9.E-17,1.));
#1061 = ORIENTED_EDGE('',*,*,#1062,.T.);
#1062 = EDGE_CURVE('',#1054,#1063,#1065,.T.);
#1063 = VERTEX_POINT('',#1064);
#1064 = CARTESIAN_POINT('',(283.47946613622,8.541421356237,
    3.341421356237));
#1065 = B_SPLINE_CURVE_WITH_KNOTS('',3,(#1066,#1067,#1068,#1069,#1070,
    #1071,#1072,#1073,#1074,#1075),.UNSPECIFIED.,.F.,.F.,(4,2,2,2,4),(
    1.E-17,1.281010403316E-04,2.562020806631E-04,3.843031209947E-04,
    5.124041613262E-04),.UNSPECIFIED.);
#1066 = CARTESIAN_POINT('',(283.37518378211,8.2,3.482842712475));
#1067 = CARTESIAN_POINT('',(283.40140867483,8.2,3.448392777825));
#1068 = CARTESIAN_POINT('',(283.42692944952,8.208740776776,
    3.414019878641));
#1069 = CARTESIAN_POINT('',(283.47261681284,8.245108019936,
    3.351217686598));
#1070 = CARTESIAN_POINT('',(283.49277047625,8.273154160087,
    3.322788099964));
#1071 = CARTESIAN_POINT('',(283.51886465907,8.346966696236,
    3.285625028731));
#1072 = CARTESIAN_POINT('',(283.52382309774,8.391555356199,
    3.278425717293));
#1073 = CARTESIAN_POINT('',(283.51361099693,8.476498845523,
    3.293091436954));
#1074 = CARTESIAN_POINT('',(283.49906755866,8.513970704924,
    3.313970704924));
#1075 = CARTESIAN_POINT('',(283.47946613622,8.541421356237,
    3.341421356237));
#1076 = ORIENTED_EDGE('',*,*,#1077,.F.);
#1077 = EDGE_CURVE('',#1078,#1063,#1080,.T.);
#1078 = VERTEX_POINT('',#1079);
#1079 = CARTESIAN_POINT('',(282.05291000838,9.941421356237,
    4.741421356237));
#1080 = ( BOUNDED_CURVE() B_SPLINE_CURVE(3,(#1081,#1082,#1083,#1084),
.UNSPECIFIED.,.F.,.F.) B_SPLINE_CURVE_WITH_KNOTS((4,4),(0.601310365596,
0.950696066137),.PIECEWISE_BEZIER_KNOTS.) CURVE() 
GEOMETRIC_REPRESENTATION_ITEM() RATIONAL_B_SPLINE_CURVE((1.,
0.989853313148,0.989853313148,1.)) REPRESENTATION_ITEM('') );
#1081 = CARTESIAN_POINT('',(282.05291000838,9.941421356237,
    4.741421356237));
#1082 = CARTESIAN_POINT('',(282.60793225856,9.56064156536,4.36064156536)
  );
#1083 = CARTESIAN_POINT('',(283.08832536627,9.089191239874,
    3.889191239874));
#1084 = CARTESIAN_POINT('',(283.47946613622,8.541421356237,
    3.341421356237));
#1085 = ORIENTED_EDGE('',*,*,#1086,.T.);
#1086 = EDGE_CURVE('',#1078,#1087,#1089,.T.);
#1087 = VERTEX_POINT('',#1088);
#1088 = CARTESIAN_POINT('',(281.83650243623,10.,4.882842712475));
#1089 = B_SPLINE_CURVE_WITH_KNOTS('',3,(#1090,#1091,#1092,#1093),
  .UNSPECIFIED.,.F.,.F.,(4,4),(0.,2.664897887094E-04),
  .PIECEWISE_BEZIER_KNOTS.);
#1090 = CARTESIAN_POINT('',(282.05291000838,9.941421356237,
    4.741421356237));
#1091 = CARTESIAN_POINT('',(281.98819503247,9.985819855549,
    4.785819855549));
#1092 = CARTESIAN_POINT('',(281.91265632378,10.000000000001,
    4.835484753452));
#1093 = CARTESIAN_POINT('',(281.83650243623,10.,4.882842712475));
#1094 = ORIENTED_EDGE('',*,*,#1095,.F.);
#1095 = EDGE_CURVE('',#1096,#1087,#1098,.T.);
#1096 = VERTEX_POINT('',#1097);
#1097 = CARTESIAN_POINT('',(278.8,10.,5.75));
#1098 = CIRCLE('',#1099,5.75);
#1099 = AXIS2_PLACEMENT_3D('',#1100,#1101,#1102);
#1100 = CARTESIAN_POINT('',(278.8,10.,1.E-16));
#1101 = DIRECTION('',(0.,1.,9.E-17));
#1102 = DIRECTION('',(0.,-9.E-17,1.));
#1103 = ORIENTED_EDGE('',*,*,#1104,.F.);
#1104 = EDGE_CURVE('',#1105,#1096,#1107,.T.);
#1105 = VERTEX_POINT('',#1106);
#1106 = CARTESIAN_POINT('',(278.8,5.5,5.75));
#1107 = LINE('',#1108,#1109);
#1108 = CARTESIAN_POINT('',(278.8,10.,5.75));
#1109 = VECTOR('',#1110,1.);
#1110 = DIRECTION('',(0.,1.,9.E-17));
#1111 = ORIENTED_EDGE('',*,*,#1112,.T.);
#1112 = EDGE_CURVE('',#1105,#1037,#1113,.T.);
#1113 = CIRCLE('',#1114,5.75);
#1114 = AXIS2_PLACEMENT_3D('',#1115,#1116,#1117);
#1115 = CARTESIAN_POINT('',(278.8,5.5,-2.9E-16));
#1116 = DIRECTION('',(0.,1.,9.E-17));
#1117 = DIRECTION('',(0.,-9.E-17,1.));
#1118 = CYLINDRICAL_SURFACE('',#1119,5.75);
#1119 = AXIS2_PLACEMENT_3D('',#1120,#1121,#1122);
#1120 = CARTESIAN_POINT('',(278.8,10.,1.E-16));
#1121 = DIRECTION('',(0.,1.,9.E-17));
#1122 = DIRECTION('',(0.,-9.E-17,1.));
#1123 = ADVANCED_FACE('',(#1124),#1211,.F.);
#1124 = FACE_BOUND('',#1125,.F.);
#1125 = EDGE_LOOP('',(#1126,#1137,#1145,#1154,#1169,#1178,#1187,#1196,
    #1204));
#1126 = ORIENTED_EDGE('',*,*,#1127,.F.);
#1127 = EDGE_CURVE('',#1128,#1130,#1132,.T.);
#1128 = VERTEX_POINT('',#1129);
#1129 = CARTESIAN_POINT('',(51.032668025317,6.2,5.210050506339));
#1130 = VERTEX_POINT('',#1131);
#1131 = CARTESIAN_POINT('',(52.166783485197,5.5,4.510050506339));
#1132 = ( BOUNDED_CURVE() B_SPLINE_CURVE(3,(#1133,#1134,#1135,#1136),
.UNSPECIFIED.,.F.,.F.) B_SPLINE_CURVE_WITH_KNOTS((4,4),(0.436833788854,
0.669138088231),.PIECEWISE_BEZIER_KNOTS.) CURVE() 
GEOMETRIC_REPRESENTATION_ITEM() RATIONAL_B_SPLINE_CURVE((1.,
0.995507946428,0.995507946428,1.)) REPRESENTATION_ITEM('') );
#1133 = CARTESIAN_POINT('',(51.032668025317,6.2,5.210050506339));
#1134 = CARTESIAN_POINT('',(51.437016883652,6.011202110699,
    5.021252617038));
#1135 = CARTESIAN_POINT('',(51.816761202101,5.77681590196,4.786866408299
    ));
#1136 = CARTESIAN_POINT('',(52.166783485197,5.5,4.510050506339));
#1137 = ORIENTED_EDGE('',*,*,#1138,.T.);
#1138 = EDGE_CURVE('',#1128,#1139,#1141,.T.);
#1139 = VERTEX_POINT('',#1140);
#1140 = CARTESIAN_POINT('',(51.032668025317,8.2,5.210050506339));
#1141 = LINE('',#1142,#1143);
#1142 = CARTESIAN_POINT('',(51.032668025317,10.,5.210050506339));
#1143 = VECTOR('',#1144,1.);
#1144 = DIRECTION('',(0.,1.,9.E-17));
#1145 = ORIENTED_EDGE('',*,*,#1146,.T.);
#1146 = EDGE_CURVE('',#1139,#1147,#1149,.T.);
#1147 = VERTEX_POINT('',#1148);
#1148 = CARTESIAN_POINT('',(53.175183782119,8.2,3.482842712475));
#1149 = CIRCLE('',#1150,5.75);
#1150 = AXIS2_PLACEMENT_3D('',#1151,#1152,#1153);
#1151 = CARTESIAN_POINT('',(48.6,8.2,7.1E-16));
#1152 = DIRECTION('',(0.,1.,9.E-17));
#1153 = DIRECTION('',(0.,-9.E-17,1.));
#1154 = ORIENTED_EDGE('',*,*,#1155,.T.);
#1155 = EDGE_CURVE('',#1147,#1156,#1158,.T.);
#1156 = VERTEX_POINT('',#1157);
#1157 = CARTESIAN_POINT('',(53.279466136226,8.541421356237,
    3.341421356237));
#1158 = B_SPLINE_CURVE_WITH_KNOTS('',3,(#1159,#1160,#1161,#1162,#1163,
    #1164,#1165,#1166,#1167,#1168),.UNSPECIFIED.,.F.,.F.,(4,2,2,2,4),(
    1.E-17,1.281010403316E-04,2.562020806632E-04,3.843031209947E-04,
    5.124041613263E-04),.UNSPECIFIED.);
#1159 = CARTESIAN_POINT('',(53.175183782119,8.2,3.482842712475));
#1160 = CARTESIAN_POINT('',(53.201408674834,8.2,3.448392777825));
#1161 = CARTESIAN_POINT('',(53.226929449523,8.208740776776,
    3.414019878641));
#1162 = CARTESIAN_POINT('',(53.272616812842,8.245108019936,
    3.351217686598));
#1163 = CARTESIAN_POINT('',(53.292770476253,8.273154160087,
    3.322788099964));
#1164 = CARTESIAN_POINT('',(53.318864659071,8.346966696236,
    3.285625028731));
#1165 = CARTESIAN_POINT('',(53.323823097743,8.391555356199,
    3.278425717293));
#1166 = CARTESIAN_POINT('',(53.313610996937,8.476498845523,
    3.293091436954));
#1167 = CARTESIAN_POINT('',(53.299067558668,8.513970704924,
    3.313970704924));
#1168 = CARTESIAN_POINT('',(53.279466136226,8.541421356237,
    3.341421356237));
#1169 = ORIENTED_EDGE('',*,*,#1170,.T.);
#1170 = EDGE_CURVE('',#1156,#1171,#1173,.T.);
#1171 = VERTEX_POINT('',#1172);
#1172 = CARTESIAN_POINT('',(51.85291000838,9.941421356237,4.741421356237
    ));
#1173 = ( BOUNDED_CURVE() B_SPLINE_CURVE(3,(#1174,#1175,#1176,#1177),
.UNSPECIFIED.,.F.,.F.) B_SPLINE_CURVE_WITH_KNOTS((4,4),(5.332489241043,
5.681874941584),.PIECEWISE_BEZIER_KNOTS.) CURVE() 
GEOMETRIC_REPRESENTATION_ITEM() RATIONAL_B_SPLINE_CURVE((1.,
0.989853313148,0.989853313148,1.)) REPRESENTATION_ITEM('') );
#1174 = CARTESIAN_POINT('',(53.279466136226,8.541421356237,
    3.341421356237));
#1175 = CARTESIAN_POINT('',(52.888325366274,9.089191239874,
    3.889191239874));
#1176 = CARTESIAN_POINT('',(52.407932258562,9.56064156536,4.36064156536)
  );
#1177 = CARTESIAN_POINT('',(51.85291000838,9.941421356237,4.741421356237
    ));
#1178 = ORIENTED_EDGE('',*,*,#1179,.T.);
#1179 = EDGE_CURVE('',#1171,#1180,#1182,.T.);
#1180 = VERTEX_POINT('',#1181);
#1181 = CARTESIAN_POINT('',(51.63650243623,10.,4.882842712475));
#1182 = B_SPLINE_CURVE_WITH_KNOTS('',3,(#1183,#1184,#1185,#1186),
  .UNSPECIFIED.,.F.,.F.,(4,4),(3.E-17,2.664897887094E-04),
  .PIECEWISE_BEZIER_KNOTS.);
#1183 = CARTESIAN_POINT('',(51.85291000838,9.941421356237,4.741421356237
    ));
#1184 = CARTESIAN_POINT('',(51.788195032473,9.985819855549,
    4.785819855549));
#1185 = CARTESIAN_POINT('',(51.712656323786,10.000000000001,
    4.835484753452));
#1186 = CARTESIAN_POINT('',(51.63650243623,10.,4.882842712475));
#1187 = ORIENTED_EDGE('',*,*,#1188,.F.);
#1188 = EDGE_CURVE('',#1189,#1180,#1191,.T.);
#1189 = VERTEX_POINT('',#1190);
#1190 = CARTESIAN_POINT('',(48.6,10.,5.75));
#1191 = CIRCLE('',#1192,5.75);
#1192 = AXIS2_PLACEMENT_3D('',#1193,#1194,#1195);
#1193 = CARTESIAN_POINT('',(48.6,10.,8.7E-16));
#1194 = DIRECTION('',(0.,1.,9.E-17));
#1195 = DIRECTION('',(0.,-9.E-17,1.));
#1196 = ORIENTED_EDGE('',*,*,#1197,.F.);
#1197 = EDGE_CURVE('',#1198,#1189,#1200,.T.);
#1198 = VERTEX_POINT('',#1199);
#1199 = CARTESIAN_POINT('',(48.6,5.5,5.75));
#1200 = LINE('',#1201,#1202);
#1201 = CARTESIAN_POINT('',(48.6,10.,5.75));
#1202 = VECTOR('',#1203,1.);
#1203 = DIRECTION('',(0.,1.,9.E-17));
#1204 = ORIENTED_EDGE('',*,*,#1205,.T.);
#1205 = EDGE_CURVE('',#1198,#1130,#1206,.T.);
#1206 = CIRCLE('',#1207,5.75);
#1207 = AXIS2_PLACEMENT_3D('',#1208,#1209,#1210);
#1208 = CARTESIAN_POINT('',(48.6,5.5,4.8E-16));
#1209 = DIRECTION('',(0.,1.,9.E-17));
#1210 = DIRECTION('',(0.,-9.E-17,1.));
#1211 = CYLINDRICAL_SURFACE('',#1212,5.75);
#1212 = AXIS2_PLACEMENT_3D('',#1213,#1214,#1215);
#1213 = CARTESIAN_POINT('',(48.6,10.,8.7E-16));
#1214 = DIRECTION('',(0.,1.,9.E-17));
#1215 = DIRECTION('',(0.,-9.E-17,1.));
#1216 = ADVANCED_FACE('',(#1217),#1304,.F.);
#1217 = FACE_BOUND('',#1218,.F.);
#1218 = EDGE_LOOP('',(#1219,#1229,#1238,#1247,#1256,#1265,#1273));
#1219 = ORIENTED_EDGE('',*,*,#1220,.T.);
#1220 = EDGE_CURVE('',#1221,#1223,#1225,.T.);
#1221 = VERTEX_POINT('',#1222);
#1222 = CARTESIAN_POINT('',(3.,1.130265455546,1.65));
#1223 = VERTEX_POINT('',#1224);
#1224 = CARTESIAN_POINT('',(3.,4.,1.65));
#1225 = LINE('',#1226,#1227);
#1226 = CARTESIAN_POINT('',(3.,10.,1.65));
#1227 = VECTOR('',#1228,1.);
#1228 = DIRECTION('',(0.,1.,9.E-17));
#1229 = ORIENTED_EDGE('',*,*,#1230,.F.);
#1230 = EDGE_CURVE('',#1231,#1223,#1233,.T.);
#1231 = VERTEX_POINT('',#1232);
#1232 = CARTESIAN_POINT('',(1.427581480648,4.,0.5));
#1233 = CIRCLE('',#1234,1.65);
#1234 = AXIS2_PLACEMENT_3D('',#1235,#1236,#1237);
#1235 = CARTESIAN_POINT('',(3.,4.,-5.2E-16));
#1236 = DIRECTION('',(0.,1.,9.E-17));
#1237 = DIRECTION('',(0.,-9.E-17,1.));
#1238 = ORIENTED_EDGE('',*,*,#1239,.T.);
#1239 = EDGE_CURVE('',#1231,#1240,#1242,.T.);
#1240 = VERTEX_POINT('',#1241);
#1241 = CARTESIAN_POINT('',(1.35,3.5,-0.));
#1242 = ( BOUNDED_CURVE() B_SPLINE_CURVE(3,(#1243,#1244,#1245,#1246),
.UNSPECIFIED.,.F.,.F.) B_SPLINE_CURVE_WITH_KNOTS((4,4),(1.262925458397,
1.570796326795),.PIECEWISE_BEZIER_KNOTS.) CURVE() 
GEOMETRIC_REPRESENTATION_ITEM() RATIONAL_B_SPLINE_CURVE((1.,
0.992116879107,0.992116879107,1.)) REPRESENTATION_ITEM('') );
#1243 = CARTESIAN_POINT('',(1.427581480648,4.,0.5));
#1244 = CARTESIAN_POINT('',(1.37606597478,3.837992129077,0.337992129077)
  );
#1245 = CARTESIAN_POINT('',(1.35,3.670001169366,0.170001169366));
#1246 = CARTESIAN_POINT('',(1.35,3.5,-3.6E-16));
#1247 = ORIENTED_EDGE('',*,*,#1248,.T.);
#1248 = EDGE_CURVE('',#1240,#1249,#1251,.T.);
#1249 = VERTEX_POINT('',#1250);
#1250 = CARTESIAN_POINT('',(1.427581480648,4.,-0.5));
#1251 = ( BOUNDED_CURVE() B_SPLINE_CURVE(3,(#1252,#1253,#1254,#1255),
.UNSPECIFIED.,.F.,.F.) B_SPLINE_CURVE_WITH_KNOTS((4,4),(4.712388980385,
5.020259848783),.PIECEWISE_BEZIER_KNOTS.) CURVE() 
GEOMETRIC_REPRESENTATION_ITEM() RATIONAL_B_SPLINE_CURVE((1.,
0.992116879107,0.992116879107,1.)) REPRESENTATION_ITEM('') );
#1252 = CARTESIAN_POINT('',(1.35,3.5,-3.6E-16));
#1253 = CARTESIAN_POINT('',(1.35,3.670001169366,-0.170001169366));
#1254 = CARTESIAN_POINT('',(1.37606597478,3.837992129077,-0.337992129077
    ));
#1255 = CARTESIAN_POINT('',(1.427581480648,4.,-0.5));
#1256 = ORIENTED_EDGE('',*,*,#1257,.F.);
#1257 = EDGE_CURVE('',#1258,#1249,#1260,.T.);
#1258 = VERTEX_POINT('',#1259);
#1259 = CARTESIAN_POINT('',(3.,4.,-1.65));
#1260 = CIRCLE('',#1261,1.65);
#1261 = AXIS2_PLACEMENT_3D('',#1262,#1263,#1264);
#1262 = CARTESIAN_POINT('',(3.,4.,-5.2E-16));
#1263 = DIRECTION('',(0.,1.,9.E-17));
#1264 = DIRECTION('',(0.,-9.E-17,1.));
#1265 = ORIENTED_EDGE('',*,*,#1266,.F.);
#1266 = EDGE_CURVE('',#1267,#1258,#1269,.T.);
#1267 = VERTEX_POINT('',#1268);
#1268 = CARTESIAN_POINT('',(3.,1.130265455546,-1.65));
#1269 = LINE('',#1270,#1271);
#1270 = CARTESIAN_POINT('',(3.,10.,-1.65));
#1271 = VECTOR('',#1272,1.);
#1272 = DIRECTION('',(0.,1.,9.E-17));
#1273 = ORIENTED_EDGE('',*,*,#1274,.T.);
#1274 = EDGE_CURVE('',#1267,#1221,#1275,.T.);
#1275 = B_SPLINE_CURVE_WITH_KNOTS('',3,(#1276,#1277,#1278,#1279,#1280,
    #1281,#1282,#1283,#1284,#1285,#1286,#1287,#1288,#1289,#1290,#1291,
    #1292,#1293,#1294,#1295,#1296,#1297,#1298,#1299,#1300,#1301,#1302,
    #1303),.UNSPECIFIED.,.F.,.F.,(4,2,2,2,2,2,2,2,2,2,2,2,2,4),(
    5.504950172953E-03,6.192694841085E-03,6.536567175152E-03,
    6.880439509218E-03,7.224311843284E-03,7.56818417735E-03,
    7.912056511417E-03,8.255928845483E-03,8.599801179549E-03,
    8.943673513616E-03,9.631418181748E-03,1.031916284988E-02,
    1.066303518395E-02,1.100690751801E-02),.UNSPECIFIED.);
#1276 = CARTESIAN_POINT('',(3.,1.130265455546,-1.65));
#1277 = CARTESIAN_POINT('',(2.766745890169,1.130265455546,-1.65));
#1278 = CARTESIAN_POINT('',(2.546373928277,1.206406762548,
    -1.600114593935));
#1279 = CARTESIAN_POINT('',(2.258013728414,1.349473524441,
    -1.477452944917));
#1280 = CARTESIAN_POINT('',(2.166859663338,1.402617971221,
    -1.427819442098));
#1281 = CARTESIAN_POINT('',(1.998225076937,1.508896069681,
    -1.315005012662));
#1282 = CARTESIAN_POINT('',(1.919914864501,1.562521360251,
    -1.251531238035));
#1283 = CARTESIAN_POINT('',(1.77392494417,1.666778072764,-1.108897784818
    ));
#1284 = CARTESIAN_POINT('',(1.705874456967,1.717784160068,
    -1.028964544245));
#1285 = CARTESIAN_POINT('',(1.585863126503,1.809918394966,
    -0.856589666911));
#1286 = CARTESIAN_POINT('',(1.533265441349,1.851514988865,
    -0.763754295812));
#1287 = CARTESIAN_POINT('',(1.444766888098,1.922380690916,
    -0.562032790462));
#1288 = CARTESIAN_POINT('',(1.410062000165,1.950697022716,
    -0.455410656436));
#1289 = CARTESIAN_POINT('',(1.36277940736,1.989423861342,-0.234116296639
    ));
#1290 = CARTESIAN_POINT('',(1.350229521096,1.999810645214,
    -0.117713628253));
#1291 = CARTESIAN_POINT('',(1.349776929428,2.000184033106,0.111188797521
    ));
#1292 = CARTESIAN_POINT('',(1.361703494461,1.990310697318,0.226783543809
    ));
#1293 = CARTESIAN_POINT('',(1.408340083608,1.952102077568,0.449516324905
    ));
#1294 = CARTESIAN_POINT('',(1.442439462742,1.924266263698,0.55563658469)
  );
#1295 = CARTESIAN_POINT('',(1.574539630003,1.818422550444,0.859924473106
    ));
#1296 = CARTESIAN_POINT('',(1.697973575292,1.721148244801,1.033976301824
    ));
#1297 = CARTESIAN_POINT('',(1.990022005316,1.512327352027,1.320728682821
    ));
#1298 = CARTESIAN_POINT('',(2.160115135515,1.398286661587,1.435483691867
    ));
#1299 = CARTESIAN_POINT('',(2.447892505222,1.255148372259,1.558382917646
    ));
#1300 = CARTESIAN_POINT('',(2.551486093365,1.211561229319,1.5917340695)
  );
#1301 = CARTESIAN_POINT('',(2.768376413912,1.149071526746,1.637416436591
    ));
#1302 = CARTESIAN_POINT('',(2.883436350691,1.130265455546,1.65));
#1303 = CARTESIAN_POINT('',(3.,1.130265455546,1.65));
#1304 = CYLINDRICAL_SURFACE('',#1305,1.65);
#1305 = AXIS2_PLACEMENT_3D('',#1306,#1307,#1308);
#1306 = CARTESIAN_POINT('',(3.,10.,0.));
#1307 = DIRECTION('',(0.,1.,9.E-17));
#1308 = DIRECTION('',(0.,-9.E-17,1.));
#1309 = ADVANCED_FACE('',(#1310),#1397,.F.);
#1310 = FACE_BOUND('',#1311,.F.);
#1311 = EDGE_LOOP('',(#1312,#1322,#1331,#1340,#1349,#1358,#1366));
#1312 = ORIENTED_EDGE('',*,*,#1313,.T.);
#1313 = EDGE_CURVE('',#1314,#1316,#1318,.T.);
#1314 = VERTEX_POINT('',#1315);
#1315 = CARTESIAN_POINT('',(256.7,1.130265455546,1.65));
#1316 = VERTEX_POINT('',#1317);
#1317 = CARTESIAN_POINT('',(256.7,4.,1.65));
#1318 = LINE('',#1319,#1320);
#1319 = CARTESIAN_POINT('',(256.7,10.,1.65));
#1320 = VECTOR('',#1321,1.);
#1321 = DIRECTION('',(0.,1.,9.E-17));
#1322 = ORIENTED_EDGE('',*,*,#1323,.F.);
#1323 = EDGE_CURVE('',#1324,#1316,#1326,.T.);
#1324 = VERTEX_POINT('',#1325);
#1325 = CARTESIAN_POINT('',(255.12758148064,4.,0.5));
#1326 = CIRCLE('',#1327,1.65);
#1327 = AXIS2_PLACEMENT_3D('',#1328,#1329,#1330);
#1328 = CARTESIAN_POINT('',(256.7,4.,-4.2E-16));
#1329 = DIRECTION('',(0.,1.,9.E-17));
#1330 = DIRECTION('',(0.,-9.E-17,1.));
#1331 = ORIENTED_EDGE('',*,*,#1332,.T.);
#1332 = EDGE_CURVE('',#1324,#1333,#1335,.T.);
#1333 = VERTEX_POINT('',#1334);
#1334 = CARTESIAN_POINT('',(255.05,3.5,-0.));
#1335 = ( BOUNDED_CURVE() B_SPLINE_CURVE(3,(#1336,#1337,#1338,#1339),
.UNSPECIFIED.,.F.,.F.) B_SPLINE_CURVE_WITH_KNOTS((4,4),(1.262925458397,
1.570796326795),.PIECEWISE_BEZIER_KNOTS.) CURVE() 
GEOMETRIC_REPRESENTATION_ITEM() RATIONAL_B_SPLINE_CURVE((1.,
0.992116879107,0.992116879107,1.)) REPRESENTATION_ITEM('') );
#1336 = CARTESIAN_POINT('',(255.12758148064,4.,0.5));
#1337 = CARTESIAN_POINT('',(255.07606597478,3.837992129077,
    0.337992129077));
#1338 = CARTESIAN_POINT('',(255.05,3.670001169366,0.170001169366));
#1339 = CARTESIAN_POINT('',(255.05,3.5,-3.1E-16));
#1340 = ORIENTED_EDGE('',*,*,#1341,.T.);
#1341 = EDGE_CURVE('',#1333,#1342,#1344,.T.);
#1342 = VERTEX_POINT('',#1343);
#1343 = CARTESIAN_POINT('',(255.12758148064,4.,-0.5));
#1344 = ( BOUNDED_CURVE() B_SPLINE_CURVE(3,(#1345,#1346,#1347,#1348),
.UNSPECIFIED.,.F.,.F.) B_SPLINE_CURVE_WITH_KNOTS((4,4),(4.712388980385,
5.020259848783),.PIECEWISE_BEZIER_KNOTS.) CURVE() 
GEOMETRIC_REPRESENTATION_ITEM() RATIONAL_B_SPLINE_CURVE((1.,
0.992116879107,0.992116879107,1.)) REPRESENTATION_ITEM('') );
#1345 = CARTESIAN_POINT('',(255.05,3.5,-3.1E-16));
#1346 = CARTESIAN_POINT('',(255.05,3.670001169366,-0.170001169366));
#1347 = CARTESIAN_POINT('',(255.07606597478,3.837992129077,
    -0.337992129077));
#1348 = CARTESIAN_POINT('',(255.12758148064,4.,-0.5));
#1349 = ORIENTED_EDGE('',*,*,#1350,.F.);
#1350 = EDGE_CURVE('',#1351,#1342,#1353,.T.);
#1351 = VERTEX_POINT('',#1352);
#1352 = CARTESIAN_POINT('',(256.7,4.,-1.65));
#1353 = CIRCLE('',#1354,1.65);
#1354 = AXIS2_PLACEMENT_3D('',#1355,#1356,#1357);
#1355 = CARTESIAN_POINT('',(256.7,4.,-4.2E-16));
#1356 = DIRECTION('',(0.,1.,9.E-17));
#1357 = DIRECTION('',(0.,-9.E-17,1.));
#1358 = ORIENTED_EDGE('',*,*,#1359,.F.);
#1359 = EDGE_CURVE('',#1360,#1351,#1362,.T.);
#1360 = VERTEX_POINT('',#1361);
#1361 = CARTESIAN_POINT('',(256.7,1.130265455546,-1.65));
#1362 = LINE('',#1363,#1364);
#1363 = CARTESIAN_POINT('',(256.7,10.,-1.65));
#1364 = VECTOR('',#1365,1.);
#1365 = DIRECTION('',(0.,1.,9.E-17));
#1366 = ORIENTED_EDGE('',*,*,#1367,.T.);
#1367 = EDGE_CURVE('',#1360,#1314,#1368,.T.);
#1368 = B_SPLINE_CURVE_WITH_KNOTS('',3,(#1369,#1370,#1371,#1372,#1373,
    #1374,#1375,#1376,#1377,#1378,#1379,#1380,#1381,#1382,#1383,#1384,
    #1385,#1386,#1387,#1388,#1389,#1390,#1391,#1392,#1393,#1394,#1395,
    #1396),.UNSPECIFIED.,.F.,.F.,(4,2,2,2,2,2,2,2,2,2,2,2,2,4),(
    5.504950172953E-03,6.192694841085E-03,6.536567175152E-03,
    6.880439509218E-03,7.224311843284E-03,7.56818417735E-03,
    7.912056511417E-03,8.255928845483E-03,8.599801179549E-03,
    8.943673513616E-03,9.631418181748E-03,1.031916284988E-02,
    1.066303518395E-02,1.100690751801E-02),.UNSPECIFIED.);
#1369 = CARTESIAN_POINT('',(256.7,1.130265455546,-1.65));
#1370 = CARTESIAN_POINT('',(256.46674589016,1.130265455546,-1.65));
#1371 = CARTESIAN_POINT('',(256.24637392827,1.206406762548,
    -1.600114593934));
#1372 = CARTESIAN_POINT('',(255.95801372841,1.349473524441,
    -1.477452944917));
#1373 = CARTESIAN_POINT('',(255.86685966333,1.402617971221,
    -1.427819442098));
#1374 = CARTESIAN_POINT('',(255.69822507693,1.508896069681,
    -1.315005012662));
#1375 = CARTESIAN_POINT('',(255.6199148645,1.562521360251,
    -1.251531238035));
#1376 = CARTESIAN_POINT('',(255.47392494417,1.666778072764,
    -1.108897784818));
#1377 = CARTESIAN_POINT('',(255.40587445696,1.717784160068,
    -1.028964544245));
#1378 = CARTESIAN_POINT('',(255.2858631265,1.809918394966,
    -0.856589666911));
#1379 = CARTESIAN_POINT('',(255.23326544134,1.851514988865,
    -0.763754295812));
#1380 = CARTESIAN_POINT('',(255.14476688809,1.922380690916,
    -0.562032790462));
#1381 = CARTESIAN_POINT('',(255.11006200016,1.950697022716,
    -0.455410656436));
#1382 = CARTESIAN_POINT('',(255.06277940736,1.989423861342,
    -0.234116296639));
#1383 = CARTESIAN_POINT('',(255.05022952109,1.999810645214,
    -0.117713628253));
#1384 = CARTESIAN_POINT('',(255.04977692942,2.000184033106,
    0.111188797521));
#1385 = CARTESIAN_POINT('',(255.06170349446,1.990310697318,
    0.226783543809));
#1386 = CARTESIAN_POINT('',(255.1083400836,1.952102077568,0.449516324905
    ));
#1387 = CARTESIAN_POINT('',(255.14243946274,1.924266263698,0.55563658469
    ));
#1388 = CARTESIAN_POINT('',(255.27453963,1.818422550444,0.859924473106)
  );
#1389 = CARTESIAN_POINT('',(255.39797357529,1.721148244801,
    1.033976301824));
#1390 = CARTESIAN_POINT('',(255.69002200531,1.512327352028,
    1.320728682821));
#1391 = CARTESIAN_POINT('',(255.86011513551,1.398286661587,
    1.435483691867));
#1392 = CARTESIAN_POINT('',(256.14789250522,1.255148372259,
    1.558382917646));
#1393 = CARTESIAN_POINT('',(256.25148609336,1.211561229319,1.5917340695)
  );
#1394 = CARTESIAN_POINT('',(256.46837641391,1.149071526746,
    1.637416436591));
#1395 = CARTESIAN_POINT('',(256.58343635069,1.130265455546,1.65));
#1396 = CARTESIAN_POINT('',(256.7,1.130265455546,1.65));
#1397 = CYLINDRICAL_SURFACE('',#1398,1.65);
#1398 = AXIS2_PLACEMENT_3D('',#1399,#1400,#1401);
#1399 = CARTESIAN_POINT('',(256.7,10.,1.E-16));
#1400 = DIRECTION('',(0.,1.,9.E-17));
#1401 = DIRECTION('',(0.,-9.E-17,1.));
#1402 = ADVANCED_FACE('',(#1403),#1490,.F.);
#1403 = FACE_BOUND('',#1404,.F.);
#1404 = EDGE_LOOP('',(#1405,#1415,#1424,#1433,#1442,#1451,#1459));
#1405 = ORIENTED_EDGE('',*,*,#1406,.T.);
#1406 = EDGE_CURVE('',#1407,#1409,#1411,.T.);
#1407 = VERTEX_POINT('',#1408);
#1408 = CARTESIAN_POINT('',(29.,1.130265455546,1.65));
#1409 = VERTEX_POINT('',#1410);
#1410 = CARTESIAN_POINT('',(29.,4.,1.65));
#1411 = LINE('',#1412,#1413);
#1412 = CARTESIAN_POINT('',(29.,10.,1.65));
#1413 = VECTOR('',#1414,1.);
#1414 = DIRECTION('',(0.,1.,9.E-17));
#1415 = ORIENTED_EDGE('',*,*,#1416,.F.);
#1416 = EDGE_CURVE('',#1417,#1409,#1419,.T.);
#1417 = VERTEX_POINT('',#1418);
#1418 = CARTESIAN_POINT('',(27.427581480648,4.,0.5));
#1419 = CIRCLE('',#1420,1.65);
#1420 = AXIS2_PLACEMENT_3D('',#1421,#1422,#1423);
#1421 = CARTESIAN_POINT('',(29.,4.,-4.2E-16));
#1422 = DIRECTION('',(0.,1.,9.E-17));
#1423 = DIRECTION('',(0.,-9.E-17,1.));
#1424 = ORIENTED_EDGE('',*,*,#1425,.F.);
#1425 = EDGE_CURVE('',#1426,#1417,#1428,.T.);
#1426 = VERTEX_POINT('',#1427);
#1427 = CARTESIAN_POINT('',(27.35,3.5,-0.));
#1428 = ( BOUNDED_CURVE() B_SPLINE_CURVE(3,(#1429,#1430,#1431,#1432),
.UNSPECIFIED.,.F.,.F.) B_SPLINE_CURVE_WITH_KNOTS((4,4),(4.712388980385,
5.020259848783),.PIECEWISE_BEZIER_KNOTS.) CURVE() 
GEOMETRIC_REPRESENTATION_ITEM() RATIONAL_B_SPLINE_CURVE((1.,
0.992116879107,0.992116879107,1.)) REPRESENTATION_ITEM('') );
#1429 = CARTESIAN_POINT('',(27.35,3.5,-3.1E-16));
#1430 = CARTESIAN_POINT('',(27.35,3.670001169366,0.170001169366));
#1431 = CARTESIAN_POINT('',(27.37606597478,3.837992129077,0.337992129077
    ));
#1432 = CARTESIAN_POINT('',(27.427581480648,4.,0.5));
#1433 = ORIENTED_EDGE('',*,*,#1434,.T.);
#1434 = EDGE_CURVE('',#1426,#1435,#1437,.T.);
#1435 = VERTEX_POINT('',#1436);
#1436 = CARTESIAN_POINT('',(27.427581480648,4.,-0.5));
#1437 = ( BOUNDED_CURVE() B_SPLINE_CURVE(3,(#1438,#1439,#1440,#1441),
.UNSPECIFIED.,.F.,.F.) B_SPLINE_CURVE_WITH_KNOTS((4,4),(4.712388980385,
5.020259848783),.PIECEWISE_BEZIER_KNOTS.) CURVE() 
GEOMETRIC_REPRESENTATION_ITEM() RATIONAL_B_SPLINE_CURVE((1.,
0.992116879107,0.992116879107,1.)) REPRESENTATION_ITEM('') );
#1438 = CARTESIAN_POINT('',(27.35,3.5,-3.1E-16));
#1439 = CARTESIAN_POINT('',(27.35,3.670001169366,-0.170001169366));
#1440 = CARTESIAN_POINT('',(27.37606597478,3.837992129077,
    -0.337992129077));
#1441 = CARTESIAN_POINT('',(27.427581480648,4.,-0.5));
#1442 = ORIENTED_EDGE('',*,*,#1443,.F.);
#1443 = EDGE_CURVE('',#1444,#1435,#1446,.T.);
#1444 = VERTEX_POINT('',#1445);
#1445 = CARTESIAN_POINT('',(29.,4.,-1.65));
#1446 = CIRCLE('',#1447,1.65);
#1447 = AXIS2_PLACEMENT_3D('',#1448,#1449,#1450);
#1448 = CARTESIAN_POINT('',(29.,4.,-4.2E-16));
#1449 = DIRECTION('',(0.,1.,9.E-17));
#1450 = DIRECTION('',(0.,-9.E-17,1.));
#1451 = ORIENTED_EDGE('',*,*,#1452,.F.);
#1452 = EDGE_CURVE('',#1453,#1444,#1455,.T.);
#1453 = VERTEX_POINT('',#1454);
#1454 = CARTESIAN_POINT('',(29.,1.130265455546,-1.65));
#1455 = LINE('',#1456,#1457);
#1456 = CARTESIAN_POINT('',(29.,10.,-1.65));
#1457 = VECTOR('',#1458,1.);
#1458 = DIRECTION('',(0.,1.,9.E-17));
#1459 = ORIENTED_EDGE('',*,*,#1460,.T.);
#1460 = EDGE_CURVE('',#1453,#1407,#1461,.T.);
#1461 = B_SPLINE_CURVE_WITH_KNOTS('',3,(#1462,#1463,#1464,#1465,#1466,
    #1467,#1468,#1469,#1470,#1471,#1472,#1473,#1474,#1475,#1476,#1477,
    #1478,#1479,#1480,#1481,#1482,#1483,#1484,#1485,#1486,#1487,#1488,
    #1489),.UNSPECIFIED.,.F.,.F.,(4,2,2,2,2,2,2,2,2,2,2,2,2,4),(
    5.504950172953E-03,6.192694841085E-03,6.536567175152E-03,
    6.880439509218E-03,7.224311843284E-03,7.56818417735E-03,
    7.912056511417E-03,8.255928845483E-03,8.599801179549E-03,
    8.943673513616E-03,9.631418181748E-03,1.031916284988E-02,
    1.066303518395E-02,1.100690751801E-02),.UNSPECIFIED.);
#1462 = CARTESIAN_POINT('',(29.,1.130265455546,-1.65));
#1463 = CARTESIAN_POINT('',(28.766745890169,1.130265455546,-1.65));
#1464 = CARTESIAN_POINT('',(28.546373928277,1.206406762548,
    -1.600114593935));
#1465 = CARTESIAN_POINT('',(28.258013728414,1.349473524441,
    -1.477452944917));
#1466 = CARTESIAN_POINT('',(28.166859663338,1.402617971221,
    -1.427819442098));
#1467 = CARTESIAN_POINT('',(27.998225076937,1.508896069681,
    -1.315005012662));
#1468 = CARTESIAN_POINT('',(27.919914864501,1.562521360251,
    -1.251531238035));
#1469 = CARTESIAN_POINT('',(27.77392494417,1.666778072764,
    -1.108897784818));
#1470 = CARTESIAN_POINT('',(27.705874456967,1.717784160068,
    -1.028964544245));
#1471 = CARTESIAN_POINT('',(27.585863126503,1.809918394966,
    -0.856589666911));
#1472 = CARTESIAN_POINT('',(27.533265441349,1.851514988865,
    -0.763754295812));
#1473 = CARTESIAN_POINT('',(27.444766888098,1.922380690916,
    -0.562032790462));
#1474 = CARTESIAN_POINT('',(27.410062000165,1.950697022716,
    -0.455410656436));
#1475 = CARTESIAN_POINT('',(27.36277940736,1.989423861342,
    -0.234116296639));
#1476 = CARTESIAN_POINT('',(27.350229521096,1.999810645214,
    -0.117713628253));
#1477 = CARTESIAN_POINT('',(27.349776929428,2.000184033106,
    0.111188797521));
#1478 = CARTESIAN_POINT('',(27.361703494461,1.990310697318,
    0.226783543809));
#1479 = CARTESIAN_POINT('',(27.408340083608,1.952102077568,
    0.449516324905));
#1480 = CARTESIAN_POINT('',(27.442439462742,1.924266263698,0.55563658469
    ));
#1481 = CARTESIAN_POINT('',(27.574539630003,1.818422550444,
    0.859924473106));
#1482 = CARTESIAN_POINT('',(27.697973575292,1.721148244801,
    1.033976301824));
#1483 = CARTESIAN_POINT('',(27.990022005316,1.512327352027,
    1.320728682821));
#1484 = CARTESIAN_POINT('',(28.160115135515,1.398286661587,
    1.435483691867));
#1485 = CARTESIAN_POINT('',(28.447892505222,1.255148372259,
    1.558382917646));
#1486 = CARTESIAN_POINT('',(28.551486093365,1.211561229319,1.5917340695)
  );
#1487 = CARTESIAN_POINT('',(28.768376413912,1.149071526746,
    1.637416436591));
#1488 = CARTESIAN_POINT('',(28.883436350691,1.130265455546,1.65));
#1489 = CARTESIAN_POINT('',(29.,1.130265455546,1.65));
#1490 = CYLINDRICAL_SURFACE('',#1491,1.65);
#1491 = AXIS2_PLACEMENT_3D('',#1492,#1493,#1494);
#1492 = CARTESIAN_POINT('',(29.,10.,1.E-16));
#1493 = DIRECTION('',(0.,1.,9.E-17));
#1494 = DIRECTION('',(0.,-9.E-17,1.));
#1495 = ADVANCED_FACE('',(#1496),#1534,.T.);
#1496 = FACE_BOUND('',#1497,.T.);
#1497 = EDGE_LOOP('',(#1498,#1509,#1517,#1528));
#1498 = ORIENTED_EDGE('',*,*,#1499,.T.);
#1499 = EDGE_CURVE('',#1500,#1502,#1504,.T.);
#1500 = VERTEX_POINT('',#1501);
#1501 = CARTESIAN_POINT('',(345.,8.2,-3.482842712475));
#1502 = VERTEX_POINT('',#1503);
#1503 = CARTESIAN_POINT('',(345.,8.4,-3.282842712475));
#1504 = CIRCLE('',#1505,0.2);
#1505 = AXIS2_PLACEMENT_3D('',#1506,#1507,#1508);
#1506 = CARTESIAN_POINT('',(345.,8.4,-3.482842712475));
#1507 = DIRECTION('',(-1.,0.,0.));
#1508 = DIRECTION('',(0.,0.,1.));
#1509 = ORIENTED_EDGE('',*,*,#1510,.T.);
#1510 = EDGE_CURVE('',#1502,#1511,#1513,.T.);
#1511 = VERTEX_POINT('',#1512);
#1512 = CARTESIAN_POINT('',(283.52074609835,8.4,-3.282842712475));
#1513 = LINE('',#1514,#1515);
#1514 = CARTESIAN_POINT('',(345.,8.4,-3.282842712475));
#1515 = VECTOR('',#1516,1.);
#1516 = DIRECTION('',(-1.,0.,0.));
#1517 = ORIENTED_EDGE('',*,*,#1518,.T.);
#1518 = EDGE_CURVE('',#1511,#1519,#1521,.T.);
#1519 = VERTEX_POINT('',#1520);
#1520 = CARTESIAN_POINT('',(283.37518378211,8.2,-3.482842712475));
#1521 = B_SPLINE_CURVE_WITH_KNOTS('',3,(#1522,#1523,#1524,#1525,#1526,
    #1527),.UNSPECIFIED.,.F.,.F.,(4,2,4),(-0.,1.753868570309E-04,
    3.507737140618E-04),.UNSPECIFIED.);
#1522 = CARTESIAN_POINT('',(283.52074609835,8.4,-3.282842712475));
#1523 = CARTESIAN_POINT('',(283.52074609835,8.340612410691,
    -3.282842712475));
#1524 = CARTESIAN_POINT('',(283.50156765458,8.285756994771,
    -3.310596275544));
#1525 = CARTESIAN_POINT('',(283.44586376531,8.216189191305,
    -3.388323476941));
#1526 = CARTESIAN_POINT('',(283.41098133998,8.2,-3.435817790676));
#1527 = CARTESIAN_POINT('',(283.37518378211,8.2,-3.482842712475));
#1528 = ORIENTED_EDGE('',*,*,#1529,.T.);
#1529 = EDGE_CURVE('',#1519,#1500,#1530,.T.);
#1530 = LINE('',#1531,#1532);
#1531 = CARTESIAN_POINT('',(345.,8.2,-3.482842712475));
#1532 = VECTOR('',#1533,1.);
#1533 = DIRECTION('',(1.,0.,-0.));
#1534 = CYLINDRICAL_SURFACE('',#1535,0.2);
#1535 = AXIS2_PLACEMENT_3D('',#1536,#1537,#1538);
#1536 = CARTESIAN_POINT('',(345.,8.4,-3.482842712475));
#1537 = DIRECTION('',(-1.,0.,0.));
#1538 = DIRECTION('',(0.,0.,1.));
#1539 = ADVANCED_FACE('',(#1540),#1578,.T.);
#1540 = FACE_BOUND('',#1541,.T.);
#1541 = EDGE_LOOP('',(#1542,#1555,#1563,#1572));
#1542 = ORIENTED_EDGE('',*,*,#1543,.T.);
#1543 = EDGE_CURVE('',#1544,#1546,#1548,.T.);
#1544 = VERTEX_POINT('',#1545);
#1545 = CARTESIAN_POINT('',(44.024816217881,8.2,-3.482842712475));
#1546 = VERTEX_POINT('',#1547);
#1547 = CARTESIAN_POINT('',(43.879253901643,8.4,-3.282842712475));
#1548 = B_SPLINE_CURVE_WITH_KNOTS('',3,(#1549,#1550,#1551,#1552,#1553,
    #1554),.UNSPECIFIED.,.F.,.F.,(4,2,4),(-3.517762879513E-04,
    -1.758881439757E-04,-0.),.UNSPECIFIED.);
#1549 = CARTESIAN_POINT('',(44.024816217881,8.2,-3.482842712475));
#1550 = CARTESIAN_POINT('',(43.988975214603,8.2,-3.435760719267));
#1551 = CARTESIAN_POINT('',(43.95426352923,8.216138107042,
    -3.388497187837));
#1552 = CARTESIAN_POINT('',(43.898623756066,8.285410669266,
    -3.310867252065));
#1553 = CARTESIAN_POINT('',(43.879253901643,8.34044267036,
    -3.282842712475));
#1554 = CARTESIAN_POINT('',(43.879253901643,8.4,-3.282842712475));
#1555 = ORIENTED_EDGE('',*,*,#1556,.T.);
#1556 = EDGE_CURVE('',#1546,#1557,#1559,.T.);
#1557 = VERTEX_POINT('',#1558);
#1558 = CARTESIAN_POINT('',(0.,8.4,-3.282842712475));
#1559 = LINE('',#1560,#1561);
#1560 = CARTESIAN_POINT('',(345.,8.4,-3.282842712475));
#1561 = VECTOR('',#1562,1.);
#1562 = DIRECTION('',(-1.,0.,0.));
#1563 = ORIENTED_EDGE('',*,*,#1564,.T.);
#1564 = EDGE_CURVE('',#1557,#1565,#1567,.T.);
#1565 = VERTEX_POINT('',#1566);
#1566 = CARTESIAN_POINT('',(0.,8.2,-3.482842712475));
#1567 = CIRCLE('',#1568,0.2);
#1568 = AXIS2_PLACEMENT_3D('',#1569,#1570,#1571);
#1569 = CARTESIAN_POINT('',(0.,8.4,-3.482842712475));
#1570 = DIRECTION('',(1.,0.,-0.));
#1571 = DIRECTION('',(0.,0.,1.));
#1572 = ORIENTED_EDGE('',*,*,#1573,.T.);
#1573 = EDGE_CURVE('',#1565,#1544,#1574,.T.);
#1574 = LINE('',#1575,#1576);
#1575 = CARTESIAN_POINT('',(345.,8.2,-3.482842712475));
#1576 = VECTOR('',#1577,1.);
#1577 = DIRECTION('',(1.,0.,-0.));
#1578 = CYLINDRICAL_SURFACE('',#1579,0.2);
#1579 = AXIS2_PLACEMENT_3D('',#1580,#1581,#1582);
#1580 = CARTESIAN_POINT('',(345.,8.4,-3.482842712475));
#1581 = DIRECTION('',(-1.,0.,0.));
#1582 = DIRECTION('',(0.,0.,1.));
#1583 = ADVANCED_FACE('',(#1584,#1616,#1648),#1664,.F.);
#1584 = FACE_BOUND('',#1585,.F.);
#1585 = EDGE_LOOP('',(#1586,#1615));
#1586 = ORIENTED_EDGE('',*,*,#1587,.F.);
#1587 = EDGE_CURVE('',#979,#971,#1588,.T.);
#1588 = B_SPLINE_CURVE_WITH_KNOTS('',3,(#1589,#1590,#1591,#1592,#1593,
    #1594,#1595,#1596,#1597,#1598,#1599,#1600,#1601,#1602,#1603,#1604,
    #1605,#1606,#1607,#1608,#1609,#1610,#1611,#1612,#1613,#1614),
  .UNSPECIFIED.,.F.,.F.,(4,2,2,2,2,2,2,2,2,2,2,2,4),(1.E-17,
    6.881187716191E-04,1.032178157429E-03,1.376237543238E-03,
    1.720296929048E-03,2.064356314857E-03,2.408415700667E-03,
    2.752475086476E-03,3.096534472286E-03,3.440593858095E-03,
    4.128712629715E-03,4.816831401334E-03,5.504950172953E-03),
  .UNSPECIFIED.);
#1589 = CARTESIAN_POINT('',(29.,-1.130265455546,-1.65));
#1590 = CARTESIAN_POINT('',(29.233254109831,-1.130265455546,-1.65));
#1591 = CARTESIAN_POINT('',(29.453626071723,-1.206406762548,
    -1.600114593935));
#1592 = CARTESIAN_POINT('',(29.741986271586,-1.349473524441,
    -1.477452944917));
#1593 = CARTESIAN_POINT('',(29.833140336662,-1.402617971221,
    -1.427819442098));
#1594 = CARTESIAN_POINT('',(30.001774923063,-1.508896069681,
    -1.315005012662));
#1595 = CARTESIAN_POINT('',(30.080085135499,-1.562521360251,
    -1.251531238035));
#1596 = CARTESIAN_POINT('',(30.22607505583,-1.666778072764,
    -1.108897784818));
#1597 = CARTESIAN_POINT('',(30.294125543033,-1.717784160068,
    -1.028964544245));
#1598 = CARTESIAN_POINT('',(30.414136873497,-1.809918394966,
    -0.856589666911));
#1599 = CARTESIAN_POINT('',(30.466734558651,-1.851514988865,
    -0.763754295812));
#1600 = CARTESIAN_POINT('',(30.555233111902,-1.922380690916,
    -0.562032790462));
#1601 = CARTESIAN_POINT('',(30.589937999835,-1.950697022716,
    -0.455410656436));
#1602 = CARTESIAN_POINT('',(30.63722059264,-1.989423861342,
    -0.234116296639));
#1603 = CARTESIAN_POINT('',(30.649770478904,-1.999810645214,
    -0.117713628253));
#1604 = CARTESIAN_POINT('',(30.650223070572,-2.000184033106,
    0.111188797521));
#1605 = CARTESIAN_POINT('',(30.638296505539,-1.990310697318,
    0.226783543809));
#1606 = CARTESIAN_POINT('',(30.591659916392,-1.952102077568,
    0.449516324905));
#1607 = CARTESIAN_POINT('',(30.557560537258,-1.924266263698,
    0.55563658469));
#1608 = CARTESIAN_POINT('',(30.425460369997,-1.818422550444,
    0.859924473106));
#1609 = CARTESIAN_POINT('',(30.302026424708,-1.721148244801,
    1.033976301824));
#1610 = CARTESIAN_POINT('',(30.009977994684,-1.512327352027,
    1.320728682821));
#1611 = CARTESIAN_POINT('',(29.839884864485,-1.398286661587,
    1.435483691867));
#1612 = CARTESIAN_POINT('',(29.456181704876,-1.20743560915,
    1.599349326239));
#1613 = CARTESIAN_POINT('',(29.233380990023,-1.130265455546,1.65));
#1614 = CARTESIAN_POINT('',(29.,-1.130265455546,1.65));
#1615 = ORIENTED_EDGE('',*,*,#978,.F.);
#1616 = FACE_BOUND('',#1617,.F.);
#1617 = EDGE_LOOP('',(#1618,#1647));
#1618 = ORIENTED_EDGE('',*,*,#1619,.F.);
#1619 = EDGE_CURVE('',#627,#619,#1620,.T.);
#1620 = B_SPLINE_CURVE_WITH_KNOTS('',3,(#1621,#1622,#1623,#1624,#1625,
    #1626,#1627,#1628,#1629,#1630,#1631,#1632,#1633,#1634,#1635,#1636,
    #1637,#1638,#1639,#1640,#1641,#1642,#1643,#1644,#1645,#1646),
  .UNSPECIFIED.,.F.,.F.,(4,2,2,2,2,2,2,2,2,2,2,2,4),(0.,
    6.881187716191E-04,1.032178157429E-03,1.376237543238E-03,
    1.720296929048E-03,2.064356314857E-03,2.408415700667E-03,
    2.752475086476E-03,3.096534472286E-03,3.440593858095E-03,
    4.128712629715E-03,4.816831401334E-03,5.504950172953E-03),
  .UNSPECIFIED.);
#1621 = CARTESIAN_POINT('',(3.,-1.130265455546,-1.65));
#1622 = CARTESIAN_POINT('',(3.233254109831,-1.130265455546,-1.65));
#1623 = CARTESIAN_POINT('',(3.453626071723,-1.206406762548,
    -1.600114593935));
#1624 = CARTESIAN_POINT('',(3.741986271586,-1.349473524441,
    -1.477452944917));
#1625 = CARTESIAN_POINT('',(3.833140336662,-1.402617971221,
    -1.427819442098));
#1626 = CARTESIAN_POINT('',(4.001774923063,-1.508896069681,
    -1.315005012662));
#1627 = CARTESIAN_POINT('',(4.080085135499,-1.562521360251,
    -1.251531238035));
#1628 = CARTESIAN_POINT('',(4.22607505583,-1.666778072764,
    -1.108897784818));
#1629 = CARTESIAN_POINT('',(4.294125543033,-1.717784160068,
    -1.028964544245));
#1630 = CARTESIAN_POINT('',(4.414136873497,-1.809918394966,
    -0.856589666911));
#1631 = CARTESIAN_POINT('',(4.466734558651,-1.851514988865,
    -0.763754295812));
#1632 = CARTESIAN_POINT('',(4.555233111902,-1.922380690916,
    -0.562032790462));
#1633 = CARTESIAN_POINT('',(4.589937999835,-1.950697022716,
    -0.455410656436));
#1634 = CARTESIAN_POINT('',(4.63722059264,-1.989423861342,
    -0.234116296639));
#1635 = CARTESIAN_POINT('',(4.649770478904,-1.999810645214,
    -0.117713628253));
#1636 = CARTESIAN_POINT('',(4.650223070572,-2.000184033106,
    0.111188797521));
#1637 = CARTESIAN_POINT('',(4.638296505539,-1.990310697318,
    0.226783543809));
#1638 = CARTESIAN_POINT('',(4.591659916392,-1.952102077568,
    0.449516324905));
#1639 = CARTESIAN_POINT('',(4.557560537258,-1.924266263698,0.55563658469
    ));
#1640 = CARTESIAN_POINT('',(4.425460369997,-1.818422550444,
    0.859924473106));
#1641 = CARTESIAN_POINT('',(4.302026424708,-1.721148244801,
    1.033976301824));
#1642 = CARTESIAN_POINT('',(4.009977994684,-1.512327352027,
    1.320728682821));
#1643 = CARTESIAN_POINT('',(3.839884864485,-1.398286661587,
    1.435483691867));
#1644 = CARTESIAN_POINT('',(3.456181704876,-1.20743560915,1.599349326239
    ));
#1645 = CARTESIAN_POINT('',(3.233380990023,-1.130265455546,1.65));
#1646 = CARTESIAN_POINT('',(3.,-1.130265455546,1.65));
#1647 = ORIENTED_EDGE('',*,*,#626,.F.);
#1648 = FACE_BOUND('',#1649,.F.);
#1649 = EDGE_LOOP('',(#1650,#1656,#1657,#1663));
#1650 = ORIENTED_EDGE('',*,*,#1651,.T.);
#1651 = EDGE_CURVE('',#778,#188,#1652,.T.);
#1652 = LINE('',#1653,#1654);
#1653 = CARTESIAN_POINT('',(345.,0.,2.));
#1654 = VECTOR('',#1655,1.);
#1655 = DIRECTION('',(-1.,-0.,-0.));
#1656 = ORIENTED_EDGE('',*,*,#214,.F.);
#1657 = ORIENTED_EDGE('',*,*,#1658,.F.);
#1658 = EDGE_CURVE('',#776,#207,#1659,.T.);
#1659 = LINE('',#1660,#1661);
#1660 = CARTESIAN_POINT('',(345.,2.4E-16,-2.));
#1661 = VECTOR('',#1662,1.);
#1662 = DIRECTION('',(-1.,-0.,-0.));
#1663 = ORIENTED_EDGE('',*,*,#810,.F.);
#1664 = CYLINDRICAL_SURFACE('',#1665,2.);
#1665 = AXIS2_PLACEMENT_3D('',#1666,#1667,#1668);
#1666 = CARTESIAN_POINT('',(345.,0.,0.));
#1667 = DIRECTION('',(-1.,-0.,-0.));
#1668 = DIRECTION('',(-0.,0.,1.));
#1669 = ADVANCED_FACE('',(#1670,#1702),#1752,.F.);
#1670 = FACE_BOUND('',#1671,.F.);
#1671 = EDGE_LOOP('',(#1672,#1701));
#1672 = ORIENTED_EDGE('',*,*,#1673,.F.);
#1673 = EDGE_CURVE('',#720,#712,#1674,.T.);
#1674 = B_SPLINE_CURVE_WITH_KNOTS('',3,(#1675,#1676,#1677,#1678,#1679,
    #1680,#1681,#1682,#1683,#1684,#1685,#1686,#1687,#1688,#1689,#1690,
    #1691,#1692,#1693,#1694,#1695,#1696,#1697,#1698,#1699,#1700),
  .UNSPECIFIED.,.F.,.F.,(4,2,2,2,2,2,2,2,2,2,2,2,4),(0.,
    6.881187716191E-04,1.032178157429E-03,1.376237543238E-03,
    1.720296929048E-03,2.064356314857E-03,2.408415700667E-03,
    2.752475086476E-03,3.096534472286E-03,3.440593858095E-03,
    4.128712629715E-03,4.816831401334E-03,5.504950172953E-03),
  .UNSPECIFIED.);
#1675 = CARTESIAN_POINT('',(256.7,-1.130265455546,-1.65));
#1676 = CARTESIAN_POINT('',(256.93325410983,-1.130265455546,-1.65));
#1677 = CARTESIAN_POINT('',(257.15362607172,-1.206406762548,
    -1.600114593934));
#1678 = CARTESIAN_POINT('',(257.44198627158,-1.349473524441,
    -1.477452944917));
#1679 = CARTESIAN_POINT('',(257.53314033666,-1.402617971221,
    -1.427819442098));
#1680 = CARTESIAN_POINT('',(257.70177492306,-1.508896069681,
    -1.315005012662));
#1681 = CARTESIAN_POINT('',(257.78008513549,-1.562521360251,
    -1.251531238035));
#1682 = CARTESIAN_POINT('',(257.92607505583,-1.666778072764,
    -1.108897784818));
#1683 = CARTESIAN_POINT('',(257.99412554303,-1.717784160068,
    -1.028964544245));
#1684 = CARTESIAN_POINT('',(258.11413687349,-1.809918394966,
    -0.856589666911));
#1685 = CARTESIAN_POINT('',(258.16673455865,-1.851514988865,
    -0.763754295812));
#1686 = CARTESIAN_POINT('',(258.2552331119,-1.922380690916,
    -0.562032790462));
#1687 = CARTESIAN_POINT('',(258.28993799983,-1.950697022716,
    -0.455410656436));
#1688 = CARTESIAN_POINT('',(258.33722059264,-1.989423861342,
    -0.234116296639));
#1689 = CARTESIAN_POINT('',(258.3497704789,-1.999810645214,
    -0.117713628253));
#1690 = CARTESIAN_POINT('',(258.35022307057,-2.000184033106,
    0.111188797521));
#1691 = CARTESIAN_POINT('',(258.33829650553,-1.990310697318,
    0.226783543809));
#1692 = CARTESIAN_POINT('',(258.29165991639,-1.952102077568,
    0.449516324905));
#1693 = CARTESIAN_POINT('',(258.25756053725,-1.924266263698,
    0.55563658469));
#1694 = CARTESIAN_POINT('',(258.12546036999,-1.818422550444,
    0.859924473106));
#1695 = CARTESIAN_POINT('',(258.0020264247,-1.721148244801,
    1.033976301824));
#1696 = CARTESIAN_POINT('',(257.70997799468,-1.512327352028,
    1.320728682821));
#1697 = CARTESIAN_POINT('',(257.53988486448,-1.398286661587,
    1.435483691867));
#1698 = CARTESIAN_POINT('',(257.15618170487,-1.20743560915,
    1.599349326239));
#1699 = CARTESIAN_POINT('',(256.93338099002,-1.130265455546,1.65));
#1700 = CARTESIAN_POINT('',(256.7,-1.130265455546,1.65));
#1701 = ORIENTED_EDGE('',*,*,#719,.F.);
#1702 = FACE_BOUND('',#1703,.F.);
#1703 = EDGE_LOOP('',(#1704,#1712,#1745,#1751));
#1704 = ORIENTED_EDGE('',*,*,#1705,.T.);
#1705 = EDGE_CURVE('',#232,#1706,#1708,.T.);
#1706 = VERTEX_POINT('',#1707);
#1707 = CARTESIAN_POINT('',(50.8360679775,3.E-15,2.));
#1708 = LINE('',#1709,#1710);
#1709 = CARTESIAN_POINT('',(345.,0.,2.));
#1710 = VECTOR('',#1711,1.);
#1711 = DIRECTION('',(-1.,-0.,-0.));
#1712 = ORIENTED_EDGE('',*,*,#1713,.F.);
#1713 = EDGE_CURVE('',#1714,#1706,#1716,.T.);
#1714 = VERTEX_POINT('',#1715);
#1715 = CARTESIAN_POINT('',(50.8360679775,0.,-2.));
#1716 = B_SPLINE_CURVE_WITH_KNOTS('',3,(#1717,#1718,#1719,#1720,#1721,
    #1722,#1723,#1724,#1725,#1726,#1727,#1728,#1729,#1730,#1731,#1732,
    #1733,#1734,#1735,#1736,#1737,#1738,#1739,#1740,#1741,#1742,#1743,
    #1744),.UNSPECIFIED.,.F.,.F.,(4,2,2,2,2,2,2,2,2,2,2,2,2,4),(
    6.459115400501E-03,6.862035041063E-03,7.264954681625E-03,
    8.070793962748E-03,8.47371360331E-03,8.876633243872E-03,
    9.279552884434E-03,9.682472524995E-03,1.008539216556E-02,
    1.048831180612E-02,1.129415108724E-02,1.16970707278E-02,
    1.209999036837E-02,1.290582964949E-02),.UNSPECIFIED.);
#1717 = CARTESIAN_POINT('',(50.8360679775,2.4E-16,-2.));
#1718 = CARTESIAN_POINT('',(50.836067977502,-0.137047194602,-2.));
#1719 = CARTESIAN_POINT('',(50.848713648301,-0.270467135638,
    -1.986082714779));
#1720 = CARTESIAN_POINT('',(50.8946689358,-0.530984862621,
    -1.932804205571));
#1721 = CARTESIAN_POINT('',(50.92835940021,-0.658747131698,
    -1.892832703505));
#1722 = CARTESIAN_POINT('',(51.045947710486,-1.01657333741,
    -1.741732573494));
#1723 = CARTESIAN_POINT('',(51.14739973478,-1.229760269181,
    -1.597403163663));
#1724 = CARTESIAN_POINT('',(51.290974725794,-1.499036758251,
    -1.32999646396));
#1725 = CARTESIAN_POINT('',(51.338319375719,-1.581688130011,
    -1.230696433981));
#1726 = CARTESIAN_POINT('',(51.423852459912,-1.725539640961,
    -1.01924678106));
#1727 = CARTESIAN_POINT('',(51.462446947813,-1.787507520184,
    -0.906621719533));
#1728 = CARTESIAN_POINT('',(51.527840416993,-1.890457646458,
    -0.665819768399));
#1729 = CARTESIAN_POINT('',(51.554588220591,-1.931322342795,
    -0.536448013766));
#1730 = CARTESIAN_POINT('',(51.590247528712,-1.985445723633,
    -0.27529573509));
#1731 = CARTESIAN_POINT('',(51.599742185248,-1.999613277051,
    -0.141933186246));
#1732 = CARTESIAN_POINT('',(51.60024751697,-2.00037127626,0.130816834654
    ));
#1733 = CARTESIAN_POINT('',(51.591090128595,-1.986711358148,
    0.266359213866));
#1734 = CARTESIAN_POINT('',(51.555946058644,-1.933395708288,
    0.52910328536));
#1735 = CARTESIAN_POINT('',(51.529512773535,-1.893043027256,
    0.658552691627));
#1736 = CARTESIAN_POINT('',(51.431703899902,-1.739199306485,
    1.021958891097));
#1737 = CARTESIAN_POINT('',(51.340173142307,-1.591096883754,
    1.23798937829));
#1738 = CARTESIAN_POINT('',(51.196438826393,-1.321837618666,
    1.506252654252));
#1739 = CARTESIAN_POINT('',(51.146779795119,-1.22267564953,
    1.587810614174));
#1740 = CARTESIAN_POINT('',(51.05275730989,-1.012357071565,
    1.729511910941));
#1741 = CARTESIAN_POINT('',(51.008061033188,-0.900794597328,
    1.790350014774));
#1742 = CARTESIAN_POINT('',(50.890021393166,-0.543037613088,
    1.942227195431));
#1743 = CARTESIAN_POINT('',(50.8360679775,-0.273568142831,2.));
#1744 = CARTESIAN_POINT('',(50.8360679775,2.51E-15,2.));
#1745 = ORIENTED_EDGE('',*,*,#1746,.F.);
#1746 = EDGE_CURVE('',#230,#1714,#1747,.T.);
#1747 = LINE('',#1748,#1749);
#1748 = CARTESIAN_POINT('',(345.,2.4E-16,-2.));
#1749 = VECTOR('',#1750,1.);
#1750 = DIRECTION('',(-1.,-0.,-0.));
#1751 = ORIENTED_EDGE('',*,*,#264,.F.);
#1752 = CYLINDRICAL_SURFACE('',#1753,2.);
#1753 = AXIS2_PLACEMENT_3D('',#1754,#1755,#1756);
#1754 = CARTESIAN_POINT('',(345.,0.,0.));
#1755 = DIRECTION('',(-1.,-0.,-0.));
#1756 = DIRECTION('',(-0.,0.,1.));
#1757 = ADVANCED_FACE('',(#1758),#1798,.T.);
#1758 = FACE_BOUND('',#1759,.T.);
#1759 = EDGE_LOOP('',(#1760,#1773,#1781,#1792));
#1760 = ORIENTED_EDGE('',*,*,#1761,.T.);
#1761 = EDGE_CURVE('',#1762,#1764,#1766,.T.);
#1762 = VERTEX_POINT('',#1763);
#1763 = CARTESIAN_POINT('',(274.22481621788,8.2,-3.482842712475));
#1764 = VERTEX_POINT('',#1765);
#1765 = CARTESIAN_POINT('',(274.07925390164,8.4,-3.282842712475));
#1766 = B_SPLINE_CURVE_WITH_KNOTS('',3,(#1767,#1768,#1769,#1770,#1771,
    #1772),.UNSPECIFIED.,.F.,.F.,(4,2,4),(1.E-17,1.750729681259E-04,
    3.501459362518E-04),.UNSPECIFIED.);
#1767 = CARTESIAN_POINT('',(274.22481621788,8.2,-3.482842712475));
#1768 = CARTESIAN_POINT('',(274.1889752146,8.2,-3.435760719267));
#1769 = CARTESIAN_POINT('',(274.15426352923,8.216138107042,
    -3.388497187837));
#1770 = CARTESIAN_POINT('',(274.09862375606,8.285410669266,
    -3.310867252065));
#1771 = CARTESIAN_POINT('',(274.07925390164,8.34044267036,
    -3.282842712475));
#1772 = CARTESIAN_POINT('',(274.07925390164,8.4,-3.282842712475));
#1773 = ORIENTED_EDGE('',*,*,#1774,.T.);
#1774 = EDGE_CURVE('',#1764,#1775,#1777,.T.);
#1775 = VERTEX_POINT('',#1776);
#1776 = CARTESIAN_POINT('',(53.320746098357,8.4,-3.282842712475));
#1777 = LINE('',#1778,#1779);
#1778 = CARTESIAN_POINT('',(345.,8.4,-3.282842712475));
#1779 = VECTOR('',#1780,1.);
#1780 = DIRECTION('',(-1.,0.,0.));
#1781 = ORIENTED_EDGE('',*,*,#1782,.T.);
#1782 = EDGE_CURVE('',#1775,#1783,#1785,.T.);
#1783 = VERTEX_POINT('',#1784);
#1784 = CARTESIAN_POINT('',(53.175183782119,8.2,-3.482842712475));
#1785 = B_SPLINE_CURVE_WITH_KNOTS('',3,(#1786,#1787,#1788,#1789,#1790,
    #1791),.UNSPECIFIED.,.F.,.F.,(4,2,4),(0.,1.753868570309E-04,
    3.507737140618E-04),.UNSPECIFIED.);
#1786 = CARTESIAN_POINT('',(53.320746098357,8.4,-3.282842712475));
#1787 = CARTESIAN_POINT('',(53.320746098357,8.340612410691,
    -3.282842712475));
#1788 = CARTESIAN_POINT('',(53.301567654584,8.285756994771,
    -3.310596275544));
#1789 = CARTESIAN_POINT('',(53.245863765318,8.216189191305,
    -3.388323476941));
#1790 = CARTESIAN_POINT('',(53.210981339985,8.2,-3.435817790677));
#1791 = CARTESIAN_POINT('',(53.175183782119,8.2,-3.482842712475));
#1792 = ORIENTED_EDGE('',*,*,#1793,.T.);
#1793 = EDGE_CURVE('',#1783,#1762,#1794,.T.);
#1794 = LINE('',#1795,#1796);
#1795 = CARTESIAN_POINT('',(345.,8.2,-3.482842712475));
#1796 = VECTOR('',#1797,1.);
#1797 = DIRECTION('',(1.,0.,-0.));
#1798 = CYLINDRICAL_SURFACE('',#1799,0.2);
#1799 = AXIS2_PLACEMENT_3D('',#1800,#1801,#1802);
#1800 = CARTESIAN_POINT('',(345.,8.4,-3.482842712475));
#1801 = DIRECTION('',(-1.,0.,0.));
#1802 = DIRECTION('',(0.,0.,1.));
#1803 = ADVANCED_FACE('',(#1804),#1838,.F.);
#1804 = FACE_BOUND('',#1805,.T.);
#1805 = EDGE_LOOP('',(#1806,#1816,#1824,#1832));
#1806 = ORIENTED_EDGE('',*,*,#1807,.F.);
#1807 = EDGE_CURVE('',#1808,#1810,#1812,.T.);
#1808 = VERTEX_POINT('',#1809);
#1809 = CARTESIAN_POINT('',(0.,-10.,9.8));
#1810 = VERTEX_POINT('',#1811);
#1811 = CARTESIAN_POINT('',(345.,-10.,9.8));
#1812 = LINE('',#1813,#1814);
#1813 = CARTESIAN_POINT('',(345.,-10.,9.8));
#1814 = VECTOR('',#1815,1.);
#1815 = DIRECTION('',(1.,0.,-0.));
#1816 = ORIENTED_EDGE('',*,*,#1817,.F.);
#1817 = EDGE_CURVE('',#1818,#1808,#1820,.T.);
#1818 = VERTEX_POINT('',#1819);
#1819 = CARTESIAN_POINT('',(0.,-10.,4.882842712475));
#1820 = LINE('',#1821,#1822);
#1821 = CARTESIAN_POINT('',(0.,-10.,10.));
#1822 = VECTOR('',#1823,1.);
#1823 = DIRECTION('',(0.,-0.,1.));
#1824 = ORIENTED_EDGE('',*,*,#1825,.F.);
#1825 = EDGE_CURVE('',#1826,#1818,#1828,.T.);
#1826 = VERTEX_POINT('',#1827);
#1827 = CARTESIAN_POINT('',(345.,-10.,4.882842712475));
#1828 = LINE('',#1829,#1830);
#1829 = CARTESIAN_POINT('',(345.,-10.,4.882842712475));
#1830 = VECTOR('',#1831,1.);
#1831 = DIRECTION('',(-1.,-0.,0.));
#1832 = ORIENTED_EDGE('',*,*,#1833,.F.);
#1833 = EDGE_CURVE('',#1810,#1826,#1834,.T.);
#1834 = LINE('',#1835,#1836);
#1835 = CARTESIAN_POINT('',(345.,-10.,10.));
#1836 = VECTOR('',#1837,1.);
#1837 = DIRECTION('',(-0.,0.,-1.));
#1838 = PLANE('',#1839);
#1839 = AXIS2_PLACEMENT_3D('',#1840,#1841,#1842);
#1840 = CARTESIAN_POINT('',(345.,-10.,10.));
#1841 = DIRECTION('',(0.,1.,0.));
#1842 = DIRECTION('',(0.,-0.,1.));
#1843 = ADVANCED_FACE('',(#1844,#1854),#2473,.T.);
#1844 = FACE_BOUND('',#1845,.T.);
#1845 = EDGE_LOOP('',(#1846,#1847));
#1846 = ORIENTED_EDGE('',*,*,#31,.T.);
#1847 = ORIENTED_EDGE('',*,*,#1848,.T.);
#1848 = EDGE_CURVE('',#32,#24,#1849,.T.);
#1849 = CIRCLE('',#1850,2.5);
#1850 = AXIS2_PLACEMENT_3D('',#1851,#1852,#1853);
#1851 = CARTESIAN_POINT('',(345.,0.,0.));
#1852 = DIRECTION('',(-1.,0.,-0.));
#1853 = DIRECTION('',(0.,0.,-1.));
#1854 = FACE_BOUND('',#1855,.T.);
#1855 = EDGE_LOOP('',(#1856,#1866,#1874,#1882,#1890,#1898,#1906,#1914,
    #1923,#1931,#1940,#1948,#1957,#1965,#1974,#1982,#1989,#1990,#1998,
    #2006,#2014,#2022,#2030,#2038,#2046,#2054,#2062,#2070,#2079,#2087,
    #2096,#2104,#2113,#2121,#2130,#2138,#2147,#2155,#2163,#2171,#2179,
    #2187,#2195,#2203,#2211,#2219,#2227,#2236,#2244,#2253,#2261,#2268,
    #2269,#2278,#2286,#2295,#2303,#2311,#2319,#2327,#2335,#2343,#2351,
    #2359,#2367,#2375,#2382,#2383,#2391,#2400,#2408,#2417,#2425,#2434,
    #2442,#2451,#2459,#2467));
#1856 = ORIENTED_EDGE('',*,*,#1857,.T.);
#1857 = EDGE_CURVE('',#1858,#1860,#1862,.T.);
#1858 = VERTEX_POINT('',#1859);
#1859 = CARTESIAN_POINT('',(345.,-3.010050506339,-4.));
#1860 = VERTEX_POINT('',#1861);
#1861 = CARTESIAN_POINT('',(345.,-0.5,-4.));
#1862 = LINE('',#1863,#1864);
#1863 = CARTESIAN_POINT('',(345.,0.,-4.));
#1864 = VECTOR('',#1865,1.);
#1865 = DIRECTION('',(0.,1.,0.));
#1866 = ORIENTED_EDGE('',*,*,#1867,.T.);
#1867 = EDGE_CURVE('',#1860,#1868,#1870,.T.);
#1868 = VERTEX_POINT('',#1869);
#1869 = CARTESIAN_POINT('',(345.,3.6E-14,-3.5));
#1870 = LINE('',#1871,#1872);
#1871 = CARTESIAN_POINT('',(345.,-0.5,-4.));
#1872 = VECTOR('',#1873,1.);
#1873 = DIRECTION('',(-0.,0.707106781187,0.707106781187));
#1874 = ORIENTED_EDGE('',*,*,#1875,.T.);
#1875 = EDGE_CURVE('',#1868,#1876,#1878,.T.);
#1876 = VERTEX_POINT('',#1877);
#1877 = CARTESIAN_POINT('',(345.,0.5,-4.));
#1878 = LINE('',#1879,#1880);
#1879 = CARTESIAN_POINT('',(345.,3.577E-14,-3.5));
#1880 = VECTOR('',#1881,1.);
#1881 = DIRECTION('',(-0.,0.707106781187,-0.707106781187));
#1882 = ORIENTED_EDGE('',*,*,#1883,.T.);
#1883 = EDGE_CURVE('',#1876,#1884,#1886,.T.);
#1884 = VERTEX_POINT('',#1885);
#1885 = CARTESIAN_POINT('',(345.,3.010050506339,-4.));
#1886 = LINE('',#1887,#1888);
#1887 = CARTESIAN_POINT('',(345.,0.,-4.));
#1888 = VECTOR('',#1889,1.);
#1889 = DIRECTION('',(0.,1.,0.));
#1890 = ORIENTED_EDGE('',*,*,#1891,.T.);
#1891 = EDGE_CURVE('',#1884,#1892,#1894,.T.);
#1892 = VERTEX_POINT('',#1893);
#1893 = CARTESIAN_POINT('',(345.,5.210050506339,-6.2));
#1894 = LINE('',#1895,#1896);
#1895 = CARTESIAN_POINT('',(345.,3.010050506339,-4.));
#1896 = VECTOR('',#1897,1.);
#1897 = DIRECTION('',(0.,0.707106781187,-0.707106781187));
#1898 = ORIENTED_EDGE('',*,*,#1899,.T.);
#1899 = EDGE_CURVE('',#1892,#1900,#1902,.T.);
#1900 = VERTEX_POINT('',#1901);
#1901 = CARTESIAN_POINT('',(345.,5.210050506339,-8.2));
#1902 = LINE('',#1903,#1904);
#1903 = CARTESIAN_POINT('',(345.,5.210050506339,0.));
#1904 = VECTOR('',#1905,1.);
#1905 = DIRECTION('',(0.,0.,-1.));
#1906 = ORIENTED_EDGE('',*,*,#1907,.T.);
#1907 = EDGE_CURVE('',#1900,#1908,#1910,.T.);
#1908 = VERTEX_POINT('',#1909);
#1909 = CARTESIAN_POINT('',(345.,3.482842712475,-8.2));
#1910 = LINE('',#1911,#1912);
#1911 = CARTESIAN_POINT('',(345.,3.,-8.2));
#1912 = VECTOR('',#1913,1.);
#1913 = DIRECTION('',(-0.,-1.,7.8E-16));
#1914 = ORIENTED_EDGE('',*,*,#1915,.F.);
#1915 = EDGE_CURVE('',#1916,#1908,#1918,.T.);
#1916 = VERTEX_POINT('',#1917);
#1917 = CARTESIAN_POINT('',(345.,3.341421356237,-8.541421356237));
#1918 = CIRCLE('',#1919,0.2);
#1919 = AXIS2_PLACEMENT_3D('',#1920,#1921,#1922);
#1920 = CARTESIAN_POINT('',(345.,3.482842712475,-8.4));
#1921 = DIRECTION('',(-1.,0.,0.));
#1922 = DIRECTION('',(0.,0.,1.));
#1923 = ORIENTED_EDGE('',*,*,#1924,.T.);
#1924 = EDGE_CURVE('',#1916,#1925,#1927,.T.);
#1925 = VERTEX_POINT('',#1926);
#1926 = CARTESIAN_POINT('',(345.,4.741421356237,-9.941421356237));
#1927 = LINE('',#1928,#1929);
#1928 = CARTESIAN_POINT('',(345.,3.341421356237,-8.541421356237));
#1929 = VECTOR('',#1930,1.);
#1930 = DIRECTION('',(0.,0.707106781187,-0.707106781187));
#1931 = ORIENTED_EDGE('',*,*,#1932,.F.);
#1932 = EDGE_CURVE('',#1933,#1925,#1935,.T.);
#1933 = VERTEX_POINT('',#1934);
#1934 = CARTESIAN_POINT('',(345.,4.882842712475,-10.));
#1935 = CIRCLE('',#1936,0.2);
#1936 = AXIS2_PLACEMENT_3D('',#1937,#1938,#1939);
#1937 = CARTESIAN_POINT('',(345.,4.882842712475,-9.8));
#1938 = DIRECTION('',(-1.,0.,0.));
#1939 = DIRECTION('',(0.,0.,1.));
#1940 = ORIENTED_EDGE('',*,*,#1941,.T.);
#1941 = EDGE_CURVE('',#1933,#1942,#1944,.T.);
#1942 = VERTEX_POINT('',#1943);
#1943 = CARTESIAN_POINT('',(345.,9.8,-10.));
#1944 = LINE('',#1945,#1946);
#1945 = CARTESIAN_POINT('',(345.,0.,-10.));
#1946 = VECTOR('',#1947,1.);
#1947 = DIRECTION('',(0.,1.,0.));
#1948 = ORIENTED_EDGE('',*,*,#1949,.F.);
#1949 = EDGE_CURVE('',#1950,#1942,#1952,.T.);
#1950 = VERTEX_POINT('',#1951);
#1951 = CARTESIAN_POINT('',(345.,10.,-9.8));
#1952 = CIRCLE('',#1953,0.2);
#1953 = AXIS2_PLACEMENT_3D('',#1954,#1955,#1956);
#1954 = CARTESIAN_POINT('',(345.,9.8,-9.8));
#1955 = DIRECTION('',(-1.,0.,0.));
#1956 = DIRECTION('',(0.,0.,1.));
#1957 = ORIENTED_EDGE('',*,*,#1958,.T.);
#1958 = EDGE_CURVE('',#1950,#1959,#1961,.T.);
#1959 = VERTEX_POINT('',#1960);
#1960 = CARTESIAN_POINT('',(345.,10.,-4.882842712475));
#1961 = LINE('',#1962,#1963);
#1962 = CARTESIAN_POINT('',(345.,10.,0.));
#1963 = VECTOR('',#1964,1.);
#1964 = DIRECTION('',(-0.,-0.,1.));
#1965 = ORIENTED_EDGE('',*,*,#1966,.F.);
#1966 = EDGE_CURVE('',#1967,#1959,#1969,.T.);
#1967 = VERTEX_POINT('',#1968);
#1968 = CARTESIAN_POINT('',(345.,9.941421356237,-4.741421356237));
#1969 = CIRCLE('',#1970,0.2);
#1970 = AXIS2_PLACEMENT_3D('',#1971,#1972,#1973);
#1971 = CARTESIAN_POINT('',(345.,9.8,-4.882842712475));
#1972 = DIRECTION('',(-1.,0.,0.));
#1973 = DIRECTION('',(0.,0.,1.));
#1974 = ORIENTED_EDGE('',*,*,#1975,.T.);
#1975 = EDGE_CURVE('',#1967,#1976,#1978,.T.);
#1976 = VERTEX_POINT('',#1977);
#1977 = CARTESIAN_POINT('',(345.,8.541421356237,-3.341421356237));
#1978 = LINE('',#1979,#1980);
#1979 = CARTESIAN_POINT('',(345.,9.941421356237,-4.741421356237));
#1980 = VECTOR('',#1981,1.);
#1981 = DIRECTION('',(0.,-0.707106781187,0.707106781187));
#1982 = ORIENTED_EDGE('',*,*,#1983,.F.);
#1983 = EDGE_CURVE('',#1502,#1976,#1984,.T.);
#1984 = CIRCLE('',#1985,0.2);
#1985 = AXIS2_PLACEMENT_3D('',#1986,#1987,#1988);
#1986 = CARTESIAN_POINT('',(345.,8.4,-3.482842712475));
#1987 = DIRECTION('',(-1.,0.,0.));
#1988 = DIRECTION('',(0.,0.,1.));
#1989 = ORIENTED_EDGE('',*,*,#1499,.F.);
#1990 = ORIENTED_EDGE('',*,*,#1991,.T.);
#1991 = EDGE_CURVE('',#1500,#1992,#1994,.T.);
#1992 = VERTEX_POINT('',#1993);
#1993 = CARTESIAN_POINT('',(345.,8.2,-5.210050506339));
#1994 = LINE('',#1995,#1996);
#1995 = CARTESIAN_POINT('',(345.,8.2,-3.));
#1996 = VECTOR('',#1997,1.);
#1997 = DIRECTION('',(-0.,0.,-1.));
#1998 = ORIENTED_EDGE('',*,*,#1999,.T.);
#1999 = EDGE_CURVE('',#1992,#2000,#2002,.T.);
#2000 = VERTEX_POINT('',#2001);
#2001 = CARTESIAN_POINT('',(345.,6.2,-5.210050506339));
#2002 = LINE('',#2003,#2004);
#2003 = CARTESIAN_POINT('',(345.,0.,-5.210050506339));
#2004 = VECTOR('',#2005,1.);
#2005 = DIRECTION('',(-0.,-1.,-0.));
#2006 = ORIENTED_EDGE('',*,*,#2007,.T.);
#2007 = EDGE_CURVE('',#2000,#2008,#2010,.T.);
#2008 = VERTEX_POINT('',#2009);
#2009 = CARTESIAN_POINT('',(345.,4.,-3.010050506339));
#2010 = LINE('',#2011,#2012);
#2011 = CARTESIAN_POINT('',(345.,6.2,-5.210050506339));
#2012 = VECTOR('',#2013,1.);
#2013 = DIRECTION('',(0.,-0.707106781187,0.707106781187));
#2014 = ORIENTED_EDGE('',*,*,#2015,.T.);
#2015 = EDGE_CURVE('',#2008,#2016,#2018,.T.);
#2016 = VERTEX_POINT('',#2017);
#2017 = CARTESIAN_POINT('',(345.,4.,-0.5));
#2018 = LINE('',#2019,#2020);
#2019 = CARTESIAN_POINT('',(345.,4.,0.));
#2020 = VECTOR('',#2021,1.);
#2021 = DIRECTION('',(-0.,-0.,1.));
#2022 = ORIENTED_EDGE('',*,*,#2023,.T.);
#2023 = EDGE_CURVE('',#2016,#2024,#2026,.T.);
#2024 = VERTEX_POINT('',#2025);
#2025 = CARTESIAN_POINT('',(345.,3.5,-0.));
#2026 = LINE('',#2027,#2028);
#2027 = CARTESIAN_POINT('',(345.,4.,-0.5));
#2028 = VECTOR('',#2029,1.);
#2029 = DIRECTION('',(-0.,-0.707106781187,0.707106781187));
#2030 = ORIENTED_EDGE('',*,*,#2031,.T.);
#2031 = EDGE_CURVE('',#2024,#2032,#2034,.T.);
#2032 = VERTEX_POINT('',#2033);
#2033 = CARTESIAN_POINT('',(345.,4.,0.5));
#2034 = LINE('',#2035,#2036);
#2035 = CARTESIAN_POINT('',(345.,3.5,-4.6E-16));
#2036 = VECTOR('',#2037,1.);
#2037 = DIRECTION('',(-0.,0.707106781187,0.707106781187));
#2038 = ORIENTED_EDGE('',*,*,#2039,.T.);
#2039 = EDGE_CURVE('',#2032,#2040,#2042,.T.);
#2040 = VERTEX_POINT('',#2041);
#2041 = CARTESIAN_POINT('',(345.,4.,3.010050506339));
#2042 = LINE('',#2043,#2044);
#2043 = CARTESIAN_POINT('',(345.,4.,0.));
#2044 = VECTOR('',#2045,1.);
#2045 = DIRECTION('',(-0.,-0.,1.));
#2046 = ORIENTED_EDGE('',*,*,#2047,.T.);
#2047 = EDGE_CURVE('',#2040,#2048,#2050,.T.);
#2048 = VERTEX_POINT('',#2049);
#2049 = CARTESIAN_POINT('',(345.,6.2,5.210050506339));
#2050 = LINE('',#2051,#2052);
#2051 = CARTESIAN_POINT('',(345.,4.,3.010050506339));
#2052 = VECTOR('',#2053,1.);
#2053 = DIRECTION('',(0.,0.707106781187,0.707106781187));
#2054 = ORIENTED_EDGE('',*,*,#2055,.T.);
#2055 = EDGE_CURVE('',#2048,#2056,#2058,.T.);
#2056 = VERTEX_POINT('',#2057);
#2057 = CARTESIAN_POINT('',(345.,8.2,5.210050506339));
#2058 = LINE('',#2059,#2060);
#2059 = CARTESIAN_POINT('',(345.,0.,5.210050506339));
#2060 = VECTOR('',#2061,1.);
#2061 = DIRECTION('',(0.,1.,0.));
#2062 = ORIENTED_EDGE('',*,*,#2063,.T.);
#2063 = EDGE_CURVE('',#2056,#2064,#2066,.T.);
#2064 = VERTEX_POINT('',#2065);
#2065 = CARTESIAN_POINT('',(345.,8.2,3.482842712475));
#2066 = LINE('',#2067,#2068);
#2067 = CARTESIAN_POINT('',(345.,8.2,3.));
#2068 = VECTOR('',#2069,1.);
#2069 = DIRECTION('',(-0.,0.,-1.));
#2070 = ORIENTED_EDGE('',*,*,#2071,.F.);
#2071 = EDGE_CURVE('',#2072,#2064,#2074,.T.);
#2072 = VERTEX_POINT('',#2073);
#2073 = CARTESIAN_POINT('',(345.,8.541421356237,3.341421356237));
#2074 = CIRCLE('',#2075,0.2);
#2075 = AXIS2_PLACEMENT_3D('',#2076,#2077,#2078);
#2076 = CARTESIAN_POINT('',(345.,8.4,3.482842712475));
#2077 = DIRECTION('',(-1.,0.,0.));
#2078 = DIRECTION('',(0.,0.,1.));
#2079 = ORIENTED_EDGE('',*,*,#2080,.T.);
#2080 = EDGE_CURVE('',#2072,#2081,#2083,.T.);
#2081 = VERTEX_POINT('',#2082);
#2082 = CARTESIAN_POINT('',(345.,9.941421356237,4.741421356237));
#2083 = LINE('',#2084,#2085);
#2084 = CARTESIAN_POINT('',(345.,8.541421356237,3.341421356237));
#2085 = VECTOR('',#2086,1.);
#2086 = DIRECTION('',(0.,0.707106781187,0.707106781187));
#2087 = ORIENTED_EDGE('',*,*,#2088,.F.);
#2088 = EDGE_CURVE('',#2089,#2081,#2091,.T.);
#2089 = VERTEX_POINT('',#2090);
#2090 = CARTESIAN_POINT('',(345.,10.,4.882842712475));
#2091 = CIRCLE('',#2092,0.2);
#2092 = AXIS2_PLACEMENT_3D('',#2093,#2094,#2095);
#2093 = CARTESIAN_POINT('',(345.,9.8,4.882842712475));
#2094 = DIRECTION('',(-1.,0.,0.));
#2095 = DIRECTION('',(0.,0.,1.));
#2096 = ORIENTED_EDGE('',*,*,#2097,.T.);
#2097 = EDGE_CURVE('',#2089,#2098,#2100,.T.);
#2098 = VERTEX_POINT('',#2099);
#2099 = CARTESIAN_POINT('',(345.,10.,9.8));
#2100 = LINE('',#2101,#2102);
#2101 = CARTESIAN_POINT('',(345.,10.,0.));
#2102 = VECTOR('',#2103,1.);
#2103 = DIRECTION('',(-0.,-0.,1.));
#2104 = ORIENTED_EDGE('',*,*,#2105,.F.);
#2105 = EDGE_CURVE('',#2106,#2098,#2108,.T.);
#2106 = VERTEX_POINT('',#2107);
#2107 = CARTESIAN_POINT('',(345.,9.8,10.));
#2108 = CIRCLE('',#2109,0.2);
#2109 = AXIS2_PLACEMENT_3D('',#2110,#2111,#2112);
#2110 = CARTESIAN_POINT('',(345.,9.8,9.8));
#2111 = DIRECTION('',(-1.,0.,0.));
#2112 = DIRECTION('',(0.,0.,1.));
#2113 = ORIENTED_EDGE('',*,*,#2114,.T.);
#2114 = EDGE_CURVE('',#2106,#2115,#2117,.T.);
#2115 = VERTEX_POINT('',#2116);
#2116 = CARTESIAN_POINT('',(345.,4.882842712475,10.));
#2117 = LINE('',#2118,#2119);
#2118 = CARTESIAN_POINT('',(345.,0.,10.));
#2119 = VECTOR('',#2120,1.);
#2120 = DIRECTION('',(-0.,-1.,-0.));
#2121 = ORIENTED_EDGE('',*,*,#2122,.F.);
#2122 = EDGE_CURVE('',#2123,#2115,#2125,.T.);
#2123 = VERTEX_POINT('',#2124);
#2124 = CARTESIAN_POINT('',(345.,4.741421356237,9.941421356237));
#2125 = CIRCLE('',#2126,0.2);
#2126 = AXIS2_PLACEMENT_3D('',#2127,#2128,#2129);
#2127 = CARTESIAN_POINT('',(345.,4.882842712475,9.8));
#2128 = DIRECTION('',(-1.,0.,0.));
#2129 = DIRECTION('',(0.,0.,1.));
#2130 = ORIENTED_EDGE('',*,*,#2131,.T.);
#2131 = EDGE_CURVE('',#2123,#2132,#2134,.T.);
#2132 = VERTEX_POINT('',#2133);
#2133 = CARTESIAN_POINT('',(345.,3.341421356237,8.541421356237));
#2134 = LINE('',#2135,#2136);
#2135 = CARTESIAN_POINT('',(345.,4.741421356237,9.941421356237));
#2136 = VECTOR('',#2137,1.);
#2137 = DIRECTION('',(0.,-0.707106781187,-0.707106781187));
#2138 = ORIENTED_EDGE('',*,*,#2139,.F.);
#2139 = EDGE_CURVE('',#2140,#2132,#2142,.T.);
#2140 = VERTEX_POINT('',#2141);
#2141 = CARTESIAN_POINT('',(345.,3.482842712475,8.2));
#2142 = CIRCLE('',#2143,0.2);
#2143 = AXIS2_PLACEMENT_3D('',#2144,#2145,#2146);
#2144 = CARTESIAN_POINT('',(345.,3.482842712475,8.4));
#2145 = DIRECTION('',(-1.,0.,0.));
#2146 = DIRECTION('',(0.,0.,1.));
#2147 = ORIENTED_EDGE('',*,*,#2148,.T.);
#2148 = EDGE_CURVE('',#2140,#2149,#2151,.T.);
#2149 = VERTEX_POINT('',#2150);
#2150 = CARTESIAN_POINT('',(345.,5.210050506339,8.2));
#2151 = LINE('',#2152,#2153);
#2152 = CARTESIAN_POINT('',(345.,3.,8.2));
#2153 = VECTOR('',#2154,1.);
#2154 = DIRECTION('',(-0.,1.,0.));
#2155 = ORIENTED_EDGE('',*,*,#2156,.T.);
#2156 = EDGE_CURVE('',#2149,#2157,#2159,.T.);
#2157 = VERTEX_POINT('',#2158);
#2158 = CARTESIAN_POINT('',(345.,5.210050506339,6.2));
#2159 = LINE('',#2160,#2161);
#2160 = CARTESIAN_POINT('',(345.,5.210050506339,0.));
#2161 = VECTOR('',#2162,1.);
#2162 = DIRECTION('',(0.,0.,-1.));
#2163 = ORIENTED_EDGE('',*,*,#2164,.T.);
#2164 = EDGE_CURVE('',#2157,#2165,#2167,.T.);
#2165 = VERTEX_POINT('',#2166);
#2166 = CARTESIAN_POINT('',(345.,3.010050506339,4.));
#2167 = LINE('',#2168,#2169);
#2168 = CARTESIAN_POINT('',(345.,5.210050506339,6.2));
#2169 = VECTOR('',#2170,1.);
#2170 = DIRECTION('',(0.,-0.707106781187,-0.707106781187));
#2171 = ORIENTED_EDGE('',*,*,#2172,.T.);
#2172 = EDGE_CURVE('',#2165,#2173,#2175,.T.);
#2173 = VERTEX_POINT('',#2174);
#2174 = CARTESIAN_POINT('',(345.,0.5,4.));
#2175 = LINE('',#2176,#2177);
#2176 = CARTESIAN_POINT('',(345.,0.,4.));
#2177 = VECTOR('',#2178,1.);
#2178 = DIRECTION('',(-0.,-1.,-0.));
#2179 = ORIENTED_EDGE('',*,*,#2180,.T.);
#2180 = EDGE_CURVE('',#2173,#2181,#2183,.T.);
#2181 = VERTEX_POINT('',#2182);
#2182 = CARTESIAN_POINT('',(345.,-1.2E-14,3.5));
#2183 = LINE('',#2184,#2185);
#2184 = CARTESIAN_POINT('',(345.,0.5,4.));
#2185 = VECTOR('',#2186,1.);
#2186 = DIRECTION('',(-0.,-0.707106781187,-0.707106781187));
#2187 = ORIENTED_EDGE('',*,*,#2188,.T.);
#2188 = EDGE_CURVE('',#2181,#2189,#2191,.T.);
#2189 = VERTEX_POINT('',#2190);
#2190 = CARTESIAN_POINT('',(345.,-0.5,4.));
#2191 = LINE('',#2192,#2193);
#2192 = CARTESIAN_POINT('',(345.,-1.176E-14,3.5));
#2193 = VECTOR('',#2194,1.);
#2194 = DIRECTION('',(-0.,-0.707106781187,0.707106781187));
#2195 = ORIENTED_EDGE('',*,*,#2196,.T.);
#2196 = EDGE_CURVE('',#2189,#2197,#2199,.T.);
#2197 = VERTEX_POINT('',#2198);
#2198 = CARTESIAN_POINT('',(345.,-3.010050506339,4.));
#2199 = LINE('',#2200,#2201);
#2200 = CARTESIAN_POINT('',(345.,0.,4.));
#2201 = VECTOR('',#2202,1.);
#2202 = DIRECTION('',(-0.,-1.,-0.));
#2203 = ORIENTED_EDGE('',*,*,#2204,.T.);
#2204 = EDGE_CURVE('',#2197,#2205,#2207,.T.);
#2205 = VERTEX_POINT('',#2206);
#2206 = CARTESIAN_POINT('',(345.,-5.210050506339,6.2));
#2207 = LINE('',#2208,#2209);
#2208 = CARTESIAN_POINT('',(345.,-3.010050506339,4.));
#2209 = VECTOR('',#2210,1.);
#2210 = DIRECTION('',(0.,-0.707106781187,0.707106781187));
#2211 = ORIENTED_EDGE('',*,*,#2212,.T.);
#2212 = EDGE_CURVE('',#2205,#2213,#2215,.T.);
#2213 = VERTEX_POINT('',#2214);
#2214 = CARTESIAN_POINT('',(345.,-5.210050506339,8.2));
#2215 = LINE('',#2216,#2217);
#2216 = CARTESIAN_POINT('',(345.,-5.210050506339,0.));
#2217 = VECTOR('',#2218,1.);
#2218 = DIRECTION('',(-0.,-0.,1.));
#2219 = ORIENTED_EDGE('',*,*,#2220,.T.);
#2220 = EDGE_CURVE('',#2213,#2221,#2223,.T.);
#2221 = VERTEX_POINT('',#2222);
#2222 = CARTESIAN_POINT('',(345.,-3.482842712475,8.2));
#2223 = LINE('',#2224,#2225);
#2224 = CARTESIAN_POINT('',(345.,-3.,8.2));
#2225 = VECTOR('',#2226,1.);
#2226 = DIRECTION('',(-0.,1.,0.));
#2227 = ORIENTED_EDGE('',*,*,#2228,.F.);
#2228 = EDGE_CURVE('',#2229,#2221,#2231,.T.);
#2229 = VERTEX_POINT('',#2230);
#2230 = CARTESIAN_POINT('',(345.,-3.341421356237,8.541421356237));
#2231 = CIRCLE('',#2232,0.2);
#2232 = AXIS2_PLACEMENT_3D('',#2233,#2234,#2235);
#2233 = CARTESIAN_POINT('',(345.,-3.482842712475,8.4));
#2234 = DIRECTION('',(-1.,0.,0.));
#2235 = DIRECTION('',(0.,0.,1.));
#2236 = ORIENTED_EDGE('',*,*,#2237,.T.);
#2237 = EDGE_CURVE('',#2229,#2238,#2240,.T.);
#2238 = VERTEX_POINT('',#2239);
#2239 = CARTESIAN_POINT('',(345.,-4.741421356237,9.941421356237));
#2240 = LINE('',#2241,#2242);
#2241 = CARTESIAN_POINT('',(345.,-3.341421356237,8.541421356237));
#2242 = VECTOR('',#2243,1.);
#2243 = DIRECTION('',(0.,-0.707106781187,0.707106781187));
#2244 = ORIENTED_EDGE('',*,*,#2245,.F.);
#2245 = EDGE_CURVE('',#2246,#2238,#2248,.T.);
#2246 = VERTEX_POINT('',#2247);
#2247 = CARTESIAN_POINT('',(345.,-4.882842712475,10.));
#2248 = CIRCLE('',#2249,0.2);
#2249 = AXIS2_PLACEMENT_3D('',#2250,#2251,#2252);
#2250 = CARTESIAN_POINT('',(345.,-4.882842712475,9.8));
#2251 = DIRECTION('',(-1.,0.,0.));
#2252 = DIRECTION('',(0.,0.,1.));
#2253 = ORIENTED_EDGE('',*,*,#2254,.T.);
#2254 = EDGE_CURVE('',#2246,#2255,#2257,.T.);
#2255 = VERTEX_POINT('',#2256);
#2256 = CARTESIAN_POINT('',(345.,-9.8,10.));
#2257 = LINE('',#2258,#2259);
#2258 = CARTESIAN_POINT('',(345.,0.,10.));
#2259 = VECTOR('',#2260,1.);
#2260 = DIRECTION('',(-0.,-1.,-0.));
#2261 = ORIENTED_EDGE('',*,*,#2262,.T.);
#2262 = EDGE_CURVE('',#2255,#1810,#2263,.T.);
#2263 = CIRCLE('',#2264,0.2);
#2264 = AXIS2_PLACEMENT_3D('',#2265,#2266,#2267);
#2265 = CARTESIAN_POINT('',(345.,-9.8,9.8));
#2266 = DIRECTION('',(1.,0.,-0.));
#2267 = DIRECTION('',(0.,0.,1.));
#2268 = ORIENTED_EDGE('',*,*,#1833,.T.);
#2269 = ORIENTED_EDGE('',*,*,#2270,.T.);
#2270 = EDGE_CURVE('',#1826,#2271,#2273,.T.);
#2271 = VERTEX_POINT('',#2272);
#2272 = CARTESIAN_POINT('',(345.,-9.941421356237,4.741421356237));
#2273 = CIRCLE('',#2274,0.2);
#2274 = AXIS2_PLACEMENT_3D('',#2275,#2276,#2277);
#2275 = CARTESIAN_POINT('',(345.,-9.8,4.882842712475));
#2276 = DIRECTION('',(1.,0.,-0.));
#2277 = DIRECTION('',(0.,0.,1.));
#2278 = ORIENTED_EDGE('',*,*,#2279,.T.);
#2279 = EDGE_CURVE('',#2271,#2280,#2282,.T.);
#2280 = VERTEX_POINT('',#2281);
#2281 = CARTESIAN_POINT('',(345.,-8.541421356237,3.341421356237));
#2282 = LINE('',#2283,#2284);
#2283 = CARTESIAN_POINT('',(345.,-9.941421356237,4.741421356237));
#2284 = VECTOR('',#2285,1.);
#2285 = DIRECTION('',(0.,0.707106781187,-0.707106781187));
#2286 = ORIENTED_EDGE('',*,*,#2287,.F.);
#2287 = EDGE_CURVE('',#2288,#2280,#2290,.T.);
#2288 = VERTEX_POINT('',#2289);
#2289 = CARTESIAN_POINT('',(345.,-8.2,3.482842712475));
#2290 = CIRCLE('',#2291,0.2);
#2291 = AXIS2_PLACEMENT_3D('',#2292,#2293,#2294);
#2292 = CARTESIAN_POINT('',(345.,-8.4,3.482842712475));
#2293 = DIRECTION('',(-1.,0.,0.));
#2294 = DIRECTION('',(0.,0.,1.));
#2295 = ORIENTED_EDGE('',*,*,#2296,.T.);
#2296 = EDGE_CURVE('',#2288,#2297,#2299,.T.);
#2297 = VERTEX_POINT('',#2298);
#2298 = CARTESIAN_POINT('',(345.,-8.2,5.210050506339));
#2299 = LINE('',#2300,#2301);
#2300 = CARTESIAN_POINT('',(345.,-8.2,3.));
#2301 = VECTOR('',#2302,1.);
#2302 = DIRECTION('',(-0.,0.,1.));
#2303 = ORIENTED_EDGE('',*,*,#2304,.T.);
#2304 = EDGE_CURVE('',#2297,#2305,#2307,.T.);
#2305 = VERTEX_POINT('',#2306);
#2306 = CARTESIAN_POINT('',(345.,-6.2,5.210050506339));
#2307 = LINE('',#2308,#2309);
#2308 = CARTESIAN_POINT('',(345.,0.,5.210050506339));
#2309 = VECTOR('',#2310,1.);
#2310 = DIRECTION('',(0.,1.,0.));
#2311 = ORIENTED_EDGE('',*,*,#2312,.T.);
#2312 = EDGE_CURVE('',#2305,#2313,#2315,.T.);
#2313 = VERTEX_POINT('',#2314);
#2314 = CARTESIAN_POINT('',(345.,-4.,3.010050506339));
#2315 = LINE('',#2316,#2317);
#2316 = CARTESIAN_POINT('',(345.,-6.2,5.210050506339));
#2317 = VECTOR('',#2318,1.);
#2318 = DIRECTION('',(0.,0.707106781187,-0.707106781187));
#2319 = ORIENTED_EDGE('',*,*,#2320,.T.);
#2320 = EDGE_CURVE('',#2313,#2321,#2323,.T.);
#2321 = VERTEX_POINT('',#2322);
#2322 = CARTESIAN_POINT('',(345.,-4.,0.5));
#2323 = LINE('',#2324,#2325);
#2324 = CARTESIAN_POINT('',(345.,-4.,0.));
#2325 = VECTOR('',#2326,1.);
#2326 = DIRECTION('',(0.,0.,-1.));
#2327 = ORIENTED_EDGE('',*,*,#2328,.T.);
#2328 = EDGE_CURVE('',#2321,#2329,#2331,.T.);
#2329 = VERTEX_POINT('',#2330);
#2330 = CARTESIAN_POINT('',(345.,-3.5,-2.4E-14));
#2331 = LINE('',#2332,#2333);
#2332 = CARTESIAN_POINT('',(345.,-4.,0.5));
#2333 = VECTOR('',#2334,1.);
#2334 = DIRECTION('',(-0.,0.707106781187,-0.707106781187));
#2335 = ORIENTED_EDGE('',*,*,#2336,.T.);
#2336 = EDGE_CURVE('',#2329,#2337,#2339,.T.);
#2337 = VERTEX_POINT('',#2338);
#2338 = CARTESIAN_POINT('',(345.,-4.,-0.5));
#2339 = LINE('',#2340,#2341);
#2340 = CARTESIAN_POINT('',(345.,-3.5,-2.398E-14));
#2341 = VECTOR('',#2342,1.);
#2342 = DIRECTION('',(-0.,-0.707106781187,-0.707106781187));
#2343 = ORIENTED_EDGE('',*,*,#2344,.T.);
#2344 = EDGE_CURVE('',#2337,#2345,#2347,.T.);
#2345 = VERTEX_POINT('',#2346);
#2346 = CARTESIAN_POINT('',(345.,-4.,-3.010050506339));
#2347 = LINE('',#2348,#2349);
#2348 = CARTESIAN_POINT('',(345.,-4.,0.));
#2349 = VECTOR('',#2350,1.);
#2350 = DIRECTION('',(0.,0.,-1.));
#2351 = ORIENTED_EDGE('',*,*,#2352,.T.);
#2352 = EDGE_CURVE('',#2345,#2353,#2355,.T.);
#2353 = VERTEX_POINT('',#2354);
#2354 = CARTESIAN_POINT('',(345.,-6.2,-5.210050506339));
#2355 = LINE('',#2356,#2357);
#2356 = CARTESIAN_POINT('',(345.,-4.,-3.010050506339));
#2357 = VECTOR('',#2358,1.);
#2358 = DIRECTION('',(0.,-0.707106781187,-0.707106781187));
#2359 = ORIENTED_EDGE('',*,*,#2360,.T.);
#2360 = EDGE_CURVE('',#2353,#2361,#2363,.T.);
#2361 = VERTEX_POINT('',#2362);
#2362 = CARTESIAN_POINT('',(345.,-8.2,-5.210050506339));
#2363 = LINE('',#2364,#2365);
#2364 = CARTESIAN_POINT('',(345.,0.,-5.210050506339));
#2365 = VECTOR('',#2366,1.);
#2366 = DIRECTION('',(-0.,-1.,-0.));
#2367 = ORIENTED_EDGE('',*,*,#2368,.T.);
#2368 = EDGE_CURVE('',#2361,#2369,#2371,.T.);
#2369 = VERTEX_POINT('',#2370);
#2370 = CARTESIAN_POINT('',(345.,-8.2,-3.482842712475));
#2371 = LINE('',#2372,#2373);
#2372 = CARTESIAN_POINT('',(345.,-8.2,-3.));
#2373 = VECTOR('',#2374,1.);
#2374 = DIRECTION('',(-0.,0.,1.));
#2375 = ORIENTED_EDGE('',*,*,#2376,.F.);
#2376 = EDGE_CURVE('',#550,#2369,#2377,.T.);
#2377 = CIRCLE('',#2378,0.2);
#2378 = AXIS2_PLACEMENT_3D('',#2379,#2380,#2381);
#2379 = CARTESIAN_POINT('',(345.,-8.4,-3.482842712475));
#2380 = DIRECTION('',(-1.,0.,0.));
#2381 = DIRECTION('',(0.,0.,1.));
#2382 = ORIENTED_EDGE('',*,*,#547,.F.);
#2383 = ORIENTED_EDGE('',*,*,#2384,.T.);
#2384 = EDGE_CURVE('',#548,#2385,#2387,.T.);
#2385 = VERTEX_POINT('',#2386);
#2386 = CARTESIAN_POINT('',(345.,-9.941421356237,-4.741421356237));
#2387 = LINE('',#2388,#2389);
#2388 = CARTESIAN_POINT('',(345.,-8.541421356237,-3.341421356237));
#2389 = VECTOR('',#2390,1.);
#2390 = DIRECTION('',(0.,-0.707106781187,-0.707106781187));
#2391 = ORIENTED_EDGE('',*,*,#2392,.F.);
#2392 = EDGE_CURVE('',#2393,#2385,#2395,.T.);
#2393 = VERTEX_POINT('',#2394);
#2394 = CARTESIAN_POINT('',(345.,-10.,-4.882842712475));
#2395 = CIRCLE('',#2396,0.2);
#2396 = AXIS2_PLACEMENT_3D('',#2397,#2398,#2399);
#2397 = CARTESIAN_POINT('',(345.,-9.8,-4.882842712475));
#2398 = DIRECTION('',(-1.,0.,0.));
#2399 = DIRECTION('',(0.,0.,1.));
#2400 = ORIENTED_EDGE('',*,*,#2401,.T.);
#2401 = EDGE_CURVE('',#2393,#2402,#2404,.T.);
#2402 = VERTEX_POINT('',#2403);
#2403 = CARTESIAN_POINT('',(345.,-10.,-9.8));
#2404 = LINE('',#2405,#2406);
#2405 = CARTESIAN_POINT('',(345.,-10.,0.));
#2406 = VECTOR('',#2407,1.);
#2407 = DIRECTION('',(0.,0.,-1.));
#2408 = ORIENTED_EDGE('',*,*,#2409,.F.);
#2409 = EDGE_CURVE('',#2410,#2402,#2412,.T.);
#2410 = VERTEX_POINT('',#2411);
#2411 = CARTESIAN_POINT('',(345.,-9.8,-10.));
#2412 = CIRCLE('',#2413,0.2);
#2413 = AXIS2_PLACEMENT_3D('',#2414,#2415,#2416);
#2414 = CARTESIAN_POINT('',(345.,-9.8,-9.8));
#2415 = DIRECTION('',(-1.,0.,0.));
#2416 = DIRECTION('',(0.,0.,1.));
#2417 = ORIENTED_EDGE('',*,*,#2418,.T.);
#2418 = EDGE_CURVE('',#2410,#2419,#2421,.T.);
#2419 = VERTEX_POINT('',#2420);
#2420 = CARTESIAN_POINT('',(345.,-4.882842712475,-10.));
#2421 = LINE('',#2422,#2423);
#2422 = CARTESIAN_POINT('',(345.,0.,-10.));
#2423 = VECTOR('',#2424,1.);
#2424 = DIRECTION('',(0.,1.,0.));
#2425 = ORIENTED_EDGE('',*,*,#2426,.F.);
#2426 = EDGE_CURVE('',#2427,#2419,#2429,.T.);
#2427 = VERTEX_POINT('',#2428);
#2428 = CARTESIAN_POINT('',(345.,-4.741421356237,-9.941421356237));
#2429 = CIRCLE('',#2430,0.2);
#2430 = AXIS2_PLACEMENT_3D('',#2431,#2432,#2433);
#2431 = CARTESIAN_POINT('',(345.,-4.882842712475,-9.8));
#2432 = DIRECTION('',(-1.,0.,0.));
#2433 = DIRECTION('',(0.,0.,1.));
#2434 = ORIENTED_EDGE('',*,*,#2435,.T.);
#2435 = EDGE_CURVE('',#2427,#2436,#2438,.T.);
#2436 = VERTEX_POINT('',#2437);
#2437 = CARTESIAN_POINT('',(345.,-3.341421356237,-8.541421356237));
#2438 = LINE('',#2439,#2440);
#2439 = CARTESIAN_POINT('',(345.,-4.741421356237,-9.941421356237));
#2440 = VECTOR('',#2441,1.);
#2441 = DIRECTION('',(0.,0.707106781187,0.707106781187));
#2442 = ORIENTED_EDGE('',*,*,#2443,.F.);
#2443 = EDGE_CURVE('',#2444,#2436,#2446,.T.);
#2444 = VERTEX_POINT('',#2445);
#2445 = CARTESIAN_POINT('',(345.,-3.482842712475,-8.2));
#2446 = CIRCLE('',#2447,0.2);
#2447 = AXIS2_PLACEMENT_3D('',#2448,#2449,#2450);
#2448 = CARTESIAN_POINT('',(345.,-3.482842712475,-8.4));
#2449 = DIRECTION('',(-1.,0.,0.));
#2450 = DIRECTION('',(0.,0.,1.));
#2451 = ORIENTED_EDGE('',*,*,#2452,.T.);
#2452 = EDGE_CURVE('',#2444,#2453,#2455,.T.);
#2453 = VERTEX_POINT('',#2454);
#2454 = CARTESIAN_POINT('',(345.,-5.210050506339,-8.2));
#2455 = LINE('',#2456,#2457);
#2456 = CARTESIAN_POINT('',(345.,-3.,-8.2));
#2457 = VECTOR('',#2458,1.);
#2458 = DIRECTION('',(-0.,-1.,7.8E-16));
#2459 = ORIENTED_EDGE('',*,*,#2460,.T.);
#2460 = EDGE_CURVE('',#2453,#2461,#2463,.T.);
#2461 = VERTEX_POINT('',#2462);
#2462 = CARTESIAN_POINT('',(345.,-5.210050506339,-6.2));
#2463 = LINE('',#2464,#2465);
#2464 = CARTESIAN_POINT('',(345.,-5.210050506339,0.));
#2465 = VECTOR('',#2466,1.);
#2466 = DIRECTION('',(-0.,-0.,1.));
#2467 = ORIENTED_EDGE('',*,*,#2468,.T.);
#2468 = EDGE_CURVE('',#2461,#1858,#2469,.T.);
#2469 = LINE('',#2470,#2471);
#2470 = CARTESIAN_POINT('',(345.,-5.210050506339,-6.2));
#2471 = VECTOR('',#2472,1.);
#2472 = DIRECTION('',(0.,0.707106781187,0.707106781187));
#2473 = PLANE('',#2474);
#2474 = AXIS2_PLACEMENT_3D('',#2475,#2476,#2477);
#2475 = CARTESIAN_POINT('',(345.,0.,0.));
#2476 = DIRECTION('',(1.,-0.,0.));
#2477 = DIRECTION('',(0.,0.,-1.));
#2478 = ADVANCED_FACE('',(#2479),#2498,.T.);
#2479 = FACE_BOUND('',#2480,.T.);
#2480 = EDGE_LOOP('',(#2481,#2490,#2491,#2492));
#2481 = ORIENTED_EDGE('',*,*,#2482,.T.);
#2482 = EDGE_CURVE('',#2483,#1808,#2485,.T.);
#2483 = VERTEX_POINT('',#2484);
#2484 = CARTESIAN_POINT('',(0.,-9.8,10.));
#2485 = CIRCLE('',#2486,0.2);
#2486 = AXIS2_PLACEMENT_3D('',#2487,#2488,#2489);
#2487 = CARTESIAN_POINT('',(0.,-9.8,9.8));
#2488 = DIRECTION('',(1.,0.,-0.));
#2489 = DIRECTION('',(0.,0.,1.));
#2490 = ORIENTED_EDGE('',*,*,#1807,.T.);
#2491 = ORIENTED_EDGE('',*,*,#2262,.F.);
#2492 = ORIENTED_EDGE('',*,*,#2493,.T.);
#2493 = EDGE_CURVE('',#2255,#2483,#2494,.T.);
#2494 = LINE('',#2495,#2496);
#2495 = CARTESIAN_POINT('',(345.,-9.8,10.));
#2496 = VECTOR('',#2497,1.);
#2497 = DIRECTION('',(-1.,0.,0.));
#2498 = CYLINDRICAL_SURFACE('',#2499,0.2);
#2499 = AXIS2_PLACEMENT_3D('',#2500,#2501,#2502);
#2500 = CARTESIAN_POINT('',(345.,-9.8,9.8));
#2501 = DIRECTION('',(-1.,0.,0.));
#2502 = DIRECTION('',(0.,0.,1.));
#2503 = ADVANCED_FACE('',(#2504,#3115),#3125,.F.);
#2504 = FACE_BOUND('',#2505,.T.);
#2505 = EDGE_LOOP('',(#2506,#2516,#2524,#2532,#2540,#2548,#2556,#2565,
    #2573,#2582,#2590,#2599,#2607,#2616,#2622,#2623,#2632,#2640,#2648,
    #2656,#2664,#2672,#2680,#2688,#2696,#2704,#2712,#2721,#2729,#2736,
    #2737,#2738,#2746,#2755,#2763,#2772,#2780,#2788,#2796,#2804,#2812,
    #2820,#2828,#2836,#2844,#2852,#2861,#2869,#2878,#2886,#2895,#2903,
    #2912,#2920,#2929,#2937,#2945,#2953,#2961,#2969,#2977,#2985,#2993,
    #3001,#3007,#3008,#3017,#3025,#3034,#3042,#3051,#3059,#3068,#3076,
    #3085,#3093,#3101,#3109));
#2506 = ORIENTED_EDGE('',*,*,#2507,.T.);
#2507 = EDGE_CURVE('',#2508,#2510,#2512,.T.);
#2508 = VERTEX_POINT('',#2509);
#2509 = CARTESIAN_POINT('',(0.,0.5,-4.));
#2510 = VERTEX_POINT('',#2511);
#2511 = CARTESIAN_POINT('',(-2.1E-14,3.6E-14,-3.5));
#2512 = LINE('',#2513,#2514);
#2513 = CARTESIAN_POINT('',(0.,3.577E-14,-3.5));
#2514 = VECTOR('',#2515,1.);
#2515 = DIRECTION('',(0.,-0.707106781187,0.707106781187));
#2516 = ORIENTED_EDGE('',*,*,#2517,.T.);
#2517 = EDGE_CURVE('',#2510,#2518,#2520,.T.);
#2518 = VERTEX_POINT('',#2519);
#2519 = CARTESIAN_POINT('',(-4.2E-14,-0.5,-4.));
#2520 = LINE('',#2521,#2522);
#2521 = CARTESIAN_POINT('',(-1.1102E-13,-0.5,-4.));
#2522 = VECTOR('',#2523,1.);
#2523 = DIRECTION('',(0.,-0.707106781187,-0.707106781187));
#2524 = ORIENTED_EDGE('',*,*,#2525,.F.);
#2525 = EDGE_CURVE('',#2526,#2518,#2528,.T.);
#2526 = VERTEX_POINT('',#2527);
#2527 = CARTESIAN_POINT('',(-4.2E-14,-3.010050506339,-4.));
#2528 = LINE('',#2529,#2530);
#2529 = CARTESIAN_POINT('',(0.,0.,-4.));
#2530 = VECTOR('',#2531,1.);
#2531 = DIRECTION('',(0.,1.,0.));
#2532 = ORIENTED_EDGE('',*,*,#2533,.F.);
#2533 = EDGE_CURVE('',#2534,#2526,#2536,.T.);
#2534 = VERTEX_POINT('',#2535);
#2535 = CARTESIAN_POINT('',(-2.1E-14,-5.210050506339,-6.2));
#2536 = LINE('',#2537,#2538);
#2537 = CARTESIAN_POINT('',(0.,-5.210050506339,-6.2));
#2538 = VECTOR('',#2539,1.);
#2539 = DIRECTION('',(0.,0.707106781187,0.707106781187));
#2540 = ORIENTED_EDGE('',*,*,#2541,.F.);
#2541 = EDGE_CURVE('',#2542,#2534,#2544,.T.);
#2542 = VERTEX_POINT('',#2543);
#2543 = CARTESIAN_POINT('',(0.,-5.210050506339,-8.2));
#2544 = LINE('',#2545,#2546);
#2545 = CARTESIAN_POINT('',(0.,-5.210050506339,0.));
#2546 = VECTOR('',#2547,1.);
#2547 = DIRECTION('',(-0.,-0.,1.));
#2548 = ORIENTED_EDGE('',*,*,#2549,.T.);
#2549 = EDGE_CURVE('',#2542,#2550,#2552,.T.);
#2550 = VERTEX_POINT('',#2551);
#2551 = CARTESIAN_POINT('',(0.,-3.482842712475,-8.2));
#2552 = LINE('',#2553,#2554);
#2553 = CARTESIAN_POINT('',(0.,-3.,-8.2));
#2554 = VECTOR('',#2555,1.);
#2555 = DIRECTION('',(0.,1.,-7.8E-16));
#2556 = ORIENTED_EDGE('',*,*,#2557,.F.);
#2557 = EDGE_CURVE('',#2558,#2550,#2560,.T.);
#2558 = VERTEX_POINT('',#2559);
#2559 = CARTESIAN_POINT('',(1.4E-14,-3.341421356237,-8.541421356237));
#2560 = CIRCLE('',#2561,0.2);
#2561 = AXIS2_PLACEMENT_3D('',#2562,#2563,#2564);
#2562 = CARTESIAN_POINT('',(0.,-3.482842712475,-8.4));
#2563 = DIRECTION('',(1.,0.,-0.));
#2564 = DIRECTION('',(0.,8.67E-15,1.));
#2565 = ORIENTED_EDGE('',*,*,#2566,.F.);
#2566 = EDGE_CURVE('',#2567,#2558,#2569,.T.);
#2567 = VERTEX_POINT('',#2568);
#2568 = CARTESIAN_POINT('',(1.4E-14,-4.741421356237,-9.941421356237));
#2569 = LINE('',#2570,#2571);
#2570 = CARTESIAN_POINT('',(0.,-4.741421356237,-9.941421356237));
#2571 = VECTOR('',#2572,1.);
#2572 = DIRECTION('',(0.,0.707106781187,0.707106781187));
#2573 = ORIENTED_EDGE('',*,*,#2574,.F.);
#2574 = EDGE_CURVE('',#2575,#2567,#2577,.T.);
#2575 = VERTEX_POINT('',#2576);
#2576 = CARTESIAN_POINT('',(0.,-4.882842712475,-10.));
#2577 = CIRCLE('',#2578,0.2);
#2578 = AXIS2_PLACEMENT_3D('',#2579,#2580,#2581);
#2579 = CARTESIAN_POINT('',(0.,-4.882842712475,-9.8));
#2580 = DIRECTION('',(1.,0.,-0.));
#2581 = DIRECTION('',(0.,0.,1.));
#2582 = ORIENTED_EDGE('',*,*,#2583,.F.);
#2583 = EDGE_CURVE('',#2584,#2575,#2586,.T.);
#2584 = VERTEX_POINT('',#2585);
#2585 = CARTESIAN_POINT('',(0.,-9.8,-10.));
#2586 = LINE('',#2587,#2588);
#2587 = CARTESIAN_POINT('',(0.,0.,-10.));
#2588 = VECTOR('',#2589,1.);
#2589 = DIRECTION('',(0.,1.,0.));
#2590 = ORIENTED_EDGE('',*,*,#2591,.F.);
#2591 = EDGE_CURVE('',#2592,#2584,#2594,.T.);
#2592 = VERTEX_POINT('',#2593);
#2593 = CARTESIAN_POINT('',(0.,-10.,-9.8));
#2594 = CIRCLE('',#2595,0.2);
#2595 = AXIS2_PLACEMENT_3D('',#2596,#2597,#2598);
#2596 = CARTESIAN_POINT('',(0.,-9.8,-9.8));
#2597 = DIRECTION('',(1.,0.,-0.));
#2598 = DIRECTION('',(0.,0.,1.));
#2599 = ORIENTED_EDGE('',*,*,#2600,.F.);
#2600 = EDGE_CURVE('',#2601,#2592,#2603,.T.);
#2601 = VERTEX_POINT('',#2602);
#2602 = CARTESIAN_POINT('',(0.,-10.,-4.882842712475));
#2603 = LINE('',#2604,#2605);
#2604 = CARTESIAN_POINT('',(0.,-10.,0.));
#2605 = VECTOR('',#2606,1.);
#2606 = DIRECTION('',(0.,0.,-1.));
#2607 = ORIENTED_EDGE('',*,*,#2608,.F.);
#2608 = EDGE_CURVE('',#2609,#2601,#2611,.T.);
#2609 = VERTEX_POINT('',#2610);
#2610 = CARTESIAN_POINT('',(-1.4E-14,-9.941421356237,-4.741421356237));
#2611 = CIRCLE('',#2612,0.2);
#2612 = AXIS2_PLACEMENT_3D('',#2613,#2614,#2615);
#2613 = CARTESIAN_POINT('',(0.,-9.8,-4.882842712475));
#2614 = DIRECTION('',(1.,0.,-0.));
#2615 = DIRECTION('',(0.,0.,1.));
#2616 = ORIENTED_EDGE('',*,*,#2617,.F.);
#2617 = EDGE_CURVE('',#567,#2609,#2618,.T.);
#2618 = LINE('',#2619,#2620);
#2619 = CARTESIAN_POINT('',(0.,-8.541421356237,-3.341421356237));
#2620 = VECTOR('',#2621,1.);
#2621 = DIRECTION('',(0.,-0.707106781187,-0.707106781187));
#2622 = ORIENTED_EDGE('',*,*,#566,.F.);
#2623 = ORIENTED_EDGE('',*,*,#2624,.F.);
#2624 = EDGE_CURVE('',#2625,#559,#2627,.T.);
#2625 = VERTEX_POINT('',#2626);
#2626 = CARTESIAN_POINT('',(0.,-8.2,-3.482842712475));
#2627 = CIRCLE('',#2628,0.2);
#2628 = AXIS2_PLACEMENT_3D('',#2629,#2630,#2631);
#2629 = CARTESIAN_POINT('',(0.,-8.4,-3.482842712475));
#2630 = DIRECTION('',(1.,0.,-0.));
#2631 = DIRECTION('',(0.,0.,1.));
#2632 = ORIENTED_EDGE('',*,*,#2633,.T.);
#2633 = EDGE_CURVE('',#2625,#2634,#2636,.T.);
#2634 = VERTEX_POINT('',#2635);
#2635 = CARTESIAN_POINT('',(0.,-8.2,-5.210050506339));
#2636 = LINE('',#2637,#2638);
#2637 = CARTESIAN_POINT('',(0.,-8.2,-3.));
#2638 = VECTOR('',#2639,1.);
#2639 = DIRECTION('',(0.,-0.,-1.));
#2640 = ORIENTED_EDGE('',*,*,#2641,.F.);
#2641 = EDGE_CURVE('',#2642,#2634,#2644,.T.);
#2642 = VERTEX_POINT('',#2643);
#2643 = CARTESIAN_POINT('',(0.,-6.2,-5.210050506339));
#2644 = LINE('',#2645,#2646);
#2645 = CARTESIAN_POINT('',(0.,0.,-5.210050506339));
#2646 = VECTOR('',#2647,1.);
#2647 = DIRECTION('',(-0.,-1.,-0.));
#2648 = ORIENTED_EDGE('',*,*,#2649,.F.);
#2649 = EDGE_CURVE('',#2650,#2642,#2652,.T.);
#2650 = VERTEX_POINT('',#2651);
#2651 = CARTESIAN_POINT('',(0.,-4.,-3.010050506339));
#2652 = LINE('',#2653,#2654);
#2653 = CARTESIAN_POINT('',(0.,-4.,-3.010050506339));
#2654 = VECTOR('',#2655,1.);
#2655 = DIRECTION('',(0.,-0.707106781187,-0.707106781187));
#2656 = ORIENTED_EDGE('',*,*,#2657,.F.);
#2657 = EDGE_CURVE('',#2658,#2650,#2660,.T.);
#2658 = VERTEX_POINT('',#2659);
#2659 = CARTESIAN_POINT('',(0.,-4.,-0.5));
#2660 = LINE('',#2661,#2662);
#2661 = CARTESIAN_POINT('',(0.,-4.,0.));
#2662 = VECTOR('',#2663,1.);
#2663 = DIRECTION('',(0.,0.,-1.));
#2664 = ORIENTED_EDGE('',*,*,#2665,.T.);
#2665 = EDGE_CURVE('',#2658,#2666,#2668,.T.);
#2666 = VERTEX_POINT('',#2667);
#2667 = CARTESIAN_POINT('',(0.,-3.5,-2.4E-14));
#2668 = LINE('',#2669,#2670);
#2669 = CARTESIAN_POINT('',(0.,-3.5,-2.398E-14));
#2670 = VECTOR('',#2671,1.);
#2671 = DIRECTION('',(0.,0.707106781187,0.707106781187));
#2672 = ORIENTED_EDGE('',*,*,#2673,.T.);
#2673 = EDGE_CURVE('',#2666,#2674,#2676,.T.);
#2674 = VERTEX_POINT('',#2675);
#2675 = CARTESIAN_POINT('',(0.,-4.,0.5));
#2676 = LINE('',#2677,#2678);
#2677 = CARTESIAN_POINT('',(0.,-4.,0.5));
#2678 = VECTOR('',#2679,1.);
#2679 = DIRECTION('',(0.,-0.707106781187,0.707106781187));
#2680 = ORIENTED_EDGE('',*,*,#2681,.F.);
#2681 = EDGE_CURVE('',#2682,#2674,#2684,.T.);
#2682 = VERTEX_POINT('',#2683);
#2683 = CARTESIAN_POINT('',(-4.2E-14,-4.,3.010050506339));
#2684 = LINE('',#2685,#2686);
#2685 = CARTESIAN_POINT('',(0.,-4.,0.));
#2686 = VECTOR('',#2687,1.);
#2687 = DIRECTION('',(0.,0.,-1.));
#2688 = ORIENTED_EDGE('',*,*,#2689,.F.);
#2689 = EDGE_CURVE('',#2690,#2682,#2692,.T.);
#2690 = VERTEX_POINT('',#2691);
#2691 = CARTESIAN_POINT('',(-2.1E-14,-6.2,5.210050506339));
#2692 = LINE('',#2693,#2694);
#2693 = CARTESIAN_POINT('',(0.,-6.2,5.210050506339));
#2694 = VECTOR('',#2695,1.);
#2695 = DIRECTION('',(0.,0.707106781187,-0.707106781187));
#2696 = ORIENTED_EDGE('',*,*,#2697,.F.);
#2697 = EDGE_CURVE('',#2698,#2690,#2700,.T.);
#2698 = VERTEX_POINT('',#2699);
#2699 = CARTESIAN_POINT('',(0.,-8.2,5.210050506339));
#2700 = LINE('',#2701,#2702);
#2701 = CARTESIAN_POINT('',(0.,0.,5.210050506339));
#2702 = VECTOR('',#2703,1.);
#2703 = DIRECTION('',(0.,1.,0.));
#2704 = ORIENTED_EDGE('',*,*,#2705,.T.);
#2705 = EDGE_CURVE('',#2698,#2706,#2708,.T.);
#2706 = VERTEX_POINT('',#2707);
#2707 = CARTESIAN_POINT('',(0.,-8.2,3.482842712475));
#2708 = LINE('',#2709,#2710);
#2709 = CARTESIAN_POINT('',(0.,-8.2,3.));
#2710 = VECTOR('',#2711,1.);
#2711 = DIRECTION('',(0.,-0.,-1.));
#2712 = ORIENTED_EDGE('',*,*,#2713,.F.);
#2713 = EDGE_CURVE('',#2714,#2706,#2716,.T.);
#2714 = VERTEX_POINT('',#2715);
#2715 = CARTESIAN_POINT('',(2.8E-14,-8.541421356237,3.341421356237));
#2716 = CIRCLE('',#2717,0.2);
#2717 = AXIS2_PLACEMENT_3D('',#2718,#2719,#2720);
#2718 = CARTESIAN_POINT('',(0.,-8.4,3.482842712475));
#2719 = DIRECTION('',(1.,0.,-0.));
#2720 = DIRECTION('',(0.,0.,1.));
#2721 = ORIENTED_EDGE('',*,*,#2722,.F.);
#2722 = EDGE_CURVE('',#2723,#2714,#2725,.T.);
#2723 = VERTEX_POINT('',#2724);
#2724 = CARTESIAN_POINT('',(4.2E-14,-9.941421356237,4.741421356237));
#2725 = LINE('',#2726,#2727);
#2726 = CARTESIAN_POINT('',(0.,-9.941421356237,4.741421356237));
#2727 = VECTOR('',#2728,1.);
#2728 = DIRECTION('',(0.,0.707106781187,-0.707106781187));
#2729 = ORIENTED_EDGE('',*,*,#2730,.F.);
#2730 = EDGE_CURVE('',#1818,#2723,#2731,.T.);
#2731 = CIRCLE('',#2732,0.2);
#2732 = AXIS2_PLACEMENT_3D('',#2733,#2734,#2735);
#2733 = CARTESIAN_POINT('',(0.,-9.8,4.882842712475));
#2734 = DIRECTION('',(1.,0.,-0.));
#2735 = DIRECTION('',(0.,0.,1.));
#2736 = ORIENTED_EDGE('',*,*,#1817,.T.);
#2737 = ORIENTED_EDGE('',*,*,#2482,.F.);
#2738 = ORIENTED_EDGE('',*,*,#2739,.F.);
#2739 = EDGE_CURVE('',#2740,#2483,#2742,.T.);
#2740 = VERTEX_POINT('',#2741);
#2741 = CARTESIAN_POINT('',(0.,-4.882842712475,10.));
#2742 = LINE('',#2743,#2744);
#2743 = CARTESIAN_POINT('',(0.,0.,10.));
#2744 = VECTOR('',#2745,1.);
#2745 = DIRECTION('',(-0.,-1.,-0.));
#2746 = ORIENTED_EDGE('',*,*,#2747,.F.);
#2747 = EDGE_CURVE('',#2748,#2740,#2750,.T.);
#2748 = VERTEX_POINT('',#2749);
#2749 = CARTESIAN_POINT('',(-1.4E-14,-4.741421356237,9.941421356237));
#2750 = CIRCLE('',#2751,0.2);
#2751 = AXIS2_PLACEMENT_3D('',#2752,#2753,#2754);
#2752 = CARTESIAN_POINT('',(0.,-4.882842712475,9.8));
#2753 = DIRECTION('',(1.,0.,-0.));
#2754 = DIRECTION('',(0.,2.168E-14,1.));
#2755 = ORIENTED_EDGE('',*,*,#2756,.F.);
#2756 = EDGE_CURVE('',#2757,#2748,#2759,.T.);
#2757 = VERTEX_POINT('',#2758);
#2758 = CARTESIAN_POINT('',(-1.4E-14,-3.341421356237,8.541421356237));
#2759 = LINE('',#2760,#2761);
#2760 = CARTESIAN_POINT('',(0.,-3.341421356237,8.541421356237));
#2761 = VECTOR('',#2762,1.);
#2762 = DIRECTION('',(0.,-0.707106781187,0.707106781187));
#2763 = ORIENTED_EDGE('',*,*,#2764,.F.);
#2764 = EDGE_CURVE('',#2765,#2757,#2767,.T.);
#2765 = VERTEX_POINT('',#2766);
#2766 = CARTESIAN_POINT('',(0.,-3.482842712475,8.2));
#2767 = CIRCLE('',#2768,0.2);
#2768 = AXIS2_PLACEMENT_3D('',#2769,#2770,#2771);
#2769 = CARTESIAN_POINT('',(0.,-3.482842712475,8.4));
#2770 = DIRECTION('',(1.,0.,-0.));
#2771 = DIRECTION('',(0.,0.,1.));
#2772 = ORIENTED_EDGE('',*,*,#2773,.T.);
#2773 = EDGE_CURVE('',#2765,#2774,#2776,.T.);
#2774 = VERTEX_POINT('',#2775);
#2775 = CARTESIAN_POINT('',(0.,-5.210050506339,8.2));
#2776 = LINE('',#2777,#2778);
#2777 = CARTESIAN_POINT('',(0.,-3.,8.2));
#2778 = VECTOR('',#2779,1.);
#2779 = DIRECTION('',(0.,-1.,-0.));
#2780 = ORIENTED_EDGE('',*,*,#2781,.F.);
#2781 = EDGE_CURVE('',#2782,#2774,#2784,.T.);
#2782 = VERTEX_POINT('',#2783);
#2783 = CARTESIAN_POINT('',(0.,-5.210050506339,6.2));
#2784 = LINE('',#2785,#2786);
#2785 = CARTESIAN_POINT('',(0.,-5.210050506339,0.));
#2786 = VECTOR('',#2787,1.);
#2787 = DIRECTION('',(-0.,-0.,1.));
#2788 = ORIENTED_EDGE('',*,*,#2789,.F.);
#2789 = EDGE_CURVE('',#2790,#2782,#2792,.T.);
#2790 = VERTEX_POINT('',#2791);
#2791 = CARTESIAN_POINT('',(0.,-3.010050506339,4.));
#2792 = LINE('',#2793,#2794);
#2793 = CARTESIAN_POINT('',(0.,-3.010050506339,4.));
#2794 = VECTOR('',#2795,1.);
#2795 = DIRECTION('',(0.,-0.707106781187,0.707106781187));
#2796 = ORIENTED_EDGE('',*,*,#2797,.F.);
#2797 = EDGE_CURVE('',#2798,#2790,#2800,.T.);
#2798 = VERTEX_POINT('',#2799);
#2799 = CARTESIAN_POINT('',(0.,-0.5,4.));
#2800 = LINE('',#2801,#2802);
#2801 = CARTESIAN_POINT('',(0.,0.,4.));
#2802 = VECTOR('',#2803,1.);
#2803 = DIRECTION('',(-0.,-1.,-0.));
#2804 = ORIENTED_EDGE('',*,*,#2805,.T.);
#2805 = EDGE_CURVE('',#2798,#2806,#2808,.T.);
#2806 = VERTEX_POINT('',#2807);
#2807 = CARTESIAN_POINT('',(-4.2E-14,-1.2E-14,3.5));
#2808 = LINE('',#2809,#2810);
#2809 = CARTESIAN_POINT('',(0.,-1.176E-14,3.5));
#2810 = VECTOR('',#2811,1.);
#2811 = DIRECTION('',(0.,0.707106781187,-0.707106781187));
#2812 = ORIENTED_EDGE('',*,*,#2813,.T.);
#2813 = EDGE_CURVE('',#2806,#2814,#2816,.T.);
#2814 = VERTEX_POINT('',#2815);
#2815 = CARTESIAN_POINT('',(-4.2E-14,0.5,4.));
#2816 = LINE('',#2817,#2818);
#2817 = CARTESIAN_POINT('',(-1.1102E-13,0.5,4.));
#2818 = VECTOR('',#2819,1.);
#2819 = DIRECTION('',(0.,0.707106781187,0.707106781187));
#2820 = ORIENTED_EDGE('',*,*,#2821,.F.);
#2821 = EDGE_CURVE('',#2822,#2814,#2824,.T.);
#2822 = VERTEX_POINT('',#2823);
#2823 = CARTESIAN_POINT('',(0.,3.010050506339,4.));
#2824 = LINE('',#2825,#2826);
#2825 = CARTESIAN_POINT('',(0.,0.,4.));
#2826 = VECTOR('',#2827,1.);
#2827 = DIRECTION('',(-0.,-1.,-0.));
#2828 = ORIENTED_EDGE('',*,*,#2829,.F.);
#2829 = EDGE_CURVE('',#2830,#2822,#2832,.T.);
#2830 = VERTEX_POINT('',#2831);
#2831 = CARTESIAN_POINT('',(0.,5.210050506339,6.2));
#2832 = LINE('',#2833,#2834);
#2833 = CARTESIAN_POINT('',(0.,5.210050506339,6.2));
#2834 = VECTOR('',#2835,1.);
#2835 = DIRECTION('',(0.,-0.707106781187,-0.707106781187));
#2836 = ORIENTED_EDGE('',*,*,#2837,.F.);
#2837 = EDGE_CURVE('',#2838,#2830,#2840,.T.);
#2838 = VERTEX_POINT('',#2839);
#2839 = CARTESIAN_POINT('',(0.,5.210050506339,8.2));
#2840 = LINE('',#2841,#2842);
#2841 = CARTESIAN_POINT('',(0.,5.210050506339,0.));
#2842 = VECTOR('',#2843,1.);
#2843 = DIRECTION('',(0.,0.,-1.));
#2844 = ORIENTED_EDGE('',*,*,#2845,.T.);
#2845 = EDGE_CURVE('',#2838,#2846,#2848,.T.);
#2846 = VERTEX_POINT('',#2847);
#2847 = CARTESIAN_POINT('',(0.,3.482842712475,8.2));
#2848 = LINE('',#2849,#2850);
#2849 = CARTESIAN_POINT('',(0.,3.,8.2));
#2850 = VECTOR('',#2851,1.);
#2851 = DIRECTION('',(0.,-1.,-0.));
#2852 = ORIENTED_EDGE('',*,*,#2853,.F.);
#2853 = EDGE_CURVE('',#2854,#2846,#2856,.T.);
#2854 = VERTEX_POINT('',#2855);
#2855 = CARTESIAN_POINT('',(0.,3.341421356237,8.541421356237));
#2856 = CIRCLE('',#2857,0.2);
#2857 = AXIS2_PLACEMENT_3D('',#2858,#2859,#2860);
#2858 = CARTESIAN_POINT('',(0.,3.482842712475,8.4));
#2859 = DIRECTION('',(1.,0.,-0.));
#2860 = DIRECTION('',(0.,-2.17E-15,1.));
#2861 = ORIENTED_EDGE('',*,*,#2862,.F.);
#2862 = EDGE_CURVE('',#2863,#2854,#2865,.T.);
#2863 = VERTEX_POINT('',#2864);
#2864 = CARTESIAN_POINT('',(0.,4.741421356237,9.941421356237));
#2865 = LINE('',#2866,#2867);
#2866 = CARTESIAN_POINT('',(0.,4.741421356237,9.941421356237));
#2867 = VECTOR('',#2868,1.);
#2868 = DIRECTION('',(0.,-0.707106781187,-0.707106781187));
#2869 = ORIENTED_EDGE('',*,*,#2870,.F.);
#2870 = EDGE_CURVE('',#2871,#2863,#2873,.T.);
#2871 = VERTEX_POINT('',#2872);
#2872 = CARTESIAN_POINT('',(0.,4.882842712475,10.));
#2873 = CIRCLE('',#2874,0.2);
#2874 = AXIS2_PLACEMENT_3D('',#2875,#2876,#2877);
#2875 = CARTESIAN_POINT('',(0.,4.882842712475,9.8));
#2876 = DIRECTION('',(1.,0.,-0.));
#2877 = DIRECTION('',(0.,0.,1.));
#2878 = ORIENTED_EDGE('',*,*,#2879,.F.);
#2879 = EDGE_CURVE('',#2880,#2871,#2882,.T.);
#2880 = VERTEX_POINT('',#2881);
#2881 = CARTESIAN_POINT('',(0.,9.8,10.));
#2882 = LINE('',#2883,#2884);
#2883 = CARTESIAN_POINT('',(0.,0.,10.));
#2884 = VECTOR('',#2885,1.);
#2885 = DIRECTION('',(-0.,-1.,-0.));
#2886 = ORIENTED_EDGE('',*,*,#2887,.F.);
#2887 = EDGE_CURVE('',#2888,#2880,#2890,.T.);
#2888 = VERTEX_POINT('',#2889);
#2889 = CARTESIAN_POINT('',(0.,10.,9.8));
#2890 = CIRCLE('',#2891,0.2);
#2891 = AXIS2_PLACEMENT_3D('',#2892,#2893,#2894);
#2892 = CARTESIAN_POINT('',(0.,9.8,9.8));
#2893 = DIRECTION('',(1.,0.,-0.));
#2894 = DIRECTION('',(0.,0.,1.));
#2895 = ORIENTED_EDGE('',*,*,#2896,.F.);
#2896 = EDGE_CURVE('',#2897,#2888,#2899,.T.);
#2897 = VERTEX_POINT('',#2898);
#2898 = CARTESIAN_POINT('',(0.,10.,4.882842712475));
#2899 = LINE('',#2900,#2901);
#2900 = CARTESIAN_POINT('',(0.,10.,0.));
#2901 = VECTOR('',#2902,1.);
#2902 = DIRECTION('',(-0.,-0.,1.));
#2903 = ORIENTED_EDGE('',*,*,#2904,.F.);
#2904 = EDGE_CURVE('',#2905,#2897,#2907,.T.);
#2905 = VERTEX_POINT('',#2906);
#2906 = CARTESIAN_POINT('',(4.2E-14,9.941421356237,4.741421356237));
#2907 = CIRCLE('',#2908,0.2);
#2908 = AXIS2_PLACEMENT_3D('',#2909,#2910,#2911);
#2909 = CARTESIAN_POINT('',(0.,9.8,4.882842712475));
#2910 = DIRECTION('',(1.,0.,-0.));
#2911 = DIRECTION('',(0.,0.,1.));
#2912 = ORIENTED_EDGE('',*,*,#2913,.F.);
#2913 = EDGE_CURVE('',#2914,#2905,#2916,.T.);
#2914 = VERTEX_POINT('',#2915);
#2915 = CARTESIAN_POINT('',(4.2E-14,8.541421356237,3.341421356237));
#2916 = LINE('',#2917,#2918);
#2917 = CARTESIAN_POINT('',(0.,8.541421356237,3.341421356237));
#2918 = VECTOR('',#2919,1.);
#2919 = DIRECTION('',(0.,0.707106781187,0.707106781187));
#2920 = ORIENTED_EDGE('',*,*,#2921,.F.);
#2921 = EDGE_CURVE('',#2922,#2914,#2924,.T.);
#2922 = VERTEX_POINT('',#2923);
#2923 = CARTESIAN_POINT('',(0.,8.2,3.482842712475));
#2924 = CIRCLE('',#2925,0.2);
#2925 = AXIS2_PLACEMENT_3D('',#2926,#2927,#2928);
#2926 = CARTESIAN_POINT('',(0.,8.4,3.482842712475));
#2927 = DIRECTION('',(1.,0.,-0.));
#2928 = DIRECTION('',(0.,0.,1.));
#2929 = ORIENTED_EDGE('',*,*,#2930,.T.);
#2930 = EDGE_CURVE('',#2922,#2931,#2933,.T.);
#2931 = VERTEX_POINT('',#2932);
#2932 = CARTESIAN_POINT('',(0.,8.2,5.210050506339));
#2933 = LINE('',#2934,#2935);
#2934 = CARTESIAN_POINT('',(0.,8.2,3.));
#2935 = VECTOR('',#2936,1.);
#2936 = DIRECTION('',(0.,-0.,1.));
#2937 = ORIENTED_EDGE('',*,*,#2938,.F.);
#2938 = EDGE_CURVE('',#2939,#2931,#2941,.T.);
#2939 = VERTEX_POINT('',#2940);
#2940 = CARTESIAN_POINT('',(-8.3E-14,6.2,5.210050506339));
#2941 = LINE('',#2942,#2943);
#2942 = CARTESIAN_POINT('',(0.,0.,5.210050506339));
#2943 = VECTOR('',#2944,1.);
#2944 = DIRECTION('',(0.,1.,0.));
#2945 = ORIENTED_EDGE('',*,*,#2946,.F.);
#2946 = EDGE_CURVE('',#2947,#2939,#2949,.T.);
#2947 = VERTEX_POINT('',#2948);
#2948 = CARTESIAN_POINT('',(-4.2E-14,4.,3.010050506339));
#2949 = LINE('',#2950,#2951);
#2950 = CARTESIAN_POINT('',(0.,4.,3.010050506339));
#2951 = VECTOR('',#2952,1.);
#2952 = DIRECTION('',(0.,0.707106781187,0.707106781187));
#2953 = ORIENTED_EDGE('',*,*,#2954,.F.);
#2954 = EDGE_CURVE('',#2955,#2947,#2957,.T.);
#2955 = VERTEX_POINT('',#2956);
#2956 = CARTESIAN_POINT('',(-3.7E-14,4.,0.5));
#2957 = LINE('',#2958,#2959);
#2958 = CARTESIAN_POINT('',(0.,4.,0.));
#2959 = VECTOR('',#2960,1.);
#2960 = DIRECTION('',(-0.,-0.,1.));
#2961 = ORIENTED_EDGE('',*,*,#2962,.T.);
#2962 = EDGE_CURVE('',#2955,#2963,#2965,.T.);
#2963 = VERTEX_POINT('',#2964);
#2964 = CARTESIAN_POINT('',(-9.3E-14,3.5,-0.));
#2965 = LINE('',#2966,#2967);
#2966 = CARTESIAN_POINT('',(-1.1102E-13,3.5,-4.6E-16));
#2967 = VECTOR('',#2968,1.);
#2968 = DIRECTION('',(0.,-0.707106781187,-0.707106781187));
#2969 = ORIENTED_EDGE('',*,*,#2970,.T.);
#2970 = EDGE_CURVE('',#2963,#2971,#2973,.T.);
#2971 = VERTEX_POINT('',#2972);
#2972 = CARTESIAN_POINT('',(0.,4.,-0.5));
#2973 = LINE('',#2974,#2975);
#2974 = CARTESIAN_POINT('',(0.,4.,-0.5));
#2975 = VECTOR('',#2976,1.);
#2976 = DIRECTION('',(0.,0.707106781187,-0.707106781187));
#2977 = ORIENTED_EDGE('',*,*,#2978,.F.);
#2978 = EDGE_CURVE('',#2979,#2971,#2981,.T.);
#2979 = VERTEX_POINT('',#2980);
#2980 = CARTESIAN_POINT('',(-4.2E-14,4.,-3.010050506339));
#2981 = LINE('',#2982,#2983);
#2982 = CARTESIAN_POINT('',(0.,4.,0.));
#2983 = VECTOR('',#2984,1.);
#2984 = DIRECTION('',(-0.,-0.,1.));
#2985 = ORIENTED_EDGE('',*,*,#2986,.F.);
#2986 = EDGE_CURVE('',#2987,#2979,#2989,.T.);
#2987 = VERTEX_POINT('',#2988);
#2988 = CARTESIAN_POINT('',(-1.67E-13,6.2,-5.210050506339));
#2989 = LINE('',#2990,#2991);
#2990 = CARTESIAN_POINT('',(0.,6.2,-5.210050506339));
#2991 = VECTOR('',#2992,1.);
#2992 = DIRECTION('',(0.,-0.707106781187,0.707106781187));
#2993 = ORIENTED_EDGE('',*,*,#2994,.F.);
#2994 = EDGE_CURVE('',#2995,#2987,#2997,.T.);
#2995 = VERTEX_POINT('',#2996);
#2996 = CARTESIAN_POINT('',(0.,8.2,-5.210050506339));
#2997 = LINE('',#2998,#2999);
#2998 = CARTESIAN_POINT('',(0.,0.,-5.210050506339));
#2999 = VECTOR('',#3000,1.);
#3000 = DIRECTION('',(-0.,-1.,-0.));
#3001 = ORIENTED_EDGE('',*,*,#3002,.T.);
#3002 = EDGE_CURVE('',#2995,#1565,#3003,.T.);
#3003 = LINE('',#3004,#3005);
#3004 = CARTESIAN_POINT('',(0.,8.2,-3.));
#3005 = VECTOR('',#3006,1.);
#3006 = DIRECTION('',(0.,-0.,1.));
#3007 = ORIENTED_EDGE('',*,*,#1564,.F.);
#3008 = ORIENTED_EDGE('',*,*,#3009,.F.);
#3009 = EDGE_CURVE('',#3010,#1557,#3012,.T.);
#3010 = VERTEX_POINT('',#3011);
#3011 = CARTESIAN_POINT('',(-2.8E-14,8.541421356237,-3.341421356237));
#3012 = CIRCLE('',#3013,0.2);
#3013 = AXIS2_PLACEMENT_3D('',#3014,#3015,#3016);
#3014 = CARTESIAN_POINT('',(0.,8.4,-3.482842712475));
#3015 = DIRECTION('',(1.,0.,-0.));
#3016 = DIRECTION('',(0.,2.602E-14,1.));
#3017 = ORIENTED_EDGE('',*,*,#3018,.F.);
#3018 = EDGE_CURVE('',#3019,#3010,#3021,.T.);
#3019 = VERTEX_POINT('',#3020);
#3020 = CARTESIAN_POINT('',(-2.8E-14,9.941421356237,-4.741421356237));
#3021 = LINE('',#3022,#3023);
#3022 = CARTESIAN_POINT('',(0.,9.941421356237,-4.741421356237));
#3023 = VECTOR('',#3024,1.);
#3024 = DIRECTION('',(0.,-0.707106781187,0.707106781187));
#3025 = ORIENTED_EDGE('',*,*,#3026,.F.);
#3026 = EDGE_CURVE('',#3027,#3019,#3029,.T.);
#3027 = VERTEX_POINT('',#3028);
#3028 = CARTESIAN_POINT('',(0.,10.,-4.882842712475));
#3029 = CIRCLE('',#3030,0.2);
#3030 = AXIS2_PLACEMENT_3D('',#3031,#3032,#3033);
#3031 = CARTESIAN_POINT('',(0.,9.8,-4.882842712475));
#3032 = DIRECTION('',(1.,0.,-0.));
#3033 = DIRECTION('',(0.,-1.735E-14,1.));
#3034 = ORIENTED_EDGE('',*,*,#3035,.F.);
#3035 = EDGE_CURVE('',#3036,#3027,#3038,.T.);
#3036 = VERTEX_POINT('',#3037);
#3037 = CARTESIAN_POINT('',(0.,10.,-9.8));
#3038 = LINE('',#3039,#3040);
#3039 = CARTESIAN_POINT('',(0.,10.,0.));
#3040 = VECTOR('',#3041,1.);
#3041 = DIRECTION('',(-0.,-0.,1.));
#3042 = ORIENTED_EDGE('',*,*,#3043,.F.);
#3043 = EDGE_CURVE('',#3044,#3036,#3046,.T.);
#3044 = VERTEX_POINT('',#3045);
#3045 = CARTESIAN_POINT('',(0.,9.8,-10.));
#3046 = CIRCLE('',#3047,0.2);
#3047 = AXIS2_PLACEMENT_3D('',#3048,#3049,#3050);
#3048 = CARTESIAN_POINT('',(0.,9.8,-9.8));
#3049 = DIRECTION('',(1.,0.,-0.));
#3050 = DIRECTION('',(0.,0.,1.));
#3051 = ORIENTED_EDGE('',*,*,#3052,.F.);
#3052 = EDGE_CURVE('',#3053,#3044,#3055,.T.);
#3053 = VERTEX_POINT('',#3054);
#3054 = CARTESIAN_POINT('',(0.,4.882842712475,-10.));
#3055 = LINE('',#3056,#3057);
#3056 = CARTESIAN_POINT('',(0.,0.,-10.));
#3057 = VECTOR('',#3058,1.);
#3058 = DIRECTION('',(0.,1.,0.));
#3059 = ORIENTED_EDGE('',*,*,#3060,.F.);
#3060 = EDGE_CURVE('',#3061,#3053,#3063,.T.);
#3061 = VERTEX_POINT('',#3062);
#3062 = CARTESIAN_POINT('',(0.,4.741421356237,-9.941421356237));
#3063 = CIRCLE('',#3064,0.2);
#3064 = AXIS2_PLACEMENT_3D('',#3065,#3066,#3067);
#3065 = CARTESIAN_POINT('',(0.,4.882842712475,-9.8));
#3066 = DIRECTION('',(1.,0.,-0.));
#3067 = DIRECTION('',(0.,1.301E-14,1.));
#3068 = ORIENTED_EDGE('',*,*,#3069,.F.);
#3069 = EDGE_CURVE('',#3070,#3061,#3072,.T.);
#3070 = VERTEX_POINT('',#3071);
#3071 = CARTESIAN_POINT('',(0.,3.341421356237,-8.541421356237));
#3072 = LINE('',#3073,#3074);
#3073 = CARTESIAN_POINT('',(0.,3.341421356237,-8.541421356237));
#3074 = VECTOR('',#3075,1.);
#3075 = DIRECTION('',(0.,0.707106781187,-0.707106781187));
#3076 = ORIENTED_EDGE('',*,*,#3077,.F.);
#3077 = EDGE_CURVE('',#3078,#3070,#3080,.T.);
#3078 = VERTEX_POINT('',#3079);
#3079 = CARTESIAN_POINT('',(0.,3.482842712475,-8.2));
#3080 = CIRCLE('',#3081,0.2);
#3081 = AXIS2_PLACEMENT_3D('',#3082,#3083,#3084);
#3082 = CARTESIAN_POINT('',(0.,3.482842712475,-8.4));
#3083 = DIRECTION('',(1.,0.,-0.));
#3084 = DIRECTION('',(0.,0.,1.));
#3085 = ORIENTED_EDGE('',*,*,#3086,.T.);
#3086 = EDGE_CURVE('',#3078,#3087,#3089,.T.);
#3087 = VERTEX_POINT('',#3088);
#3088 = CARTESIAN_POINT('',(0.,5.210050506339,-8.2));
#3089 = LINE('',#3090,#3091);
#3090 = CARTESIAN_POINT('',(0.,3.,-8.2));
#3091 = VECTOR('',#3092,1.);
#3092 = DIRECTION('',(0.,1.,-7.8E-16));
#3093 = ORIENTED_EDGE('',*,*,#3094,.F.);
#3094 = EDGE_CURVE('',#3095,#3087,#3097,.T.);
#3095 = VERTEX_POINT('',#3096);
#3096 = CARTESIAN_POINT('',(-4.2E-14,5.210050506339,-6.2));
#3097 = LINE('',#3098,#3099);
#3098 = CARTESIAN_POINT('',(0.,5.210050506339,0.));
#3099 = VECTOR('',#3100,1.);
#3100 = DIRECTION('',(0.,0.,-1.));
#3101 = ORIENTED_EDGE('',*,*,#3102,.F.);
#3102 = EDGE_CURVE('',#3103,#3095,#3105,.T.);
#3103 = VERTEX_POINT('',#3104);
#3104 = CARTESIAN_POINT('',(-4.2E-14,3.010050506339,-4.));
#3105 = LINE('',#3106,#3107);
#3106 = CARTESIAN_POINT('',(0.,3.010050506339,-4.));
#3107 = VECTOR('',#3108,1.);
#3108 = DIRECTION('',(0.,0.707106781187,-0.707106781187));
#3109 = ORIENTED_EDGE('',*,*,#3110,.F.);
#3110 = EDGE_CURVE('',#2508,#3103,#3111,.T.);
#3111 = LINE('',#3112,#3113);
#3112 = CARTESIAN_POINT('',(0.,0.,-4.));
#3113 = VECTOR('',#3114,1.);
#3114 = DIRECTION('',(0.,1.,0.));
#3115 = FACE_BOUND('',#3116,.T.);
#3116 = EDGE_LOOP('',(#3117,#3124));
#3117 = ORIENTED_EDGE('',*,*,#3118,.F.);
#3118 = EDGE_CURVE('',#190,#198,#3119,.T.);
#3119 = CIRCLE('',#3120,2.499999999941);
#3120 = AXIS2_PLACEMENT_3D('',#3121,#3122,#3123);
#3121 = CARTESIAN_POINT('',(0.,0.,0.));
#3122 = DIRECTION('',(-1.,0.,0.));
#3123 = DIRECTION('',(0.,0.,1.));
#3124 = ORIENTED_EDGE('',*,*,#197,.F.);
#3125 = PLANE('',#3126);
#3126 = AXIS2_PLACEMENT_3D('',#3127,#3128,#3129);
#3127 = CARTESIAN_POINT('',(0.,0.,0.));
#3128 = DIRECTION('',(1.,-0.,0.));
#3129 = DIRECTION('',(0.,0.,-1.));
#3130 = ADVANCED_FACE('',(#3131),#3142,.T.);
#3131 = FACE_BOUND('',#3132,.T.);
#3132 = EDGE_LOOP('',(#3133,#3134,#3140,#3141));
#3133 = ORIENTED_EDGE('',*,*,#2730,.T.);
#3134 = ORIENTED_EDGE('',*,*,#3135,.T.);
#3135 = EDGE_CURVE('',#2723,#2271,#3136,.T.);
#3136 = LINE('',#3137,#3138);
#3137 = CARTESIAN_POINT('',(345.,-9.941421356237,4.741421356237));
#3138 = VECTOR('',#3139,1.);
#3139 = DIRECTION('',(1.,-0.,-0.));
#3140 = ORIENTED_EDGE('',*,*,#2270,.F.);
#3141 = ORIENTED_EDGE('',*,*,#1825,.T.);
#3142 = CYLINDRICAL_SURFACE('',#3143,0.2);
#3143 = AXIS2_PLACEMENT_3D('',#3144,#3145,#3146);
#3144 = CARTESIAN_POINT('',(345.,-9.8,4.882842712475));
#3145 = DIRECTION('',(-1.,0.,0.));
#3146 = DIRECTION('',(0.,0.,1.));
#3147 = ADVANCED_FACE('',(#3148,#3190),#3222,.F.);
#3148 = FACE_BOUND('',#3149,.F.);
#3149 = EDGE_LOOP('',(#3150,#3181,#3182,#3189));
#3150 = ORIENTED_EDGE('',*,*,#3151,.T.);
#3151 = EDGE_CURVE('',#138,#130,#3152,.T.);
#3152 = B_SPLINE_CURVE_WITH_KNOTS('',3,(#3153,#3154,#3155,#3156,#3157,
    #3158,#3159,#3160,#3161,#3162,#3163,#3164,#3165,#3166,#3167,#3168,
    #3169,#3170,#3171,#3172,#3173,#3174,#3175,#3176,#3177,#3178,#3179,
    #3180),.UNSPECIFIED.,.F.,.F.,(4,2,2,2,2,2,2,2,2,2,2,2,2,4),(
    6.459115400501E-03,6.862035041063E-03,7.264954681625E-03,
    8.070793962748E-03,8.47371360331E-03,8.876633243872E-03,
    9.279552884434E-03,9.682472524995E-03,1.008539216556E-02,
    1.048831180612E-02,1.129415108724E-02,1.16970707278E-02,
    1.209999036837E-02,1.290582964949E-02),.UNSPECIFIED.);
#3153 = CARTESIAN_POINT('',(281.0360679775,2.4E-16,-2.));
#3154 = CARTESIAN_POINT('',(281.0360679775,0.137047194602,-2.));
#3155 = CARTESIAN_POINT('',(281.0487136483,0.270467135638,
    -1.986082714779));
#3156 = CARTESIAN_POINT('',(281.0946689358,0.530984862621,
    -1.932804205571));
#3157 = CARTESIAN_POINT('',(281.1283594002,0.658747131698,
    -1.892832703505));
#3158 = CARTESIAN_POINT('',(281.24594771048,1.01657333741,
    -1.741732573494));
#3159 = CARTESIAN_POINT('',(281.34739973478,1.229760269181,
    -1.597403163663));
#3160 = CARTESIAN_POINT('',(281.49097472579,1.499036758251,
    -1.32999646396));
#3161 = CARTESIAN_POINT('',(281.53831937571,1.581688130011,
    -1.230696433981));
#3162 = CARTESIAN_POINT('',(281.62385245991,1.725539640961,
    -1.01924678106));
#3163 = CARTESIAN_POINT('',(281.66244694781,1.787507520184,
    -0.906621719533));
#3164 = CARTESIAN_POINT('',(281.72784041699,1.890457646458,
    -0.665819768399));
#3165 = CARTESIAN_POINT('',(281.75458822059,1.931322342795,
    -0.536448013766));
#3166 = CARTESIAN_POINT('',(281.79024752871,1.985445723633,
    -0.27529573509));
#3167 = CARTESIAN_POINT('',(281.79974218524,1.999613277051,
    -0.141933186246));
#3168 = CARTESIAN_POINT('',(281.80024751697,2.00037127626,0.130816834654
    ));
#3169 = CARTESIAN_POINT('',(281.79109012859,1.986711358148,
    0.266359213866));
#3170 = CARTESIAN_POINT('',(281.75594605864,1.933395708288,0.52910328536
    ));
#3171 = CARTESIAN_POINT('',(281.72951277353,1.893043027256,
    0.658552691627));
#3172 = CARTESIAN_POINT('',(281.6317038999,1.739199306485,1.021958891097
    ));
#3173 = CARTESIAN_POINT('',(281.5401731423,1.591096883754,1.23798937829)
  );
#3174 = CARTESIAN_POINT('',(281.39643882639,1.321837618666,
    1.506252654252));
#3175 = CARTESIAN_POINT('',(281.34677979511,1.22267564953,1.587810614174
    ));
#3176 = CARTESIAN_POINT('',(281.25275730989,1.012357071565,
    1.729511910941));
#3177 = CARTESIAN_POINT('',(281.20806103318,0.900794597328,
    1.790350014774));
#3178 = CARTESIAN_POINT('',(281.09002139316,0.543037613088,
    1.942227195431));
#3179 = CARTESIAN_POINT('',(281.0360679775,0.273568142831,2.));
#3180 = CARTESIAN_POINT('',(281.0360679775,-2.35E-15,2.));
#3181 = ORIENTED_EDGE('',*,*,#129,.F.);
#3182 = ORIENTED_EDGE('',*,*,#3183,.F.);
#3183 = EDGE_CURVE('',#22,#41,#3184,.T.);
#3184 = CIRCLE('',#3185,2.);
#3185 = AXIS2_PLACEMENT_3D('',#3186,#3187,#3188);
#3186 = CARTESIAN_POINT('',(344.5,0.,0.));
#3187 = DIRECTION('',(1.,-0.,0.));
#3188 = DIRECTION('',(0.,0.,-1.));
#3189 = ORIENTED_EDGE('',*,*,#172,.T.);
#3190 = FACE_BOUND('',#3191,.F.);
#3191 = EDGE_LOOP('',(#3192,#3221));
#3192 = ORIENTED_EDGE('',*,*,#3193,.T.);
#3193 = EDGE_CURVE('',#501,#455,#3194,.T.);
#3194 = B_SPLINE_CURVE_WITH_KNOTS('',3,(#3195,#3196,#3197,#3198,#3199,
    #3200,#3201,#3202,#3203,#3204,#3205,#3206,#3207,#3208,#3209,#3210,
    #3211,#3212,#3213,#3214,#3215,#3216,#3217,#3218,#3219,#3220),
  .UNSPECIFIED.,.F.,.F.,(4,2,2,2,2,2,2,2,2,2,2,2,4),(0.,
    6.881187716191E-04,1.032178157429E-03,1.376237543238E-03,
    1.720296929048E-03,2.064356314857E-03,2.408415700667E-03,
    2.752475086476E-03,3.096534472286E-03,3.440593858095E-03,
    4.128712629715E-03,4.816831401334E-03,5.504950172953E-03),
  .UNSPECIFIED.);
#3195 = CARTESIAN_POINT('',(336.4,1.130265455546,-1.65));
#3196 = CARTESIAN_POINT('',(336.63325410983,1.130265455546,-1.65));
#3197 = CARTESIAN_POINT('',(336.85362607172,1.206406762548,
    -1.600114593934));
#3198 = CARTESIAN_POINT('',(337.14198627158,1.349473524441,
    -1.477452944917));
#3199 = CARTESIAN_POINT('',(337.23314033666,1.402617971221,
    -1.427819442098));
#3200 = CARTESIAN_POINT('',(337.40177492306,1.508896069681,
    -1.315005012662));
#3201 = CARTESIAN_POINT('',(337.48008513549,1.562521360251,
    -1.251531238035));
#3202 = CARTESIAN_POINT('',(337.62607505583,1.666778072764,
    -1.108897784818));
#3203 = CARTESIAN_POINT('',(337.69412554303,1.717784160068,
    -1.028964544245));
#3204 = CARTESIAN_POINT('',(337.81413687349,1.809918394966,
    -0.856589666911));
#3205 = CARTESIAN_POINT('',(337.86673455865,1.851514988865,
    -0.763754295812));
#3206 = CARTESIAN_POINT('',(337.9552331119,1.922380690916,
    -0.562032790462));
#3207 = CARTESIAN_POINT('',(337.98993799983,1.950697022716,
    -0.455410656436));
#3208 = CARTESIAN_POINT('',(338.03722059264,1.989423861342,
    -0.234116296639));
#3209 = CARTESIAN_POINT('',(338.0497704789,1.999810645214,
    -0.117713628253));
#3210 = CARTESIAN_POINT('',(338.05022307057,2.000184033106,
    0.111188797521));
#3211 = CARTESIAN_POINT('',(338.03829650553,1.990310697318,
    0.226783543809));
#3212 = CARTESIAN_POINT('',(337.99165991639,1.952102077568,
    0.449516324905));
#3213 = CARTESIAN_POINT('',(337.95756053725,1.924266263698,0.55563658469
    ));
#3214 = CARTESIAN_POINT('',(337.82546036999,1.818422550444,
    0.859924473106));
#3215 = CARTESIAN_POINT('',(337.7020264247,1.721148244801,1.033976301824
    ));
#3216 = CARTESIAN_POINT('',(337.40997799468,1.512327352028,
    1.320728682821));
#3217 = CARTESIAN_POINT('',(337.23988486448,1.398286661587,
    1.435483691867));
#3218 = CARTESIAN_POINT('',(336.85618170487,1.20743560915,1.599349326239
    ));
#3219 = CARTESIAN_POINT('',(336.63338099002,1.130265455546,1.65));
#3220 = CARTESIAN_POINT('',(336.4,1.130265455546,1.65));
#3221 = ORIENTED_EDGE('',*,*,#508,.T.);
#3222 = CYLINDRICAL_SURFACE('',#3223,2.);
#3223 = AXIS2_PLACEMENT_3D('',#3224,#3225,#3226);
#3224 = CARTESIAN_POINT('',(345.,0.,0.));
#3225 = DIRECTION('',(-1.,-0.,-0.));
#3226 = DIRECTION('',(-0.,0.,1.));
#3227 = ADVANCED_FACE('',(#3228),#3244,.F.);
#3228 = FACE_BOUND('',#3229,.T.);
#3229 = EDGE_LOOP('',(#3230,#3236,#3237,#3243));
#3230 = ORIENTED_EDGE('',*,*,#3231,.F.);
#3231 = EDGE_CURVE('',#1860,#2518,#3232,.T.);
#3232 = LINE('',#3233,#3234);
#3233 = CARTESIAN_POINT('',(345.,-0.5,-4.));
#3234 = VECTOR('',#3235,1.);
#3235 = DIRECTION('',(-1.,-0.,-0.));
#3236 = ORIENTED_EDGE('',*,*,#1857,.F.);
#3237 = ORIENTED_EDGE('',*,*,#3238,.F.);
#3238 = EDGE_CURVE('',#2526,#1858,#3239,.T.);
#3239 = LINE('',#3240,#3241);
#3240 = CARTESIAN_POINT('',(345.,-3.010050506339,-4.));
#3241 = VECTOR('',#3242,1.);
#3242 = DIRECTION('',(1.,0.,0.));
#3243 = ORIENTED_EDGE('',*,*,#2525,.T.);
#3244 = PLANE('',#3245);
#3245 = AXIS2_PLACEMENT_3D('',#3246,#3247,#3248);
#3246 = CARTESIAN_POINT('',(345.,3.010050506339,-4.));
#3247 = DIRECTION('',(-0.,2.9E-16,1.));
#3248 = DIRECTION('',(0.,-1.,2.9E-16));
#3249 = ADVANCED_FACE('',(#3250),#3261,.F.);
#3250 = FACE_BOUND('',#3251,.T.);
#3251 = EDGE_LOOP('',(#3252,#3253,#3254,#3260));
#3252 = ORIENTED_EDGE('',*,*,#3238,.T.);
#3253 = ORIENTED_EDGE('',*,*,#2468,.F.);
#3254 = ORIENTED_EDGE('',*,*,#3255,.F.);
#3255 = EDGE_CURVE('',#2534,#2461,#3256,.T.);
#3256 = LINE('',#3257,#3258);
#3257 = CARTESIAN_POINT('',(345.,-5.210050506339,-6.2));
#3258 = VECTOR('',#3259,1.);
#3259 = DIRECTION('',(1.,0.,0.));
#3260 = ORIENTED_EDGE('',*,*,#2533,.T.);
#3261 = PLANE('',#3262);
#3262 = AXIS2_PLACEMENT_3D('',#3263,#3264,#3265);
#3263 = CARTESIAN_POINT('',(345.,-5.210050506339,-6.2));
#3264 = DIRECTION('',(0.,-0.707106781187,0.707106781187));
#3265 = DIRECTION('',(0.,-0.707106781187,-0.707106781187));
#3266 = ADVANCED_FACE('',(#3267),#3278,.F.);
#3267 = FACE_BOUND('',#3268,.T.);
#3268 = EDGE_LOOP('',(#3269,#3270,#3271,#3277));
#3269 = ORIENTED_EDGE('',*,*,#3255,.T.);
#3270 = ORIENTED_EDGE('',*,*,#2460,.F.);
#3271 = ORIENTED_EDGE('',*,*,#3272,.F.);
#3272 = EDGE_CURVE('',#2542,#2453,#3273,.T.);
#3273 = LINE('',#3274,#3275);
#3274 = CARTESIAN_POINT('',(345.,-5.210050506339,-8.2));
#3275 = VECTOR('',#3276,1.);
#3276 = DIRECTION('',(1.,0.,0.));
#3277 = ORIENTED_EDGE('',*,*,#2541,.T.);
#3278 = PLANE('',#3279);
#3279 = AXIS2_PLACEMENT_3D('',#3280,#3281,#3282);
#3280 = CARTESIAN_POINT('',(345.,-5.210050506339,-8.2));
#3281 = DIRECTION('',(0.,-1.,4.3E-16));
#3282 = DIRECTION('',(0.,-4.3E-16,-1.));
#3283 = ADVANCED_FACE('',(#3284),#3300,.F.);
#3284 = FACE_BOUND('',#3285,.T.);
#3285 = EDGE_LOOP('',(#3286,#3292,#3293,#3299));
#3286 = ORIENTED_EDGE('',*,*,#3287,.F.);
#3287 = EDGE_CURVE('',#2567,#2427,#3288,.T.);
#3288 = LINE('',#3289,#3290);
#3289 = CARTESIAN_POINT('',(345.,-4.741421356237,-9.941421356237));
#3290 = VECTOR('',#3291,1.);
#3291 = DIRECTION('',(1.,0.,0.));
#3292 = ORIENTED_EDGE('',*,*,#2566,.T.);
#3293 = ORIENTED_EDGE('',*,*,#3294,.F.);
#3294 = EDGE_CURVE('',#2436,#2558,#3295,.T.);
#3295 = LINE('',#3296,#3297);
#3296 = CARTESIAN_POINT('',(345.,-3.341421356237,-8.541421356237));
#3297 = VECTOR('',#3298,1.);
#3298 = DIRECTION('',(-1.,-0.,-0.));
#3299 = ORIENTED_EDGE('',*,*,#2435,.F.);
#3300 = PLANE('',#3301);
#3301 = AXIS2_PLACEMENT_3D('',#3302,#3303,#3304);
#3302 = CARTESIAN_POINT('',(345.,-4.8,-10.));
#3303 = DIRECTION('',(0.,-0.707106781187,0.707106781187));
#3304 = DIRECTION('',(0.,-0.707106781187,-0.707106781187));
#3305 = ADVANCED_FACE('',(#3306),#3322,.F.);
#3306 = FACE_BOUND('',#3307,.T.);
#3307 = EDGE_LOOP('',(#3308,#3314,#3315,#3321));
#3308 = ORIENTED_EDGE('',*,*,#3309,.F.);
#3309 = EDGE_CURVE('',#2584,#2410,#3310,.T.);
#3310 = LINE('',#3311,#3312);
#3311 = CARTESIAN_POINT('',(345.,-9.8,-10.));
#3312 = VECTOR('',#3313,1.);
#3313 = DIRECTION('',(1.,0.,0.));
#3314 = ORIENTED_EDGE('',*,*,#2583,.T.);
#3315 = ORIENTED_EDGE('',*,*,#3316,.F.);
#3316 = EDGE_CURVE('',#2419,#2575,#3317,.T.);
#3317 = LINE('',#3318,#3319);
#3318 = CARTESIAN_POINT('',(345.,-4.882842712475,-10.));
#3319 = VECTOR('',#3320,1.);
#3320 = DIRECTION('',(-1.,-0.,-0.));
#3321 = ORIENTED_EDGE('',*,*,#2418,.F.);
#3322 = PLANE('',#3323);
#3323 = AXIS2_PLACEMENT_3D('',#3324,#3325,#3326);
#3324 = CARTESIAN_POINT('',(345.,10.,-10.));
#3325 = DIRECTION('',(0.,-1.7E-16,1.));
#3326 = DIRECTION('',(0.,-1.,-1.7E-16));
#3327 = ADVANCED_FACE('',(#3328),#3344,.F.);
#3328 = FACE_BOUND('',#3329,.T.);
#3329 = EDGE_LOOP('',(#3330,#3336,#3337,#3343));
#3330 = ORIENTED_EDGE('',*,*,#3331,.F.);
#3331 = EDGE_CURVE('',#2402,#2592,#3332,.T.);
#3332 = LINE('',#3333,#3334);
#3333 = CARTESIAN_POINT('',(345.,-10.,-9.8));
#3334 = VECTOR('',#3335,1.);
#3335 = DIRECTION('',(-1.,-0.,0.));
#3336 = ORIENTED_EDGE('',*,*,#2401,.F.);
#3337 = ORIENTED_EDGE('',*,*,#3338,.F.);
#3338 = EDGE_CURVE('',#2601,#2393,#3339,.T.);
#3339 = LINE('',#3340,#3341);
#3340 = CARTESIAN_POINT('',(345.,-10.,-4.882842712475));
#3341 = VECTOR('',#3342,1.);
#3342 = DIRECTION('',(1.,0.,-0.));
#3343 = ORIENTED_EDGE('',*,*,#2600,.T.);
#3344 = PLANE('',#3345);
#3345 = AXIS2_PLACEMENT_3D('',#3346,#3347,#3348);
#3346 = CARTESIAN_POINT('',(345.,-10.,10.));
#3347 = DIRECTION('',(0.,1.,0.));
#3348 = DIRECTION('',(0.,-0.,1.));
#3349 = ADVANCED_FACE('',(#3350),#3361,.F.);
#3350 = FACE_BOUND('',#3351,.T.);
#3351 = EDGE_LOOP('',(#3352,#3358,#3359,#3360));
#3352 = ORIENTED_EDGE('',*,*,#3353,.F.);
#3353 = EDGE_CURVE('',#2385,#2609,#3354,.T.);
#3354 = LINE('',#3355,#3356);
#3355 = CARTESIAN_POINT('',(345.,-9.941421356237,-4.741421356237));
#3356 = VECTOR('',#3357,1.);
#3357 = DIRECTION('',(-1.,0.,-0.));
#3358 = ORIENTED_EDGE('',*,*,#2384,.F.);
#3359 = ORIENTED_EDGE('',*,*,#575,.F.);
#3360 = ORIENTED_EDGE('',*,*,#2617,.T.);
#3361 = PLANE('',#3362);
#3362 = AXIS2_PLACEMENT_3D('',#3363,#3364,#3365);
#3363 = CARTESIAN_POINT('',(345.,-10.,-4.8));
#3364 = DIRECTION('',(0.,0.707106781187,-0.707106781187));
#3365 = DIRECTION('',(0.,0.707106781187,0.707106781187));
#3366 = ADVANCED_FACE('',(#3367),#3383,.F.);
#3367 = FACE_BOUND('',#3368,.T.);
#3368 = EDGE_LOOP('',(#3369,#3375,#3376,#3382));
#3369 = ORIENTED_EDGE('',*,*,#3370,.F.);
#3370 = EDGE_CURVE('',#2361,#2634,#3371,.T.);
#3371 = LINE('',#3372,#3373);
#3372 = CARTESIAN_POINT('',(345.,-8.2,-5.210050506339));
#3373 = VECTOR('',#3374,1.);
#3374 = DIRECTION('',(-1.,0.,-0.));
#3375 = ORIENTED_EDGE('',*,*,#2360,.F.);
#3376 = ORIENTED_EDGE('',*,*,#3377,.F.);
#3377 = EDGE_CURVE('',#2642,#2353,#3378,.T.);
#3378 = LINE('',#3379,#3380);
#3379 = CARTESIAN_POINT('',(345.,-6.2,-5.210050506339));
#3380 = VECTOR('',#3381,1.);
#3381 = DIRECTION('',(1.,-0.,0.));
#3382 = ORIENTED_EDGE('',*,*,#2641,.T.);
#3383 = PLANE('',#3384);
#3384 = AXIS2_PLACEMENT_3D('',#3385,#3386,#3387);
#3385 = CARTESIAN_POINT('',(345.,-8.2,-5.210050506339));
#3386 = DIRECTION('',(0.,0.,-1.));
#3387 = DIRECTION('',(-1.,0.,-0.));
#3388 = ADVANCED_FACE('',(#3389),#3400,.F.);
#3389 = FACE_BOUND('',#3390,.T.);
#3390 = EDGE_LOOP('',(#3391,#3392,#3393,#3399));
#3391 = ORIENTED_EDGE('',*,*,#3377,.T.);
#3392 = ORIENTED_EDGE('',*,*,#2352,.F.);
#3393 = ORIENTED_EDGE('',*,*,#3394,.F.);
#3394 = EDGE_CURVE('',#2650,#2345,#3395,.T.);
#3395 = LINE('',#3396,#3397);
#3396 = CARTESIAN_POINT('',(345.,-4.,-3.010050506339));
#3397 = VECTOR('',#3398,1.);
#3398 = DIRECTION('',(1.,-0.,0.));
#3399 = ORIENTED_EDGE('',*,*,#2649,.T.);
#3400 = PLANE('',#3401);
#3401 = AXIS2_PLACEMENT_3D('',#3402,#3403,#3404);
#3402 = CARTESIAN_POINT('',(345.,-6.2,-5.210050506339));
#3403 = DIRECTION('',(0.,0.707106781187,-0.707106781187));
#3404 = DIRECTION('',(0.,0.707106781187,0.707106781187));
#3405 = ADVANCED_FACE('',(#3406),#3513,.F.);
#3406 = FACE_BOUND('',#3407,.T.);
#3407 = EDGE_LOOP('',(#3408,#3409,#3415,#3416,#3417,#3418,#3426,#3433,
    #3434,#3442,#3449,#3450,#3458,#3465,#3466,#3474,#3481,#3482,#3490,
    #3497,#3498,#3506));
#3408 = ORIENTED_EDGE('',*,*,#667,.F.);
#3409 = ORIENTED_EDGE('',*,*,#3410,.F.);
#3410 = EDGE_CURVE('',#2658,#590,#3411,.T.);
#3411 = LINE('',#3412,#3413);
#3412 = CARTESIAN_POINT('',(345.,-4.,-0.5));
#3413 = VECTOR('',#3414,1.);
#3414 = DIRECTION('',(1.,0.,-0.));
#3415 = ORIENTED_EDGE('',*,*,#2657,.T.);
#3416 = ORIENTED_EDGE('',*,*,#3394,.T.);
#3417 = ORIENTED_EDGE('',*,*,#2344,.F.);
#3418 = ORIENTED_EDGE('',*,*,#3419,.F.);
#3419 = EDGE_CURVE('',#3420,#2337,#3422,.T.);
#3420 = VERTEX_POINT('',#3421);
#3421 = CARTESIAN_POINT('',(337.97241851935,-4.,-0.5));
#3422 = LINE('',#3423,#3424);
#3423 = CARTESIAN_POINT('',(345.,-4.,-0.5));
#3424 = VECTOR('',#3425,1.);
#3425 = DIRECTION('',(1.,0.,-0.));
#3426 = ORIENTED_EDGE('',*,*,#3427,.F.);
#3427 = EDGE_CURVE('',#432,#3420,#3428,.T.);
#3428 = CIRCLE('',#3429,1.65);
#3429 = AXIS2_PLACEMENT_3D('',#3430,#3431,#3432);
#3430 = CARTESIAN_POINT('',(336.4,-4.,-1.11E-15));
#3431 = DIRECTION('',(0.,-1.,-9.E-17));
#3432 = DIRECTION('',(-3.364E-14,-9.E-17,1.));
#3433 = ORIENTED_EDGE('',*,*,#439,.F.);
#3434 = ORIENTED_EDGE('',*,*,#3435,.F.);
#3435 = EDGE_CURVE('',#3436,#396,#3438,.T.);
#3436 = VERTEX_POINT('',#3437);
#3437 = CARTESIAN_POINT('',(281.75803989155,-4.,-0.5));
#3438 = LINE('',#3439,#3440);
#3439 = CARTESIAN_POINT('',(345.,-4.,-0.5));
#3440 = VECTOR('',#3441,1.);
#3441 = DIRECTION('',(1.,0.,-0.));
#3442 = ORIENTED_EDGE('',*,*,#3443,.F.);
#3443 = EDGE_CURVE('',#373,#3436,#3444,.T.);
#3444 = CIRCLE('',#3445,3.);
#3445 = AXIS2_PLACEMENT_3D('',#3446,#3447,#3448);
#3446 = CARTESIAN_POINT('',(278.8,-4.,-1.11E-15));
#3447 = DIRECTION('',(-0.,-1.,-9.E-17));
#3448 = DIRECTION('',(0.,-9.E-17,1.));
#3449 = ORIENTED_EDGE('',*,*,#380,.F.);
#3450 = ORIENTED_EDGE('',*,*,#3451,.F.);
#3451 = EDGE_CURVE('',#3452,#300,#3454,.T.);
#3452 = VERTEX_POINT('',#3453);
#3453 = CARTESIAN_POINT('',(258.27241851935,-4.,-0.5));
#3454 = LINE('',#3455,#3456);
#3455 = CARTESIAN_POINT('',(345.,-4.,-0.5));
#3456 = VECTOR('',#3457,1.);
#3457 = DIRECTION('',(1.,0.,-0.));
#3458 = ORIENTED_EDGE('',*,*,#3459,.F.);
#3459 = EDGE_CURVE('',#753,#3452,#3460,.T.);
#3460 = CIRCLE('',#3461,1.65);
#3461 = AXIS2_PLACEMENT_3D('',#3462,#3463,#3464);
#3462 = CARTESIAN_POINT('',(256.7,-4.,-1.11E-15));
#3463 = DIRECTION('',(0.,-1.,-9.E-17));
#3464 = DIRECTION('',(-3.364E-14,-9.E-17,1.));
#3465 = ORIENTED_EDGE('',*,*,#760,.F.);
#3466 = ORIENTED_EDGE('',*,*,#3467,.F.);
#3467 = EDGE_CURVE('',#3468,#683,#3470,.T.);
#3468 = VERTEX_POINT('',#3469);
#3469 = CARTESIAN_POINT('',(51.55803989155,-4.,-0.5));
#3470 = LINE('',#3471,#3472);
#3471 = CARTESIAN_POINT('',(345.,-4.,-0.5));
#3472 = VECTOR('',#3473,1.);
#3473 = DIRECTION('',(1.,0.,-0.));
#3474 = ORIENTED_EDGE('',*,*,#3475,.F.);
#3475 = EDGE_CURVE('',#919,#3468,#3476,.T.);
#3476 = CIRCLE('',#3477,3.);
#3477 = AXIS2_PLACEMENT_3D('',#3478,#3479,#3480);
#3478 = CARTESIAN_POINT('',(48.6,-4.,-3.5E-16));
#3479 = DIRECTION('',(-0.,-1.,-9.E-17));
#3480 = DIRECTION('',(0.,-9.E-17,1.));
#3481 = ORIENTED_EDGE('',*,*,#926,.F.);
#3482 = ORIENTED_EDGE('',*,*,#3483,.F.);
#3483 = EDGE_CURVE('',#3484,#846,#3486,.T.);
#3484 = VERTEX_POINT('',#3485);
#3485 = CARTESIAN_POINT('',(30.572418519352,-4.,-0.5));
#3486 = LINE('',#3487,#3488);
#3487 = CARTESIAN_POINT('',(345.,-4.,-0.5));
#3488 = VECTOR('',#3489,1.);
#3489 = DIRECTION('',(1.,0.,-0.));
#3490 = ORIENTED_EDGE('',*,*,#3491,.F.);
#3491 = EDGE_CURVE('',#1012,#3484,#3492,.T.);
#3492 = CIRCLE('',#3493,1.65);
#3493 = AXIS2_PLACEMENT_3D('',#3494,#3495,#3496);
#3494 = CARTESIAN_POINT('',(29.,-4.,-1.11E-15));
#3495 = DIRECTION('',(0.,-1.,-9.E-17));
#3496 = DIRECTION('',(2.1E-15,-9.E-17,1.));
#3497 = ORIENTED_EDGE('',*,*,#1019,.F.);
#3498 = ORIENTED_EDGE('',*,*,#3499,.F.);
#3499 = EDGE_CURVE('',#3500,#944,#3502,.T.);
#3500 = VERTEX_POINT('',#3501);
#3501 = CARTESIAN_POINT('',(4.572418519352,-4.,-0.5));
#3502 = LINE('',#3503,#3504);
#3503 = CARTESIAN_POINT('',(345.,-4.,-0.5));
#3504 = VECTOR('',#3505,1.);
#3505 = DIRECTION('',(1.,0.,-0.));
#3506 = ORIENTED_EDGE('',*,*,#3507,.F.);
#3507 = EDGE_CURVE('',#660,#3500,#3508,.T.);
#3508 = CIRCLE('',#3509,1.65);
#3509 = AXIS2_PLACEMENT_3D('',#3510,#3511,#3512);
#3510 = CARTESIAN_POINT('',(3.,-4.,-1.21E-15));
#3511 = DIRECTION('',(-0.,-1.,-9.E-17));
#3512 = DIRECTION('',(0.,-9.E-17,1.));
#3513 = PLANE('',#3514);
#3514 = AXIS2_PLACEMENT_3D('',#3515,#3516,#3517);
#3515 = CARTESIAN_POINT('',(345.,-4.,-3.010050506339));
#3516 = DIRECTION('',(0.,1.,0.));
#3517 = DIRECTION('',(0.,-0.,1.));
#3518 = ADVANCED_FACE('',(#3519),#3631,.F.);
#3519 = FACE_BOUND('',#3520,.T.);
#3520 = EDGE_LOOP('',(#3521,#3530,#3536,#3537,#3546,#3552,#3553,#3562,
    #3568,#3569,#3578,#3584,#3585,#3594,#3600,#3601,#3610,#3616,#3617,
    #3623,#3624,#3630));
#3521 = ORIENTED_EDGE('',*,*,#3522,.F.);
#3522 = EDGE_CURVE('',#3523,#610,#3525,.T.);
#3523 = VERTEX_POINT('',#3524);
#3524 = CARTESIAN_POINT('',(4.572418519352,-4.,0.5));
#3525 = CIRCLE('',#3526,1.65);
#3526 = AXIS2_PLACEMENT_3D('',#3527,#3528,#3529);
#3527 = CARTESIAN_POINT('',(3.,-4.,-1.21E-15));
#3528 = DIRECTION('',(0.,-1.,-9.E-17));
#3529 = DIRECTION('',(1.84E-15,-9.E-17,1.));
#3530 = ORIENTED_EDGE('',*,*,#3531,.F.);
#3531 = EDGE_CURVE('',#953,#3523,#3532,.T.);
#3532 = LINE('',#3533,#3534);
#3533 = CARTESIAN_POINT('',(345.,-4.,0.5));
#3534 = VECTOR('',#3535,1.);
#3535 = DIRECTION('',(-1.,-0.,0.));
#3536 = ORIENTED_EDGE('',*,*,#961,.F.);
#3537 = ORIENTED_EDGE('',*,*,#3538,.F.);
#3538 = EDGE_CURVE('',#3539,#962,#3541,.T.);
#3539 = VERTEX_POINT('',#3540);
#3540 = CARTESIAN_POINT('',(30.572418519352,-4.,0.5));
#3541 = CIRCLE('',#3542,1.65);
#3542 = AXIS2_PLACEMENT_3D('',#3543,#3544,#3545);
#3543 = CARTESIAN_POINT('',(29.,-4.,-1.11E-15));
#3544 = DIRECTION('',(-0.,-1.,-9.E-17));
#3545 = DIRECTION('',(0.,-9.E-17,1.));
#3546 = ORIENTED_EDGE('',*,*,#3547,.F.);
#3547 = EDGE_CURVE('',#857,#3539,#3548,.T.);
#3548 = LINE('',#3549,#3550);
#3549 = CARTESIAN_POINT('',(345.,-4.,0.5));
#3550 = VECTOR('',#3551,1.);
#3551 = DIRECTION('',(-1.,-0.,0.));
#3552 = ORIENTED_EDGE('',*,*,#865,.F.);
#3553 = ORIENTED_EDGE('',*,*,#3554,.F.);
#3554 = EDGE_CURVE('',#3555,#866,#3557,.T.);
#3555 = VERTEX_POINT('',#3556);
#3556 = CARTESIAN_POINT('',(51.55803989155,-4.,0.5));
#3557 = CIRCLE('',#3558,3.);
#3558 = AXIS2_PLACEMENT_3D('',#3559,#3560,#3561);
#3559 = CARTESIAN_POINT('',(48.6,-4.,-3.5E-16));
#3560 = DIRECTION('',(0.,-1.,-9.E-17));
#3561 = DIRECTION('',(-2.31E-15,-9.E-17,1.));
#3562 = ORIENTED_EDGE('',*,*,#3563,.F.);
#3563 = EDGE_CURVE('',#694,#3555,#3564,.T.);
#3564 = LINE('',#3565,#3566);
#3565 = CARTESIAN_POINT('',(345.,-4.,0.5));
#3566 = VECTOR('',#3567,1.);
#3567 = DIRECTION('',(-1.,-0.,0.));
#3568 = ORIENTED_EDGE('',*,*,#702,.F.);
#3569 = ORIENTED_EDGE('',*,*,#3570,.F.);
#3570 = EDGE_CURVE('',#3571,#703,#3573,.T.);
#3571 = VERTEX_POINT('',#3572);
#3572 = CARTESIAN_POINT('',(258.27241851935,-4.,0.5));
#3573 = CIRCLE('',#3574,1.65);
#3574 = AXIS2_PLACEMENT_3D('',#3575,#3576,#3577);
#3575 = CARTESIAN_POINT('',(256.7,-4.,-1.11E-15));
#3576 = DIRECTION('',(0.,-1.,-9.E-17));
#3577 = DIRECTION('',(-3.364E-14,-9.E-17,1.));
#3578 = ORIENTED_EDGE('',*,*,#3579,.F.);
#3579 = EDGE_CURVE('',#311,#3571,#3580,.T.);
#3580 = LINE('',#3581,#3582);
#3581 = CARTESIAN_POINT('',(345.,-4.,0.5));
#3582 = VECTOR('',#3583,1.);
#3583 = DIRECTION('',(-1.,-0.,0.));
#3584 = ORIENTED_EDGE('',*,*,#319,.F.);
#3585 = ORIENTED_EDGE('',*,*,#3586,.F.);
#3586 = EDGE_CURVE('',#3587,#320,#3589,.T.);
#3587 = VERTEX_POINT('',#3588);
#3588 = CARTESIAN_POINT('',(281.75803989155,-4.,0.5));
#3589 = CIRCLE('',#3590,3.);
#3590 = AXIS2_PLACEMENT_3D('',#3591,#3592,#3593);
#3591 = CARTESIAN_POINT('',(278.8,-4.,-1.11E-15));
#3592 = DIRECTION('',(-0.,-1.,-9.E-17));
#3593 = DIRECTION('',(0.,-9.E-17,1.));
#3594 = ORIENTED_EDGE('',*,*,#3595,.F.);
#3595 = EDGE_CURVE('',#407,#3587,#3596,.T.);
#3596 = LINE('',#3597,#3598);
#3597 = CARTESIAN_POINT('',(345.,-4.,0.5));
#3598 = VECTOR('',#3599,1.);
#3599 = DIRECTION('',(-1.,-0.,0.));
#3600 = ORIENTED_EDGE('',*,*,#415,.F.);
#3601 = ORIENTED_EDGE('',*,*,#3602,.F.);
#3602 = EDGE_CURVE('',#3603,#416,#3605,.T.);
#3603 = VERTEX_POINT('',#3604);
#3604 = CARTESIAN_POINT('',(337.97241851935,-4.,0.5));
#3605 = CIRCLE('',#3606,1.65);
#3606 = AXIS2_PLACEMENT_3D('',#3607,#3608,#3609);
#3607 = CARTESIAN_POINT('',(336.4,-4.,-1.11E-15));
#3608 = DIRECTION('',(0.,-1.,-9.E-17));
#3609 = DIRECTION('',(-3.364E-14,-9.E-17,1.));
#3610 = ORIENTED_EDGE('',*,*,#3611,.F.);
#3611 = EDGE_CURVE('',#2321,#3603,#3612,.T.);
#3612 = LINE('',#3613,#3614);
#3613 = CARTESIAN_POINT('',(345.,-4.,0.5));
#3614 = VECTOR('',#3615,1.);
#3615 = DIRECTION('',(-1.,-0.,0.));
#3616 = ORIENTED_EDGE('',*,*,#2320,.F.);
#3617 = ORIENTED_EDGE('',*,*,#3618,.F.);
#3618 = EDGE_CURVE('',#2682,#2313,#3619,.T.);
#3619 = LINE('',#3620,#3621);
#3620 = CARTESIAN_POINT('',(345.,-4.,3.010050506339));
#3621 = VECTOR('',#3622,1.);
#3622 = DIRECTION('',(1.,0.,-0.));
#3623 = ORIENTED_EDGE('',*,*,#2681,.T.);
#3624 = ORIENTED_EDGE('',*,*,#3625,.F.);
#3625 = EDGE_CURVE('',#601,#2674,#3626,.T.);
#3626 = LINE('',#3627,#3628);
#3627 = CARTESIAN_POINT('',(345.,-4.,0.5));
#3628 = VECTOR('',#3629,1.);
#3629 = DIRECTION('',(-1.,-0.,0.));
#3630 = ORIENTED_EDGE('',*,*,#609,.F.);
#3631 = PLANE('',#3632);
#3632 = AXIS2_PLACEMENT_3D('',#3633,#3634,#3635);
#3633 = CARTESIAN_POINT('',(345.,-4.,-3.010050506339));
#3634 = DIRECTION('',(0.,1.,0.));
#3635 = DIRECTION('',(0.,-0.,1.));
#3636 = ADVANCED_FACE('',(#3637),#3648,.F.);
#3637 = FACE_BOUND('',#3638,.T.);
#3638 = EDGE_LOOP('',(#3639,#3640,#3641,#3647));
#3639 = ORIENTED_EDGE('',*,*,#3618,.T.);
#3640 = ORIENTED_EDGE('',*,*,#2312,.F.);
#3641 = ORIENTED_EDGE('',*,*,#3642,.F.);
#3642 = EDGE_CURVE('',#2690,#2305,#3643,.T.);
#3643 = LINE('',#3644,#3645);
#3644 = CARTESIAN_POINT('',(345.,-6.2,5.210050506339));
#3645 = VECTOR('',#3646,1.);
#3646 = DIRECTION('',(1.,0.,0.));
#3647 = ORIENTED_EDGE('',*,*,#2689,.T.);
#3648 = PLANE('',#3649);
#3649 = AXIS2_PLACEMENT_3D('',#3650,#3651,#3652);
#3650 = CARTESIAN_POINT('',(345.,-6.2,5.210050506339));
#3651 = DIRECTION('',(-0.,0.707106781187,0.707106781187));
#3652 = DIRECTION('',(0.,-0.707106781187,0.707106781187));
#3653 = ADVANCED_FACE('',(#3654),#3665,.F.);
#3654 = FACE_BOUND('',#3655,.T.);
#3655 = EDGE_LOOP('',(#3656,#3657,#3658,#3664));
#3656 = ORIENTED_EDGE('',*,*,#3642,.T.);
#3657 = ORIENTED_EDGE('',*,*,#2304,.F.);
#3658 = ORIENTED_EDGE('',*,*,#3659,.F.);
#3659 = EDGE_CURVE('',#2698,#2297,#3660,.T.);
#3660 = LINE('',#3661,#3662);
#3661 = CARTESIAN_POINT('',(345.,-8.2,5.210050506339));
#3662 = VECTOR('',#3663,1.);
#3663 = DIRECTION('',(1.,0.,-0.));
#3664 = ORIENTED_EDGE('',*,*,#2697,.T.);
#3665 = PLANE('',#3666);
#3666 = AXIS2_PLACEMENT_3D('',#3667,#3668,#3669);
#3667 = CARTESIAN_POINT('',(345.,-8.2,5.210050506339));
#3668 = DIRECTION('',(0.,0.,1.));
#3669 = DIRECTION('',(1.,0.,-0.));
#3670 = ADVANCED_FACE('',(#3671),#3682,.F.);
#3671 = FACE_BOUND('',#3672,.T.);
#3672 = EDGE_LOOP('',(#3673,#3674,#3675,#3681));
#3673 = ORIENTED_EDGE('',*,*,#3135,.F.);
#3674 = ORIENTED_EDGE('',*,*,#2722,.T.);
#3675 = ORIENTED_EDGE('',*,*,#3676,.F.);
#3676 = EDGE_CURVE('',#2280,#2714,#3677,.T.);
#3677 = LINE('',#3678,#3679);
#3678 = CARTESIAN_POINT('',(345.,-8.541421356237,3.341421356237));
#3679 = VECTOR('',#3680,1.);
#3680 = DIRECTION('',(-1.,-0.,-0.));
#3681 = ORIENTED_EDGE('',*,*,#2279,.F.);
#3682 = PLANE('',#3683);
#3683 = AXIS2_PLACEMENT_3D('',#3684,#3685,#3686);
#3684 = CARTESIAN_POINT('',(345.,-10.,4.8));
#3685 = DIRECTION('',(-0.,0.707106781187,0.707106781187));
#3686 = DIRECTION('',(0.,-0.707106781187,0.707106781187));
#3687 = ADVANCED_FACE('',(#3688),#3699,.F.);
#3688 = FACE_BOUND('',#3689,.T.);
#3689 = EDGE_LOOP('',(#3690,#3691,#3692,#3698));
#3690 = ORIENTED_EDGE('',*,*,#2493,.F.);
#3691 = ORIENTED_EDGE('',*,*,#2254,.F.);
#3692 = ORIENTED_EDGE('',*,*,#3693,.F.);
#3693 = EDGE_CURVE('',#2740,#2246,#3694,.T.);
#3694 = LINE('',#3695,#3696);
#3695 = CARTESIAN_POINT('',(345.,-4.882842712475,10.));
#3696 = VECTOR('',#3697,1.);
#3697 = DIRECTION('',(1.,-0.,0.));
#3698 = ORIENTED_EDGE('',*,*,#2739,.T.);
#3699 = PLANE('',#3700);
#3700 = AXIS2_PLACEMENT_3D('',#3701,#3702,#3703);
#3701 = CARTESIAN_POINT('',(345.,10.,10.));
#3702 = DIRECTION('',(0.,9.E-17,-1.));
#3703 = DIRECTION('',(0.,1.,9.E-17));
#3704 = ADVANCED_FACE('',(#3705),#3721,.F.);
#3705 = FACE_BOUND('',#3706,.T.);
#3706 = EDGE_LOOP('',(#3707,#3713,#3714,#3720));
#3707 = ORIENTED_EDGE('',*,*,#3708,.F.);
#3708 = EDGE_CURVE('',#2238,#2748,#3709,.T.);
#3709 = LINE('',#3710,#3711);
#3710 = CARTESIAN_POINT('',(345.,-4.741421356237,9.941421356237));
#3711 = VECTOR('',#3712,1.);
#3712 = DIRECTION('',(-1.,-0.,-0.));
#3713 = ORIENTED_EDGE('',*,*,#2237,.F.);
#3714 = ORIENTED_EDGE('',*,*,#3715,.F.);
#3715 = EDGE_CURVE('',#2757,#2229,#3716,.T.);
#3716 = LINE('',#3717,#3718);
#3717 = CARTESIAN_POINT('',(345.,-3.341421356237,8.541421356237));
#3718 = VECTOR('',#3719,1.);
#3719 = DIRECTION('',(1.,0.,0.));
#3720 = ORIENTED_EDGE('',*,*,#2756,.T.);
#3721 = PLANE('',#3722);
#3722 = AXIS2_PLACEMENT_3D('',#3723,#3724,#3725);
#3723 = CARTESIAN_POINT('',(345.,-4.8,10.));
#3724 = DIRECTION('',(0.,-0.707106781187,-0.707106781187));
#3725 = DIRECTION('',(0.,0.707106781187,-0.707106781187));
#3726 = ADVANCED_FACE('',(#3727),#3743,.F.);
#3727 = FACE_BOUND('',#3728,.T.);
#3728 = EDGE_LOOP('',(#3729,#3735,#3736,#3742));
#3729 = ORIENTED_EDGE('',*,*,#3730,.F.);
#3730 = EDGE_CURVE('',#2213,#2774,#3731,.T.);
#3731 = LINE('',#3732,#3733);
#3732 = CARTESIAN_POINT('',(345.,-5.210050506339,8.2));
#3733 = VECTOR('',#3734,1.);
#3734 = DIRECTION('',(-1.,-0.,-0.));
#3735 = ORIENTED_EDGE('',*,*,#2212,.F.);
#3736 = ORIENTED_EDGE('',*,*,#3737,.F.);
#3737 = EDGE_CURVE('',#2782,#2205,#3738,.T.);
#3738 = LINE('',#3739,#3740);
#3739 = CARTESIAN_POINT('',(345.,-5.210050506339,6.2));
#3740 = VECTOR('',#3741,1.);
#3741 = DIRECTION('',(1.,0.,0.));
#3742 = ORIENTED_EDGE('',*,*,#2781,.T.);
#3743 = PLANE('',#3744);
#3744 = AXIS2_PLACEMENT_3D('',#3745,#3746,#3747);
#3745 = CARTESIAN_POINT('',(345.,-5.210050506339,8.2));
#3746 = DIRECTION('',(0.,-1.,4.3E-16));
#3747 = DIRECTION('',(0.,-4.3E-16,-1.));
#3748 = ADVANCED_FACE('',(#3749),#3760,.F.);
#3749 = FACE_BOUND('',#3750,.T.);
#3750 = EDGE_LOOP('',(#3751,#3752,#3753,#3759));
#3751 = ORIENTED_EDGE('',*,*,#3737,.T.);
#3752 = ORIENTED_EDGE('',*,*,#2204,.F.);
#3753 = ORIENTED_EDGE('',*,*,#3754,.F.);
#3754 = EDGE_CURVE('',#2790,#2197,#3755,.T.);
#3755 = LINE('',#3756,#3757);
#3756 = CARTESIAN_POINT('',(345.,-3.010050506339,4.));
#3757 = VECTOR('',#3758,1.);
#3758 = DIRECTION('',(1.,0.,0.));
#3759 = ORIENTED_EDGE('',*,*,#2789,.T.);
#3760 = PLANE('',#3761);
#3761 = AXIS2_PLACEMENT_3D('',#3762,#3763,#3764);
#3762 = CARTESIAN_POINT('',(345.,-5.210050506339,6.2));
#3763 = DIRECTION('',(0.,-0.707106781187,-0.707106781187));
#3764 = DIRECTION('',(0.,0.707106781187,-0.707106781187));
#3765 = ADVANCED_FACE('',(#3766),#3777,.F.);
#3766 = FACE_BOUND('',#3767,.T.);
#3767 = EDGE_LOOP('',(#3768,#3774,#3775,#3776));
#3768 = ORIENTED_EDGE('',*,*,#3769,.F.);
#3769 = EDGE_CURVE('',#2798,#2189,#3770,.T.);
#3770 = LINE('',#3771,#3772);
#3771 = CARTESIAN_POINT('',(345.,-0.5,4.));
#3772 = VECTOR('',#3773,1.);
#3773 = DIRECTION('',(1.,-0.,0.));
#3774 = ORIENTED_EDGE('',*,*,#2797,.T.);
#3775 = ORIENTED_EDGE('',*,*,#3754,.T.);
#3776 = ORIENTED_EDGE('',*,*,#2196,.F.);
#3777 = PLANE('',#3778);
#3778 = AXIS2_PLACEMENT_3D('',#3779,#3780,#3781);
#3779 = CARTESIAN_POINT('',(345.,-3.010050506339,4.));
#3780 = DIRECTION('',(0.,0.,-1.));
#3781 = DIRECTION('',(-1.,0.,-0.));
#3782 = ADVANCED_FACE('',(#3783),#3799,.F.);
#3783 = FACE_BOUND('',#3784,.T.);
#3784 = EDGE_LOOP('',(#3785,#3791,#3792,#3798));
#3785 = ORIENTED_EDGE('',*,*,#3786,.F.);
#3786 = EDGE_CURVE('',#2173,#2814,#3787,.T.);
#3787 = LINE('',#3788,#3789);
#3788 = CARTESIAN_POINT('',(345.,0.5,4.));
#3789 = VECTOR('',#3790,1.);
#3790 = DIRECTION('',(-1.,0.,-0.));
#3791 = ORIENTED_EDGE('',*,*,#2172,.F.);
#3792 = ORIENTED_EDGE('',*,*,#3793,.F.);
#3793 = EDGE_CURVE('',#2822,#2165,#3794,.T.);
#3794 = LINE('',#3795,#3796);
#3795 = CARTESIAN_POINT('',(345.,3.010050506339,4.));
#3796 = VECTOR('',#3797,1.);
#3797 = DIRECTION('',(1.,-0.,0.));
#3798 = ORIENTED_EDGE('',*,*,#2821,.T.);
#3799 = PLANE('',#3800);
#3800 = AXIS2_PLACEMENT_3D('',#3801,#3802,#3803);
#3801 = CARTESIAN_POINT('',(345.,-3.010050506339,4.));
#3802 = DIRECTION('',(0.,0.,-1.));
#3803 = DIRECTION('',(-1.,0.,-0.));
#3804 = ADVANCED_FACE('',(#3805),#3816,.F.);
#3805 = FACE_BOUND('',#3806,.T.);
#3806 = EDGE_LOOP('',(#3807,#3808,#3809,#3815));
#3807 = ORIENTED_EDGE('',*,*,#3793,.T.);
#3808 = ORIENTED_EDGE('',*,*,#2164,.F.);
#3809 = ORIENTED_EDGE('',*,*,#3810,.F.);
#3810 = EDGE_CURVE('',#2830,#2157,#3811,.T.);
#3811 = LINE('',#3812,#3813);
#3812 = CARTESIAN_POINT('',(345.,5.210050506339,6.2));
#3813 = VECTOR('',#3814,1.);
#3814 = DIRECTION('',(1.,-0.,0.));
#3815 = ORIENTED_EDGE('',*,*,#2829,.T.);
#3816 = PLANE('',#3817);
#3817 = AXIS2_PLACEMENT_3D('',#3818,#3819,#3820);
#3818 = CARTESIAN_POINT('',(345.,5.210050506339,6.2));
#3819 = DIRECTION('',(0.,0.707106781187,-0.707106781187));
#3820 = DIRECTION('',(0.,0.707106781187,0.707106781187));
#3821 = ADVANCED_FACE('',(#3822),#3833,.F.);
#3822 = FACE_BOUND('',#3823,.T.);
#3823 = EDGE_LOOP('',(#3824,#3825,#3826,#3832));
#3824 = ORIENTED_EDGE('',*,*,#3810,.T.);
#3825 = ORIENTED_EDGE('',*,*,#2156,.F.);
#3826 = ORIENTED_EDGE('',*,*,#3827,.F.);
#3827 = EDGE_CURVE('',#2838,#2149,#3828,.T.);
#3828 = LINE('',#3829,#3830);
#3829 = CARTESIAN_POINT('',(345.,5.210050506339,8.2));
#3830 = VECTOR('',#3831,1.);
#3831 = DIRECTION('',(1.,-0.,0.));
#3832 = ORIENTED_EDGE('',*,*,#2837,.T.);
#3833 = PLANE('',#3834);
#3834 = AXIS2_PLACEMENT_3D('',#3835,#3836,#3837);
#3835 = CARTESIAN_POINT('',(345.,5.210050506339,8.2));
#3836 = DIRECTION('',(0.,1.,-4.3E-16));
#3837 = DIRECTION('',(0.,4.3E-16,1.));
#3838 = ADVANCED_FACE('',(#3839),#3855,.F.);
#3839 = FACE_BOUND('',#3840,.T.);
#3840 = EDGE_LOOP('',(#3841,#3847,#3848,#3854));
#3841 = ORIENTED_EDGE('',*,*,#3842,.F.);
#3842 = EDGE_CURVE('',#2132,#2854,#3843,.T.);
#3843 = LINE('',#3844,#3845);
#3844 = CARTESIAN_POINT('',(345.,3.341421356237,8.541421356237));
#3845 = VECTOR('',#3846,1.);
#3846 = DIRECTION('',(-1.,0.,-0.));
#3847 = ORIENTED_EDGE('',*,*,#2131,.F.);
#3848 = ORIENTED_EDGE('',*,*,#3849,.F.);
#3849 = EDGE_CURVE('',#2863,#2123,#3850,.T.);
#3850 = LINE('',#3851,#3852);
#3851 = CARTESIAN_POINT('',(345.,4.741421356237,9.941421356237));
#3852 = VECTOR('',#3853,1.);
#3853 = DIRECTION('',(1.,-0.,0.));
#3854 = ORIENTED_EDGE('',*,*,#2862,.T.);
#3855 = PLANE('',#3856);
#3856 = AXIS2_PLACEMENT_3D('',#3857,#3858,#3859);
#3857 = CARTESIAN_POINT('',(345.,4.8,10.));
#3858 = DIRECTION('',(0.,0.707106781187,-0.707106781187));
#3859 = DIRECTION('',(0.,0.707106781187,0.707106781187));
#3860 = ADVANCED_FACE('',(#3861),#3877,.F.);
#3861 = FACE_BOUND('',#3862,.T.);
#3862 = EDGE_LOOP('',(#3863,#3869,#3870,#3876));
#3863 = ORIENTED_EDGE('',*,*,#3864,.F.);
#3864 = EDGE_CURVE('',#2880,#2106,#3865,.T.);
#3865 = LINE('',#3866,#3867);
#3866 = CARTESIAN_POINT('',(345.,9.8,10.));
#3867 = VECTOR('',#3868,1.);
#3868 = DIRECTION('',(1.,-0.,0.));
#3869 = ORIENTED_EDGE('',*,*,#2879,.T.);
#3870 = ORIENTED_EDGE('',*,*,#3871,.F.);
#3871 = EDGE_CURVE('',#2115,#2871,#3872,.T.);
#3872 = LINE('',#3873,#3874);
#3873 = CARTESIAN_POINT('',(345.,4.882842712475,10.));
#3874 = VECTOR('',#3875,1.);
#3875 = DIRECTION('',(-1.,0.,-0.));
#3876 = ORIENTED_EDGE('',*,*,#2114,.F.);
#3877 = PLANE('',#3878);
#3878 = AXIS2_PLACEMENT_3D('',#3879,#3880,#3881);
#3879 = CARTESIAN_POINT('',(345.,10.,10.));
#3880 = DIRECTION('',(0.,9.E-17,-1.));
#3881 = DIRECTION('',(0.,1.,9.E-17));
#3882 = ADVANCED_FACE('',(#3883),#3931,.F.);
#3883 = FACE_BOUND('',#3884,.T.);
#3884 = EDGE_LOOP('',(#3885,#3893,#3894,#3903,#3909,#3910,#3916,#3917,
    #3923,#3924));
#3885 = ORIENTED_EDGE('',*,*,#3886,.F.);
#3886 = EDGE_CURVE('',#1180,#3887,#3889,.T.);
#3887 = VERTEX_POINT('',#3888);
#3888 = CARTESIAN_POINT('',(275.76349756376,10.,4.882842712475));
#3889 = LINE('',#3890,#3891);
#3890 = CARTESIAN_POINT('',(345.,10.,4.882842712475));
#3891 = VECTOR('',#3892,1.);
#3892 = DIRECTION('',(1.,0.,0.));
#3893 = ORIENTED_EDGE('',*,*,#1188,.F.);
#3894 = ORIENTED_EDGE('',*,*,#3895,.F.);
#3895 = EDGE_CURVE('',#3896,#1189,#3898,.T.);
#3896 = VERTEX_POINT('',#3897);
#3897 = CARTESIAN_POINT('',(45.563497563769,10.,4.882842712475));
#3898 = CIRCLE('',#3899,5.75);
#3899 = AXIS2_PLACEMENT_3D('',#3900,#3901,#3902);
#3900 = CARTESIAN_POINT('',(48.6,10.,8.7E-16));
#3901 = DIRECTION('',(0.,1.,9.E-17));
#3902 = DIRECTION('',(0.,-9.E-17,1.));
#3903 = ORIENTED_EDGE('',*,*,#3904,.F.);
#3904 = EDGE_CURVE('',#2897,#3896,#3905,.T.);
#3905 = LINE('',#3906,#3907);
#3906 = CARTESIAN_POINT('',(345.,10.,4.882842712475));
#3907 = VECTOR('',#3908,1.);
#3908 = DIRECTION('',(1.,0.,0.));
#3909 = ORIENTED_EDGE('',*,*,#2896,.T.);
#3910 = ORIENTED_EDGE('',*,*,#3911,.F.);
#3911 = EDGE_CURVE('',#2098,#2888,#3912,.T.);
#3912 = LINE('',#3913,#3914);
#3913 = CARTESIAN_POINT('',(345.,10.,9.8));
#3914 = VECTOR('',#3915,1.);
#3915 = DIRECTION('',(-1.,-0.,-0.));
#3916 = ORIENTED_EDGE('',*,*,#2097,.F.);
#3917 = ORIENTED_EDGE('',*,*,#3918,.F.);
#3918 = EDGE_CURVE('',#1087,#2089,#3919,.T.);
#3919 = LINE('',#3920,#3921);
#3920 = CARTESIAN_POINT('',(345.,10.,4.882842712475));
#3921 = VECTOR('',#3922,1.);
#3922 = DIRECTION('',(1.,0.,0.));
#3923 = ORIENTED_EDGE('',*,*,#1095,.F.);
#3924 = ORIENTED_EDGE('',*,*,#3925,.F.);
#3925 = EDGE_CURVE('',#3887,#1096,#3926,.T.);
#3926 = CIRCLE('',#3927,5.75);
#3927 = AXIS2_PLACEMENT_3D('',#3928,#3929,#3930);
#3928 = CARTESIAN_POINT('',(278.8,10.,1.E-16));
#3929 = DIRECTION('',(0.,1.,9.E-17));
#3930 = DIRECTION('',(0.,-9.E-17,1.));
#3931 = PLANE('',#3932);
#3932 = AXIS2_PLACEMENT_3D('',#3933,#3934,#3935);
#3933 = CARTESIAN_POINT('',(345.,10.,10.));
#3934 = DIRECTION('',(0.,-1.,-9.E-17));
#3935 = DIRECTION('',(0.,9.E-17,-1.));
#3936 = ADVANCED_FACE('',(#3937),#3953,.F.);
#3937 = FACE_BOUND('',#3938,.T.);
#3938 = EDGE_LOOP('',(#3939,#3940,#3946,#3947));
#3939 = ORIENTED_EDGE('',*,*,#1077,.F.);
#3940 = ORIENTED_EDGE('',*,*,#3941,.F.);
#3941 = EDGE_CURVE('',#2081,#1078,#3942,.T.);
#3942 = LINE('',#3943,#3944);
#3943 = CARTESIAN_POINT('',(345.,9.941421356237,4.741421356237));
#3944 = VECTOR('',#3945,1.);
#3945 = DIRECTION('',(-1.,-0.,-0.));
#3946 = ORIENTED_EDGE('',*,*,#2080,.F.);
#3947 = ORIENTED_EDGE('',*,*,#3948,.F.);
#3948 = EDGE_CURVE('',#1063,#2072,#3949,.T.);
#3949 = LINE('',#3950,#3951);
#3950 = CARTESIAN_POINT('',(345.,8.541421356237,3.341421356237));
#3951 = VECTOR('',#3952,1.);
#3952 = DIRECTION('',(1.,0.,0.));
#3953 = PLANE('',#3954);
#3954 = AXIS2_PLACEMENT_3D('',#3955,#3956,#3957);
#3955 = CARTESIAN_POINT('',(345.,10.,4.8));
#3956 = DIRECTION('',(0.,-0.707106781187,0.707106781187));
#3957 = DIRECTION('',(0.,-0.707106781187,-0.707106781187));
#3958 = ADVANCED_FACE('',(#3959),#3975,.F.);
#3959 = FACE_BOUND('',#3960,.T.);
#3960 = EDGE_LOOP('',(#3961,#3962,#3968,#3969));
#3961 = ORIENTED_EDGE('',*,*,#1045,.F.);
#3962 = ORIENTED_EDGE('',*,*,#3963,.F.);
#3963 = EDGE_CURVE('',#2056,#1046,#3964,.T.);
#3964 = LINE('',#3965,#3966);
#3965 = CARTESIAN_POINT('',(345.,8.2,5.210050506339));
#3966 = VECTOR('',#3967,1.);
#3967 = DIRECTION('',(-1.,-0.,0.));
#3968 = ORIENTED_EDGE('',*,*,#2055,.F.);
#3969 = ORIENTED_EDGE('',*,*,#3970,.F.);
#3970 = EDGE_CURVE('',#1035,#2048,#3971,.T.);
#3971 = LINE('',#3972,#3973);
#3972 = CARTESIAN_POINT('',(345.,6.2,5.210050506339));
#3973 = VECTOR('',#3974,1.);
#3974 = DIRECTION('',(1.,0.,-0.));
#3975 = PLANE('',#3976);
#3976 = AXIS2_PLACEMENT_3D('',#3977,#3978,#3979);
#3977 = CARTESIAN_POINT('',(345.,8.2,5.210050506339));
#3978 = DIRECTION('',(0.,0.,1.));
#3979 = DIRECTION('',(1.,0.,-0.));
#3980 = ADVANCED_FACE('',(#3981),#4040,.F.);
#3981 = FACE_BOUND('',#3982,.T.);
#3982 = EDGE_LOOP('',(#3983,#3994,#4000,#4001,#4002,#4003,#4009,#4010,
    #4018,#4027,#4033,#4034));
#3983 = ORIENTED_EDGE('',*,*,#3984,.F.);
#3984 = EDGE_CURVE('',#3985,#3987,#3989,.T.);
#3985 = VERTEX_POINT('',#3986);
#3986 = CARTESIAN_POINT('',(275.2332165148,5.5,4.510050506339));
#3987 = VERTEX_POINT('',#3988);
#3988 = CARTESIAN_POINT('',(276.36733197468,6.2,5.210050506339));
#3989 = ( BOUNDED_CURVE() B_SPLINE_CURVE(3,(#3990,#3991,#3992,#3993),
.UNSPECIFIED.,.F.,.F.) B_SPLINE_CURVE_WITH_KNOTS((4,4),(5.614047218949,
5.846351518325),.PIECEWISE_BEZIER_KNOTS.) CURVE() 
GEOMETRIC_REPRESENTATION_ITEM() RATIONAL_B_SPLINE_CURVE((1.,
0.995507946428,0.995507946428,1.)) REPRESENTATION_ITEM('') );
#3990 = CARTESIAN_POINT('',(275.2332165148,5.5,4.510050506339));
#3991 = CARTESIAN_POINT('',(275.58323879789,5.77681590196,4.786866408299
    ));
#3992 = CARTESIAN_POINT('',(275.96298311634,6.011202110699,
    5.021252617038));
#3993 = CARTESIAN_POINT('',(276.36733197468,6.2,5.210050506339));
#3994 = ORIENTED_EDGE('',*,*,#3995,.F.);
#3995 = EDGE_CURVE('',#1037,#3985,#3996,.T.);
#3996 = LINE('',#3997,#3998);
#3997 = CARTESIAN_POINT('',(345.,5.5,4.510050506339));
#3998 = VECTOR('',#3999,1.);
#3999 = DIRECTION('',(-1.,-0.,-0.));
#4000 = ORIENTED_EDGE('',*,*,#1034,.F.);
#4001 = ORIENTED_EDGE('',*,*,#3970,.T.);
#4002 = ORIENTED_EDGE('',*,*,#2047,.F.);
#4003 = ORIENTED_EDGE('',*,*,#4004,.F.);
#4004 = EDGE_CURVE('',#2947,#2040,#4005,.T.);
#4005 = LINE('',#4006,#4007);
#4006 = CARTESIAN_POINT('',(345.,4.,3.010050506339));
#4007 = VECTOR('',#4008,1.);
#4008 = DIRECTION('',(1.,0.,0.));
#4009 = ORIENTED_EDGE('',*,*,#2946,.T.);
#4010 = ORIENTED_EDGE('',*,*,#4011,.F.);
#4011 = EDGE_CURVE('',#4012,#2939,#4014,.T.);
#4012 = VERTEX_POINT('',#4013);
#4013 = CARTESIAN_POINT('',(46.167331974683,6.2,5.210050506339));
#4014 = LINE('',#4015,#4016);
#4015 = CARTESIAN_POINT('',(345.,6.2,5.210050506339));
#4016 = VECTOR('',#4017,1.);
#4017 = DIRECTION('',(-1.,-0.,-0.));
#4018 = ORIENTED_EDGE('',*,*,#4019,.F.);
#4019 = EDGE_CURVE('',#4020,#4012,#4022,.T.);
#4020 = VERTEX_POINT('',#4021);
#4021 = CARTESIAN_POINT('',(45.033216514803,5.5,4.510050506339));
#4022 = ( BOUNDED_CURVE() B_SPLINE_CURVE(3,(#4023,#4024,#4025,#4026),
.UNSPECIFIED.,.F.,.F.) B_SPLINE_CURVE_WITH_KNOTS((4,4),(5.614047218949,
5.846351518325),.PIECEWISE_BEZIER_KNOTS.) CURVE() 
GEOMETRIC_REPRESENTATION_ITEM() RATIONAL_B_SPLINE_CURVE((1.,
0.995507946428,0.995507946428,1.)) REPRESENTATION_ITEM('') );
#4023 = CARTESIAN_POINT('',(45.033216514803,5.5,4.510050506339));
#4024 = CARTESIAN_POINT('',(45.383238797899,5.77681590196,4.786866408299
    ));
#4025 = CARTESIAN_POINT('',(45.762983116348,6.011202110699,
    5.021252617038));
#4026 = CARTESIAN_POINT('',(46.167331974683,6.2,5.210050506339));
#4027 = ORIENTED_EDGE('',*,*,#4028,.F.);
#4028 = EDGE_CURVE('',#1130,#4020,#4029,.T.);
#4029 = LINE('',#4030,#4031);
#4030 = CARTESIAN_POINT('',(345.,5.5,4.510050506339));
#4031 = VECTOR('',#4032,1.);
#4032 = DIRECTION('',(-1.,-0.,-0.));
#4033 = ORIENTED_EDGE('',*,*,#1127,.F.);
#4034 = ORIENTED_EDGE('',*,*,#4035,.F.);
#4035 = EDGE_CURVE('',#3987,#1128,#4036,.T.);
#4036 = LINE('',#4037,#4038);
#4037 = CARTESIAN_POINT('',(345.,6.2,5.210050506339));
#4038 = VECTOR('',#4039,1.);
#4039 = DIRECTION('',(-1.,-0.,-0.));
#4040 = PLANE('',#4041);
#4041 = AXIS2_PLACEMENT_3D('',#4042,#4043,#4044);
#4042 = CARTESIAN_POINT('',(345.,6.2,5.210050506339));
#4043 = DIRECTION('',(0.,-0.707106781187,0.707106781187));
#4044 = DIRECTION('',(0.,-0.707106781187,-0.707106781187));
#4045 = ADVANCED_FACE('',(#4046),#4153,.F.);
#4046 = FACE_BOUND('',#4047,.T.);
#4047 = EDGE_LOOP('',(#4048,#4049,#4055,#4056,#4057,#4058,#4066,#4073,
    #4074,#4082,#4089,#4090,#4098,#4105,#4106,#4114,#4121,#4122,#4130,
    #4137,#4138,#4146));
#4048 = ORIENTED_EDGE('',*,*,#1230,.F.);
#4049 = ORIENTED_EDGE('',*,*,#4050,.F.);
#4050 = EDGE_CURVE('',#2955,#1231,#4051,.T.);
#4051 = LINE('',#4052,#4053);
#4052 = CARTESIAN_POINT('',(345.,4.,0.5));
#4053 = VECTOR('',#4054,1.);
#4054 = DIRECTION('',(1.,0.,0.));
#4055 = ORIENTED_EDGE('',*,*,#2954,.T.);
#4056 = ORIENTED_EDGE('',*,*,#4004,.T.);
#4057 = ORIENTED_EDGE('',*,*,#2039,.F.);
#4058 = ORIENTED_EDGE('',*,*,#4059,.F.);
#4059 = EDGE_CURVE('',#4060,#2032,#4062,.T.);
#4060 = VERTEX_POINT('',#4061);
#4061 = CARTESIAN_POINT('',(337.97241851935,4.,0.5));
#4062 = LINE('',#4063,#4064);
#4063 = CARTESIAN_POINT('',(345.,4.,0.5));
#4064 = VECTOR('',#4065,1.);
#4065 = DIRECTION('',(1.,0.,0.));
#4066 = ORIENTED_EDGE('',*,*,#4067,.F.);
#4067 = EDGE_CURVE('',#457,#4060,#4068,.T.);
#4068 = CIRCLE('',#4069,1.65);
#4069 = AXIS2_PLACEMENT_3D('',#4070,#4071,#4072);
#4070 = CARTESIAN_POINT('',(336.4,4.,-4.2E-16));
#4071 = DIRECTION('',(0.,1.,9.E-17));
#4072 = DIRECTION('',(0.,-9.E-17,1.));
#4073 = ORIENTED_EDGE('',*,*,#464,.F.);
#4074 = ORIENTED_EDGE('',*,*,#4075,.F.);
#4075 = EDGE_CURVE('',#4076,#465,#4078,.T.);
#4076 = VERTEX_POINT('',#4077);
#4077 = CARTESIAN_POINT('',(281.75803989155,4.,0.5));
#4078 = LINE('',#4079,#4080);
#4079 = CARTESIAN_POINT('',(345.,4.,0.5));
#4080 = VECTOR('',#4081,1.);
#4081 = DIRECTION('',(1.,0.,0.));
#4082 = ORIENTED_EDGE('',*,*,#4083,.F.);
#4083 = EDGE_CURVE('',#329,#4076,#4084,.T.);
#4084 = CIRCLE('',#4085,3.);
#4085 = AXIS2_PLACEMENT_3D('',#4086,#4087,#4088);
#4086 = CARTESIAN_POINT('',(278.8,4.,-4.2E-16));
#4087 = DIRECTION('',(0.,1.,9.E-17));
#4088 = DIRECTION('',(0.,-9.E-17,1.));
#4089 = ORIENTED_EDGE('',*,*,#336,.F.);
#4090 = ORIENTED_EDGE('',*,*,#4091,.F.);
#4091 = EDGE_CURVE('',#4092,#337,#4094,.T.);
#4092 = VERTEX_POINT('',#4093);
#4093 = CARTESIAN_POINT('',(258.27241851935,4.,0.5));
#4094 = LINE('',#4095,#4096);
#4095 = CARTESIAN_POINT('',(345.,4.,0.5));
#4096 = VECTOR('',#4097,1.);
#4097 = DIRECTION('',(1.,0.,0.));
#4098 = ORIENTED_EDGE('',*,*,#4099,.F.);
#4099 = EDGE_CURVE('',#1316,#4092,#4100,.T.);
#4100 = CIRCLE('',#4101,1.65);
#4101 = AXIS2_PLACEMENT_3D('',#4102,#4103,#4104);
#4102 = CARTESIAN_POINT('',(256.7,4.,-4.2E-16));
#4103 = DIRECTION('',(0.,1.,9.E-17));
#4104 = DIRECTION('',(0.,-9.E-17,1.));
#4105 = ORIENTED_EDGE('',*,*,#1323,.F.);
#4106 = ORIENTED_EDGE('',*,*,#4107,.F.);
#4107 = EDGE_CURVE('',#4108,#1324,#4110,.T.);
#4108 = VERTEX_POINT('',#4109);
#4109 = CARTESIAN_POINT('',(51.55803989155,4.,0.5));
#4110 = LINE('',#4111,#4112);
#4111 = CARTESIAN_POINT('',(345.,4.,0.5));
#4112 = VECTOR('',#4113,1.);
#4113 = DIRECTION('',(1.,0.,0.));
#4114 = ORIENTED_EDGE('',*,*,#4115,.F.);
#4115 = EDGE_CURVE('',#875,#4108,#4116,.T.);
#4116 = CIRCLE('',#4117,3.);
#4117 = AXIS2_PLACEMENT_3D('',#4118,#4119,#4120);
#4118 = CARTESIAN_POINT('',(48.6,4.,3.5E-16));
#4119 = DIRECTION('',(0.,1.,9.E-17));
#4120 = DIRECTION('',(0.,-9.E-17,1.));
#4121 = ORIENTED_EDGE('',*,*,#882,.F.);
#4122 = ORIENTED_EDGE('',*,*,#4123,.F.);
#4123 = EDGE_CURVE('',#4124,#883,#4126,.T.);
#4124 = VERTEX_POINT('',#4125);
#4125 = CARTESIAN_POINT('',(30.572418519352,4.,0.5));
#4126 = LINE('',#4127,#4128);
#4127 = CARTESIAN_POINT('',(345.,4.,0.5));
#4128 = VECTOR('',#4129,1.);
#4129 = DIRECTION('',(1.,0.,0.));
#4130 = ORIENTED_EDGE('',*,*,#4131,.F.);
#4131 = EDGE_CURVE('',#1409,#4124,#4132,.T.);
#4132 = CIRCLE('',#4133,1.65);
#4133 = AXIS2_PLACEMENT_3D('',#4134,#4135,#4136);
#4134 = CARTESIAN_POINT('',(29.,4.,-4.2E-16));
#4135 = DIRECTION('',(0.,1.,9.E-17));
#4136 = DIRECTION('',(0.,-9.E-17,1.));
#4137 = ORIENTED_EDGE('',*,*,#1416,.F.);
#4138 = ORIENTED_EDGE('',*,*,#4139,.F.);
#4139 = EDGE_CURVE('',#4140,#1417,#4142,.T.);
#4140 = VERTEX_POINT('',#4141);
#4141 = CARTESIAN_POINT('',(4.572418519352,4.,0.5));
#4142 = LINE('',#4143,#4144);
#4143 = CARTESIAN_POINT('',(345.,4.,0.5));
#4144 = VECTOR('',#4145,1.);
#4145 = DIRECTION('',(1.,0.,0.));
#4146 = ORIENTED_EDGE('',*,*,#4147,.F.);
#4147 = EDGE_CURVE('',#1223,#4140,#4148,.T.);
#4148 = CIRCLE('',#4149,1.65);
#4149 = AXIS2_PLACEMENT_3D('',#4150,#4151,#4152);
#4150 = CARTESIAN_POINT('',(3.,4.,-5.2E-16));
#4151 = DIRECTION('',(0.,1.,9.E-17));
#4152 = DIRECTION('',(0.,-9.E-17,1.));
#4153 = PLANE('',#4154);
#4154 = AXIS2_PLACEMENT_3D('',#4155,#4156,#4157);
#4155 = CARTESIAN_POINT('',(345.,4.,3.010050506339));
#4156 = DIRECTION('',(0.,-1.,0.));
#4157 = DIRECTION('',(0.,-0.,-1.));
#4158 = ADVANCED_FACE('',(#4159),#4271,.F.);
#4159 = FACE_BOUND('',#4160,.T.);
#4160 = EDGE_LOOP('',(#4161,#4170,#4176,#4177,#4186,#4192,#4193,#4202,
    #4208,#4209,#4218,#4224,#4225,#4234,#4240,#4241,#4250,#4256,#4257,
    #4263,#4264,#4270));
#4161 = ORIENTED_EDGE('',*,*,#4162,.F.);
#4162 = EDGE_CURVE('',#4163,#1258,#4165,.T.);
#4163 = VERTEX_POINT('',#4164);
#4164 = CARTESIAN_POINT('',(4.572418519352,4.,-0.5));
#4165 = CIRCLE('',#4166,1.65);
#4166 = AXIS2_PLACEMENT_3D('',#4167,#4168,#4169);
#4167 = CARTESIAN_POINT('',(3.,4.,-5.2E-16));
#4168 = DIRECTION('',(0.,1.,9.E-17));
#4169 = DIRECTION('',(0.,-9.E-17,1.));
#4170 = ORIENTED_EDGE('',*,*,#4171,.F.);
#4171 = EDGE_CURVE('',#1435,#4163,#4172,.T.);
#4172 = LINE('',#4173,#4174);
#4173 = CARTESIAN_POINT('',(345.,4.,-0.5));
#4174 = VECTOR('',#4175,1.);
#4175 = DIRECTION('',(-1.,-0.,-0.));
#4176 = ORIENTED_EDGE('',*,*,#1443,.F.);
#4177 = ORIENTED_EDGE('',*,*,#4178,.F.);
#4178 = EDGE_CURVE('',#4179,#1444,#4181,.T.);
#4179 = VERTEX_POINT('',#4180);
#4180 = CARTESIAN_POINT('',(30.572418519352,4.,-0.5));
#4181 = CIRCLE('',#4182,1.65);
#4182 = AXIS2_PLACEMENT_3D('',#4183,#4184,#4185);
#4183 = CARTESIAN_POINT('',(29.,4.,-4.2E-16));
#4184 = DIRECTION('',(0.,1.,9.E-17));
#4185 = DIRECTION('',(0.,-9.E-17,1.));
#4186 = ORIENTED_EDGE('',*,*,#4187,.F.);
#4187 = EDGE_CURVE('',#901,#4179,#4188,.T.);
#4188 = LINE('',#4189,#4190);
#4189 = CARTESIAN_POINT('',(345.,4.,-0.5));
#4190 = VECTOR('',#4191,1.);
#4191 = DIRECTION('',(-1.,-0.,-0.));
#4192 = ORIENTED_EDGE('',*,*,#909,.F.);
#4193 = ORIENTED_EDGE('',*,*,#4194,.F.);
#4194 = EDGE_CURVE('',#4195,#910,#4197,.T.);
#4195 = VERTEX_POINT('',#4196);
#4196 = CARTESIAN_POINT('',(51.55803989155,4.,-0.5));
#4197 = CIRCLE('',#4198,3.);
#4198 = AXIS2_PLACEMENT_3D('',#4199,#4200,#4201);
#4199 = CARTESIAN_POINT('',(48.6,4.,3.5E-16));
#4200 = DIRECTION('',(0.,1.,9.E-17));
#4201 = DIRECTION('',(0.,-9.E-17,1.));
#4202 = ORIENTED_EDGE('',*,*,#4203,.F.);
#4203 = EDGE_CURVE('',#1342,#4195,#4204,.T.);
#4204 = LINE('',#4205,#4206);
#4205 = CARTESIAN_POINT('',(345.,4.,-0.5));
#4206 = VECTOR('',#4207,1.);
#4207 = DIRECTION('',(-1.,-0.,-0.));
#4208 = ORIENTED_EDGE('',*,*,#1350,.F.);
#4209 = ORIENTED_EDGE('',*,*,#4210,.F.);
#4210 = EDGE_CURVE('',#4211,#1351,#4213,.T.);
#4211 = VERTEX_POINT('',#4212);
#4212 = CARTESIAN_POINT('',(258.27241851935,4.,-0.5));
#4213 = CIRCLE('',#4214,1.65);
#4214 = AXIS2_PLACEMENT_3D('',#4215,#4216,#4217);
#4215 = CARTESIAN_POINT('',(256.7,4.,-4.2E-16));
#4216 = DIRECTION('',(0.,1.,9.E-17));
#4217 = DIRECTION('',(0.,-9.E-17,1.));
#4218 = ORIENTED_EDGE('',*,*,#4219,.F.);
#4219 = EDGE_CURVE('',#355,#4211,#4220,.T.);
#4220 = LINE('',#4221,#4222);
#4221 = CARTESIAN_POINT('',(345.,4.,-0.5));
#4222 = VECTOR('',#4223,1.);
#4223 = DIRECTION('',(-1.,-0.,-0.));
#4224 = ORIENTED_EDGE('',*,*,#363,.F.);
#4225 = ORIENTED_EDGE('',*,*,#4226,.F.);
#4226 = EDGE_CURVE('',#4227,#364,#4229,.T.);
#4227 = VERTEX_POINT('',#4228);
#4228 = CARTESIAN_POINT('',(281.75803989155,4.,-0.5));
#4229 = CIRCLE('',#4230,3.);
#4230 = AXIS2_PLACEMENT_3D('',#4231,#4232,#4233);
#4231 = CARTESIAN_POINT('',(278.8,4.,-4.2E-16));
#4232 = DIRECTION('',(0.,1.,9.E-17));
#4233 = DIRECTION('',(0.,-9.E-17,1.));
#4234 = ORIENTED_EDGE('',*,*,#4235,.F.);
#4235 = EDGE_CURVE('',#483,#4227,#4236,.T.);
#4236 = LINE('',#4237,#4238);
#4237 = CARTESIAN_POINT('',(345.,4.,-0.5));
#4238 = VECTOR('',#4239,1.);
#4239 = DIRECTION('',(-1.,-0.,-0.));
#4240 = ORIENTED_EDGE('',*,*,#491,.F.);
#4241 = ORIENTED_EDGE('',*,*,#4242,.F.);
#4242 = EDGE_CURVE('',#4243,#492,#4245,.T.);
#4243 = VERTEX_POINT('',#4244);
#4244 = CARTESIAN_POINT('',(337.97241851935,4.,-0.5));
#4245 = CIRCLE('',#4246,1.65);
#4246 = AXIS2_PLACEMENT_3D('',#4247,#4248,#4249);
#4247 = CARTESIAN_POINT('',(336.4,4.,-4.2E-16));
#4248 = DIRECTION('',(0.,1.,9.E-17));
#4249 = DIRECTION('',(0.,-9.E-17,1.));
#4250 = ORIENTED_EDGE('',*,*,#4251,.F.);
#4251 = EDGE_CURVE('',#2016,#4243,#4252,.T.);
#4252 = LINE('',#4253,#4254);
#4253 = CARTESIAN_POINT('',(345.,4.,-0.5));
#4254 = VECTOR('',#4255,1.);
#4255 = DIRECTION('',(-1.,-0.,-0.));
#4256 = ORIENTED_EDGE('',*,*,#2015,.F.);
#4257 = ORIENTED_EDGE('',*,*,#4258,.F.);
#4258 = EDGE_CURVE('',#2979,#2008,#4259,.T.);
#4259 = LINE('',#4260,#4261);
#4260 = CARTESIAN_POINT('',(345.,4.,-3.010050506339));
#4261 = VECTOR('',#4262,1.);
#4262 = DIRECTION('',(1.,0.,0.));
#4263 = ORIENTED_EDGE('',*,*,#2978,.T.);
#4264 = ORIENTED_EDGE('',*,*,#4265,.F.);
#4265 = EDGE_CURVE('',#1249,#2971,#4266,.T.);
#4266 = LINE('',#4267,#4268);
#4267 = CARTESIAN_POINT('',(345.,4.,-0.5));
#4268 = VECTOR('',#4269,1.);
#4269 = DIRECTION('',(-1.,-0.,-0.));
#4270 = ORIENTED_EDGE('',*,*,#1257,.F.);
#4271 = PLANE('',#4272);
#4272 = AXIS2_PLACEMENT_3D('',#4273,#4274,#4275);
#4273 = CARTESIAN_POINT('',(345.,4.,3.010050506339));
#4274 = DIRECTION('',(0.,-1.,0.));
#4275 = DIRECTION('',(0.,-0.,-1.));
#4276 = ADVANCED_FACE('',(#4277),#4356,.F.);
#4277 = FACE_BOUND('',#4278,.T.);
#4278 = EDGE_LOOP('',(#4279,#4290,#4298,#4307,#4315,#4324,#4332,#4341,
    #4347,#4348,#4349,#4350));
#4279 = ORIENTED_EDGE('',*,*,#4280,.T.);
#4280 = EDGE_CURVE('',#4281,#4283,#4285,.T.);
#4281 = VERTEX_POINT('',#4282);
#4282 = CARTESIAN_POINT('',(281.23266802531,6.2,-5.210050506339));
#4283 = VERTEX_POINT('',#4284);
#4284 = CARTESIAN_POINT('',(282.36678348519,5.5,-4.510050506339));
#4285 = ( BOUNDED_CURVE() B_SPLINE_CURVE(3,(#4286,#4287,#4288,#4289),
.UNSPECIFIED.,.F.,.F.) B_SPLINE_CURVE_WITH_KNOTS((4,4),(0.436833788854,
0.669138088231),.PIECEWISE_BEZIER_KNOTS.) CURVE() 
GEOMETRIC_REPRESENTATION_ITEM() RATIONAL_B_SPLINE_CURVE((1.,
0.995507946428,0.995507946428,1.)) REPRESENTATION_ITEM('') );
#4286 = CARTESIAN_POINT('',(281.23266802531,6.2,-5.210050506339));
#4287 = CARTESIAN_POINT('',(281.63701688365,6.011202110699,
    -5.021252617038));
#4288 = CARTESIAN_POINT('',(282.0167612021,5.77681590196,-4.786866408299
    ));
#4289 = CARTESIAN_POINT('',(282.36678348519,5.5,-4.510050506339));
#4290 = ORIENTED_EDGE('',*,*,#4291,.F.);
#4291 = EDGE_CURVE('',#4292,#4283,#4294,.T.);
#4292 = VERTEX_POINT('',#4293);
#4293 = CARTESIAN_POINT('',(275.2332165148,5.5,-4.510050506339));
#4294 = LINE('',#4295,#4296);
#4295 = CARTESIAN_POINT('',(345.,5.5,-4.510050506339));
#4296 = VECTOR('',#4297,1.);
#4297 = DIRECTION('',(1.,0.,0.));
#4298 = ORIENTED_EDGE('',*,*,#4299,.T.);
#4299 = EDGE_CURVE('',#4292,#4300,#4302,.T.);
#4300 = VERTEX_POINT('',#4301);
#4301 = CARTESIAN_POINT('',(276.36733197468,6.2,-5.210050506339));
#4302 = ( BOUNDED_CURVE() B_SPLINE_CURVE(3,(#4303,#4304,#4305,#4306),
.UNSPECIFIED.,.F.,.F.) B_SPLINE_CURVE_WITH_KNOTS((4,4),(5.614047218949,
5.846351518325),.PIECEWISE_BEZIER_KNOTS.) CURVE() 
GEOMETRIC_REPRESENTATION_ITEM() RATIONAL_B_SPLINE_CURVE((1.,
0.995507946428,0.995507946428,1.)) REPRESENTATION_ITEM('') );
#4303 = CARTESIAN_POINT('',(275.2332165148,5.5,-4.510050506339));
#4304 = CARTESIAN_POINT('',(275.58323879789,5.77681590196,
    -4.786866408299));
#4305 = CARTESIAN_POINT('',(275.96298311634,6.011202110699,
    -5.021252617038));
#4306 = CARTESIAN_POINT('',(276.36733197468,6.2,-5.210050506339));
#4307 = ORIENTED_EDGE('',*,*,#4308,.F.);
#4308 = EDGE_CURVE('',#4309,#4300,#4311,.T.);
#4309 = VERTEX_POINT('',#4310);
#4310 = CARTESIAN_POINT('',(51.032668025317,6.2,-5.210050506339));
#4311 = LINE('',#4312,#4313);
#4312 = CARTESIAN_POINT('',(345.,6.2,-5.210050506339));
#4313 = VECTOR('',#4314,1.);
#4314 = DIRECTION('',(1.,0.,0.));
#4315 = ORIENTED_EDGE('',*,*,#4316,.T.);
#4316 = EDGE_CURVE('',#4309,#4317,#4319,.T.);
#4317 = VERTEX_POINT('',#4318);
#4318 = CARTESIAN_POINT('',(52.166783485197,5.5,-4.510050506339));
#4319 = ( BOUNDED_CURVE() B_SPLINE_CURVE(3,(#4320,#4321,#4322,#4323),
.UNSPECIFIED.,.F.,.F.) B_SPLINE_CURVE_WITH_KNOTS((4,4),(0.436833788854,
0.669138088231),.PIECEWISE_BEZIER_KNOTS.) CURVE() 
GEOMETRIC_REPRESENTATION_ITEM() RATIONAL_B_SPLINE_CURVE((1.,
0.995507946428,0.995507946428,1.)) REPRESENTATION_ITEM('') );
#4320 = CARTESIAN_POINT('',(51.032668025317,6.2,-5.210050506339));
#4321 = CARTESIAN_POINT('',(51.437016883652,6.011202110699,
    -5.021252617038));
#4322 = CARTESIAN_POINT('',(51.816761202101,5.77681590196,
    -4.786866408299));
#4323 = CARTESIAN_POINT('',(52.166783485197,5.5,-4.510050506339));
#4324 = ORIENTED_EDGE('',*,*,#4325,.F.);
#4325 = EDGE_CURVE('',#4326,#4317,#4328,.T.);
#4326 = VERTEX_POINT('',#4327);
#4327 = CARTESIAN_POINT('',(45.033216514803,5.5,-4.510050506339));
#4328 = LINE('',#4329,#4330);
#4329 = CARTESIAN_POINT('',(345.,5.5,-4.510050506339));
#4330 = VECTOR('',#4331,1.);
#4331 = DIRECTION('',(1.,0.,0.));
#4332 = ORIENTED_EDGE('',*,*,#4333,.T.);
#4333 = EDGE_CURVE('',#4326,#4334,#4336,.T.);
#4334 = VERTEX_POINT('',#4335);
#4335 = CARTESIAN_POINT('',(46.167331974683,6.2,-5.210050506339));
#4336 = ( BOUNDED_CURVE() B_SPLINE_CURVE(3,(#4337,#4338,#4339,#4340),
.UNSPECIFIED.,.F.,.F.) B_SPLINE_CURVE_WITH_KNOTS((4,4),(5.614047218949,
5.846351518325),.PIECEWISE_BEZIER_KNOTS.) CURVE() 
GEOMETRIC_REPRESENTATION_ITEM() RATIONAL_B_SPLINE_CURVE((1.,
0.995507946428,0.995507946428,1.)) REPRESENTATION_ITEM('') );
#4337 = CARTESIAN_POINT('',(45.033216514803,5.5,-4.510050506339));
#4338 = CARTESIAN_POINT('',(45.383238797899,5.77681590196,
    -4.786866408299));
#4339 = CARTESIAN_POINT('',(45.762983116348,6.011202110699,
    -5.021252617038));
#4340 = CARTESIAN_POINT('',(46.167331974683,6.2,-5.210050506339));
#4341 = ORIENTED_EDGE('',*,*,#4342,.F.);
#4342 = EDGE_CURVE('',#2987,#4334,#4343,.T.);
#4343 = LINE('',#4344,#4345);
#4344 = CARTESIAN_POINT('',(345.,6.2,-5.210050506339));
#4345 = VECTOR('',#4346,1.);
#4346 = DIRECTION('',(1.,0.,0.));
#4347 = ORIENTED_EDGE('',*,*,#2986,.T.);
#4348 = ORIENTED_EDGE('',*,*,#4258,.T.);
#4349 = ORIENTED_EDGE('',*,*,#2007,.F.);
#4350 = ORIENTED_EDGE('',*,*,#4351,.F.);
#4351 = EDGE_CURVE('',#4281,#2000,#4352,.T.);
#4352 = LINE('',#4353,#4354);
#4353 = CARTESIAN_POINT('',(345.,6.2,-5.210050506339));
#4354 = VECTOR('',#4355,1.);
#4355 = DIRECTION('',(1.,0.,0.));
#4356 = PLANE('',#4357);
#4357 = AXIS2_PLACEMENT_3D('',#4358,#4359,#4360);
#4358 = CARTESIAN_POINT('',(345.,6.2,-5.210050506339));
#4359 = DIRECTION('',(0.,-0.707106781187,-0.707106781187));
#4360 = DIRECTION('',(0.,0.707106781187,-0.707106781187));
#4361 = ADVANCED_FACE('',(#4362),#4380,.F.);
#4362 = FACE_BOUND('',#4363,.T.);
#4363 = EDGE_LOOP('',(#4364,#4372,#4373,#4374));
#4364 = ORIENTED_EDGE('',*,*,#4365,.F.);
#4365 = EDGE_CURVE('',#4281,#4366,#4368,.T.);
#4366 = VERTEX_POINT('',#4367);
#4367 = CARTESIAN_POINT('',(281.23266802531,8.2,-5.210050506339));
#4368 = LINE('',#4369,#4370);
#4369 = CARTESIAN_POINT('',(281.23266802531,8.2,-5.210050506339));
#4370 = VECTOR('',#4371,1.);
#4371 = DIRECTION('',(0.,1.,0.));
#4372 = ORIENTED_EDGE('',*,*,#4351,.T.);
#4373 = ORIENTED_EDGE('',*,*,#1999,.F.);
#4374 = ORIENTED_EDGE('',*,*,#4375,.F.);
#4375 = EDGE_CURVE('',#4366,#1992,#4376,.T.);
#4376 = LINE('',#4377,#4378);
#4377 = CARTESIAN_POINT('',(345.,8.2,-5.210050506339));
#4378 = VECTOR('',#4379,1.);
#4379 = DIRECTION('',(1.,-0.,0.));
#4380 = PLANE('',#4381);
#4381 = AXIS2_PLACEMENT_3D('',#4382,#4383,#4384);
#4382 = CARTESIAN_POINT('',(345.,8.2,-5.210050506339));
#4383 = DIRECTION('',(0.,0.,-1.));
#4384 = DIRECTION('',(-1.,0.,-0.));
#4385 = ADVANCED_FACE('',(#4386),#4412,.F.);
#4386 = FACE_BOUND('',#4387,.T.);
#4387 = EDGE_LOOP('',(#4388,#4399,#4405,#4406));
#4388 = ORIENTED_EDGE('',*,*,#4389,.F.);
#4389 = EDGE_CURVE('',#4390,#4392,#4394,.T.);
#4390 = VERTEX_POINT('',#4391);
#4391 = CARTESIAN_POINT('',(283.47946613622,8.541421356237,
    -3.341421356237));
#4392 = VERTEX_POINT('',#4393);
#4393 = CARTESIAN_POINT('',(282.05291000838,9.941421356237,
    -4.741421356237));
#4394 = ( BOUNDED_CURVE() B_SPLINE_CURVE(3,(#4395,#4396,#4397,#4398),
.UNSPECIFIED.,.F.,.F.) B_SPLINE_CURVE_WITH_KNOTS((4,4),(5.332489241043,
5.681874941584),.PIECEWISE_BEZIER_KNOTS.) CURVE() 
GEOMETRIC_REPRESENTATION_ITEM() RATIONAL_B_SPLINE_CURVE((1.,
0.989853313148,0.989853313148,1.)) REPRESENTATION_ITEM('') );
#4395 = CARTESIAN_POINT('',(283.47946613622,8.541421356237,
    -3.341421356237));
#4396 = CARTESIAN_POINT('',(283.08832536627,9.089191239874,
    -3.889191239874));
#4397 = CARTESIAN_POINT('',(282.60793225856,9.56064156536,-4.36064156536
    ));
#4398 = CARTESIAN_POINT('',(282.05291000838,9.941421356237,
    -4.741421356237));
#4399 = ORIENTED_EDGE('',*,*,#4400,.F.);
#4400 = EDGE_CURVE('',#1976,#4390,#4401,.T.);
#4401 = LINE('',#4402,#4403);
#4402 = CARTESIAN_POINT('',(345.,8.541421356237,-3.341421356237));
#4403 = VECTOR('',#4404,1.);
#4404 = DIRECTION('',(-1.,-0.,-0.));
#4405 = ORIENTED_EDGE('',*,*,#1975,.F.);
#4406 = ORIENTED_EDGE('',*,*,#4407,.F.);
#4407 = EDGE_CURVE('',#4392,#1967,#4408,.T.);
#4408 = LINE('',#4409,#4410);
#4409 = CARTESIAN_POINT('',(345.,9.941421356237,-4.741421356237));
#4410 = VECTOR('',#4411,1.);
#4411 = DIRECTION('',(1.,0.,0.));
#4412 = PLANE('',#4413);
#4413 = AXIS2_PLACEMENT_3D('',#4414,#4415,#4416);
#4414 = CARTESIAN_POINT('',(345.,10.,-4.8));
#4415 = DIRECTION('',(0.,-0.707106781187,-0.707106781187));
#4416 = DIRECTION('',(0.,0.707106781187,-0.707106781187));
#4417 = ADVANCED_FACE('',(#4418),#4468,.F.);
#4418 = FACE_BOUND('',#4419,.T.);
#4419 = EDGE_LOOP('',(#4420,#4431,#4437,#4438,#4444,#4445,#4453,#4462));
#4420 = ORIENTED_EDGE('',*,*,#4421,.F.);
#4421 = EDGE_CURVE('',#4422,#4424,#4426,.T.);
#4422 = VERTEX_POINT('',#4423);
#4423 = CARTESIAN_POINT('',(281.83650243623,10.,-4.882842712475));
#4424 = VERTEX_POINT('',#4425);
#4425 = CARTESIAN_POINT('',(275.76349756376,10.,-4.882842712475));
#4426 = CIRCLE('',#4427,5.75);
#4427 = AXIS2_PLACEMENT_3D('',#4428,#4429,#4430);
#4428 = CARTESIAN_POINT('',(278.8,10.,1.E-16));
#4429 = DIRECTION('',(0.,1.,9.E-17));
#4430 = DIRECTION('',(0.,-9.E-17,1.));
#4431 = ORIENTED_EDGE('',*,*,#4432,.F.);
#4432 = EDGE_CURVE('',#1959,#4422,#4433,.T.);
#4433 = LINE('',#4434,#4435);
#4434 = CARTESIAN_POINT('',(345.,10.,-4.882842712475));
#4435 = VECTOR('',#4436,1.);
#4436 = DIRECTION('',(-1.,-0.,-0.));
#4437 = ORIENTED_EDGE('',*,*,#1958,.F.);
#4438 = ORIENTED_EDGE('',*,*,#4439,.F.);
#4439 = EDGE_CURVE('',#3036,#1950,#4440,.T.);
#4440 = LINE('',#4441,#4442);
#4441 = CARTESIAN_POINT('',(345.,10.,-9.8));
#4442 = VECTOR('',#4443,1.);
#4443 = DIRECTION('',(1.,0.,0.));
#4444 = ORIENTED_EDGE('',*,*,#3035,.T.);
#4445 = ORIENTED_EDGE('',*,*,#4446,.F.);
#4446 = EDGE_CURVE('',#4447,#3027,#4449,.T.);
#4447 = VERTEX_POINT('',#4448);
#4448 = CARTESIAN_POINT('',(45.563497563769,10.,-4.882842712475));
#4449 = LINE('',#4450,#4451);
#4450 = CARTESIAN_POINT('',(345.,10.,-4.882842712475));
#4451 = VECTOR('',#4452,1.);
#4452 = DIRECTION('',(-1.,-0.,-0.));
#4453 = ORIENTED_EDGE('',*,*,#4454,.F.);
#4454 = EDGE_CURVE('',#4455,#4447,#4457,.T.);
#4455 = VERTEX_POINT('',#4456);
#4456 = CARTESIAN_POINT('',(51.63650243623,10.,-4.882842712475));
#4457 = CIRCLE('',#4458,5.75);
#4458 = AXIS2_PLACEMENT_3D('',#4459,#4460,#4461);
#4459 = CARTESIAN_POINT('',(48.6,10.,8.7E-16));
#4460 = DIRECTION('',(0.,1.,9.E-17));
#4461 = DIRECTION('',(0.,-9.E-17,1.));
#4462 = ORIENTED_EDGE('',*,*,#4463,.F.);
#4463 = EDGE_CURVE('',#4424,#4455,#4464,.T.);
#4464 = LINE('',#4465,#4466);
#4465 = CARTESIAN_POINT('',(345.,10.,-4.882842712475));
#4466 = VECTOR('',#4467,1.);
#4467 = DIRECTION('',(-1.,-0.,-0.));
#4468 = PLANE('',#4469);
#4469 = AXIS2_PLACEMENT_3D('',#4470,#4471,#4472);
#4470 = CARTESIAN_POINT('',(345.,10.,10.));
#4471 = DIRECTION('',(0.,-1.,-9.E-17));
#4472 = DIRECTION('',(0.,9.E-17,-1.));
#4473 = ADVANCED_FACE('',(#4474),#4490,.F.);
#4474 = FACE_BOUND('',#4475,.T.);
#4475 = EDGE_LOOP('',(#4476,#4482,#4483,#4489));
#4476 = ORIENTED_EDGE('',*,*,#4477,.F.);
#4477 = EDGE_CURVE('',#3053,#1933,#4478,.T.);
#4478 = LINE('',#4479,#4480);
#4479 = CARTESIAN_POINT('',(345.,4.882842712475,-10.));
#4480 = VECTOR('',#4481,1.);
#4481 = DIRECTION('',(1.,0.,0.));
#4482 = ORIENTED_EDGE('',*,*,#3052,.T.);
#4483 = ORIENTED_EDGE('',*,*,#4484,.F.);
#4484 = EDGE_CURVE('',#1942,#3044,#4485,.T.);
#4485 = LINE('',#4486,#4487);
#4486 = CARTESIAN_POINT('',(345.,9.8,-10.));
#4487 = VECTOR('',#4488,1.);
#4488 = DIRECTION('',(-1.,-0.,-0.));
#4489 = ORIENTED_EDGE('',*,*,#1941,.F.);
#4490 = PLANE('',#4491);
#4491 = AXIS2_PLACEMENT_3D('',#4492,#4493,#4494);
#4492 = CARTESIAN_POINT('',(345.,10.,-10.));
#4493 = DIRECTION('',(0.,-1.7E-16,1.));
#4494 = DIRECTION('',(0.,-1.,-1.7E-16));
#4495 = ADVANCED_FACE('',(#4496),#4512,.F.);
#4496 = FACE_BOUND('',#4497,.T.);
#4497 = EDGE_LOOP('',(#4498,#4504,#4505,#4511));
#4498 = ORIENTED_EDGE('',*,*,#4499,.F.);
#4499 = EDGE_CURVE('',#3070,#1916,#4500,.T.);
#4500 = LINE('',#4501,#4502);
#4501 = CARTESIAN_POINT('',(345.,3.341421356237,-8.541421356237));
#4502 = VECTOR('',#4503,1.);
#4503 = DIRECTION('',(1.,0.,0.));
#4504 = ORIENTED_EDGE('',*,*,#3069,.T.);
#4505 = ORIENTED_EDGE('',*,*,#4506,.F.);
#4506 = EDGE_CURVE('',#1925,#3061,#4507,.T.);
#4507 = LINE('',#4508,#4509);
#4508 = CARTESIAN_POINT('',(345.,4.741421356237,-9.941421356237));
#4509 = VECTOR('',#4510,1.);
#4510 = DIRECTION('',(-1.,-0.,-0.));
#4511 = ORIENTED_EDGE('',*,*,#1924,.F.);
#4512 = PLANE('',#4513);
#4513 = AXIS2_PLACEMENT_3D('',#4514,#4515,#4516);
#4514 = CARTESIAN_POINT('',(345.,4.8,-10.));
#4515 = DIRECTION('',(-0.,0.707106781187,0.707106781187));
#4516 = DIRECTION('',(0.,-0.707106781187,0.707106781187));
#4517 = ADVANCED_FACE('',(#4518),#4534,.F.);
#4518 = FACE_BOUND('',#4519,.T.);
#4519 = EDGE_LOOP('',(#4520,#4526,#4527,#4533));
#4520 = ORIENTED_EDGE('',*,*,#4521,.F.);
#4521 = EDGE_CURVE('',#1900,#3087,#4522,.T.);
#4522 = LINE('',#4523,#4524);
#4523 = CARTESIAN_POINT('',(345.,5.210050506339,-8.2));
#4524 = VECTOR('',#4525,1.);
#4525 = DIRECTION('',(-1.,0.,-0.));
#4526 = ORIENTED_EDGE('',*,*,#1899,.F.);
#4527 = ORIENTED_EDGE('',*,*,#4528,.F.);
#4528 = EDGE_CURVE('',#3095,#1892,#4529,.T.);
#4529 = LINE('',#4530,#4531);
#4530 = CARTESIAN_POINT('',(345.,5.210050506339,-6.2));
#4531 = VECTOR('',#4532,1.);
#4532 = DIRECTION('',(1.,-0.,0.));
#4533 = ORIENTED_EDGE('',*,*,#3094,.T.);
#4534 = PLANE('',#4535);
#4535 = AXIS2_PLACEMENT_3D('',#4536,#4537,#4538);
#4536 = CARTESIAN_POINT('',(345.,5.210050506339,-8.2));
#4537 = DIRECTION('',(0.,1.,-4.3E-16));
#4538 = DIRECTION('',(0.,4.3E-16,1.));
#4539 = ADVANCED_FACE('',(#4540),#4551,.F.);
#4540 = FACE_BOUND('',#4541,.T.);
#4541 = EDGE_LOOP('',(#4542,#4543,#4544,#4550));
#4542 = ORIENTED_EDGE('',*,*,#4528,.T.);
#4543 = ORIENTED_EDGE('',*,*,#1891,.F.);
#4544 = ORIENTED_EDGE('',*,*,#4545,.F.);
#4545 = EDGE_CURVE('',#3103,#1884,#4546,.T.);
#4546 = LINE('',#4547,#4548);
#4547 = CARTESIAN_POINT('',(345.,3.010050506339,-4.));
#4548 = VECTOR('',#4549,1.);
#4549 = DIRECTION('',(1.,0.,0.));
#4550 = ORIENTED_EDGE('',*,*,#3102,.T.);
#4551 = PLANE('',#4552);
#4552 = AXIS2_PLACEMENT_3D('',#4553,#4554,#4555);
#4553 = CARTESIAN_POINT('',(345.,5.210050506339,-6.2));
#4554 = DIRECTION('',(-0.,0.707106781187,0.707106781187));
#4555 = DIRECTION('',(0.,-0.707106781187,0.707106781187));
#4556 = ADVANCED_FACE('',(#4557),#4568,.F.);
#4557 = FACE_BOUND('',#4558,.T.);
#4558 = EDGE_LOOP('',(#4559,#4565,#4566,#4567));
#4559 = ORIENTED_EDGE('',*,*,#4560,.F.);
#4560 = EDGE_CURVE('',#2508,#1876,#4561,.T.);
#4561 = LINE('',#4562,#4563);
#4562 = CARTESIAN_POINT('',(345.,0.5,-4.));
#4563 = VECTOR('',#4564,1.);
#4564 = DIRECTION('',(1.,0.,0.));
#4565 = ORIENTED_EDGE('',*,*,#3110,.T.);
#4566 = ORIENTED_EDGE('',*,*,#4545,.T.);
#4567 = ORIENTED_EDGE('',*,*,#1883,.F.);
#4568 = PLANE('',#4569);
#4569 = AXIS2_PLACEMENT_3D('',#4570,#4571,#4572);
#4570 = CARTESIAN_POINT('',(345.,3.010050506339,-4.));
#4571 = DIRECTION('',(-0.,2.9E-16,1.));
#4572 = DIRECTION('',(0.,-1.,2.9E-16));
#4573 = ADVANCED_FACE('',(#4574),#4600,.F.);
#4574 = FACE_BOUND('',#4575,.T.);
#4575 = EDGE_LOOP('',(#4576,#4587,#4593,#4594));
#4576 = ORIENTED_EDGE('',*,*,#4577,.F.);
#4577 = EDGE_CURVE('',#4578,#4580,#4582,.T.);
#4578 = VERTEX_POINT('',#4579);
#4579 = CARTESIAN_POINT('',(43.920533863775,8.541421356237,
    3.341421356237));
#4580 = VERTEX_POINT('',#4581);
#4581 = CARTESIAN_POINT('',(45.34708999162,9.941421356237,4.741421356237
    ));
#4582 = ( BOUNDED_CURVE() B_SPLINE_CURVE(3,(#4583,#4584,#4585,#4586),
.UNSPECIFIED.,.F.,.F.) B_SPLINE_CURVE_WITH_KNOTS((4,4),(5.332489241043,
5.681874941584),.PIECEWISE_BEZIER_KNOTS.) CURVE() 
GEOMETRIC_REPRESENTATION_ITEM() RATIONAL_B_SPLINE_CURVE((1.,
0.989853313148,0.989853313148,1.)) REPRESENTATION_ITEM('') );
#4583 = CARTESIAN_POINT('',(43.920533863775,8.541421356237,
    3.341421356237));
#4584 = CARTESIAN_POINT('',(44.311674633726,9.089191239874,
    3.889191239874));
#4585 = CARTESIAN_POINT('',(44.792067741438,9.56064156536,4.36064156536)
  );
#4586 = CARTESIAN_POINT('',(45.34708999162,9.941421356237,4.741421356237
    ));
#4587 = ORIENTED_EDGE('',*,*,#4588,.F.);
#4588 = EDGE_CURVE('',#2914,#4578,#4589,.T.);
#4589 = LINE('',#4590,#4591);
#4590 = CARTESIAN_POINT('',(345.,8.541421356237,3.341421356237));
#4591 = VECTOR('',#4592,1.);
#4592 = DIRECTION('',(1.,0.,0.));
#4593 = ORIENTED_EDGE('',*,*,#2913,.T.);
#4594 = ORIENTED_EDGE('',*,*,#4595,.F.);
#4595 = EDGE_CURVE('',#4580,#2905,#4596,.T.);
#4596 = LINE('',#4597,#4598);
#4597 = CARTESIAN_POINT('',(345.,9.941421356237,4.741421356237));
#4598 = VECTOR('',#4599,1.);
#4599 = DIRECTION('',(-1.,-0.,-0.));
#4600 = PLANE('',#4601);
#4601 = AXIS2_PLACEMENT_3D('',#4602,#4603,#4604);
#4602 = CARTESIAN_POINT('',(345.,10.,4.8));
#4603 = DIRECTION('',(0.,-0.707106781187,0.707106781187));
#4604 = DIRECTION('',(0.,-0.707106781187,-0.707106781187));
#4605 = ADVANCED_FACE('',(#4606),#4624,.F.);
#4606 = FACE_BOUND('',#4607,.T.);
#4607 = EDGE_LOOP('',(#4608,#4616,#4617,#4618));
#4608 = ORIENTED_EDGE('',*,*,#4609,.F.);
#4609 = EDGE_CURVE('',#4012,#4610,#4612,.T.);
#4610 = VERTEX_POINT('',#4611);
#4611 = CARTESIAN_POINT('',(46.167331974683,8.2,5.210050506339));
#4612 = LINE('',#4613,#4614);
#4613 = CARTESIAN_POINT('',(46.167331974683,8.2,5.210050506339));
#4614 = VECTOR('',#4615,1.);
#4615 = DIRECTION('',(-0.,1.,0.));
#4616 = ORIENTED_EDGE('',*,*,#4011,.T.);
#4617 = ORIENTED_EDGE('',*,*,#2938,.T.);
#4618 = ORIENTED_EDGE('',*,*,#4619,.F.);
#4619 = EDGE_CURVE('',#4610,#2931,#4620,.T.);
#4620 = LINE('',#4621,#4622);
#4621 = CARTESIAN_POINT('',(345.,8.2,5.210050506339));
#4622 = VECTOR('',#4623,1.);
#4623 = DIRECTION('',(-1.,-0.,0.));
#4624 = PLANE('',#4625);
#4625 = AXIS2_PLACEMENT_3D('',#4626,#4627,#4628);
#4626 = CARTESIAN_POINT('',(345.,8.2,5.210050506339));
#4627 = DIRECTION('',(0.,0.,1.));
#4628 = DIRECTION('',(1.,0.,-0.));
#4629 = ADVANCED_FACE('',(#4630),#4648,.F.);
#4630 = FACE_BOUND('',#4631,.T.);
#4631 = EDGE_LOOP('',(#4632,#4640,#4646,#4647));
#4632 = ORIENTED_EDGE('',*,*,#4633,.F.);
#4633 = EDGE_CURVE('',#4634,#4334,#4636,.T.);
#4634 = VERTEX_POINT('',#4635);
#4635 = CARTESIAN_POINT('',(46.167331974683,8.2,-5.210050506339));
#4636 = LINE('',#4637,#4638);
#4637 = CARTESIAN_POINT('',(46.167331974683,8.2,-5.210050506339));
#4638 = VECTOR('',#4639,1.);
#4639 = DIRECTION('',(-0.,-1.,-0.));
#4640 = ORIENTED_EDGE('',*,*,#4641,.F.);
#4641 = EDGE_CURVE('',#2995,#4634,#4642,.T.);
#4642 = LINE('',#4643,#4644);
#4643 = CARTESIAN_POINT('',(345.,8.2,-5.210050506339));
#4644 = VECTOR('',#4645,1.);
#4645 = DIRECTION('',(1.,-0.,0.));
#4646 = ORIENTED_EDGE('',*,*,#2994,.T.);
#4647 = ORIENTED_EDGE('',*,*,#4342,.T.);
#4648 = PLANE('',#4649);
#4649 = AXIS2_PLACEMENT_3D('',#4650,#4651,#4652);
#4650 = CARTESIAN_POINT('',(345.,8.2,-5.210050506339));
#4651 = DIRECTION('',(0.,0.,-1.));
#4652 = DIRECTION('',(-1.,0.,-0.));
#4653 = ADVANCED_FACE('',(#4654),#4680,.F.);
#4654 = FACE_BOUND('',#4655,.T.);
#4655 = EDGE_LOOP('',(#4656,#4667,#4673,#4674));
#4656 = ORIENTED_EDGE('',*,*,#4657,.F.);
#4657 = EDGE_CURVE('',#4658,#4660,#4662,.T.);
#4658 = VERTEX_POINT('',#4659);
#4659 = CARTESIAN_POINT('',(45.34708999162,9.941421356237,
    -4.741421356237));
#4660 = VERTEX_POINT('',#4661);
#4661 = CARTESIAN_POINT('',(43.920533863774,8.541421356237,
    -3.341421356237));
#4662 = ( BOUNDED_CURVE() B_SPLINE_CURVE(3,(#4663,#4664,#4665,#4666),
.UNSPECIFIED.,.F.,.F.) B_SPLINE_CURVE_WITH_KNOTS((4,4),(0.601310365596,
0.950696066137),.PIECEWISE_BEZIER_KNOTS.) CURVE() 
GEOMETRIC_REPRESENTATION_ITEM() RATIONAL_B_SPLINE_CURVE((1.,
0.989853313148,0.989853313148,1.)) REPRESENTATION_ITEM('') );
#4663 = CARTESIAN_POINT('',(45.34708999162,9.941421356237,
    -4.741421356237));
#4664 = CARTESIAN_POINT('',(44.792067741438,9.56064156536,-4.36064156536
    ));
#4665 = CARTESIAN_POINT('',(44.311674633726,9.089191239874,
    -3.889191239874));
#4666 = CARTESIAN_POINT('',(43.920533863774,8.541421356237,
    -3.341421356237));
#4667 = ORIENTED_EDGE('',*,*,#4668,.F.);
#4668 = EDGE_CURVE('',#3019,#4658,#4669,.T.);
#4669 = LINE('',#4670,#4671);
#4670 = CARTESIAN_POINT('',(345.,9.941421356237,-4.741421356237));
#4671 = VECTOR('',#4672,1.);
#4672 = DIRECTION('',(1.,0.,0.));
#4673 = ORIENTED_EDGE('',*,*,#3018,.T.);
#4674 = ORIENTED_EDGE('',*,*,#4675,.F.);
#4675 = EDGE_CURVE('',#4660,#3010,#4676,.T.);
#4676 = LINE('',#4677,#4678);
#4677 = CARTESIAN_POINT('',(345.,8.541421356237,-3.341421356237));
#4678 = VECTOR('',#4679,1.);
#4679 = DIRECTION('',(-1.,-0.,-0.));
#4680 = PLANE('',#4681);
#4681 = AXIS2_PLACEMENT_3D('',#4682,#4683,#4684);
#4682 = CARTESIAN_POINT('',(345.,10.,-4.8));
#4683 = DIRECTION('',(0.,-0.707106781187,-0.707106781187));
#4684 = DIRECTION('',(0.,0.707106781187,-0.707106781187));
#4685 = ADVANCED_FACE('',(#4686),#4698,.F.);
#4686 = FACE_BOUND('',#4687,.F.);
#4687 = EDGE_LOOP('',(#4688,#4689,#4690,#4697));
#4688 = ORIENTED_EDGE('',*,*,#3118,.F.);
#4689 = ORIENTED_EDGE('',*,*,#187,.F.);
#4690 = ORIENTED_EDGE('',*,*,#4691,.T.);
#4691 = EDGE_CURVE('',#188,#207,#4692,.T.);
#4692 = CIRCLE('',#4693,1.999999999953);
#4693 = AXIS2_PLACEMENT_3D('',#4694,#4695,#4696);
#4694 = CARTESIAN_POINT('',(0.499999999988,0.,0.));
#4695 = DIRECTION('',(-1.,0.,0.));
#4696 = DIRECTION('',(0.,0.,1.));
#4697 = ORIENTED_EDGE('',*,*,#206,.T.);
#4698 = CONICAL_SURFACE('',#4699,2.499999999941,0.785398163397);
#4699 = AXIS2_PLACEMENT_3D('',#4700,#4701,#4702);
#4700 = CARTESIAN_POINT('',(0.,0.,0.));
#4701 = DIRECTION('',(-1.,0.,0.));
#4702 = DIRECTION('',(0.,0.,1.));
#4703 = ADVANCED_FACE('',(#4704,#4744),#4748,.F.);
#4704 = FACE_BOUND('',#4705,.F.);
#4705 = EDGE_LOOP('',(#4706,#4707,#4716,#4723,#4724,#4725,#4726,#4735,
    #4742,#4743));
#4706 = ORIENTED_EDGE('',*,*,#4226,.F.);
#4707 = ORIENTED_EDGE('',*,*,#4708,.T.);
#4708 = EDGE_CURVE('',#4227,#4709,#4711,.T.);
#4709 = VERTEX_POINT('',#4710);
#4710 = CARTESIAN_POINT('',(281.8,3.5,-0.));
#4711 = ( BOUNDED_CURVE() B_SPLINE_CURVE(3,(#4712,#4713,#4714,#4715),
.UNSPECIFIED.,.F.,.F.) B_SPLINE_CURVE_WITH_KNOTS((4,4),(1.403348247575,
1.570796326795),.PIECEWISE_BEZIER_KNOTS.) CURVE() 
GEOMETRIC_REPRESENTATION_ITEM() RATIONAL_B_SPLINE_CURVE((1.,
0.99766479297,0.99766479297,1.)) REPRESENTATION_ITEM('') );
#4712 = CARTESIAN_POINT('',(281.75803989155,4.,-0.5));
#4713 = CARTESIAN_POINT('',(281.78598055888,3.834700782847,
    -0.334700782847));
#4714 = CARTESIAN_POINT('',(281.8,3.667644004016,-0.167644004016));
#4715 = CARTESIAN_POINT('',(281.8,3.5,-3.1E-16));
#4716 = ORIENTED_EDGE('',*,*,#4717,.T.);
#4717 = EDGE_CURVE('',#4709,#4076,#4718,.T.);
#4718 = ( BOUNDED_CURVE() B_SPLINE_CURVE(3,(#4719,#4720,#4721,#4722),
.UNSPECIFIED.,.F.,.F.) B_SPLINE_CURVE_WITH_KNOTS((4,4),(4.712388980385,
4.879837059604),.PIECEWISE_BEZIER_KNOTS.) CURVE() 
GEOMETRIC_REPRESENTATION_ITEM() RATIONAL_B_SPLINE_CURVE((1.,
0.99766479297,0.99766479297,1.)) REPRESENTATION_ITEM('') );
#4719 = CARTESIAN_POINT('',(281.8,3.5,-3.1E-16));
#4720 = CARTESIAN_POINT('',(281.8,3.667644004016,0.167644004016));
#4721 = CARTESIAN_POINT('',(281.78598055888,3.834700782847,
    0.334700782847));
#4722 = CARTESIAN_POINT('',(281.75803989155,4.,0.5));
#4723 = ORIENTED_EDGE('',*,*,#4083,.F.);
#4724 = ORIENTED_EDGE('',*,*,#328,.F.);
#4725 = ORIENTED_EDGE('',*,*,#3586,.F.);
#4726 = ORIENTED_EDGE('',*,*,#4727,.T.);
#4727 = EDGE_CURVE('',#3587,#4728,#4730,.T.);
#4728 = VERTEX_POINT('',#4729);
#4729 = CARTESIAN_POINT('',(281.8,-3.5,-2.4E-14));
#4730 = ( BOUNDED_CURVE() B_SPLINE_CURVE(3,(#4731,#4732,#4733,#4734),
.UNSPECIFIED.,.F.,.F.) B_SPLINE_CURVE_WITH_KNOTS((4,4),(4.544940901165,
4.712388980385),.PIECEWISE_BEZIER_KNOTS.) CURVE() 
GEOMETRIC_REPRESENTATION_ITEM() RATIONAL_B_SPLINE_CURVE((1.,
0.99766479297,0.99766479297,1.)) REPRESENTATION_ITEM('') );
#4731 = CARTESIAN_POINT('',(281.75803989155,-4.,0.5));
#4732 = CARTESIAN_POINT('',(281.78598055888,-3.834700782847,
    0.334700782847));
#4733 = CARTESIAN_POINT('',(281.8,-3.667644004016,0.167644004016));
#4734 = CARTESIAN_POINT('',(281.8,-3.5,-2.379E-14));
#4735 = ORIENTED_EDGE('',*,*,#4736,.T.);
#4736 = EDGE_CURVE('',#4728,#3436,#4737,.T.);
#4737 = ( BOUNDED_CURVE() B_SPLINE_CURVE(3,(#4738,#4739,#4740,#4741),
.UNSPECIFIED.,.F.,.F.) B_SPLINE_CURVE_WITH_KNOTS((4,4),(1.570796326795,
1.738244406015),.PIECEWISE_BEZIER_KNOTS.) CURVE() 
GEOMETRIC_REPRESENTATION_ITEM() RATIONAL_B_SPLINE_CURVE((1.,
0.99766479297,0.99766479297,1.)) REPRESENTATION_ITEM('') );
#4738 = CARTESIAN_POINT('',(281.8,-3.5,-2.379E-14));
#4739 = CARTESIAN_POINT('',(281.8,-3.667644004016,-0.167644004016));
#4740 = CARTESIAN_POINT('',(281.78598055888,-3.834700782847,
    -0.334700782847));
#4741 = CARTESIAN_POINT('',(281.75803989155,-4.,-0.5));
#4742 = ORIENTED_EDGE('',*,*,#3443,.F.);
#4743 = ORIENTED_EDGE('',*,*,#372,.T.);
#4744 = FACE_BOUND('',#4745,.F.);
#4745 = EDGE_LOOP('',(#4746,#4747));
#4746 = ORIENTED_EDGE('',*,*,#3151,.F.);
#4747 = ORIENTED_EDGE('',*,*,#137,.F.);
#4748 = CYLINDRICAL_SURFACE('',#4749,3.);
#4749 = AXIS2_PLACEMENT_3D('',#4750,#4751,#4752);
#4750 = CARTESIAN_POINT('',(278.8,10.,1.E-16));
#4751 = DIRECTION('',(0.,1.,9.E-17));
#4752 = DIRECTION('',(0.,-9.E-17,1.));
#4753 = ADVANCED_FACE('',(#4754),#4777,.F.);
#4754 = FACE_BOUND('',#4755,.F.);
#4755 = EDGE_LOOP('',(#4756,#4757,#4758,#4759,#4768,#4775,#4776));
#4756 = ORIENTED_EDGE('',*,*,#96,.F.);
#4757 = ORIENTED_EDGE('',*,*,#424,.F.);
#4758 = ORIENTED_EDGE('',*,*,#3602,.F.);
#4759 = ORIENTED_EDGE('',*,*,#4760,.T.);
#4760 = EDGE_CURVE('',#3603,#4761,#4763,.T.);
#4761 = VERTEX_POINT('',#4762);
#4762 = CARTESIAN_POINT('',(338.05,-3.5,-2.4E-14));
#4763 = ( BOUNDED_CURVE() B_SPLINE_CURVE(3,(#4764,#4765,#4766,#4767),
.UNSPECIFIED.,.F.,.F.) B_SPLINE_CURVE_WITH_KNOTS((4,4),(4.404518111987,
4.712388980385),.PIECEWISE_BEZIER_KNOTS.) CURVE() 
GEOMETRIC_REPRESENTATION_ITEM() RATIONAL_B_SPLINE_CURVE((1.,
0.992116879107,0.992116879107,1.)) REPRESENTATION_ITEM('') );
#4764 = CARTESIAN_POINT('',(337.97241851935,-4.,0.5));
#4765 = CARTESIAN_POINT('',(338.02393402522,-3.837992129077,
    0.337992129077));
#4766 = CARTESIAN_POINT('',(338.05,-3.670001169366,0.170001169366));
#4767 = CARTESIAN_POINT('',(338.05,-3.5,-2.379E-14));
#4768 = ORIENTED_EDGE('',*,*,#4769,.T.);
#4769 = EDGE_CURVE('',#4761,#3420,#4770,.T.);
#4770 = ( BOUNDED_CURVE() B_SPLINE_CURVE(3,(#4771,#4772,#4773,#4774),
.UNSPECIFIED.,.F.,.F.) B_SPLINE_CURVE_WITH_KNOTS((4,4),(1.570796326795,
1.878667195193),.PIECEWISE_BEZIER_KNOTS.) CURVE() 
GEOMETRIC_REPRESENTATION_ITEM() RATIONAL_B_SPLINE_CURVE((1.,
0.992116879107,0.992116879107,1.)) REPRESENTATION_ITEM('') );
#4771 = CARTESIAN_POINT('',(338.05,-3.5,-2.379E-14));
#4772 = CARTESIAN_POINT('',(338.05,-3.670001169366,-0.170001169366));
#4773 = CARTESIAN_POINT('',(338.02393402522,-3.837992129077,
    -0.337992129077));
#4774 = CARTESIAN_POINT('',(337.97241851935,-4.,-0.5));
#4775 = ORIENTED_EDGE('',*,*,#3427,.F.);
#4776 = ORIENTED_EDGE('',*,*,#431,.T.);
#4777 = CYLINDRICAL_SURFACE('',#4778,1.65);
#4778 = AXIS2_PLACEMENT_3D('',#4779,#4780,#4781);
#4779 = CARTESIAN_POINT('',(336.4,10.,1.E-16));
#4780 = DIRECTION('',(0.,1.,9.E-17));
#4781 = DIRECTION('',(0.,-9.E-17,1.));
#4782 = ADVANCED_FACE('',(#4783),#4806,.F.);
#4783 = FACE_BOUND('',#4784,.F.);
#4784 = EDGE_LOOP('',(#4785,#4786,#4795,#4802,#4803,#4804,#4805));
#4785 = ORIENTED_EDGE('',*,*,#4242,.F.);
#4786 = ORIENTED_EDGE('',*,*,#4787,.T.);
#4787 = EDGE_CURVE('',#4243,#4788,#4790,.T.);
#4788 = VERTEX_POINT('',#4789);
#4789 = CARTESIAN_POINT('',(338.05,3.5,-0.));
#4790 = ( BOUNDED_CURVE() B_SPLINE_CURVE(3,(#4791,#4792,#4793,#4794),
.UNSPECIFIED.,.F.,.F.) B_SPLINE_CURVE_WITH_KNOTS((4,4),(1.262925458397,
1.570796326795),.PIECEWISE_BEZIER_KNOTS.) CURVE() 
GEOMETRIC_REPRESENTATION_ITEM() RATIONAL_B_SPLINE_CURVE((1.,
0.992116879107,0.992116879107,1.)) REPRESENTATION_ITEM('') );
#4791 = CARTESIAN_POINT('',(337.97241851935,4.,-0.5));
#4792 = CARTESIAN_POINT('',(338.02393402522,3.837992129077,
    -0.337992129077));
#4793 = CARTESIAN_POINT('',(338.05,3.670001169366,-0.170001169366));
#4794 = CARTESIAN_POINT('',(338.05,3.5,-3.1E-16));
#4795 = ORIENTED_EDGE('',*,*,#4796,.T.);
#4796 = EDGE_CURVE('',#4788,#4060,#4797,.T.);
#4797 = ( BOUNDED_CURVE() B_SPLINE_CURVE(3,(#4798,#4799,#4800,#4801),
.UNSPECIFIED.,.F.,.F.) B_SPLINE_CURVE_WITH_KNOTS((4,4),(4.712388980385,
5.020259848783),.PIECEWISE_BEZIER_KNOTS.) CURVE() 
GEOMETRIC_REPRESENTATION_ITEM() RATIONAL_B_SPLINE_CURVE((1.,
0.992116879107,0.992116879107,1.)) REPRESENTATION_ITEM('') );
#4798 = CARTESIAN_POINT('',(338.05,3.5,-3.1E-16));
#4799 = CARTESIAN_POINT('',(338.05,3.670001169366,0.170001169366));
#4800 = CARTESIAN_POINT('',(338.02393402522,3.837992129077,
    0.337992129077));
#4801 = CARTESIAN_POINT('',(337.97241851935,4.,0.5));
#4802 = ORIENTED_EDGE('',*,*,#4067,.F.);
#4803 = ORIENTED_EDGE('',*,*,#454,.F.);
#4804 = ORIENTED_EDGE('',*,*,#3193,.F.);
#4805 = ORIENTED_EDGE('',*,*,#500,.T.);
#4806 = CYLINDRICAL_SURFACE('',#4807,1.65);
#4807 = AXIS2_PLACEMENT_3D('',#4808,#4809,#4810);
#4808 = CARTESIAN_POINT('',(336.4,10.,1.E-16));
#4809 = DIRECTION('',(0.,1.,9.E-17));
#4810 = DIRECTION('',(0.,-9.E-17,1.));
#4811 = ADVANCED_FACE('',(#4812),#4823,.F.);
#4812 = FACE_BOUND('',#4813,.T.);
#4813 = EDGE_LOOP('',(#4814,#4820,#4821,#4822));
#4814 = ORIENTED_EDGE('',*,*,#4815,.F.);
#4815 = EDGE_CURVE('',#1868,#2510,#4816,.T.);
#4816 = LINE('',#4817,#4818);
#4817 = CARTESIAN_POINT('',(345.,3.589E-14,-3.5));
#4818 = VECTOR('',#4819,1.);
#4819 = DIRECTION('',(-1.,-0.,-0.));
#4820 = ORIENTED_EDGE('',*,*,#1867,.F.);
#4821 = ORIENTED_EDGE('',*,*,#3231,.T.);
#4822 = ORIENTED_EDGE('',*,*,#2517,.F.);
#4823 = PLANE('',#4824);
#4824 = AXIS2_PLACEMENT_3D('',#4825,#4826,#4827);
#4825 = CARTESIAN_POINT('',(345.,-0.5,-4.));
#4826 = DIRECTION('',(0.,-0.707106781187,0.707106781187));
#4827 = DIRECTION('',(0.,-0.707106781187,-0.707106781187));
#4828 = ADVANCED_FACE('',(#4829),#4840,.F.);
#4829 = FACE_BOUND('',#4830,.T.);
#4830 = EDGE_LOOP('',(#4831,#4837,#4838,#4839));
#4831 = ORIENTED_EDGE('',*,*,#4832,.F.);
#4832 = EDGE_CURVE('',#2550,#2444,#4833,.T.);
#4833 = LINE('',#4834,#4835);
#4834 = CARTESIAN_POINT('',(345.,-3.482842712475,-8.2));
#4835 = VECTOR('',#4836,1.);
#4836 = DIRECTION('',(1.,0.,0.));
#4837 = ORIENTED_EDGE('',*,*,#2549,.F.);
#4838 = ORIENTED_EDGE('',*,*,#3272,.T.);
#4839 = ORIENTED_EDGE('',*,*,#2452,.F.);
#4840 = PLANE('',#4841);
#4841 = AXIS2_PLACEMENT_3D('',#4842,#4843,#4844);
#4842 = CARTESIAN_POINT('',(345.,-3.,-8.2));
#4843 = DIRECTION('',(0.,-7.8E-16,-1.));
#4844 = DIRECTION('',(0.,1.,-7.8E-16));
#4845 = ADVANCED_FACE('',(#4846),#4852,.T.);
#4846 = FACE_BOUND('',#4847,.T.);
#4847 = EDGE_LOOP('',(#4848,#4849,#4850,#4851));
#4848 = ORIENTED_EDGE('',*,*,#2574,.T.);
#4849 = ORIENTED_EDGE('',*,*,#3287,.T.);
#4850 = ORIENTED_EDGE('',*,*,#2426,.T.);
#4851 = ORIENTED_EDGE('',*,*,#3316,.T.);
#4852 = CYLINDRICAL_SURFACE('',#4853,0.2);
#4853 = AXIS2_PLACEMENT_3D('',#4854,#4855,#4856);
#4854 = CARTESIAN_POINT('',(345.,-4.882842712475,-9.8));
#4855 = DIRECTION('',(-1.,0.,0.));
#4856 = DIRECTION('',(0.,0.,1.));
#4857 = ADVANCED_FACE('',(#4858),#4864,.T.);
#4858 = FACE_BOUND('',#4859,.T.);
#4859 = EDGE_LOOP('',(#4860,#4861,#4862,#4863));
#4860 = ORIENTED_EDGE('',*,*,#2557,.T.);
#4861 = ORIENTED_EDGE('',*,*,#4832,.T.);
#4862 = ORIENTED_EDGE('',*,*,#2443,.T.);
#4863 = ORIENTED_EDGE('',*,*,#3294,.T.);
#4864 = CYLINDRICAL_SURFACE('',#4865,0.2);
#4865 = AXIS2_PLACEMENT_3D('',#4866,#4867,#4868);
#4866 = CARTESIAN_POINT('',(345.,-3.482842712475,-8.4));
#4867 = DIRECTION('',(-1.,0.,0.));
#4868 = DIRECTION('',(0.,0.,1.));
#4869 = ADVANCED_FACE('',(#4870),#4876,.T.);
#4870 = FACE_BOUND('',#4871,.T.);
#4871 = EDGE_LOOP('',(#4872,#4873,#4874,#4875));
#4872 = ORIENTED_EDGE('',*,*,#2591,.T.);
#4873 = ORIENTED_EDGE('',*,*,#3309,.T.);
#4874 = ORIENTED_EDGE('',*,*,#2409,.T.);
#4875 = ORIENTED_EDGE('',*,*,#3331,.T.);
#4876 = CYLINDRICAL_SURFACE('',#4877,0.2);
#4877 = AXIS2_PLACEMENT_3D('',#4878,#4879,#4880);
#4878 = CARTESIAN_POINT('',(345.,-9.8,-9.8));
#4879 = DIRECTION('',(-1.,0.,0.));
#4880 = DIRECTION('',(0.,0.,1.));
#4881 = ADVANCED_FACE('',(#4882),#4888,.T.);
#4882 = FACE_BOUND('',#4883,.T.);
#4883 = EDGE_LOOP('',(#4884,#4885,#4886,#4887));
#4884 = ORIENTED_EDGE('',*,*,#2608,.T.);
#4885 = ORIENTED_EDGE('',*,*,#3338,.T.);
#4886 = ORIENTED_EDGE('',*,*,#2392,.T.);
#4887 = ORIENTED_EDGE('',*,*,#3353,.T.);
#4888 = CYLINDRICAL_SURFACE('',#4889,0.2);
#4889 = AXIS2_PLACEMENT_3D('',#4890,#4891,#4892);
#4890 = CARTESIAN_POINT('',(345.,-9.8,-4.882842712475));
#4891 = DIRECTION('',(-1.,0.,0.));
#4892 = DIRECTION('',(0.,0.,1.));
#4893 = ADVANCED_FACE('',(#4894),#4905,.T.);
#4894 = FACE_BOUND('',#4895,.T.);
#4895 = EDGE_LOOP('',(#4896,#4897,#4898,#4904));
#4896 = ORIENTED_EDGE('',*,*,#558,.F.);
#4897 = ORIENTED_EDGE('',*,*,#2376,.T.);
#4898 = ORIENTED_EDGE('',*,*,#4899,.T.);
#4899 = EDGE_CURVE('',#2369,#2625,#4900,.T.);
#4900 = LINE('',#4901,#4902);
#4901 = CARTESIAN_POINT('',(345.,-8.2,-3.482842712475));
#4902 = VECTOR('',#4903,1.);
#4903 = DIRECTION('',(-1.,-0.,-0.));
#4904 = ORIENTED_EDGE('',*,*,#2624,.T.);
#4905 = CYLINDRICAL_SURFACE('',#4906,0.2);
#4906 = AXIS2_PLACEMENT_3D('',#4907,#4908,#4909);
#4907 = CARTESIAN_POINT('',(345.,-8.4,-3.482842712475));
#4908 = DIRECTION('',(-1.,0.,0.));
#4909 = DIRECTION('',(0.,0.,1.));
#4910 = ADVANCED_FACE('',(#4911),#4917,.F.);
#4911 = FACE_BOUND('',#4912,.T.);
#4912 = EDGE_LOOP('',(#4913,#4914,#4915,#4916));
#4913 = ORIENTED_EDGE('',*,*,#4899,.F.);
#4914 = ORIENTED_EDGE('',*,*,#2368,.F.);
#4915 = ORIENTED_EDGE('',*,*,#3370,.T.);
#4916 = ORIENTED_EDGE('',*,*,#2633,.F.);
#4917 = PLANE('',#4918);
#4918 = AXIS2_PLACEMENT_3D('',#4919,#4920,#4921);
#4919 = CARTESIAN_POINT('',(345.,-8.2,-3.));
#4920 = DIRECTION('',(0.,-1.,0.));
#4921 = DIRECTION('',(0.,-0.,-1.));
#4922 = ADVANCED_FACE('',(#4923),#4942,.F.);
#4923 = FACE_BOUND('',#4924,.T.);
#4924 = EDGE_LOOP('',(#4925,#4934,#4935,#4936));
#4925 = ORIENTED_EDGE('',*,*,#4926,.F.);
#4926 = EDGE_CURVE('',#3500,#4927,#4929,.T.);
#4927 = VERTEX_POINT('',#4928);
#4928 = CARTESIAN_POINT('',(4.65,-3.5,-2.4E-14));
#4929 = ( BOUNDED_CURVE() B_SPLINE_CURVE(3,(#4930,#4931,#4932,#4933),
.UNSPECIFIED.,.F.,.F.) B_SPLINE_CURVE_WITH_KNOTS((4,4),(4.404518111987,
4.712388980385),.PIECEWISE_BEZIER_KNOTS.) CURVE() 
GEOMETRIC_REPRESENTATION_ITEM() RATIONAL_B_SPLINE_CURVE((1.,
0.992116879107,0.992116879107,1.)) REPRESENTATION_ITEM('') );
#4930 = CARTESIAN_POINT('',(4.572418519352,-4.,-0.5));
#4931 = CARTESIAN_POINT('',(4.62393402522,-3.837992129077,
    -0.337992129077));
#4932 = CARTESIAN_POINT('',(4.65,-3.670001169366,-0.170001169366));
#4933 = CARTESIAN_POINT('',(4.65,-3.5,-2.384E-14));
#4934 = ORIENTED_EDGE('',*,*,#3499,.T.);
#4935 = ORIENTED_EDGE('',*,*,#941,.F.);
#4936 = ORIENTED_EDGE('',*,*,#4937,.F.);
#4937 = EDGE_CURVE('',#4927,#942,#4938,.T.);
#4938 = LINE('',#4939,#4940);
#4939 = CARTESIAN_POINT('',(345.,-3.5,-2.398E-14));
#4940 = VECTOR('',#4941,1.);
#4941 = DIRECTION('',(1.,-0.,0.));
#4942 = PLANE('',#4943);
#4943 = AXIS2_PLACEMENT_3D('',#4944,#4945,#4946);
#4944 = CARTESIAN_POINT('',(345.,-3.5,-2.398E-14));
#4945 = DIRECTION('',(0.,0.707106781187,-0.707106781187));
#4946 = DIRECTION('',(0.,0.707106781187,0.707106781187));
#4947 = ADVANCED_FACE('',(#4948),#4963,.F.);
#4948 = FACE_BOUND('',#4949,.F.);
#4949 = EDGE_LOOP('',(#4950,#4951,#4952,#4953,#4960,#4961,#4962));
#4950 = ORIENTED_EDGE('',*,*,#1619,.T.);
#4951 = ORIENTED_EDGE('',*,*,#618,.F.);
#4952 = ORIENTED_EDGE('',*,*,#3522,.F.);
#4953 = ORIENTED_EDGE('',*,*,#4954,.T.);
#4954 = EDGE_CURVE('',#3523,#4927,#4955,.T.);
#4955 = ( BOUNDED_CURVE() B_SPLINE_CURVE(3,(#4956,#4957,#4958,#4959),
.UNSPECIFIED.,.F.,.F.) B_SPLINE_CURVE_WITH_KNOTS((4,4),(4.404518111987,
4.712388980385),.PIECEWISE_BEZIER_KNOTS.) CURVE() 
GEOMETRIC_REPRESENTATION_ITEM() RATIONAL_B_SPLINE_CURVE((1.,
0.992116879107,0.992116879107,1.)) REPRESENTATION_ITEM('') );
#4956 = CARTESIAN_POINT('',(4.572418519352,-4.,0.5));
#4957 = CARTESIAN_POINT('',(4.62393402522,-3.837992129077,0.337992129077
    ));
#4958 = CARTESIAN_POINT('',(4.65,-3.670001169366,0.170001169366));
#4959 = CARTESIAN_POINT('',(4.65,-3.5,-2.384E-14));
#4960 = ORIENTED_EDGE('',*,*,#4926,.F.);
#4961 = ORIENTED_EDGE('',*,*,#3507,.F.);
#4962 = ORIENTED_EDGE('',*,*,#659,.T.);
#4963 = CYLINDRICAL_SURFACE('',#4964,1.65);
#4964 = AXIS2_PLACEMENT_3D('',#4965,#4966,#4967);
#4965 = CARTESIAN_POINT('',(3.,10.,0.));
#4966 = DIRECTION('',(0.,1.,9.E-17));
#4967 = DIRECTION('',(0.,-9.E-17,1.));
#4968 = ADVANCED_FACE('',(#4969),#4980,.F.);
#4969 = FACE_BOUND('',#4970,.T.);
#4970 = EDGE_LOOP('',(#4971,#4972,#4978,#4979));
#4971 = ORIENTED_EDGE('',*,*,#589,.T.);
#4972 = ORIENTED_EDGE('',*,*,#4973,.F.);
#4973 = EDGE_CURVE('',#2666,#592,#4974,.T.);
#4974 = LINE('',#4975,#4976);
#4975 = CARTESIAN_POINT('',(345.,-3.5,-2.398E-14));
#4976 = VECTOR('',#4977,1.);
#4977 = DIRECTION('',(1.,-0.,0.));
#4978 = ORIENTED_EDGE('',*,*,#2665,.F.);
#4979 = ORIENTED_EDGE('',*,*,#3410,.T.);
#4980 = PLANE('',#4981);
#4981 = AXIS2_PLACEMENT_3D('',#4982,#4983,#4984);
#4982 = CARTESIAN_POINT('',(345.,-3.5,-2.398E-14));
#4983 = DIRECTION('',(0.,0.707106781187,-0.707106781187));
#4984 = DIRECTION('',(0.,0.707106781187,0.707106781187));
#4985 = ADVANCED_FACE('',(#4986),#4997,.F.);
#4986 = FACE_BOUND('',#4987,.T.);
#4987 = EDGE_LOOP('',(#4988,#4989,#4990,#4991));
#4988 = ORIENTED_EDGE('',*,*,#4769,.T.);
#4989 = ORIENTED_EDGE('',*,*,#3419,.T.);
#4990 = ORIENTED_EDGE('',*,*,#2336,.F.);
#4991 = ORIENTED_EDGE('',*,*,#4992,.F.);
#4992 = EDGE_CURVE('',#4761,#2329,#4993,.T.);
#4993 = LINE('',#4994,#4995);
#4994 = CARTESIAN_POINT('',(345.,-3.5,-2.398E-14));
#4995 = VECTOR('',#4996,1.);
#4996 = DIRECTION('',(1.,-0.,0.));
#4997 = PLANE('',#4998);
#4998 = AXIS2_PLACEMENT_3D('',#4999,#5000,#5001);
#4999 = CARTESIAN_POINT('',(345.,-3.5,-2.398E-14));
#5000 = DIRECTION('',(0.,0.707106781187,-0.707106781187));
#5001 = DIRECTION('',(0.,0.707106781187,0.707106781187));
#5002 = ADVANCED_FACE('',(#5003),#5014,.F.);
#5003 = FACE_BOUND('',#5004,.T.);
#5004 = EDGE_LOOP('',(#5005,#5006,#5012,#5013));
#5005 = ORIENTED_EDGE('',*,*,#395,.T.);
#5006 = ORIENTED_EDGE('',*,*,#5007,.F.);
#5007 = EDGE_CURVE('',#4728,#398,#5008,.T.);
#5008 = LINE('',#5009,#5010);
#5009 = CARTESIAN_POINT('',(345.,-3.5,-2.398E-14));
#5010 = VECTOR('',#5011,1.);
#5011 = DIRECTION('',(1.,-0.,0.));
#5012 = ORIENTED_EDGE('',*,*,#4736,.T.);
#5013 = ORIENTED_EDGE('',*,*,#3435,.T.);
#5014 = PLANE('',#5015);
#5015 = AXIS2_PLACEMENT_3D('',#5016,#5017,#5018);
#5016 = CARTESIAN_POINT('',(345.,-3.5,-2.398E-14));
#5017 = DIRECTION('',(0.,0.707106781187,-0.707106781187));
#5018 = DIRECTION('',(0.,0.707106781187,0.707106781187));
#5019 = ADVANCED_FACE('',(#5020),#5039,.F.);
#5020 = FACE_BOUND('',#5021,.T.);
#5021 = EDGE_LOOP('',(#5022,#5031,#5032,#5033));
#5022 = ORIENTED_EDGE('',*,*,#5023,.F.);
#5023 = EDGE_CURVE('',#3452,#5024,#5026,.T.);
#5024 = VERTEX_POINT('',#5025);
#5025 = CARTESIAN_POINT('',(258.35,-3.5,-2.4E-14));
#5026 = ( BOUNDED_CURVE() B_SPLINE_CURVE(3,(#5027,#5028,#5029,#5030),
.UNSPECIFIED.,.F.,.F.) B_SPLINE_CURVE_WITH_KNOTS((4,4),(4.404518111987,
4.712388980385),.PIECEWISE_BEZIER_KNOTS.) CURVE() 
GEOMETRIC_REPRESENTATION_ITEM() RATIONAL_B_SPLINE_CURVE((1.,
0.992116879107,0.992116879107,1.)) REPRESENTATION_ITEM('') );
#5027 = CARTESIAN_POINT('',(258.27241851935,-4.,-0.5));
#5028 = CARTESIAN_POINT('',(258.32393402522,-3.837992129077,
    -0.337992129077));
#5029 = CARTESIAN_POINT('',(258.35,-3.670001169366,-0.170001169366));
#5030 = CARTESIAN_POINT('',(258.35,-3.5,-2.379E-14));
#5031 = ORIENTED_EDGE('',*,*,#3451,.T.);
#5032 = ORIENTED_EDGE('',*,*,#299,.T.);
#5033 = ORIENTED_EDGE('',*,*,#5034,.F.);
#5034 = EDGE_CURVE('',#5024,#302,#5035,.T.);
#5035 = LINE('',#5036,#5037);
#5036 = CARTESIAN_POINT('',(345.,-3.5,-2.398E-14));
#5037 = VECTOR('',#5038,1.);
#5038 = DIRECTION('',(1.,-0.,0.));
#5039 = PLANE('',#5040);
#5040 = AXIS2_PLACEMENT_3D('',#5041,#5042,#5043);
#5041 = CARTESIAN_POINT('',(345.,-3.5,-2.398E-14));
#5042 = DIRECTION('',(0.,0.707106781187,-0.707106781187));
#5043 = DIRECTION('',(0.,0.707106781187,0.707106781187));
#5044 = ADVANCED_FACE('',(#5045),#5060,.F.);
#5045 = FACE_BOUND('',#5046,.F.);
#5046 = EDGE_LOOP('',(#5047,#5048,#5049,#5050,#5057,#5058,#5059));
#5047 = ORIENTED_EDGE('',*,*,#1673,.T.);
#5048 = ORIENTED_EDGE('',*,*,#711,.F.);
#5049 = ORIENTED_EDGE('',*,*,#3570,.F.);
#5050 = ORIENTED_EDGE('',*,*,#5051,.T.);
#5051 = EDGE_CURVE('',#3571,#5024,#5052,.T.);
#5052 = ( BOUNDED_CURVE() B_SPLINE_CURVE(3,(#5053,#5054,#5055,#5056),
.UNSPECIFIED.,.F.,.F.) B_SPLINE_CURVE_WITH_KNOTS((4,4),(4.404518111987,
4.712388980385),.PIECEWISE_BEZIER_KNOTS.) CURVE() 
GEOMETRIC_REPRESENTATION_ITEM() RATIONAL_B_SPLINE_CURVE((1.,
0.992116879107,0.992116879107,1.)) REPRESENTATION_ITEM('') );
#5053 = CARTESIAN_POINT('',(258.27241851935,-4.,0.5));
#5054 = CARTESIAN_POINT('',(258.32393402522,-3.837992129077,
    0.337992129077));
#5055 = CARTESIAN_POINT('',(258.35,-3.670001169366,0.170001169366));
#5056 = CARTESIAN_POINT('',(258.35,-3.5,-2.379E-14));
#5057 = ORIENTED_EDGE('',*,*,#5023,.F.);
#5058 = ORIENTED_EDGE('',*,*,#3459,.F.);
#5059 = ORIENTED_EDGE('',*,*,#752,.T.);
#5060 = CYLINDRICAL_SURFACE('',#5061,1.65);
#5061 = AXIS2_PLACEMENT_3D('',#5062,#5063,#5064);
#5062 = CARTESIAN_POINT('',(256.7,10.,1.E-16));
#5063 = DIRECTION('',(0.,1.,9.E-17));
#5064 = DIRECTION('',(0.,-9.E-17,1.));
#5065 = ADVANCED_FACE('',(#5066),#5085,.F.);
#5066 = FACE_BOUND('',#5067,.T.);
#5067 = EDGE_LOOP('',(#5068,#5069,#5077,#5084));
#5068 = ORIENTED_EDGE('',*,*,#682,.T.);
#5069 = ORIENTED_EDGE('',*,*,#5070,.F.);
#5070 = EDGE_CURVE('',#5071,#685,#5073,.T.);
#5071 = VERTEX_POINT('',#5072);
#5072 = CARTESIAN_POINT('',(51.6,-3.5,-2.4E-14));
#5073 = LINE('',#5074,#5075);
#5074 = CARTESIAN_POINT('',(345.,-3.5,-2.398E-14));
#5075 = VECTOR('',#5076,1.);
#5076 = DIRECTION('',(1.,-0.,0.));
#5077 = ORIENTED_EDGE('',*,*,#5078,.F.);
#5078 = EDGE_CURVE('',#3468,#5071,#5079,.T.);
#5079 = ( BOUNDED_CURVE() B_SPLINE_CURVE(3,(#5080,#5081,#5082,#5083),
.UNSPECIFIED.,.F.,.F.) B_SPLINE_CURVE_WITH_KNOTS((4,4),(4.544940901165,
4.712388980385),.PIECEWISE_BEZIER_KNOTS.) CURVE() 
GEOMETRIC_REPRESENTATION_ITEM() RATIONAL_B_SPLINE_CURVE((1.,
0.99766479297,0.99766479297,1.)) REPRESENTATION_ITEM('') );
#5080 = CARTESIAN_POINT('',(51.55803989155,-4.,-0.5));
#5081 = CARTESIAN_POINT('',(51.585980558886,-3.834700782847,
    -0.334700782847));
#5082 = CARTESIAN_POINT('',(51.6,-3.667644004016,-0.167644004016));
#5083 = CARTESIAN_POINT('',(51.6,-3.5,-2.379E-14));
#5084 = ORIENTED_EDGE('',*,*,#3467,.T.);
#5085 = PLANE('',#5086);
#5086 = AXIS2_PLACEMENT_3D('',#5087,#5088,#5089);
#5087 = CARTESIAN_POINT('',(345.,-3.5,-2.398E-14));
#5088 = DIRECTION('',(0.,0.707106781187,-0.707106781187));
#5089 = DIRECTION('',(0.,0.707106781187,0.707106781187));
#5090 = ADVANCED_FACE('',(#5091,#5123),#5159,.F.);
#5091 = FACE_BOUND('',#5092,.F.);
#5092 = EDGE_LOOP('',(#5093,#5094,#5103,#5110,#5111,#5112,#5113,#5120,
    #5121,#5122));
#5093 = ORIENTED_EDGE('',*,*,#4194,.F.);
#5094 = ORIENTED_EDGE('',*,*,#5095,.T.);
#5095 = EDGE_CURVE('',#4195,#5096,#5098,.T.);
#5096 = VERTEX_POINT('',#5097);
#5097 = CARTESIAN_POINT('',(51.6,3.5,-0.));
#5098 = ( BOUNDED_CURVE() B_SPLINE_CURVE(3,(#5099,#5100,#5101,#5102),
.UNSPECIFIED.,.F.,.F.) B_SPLINE_CURVE_WITH_KNOTS((4,4),(1.403348247575,
1.570796326795),.PIECEWISE_BEZIER_KNOTS.) CURVE() 
GEOMETRIC_REPRESENTATION_ITEM() RATIONAL_B_SPLINE_CURVE((1.,
0.99766479297,0.99766479297,1.)) REPRESENTATION_ITEM('') );
#5099 = CARTESIAN_POINT('',(51.55803989155,4.,-0.5));
#5100 = CARTESIAN_POINT('',(51.585980558886,3.834700782847,
    -0.334700782847));
#5101 = CARTESIAN_POINT('',(51.6,3.667644004016,-0.167644004016));
#5102 = CARTESIAN_POINT('',(51.6,3.5,-3.9E-16));
#5103 = ORIENTED_EDGE('',*,*,#5104,.T.);
#5104 = EDGE_CURVE('',#5096,#4108,#5105,.T.);
#5105 = ( BOUNDED_CURVE() B_SPLINE_CURVE(3,(#5106,#5107,#5108,#5109),
.UNSPECIFIED.,.F.,.F.) B_SPLINE_CURVE_WITH_KNOTS((4,4),(4.712388980385,
4.879837059604),.PIECEWISE_BEZIER_KNOTS.) CURVE() 
GEOMETRIC_REPRESENTATION_ITEM() RATIONAL_B_SPLINE_CURVE((1.,
0.99766479297,0.99766479297,1.)) REPRESENTATION_ITEM('') );
#5106 = CARTESIAN_POINT('',(51.6,3.5,-3.9E-16));
#5107 = CARTESIAN_POINT('',(51.6,3.667644004016,0.167644004016));
#5108 = CARTESIAN_POINT('',(51.585980558886,3.834700782847,
    0.334700782847));
#5109 = CARTESIAN_POINT('',(51.55803989155,4.,0.5));
#5110 = ORIENTED_EDGE('',*,*,#4115,.F.);
#5111 = ORIENTED_EDGE('',*,*,#874,.F.);
#5112 = ORIENTED_EDGE('',*,*,#3554,.F.);
#5113 = ORIENTED_EDGE('',*,*,#5114,.T.);
#5114 = EDGE_CURVE('',#3555,#5071,#5115,.T.);
#5115 = ( BOUNDED_CURVE() B_SPLINE_CURVE(3,(#5116,#5117,#5118,#5119),
.UNSPECIFIED.,.F.,.F.) B_SPLINE_CURVE_WITH_KNOTS((4,4),(4.544940901165,
4.712388980385),.PIECEWISE_BEZIER_KNOTS.) CURVE() 
GEOMETRIC_REPRESENTATION_ITEM() RATIONAL_B_SPLINE_CURVE((1.,
0.99766479297,0.99766479297,1.)) REPRESENTATION_ITEM('') );
#5116 = CARTESIAN_POINT('',(51.55803989155,-4.,0.5));
#5117 = CARTESIAN_POINT('',(51.585980558886,-3.834700782847,
    0.334700782847));
#5118 = CARTESIAN_POINT('',(51.6,-3.667644004016,0.167644004016));
#5119 = CARTESIAN_POINT('',(51.6,-3.5,-2.379E-14));
#5120 = ORIENTED_EDGE('',*,*,#5078,.F.);
#5121 = ORIENTED_EDGE('',*,*,#3475,.F.);
#5122 = ORIENTED_EDGE('',*,*,#918,.T.);
#5123 = FACE_BOUND('',#5124,.F.);
#5124 = EDGE_LOOP('',(#5125,#5126));
#5125 = ORIENTED_EDGE('',*,*,#1713,.T.);
#5126 = ORIENTED_EDGE('',*,*,#5127,.T.);
#5127 = EDGE_CURVE('',#1706,#1714,#5128,.T.);
#5128 = B_SPLINE_CURVE_WITH_KNOTS('',3,(#5129,#5130,#5131,#5132,#5133,
    #5134,#5135,#5136,#5137,#5138,#5139,#5140,#5141,#5142,#5143,#5144,
    #5145,#5146,#5147,#5148,#5149,#5150,#5151,#5152,#5153,#5154,#5155,
    #5156,#5157,#5158),.UNSPECIFIED.,.F.,.F.,(4,2,2,2,2,2,2,2,2,2,2,2,2,
    2,4),(0.,4.036947125313E-04,8.073894250626E-04,1.614778850125E-03,
    2.018473562657E-03,2.422168275188E-03,2.825862987719E-03,
    3.229557700251E-03,3.633252412782E-03,4.036947125313E-03,
    4.844336550376E-03,5.248031262907E-03,5.651725975438E-03,
    6.05542068797E-03,6.459115400501E-03),.UNSPECIFIED.);
#5129 = CARTESIAN_POINT('',(50.8360679775,2.51E-15,2.));
#5130 = CARTESIAN_POINT('',(50.8360679775,0.137047194602,2.));
#5131 = CARTESIAN_POINT('',(50.848713648301,0.270467135638,
    1.986082714779));
#5132 = CARTESIAN_POINT('',(50.8946689358,0.530984862621,1.932804205571)
  );
#5133 = CARTESIAN_POINT('',(50.92835940021,0.658747131697,1.892832703505
    ));
#5134 = CARTESIAN_POINT('',(51.045947710486,1.01657333741,1.741732573494
    ));
#5135 = CARTESIAN_POINT('',(51.14739973478,1.229760269181,1.597403163663
    ));
#5136 = CARTESIAN_POINT('',(51.290974725794,1.499036758251,1.32999646396
    ));
#5137 = CARTESIAN_POINT('',(51.338319375719,1.581688130011,
    1.230696433981));
#5138 = CARTESIAN_POINT('',(51.423852459912,1.725539640961,1.01924678106
    ));
#5139 = CARTESIAN_POINT('',(51.462446947813,1.787507520184,
    0.906621719533));
#5140 = CARTESIAN_POINT('',(51.527840416993,1.890457646458,
    0.665819768399));
#5141 = CARTESIAN_POINT('',(51.554588220591,1.931322342795,
    0.536448013766));
#5142 = CARTESIAN_POINT('',(51.590247528712,1.985445723633,0.27529573509
    ));
#5143 = CARTESIAN_POINT('',(51.599742185248,1.999613277051,
    0.141933186246));
#5144 = CARTESIAN_POINT('',(51.60024751697,2.00037127626,-0.130816834654
    ));
#5145 = CARTESIAN_POINT('',(51.591090128595,1.986711358148,
    -0.266359213866));
#5146 = CARTESIAN_POINT('',(51.555946058644,1.933395708288,
    -0.52910328536));
#5147 = CARTESIAN_POINT('',(51.529512773535,1.893043027256,
    -0.658552691627));
#5148 = CARTESIAN_POINT('',(51.431703899902,1.739199306485,
    -1.021958891097));
#5149 = CARTESIAN_POINT('',(51.340173142307,1.591096883754,
    -1.23798937829));
#5150 = CARTESIAN_POINT('',(51.196438826393,1.321837618666,
    -1.506252654252));
#5151 = CARTESIAN_POINT('',(51.146779795119,1.22267564953,
    -1.587810614174));
#5152 = CARTESIAN_POINT('',(51.05275730989,1.012357071565,
    -1.729511910941));
#5153 = CARTESIAN_POINT('',(51.008061033188,0.900794597328,
    -1.790350014774));
#5154 = CARTESIAN_POINT('',(50.92936793984,0.662289941168,
    -1.891601468545));
#5155 = CARTESIAN_POINT('',(50.895458603877,0.534450887534,
    -1.931872948997));
#5156 = CARTESIAN_POINT('',(50.849044548442,0.273329343369,
    -1.985714458906));
#5157 = CARTESIAN_POINT('',(50.836067977502,0.137310823942,-2.));
#5158 = CARTESIAN_POINT('',(50.8360679775,2.4E-16,-2.));
#5159 = CYLINDRICAL_SURFACE('',#5160,3.);
#5160 = AXIS2_PLACEMENT_3D('',#5161,#5162,#5163);
#5161 = CARTESIAN_POINT('',(48.6,10.,8.7E-16));
#5162 = DIRECTION('',(0.,1.,9.E-17));
#5163 = DIRECTION('',(0.,-9.E-17,1.));
#5164 = ADVANCED_FACE('',(#5165),#5184,.F.);
#5165 = FACE_BOUND('',#5166,.T.);
#5166 = EDGE_LOOP('',(#5167,#5176,#5177,#5178));
#5167 = ORIENTED_EDGE('',*,*,#5168,.F.);
#5168 = EDGE_CURVE('',#3484,#5169,#5171,.T.);
#5169 = VERTEX_POINT('',#5170);
#5170 = CARTESIAN_POINT('',(30.65,-3.5,-2.4E-14));
#5171 = ( BOUNDED_CURVE() B_SPLINE_CURVE(3,(#5172,#5173,#5174,#5175),
.UNSPECIFIED.,.F.,.F.) B_SPLINE_CURVE_WITH_KNOTS((4,4),(4.404518111987,
4.712388980385),.PIECEWISE_BEZIER_KNOTS.) CURVE() 
GEOMETRIC_REPRESENTATION_ITEM() RATIONAL_B_SPLINE_CURVE((1.,
0.992116879107,0.992116879107,1.)) REPRESENTATION_ITEM('') );
#5172 = CARTESIAN_POINT('',(30.572418519352,-4.,-0.5));
#5173 = CARTESIAN_POINT('',(30.62393402522,-3.837992129077,
    -0.337992129077));
#5174 = CARTESIAN_POINT('',(30.65,-3.670001169366,-0.170001169366));
#5175 = CARTESIAN_POINT('',(30.65,-3.5,-2.379E-14));
#5176 = ORIENTED_EDGE('',*,*,#3483,.T.);
#5177 = ORIENTED_EDGE('',*,*,#845,.T.);
#5178 = ORIENTED_EDGE('',*,*,#5179,.F.);
#5179 = EDGE_CURVE('',#5169,#848,#5180,.T.);
#5180 = LINE('',#5181,#5182);
#5181 = CARTESIAN_POINT('',(345.,-3.5,-2.398E-14));
#5182 = VECTOR('',#5183,1.);
#5183 = DIRECTION('',(1.,-0.,0.));
#5184 = PLANE('',#5185);
#5185 = AXIS2_PLACEMENT_3D('',#5186,#5187,#5188);
#5186 = CARTESIAN_POINT('',(345.,-3.5,-2.398E-14));
#5187 = DIRECTION('',(0.,0.707106781187,-0.707106781187));
#5188 = DIRECTION('',(0.,0.707106781187,0.707106781187));
#5189 = ADVANCED_FACE('',(#5190),#5205,.F.);
#5190 = FACE_BOUND('',#5191,.F.);
#5191 = EDGE_LOOP('',(#5192,#5193,#5194,#5195,#5202,#5203,#5204));
#5192 = ORIENTED_EDGE('',*,*,#1587,.T.);
#5193 = ORIENTED_EDGE('',*,*,#970,.F.);
#5194 = ORIENTED_EDGE('',*,*,#3538,.F.);
#5195 = ORIENTED_EDGE('',*,*,#5196,.T.);
#5196 = EDGE_CURVE('',#3539,#5169,#5197,.T.);
#5197 = ( BOUNDED_CURVE() B_SPLINE_CURVE(3,(#5198,#5199,#5200,#5201),
.UNSPECIFIED.,.F.,.F.) B_SPLINE_CURVE_WITH_KNOTS((4,4),(4.404518111987,
4.712388980385),.PIECEWISE_BEZIER_KNOTS.) CURVE() 
GEOMETRIC_REPRESENTATION_ITEM() RATIONAL_B_SPLINE_CURVE((1.,
0.992116879107,0.992116879107,1.)) REPRESENTATION_ITEM('') );
#5198 = CARTESIAN_POINT('',(30.572418519352,-4.,0.5));
#5199 = CARTESIAN_POINT('',(30.62393402522,-3.837992129077,
    0.337992129077));
#5200 = CARTESIAN_POINT('',(30.65,-3.670001169366,0.170001169366));
#5201 = CARTESIAN_POINT('',(30.65,-3.5,-2.379E-14));
#5202 = ORIENTED_EDGE('',*,*,#5168,.F.);
#5203 = ORIENTED_EDGE('',*,*,#3491,.F.);
#5204 = ORIENTED_EDGE('',*,*,#1011,.T.);
#5205 = CYLINDRICAL_SURFACE('',#5206,1.65);
#5206 = AXIS2_PLACEMENT_3D('',#5207,#5208,#5209);
#5207 = CARTESIAN_POINT('',(29.,10.,1.E-16));
#5208 = DIRECTION('',(0.,1.,9.E-17));
#5209 = DIRECTION('',(0.,-9.E-17,1.));
#5210 = ADVANCED_FACE('',(#5211),#5217,.F.);
#5211 = FACE_BOUND('',#5212,.T.);
#5212 = EDGE_LOOP('',(#5213,#5214,#5215,#5216));
#5213 = ORIENTED_EDGE('',*,*,#600,.T.);
#5214 = ORIENTED_EDGE('',*,*,#3625,.T.);
#5215 = ORIENTED_EDGE('',*,*,#2673,.F.);
#5216 = ORIENTED_EDGE('',*,*,#4973,.T.);
#5217 = PLANE('',#5218);
#5218 = AXIS2_PLACEMENT_3D('',#5219,#5220,#5221);
#5219 = CARTESIAN_POINT('',(345.,-4.,0.5));
#5220 = DIRECTION('',(-0.,0.707106781187,0.707106781187));
#5221 = DIRECTION('',(0.,-0.707106781187,0.707106781187));
#5222 = ADVANCED_FACE('',(#5223),#5229,.F.);
#5223 = FACE_BOUND('',#5224,.T.);
#5224 = EDGE_LOOP('',(#5225,#5226,#5227,#5228));
#5225 = ORIENTED_EDGE('',*,*,#4954,.T.);
#5226 = ORIENTED_EDGE('',*,*,#4937,.T.);
#5227 = ORIENTED_EDGE('',*,*,#952,.T.);
#5228 = ORIENTED_EDGE('',*,*,#3531,.T.);
#5229 = PLANE('',#5230);
#5230 = AXIS2_PLACEMENT_3D('',#5231,#5232,#5233);
#5231 = CARTESIAN_POINT('',(345.,-4.,0.5));
#5232 = DIRECTION('',(-0.,0.707106781187,0.707106781187));
#5233 = DIRECTION('',(0.,-0.707106781187,0.707106781187));
#5234 = ADVANCED_FACE('',(#5235),#5241,.F.);
#5235 = FACE_BOUND('',#5236,.T.);
#5236 = EDGE_LOOP('',(#5237,#5238,#5239,#5240));
#5237 = ORIENTED_EDGE('',*,*,#5196,.T.);
#5238 = ORIENTED_EDGE('',*,*,#5179,.T.);
#5239 = ORIENTED_EDGE('',*,*,#856,.T.);
#5240 = ORIENTED_EDGE('',*,*,#3547,.T.);
#5241 = PLANE('',#5242);
#5242 = AXIS2_PLACEMENT_3D('',#5243,#5244,#5245);
#5243 = CARTESIAN_POINT('',(345.,-4.,0.5));
#5244 = DIRECTION('',(-0.,0.707106781187,0.707106781187));
#5245 = DIRECTION('',(0.,-0.707106781187,0.707106781187));
#5246 = ADVANCED_FACE('',(#5247),#5253,.F.);
#5247 = FACE_BOUND('',#5248,.T.);
#5248 = EDGE_LOOP('',(#5249,#5250,#5251,#5252));
#5249 = ORIENTED_EDGE('',*,*,#693,.T.);
#5250 = ORIENTED_EDGE('',*,*,#3563,.T.);
#5251 = ORIENTED_EDGE('',*,*,#5114,.T.);
#5252 = ORIENTED_EDGE('',*,*,#5070,.T.);
#5253 = PLANE('',#5254);
#5254 = AXIS2_PLACEMENT_3D('',#5255,#5256,#5257);
#5255 = CARTESIAN_POINT('',(345.,-4.,0.5));
#5256 = DIRECTION('',(-0.,0.707106781187,0.707106781187));
#5257 = DIRECTION('',(0.,-0.707106781187,0.707106781187));
#5258 = ADVANCED_FACE('',(#5259),#5265,.F.);
#5259 = FACE_BOUND('',#5260,.T.);
#5260 = EDGE_LOOP('',(#5261,#5262,#5263,#5264));
#5261 = ORIENTED_EDGE('',*,*,#5051,.T.);
#5262 = ORIENTED_EDGE('',*,*,#5034,.T.);
#5263 = ORIENTED_EDGE('',*,*,#310,.T.);
#5264 = ORIENTED_EDGE('',*,*,#3579,.T.);
#5265 = PLANE('',#5266);
#5266 = AXIS2_PLACEMENT_3D('',#5267,#5268,#5269);
#5267 = CARTESIAN_POINT('',(345.,-4.,0.5));
#5268 = DIRECTION('',(-0.,0.707106781187,0.707106781187));
#5269 = DIRECTION('',(0.,-0.707106781187,0.707106781187));
#5270 = ADVANCED_FACE('',(#5271),#5277,.F.);
#5271 = FACE_BOUND('',#5272,.T.);
#5272 = EDGE_LOOP('',(#5273,#5274,#5275,#5276));
#5273 = ORIENTED_EDGE('',*,*,#406,.T.);
#5274 = ORIENTED_EDGE('',*,*,#3595,.T.);
#5275 = ORIENTED_EDGE('',*,*,#4727,.T.);
#5276 = ORIENTED_EDGE('',*,*,#5007,.T.);
#5277 = PLANE('',#5278);
#5278 = AXIS2_PLACEMENT_3D('',#5279,#5280,#5281);
#5279 = CARTESIAN_POINT('',(345.,-4.,0.5));
#5280 = DIRECTION('',(-0.,0.707106781187,0.707106781187));
#5281 = DIRECTION('',(0.,-0.707106781187,0.707106781187));
#5282 = ADVANCED_FACE('',(#5283),#5289,.F.);
#5283 = FACE_BOUND('',#5284,.T.);
#5284 = EDGE_LOOP('',(#5285,#5286,#5287,#5288));
#5285 = ORIENTED_EDGE('',*,*,#4760,.T.);
#5286 = ORIENTED_EDGE('',*,*,#4992,.T.);
#5287 = ORIENTED_EDGE('',*,*,#2328,.F.);
#5288 = ORIENTED_EDGE('',*,*,#3611,.T.);
#5289 = PLANE('',#5290);
#5290 = AXIS2_PLACEMENT_3D('',#5291,#5292,#5293);
#5291 = CARTESIAN_POINT('',(345.,-4.,0.5));
#5292 = DIRECTION('',(-0.,0.707106781187,0.707106781187));
#5293 = DIRECTION('',(0.,-0.707106781187,0.707106781187));
#5294 = ADVANCED_FACE('',(#5295),#5306,.F.);
#5295 = FACE_BOUND('',#5296,.T.);
#5296 = EDGE_LOOP('',(#5297,#5303,#5304,#5305));
#5297 = ORIENTED_EDGE('',*,*,#5298,.F.);
#5298 = EDGE_CURVE('',#2706,#2288,#5299,.T.);
#5299 = LINE('',#5300,#5301);
#5300 = CARTESIAN_POINT('',(345.,-8.2,3.482842712475));
#5301 = VECTOR('',#5302,1.);
#5302 = DIRECTION('',(1.,0.,0.));
#5303 = ORIENTED_EDGE('',*,*,#2705,.F.);
#5304 = ORIENTED_EDGE('',*,*,#3659,.T.);
#5305 = ORIENTED_EDGE('',*,*,#2296,.F.);
#5306 = PLANE('',#5307);
#5307 = AXIS2_PLACEMENT_3D('',#5308,#5309,#5310);
#5308 = CARTESIAN_POINT('',(345.,-8.2,3.));
#5309 = DIRECTION('',(0.,-1.,0.));
#5310 = DIRECTION('',(0.,-0.,-1.));
#5311 = ADVANCED_FACE('',(#5312),#5318,.T.);
#5312 = FACE_BOUND('',#5313,.T.);
#5313 = EDGE_LOOP('',(#5314,#5315,#5316,#5317));
#5314 = ORIENTED_EDGE('',*,*,#2713,.T.);
#5315 = ORIENTED_EDGE('',*,*,#5298,.T.);
#5316 = ORIENTED_EDGE('',*,*,#2287,.T.);
#5317 = ORIENTED_EDGE('',*,*,#3676,.T.);
#5318 = CYLINDRICAL_SURFACE('',#5319,0.2);
#5319 = AXIS2_PLACEMENT_3D('',#5320,#5321,#5322);
#5320 = CARTESIAN_POINT('',(345.,-8.4,3.482842712475));
#5321 = DIRECTION('',(-1.,0.,0.));
#5322 = DIRECTION('',(0.,0.,1.));
#5323 = ADVANCED_FACE('',(#5324),#5330,.T.);
#5324 = FACE_BOUND('',#5325,.T.);
#5325 = EDGE_LOOP('',(#5326,#5327,#5328,#5329));
#5326 = ORIENTED_EDGE('',*,*,#2747,.T.);
#5327 = ORIENTED_EDGE('',*,*,#3693,.T.);
#5328 = ORIENTED_EDGE('',*,*,#2245,.T.);
#5329 = ORIENTED_EDGE('',*,*,#3708,.T.);
#5330 = CYLINDRICAL_SURFACE('',#5331,0.2);
#5331 = AXIS2_PLACEMENT_3D('',#5332,#5333,#5334);
#5332 = CARTESIAN_POINT('',(345.,-4.882842712475,9.8));
#5333 = DIRECTION('',(-1.,0.,0.));
#5334 = DIRECTION('',(0.,0.,1.));
#5335 = ADVANCED_FACE('',(#5336),#5347,.T.);
#5336 = FACE_BOUND('',#5337,.T.);
#5337 = EDGE_LOOP('',(#5338,#5339,#5340,#5341));
#5338 = ORIENTED_EDGE('',*,*,#2764,.T.);
#5339 = ORIENTED_EDGE('',*,*,#3715,.T.);
#5340 = ORIENTED_EDGE('',*,*,#2228,.T.);
#5341 = ORIENTED_EDGE('',*,*,#5342,.T.);
#5342 = EDGE_CURVE('',#2221,#2765,#5343,.T.);
#5343 = LINE('',#5344,#5345);
#5344 = CARTESIAN_POINT('',(345.,-3.482842712475,8.2));
#5345 = VECTOR('',#5346,1.);
#5346 = DIRECTION('',(-1.,0.,0.));
#5347 = CYLINDRICAL_SURFACE('',#5348,0.2);
#5348 = AXIS2_PLACEMENT_3D('',#5349,#5350,#5351);
#5349 = CARTESIAN_POINT('',(345.,-3.482842712475,8.4));
#5350 = DIRECTION('',(-1.,0.,0.));
#5351 = DIRECTION('',(0.,0.,1.));
#5352 = ADVANCED_FACE('',(#5353),#5359,.F.);
#5353 = FACE_BOUND('',#5354,.T.);
#5354 = EDGE_LOOP('',(#5355,#5356,#5357,#5358));
#5355 = ORIENTED_EDGE('',*,*,#5342,.F.);
#5356 = ORIENTED_EDGE('',*,*,#2220,.F.);
#5357 = ORIENTED_EDGE('',*,*,#3730,.T.);
#5358 = ORIENTED_EDGE('',*,*,#2773,.F.);
#5359 = PLANE('',#5360);
#5360 = AXIS2_PLACEMENT_3D('',#5361,#5362,#5363);
#5361 = CARTESIAN_POINT('',(345.,-3.,8.2));
#5362 = DIRECTION('',(0.,0.,1.));
#5363 = DIRECTION('',(1.,0.,-0.));
#5364 = ADVANCED_FACE('',(#5365),#5376,.F.);
#5365 = FACE_BOUND('',#5366,.T.);
#5366 = EDGE_LOOP('',(#5367,#5368,#5369,#5375));
#5367 = ORIENTED_EDGE('',*,*,#3769,.T.);
#5368 = ORIENTED_EDGE('',*,*,#2188,.F.);
#5369 = ORIENTED_EDGE('',*,*,#5370,.F.);
#5370 = EDGE_CURVE('',#2806,#2181,#5371,.T.);
#5371 = LINE('',#5372,#5373);
#5372 = CARTESIAN_POINT('',(345.,-1.176E-14,3.5));
#5373 = VECTOR('',#5374,1.);
#5374 = DIRECTION('',(1.,0.,0.));
#5375 = ORIENTED_EDGE('',*,*,#2805,.F.);
#5376 = PLANE('',#5377);
#5377 = AXIS2_PLACEMENT_3D('',#5378,#5379,#5380);
#5378 = CARTESIAN_POINT('',(345.,-1.176E-14,3.5));
#5379 = DIRECTION('',(0.,-0.707106781187,-0.707106781187));
#5380 = DIRECTION('',(0.,0.707106781187,-0.707106781187));
#5381 = ADVANCED_FACE('',(#5382),#5388,.F.);
#5382 = FACE_BOUND('',#5383,.T.);
#5383 = EDGE_LOOP('',(#5384,#5385,#5386,#5387));
#5384 = ORIENTED_EDGE('',*,*,#5370,.T.);
#5385 = ORIENTED_EDGE('',*,*,#2180,.F.);
#5386 = ORIENTED_EDGE('',*,*,#3786,.T.);
#5387 = ORIENTED_EDGE('',*,*,#2813,.F.);
#5388 = PLANE('',#5389);
#5389 = AXIS2_PLACEMENT_3D('',#5390,#5391,#5392);
#5390 = CARTESIAN_POINT('',(345.,0.5,4.));
#5391 = DIRECTION('',(0.,0.707106781187,-0.707106781187));
#5392 = DIRECTION('',(0.,0.707106781187,0.707106781187));
#5393 = ADVANCED_FACE('',(#5394),#5405,.F.);
#5394 = FACE_BOUND('',#5395,.T.);
#5395 = EDGE_LOOP('',(#5396,#5402,#5403,#5404));
#5396 = ORIENTED_EDGE('',*,*,#5397,.F.);
#5397 = EDGE_CURVE('',#2846,#2140,#5398,.T.);
#5398 = LINE('',#5399,#5400);
#5399 = CARTESIAN_POINT('',(345.,3.482842712475,8.2));
#5400 = VECTOR('',#5401,1.);
#5401 = DIRECTION('',(1.,0.,-0.));
#5402 = ORIENTED_EDGE('',*,*,#2845,.F.);
#5403 = ORIENTED_EDGE('',*,*,#3827,.T.);
#5404 = ORIENTED_EDGE('',*,*,#2148,.F.);
#5405 = PLANE('',#5406);
#5406 = AXIS2_PLACEMENT_3D('',#5407,#5408,#5409);
#5407 = CARTESIAN_POINT('',(345.,3.,8.2));
#5408 = DIRECTION('',(0.,0.,1.));
#5409 = DIRECTION('',(1.,0.,-0.));
#5410 = ADVANCED_FACE('',(#5411),#5417,.T.);
#5411 = FACE_BOUND('',#5412,.T.);
#5412 = EDGE_LOOP('',(#5413,#5414,#5415,#5416));
#5413 = ORIENTED_EDGE('',*,*,#2853,.T.);
#5414 = ORIENTED_EDGE('',*,*,#5397,.T.);
#5415 = ORIENTED_EDGE('',*,*,#2139,.T.);
#5416 = ORIENTED_EDGE('',*,*,#3842,.T.);
#5417 = CYLINDRICAL_SURFACE('',#5418,0.2);
#5418 = AXIS2_PLACEMENT_3D('',#5419,#5420,#5421);
#5419 = CARTESIAN_POINT('',(345.,3.482842712475,8.4));
#5420 = DIRECTION('',(-1.,0.,0.));
#5421 = DIRECTION('',(0.,0.,1.));
#5422 = ADVANCED_FACE('',(#5423),#5429,.T.);
#5423 = FACE_BOUND('',#5424,.T.);
#5424 = EDGE_LOOP('',(#5425,#5426,#5427,#5428));
#5425 = ORIENTED_EDGE('',*,*,#2870,.T.);
#5426 = ORIENTED_EDGE('',*,*,#3849,.T.);
#5427 = ORIENTED_EDGE('',*,*,#2122,.T.);
#5428 = ORIENTED_EDGE('',*,*,#3871,.T.);
#5429 = CYLINDRICAL_SURFACE('',#5430,0.2);
#5430 = AXIS2_PLACEMENT_3D('',#5431,#5432,#5433);
#5431 = CARTESIAN_POINT('',(345.,4.882842712475,9.8));
#5432 = DIRECTION('',(-1.,0.,0.));
#5433 = DIRECTION('',(0.,0.,1.));
#5434 = ADVANCED_FACE('',(#5435),#5441,.T.);
#5435 = FACE_BOUND('',#5436,.T.);
#5436 = EDGE_LOOP('',(#5437,#5438,#5439,#5440));
#5437 = ORIENTED_EDGE('',*,*,#2887,.T.);
#5438 = ORIENTED_EDGE('',*,*,#3864,.T.);
#5439 = ORIENTED_EDGE('',*,*,#2105,.T.);
#5440 = ORIENTED_EDGE('',*,*,#3911,.T.);
#5441 = CYLINDRICAL_SURFACE('',#5442,0.2);
#5442 = AXIS2_PLACEMENT_3D('',#5443,#5444,#5445);
#5443 = CARTESIAN_POINT('',(345.,9.8,9.8));
#5444 = DIRECTION('',(-1.,0.,0.));
#5445 = DIRECTION('',(0.,0.,1.));
#5446 = ADVANCED_FACE('',(#5447),#5509,.F.);
#5447 = FACE_BOUND('',#5448,.F.);
#5448 = EDGE_LOOP('',(#5449,#5450,#5461,#5470,#5485,#5494,#5500,#5501,
    #5508));
#5449 = ORIENTED_EDGE('',*,*,#3925,.F.);
#5450 = ORIENTED_EDGE('',*,*,#5451,.T.);
#5451 = EDGE_CURVE('',#3887,#5452,#5454,.T.);
#5452 = VERTEX_POINT('',#5453);
#5453 = CARTESIAN_POINT('',(275.54708999162,9.941421356237,
    4.741421356237));
#5454 = B_SPLINE_CURVE_WITH_KNOTS('',3,(#5455,#5456,#5457,#5458,#5459,
    #5460),.UNSPECIFIED.,.F.,.F.,(4,2,4),(7.E-17,1.329477184407E-04,
    2.658954368814E-04),.UNSPECIFIED.);
#5455 = CARTESIAN_POINT('',(275.76349756376,10.,4.882842712475));
#5456 = CARTESIAN_POINT('',(275.72537960858,10.,4.859138229121));
#5457 = CARTESIAN_POINT('',(275.68810037034,9.99593548557,4.835335225023
    ));
#5458 = CARTESIAN_POINT('',(275.61541891062,9.977793694283,
    4.787779164556));
#5459 = CARTESIAN_POINT('',(275.57948839789,9.963648678406,
    4.763648678406));
#5460 = CARTESIAN_POINT('',(275.54708999162,9.941421356237,
    4.741421356237));
#5461 = ORIENTED_EDGE('',*,*,#5462,.T.);
#5462 = EDGE_CURVE('',#5452,#5463,#5465,.T.);
#5463 = VERTEX_POINT('',#5464);
#5464 = CARTESIAN_POINT('',(274.12053386377,8.541421356237,
    3.341421356237));
#5465 = ( BOUNDED_CURVE() B_SPLINE_CURVE(3,(#5466,#5467,#5468,#5469),
.UNSPECIFIED.,.F.,.F.) B_SPLINE_CURVE_WITH_KNOTS((4,4),(0.601310365596,
0.950696066137),.PIECEWISE_BEZIER_KNOTS.) CURVE() 
GEOMETRIC_REPRESENTATION_ITEM() RATIONAL_B_SPLINE_CURVE((1.,
0.989853313148,0.989853313148,1.)) REPRESENTATION_ITEM('') );
#5466 = CARTESIAN_POINT('',(275.54708999162,9.941421356237,
    4.741421356237));
#5467 = CARTESIAN_POINT('',(274.99206774143,9.56064156536,4.36064156536)
  );
#5468 = CARTESIAN_POINT('',(274.51167463372,9.089191239874,
    3.889191239874));
#5469 = CARTESIAN_POINT('',(274.12053386377,8.541421356237,
    3.341421356237));
#5470 = ORIENTED_EDGE('',*,*,#5471,.T.);
#5471 = EDGE_CURVE('',#5463,#5472,#5474,.T.);
#5472 = VERTEX_POINT('',#5473);
#5473 = CARTESIAN_POINT('',(274.22481621788,8.2,3.482842712475));
#5474 = B_SPLINE_CURVE_WITH_KNOTS('',3,(#5475,#5476,#5477,#5478,#5479,
    #5480,#5481,#5482,#5483,#5484),.UNSPECIFIED.,.F.,.F.,(4,2,2,2,4),(
    1.E-17,1.285063756613E-04,2.570127513225E-04,3.855191269838E-04,
    5.14025502645E-04),.UNSPECIFIED.);
#5475 = CARTESIAN_POINT('',(274.12053386377,8.541421356237,
    3.341421356237));
#5476 = CARTESIAN_POINT('',(274.10099076352,8.514052381762,
    3.314052381762));
#5477 = CARTESIAN_POINT('',(274.08658033141,8.477113931858,
    3.293365757987));
#5478 = CARTESIAN_POINT('',(274.07616859833,8.392445455168,3.27841423202
    ));
#5479 = CARTESIAN_POINT('',(274.08107044715,8.347426721976,
    3.285530391466));
#5480 = CARTESIAN_POINT('',(274.10692299192,8.27374871685,3.322353725043
    ));
#5481 = CARTESIAN_POINT('',(274.12708544375,8.245420358509,
    3.350804143342));
#5482 = CARTESIAN_POINT('',(274.17293502929,8.208774025933,
    3.413837813053));
#5483 = CARTESIAN_POINT('',(274.19858710574,8.2,3.448387235048));
#5484 = CARTESIAN_POINT('',(274.22481621788,8.2,3.482842712475));
#5485 = ORIENTED_EDGE('',*,*,#5486,.T.);
#5486 = EDGE_CURVE('',#5472,#5487,#5489,.T.);
#5487 = VERTEX_POINT('',#5488);
#5488 = CARTESIAN_POINT('',(276.36733197468,8.2,5.210050506339));
#5489 = CIRCLE('',#5490,5.75);
#5490 = AXIS2_PLACEMENT_3D('',#5491,#5492,#5493);
#5491 = CARTESIAN_POINT('',(278.8,8.2,-5.E-17));
#5492 = DIRECTION('',(0.,1.,9.E-17));
#5493 = DIRECTION('',(0.,-9.E-17,1.));
#5494 = ORIENTED_EDGE('',*,*,#5495,.T.);
#5495 = EDGE_CURVE('',#5487,#3987,#5496,.T.);
#5496 = LINE('',#5497,#5498);
#5497 = CARTESIAN_POINT('',(276.36733197468,10.,5.210050506339));
#5498 = VECTOR('',#5499,1.);
#5499 = DIRECTION('',(-0.,-1.,-9.E-17));
#5500 = ORIENTED_EDGE('',*,*,#3984,.F.);
#5501 = ORIENTED_EDGE('',*,*,#5502,.T.);
#5502 = EDGE_CURVE('',#3985,#1105,#5503,.T.);
#5503 = CIRCLE('',#5504,5.75);
#5504 = AXIS2_PLACEMENT_3D('',#5505,#5506,#5507);
#5505 = CARTESIAN_POINT('',(278.8,5.5,-2.9E-16));
#5506 = DIRECTION('',(0.,1.,9.E-17));
#5507 = DIRECTION('',(0.,-9.E-17,1.));
#5508 = ORIENTED_EDGE('',*,*,#1104,.T.);
#5509 = CYLINDRICAL_SURFACE('',#5510,5.75);
#5510 = AXIS2_PLACEMENT_3D('',#5511,#5512,#5513);
#5511 = CARTESIAN_POINT('',(278.8,10.,1.E-16));
#5512 = DIRECTION('',(0.,1.,9.E-17));
#5513 = DIRECTION('',(0.,-9.E-17,1.));
#5514 = ADVANCED_FACE('',(#5515),#5526,.T.);
#5515 = FACE_BOUND('',#5516,.T.);
#5516 = EDGE_LOOP('',(#5517,#5518,#5519,#5520));
#5517 = ORIENTED_EDGE('',*,*,#1179,.T.);
#5518 = ORIENTED_EDGE('',*,*,#3886,.T.);
#5519 = ORIENTED_EDGE('',*,*,#5451,.T.);
#5520 = ORIENTED_EDGE('',*,*,#5521,.T.);
#5521 = EDGE_CURVE('',#5452,#1171,#5522,.T.);
#5522 = LINE('',#5523,#5524);
#5523 = CARTESIAN_POINT('',(345.,9.941421356237,4.741421356237));
#5524 = VECTOR('',#5525,1.);
#5525 = DIRECTION('',(-1.,0.,0.));
#5526 = CYLINDRICAL_SURFACE('',#5527,0.2);
#5527 = AXIS2_PLACEMENT_3D('',#5528,#5529,#5530);
#5528 = CARTESIAN_POINT('',(345.,9.8,4.882842712475));
#5529 = DIRECTION('',(-1.,0.,0.));
#5530 = DIRECTION('',(0.,0.,1.));
#5531 = ADVANCED_FACE('',(#5532),#5577,.F.);
#5532 = FACE_BOUND('',#5533,.F.);
#5533 = EDGE_LOOP('',(#5534,#5535,#5544,#5545,#5560,#5567,#5568,#5569,
    #5576));
#5534 = ORIENTED_EDGE('',*,*,#3895,.F.);
#5535 = ORIENTED_EDGE('',*,*,#5536,.T.);
#5536 = EDGE_CURVE('',#3896,#4580,#5537,.T.);
#5537 = B_SPLINE_CURVE_WITH_KNOTS('',3,(#5538,#5539,#5540,#5541,#5542,
    #5543),.UNSPECIFIED.,.F.,.F.,(4,2,4),(8.E-17,1.329477184407E-04,
    2.658954368814E-04),.UNSPECIFIED.);
#5538 = CARTESIAN_POINT('',(45.563497563769,10.,4.882842712475));
#5539 = CARTESIAN_POINT('',(45.52537960858,10.,4.859138229121));
#5540 = CARTESIAN_POINT('',(45.488100370349,9.99593548557,4.835335225023
    ));
#5541 = CARTESIAN_POINT('',(45.415418910624,9.977793694283,
    4.787779164556));
#5542 = CARTESIAN_POINT('',(45.379488397894,9.963648678406,
    4.763648678406));
#5543 = CARTESIAN_POINT('',(45.34708999162,9.941421356237,4.741421356237
    ));
#5544 = ORIENTED_EDGE('',*,*,#4577,.F.);
#5545 = ORIENTED_EDGE('',*,*,#5546,.T.);
#5546 = EDGE_CURVE('',#4578,#5547,#5549,.T.);
#5547 = VERTEX_POINT('',#5548);
#5548 = CARTESIAN_POINT('',(44.024816217881,8.2,3.482842712475));
#5549 = B_SPLINE_CURVE_WITH_KNOTS('',3,(#5550,#5551,#5552,#5553,#5554,
    #5555,#5556,#5557,#5558,#5559),.UNSPECIFIED.,.F.,.F.,(4,2,2,2,4),(
    1.E-17,1.285063756613E-04,2.570127513226E-04,3.855191269838E-04,
    5.140255026451E-04),.UNSPECIFIED.);
#5550 = CARTESIAN_POINT('',(43.920533863775,8.541421356237,
    3.341421356237));
#5551 = CARTESIAN_POINT('',(43.900990763526,8.514052381762,
    3.314052381762));
#5552 = CARTESIAN_POINT('',(43.886580331416,8.477113931858,
    3.293365757987));
#5553 = CARTESIAN_POINT('',(43.876168598334,8.392445455168,3.27841423202
    ));
#5554 = CARTESIAN_POINT('',(43.881070447152,8.347426721976,
    3.285530391466));
#5555 = CARTESIAN_POINT('',(43.906922991929,8.27374871685,3.322353725043
    ));
#5556 = CARTESIAN_POINT('',(43.927085443755,8.245420358509,
    3.350804143342));
#5557 = CARTESIAN_POINT('',(43.97293502929,8.208774025933,3.413837813053
    ));
#5558 = CARTESIAN_POINT('',(43.998587105746,8.2,3.448387235048));
#5559 = CARTESIAN_POINT('',(44.024816217881,8.2,3.482842712475));
#5560 = ORIENTED_EDGE('',*,*,#5561,.T.);
#5561 = EDGE_CURVE('',#5547,#4610,#5562,.T.);
#5562 = CIRCLE('',#5563,5.75);
#5563 = AXIS2_PLACEMENT_3D('',#5564,#5565,#5566);
#5564 = CARTESIAN_POINT('',(48.6,8.2,7.1E-16));
#5565 = DIRECTION('',(0.,1.,9.E-17));
#5566 = DIRECTION('',(0.,-9.E-17,1.));
#5567 = ORIENTED_EDGE('',*,*,#4609,.F.);
#5568 = ORIENTED_EDGE('',*,*,#4019,.F.);
#5569 = ORIENTED_EDGE('',*,*,#5570,.T.);
#5570 = EDGE_CURVE('',#4020,#1198,#5571,.T.);
#5571 = CIRCLE('',#5572,5.75);
#5572 = AXIS2_PLACEMENT_3D('',#5573,#5574,#5575);
#5573 = CARTESIAN_POINT('',(48.6,5.5,4.8E-16));
#5574 = DIRECTION('',(0.,1.,9.E-17));
#5575 = DIRECTION('',(0.,-9.E-17,1.));
#5576 = ORIENTED_EDGE('',*,*,#1197,.T.);
#5577 = CYLINDRICAL_SURFACE('',#5578,5.75);
#5578 = AXIS2_PLACEMENT_3D('',#5579,#5580,#5581);
#5579 = CARTESIAN_POINT('',(48.6,10.,8.7E-16));
#5580 = DIRECTION('',(0.,1.,9.E-17));
#5581 = DIRECTION('',(0.,-9.E-17,1.));
#5582 = ADVANCED_FACE('',(#5583),#5589,.T.);
#5583 = FACE_BOUND('',#5584,.T.);
#5584 = EDGE_LOOP('',(#5585,#5586,#5587,#5588));
#5585 = ORIENTED_EDGE('',*,*,#2904,.T.);
#5586 = ORIENTED_EDGE('',*,*,#3904,.T.);
#5587 = ORIENTED_EDGE('',*,*,#5536,.T.);
#5588 = ORIENTED_EDGE('',*,*,#4595,.T.);
#5589 = CYLINDRICAL_SURFACE('',#5590,0.2);
#5590 = AXIS2_PLACEMENT_3D('',#5591,#5592,#5593);
#5591 = CARTESIAN_POINT('',(345.,9.8,4.882842712475));
#5592 = DIRECTION('',(-1.,0.,0.));
#5593 = DIRECTION('',(0.,0.,1.));
#5594 = ADVANCED_FACE('',(#5595),#5601,.T.);
#5595 = FACE_BOUND('',#5596,.T.);
#5596 = EDGE_LOOP('',(#5597,#5598,#5599,#5600));
#5597 = ORIENTED_EDGE('',*,*,#2088,.T.);
#5598 = ORIENTED_EDGE('',*,*,#3941,.T.);
#5599 = ORIENTED_EDGE('',*,*,#1086,.T.);
#5600 = ORIENTED_EDGE('',*,*,#3918,.T.);
#5601 = CYLINDRICAL_SURFACE('',#5602,0.2);
#5602 = AXIS2_PLACEMENT_3D('',#5603,#5604,#5605);
#5603 = CARTESIAN_POINT('',(345.,9.8,4.882842712475));
#5604 = DIRECTION('',(-1.,0.,0.));
#5605 = DIRECTION('',(0.,0.,1.));
#5606 = ADVANCED_FACE('',(#5607),#5618,.T.);
#5607 = FACE_BOUND('',#5608,.T.);
#5608 = EDGE_LOOP('',(#5609,#5610,#5616,#5617));
#5609 = ORIENTED_EDGE('',*,*,#2071,.T.);
#5610 = ORIENTED_EDGE('',*,*,#5611,.T.);
#5611 = EDGE_CURVE('',#2064,#1054,#5612,.T.);
#5612 = LINE('',#5613,#5614);
#5613 = CARTESIAN_POINT('',(345.,8.2,3.482842712475));
#5614 = VECTOR('',#5615,1.);
#5615 = DIRECTION('',(-1.,0.,0.));
#5616 = ORIENTED_EDGE('',*,*,#1062,.T.);
#5617 = ORIENTED_EDGE('',*,*,#3948,.T.);
#5618 = CYLINDRICAL_SURFACE('',#5619,0.2);
#5619 = AXIS2_PLACEMENT_3D('',#5620,#5621,#5622);
#5620 = CARTESIAN_POINT('',(345.,8.4,3.482842712475));
#5621 = DIRECTION('',(-1.,0.,0.));
#5622 = DIRECTION('',(0.,0.,1.));
#5623 = ADVANCED_FACE('',(#5624),#5630,.F.);
#5624 = FACE_BOUND('',#5625,.T.);
#5625 = EDGE_LOOP('',(#5626,#5627,#5628,#5629));
#5626 = ORIENTED_EDGE('',*,*,#1053,.T.);
#5627 = ORIENTED_EDGE('',*,*,#5611,.F.);
#5628 = ORIENTED_EDGE('',*,*,#2063,.F.);
#5629 = ORIENTED_EDGE('',*,*,#3963,.T.);
#5630 = PLANE('',#5631);
#5631 = AXIS2_PLACEMENT_3D('',#5632,#5633,#5634);
#5632 = CARTESIAN_POINT('',(345.,8.2,3.));
#5633 = DIRECTION('',(0.,1.,0.));
#5634 = DIRECTION('',(0.,-0.,1.));
#5635 = ADVANCED_FACE('',(#5636),#5647,.F.);
#5636 = FACE_BOUND('',#5637,.T.);
#5637 = EDGE_LOOP('',(#5638,#5639,#5640,#5641));
#5638 = ORIENTED_EDGE('',*,*,#5495,.T.);
#5639 = ORIENTED_EDGE('',*,*,#4035,.T.);
#5640 = ORIENTED_EDGE('',*,*,#1138,.T.);
#5641 = ORIENTED_EDGE('',*,*,#5642,.F.);
#5642 = EDGE_CURVE('',#5487,#1139,#5643,.T.);
#5643 = LINE('',#5644,#5645);
#5644 = CARTESIAN_POINT('',(345.,8.2,5.210050506339));
#5645 = VECTOR('',#5646,1.);
#5646 = DIRECTION('',(-1.,-0.,0.));
#5647 = PLANE('',#5648);
#5648 = AXIS2_PLACEMENT_3D('',#5649,#5650,#5651);
#5649 = CARTESIAN_POINT('',(345.,8.2,5.210050506339));
#5650 = DIRECTION('',(0.,0.,1.));
#5651 = DIRECTION('',(1.,0.,-0.));
#5652 = ADVANCED_FACE('',(#5653),#5658,.F.);
#5653 = FACE_BOUND('',#5654,.T.);
#5654 = EDGE_LOOP('',(#5655,#5656,#5657));
#5655 = ORIENTED_EDGE('',*,*,#5502,.T.);
#5656 = ORIENTED_EDGE('',*,*,#1112,.T.);
#5657 = ORIENTED_EDGE('',*,*,#3995,.T.);
#5658 = PLANE('',#5659);
#5659 = AXIS2_PLACEMENT_3D('',#5660,#5661,#5662);
#5660 = CARTESIAN_POINT('',(281.8,5.5,-2.9E-16));
#5661 = DIRECTION('',(0.,-1.,-9.E-17));
#5662 = DIRECTION('',(0.,9.E-17,-1.));
#5663 = ADVANCED_FACE('',(#5664),#5669,.F.);
#5664 = FACE_BOUND('',#5665,.T.);
#5665 = EDGE_LOOP('',(#5666,#5667,#5668));
#5666 = ORIENTED_EDGE('',*,*,#5570,.T.);
#5667 = ORIENTED_EDGE('',*,*,#1205,.T.);
#5668 = ORIENTED_EDGE('',*,*,#4028,.T.);
#5669 = PLANE('',#5670);
#5670 = AXIS2_PLACEMENT_3D('',#5671,#5672,#5673);
#5671 = CARTESIAN_POINT('',(51.6,5.5,4.8E-16));
#5672 = DIRECTION('',(0.,-1.,-9.E-17));
#5673 = DIRECTION('',(0.,9.E-17,-1.));
#5674 = ADVANCED_FACE('',(#5675),#5694,.F.);
#5675 = FACE_BOUND('',#5676,.T.);
#5676 = EDGE_LOOP('',(#5677,#5686,#5687,#5688));
#5677 = ORIENTED_EDGE('',*,*,#5678,.F.);
#5678 = EDGE_CURVE('',#4140,#5679,#5681,.T.);
#5679 = VERTEX_POINT('',#5680);
#5680 = CARTESIAN_POINT('',(4.65,3.5,-0.));
#5681 = ( BOUNDED_CURVE() B_SPLINE_CURVE(3,(#5682,#5683,#5684,#5685),
.UNSPECIFIED.,.F.,.F.) B_SPLINE_CURVE_WITH_KNOTS((4,4),(1.262925458397,
1.570796326795),.PIECEWISE_BEZIER_KNOTS.) CURVE() 
GEOMETRIC_REPRESENTATION_ITEM() RATIONAL_B_SPLINE_CURVE((1.,
0.992116879107,0.992116879107,1.)) REPRESENTATION_ITEM('') );
#5682 = CARTESIAN_POINT('',(4.572418519352,4.,0.5));
#5683 = CARTESIAN_POINT('',(4.62393402522,3.837992129077,0.337992129077)
  );
#5684 = CARTESIAN_POINT('',(4.65,3.670001169366,0.170001169366));
#5685 = CARTESIAN_POINT('',(4.65,3.5,-3.6E-16));
#5686 = ORIENTED_EDGE('',*,*,#4139,.T.);
#5687 = ORIENTED_EDGE('',*,*,#1425,.F.);
#5688 = ORIENTED_EDGE('',*,*,#5689,.F.);
#5689 = EDGE_CURVE('',#5679,#1426,#5690,.T.);
#5690 = LINE('',#5691,#5692);
#5691 = CARTESIAN_POINT('',(345.,3.5,-4.6E-16));
#5692 = VECTOR('',#5693,1.);
#5693 = DIRECTION('',(1.,0.,0.));
#5694 = PLANE('',#5695);
#5695 = AXIS2_PLACEMENT_3D('',#5696,#5697,#5698);
#5696 = CARTESIAN_POINT('',(345.,3.5,-4.6E-16));
#5697 = DIRECTION('',(0.,-0.707106781187,0.707106781187));
#5698 = DIRECTION('',(0.,-0.707106781187,-0.707106781187));
#5699 = ADVANCED_FACE('',(#5700),#5743,.F.);
#5700 = FACE_BOUND('',#5701,.F.);
#5701 = EDGE_LOOP('',(#5702,#5703,#5710,#5711,#5712,#5713,#5742));
#5702 = ORIENTED_EDGE('',*,*,#4162,.F.);
#5703 = ORIENTED_EDGE('',*,*,#5704,.T.);
#5704 = EDGE_CURVE('',#4163,#5679,#5705,.T.);
#5705 = ( BOUNDED_CURVE() B_SPLINE_CURVE(3,(#5706,#5707,#5708,#5709),
.UNSPECIFIED.,.F.,.F.) B_SPLINE_CURVE_WITH_KNOTS((4,4),(1.262925458397,
1.570796326795),.PIECEWISE_BEZIER_KNOTS.) CURVE() 
GEOMETRIC_REPRESENTATION_ITEM() RATIONAL_B_SPLINE_CURVE((1.,
0.992116879107,0.992116879107,1.)) REPRESENTATION_ITEM('') );
#5706 = CARTESIAN_POINT('',(4.572418519352,4.,-0.5));
#5707 = CARTESIAN_POINT('',(4.62393402522,3.837992129077,-0.337992129077
    ));
#5708 = CARTESIAN_POINT('',(4.65,3.670001169366,-0.170001169366));
#5709 = CARTESIAN_POINT('',(4.65,3.5,-3.6E-16));
#5710 = ORIENTED_EDGE('',*,*,#5678,.F.);
#5711 = ORIENTED_EDGE('',*,*,#4147,.F.);
#5712 = ORIENTED_EDGE('',*,*,#1220,.F.);
#5713 = ORIENTED_EDGE('',*,*,#5714,.T.);
#5714 = EDGE_CURVE('',#1221,#1267,#5715,.T.);
#5715 = B_SPLINE_CURVE_WITH_KNOTS('',3,(#5716,#5717,#5718,#5719,#5720,
    #5721,#5722,#5723,#5724,#5725,#5726,#5727,#5728,#5729,#5730,#5731,
    #5732,#5733,#5734,#5735,#5736,#5737,#5738,#5739,#5740,#5741),
  .UNSPECIFIED.,.F.,.F.,(4,2,2,2,2,2,2,2,2,2,2,2,4),(0.,
    6.881187716191E-04,1.032178157429E-03,1.376237543238E-03,
    1.720296929048E-03,2.064356314857E-03,2.408415700667E-03,
    2.752475086476E-03,3.096534472286E-03,3.440593858095E-03,
    4.128712629715E-03,4.816831401334E-03,5.504950172953E-03),
  .UNSPECIFIED.);
#5716 = CARTESIAN_POINT('',(3.,1.130265455546,1.65));
#5717 = CARTESIAN_POINT('',(3.233254109831,1.130265455546,1.65));
#5718 = CARTESIAN_POINT('',(3.453626071723,1.206406762548,1.600114593935
    ));
#5719 = CARTESIAN_POINT('',(3.741986271586,1.349473524441,1.477452944917
    ));
#5720 = CARTESIAN_POINT('',(3.833140336662,1.402617971221,1.427819442098
    ));
#5721 = CARTESIAN_POINT('',(4.001774923063,1.508896069681,1.315005012662
    ));
#5722 = CARTESIAN_POINT('',(4.080085135499,1.562521360251,1.251531238035
    ));
#5723 = CARTESIAN_POINT('',(4.22607505583,1.666778072764,1.108897784818)
  );
#5724 = CARTESIAN_POINT('',(4.294125543033,1.717784160068,1.028964544245
    ));
#5725 = CARTESIAN_POINT('',(4.414136873497,1.809918394966,0.856589666911
    ));
#5726 = CARTESIAN_POINT('',(4.466734558651,1.851514988865,0.763754295812
    ));
#5727 = CARTESIAN_POINT('',(4.555233111902,1.922380690916,0.562032790462
    ));
#5728 = CARTESIAN_POINT('',(4.589937999835,1.950697022716,0.455410656436
    ));
#5729 = CARTESIAN_POINT('',(4.63722059264,1.989423861342,0.234116296639)
  );
#5730 = CARTESIAN_POINT('',(4.649770478904,1.999810645214,0.117713628253
    ));
#5731 = CARTESIAN_POINT('',(4.650223070572,2.000184033106,
    -0.111188797521));
#5732 = CARTESIAN_POINT('',(4.638296505539,1.990310697318,
    -0.226783543809));
#5733 = CARTESIAN_POINT('',(4.591659916392,1.952102077568,
    -0.449516324905));
#5734 = CARTESIAN_POINT('',(4.557560537258,1.924266263698,-0.55563658469
    ));
#5735 = CARTESIAN_POINT('',(4.425460369997,1.818422550444,
    -0.859924473106));
#5736 = CARTESIAN_POINT('',(4.302026424708,1.721148244801,
    -1.033976301824));
#5737 = CARTESIAN_POINT('',(4.009977994684,1.512327352027,
    -1.320728682821));
#5738 = CARTESIAN_POINT('',(3.839884864485,1.398286661587,
    -1.435483691867));
#5739 = CARTESIAN_POINT('',(3.456181704876,1.20743560915,-1.599349326239
    ));
#5740 = CARTESIAN_POINT('',(3.233380990023,1.130265455546,-1.65));
#5741 = CARTESIAN_POINT('',(3.,1.130265455546,-1.65));
#5742 = ORIENTED_EDGE('',*,*,#1266,.T.);
#5743 = CYLINDRICAL_SURFACE('',#5744,1.65);
#5744 = AXIS2_PLACEMENT_3D('',#5745,#5746,#5747);
#5745 = CARTESIAN_POINT('',(3.,10.,0.));
#5746 = DIRECTION('',(0.,1.,9.E-17));
#5747 = DIRECTION('',(0.,-9.E-17,1.));
#5748 = ADVANCED_FACE('',(#5749),#5760,.F.);
#5749 = FACE_BOUND('',#5750,.T.);
#5750 = EDGE_LOOP('',(#5751,#5752,#5758,#5759));
#5751 = ORIENTED_EDGE('',*,*,#1239,.T.);
#5752 = ORIENTED_EDGE('',*,*,#5753,.F.);
#5753 = EDGE_CURVE('',#2963,#1240,#5754,.T.);
#5754 = LINE('',#5755,#5756);
#5755 = CARTESIAN_POINT('',(345.,3.5,-4.6E-16));
#5756 = VECTOR('',#5757,1.);
#5757 = DIRECTION('',(1.,0.,0.));
#5758 = ORIENTED_EDGE('',*,*,#2962,.F.);
#5759 = ORIENTED_EDGE('',*,*,#4050,.T.);
#5760 = PLANE('',#5761);
#5761 = AXIS2_PLACEMENT_3D('',#5762,#5763,#5764);
#5762 = CARTESIAN_POINT('',(345.,3.5,-4.6E-16));
#5763 = DIRECTION('',(0.,-0.707106781187,0.707106781187));
#5764 = DIRECTION('',(0.,-0.707106781187,-0.707106781187));
#5765 = ADVANCED_FACE('',(#5766),#5777,.F.);
#5766 = FACE_BOUND('',#5767,.T.);
#5767 = EDGE_LOOP('',(#5768,#5769,#5770,#5771));
#5768 = ORIENTED_EDGE('',*,*,#4796,.T.);
#5769 = ORIENTED_EDGE('',*,*,#4059,.T.);
#5770 = ORIENTED_EDGE('',*,*,#2031,.F.);
#5771 = ORIENTED_EDGE('',*,*,#5772,.F.);
#5772 = EDGE_CURVE('',#4788,#2024,#5773,.T.);
#5773 = LINE('',#5774,#5775);
#5774 = CARTESIAN_POINT('',(345.,3.5,-4.6E-16));
#5775 = VECTOR('',#5776,1.);
#5776 = DIRECTION('',(1.,0.,0.));
#5777 = PLANE('',#5778);
#5778 = AXIS2_PLACEMENT_3D('',#5779,#5780,#5781);
#5779 = CARTESIAN_POINT('',(345.,3.5,-4.6E-16));
#5780 = DIRECTION('',(0.,-0.707106781187,0.707106781187));
#5781 = DIRECTION('',(0.,-0.707106781187,-0.707106781187));
#5782 = ADVANCED_FACE('',(#5783),#5794,.F.);
#5783 = FACE_BOUND('',#5784,.T.);
#5784 = EDGE_LOOP('',(#5785,#5786,#5792,#5793));
#5785 = ORIENTED_EDGE('',*,*,#473,.T.);
#5786 = ORIENTED_EDGE('',*,*,#5787,.F.);
#5787 = EDGE_CURVE('',#4709,#474,#5788,.T.);
#5788 = LINE('',#5789,#5790);
#5789 = CARTESIAN_POINT('',(345.,3.5,-4.6E-16));
#5790 = VECTOR('',#5791,1.);
#5791 = DIRECTION('',(1.,0.,0.));
#5792 = ORIENTED_EDGE('',*,*,#4717,.T.);
#5793 = ORIENTED_EDGE('',*,*,#4075,.T.);
#5794 = PLANE('',#5795);
#5795 = AXIS2_PLACEMENT_3D('',#5796,#5797,#5798);
#5796 = CARTESIAN_POINT('',(345.,3.5,-4.6E-16));
#5797 = DIRECTION('',(0.,-0.707106781187,0.707106781187));
#5798 = DIRECTION('',(0.,-0.707106781187,-0.707106781187));
#5799 = ADVANCED_FACE('',(#5800),#5819,.F.);
#5800 = FACE_BOUND('',#5801,.T.);
#5801 = EDGE_LOOP('',(#5802,#5811,#5812,#5813));
#5802 = ORIENTED_EDGE('',*,*,#5803,.F.);
#5803 = EDGE_CURVE('',#4092,#5804,#5806,.T.);
#5804 = VERTEX_POINT('',#5805);
#5805 = CARTESIAN_POINT('',(258.35,3.5,-0.));
#5806 = ( BOUNDED_CURVE() B_SPLINE_CURVE(3,(#5807,#5808,#5809,#5810),
.UNSPECIFIED.,.F.,.F.) B_SPLINE_CURVE_WITH_KNOTS((4,4),(1.262925458397,
1.570796326795),.PIECEWISE_BEZIER_KNOTS.) CURVE() 
GEOMETRIC_REPRESENTATION_ITEM() RATIONAL_B_SPLINE_CURVE((1.,
0.992116879107,0.992116879107,1.)) REPRESENTATION_ITEM('') );
#5807 = CARTESIAN_POINT('',(258.27241851935,4.,0.5));
#5808 = CARTESIAN_POINT('',(258.32393402522,3.837992129077,
    0.337992129077));
#5809 = CARTESIAN_POINT('',(258.35,3.670001169366,0.170001169366));
#5810 = CARTESIAN_POINT('',(258.35,3.5,-3.1E-16));
#5811 = ORIENTED_EDGE('',*,*,#4091,.T.);
#5812 = ORIENTED_EDGE('',*,*,#345,.T.);
#5813 = ORIENTED_EDGE('',*,*,#5814,.F.);
#5814 = EDGE_CURVE('',#5804,#346,#5815,.T.);
#5815 = LINE('',#5816,#5817);
#5816 = CARTESIAN_POINT('',(345.,3.5,-4.6E-16));
#5817 = VECTOR('',#5818,1.);
#5818 = DIRECTION('',(1.,0.,0.));
#5819 = PLANE('',#5820);
#5820 = AXIS2_PLACEMENT_3D('',#5821,#5822,#5823);
#5821 = CARTESIAN_POINT('',(345.,3.5,-4.6E-16));
#5822 = DIRECTION('',(0.,-0.707106781187,0.707106781187));
#5823 = DIRECTION('',(0.,-0.707106781187,-0.707106781187));
#5824 = ADVANCED_FACE('',(#5825),#5868,.F.);
#5825 = FACE_BOUND('',#5826,.F.);
#5826 = EDGE_LOOP('',(#5827,#5828,#5835,#5836,#5837,#5838,#5867));
#5827 = ORIENTED_EDGE('',*,*,#4210,.F.);
#5828 = ORIENTED_EDGE('',*,*,#5829,.T.);
#5829 = EDGE_CURVE('',#4211,#5804,#5830,.T.);
#5830 = ( BOUNDED_CURVE() B_SPLINE_CURVE(3,(#5831,#5832,#5833,#5834),
.UNSPECIFIED.,.F.,.F.) B_SPLINE_CURVE_WITH_KNOTS((4,4),(1.262925458397,
1.570796326795),.PIECEWISE_BEZIER_KNOTS.) CURVE() 
GEOMETRIC_REPRESENTATION_ITEM() RATIONAL_B_SPLINE_CURVE((1.,
0.992116879107,0.992116879107,1.)) REPRESENTATION_ITEM('') );
#5831 = CARTESIAN_POINT('',(258.27241851935,4.,-0.5));
#5832 = CARTESIAN_POINT('',(258.32393402522,3.837992129077,
    -0.337992129077));
#5833 = CARTESIAN_POINT('',(258.35,3.670001169366,-0.170001169366));
#5834 = CARTESIAN_POINT('',(258.35,3.5,-3.1E-16));
#5835 = ORIENTED_EDGE('',*,*,#5803,.F.);
#5836 = ORIENTED_EDGE('',*,*,#4099,.F.);
#5837 = ORIENTED_EDGE('',*,*,#1313,.F.);
#5838 = ORIENTED_EDGE('',*,*,#5839,.T.);
#5839 = EDGE_CURVE('',#1314,#1360,#5840,.T.);
#5840 = B_SPLINE_CURVE_WITH_KNOTS('',3,(#5841,#5842,#5843,#5844,#5845,
    #5846,#5847,#5848,#5849,#5850,#5851,#5852,#5853,#5854,#5855,#5856,
    #5857,#5858,#5859,#5860,#5861,#5862,#5863,#5864,#5865,#5866),
  .UNSPECIFIED.,.F.,.F.,(4,2,2,2,2,2,2,2,2,2,2,2,4),(0.,
    6.881187716191E-04,1.032178157429E-03,1.376237543238E-03,
    1.720296929048E-03,2.064356314857E-03,2.408415700667E-03,
    2.752475086476E-03,3.096534472286E-03,3.440593858095E-03,
    4.128712629715E-03,4.816831401334E-03,5.504950172953E-03),
  .UNSPECIFIED.);
#5841 = CARTESIAN_POINT('',(256.7,1.130265455546,1.65));
#5842 = CARTESIAN_POINT('',(256.93325410983,1.130265455546,1.65));
#5843 = CARTESIAN_POINT('',(257.15362607172,1.206406762548,
    1.600114593934));
#5844 = CARTESIAN_POINT('',(257.44198627158,1.349473524441,
    1.477452944917));
#5845 = CARTESIAN_POINT('',(257.53314033666,1.402617971221,
    1.427819442098));
#5846 = CARTESIAN_POINT('',(257.70177492306,1.508896069681,
    1.315005012662));
#5847 = CARTESIAN_POINT('',(257.78008513549,1.562521360251,
    1.251531238035));
#5848 = CARTESIAN_POINT('',(257.92607505583,1.666778072764,
    1.108897784818));
#5849 = CARTESIAN_POINT('',(257.99412554303,1.717784160068,
    1.028964544245));
#5850 = CARTESIAN_POINT('',(258.11413687349,1.809918394966,
    0.856589666911));
#5851 = CARTESIAN_POINT('',(258.16673455865,1.851514988865,
    0.763754295812));
#5852 = CARTESIAN_POINT('',(258.2552331119,1.922380690916,0.562032790462
    ));
#5853 = CARTESIAN_POINT('',(258.28993799983,1.950697022716,
    0.455410656436));
#5854 = CARTESIAN_POINT('',(258.33722059264,1.989423861342,
    0.234116296639));
#5855 = CARTESIAN_POINT('',(258.3497704789,1.999810645214,0.117713628253
    ));
#5856 = CARTESIAN_POINT('',(258.35022307057,2.000184033106,
    -0.111188797521));
#5857 = CARTESIAN_POINT('',(258.33829650553,1.990310697318,
    -0.226783543809));
#5858 = CARTESIAN_POINT('',(258.29165991639,1.952102077568,
    -0.449516324905));
#5859 = CARTESIAN_POINT('',(258.25756053725,1.924266263698,
    -0.55563658469));
#5860 = CARTESIAN_POINT('',(258.12546036999,1.818422550444,
    -0.859924473106));
#5861 = CARTESIAN_POINT('',(258.0020264247,1.721148244801,
    -1.033976301824));
#5862 = CARTESIAN_POINT('',(257.70997799468,1.512327352027,
    -1.320728682821));
#5863 = CARTESIAN_POINT('',(257.53988486448,1.398286661587,
    -1.435483691867));
#5864 = CARTESIAN_POINT('',(257.15618170487,1.20743560915,
    -1.599349326239));
#5865 = CARTESIAN_POINT('',(256.93338099002,1.130265455546,-1.65));
#5866 = CARTESIAN_POINT('',(256.7,1.130265455546,-1.65));
#5867 = ORIENTED_EDGE('',*,*,#1359,.T.);
#5868 = CYLINDRICAL_SURFACE('',#5869,1.65);
#5869 = AXIS2_PLACEMENT_3D('',#5870,#5871,#5872);
#5870 = CARTESIAN_POINT('',(256.7,10.,1.E-16));
#5871 = DIRECTION('',(0.,1.,9.E-17));
#5872 = DIRECTION('',(0.,-9.E-17,1.));
#5873 = ADVANCED_FACE('',(#5874),#5885,.F.);
#5874 = FACE_BOUND('',#5875,.T.);
#5875 = EDGE_LOOP('',(#5876,#5877,#5883,#5884));
#5876 = ORIENTED_EDGE('',*,*,#1332,.T.);
#5877 = ORIENTED_EDGE('',*,*,#5878,.F.);
#5878 = EDGE_CURVE('',#5096,#1333,#5879,.T.);
#5879 = LINE('',#5880,#5881);
#5880 = CARTESIAN_POINT('',(345.,3.5,-4.6E-16));
#5881 = VECTOR('',#5882,1.);
#5882 = DIRECTION('',(1.,0.,0.));
#5883 = ORIENTED_EDGE('',*,*,#5104,.T.);
#5884 = ORIENTED_EDGE('',*,*,#4107,.T.);
#5885 = PLANE('',#5886);
#5886 = AXIS2_PLACEMENT_3D('',#5887,#5888,#5889);
#5887 = CARTESIAN_POINT('',(345.,3.5,-4.6E-16));
#5888 = DIRECTION('',(0.,-0.707106781187,0.707106781187));
#5889 = DIRECTION('',(0.,-0.707106781187,-0.707106781187));
#5890 = ADVANCED_FACE('',(#5891),#5910,.F.);
#5891 = FACE_BOUND('',#5892,.T.);
#5892 = EDGE_LOOP('',(#5893,#5902,#5903,#5904));
#5893 = ORIENTED_EDGE('',*,*,#5894,.F.);
#5894 = EDGE_CURVE('',#4124,#5895,#5897,.T.);
#5895 = VERTEX_POINT('',#5896);
#5896 = CARTESIAN_POINT('',(30.65,3.5,-0.));
#5897 = ( BOUNDED_CURVE() B_SPLINE_CURVE(3,(#5898,#5899,#5900,#5901),
.UNSPECIFIED.,.F.,.F.) B_SPLINE_CURVE_WITH_KNOTS((4,4),(1.262925458397,
1.570796326795),.PIECEWISE_BEZIER_KNOTS.) CURVE() 
GEOMETRIC_REPRESENTATION_ITEM() RATIONAL_B_SPLINE_CURVE((1.,
0.992116879107,0.992116879107,1.)) REPRESENTATION_ITEM('') );
#5898 = CARTESIAN_POINT('',(30.572418519352,4.,0.5));
#5899 = CARTESIAN_POINT('',(30.62393402522,3.837992129077,0.337992129077
    ));
#5900 = CARTESIAN_POINT('',(30.65,3.670001169366,0.170001169366));
#5901 = CARTESIAN_POINT('',(30.65,3.5,-3.1E-16));
#5902 = ORIENTED_EDGE('',*,*,#4123,.T.);
#5903 = ORIENTED_EDGE('',*,*,#891,.T.);
#5904 = ORIENTED_EDGE('',*,*,#5905,.F.);
#5905 = EDGE_CURVE('',#5895,#892,#5906,.T.);
#5906 = LINE('',#5907,#5908);
#5907 = CARTESIAN_POINT('',(345.,3.5,-4.6E-16));
#5908 = VECTOR('',#5909,1.);
#5909 = DIRECTION('',(1.,0.,0.));
#5910 = PLANE('',#5911);
#5911 = AXIS2_PLACEMENT_3D('',#5912,#5913,#5914);
#5912 = CARTESIAN_POINT('',(345.,3.5,-4.6E-16));
#5913 = DIRECTION('',(0.,-0.707106781187,0.707106781187));
#5914 = DIRECTION('',(0.,-0.707106781187,-0.707106781187));
#5915 = ADVANCED_FACE('',(#5916),#5959,.F.);
#5916 = FACE_BOUND('',#5917,.F.);
#5917 = EDGE_LOOP('',(#5918,#5919,#5926,#5927,#5928,#5929,#5958));
#5918 = ORIENTED_EDGE('',*,*,#4178,.F.);
#5919 = ORIENTED_EDGE('',*,*,#5920,.T.);
#5920 = EDGE_CURVE('',#4179,#5895,#5921,.T.);
#5921 = ( BOUNDED_CURVE() B_SPLINE_CURVE(3,(#5922,#5923,#5924,#5925),
.UNSPECIFIED.,.F.,.F.) B_SPLINE_CURVE_WITH_KNOTS((4,4),(1.262925458397,
1.570796326795),.PIECEWISE_BEZIER_KNOTS.) CURVE() 
GEOMETRIC_REPRESENTATION_ITEM() RATIONAL_B_SPLINE_CURVE((1.,
0.992116879107,0.992116879107,1.)) REPRESENTATION_ITEM('') );
#5922 = CARTESIAN_POINT('',(30.572418519352,4.,-0.5));
#5923 = CARTESIAN_POINT('',(30.62393402522,3.837992129077,
    -0.337992129077));
#5924 = CARTESIAN_POINT('',(30.65,3.670001169366,-0.170001169366));
#5925 = CARTESIAN_POINT('',(30.65,3.5,-3.1E-16));
#5926 = ORIENTED_EDGE('',*,*,#5894,.F.);
#5927 = ORIENTED_EDGE('',*,*,#4131,.F.);
#5928 = ORIENTED_EDGE('',*,*,#1406,.F.);
#5929 = ORIENTED_EDGE('',*,*,#5930,.T.);
#5930 = EDGE_CURVE('',#1407,#1453,#5931,.T.);
#5931 = B_SPLINE_CURVE_WITH_KNOTS('',3,(#5932,#5933,#5934,#5935,#5936,
    #5937,#5938,#5939,#5940,#5941,#5942,#5943,#5944,#5945,#5946,#5947,
    #5948,#5949,#5950,#5951,#5952,#5953,#5954,#5955,#5956,#5957),
  .UNSPECIFIED.,.F.,.F.,(4,2,2,2,2,2,2,2,2,2,2,2,4),(0.,
    6.881187716191E-04,1.032178157429E-03,1.376237543238E-03,
    1.720296929048E-03,2.064356314857E-03,2.408415700667E-03,
    2.752475086476E-03,3.096534472286E-03,3.440593858095E-03,
    4.128712629715E-03,4.816831401334E-03,5.504950172953E-03),
  .UNSPECIFIED.);
#5932 = CARTESIAN_POINT('',(29.,1.130265455546,1.65));
#5933 = CARTESIAN_POINT('',(29.233254109831,1.130265455546,1.65));
#5934 = CARTESIAN_POINT('',(29.453626071723,1.206406762548,
    1.600114593935));
#5935 = CARTESIAN_POINT('',(29.741986271586,1.349473524441,
    1.477452944917));
#5936 = CARTESIAN_POINT('',(29.833140336662,1.402617971221,
    1.427819442098));
#5937 = CARTESIAN_POINT('',(30.001774923063,1.508896069681,
    1.315005012662));
#5938 = CARTESIAN_POINT('',(30.080085135499,1.562521360251,
    1.251531238035));
#5939 = CARTESIAN_POINT('',(30.22607505583,1.666778072764,1.108897784818
    ));
#5940 = CARTESIAN_POINT('',(30.294125543033,1.717784160068,
    1.028964544245));
#5941 = CARTESIAN_POINT('',(30.414136873497,1.809918394966,
    0.856589666911));
#5942 = CARTESIAN_POINT('',(30.466734558651,1.851514988865,
    0.763754295812));
#5943 = CARTESIAN_POINT('',(30.555233111902,1.922380690916,
    0.562032790462));
#5944 = CARTESIAN_POINT('',(30.589937999835,1.950697022716,
    0.455410656436));
#5945 = CARTESIAN_POINT('',(30.63722059264,1.989423861342,0.234116296639
    ));
#5946 = CARTESIAN_POINT('',(30.649770478904,1.999810645214,
    0.117713628253));
#5947 = CARTESIAN_POINT('',(30.650223070572,2.000184033106,
    -0.111188797521));
#5948 = CARTESIAN_POINT('',(30.638296505539,1.990310697318,
    -0.226783543809));
#5949 = CARTESIAN_POINT('',(30.591659916392,1.952102077568,
    -0.449516324905));
#5950 = CARTESIAN_POINT('',(30.557560537258,1.924266263698,
    -0.55563658469));
#5951 = CARTESIAN_POINT('',(30.425460369997,1.818422550444,
    -0.859924473106));
#5952 = CARTESIAN_POINT('',(30.302026424708,1.721148244801,
    -1.033976301824));
#5953 = CARTESIAN_POINT('',(30.009977994684,1.512327352027,
    -1.320728682821));
#5954 = CARTESIAN_POINT('',(29.839884864485,1.398286661587,
    -1.435483691867));
#5955 = CARTESIAN_POINT('',(29.456181704876,1.20743560915,
    -1.599349326239));
#5956 = CARTESIAN_POINT('',(29.233380990023,1.130265455546,-1.65));
#5957 = CARTESIAN_POINT('',(29.,1.130265455546,-1.65));
#5958 = ORIENTED_EDGE('',*,*,#1452,.T.);
#5959 = CYLINDRICAL_SURFACE('',#5960,1.65);
#5960 = AXIS2_PLACEMENT_3D('',#5961,#5962,#5963);
#5961 = CARTESIAN_POINT('',(29.,10.,1.E-16));
#5962 = DIRECTION('',(0.,1.,9.E-17));
#5963 = DIRECTION('',(0.,-9.E-17,1.));
#5964 = ADVANCED_FACE('',(#5965),#5971,.F.);
#5965 = FACE_BOUND('',#5966,.T.);
#5966 = EDGE_LOOP('',(#5967,#5968,#5969,#5970));
#5967 = ORIENTED_EDGE('',*,*,#1248,.T.);
#5968 = ORIENTED_EDGE('',*,*,#4265,.T.);
#5969 = ORIENTED_EDGE('',*,*,#2970,.F.);
#5970 = ORIENTED_EDGE('',*,*,#5753,.T.);
#5971 = PLANE('',#5972);
#5972 = AXIS2_PLACEMENT_3D('',#5973,#5974,#5975);
#5973 = CARTESIAN_POINT('',(345.,4.,-0.5));
#5974 = DIRECTION('',(0.,-0.707106781187,-0.707106781187));
#5975 = DIRECTION('',(0.,0.707106781187,-0.707106781187));
#5976 = ADVANCED_FACE('',(#5977),#5983,.F.);
#5977 = FACE_BOUND('',#5978,.T.);
#5978 = EDGE_LOOP('',(#5979,#5980,#5981,#5982));
#5979 = ORIENTED_EDGE('',*,*,#5704,.T.);
#5980 = ORIENTED_EDGE('',*,*,#5689,.T.);
#5981 = ORIENTED_EDGE('',*,*,#1434,.T.);
#5982 = ORIENTED_EDGE('',*,*,#4171,.T.);
#5983 = PLANE('',#5984);
#5984 = AXIS2_PLACEMENT_3D('',#5985,#5986,#5987);
#5985 = CARTESIAN_POINT('',(345.,4.,-0.5));
#5986 = DIRECTION('',(0.,-0.707106781187,-0.707106781187));
#5987 = DIRECTION('',(0.,0.707106781187,-0.707106781187));
#5988 = ADVANCED_FACE('',(#5989),#5995,.F.);
#5989 = FACE_BOUND('',#5990,.T.);
#5990 = EDGE_LOOP('',(#5991,#5992,#5993,#5994));
#5991 = ORIENTED_EDGE('',*,*,#5920,.T.);
#5992 = ORIENTED_EDGE('',*,*,#5905,.T.);
#5993 = ORIENTED_EDGE('',*,*,#900,.T.);
#5994 = ORIENTED_EDGE('',*,*,#4187,.T.);
#5995 = PLANE('',#5996);
#5996 = AXIS2_PLACEMENT_3D('',#5997,#5998,#5999);
#5997 = CARTESIAN_POINT('',(345.,4.,-0.5));
#5998 = DIRECTION('',(0.,-0.707106781187,-0.707106781187));
#5999 = DIRECTION('',(0.,0.707106781187,-0.707106781187));
#6000 = ADVANCED_FACE('',(#6001),#6007,.F.);
#6001 = FACE_BOUND('',#6002,.T.);
#6002 = EDGE_LOOP('',(#6003,#6004,#6005,#6006));
#6003 = ORIENTED_EDGE('',*,*,#1341,.T.);
#6004 = ORIENTED_EDGE('',*,*,#4203,.T.);
#6005 = ORIENTED_EDGE('',*,*,#5095,.T.);
#6006 = ORIENTED_EDGE('',*,*,#5878,.T.);
#6007 = PLANE('',#6008);
#6008 = AXIS2_PLACEMENT_3D('',#6009,#6010,#6011);
#6009 = CARTESIAN_POINT('',(345.,4.,-0.5));
#6010 = DIRECTION('',(0.,-0.707106781187,-0.707106781187));
#6011 = DIRECTION('',(0.,0.707106781187,-0.707106781187));
#6012 = ADVANCED_FACE('',(#6013),#6019,.F.);
#6013 = FACE_BOUND('',#6014,.T.);
#6014 = EDGE_LOOP('',(#6015,#6016,#6017,#6018));
#6015 = ORIENTED_EDGE('',*,*,#5829,.T.);
#6016 = ORIENTED_EDGE('',*,*,#5814,.T.);
#6017 = ORIENTED_EDGE('',*,*,#354,.T.);
#6018 = ORIENTED_EDGE('',*,*,#4219,.T.);
#6019 = PLANE('',#6020);
#6020 = AXIS2_PLACEMENT_3D('',#6021,#6022,#6023);
#6021 = CARTESIAN_POINT('',(345.,4.,-0.5));
#6022 = DIRECTION('',(0.,-0.707106781187,-0.707106781187));
#6023 = DIRECTION('',(0.,0.707106781187,-0.707106781187));
#6024 = ADVANCED_FACE('',(#6025),#6031,.F.);
#6025 = FACE_BOUND('',#6026,.T.);
#6026 = EDGE_LOOP('',(#6027,#6028,#6029,#6030));
#6027 = ORIENTED_EDGE('',*,*,#482,.T.);
#6028 = ORIENTED_EDGE('',*,*,#4235,.T.);
#6029 = ORIENTED_EDGE('',*,*,#4708,.T.);
#6030 = ORIENTED_EDGE('',*,*,#5787,.T.);
#6031 = PLANE('',#6032);
#6032 = AXIS2_PLACEMENT_3D('',#6033,#6034,#6035);
#6033 = CARTESIAN_POINT('',(345.,4.,-0.5));
#6034 = DIRECTION('',(0.,-0.707106781187,-0.707106781187));
#6035 = DIRECTION('',(0.,0.707106781187,-0.707106781187));
#6036 = ADVANCED_FACE('',(#6037),#6043,.F.);
#6037 = FACE_BOUND('',#6038,.T.);
#6038 = EDGE_LOOP('',(#6039,#6040,#6041,#6042));
#6039 = ORIENTED_EDGE('',*,*,#4787,.T.);
#6040 = ORIENTED_EDGE('',*,*,#5772,.T.);
#6041 = ORIENTED_EDGE('',*,*,#2023,.F.);
#6042 = ORIENTED_EDGE('',*,*,#4251,.T.);
#6043 = PLANE('',#6044);
#6044 = AXIS2_PLACEMENT_3D('',#6045,#6046,#6047);
#6045 = CARTESIAN_POINT('',(345.,4.,-0.5));
#6046 = DIRECTION('',(0.,-0.707106781187,-0.707106781187));
#6047 = DIRECTION('',(0.,0.707106781187,-0.707106781187));
#6048 = ADVANCED_FACE('',(#6049),#6059,.F.);
#6049 = FACE_BOUND('',#6050,.T.);
#6050 = EDGE_LOOP('',(#6051,#6052));
#6051 = ORIENTED_EDGE('',*,*,#4291,.T.);
#6052 = ORIENTED_EDGE('',*,*,#6053,.F.);
#6053 = EDGE_CURVE('',#4292,#4283,#6054,.T.);
#6054 = CIRCLE('',#6055,5.75);
#6055 = AXIS2_PLACEMENT_3D('',#6056,#6057,#6058);
#6056 = CARTESIAN_POINT('',(278.8,5.5,-2.9E-16));
#6057 = DIRECTION('',(-0.,-1.,-9.E-17));
#6058 = DIRECTION('',(0.,-9.E-17,1.));
#6059 = PLANE('',#6060);
#6060 = AXIS2_PLACEMENT_3D('',#6061,#6062,#6063);
#6061 = CARTESIAN_POINT('',(281.8,5.5,-2.9E-16));
#6062 = DIRECTION('',(0.,-1.,-9.E-17));
#6063 = DIRECTION('',(0.,9.E-17,-1.));
#6064 = ADVANCED_FACE('',(#6065),#6090,.F.);
#6065 = FACE_BOUND('',#6066,.T.);
#6066 = EDGE_LOOP('',(#6067,#6075,#6083,#6089));
#6067 = ORIENTED_EDGE('',*,*,#6068,.F.);
#6068 = EDGE_CURVE('',#6069,#4300,#6071,.T.);
#6069 = VERTEX_POINT('',#6070);
#6070 = CARTESIAN_POINT('',(276.36733197468,8.2,-5.210050506339));
#6071 = LINE('',#6072,#6073);
#6072 = CARTESIAN_POINT('',(276.36733197468,8.2,-5.210050506339));
#6073 = VECTOR('',#6074,1.);
#6074 = DIRECTION('',(-0.,-1.,-0.));
#6075 = ORIENTED_EDGE('',*,*,#6076,.F.);
#6076 = EDGE_CURVE('',#6077,#6069,#6079,.T.);
#6077 = VERTEX_POINT('',#6078);
#6078 = CARTESIAN_POINT('',(51.032668025317,8.2,-5.210050506339));
#6079 = LINE('',#6080,#6081);
#6080 = CARTESIAN_POINT('',(345.,8.2,-5.210050506339));
#6081 = VECTOR('',#6082,1.);
#6082 = DIRECTION('',(1.,-0.,0.));
#6083 = ORIENTED_EDGE('',*,*,#6084,.F.);
#6084 = EDGE_CURVE('',#4309,#6077,#6085,.T.);
#6085 = LINE('',#6086,#6087);
#6086 = CARTESIAN_POINT('',(51.032668025317,8.2,-5.210050506339));
#6087 = VECTOR('',#6088,1.);
#6088 = DIRECTION('',(0.,1.,0.));
#6089 = ORIENTED_EDGE('',*,*,#4308,.T.);
#6090 = PLANE('',#6091);
#6091 = AXIS2_PLACEMENT_3D('',#6092,#6093,#6094);
#6092 = CARTESIAN_POINT('',(345.,8.2,-5.210050506339));
#6093 = DIRECTION('',(0.,0.,-1.));
#6094 = DIRECTION('',(-1.,0.,-0.));
#6095 = ADVANCED_FACE('',(#6096),#6106,.F.);
#6096 = FACE_BOUND('',#6097,.T.);
#6097 = EDGE_LOOP('',(#6098,#6099));
#6098 = ORIENTED_EDGE('',*,*,#4325,.T.);
#6099 = ORIENTED_EDGE('',*,*,#6100,.F.);
#6100 = EDGE_CURVE('',#4326,#4317,#6101,.T.);
#6101 = CIRCLE('',#6102,5.75);
#6102 = AXIS2_PLACEMENT_3D('',#6103,#6104,#6105);
#6103 = CARTESIAN_POINT('',(48.6,5.5,4.8E-16));
#6104 = DIRECTION('',(-0.,-1.,-9.E-17));
#6105 = DIRECTION('',(0.,-9.E-17,1.));
#6106 = PLANE('',#6107);
#6107 = AXIS2_PLACEMENT_3D('',#6108,#6109,#6110);
#6108 = CARTESIAN_POINT('',(51.6,5.5,4.8E-16));
#6109 = DIRECTION('',(0.,-1.,-9.E-17));
#6110 = DIRECTION('',(0.,9.E-17,-1.));
#6111 = ADVANCED_FACE('',(#6112),#6124,.F.);
#6112 = FACE_BOUND('',#6113,.T.);
#6113 = EDGE_LOOP('',(#6114,#6121,#6122,#6123));
#6114 = ORIENTED_EDGE('',*,*,#6115,.F.);
#6115 = EDGE_CURVE('',#4366,#1519,#6116,.T.);
#6116 = CIRCLE('',#6117,5.75);
#6117 = AXIS2_PLACEMENT_3D('',#6118,#6119,#6120);
#6118 = CARTESIAN_POINT('',(278.8,8.2,-5.E-17));
#6119 = DIRECTION('',(-0.,-1.,-9.E-17));
#6120 = DIRECTION('',(0.,-9.E-17,1.));
#6121 = ORIENTED_EDGE('',*,*,#4375,.T.);
#6122 = ORIENTED_EDGE('',*,*,#1991,.F.);
#6123 = ORIENTED_EDGE('',*,*,#1529,.F.);
#6124 = PLANE('',#6125);
#6125 = AXIS2_PLACEMENT_3D('',#6126,#6127,#6128);
#6126 = CARTESIAN_POINT('',(345.,8.2,-3.));
#6127 = DIRECTION('',(0.,1.,0.));
#6128 = DIRECTION('',(0.,-0.,1.));
#6129 = ADVANCED_FACE('',(#6130),#6190,.F.);
#6130 = FACE_BOUND('',#6131,.F.);
#6131 = EDGE_LOOP('',(#6132,#6133,#6134,#6135,#6142,#6143,#6152,#6161,
    #6168,#6169,#6178,#6179,#6186,#6187,#6188,#6189));
#6132 = ORIENTED_EDGE('',*,*,#6053,.F.);
#6133 = ORIENTED_EDGE('',*,*,#4299,.T.);
#6134 = ORIENTED_EDGE('',*,*,#6068,.F.);
#6135 = ORIENTED_EDGE('',*,*,#6136,.T.);
#6136 = EDGE_CURVE('',#6069,#1762,#6137,.T.);
#6137 = CIRCLE('',#6138,5.75);
#6138 = AXIS2_PLACEMENT_3D('',#6139,#6140,#6141);
#6139 = CARTESIAN_POINT('',(278.8,8.2,-5.E-17));
#6140 = DIRECTION('',(0.,1.,9.E-17));
#6141 = DIRECTION('',(0.,-9.E-17,1.));
#6142 = ORIENTED_EDGE('',*,*,#1761,.T.);
#6143 = ORIENTED_EDGE('',*,*,#6144,.T.);
#6144 = EDGE_CURVE('',#1764,#6145,#6147,.T.);
#6145 = VERTEX_POINT('',#6146);
#6146 = CARTESIAN_POINT('',(274.12053386377,8.541421356237,
    -3.341421356237));
#6147 = B_SPLINE_CURVE_WITH_KNOTS('',3,(#6148,#6149,#6150,#6151),
  .UNSPECIFIED.,.F.,.F.,(4,4),(3.501459362518E-04,5.122267293188E-04),
  .PIECEWISE_BEZIER_KNOTS.);
#6148 = CARTESIAN_POINT('',(274.07925390164,8.4,-3.282842712475));
#6149 = CARTESIAN_POINT('',(274.07925390164,8.455137576774,
    -3.282842712475));
#6150 = CARTESIAN_POINT('',(274.09573826893,8.506696568789,
    -3.306696568787));
#6151 = CARTESIAN_POINT('',(274.12053386377,8.541421356237,
    -3.341421356237));
#6152 = ORIENTED_EDGE('',*,*,#6153,.T.);
#6153 = EDGE_CURVE('',#6145,#6154,#6156,.T.);
#6154 = VERTEX_POINT('',#6155);
#6155 = CARTESIAN_POINT('',(275.54708999162,9.941421356237,
    -4.741421356237));
#6156 = ( BOUNDED_CURVE() B_SPLINE_CURVE(3,(#6157,#6158,#6159,#6160),
.UNSPECIFIED.,.F.,.F.) B_SPLINE_CURVE_WITH_KNOTS((4,4),(5.332489241043,
5.681874941584),.PIECEWISE_BEZIER_KNOTS.) CURVE() 
GEOMETRIC_REPRESENTATION_ITEM() RATIONAL_B_SPLINE_CURVE((1.,
0.989853313148,0.989853313148,1.)) REPRESENTATION_ITEM('') );
#6157 = CARTESIAN_POINT('',(274.12053386377,8.541421356237,
    -3.341421356237));
#6158 = CARTESIAN_POINT('',(274.51167463372,9.089191239874,
    -3.889191239874));
#6159 = CARTESIAN_POINT('',(274.99206774143,9.56064156536,-4.36064156536
    ));
#6160 = CARTESIAN_POINT('',(275.54708999162,9.941421356237,
    -4.741421356237));
#6161 = ORIENTED_EDGE('',*,*,#6162,.T.);
#6162 = EDGE_CURVE('',#6154,#4424,#6163,.T.);
#6163 = B_SPLINE_CURVE_WITH_KNOTS('',3,(#6164,#6165,#6166,#6167),
  .UNSPECIFIED.,.F.,.F.,(4,4),(1.E-17,2.664897887094E-04),
  .PIECEWISE_BEZIER_KNOTS.);
#6164 = CARTESIAN_POINT('',(275.54708999162,9.941421356237,
    -4.741421356237));
#6165 = CARTESIAN_POINT('',(275.61180496752,9.985819855549,
    -4.785819855549));
#6166 = CARTESIAN_POINT('',(275.68734367621,10.000000000001,
    -4.835484753452));
#6167 = CARTESIAN_POINT('',(275.76349756376,10.,-4.882842712475));
#6168 = ORIENTED_EDGE('',*,*,#4421,.F.);
#6169 = ORIENTED_EDGE('',*,*,#6170,.T.);
#6170 = EDGE_CURVE('',#4422,#4392,#6171,.T.);
#6171 = B_SPLINE_CURVE_WITH_KNOTS('',3,(#6172,#6173,#6174,#6175,#6176,
    #6177),.UNSPECIFIED.,.F.,.F.,(4,2,4),(7.E-17,1.329477184407E-04,
    2.658954368813E-04),.UNSPECIFIED.);
#6172 = CARTESIAN_POINT('',(281.83650243623,10.,-4.882842712475));
#6173 = CARTESIAN_POINT('',(281.87462039141,10.,-4.859138229121));
#6174 = CARTESIAN_POINT('',(281.91189962965,9.99593548557,
    -4.835335225023));
#6175 = CARTESIAN_POINT('',(281.98458108937,9.977793694283,
    -4.787779164556));
#6176 = CARTESIAN_POINT('',(282.0205116021,9.963648678406,
    -4.763648678406));
#6177 = CARTESIAN_POINT('',(282.05291000838,9.941421356237,
    -4.741421356237));
#6178 = ORIENTED_EDGE('',*,*,#4389,.F.);
#6179 = ORIENTED_EDGE('',*,*,#6180,.T.);
#6180 = EDGE_CURVE('',#4390,#1511,#6181,.T.);
#6181 = B_SPLINE_CURVE_WITH_KNOTS('',3,(#6182,#6183,#6184,#6185),
  .UNSPECIFIED.,.F.,.F.,(4,4),(-1.630521862569E-04,0.),
  .PIECEWISE_BEZIER_KNOTS.);
#6182 = CARTESIAN_POINT('',(283.47946613622,8.541421356237,
    -3.341421356237));
#6183 = CARTESIAN_POINT('',(283.5042728018,8.506681064861,
    -3.306681064861));
#6184 = CARTESIAN_POINT('',(283.52074609835,8.455210957293,
    -3.282842712475));
#6185 = CARTESIAN_POINT('',(283.52074609835,8.4,-3.282842712475));
#6186 = ORIENTED_EDGE('',*,*,#1518,.T.);
#6187 = ORIENTED_EDGE('',*,*,#6115,.F.);
#6188 = ORIENTED_EDGE('',*,*,#4365,.F.);
#6189 = ORIENTED_EDGE('',*,*,#4280,.T.);
#6190 = CYLINDRICAL_SURFACE('',#6191,5.75);
#6191 = AXIS2_PLACEMENT_3D('',#6192,#6193,#6194);
#6192 = CARTESIAN_POINT('',(278.8,10.,1.E-16));
#6193 = DIRECTION('',(0.,1.,9.E-17));
#6194 = DIRECTION('',(0.,-9.E-17,1.));
#6195 = ADVANCED_FACE('',(#6196),#6202,.T.);
#6196 = FACE_BOUND('',#6197,.T.);
#6197 = EDGE_LOOP('',(#6198,#6199,#6200,#6201));
#6198 = ORIENTED_EDGE('',*,*,#1966,.T.);
#6199 = ORIENTED_EDGE('',*,*,#4432,.T.);
#6200 = ORIENTED_EDGE('',*,*,#6170,.T.);
#6201 = ORIENTED_EDGE('',*,*,#4407,.T.);
#6202 = CYLINDRICAL_SURFACE('',#6203,0.2);
#6203 = AXIS2_PLACEMENT_3D('',#6204,#6205,#6206);
#6204 = CARTESIAN_POINT('',(345.,9.8,-4.882842712475));
#6205 = DIRECTION('',(-1.,0.,0.));
#6206 = DIRECTION('',(0.,0.,1.));
#6207 = ADVANCED_FACE('',(#6208),#6214,.T.);
#6208 = FACE_BOUND('',#6209,.T.);
#6209 = EDGE_LOOP('',(#6210,#6211,#6212,#6213));
#6210 = ORIENTED_EDGE('',*,*,#1510,.F.);
#6211 = ORIENTED_EDGE('',*,*,#1983,.T.);
#6212 = ORIENTED_EDGE('',*,*,#4400,.T.);
#6213 = ORIENTED_EDGE('',*,*,#6180,.T.);
#6214 = CYLINDRICAL_SURFACE('',#6215,0.2);
#6215 = AXIS2_PLACEMENT_3D('',#6216,#6217,#6218);
#6216 = CARTESIAN_POINT('',(345.,8.4,-3.482842712475));
#6217 = DIRECTION('',(-1.,0.,0.));
#6218 = DIRECTION('',(0.,0.,1.));
#6219 = ADVANCED_FACE('',(#6220),#6241,.T.);
#6220 = FACE_BOUND('',#6221,.T.);
#6221 = EDGE_LOOP('',(#6222,#6233,#6239,#6240));
#6222 = ORIENTED_EDGE('',*,*,#6223,.T.);
#6223 = EDGE_CURVE('',#4455,#6224,#6226,.T.);
#6224 = VERTEX_POINT('',#6225);
#6225 = CARTESIAN_POINT('',(51.85291000838,9.941421356237,
    -4.741421356237));
#6226 = B_SPLINE_CURVE_WITH_KNOTS('',3,(#6227,#6228,#6229,#6230,#6231,
    #6232),.UNSPECIFIED.,.F.,.F.,(4,2,4),(7.E-17,1.329477184408E-04,
    2.658954368815E-04),.UNSPECIFIED.);
#6227 = CARTESIAN_POINT('',(51.63650243623,10.,-4.882842712475));
#6228 = CARTESIAN_POINT('',(51.674620391419,10.,-4.859138229121));
#6229 = CARTESIAN_POINT('',(51.711899629651,9.99593548557,
    -4.835335225023));
#6230 = CARTESIAN_POINT('',(51.784581089376,9.977793694283,
    -4.787779164556));
#6231 = CARTESIAN_POINT('',(51.820511602106,9.963648678406,
    -4.763648678406));
#6232 = CARTESIAN_POINT('',(51.85291000838,9.941421356237,
    -4.741421356237));
#6233 = ORIENTED_EDGE('',*,*,#6234,.T.);
#6234 = EDGE_CURVE('',#6224,#6154,#6235,.T.);
#6235 = LINE('',#6236,#6237);
#6236 = CARTESIAN_POINT('',(345.,9.941421356237,-4.741421356237));
#6237 = VECTOR('',#6238,1.);
#6238 = DIRECTION('',(1.,-0.,-0.));
#6239 = ORIENTED_EDGE('',*,*,#6162,.T.);
#6240 = ORIENTED_EDGE('',*,*,#4463,.T.);
#6241 = CYLINDRICAL_SURFACE('',#6242,0.2);
#6242 = AXIS2_PLACEMENT_3D('',#6243,#6244,#6245);
#6243 = CARTESIAN_POINT('',(345.,9.8,-4.882842712475));
#6244 = DIRECTION('',(-1.,0.,0.));
#6245 = DIRECTION('',(0.,0.,1.));
#6246 = ADVANCED_FACE('',(#6247),#6253,.T.);
#6247 = FACE_BOUND('',#6248,.T.);
#6248 = EDGE_LOOP('',(#6249,#6250,#6251,#6252));
#6249 = ORIENTED_EDGE('',*,*,#3043,.T.);
#6250 = ORIENTED_EDGE('',*,*,#4439,.T.);
#6251 = ORIENTED_EDGE('',*,*,#1949,.T.);
#6252 = ORIENTED_EDGE('',*,*,#4484,.T.);
#6253 = CYLINDRICAL_SURFACE('',#6254,0.2);
#6254 = AXIS2_PLACEMENT_3D('',#6255,#6256,#6257);
#6255 = CARTESIAN_POINT('',(345.,9.8,-9.8));
#6256 = DIRECTION('',(-1.,0.,0.));
#6257 = DIRECTION('',(0.,0.,1.));
#6258 = ADVANCED_FACE('',(#6259),#6271,.T.);
#6259 = FACE_BOUND('',#6260,.T.);
#6260 = EDGE_LOOP('',(#6261,#6262,#6263,#6270));
#6261 = ORIENTED_EDGE('',*,*,#3026,.T.);
#6262 = ORIENTED_EDGE('',*,*,#4668,.T.);
#6263 = ORIENTED_EDGE('',*,*,#6264,.T.);
#6264 = EDGE_CURVE('',#4658,#4447,#6265,.T.);
#6265 = B_SPLINE_CURVE_WITH_KNOTS('',3,(#6266,#6267,#6268,#6269),
  .UNSPECIFIED.,.F.,.F.,(4,4),(3.E-17,2.664897887094E-04),
  .PIECEWISE_BEZIER_KNOTS.);
#6266 = CARTESIAN_POINT('',(45.34708999162,9.941421356237,
    -4.741421356237));
#6267 = CARTESIAN_POINT('',(45.411804967527,9.985819855549,
    -4.785819855549));
#6268 = CARTESIAN_POINT('',(45.487343676214,10.000000000001,
    -4.835484753452));
#6269 = CARTESIAN_POINT('',(45.563497563769,10.,-4.882842712475));
#6270 = ORIENTED_EDGE('',*,*,#4446,.T.);
#6271 = CYLINDRICAL_SURFACE('',#6272,0.2);
#6272 = AXIS2_PLACEMENT_3D('',#6273,#6274,#6275);
#6273 = CARTESIAN_POINT('',(345.,9.8,-4.882842712475));
#6274 = DIRECTION('',(-1.,0.,0.));
#6275 = DIRECTION('',(0.,0.,1.));
#6276 = ADVANCED_FACE('',(#6277),#6327,.F.);
#6277 = FACE_BOUND('',#6278,.F.);
#6278 = EDGE_LOOP('',(#6279,#6280,#6281,#6282,#6291,#6298,#6299,#6306,
    #6307,#6308,#6309,#6310,#6311,#6318,#6319,#6326));
#6279 = ORIENTED_EDGE('',*,*,#6264,.T.);
#6280 = ORIENTED_EDGE('',*,*,#4454,.F.);
#6281 = ORIENTED_EDGE('',*,*,#6223,.T.);
#6282 = ORIENTED_EDGE('',*,*,#6283,.T.);
#6283 = EDGE_CURVE('',#6224,#6284,#6286,.T.);
#6284 = VERTEX_POINT('',#6285);
#6285 = CARTESIAN_POINT('',(53.279466136225,8.541421356237,
    -3.341421356237));
#6286 = ( BOUNDED_CURVE() B_SPLINE_CURVE(3,(#6287,#6288,#6289,#6290),
.UNSPECIFIED.,.F.,.F.) B_SPLINE_CURVE_WITH_KNOTS((4,4),(0.601310365596,
0.950696066137),.PIECEWISE_BEZIER_KNOTS.) CURVE() 
GEOMETRIC_REPRESENTATION_ITEM() RATIONAL_B_SPLINE_CURVE((1.,
0.989853313148,0.989853313148,1.)) REPRESENTATION_ITEM('') );
#6287 = CARTESIAN_POINT('',(51.85291000838,9.941421356237,
    -4.741421356237));
#6288 = CARTESIAN_POINT('',(52.407932258562,9.56064156536,-4.36064156536
    ));
#6289 = CARTESIAN_POINT('',(52.888325366274,9.089191239874,
    -3.889191239874));
#6290 = CARTESIAN_POINT('',(53.279466136225,8.541421356237,
    -3.341421356237));
#6291 = ORIENTED_EDGE('',*,*,#6292,.T.);
#6292 = EDGE_CURVE('',#6284,#1775,#6293,.T.);
#6293 = B_SPLINE_CURVE_WITH_KNOTS('',3,(#6294,#6295,#6296,#6297),
  .UNSPECIFIED.,.F.,.F.,(4,4),(-1.630521862569E-04,0.),
  .PIECEWISE_BEZIER_KNOTS.);
#6294 = CARTESIAN_POINT('',(53.279466136225,8.541421356237,
    -3.341421356237));
#6295 = CARTESIAN_POINT('',(53.304272801804,8.506681064861,
    -3.306681064861));
#6296 = CARTESIAN_POINT('',(53.320746098357,8.455210957293,
    -3.282842712475));
#6297 = CARTESIAN_POINT('',(53.320746098357,8.4,-3.282842712475));
#6298 = ORIENTED_EDGE('',*,*,#1782,.T.);
#6299 = ORIENTED_EDGE('',*,*,#6300,.T.);
#6300 = EDGE_CURVE('',#1783,#6077,#6301,.T.);
#6301 = CIRCLE('',#6302,5.75);
#6302 = AXIS2_PLACEMENT_3D('',#6303,#6304,#6305);
#6303 = CARTESIAN_POINT('',(48.6,8.2,7.1E-16));
#6304 = DIRECTION('',(0.,1.,9.E-17));
#6305 = DIRECTION('',(0.,-9.E-17,1.));
#6306 = ORIENTED_EDGE('',*,*,#6084,.F.);
#6307 = ORIENTED_EDGE('',*,*,#4316,.T.);
#6308 = ORIENTED_EDGE('',*,*,#6100,.F.);
#6309 = ORIENTED_EDGE('',*,*,#4333,.T.);
#6310 = ORIENTED_EDGE('',*,*,#4633,.F.);
#6311 = ORIENTED_EDGE('',*,*,#6312,.T.);
#6312 = EDGE_CURVE('',#4634,#1544,#6313,.T.);
#6313 = CIRCLE('',#6314,5.75);
#6314 = AXIS2_PLACEMENT_3D('',#6315,#6316,#6317);
#6315 = CARTESIAN_POINT('',(48.6,8.2,7.1E-16));
#6316 = DIRECTION('',(0.,1.,9.E-17));
#6317 = DIRECTION('',(0.,-9.E-17,1.));
#6318 = ORIENTED_EDGE('',*,*,#1543,.T.);
#6319 = ORIENTED_EDGE('',*,*,#6320,.T.);
#6320 = EDGE_CURVE('',#1546,#4660,#6321,.T.);
#6321 = B_SPLINE_CURVE_WITH_KNOTS('',3,(#6322,#6323,#6324,#6325),
  .UNSPECIFIED.,.F.,.F.,(4,4),(-0.,1.628354746699E-04),
  .PIECEWISE_BEZIER_KNOTS.);
#6322 = CARTESIAN_POINT('',(43.879253901643,8.4,-3.282842712475));
#6323 = CARTESIAN_POINT('',(43.879253901643,8.455137576774,
    -3.282842712475));
#6324 = CARTESIAN_POINT('',(43.895738268936,8.506696568789,
    -3.306696568787));
#6325 = CARTESIAN_POINT('',(43.920533863774,8.541421356237,
    -3.341421356237));
#6326 = ORIENTED_EDGE('',*,*,#4657,.F.);
#6327 = CYLINDRICAL_SURFACE('',#6328,5.75);
#6328 = AXIS2_PLACEMENT_3D('',#6329,#6330,#6331);
#6329 = CARTESIAN_POINT('',(48.6,10.,8.7E-16));
#6330 = DIRECTION('',(0.,1.,9.E-17));
#6331 = DIRECTION('',(0.,-9.E-17,1.));
#6332 = ADVANCED_FACE('',(#6333),#6339,.T.);
#6333 = FACE_BOUND('',#6334,.T.);
#6334 = EDGE_LOOP('',(#6335,#6336,#6337,#6338));
#6335 = ORIENTED_EDGE('',*,*,#3060,.T.);
#6336 = ORIENTED_EDGE('',*,*,#4477,.T.);
#6337 = ORIENTED_EDGE('',*,*,#1932,.T.);
#6338 = ORIENTED_EDGE('',*,*,#4506,.T.);
#6339 = CYLINDRICAL_SURFACE('',#6340,0.2);
#6340 = AXIS2_PLACEMENT_3D('',#6341,#6342,#6343);
#6341 = CARTESIAN_POINT('',(345.,4.882842712475,-9.8));
#6342 = DIRECTION('',(-1.,0.,0.));
#6343 = DIRECTION('',(0.,0.,1.));
#6344 = ADVANCED_FACE('',(#6345),#6356,.T.);
#6345 = FACE_BOUND('',#6346,.T.);
#6346 = EDGE_LOOP('',(#6347,#6348,#6349,#6350));
#6347 = ORIENTED_EDGE('',*,*,#3077,.T.);
#6348 = ORIENTED_EDGE('',*,*,#4499,.T.);
#6349 = ORIENTED_EDGE('',*,*,#1915,.T.);
#6350 = ORIENTED_EDGE('',*,*,#6351,.T.);
#6351 = EDGE_CURVE('',#1908,#3078,#6352,.T.);
#6352 = LINE('',#6353,#6354);
#6353 = CARTESIAN_POINT('',(345.,3.482842712475,-8.2));
#6354 = VECTOR('',#6355,1.);
#6355 = DIRECTION('',(-1.,0.,0.));
#6356 = CYLINDRICAL_SURFACE('',#6357,0.2);
#6357 = AXIS2_PLACEMENT_3D('',#6358,#6359,#6360);
#6358 = CARTESIAN_POINT('',(345.,3.482842712475,-8.4));
#6359 = DIRECTION('',(-1.,0.,0.));
#6360 = DIRECTION('',(0.,0.,1.));
#6361 = ADVANCED_FACE('',(#6362),#6368,.F.);
#6362 = FACE_BOUND('',#6363,.T.);
#6363 = EDGE_LOOP('',(#6364,#6365,#6366,#6367));
#6364 = ORIENTED_EDGE('',*,*,#6351,.F.);
#6365 = ORIENTED_EDGE('',*,*,#1907,.F.);
#6366 = ORIENTED_EDGE('',*,*,#4521,.T.);
#6367 = ORIENTED_EDGE('',*,*,#3086,.F.);
#6368 = PLANE('',#6369);
#6369 = AXIS2_PLACEMENT_3D('',#6370,#6371,#6372);
#6370 = CARTESIAN_POINT('',(345.,3.,-8.2));
#6371 = DIRECTION('',(0.,-7.8E-16,-1.));
#6372 = DIRECTION('',(0.,1.,-7.8E-16));
#6373 = ADVANCED_FACE('',(#6374),#6380,.F.);
#6374 = FACE_BOUND('',#6375,.T.);
#6375 = EDGE_LOOP('',(#6376,#6377,#6378,#6379));
#6376 = ORIENTED_EDGE('',*,*,#4560,.T.);
#6377 = ORIENTED_EDGE('',*,*,#1875,.F.);
#6378 = ORIENTED_EDGE('',*,*,#4815,.T.);
#6379 = ORIENTED_EDGE('',*,*,#2507,.F.);
#6380 = PLANE('',#6381);
#6381 = AXIS2_PLACEMENT_3D('',#6382,#6383,#6384);
#6382 = CARTESIAN_POINT('',(345.,3.577E-14,-3.5));
#6383 = DIRECTION('',(-0.,0.707106781187,0.707106781187));
#6384 = DIRECTION('',(0.,-0.707106781187,0.707106781187));
#6385 = ADVANCED_FACE('',(#6386),#6397,.T.);
#6386 = FACE_BOUND('',#6387,.T.);
#6387 = EDGE_LOOP('',(#6388,#6389,#6390,#6391));
#6388 = ORIENTED_EDGE('',*,*,#2921,.T.);
#6389 = ORIENTED_EDGE('',*,*,#4588,.T.);
#6390 = ORIENTED_EDGE('',*,*,#5546,.T.);
#6391 = ORIENTED_EDGE('',*,*,#6392,.T.);
#6392 = EDGE_CURVE('',#5547,#2922,#6393,.T.);
#6393 = LINE('',#6394,#6395);
#6394 = CARTESIAN_POINT('',(345.,8.2,3.482842712475));
#6395 = VECTOR('',#6396,1.);
#6396 = DIRECTION('',(-1.,0.,0.));
#6397 = CYLINDRICAL_SURFACE('',#6398,0.2);
#6398 = AXIS2_PLACEMENT_3D('',#6399,#6400,#6401);
#6399 = CARTESIAN_POINT('',(345.,8.4,3.482842712475));
#6400 = DIRECTION('',(-1.,0.,0.));
#6401 = DIRECTION('',(0.,0.,1.));
#6402 = ADVANCED_FACE('',(#6403),#6409,.F.);
#6403 = FACE_BOUND('',#6404,.T.);
#6404 = EDGE_LOOP('',(#6405,#6406,#6407,#6408));
#6405 = ORIENTED_EDGE('',*,*,#5561,.T.);
#6406 = ORIENTED_EDGE('',*,*,#4619,.T.);
#6407 = ORIENTED_EDGE('',*,*,#2930,.F.);
#6408 = ORIENTED_EDGE('',*,*,#6392,.F.);
#6409 = PLANE('',#6410);
#6410 = AXIS2_PLACEMENT_3D('',#6411,#6412,#6413);
#6411 = CARTESIAN_POINT('',(345.,8.2,3.));
#6412 = DIRECTION('',(0.,1.,0.));
#6413 = DIRECTION('',(0.,-0.,1.));
#6414 = ADVANCED_FACE('',(#6415),#6421,.F.);
#6415 = FACE_BOUND('',#6416,.T.);
#6416 = EDGE_LOOP('',(#6417,#6418,#6419,#6420));
#6417 = ORIENTED_EDGE('',*,*,#6312,.T.);
#6418 = ORIENTED_EDGE('',*,*,#1573,.F.);
#6419 = ORIENTED_EDGE('',*,*,#3002,.F.);
#6420 = ORIENTED_EDGE('',*,*,#4641,.T.);
#6421 = PLANE('',#6422);
#6422 = AXIS2_PLACEMENT_3D('',#6423,#6424,#6425);
#6423 = CARTESIAN_POINT('',(345.,8.2,-3.));
#6424 = DIRECTION('',(0.,1.,0.));
#6425 = DIRECTION('',(0.,-0.,1.));
#6426 = ADVANCED_FACE('',(#6427),#6433,.T.);
#6427 = FACE_BOUND('',#6428,.T.);
#6428 = EDGE_LOOP('',(#6429,#6430,#6431,#6432));
#6429 = ORIENTED_EDGE('',*,*,#1556,.F.);
#6430 = ORIENTED_EDGE('',*,*,#6320,.T.);
#6431 = ORIENTED_EDGE('',*,*,#4675,.T.);
#6432 = ORIENTED_EDGE('',*,*,#3009,.T.);
#6433 = CYLINDRICAL_SURFACE('',#6434,0.2);
#6434 = AXIS2_PLACEMENT_3D('',#6435,#6436,#6437);
#6435 = CARTESIAN_POINT('',(345.,8.4,-3.482842712475));
#6436 = DIRECTION('',(-1.,0.,0.));
#6437 = DIRECTION('',(0.,0.,1.));
#6438 = ADVANCED_FACE('',(#6439,#6445,#6449),#6453,.F.);
#6439 = FACE_BOUND('',#6440,.F.);
#6440 = EDGE_LOOP('',(#6441,#6442,#6443,#6444));
#6441 = ORIENTED_EDGE('',*,*,#4691,.F.);
#6442 = ORIENTED_EDGE('',*,*,#1651,.F.);
#6443 = ORIENTED_EDGE('',*,*,#775,.F.);
#6444 = ORIENTED_EDGE('',*,*,#1658,.T.);
#6445 = FACE_BOUND('',#6446,.F.);
#6446 = EDGE_LOOP('',(#6447,#6448));
#6447 = ORIENTED_EDGE('',*,*,#1460,.F.);
#6448 = ORIENTED_EDGE('',*,*,#5930,.F.);
#6449 = FACE_BOUND('',#6450,.F.);
#6450 = EDGE_LOOP('',(#6451,#6452));
#6451 = ORIENTED_EDGE('',*,*,#1274,.F.);
#6452 = ORIENTED_EDGE('',*,*,#5714,.F.);
#6453 = CYLINDRICAL_SURFACE('',#6454,2.);
#6454 = AXIS2_PLACEMENT_3D('',#6455,#6456,#6457);
#6455 = CARTESIAN_POINT('',(345.,0.,0.));
#6456 = DIRECTION('',(-1.,-0.,-0.));
#6457 = DIRECTION('',(-0.,0.,1.));
#6458 = ADVANCED_FACE('',(#6459,#6465),#6469,.F.);
#6459 = FACE_BOUND('',#6460,.F.);
#6460 = EDGE_LOOP('',(#6461,#6462,#6463,#6464));
#6461 = ORIENTED_EDGE('',*,*,#5127,.F.);
#6462 = ORIENTED_EDGE('',*,*,#1705,.F.);
#6463 = ORIENTED_EDGE('',*,*,#229,.F.);
#6464 = ORIENTED_EDGE('',*,*,#1746,.T.);
#6465 = FACE_BOUND('',#6466,.F.);
#6466 = EDGE_LOOP('',(#6467,#6468));
#6467 = ORIENTED_EDGE('',*,*,#1367,.F.);
#6468 = ORIENTED_EDGE('',*,*,#5839,.F.);
#6469 = CYLINDRICAL_SURFACE('',#6470,2.);
#6470 = AXIS2_PLACEMENT_3D('',#6471,#6472,#6473);
#6471 = CARTESIAN_POINT('',(345.,0.,0.));
#6472 = DIRECTION('',(-1.,-0.,-0.));
#6473 = DIRECTION('',(-0.,0.,1.));
#6474 = ADVANCED_FACE('',(#6475),#6486,.F.);
#6475 = FACE_BOUND('',#6476,.T.);
#6476 = EDGE_LOOP('',(#6477,#6478,#6479,#6480));
#6477 = ORIENTED_EDGE('',*,*,#5486,.T.);
#6478 = ORIENTED_EDGE('',*,*,#5642,.T.);
#6479 = ORIENTED_EDGE('',*,*,#1146,.T.);
#6480 = ORIENTED_EDGE('',*,*,#6481,.F.);
#6481 = EDGE_CURVE('',#5472,#1147,#6482,.T.);
#6482 = LINE('',#6483,#6484);
#6483 = CARTESIAN_POINT('',(345.,8.2,3.482842712475));
#6484 = VECTOR('',#6485,1.);
#6485 = DIRECTION('',(-1.,-0.,0.));
#6486 = PLANE('',#6487);
#6487 = AXIS2_PLACEMENT_3D('',#6488,#6489,#6490);
#6488 = CARTESIAN_POINT('',(345.,8.2,3.));
#6489 = DIRECTION('',(0.,1.,0.));
#6490 = DIRECTION('',(0.,-0.,1.));
#6491 = ADVANCED_FACE('',(#6492),#6503,.F.);
#6492 = FACE_BOUND('',#6493,.T.);
#6493 = EDGE_LOOP('',(#6494,#6495,#6501,#6502));
#6494 = ORIENTED_EDGE('',*,*,#5462,.T.);
#6495 = ORIENTED_EDGE('',*,*,#6496,.F.);
#6496 = EDGE_CURVE('',#1156,#5463,#6497,.T.);
#6497 = LINE('',#6498,#6499);
#6498 = CARTESIAN_POINT('',(345.,8.541421356237,3.341421356237));
#6499 = VECTOR('',#6500,1.);
#6500 = DIRECTION('',(1.,0.,0.));
#6501 = ORIENTED_EDGE('',*,*,#1170,.T.);
#6502 = ORIENTED_EDGE('',*,*,#5521,.F.);
#6503 = PLANE('',#6504);
#6504 = AXIS2_PLACEMENT_3D('',#6505,#6506,#6507);
#6505 = CARTESIAN_POINT('',(345.,10.,4.8));
#6506 = DIRECTION('',(0.,-0.707106781187,0.707106781187));
#6507 = DIRECTION('',(0.,-0.707106781187,-0.707106781187));
#6508 = ADVANCED_FACE('',(#6509),#6515,.F.);
#6509 = FACE_BOUND('',#6510,.T.);
#6510 = EDGE_LOOP('',(#6511,#6512,#6513,#6514));
#6511 = ORIENTED_EDGE('',*,*,#6136,.T.);
#6512 = ORIENTED_EDGE('',*,*,#1793,.F.);
#6513 = ORIENTED_EDGE('',*,*,#6300,.T.);
#6514 = ORIENTED_EDGE('',*,*,#6076,.T.);
#6515 = PLANE('',#6516);
#6516 = AXIS2_PLACEMENT_3D('',#6517,#6518,#6519);
#6517 = CARTESIAN_POINT('',(345.,8.2,-3.));
#6518 = DIRECTION('',(0.,1.,0.));
#6519 = DIRECTION('',(0.,-0.,1.));
#6520 = ADVANCED_FACE('',(#6521),#6532,.F.);
#6521 = FACE_BOUND('',#6522,.T.);
#6522 = EDGE_LOOP('',(#6523,#6524,#6525,#6526));
#6523 = ORIENTED_EDGE('',*,*,#6153,.T.);
#6524 = ORIENTED_EDGE('',*,*,#6234,.F.);
#6525 = ORIENTED_EDGE('',*,*,#6283,.T.);
#6526 = ORIENTED_EDGE('',*,*,#6527,.F.);
#6527 = EDGE_CURVE('',#6145,#6284,#6528,.T.);
#6528 = LINE('',#6529,#6530);
#6529 = CARTESIAN_POINT('',(345.,8.541421356237,-3.341421356237));
#6530 = VECTOR('',#6531,1.);
#6531 = DIRECTION('',(-1.,-0.,-0.));
#6532 = PLANE('',#6533);
#6533 = AXIS2_PLACEMENT_3D('',#6534,#6535,#6536);
#6534 = CARTESIAN_POINT('',(345.,10.,-4.8));
#6535 = DIRECTION('',(0.,-0.707106781187,-0.707106781187));
#6536 = DIRECTION('',(0.,0.707106781187,-0.707106781187));
#6537 = ADVANCED_FACE('',(#6538),#6544,.T.);
#6538 = FACE_BOUND('',#6539,.T.);
#6539 = EDGE_LOOP('',(#6540,#6541,#6542,#6543));
#6540 = ORIENTED_EDGE('',*,*,#1155,.T.);
#6541 = ORIENTED_EDGE('',*,*,#6496,.T.);
#6542 = ORIENTED_EDGE('',*,*,#5471,.T.);
#6543 = ORIENTED_EDGE('',*,*,#6481,.T.);
#6544 = CYLINDRICAL_SURFACE('',#6545,0.2);
#6545 = AXIS2_PLACEMENT_3D('',#6546,#6547,#6548);
#6546 = CARTESIAN_POINT('',(345.,8.4,3.482842712475));
#6547 = DIRECTION('',(-1.,0.,0.));
#6548 = DIRECTION('',(0.,0.,1.));
#6549 = ADVANCED_FACE('',(#6550),#6556,.T.);
#6550 = FACE_BOUND('',#6551,.T.);
#6551 = EDGE_LOOP('',(#6552,#6553,#6554,#6555));
#6552 = ORIENTED_EDGE('',*,*,#1774,.F.);
#6553 = ORIENTED_EDGE('',*,*,#6144,.T.);
#6554 = ORIENTED_EDGE('',*,*,#6527,.T.);
#6555 = ORIENTED_EDGE('',*,*,#6292,.T.);
#6556 = CYLINDRICAL_SURFACE('',#6557,0.2);
#6557 = AXIS2_PLACEMENT_3D('',#6558,#6559,#6560);
#6558 = CARTESIAN_POINT('',(345.,8.4,-3.482842712475));
#6559 = DIRECTION('',(-1.,0.,0.));
#6560 = DIRECTION('',(0.,0.,1.));
#6561 = ADVANCED_FACE('',(#6562),#6568,.F.);
#6562 = FACE_BOUND('',#6563,.F.);
#6563 = EDGE_LOOP('',(#6564,#6565,#6566,#6567));
#6564 = ORIENTED_EDGE('',*,*,#1848,.T.);
#6565 = ORIENTED_EDGE('',*,*,#21,.F.);
#6566 = ORIENTED_EDGE('',*,*,#3183,.T.);
#6567 = ORIENTED_EDGE('',*,*,#40,.T.);
#6568 = CONICAL_SURFACE('',#6569,2.5,0.785398163397);
#6569 = AXIS2_PLACEMENT_3D('',#6570,#6571,#6572);
#6570 = CARTESIAN_POINT('',(345.,0.,0.));
#6571 = DIRECTION('',(1.,-0.,-0.));
#6572 = DIRECTION('',(0.,0.,-1.));
#6573 = ( GEOMETRIC_REPRESENTATION_CONTEXT(3) 
GLOBAL_UNCERTAINTY_ASSIGNED_CONTEXT((#6577)) 
GLOBAL_UNIT_ASSIGNED_CONTEXT((#6574,#6575,#6576)) REPRESENTATION_CONTEXT
('Context #1','3D Context with UNIT and UNCERTAINTY') );
#6574 = ( LENGTH_UNIT() NAMED_UNIT(*) SI_UNIT(.MILLI.,.METRE.) );
#6575 = ( NAMED_UNIT(*) PLANE_ANGLE_UNIT() SI_UNIT($,.RADIAN.) );
#6576 = ( NAMED_UNIT(*) SI_UNIT($,.STERADIAN.) SOLID_ANGLE_UNIT() );
#6577 = UNCERTAINTY_MEASURE_WITH_UNIT(LENGTH_MEASURE(5.E-05),#6574,
  'distance_accuracy_value','confusion accuracy');
#6578 = PRODUCT_RELATED_PRODUCT_CATEGORY('part',$,(#7));
#6579 = MECHANICAL_DESIGN_GEOMETRIC_PRESENTATION_REPRESENTATION('',(
    #6580,#6591,#6599,#6606,#6613,#6620,#6627,#6634,#6641,#6648,#6655,
    #6662,#6669,#6676,#6683,#6690,#6697,#6704,#6711,#6718,#6725,#6732,
    #6739,#6746,#6753,#6760,#6767,#6774,#6781,#6788,#6795,#6802,#6809,
    #6816,#6823,#6830,#6837,#6844,#6851,#6858,#6865,#6872,#6879,#6886,
    #6893,#6900,#6907,#6914,#6921,#6928,#6935,#6942,#6949,#6956,#6963,
    #6970,#6977,#6984,#6991,#6998,#7005,#7012,#7019,#7026,#7033,#7040,
    #7047,#7054,#7061,#7068,#7075,#7082,#7089,#7096,#7103,#7110,#7117,
    #7124,#7131,#7138,#7145,#7152,#7159,#7166,#7173,#7180,#7187,#7194,
    #7201,#7208,#7215,#7222,#7229,#7236,#7243,#7250,#7257,#7264,#7271,
    #7278,#7285,#7292,#7299,#7306,#7313,#7320,#7327,#7334,#7341,#7348,
    #7355,#7362,#7369,#7376,#7383,#7390),#6573);
#6580 = STYLED_ITEM('color',(#6581),#15);
#6581 = PRESENTATION_STYLE_ASSIGNMENT((#6582,#6588));
#6582 = SURFACE_STYLE_USAGE(.BOTH.,#6583);
#6583 = SURFACE_SIDE_STYLE('',(#6584));
#6584 = SURFACE_STYLE_FILL_AREA(#6585);
#6585 = FILL_AREA_STYLE('',(#6586));
#6586 = FILL_AREA_STYLE_COLOUR('',#6587);
#6587 = COLOUR_RGB('',0.792156867455,0.819607860991,0.933333342953);
#6588 = CURVE_STYLE('',#6589,POSITIVE_LENGTH_MEASURE(0.1),#6590);
#6589 = DRAUGHTING_PRE_DEFINED_CURVE_FONT('continuous');
#6590 = COLOUR_RGB('',9.803921802644E-02,9.803921802644E-02,
  9.803921802644E-02);
#6591 = OVER_RIDING_STYLED_ITEM('overriding color',(#6592),#543,#6580);
#6592 = PRESENTATION_STYLE_ASSIGNMENT((#6593));
#6593 = SURFACE_STYLE_USAGE(.BOTH.,#6594);
#6594 = SURFACE_SIDE_STYLE('',(#6595));
#6595 = SURFACE_STYLE_FILL_AREA(#6596);
#6596 = FILL_AREA_STYLE('',(#6597));
#6597 = FILL_AREA_STYLE_COLOUR('',#6598);
#6598 = COLOUR_RGB('',0.250980406631,0.250980406631,0.250980406631);
#6599 = OVER_RIDING_STYLED_ITEM('overriding color',(#6600),#1495,#6580);
#6600 = PRESENTATION_STYLE_ASSIGNMENT((#6601));
#6601 = SURFACE_STYLE_USAGE(.BOTH.,#6602);
#6602 = SURFACE_SIDE_STYLE('',(#6603));
#6603 = SURFACE_STYLE_FILL_AREA(#6604);
#6604 = FILL_AREA_STYLE('',(#6605));
#6605 = FILL_AREA_STYLE_COLOUR('',#6598);
#6606 = OVER_RIDING_STYLED_ITEM('overriding color',(#6607),#1539,#6580);
#6607 = PRESENTATION_STYLE_ASSIGNMENT((#6608));
#6608 = SURFACE_STYLE_USAGE(.BOTH.,#6609);
#6609 = SURFACE_SIDE_STYLE('',(#6610));
#6610 = SURFACE_STYLE_FILL_AREA(#6611);
#6611 = FILL_AREA_STYLE('',(#6612));
#6612 = FILL_AREA_STYLE_COLOUR('',#6598);
#6613 = OVER_RIDING_STYLED_ITEM('overriding color',(#6614),#1757,#6580);
#6614 = PRESENTATION_STYLE_ASSIGNMENT((#6615));
#6615 = SURFACE_STYLE_USAGE(.BOTH.,#6616);
#6616 = SURFACE_SIDE_STYLE('',(#6617));
#6617 = SURFACE_STYLE_FILL_AREA(#6618);
#6618 = FILL_AREA_STYLE('',(#6619));
#6619 = FILL_AREA_STYLE_COLOUR('',#6598);
#6620 = OVER_RIDING_STYLED_ITEM('overriding color',(#6621),#1803,#6580);
#6621 = PRESENTATION_STYLE_ASSIGNMENT((#6622));
#6622 = SURFACE_STYLE_USAGE(.BOTH.,#6623);
#6623 = SURFACE_SIDE_STYLE('',(#6624));
#6624 = SURFACE_STYLE_FILL_AREA(#6625);
#6625 = FILL_AREA_STYLE('',(#6626));
#6626 = FILL_AREA_STYLE_COLOUR('',#6598);
#6627 = OVER_RIDING_STYLED_ITEM('overriding color',(#6628),#2478,#6580);
#6628 = PRESENTATION_STYLE_ASSIGNMENT((#6629));
#6629 = SURFACE_STYLE_USAGE(.BOTH.,#6630);
#6630 = SURFACE_SIDE_STYLE('',(#6631));
#6631 = SURFACE_STYLE_FILL_AREA(#6632);
#6632 = FILL_AREA_STYLE('',(#6633));
#6633 = FILL_AREA_STYLE_COLOUR('',#6598);
#6634 = OVER_RIDING_STYLED_ITEM('overriding color',(#6635),#3130,#6580);
#6635 = PRESENTATION_STYLE_ASSIGNMENT((#6636));
#6636 = SURFACE_STYLE_USAGE(.BOTH.,#6637);
#6637 = SURFACE_SIDE_STYLE('',(#6638));
#6638 = SURFACE_STYLE_FILL_AREA(#6639);
#6639 = FILL_AREA_STYLE('',(#6640));
#6640 = FILL_AREA_STYLE_COLOUR('',#6598);
#6641 = OVER_RIDING_STYLED_ITEM('overriding color',(#6642),#3227,#6580);
#6642 = PRESENTATION_STYLE_ASSIGNMENT((#6643));
#6643 = SURFACE_STYLE_USAGE(.BOTH.,#6644);
#6644 = SURFACE_SIDE_STYLE('',(#6645));
#6645 = SURFACE_STYLE_FILL_AREA(#6646);
#6646 = FILL_AREA_STYLE('',(#6647));
#6647 = FILL_AREA_STYLE_COLOUR('',#6598);
#6648 = OVER_RIDING_STYLED_ITEM('overriding color',(#6649),#3249,#6580);
#6649 = PRESENTATION_STYLE_ASSIGNMENT((#6650));
#6650 = SURFACE_STYLE_USAGE(.BOTH.,#6651);
#6651 = SURFACE_SIDE_STYLE('',(#6652));
#6652 = SURFACE_STYLE_FILL_AREA(#6653);
#6653 = FILL_AREA_STYLE('',(#6654));
#6654 = FILL_AREA_STYLE_COLOUR('',#6598);
#6655 = OVER_RIDING_STYLED_ITEM('overriding color',(#6656),#3266,#6580);
#6656 = PRESENTATION_STYLE_ASSIGNMENT((#6657));
#6657 = SURFACE_STYLE_USAGE(.BOTH.,#6658);
#6658 = SURFACE_SIDE_STYLE('',(#6659));
#6659 = SURFACE_STYLE_FILL_AREA(#6660);
#6660 = FILL_AREA_STYLE('',(#6661));
#6661 = FILL_AREA_STYLE_COLOUR('',#6598);
#6662 = OVER_RIDING_STYLED_ITEM('overriding color',(#6663),#3283,#6580);
#6663 = PRESENTATION_STYLE_ASSIGNMENT((#6664));
#6664 = SURFACE_STYLE_USAGE(.BOTH.,#6665);
#6665 = SURFACE_SIDE_STYLE('',(#6666));
#6666 = SURFACE_STYLE_FILL_AREA(#6667);
#6667 = FILL_AREA_STYLE('',(#6668));
#6668 = FILL_AREA_STYLE_COLOUR('',#6598);
#6669 = OVER_RIDING_STYLED_ITEM('overriding color',(#6670),#3305,#6580);
#6670 = PRESENTATION_STYLE_ASSIGNMENT((#6671));
#6671 = SURFACE_STYLE_USAGE(.BOTH.,#6672);
#6672 = SURFACE_SIDE_STYLE('',(#6673));
#6673 = SURFACE_STYLE_FILL_AREA(#6674);
#6674 = FILL_AREA_STYLE('',(#6675));
#6675 = FILL_AREA_STYLE_COLOUR('',#6598);
#6676 = OVER_RIDING_STYLED_ITEM('overriding color',(#6677),#3327,#6580);
#6677 = PRESENTATION_STYLE_ASSIGNMENT((#6678));
#6678 = SURFACE_STYLE_USAGE(.BOTH.,#6679);
#6679 = SURFACE_SIDE_STYLE('',(#6680));
#6680 = SURFACE_STYLE_FILL_AREA(#6681);
#6681 = FILL_AREA_STYLE('',(#6682));
#6682 = FILL_AREA_STYLE_COLOUR('',#6598);
#6683 = OVER_RIDING_STYLED_ITEM('overriding color',(#6684),#3349,#6580);
#6684 = PRESENTATION_STYLE_ASSIGNMENT((#6685));
#6685 = SURFACE_STYLE_USAGE(.BOTH.,#6686);
#6686 = SURFACE_SIDE_STYLE('',(#6687));
#6687 = SURFACE_STYLE_FILL_AREA(#6688);
#6688 = FILL_AREA_STYLE('',(#6689));
#6689 = FILL_AREA_STYLE_COLOUR('',#6598);
#6690 = OVER_RIDING_STYLED_ITEM('overriding color',(#6691),#3366,#6580);
#6691 = PRESENTATION_STYLE_ASSIGNMENT((#6692));
#6692 = SURFACE_STYLE_USAGE(.BOTH.,#6693);
#6693 = SURFACE_SIDE_STYLE('',(#6694));
#6694 = SURFACE_STYLE_FILL_AREA(#6695);
#6695 = FILL_AREA_STYLE('',(#6696));
#6696 = FILL_AREA_STYLE_COLOUR('',#6598);
#6697 = OVER_RIDING_STYLED_ITEM('overriding color',(#6698),#3388,#6580);
#6698 = PRESENTATION_STYLE_ASSIGNMENT((#6699));
#6699 = SURFACE_STYLE_USAGE(.BOTH.,#6700);
#6700 = SURFACE_SIDE_STYLE('',(#6701));
#6701 = SURFACE_STYLE_FILL_AREA(#6702);
#6702 = FILL_AREA_STYLE('',(#6703));
#6703 = FILL_AREA_STYLE_COLOUR('',#6598);
#6704 = OVER_RIDING_STYLED_ITEM('overriding color',(#6705),#3405,#6580);
#6705 = PRESENTATION_STYLE_ASSIGNMENT((#6706));
#6706 = SURFACE_STYLE_USAGE(.BOTH.,#6707);
#6707 = SURFACE_SIDE_STYLE('',(#6708));
#6708 = SURFACE_STYLE_FILL_AREA(#6709);
#6709 = FILL_AREA_STYLE('',(#6710));
#6710 = FILL_AREA_STYLE_COLOUR('',#6598);
#6711 = OVER_RIDING_STYLED_ITEM('overriding color',(#6712),#3518,#6580);
#6712 = PRESENTATION_STYLE_ASSIGNMENT((#6713));
#6713 = SURFACE_STYLE_USAGE(.BOTH.,#6714);
#6714 = SURFACE_SIDE_STYLE('',(#6715));
#6715 = SURFACE_STYLE_FILL_AREA(#6716);
#6716 = FILL_AREA_STYLE('',(#6717));
#6717 = FILL_AREA_STYLE_COLOUR('',#6598);
#6718 = OVER_RIDING_STYLED_ITEM('overriding color',(#6719),#3636,#6580);
#6719 = PRESENTATION_STYLE_ASSIGNMENT((#6720));
#6720 = SURFACE_STYLE_USAGE(.BOTH.,#6721);
#6721 = SURFACE_SIDE_STYLE('',(#6722));
#6722 = SURFACE_STYLE_FILL_AREA(#6723);
#6723 = FILL_AREA_STYLE('',(#6724));
#6724 = FILL_AREA_STYLE_COLOUR('',#6598);
#6725 = OVER_RIDING_STYLED_ITEM('overriding color',(#6726),#3653,#6580);
#6726 = PRESENTATION_STYLE_ASSIGNMENT((#6727));
#6727 = SURFACE_STYLE_USAGE(.BOTH.,#6728);
#6728 = SURFACE_SIDE_STYLE('',(#6729));
#6729 = SURFACE_STYLE_FILL_AREA(#6730);
#6730 = FILL_AREA_STYLE('',(#6731));
#6731 = FILL_AREA_STYLE_COLOUR('',#6598);
#6732 = OVER_RIDING_STYLED_ITEM('overriding color',(#6733),#3670,#6580);
#6733 = PRESENTATION_STYLE_ASSIGNMENT((#6734));
#6734 = SURFACE_STYLE_USAGE(.BOTH.,#6735);
#6735 = SURFACE_SIDE_STYLE('',(#6736));
#6736 = SURFACE_STYLE_FILL_AREA(#6737);
#6737 = FILL_AREA_STYLE('',(#6738));
#6738 = FILL_AREA_STYLE_COLOUR('',#6598);
#6739 = OVER_RIDING_STYLED_ITEM('overriding color',(#6740),#3687,#6580);
#6740 = PRESENTATION_STYLE_ASSIGNMENT((#6741));
#6741 = SURFACE_STYLE_USAGE(.BOTH.,#6742);
#6742 = SURFACE_SIDE_STYLE('',(#6743));
#6743 = SURFACE_STYLE_FILL_AREA(#6744);
#6744 = FILL_AREA_STYLE('',(#6745));
#6745 = FILL_AREA_STYLE_COLOUR('',#6598);
#6746 = OVER_RIDING_STYLED_ITEM('overriding color',(#6747),#3704,#6580);
#6747 = PRESENTATION_STYLE_ASSIGNMENT((#6748));
#6748 = SURFACE_STYLE_USAGE(.BOTH.,#6749);
#6749 = SURFACE_SIDE_STYLE('',(#6750));
#6750 = SURFACE_STYLE_FILL_AREA(#6751);
#6751 = FILL_AREA_STYLE('',(#6752));
#6752 = FILL_AREA_STYLE_COLOUR('',#6598);
#6753 = OVER_RIDING_STYLED_ITEM('overriding color',(#6754),#3726,#6580);
#6754 = PRESENTATION_STYLE_ASSIGNMENT((#6755));
#6755 = SURFACE_STYLE_USAGE(.BOTH.,#6756);
#6756 = SURFACE_SIDE_STYLE('',(#6757));
#6757 = SURFACE_STYLE_FILL_AREA(#6758);
#6758 = FILL_AREA_STYLE('',(#6759));
#6759 = FILL_AREA_STYLE_COLOUR('',#6598);
#6760 = OVER_RIDING_STYLED_ITEM('overriding color',(#6761),#3748,#6580);
#6761 = PRESENTATION_STYLE_ASSIGNMENT((#6762));
#6762 = SURFACE_STYLE_USAGE(.BOTH.,#6763);
#6763 = SURFACE_SIDE_STYLE('',(#6764));
#6764 = SURFACE_STYLE_FILL_AREA(#6765);
#6765 = FILL_AREA_STYLE('',(#6766));
#6766 = FILL_AREA_STYLE_COLOUR('',#6598);
#6767 = OVER_RIDING_STYLED_ITEM('overriding color',(#6768),#3765,#6580);
#6768 = PRESENTATION_STYLE_ASSIGNMENT((#6769));
#6769 = SURFACE_STYLE_USAGE(.BOTH.,#6770);
#6770 = SURFACE_SIDE_STYLE('',(#6771));
#6771 = SURFACE_STYLE_FILL_AREA(#6772);
#6772 = FILL_AREA_STYLE('',(#6773));
#6773 = FILL_AREA_STYLE_COLOUR('',#6598);
#6774 = OVER_RIDING_STYLED_ITEM('overriding color',(#6775),#3782,#6580);
#6775 = PRESENTATION_STYLE_ASSIGNMENT((#6776));
#6776 = SURFACE_STYLE_USAGE(.BOTH.,#6777);
#6777 = SURFACE_SIDE_STYLE('',(#6778));
#6778 = SURFACE_STYLE_FILL_AREA(#6779);
#6779 = FILL_AREA_STYLE('',(#6780));
#6780 = FILL_AREA_STYLE_COLOUR('',#6598);
#6781 = OVER_RIDING_STYLED_ITEM('overriding color',(#6782),#3804,#6580);
#6782 = PRESENTATION_STYLE_ASSIGNMENT((#6783));
#6783 = SURFACE_STYLE_USAGE(.BOTH.,#6784);
#6784 = SURFACE_SIDE_STYLE('',(#6785));
#6785 = SURFACE_STYLE_FILL_AREA(#6786);
#6786 = FILL_AREA_STYLE('',(#6787));
#6787 = FILL_AREA_STYLE_COLOUR('',#6598);
#6788 = OVER_RIDING_STYLED_ITEM('overriding color',(#6789),#3821,#6580);
#6789 = PRESENTATION_STYLE_ASSIGNMENT((#6790));
#6790 = SURFACE_STYLE_USAGE(.BOTH.,#6791);
#6791 = SURFACE_SIDE_STYLE('',(#6792));
#6792 = SURFACE_STYLE_FILL_AREA(#6793);
#6793 = FILL_AREA_STYLE('',(#6794));
#6794 = FILL_AREA_STYLE_COLOUR('',#6598);
#6795 = OVER_RIDING_STYLED_ITEM('overriding color',(#6796),#3838,#6580);
#6796 = PRESENTATION_STYLE_ASSIGNMENT((#6797));
#6797 = SURFACE_STYLE_USAGE(.BOTH.,#6798);
#6798 = SURFACE_SIDE_STYLE('',(#6799));
#6799 = SURFACE_STYLE_FILL_AREA(#6800);
#6800 = FILL_AREA_STYLE('',(#6801));
#6801 = FILL_AREA_STYLE_COLOUR('',#6598);
#6802 = OVER_RIDING_STYLED_ITEM('overriding color',(#6803),#3860,#6580);
#6803 = PRESENTATION_STYLE_ASSIGNMENT((#6804));
#6804 = SURFACE_STYLE_USAGE(.BOTH.,#6805);
#6805 = SURFACE_SIDE_STYLE('',(#6806));
#6806 = SURFACE_STYLE_FILL_AREA(#6807);
#6807 = FILL_AREA_STYLE('',(#6808));
#6808 = FILL_AREA_STYLE_COLOUR('',#6598);
#6809 = OVER_RIDING_STYLED_ITEM('overriding color',(#6810),#3882,#6580);
#6810 = PRESENTATION_STYLE_ASSIGNMENT((#6811));
#6811 = SURFACE_STYLE_USAGE(.BOTH.,#6812);
#6812 = SURFACE_SIDE_STYLE('',(#6813));
#6813 = SURFACE_STYLE_FILL_AREA(#6814);
#6814 = FILL_AREA_STYLE('',(#6815));
#6815 = FILL_AREA_STYLE_COLOUR('',#6598);
#6816 = OVER_RIDING_STYLED_ITEM('overriding color',(#6817),#3936,#6580);
#6817 = PRESENTATION_STYLE_ASSIGNMENT((#6818));
#6818 = SURFACE_STYLE_USAGE(.BOTH.,#6819);
#6819 = SURFACE_SIDE_STYLE('',(#6820));
#6820 = SURFACE_STYLE_FILL_AREA(#6821);
#6821 = FILL_AREA_STYLE('',(#6822));
#6822 = FILL_AREA_STYLE_COLOUR('',#6598);
#6823 = OVER_RIDING_STYLED_ITEM('overriding color',(#6824),#3980,#6580);
#6824 = PRESENTATION_STYLE_ASSIGNMENT((#6825));
#6825 = SURFACE_STYLE_USAGE(.BOTH.,#6826);
#6826 = SURFACE_SIDE_STYLE('',(#6827));
#6827 = SURFACE_STYLE_FILL_AREA(#6828);
#6828 = FILL_AREA_STYLE('',(#6829));
#6829 = FILL_AREA_STYLE_COLOUR('',#6598);
#6830 = OVER_RIDING_STYLED_ITEM('overriding color',(#6831),#4045,#6580);
#6831 = PRESENTATION_STYLE_ASSIGNMENT((#6832));
#6832 = SURFACE_STYLE_USAGE(.BOTH.,#6833);
#6833 = SURFACE_SIDE_STYLE('',(#6834));
#6834 = SURFACE_STYLE_FILL_AREA(#6835);
#6835 = FILL_AREA_STYLE('',(#6836));
#6836 = FILL_AREA_STYLE_COLOUR('',#6598);
#6837 = OVER_RIDING_STYLED_ITEM('overriding color',(#6838),#4158,#6580);
#6838 = PRESENTATION_STYLE_ASSIGNMENT((#6839));
#6839 = SURFACE_STYLE_USAGE(.BOTH.,#6840);
#6840 = SURFACE_SIDE_STYLE('',(#6841));
#6841 = SURFACE_STYLE_FILL_AREA(#6842);
#6842 = FILL_AREA_STYLE('',(#6843));
#6843 = FILL_AREA_STYLE_COLOUR('',#6598);
#6844 = OVER_RIDING_STYLED_ITEM('overriding color',(#6845),#4276,#6580);
#6845 = PRESENTATION_STYLE_ASSIGNMENT((#6846));
#6846 = SURFACE_STYLE_USAGE(.BOTH.,#6847);
#6847 = SURFACE_SIDE_STYLE('',(#6848));
#6848 = SURFACE_STYLE_FILL_AREA(#6849);
#6849 = FILL_AREA_STYLE('',(#6850));
#6850 = FILL_AREA_STYLE_COLOUR('',#6598);
#6851 = OVER_RIDING_STYLED_ITEM('overriding color',(#6852),#4361,#6580);
#6852 = PRESENTATION_STYLE_ASSIGNMENT((#6853));
#6853 = SURFACE_STYLE_USAGE(.BOTH.,#6854);
#6854 = SURFACE_SIDE_STYLE('',(#6855));
#6855 = SURFACE_STYLE_FILL_AREA(#6856);
#6856 = FILL_AREA_STYLE('',(#6857));
#6857 = FILL_AREA_STYLE_COLOUR('',#6598);
#6858 = OVER_RIDING_STYLED_ITEM('overriding color',(#6859),#4385,#6580);
#6859 = PRESENTATION_STYLE_ASSIGNMENT((#6860));
#6860 = SURFACE_STYLE_USAGE(.BOTH.,#6861);
#6861 = SURFACE_SIDE_STYLE('',(#6862));
#6862 = SURFACE_STYLE_FILL_AREA(#6863);
#6863 = FILL_AREA_STYLE('',(#6864));
#6864 = FILL_AREA_STYLE_COLOUR('',#6598);
#6865 = OVER_RIDING_STYLED_ITEM('overriding color',(#6866),#4417,#6580);
#6866 = PRESENTATION_STYLE_ASSIGNMENT((#6867));
#6867 = SURFACE_STYLE_USAGE(.BOTH.,#6868);
#6868 = SURFACE_SIDE_STYLE('',(#6869));
#6869 = SURFACE_STYLE_FILL_AREA(#6870);
#6870 = FILL_AREA_STYLE('',(#6871));
#6871 = FILL_AREA_STYLE_COLOUR('',#6598);
#6872 = OVER_RIDING_STYLED_ITEM('overriding color',(#6873),#4473,#6580);
#6873 = PRESENTATION_STYLE_ASSIGNMENT((#6874));
#6874 = SURFACE_STYLE_USAGE(.BOTH.,#6875);
#6875 = SURFACE_SIDE_STYLE('',(#6876));
#6876 = SURFACE_STYLE_FILL_AREA(#6877);
#6877 = FILL_AREA_STYLE('',(#6878));
#6878 = FILL_AREA_STYLE_COLOUR('',#6598);
#6879 = OVER_RIDING_STYLED_ITEM('overriding color',(#6880),#4495,#6580);
#6880 = PRESENTATION_STYLE_ASSIGNMENT((#6881));
#6881 = SURFACE_STYLE_USAGE(.BOTH.,#6882);
#6882 = SURFACE_SIDE_STYLE('',(#6883));
#6883 = SURFACE_STYLE_FILL_AREA(#6884);
#6884 = FILL_AREA_STYLE('',(#6885));
#6885 = FILL_AREA_STYLE_COLOUR('',#6598);
#6886 = OVER_RIDING_STYLED_ITEM('overriding color',(#6887),#4517,#6580);
#6887 = PRESENTATION_STYLE_ASSIGNMENT((#6888));
#6888 = SURFACE_STYLE_USAGE(.BOTH.,#6889);
#6889 = SURFACE_SIDE_STYLE('',(#6890));
#6890 = SURFACE_STYLE_FILL_AREA(#6891);
#6891 = FILL_AREA_STYLE('',(#6892));
#6892 = FILL_AREA_STYLE_COLOUR('',#6598);
#6893 = OVER_RIDING_STYLED_ITEM('overriding color',(#6894),#4539,#6580);
#6894 = PRESENTATION_STYLE_ASSIGNMENT((#6895));
#6895 = SURFACE_STYLE_USAGE(.BOTH.,#6896);
#6896 = SURFACE_SIDE_STYLE('',(#6897));
#6897 = SURFACE_STYLE_FILL_AREA(#6898);
#6898 = FILL_AREA_STYLE('',(#6899));
#6899 = FILL_AREA_STYLE_COLOUR('',#6598);
#6900 = OVER_RIDING_STYLED_ITEM('overriding color',(#6901),#4556,#6580);
#6901 = PRESENTATION_STYLE_ASSIGNMENT((#6902));
#6902 = SURFACE_STYLE_USAGE(.BOTH.,#6903);
#6903 = SURFACE_SIDE_STYLE('',(#6904));
#6904 = SURFACE_STYLE_FILL_AREA(#6905);
#6905 = FILL_AREA_STYLE('',(#6906));
#6906 = FILL_AREA_STYLE_COLOUR('',#6598);
#6907 = OVER_RIDING_STYLED_ITEM('overriding color',(#6908),#4573,#6580);
#6908 = PRESENTATION_STYLE_ASSIGNMENT((#6909));
#6909 = SURFACE_STYLE_USAGE(.BOTH.,#6910);
#6910 = SURFACE_SIDE_STYLE('',(#6911));
#6911 = SURFACE_STYLE_FILL_AREA(#6912);
#6912 = FILL_AREA_STYLE('',(#6913));
#6913 = FILL_AREA_STYLE_COLOUR('',#6598);
#6914 = OVER_RIDING_STYLED_ITEM('overriding color',(#6915),#4605,#6580);
#6915 = PRESENTATION_STYLE_ASSIGNMENT((#6916));
#6916 = SURFACE_STYLE_USAGE(.BOTH.,#6917);
#6917 = SURFACE_SIDE_STYLE('',(#6918));
#6918 = SURFACE_STYLE_FILL_AREA(#6919);
#6919 = FILL_AREA_STYLE('',(#6920));
#6920 = FILL_AREA_STYLE_COLOUR('',#6598);
#6921 = OVER_RIDING_STYLED_ITEM('overriding color',(#6922),#4629,#6580);
#6922 = PRESENTATION_STYLE_ASSIGNMENT((#6923));
#6923 = SURFACE_STYLE_USAGE(.BOTH.,#6924);
#6924 = SURFACE_SIDE_STYLE('',(#6925));
#6925 = SURFACE_STYLE_FILL_AREA(#6926);
#6926 = FILL_AREA_STYLE('',(#6927));
#6927 = FILL_AREA_STYLE_COLOUR('',#6598);
#6928 = OVER_RIDING_STYLED_ITEM('overriding color',(#6929),#4653,#6580);
#6929 = PRESENTATION_STYLE_ASSIGNMENT((#6930));
#6930 = SURFACE_STYLE_USAGE(.BOTH.,#6931);
#6931 = SURFACE_SIDE_STYLE('',(#6932));
#6932 = SURFACE_STYLE_FILL_AREA(#6933);
#6933 = FILL_AREA_STYLE('',(#6934));
#6934 = FILL_AREA_STYLE_COLOUR('',#6598);
#6935 = OVER_RIDING_STYLED_ITEM('overriding color',(#6936),#4811,#6580);
#6936 = PRESENTATION_STYLE_ASSIGNMENT((#6937));
#6937 = SURFACE_STYLE_USAGE(.BOTH.,#6938);
#6938 = SURFACE_SIDE_STYLE('',(#6939));
#6939 = SURFACE_STYLE_FILL_AREA(#6940);
#6940 = FILL_AREA_STYLE('',(#6941));
#6941 = FILL_AREA_STYLE_COLOUR('',#6598);
#6942 = OVER_RIDING_STYLED_ITEM('overriding color',(#6943),#4828,#6580);
#6943 = PRESENTATION_STYLE_ASSIGNMENT((#6944));
#6944 = SURFACE_STYLE_USAGE(.BOTH.,#6945);
#6945 = SURFACE_SIDE_STYLE('',(#6946));
#6946 = SURFACE_STYLE_FILL_AREA(#6947);
#6947 = FILL_AREA_STYLE('',(#6948));
#6948 = FILL_AREA_STYLE_COLOUR('',#6598);
#6949 = OVER_RIDING_STYLED_ITEM('overriding color',(#6950),#4845,#6580);
#6950 = PRESENTATION_STYLE_ASSIGNMENT((#6951));
#6951 = SURFACE_STYLE_USAGE(.BOTH.,#6952);
#6952 = SURFACE_SIDE_STYLE('',(#6953));
#6953 = SURFACE_STYLE_FILL_AREA(#6954);
#6954 = FILL_AREA_STYLE('',(#6955));
#6955 = FILL_AREA_STYLE_COLOUR('',#6598);
#6956 = OVER_RIDING_STYLED_ITEM('overriding color',(#6957),#4857,#6580);
#6957 = PRESENTATION_STYLE_ASSIGNMENT((#6958));
#6958 = SURFACE_STYLE_USAGE(.BOTH.,#6959);
#6959 = SURFACE_SIDE_STYLE('',(#6960));
#6960 = SURFACE_STYLE_FILL_AREA(#6961);
#6961 = FILL_AREA_STYLE('',(#6962));
#6962 = FILL_AREA_STYLE_COLOUR('',#6598);
#6963 = OVER_RIDING_STYLED_ITEM('overriding color',(#6964),#4869,#6580);
#6964 = PRESENTATION_STYLE_ASSIGNMENT((#6965));
#6965 = SURFACE_STYLE_USAGE(.BOTH.,#6966);
#6966 = SURFACE_SIDE_STYLE('',(#6967));
#6967 = SURFACE_STYLE_FILL_AREA(#6968);
#6968 = FILL_AREA_STYLE('',(#6969));
#6969 = FILL_AREA_STYLE_COLOUR('',#6598);
#6970 = OVER_RIDING_STYLED_ITEM('overriding color',(#6971),#4881,#6580);
#6971 = PRESENTATION_STYLE_ASSIGNMENT((#6972));
#6972 = SURFACE_STYLE_USAGE(.BOTH.,#6973);
#6973 = SURFACE_SIDE_STYLE('',(#6974));
#6974 = SURFACE_STYLE_FILL_AREA(#6975);
#6975 = FILL_AREA_STYLE('',(#6976));
#6976 = FILL_AREA_STYLE_COLOUR('',#6598);
#6977 = OVER_RIDING_STYLED_ITEM('overriding color',(#6978),#4893,#6580);
#6978 = PRESENTATION_STYLE_ASSIGNMENT((#6979));
#6979 = SURFACE_STYLE_USAGE(.BOTH.,#6980);
#6980 = SURFACE_SIDE_STYLE('',(#6981));
#6981 = SURFACE_STYLE_FILL_AREA(#6982);
#6982 = FILL_AREA_STYLE('',(#6983));
#6983 = FILL_AREA_STYLE_COLOUR('',#6598);
#6984 = OVER_RIDING_STYLED_ITEM('overriding color',(#6985),#4910,#6580);
#6985 = PRESENTATION_STYLE_ASSIGNMENT((#6986));
#6986 = SURFACE_STYLE_USAGE(.BOTH.,#6987);
#6987 = SURFACE_SIDE_STYLE('',(#6988));
#6988 = SURFACE_STYLE_FILL_AREA(#6989);
#6989 = FILL_AREA_STYLE('',(#6990));
#6990 = FILL_AREA_STYLE_COLOUR('',#6598);
#6991 = OVER_RIDING_STYLED_ITEM('overriding color',(#6992),#4922,#6580);
#6992 = PRESENTATION_STYLE_ASSIGNMENT((#6993));
#6993 = SURFACE_STYLE_USAGE(.BOTH.,#6994);
#6994 = SURFACE_SIDE_STYLE('',(#6995));
#6995 = SURFACE_STYLE_FILL_AREA(#6996);
#6996 = FILL_AREA_STYLE('',(#6997));
#6997 = FILL_AREA_STYLE_COLOUR('',#6598);
#6998 = OVER_RIDING_STYLED_ITEM('overriding color',(#6999),#4968,#6580);
#6999 = PRESENTATION_STYLE_ASSIGNMENT((#7000));
#7000 = SURFACE_STYLE_USAGE(.BOTH.,#7001);
#7001 = SURFACE_SIDE_STYLE('',(#7002));
#7002 = SURFACE_STYLE_FILL_AREA(#7003);
#7003 = FILL_AREA_STYLE('',(#7004));
#7004 = FILL_AREA_STYLE_COLOUR('',#6598);
#7005 = OVER_RIDING_STYLED_ITEM('overriding color',(#7006),#4985,#6580);
#7006 = PRESENTATION_STYLE_ASSIGNMENT((#7007));
#7007 = SURFACE_STYLE_USAGE(.BOTH.,#7008);
#7008 = SURFACE_SIDE_STYLE('',(#7009));
#7009 = SURFACE_STYLE_FILL_AREA(#7010);
#7010 = FILL_AREA_STYLE('',(#7011));
#7011 = FILL_AREA_STYLE_COLOUR('',#6598);
#7012 = OVER_RIDING_STYLED_ITEM('overriding color',(#7013),#5002,#6580);
#7013 = PRESENTATION_STYLE_ASSIGNMENT((#7014));
#7014 = SURFACE_STYLE_USAGE(.BOTH.,#7015);
#7015 = SURFACE_SIDE_STYLE('',(#7016));
#7016 = SURFACE_STYLE_FILL_AREA(#7017);
#7017 = FILL_AREA_STYLE('',(#7018));
#7018 = FILL_AREA_STYLE_COLOUR('',#6598);
#7019 = OVER_RIDING_STYLED_ITEM('overriding color',(#7020),#5019,#6580);
#7020 = PRESENTATION_STYLE_ASSIGNMENT((#7021));
#7021 = SURFACE_STYLE_USAGE(.BOTH.,#7022);
#7022 = SURFACE_SIDE_STYLE('',(#7023));
#7023 = SURFACE_STYLE_FILL_AREA(#7024);
#7024 = FILL_AREA_STYLE('',(#7025));
#7025 = FILL_AREA_STYLE_COLOUR('',#6598);
#7026 = OVER_RIDING_STYLED_ITEM('overriding color',(#7027),#5065,#6580);
#7027 = PRESENTATION_STYLE_ASSIGNMENT((#7028));
#7028 = SURFACE_STYLE_USAGE(.BOTH.,#7029);
#7029 = SURFACE_SIDE_STYLE('',(#7030));
#7030 = SURFACE_STYLE_FILL_AREA(#7031);
#7031 = FILL_AREA_STYLE('',(#7032));
#7032 = FILL_AREA_STYLE_COLOUR('',#6598);
#7033 = OVER_RIDING_STYLED_ITEM('overriding color',(#7034),#5164,#6580);
#7034 = PRESENTATION_STYLE_ASSIGNMENT((#7035));
#7035 = SURFACE_STYLE_USAGE(.BOTH.,#7036);
#7036 = SURFACE_SIDE_STYLE('',(#7037));
#7037 = SURFACE_STYLE_FILL_AREA(#7038);
#7038 = FILL_AREA_STYLE('',(#7039));
#7039 = FILL_AREA_STYLE_COLOUR('',#6598);
#7040 = OVER_RIDING_STYLED_ITEM('overriding color',(#7041),#5210,#6580);
#7041 = PRESENTATION_STYLE_ASSIGNMENT((#7042));
#7042 = SURFACE_STYLE_USAGE(.BOTH.,#7043);
#7043 = SURFACE_SIDE_STYLE('',(#7044));
#7044 = SURFACE_STYLE_FILL_AREA(#7045);
#7045 = FILL_AREA_STYLE('',(#7046));
#7046 = FILL_AREA_STYLE_COLOUR('',#6598);
#7047 = OVER_RIDING_STYLED_ITEM('overriding color',(#7048),#5222,#6580);
#7048 = PRESENTATION_STYLE_ASSIGNMENT((#7049));
#7049 = SURFACE_STYLE_USAGE(.BOTH.,#7050);
#7050 = SURFACE_SIDE_STYLE('',(#7051));
#7051 = SURFACE_STYLE_FILL_AREA(#7052);
#7052 = FILL_AREA_STYLE('',(#7053));
#7053 = FILL_AREA_STYLE_COLOUR('',#6598);
#7054 = OVER_RIDING_STYLED_ITEM('overriding color',(#7055),#5234,#6580);
#7055 = PRESENTATION_STYLE_ASSIGNMENT((#7056));
#7056 = SURFACE_STYLE_USAGE(.BOTH.,#7057);
#7057 = SURFACE_SIDE_STYLE('',(#7058));
#7058 = SURFACE_STYLE_FILL_AREA(#7059);
#7059 = FILL_AREA_STYLE('',(#7060));
#7060 = FILL_AREA_STYLE_COLOUR('',#6598);
#7061 = OVER_RIDING_STYLED_ITEM('overriding color',(#7062),#5246,#6580);
#7062 = PRESENTATION_STYLE_ASSIGNMENT((#7063));
#7063 = SURFACE_STYLE_USAGE(.BOTH.,#7064);
#7064 = SURFACE_SIDE_STYLE('',(#7065));
#7065 = SURFACE_STYLE_FILL_AREA(#7066);
#7066 = FILL_AREA_STYLE('',(#7067));
#7067 = FILL_AREA_STYLE_COLOUR('',#6598);
#7068 = OVER_RIDING_STYLED_ITEM('overriding color',(#7069),#5258,#6580);
#7069 = PRESENTATION_STYLE_ASSIGNMENT((#7070));
#7070 = SURFACE_STYLE_USAGE(.BOTH.,#7071);
#7071 = SURFACE_SIDE_STYLE('',(#7072));
#7072 = SURFACE_STYLE_FILL_AREA(#7073);
#7073 = FILL_AREA_STYLE('',(#7074));
#7074 = FILL_AREA_STYLE_COLOUR('',#6598);
#7075 = OVER_RIDING_STYLED_ITEM('overriding color',(#7076),#5270,#6580);
#7076 = PRESENTATION_STYLE_ASSIGNMENT((#7077));
#7077 = SURFACE_STYLE_USAGE(.BOTH.,#7078);
#7078 = SURFACE_SIDE_STYLE('',(#7079));
#7079 = SURFACE_STYLE_FILL_AREA(#7080);
#7080 = FILL_AREA_STYLE('',(#7081));
#7081 = FILL_AREA_STYLE_COLOUR('',#6598);
#7082 = OVER_RIDING_STYLED_ITEM('overriding color',(#7083),#5282,#6580);
#7083 = PRESENTATION_STYLE_ASSIGNMENT((#7084));
#7084 = SURFACE_STYLE_USAGE(.BOTH.,#7085);
#7085 = SURFACE_SIDE_STYLE('',(#7086));
#7086 = SURFACE_STYLE_FILL_AREA(#7087);
#7087 = FILL_AREA_STYLE('',(#7088));
#7088 = FILL_AREA_STYLE_COLOUR('',#6598);
#7089 = OVER_RIDING_STYLED_ITEM('overriding color',(#7090),#5311,#6580);
#7090 = PRESENTATION_STYLE_ASSIGNMENT((#7091));
#7091 = SURFACE_STYLE_USAGE(.BOTH.,#7092);
#7092 = SURFACE_SIDE_STYLE('',(#7093));
#7093 = SURFACE_STYLE_FILL_AREA(#7094);
#7094 = FILL_AREA_STYLE('',(#7095));
#7095 = FILL_AREA_STYLE_COLOUR('',#6598);
#7096 = OVER_RIDING_STYLED_ITEM('overriding color',(#7097),#5323,#6580);
#7097 = PRESENTATION_STYLE_ASSIGNMENT((#7098));
#7098 = SURFACE_STYLE_USAGE(.BOTH.,#7099);
#7099 = SURFACE_SIDE_STYLE('',(#7100));
#7100 = SURFACE_STYLE_FILL_AREA(#7101);
#7101 = FILL_AREA_STYLE('',(#7102));
#7102 = FILL_AREA_STYLE_COLOUR('',#6598);
#7103 = OVER_RIDING_STYLED_ITEM('overriding color',(#7104),#5335,#6580);
#7104 = PRESENTATION_STYLE_ASSIGNMENT((#7105));
#7105 = SURFACE_STYLE_USAGE(.BOTH.,#7106);
#7106 = SURFACE_SIDE_STYLE('',(#7107));
#7107 = SURFACE_STYLE_FILL_AREA(#7108);
#7108 = FILL_AREA_STYLE('',(#7109));
#7109 = FILL_AREA_STYLE_COLOUR('',#6598);
#7110 = OVER_RIDING_STYLED_ITEM('overriding color',(#7111),#5352,#6580);
#7111 = PRESENTATION_STYLE_ASSIGNMENT((#7112));
#7112 = SURFACE_STYLE_USAGE(.BOTH.,#7113);
#7113 = SURFACE_SIDE_STYLE('',(#7114));
#7114 = SURFACE_STYLE_FILL_AREA(#7115);
#7115 = FILL_AREA_STYLE('',(#7116));
#7116 = FILL_AREA_STYLE_COLOUR('',#6598);
#7117 = OVER_RIDING_STYLED_ITEM('overriding color',(#7118),#5364,#6580);
#7118 = PRESENTATION_STYLE_ASSIGNMENT((#7119));
#7119 = SURFACE_STYLE_USAGE(.BOTH.,#7120);
#7120 = SURFACE_SIDE_STYLE('',(#7121));
#7121 = SURFACE_STYLE_FILL_AREA(#7122);
#7122 = FILL_AREA_STYLE('',(#7123));
#7123 = FILL_AREA_STYLE_COLOUR('',#6598);
#7124 = OVER_RIDING_STYLED_ITEM('overriding color',(#7125),#5381,#6580);
#7125 = PRESENTATION_STYLE_ASSIGNMENT((#7126));
#7126 = SURFACE_STYLE_USAGE(.BOTH.,#7127);
#7127 = SURFACE_SIDE_STYLE('',(#7128));
#7128 = SURFACE_STYLE_FILL_AREA(#7129);
#7129 = FILL_AREA_STYLE('',(#7130));
#7130 = FILL_AREA_STYLE_COLOUR('',#6598);
#7131 = OVER_RIDING_STYLED_ITEM('overriding color',(#7132),#5393,#6580);
#7132 = PRESENTATION_STYLE_ASSIGNMENT((#7133));
#7133 = SURFACE_STYLE_USAGE(.BOTH.,#7134);
#7134 = SURFACE_SIDE_STYLE('',(#7135));
#7135 = SURFACE_STYLE_FILL_AREA(#7136);
#7136 = FILL_AREA_STYLE('',(#7137));
#7137 = FILL_AREA_STYLE_COLOUR('',#6598);
#7138 = OVER_RIDING_STYLED_ITEM('overriding color',(#7139),#5410,#6580);
#7139 = PRESENTATION_STYLE_ASSIGNMENT((#7140));
#7140 = SURFACE_STYLE_USAGE(.BOTH.,#7141);
#7141 = SURFACE_SIDE_STYLE('',(#7142));
#7142 = SURFACE_STYLE_FILL_AREA(#7143);
#7143 = FILL_AREA_STYLE('',(#7144));
#7144 = FILL_AREA_STYLE_COLOUR('',#6598);
#7145 = OVER_RIDING_STYLED_ITEM('overriding color',(#7146),#5422,#6580);
#7146 = PRESENTATION_STYLE_ASSIGNMENT((#7147));
#7147 = SURFACE_STYLE_USAGE(.BOTH.,#7148);
#7148 = SURFACE_SIDE_STYLE('',(#7149));
#7149 = SURFACE_STYLE_FILL_AREA(#7150);
#7150 = FILL_AREA_STYLE('',(#7151));
#7151 = FILL_AREA_STYLE_COLOUR('',#6598);
#7152 = OVER_RIDING_STYLED_ITEM('overriding color',(#7153),#5434,#6580);
#7153 = PRESENTATION_STYLE_ASSIGNMENT((#7154));
#7154 = SURFACE_STYLE_USAGE(.BOTH.,#7155);
#7155 = SURFACE_SIDE_STYLE('',(#7156));
#7156 = SURFACE_STYLE_FILL_AREA(#7157);
#7157 = FILL_AREA_STYLE('',(#7158));
#7158 = FILL_AREA_STYLE_COLOUR('',#6598);
#7159 = OVER_RIDING_STYLED_ITEM('overriding color',(#7160),#5514,#6580);
#7160 = PRESENTATION_STYLE_ASSIGNMENT((#7161));
#7161 = SURFACE_STYLE_USAGE(.BOTH.,#7162);
#7162 = SURFACE_SIDE_STYLE('',(#7163));
#7163 = SURFACE_STYLE_FILL_AREA(#7164);
#7164 = FILL_AREA_STYLE('',(#7165));
#7165 = FILL_AREA_STYLE_COLOUR('',#6598);
#7166 = OVER_RIDING_STYLED_ITEM('overriding color',(#7167),#5582,#6580);
#7167 = PRESENTATION_STYLE_ASSIGNMENT((#7168));
#7168 = SURFACE_STYLE_USAGE(.BOTH.,#7169);
#7169 = SURFACE_SIDE_STYLE('',(#7170));
#7170 = SURFACE_STYLE_FILL_AREA(#7171);
#7171 = FILL_AREA_STYLE('',(#7172));
#7172 = FILL_AREA_STYLE_COLOUR('',#6598);
#7173 = OVER_RIDING_STYLED_ITEM('overriding color',(#7174),#5594,#6580);
#7174 = PRESENTATION_STYLE_ASSIGNMENT((#7175));
#7175 = SURFACE_STYLE_USAGE(.BOTH.,#7176);
#7176 = SURFACE_SIDE_STYLE('',(#7177));
#7177 = SURFACE_STYLE_FILL_AREA(#7178);
#7178 = FILL_AREA_STYLE('',(#7179));
#7179 = FILL_AREA_STYLE_COLOUR('',#6598);
#7180 = OVER_RIDING_STYLED_ITEM('overriding color',(#7181),#5606,#6580);
#7181 = PRESENTATION_STYLE_ASSIGNMENT((#7182));
#7182 = SURFACE_STYLE_USAGE(.BOTH.,#7183);
#7183 = SURFACE_SIDE_STYLE('',(#7184));
#7184 = SURFACE_STYLE_FILL_AREA(#7185);
#7185 = FILL_AREA_STYLE('',(#7186));
#7186 = FILL_AREA_STYLE_COLOUR('',#6598);
#7187 = OVER_RIDING_STYLED_ITEM('overriding color',(#7188),#5635,#6580);
#7188 = PRESENTATION_STYLE_ASSIGNMENT((#7189));
#7189 = SURFACE_STYLE_USAGE(.BOTH.,#7190);
#7190 = SURFACE_SIDE_STYLE('',(#7191));
#7191 = SURFACE_STYLE_FILL_AREA(#7192);
#7192 = FILL_AREA_STYLE('',(#7193));
#7193 = FILL_AREA_STYLE_COLOUR('',#6598);
#7194 = OVER_RIDING_STYLED_ITEM('overriding color',(#7195),#5674,#6580);
#7195 = PRESENTATION_STYLE_ASSIGNMENT((#7196));
#7196 = SURFACE_STYLE_USAGE(.BOTH.,#7197);
#7197 = SURFACE_SIDE_STYLE('',(#7198));
#7198 = SURFACE_STYLE_FILL_AREA(#7199);
#7199 = FILL_AREA_STYLE('',(#7200));
#7200 = FILL_AREA_STYLE_COLOUR('',#6598);
#7201 = OVER_RIDING_STYLED_ITEM('overriding color',(#7202),#5765,#6580);
#7202 = PRESENTATION_STYLE_ASSIGNMENT((#7203));
#7203 = SURFACE_STYLE_USAGE(.BOTH.,#7204);
#7204 = SURFACE_SIDE_STYLE('',(#7205));
#7205 = SURFACE_STYLE_FILL_AREA(#7206);
#7206 = FILL_AREA_STYLE('',(#7207));
#7207 = FILL_AREA_STYLE_COLOUR('',#6598);
#7208 = OVER_RIDING_STYLED_ITEM('overriding color',(#7209),#5782,#6580);
#7209 = PRESENTATION_STYLE_ASSIGNMENT((#7210));
#7210 = SURFACE_STYLE_USAGE(.BOTH.,#7211);
#7211 = SURFACE_SIDE_STYLE('',(#7212));
#7212 = SURFACE_STYLE_FILL_AREA(#7213);
#7213 = FILL_AREA_STYLE('',(#7214));
#7214 = FILL_AREA_STYLE_COLOUR('',#6598);
#7215 = OVER_RIDING_STYLED_ITEM('overriding color',(#7216),#5799,#6580);
#7216 = PRESENTATION_STYLE_ASSIGNMENT((#7217));
#7217 = SURFACE_STYLE_USAGE(.BOTH.,#7218);
#7218 = SURFACE_SIDE_STYLE('',(#7219));
#7219 = SURFACE_STYLE_FILL_AREA(#7220);
#7220 = FILL_AREA_STYLE('',(#7221));
#7221 = FILL_AREA_STYLE_COLOUR('',#6598);
#7222 = OVER_RIDING_STYLED_ITEM('overriding color',(#7223),#5873,#6580);
#7223 = PRESENTATION_STYLE_ASSIGNMENT((#7224));
#7224 = SURFACE_STYLE_USAGE(.BOTH.,#7225);
#7225 = SURFACE_SIDE_STYLE('',(#7226));
#7226 = SURFACE_STYLE_FILL_AREA(#7227);
#7227 = FILL_AREA_STYLE('',(#7228));
#7228 = FILL_AREA_STYLE_COLOUR('',#6598);
#7229 = OVER_RIDING_STYLED_ITEM('overriding color',(#7230),#5890,#6580);
#7230 = PRESENTATION_STYLE_ASSIGNMENT((#7231));
#7231 = SURFACE_STYLE_USAGE(.BOTH.,#7232);
#7232 = SURFACE_SIDE_STYLE('',(#7233));
#7233 = SURFACE_STYLE_FILL_AREA(#7234);
#7234 = FILL_AREA_STYLE('',(#7235));
#7235 = FILL_AREA_STYLE_COLOUR('',#6598);
#7236 = OVER_RIDING_STYLED_ITEM('overriding color',(#7237),#5976,#6580);
#7237 = PRESENTATION_STYLE_ASSIGNMENT((#7238));
#7238 = SURFACE_STYLE_USAGE(.BOTH.,#7239);
#7239 = SURFACE_SIDE_STYLE('',(#7240));
#7240 = SURFACE_STYLE_FILL_AREA(#7241);
#7241 = FILL_AREA_STYLE('',(#7242));
#7242 = FILL_AREA_STYLE_COLOUR('',#6598);
#7243 = OVER_RIDING_STYLED_ITEM('overriding color',(#7244),#5988,#6580);
#7244 = PRESENTATION_STYLE_ASSIGNMENT((#7245));
#7245 = SURFACE_STYLE_USAGE(.BOTH.,#7246);
#7246 = SURFACE_SIDE_STYLE('',(#7247));
#7247 = SURFACE_STYLE_FILL_AREA(#7248);
#7248 = FILL_AREA_STYLE('',(#7249));
#7249 = FILL_AREA_STYLE_COLOUR('',#6598);
#7250 = OVER_RIDING_STYLED_ITEM('overriding color',(#7251),#6000,#6580);
#7251 = PRESENTATION_STYLE_ASSIGNMENT((#7252));
#7252 = SURFACE_STYLE_USAGE(.BOTH.,#7253);
#7253 = SURFACE_SIDE_STYLE('',(#7254));
#7254 = SURFACE_STYLE_FILL_AREA(#7255);
#7255 = FILL_AREA_STYLE('',(#7256));
#7256 = FILL_AREA_STYLE_COLOUR('',#6598);
#7257 = OVER_RIDING_STYLED_ITEM('overriding color',(#7258),#6012,#6580);
#7258 = PRESENTATION_STYLE_ASSIGNMENT((#7259));
#7259 = SURFACE_STYLE_USAGE(.BOTH.,#7260);
#7260 = SURFACE_SIDE_STYLE('',(#7261));
#7261 = SURFACE_STYLE_FILL_AREA(#7262);
#7262 = FILL_AREA_STYLE('',(#7263));
#7263 = FILL_AREA_STYLE_COLOUR('',#6598);
#7264 = OVER_RIDING_STYLED_ITEM('overriding color',(#7265),#6024,#6580);
#7265 = PRESENTATION_STYLE_ASSIGNMENT((#7266));
#7266 = SURFACE_STYLE_USAGE(.BOTH.,#7267);
#7267 = SURFACE_SIDE_STYLE('',(#7268));
#7268 = SURFACE_STYLE_FILL_AREA(#7269);
#7269 = FILL_AREA_STYLE('',(#7270));
#7270 = FILL_AREA_STYLE_COLOUR('',#6598);
#7271 = OVER_RIDING_STYLED_ITEM('overriding color',(#7272),#6036,#6580);
#7272 = PRESENTATION_STYLE_ASSIGNMENT((#7273));
#7273 = SURFACE_STYLE_USAGE(.BOTH.,#7274);
#7274 = SURFACE_SIDE_STYLE('',(#7275));
#7275 = SURFACE_STYLE_FILL_AREA(#7276);
#7276 = FILL_AREA_STYLE('',(#7277));
#7277 = FILL_AREA_STYLE_COLOUR('',#6598);
#7278 = OVER_RIDING_STYLED_ITEM('overriding color',(#7279),#6064,#6580);
#7279 = PRESENTATION_STYLE_ASSIGNMENT((#7280));
#7280 = SURFACE_STYLE_USAGE(.BOTH.,#7281);
#7281 = SURFACE_SIDE_STYLE('',(#7282));
#7282 = SURFACE_STYLE_FILL_AREA(#7283);
#7283 = FILL_AREA_STYLE('',(#7284));
#7284 = FILL_AREA_STYLE_COLOUR('',#6598);
#7285 = OVER_RIDING_STYLED_ITEM('overriding color',(#7286),#6111,#6580);
#7286 = PRESENTATION_STYLE_ASSIGNMENT((#7287));
#7287 = SURFACE_STYLE_USAGE(.BOTH.,#7288);
#7288 = SURFACE_SIDE_STYLE('',(#7289));
#7289 = SURFACE_STYLE_FILL_AREA(#7290);
#7290 = FILL_AREA_STYLE('',(#7291));
#7291 = FILL_AREA_STYLE_COLOUR('',#6598);
#7292 = OVER_RIDING_STYLED_ITEM('overriding color',(#7293),#6195,#6580);
#7293 = PRESENTATION_STYLE_ASSIGNMENT((#7294));
#7294 = SURFACE_STYLE_USAGE(.BOTH.,#7295);
#7295 = SURFACE_SIDE_STYLE('',(#7296));
#7296 = SURFACE_STYLE_FILL_AREA(#7297);
#7297 = FILL_AREA_STYLE('',(#7298));
#7298 = FILL_AREA_STYLE_COLOUR('',#6598);
#7299 = OVER_RIDING_STYLED_ITEM('overriding color',(#7300),#6207,#6580);
#7300 = PRESENTATION_STYLE_ASSIGNMENT((#7301));
#7301 = SURFACE_STYLE_USAGE(.BOTH.,#7302);
#7302 = SURFACE_SIDE_STYLE('',(#7303));
#7303 = SURFACE_STYLE_FILL_AREA(#7304);
#7304 = FILL_AREA_STYLE('',(#7305));
#7305 = FILL_AREA_STYLE_COLOUR('',#6598);
#7306 = OVER_RIDING_STYLED_ITEM('overriding color',(#7307),#6219,#6580);
#7307 = PRESENTATION_STYLE_ASSIGNMENT((#7308));
#7308 = SURFACE_STYLE_USAGE(.BOTH.,#7309);
#7309 = SURFACE_SIDE_STYLE('',(#7310));
#7310 = SURFACE_STYLE_FILL_AREA(#7311);
#7311 = FILL_AREA_STYLE('',(#7312));
#7312 = FILL_AREA_STYLE_COLOUR('',#6598);
#7313 = OVER_RIDING_STYLED_ITEM('overriding color',(#7314),#6246,#6580);
#7314 = PRESENTATION_STYLE_ASSIGNMENT((#7315));
#7315 = SURFACE_STYLE_USAGE(.BOTH.,#7316);
#7316 = SURFACE_SIDE_STYLE('',(#7317));
#7317 = SURFACE_STYLE_FILL_AREA(#7318);
#7318 = FILL_AREA_STYLE('',(#7319));
#7319 = FILL_AREA_STYLE_COLOUR('',#6598);
#7320 = OVER_RIDING_STYLED_ITEM('overriding color',(#7321),#6258,#6580);
#7321 = PRESENTATION_STYLE_ASSIGNMENT((#7322));
#7322 = SURFACE_STYLE_USAGE(.BOTH.,#7323);
#7323 = SURFACE_SIDE_STYLE('',(#7324));
#7324 = SURFACE_STYLE_FILL_AREA(#7325);
#7325 = FILL_AREA_STYLE('',(#7326));
#7326 = FILL_AREA_STYLE_COLOUR('',#6598);
#7327 = OVER_RIDING_STYLED_ITEM('overriding color',(#7328),#6332,#6580);
#7328 = PRESENTATION_STYLE_ASSIGNMENT((#7329));
#7329 = SURFACE_STYLE_USAGE(.BOTH.,#7330);
#7330 = SURFACE_SIDE_STYLE('',(#7331));
#7331 = SURFACE_STYLE_FILL_AREA(#7332);
#7332 = FILL_AREA_STYLE('',(#7333));
#7333 = FILL_AREA_STYLE_COLOUR('',#6598);
#7334 = OVER_RIDING_STYLED_ITEM('overriding color',(#7335),#6344,#6580);
#7335 = PRESENTATION_STYLE_ASSIGNMENT((#7336));
#7336 = SURFACE_STYLE_USAGE(.BOTH.,#7337);
#7337 = SURFACE_SIDE_STYLE('',(#7338));
#7338 = SURFACE_STYLE_FILL_AREA(#7339);
#7339 = FILL_AREA_STYLE('',(#7340));
#7340 = FILL_AREA_STYLE_COLOUR('',#6598);
#7341 = OVER_RIDING_STYLED_ITEM('overriding color',(#7342),#6361,#6580);
#7342 = PRESENTATION_STYLE_ASSIGNMENT((#7343));
#7343 = SURFACE_STYLE_USAGE(.BOTH.,#7344);
#7344 = SURFACE_SIDE_STYLE('',(#7345));
#7345 = SURFACE_STYLE_FILL_AREA(#7346);
#7346 = FILL_AREA_STYLE('',(#7347));
#7347 = FILL_AREA_STYLE_COLOUR('',#6598);
#7348 = OVER_RIDING_STYLED_ITEM('overriding color',(#7349),#6373,#6580);
#7349 = PRESENTATION_STYLE_ASSIGNMENT((#7350));
#7350 = SURFACE_STYLE_USAGE(.BOTH.,#7351);
#7351 = SURFACE_SIDE_STYLE('',(#7352));
#7352 = SURFACE_STYLE_FILL_AREA(#7353);
#7353 = FILL_AREA_STYLE('',(#7354));
#7354 = FILL_AREA_STYLE_COLOUR('',#6598);
#7355 = OVER_RIDING_STYLED_ITEM('overriding color',(#7356),#6385,#6580);
#7356 = PRESENTATION_STYLE_ASSIGNMENT((#7357));
#7357 = SURFACE_STYLE_USAGE(.BOTH.,#7358);
#7358 = SURFACE_SIDE_STYLE('',(#7359));
#7359 = SURFACE_STYLE_FILL_AREA(#7360);
#7360 = FILL_AREA_STYLE('',(#7361));
#7361 = FILL_AREA_STYLE_COLOUR('',#6598);
#7362 = OVER_RIDING_STYLED_ITEM('overriding color',(#7363),#6426,#6580);
#7363 = PRESENTATION_STYLE_ASSIGNMENT((#7364));
#7364 = SURFACE_STYLE_USAGE(.BOTH.,#7365);
#7365 = SURFACE_SIDE_STYLE('',(#7366));
#7366 = SURFACE_STYLE_FILL_AREA(#7367);
#7367 = FILL_AREA_STYLE('',(#7368));
#7368 = FILL_AREA_STYLE_COLOUR('',#6598);
#7369 = OVER_RIDING_STYLED_ITEM('overriding color',(#7370),#6491,#6580);
#7370 = PRESENTATION_STYLE_ASSIGNMENT((#7371));
#7371 = SURFACE_STYLE_USAGE(.BOTH.,#7372);
#7372 = SURFACE_SIDE_STYLE('',(#7373));
#7373 = SURFACE_STYLE_FILL_AREA(#7374);
#7374 = FILL_AREA_STYLE('',(#7375));
#7375 = FILL_AREA_STYLE_COLOUR('',#6598);
#7376 = OVER_RIDING_STYLED_ITEM('overriding color',(#7377),#6520,#6580);
#7377 = PRESENTATION_STYLE_ASSIGNMENT((#7378));
#7378 = SURFACE_STYLE_USAGE(.BOTH.,#7379);
#7379 = SURFACE_SIDE_STYLE('',(#7380));
#7380 = SURFACE_STYLE_FILL_AREA(#7381);
#7381 = FILL_AREA_STYLE('',(#7382));
#7382 = FILL_AREA_STYLE_COLOUR('',#6598);
#7383 = OVER_RIDING_STYLED_ITEM('overriding color',(#7384),#6537,#6580);
#7384 = PRESENTATION_STYLE_ASSIGNMENT((#7385));
#7385 = SURFACE_STYLE_USAGE(.BOTH.,#7386);
#7386 = SURFACE_SIDE_STYLE('',(#7387));
#7387 = SURFACE_STYLE_FILL_AREA(#7388);
#7388 = FILL_AREA_STYLE('',(#7389));
#7389 = FILL_AREA_STYLE_COLOUR('',#6598);
#7390 = OVER_RIDING_STYLED_ITEM('overriding color',(#7391),#6549,#6580);
#7391 = PRESENTATION_STYLE_ASSIGNMENT((#7392));
#7392 = SURFACE_STYLE_USAGE(.BOTH.,#7393);
#7393 = SURFACE_SIDE_STYLE('',(#7394));
#7394 = SURFACE_STYLE_FILL_AREA(#7395);
#7395 = FILL_AREA_STYLE('',(#7396));
#7396 = FILL_AREA_STYLE_COLOUR('',#6598);
ENDSEC;
END-ISO-10303-21;
