ISO-10303-21;
HEADER;
FILE_DESCRIPTION(('FreeCAD Model'),'2;1');
FILE_NAME('Open CASCADE Shape Model','2026-09-03T22:05:50',('Author'),(
    ''),'Open CASCADE STEP processor 7.9','FreeCAD','Unknown');
FILE_SCHEMA(('AUTOMOTIVE_DESIGN { 1 0 10303 214 1 1 1 1 }'));
ENDSEC;
DATA;
#1 = APPLICATION_PROTOCOL_DEFINITION('international standard',
  'automotive_design',2000,#2);
#2 = APPLICATION_CONTEXT(
  'core data for automotive mechanical design processes');
#3 = SHAPE_DEFINITION_REPRESENTATION(#4,#10);
#4 = PRODUCT_DEFINITION_SHAPE('','',#5);
#5 = PRODUCT_DEFINITION('design','',#6,#9);
#6 = PRODUCT_DEFINITION_FORMATION('','',#7);
#7 = PRODUCT('Assembly','Assembly','',(#8));
#8 = PRODUCT_CONTEXT('',#2,'mechanical');
#9 = PRODUCT_DEFINITION_CONTEXT('part definition',#2,'design');
#10 = SHAPE_REPRESENTATION('',(#11,#15,#19),#23);
#11 = AXIS2_PLACEMENT_3D('',#12,#13,#14);
#12 = CARTESIAN_POINT('',(0.,0.,0.));
#13 = DIRECTION('',(0.,0.,1.));
#14 = DIRECTION('',(1.,0.,-0.));
#15 = AXIS2_PLACEMENT_3D('',#16,#17,#18);
#16 = CARTESIAN_POINT('',(11.259420394897,-3.050245285034,
    -20.11498815078));
#17 = DIRECTION('',(4.930380657631E-32,1.,2.22044604925E-16));
#18 = DIRECTION('',(0.,-2.22044604925E-16,1.));
#19 = AXIS2_PLACEMENT_3D('',#20,#21,#22);
#20 = CARTESIAN_POINT('',(11.259420394897,0.449754714966,-16.65088653564
    ));
#21 = DIRECTION('',(0.,0.,1.));
#22 = DIRECTION('',(1.,0.,0.));
#23 = ( GEOMETRIC_REPRESENTATION_CONTEXT(3) 
GLOBAL_UNCERTAINTY_ASSIGNED_CONTEXT((#27)) GLOBAL_UNIT_ASSIGNED_CONTEXT(
(#24,#25,#26)) REPRESENTATION_CONTEXT('Context #1',
  '3D Context with UNIT and UNCERTAINTY') );
#24 = ( LENGTH_UNIT() NAMED_UNIT(*) SI_UNIT(.MILLI.,.METRE.) );
#25 = ( NAMED_UNIT(*) PLANE_ANGLE_UNIT() SI_UNIT($,.RADIAN.) );
#26 = ( NAMED_UNIT(*) SI_UNIT($,.STERADIAN.) SOLID_ANGLE_UNIT() );
#27 = UNCERTAINTY_MEASURE_WITH_UNIT(LENGTH_MEASURE(5.E-07),#24,
  'distance_accuracy_value','confusion accuracy');
#28 = PRODUCT_RELATED_PRODUCT_CATEGORY('part',$,(#7));
#29 = SHAPE_DEFINITION_REPRESENTATION(#30,#36);
#30 = PRODUCT_DEFINITION_SHAPE('','',#31);
#31 = PRODUCT_DEFINITION('design','',#32,#35);
#32 = PRODUCT_DEFINITION_FORMATION('','',#33);
#33 = PRODUCT('Body','Body','',(#34));
#34 = PRODUCT_CONTEXT('',#2,'mechanical');
#35 = PRODUCT_DEFINITION_CONTEXT('part definition',#2,'design');
#36 = ADVANCED_BREP_SHAPE_REPRESENTATION('',(#11,#37),#6344);
#37 = MANIFOLD_SOLID_BREP('',#38);
#38 = CLOSED_SHELL('',(#39,#1216,#1241,#1273,#1298,#1323,#1348,#1373,
    #1398,#1424,#1450,#1476,#1502,#1528,#1554,#1580,#1606,#1632,#1658,
    #1684,#1710,#1736,#1762,#1788,#1814,#1840,#1866,#1892,#1918,#1944,
    #1970,#1996,#2022,#2048,#2074,#2100,#2126,#2152,#2178,#2204,#2230,
    #2256,#2282,#2308,#2334,#2360,#2386,#2412,#2438,#2464,#2490,#2516,
    #2542,#2568,#2594,#2620,#2646,#2672,#2698,#2724,#2750,#2776,#2802,
    #2828,#2854,#2880,#2906,#2932,#2958,#2984,#3010,#3036,#3062,#3088,
    #3114,#3140,#3166,#3192,#3218,#3244,#3270,#3296,#3322,#3348,#3374,
    #3400,#3426,#3452,#3478,#3504,#3530,#3556,#3582,#3608,#3634,#3660,
    #3686,#3712,#3738,#3764,#3790,#3816,#3842,#3868,#3894,#3920,#3946,
    #4043,#4076,#4122,#4155,#4265,#4294,#4349,#4382,#4480,#4513,#4559,
    #4592,#4710,#4736,#4762,#4788,#4814,#4840,#4866,#4892,#4918,#4944,
    #4970,#4996,#5022,#5048,#5074,#5100,#5126,#5152,#5178,#5204,#5230,
    #5256,#5282,#5308,#5334,#5360,#5386,#5405,#5430,#5650,#5891,#5910,
    #5922,#5941,#5960,#5972,#5991,#6010,#6029,#6088,#6113,#6127,#6141,
    #6155,#6189,#6220,#6244,#6261,#6285,#6302,#6327));
#39 = ADVANCED_FACE('',(#40,#51),#1211,.T.);
#40 = FACE_BOUND('',#41,.T.);
#41 = EDGE_LOOP('',(#42));
#42 = ORIENTED_EDGE('',*,*,#43,.F.);
#43 = EDGE_CURVE('',#44,#44,#46,.T.);
#44 = VERTEX_POINT('',#45);
#45 = CARTESIAN_POINT('',(7.5,0.,0.));
#46 = CIRCLE('',#47,7.5);
#47 = AXIS2_PLACEMENT_3D('',#48,#49,#50);
#48 = CARTESIAN_POINT('',(0.,0.,0.));
#49 = DIRECTION('',(0.,0.,-1.));
#50 = DIRECTION('',(1.,0.,0.));
#51 = FACE_BOUND('',#52,.T.);
#52 = EDGE_LOOP('',(#53,#64,#72,#80,#88,#96,#104,#112,#120,#128,#136,
    #144,#152,#160,#168,#176,#184,#192,#200,#208,#216,#224,#232,#240,
    #248,#256,#264,#272,#280,#288,#296,#304,#312,#320,#328,#336,#344,
    #352,#360,#368,#376,#384,#392,#400,#408,#416,#424,#432,#440,#448,
    #456,#464,#472,#480,#488,#496,#504,#512,#520,#528,#536,#544,#552,
    #560,#568,#576,#584,#592,#600,#608,#616,#624,#632,#640,#648,#656,
    #664,#672,#680,#688,#696,#704,#712,#720,#728,#736,#744,#752,#760,
    #768,#776,#784,#792,#800,#808,#816,#824,#832,#840,#848,#856,#864,
    #872,#880,#888,#896,#904,#912,#920,#928,#936,#944,#952,#960,#968,
    #976,#984,#992,#1000,#1008,#1016,#1024,#1032,#1040,#1048,#1056,#1064
    ,#1072,#1080,#1088,#1096,#1104,#1112,#1120,#1128,#1136,#1144,#1152,
    #1160,#1168,#1177,#1186,#1195,#1204));
#53 = ORIENTED_EDGE('',*,*,#54,.F.);
#54 = EDGE_CURVE('',#55,#57,#59,.T.);
#55 = VERTEX_POINT('',#56);
#56 = CARTESIAN_POINT('',(0.74985957009,7.347271212551,0.));
#57 = VERTEX_POINT('',#58);
#58 = CARTESIAN_POINT('',(0.586634558785,7.222488664825,0.));
#59 = CIRCLE('',#60,0.15);
#60 = AXIS2_PLACEMENT_3D('',#61,#62,#63);
#61 = CARTESIAN_POINT('',(0.734629742603,7.198046374287,0.));
#62 = DIRECTION('',(0.,-0.,1.));
#63 = DIRECTION('',(0.101532183246,0.994832255089,0.));
#64 = ORIENTED_EDGE('',*,*,#65,.F.);
#65 = EDGE_CURVE('',#66,#55,#68,.T.);
#66 = VERTEX_POINT('',#67);
#67 = CARTESIAN_POINT('',(1.177304994502,7.290996954845,0.));
#68 = ( BOUNDED_CURVE() B_SPLINE_CURVE(2,(#69,#70,#71),.UNSPECIFIED.,.F.
,.F.) B_SPLINE_CURVE_WITH_KNOTS((3,3),(0.,5.838450169226E-02),
.PIECEWISE_BEZIER_KNOTS.) CURVE() GEOMETRIC_REPRESENTATION_ITEM() 
RATIONAL_B_SPLINE_CURVE((1.,0.999573936504,1.)) REPRESENTATION_ITEM('') 
  );
#69 = CARTESIAN_POINT('',(1.177304994502,7.290996954845,0.));
#70 = CARTESIAN_POINT('',(0.964403901824,7.325374903608,0.));
#71 = CARTESIAN_POINT('',(0.74985957009,7.347271212551,0.));
#72 = ORIENTED_EDGE('',*,*,#73,.F.);
#73 = EDGE_CURVE('',#74,#66,#76,.T.);
#74 = VERTEX_POINT('',#75);
#75 = CARTESIAN_POINT('',(1.302672148569,7.128220527764,0.));
#76 = ( BOUNDED_CURVE() B_SPLINE_CURVE(2,(#77,#78,#79),.UNSPECIFIED.,.F.
,.F.) B_SPLINE_CURVE_WITH_KNOTS((3,3),(0.,1.508825302794),
.PIECEWISE_BEZIER_KNOTS.) CURVE() GEOMETRIC_REPRESENTATION_ITEM() 
RATIONAL_B_SPLINE_CURVE((1.,0.728673920883,1.)) REPRESENTATION_ITEM('') 
  );
#77 = CARTESIAN_POINT('',(1.302672148569,7.128220527764,0.));
#78 = CARTESIAN_POINT('',(1.316483140006,7.268523330614,0.));
#79 = CARTESIAN_POINT('',(1.177304994502,7.290996954845,0.));
#80 = ORIENTED_EDGE('',*,*,#81,.F.);
#81 = EDGE_CURVE('',#82,#74,#84,.T.);
#82 = VERTEX_POINT('',#83);
#83 = CARTESIAN_POINT('',(1.316199131068,6.839632442932,0.));
#84 = ( BOUNDED_CURVE() B_SPLINE_CURVE(2,(#85,#86,#87),.UNSPECIFIED.,.F.
,.F.) B_SPLINE_CURVE_WITH_KNOTS((3,3),(0.,0.289919229054),
.PIECEWISE_BEZIER_KNOTS.) CURVE() GEOMETRIC_REPRESENTATION_ITEM() 
RATIONAL_B_SPLINE_CURVE((1.,0.989511740461,1.)) REPRESENTATION_ITEM('') 
  );
#85 = CARTESIAN_POINT('',(1.316199131068,6.839632442932,0.));
#86 = CARTESIAN_POINT('',(1.2883710787,6.982939126671,0.));
#87 = CARTESIAN_POINT('',(1.302672148569,7.128220527764,0.));
#88 = ORIENTED_EDGE('',*,*,#89,.F.);
#89 = EDGE_CURVE('',#90,#82,#92,.T.);
#90 = VERTEX_POINT('',#91);
#91 = CARTESIAN_POINT('',(2.279954337522,6.581395013661,0.));
#92 = ( BOUNDED_CURVE() B_SPLINE_CURVE(2,(#93,#94,#95),.UNSPECIFIED.,.F.
,.F.) B_SPLINE_CURVE_WITH_KNOTS((3,3),(0.,2.234397261374),
.PIECEWISE_BEZIER_KNOTS.) CURVE() GEOMETRIC_REPRESENTATION_ITEM() 
RATIONAL_B_SPLINE_CURVE((1.,0.438202247191,1.)) REPRESENTATION_ITEM('') 
  );
#93 = CARTESIAN_POINT('',(2.279954337522,6.581395013661,0.));
#94 = CARTESIAN_POINT('',(1.533217832479,5.722046849881,0.));
#95 = CARTESIAN_POINT('',(1.316199131068,6.839632442932,0.));
#96 = ORIENTED_EDGE('',*,*,#97,.F.);
#97 = EDGE_CURVE('',#98,#90,#100,.T.);
#98 = VERTEX_POINT('',#99);
#99 = CARTESIAN_POINT('',(2.435963090418,6.824556135106,0.));
#100 = ( BOUNDED_CURVE() B_SPLINE_CURVE(2,(#101,#102,#103),
.UNSPECIFIED.,.F.,.F.) B_SPLINE_CURVE_WITH_KNOTS((3,3),(0.,
0.289919229054),.PIECEWISE_BEZIER_KNOTS.) CURVE() 
GEOMETRIC_REPRESENTATION_ITEM() RATIONAL_B_SPLINE_CURVE((1.,
0.989511740461,1.)) REPRESENTATION_ITEM('') );
#101 = CARTESIAN_POINT('',(2.435963090418,6.824556135106,0.));
#102 = CARTESIAN_POINT('',(2.37570747968,6.691588216127,0.));
#103 = CARTESIAN_POINT('',(2.279954337522,6.581395013661,0.));
#104 = ORIENTED_EDGE('',*,*,#105,.F.);
#105 = EDGE_CURVE('',#106,#98,#108,.T.);
#106 = VERTEX_POINT('',#107);
#107 = CARTESIAN_POINT('',(2.625922444182,6.902841079061,0.));
#108 = ( BOUNDED_CURVE() B_SPLINE_CURVE(2,(#109,#110,#111),
.UNSPECIFIED.,.F.,.F.) B_SPLINE_CURVE_WITH_KNOTS((3,3),(0.,
1.508825302794),.PIECEWISE_BEZIER_KNOTS.) CURVE() 
GEOMETRIC_REPRESENTATION_ITEM() RATIONAL_B_SPLINE_CURVE((1.,
0.728673920883,1.)) REPRESENTATION_ITEM('') );
#109 = CARTESIAN_POINT('',(2.625922444182,6.902841079061,0.));
#110 = CARTESIAN_POINT('',(2.494153822408,6.952967422315,0.));
#111 = CARTESIAN_POINT('',(2.435963090418,6.824556135106,0.));
#112 = ORIENTED_EDGE('',*,*,#113,.F.);
#113 = EDGE_CURVE('',#114,#106,#116,.T.);
#114 = VERTEX_POINT('',#115);
#115 = CARTESIAN_POINT('',(3.024238169307,6.737853303608,0.));
#116 = ( BOUNDED_CURVE() B_SPLINE_CURVE(2,(#117,#118,#119),
.UNSPECIFIED.,.F.,.F.) B_SPLINE_CURVE_WITH_KNOTS((3,3),(0.,
5.838450169226E-02),.PIECEWISE_BEZIER_KNOTS.) CURVE() 
GEOMETRIC_REPRESENTATION_ITEM() RATIONAL_B_SPLINE_CURVE((1.,
0.999573936504,1.)) REPRESENTATION_ITEM('') );
#117 = CARTESIAN_POINT('',(3.024238169307,6.737853303608,0.));
#118 = CARTESIAN_POINT('',(2.827489173315,6.826162709681,0.));
#119 = CARTESIAN_POINT('',(2.625922444182,6.902841079061,0.));
#120 = ORIENTED_EDGE('',*,*,#121,.F.);
#121 = EDGE_CURVE('',#122,#114,#124,.T.);
#122 = VERTEX_POINT('',#123);
#123 = CARTESIAN_POINT('',(3.103203901767,6.548175941677,0.));
#124 = ( BOUNDED_CURVE() B_SPLINE_CURVE(2,(#125,#126,#127),
.UNSPECIFIED.,.F.,.F.) B_SPLINE_CURVE_WITH_KNOTS((3,3),(0.,
1.508825302794),.PIECEWISE_BEZIER_KNOTS.) CURVE() 
GEOMETRIC_REPRESENTATION_ITEM() RATIONAL_B_SPLINE_CURVE((1.,
0.728673920883,1.)) REPRESENTATION_ITEM('') );
#125 = CARTESIAN_POINT('',(3.103203901767,6.548175941677,0.));
#126 = CARTESIAN_POINT('',(3.152857332541,6.680123494835,0.));
#127 = CARTESIAN_POINT('',(3.024238169307,6.737853303608,0.));
#128 = ORIENTED_EDGE('',*,*,#129,.F.);
#129 = EDGE_CURVE('',#130,#122,#132,.T.);
#130 = VERTEX_POINT('',#131);
#131 = CARTESIAN_POINT('',(3.041577870969,6.265920216685,0.));
#132 = ( BOUNDED_CURVE() B_SPLINE_CURVE(2,(#133,#134,#135),
.UNSPECIFIED.,.F.,.F.) B_SPLINE_CURVE_WITH_KNOTS((3,3),(0.,
0.289919229054),.PIECEWISE_BEZIER_KNOTS.) CURVE() 
GEOMETRIC_REPRESENTATION_ITEM() RATIONAL_B_SPLINE_CURVE((1.,
0.989511740461,1.)) REPRESENTATION_ITEM('') );
#133 = CARTESIAN_POINT('',(3.041577870969,6.265920216685,0.));
#134 = CARTESIAN_POINT('',(3.051788535534,6.411546273529,0.));
#135 = CARTESIAN_POINT('',(3.103203901767,6.548175941677,0.));
#136 = ORIENTED_EDGE('',*,*,#137,.F.);
#137 = EDGE_CURVE('',#138,#130,#140,.T.);
#138 = VERTEX_POINT('',#139);
#139 = CARTESIAN_POINT('',(3.905657150251,5.76704381219,0.));
#140 = ( BOUNDED_CURVE() B_SPLINE_CURVE(2,(#141,#142,#143),
.UNSPECIFIED.,.F.,.F.) B_SPLINE_CURVE_WITH_KNOTS((3,3),(0.,
2.234397261374),.PIECEWISE_BEZIER_KNOTS.) CURVE() 
GEOMETRIC_REPRESENTATION_ITEM() RATIONAL_B_SPLINE_CURVE((1.,
0.438202247191,1.)) REPRESENTATION_ITEM('') );
#141 = CARTESIAN_POINT('',(3.905657150251,5.76704381219,0.));
#142 = CARTESIAN_POINT('',(2.961949403436,5.1302468562,0.));
#143 = CARTESIAN_POINT('',(3.041577870969,6.265920216685,0.));
#144 = ORIENTED_EDGE('',*,*,#145,.F.);
#145 = EDGE_CURVE('',#146,#138,#148,.T.);
#146 = VERTEX_POINT('',#147);
#147 = CARTESIAN_POINT('',(4.119284763059,5.961541382891,0.));
#148 = ( BOUNDED_CURVE() B_SPLINE_CURVE(2,(#149,#150,#151),
.UNSPECIFIED.,.F.,.F.) B_SPLINE_CURVE_WITH_KNOTS((3,3),(0.,
0.289919229054),.PIECEWISE_BEZIER_KNOTS.) CURVE() 
GEOMETRIC_REPRESENTATION_ITEM() RATIONAL_B_SPLINE_CURVE((1.,
0.989511740461,1.)) REPRESENTATION_ITEM('') );
#149 = CARTESIAN_POINT('',(4.119284763059,5.961541382891,0.));
#150 = CARTESIAN_POINT('',(4.026667682648,5.848699535515,0.));
#151 = CARTESIAN_POINT('',(3.905657150251,5.76704381219,0.));
#152 = ORIENTED_EDGE('',*,*,#153,.F.);
#153 = EDGE_CURVE('',#154,#146,#156,.T.);
#154 = VERTEX_POINT('',#155);
#155 = CARTESIAN_POINT('',(4.323033043244,5.987993733518,0.));
#156 = ( BOUNDED_CURVE() B_SPLINE_CURVE(2,(#157,#158,#159),
.UNSPECIFIED.,.F.,.F.) B_SPLINE_CURVE_WITH_KNOTS((3,3),(0.,
1.508825302794),.PIECEWISE_BEZIER_KNOTS.) CURVE() 
GEOMETRIC_REPRESENTATION_ITEM() RATIONAL_B_SPLINE_CURVE((1.,
0.728673920883,1.)) REPRESENTATION_ITEM('') );
#157 = CARTESIAN_POINT('',(4.323033043244,5.987993733518,0.));
#158 = CARTESIAN_POINT('',(4.208727980674,6.070516291906,0.));
#159 = CARTESIAN_POINT('',(4.119284763059,5.961541382891,0.));
#160 = ORIENTED_EDGE('',*,*,#161,.F.);
#161 = EDGE_CURVE('',#162,#154,#164,.T.);
#162 = VERTEX_POINT('',#163);
#163 = CARTESIAN_POINT('',(4.665074510663,5.72553608456,0.));
#164 = ( BOUNDED_CURVE() B_SPLINE_CURVE(2,(#165,#166,#167),
.UNSPECIFIED.,.F.,.F.) B_SPLINE_CURVE_WITH_KNOTS((3,3),(0.,
5.838450169226E-02),.PIECEWISE_BEZIER_KNOTS.) CURVE() 
GEOMETRIC_REPRESENTATION_ITEM() RATIONAL_B_SPLINE_CURVE((1.,
0.999573936504,1.)) REPRESENTATION_ITEM('') );
#165 = CARTESIAN_POINT('',(4.665074510663,5.72553608456,0.));
#166 = CARTESIAN_POINT('',(4.497885730292,5.861758807857,0.));
#167 = CARTESIAN_POINT('',(4.323033043244,5.987993733518,0.));
#168 = ORIENTED_EDGE('',*,*,#169,.F.);
#169 = EDGE_CURVE('',#170,#162,#172,.T.);
#170 = VERTEX_POINT('',#171);
#171 = CARTESIAN_POINT('',(4.692257437345,5.521883986536,0.));
#172 = ( BOUNDED_CURVE() B_SPLINE_CURVE(2,(#173,#174,#175),
.UNSPECIFIED.,.F.,.F.) B_SPLINE_CURVE_WITH_KNOTS((3,3),(0.,
1.508825302794),.PIECEWISE_BEZIER_KNOTS.) CURVE() 
GEOMETRIC_REPRESENTATION_ITEM() RATIONAL_B_SPLINE_CURVE((1.,
0.728673920883,1.)) REPRESENTATION_ITEM('') );
#173 = CARTESIAN_POINT('',(4.692257437345,5.521883986536,0.));
#174 = CARTESIAN_POINT('',(4.774369508207,5.636484282309,0.));
#175 = CARTESIAN_POINT('',(4.665074510663,5.72553608456,0.));
#176 = ORIENTED_EDGE('',*,*,#177,.F.);
#177 = EDGE_CURVE('',#178,#170,#180,.T.);
#178 = VERTEX_POINT('',#179);
#179 = CARTESIAN_POINT('',(4.559678105409,5.265195882593,0.));
#180 = ( BOUNDED_CURVE() B_SPLINE_CURVE(2,(#181,#182,#183),
.UNSPECIFIED.,.F.,.F.) B_SPLINE_CURVE_WITH_KNOTS((3,3),(0.,
0.289919229054),.PIECEWISE_BEZIER_KNOTS.) CURVE() 
GEOMETRIC_REPRESENTATION_ITEM() RATIONAL_B_SPLINE_CURVE((1.,
0.989511740461,1.)) REPRESENTATION_ITEM('') );
#181 = CARTESIAN_POINT('',(4.559678105409,5.265195882593,0.));
#182 = CARTESIAN_POINT('',(4.607231646991,5.403217137427,0.));
#183 = CARTESIAN_POINT('',(4.692257437345,5.521883986536,0.));
#184 = ORIENTED_EDGE('',*,*,#185,.F.);
#185 = EDGE_CURVE('',#186,#178,#188,.T.);
#186 = VERTEX_POINT('',#187);
#187 = CARTESIAN_POINT('',(5.265195882593,4.559678105409,0.));
#188 = ( BOUNDED_CURVE() B_SPLINE_CURVE(2,(#189,#190,#191),
.UNSPECIFIED.,.F.,.F.) B_SPLINE_CURVE_WITH_KNOTS((3,3),(0.,
2.234397261374),.PIECEWISE_BEZIER_KNOTS.) CURVE() 
GEOMETRIC_REPRESENTATION_ITEM() RATIONAL_B_SPLINE_CURVE((1.,
0.438202247191,1.)) REPRESENTATION_ITEM('') );
#189 = CARTESIAN_POINT('',(5.265195882593,4.559678105409,0.));
#190 = CARTESIAN_POINT('',(4.188829017402,4.188829017402,0.));
#191 = CARTESIAN_POINT('',(4.559678105409,5.265195882593,0.));
#192 = ORIENTED_EDGE('',*,*,#193,.F.);
#193 = EDGE_CURVE('',#194,#186,#196,.T.);
#194 = VERTEX_POINT('',#195);
#195 = CARTESIAN_POINT('',(5.521883986536,4.692257437345,0.));
#196 = ( BOUNDED_CURVE() B_SPLINE_CURVE(2,(#197,#198,#199),
.UNSPECIFIED.,.F.,.F.) B_SPLINE_CURVE_WITH_KNOTS((3,3),(0.,
0.289919229054),.PIECEWISE_BEZIER_KNOTS.) CURVE() 
GEOMETRIC_REPRESENTATION_ITEM() RATIONAL_B_SPLINE_CURVE((1.,
0.989511740461,1.)) REPRESENTATION_ITEM('') );
#197 = CARTESIAN_POINT('',(5.521883986536,4.692257437345,0.));
#198 = CARTESIAN_POINT('',(5.403217137427,4.607231646991,0.));
#199 = CARTESIAN_POINT('',(5.265195882593,4.559678105409,0.));
#200 = ORIENTED_EDGE('',*,*,#201,.F.);
#201 = EDGE_CURVE('',#202,#194,#204,.T.);
#202 = VERTEX_POINT('',#203);
#203 = CARTESIAN_POINT('',(5.72553608456,4.665074510663,0.));
#204 = ( BOUNDED_CURVE() B_SPLINE_CURVE(2,(#205,#206,#207),
.UNSPECIFIED.,.F.,.F.) B_SPLINE_CURVE_WITH_KNOTS((3,3),(0.,
1.508825302794),.PIECEWISE_BEZIER_KNOTS.) CURVE() 
GEOMETRIC_REPRESENTATION_ITEM() RATIONAL_B_SPLINE_CURVE((1.,
0.728673920883,1.)) REPRESENTATION_ITEM('') );
#205 = CARTESIAN_POINT('',(5.72553608456,4.665074510663,0.));
#206 = CARTESIAN_POINT('',(5.636484282309,4.774369508207,0.));
#207 = CARTESIAN_POINT('',(5.521883986536,4.692257437345,0.));
#208 = ORIENTED_EDGE('',*,*,#209,.F.);
#209 = EDGE_CURVE('',#210,#202,#212,.T.);
#210 = VERTEX_POINT('',#211);
#211 = CARTESIAN_POINT('',(5.987993733518,4.323033043244,0.));
#212 = ( BOUNDED_CURVE() B_SPLINE_CURVE(2,(#213,#214,#215),
.UNSPECIFIED.,.F.,.F.) B_SPLINE_CURVE_WITH_KNOTS((3,3),(0.,
5.838450169226E-02),.PIECEWISE_BEZIER_KNOTS.) CURVE() 
GEOMETRIC_REPRESENTATION_ITEM() RATIONAL_B_SPLINE_CURVE((1.,
0.999573936504,1.)) REPRESENTATION_ITEM('') );
#213 = CARTESIAN_POINT('',(5.987993733518,4.323033043244,0.));
#214 = CARTESIAN_POINT('',(5.861758807857,4.497885730292,0.));
#215 = CARTESIAN_POINT('',(5.72553608456,4.665074510663,0.));
#216 = ORIENTED_EDGE('',*,*,#217,.F.);
#217 = EDGE_CURVE('',#218,#210,#220,.T.);
#218 = VERTEX_POINT('',#219);
#219 = CARTESIAN_POINT('',(5.961541382891,4.119284763059,0.));
#220 = ( BOUNDED_CURVE() B_SPLINE_CURVE(2,(#221,#222,#223),
.UNSPECIFIED.,.F.,.F.) B_SPLINE_CURVE_WITH_KNOTS((3,3),(0.,
1.508825302794),.PIECEWISE_BEZIER_KNOTS.) CURVE() 
GEOMETRIC_REPRESENTATION_ITEM() RATIONAL_B_SPLINE_CURVE((1.,
0.728673920883,1.)) REPRESENTATION_ITEM('') );
#221 = CARTESIAN_POINT('',(5.961541382891,4.119284763059,0.));
#222 = CARTESIAN_POINT('',(6.070516291906,4.208727980674,0.));
#223 = CARTESIAN_POINT('',(5.987993733518,4.323033043244,0.));
#224 = ORIENTED_EDGE('',*,*,#225,.F.);
#225 = EDGE_CURVE('',#226,#218,#228,.T.);
#226 = VERTEX_POINT('',#227);
#227 = CARTESIAN_POINT('',(5.76704381219,3.905657150251,0.));
#228 = ( BOUNDED_CURVE() B_SPLINE_CURVE(2,(#229,#230,#231),
.UNSPECIFIED.,.F.,.F.) B_SPLINE_CURVE_WITH_KNOTS((3,3),(0.,
0.289919229054),.PIECEWISE_BEZIER_KNOTS.) CURVE() 
GEOMETRIC_REPRESENTATION_ITEM() RATIONAL_B_SPLINE_CURVE((1.,
0.989511740461,1.)) REPRESENTATION_ITEM('') );
#229 = CARTESIAN_POINT('',(5.76704381219,3.905657150251,0.));
#230 = CARTESIAN_POINT('',(5.848699535515,4.026667682648,0.));
#231 = CARTESIAN_POINT('',(5.961541382891,4.119284763059,0.));
#232 = ORIENTED_EDGE('',*,*,#233,.F.);
#233 = EDGE_CURVE('',#234,#226,#236,.T.);
#234 = VERTEX_POINT('',#235);
#235 = CARTESIAN_POINT('',(6.265920216685,3.041577870969,0.));
#236 = ( BOUNDED_CURVE() B_SPLINE_CURVE(2,(#237,#238,#239),
.UNSPECIFIED.,.F.,.F.) B_SPLINE_CURVE_WITH_KNOTS((3,3),(0.,
2.234397261374),.PIECEWISE_BEZIER_KNOTS.) CURVE() 
GEOMETRIC_REPRESENTATION_ITEM() RATIONAL_B_SPLINE_CURVE((1.,
0.438202247191,1.)) REPRESENTATION_ITEM('') );
#237 = CARTESIAN_POINT('',(6.265920216685,3.041577870969,0.));
#238 = CARTESIAN_POINT('',(5.1302468562,2.961949403436,0.));
#239 = CARTESIAN_POINT('',(5.76704381219,3.905657150251,0.));
#240 = ORIENTED_EDGE('',*,*,#241,.F.);
#241 = EDGE_CURVE('',#242,#234,#244,.T.);
#242 = VERTEX_POINT('',#243);
#243 = CARTESIAN_POINT('',(6.548175941677,3.103203901767,0.));
#244 = ( BOUNDED_CURVE() B_SPLINE_CURVE(2,(#245,#246,#247),
.UNSPECIFIED.,.F.,.F.) B_SPLINE_CURVE_WITH_KNOTS((3,3),(0.,
0.289919229054),.PIECEWISE_BEZIER_KNOTS.) CURVE() 
GEOMETRIC_REPRESENTATION_ITEM() RATIONAL_B_SPLINE_CURVE((1.,
0.989511740461,1.)) REPRESENTATION_ITEM('') );
#245 = CARTESIAN_POINT('',(6.548175941677,3.103203901767,0.));
#246 = CARTESIAN_POINT('',(6.411546273529,3.051788535534,0.));
#247 = CARTESIAN_POINT('',(6.265920216685,3.041577870969,0.));
#248 = ORIENTED_EDGE('',*,*,#249,.F.);
#249 = EDGE_CURVE('',#250,#242,#252,.T.);
#250 = VERTEX_POINT('',#251);
#251 = CARTESIAN_POINT('',(6.737853303608,3.024238169307,0.));
#252 = ( BOUNDED_CURVE() B_SPLINE_CURVE(2,(#253,#254,#255),
.UNSPECIFIED.,.F.,.F.) B_SPLINE_CURVE_WITH_KNOTS((3,3),(0.,
1.508825302794),.PIECEWISE_BEZIER_KNOTS.) CURVE() 
GEOMETRIC_REPRESENTATION_ITEM() RATIONAL_B_SPLINE_CURVE((1.,
0.728673920883,1.)) REPRESENTATION_ITEM('') );
#253 = CARTESIAN_POINT('',(6.737853303608,3.024238169307,0.));
#254 = CARTESIAN_POINT('',(6.680123494835,3.152857332541,0.));
#255 = CARTESIAN_POINT('',(6.548175941677,3.103203901767,0.));
#256 = ORIENTED_EDGE('',*,*,#257,.F.);
#257 = EDGE_CURVE('',#258,#250,#260,.T.);
#258 = VERTEX_POINT('',#259);
#259 = CARTESIAN_POINT('',(6.902841079061,2.625922444182,0.));
#260 = ( BOUNDED_CURVE() B_SPLINE_CURVE(2,(#261,#262,#263),
.UNSPECIFIED.,.F.,.F.) B_SPLINE_CURVE_WITH_KNOTS((3,3),(0.,
5.838450169226E-02),.PIECEWISE_BEZIER_KNOTS.) CURVE() 
GEOMETRIC_REPRESENTATION_ITEM() RATIONAL_B_SPLINE_CURVE((1.,
0.999573936504,1.)) REPRESENTATION_ITEM('') );
#261 = CARTESIAN_POINT('',(6.902841079061,2.625922444182,0.));
#262 = CARTESIAN_POINT('',(6.826162709681,2.827489173315,0.));
#263 = CARTESIAN_POINT('',(6.737853303608,3.024238169307,0.));
#264 = ORIENTED_EDGE('',*,*,#265,.F.);
#265 = EDGE_CURVE('',#266,#258,#268,.T.);
#266 = VERTEX_POINT('',#267);
#267 = CARTESIAN_POINT('',(6.824556135106,2.435963090418,0.));
#268 = ( BOUNDED_CURVE() B_SPLINE_CURVE(2,(#269,#270,#271),
.UNSPECIFIED.,.F.,.F.) B_SPLINE_CURVE_WITH_KNOTS((3,3),(0.,
1.508825302794),.PIECEWISE_BEZIER_KNOTS.) CURVE() 
GEOMETRIC_REPRESENTATION_ITEM() RATIONAL_B_SPLINE_CURVE((1.,
0.728673920883,1.)) REPRESENTATION_ITEM('') );
#269 = CARTESIAN_POINT('',(6.824556135106,2.435963090418,0.));
#270 = CARTESIAN_POINT('',(6.952967422315,2.494153822408,0.));
#271 = CARTESIAN_POINT('',(6.902841079061,2.625922444182,0.));
#272 = ORIENTED_EDGE('',*,*,#273,.F.);
#273 = EDGE_CURVE('',#274,#266,#276,.T.);
#274 = VERTEX_POINT('',#275);
#275 = CARTESIAN_POINT('',(6.581395013661,2.279954337522,0.));
#276 = ( BOUNDED_CURVE() B_SPLINE_CURVE(2,(#277,#278,#279),
.UNSPECIFIED.,.F.,.F.) B_SPLINE_CURVE_WITH_KNOTS((3,3),(0.,
0.289919229054),.PIECEWISE_BEZIER_KNOTS.) CURVE() 
GEOMETRIC_REPRESENTATION_ITEM() RATIONAL_B_SPLINE_CURVE((1.,
0.989511740461,1.)) REPRESENTATION_ITEM('') );
#277 = CARTESIAN_POINT('',(6.581395013661,2.279954337522,0.));
#278 = CARTESIAN_POINT('',(6.691588216127,2.37570747968,0.));
#279 = CARTESIAN_POINT('',(6.824556135106,2.435963090418,0.));
#280 = ORIENTED_EDGE('',*,*,#281,.F.);
#281 = EDGE_CURVE('',#282,#274,#284,.T.);
#282 = VERTEX_POINT('',#283);
#283 = CARTESIAN_POINT('',(6.839632442932,1.316199131068,0.));
#284 = ( BOUNDED_CURVE() B_SPLINE_CURVE(2,(#285,#286,#287),
.UNSPECIFIED.,.F.,.F.) B_SPLINE_CURVE_WITH_KNOTS((3,3),(0.,
2.234397261374),.PIECEWISE_BEZIER_KNOTS.) CURVE() 
GEOMETRIC_REPRESENTATION_ITEM() RATIONAL_B_SPLINE_CURVE((1.,
0.438202247191,1.)) REPRESENTATION_ITEM('') );
#285 = CARTESIAN_POINT('',(6.839632442932,1.316199131068,0.));
#286 = CARTESIAN_POINT('',(5.722046849881,1.533217832479,0.));
#287 = CARTESIAN_POINT('',(6.581395013661,2.279954337522,0.));
#288 = ORIENTED_EDGE('',*,*,#289,.F.);
#289 = EDGE_CURVE('',#290,#282,#292,.T.);
#290 = VERTEX_POINT('',#291);
#291 = CARTESIAN_POINT('',(7.128220527764,1.302672148569,0.));
#292 = ( BOUNDED_CURVE() B_SPLINE_CURVE(2,(#293,#294,#295),
.UNSPECIFIED.,.F.,.F.) B_SPLINE_CURVE_WITH_KNOTS((3,3),(0.,
0.289919229054),.PIECEWISE_BEZIER_KNOTS.) CURVE() 
GEOMETRIC_REPRESENTATION_ITEM() RATIONAL_B_SPLINE_CURVE((1.,
0.989511740461,1.)) REPRESENTATION_ITEM('') );
#293 = CARTESIAN_POINT('',(7.128220527764,1.302672148569,0.));
#294 = CARTESIAN_POINT('',(6.982939126671,1.2883710787,0.));
#295 = CARTESIAN_POINT('',(6.839632442932,1.316199131068,0.));
#296 = ORIENTED_EDGE('',*,*,#297,.F.);
#297 = EDGE_CURVE('',#298,#290,#300,.T.);
#298 = VERTEX_POINT('',#299);
#299 = CARTESIAN_POINT('',(7.290996954845,1.177304994502,0.));
#300 = ( BOUNDED_CURVE() B_SPLINE_CURVE(2,(#301,#302,#303),
.UNSPECIFIED.,.F.,.F.) B_SPLINE_CURVE_WITH_KNOTS((3,3),(0.,
1.508825302794),.PIECEWISE_BEZIER_KNOTS.) CURVE() 
GEOMETRIC_REPRESENTATION_ITEM() RATIONAL_B_SPLINE_CURVE((1.,
0.728673920883,1.)) REPRESENTATION_ITEM('') );
#301 = CARTESIAN_POINT('',(7.290996954845,1.177304994502,0.));
#302 = CARTESIAN_POINT('',(7.268523330614,1.316483140006,0.));
#303 = CARTESIAN_POINT('',(7.128220527764,1.302672148569,0.));
#304 = ORIENTED_EDGE('',*,*,#305,.F.);
#305 = EDGE_CURVE('',#306,#298,#308,.T.);
#306 = VERTEX_POINT('',#307);
#307 = CARTESIAN_POINT('',(7.347271212551,0.74985957009,0.));
#308 = ( BOUNDED_CURVE() B_SPLINE_CURVE(2,(#309,#310,#311),
.UNSPECIFIED.,.F.,.F.) B_SPLINE_CURVE_WITH_KNOTS((3,3),(0.,
5.838450169226E-02),.PIECEWISE_BEZIER_KNOTS.) CURVE() 
GEOMETRIC_REPRESENTATION_ITEM() RATIONAL_B_SPLINE_CURVE((1.,
0.999573936504,1.)) REPRESENTATION_ITEM('') );
#309 = CARTESIAN_POINT('',(7.347271212551,0.74985957009,0.));
#310 = CARTESIAN_POINT('',(7.325374903608,0.964403901824,0.));
#311 = CARTESIAN_POINT('',(7.290996954845,1.177304994502,0.));
#312 = ORIENTED_EDGE('',*,*,#313,.F.);
#313 = EDGE_CURVE('',#314,#306,#316,.T.);
#314 = VERTEX_POINT('',#315);
#315 = CARTESIAN_POINT('',(7.222488664825,0.586634558785,0.));
#316 = ( BOUNDED_CURVE() B_SPLINE_CURVE(2,(#317,#318,#319),
.UNSPECIFIED.,.F.,.F.) B_SPLINE_CURVE_WITH_KNOTS((3,3),(0.,
1.508825302794),.PIECEWISE_BEZIER_KNOTS.) CURVE() 
GEOMETRIC_REPRESENTATION_ITEM() RATIONAL_B_SPLINE_CURVE((1.,
0.728673920883,1.)) REPRESENTATION_ITEM('') );
#317 = CARTESIAN_POINT('',(7.222488664825,0.586634558785,0.));
#318 = CARTESIAN_POINT('',(7.361585313215,0.609607202929,0.));
#319 = CARTESIAN_POINT('',(7.347271212551,0.74985957009,0.));
#320 = ORIENTED_EDGE('',*,*,#321,.F.);
#321 = EDGE_CURVE('',#322,#314,#324,.T.);
#322 = VERTEX_POINT('',#323);
#323 = CARTESIAN_POINT('',(6.94723502122,0.498876404494,0.));
#324 = ( BOUNDED_CURVE() B_SPLINE_CURVE(2,(#325,#326,#327),
.UNSPECIFIED.,.F.,.F.) B_SPLINE_CURVE_WITH_KNOTS((3,3),(0.,
0.289919229054),.PIECEWISE_BEZIER_KNOTS.) CURVE() 
GEOMETRIC_REPRESENTATION_ITEM() RATIONAL_B_SPLINE_CURVE((1.,
0.989511740461,1.)) REPRESENTATION_ITEM('') );
#325 = CARTESIAN_POINT('',(6.94723502122,0.498876404494,0.));
#326 = CARTESIAN_POINT('',(7.078456218183,0.562846738014,0.));
#327 = CARTESIAN_POINT('',(7.222488664825,0.586634558785,0.));
#328 = ORIENTED_EDGE('',*,*,#329,.F.);
#329 = EDGE_CURVE('',#330,#322,#332,.T.);
#330 = VERTEX_POINT('',#331);
#331 = CARTESIAN_POINT('',(6.94723502122,-0.498876404494,0.));
#332 = ( BOUNDED_CURVE() B_SPLINE_CURVE(2,(#333,#334,#335),
.UNSPECIFIED.,.F.,.F.) B_SPLINE_CURVE_WITH_KNOTS((3,3),(0.,
2.234397261374),.PIECEWISE_BEZIER_KNOTS.) CURVE() 
GEOMETRIC_REPRESENTATION_ITEM() RATIONAL_B_SPLINE_CURVE((1.,
0.438202247191,1.)) REPRESENTATION_ITEM('') );
#333 = CARTESIAN_POINT('',(6.94723502122,-0.498876404494,0.));
#334 = CARTESIAN_POINT('',(5.923898806873,-2.E-15,0.));
#335 = CARTESIAN_POINT('',(6.94723502122,0.498876404494,0.));
#336 = ORIENTED_EDGE('',*,*,#337,.F.);
#337 = EDGE_CURVE('',#338,#330,#340,.T.);
#338 = VERTEX_POINT('',#339);
#339 = CARTESIAN_POINT('',(7.222488664825,-0.586634558785,0.));
#340 = ( BOUNDED_CURVE() B_SPLINE_CURVE(2,(#341,#342,#343),
.UNSPECIFIED.,.F.,.F.) B_SPLINE_CURVE_WITH_KNOTS((3,3),(0.,
0.289919229054),.PIECEWISE_BEZIER_KNOTS.) CURVE() 
GEOMETRIC_REPRESENTATION_ITEM() RATIONAL_B_SPLINE_CURVE((1.,
0.989511740461,1.)) REPRESENTATION_ITEM('') );
#341 = CARTESIAN_POINT('',(7.222488664825,-0.586634558785,0.));
#342 = CARTESIAN_POINT('',(7.078456218183,-0.562846738014,0.));
#343 = CARTESIAN_POINT('',(6.94723502122,-0.498876404494,0.));
#344 = ORIENTED_EDGE('',*,*,#345,.F.);
#345 = EDGE_CURVE('',#346,#338,#348,.T.);
#346 = VERTEX_POINT('',#347);
#347 = CARTESIAN_POINT('',(7.347271212551,-0.74985957009,0.));
#348 = ( BOUNDED_CURVE() B_SPLINE_CURVE(2,(#349,#350,#351),
.UNSPECIFIED.,.F.,.F.) B_SPLINE_CURVE_WITH_KNOTS((3,3),(0.,
1.508825302794),.PIECEWISE_BEZIER_KNOTS.) CURVE() 
GEOMETRIC_REPRESENTATION_ITEM() RATIONAL_B_SPLINE_CURVE((1.,
0.728673920883,1.)) REPRESENTATION_ITEM('') );
#349 = CARTESIAN_POINT('',(7.347271212551,-0.74985957009,0.));
#350 = CARTESIAN_POINT('',(7.361585313215,-0.609607202929,0.));
#351 = CARTESIAN_POINT('',(7.222488664825,-0.586634558785,0.));
#352 = ORIENTED_EDGE('',*,*,#353,.F.);
#353 = EDGE_CURVE('',#354,#346,#356,.T.);
#354 = VERTEX_POINT('',#355);
#355 = CARTESIAN_POINT('',(7.290996954845,-1.177304994502,0.));
#356 = ( BOUNDED_CURVE() B_SPLINE_CURVE(2,(#357,#358,#359),
.UNSPECIFIED.,.F.,.F.) B_SPLINE_CURVE_WITH_KNOTS((3,3),(0.,
5.838450169226E-02),.PIECEWISE_BEZIER_KNOTS.) CURVE() 
GEOMETRIC_REPRESENTATION_ITEM() RATIONAL_B_SPLINE_CURVE((1.,
0.999573936504,1.)) REPRESENTATION_ITEM('') );
#357 = CARTESIAN_POINT('',(7.290996954845,-1.177304994502,0.));
#358 = CARTESIAN_POINT('',(7.325374903608,-0.964403901824,0.));
#359 = CARTESIAN_POINT('',(7.347271212551,-0.74985957009,0.));
#360 = ORIENTED_EDGE('',*,*,#361,.F.);
#361 = EDGE_CURVE('',#362,#354,#364,.T.);
#362 = VERTEX_POINT('',#363);
#363 = CARTESIAN_POINT('',(7.128220527764,-1.302672148569,0.));
#364 = ( BOUNDED_CURVE() B_SPLINE_CURVE(2,(#365,#366,#367),
.UNSPECIFIED.,.F.,.F.) B_SPLINE_CURVE_WITH_KNOTS((3,3),(0.,
1.508825302794),.PIECEWISE_BEZIER_KNOTS.) CURVE() 
GEOMETRIC_REPRESENTATION_ITEM() RATIONAL_B_SPLINE_CURVE((1.,
0.728673920883,1.)) REPRESENTATION_ITEM('') );
#365 = CARTESIAN_POINT('',(7.128220527764,-1.302672148569,0.));
#366 = CARTESIAN_POINT('',(7.268523330614,-1.316483140006,0.));
#367 = CARTESIAN_POINT('',(7.290996954845,-1.177304994502,0.));
#368 = ORIENTED_EDGE('',*,*,#369,.F.);
#369 = EDGE_CURVE('',#370,#362,#372,.T.);
#370 = VERTEX_POINT('',#371);
#371 = CARTESIAN_POINT('',(6.839632442932,-1.316199131068,0.));
#372 = ( BOUNDED_CURVE() B_SPLINE_CURVE(2,(#373,#374,#375),
.UNSPECIFIED.,.F.,.F.) B_SPLINE_CURVE_WITH_KNOTS((3,3),(0.,
0.289919229054),.PIECEWISE_BEZIER_KNOTS.) CURVE() 
GEOMETRIC_REPRESENTATION_ITEM() RATIONAL_B_SPLINE_CURVE((1.,
0.989511740461,1.)) REPRESENTATION_ITEM('') );
#373 = CARTESIAN_POINT('',(6.839632442932,-1.316199131068,0.));
#374 = CARTESIAN_POINT('',(6.982939126671,-1.2883710787,0.));
#375 = CARTESIAN_POINT('',(7.128220527764,-1.302672148569,0.));
#376 = ORIENTED_EDGE('',*,*,#377,.F.);
#377 = EDGE_CURVE('',#378,#370,#380,.T.);
#378 = VERTEX_POINT('',#379);
#379 = CARTESIAN_POINT('',(6.581395013661,-2.279954337522,0.));
#380 = ( BOUNDED_CURVE() B_SPLINE_CURVE(2,(#381,#382,#383),
.UNSPECIFIED.,.F.,.F.) B_SPLINE_CURVE_WITH_KNOTS((3,3),(0.,
2.234397261374),.PIECEWISE_BEZIER_KNOTS.) CURVE() 
GEOMETRIC_REPRESENTATION_ITEM() RATIONAL_B_SPLINE_CURVE((1.,
0.438202247191,1.)) REPRESENTATION_ITEM('') );
#381 = CARTESIAN_POINT('',(6.581395013661,-2.279954337522,0.));
#382 = CARTESIAN_POINT('',(5.722046849881,-1.533217832479,0.));
#383 = CARTESIAN_POINT('',(6.839632442932,-1.316199131068,0.));
#384 = ORIENTED_EDGE('',*,*,#385,.F.);
#385 = EDGE_CURVE('',#386,#378,#388,.T.);
#386 = VERTEX_POINT('',#387);
#387 = CARTESIAN_POINT('',(6.824556135106,-2.435963090418,0.));
#388 = ( BOUNDED_CURVE() B_SPLINE_CURVE(2,(#389,#390,#391),
.UNSPECIFIED.,.F.,.F.) B_SPLINE_CURVE_WITH_KNOTS((3,3),(0.,
0.289919229054),.PIECEWISE_BEZIER_KNOTS.) CURVE() 
GEOMETRIC_REPRESENTATION_ITEM() RATIONAL_B_SPLINE_CURVE((1.,
0.989511740461,1.)) REPRESENTATION_ITEM('') );
#389 = CARTESIAN_POINT('',(6.824556135106,-2.435963090418,0.));
#390 = CARTESIAN_POINT('',(6.691588216127,-2.37570747968,0.));
#391 = CARTESIAN_POINT('',(6.581395013661,-2.279954337522,0.));
#392 = ORIENTED_EDGE('',*,*,#393,.F.);
#393 = EDGE_CURVE('',#394,#386,#396,.T.);
#394 = VERTEX_POINT('',#395);
#395 = CARTESIAN_POINT('',(6.902841079061,-2.625922444182,0.));
#396 = ( BOUNDED_CURVE() B_SPLINE_CURVE(2,(#397,#398,#399),
.UNSPECIFIED.,.F.,.F.) B_SPLINE_CURVE_WITH_KNOTS((3,3),(0.,
1.508825302794),.PIECEWISE_BEZIER_KNOTS.) CURVE() 
GEOMETRIC_REPRESENTATION_ITEM() RATIONAL_B_SPLINE_CURVE((1.,
0.728673920883,1.)) REPRESENTATION_ITEM('') );
#397 = CARTESIAN_POINT('',(6.902841079061,-2.625922444182,0.));
#398 = CARTESIAN_POINT('',(6.952967422315,-2.494153822408,0.));
#399 = CARTESIAN_POINT('',(6.824556135106,-2.435963090418,0.));
#400 = ORIENTED_EDGE('',*,*,#401,.F.);
#401 = EDGE_CURVE('',#402,#394,#404,.T.);
#402 = VERTEX_POINT('',#403);
#403 = CARTESIAN_POINT('',(6.737853303608,-3.024238169307,0.));
#404 = ( BOUNDED_CURVE() B_SPLINE_CURVE(2,(#405,#406,#407),
.UNSPECIFIED.,.F.,.F.) B_SPLINE_CURVE_WITH_KNOTS((3,3),(0.,
5.838450169226E-02),.PIECEWISE_BEZIER_KNOTS.) CURVE() 
GEOMETRIC_REPRESENTATION_ITEM() RATIONAL_B_SPLINE_CURVE((1.,
0.999573936504,1.)) REPRESENTATION_ITEM('') );
#405 = CARTESIAN_POINT('',(6.737853303608,-3.024238169307,0.));
#406 = CARTESIAN_POINT('',(6.826162709681,-2.827489173315,0.));
#407 = CARTESIAN_POINT('',(6.902841079061,-2.625922444182,0.));
#408 = ORIENTED_EDGE('',*,*,#409,.F.);
#409 = EDGE_CURVE('',#410,#402,#412,.T.);
#410 = VERTEX_POINT('',#411);
#411 = CARTESIAN_POINT('',(6.548175941677,-3.103203901767,0.));
#412 = ( BOUNDED_CURVE() B_SPLINE_CURVE(2,(#413,#414,#415),
.UNSPECIFIED.,.F.,.F.) B_SPLINE_CURVE_WITH_KNOTS((3,3),(0.,
1.508825302794),.PIECEWISE_BEZIER_KNOTS.) CURVE() 
GEOMETRIC_REPRESENTATION_ITEM() RATIONAL_B_SPLINE_CURVE((1.,
0.728673920883,1.)) REPRESENTATION_ITEM('') );
#413 = CARTESIAN_POINT('',(6.548175941677,-3.103203901767,0.));
#414 = CARTESIAN_POINT('',(6.680123494835,-3.152857332541,0.));
#415 = CARTESIAN_POINT('',(6.737853303608,-3.024238169307,0.));
#416 = ORIENTED_EDGE('',*,*,#417,.F.);
#417 = EDGE_CURVE('',#418,#410,#420,.T.);
#418 = VERTEX_POINT('',#419);
#419 = CARTESIAN_POINT('',(6.265920216685,-3.041577870969,0.));
#420 = ( BOUNDED_CURVE() B_SPLINE_CURVE(2,(#421,#422,#423),
.UNSPECIFIED.,.F.,.F.) B_SPLINE_CURVE_WITH_KNOTS((3,3),(0.,
0.289919229054),.PIECEWISE_BEZIER_KNOTS.) CURVE() 
GEOMETRIC_REPRESENTATION_ITEM() RATIONAL_B_SPLINE_CURVE((1.,
0.989511740461,1.)) REPRESENTATION_ITEM('') );
#421 = CARTESIAN_POINT('',(6.265920216685,-3.041577870969,0.));
#422 = CARTESIAN_POINT('',(6.411546273529,-3.051788535534,0.));
#423 = CARTESIAN_POINT('',(6.548175941677,-3.103203901767,0.));
#424 = ORIENTED_EDGE('',*,*,#425,.F.);
#425 = EDGE_CURVE('',#426,#418,#428,.T.);
#426 = VERTEX_POINT('',#427);
#427 = CARTESIAN_POINT('',(5.76704381219,-3.905657150251,0.));
#428 = ( BOUNDED_CURVE() B_SPLINE_CURVE(2,(#429,#430,#431),
.UNSPECIFIED.,.F.,.F.) B_SPLINE_CURVE_WITH_KNOTS((3,3),(0.,
2.234397261374),.PIECEWISE_BEZIER_KNOTS.) CURVE() 
GEOMETRIC_REPRESENTATION_ITEM() RATIONAL_B_SPLINE_CURVE((1.,
0.438202247191,1.)) REPRESENTATION_ITEM('') );
#429 = CARTESIAN_POINT('',(5.76704381219,-3.905657150251,0.));
#430 = CARTESIAN_POINT('',(5.1302468562,-2.961949403436,0.));
#431 = CARTESIAN_POINT('',(6.265920216685,-3.041577870969,0.));
#432 = ORIENTED_EDGE('',*,*,#433,.F.);
#433 = EDGE_CURVE('',#434,#426,#436,.T.);
#434 = VERTEX_POINT('',#435);
#435 = CARTESIAN_POINT('',(5.961541382891,-4.119284763059,0.));
#436 = ( BOUNDED_CURVE() B_SPLINE_CURVE(2,(#437,#438,#439),
.UNSPECIFIED.,.F.,.F.) B_SPLINE_CURVE_WITH_KNOTS((3,3),(0.,
0.289919229054),.PIECEWISE_BEZIER_KNOTS.) CURVE() 
GEOMETRIC_REPRESENTATION_ITEM() RATIONAL_B_SPLINE_CURVE((1.,
0.989511740461,1.)) REPRESENTATION_ITEM('') );
#437 = CARTESIAN_POINT('',(5.961541382891,-4.119284763059,0.));
#438 = CARTESIAN_POINT('',(5.848699535515,-4.026667682648,0.));
#439 = CARTESIAN_POINT('',(5.76704381219,-3.905657150251,0.));
#440 = ORIENTED_EDGE('',*,*,#441,.F.);
#441 = EDGE_CURVE('',#442,#434,#444,.T.);
#442 = VERTEX_POINT('',#443);
#443 = CARTESIAN_POINT('',(5.987993733518,-4.323033043244,0.));
#444 = ( BOUNDED_CURVE() B_SPLINE_CURVE(2,(#445,#446,#447),
.UNSPECIFIED.,.F.,.F.) B_SPLINE_CURVE_WITH_KNOTS((3,3),(0.,
1.508825302794),.PIECEWISE_BEZIER_KNOTS.) CURVE() 
GEOMETRIC_REPRESENTATION_ITEM() RATIONAL_B_SPLINE_CURVE((1.,
0.728673920883,1.)) REPRESENTATION_ITEM('') );
#445 = CARTESIAN_POINT('',(5.987993733518,-4.323033043244,0.));
#446 = CARTESIAN_POINT('',(6.070516291906,-4.208727980674,0.));
#447 = CARTESIAN_POINT('',(5.961541382891,-4.119284763059,0.));
#448 = ORIENTED_EDGE('',*,*,#449,.F.);
#449 = EDGE_CURVE('',#450,#442,#452,.T.);
#450 = VERTEX_POINT('',#451);
#451 = CARTESIAN_POINT('',(5.72553608456,-4.665074510663,0.));
#452 = ( BOUNDED_CURVE() B_SPLINE_CURVE(2,(#453,#454,#455),
.UNSPECIFIED.,.F.,.F.) B_SPLINE_CURVE_WITH_KNOTS((3,3),(0.,
5.838450169226E-02),.PIECEWISE_BEZIER_KNOTS.) CURVE() 
GEOMETRIC_REPRESENTATION_ITEM() RATIONAL_B_SPLINE_CURVE((1.,
0.999573936504,1.)) REPRESENTATION_ITEM('') );
#453 = CARTESIAN_POINT('',(5.72553608456,-4.665074510663,0.));
#454 = CARTESIAN_POINT('',(5.861758807857,-4.497885730292,0.));
#455 = CARTESIAN_POINT('',(5.987993733518,-4.323033043244,0.));
#456 = ORIENTED_EDGE('',*,*,#457,.F.);
#457 = EDGE_CURVE('',#458,#450,#460,.T.);
#458 = VERTEX_POINT('',#459);
#459 = CARTESIAN_POINT('',(5.521883986536,-4.692257437345,0.));
#460 = ( BOUNDED_CURVE() B_SPLINE_CURVE(2,(#461,#462,#463),
.UNSPECIFIED.,.F.,.F.) B_SPLINE_CURVE_WITH_KNOTS((3,3),(0.,
1.508825302794),.PIECEWISE_BEZIER_KNOTS.) CURVE() 
GEOMETRIC_REPRESENTATION_ITEM() RATIONAL_B_SPLINE_CURVE((1.,
0.728673920883,1.)) REPRESENTATION_ITEM('') );
#461 = CARTESIAN_POINT('',(5.521883986536,-4.692257437345,0.));
#462 = CARTESIAN_POINT('',(5.636484282309,-4.774369508207,0.));
#463 = CARTESIAN_POINT('',(5.72553608456,-4.665074510663,0.));
#464 = ORIENTED_EDGE('',*,*,#465,.F.);
#465 = EDGE_CURVE('',#466,#458,#468,.T.);
#466 = VERTEX_POINT('',#467);
#467 = CARTESIAN_POINT('',(5.265195882593,-4.559678105409,0.));
#468 = ( BOUNDED_CURVE() B_SPLINE_CURVE(2,(#469,#470,#471),
.UNSPECIFIED.,.F.,.F.) B_SPLINE_CURVE_WITH_KNOTS((3,3),(0.,
0.289919229054),.PIECEWISE_BEZIER_KNOTS.) CURVE() 
GEOMETRIC_REPRESENTATION_ITEM() RATIONAL_B_SPLINE_CURVE((1.,
0.989511740461,1.)) REPRESENTATION_ITEM('') );
#469 = CARTESIAN_POINT('',(5.265195882593,-4.559678105409,0.));
#470 = CARTESIAN_POINT('',(5.403217137427,-4.607231646991,0.));
#471 = CARTESIAN_POINT('',(5.521883986536,-4.692257437345,0.));
#472 = ORIENTED_EDGE('',*,*,#473,.F.);
#473 = EDGE_CURVE('',#474,#466,#476,.T.);
#474 = VERTEX_POINT('',#475);
#475 = CARTESIAN_POINT('',(4.559678105409,-5.265195882593,0.));
#476 = ( BOUNDED_CURVE() B_SPLINE_CURVE(2,(#477,#478,#479),
.UNSPECIFIED.,.F.,.F.) B_SPLINE_CURVE_WITH_KNOTS((3,3),(0.,
2.234397261374),.PIECEWISE_BEZIER_KNOTS.) CURVE() 
GEOMETRIC_REPRESENTATION_ITEM() RATIONAL_B_SPLINE_CURVE((1.,
0.438202247191,1.)) REPRESENTATION_ITEM('') );
#477 = CARTESIAN_POINT('',(4.559678105409,-5.265195882593,0.));
#478 = CARTESIAN_POINT('',(4.188829017402,-4.188829017402,0.));
#479 = CARTESIAN_POINT('',(5.265195882593,-4.559678105409,0.));
#480 = ORIENTED_EDGE('',*,*,#481,.F.);
#481 = EDGE_CURVE('',#482,#474,#484,.T.);
#482 = VERTEX_POINT('',#483);
#483 = CARTESIAN_POINT('',(4.692257437345,-5.521883986536,0.));
#484 = ( BOUNDED_CURVE() B_SPLINE_CURVE(2,(#485,#486,#487),
.UNSPECIFIED.,.F.,.F.) B_SPLINE_CURVE_WITH_KNOTS((3,3),(0.,
0.289919229054),.PIECEWISE_BEZIER_KNOTS.) CURVE() 
GEOMETRIC_REPRESENTATION_ITEM() RATIONAL_B_SPLINE_CURVE((1.,
0.989511740461,1.)) REPRESENTATION_ITEM('') );
#485 = CARTESIAN_POINT('',(4.692257437345,-5.521883986536,0.));
#486 = CARTESIAN_POINT('',(4.607231646991,-5.403217137427,0.));
#487 = CARTESIAN_POINT('',(4.559678105409,-5.265195882593,0.));
#488 = ORIENTED_EDGE('',*,*,#489,.F.);
#489 = EDGE_CURVE('',#490,#482,#492,.T.);
#490 = VERTEX_POINT('',#491);
#491 = CARTESIAN_POINT('',(4.665074510663,-5.72553608456,0.));
#492 = ( BOUNDED_CURVE() B_SPLINE_CURVE(2,(#493,#494,#495),
.UNSPECIFIED.,.F.,.F.) B_SPLINE_CURVE_WITH_KNOTS((3,3),(0.,
1.508825302794),.PIECEWISE_BEZIER_KNOTS.) CURVE() 
GEOMETRIC_REPRESENTATION_ITEM() RATIONAL_B_SPLINE_CURVE((1.,
0.728673920883,1.)) REPRESENTATION_ITEM('') );
#493 = CARTESIAN_POINT('',(4.665074510663,-5.72553608456,0.));
#494 = CARTESIAN_POINT('',(4.774369508207,-5.636484282309,0.));
#495 = CARTESIAN_POINT('',(4.692257437345,-5.521883986536,0.));
#496 = ORIENTED_EDGE('',*,*,#497,.F.);
#497 = EDGE_CURVE('',#498,#490,#500,.T.);
#498 = VERTEX_POINT('',#499);
#499 = CARTESIAN_POINT('',(4.323033043244,-5.987993733518,0.));
#500 = ( BOUNDED_CURVE() B_SPLINE_CURVE(2,(#501,#502,#503),
.UNSPECIFIED.,.F.,.F.) B_SPLINE_CURVE_WITH_KNOTS((3,3),(0.,
5.838450169226E-02),.PIECEWISE_BEZIER_KNOTS.) CURVE() 
GEOMETRIC_REPRESENTATION_ITEM() RATIONAL_B_SPLINE_CURVE((1.,
0.999573936504,1.)) REPRESENTATION_ITEM('') );
#501 = CARTESIAN_POINT('',(4.323033043244,-5.987993733518,0.));
#502 = CARTESIAN_POINT('',(4.497885730292,-5.861758807857,0.));
#503 = CARTESIAN_POINT('',(4.665074510663,-5.72553608456,0.));
#504 = ORIENTED_EDGE('',*,*,#505,.F.);
#505 = EDGE_CURVE('',#506,#498,#508,.T.);
#506 = VERTEX_POINT('',#507);
#507 = CARTESIAN_POINT('',(4.119284763059,-5.961541382891,0.));
#508 = ( BOUNDED_CURVE() B_SPLINE_CURVE(2,(#509,#510,#511),
.UNSPECIFIED.,.F.,.F.) B_SPLINE_CURVE_WITH_KNOTS((3,3),(0.,
1.508825302794),.PIECEWISE_BEZIER_KNOTS.) CURVE() 
GEOMETRIC_REPRESENTATION_ITEM() RATIONAL_B_SPLINE_CURVE((1.,
0.728673920883,1.)) REPRESENTATION_ITEM('') );
#509 = CARTESIAN_POINT('',(4.119284763059,-5.961541382891,0.));
#510 = CARTESIAN_POINT('',(4.208727980674,-6.070516291906,0.));
#511 = CARTESIAN_POINT('',(4.323033043244,-5.987993733518,0.));
#512 = ORIENTED_EDGE('',*,*,#513,.F.);
#513 = EDGE_CURVE('',#514,#506,#516,.T.);
#514 = VERTEX_POINT('',#515);
#515 = CARTESIAN_POINT('',(3.905657150251,-5.76704381219,0.));
#516 = ( BOUNDED_CURVE() B_SPLINE_CURVE(2,(#517,#518,#519),
.UNSPECIFIED.,.F.,.F.) B_SPLINE_CURVE_WITH_KNOTS((3,3),(0.,
0.289919229054),.PIECEWISE_BEZIER_KNOTS.) CURVE() 
GEOMETRIC_REPRESENTATION_ITEM() RATIONAL_B_SPLINE_CURVE((1.,
0.989511740461,1.)) REPRESENTATION_ITEM('') );
#517 = CARTESIAN_POINT('',(3.905657150251,-5.76704381219,0.));
#518 = CARTESIAN_POINT('',(4.026667682648,-5.848699535515,0.));
#519 = CARTESIAN_POINT('',(4.119284763059,-5.961541382891,0.));
#520 = ORIENTED_EDGE('',*,*,#521,.F.);
#521 = EDGE_CURVE('',#522,#514,#524,.T.);
#522 = VERTEX_POINT('',#523);
#523 = CARTESIAN_POINT('',(3.041577870969,-6.265920216685,0.));
#524 = ( BOUNDED_CURVE() B_SPLINE_CURVE(2,(#525,#526,#527),
.UNSPECIFIED.,.F.,.F.) B_SPLINE_CURVE_WITH_KNOTS((3,3),(0.,
2.234397261374),.PIECEWISE_BEZIER_KNOTS.) CURVE() 
GEOMETRIC_REPRESENTATION_ITEM() RATIONAL_B_SPLINE_CURVE((1.,
0.438202247191,1.)) REPRESENTATION_ITEM('') );
#525 = CARTESIAN_POINT('',(3.041577870969,-6.265920216685,0.));
#526 = CARTESIAN_POINT('',(2.961949403436,-5.1302468562,0.));
#527 = CARTESIAN_POINT('',(3.905657150251,-5.76704381219,0.));
#528 = ORIENTED_EDGE('',*,*,#529,.F.);
#529 = EDGE_CURVE('',#530,#522,#532,.T.);
#530 = VERTEX_POINT('',#531);
#531 = CARTESIAN_POINT('',(3.103203901767,-6.548175941677,0.));
#532 = ( BOUNDED_CURVE() B_SPLINE_CURVE(2,(#533,#534,#535),
.UNSPECIFIED.,.F.,.F.) B_SPLINE_CURVE_WITH_KNOTS((3,3),(0.,
0.289919229054),.PIECEWISE_BEZIER_KNOTS.) CURVE() 
GEOMETRIC_REPRESENTATION_ITEM() RATIONAL_B_SPLINE_CURVE((1.,
0.989511740461,1.)) REPRESENTATION_ITEM('') );
#533 = CARTESIAN_POINT('',(3.103203901767,-6.548175941677,0.));
#534 = CARTESIAN_POINT('',(3.051788535534,-6.411546273529,0.));
#535 = CARTESIAN_POINT('',(3.041577870969,-6.265920216685,0.));
#536 = ORIENTED_EDGE('',*,*,#537,.F.);
#537 = EDGE_CURVE('',#538,#530,#540,.T.);
#538 = VERTEX_POINT('',#539);
#539 = CARTESIAN_POINT('',(3.024238169307,-6.737853303608,0.));
#540 = ( BOUNDED_CURVE() B_SPLINE_CURVE(2,(#541,#542,#543),
.UNSPECIFIED.,.F.,.F.) B_SPLINE_CURVE_WITH_KNOTS((3,3),(0.,
1.508825302794),.PIECEWISE_BEZIER_KNOTS.) CURVE() 
GEOMETRIC_REPRESENTATION_ITEM() RATIONAL_B_SPLINE_CURVE((1.,
0.728673920883,1.)) REPRESENTATION_ITEM('') );
#541 = CARTESIAN_POINT('',(3.024238169307,-6.737853303608,0.));
#542 = CARTESIAN_POINT('',(3.152857332541,-6.680123494835,0.));
#543 = CARTESIAN_POINT('',(3.103203901767,-6.548175941677,0.));
#544 = ORIENTED_EDGE('',*,*,#545,.F.);
#545 = EDGE_CURVE('',#546,#538,#548,.T.);
#546 = VERTEX_POINT('',#547);
#547 = CARTESIAN_POINT('',(2.625922444182,-6.902841079061,0.));
#548 = ( BOUNDED_CURVE() B_SPLINE_CURVE(2,(#549,#550,#551),
.UNSPECIFIED.,.F.,.F.) B_SPLINE_CURVE_WITH_KNOTS((3,3),(0.,
5.838450169226E-02),.PIECEWISE_BEZIER_KNOTS.) CURVE() 
GEOMETRIC_REPRESENTATION_ITEM() RATIONAL_B_SPLINE_CURVE((1.,
0.999573936504,1.)) REPRESENTATION_ITEM('') );
#549 = CARTESIAN_POINT('',(2.625922444182,-6.902841079061,0.));
#550 = CARTESIAN_POINT('',(2.827489173315,-6.826162709681,0.));
#551 = CARTESIAN_POINT('',(3.024238169307,-6.737853303608,0.));
#552 = ORIENTED_EDGE('',*,*,#553,.F.);
#553 = EDGE_CURVE('',#554,#546,#556,.T.);
#554 = VERTEX_POINT('',#555);
#555 = CARTESIAN_POINT('',(2.435963090418,-6.824556135106,0.));
#556 = ( BOUNDED_CURVE() B_SPLINE_CURVE(2,(#557,#558,#559),
.UNSPECIFIED.,.F.,.F.) B_SPLINE_CURVE_WITH_KNOTS((3,3),(0.,
1.508825302794),.PIECEWISE_BEZIER_KNOTS.) CURVE() 
GEOMETRIC_REPRESENTATION_ITEM() RATIONAL_B_SPLINE_CURVE((1.,
0.728673920883,1.)) REPRESENTATION_ITEM('') );
#557 = CARTESIAN_POINT('',(2.435963090418,-6.824556135106,0.));
#558 = CARTESIAN_POINT('',(2.494153822408,-6.952967422315,0.));
#559 = CARTESIAN_POINT('',(2.625922444182,-6.902841079061,0.));
#560 = ORIENTED_EDGE('',*,*,#561,.F.);
#561 = EDGE_CURVE('',#562,#554,#564,.T.);
#562 = VERTEX_POINT('',#563);
#563 = CARTESIAN_POINT('',(2.279954337522,-6.581395013661,0.));
#564 = ( BOUNDED_CURVE() B_SPLINE_CURVE(2,(#565,#566,#567),
.UNSPECIFIED.,.F.,.F.) B_SPLINE_CURVE_WITH_KNOTS((3,3),(0.,
0.289919229054),.PIECEWISE_BEZIER_KNOTS.) CURVE() 
GEOMETRIC_REPRESENTATION_ITEM() RATIONAL_B_SPLINE_CURVE((1.,
0.989511740461,1.)) REPRESENTATION_ITEM('') );
#565 = CARTESIAN_POINT('',(2.279954337522,-6.581395013661,0.));
#566 = CARTESIAN_POINT('',(2.37570747968,-6.691588216127,0.));
#567 = CARTESIAN_POINT('',(2.435963090418,-6.824556135106,0.));
#568 = ORIENTED_EDGE('',*,*,#569,.F.);
#569 = EDGE_CURVE('',#570,#562,#572,.T.);
#570 = VERTEX_POINT('',#571);
#571 = CARTESIAN_POINT('',(1.316199131068,-6.839632442932,0.));
#572 = ( BOUNDED_CURVE() B_SPLINE_CURVE(2,(#573,#574,#575),
.UNSPECIFIED.,.F.,.F.) B_SPLINE_CURVE_WITH_KNOTS((3,3),(0.,
2.234397261374),.PIECEWISE_BEZIER_KNOTS.) CURVE() 
GEOMETRIC_REPRESENTATION_ITEM() RATIONAL_B_SPLINE_CURVE((1.,
0.438202247191,1.)) REPRESENTATION_ITEM('') );
#573 = CARTESIAN_POINT('',(1.316199131068,-6.839632442932,0.));
#574 = CARTESIAN_POINT('',(1.533217832479,-5.722046849881,0.));
#575 = CARTESIAN_POINT('',(2.279954337522,-6.581395013661,0.));
#576 = ORIENTED_EDGE('',*,*,#577,.F.);
#577 = EDGE_CURVE('',#578,#570,#580,.T.);
#578 = VERTEX_POINT('',#579);
#579 = CARTESIAN_POINT('',(1.302672148569,-7.128220527764,0.));
#580 = ( BOUNDED_CURVE() B_SPLINE_CURVE(2,(#581,#582,#583),
.UNSPECIFIED.,.F.,.F.) B_SPLINE_CURVE_WITH_KNOTS((3,3),(0.,
0.289919229054),.PIECEWISE_BEZIER_KNOTS.) CURVE() 
GEOMETRIC_REPRESENTATION_ITEM() RATIONAL_B_SPLINE_CURVE((1.,
0.989511740461,1.)) REPRESENTATION_ITEM('') );
#581 = CARTESIAN_POINT('',(1.302672148569,-7.128220527764,0.));
#582 = CARTESIAN_POINT('',(1.2883710787,-6.982939126671,0.));
#583 = CARTESIAN_POINT('',(1.316199131068,-6.839632442932,0.));
#584 = ORIENTED_EDGE('',*,*,#585,.F.);
#585 = EDGE_CURVE('',#586,#578,#588,.T.);
#586 = VERTEX_POINT('',#587);
#587 = CARTESIAN_POINT('',(1.177304994502,-7.290996954845,0.));
#588 = ( BOUNDED_CURVE() B_SPLINE_CURVE(2,(#589,#590,#591),
.UNSPECIFIED.,.F.,.F.) B_SPLINE_CURVE_WITH_KNOTS((3,3),(0.,
1.508825302794),.PIECEWISE_BEZIER_KNOTS.) CURVE() 
GEOMETRIC_REPRESENTATION_ITEM() RATIONAL_B_SPLINE_CURVE((1.,
0.728673920883,1.)) REPRESENTATION_ITEM('') );
#589 = CARTESIAN_POINT('',(1.177304994502,-7.290996954845,0.));
#590 = CARTESIAN_POINT('',(1.316483140006,-7.268523330614,0.));
#591 = CARTESIAN_POINT('',(1.302672148569,-7.128220527764,0.));
#592 = ORIENTED_EDGE('',*,*,#593,.F.);
#593 = EDGE_CURVE('',#594,#586,#596,.T.);
#594 = VERTEX_POINT('',#595);
#595 = CARTESIAN_POINT('',(0.74985957009,-7.347271212551,0.));
#596 = ( BOUNDED_CURVE() B_SPLINE_CURVE(2,(#597,#598,#599),
.UNSPECIFIED.,.F.,.F.) B_SPLINE_CURVE_WITH_KNOTS((3,3),(0.,
5.838450169226E-02),.PIECEWISE_BEZIER_KNOTS.) CURVE() 
GEOMETRIC_REPRESENTATION_ITEM() RATIONAL_B_SPLINE_CURVE((1.,
0.999573936504,1.)) REPRESENTATION_ITEM('') );
#597 = CARTESIAN_POINT('',(0.74985957009,-7.347271212551,0.));
#598 = CARTESIAN_POINT('',(0.964403901824,-7.325374903608,0.));
#599 = CARTESIAN_POINT('',(1.177304994502,-7.290996954845,0.));
#600 = ORIENTED_EDGE('',*,*,#601,.F.);
#601 = EDGE_CURVE('',#602,#594,#604,.T.);
#602 = VERTEX_POINT('',#603);
#603 = CARTESIAN_POINT('',(0.586634558785,-7.222488664825,0.));
#604 = ( BOUNDED_CURVE() B_SPLINE_CURVE(2,(#605,#606,#607),
.UNSPECIFIED.,.F.,.F.) B_SPLINE_CURVE_WITH_KNOTS((3,3),(0.,
1.508825302794),.PIECEWISE_BEZIER_KNOTS.) CURVE() 
GEOMETRIC_REPRESENTATION_ITEM() RATIONAL_B_SPLINE_CURVE((1.,
0.728673920883,1.)) REPRESENTATION_ITEM('') );
#605 = CARTESIAN_POINT('',(0.586634558785,-7.222488664825,0.));
#606 = CARTESIAN_POINT('',(0.609607202929,-7.361585313215,0.));
#607 = CARTESIAN_POINT('',(0.74985957009,-7.347271212551,0.));
#608 = ORIENTED_EDGE('',*,*,#609,.F.);
#609 = EDGE_CURVE('',#610,#602,#612,.T.);
#610 = VERTEX_POINT('',#611);
#611 = CARTESIAN_POINT('',(0.498876404494,-6.94723502122,0.));
#612 = ( BOUNDED_CURVE() B_SPLINE_CURVE(2,(#613,#614,#615),
.UNSPECIFIED.,.F.,.F.) B_SPLINE_CURVE_WITH_KNOTS((3,3),(0.,
0.289919229054),.PIECEWISE_BEZIER_KNOTS.) CURVE() 
GEOMETRIC_REPRESENTATION_ITEM() RATIONAL_B_SPLINE_CURVE((1.,
0.989511740461,1.)) REPRESENTATION_ITEM('') );
#613 = CARTESIAN_POINT('',(0.498876404494,-6.94723502122,0.));
#614 = CARTESIAN_POINT('',(0.562846738014,-7.078456218183,0.));
#615 = CARTESIAN_POINT('',(0.586634558785,-7.222488664825,0.));
#616 = ORIENTED_EDGE('',*,*,#617,.F.);
#617 = EDGE_CURVE('',#618,#610,#620,.T.);
#618 = VERTEX_POINT('',#619);
#619 = CARTESIAN_POINT('',(-0.498876404494,-6.94723502122,0.));
#620 = ( BOUNDED_CURVE() B_SPLINE_CURVE(2,(#621,#622,#623),
.UNSPECIFIED.,.F.,.F.) B_SPLINE_CURVE_WITH_KNOTS((3,3),(0.,
2.234397261374),.PIECEWISE_BEZIER_KNOTS.) CURVE() 
GEOMETRIC_REPRESENTATION_ITEM() RATIONAL_B_SPLINE_CURVE((1.,
0.438202247191,1.)) REPRESENTATION_ITEM('') );
#621 = CARTESIAN_POINT('',(-0.498876404494,-6.94723502122,0.));
#622 = CARTESIAN_POINT('',(-1.33E-15,-5.923898806873,0.));
#623 = CARTESIAN_POINT('',(0.498876404494,-6.94723502122,0.));
#624 = ORIENTED_EDGE('',*,*,#625,.F.);
#625 = EDGE_CURVE('',#626,#618,#628,.T.);
#626 = VERTEX_POINT('',#627);
#627 = CARTESIAN_POINT('',(-0.586634558785,-7.222488664825,0.));
#628 = ( BOUNDED_CURVE() B_SPLINE_CURVE(2,(#629,#630,#631),
.UNSPECIFIED.,.F.,.F.) B_SPLINE_CURVE_WITH_KNOTS((3,3),(0.,
0.289919229054),.PIECEWISE_BEZIER_KNOTS.) CURVE() 
GEOMETRIC_REPRESENTATION_ITEM() RATIONAL_B_SPLINE_CURVE((1.,
0.989511740461,1.)) REPRESENTATION_ITEM('') );
#629 = CARTESIAN_POINT('',(-0.586634558785,-7.222488664825,0.));
#630 = CARTESIAN_POINT('',(-0.562846738014,-7.078456218183,0.));
#631 = CARTESIAN_POINT('',(-0.498876404494,-6.94723502122,0.));
#632 = ORIENTED_EDGE('',*,*,#633,.F.);
#633 = EDGE_CURVE('',#634,#626,#636,.T.);
#634 = VERTEX_POINT('',#635);
#635 = CARTESIAN_POINT('',(-0.74985957009,-7.347271212551,0.));
#636 = ( BOUNDED_CURVE() B_SPLINE_CURVE(2,(#637,#638,#639),
.UNSPECIFIED.,.F.,.F.) B_SPLINE_CURVE_WITH_KNOTS((3,3),(0.,
1.508825302794),.PIECEWISE_BEZIER_KNOTS.) CURVE() 
GEOMETRIC_REPRESENTATION_ITEM() RATIONAL_B_SPLINE_CURVE((1.,
0.728673920883,1.)) REPRESENTATION_ITEM('') );
#637 = CARTESIAN_POINT('',(-0.74985957009,-7.347271212551,0.));
#638 = CARTESIAN_POINT('',(-0.609607202929,-7.361585313215,0.));
#639 = CARTESIAN_POINT('',(-0.586634558785,-7.222488664825,0.));
#640 = ORIENTED_EDGE('',*,*,#641,.F.);
#641 = EDGE_CURVE('',#642,#634,#644,.T.);
#642 = VERTEX_POINT('',#643);
#643 = CARTESIAN_POINT('',(-1.177304994502,-7.290996954845,0.));
#644 = ( BOUNDED_CURVE() B_SPLINE_CURVE(2,(#645,#646,#647),
.UNSPECIFIED.,.F.,.F.) B_SPLINE_CURVE_WITH_KNOTS((3,3),(0.,
5.838450169226E-02),.PIECEWISE_BEZIER_KNOTS.) CURVE() 
GEOMETRIC_REPRESENTATION_ITEM() RATIONAL_B_SPLINE_CURVE((1.,
0.999573936504,1.)) REPRESENTATION_ITEM('') );
#645 = CARTESIAN_POINT('',(-1.177304994502,-7.290996954845,0.));
#646 = CARTESIAN_POINT('',(-0.964403901824,-7.325374903608,0.));
#647 = CARTESIAN_POINT('',(-0.74985957009,-7.347271212551,0.));
#648 = ORIENTED_EDGE('',*,*,#649,.F.);
#649 = EDGE_CURVE('',#650,#642,#652,.T.);
#650 = VERTEX_POINT('',#651);
#651 = CARTESIAN_POINT('',(-1.302672148569,-7.128220527764,0.));
#652 = ( BOUNDED_CURVE() B_SPLINE_CURVE(2,(#653,#654,#655),
.UNSPECIFIED.,.F.,.F.) B_SPLINE_CURVE_WITH_KNOTS((3,3),(0.,
1.508825302794),.PIECEWISE_BEZIER_KNOTS.) CURVE() 
GEOMETRIC_REPRESENTATION_ITEM() RATIONAL_B_SPLINE_CURVE((1.,
0.728673920883,1.)) REPRESENTATION_ITEM('') );
#653 = CARTESIAN_POINT('',(-1.302672148569,-7.128220527764,0.));
#654 = CARTESIAN_POINT('',(-1.316483140006,-7.268523330614,0.));
#655 = CARTESIAN_POINT('',(-1.177304994502,-7.290996954845,0.));
#656 = ORIENTED_EDGE('',*,*,#657,.F.);
#657 = EDGE_CURVE('',#658,#650,#660,.T.);
#658 = VERTEX_POINT('',#659);
#659 = CARTESIAN_POINT('',(-1.316199131068,-6.839632442932,0.));
#660 = ( BOUNDED_CURVE() B_SPLINE_CURVE(2,(#661,#662,#663),
.UNSPECIFIED.,.F.,.F.) B_SPLINE_CURVE_WITH_KNOTS((3,3),(0.,
0.289919229054),.PIECEWISE_BEZIER_KNOTS.) CURVE() 
GEOMETRIC_REPRESENTATION_ITEM() RATIONAL_B_SPLINE_CURVE((1.,
0.989511740461,1.)) REPRESENTATION_ITEM('') );
#661 = CARTESIAN_POINT('',(-1.316199131068,-6.839632442932,0.));
#662 = CARTESIAN_POINT('',(-1.2883710787,-6.982939126671,0.));
#663 = CARTESIAN_POINT('',(-1.302672148569,-7.128220527764,0.));
#664 = ORIENTED_EDGE('',*,*,#665,.F.);
#665 = EDGE_CURVE('',#666,#658,#668,.T.);
#666 = VERTEX_POINT('',#667);
#667 = CARTESIAN_POINT('',(-2.279954337522,-6.581395013661,0.));
#668 = ( BOUNDED_CURVE() B_SPLINE_CURVE(2,(#669,#670,#671),
.UNSPECIFIED.,.F.,.F.) B_SPLINE_CURVE_WITH_KNOTS((3,3),(0.,
2.234397261374),.PIECEWISE_BEZIER_KNOTS.) CURVE() 
GEOMETRIC_REPRESENTATION_ITEM() RATIONAL_B_SPLINE_CURVE((1.,
0.438202247191,1.)) REPRESENTATION_ITEM('') );
#669 = CARTESIAN_POINT('',(-2.279954337522,-6.581395013661,0.));
#670 = CARTESIAN_POINT('',(-1.533217832479,-5.722046849881,0.));
#671 = CARTESIAN_POINT('',(-1.316199131068,-6.839632442932,0.));
#672 = ORIENTED_EDGE('',*,*,#673,.F.);
#673 = EDGE_CURVE('',#674,#666,#676,.T.);
#674 = VERTEX_POINT('',#675);
#675 = CARTESIAN_POINT('',(-2.435963090418,-6.824556135106,0.));
#676 = ( BOUNDED_CURVE() B_SPLINE_CURVE(2,(#677,#678,#679),
.UNSPECIFIED.,.F.,.F.) B_SPLINE_CURVE_WITH_KNOTS((3,3),(0.,
0.289919229054),.PIECEWISE_BEZIER_KNOTS.) CURVE() 
GEOMETRIC_REPRESENTATION_ITEM() RATIONAL_B_SPLINE_CURVE((1.,
0.989511740461,1.)) REPRESENTATION_ITEM('') );
#677 = CARTESIAN_POINT('',(-2.435963090418,-6.824556135106,0.));
#678 = CARTESIAN_POINT('',(-2.37570747968,-6.691588216127,0.));
#679 = CARTESIAN_POINT('',(-2.279954337522,-6.581395013661,0.));
#680 = ORIENTED_EDGE('',*,*,#681,.F.);
#681 = EDGE_CURVE('',#682,#674,#684,.T.);
#682 = VERTEX_POINT('',#683);
#683 = CARTESIAN_POINT('',(-2.625922444182,-6.902841079061,0.));
#684 = ( BOUNDED_CURVE() B_SPLINE_CURVE(2,(#685,#686,#687),
.UNSPECIFIED.,.F.,.F.) B_SPLINE_CURVE_WITH_KNOTS((3,3),(0.,
1.508825302794),.PIECEWISE_BEZIER_KNOTS.) CURVE() 
GEOMETRIC_REPRESENTATION_ITEM() RATIONAL_B_SPLINE_CURVE((1.,
0.728673920883,1.)) REPRESENTATION_ITEM('') );
#685 = CARTESIAN_POINT('',(-2.625922444182,-6.902841079061,0.));
#686 = CARTESIAN_POINT('',(-2.494153822408,-6.952967422315,0.));
#687 = CARTESIAN_POINT('',(-2.435963090418,-6.824556135106,0.));
#688 = ORIENTED_EDGE('',*,*,#689,.F.);
#689 = EDGE_CURVE('',#690,#682,#692,.T.);
#690 = VERTEX_POINT('',#691);
#691 = CARTESIAN_POINT('',(-3.024238169307,-6.737853303608,0.));
#692 = ( BOUNDED_CURVE() B_SPLINE_CURVE(2,(#693,#694,#695),
.UNSPECIFIED.,.F.,.F.) B_SPLINE_CURVE_WITH_KNOTS((3,3),(0.,
5.838450169226E-02),.PIECEWISE_BEZIER_KNOTS.) CURVE() 
GEOMETRIC_REPRESENTATION_ITEM() RATIONAL_B_SPLINE_CURVE((1.,
0.999573936504,1.)) REPRESENTATION_ITEM('') );
#693 = CARTESIAN_POINT('',(-3.024238169307,-6.737853303608,0.));
#694 = CARTESIAN_POINT('',(-2.827489173315,-6.826162709681,0.));
#695 = CARTESIAN_POINT('',(-2.625922444182,-6.902841079061,0.));
#696 = ORIENTED_EDGE('',*,*,#697,.F.);
#697 = EDGE_CURVE('',#698,#690,#700,.T.);
#698 = VERTEX_POINT('',#699);
#699 = CARTESIAN_POINT('',(-3.103203901767,-6.548175941677,0.));
#700 = ( BOUNDED_CURVE() B_SPLINE_CURVE(2,(#701,#702,#703),
.UNSPECIFIED.,.F.,.F.) B_SPLINE_CURVE_WITH_KNOTS((3,3),(0.,
1.508825302794),.PIECEWISE_BEZIER_KNOTS.) CURVE() 
GEOMETRIC_REPRESENTATION_ITEM() RATIONAL_B_SPLINE_CURVE((1.,
0.728673920883,1.)) REPRESENTATION_ITEM('') );
#701 = CARTESIAN_POINT('',(-3.103203901767,-6.548175941677,0.));
#702 = CARTESIAN_POINT('',(-3.152857332541,-6.680123494835,0.));
#703 = CARTESIAN_POINT('',(-3.024238169307,-6.737853303608,0.));
#704 = ORIENTED_EDGE('',*,*,#705,.F.);
#705 = EDGE_CURVE('',#706,#698,#708,.T.);
#706 = VERTEX_POINT('',#707);
#707 = CARTESIAN_POINT('',(-3.041577870969,-6.265920216685,0.));
#708 = ( BOUNDED_CURVE() B_SPLINE_CURVE(2,(#709,#710,#711),
.UNSPECIFIED.,.F.,.F.) B_SPLINE_CURVE_WITH_KNOTS((3,3),(0.,
0.289919229054),.PIECEWISE_BEZIER_KNOTS.) CURVE() 
GEOMETRIC_REPRESENTATION_ITEM() RATIONAL_B_SPLINE_CURVE((1.,
0.989511740461,1.)) REPRESENTATION_ITEM('') );
#709 = CARTESIAN_POINT('',(-3.041577870969,-6.265920216685,0.));
#710 = CARTESIAN_POINT('',(-3.051788535534,-6.411546273529,0.));
#711 = CARTESIAN_POINT('',(-3.103203901767,-6.548175941677,0.));
#712 = ORIENTED_EDGE('',*,*,#713,.F.);
#713 = EDGE_CURVE('',#714,#706,#716,.T.);
#714 = VERTEX_POINT('',#715);
#715 = CARTESIAN_POINT('',(-3.905657150251,-5.76704381219,0.));
#716 = ( BOUNDED_CURVE() B_SPLINE_CURVE(2,(#717,#718,#719),
.UNSPECIFIED.,.F.,.F.) B_SPLINE_CURVE_WITH_KNOTS((3,3),(0.,
2.234397261374),.PIECEWISE_BEZIER_KNOTS.) CURVE() 
GEOMETRIC_REPRESENTATION_ITEM() RATIONAL_B_SPLINE_CURVE((1.,
0.438202247191,1.)) REPRESENTATION_ITEM('') );
#717 = CARTESIAN_POINT('',(-3.905657150251,-5.76704381219,0.));
#718 = CARTESIAN_POINT('',(-2.961949403436,-5.1302468562,0.));
#719 = CARTESIAN_POINT('',(-3.041577870969,-6.265920216685,0.));
#720 = ORIENTED_EDGE('',*,*,#721,.F.);
#721 = EDGE_CURVE('',#722,#714,#724,.T.);
#722 = VERTEX_POINT('',#723);
#723 = CARTESIAN_POINT('',(-4.119284763059,-5.961541382891,0.));
#724 = ( BOUNDED_CURVE() B_SPLINE_CURVE(2,(#725,#726,#727),
.UNSPECIFIED.,.F.,.F.) B_SPLINE_CURVE_WITH_KNOTS((3,3),(0.,
0.289919229054),.PIECEWISE_BEZIER_KNOTS.) CURVE() 
GEOMETRIC_REPRESENTATION_ITEM() RATIONAL_B_SPLINE_CURVE((1.,
0.989511740461,1.)) REPRESENTATION_ITEM('') );
#725 = CARTESIAN_POINT('',(-4.119284763059,-5.961541382891,0.));
#726 = CARTESIAN_POINT('',(-4.026667682648,-5.848699535515,0.));
#727 = CARTESIAN_POINT('',(-3.905657150251,-5.76704381219,0.));
#728 = ORIENTED_EDGE('',*,*,#729,.F.);
#729 = EDGE_CURVE('',#730,#722,#732,.T.);
#730 = VERTEX_POINT('',#731);
#731 = CARTESIAN_POINT('',(-4.323033043244,-5.987993733518,0.));
#732 = ( BOUNDED_CURVE() B_SPLINE_CURVE(2,(#733,#734,#735),
.UNSPECIFIED.,.F.,.F.) B_SPLINE_CURVE_WITH_KNOTS((3,3),(0.,
1.508825302794),.PIECEWISE_BEZIER_KNOTS.) CURVE() 
GEOMETRIC_REPRESENTATION_ITEM() RATIONAL_B_SPLINE_CURVE((1.,
0.728673920883,1.)) REPRESENTATION_ITEM('') );
#733 = CARTESIAN_POINT('',(-4.323033043244,-5.987993733518,0.));
#734 = CARTESIAN_POINT('',(-4.208727980674,-6.070516291906,0.));
#735 = CARTESIAN_POINT('',(-4.119284763059,-5.961541382891,0.));
#736 = ORIENTED_EDGE('',*,*,#737,.F.);
#737 = EDGE_CURVE('',#738,#730,#740,.T.);
#738 = VERTEX_POINT('',#739);
#739 = CARTESIAN_POINT('',(-4.665074510663,-5.72553608456,0.));
#740 = ( BOUNDED_CURVE() B_SPLINE_CURVE(2,(#741,#742,#743),
.UNSPECIFIED.,.F.,.F.) B_SPLINE_CURVE_WITH_KNOTS((3,3),(0.,
5.838450169226E-02),.PIECEWISE_BEZIER_KNOTS.) CURVE() 
GEOMETRIC_REPRESENTATION_ITEM() RATIONAL_B_SPLINE_CURVE((1.,
0.999573936504,1.)) REPRESENTATION_ITEM('') );
#741 = CARTESIAN_POINT('',(-4.665074510663,-5.72553608456,0.));
#742 = CARTESIAN_POINT('',(-4.497885730292,-5.861758807857,0.));
#743 = CARTESIAN_POINT('',(-4.323033043244,-5.987993733518,0.));
#744 = ORIENTED_EDGE('',*,*,#745,.F.);
#745 = EDGE_CURVE('',#746,#738,#748,.T.);
#746 = VERTEX_POINT('',#747);
#747 = CARTESIAN_POINT('',(-4.692257437345,-5.521883986536,0.));
#748 = ( BOUNDED_CURVE() B_SPLINE_CURVE(2,(#749,#750,#751),
.UNSPECIFIED.,.F.,.F.) B_SPLINE_CURVE_WITH_KNOTS((3,3),(0.,
1.508825302794),.PIECEWISE_BEZIER_KNOTS.) CURVE() 
GEOMETRIC_REPRESENTATION_ITEM() RATIONAL_B_SPLINE_CURVE((1.,
0.728673920883,1.)) REPRESENTATION_ITEM('') );
#749 = CARTESIAN_POINT('',(-4.692257437345,-5.521883986536,0.));
#750 = CARTESIAN_POINT('',(-4.774369508207,-5.636484282309,0.));
#751 = CARTESIAN_POINT('',(-4.665074510663,-5.72553608456,0.));
#752 = ORIENTED_EDGE('',*,*,#753,.F.);
#753 = EDGE_CURVE('',#754,#746,#756,.T.);
#754 = VERTEX_POINT('',#755);
#755 = CARTESIAN_POINT('',(-4.559678105409,-5.265195882593,0.));
#756 = ( BOUNDED_CURVE() B_SPLINE_CURVE(2,(#757,#758,#759),
.UNSPECIFIED.,.F.,.F.) B_SPLINE_CURVE_WITH_KNOTS((3,3),(0.,
0.289919229054),.PIECEWISE_BEZIER_KNOTS.) CURVE() 
GEOMETRIC_REPRESENTATION_ITEM() RATIONAL_B_SPLINE_CURVE((1.,
0.989511740461,1.)) REPRESENTATION_ITEM('') );
#757 = CARTESIAN_POINT('',(-4.559678105409,-5.265195882593,0.));
#758 = CARTESIAN_POINT('',(-4.607231646991,-5.403217137427,0.));
#759 = CARTESIAN_POINT('',(-4.692257437345,-5.521883986536,0.));
#760 = ORIENTED_EDGE('',*,*,#761,.F.);
#761 = EDGE_CURVE('',#762,#754,#764,.T.);
#762 = VERTEX_POINT('',#763);
#763 = CARTESIAN_POINT('',(-5.265195882593,-4.559678105409,0.));
#764 = ( BOUNDED_CURVE() B_SPLINE_CURVE(2,(#765,#766,#767),
.UNSPECIFIED.,.F.,.F.) B_SPLINE_CURVE_WITH_KNOTS((3,3),(0.,
2.234397261374),.PIECEWISE_BEZIER_KNOTS.) CURVE() 
GEOMETRIC_REPRESENTATION_ITEM() RATIONAL_B_SPLINE_CURVE((1.,
0.438202247191,1.)) REPRESENTATION_ITEM('') );
#765 = CARTESIAN_POINT('',(-5.265195882593,-4.559678105409,0.));
#766 = CARTESIAN_POINT('',(-4.188829017402,-4.188829017402,0.));
#767 = CARTESIAN_POINT('',(-4.559678105409,-5.265195882593,0.));
#768 = ORIENTED_EDGE('',*,*,#769,.F.);
#769 = EDGE_CURVE('',#770,#762,#772,.T.);
#770 = VERTEX_POINT('',#771);
#771 = CARTESIAN_POINT('',(-5.521883986536,-4.692257437345,0.));
#772 = ( BOUNDED_CURVE() B_SPLINE_CURVE(2,(#773,#774,#775),
.UNSPECIFIED.,.F.,.F.) B_SPLINE_CURVE_WITH_KNOTS((3,3),(0.,
0.289919229054),.PIECEWISE_BEZIER_KNOTS.) CURVE() 
GEOMETRIC_REPRESENTATION_ITEM() RATIONAL_B_SPLINE_CURVE((1.,
0.989511740461,1.)) REPRESENTATION_ITEM('') );
#773 = CARTESIAN_POINT('',(-5.521883986536,-4.692257437345,0.));
#774 = CARTESIAN_POINT('',(-5.403217137427,-4.607231646991,0.));
#775 = CARTESIAN_POINT('',(-5.265195882593,-4.559678105409,0.));
#776 = ORIENTED_EDGE('',*,*,#777,.F.);
#777 = EDGE_CURVE('',#778,#770,#780,.T.);
#778 = VERTEX_POINT('',#779);
#779 = CARTESIAN_POINT('',(-5.72553608456,-4.665074510663,0.));
#780 = ( BOUNDED_CURVE() B_SPLINE_CURVE(2,(#781,#782,#783),
.UNSPECIFIED.,.F.,.F.) B_SPLINE_CURVE_WITH_KNOTS((3,3),(0.,
1.508825302794),.PIECEWISE_BEZIER_KNOTS.) CURVE() 
GEOMETRIC_REPRESENTATION_ITEM() RATIONAL_B_SPLINE_CURVE((1.,
0.728673920883,1.)) REPRESENTATION_ITEM('') );
#781 = CARTESIAN_POINT('',(-5.72553608456,-4.665074510663,0.));
#782 = CARTESIAN_POINT('',(-5.636484282309,-4.774369508207,0.));
#783 = CARTESIAN_POINT('',(-5.521883986536,-4.692257437345,0.));
#784 = ORIENTED_EDGE('',*,*,#785,.F.);
#785 = EDGE_CURVE('',#786,#778,#788,.T.);
#786 = VERTEX_POINT('',#787);
#787 = CARTESIAN_POINT('',(-5.987993733518,-4.323033043244,0.));
#788 = ( BOUNDED_CURVE() B_SPLINE_CURVE(2,(#789,#790,#791),
.UNSPECIFIED.,.F.,.F.) B_SPLINE_CURVE_WITH_KNOTS((3,3),(0.,
5.838450169226E-02),.PIECEWISE_BEZIER_KNOTS.) CURVE() 
GEOMETRIC_REPRESENTATION_ITEM() RATIONAL_B_SPLINE_CURVE((1.,
0.999573936504,1.)) REPRESENTATION_ITEM('') );
#789 = CARTESIAN_POINT('',(-5.987993733518,-4.323033043244,0.));
#790 = CARTESIAN_POINT('',(-5.861758807857,-4.497885730292,0.));
#791 = CARTESIAN_POINT('',(-5.72553608456,-4.665074510663,0.));
#792 = ORIENTED_EDGE('',*,*,#793,.F.);
#793 = EDGE_CURVE('',#794,#786,#796,.T.);
#794 = VERTEX_POINT('',#795);
#795 = CARTESIAN_POINT('',(-5.961541382891,-4.119284763059,0.));
#796 = ( BOUNDED_CURVE() B_SPLINE_CURVE(2,(#797,#798,#799),
.UNSPECIFIED.,.F.,.F.) B_SPLINE_CURVE_WITH_KNOTS((3,3),(0.,
1.508825302794),.PIECEWISE_BEZIER_KNOTS.) CURVE() 
GEOMETRIC_REPRESENTATION_ITEM() RATIONAL_B_SPLINE_CURVE((1.,
0.728673920883,1.)) REPRESENTATION_ITEM('') );
#797 = CARTESIAN_POINT('',(-5.961541382891,-4.119284763059,0.));
#798 = CARTESIAN_POINT('',(-6.070516291906,-4.208727980674,0.));
#799 = CARTESIAN_POINT('',(-5.987993733518,-4.323033043244,0.));
#800 = ORIENTED_EDGE('',*,*,#801,.F.);
#801 = EDGE_CURVE('',#802,#794,#804,.T.);
#802 = VERTEX_POINT('',#803);
#803 = CARTESIAN_POINT('',(-5.76704381219,-3.905657150251,0.));
#804 = ( BOUNDED_CURVE() B_SPLINE_CURVE(2,(#805,#806,#807),
.UNSPECIFIED.,.F.,.F.) B_SPLINE_CURVE_WITH_KNOTS((3,3),(0.,
0.289919229054),.PIECEWISE_BEZIER_KNOTS.) CURVE() 
GEOMETRIC_REPRESENTATION_ITEM() RATIONAL_B_SPLINE_CURVE((1.,
0.989511740461,1.)) REPRESENTATION_ITEM('') );
#805 = CARTESIAN_POINT('',(-5.76704381219,-3.905657150251,0.));
#806 = CARTESIAN_POINT('',(-5.848699535515,-4.026667682648,0.));
#807 = CARTESIAN_POINT('',(-5.961541382891,-4.119284763059,0.));
#808 = ORIENTED_EDGE('',*,*,#809,.F.);
#809 = EDGE_CURVE('',#810,#802,#812,.T.);
#810 = VERTEX_POINT('',#811);
#811 = CARTESIAN_POINT('',(-6.265920216685,-3.041577870969,0.));
#812 = ( BOUNDED_CURVE() B_SPLINE_CURVE(2,(#813,#814,#815),
.UNSPECIFIED.,.F.,.F.) B_SPLINE_CURVE_WITH_KNOTS((3,3),(0.,
2.234397261374),.PIECEWISE_BEZIER_KNOTS.) CURVE() 
GEOMETRIC_REPRESENTATION_ITEM() RATIONAL_B_SPLINE_CURVE((1.,
0.438202247191,1.)) REPRESENTATION_ITEM('') );
#813 = CARTESIAN_POINT('',(-6.265920216685,-3.041577870969,0.));
#814 = CARTESIAN_POINT('',(-5.1302468562,-2.961949403436,0.));
#815 = CARTESIAN_POINT('',(-5.76704381219,-3.905657150251,0.));
#816 = ORIENTED_EDGE('',*,*,#817,.F.);
#817 = EDGE_CURVE('',#818,#810,#820,.T.);
#818 = VERTEX_POINT('',#819);
#819 = CARTESIAN_POINT('',(-6.548175941677,-3.103203901767,0.));
#820 = ( BOUNDED_CURVE() B_SPLINE_CURVE(2,(#821,#822,#823),
.UNSPECIFIED.,.F.,.F.) B_SPLINE_CURVE_WITH_KNOTS((3,3),(0.,
0.289919229054),.PIECEWISE_BEZIER_KNOTS.) CURVE() 
GEOMETRIC_REPRESENTATION_ITEM() RATIONAL_B_SPLINE_CURVE((1.,
0.989511740461,1.)) REPRESENTATION_ITEM('') );
#821 = CARTESIAN_POINT('',(-6.548175941677,-3.103203901767,0.));
#822 = CARTESIAN_POINT('',(-6.411546273529,-3.051788535534,0.));
#823 = CARTESIAN_POINT('',(-6.265920216685,-3.041577870969,0.));
#824 = ORIENTED_EDGE('',*,*,#825,.F.);
#825 = EDGE_CURVE('',#826,#818,#828,.T.);
#826 = VERTEX_POINT('',#827);
#827 = CARTESIAN_POINT('',(-6.737853303608,-3.024238169307,0.));
#828 = ( BOUNDED_CURVE() B_SPLINE_CURVE(2,(#829,#830,#831),
.UNSPECIFIED.,.F.,.F.) B_SPLINE_CURVE_WITH_KNOTS((3,3),(0.,
1.508825302794),.PIECEWISE_BEZIER_KNOTS.) CURVE() 
GEOMETRIC_REPRESENTATION_ITEM() RATIONAL_B_SPLINE_CURVE((1.,
0.728673920883,1.)) REPRESENTATION_ITEM('') );
#829 = CARTESIAN_POINT('',(-6.737853303608,-3.024238169307,0.));
#830 = CARTESIAN_POINT('',(-6.680123494835,-3.152857332541,0.));
#831 = CARTESIAN_POINT('',(-6.548175941677,-3.103203901767,0.));
#832 = ORIENTED_EDGE('',*,*,#833,.F.);
#833 = EDGE_CURVE('',#834,#826,#836,.T.);
#834 = VERTEX_POINT('',#835);
#835 = CARTESIAN_POINT('',(-6.902841079061,-2.625922444182,0.));
#836 = ( BOUNDED_CURVE() B_SPLINE_CURVE(2,(#837,#838,#839),
.UNSPECIFIED.,.F.,.F.) B_SPLINE_CURVE_WITH_KNOTS((3,3),(0.,
5.838450169226E-02),.PIECEWISE_BEZIER_KNOTS.) CURVE() 
GEOMETRIC_REPRESENTATION_ITEM() RATIONAL_B_SPLINE_CURVE((1.,
0.999573936504,1.)) REPRESENTATION_ITEM('') );
#837 = CARTESIAN_POINT('',(-6.902841079061,-2.625922444182,0.));
#838 = CARTESIAN_POINT('',(-6.826162709681,-2.827489173315,0.));
#839 = CARTESIAN_POINT('',(-6.737853303608,-3.024238169307,0.));
#840 = ORIENTED_EDGE('',*,*,#841,.F.);
#841 = EDGE_CURVE('',#842,#834,#844,.T.);
#842 = VERTEX_POINT('',#843);
#843 = CARTESIAN_POINT('',(-6.824556135106,-2.435963090418,0.));
#844 = ( BOUNDED_CURVE() B_SPLINE_CURVE(2,(#845,#846,#847),
.UNSPECIFIED.,.F.,.F.) B_SPLINE_CURVE_WITH_KNOTS((3,3),(0.,
1.508825302794),.PIECEWISE_BEZIER_KNOTS.) CURVE() 
GEOMETRIC_REPRESENTATION_ITEM() RATIONAL_B_SPLINE_CURVE((1.,
0.728673920883,1.)) REPRESENTATION_ITEM('') );
#845 = CARTESIAN_POINT('',(-6.824556135106,-2.435963090418,0.));
#846 = CARTESIAN_POINT('',(-6.952967422315,-2.494153822408,0.));
#847 = CARTESIAN_POINT('',(-6.902841079061,-2.625922444182,0.));
#848 = ORIENTED_EDGE('',*,*,#849,.F.);
#849 = EDGE_CURVE('',#850,#842,#852,.T.);
#850 = VERTEX_POINT('',#851);
#851 = CARTESIAN_POINT('',(-6.581395013661,-2.279954337522,0.));
#852 = ( BOUNDED_CURVE() B_SPLINE_CURVE(2,(#853,#854,#855),
.UNSPECIFIED.,.F.,.F.) B_SPLINE_CURVE_WITH_KNOTS((3,3),(0.,
0.289919229054),.PIECEWISE_BEZIER_KNOTS.) CURVE() 
GEOMETRIC_REPRESENTATION_ITEM() RATIONAL_B_SPLINE_CURVE((1.,
0.989511740461,1.)) REPRESENTATION_ITEM('') );
#853 = CARTESIAN_POINT('',(-6.581395013661,-2.279954337522,0.));
#854 = CARTESIAN_POINT('',(-6.691588216127,-2.37570747968,0.));
#855 = CARTESIAN_POINT('',(-6.824556135106,-2.435963090418,0.));
#856 = ORIENTED_EDGE('',*,*,#857,.F.);
#857 = EDGE_CURVE('',#858,#850,#860,.T.);
#858 = VERTEX_POINT('',#859);
#859 = CARTESIAN_POINT('',(-6.839632442932,-1.316199131068,0.));
#860 = ( BOUNDED_CURVE() B_SPLINE_CURVE(2,(#861,#862,#863),
.UNSPECIFIED.,.F.,.F.) B_SPLINE_CURVE_WITH_KNOTS((3,3),(0.,
2.234397261374),.PIECEWISE_BEZIER_KNOTS.) CURVE() 
GEOMETRIC_REPRESENTATION_ITEM() RATIONAL_B_SPLINE_CURVE((1.,
0.438202247191,1.)) REPRESENTATION_ITEM('') );
#861 = CARTESIAN_POINT('',(-6.839632442932,-1.316199131068,0.));
#862 = CARTESIAN_POINT('',(-5.722046849881,-1.533217832479,0.));
#863 = CARTESIAN_POINT('',(-6.581395013661,-2.279954337522,0.));
#864 = ORIENTED_EDGE('',*,*,#865,.F.);
#865 = EDGE_CURVE('',#866,#858,#868,.T.);
#866 = VERTEX_POINT('',#867);
#867 = CARTESIAN_POINT('',(-7.128220527764,-1.302672148569,0.));
#868 = ( BOUNDED_CURVE() B_SPLINE_CURVE(2,(#869,#870,#871),
.UNSPECIFIED.,.F.,.F.) B_SPLINE_CURVE_WITH_KNOTS((3,3),(0.,
0.289919229054),.PIECEWISE_BEZIER_KNOTS.) CURVE() 
GEOMETRIC_REPRESENTATION_ITEM() RATIONAL_B_SPLINE_CURVE((1.,
0.989511740461,1.)) REPRESENTATION_ITEM('') );
#869 = CARTESIAN_POINT('',(-7.128220527764,-1.302672148569,0.));
#870 = CARTESIAN_POINT('',(-6.982939126671,-1.2883710787,0.));
#871 = CARTESIAN_POINT('',(-6.839632442932,-1.316199131068,0.));
#872 = ORIENTED_EDGE('',*,*,#873,.F.);
#873 = EDGE_CURVE('',#874,#866,#876,.T.);
#874 = VERTEX_POINT('',#875);
#875 = CARTESIAN_POINT('',(-7.290996954845,-1.177304994502,0.));
#876 = ( BOUNDED_CURVE() B_SPLINE_CURVE(2,(#877,#878,#879),
.UNSPECIFIED.,.F.,.F.) B_SPLINE_CURVE_WITH_KNOTS((3,3),(0.,
1.508825302794),.PIECEWISE_BEZIER_KNOTS.) CURVE() 
GEOMETRIC_REPRESENTATION_ITEM() RATIONAL_B_SPLINE_CURVE((1.,
0.728673920883,1.)) REPRESENTATION_ITEM('') );
#877 = CARTESIAN_POINT('',(-7.290996954845,-1.177304994502,0.));
#878 = CARTESIAN_POINT('',(-7.268523330614,-1.316483140006,0.));
#879 = CARTESIAN_POINT('',(-7.128220527764,-1.302672148569,0.));
#880 = ORIENTED_EDGE('',*,*,#881,.F.);
#881 = EDGE_CURVE('',#882,#874,#884,.T.);
#882 = VERTEX_POINT('',#883);
#883 = CARTESIAN_POINT('',(-7.347271212551,-0.74985957009,0.));
#884 = ( BOUNDED_CURVE() B_SPLINE_CURVE(2,(#885,#886,#887),
.UNSPECIFIED.,.F.,.F.) B_SPLINE_CURVE_WITH_KNOTS((3,3),(0.,
5.838450169226E-02),.PIECEWISE_BEZIER_KNOTS.) CURVE() 
GEOMETRIC_REPRESENTATION_ITEM() RATIONAL_B_SPLINE_CURVE((1.,
0.999573936504,1.)) REPRESENTATION_ITEM('') );
#885 = CARTESIAN_POINT('',(-7.347271212551,-0.74985957009,0.));
#886 = CARTESIAN_POINT('',(-7.325374903608,-0.964403901824,0.));
#887 = CARTESIAN_POINT('',(-7.290996954845,-1.177304994502,0.));
#888 = ORIENTED_EDGE('',*,*,#889,.F.);
#889 = EDGE_CURVE('',#890,#882,#892,.T.);
#890 = VERTEX_POINT('',#891);
#891 = CARTESIAN_POINT('',(-7.222488664825,-0.586634558785,0.));
#892 = ( BOUNDED_CURVE() B_SPLINE_CURVE(2,(#893,#894,#895),
.UNSPECIFIED.,.F.,.F.) B_SPLINE_CURVE_WITH_KNOTS((3,3),(0.,
1.508825302794),.PIECEWISE_BEZIER_KNOTS.) CURVE() 
GEOMETRIC_REPRESENTATION_ITEM() RATIONAL_B_SPLINE_CURVE((1.,
0.728673920883,1.)) REPRESENTATION_ITEM('') );
#893 = CARTESIAN_POINT('',(-7.222488664825,-0.586634558785,0.));
#894 = CARTESIAN_POINT('',(-7.361585313215,-0.609607202929,0.));
#895 = CARTESIAN_POINT('',(-7.347271212551,-0.74985957009,0.));
#896 = ORIENTED_EDGE('',*,*,#897,.F.);
#897 = EDGE_CURVE('',#898,#890,#900,.T.);
#898 = VERTEX_POINT('',#899);
#899 = CARTESIAN_POINT('',(-6.94723502122,-0.498876404494,0.));
#900 = ( BOUNDED_CURVE() B_SPLINE_CURVE(2,(#901,#902,#903),
.UNSPECIFIED.,.F.,.F.) B_SPLINE_CURVE_WITH_KNOTS((3,3),(0.,
0.289919229054),.PIECEWISE_BEZIER_KNOTS.) CURVE() 
GEOMETRIC_REPRESENTATION_ITEM() RATIONAL_B_SPLINE_CURVE((1.,
0.989511740461,1.)) REPRESENTATION_ITEM('') );
#901 = CARTESIAN_POINT('',(-6.94723502122,-0.498876404494,0.));
#902 = CARTESIAN_POINT('',(-7.078456218183,-0.562846738014,0.));
#903 = CARTESIAN_POINT('',(-7.222488664825,-0.586634558785,0.));
#904 = ORIENTED_EDGE('',*,*,#905,.F.);
#905 = EDGE_CURVE('',#906,#898,#908,.T.);
#906 = VERTEX_POINT('',#907);
#907 = CARTESIAN_POINT('',(-6.94723502122,0.498876404494,0.));
#908 = ( BOUNDED_CURVE() B_SPLINE_CURVE(2,(#909,#910,#911),
.UNSPECIFIED.,.F.,.F.) B_SPLINE_CURVE_WITH_KNOTS((3,3),(0.,
2.234397261374),.PIECEWISE_BEZIER_KNOTS.) CURVE() 
GEOMETRIC_REPRESENTATION_ITEM() RATIONAL_B_SPLINE_CURVE((1.,
0.438202247191,1.)) REPRESENTATION_ITEM('') );
#909 = CARTESIAN_POINT('',(-6.94723502122,0.498876404494,0.));
#910 = CARTESIAN_POINT('',(-5.923898806873,8.9E-16,0.));
#911 = CARTESIAN_POINT('',(-6.94723502122,-0.498876404494,0.));
#912 = ORIENTED_EDGE('',*,*,#913,.F.);
#913 = EDGE_CURVE('',#914,#906,#916,.T.);
#914 = VERTEX_POINT('',#915);
#915 = CARTESIAN_POINT('',(-7.222488664825,0.586634558785,0.));
#916 = ( BOUNDED_CURVE() B_SPLINE_CURVE(2,(#917,#918,#919),
.UNSPECIFIED.,.F.,.F.) B_SPLINE_CURVE_WITH_KNOTS((3,3),(0.,
0.289919229054),.PIECEWISE_BEZIER_KNOTS.) CURVE() 
GEOMETRIC_REPRESENTATION_ITEM() RATIONAL_B_SPLINE_CURVE((1.,
0.989511740461,1.)) REPRESENTATION_ITEM('') );
#917 = CARTESIAN_POINT('',(-7.222488664825,0.586634558785,0.));
#918 = CARTESIAN_POINT('',(-7.078456218183,0.562846738014,0.));
#919 = CARTESIAN_POINT('',(-6.94723502122,0.498876404494,0.));
#920 = ORIENTED_EDGE('',*,*,#921,.F.);
#921 = EDGE_CURVE('',#922,#914,#924,.T.);
#922 = VERTEX_POINT('',#923);
#923 = CARTESIAN_POINT('',(-7.347271212551,0.74985957009,0.));
#924 = ( BOUNDED_CURVE() B_SPLINE_CURVE(2,(#925,#926,#927),
.UNSPECIFIED.,.F.,.F.) B_SPLINE_CURVE_WITH_KNOTS((3,3),(0.,
1.508825302794),.PIECEWISE_BEZIER_KNOTS.) CURVE() 
GEOMETRIC_REPRESENTATION_ITEM() RATIONAL_B_SPLINE_CURVE((1.,
0.728673920883,1.)) REPRESENTATION_ITEM('') );
#925 = CARTESIAN_POINT('',(-7.347271212551,0.74985957009,0.));
#926 = CARTESIAN_POINT('',(-7.361585313215,0.609607202929,0.));
#927 = CARTESIAN_POINT('',(-7.222488664825,0.586634558785,0.));
#928 = ORIENTED_EDGE('',*,*,#929,.F.);
#929 = EDGE_CURVE('',#930,#922,#932,.T.);
#930 = VERTEX_POINT('',#931);
#931 = CARTESIAN_POINT('',(-7.290996954845,1.177304994502,0.));
#932 = ( BOUNDED_CURVE() B_SPLINE_CURVE(2,(#933,#934,#935),
.UNSPECIFIED.,.F.,.F.) B_SPLINE_CURVE_WITH_KNOTS((3,3),(0.,
5.838450169226E-02),.PIECEWISE_BEZIER_KNOTS.) CURVE() 
GEOMETRIC_REPRESENTATION_ITEM() RATIONAL_B_SPLINE_CURVE((1.,
0.999573936504,1.)) REPRESENTATION_ITEM('') );
#933 = CARTESIAN_POINT('',(-7.290996954845,1.177304994502,0.));
#934 = CARTESIAN_POINT('',(-7.325374903608,0.964403901824,0.));
#935 = CARTESIAN_POINT('',(-7.347271212551,0.74985957009,0.));
#936 = ORIENTED_EDGE('',*,*,#937,.F.);
#937 = EDGE_CURVE('',#938,#930,#940,.T.);
#938 = VERTEX_POINT('',#939);
#939 = CARTESIAN_POINT('',(-7.128220527764,1.302672148569,0.));
#940 = ( BOUNDED_CURVE() B_SPLINE_CURVE(2,(#941,#942,#943),
.UNSPECIFIED.,.F.,.F.) B_SPLINE_CURVE_WITH_KNOTS((3,3),(0.,
1.508825302794),.PIECEWISE_BEZIER_KNOTS.) CURVE() 
GEOMETRIC_REPRESENTATION_ITEM() RATIONAL_B_SPLINE_CURVE((1.,
0.728673920883,1.)) REPRESENTATION_ITEM('') );
#941 = CARTESIAN_POINT('',(-7.128220527764,1.302672148569,0.));
#942 = CARTESIAN_POINT('',(-7.268523330614,1.316483140006,0.));
#943 = CARTESIAN_POINT('',(-7.290996954845,1.177304994502,0.));
#944 = ORIENTED_EDGE('',*,*,#945,.F.);
#945 = EDGE_CURVE('',#946,#938,#948,.T.);
#946 = VERTEX_POINT('',#947);
#947 = CARTESIAN_POINT('',(-6.839632442932,1.316199131068,0.));
#948 = ( BOUNDED_CURVE() B_SPLINE_CURVE(2,(#949,#950,#951),
.UNSPECIFIED.,.F.,.F.) B_SPLINE_CURVE_WITH_KNOTS((3,3),(0.,
0.289919229054),.PIECEWISE_BEZIER_KNOTS.) CURVE() 
GEOMETRIC_REPRESENTATION_ITEM() RATIONAL_B_SPLINE_CURVE((1.,
0.989511740461,1.)) REPRESENTATION_ITEM('') );
#949 = CARTESIAN_POINT('',(-6.839632442932,1.316199131068,0.));
#950 = CARTESIAN_POINT('',(-6.982939126671,1.2883710787,0.));
#951 = CARTESIAN_POINT('',(-7.128220527764,1.302672148569,0.));
#952 = ORIENTED_EDGE('',*,*,#953,.F.);
#953 = EDGE_CURVE('',#954,#946,#956,.T.);
#954 = VERTEX_POINT('',#955);
#955 = CARTESIAN_POINT('',(-6.581395013661,2.279954337522,0.));
#956 = ( BOUNDED_CURVE() B_SPLINE_CURVE(2,(#957,#958,#959),
.UNSPECIFIED.,.F.,.F.) B_SPLINE_CURVE_WITH_KNOTS((3,3),(0.,
2.234397261374),.PIECEWISE_BEZIER_KNOTS.) CURVE() 
GEOMETRIC_REPRESENTATION_ITEM() RATIONAL_B_SPLINE_CURVE((1.,
0.438202247191,1.)) REPRESENTATION_ITEM('') );
#957 = CARTESIAN_POINT('',(-6.581395013661,2.279954337522,0.));
#958 = CARTESIAN_POINT('',(-5.722046849881,1.533217832479,0.));
#959 = CARTESIAN_POINT('',(-6.839632442932,1.316199131068,0.));
#960 = ORIENTED_EDGE('',*,*,#961,.F.);
#961 = EDGE_CURVE('',#962,#954,#964,.T.);
#962 = VERTEX_POINT('',#963);
#963 = CARTESIAN_POINT('',(-6.824556135106,2.435963090418,0.));
#964 = ( BOUNDED_CURVE() B_SPLINE_CURVE(2,(#965,#966,#967),
.UNSPECIFIED.,.F.,.F.) B_SPLINE_CURVE_WITH_KNOTS((3,3),(0.,
0.289919229054),.PIECEWISE_BEZIER_KNOTS.) CURVE() 
GEOMETRIC_REPRESENTATION_ITEM() RATIONAL_B_SPLINE_CURVE((1.,
0.989511740461,1.)) REPRESENTATION_ITEM('') );
#965 = CARTESIAN_POINT('',(-6.824556135106,2.435963090418,0.));
#966 = CARTESIAN_POINT('',(-6.691588216127,2.37570747968,0.));
#967 = CARTESIAN_POINT('',(-6.581395013661,2.279954337522,0.));
#968 = ORIENTED_EDGE('',*,*,#969,.F.);
#969 = EDGE_CURVE('',#970,#962,#972,.T.);
#970 = VERTEX_POINT('',#971);
#971 = CARTESIAN_POINT('',(-6.902841079061,2.625922444182,0.));
#972 = ( BOUNDED_CURVE() B_SPLINE_CURVE(2,(#973,#974,#975),
.UNSPECIFIED.,.F.,.F.) B_SPLINE_CURVE_WITH_KNOTS((3,3),(0.,
1.508825302794),.PIECEWISE_BEZIER_KNOTS.) CURVE() 
GEOMETRIC_REPRESENTATION_ITEM() RATIONAL_B_SPLINE_CURVE((1.,
0.728673920883,1.)) REPRESENTATION_ITEM('') );
#973 = CARTESIAN_POINT('',(-6.902841079061,2.625922444182,0.));
#974 = CARTESIAN_POINT('',(-6.952967422315,2.494153822408,0.));
#975 = CARTESIAN_POINT('',(-6.824556135106,2.435963090418,0.));
#976 = ORIENTED_EDGE('',*,*,#977,.F.);
#977 = EDGE_CURVE('',#978,#970,#980,.T.);
#978 = VERTEX_POINT('',#979);
#979 = CARTESIAN_POINT('',(-6.737853303608,3.024238169307,0.));
#980 = ( BOUNDED_CURVE() B_SPLINE_CURVE(2,(#981,#982,#983),
.UNSPECIFIED.,.F.,.F.) B_SPLINE_CURVE_WITH_KNOTS((3,3),(0.,
5.838450169226E-02),.PIECEWISE_BEZIER_KNOTS.) CURVE() 
GEOMETRIC_REPRESENTATION_ITEM() RATIONAL_B_SPLINE_CURVE((1.,
0.999573936504,1.)) REPRESENTATION_ITEM('') );
#981 = CARTESIAN_POINT('',(-6.737853303608,3.024238169307,0.));
#982 = CARTESIAN_POINT('',(-6.826162709681,2.827489173315,0.));
#983 = CARTESIAN_POINT('',(-6.902841079061,2.625922444182,0.));
#984 = ORIENTED_EDGE('',*,*,#985,.F.);
#985 = EDGE_CURVE('',#986,#978,#988,.T.);
#986 = VERTEX_POINT('',#987);
#987 = CARTESIAN_POINT('',(-6.548175941677,3.103203901767,0.));
#988 = ( BOUNDED_CURVE() B_SPLINE_CURVE(2,(#989,#990,#991),
.UNSPECIFIED.,.F.,.F.) B_SPLINE_CURVE_WITH_KNOTS((3,3),(0.,
1.508825302794),.PIECEWISE_BEZIER_KNOTS.) CURVE() 
GEOMETRIC_REPRESENTATION_ITEM() RATIONAL_B_SPLINE_CURVE((1.,
0.728673920883,1.)) REPRESENTATION_ITEM('') );
#989 = CARTESIAN_POINT('',(-6.548175941677,3.103203901767,0.));
#990 = CARTESIAN_POINT('',(-6.680123494835,3.152857332541,0.));
#991 = CARTESIAN_POINT('',(-6.737853303608,3.024238169307,0.));
#992 = ORIENTED_EDGE('',*,*,#993,.F.);
#993 = EDGE_CURVE('',#994,#986,#996,.T.);
#994 = VERTEX_POINT('',#995);
#995 = CARTESIAN_POINT('',(-6.265920216685,3.041577870969,0.));
#996 = ( BOUNDED_CURVE() B_SPLINE_CURVE(2,(#997,#998,#999),
.UNSPECIFIED.,.F.,.F.) B_SPLINE_CURVE_WITH_KNOTS((3,3),(0.,
0.289919229054),.PIECEWISE_BEZIER_KNOTS.) CURVE() 
GEOMETRIC_REPRESENTATION_ITEM() RATIONAL_B_SPLINE_CURVE((1.,
0.989511740461,1.)) REPRESENTATION_ITEM('') );
#997 = CARTESIAN_POINT('',(-6.265920216685,3.041577870969,0.));
#998 = CARTESIAN_POINT('',(-6.411546273529,3.051788535534,0.));
#999 = CARTESIAN_POINT('',(-6.548175941677,3.103203901767,0.));
#1000 = ORIENTED_EDGE('',*,*,#1001,.F.);
#1001 = EDGE_CURVE('',#1002,#994,#1004,.T.);
#1002 = VERTEX_POINT('',#1003);
#1003 = CARTESIAN_POINT('',(-5.76704381219,3.905657150251,0.));
#1004 = ( BOUNDED_CURVE() B_SPLINE_CURVE(2,(#1005,#1006,#1007),
.UNSPECIFIED.,.F.,.F.) B_SPLINE_CURVE_WITH_KNOTS((3,3),(0.,
2.234397261374),.PIECEWISE_BEZIER_KNOTS.) CURVE() 
GEOMETRIC_REPRESENTATION_ITEM() RATIONAL_B_SPLINE_CURVE((1.,
0.438202247191,1.)) REPRESENTATION_ITEM('') );
#1005 = CARTESIAN_POINT('',(-5.76704381219,3.905657150251,0.));
#1006 = CARTESIAN_POINT('',(-5.1302468562,2.961949403436,0.));
#1007 = CARTESIAN_POINT('',(-6.265920216685,3.041577870969,0.));
#1008 = ORIENTED_EDGE('',*,*,#1009,.F.);
#1009 = EDGE_CURVE('',#1010,#1002,#1012,.T.);
#1010 = VERTEX_POINT('',#1011);
#1011 = CARTESIAN_POINT('',(-5.961541382891,4.119284763059,0.));
#1012 = ( BOUNDED_CURVE() B_SPLINE_CURVE(2,(#1013,#1014,#1015),
.UNSPECIFIED.,.F.,.F.) B_SPLINE_CURVE_WITH_KNOTS((3,3),(0.,
0.289919229054),.PIECEWISE_BEZIER_KNOTS.) CURVE() 
GEOMETRIC_REPRESENTATION_ITEM() RATIONAL_B_SPLINE_CURVE((1.,
0.989511740461,1.)) REPRESENTATION_ITEM('') );
#1013 = CARTESIAN_POINT('',(-5.961541382891,4.119284763059,0.));
#1014 = CARTESIAN_POINT('',(-5.848699535515,4.026667682648,0.));
#1015 = CARTESIAN_POINT('',(-5.76704381219,3.905657150251,0.));
#1016 = ORIENTED_EDGE('',*,*,#1017,.F.);
#1017 = EDGE_CURVE('',#1018,#1010,#1020,.T.);
#1018 = VERTEX_POINT('',#1019);
#1019 = CARTESIAN_POINT('',(-5.987993733518,4.323033043244,0.));
#1020 = ( BOUNDED_CURVE() B_SPLINE_CURVE(2,(#1021,#1022,#1023),
.UNSPECIFIED.,.F.,.F.) B_SPLINE_CURVE_WITH_KNOTS((3,3),(0.,
1.508825302794),.PIECEWISE_BEZIER_KNOTS.) CURVE() 
GEOMETRIC_REPRESENTATION_ITEM() RATIONAL_B_SPLINE_CURVE((1.,
0.728673920883,1.)) REPRESENTATION_ITEM('') );
#1021 = CARTESIAN_POINT('',(-5.987993733518,4.323033043244,0.));
#1022 = CARTESIAN_POINT('',(-6.070516291906,4.208727980674,0.));
#1023 = CARTESIAN_POINT('',(-5.961541382891,4.119284763059,0.));
#1024 = ORIENTED_EDGE('',*,*,#1025,.F.);
#1025 = EDGE_CURVE('',#1026,#1018,#1028,.T.);
#1026 = VERTEX_POINT('',#1027);
#1027 = CARTESIAN_POINT('',(-5.72553608456,4.665074510663,0.));
#1028 = ( BOUNDED_CURVE() B_SPLINE_CURVE(2,(#1029,#1030,#1031),
.UNSPECIFIED.,.F.,.F.) B_SPLINE_CURVE_WITH_KNOTS((3,3),(0.,
5.838450169226E-02),.PIECEWISE_BEZIER_KNOTS.) CURVE() 
GEOMETRIC_REPRESENTATION_ITEM() RATIONAL_B_SPLINE_CURVE((1.,
0.999573936504,1.)) REPRESENTATION_ITEM('') );
#1029 = CARTESIAN_POINT('',(-5.72553608456,4.665074510663,0.));
#1030 = CARTESIAN_POINT('',(-5.861758807857,4.497885730292,0.));
#1031 = CARTESIAN_POINT('',(-5.987993733518,4.323033043244,0.));
#1032 = ORIENTED_EDGE('',*,*,#1033,.F.);
#1033 = EDGE_CURVE('',#1034,#1026,#1036,.T.);
#1034 = VERTEX_POINT('',#1035);
#1035 = CARTESIAN_POINT('',(-5.521883986536,4.692257437345,0.));
#1036 = ( BOUNDED_CURVE() B_SPLINE_CURVE(2,(#1037,#1038,#1039),
.UNSPECIFIED.,.F.,.F.) B_SPLINE_CURVE_WITH_KNOTS((3,3),(0.,
1.508825302794),.PIECEWISE_BEZIER_KNOTS.) CURVE() 
GEOMETRIC_REPRESENTATION_ITEM() RATIONAL_B_SPLINE_CURVE((1.,
0.728673920883,1.)) REPRESENTATION_ITEM('') );
#1037 = CARTESIAN_POINT('',(-5.521883986536,4.692257437345,0.));
#1038 = CARTESIAN_POINT('',(-5.636484282309,4.774369508207,0.));
#1039 = CARTESIAN_POINT('',(-5.72553608456,4.665074510663,0.));
#1040 = ORIENTED_EDGE('',*,*,#1041,.F.);
#1041 = EDGE_CURVE('',#1042,#1034,#1044,.T.);
#1042 = VERTEX_POINT('',#1043);
#1043 = CARTESIAN_POINT('',(-5.265195882593,4.559678105409,0.));
#1044 = ( BOUNDED_CURVE() B_SPLINE_CURVE(2,(#1045,#1046,#1047),
.UNSPECIFIED.,.F.,.F.) B_SPLINE_CURVE_WITH_KNOTS((3,3),(0.,
0.289919229054),.PIECEWISE_BEZIER_KNOTS.) CURVE() 
GEOMETRIC_REPRESENTATION_ITEM() RATIONAL_B_SPLINE_CURVE((1.,
0.989511740461,1.)) REPRESENTATION_ITEM('') );
#1045 = CARTESIAN_POINT('',(-5.265195882593,4.559678105409,0.));
#1046 = CARTESIAN_POINT('',(-5.403217137427,4.607231646991,0.));
#1047 = CARTESIAN_POINT('',(-5.521883986536,4.692257437345,0.));
#1048 = ORIENTED_EDGE('',*,*,#1049,.F.);
#1049 = EDGE_CURVE('',#1050,#1042,#1052,.T.);
#1050 = VERTEX_POINT('',#1051);
#1051 = CARTESIAN_POINT('',(-4.559678105409,5.265195882593,0.));
#1052 = ( BOUNDED_CURVE() B_SPLINE_CURVE(2,(#1053,#1054,#1055),
.UNSPECIFIED.,.F.,.F.) B_SPLINE_CURVE_WITH_KNOTS((3,3),(0.,
2.234397261374),.PIECEWISE_BEZIER_KNOTS.) CURVE() 
GEOMETRIC_REPRESENTATION_ITEM() RATIONAL_B_SPLINE_CURVE((1.,
0.438202247191,1.)) REPRESENTATION_ITEM('') );
#1053 = CARTESIAN_POINT('',(-4.559678105409,5.265195882593,0.));
#1054 = CARTESIAN_POINT('',(-4.188829017402,4.188829017402,0.));
#1055 = CARTESIAN_POINT('',(-5.265195882593,4.559678105409,0.));
#1056 = ORIENTED_EDGE('',*,*,#1057,.F.);
#1057 = EDGE_CURVE('',#1058,#1050,#1060,.T.);
#1058 = VERTEX_POINT('',#1059);
#1059 = CARTESIAN_POINT('',(-4.692257437345,5.521883986536,0.));
#1060 = ( BOUNDED_CURVE() B_SPLINE_CURVE(2,(#1061,#1062,#1063),
.UNSPECIFIED.,.F.,.F.) B_SPLINE_CURVE_WITH_KNOTS((3,3),(0.,
0.289919229054),.PIECEWISE_BEZIER_KNOTS.) CURVE() 
GEOMETRIC_REPRESENTATION_ITEM() RATIONAL_B_SPLINE_CURVE((1.,
0.989511740461,1.)) REPRESENTATION_ITEM('') );
#1061 = CARTESIAN_POINT('',(-4.692257437345,5.521883986536,0.));
#1062 = CARTESIAN_POINT('',(-4.607231646991,5.403217137427,0.));
#1063 = CARTESIAN_POINT('',(-4.559678105409,5.265195882593,0.));
#1064 = ORIENTED_EDGE('',*,*,#1065,.F.);
#1065 = EDGE_CURVE('',#1066,#1058,#1068,.T.);
#1066 = VERTEX_POINT('',#1067);
#1067 = CARTESIAN_POINT('',(-4.665074510663,5.72553608456,0.));
#1068 = ( BOUNDED_CURVE() B_SPLINE_CURVE(2,(#1069,#1070,#1071),
.UNSPECIFIED.,.F.,.F.) B_SPLINE_CURVE_WITH_KNOTS((3,3),(0.,
1.508825302794),.PIECEWISE_BEZIER_KNOTS.) CURVE() 
GEOMETRIC_REPRESENTATION_ITEM() RATIONAL_B_SPLINE_CURVE((1.,
0.728673920883,1.)) REPRESENTATION_ITEM('') );
#1069 = CARTESIAN_POINT('',(-4.665074510663,5.72553608456,0.));
#1070 = CARTESIAN_POINT('',(-4.774369508207,5.636484282309,0.));
#1071 = CARTESIAN_POINT('',(-4.692257437345,5.521883986536,0.));
#1072 = ORIENTED_EDGE('',*,*,#1073,.F.);
#1073 = EDGE_CURVE('',#1074,#1066,#1076,.T.);
#1074 = VERTEX_POINT('',#1075);
#1075 = CARTESIAN_POINT('',(-4.323033043244,5.987993733518,0.));
#1076 = ( BOUNDED_CURVE() B_SPLINE_CURVE(2,(#1077,#1078,#1079),
.UNSPECIFIED.,.F.,.F.) B_SPLINE_CURVE_WITH_KNOTS((3,3),(0.,
5.838450169226E-02),.PIECEWISE_BEZIER_KNOTS.) CURVE() 
GEOMETRIC_REPRESENTATION_ITEM() RATIONAL_B_SPLINE_CURVE((1.,
0.999573936504,1.)) REPRESENTATION_ITEM('') );
#1077 = CARTESIAN_POINT('',(-4.323033043244,5.987993733518,0.));
#1078 = CARTESIAN_POINT('',(-4.497885730292,5.861758807857,0.));
#1079 = CARTESIAN_POINT('',(-4.665074510663,5.72553608456,0.));
#1080 = ORIENTED_EDGE('',*,*,#1081,.F.);
#1081 = EDGE_CURVE('',#1082,#1074,#1084,.T.);
#1082 = VERTEX_POINT('',#1083);
#1083 = CARTESIAN_POINT('',(-4.119284763059,5.961541382891,0.));
#1084 = ( BOUNDED_CURVE() B_SPLINE_CURVE(2,(#1085,#1086,#1087),
.UNSPECIFIED.,.F.,.F.) B_SPLINE_CURVE_WITH_KNOTS((3,3),(0.,
1.508825302794),.PIECEWISE_BEZIER_KNOTS.) CURVE() 
GEOMETRIC_REPRESENTATION_ITEM() RATIONAL_B_SPLINE_CURVE((1.,
0.728673920883,1.)) REPRESENTATION_ITEM('') );
#1085 = CARTESIAN_POINT('',(-4.119284763059,5.961541382891,0.));
#1086 = CARTESIAN_POINT('',(-4.208727980674,6.070516291906,0.));
#1087 = CARTESIAN_POINT('',(-4.323033043244,5.987993733518,0.));
#1088 = ORIENTED_EDGE('',*,*,#1089,.F.);
#1089 = EDGE_CURVE('',#1090,#1082,#1092,.T.);
#1090 = VERTEX_POINT('',#1091);
#1091 = CARTESIAN_POINT('',(-3.905657150251,5.76704381219,0.));
#1092 = ( BOUNDED_CURVE() B_SPLINE_CURVE(2,(#1093,#1094,#1095),
.UNSPECIFIED.,.F.,.F.) B_SPLINE_CURVE_WITH_KNOTS((3,3),(0.,
0.289919229054),.PIECEWISE_BEZIER_KNOTS.) CURVE() 
GEOMETRIC_REPRESENTATION_ITEM() RATIONAL_B_SPLINE_CURVE((1.,
0.989511740461,1.)) REPRESENTATION_ITEM('') );
#1093 = CARTESIAN_POINT('',(-3.905657150251,5.76704381219,0.));
#1094 = CARTESIAN_POINT('',(-4.026667682648,5.848699535515,0.));
#1095 = CARTESIAN_POINT('',(-4.119284763059,5.961541382891,0.));
#1096 = ORIENTED_EDGE('',*,*,#1097,.F.);
#1097 = EDGE_CURVE('',#1098,#1090,#1100,.T.);
#1098 = VERTEX_POINT('',#1099);
#1099 = CARTESIAN_POINT('',(-3.041577870969,6.265920216685,0.));
#1100 = ( BOUNDED_CURVE() B_SPLINE_CURVE(2,(#1101,#1102,#1103),
.UNSPECIFIED.,.F.,.F.) B_SPLINE_CURVE_WITH_KNOTS((3,3),(0.,
2.234397261374),.PIECEWISE_BEZIER_KNOTS.) CURVE() 
GEOMETRIC_REPRESENTATION_ITEM() RATIONAL_B_SPLINE_CURVE((1.,
0.438202247191,1.)) REPRESENTATION_ITEM('') );
#1101 = CARTESIAN_POINT('',(-3.041577870969,6.265920216685,0.));
#1102 = CARTESIAN_POINT('',(-2.961949403436,5.1302468562,0.));
#1103 = CARTESIAN_POINT('',(-3.905657150251,5.76704381219,0.));
#1104 = ORIENTED_EDGE('',*,*,#1105,.F.);
#1105 = EDGE_CURVE('',#1106,#1098,#1108,.T.);
#1106 = VERTEX_POINT('',#1107);
#1107 = CARTESIAN_POINT('',(-3.103203901767,6.548175941677,0.));
#1108 = ( BOUNDED_CURVE() B_SPLINE_CURVE(2,(#1109,#1110,#1111),
.UNSPECIFIED.,.F.,.F.) B_SPLINE_CURVE_WITH_KNOTS((3,3),(0.,
0.289919229054),.PIECEWISE_BEZIER_KNOTS.) CURVE() 
GEOMETRIC_REPRESENTATION_ITEM() RATIONAL_B_SPLINE_CURVE((1.,
0.989511740461,1.)) REPRESENTATION_ITEM('') );
#1109 = CARTESIAN_POINT('',(-3.103203901767,6.548175941677,0.));
#1110 = CARTESIAN_POINT('',(-3.051788535534,6.411546273529,0.));
#1111 = CARTESIAN_POINT('',(-3.041577870969,6.265920216685,0.));
#1112 = ORIENTED_EDGE('',*,*,#1113,.F.);
#1113 = EDGE_CURVE('',#1114,#1106,#1116,.T.);
#1114 = VERTEX_POINT('',#1115);
#1115 = CARTESIAN_POINT('',(-3.024238169307,6.737853303608,0.));
#1116 = ( BOUNDED_CURVE() B_SPLINE_CURVE(2,(#1117,#1118,#1119),
.UNSPECIFIED.,.F.,.F.) B_SPLINE_CURVE_WITH_KNOTS((3,3),(0.,
1.508825302794),.PIECEWISE_BEZIER_KNOTS.) CURVE() 
GEOMETRIC_REPRESENTATION_ITEM() RATIONAL_B_SPLINE_CURVE((1.,
0.728673920883,1.)) REPRESENTATION_ITEM('') );
#1117 = CARTESIAN_POINT('',(-3.024238169307,6.737853303608,0.));
#1118 = CARTESIAN_POINT('',(-3.152857332541,6.680123494835,0.));
#1119 = CARTESIAN_POINT('',(-3.103203901767,6.548175941677,0.));
#1120 = ORIENTED_EDGE('',*,*,#1121,.F.);
#1121 = EDGE_CURVE('',#1122,#1114,#1124,.T.);
#1122 = VERTEX_POINT('',#1123);
#1123 = CARTESIAN_POINT('',(-2.625922444182,6.902841079061,0.));
#1124 = ( BOUNDED_CURVE() B_SPLINE_CURVE(2,(#1125,#1126,#1127),
.UNSPECIFIED.,.F.,.F.) B_SPLINE_CURVE_WITH_KNOTS((3,3),(0.,
5.838450169226E-02),.PIECEWISE_BEZIER_KNOTS.) CURVE() 
GEOMETRIC_REPRESENTATION_ITEM() RATIONAL_B_SPLINE_CURVE((1.,
0.999573936504,1.)) REPRESENTATION_ITEM('') );
#1125 = CARTESIAN_POINT('',(-2.625922444182,6.902841079061,0.));
#1126 = CARTESIAN_POINT('',(-2.827489173315,6.826162709681,0.));
#1127 = CARTESIAN_POINT('',(-3.024238169307,6.737853303608,0.));
#1128 = ORIENTED_EDGE('',*,*,#1129,.F.);
#1129 = EDGE_CURVE('',#1130,#1122,#1132,.T.);
#1130 = VERTEX_POINT('',#1131);
#1131 = CARTESIAN_POINT('',(-2.435963090418,6.824556135106,0.));
#1132 = ( BOUNDED_CURVE() B_SPLINE_CURVE(2,(#1133,#1134,#1135),
.UNSPECIFIED.,.F.,.F.) B_SPLINE_CURVE_WITH_KNOTS((3,3),(0.,
1.508825302794),.PIECEWISE_BEZIER_KNOTS.) CURVE() 
GEOMETRIC_REPRESENTATION_ITEM() RATIONAL_B_SPLINE_CURVE((1.,
0.728673920883,1.)) REPRESENTATION_ITEM('') );
#1133 = CARTESIAN_POINT('',(-2.435963090418,6.824556135106,0.));
#1134 = CARTESIAN_POINT('',(-2.494153822408,6.952967422315,0.));
#1135 = CARTESIAN_POINT('',(-2.625922444182,6.902841079061,0.));
#1136 = ORIENTED_EDGE('',*,*,#1137,.F.);
#1137 = EDGE_CURVE('',#1138,#1130,#1140,.T.);
#1138 = VERTEX_POINT('',#1139);
#1139 = CARTESIAN_POINT('',(-2.279954337522,6.581395013661,0.));
#1140 = ( BOUNDED_CURVE() B_SPLINE_CURVE(2,(#1141,#1142,#1143),
.UNSPECIFIED.,.F.,.F.) B_SPLINE_CURVE_WITH_KNOTS((3,3),(0.,
0.289919229054),.PIECEWISE_BEZIER_KNOTS.) CURVE() 
GEOMETRIC_REPRESENTATION_ITEM() RATIONAL_B_SPLINE_CURVE((1.,
0.989511740461,1.)) REPRESENTATION_ITEM('') );
#1141 = CARTESIAN_POINT('',(-2.279954337522,6.581395013661,0.));
#1142 = CARTESIAN_POINT('',(-2.37570747968,6.691588216127,0.));
#1143 = CARTESIAN_POINT('',(-2.435963090418,6.824556135106,0.));
#1144 = ORIENTED_EDGE('',*,*,#1145,.F.);
#1145 = EDGE_CURVE('',#1146,#1138,#1148,.T.);
#1146 = VERTEX_POINT('',#1147);
#1147 = CARTESIAN_POINT('',(-1.316199131068,6.839632442932,0.));
#1148 = ( BOUNDED_CURVE() B_SPLINE_CURVE(2,(#1149,#1150,#1151),
.UNSPECIFIED.,.F.,.F.) B_SPLINE_CURVE_WITH_KNOTS((3,3),(0.,
2.234397261374),.PIECEWISE_BEZIER_KNOTS.) CURVE() 
GEOMETRIC_REPRESENTATION_ITEM() RATIONAL_B_SPLINE_CURVE((1.,
0.438202247191,1.)) REPRESENTATION_ITEM('') );
#1149 = CARTESIAN_POINT('',(-1.316199131068,6.839632442932,0.));
#1150 = CARTESIAN_POINT('',(-1.533217832479,5.722046849881,0.));
#1151 = CARTESIAN_POINT('',(-2.279954337522,6.581395013661,0.));
#1152 = ORIENTED_EDGE('',*,*,#1153,.F.);
#1153 = EDGE_CURVE('',#1154,#1146,#1156,.T.);
#1154 = VERTEX_POINT('',#1155);
#1155 = CARTESIAN_POINT('',(-1.302672148569,7.128220527764,0.));
#1156 = ( BOUNDED_CURVE() B_SPLINE_CURVE(2,(#1157,#1158,#1159),
.UNSPECIFIED.,.F.,.F.) B_SPLINE_CURVE_WITH_KNOTS((3,3),(0.,
0.289919229054),.PIECEWISE_BEZIER_KNOTS.) CURVE() 
GEOMETRIC_REPRESENTATION_ITEM() RATIONAL_B_SPLINE_CURVE((1.,
0.989511740461,1.)) REPRESENTATION_ITEM('') );
#1157 = CARTESIAN_POINT('',(-1.302672148569,7.128220527764,0.));
#1158 = CARTESIAN_POINT('',(-1.2883710787,6.982939126671,0.));
#1159 = CARTESIAN_POINT('',(-1.316199131068,6.839632442932,0.));
#1160 = ORIENTED_EDGE('',*,*,#1161,.F.);
#1161 = EDGE_CURVE('',#1162,#1154,#1164,.T.);
#1162 = VERTEX_POINT('',#1163);
#1163 = CARTESIAN_POINT('',(-1.177304994502,7.290996954845,0.));
#1164 = ( BOUNDED_CURVE() B_SPLINE_CURVE(2,(#1165,#1166,#1167),
.UNSPECIFIED.,.F.,.F.) B_SPLINE_CURVE_WITH_KNOTS((3,3),(0.,
1.508825302794),.PIECEWISE_BEZIER_KNOTS.) CURVE() 
GEOMETRIC_REPRESENTATION_ITEM() RATIONAL_B_SPLINE_CURVE((1.,
0.728673920883,1.)) REPRESENTATION_ITEM('') );
#1165 = CARTESIAN_POINT('',(-1.177304994502,7.290996954845,0.));
#1166 = CARTESIAN_POINT('',(-1.316483140006,7.268523330614,0.));
#1167 = CARTESIAN_POINT('',(-1.302672148569,7.128220527764,0.));
#1168 = ORIENTED_EDGE('',*,*,#1169,.F.);
#1169 = EDGE_CURVE('',#1170,#1162,#1172,.T.);
#1170 = VERTEX_POINT('',#1171);
#1171 = CARTESIAN_POINT('',(-0.74985957009,7.347271212551,0.));
#1172 = CIRCLE('',#1173,7.385437268412);
#1173 = AXIS2_PLACEMENT_3D('',#1174,#1175,#1176);
#1174 = CARTESIAN_POINT('',(1.5687E-13,-1.2319E-12,0.));
#1175 = DIRECTION('',(0.,0.,1.));
#1176 = DIRECTION('',(-0.101532183246,0.994832255089,0.));
#1177 = ORIENTED_EDGE('',*,*,#1178,.F.);
#1178 = EDGE_CURVE('',#1179,#1170,#1181,.T.);
#1179 = VERTEX_POINT('',#1180);
#1180 = CARTESIAN_POINT('',(-0.586634558785,7.222488664825,0.));
#1181 = CIRCLE('',#1182,0.15);
#1182 = AXIS2_PLACEMENT_3D('',#1183,#1184,#1185);
#1183 = CARTESIAN_POINT('',(-0.734629742603,7.198046374287,0.));
#1184 = DIRECTION('',(0.,-0.,1.));
#1185 = DIRECTION('',(0.986634558785,0.162948603586,0.));
#1186 = ORIENTED_EDGE('',*,*,#1187,.F.);
#1187 = EDGE_CURVE('',#1188,#1179,#1190,.T.);
#1188 = VERTEX_POINT('',#1189);
#1189 = CARTESIAN_POINT('',(-0.498876404494,6.94723502122,0.));
#1190 = CIRCLE('',#1191,1.);
#1191 = AXIS2_PLACEMENT_3D('',#1192,#1193,#1194);
#1192 = CARTESIAN_POINT('',(0.4,7.385437268411,0.));
#1193 = DIRECTION('',(0.,0.,-1.));
#1194 = DIRECTION('',(-0.898876404494,-0.438202247191,-0.));
#1195 = ORIENTED_EDGE('',*,*,#1196,.F.);
#1196 = EDGE_CURVE('',#1197,#1188,#1199,.T.);
#1197 = VERTEX_POINT('',#1198);
#1198 = CARTESIAN_POINT('',(0.498876404494,6.94723502122,0.));
#1199 = CIRCLE('',#1200,0.555);
#1200 = AXIS2_PLACEMENT_3D('',#1201,#1202,#1203);
#1201 = CARTESIAN_POINT('',(0.,7.190437268411,0.));
#1202 = DIRECTION('',(0.,-0.,-1.));
#1203 = DIRECTION('',(0.898876404494,-0.438202247191,0.));
#1204 = ORIENTED_EDGE('',*,*,#1205,.F.);
#1205 = EDGE_CURVE('',#57,#1197,#1206,.T.);
#1206 = CIRCLE('',#1207,1.);
#1207 = AXIS2_PLACEMENT_3D('',#1208,#1209,#1210);
#1208 = CARTESIAN_POINT('',(-0.4,7.385437268411,0.));
#1209 = DIRECTION('',(0.,0.,-1.));
#1210 = DIRECTION('',(0.986634558785,-0.162948603586,0.));
#1211 = PLANE('',#1212);
#1212 = AXIS2_PLACEMENT_3D('',#1213,#1214,#1215);
#1213 = CARTESIAN_POINT('',(-5.1E-16,-2.E-17,0.));
#1214 = DIRECTION('',(0.,0.,1.));
#1215 = DIRECTION('',(1.,0.,0.));
#1216 = ADVANCED_FACE('',(#1217),#1236,.T.);
#1217 = FACE_BOUND('',#1218,.T.);
#1218 = EDGE_LOOP('',(#1219,#1227,#1228,#1229));
#1219 = ORIENTED_EDGE('',*,*,#1220,.F.);
#1220 = EDGE_CURVE('',#44,#1221,#1223,.T.);
#1221 = VERTEX_POINT('',#1222);
#1222 = CARTESIAN_POINT('',(8.,0.,-0.5));
#1223 = LINE('',#1224,#1225);
#1224 = CARTESIAN_POINT('',(8.,0.,-0.5));
#1225 = VECTOR('',#1226,1.);
#1226 = DIRECTION('',(0.707106781187,0.,-0.707106781187));
#1227 = ORIENTED_EDGE('',*,*,#43,.T.);
#1228 = ORIENTED_EDGE('',*,*,#1220,.T.);
#1229 = ORIENTED_EDGE('',*,*,#1230,.F.);
#1230 = EDGE_CURVE('',#1221,#1221,#1231,.T.);
#1231 = CIRCLE('',#1232,8.);
#1232 = AXIS2_PLACEMENT_3D('',#1233,#1234,#1235);
#1233 = CARTESIAN_POINT('',(0.,0.,-0.5));
#1234 = DIRECTION('',(0.,0.,-1.));
#1235 = DIRECTION('',(1.,0.,0.));
#1236 = CONICAL_SURFACE('',#1237,8.,0.785398163397);
#1237 = AXIS2_PLACEMENT_3D('',#1238,#1239,#1240);
#1238 = CARTESIAN_POINT('',(0.,0.,-0.5));
#1239 = DIRECTION('',(-0.,-0.,-1.));
#1240 = DIRECTION('',(1.,0.,0.));
#1241 = ADVANCED_FACE('',(#1242),#1268,.T.);
#1242 = FACE_BOUND('',#1243,.F.);
#1243 = EDGE_LOOP('',(#1244,#1252,#1261,#1267));
#1244 = ORIENTED_EDGE('',*,*,#1245,.T.);
#1245 = EDGE_CURVE('',#55,#1246,#1248,.T.);
#1246 = VERTEX_POINT('',#1247);
#1247 = CARTESIAN_POINT('',(0.74985957009,7.347271212551,7.));
#1248 = LINE('',#1249,#1250);
#1249 = CARTESIAN_POINT('',(0.74985957009,7.347271212551,0.));
#1250 = VECTOR('',#1251,1.);
#1251 = DIRECTION('',(0.,0.,1.));
#1252 = ORIENTED_EDGE('',*,*,#1253,.T.);
#1253 = EDGE_CURVE('',#1246,#1254,#1256,.T.);
#1254 = VERTEX_POINT('',#1255);
#1255 = CARTESIAN_POINT('',(0.586634558785,7.222488664825,7.));
#1256 = CIRCLE('',#1257,0.15);
#1257 = AXIS2_PLACEMENT_3D('',#1258,#1259,#1260);
#1258 = CARTESIAN_POINT('',(0.734629742603,7.198046374287,7.));
#1259 = DIRECTION('',(0.,-0.,1.));
#1260 = DIRECTION('',(0.101532183246,0.994832255089,0.));
#1261 = ORIENTED_EDGE('',*,*,#1262,.F.);
#1262 = EDGE_CURVE('',#57,#1254,#1263,.T.);
#1263 = LINE('',#1264,#1265);
#1264 = CARTESIAN_POINT('',(0.586634558785,7.222488664825,0.));
#1265 = VECTOR('',#1266,1.);
#1266 = DIRECTION('',(0.,0.,1.));
#1267 = ORIENTED_EDGE('',*,*,#54,.F.);
#1268 = CYLINDRICAL_SURFACE('',#1269,0.15);
#1269 = AXIS2_PLACEMENT_3D('',#1270,#1271,#1272);
#1270 = CARTESIAN_POINT('',(0.734629742603,7.198046374287,0.));
#1271 = DIRECTION('',(-0.,-0.,-1.));
#1272 = DIRECTION('',(0.101532183246,0.994832255089,0.));
#1273 = ADVANCED_FACE('',(#1274),#1293,.F.);
#1274 = FACE_BOUND('',#1275,.F.);
#1275 = EDGE_LOOP('',(#1276,#1277,#1286,#1292));
#1276 = ORIENTED_EDGE('',*,*,#1262,.T.);
#1277 = ORIENTED_EDGE('',*,*,#1278,.T.);
#1278 = EDGE_CURVE('',#1254,#1279,#1281,.T.);
#1279 = VERTEX_POINT('',#1280);
#1280 = CARTESIAN_POINT('',(0.498876404494,6.94723502122,7.));
#1281 = CIRCLE('',#1282,1.);
#1282 = AXIS2_PLACEMENT_3D('',#1283,#1284,#1285);
#1283 = CARTESIAN_POINT('',(-0.4,7.385437268411,7.));
#1284 = DIRECTION('',(0.,0.,-1.));
#1285 = DIRECTION('',(0.986634558785,-0.162948603586,0.));
#1286 = ORIENTED_EDGE('',*,*,#1287,.F.);
#1287 = EDGE_CURVE('',#1197,#1279,#1288,.T.);
#1288 = LINE('',#1289,#1290);
#1289 = CARTESIAN_POINT('',(0.498876404494,6.94723502122,0.));
#1290 = VECTOR('',#1291,1.);
#1291 = DIRECTION('',(0.,0.,1.));
#1292 = ORIENTED_EDGE('',*,*,#1205,.F.);
#1293 = CYLINDRICAL_SURFACE('',#1294,1.);
#1294 = AXIS2_PLACEMENT_3D('',#1295,#1296,#1297);
#1295 = CARTESIAN_POINT('',(-0.4,7.385437268411,0.));
#1296 = DIRECTION('',(0.,0.,-1.));
#1297 = DIRECTION('',(0.986634558785,-0.162948603586,0.));
#1298 = ADVANCED_FACE('',(#1299),#1318,.F.);
#1299 = FACE_BOUND('',#1300,.F.);
#1300 = EDGE_LOOP('',(#1301,#1302,#1311,#1317));
#1301 = ORIENTED_EDGE('',*,*,#1287,.T.);
#1302 = ORIENTED_EDGE('',*,*,#1303,.T.);
#1303 = EDGE_CURVE('',#1279,#1304,#1306,.T.);
#1304 = VERTEX_POINT('',#1305);
#1305 = CARTESIAN_POINT('',(-0.498876404494,6.94723502122,7.));
#1306 = CIRCLE('',#1307,0.555);
#1307 = AXIS2_PLACEMENT_3D('',#1308,#1309,#1310);
#1308 = CARTESIAN_POINT('',(0.,7.190437268411,7.));
#1309 = DIRECTION('',(0.,-0.,-1.));
#1310 = DIRECTION('',(0.898876404494,-0.438202247191,0.));
#1311 = ORIENTED_EDGE('',*,*,#1312,.F.);
#1312 = EDGE_CURVE('',#1188,#1304,#1313,.T.);
#1313 = LINE('',#1314,#1315);
#1314 = CARTESIAN_POINT('',(-0.498876404494,6.94723502122,0.));
#1315 = VECTOR('',#1316,1.);
#1316 = DIRECTION('',(0.,0.,1.));
#1317 = ORIENTED_EDGE('',*,*,#1196,.F.);
#1318 = CYLINDRICAL_SURFACE('',#1319,0.555);
#1319 = AXIS2_PLACEMENT_3D('',#1320,#1321,#1322);
#1320 = CARTESIAN_POINT('',(0.,7.190437268411,0.));
#1321 = DIRECTION('',(0.,0.,-1.));
#1322 = DIRECTION('',(0.898876404494,-0.438202247191,0.));
#1323 = ADVANCED_FACE('',(#1324),#1343,.F.);
#1324 = FACE_BOUND('',#1325,.F.);
#1325 = EDGE_LOOP('',(#1326,#1327,#1336,#1342));
#1326 = ORIENTED_EDGE('',*,*,#1312,.T.);
#1327 = ORIENTED_EDGE('',*,*,#1328,.T.);
#1328 = EDGE_CURVE('',#1304,#1329,#1331,.T.);
#1329 = VERTEX_POINT('',#1330);
#1330 = CARTESIAN_POINT('',(-0.586634558785,7.222488664825,7.));
#1331 = CIRCLE('',#1332,1.);
#1332 = AXIS2_PLACEMENT_3D('',#1333,#1334,#1335);
#1333 = CARTESIAN_POINT('',(0.4,7.385437268411,7.));
#1334 = DIRECTION('',(0.,0.,-1.));
#1335 = DIRECTION('',(-0.898876404494,-0.438202247191,-0.));
#1336 = ORIENTED_EDGE('',*,*,#1337,.F.);
#1337 = EDGE_CURVE('',#1179,#1329,#1338,.T.);
#1338 = LINE('',#1339,#1340);
#1339 = CARTESIAN_POINT('',(-0.586634558785,7.222488664825,0.));
#1340 = VECTOR('',#1341,1.);
#1341 = DIRECTION('',(0.,0.,1.));
#1342 = ORIENTED_EDGE('',*,*,#1187,.F.);
#1343 = CYLINDRICAL_SURFACE('',#1344,1.);
#1344 = AXIS2_PLACEMENT_3D('',#1345,#1346,#1347);
#1345 = CARTESIAN_POINT('',(0.4,7.385437268411,0.));
#1346 = DIRECTION('',(0.,0.,-1.));
#1347 = DIRECTION('',(-0.898876404494,-0.438202247191,-0.));
#1348 = ADVANCED_FACE('',(#1349),#1368,.T.);
#1349 = FACE_BOUND('',#1350,.F.);
#1350 = EDGE_LOOP('',(#1351,#1352,#1361,#1367));
#1351 = ORIENTED_EDGE('',*,*,#1337,.T.);
#1352 = ORIENTED_EDGE('',*,*,#1353,.T.);
#1353 = EDGE_CURVE('',#1329,#1354,#1356,.T.);
#1354 = VERTEX_POINT('',#1355);
#1355 = CARTESIAN_POINT('',(-0.74985957009,7.347271212551,7.));
#1356 = CIRCLE('',#1357,0.15);
#1357 = AXIS2_PLACEMENT_3D('',#1358,#1359,#1360);
#1358 = CARTESIAN_POINT('',(-0.734629742603,7.198046374287,7.));
#1359 = DIRECTION('',(0.,-0.,1.));
#1360 = DIRECTION('',(0.986634558785,0.162948603586,0.));
#1361 = ORIENTED_EDGE('',*,*,#1362,.F.);
#1362 = EDGE_CURVE('',#1170,#1354,#1363,.T.);
#1363 = LINE('',#1364,#1365);
#1364 = CARTESIAN_POINT('',(-0.74985957009,7.347271212551,0.));
#1365 = VECTOR('',#1366,1.);
#1366 = DIRECTION('',(0.,0.,1.));
#1367 = ORIENTED_EDGE('',*,*,#1178,.F.);
#1368 = CYLINDRICAL_SURFACE('',#1369,0.15);
#1369 = AXIS2_PLACEMENT_3D('',#1370,#1371,#1372);
#1370 = CARTESIAN_POINT('',(-0.734629742603,7.198046374287,0.));
#1371 = DIRECTION('',(-0.,-0.,-1.));
#1372 = DIRECTION('',(0.986634558785,0.162948603586,0.));
#1373 = ADVANCED_FACE('',(#1374),#1393,.T.);
#1374 = FACE_BOUND('',#1375,.F.);
#1375 = EDGE_LOOP('',(#1376,#1377,#1386,#1392));
#1376 = ORIENTED_EDGE('',*,*,#1362,.T.);
#1377 = ORIENTED_EDGE('',*,*,#1378,.T.);
#1378 = EDGE_CURVE('',#1354,#1379,#1381,.T.);
#1379 = VERTEX_POINT('',#1380);
#1380 = CARTESIAN_POINT('',(-1.177304994502,7.290996954845,7.));
#1381 = CIRCLE('',#1382,7.385437268412);
#1382 = AXIS2_PLACEMENT_3D('',#1383,#1384,#1385);
#1383 = CARTESIAN_POINT('',(1.5687E-13,-1.2319E-12,7.));
#1384 = DIRECTION('',(0.,0.,1.));
#1385 = DIRECTION('',(-0.101532183246,0.994832255089,0.));
#1386 = ORIENTED_EDGE('',*,*,#1387,.F.);
#1387 = EDGE_CURVE('',#1162,#1379,#1388,.T.);
#1388 = LINE('',#1389,#1390);
#1389 = CARTESIAN_POINT('',(-1.177304994502,7.290996954845,0.));
#1390 = VECTOR('',#1391,1.);
#1391 = DIRECTION('',(0.,0.,1.));
#1392 = ORIENTED_EDGE('',*,*,#1169,.F.);
#1393 = CYLINDRICAL_SURFACE('',#1394,7.385437268412);
#1394 = AXIS2_PLACEMENT_3D('',#1395,#1396,#1397);
#1395 = CARTESIAN_POINT('',(1.5687E-13,-1.2319E-12,0.));
#1396 = DIRECTION('',(-0.,-0.,-1.));
#1397 = DIRECTION('',(-0.101532183246,0.994832255089,0.));
#1398 = ADVANCED_FACE('',(#1399),#1417,.F.);
#1399 = FACE_BOUND('',#1400,.F.);
#1400 = EDGE_LOOP('',(#1401,#1402,#1410,#1416));
#1401 = ORIENTED_EDGE('',*,*,#1387,.T.);
#1402 = ORIENTED_EDGE('',*,*,#1403,.T.);
#1403 = EDGE_CURVE('',#1379,#1404,#1406,.T.);
#1404 = VERTEX_POINT('',#1405);
#1405 = CARTESIAN_POINT('',(-1.302672148569,7.128220527764,7.));
#1406 = ( BOUNDED_CURVE() B_SPLINE_CURVE(2,(#1407,#1408,#1409),
.UNSPECIFIED.,.F.,.F.) B_SPLINE_CURVE_WITH_KNOTS((3,3),(0.,
1.508825302794),.PIECEWISE_BEZIER_KNOTS.) CURVE() 
GEOMETRIC_REPRESENTATION_ITEM() RATIONAL_B_SPLINE_CURVE((1.,
0.728673920883,1.)) REPRESENTATION_ITEM('') );
#1407 = CARTESIAN_POINT('',(-1.177304994502,7.290996954845,7.));
#1408 = CARTESIAN_POINT('',(-1.316483140006,7.268523330614,7.));
#1409 = CARTESIAN_POINT('',(-1.302672148569,7.128220527764,7.));
#1410 = ORIENTED_EDGE('',*,*,#1411,.F.);
#1411 = EDGE_CURVE('',#1154,#1404,#1412,.T.);
#1412 = LINE('',#1413,#1414);
#1413 = CARTESIAN_POINT('',(-1.302672148569,7.128220527764,0.));
#1414 = VECTOR('',#1415,1.);
#1415 = DIRECTION('',(0.,0.,1.));
#1416 = ORIENTED_EDGE('',*,*,#1161,.F.);
#1417 = SURFACE_OF_LINEAR_EXTRUSION('',#1418,#1422);
#1418 = ( BOUNDED_CURVE() B_SPLINE_CURVE(2,(#1419,#1420,#1421),
.UNSPECIFIED.,.F.,.F.) B_SPLINE_CURVE_WITH_KNOTS((3,3),(0.,
1.508825302794),.PIECEWISE_BEZIER_KNOTS.) CURVE() 
GEOMETRIC_REPRESENTATION_ITEM() RATIONAL_B_SPLINE_CURVE((1.,
0.728673920883,1.)) REPRESENTATION_ITEM('') );
#1419 = CARTESIAN_POINT('',(-1.177304994502,7.290996954845,0.));
#1420 = CARTESIAN_POINT('',(-1.316483140006,7.268523330614,0.));
#1421 = CARTESIAN_POINT('',(-1.302672148569,7.128220527764,0.));
#1422 = VECTOR('',#1423,1.);
#1423 = DIRECTION('',(-0.,-0.,-1.));
#1424 = ADVANCED_FACE('',(#1425),#1443,.F.);
#1425 = FACE_BOUND('',#1426,.F.);
#1426 = EDGE_LOOP('',(#1427,#1428,#1436,#1442));
#1427 = ORIENTED_EDGE('',*,*,#1411,.T.);
#1428 = ORIENTED_EDGE('',*,*,#1429,.T.);
#1429 = EDGE_CURVE('',#1404,#1430,#1432,.T.);
#1430 = VERTEX_POINT('',#1431);
#1431 = CARTESIAN_POINT('',(-1.316199131068,6.839632442932,7.));
#1432 = ( BOUNDED_CURVE() B_SPLINE_CURVE(2,(#1433,#1434,#1435),
.UNSPECIFIED.,.F.,.F.) B_SPLINE_CURVE_WITH_KNOTS((3,3),(0.,
0.289919229054),.PIECEWISE_BEZIER_KNOTS.) CURVE() 
GEOMETRIC_REPRESENTATION_ITEM() RATIONAL_B_SPLINE_CURVE((1.,
0.989511740461,1.)) REPRESENTATION_ITEM('') );
#1433 = CARTESIAN_POINT('',(-1.302672148569,7.128220527764,7.));
#1434 = CARTESIAN_POINT('',(-1.2883710787,6.982939126671,7.));
#1435 = CARTESIAN_POINT('',(-1.316199131068,6.839632442932,7.));
#1436 = ORIENTED_EDGE('',*,*,#1437,.F.);
#1437 = EDGE_CURVE('',#1146,#1430,#1438,.T.);
#1438 = LINE('',#1439,#1440);
#1439 = CARTESIAN_POINT('',(-1.316199131068,6.839632442932,0.));
#1440 = VECTOR('',#1441,1.);
#1441 = DIRECTION('',(0.,0.,1.));
#1442 = ORIENTED_EDGE('',*,*,#1153,.F.);
#1443 = SURFACE_OF_LINEAR_EXTRUSION('',#1444,#1448);
#1444 = ( BOUNDED_CURVE() B_SPLINE_CURVE(2,(#1445,#1446,#1447),
.UNSPECIFIED.,.F.,.F.) B_SPLINE_CURVE_WITH_KNOTS((3,3),(0.,
0.289919229054),.PIECEWISE_BEZIER_KNOTS.) CURVE() 
GEOMETRIC_REPRESENTATION_ITEM() RATIONAL_B_SPLINE_CURVE((1.,
0.989511740461,1.)) REPRESENTATION_ITEM('') );
#1445 = CARTESIAN_POINT('',(-1.302672148569,7.128220527764,0.));
#1446 = CARTESIAN_POINT('',(-1.2883710787,6.982939126671,0.));
#1447 = CARTESIAN_POINT('',(-1.316199131068,6.839632442932,0.));
#1448 = VECTOR('',#1449,1.);
#1449 = DIRECTION('',(-0.,-0.,-1.));
#1450 = ADVANCED_FACE('',(#1451),#1469,.F.);
#1451 = FACE_BOUND('',#1452,.F.);
#1452 = EDGE_LOOP('',(#1453,#1454,#1462,#1468));
#1453 = ORIENTED_EDGE('',*,*,#1437,.T.);
#1454 = ORIENTED_EDGE('',*,*,#1455,.T.);
#1455 = EDGE_CURVE('',#1430,#1456,#1458,.T.);
#1456 = VERTEX_POINT('',#1457);
#1457 = CARTESIAN_POINT('',(-2.279954337522,6.581395013661,7.));
#1458 = ( BOUNDED_CURVE() B_SPLINE_CURVE(2,(#1459,#1460,#1461),
.UNSPECIFIED.,.F.,.F.) B_SPLINE_CURVE_WITH_KNOTS((3,3),(0.,
2.234397261374),.PIECEWISE_BEZIER_KNOTS.) CURVE() 
GEOMETRIC_REPRESENTATION_ITEM() RATIONAL_B_SPLINE_CURVE((1.,
0.438202247191,1.)) REPRESENTATION_ITEM('') );
#1459 = CARTESIAN_POINT('',(-1.316199131068,6.839632442932,7.));
#1460 = CARTESIAN_POINT('',(-1.533217832479,5.722046849881,7.));
#1461 = CARTESIAN_POINT('',(-2.279954337522,6.581395013661,7.));
#1462 = ORIENTED_EDGE('',*,*,#1463,.F.);
#1463 = EDGE_CURVE('',#1138,#1456,#1464,.T.);
#1464 = LINE('',#1465,#1466);
#1465 = CARTESIAN_POINT('',(-2.279954337522,6.581395013661,0.));
#1466 = VECTOR('',#1467,1.);
#1467 = DIRECTION('',(0.,0.,1.));
#1468 = ORIENTED_EDGE('',*,*,#1145,.F.);
#1469 = SURFACE_OF_LINEAR_EXTRUSION('',#1470,#1474);
#1470 = ( BOUNDED_CURVE() B_SPLINE_CURVE(2,(#1471,#1472,#1473),
.UNSPECIFIED.,.F.,.F.) B_SPLINE_CURVE_WITH_KNOTS((3,3),(0.,
2.234397261374),.PIECEWISE_BEZIER_KNOTS.) CURVE() 
GEOMETRIC_REPRESENTATION_ITEM() RATIONAL_B_SPLINE_CURVE((1.,
0.438202247191,1.)) REPRESENTATION_ITEM('') );
#1471 = CARTESIAN_POINT('',(-1.316199131068,6.839632442932,0.));
#1472 = CARTESIAN_POINT('',(-1.533217832479,5.722046849881,0.));
#1473 = CARTESIAN_POINT('',(-2.279954337522,6.581395013661,0.));
#1474 = VECTOR('',#1475,1.);
#1475 = DIRECTION('',(-0.,-0.,-1.));
#1476 = ADVANCED_FACE('',(#1477),#1495,.F.);
#1477 = FACE_BOUND('',#1478,.F.);
#1478 = EDGE_LOOP('',(#1479,#1480,#1488,#1494));
#1479 = ORIENTED_EDGE('',*,*,#1463,.T.);
#1480 = ORIENTED_EDGE('',*,*,#1481,.T.);
#1481 = EDGE_CURVE('',#1456,#1482,#1484,.T.);
#1482 = VERTEX_POINT('',#1483);
#1483 = CARTESIAN_POINT('',(-2.435963090418,6.824556135106,7.));
#1484 = ( BOUNDED_CURVE() B_SPLINE_CURVE(2,(#1485,#1486,#1487),
.UNSPECIFIED.,.F.,.F.) B_SPLINE_CURVE_WITH_KNOTS((3,3),(0.,
0.289919229054),.PIECEWISE_BEZIER_KNOTS.) CURVE() 
GEOMETRIC_REPRESENTATION_ITEM() RATIONAL_B_SPLINE_CURVE((1.,
0.989511740461,1.)) REPRESENTATION_ITEM('') );
#1485 = CARTESIAN_POINT('',(-2.279954337522,6.581395013661,7.));
#1486 = CARTESIAN_POINT('',(-2.37570747968,6.691588216127,7.));
#1487 = CARTESIAN_POINT('',(-2.435963090418,6.824556135106,7.));
#1488 = ORIENTED_EDGE('',*,*,#1489,.F.);
#1489 = EDGE_CURVE('',#1130,#1482,#1490,.T.);
#1490 = LINE('',#1491,#1492);
#1491 = CARTESIAN_POINT('',(-2.435963090418,6.824556135106,0.));
#1492 = VECTOR('',#1493,1.);
#1493 = DIRECTION('',(0.,0.,1.));
#1494 = ORIENTED_EDGE('',*,*,#1137,.F.);
#1495 = SURFACE_OF_LINEAR_EXTRUSION('',#1496,#1500);
#1496 = ( BOUNDED_CURVE() B_SPLINE_CURVE(2,(#1497,#1498,#1499),
.UNSPECIFIED.,.F.,.F.) B_SPLINE_CURVE_WITH_KNOTS((3,3),(0.,
0.289919229054),.PIECEWISE_BEZIER_KNOTS.) CURVE() 
GEOMETRIC_REPRESENTATION_ITEM() RATIONAL_B_SPLINE_CURVE((1.,
0.989511740461,1.)) REPRESENTATION_ITEM('') );
#1497 = CARTESIAN_POINT('',(-2.279954337522,6.581395013661,0.));
#1498 = CARTESIAN_POINT('',(-2.37570747968,6.691588216127,0.));
#1499 = CARTESIAN_POINT('',(-2.435963090418,6.824556135106,0.));
#1500 = VECTOR('',#1501,1.);
#1501 = DIRECTION('',(-0.,-0.,-1.));
#1502 = ADVANCED_FACE('',(#1503),#1521,.F.);
#1503 = FACE_BOUND('',#1504,.F.);
#1504 = EDGE_LOOP('',(#1505,#1506,#1514,#1520));
#1505 = ORIENTED_EDGE('',*,*,#1489,.T.);
#1506 = ORIENTED_EDGE('',*,*,#1507,.T.);
#1507 = EDGE_CURVE('',#1482,#1508,#1510,.T.);
#1508 = VERTEX_POINT('',#1509);
#1509 = CARTESIAN_POINT('',(-2.625922444182,6.902841079061,7.));
#1510 = ( BOUNDED_CURVE() B_SPLINE_CURVE(2,(#1511,#1512,#1513),
.UNSPECIFIED.,.F.,.F.) B_SPLINE_CURVE_WITH_KNOTS((3,3),(0.,
1.508825302794),.PIECEWISE_BEZIER_KNOTS.) CURVE() 
GEOMETRIC_REPRESENTATION_ITEM() RATIONAL_B_SPLINE_CURVE((1.,
0.728673920883,1.)) REPRESENTATION_ITEM('') );
#1511 = CARTESIAN_POINT('',(-2.435963090418,6.824556135106,7.));
#1512 = CARTESIAN_POINT('',(-2.494153822408,6.952967422315,7.));
#1513 = CARTESIAN_POINT('',(-2.625922444182,6.902841079061,7.));
#1514 = ORIENTED_EDGE('',*,*,#1515,.F.);
#1515 = EDGE_CURVE('',#1122,#1508,#1516,.T.);
#1516 = LINE('',#1517,#1518);
#1517 = CARTESIAN_POINT('',(-2.625922444182,6.902841079061,0.));
#1518 = VECTOR('',#1519,1.);
#1519 = DIRECTION('',(0.,0.,1.));
#1520 = ORIENTED_EDGE('',*,*,#1129,.F.);
#1521 = SURFACE_OF_LINEAR_EXTRUSION('',#1522,#1526);
#1522 = ( BOUNDED_CURVE() B_SPLINE_CURVE(2,(#1523,#1524,#1525),
.UNSPECIFIED.,.F.,.F.) B_SPLINE_CURVE_WITH_KNOTS((3,3),(0.,
1.508825302794),.PIECEWISE_BEZIER_KNOTS.) CURVE() 
GEOMETRIC_REPRESENTATION_ITEM() RATIONAL_B_SPLINE_CURVE((1.,
0.728673920883,1.)) REPRESENTATION_ITEM('') );
#1523 = CARTESIAN_POINT('',(-2.435963090418,6.824556135106,0.));
#1524 = CARTESIAN_POINT('',(-2.494153822408,6.952967422315,0.));
#1525 = CARTESIAN_POINT('',(-2.625922444182,6.902841079061,0.));
#1526 = VECTOR('',#1527,1.);
#1527 = DIRECTION('',(-0.,-0.,-1.));
#1528 = ADVANCED_FACE('',(#1529),#1547,.F.);
#1529 = FACE_BOUND('',#1530,.F.);
#1530 = EDGE_LOOP('',(#1531,#1532,#1540,#1546));
#1531 = ORIENTED_EDGE('',*,*,#1515,.T.);
#1532 = ORIENTED_EDGE('',*,*,#1533,.T.);
#1533 = EDGE_CURVE('',#1508,#1534,#1536,.T.);
#1534 = VERTEX_POINT('',#1535);
#1535 = CARTESIAN_POINT('',(-3.024238169307,6.737853303608,7.));
#1536 = ( BOUNDED_CURVE() B_SPLINE_CURVE(2,(#1537,#1538,#1539),
.UNSPECIFIED.,.F.,.F.) B_SPLINE_CURVE_WITH_KNOTS((3,3),(0.,
5.838450169226E-02),.PIECEWISE_BEZIER_KNOTS.) CURVE() 
GEOMETRIC_REPRESENTATION_ITEM() RATIONAL_B_SPLINE_CURVE((1.,
0.999573936504,1.)) REPRESENTATION_ITEM('') );
#1537 = CARTESIAN_POINT('',(-2.625922444182,6.902841079061,7.));
#1538 = CARTESIAN_POINT('',(-2.827489173315,6.826162709681,7.));
#1539 = CARTESIAN_POINT('',(-3.024238169307,6.737853303608,7.));
#1540 = ORIENTED_EDGE('',*,*,#1541,.F.);
#1541 = EDGE_CURVE('',#1114,#1534,#1542,.T.);
#1542 = LINE('',#1543,#1544);
#1543 = CARTESIAN_POINT('',(-3.024238169307,6.737853303608,0.));
#1544 = VECTOR('',#1545,1.);
#1545 = DIRECTION('',(0.,0.,1.));
#1546 = ORIENTED_EDGE('',*,*,#1121,.F.);
#1547 = SURFACE_OF_LINEAR_EXTRUSION('',#1548,#1552);
#1548 = ( BOUNDED_CURVE() B_SPLINE_CURVE(2,(#1549,#1550,#1551),
.UNSPECIFIED.,.F.,.F.) B_SPLINE_CURVE_WITH_KNOTS((3,3),(0.,
5.838450169226E-02),.PIECEWISE_BEZIER_KNOTS.) CURVE() 
GEOMETRIC_REPRESENTATION_ITEM() RATIONAL_B_SPLINE_CURVE((1.,
0.999573936504,1.)) REPRESENTATION_ITEM('') );
#1549 = CARTESIAN_POINT('',(-2.625922444182,6.902841079061,0.));
#1550 = CARTESIAN_POINT('',(-2.827489173315,6.826162709681,0.));
#1551 = CARTESIAN_POINT('',(-3.024238169307,6.737853303608,0.));
#1552 = VECTOR('',#1553,1.);
#1553 = DIRECTION('',(-0.,-0.,-1.));
#1554 = ADVANCED_FACE('',(#1555),#1573,.F.);
#1555 = FACE_BOUND('',#1556,.F.);
#1556 = EDGE_LOOP('',(#1557,#1558,#1566,#1572));
#1557 = ORIENTED_EDGE('',*,*,#1541,.T.);
#1558 = ORIENTED_EDGE('',*,*,#1559,.T.);
#1559 = EDGE_CURVE('',#1534,#1560,#1562,.T.);
#1560 = VERTEX_POINT('',#1561);
#1561 = CARTESIAN_POINT('',(-3.103203901767,6.548175941677,7.));
#1562 = ( BOUNDED_CURVE() B_SPLINE_CURVE(2,(#1563,#1564,#1565),
.UNSPECIFIED.,.F.,.F.) B_SPLINE_CURVE_WITH_KNOTS((3,3),(0.,
1.508825302794),.PIECEWISE_BEZIER_KNOTS.) CURVE() 
GEOMETRIC_REPRESENTATION_ITEM() RATIONAL_B_SPLINE_CURVE((1.,
0.728673920883,1.)) REPRESENTATION_ITEM('') );
#1563 = CARTESIAN_POINT('',(-3.024238169307,6.737853303608,7.));
#1564 = CARTESIAN_POINT('',(-3.152857332541,6.680123494835,7.));
#1565 = CARTESIAN_POINT('',(-3.103203901767,6.548175941677,7.));
#1566 = ORIENTED_EDGE('',*,*,#1567,.F.);
#1567 = EDGE_CURVE('',#1106,#1560,#1568,.T.);
#1568 = LINE('',#1569,#1570);
#1569 = CARTESIAN_POINT('',(-3.103203901767,6.548175941677,0.));
#1570 = VECTOR('',#1571,1.);
#1571 = DIRECTION('',(0.,0.,1.));
#1572 = ORIENTED_EDGE('',*,*,#1113,.F.);
#1573 = SURFACE_OF_LINEAR_EXTRUSION('',#1574,#1578);
#1574 = ( BOUNDED_CURVE() B_SPLINE_CURVE(2,(#1575,#1576,#1577),
.UNSPECIFIED.,.F.,.F.) B_SPLINE_CURVE_WITH_KNOTS((3,3),(0.,
1.508825302794),.PIECEWISE_BEZIER_KNOTS.) CURVE() 
GEOMETRIC_REPRESENTATION_ITEM() RATIONAL_B_SPLINE_CURVE((1.,
0.728673920883,1.)) REPRESENTATION_ITEM('') );
#1575 = CARTESIAN_POINT('',(-3.024238169307,6.737853303608,0.));
#1576 = CARTESIAN_POINT('',(-3.152857332541,6.680123494835,0.));
#1577 = CARTESIAN_POINT('',(-3.103203901767,6.548175941677,0.));
#1578 = VECTOR('',#1579,1.);
#1579 = DIRECTION('',(-0.,-0.,-1.));
#1580 = ADVANCED_FACE('',(#1581),#1599,.F.);
#1581 = FACE_BOUND('',#1582,.F.);
#1582 = EDGE_LOOP('',(#1583,#1584,#1592,#1598));
#1583 = ORIENTED_EDGE('',*,*,#1567,.T.);
#1584 = ORIENTED_EDGE('',*,*,#1585,.T.);
#1585 = EDGE_CURVE('',#1560,#1586,#1588,.T.);
#1586 = VERTEX_POINT('',#1587);
#1587 = CARTESIAN_POINT('',(-3.041577870969,6.265920216685,7.));
#1588 = ( BOUNDED_CURVE() B_SPLINE_CURVE(2,(#1589,#1590,#1591),
.UNSPECIFIED.,.F.,.F.) B_SPLINE_CURVE_WITH_KNOTS((3,3),(0.,
0.289919229054),.PIECEWISE_BEZIER_KNOTS.) CURVE() 
GEOMETRIC_REPRESENTATION_ITEM() RATIONAL_B_SPLINE_CURVE((1.,
0.989511740461,1.)) REPRESENTATION_ITEM('') );
#1589 = CARTESIAN_POINT('',(-3.103203901767,6.548175941677,7.));
#1590 = CARTESIAN_POINT('',(-3.051788535534,6.411546273529,7.));
#1591 = CARTESIAN_POINT('',(-3.041577870969,6.265920216685,7.));
#1592 = ORIENTED_EDGE('',*,*,#1593,.F.);
#1593 = EDGE_CURVE('',#1098,#1586,#1594,.T.);
#1594 = LINE('',#1595,#1596);
#1595 = CARTESIAN_POINT('',(-3.041577870969,6.265920216685,0.));
#1596 = VECTOR('',#1597,1.);
#1597 = DIRECTION('',(0.,0.,1.));
#1598 = ORIENTED_EDGE('',*,*,#1105,.F.);
#1599 = SURFACE_OF_LINEAR_EXTRUSION('',#1600,#1604);
#1600 = ( BOUNDED_CURVE() B_SPLINE_CURVE(2,(#1601,#1602,#1603),
.UNSPECIFIED.,.F.,.F.) B_SPLINE_CURVE_WITH_KNOTS((3,3),(0.,
0.289919229054),.PIECEWISE_BEZIER_KNOTS.) CURVE() 
GEOMETRIC_REPRESENTATION_ITEM() RATIONAL_B_SPLINE_CURVE((1.,
0.989511740461,1.)) REPRESENTATION_ITEM('') );
#1601 = CARTESIAN_POINT('',(-3.103203901767,6.548175941677,0.));
#1602 = CARTESIAN_POINT('',(-3.051788535534,6.411546273529,0.));
#1603 = CARTESIAN_POINT('',(-3.041577870969,6.265920216685,0.));
#1604 = VECTOR('',#1605,1.);
#1605 = DIRECTION('',(-0.,-0.,-1.));
#1606 = ADVANCED_FACE('',(#1607),#1625,.F.);
#1607 = FACE_BOUND('',#1608,.F.);
#1608 = EDGE_LOOP('',(#1609,#1610,#1618,#1624));
#1609 = ORIENTED_EDGE('',*,*,#1593,.T.);
#1610 = ORIENTED_EDGE('',*,*,#1611,.T.);
#1611 = EDGE_CURVE('',#1586,#1612,#1614,.T.);
#1612 = VERTEX_POINT('',#1613);
#1613 = CARTESIAN_POINT('',(-3.905657150251,5.76704381219,7.));
#1614 = ( BOUNDED_CURVE() B_SPLINE_CURVE(2,(#1615,#1616,#1617),
.UNSPECIFIED.,.F.,.F.) B_SPLINE_CURVE_WITH_KNOTS((3,3),(0.,
2.234397261374),.PIECEWISE_BEZIER_KNOTS.) CURVE() 
GEOMETRIC_REPRESENTATION_ITEM() RATIONAL_B_SPLINE_CURVE((1.,
0.438202247191,1.)) REPRESENTATION_ITEM('') );
#1615 = CARTESIAN_POINT('',(-3.041577870969,6.265920216685,7.));
#1616 = CARTESIAN_POINT('',(-2.961949403436,5.1302468562,7.));
#1617 = CARTESIAN_POINT('',(-3.905657150251,5.76704381219,7.));
#1618 = ORIENTED_EDGE('',*,*,#1619,.F.);
#1619 = EDGE_CURVE('',#1090,#1612,#1620,.T.);
#1620 = LINE('',#1621,#1622);
#1621 = CARTESIAN_POINT('',(-3.905657150251,5.76704381219,0.));
#1622 = VECTOR('',#1623,1.);
#1623 = DIRECTION('',(0.,0.,1.));
#1624 = ORIENTED_EDGE('',*,*,#1097,.F.);
#1625 = SURFACE_OF_LINEAR_EXTRUSION('',#1626,#1630);
#1626 = ( BOUNDED_CURVE() B_SPLINE_CURVE(2,(#1627,#1628,#1629),
.UNSPECIFIED.,.F.,.F.) B_SPLINE_CURVE_WITH_KNOTS((3,3),(0.,
2.234397261374),.PIECEWISE_BEZIER_KNOTS.) CURVE() 
GEOMETRIC_REPRESENTATION_ITEM() RATIONAL_B_SPLINE_CURVE((1.,
0.438202247191,1.)) REPRESENTATION_ITEM('') );
#1627 = CARTESIAN_POINT('',(-3.041577870969,6.265920216685,0.));
#1628 = CARTESIAN_POINT('',(-2.961949403436,5.1302468562,0.));
#1629 = CARTESIAN_POINT('',(-3.905657150251,5.76704381219,0.));
#1630 = VECTOR('',#1631,1.);
#1631 = DIRECTION('',(-0.,-0.,-1.));
#1632 = ADVANCED_FACE('',(#1633),#1651,.F.);
#1633 = FACE_BOUND('',#1634,.F.);
#1634 = EDGE_LOOP('',(#1635,#1636,#1644,#1650));
#1635 = ORIENTED_EDGE('',*,*,#1619,.T.);
#1636 = ORIENTED_EDGE('',*,*,#1637,.T.);
#1637 = EDGE_CURVE('',#1612,#1638,#1640,.T.);
#1638 = VERTEX_POINT('',#1639);
#1639 = CARTESIAN_POINT('',(-4.119284763059,5.961541382891,7.));
#1640 = ( BOUNDED_CURVE() B_SPLINE_CURVE(2,(#1641,#1642,#1643),
.UNSPECIFIED.,.F.,.F.) B_SPLINE_CURVE_WITH_KNOTS((3,3),(0.,
0.289919229054),.PIECEWISE_BEZIER_KNOTS.) CURVE() 
GEOMETRIC_REPRESENTATION_ITEM() RATIONAL_B_SPLINE_CURVE((1.,
0.989511740461,1.)) REPRESENTATION_ITEM('') );
#1641 = CARTESIAN_POINT('',(-3.905657150251,5.76704381219,7.));
#1642 = CARTESIAN_POINT('',(-4.026667682648,5.848699535515,7.));
#1643 = CARTESIAN_POINT('',(-4.119284763059,5.961541382891,7.));
#1644 = ORIENTED_EDGE('',*,*,#1645,.F.);
#1645 = EDGE_CURVE('',#1082,#1638,#1646,.T.);
#1646 = LINE('',#1647,#1648);
#1647 = CARTESIAN_POINT('',(-4.119284763059,5.961541382891,0.));
#1648 = VECTOR('',#1649,1.);
#1649 = DIRECTION('',(0.,0.,1.));
#1650 = ORIENTED_EDGE('',*,*,#1089,.F.);
#1651 = SURFACE_OF_LINEAR_EXTRUSION('',#1652,#1656);
#1652 = ( BOUNDED_CURVE() B_SPLINE_CURVE(2,(#1653,#1654,#1655),
.UNSPECIFIED.,.F.,.F.) B_SPLINE_CURVE_WITH_KNOTS((3,3),(0.,
0.289919229054),.PIECEWISE_BEZIER_KNOTS.) CURVE() 
GEOMETRIC_REPRESENTATION_ITEM() RATIONAL_B_SPLINE_CURVE((1.,
0.989511740461,1.)) REPRESENTATION_ITEM('') );
#1653 = CARTESIAN_POINT('',(-3.905657150251,5.76704381219,0.));
#1654 = CARTESIAN_POINT('',(-4.026667682648,5.848699535515,0.));
#1655 = CARTESIAN_POINT('',(-4.119284763059,5.961541382891,0.));
#1656 = VECTOR('',#1657,1.);
#1657 = DIRECTION('',(-0.,-0.,-1.));
#1658 = ADVANCED_FACE('',(#1659),#1677,.F.);
#1659 = FACE_BOUND('',#1660,.F.);
#1660 = EDGE_LOOP('',(#1661,#1662,#1670,#1676));
#1661 = ORIENTED_EDGE('',*,*,#1645,.T.);
#1662 = ORIENTED_EDGE('',*,*,#1663,.T.);
#1663 = EDGE_CURVE('',#1638,#1664,#1666,.T.);
#1664 = VERTEX_POINT('',#1665);
#1665 = CARTESIAN_POINT('',(-4.323033043244,5.987993733518,7.));
#1666 = ( BOUNDED_CURVE() B_SPLINE_CURVE(2,(#1667,#1668,#1669),
.UNSPECIFIED.,.F.,.F.) B_SPLINE_CURVE_WITH_KNOTS((3,3),(0.,
1.508825302794),.PIECEWISE_BEZIER_KNOTS.) CURVE() 
GEOMETRIC_REPRESENTATION_ITEM() RATIONAL_B_SPLINE_CURVE((1.,
0.728673920883,1.)) REPRESENTATION_ITEM('') );
#1667 = CARTESIAN_POINT('',(-4.119284763059,5.961541382891,7.));
#1668 = CARTESIAN_POINT('',(-4.208727980674,6.070516291906,7.));
#1669 = CARTESIAN_POINT('',(-4.323033043244,5.987993733518,7.));
#1670 = ORIENTED_EDGE('',*,*,#1671,.F.);
#1671 = EDGE_CURVE('',#1074,#1664,#1672,.T.);
#1672 = LINE('',#1673,#1674);
#1673 = CARTESIAN_POINT('',(-4.323033043244,5.987993733518,0.));
#1674 = VECTOR('',#1675,1.);
#1675 = DIRECTION('',(0.,0.,1.));
#1676 = ORIENTED_EDGE('',*,*,#1081,.F.);
#1677 = SURFACE_OF_LINEAR_EXTRUSION('',#1678,#1682);
#1678 = ( BOUNDED_CURVE() B_SPLINE_CURVE(2,(#1679,#1680,#1681),
.UNSPECIFIED.,.F.,.F.) B_SPLINE_CURVE_WITH_KNOTS((3,3),(0.,
1.508825302794),.PIECEWISE_BEZIER_KNOTS.) CURVE() 
GEOMETRIC_REPRESENTATION_ITEM() RATIONAL_B_SPLINE_CURVE((1.,
0.728673920883,1.)) REPRESENTATION_ITEM('') );
#1679 = CARTESIAN_POINT('',(-4.119284763059,5.961541382891,0.));
#1680 = CARTESIAN_POINT('',(-4.208727980674,6.070516291906,0.));
#1681 = CARTESIAN_POINT('',(-4.323033043244,5.987993733518,0.));
#1682 = VECTOR('',#1683,1.);
#1683 = DIRECTION('',(-0.,-0.,-1.));
#1684 = ADVANCED_FACE('',(#1685),#1703,.F.);
#1685 = FACE_BOUND('',#1686,.F.);
#1686 = EDGE_LOOP('',(#1687,#1688,#1696,#1702));
#1687 = ORIENTED_EDGE('',*,*,#1671,.T.);
#1688 = ORIENTED_EDGE('',*,*,#1689,.T.);
#1689 = EDGE_CURVE('',#1664,#1690,#1692,.T.);
#1690 = VERTEX_POINT('',#1691);
#1691 = CARTESIAN_POINT('',(-4.665074510663,5.72553608456,7.));
#1692 = ( BOUNDED_CURVE() B_SPLINE_CURVE(2,(#1693,#1694,#1695),
.UNSPECIFIED.,.F.,.F.) B_SPLINE_CURVE_WITH_KNOTS((3,3),(0.,
5.838450169226E-02),.PIECEWISE_BEZIER_KNOTS.) CURVE() 
GEOMETRIC_REPRESENTATION_ITEM() RATIONAL_B_SPLINE_CURVE((1.,
0.999573936504,1.)) REPRESENTATION_ITEM('') );
#1693 = CARTESIAN_POINT('',(-4.323033043244,5.987993733518,7.));
#1694 = CARTESIAN_POINT('',(-4.497885730292,5.861758807857,7.));
#1695 = CARTESIAN_POINT('',(-4.665074510663,5.72553608456,7.));
#1696 = ORIENTED_EDGE('',*,*,#1697,.F.);
#1697 = EDGE_CURVE('',#1066,#1690,#1698,.T.);
#1698 = LINE('',#1699,#1700);
#1699 = CARTESIAN_POINT('',(-4.665074510663,5.72553608456,0.));
#1700 = VECTOR('',#1701,1.);
#1701 = DIRECTION('',(0.,0.,1.));
#1702 = ORIENTED_EDGE('',*,*,#1073,.F.);
#1703 = SURFACE_OF_LINEAR_EXTRUSION('',#1704,#1708);
#1704 = ( BOUNDED_CURVE() B_SPLINE_CURVE(2,(#1705,#1706,#1707),
.UNSPECIFIED.,.F.,.F.) B_SPLINE_CURVE_WITH_KNOTS((3,3),(0.,
5.838450169226E-02),.PIECEWISE_BEZIER_KNOTS.) CURVE() 
GEOMETRIC_REPRESENTATION_ITEM() RATIONAL_B_SPLINE_CURVE((1.,
0.999573936504,1.)) REPRESENTATION_ITEM('') );
#1705 = CARTESIAN_POINT('',(-4.323033043244,5.987993733518,0.));
#1706 = CARTESIAN_POINT('',(-4.497885730292,5.861758807857,0.));
#1707 = CARTESIAN_POINT('',(-4.665074510663,5.72553608456,0.));
#1708 = VECTOR('',#1709,1.);
#1709 = DIRECTION('',(-0.,-0.,-1.));
#1710 = ADVANCED_FACE('',(#1711),#1729,.F.);
#1711 = FACE_BOUND('',#1712,.F.);
#1712 = EDGE_LOOP('',(#1713,#1714,#1722,#1728));
#1713 = ORIENTED_EDGE('',*,*,#1697,.T.);
#1714 = ORIENTED_EDGE('',*,*,#1715,.T.);
#1715 = EDGE_CURVE('',#1690,#1716,#1718,.T.);
#1716 = VERTEX_POINT('',#1717);
#1717 = CARTESIAN_POINT('',(-4.692257437345,5.521883986536,7.));
#1718 = ( BOUNDED_CURVE() B_SPLINE_CURVE(2,(#1719,#1720,#1721),
.UNSPECIFIED.,.F.,.F.) B_SPLINE_CURVE_WITH_KNOTS((3,3),(0.,
1.508825302794),.PIECEWISE_BEZIER_KNOTS.) CURVE() 
GEOMETRIC_REPRESENTATION_ITEM() RATIONAL_B_SPLINE_CURVE((1.,
0.728673920883,1.)) REPRESENTATION_ITEM('') );
#1719 = CARTESIAN_POINT('',(-4.665074510663,5.72553608456,7.));
#1720 = CARTESIAN_POINT('',(-4.774369508207,5.636484282309,7.));
#1721 = CARTESIAN_POINT('',(-4.692257437345,5.521883986536,7.));
#1722 = ORIENTED_EDGE('',*,*,#1723,.F.);
#1723 = EDGE_CURVE('',#1058,#1716,#1724,.T.);
#1724 = LINE('',#1725,#1726);
#1725 = CARTESIAN_POINT('',(-4.692257437345,5.521883986536,0.));
#1726 = VECTOR('',#1727,1.);
#1727 = DIRECTION('',(0.,0.,1.));
#1728 = ORIENTED_EDGE('',*,*,#1065,.F.);
#1729 = SURFACE_OF_LINEAR_EXTRUSION('',#1730,#1734);
#1730 = ( BOUNDED_CURVE() B_SPLINE_CURVE(2,(#1731,#1732,#1733),
.UNSPECIFIED.,.F.,.F.) B_SPLINE_CURVE_WITH_KNOTS((3,3),(0.,
1.508825302794),.PIECEWISE_BEZIER_KNOTS.) CURVE() 
GEOMETRIC_REPRESENTATION_ITEM() RATIONAL_B_SPLINE_CURVE((1.,
0.728673920883,1.)) REPRESENTATION_ITEM('') );
#1731 = CARTESIAN_POINT('',(-4.665074510663,5.72553608456,0.));
#1732 = CARTESIAN_POINT('',(-4.774369508207,5.636484282309,0.));
#1733 = CARTESIAN_POINT('',(-4.692257437345,5.521883986536,0.));
#1734 = VECTOR('',#1735,1.);
#1735 = DIRECTION('',(-0.,-0.,-1.));
#1736 = ADVANCED_FACE('',(#1737),#1755,.F.);
#1737 = FACE_BOUND('',#1738,.F.);
#1738 = EDGE_LOOP('',(#1739,#1740,#1748,#1754));
#1739 = ORIENTED_EDGE('',*,*,#1723,.T.);
#1740 = ORIENTED_EDGE('',*,*,#1741,.T.);
#1741 = EDGE_CURVE('',#1716,#1742,#1744,.T.);
#1742 = VERTEX_POINT('',#1743);
#1743 = CARTESIAN_POINT('',(-4.559678105409,5.265195882593,7.));
#1744 = ( BOUNDED_CURVE() B_SPLINE_CURVE(2,(#1745,#1746,#1747),
.UNSPECIFIED.,.F.,.F.) B_SPLINE_CURVE_WITH_KNOTS((3,3),(0.,
0.289919229054),.PIECEWISE_BEZIER_KNOTS.) CURVE() 
GEOMETRIC_REPRESENTATION_ITEM() RATIONAL_B_SPLINE_CURVE((1.,
0.989511740461,1.)) REPRESENTATION_ITEM('') );
#1745 = CARTESIAN_POINT('',(-4.692257437345,5.521883986536,7.));
#1746 = CARTESIAN_POINT('',(-4.607231646991,5.403217137427,7.));
#1747 = CARTESIAN_POINT('',(-4.559678105409,5.265195882593,7.));
#1748 = ORIENTED_EDGE('',*,*,#1749,.F.);
#1749 = EDGE_CURVE('',#1050,#1742,#1750,.T.);
#1750 = LINE('',#1751,#1752);
#1751 = CARTESIAN_POINT('',(-4.559678105409,5.265195882593,0.));
#1752 = VECTOR('',#1753,1.);
#1753 = DIRECTION('',(0.,0.,1.));
#1754 = ORIENTED_EDGE('',*,*,#1057,.F.);
#1755 = SURFACE_OF_LINEAR_EXTRUSION('',#1756,#1760);
#1756 = ( BOUNDED_CURVE() B_SPLINE_CURVE(2,(#1757,#1758,#1759),
.UNSPECIFIED.,.F.,.F.) B_SPLINE_CURVE_WITH_KNOTS((3,3),(0.,
0.289919229054),.PIECEWISE_BEZIER_KNOTS.) CURVE() 
GEOMETRIC_REPRESENTATION_ITEM() RATIONAL_B_SPLINE_CURVE((1.,
0.989511740461,1.)) REPRESENTATION_ITEM('') );
#1757 = CARTESIAN_POINT('',(-4.692257437345,5.521883986536,0.));
#1758 = CARTESIAN_POINT('',(-4.607231646991,5.403217137427,0.));
#1759 = CARTESIAN_POINT('',(-4.559678105409,5.265195882593,0.));
#1760 = VECTOR('',#1761,1.);
#1761 = DIRECTION('',(-0.,-0.,-1.));
#1762 = ADVANCED_FACE('',(#1763),#1781,.F.);
#1763 = FACE_BOUND('',#1764,.F.);
#1764 = EDGE_LOOP('',(#1765,#1766,#1774,#1780));
#1765 = ORIENTED_EDGE('',*,*,#1749,.T.);
#1766 = ORIENTED_EDGE('',*,*,#1767,.T.);
#1767 = EDGE_CURVE('',#1742,#1768,#1770,.T.);
#1768 = VERTEX_POINT('',#1769);
#1769 = CARTESIAN_POINT('',(-5.265195882593,4.559678105409,7.));
#1770 = ( BOUNDED_CURVE() B_SPLINE_CURVE(2,(#1771,#1772,#1773),
.UNSPECIFIED.,.F.,.F.) B_SPLINE_CURVE_WITH_KNOTS((3,3),(0.,
2.234397261374),.PIECEWISE_BEZIER_KNOTS.) CURVE() 
GEOMETRIC_REPRESENTATION_ITEM() RATIONAL_B_SPLINE_CURVE((1.,
0.438202247191,1.)) REPRESENTATION_ITEM('') );
#1771 = CARTESIAN_POINT('',(-4.559678105409,5.265195882593,7.));
#1772 = CARTESIAN_POINT('',(-4.188829017402,4.188829017402,7.));
#1773 = CARTESIAN_POINT('',(-5.265195882593,4.559678105409,7.));
#1774 = ORIENTED_EDGE('',*,*,#1775,.F.);
#1775 = EDGE_CURVE('',#1042,#1768,#1776,.T.);
#1776 = LINE('',#1777,#1778);
#1777 = CARTESIAN_POINT('',(-5.265195882593,4.559678105409,0.));
#1778 = VECTOR('',#1779,1.);
#1779 = DIRECTION('',(0.,0.,1.));
#1780 = ORIENTED_EDGE('',*,*,#1049,.F.);
#1781 = SURFACE_OF_LINEAR_EXTRUSION('',#1782,#1786);
#1782 = ( BOUNDED_CURVE() B_SPLINE_CURVE(2,(#1783,#1784,#1785),
.UNSPECIFIED.,.F.,.F.) B_SPLINE_CURVE_WITH_KNOTS((3,3),(0.,
2.234397261374),.PIECEWISE_BEZIER_KNOTS.) CURVE() 
GEOMETRIC_REPRESENTATION_ITEM() RATIONAL_B_SPLINE_CURVE((1.,
0.438202247191,1.)) REPRESENTATION_ITEM('') );
#1783 = CARTESIAN_POINT('',(-4.559678105409,5.265195882593,0.));
#1784 = CARTESIAN_POINT('',(-4.188829017402,4.188829017402,0.));
#1785 = CARTESIAN_POINT('',(-5.265195882593,4.559678105409,0.));
#1786 = VECTOR('',#1787,1.);
#1787 = DIRECTION('',(-0.,-0.,-1.));
#1788 = ADVANCED_FACE('',(#1789),#1807,.F.);
#1789 = FACE_BOUND('',#1790,.F.);
#1790 = EDGE_LOOP('',(#1791,#1792,#1800,#1806));
#1791 = ORIENTED_EDGE('',*,*,#1775,.T.);
#1792 = ORIENTED_EDGE('',*,*,#1793,.T.);
#1793 = EDGE_CURVE('',#1768,#1794,#1796,.T.);
#1794 = VERTEX_POINT('',#1795);
#1795 = CARTESIAN_POINT('',(-5.521883986536,4.692257437345,7.));
#1796 = ( BOUNDED_CURVE() B_SPLINE_CURVE(2,(#1797,#1798,#1799),
.UNSPECIFIED.,.F.,.F.) B_SPLINE_CURVE_WITH_KNOTS((3,3),(0.,
0.289919229054),.PIECEWISE_BEZIER_KNOTS.) CURVE() 
GEOMETRIC_REPRESENTATION_ITEM() RATIONAL_B_SPLINE_CURVE((1.,
0.989511740461,1.)) REPRESENTATION_ITEM('') );
#1797 = CARTESIAN_POINT('',(-5.265195882593,4.559678105409,7.));
#1798 = CARTESIAN_POINT('',(-5.403217137427,4.607231646991,7.));
#1799 = CARTESIAN_POINT('',(-5.521883986536,4.692257437345,7.));
#1800 = ORIENTED_EDGE('',*,*,#1801,.F.);
#1801 = EDGE_CURVE('',#1034,#1794,#1802,.T.);
#1802 = LINE('',#1803,#1804);
#1803 = CARTESIAN_POINT('',(-5.521883986536,4.692257437345,0.));
#1804 = VECTOR('',#1805,1.);
#1805 = DIRECTION('',(0.,0.,1.));
#1806 = ORIENTED_EDGE('',*,*,#1041,.F.);
#1807 = SURFACE_OF_LINEAR_EXTRUSION('',#1808,#1812);
#1808 = ( BOUNDED_CURVE() B_SPLINE_CURVE(2,(#1809,#1810,#1811),
.UNSPECIFIED.,.F.,.F.) B_SPLINE_CURVE_WITH_KNOTS((3,3),(0.,
0.289919229054),.PIECEWISE_BEZIER_KNOTS.) CURVE() 
GEOMETRIC_REPRESENTATION_ITEM() RATIONAL_B_SPLINE_CURVE((1.,
0.989511740461,1.)) REPRESENTATION_ITEM('') );
#1809 = CARTESIAN_POINT('',(-5.265195882593,4.559678105409,0.));
#1810 = CARTESIAN_POINT('',(-5.403217137427,4.607231646991,0.));
#1811 = CARTESIAN_POINT('',(-5.521883986536,4.692257437345,0.));
#1812 = VECTOR('',#1813,1.);
#1813 = DIRECTION('',(-0.,-0.,-1.));
#1814 = ADVANCED_FACE('',(#1815),#1833,.F.);
#1815 = FACE_BOUND('',#1816,.F.);
#1816 = EDGE_LOOP('',(#1817,#1818,#1826,#1832));
#1817 = ORIENTED_EDGE('',*,*,#1801,.T.);
#1818 = ORIENTED_EDGE('',*,*,#1819,.T.);
#1819 = EDGE_CURVE('',#1794,#1820,#1822,.T.);
#1820 = VERTEX_POINT('',#1821);
#1821 = CARTESIAN_POINT('',(-5.72553608456,4.665074510663,7.));
#1822 = ( BOUNDED_CURVE() B_SPLINE_CURVE(2,(#1823,#1824,#1825),
.UNSPECIFIED.,.F.,.F.) B_SPLINE_CURVE_WITH_KNOTS((3,3),(0.,
1.508825302794),.PIECEWISE_BEZIER_KNOTS.) CURVE() 
GEOMETRIC_REPRESENTATION_ITEM() RATIONAL_B_SPLINE_CURVE((1.,
0.728673920883,1.)) REPRESENTATION_ITEM('') );
#1823 = CARTESIAN_POINT('',(-5.521883986536,4.692257437345,7.));
#1824 = CARTESIAN_POINT('',(-5.636484282309,4.774369508207,7.));
#1825 = CARTESIAN_POINT('',(-5.72553608456,4.665074510663,7.));
#1826 = ORIENTED_EDGE('',*,*,#1827,.F.);
#1827 = EDGE_CURVE('',#1026,#1820,#1828,.T.);
#1828 = LINE('',#1829,#1830);
#1829 = CARTESIAN_POINT('',(-5.72553608456,4.665074510663,0.));
#1830 = VECTOR('',#1831,1.);
#1831 = DIRECTION('',(0.,0.,1.));
#1832 = ORIENTED_EDGE('',*,*,#1033,.F.);
#1833 = SURFACE_OF_LINEAR_EXTRUSION('',#1834,#1838);
#1834 = ( BOUNDED_CURVE() B_SPLINE_CURVE(2,(#1835,#1836,#1837),
.UNSPECIFIED.,.F.,.F.) B_SPLINE_CURVE_WITH_KNOTS((3,3),(0.,
1.508825302794),.PIECEWISE_BEZIER_KNOTS.) CURVE() 
GEOMETRIC_REPRESENTATION_ITEM() RATIONAL_B_SPLINE_CURVE((1.,
0.728673920883,1.)) REPRESENTATION_ITEM('') );
#1835 = CARTESIAN_POINT('',(-5.521883986536,4.692257437345,0.));
#1836 = CARTESIAN_POINT('',(-5.636484282309,4.774369508207,0.));
#1837 = CARTESIAN_POINT('',(-5.72553608456,4.665074510663,0.));
#1838 = VECTOR('',#1839,1.);
#1839 = DIRECTION('',(-0.,-0.,-1.));
#1840 = ADVANCED_FACE('',(#1841),#1859,.F.);
#1841 = FACE_BOUND('',#1842,.F.);
#1842 = EDGE_LOOP('',(#1843,#1844,#1852,#1858));
#1843 = ORIENTED_EDGE('',*,*,#1827,.T.);
#1844 = ORIENTED_EDGE('',*,*,#1845,.T.);
#1845 = EDGE_CURVE('',#1820,#1846,#1848,.T.);
#1846 = VERTEX_POINT('',#1847);
#1847 = CARTESIAN_POINT('',(-5.987993733518,4.323033043244,7.));
#1848 = ( BOUNDED_CURVE() B_SPLINE_CURVE(2,(#1849,#1850,#1851),
.UNSPECIFIED.,.F.,.F.) B_SPLINE_CURVE_WITH_KNOTS((3,3),(0.,
5.838450169226E-02),.PIECEWISE_BEZIER_KNOTS.) CURVE() 
GEOMETRIC_REPRESENTATION_ITEM() RATIONAL_B_SPLINE_CURVE((1.,
0.999573936504,1.)) REPRESENTATION_ITEM('') );
#1849 = CARTESIAN_POINT('',(-5.72553608456,4.665074510663,7.));
#1850 = CARTESIAN_POINT('',(-5.861758807857,4.497885730292,7.));
#1851 = CARTESIAN_POINT('',(-5.987993733518,4.323033043244,7.));
#1852 = ORIENTED_EDGE('',*,*,#1853,.F.);
#1853 = EDGE_CURVE('',#1018,#1846,#1854,.T.);
#1854 = LINE('',#1855,#1856);
#1855 = CARTESIAN_POINT('',(-5.987993733518,4.323033043244,0.));
#1856 = VECTOR('',#1857,1.);
#1857 = DIRECTION('',(0.,0.,1.));
#1858 = ORIENTED_EDGE('',*,*,#1025,.F.);
#1859 = SURFACE_OF_LINEAR_EXTRUSION('',#1860,#1864);
#1860 = ( BOUNDED_CURVE() B_SPLINE_CURVE(2,(#1861,#1862,#1863),
.UNSPECIFIED.,.F.,.F.) B_SPLINE_CURVE_WITH_KNOTS((3,3),(0.,
5.838450169226E-02),.PIECEWISE_BEZIER_KNOTS.) CURVE() 
GEOMETRIC_REPRESENTATION_ITEM() RATIONAL_B_SPLINE_CURVE((1.,
0.999573936504,1.)) REPRESENTATION_ITEM('') );
#1861 = CARTESIAN_POINT('',(-5.72553608456,4.665074510663,0.));
#1862 = CARTESIAN_POINT('',(-5.861758807857,4.497885730292,0.));
#1863 = CARTESIAN_POINT('',(-5.987993733518,4.323033043244,0.));
#1864 = VECTOR('',#1865,1.);
#1865 = DIRECTION('',(-0.,-0.,-1.));
#1866 = ADVANCED_FACE('',(#1867),#1885,.F.);
#1867 = FACE_BOUND('',#1868,.F.);
#1868 = EDGE_LOOP('',(#1869,#1870,#1878,#1884));
#1869 = ORIENTED_EDGE('',*,*,#1853,.T.);
#1870 = ORIENTED_EDGE('',*,*,#1871,.T.);
#1871 = EDGE_CURVE('',#1846,#1872,#1874,.T.);
#1872 = VERTEX_POINT('',#1873);
#1873 = CARTESIAN_POINT('',(-5.961541382891,4.119284763059,7.));
#1874 = ( BOUNDED_CURVE() B_SPLINE_CURVE(2,(#1875,#1876,#1877),
.UNSPECIFIED.,.F.,.F.) B_SPLINE_CURVE_WITH_KNOTS((3,3),(0.,
1.508825302794),.PIECEWISE_BEZIER_KNOTS.) CURVE() 
GEOMETRIC_REPRESENTATION_ITEM() RATIONAL_B_SPLINE_CURVE((1.,
0.728673920883,1.)) REPRESENTATION_ITEM('') );
#1875 = CARTESIAN_POINT('',(-5.987993733518,4.323033043244,7.));
#1876 = CARTESIAN_POINT('',(-6.070516291906,4.208727980674,7.));
#1877 = CARTESIAN_POINT('',(-5.961541382891,4.119284763059,7.));
#1878 = ORIENTED_EDGE('',*,*,#1879,.F.);
#1879 = EDGE_CURVE('',#1010,#1872,#1880,.T.);
#1880 = LINE('',#1881,#1882);
#1881 = CARTESIAN_POINT('',(-5.961541382891,4.119284763059,0.));
#1882 = VECTOR('',#1883,1.);
#1883 = DIRECTION('',(0.,0.,1.));
#1884 = ORIENTED_EDGE('',*,*,#1017,.F.);
#1885 = SURFACE_OF_LINEAR_EXTRUSION('',#1886,#1890);
#1886 = ( BOUNDED_CURVE() B_SPLINE_CURVE(2,(#1887,#1888,#1889),
.UNSPECIFIED.,.F.,.F.) B_SPLINE_CURVE_WITH_KNOTS((3,3),(0.,
1.508825302794),.PIECEWISE_BEZIER_KNOTS.) CURVE() 
GEOMETRIC_REPRESENTATION_ITEM() RATIONAL_B_SPLINE_CURVE((1.,
0.728673920883,1.)) REPRESENTATION_ITEM('') );
#1887 = CARTESIAN_POINT('',(-5.987993733518,4.323033043244,0.));
#1888 = CARTESIAN_POINT('',(-6.070516291906,4.208727980674,0.));
#1889 = CARTESIAN_POINT('',(-5.961541382891,4.119284763059,0.));
#1890 = VECTOR('',#1891,1.);
#1891 = DIRECTION('',(-0.,-0.,-1.));
#1892 = ADVANCED_FACE('',(#1893),#1911,.F.);
#1893 = FACE_BOUND('',#1894,.F.);
#1894 = EDGE_LOOP('',(#1895,#1896,#1904,#1910));
#1895 = ORIENTED_EDGE('',*,*,#1879,.T.);
#1896 = ORIENTED_EDGE('',*,*,#1897,.T.);
#1897 = EDGE_CURVE('',#1872,#1898,#1900,.T.);
#1898 = VERTEX_POINT('',#1899);
#1899 = CARTESIAN_POINT('',(-5.76704381219,3.905657150251,7.));
#1900 = ( BOUNDED_CURVE() B_SPLINE_CURVE(2,(#1901,#1902,#1903),
.UNSPECIFIED.,.F.,.F.) B_SPLINE_CURVE_WITH_KNOTS((3,3),(0.,
0.289919229054),.PIECEWISE_BEZIER_KNOTS.) CURVE() 
GEOMETRIC_REPRESENTATION_ITEM() RATIONAL_B_SPLINE_CURVE((1.,
0.989511740461,1.)) REPRESENTATION_ITEM('') );
#1901 = CARTESIAN_POINT('',(-5.961541382891,4.119284763059,7.));
#1902 = CARTESIAN_POINT('',(-5.848699535515,4.026667682648,7.));
#1903 = CARTESIAN_POINT('',(-5.76704381219,3.905657150251,7.));
#1904 = ORIENTED_EDGE('',*,*,#1905,.F.);
#1905 = EDGE_CURVE('',#1002,#1898,#1906,.T.);
#1906 = LINE('',#1907,#1908);
#1907 = CARTESIAN_POINT('',(-5.76704381219,3.905657150251,0.));
#1908 = VECTOR('',#1909,1.);
#1909 = DIRECTION('',(0.,0.,1.));
#1910 = ORIENTED_EDGE('',*,*,#1009,.F.);
#1911 = SURFACE_OF_LINEAR_EXTRUSION('',#1912,#1916);
#1912 = ( BOUNDED_CURVE() B_SPLINE_CURVE(2,(#1913,#1914,#1915),
.UNSPECIFIED.,.F.,.F.) B_SPLINE_CURVE_WITH_KNOTS((3,3),(0.,
0.289919229054),.PIECEWISE_BEZIER_KNOTS.) CURVE() 
GEOMETRIC_REPRESENTATION_ITEM() RATIONAL_B_SPLINE_CURVE((1.,
0.989511740461,1.)) REPRESENTATION_ITEM('') );
#1913 = CARTESIAN_POINT('',(-5.961541382891,4.119284763059,0.));
#1914 = CARTESIAN_POINT('',(-5.848699535515,4.026667682648,0.));
#1915 = CARTESIAN_POINT('',(-5.76704381219,3.905657150251,0.));
#1916 = VECTOR('',#1917,1.);
#1917 = DIRECTION('',(-0.,-0.,-1.));
#1918 = ADVANCED_FACE('',(#1919),#1937,.F.);
#1919 = FACE_BOUND('',#1920,.F.);
#1920 = EDGE_LOOP('',(#1921,#1922,#1930,#1936));
#1921 = ORIENTED_EDGE('',*,*,#1905,.T.);
#1922 = ORIENTED_EDGE('',*,*,#1923,.T.);
#1923 = EDGE_CURVE('',#1898,#1924,#1926,.T.);
#1924 = VERTEX_POINT('',#1925);
#1925 = CARTESIAN_POINT('',(-6.265920216685,3.041577870969,7.));
#1926 = ( BOUNDED_CURVE() B_SPLINE_CURVE(2,(#1927,#1928,#1929),
.UNSPECIFIED.,.F.,.F.) B_SPLINE_CURVE_WITH_KNOTS((3,3),(0.,
2.234397261374),.PIECEWISE_BEZIER_KNOTS.) CURVE() 
GEOMETRIC_REPRESENTATION_ITEM() RATIONAL_B_SPLINE_CURVE((1.,
0.438202247191,1.)) REPRESENTATION_ITEM('') );
#1927 = CARTESIAN_POINT('',(-5.76704381219,3.905657150251,7.));
#1928 = CARTESIAN_POINT('',(-5.1302468562,2.961949403436,7.));
#1929 = CARTESIAN_POINT('',(-6.265920216685,3.041577870969,7.));
#1930 = ORIENTED_EDGE('',*,*,#1931,.F.);
#1931 = EDGE_CURVE('',#994,#1924,#1932,.T.);
#1932 = LINE('',#1933,#1934);
#1933 = CARTESIAN_POINT('',(-6.265920216685,3.041577870969,0.));
#1934 = VECTOR('',#1935,1.);
#1935 = DIRECTION('',(0.,0.,1.));
#1936 = ORIENTED_EDGE('',*,*,#1001,.F.);
#1937 = SURFACE_OF_LINEAR_EXTRUSION('',#1938,#1942);
#1938 = ( BOUNDED_CURVE() B_SPLINE_CURVE(2,(#1939,#1940,#1941),
.UNSPECIFIED.,.F.,.F.) B_SPLINE_CURVE_WITH_KNOTS((3,3),(0.,
2.234397261374),.PIECEWISE_BEZIER_KNOTS.) CURVE() 
GEOMETRIC_REPRESENTATION_ITEM() RATIONAL_B_SPLINE_CURVE((1.,
0.438202247191,1.)) REPRESENTATION_ITEM('') );
#1939 = CARTESIAN_POINT('',(-5.76704381219,3.905657150251,0.));
#1940 = CARTESIAN_POINT('',(-5.1302468562,2.961949403436,0.));
#1941 = CARTESIAN_POINT('',(-6.265920216685,3.041577870969,0.));
#1942 = VECTOR('',#1943,1.);
#1943 = DIRECTION('',(-0.,-0.,-1.));
#1944 = ADVANCED_FACE('',(#1945),#1963,.F.);
#1945 = FACE_BOUND('',#1946,.F.);
#1946 = EDGE_LOOP('',(#1947,#1948,#1956,#1962));
#1947 = ORIENTED_EDGE('',*,*,#1931,.T.);
#1948 = ORIENTED_EDGE('',*,*,#1949,.T.);
#1949 = EDGE_CURVE('',#1924,#1950,#1952,.T.);
#1950 = VERTEX_POINT('',#1951);
#1951 = CARTESIAN_POINT('',(-6.548175941677,3.103203901767,7.));
#1952 = ( BOUNDED_CURVE() B_SPLINE_CURVE(2,(#1953,#1954,#1955),
.UNSPECIFIED.,.F.,.F.) B_SPLINE_CURVE_WITH_KNOTS((3,3),(0.,
0.289919229054),.PIECEWISE_BEZIER_KNOTS.) CURVE() 
GEOMETRIC_REPRESENTATION_ITEM() RATIONAL_B_SPLINE_CURVE((1.,
0.989511740461,1.)) REPRESENTATION_ITEM('') );
#1953 = CARTESIAN_POINT('',(-6.265920216685,3.041577870969,7.));
#1954 = CARTESIAN_POINT('',(-6.411546273529,3.051788535534,7.));
#1955 = CARTESIAN_POINT('',(-6.548175941677,3.103203901767,7.));
#1956 = ORIENTED_EDGE('',*,*,#1957,.F.);
#1957 = EDGE_CURVE('',#986,#1950,#1958,.T.);
#1958 = LINE('',#1959,#1960);
#1959 = CARTESIAN_POINT('',(-6.548175941677,3.103203901767,0.));
#1960 = VECTOR('',#1961,1.);
#1961 = DIRECTION('',(0.,0.,1.));
#1962 = ORIENTED_EDGE('',*,*,#993,.F.);
#1963 = SURFACE_OF_LINEAR_EXTRUSION('',#1964,#1968);
#1964 = ( BOUNDED_CURVE() B_SPLINE_CURVE(2,(#1965,#1966,#1967),
.UNSPECIFIED.,.F.,.F.) B_SPLINE_CURVE_WITH_KNOTS((3,3),(0.,
0.289919229054),.PIECEWISE_BEZIER_KNOTS.) CURVE() 
GEOMETRIC_REPRESENTATION_ITEM() RATIONAL_B_SPLINE_CURVE((1.,
0.989511740461,1.)) REPRESENTATION_ITEM('') );
#1965 = CARTESIAN_POINT('',(-6.265920216685,3.041577870969,0.));
#1966 = CARTESIAN_POINT('',(-6.411546273529,3.051788535534,0.));
#1967 = CARTESIAN_POINT('',(-6.548175941677,3.103203901767,0.));
#1968 = VECTOR('',#1969,1.);
#1969 = DIRECTION('',(-0.,-0.,-1.));
#1970 = ADVANCED_FACE('',(#1971),#1989,.F.);
#1971 = FACE_BOUND('',#1972,.F.);
#1972 = EDGE_LOOP('',(#1973,#1974,#1982,#1988));
#1973 = ORIENTED_EDGE('',*,*,#1957,.T.);
#1974 = ORIENTED_EDGE('',*,*,#1975,.T.);
#1975 = EDGE_CURVE('',#1950,#1976,#1978,.T.);
#1976 = VERTEX_POINT('',#1977);
#1977 = CARTESIAN_POINT('',(-6.737853303608,3.024238169307,7.));
#1978 = ( BOUNDED_CURVE() B_SPLINE_CURVE(2,(#1979,#1980,#1981),
.UNSPECIFIED.,.F.,.F.) B_SPLINE_CURVE_WITH_KNOTS((3,3),(0.,
1.508825302794),.PIECEWISE_BEZIER_KNOTS.) CURVE() 
GEOMETRIC_REPRESENTATION_ITEM() RATIONAL_B_SPLINE_CURVE((1.,
0.728673920883,1.)) REPRESENTATION_ITEM('') );
#1979 = CARTESIAN_POINT('',(-6.548175941677,3.103203901767,7.));
#1980 = CARTESIAN_POINT('',(-6.680123494835,3.152857332541,7.));
#1981 = CARTESIAN_POINT('',(-6.737853303608,3.024238169307,7.));
#1982 = ORIENTED_EDGE('',*,*,#1983,.F.);
#1983 = EDGE_CURVE('',#978,#1976,#1984,.T.);
#1984 = LINE('',#1985,#1986);
#1985 = CARTESIAN_POINT('',(-6.737853303608,3.024238169307,0.));
#1986 = VECTOR('',#1987,1.);
#1987 = DIRECTION('',(0.,0.,1.));
#1988 = ORIENTED_EDGE('',*,*,#985,.F.);
#1989 = SURFACE_OF_LINEAR_EXTRUSION('',#1990,#1994);
#1990 = ( BOUNDED_CURVE() B_SPLINE_CURVE(2,(#1991,#1992,#1993),
.UNSPECIFIED.,.F.,.F.) B_SPLINE_CURVE_WITH_KNOTS((3,3),(0.,
1.508825302794),.PIECEWISE_BEZIER_KNOTS.) CURVE() 
GEOMETRIC_REPRESENTATION_ITEM() RATIONAL_B_SPLINE_CURVE((1.,
0.728673920883,1.)) REPRESENTATION_ITEM('') );
#1991 = CARTESIAN_POINT('',(-6.548175941677,3.103203901767,0.));
#1992 = CARTESIAN_POINT('',(-6.680123494835,3.152857332541,0.));
#1993 = CARTESIAN_POINT('',(-6.737853303608,3.024238169307,0.));
#1994 = VECTOR('',#1995,1.);
#1995 = DIRECTION('',(-0.,-0.,-1.));
#1996 = ADVANCED_FACE('',(#1997),#2015,.F.);
#1997 = FACE_BOUND('',#1998,.F.);
#1998 = EDGE_LOOP('',(#1999,#2000,#2008,#2014));
#1999 = ORIENTED_EDGE('',*,*,#1983,.T.);
#2000 = ORIENTED_EDGE('',*,*,#2001,.T.);
#2001 = EDGE_CURVE('',#1976,#2002,#2004,.T.);
#2002 = VERTEX_POINT('',#2003);
#2003 = CARTESIAN_POINT('',(-6.902841079061,2.625922444182,7.));
#2004 = ( BOUNDED_CURVE() B_SPLINE_CURVE(2,(#2005,#2006,#2007),
.UNSPECIFIED.,.F.,.F.) B_SPLINE_CURVE_WITH_KNOTS((3,3),(0.,
5.838450169226E-02),.PIECEWISE_BEZIER_KNOTS.) CURVE() 
GEOMETRIC_REPRESENTATION_ITEM() RATIONAL_B_SPLINE_CURVE((1.,
0.999573936504,1.)) REPRESENTATION_ITEM('') );
#2005 = CARTESIAN_POINT('',(-6.737853303608,3.024238169307,7.));
#2006 = CARTESIAN_POINT('',(-6.826162709681,2.827489173315,7.));
#2007 = CARTESIAN_POINT('',(-6.902841079061,2.625922444182,7.));
#2008 = ORIENTED_EDGE('',*,*,#2009,.F.);
#2009 = EDGE_CURVE('',#970,#2002,#2010,.T.);
#2010 = LINE('',#2011,#2012);
#2011 = CARTESIAN_POINT('',(-6.902841079061,2.625922444182,0.));
#2012 = VECTOR('',#2013,1.);
#2013 = DIRECTION('',(0.,0.,1.));
#2014 = ORIENTED_EDGE('',*,*,#977,.F.);
#2015 = SURFACE_OF_LINEAR_EXTRUSION('',#2016,#2020);
#2016 = ( BOUNDED_CURVE() B_SPLINE_CURVE(2,(#2017,#2018,#2019),
.UNSPECIFIED.,.F.,.F.) B_SPLINE_CURVE_WITH_KNOTS((3,3),(0.,
5.838450169226E-02),.PIECEWISE_BEZIER_KNOTS.) CURVE() 
GEOMETRIC_REPRESENTATION_ITEM() RATIONAL_B_SPLINE_CURVE((1.,
0.999573936504,1.)) REPRESENTATION_ITEM('') );
#2017 = CARTESIAN_POINT('',(-6.737853303608,3.024238169307,0.));
#2018 = CARTESIAN_POINT('',(-6.826162709681,2.827489173315,0.));
#2019 = CARTESIAN_POINT('',(-6.902841079061,2.625922444182,0.));
#2020 = VECTOR('',#2021,1.);
#2021 = DIRECTION('',(-0.,-0.,-1.));
#2022 = ADVANCED_FACE('',(#2023),#2041,.F.);
#2023 = FACE_BOUND('',#2024,.F.);
#2024 = EDGE_LOOP('',(#2025,#2026,#2034,#2040));
#2025 = ORIENTED_EDGE('',*,*,#2009,.T.);
#2026 = ORIENTED_EDGE('',*,*,#2027,.T.);
#2027 = EDGE_CURVE('',#2002,#2028,#2030,.T.);
#2028 = VERTEX_POINT('',#2029);
#2029 = CARTESIAN_POINT('',(-6.824556135106,2.435963090418,7.));
#2030 = ( BOUNDED_CURVE() B_SPLINE_CURVE(2,(#2031,#2032,#2033),
.UNSPECIFIED.,.F.,.F.) B_SPLINE_CURVE_WITH_KNOTS((3,3),(0.,
1.508825302794),.PIECEWISE_BEZIER_KNOTS.) CURVE() 
GEOMETRIC_REPRESENTATION_ITEM() RATIONAL_B_SPLINE_CURVE((1.,
0.728673920883,1.)) REPRESENTATION_ITEM('') );
#2031 = CARTESIAN_POINT('',(-6.902841079061,2.625922444182,7.));
#2032 = CARTESIAN_POINT('',(-6.952967422315,2.494153822408,7.));
#2033 = CARTESIAN_POINT('',(-6.824556135106,2.435963090418,7.));
#2034 = ORIENTED_EDGE('',*,*,#2035,.F.);
#2035 = EDGE_CURVE('',#962,#2028,#2036,.T.);
#2036 = LINE('',#2037,#2038);
#2037 = CARTESIAN_POINT('',(-6.824556135106,2.435963090418,0.));
#2038 = VECTOR('',#2039,1.);
#2039 = DIRECTION('',(0.,0.,1.));
#2040 = ORIENTED_EDGE('',*,*,#969,.F.);
#2041 = SURFACE_OF_LINEAR_EXTRUSION('',#2042,#2046);
#2042 = ( BOUNDED_CURVE() B_SPLINE_CURVE(2,(#2043,#2044,#2045),
.UNSPECIFIED.,.F.,.F.) B_SPLINE_CURVE_WITH_KNOTS((3,3),(0.,
1.508825302794),.PIECEWISE_BEZIER_KNOTS.) CURVE() 
GEOMETRIC_REPRESENTATION_ITEM() RATIONAL_B_SPLINE_CURVE((1.,
0.728673920883,1.)) REPRESENTATION_ITEM('') );
#2043 = CARTESIAN_POINT('',(-6.902841079061,2.625922444182,0.));
#2044 = CARTESIAN_POINT('',(-6.952967422315,2.494153822408,0.));
#2045 = CARTESIAN_POINT('',(-6.824556135106,2.435963090418,0.));
#2046 = VECTOR('',#2047,1.);
#2047 = DIRECTION('',(-0.,-0.,-1.));
#2048 = ADVANCED_FACE('',(#2049),#2067,.F.);
#2049 = FACE_BOUND('',#2050,.F.);
#2050 = EDGE_LOOP('',(#2051,#2052,#2060,#2066));
#2051 = ORIENTED_EDGE('',*,*,#2035,.T.);
#2052 = ORIENTED_EDGE('',*,*,#2053,.T.);
#2053 = EDGE_CURVE('',#2028,#2054,#2056,.T.);
#2054 = VERTEX_POINT('',#2055);
#2055 = CARTESIAN_POINT('',(-6.581395013661,2.279954337522,7.));
#2056 = ( BOUNDED_CURVE() B_SPLINE_CURVE(2,(#2057,#2058,#2059),
.UNSPECIFIED.,.F.,.F.) B_SPLINE_CURVE_WITH_KNOTS((3,3),(0.,
0.289919229054),.PIECEWISE_BEZIER_KNOTS.) CURVE() 
GEOMETRIC_REPRESENTATION_ITEM() RATIONAL_B_SPLINE_CURVE((1.,
0.989511740461,1.)) REPRESENTATION_ITEM('') );
#2057 = CARTESIAN_POINT('',(-6.824556135106,2.435963090418,7.));
#2058 = CARTESIAN_POINT('',(-6.691588216127,2.37570747968,7.));
#2059 = CARTESIAN_POINT('',(-6.581395013661,2.279954337522,7.));
#2060 = ORIENTED_EDGE('',*,*,#2061,.F.);
#2061 = EDGE_CURVE('',#954,#2054,#2062,.T.);
#2062 = LINE('',#2063,#2064);
#2063 = CARTESIAN_POINT('',(-6.581395013661,2.279954337522,0.));
#2064 = VECTOR('',#2065,1.);
#2065 = DIRECTION('',(0.,0.,1.));
#2066 = ORIENTED_EDGE('',*,*,#961,.F.);
#2067 = SURFACE_OF_LINEAR_EXTRUSION('',#2068,#2072);
#2068 = ( BOUNDED_CURVE() B_SPLINE_CURVE(2,(#2069,#2070,#2071),
.UNSPECIFIED.,.F.,.F.) B_SPLINE_CURVE_WITH_KNOTS((3,3),(0.,
0.289919229054),.PIECEWISE_BEZIER_KNOTS.) CURVE() 
GEOMETRIC_REPRESENTATION_ITEM() RATIONAL_B_SPLINE_CURVE((1.,
0.989511740461,1.)) REPRESENTATION_ITEM('') );
#2069 = CARTESIAN_POINT('',(-6.824556135106,2.435963090418,0.));
#2070 = CARTESIAN_POINT('',(-6.691588216127,2.37570747968,0.));
#2071 = CARTESIAN_POINT('',(-6.581395013661,2.279954337522,0.));
#2072 = VECTOR('',#2073,1.);
#2073 = DIRECTION('',(-0.,-0.,-1.));
#2074 = ADVANCED_FACE('',(#2075),#2093,.F.);
#2075 = FACE_BOUND('',#2076,.F.);
#2076 = EDGE_LOOP('',(#2077,#2078,#2086,#2092));
#2077 = ORIENTED_EDGE('',*,*,#2061,.T.);
#2078 = ORIENTED_EDGE('',*,*,#2079,.T.);
#2079 = EDGE_CURVE('',#2054,#2080,#2082,.T.);
#2080 = VERTEX_POINT('',#2081);
#2081 = CARTESIAN_POINT('',(-6.839632442932,1.316199131068,7.));
#2082 = ( BOUNDED_CURVE() B_SPLINE_CURVE(2,(#2083,#2084,#2085),
.UNSPECIFIED.,.F.,.F.) B_SPLINE_CURVE_WITH_KNOTS((3,3),(0.,
2.234397261374),.PIECEWISE_BEZIER_KNOTS.) CURVE() 
GEOMETRIC_REPRESENTATION_ITEM() RATIONAL_B_SPLINE_CURVE((1.,
0.438202247191,1.)) REPRESENTATION_ITEM('') );
#2083 = CARTESIAN_POINT('',(-6.581395013661,2.279954337522,7.));
#2084 = CARTESIAN_POINT('',(-5.722046849881,1.533217832479,7.));
#2085 = CARTESIAN_POINT('',(-6.839632442932,1.316199131068,7.));
#2086 = ORIENTED_EDGE('',*,*,#2087,.F.);
#2087 = EDGE_CURVE('',#946,#2080,#2088,.T.);
#2088 = LINE('',#2089,#2090);
#2089 = CARTESIAN_POINT('',(-6.839632442932,1.316199131068,0.));
#2090 = VECTOR('',#2091,1.);
#2091 = DIRECTION('',(0.,0.,1.));
#2092 = ORIENTED_EDGE('',*,*,#953,.F.);
#2093 = SURFACE_OF_LINEAR_EXTRUSION('',#2094,#2098);
#2094 = ( BOUNDED_CURVE() B_SPLINE_CURVE(2,(#2095,#2096,#2097),
.UNSPECIFIED.,.F.,.F.) B_SPLINE_CURVE_WITH_KNOTS((3,3),(0.,
2.234397261374),.PIECEWISE_BEZIER_KNOTS.) CURVE() 
GEOMETRIC_REPRESENTATION_ITEM() RATIONAL_B_SPLINE_CURVE((1.,
0.438202247191,1.)) REPRESENTATION_ITEM('') );
#2095 = CARTESIAN_POINT('',(-6.581395013661,2.279954337522,0.));
#2096 = CARTESIAN_POINT('',(-5.722046849881,1.533217832479,0.));
#2097 = CARTESIAN_POINT('',(-6.839632442932,1.316199131068,0.));
#2098 = VECTOR('',#2099,1.);
#2099 = DIRECTION('',(-0.,-0.,-1.));
#2100 = ADVANCED_FACE('',(#2101),#2119,.F.);
#2101 = FACE_BOUND('',#2102,.F.);
#2102 = EDGE_LOOP('',(#2103,#2104,#2112,#2118));
#2103 = ORIENTED_EDGE('',*,*,#2087,.T.);
#2104 = ORIENTED_EDGE('',*,*,#2105,.T.);
#2105 = EDGE_CURVE('',#2080,#2106,#2108,.T.);
#2106 = VERTEX_POINT('',#2107);
#2107 = CARTESIAN_POINT('',(-7.128220527764,1.302672148569,7.));
#2108 = ( BOUNDED_CURVE() B_SPLINE_CURVE(2,(#2109,#2110,#2111),
.UNSPECIFIED.,.F.,.F.) B_SPLINE_CURVE_WITH_KNOTS((3,3),(0.,
0.289919229054),.PIECEWISE_BEZIER_KNOTS.) CURVE() 
GEOMETRIC_REPRESENTATION_ITEM() RATIONAL_B_SPLINE_CURVE((1.,
0.989511740461,1.)) REPRESENTATION_ITEM('') );
#2109 = CARTESIAN_POINT('',(-6.839632442932,1.316199131068,7.));
#2110 = CARTESIAN_POINT('',(-6.982939126671,1.2883710787,7.));
#2111 = CARTESIAN_POINT('',(-7.128220527764,1.302672148569,7.));
#2112 = ORIENTED_EDGE('',*,*,#2113,.F.);
#2113 = EDGE_CURVE('',#938,#2106,#2114,.T.);
#2114 = LINE('',#2115,#2116);
#2115 = CARTESIAN_POINT('',(-7.128220527764,1.302672148569,0.));
#2116 = VECTOR('',#2117,1.);
#2117 = DIRECTION('',(0.,0.,1.));
#2118 = ORIENTED_EDGE('',*,*,#945,.F.);
#2119 = SURFACE_OF_LINEAR_EXTRUSION('',#2120,#2124);
#2120 = ( BOUNDED_CURVE() B_SPLINE_CURVE(2,(#2121,#2122,#2123),
.UNSPECIFIED.,.F.,.F.) B_SPLINE_CURVE_WITH_KNOTS((3,3),(0.,
0.289919229054),.PIECEWISE_BEZIER_KNOTS.) CURVE() 
GEOMETRIC_REPRESENTATION_ITEM() RATIONAL_B_SPLINE_CURVE((1.,
0.989511740461,1.)) REPRESENTATION_ITEM('') );
#2121 = CARTESIAN_POINT('',(-6.839632442932,1.316199131068,0.));
#2122 = CARTESIAN_POINT('',(-6.982939126671,1.2883710787,0.));
#2123 = CARTESIAN_POINT('',(-7.128220527764,1.302672148569,0.));
#2124 = VECTOR('',#2125,1.);
#2125 = DIRECTION('',(-0.,-0.,-1.));
#2126 = ADVANCED_FACE('',(#2127),#2145,.F.);
#2127 = FACE_BOUND('',#2128,.F.);
#2128 = EDGE_LOOP('',(#2129,#2130,#2138,#2144));
#2129 = ORIENTED_EDGE('',*,*,#2113,.T.);
#2130 = ORIENTED_EDGE('',*,*,#2131,.T.);
#2131 = EDGE_CURVE('',#2106,#2132,#2134,.T.);
#2132 = VERTEX_POINT('',#2133);
#2133 = CARTESIAN_POINT('',(-7.290996954845,1.177304994502,7.));
#2134 = ( BOUNDED_CURVE() B_SPLINE_CURVE(2,(#2135,#2136,#2137),
.UNSPECIFIED.,.F.,.F.) B_SPLINE_CURVE_WITH_KNOTS((3,3),(0.,
1.508825302794),.PIECEWISE_BEZIER_KNOTS.) CURVE() 
GEOMETRIC_REPRESENTATION_ITEM() RATIONAL_B_SPLINE_CURVE((1.,
0.728673920883,1.)) REPRESENTATION_ITEM('') );
#2135 = CARTESIAN_POINT('',(-7.128220527764,1.302672148569,7.));
#2136 = CARTESIAN_POINT('',(-7.268523330614,1.316483140006,7.));
#2137 = CARTESIAN_POINT('',(-7.290996954845,1.177304994502,7.));
#2138 = ORIENTED_EDGE('',*,*,#2139,.F.);
#2139 = EDGE_CURVE('',#930,#2132,#2140,.T.);
#2140 = LINE('',#2141,#2142);
#2141 = CARTESIAN_POINT('',(-7.290996954845,1.177304994502,0.));
#2142 = VECTOR('',#2143,1.);
#2143 = DIRECTION('',(0.,0.,1.));
#2144 = ORIENTED_EDGE('',*,*,#937,.F.);
#2145 = SURFACE_OF_LINEAR_EXTRUSION('',#2146,#2150);
#2146 = ( BOUNDED_CURVE() B_SPLINE_CURVE(2,(#2147,#2148,#2149),
.UNSPECIFIED.,.F.,.F.) B_SPLINE_CURVE_WITH_KNOTS((3,3),(0.,
1.508825302794),.PIECEWISE_BEZIER_KNOTS.) CURVE() 
GEOMETRIC_REPRESENTATION_ITEM() RATIONAL_B_SPLINE_CURVE((1.,
0.728673920883,1.)) REPRESENTATION_ITEM('') );
#2147 = CARTESIAN_POINT('',(-7.128220527764,1.302672148569,0.));
#2148 = CARTESIAN_POINT('',(-7.268523330614,1.316483140006,0.));
#2149 = CARTESIAN_POINT('',(-7.290996954845,1.177304994502,0.));
#2150 = VECTOR('',#2151,1.);
#2151 = DIRECTION('',(-0.,-0.,-1.));
#2152 = ADVANCED_FACE('',(#2153),#2171,.F.);
#2153 = FACE_BOUND('',#2154,.F.);
#2154 = EDGE_LOOP('',(#2155,#2156,#2164,#2170));
#2155 = ORIENTED_EDGE('',*,*,#2139,.T.);
#2156 = ORIENTED_EDGE('',*,*,#2157,.T.);
#2157 = EDGE_CURVE('',#2132,#2158,#2160,.T.);
#2158 = VERTEX_POINT('',#2159);
#2159 = CARTESIAN_POINT('',(-7.347271212551,0.74985957009,7.));
#2160 = ( BOUNDED_CURVE() B_SPLINE_CURVE(2,(#2161,#2162,#2163),
.UNSPECIFIED.,.F.,.F.) B_SPLINE_CURVE_WITH_KNOTS((3,3),(0.,
5.838450169226E-02),.PIECEWISE_BEZIER_KNOTS.) CURVE() 
GEOMETRIC_REPRESENTATION_ITEM() RATIONAL_B_SPLINE_CURVE((1.,
0.999573936504,1.)) REPRESENTATION_ITEM('') );
#2161 = CARTESIAN_POINT('',(-7.290996954845,1.177304994502,7.));
#2162 = CARTESIAN_POINT('',(-7.325374903608,0.964403901824,7.));
#2163 = CARTESIAN_POINT('',(-7.347271212551,0.74985957009,7.));
#2164 = ORIENTED_EDGE('',*,*,#2165,.F.);
#2165 = EDGE_CURVE('',#922,#2158,#2166,.T.);
#2166 = LINE('',#2167,#2168);
#2167 = CARTESIAN_POINT('',(-7.347271212551,0.74985957009,0.));
#2168 = VECTOR('',#2169,1.);
#2169 = DIRECTION('',(0.,0.,1.));
#2170 = ORIENTED_EDGE('',*,*,#929,.F.);
#2171 = SURFACE_OF_LINEAR_EXTRUSION('',#2172,#2176);
#2172 = ( BOUNDED_CURVE() B_SPLINE_CURVE(2,(#2173,#2174,#2175),
.UNSPECIFIED.,.F.,.F.) B_SPLINE_CURVE_WITH_KNOTS((3,3),(0.,
5.838450169226E-02),.PIECEWISE_BEZIER_KNOTS.) CURVE() 
GEOMETRIC_REPRESENTATION_ITEM() RATIONAL_B_SPLINE_CURVE((1.,
0.999573936504,1.)) REPRESENTATION_ITEM('') );
#2173 = CARTESIAN_POINT('',(-7.290996954845,1.177304994502,0.));
#2174 = CARTESIAN_POINT('',(-7.325374903608,0.964403901824,0.));
#2175 = CARTESIAN_POINT('',(-7.347271212551,0.74985957009,0.));
#2176 = VECTOR('',#2177,1.);
#2177 = DIRECTION('',(-0.,-0.,-1.));
#2178 = ADVANCED_FACE('',(#2179),#2197,.F.);
#2179 = FACE_BOUND('',#2180,.F.);
#2180 = EDGE_LOOP('',(#2181,#2182,#2190,#2196));
#2181 = ORIENTED_EDGE('',*,*,#2165,.T.);
#2182 = ORIENTED_EDGE('',*,*,#2183,.T.);
#2183 = EDGE_CURVE('',#2158,#2184,#2186,.T.);
#2184 = VERTEX_POINT('',#2185);
#2185 = CARTESIAN_POINT('',(-7.222488664825,0.586634558785,7.));
#2186 = ( BOUNDED_CURVE() B_SPLINE_CURVE(2,(#2187,#2188,#2189),
.UNSPECIFIED.,.F.,.F.) B_SPLINE_CURVE_WITH_KNOTS((3,3),(0.,
1.508825302794),.PIECEWISE_BEZIER_KNOTS.) CURVE() 
GEOMETRIC_REPRESENTATION_ITEM() RATIONAL_B_SPLINE_CURVE((1.,
0.728673920883,1.)) REPRESENTATION_ITEM('') );
#2187 = CARTESIAN_POINT('',(-7.347271212551,0.74985957009,7.));
#2188 = CARTESIAN_POINT('',(-7.361585313215,0.609607202929,7.));
#2189 = CARTESIAN_POINT('',(-7.222488664825,0.586634558785,7.));
#2190 = ORIENTED_EDGE('',*,*,#2191,.F.);
#2191 = EDGE_CURVE('',#914,#2184,#2192,.T.);
#2192 = LINE('',#2193,#2194);
#2193 = CARTESIAN_POINT('',(-7.222488664825,0.586634558785,0.));
#2194 = VECTOR('',#2195,1.);
#2195 = DIRECTION('',(0.,0.,1.));
#2196 = ORIENTED_EDGE('',*,*,#921,.F.);
#2197 = SURFACE_OF_LINEAR_EXTRUSION('',#2198,#2202);
#2198 = ( BOUNDED_CURVE() B_SPLINE_CURVE(2,(#2199,#2200,#2201),
.UNSPECIFIED.,.F.,.F.) B_SPLINE_CURVE_WITH_KNOTS((3,3),(0.,
1.508825302794),.PIECEWISE_BEZIER_KNOTS.) CURVE() 
GEOMETRIC_REPRESENTATION_ITEM() RATIONAL_B_SPLINE_CURVE((1.,
0.728673920883,1.)) REPRESENTATION_ITEM('') );
#2199 = CARTESIAN_POINT('',(-7.347271212551,0.74985957009,0.));
#2200 = CARTESIAN_POINT('',(-7.361585313215,0.609607202929,0.));
#2201 = CARTESIAN_POINT('',(-7.222488664825,0.586634558785,0.));
#2202 = VECTOR('',#2203,1.);
#2203 = DIRECTION('',(-0.,-0.,-1.));
#2204 = ADVANCED_FACE('',(#2205),#2223,.F.);
#2205 = FACE_BOUND('',#2206,.F.);
#2206 = EDGE_LOOP('',(#2207,#2208,#2216,#2222));
#2207 = ORIENTED_EDGE('',*,*,#2191,.T.);
#2208 = ORIENTED_EDGE('',*,*,#2209,.T.);
#2209 = EDGE_CURVE('',#2184,#2210,#2212,.T.);
#2210 = VERTEX_POINT('',#2211);
#2211 = CARTESIAN_POINT('',(-6.94723502122,0.498876404494,7.));
#2212 = ( BOUNDED_CURVE() B_SPLINE_CURVE(2,(#2213,#2214,#2215),
.UNSPECIFIED.,.F.,.F.) B_SPLINE_CURVE_WITH_KNOTS((3,3),(0.,
0.289919229054),.PIECEWISE_BEZIER_KNOTS.) CURVE() 
GEOMETRIC_REPRESENTATION_ITEM() RATIONAL_B_SPLINE_CURVE((1.,
0.989511740461,1.)) REPRESENTATION_ITEM('') );
#2213 = CARTESIAN_POINT('',(-7.222488664825,0.586634558785,7.));
#2214 = CARTESIAN_POINT('',(-7.078456218183,0.562846738014,7.));
#2215 = CARTESIAN_POINT('',(-6.94723502122,0.498876404494,7.));
#2216 = ORIENTED_EDGE('',*,*,#2217,.F.);
#2217 = EDGE_CURVE('',#906,#2210,#2218,.T.);
#2218 = LINE('',#2219,#2220);
#2219 = CARTESIAN_POINT('',(-6.94723502122,0.498876404494,0.));
#2220 = VECTOR('',#2221,1.);
#2221 = DIRECTION('',(0.,0.,1.));
#2222 = ORIENTED_EDGE('',*,*,#913,.F.);
#2223 = SURFACE_OF_LINEAR_EXTRUSION('',#2224,#2228);
#2224 = ( BOUNDED_CURVE() B_SPLINE_CURVE(2,(#2225,#2226,#2227),
.UNSPECIFIED.,.F.,.F.) B_SPLINE_CURVE_WITH_KNOTS((3,3),(0.,
0.289919229054),.PIECEWISE_BEZIER_KNOTS.) CURVE() 
GEOMETRIC_REPRESENTATION_ITEM() RATIONAL_B_SPLINE_CURVE((1.,
0.989511740461,1.)) REPRESENTATION_ITEM('') );
#2225 = CARTESIAN_POINT('',(-7.222488664825,0.586634558785,0.));
#2226 = CARTESIAN_POINT('',(-7.078456218183,0.562846738014,0.));
#2227 = CARTESIAN_POINT('',(-6.94723502122,0.498876404494,0.));
#2228 = VECTOR('',#2229,1.);
#2229 = DIRECTION('',(-0.,-0.,-1.));
#2230 = ADVANCED_FACE('',(#2231),#2249,.F.);
#2231 = FACE_BOUND('',#2232,.F.);
#2232 = EDGE_LOOP('',(#2233,#2234,#2242,#2248));
#2233 = ORIENTED_EDGE('',*,*,#2217,.T.);
#2234 = ORIENTED_EDGE('',*,*,#2235,.T.);
#2235 = EDGE_CURVE('',#2210,#2236,#2238,.T.);
#2236 = VERTEX_POINT('',#2237);
#2237 = CARTESIAN_POINT('',(-6.94723502122,-0.498876404494,7.));
#2238 = ( BOUNDED_CURVE() B_SPLINE_CURVE(2,(#2239,#2240,#2241),
.UNSPECIFIED.,.F.,.F.) B_SPLINE_CURVE_WITH_KNOTS((3,3),(0.,
2.234397261374),.PIECEWISE_BEZIER_KNOTS.) CURVE() 
GEOMETRIC_REPRESENTATION_ITEM() RATIONAL_B_SPLINE_CURVE((1.,
0.438202247191,1.)) REPRESENTATION_ITEM('') );
#2239 = CARTESIAN_POINT('',(-6.94723502122,0.498876404494,7.));
#2240 = CARTESIAN_POINT('',(-5.923898806873,8.9E-16,7.));
#2241 = CARTESIAN_POINT('',(-6.94723502122,-0.498876404494,7.));
#2242 = ORIENTED_EDGE('',*,*,#2243,.F.);
#2243 = EDGE_CURVE('',#898,#2236,#2244,.T.);
#2244 = LINE('',#2245,#2246);
#2245 = CARTESIAN_POINT('',(-6.94723502122,-0.498876404494,0.));
#2246 = VECTOR('',#2247,1.);
#2247 = DIRECTION('',(0.,0.,1.));
#2248 = ORIENTED_EDGE('',*,*,#905,.F.);
#2249 = SURFACE_OF_LINEAR_EXTRUSION('',#2250,#2254);
#2250 = ( BOUNDED_CURVE() B_SPLINE_CURVE(2,(#2251,#2252,#2253),
.UNSPECIFIED.,.F.,.F.) B_SPLINE_CURVE_WITH_KNOTS((3,3),(0.,
2.234397261374),.PIECEWISE_BEZIER_KNOTS.) CURVE() 
GEOMETRIC_REPRESENTATION_ITEM() RATIONAL_B_SPLINE_CURVE((1.,
0.438202247191,1.)) REPRESENTATION_ITEM('') );
#2251 = CARTESIAN_POINT('',(-6.94723502122,0.498876404494,0.));
#2252 = CARTESIAN_POINT('',(-5.923898806873,8.9E-16,0.));
#2253 = CARTESIAN_POINT('',(-6.94723502122,-0.498876404494,0.));
#2254 = VECTOR('',#2255,1.);
#2255 = DIRECTION('',(-0.,-0.,-1.));
#2256 = ADVANCED_FACE('',(#2257),#2275,.F.);
#2257 = FACE_BOUND('',#2258,.F.);
#2258 = EDGE_LOOP('',(#2259,#2260,#2268,#2274));
#2259 = ORIENTED_EDGE('',*,*,#2243,.T.);
#2260 = ORIENTED_EDGE('',*,*,#2261,.T.);
#2261 = EDGE_CURVE('',#2236,#2262,#2264,.T.);
#2262 = VERTEX_POINT('',#2263);
#2263 = CARTESIAN_POINT('',(-7.222488664825,-0.586634558785,7.));
#2264 = ( BOUNDED_CURVE() B_SPLINE_CURVE(2,(#2265,#2266,#2267),
.UNSPECIFIED.,.F.,.F.) B_SPLINE_CURVE_WITH_KNOTS((3,3),(0.,
0.289919229054),.PIECEWISE_BEZIER_KNOTS.) CURVE() 
GEOMETRIC_REPRESENTATION_ITEM() RATIONAL_B_SPLINE_CURVE((1.,
0.989511740461,1.)) REPRESENTATION_ITEM('') );
#2265 = CARTESIAN_POINT('',(-6.94723502122,-0.498876404494,7.));
#2266 = CARTESIAN_POINT('',(-7.078456218183,-0.562846738014,7.));
#2267 = CARTESIAN_POINT('',(-7.222488664825,-0.586634558785,7.));
#2268 = ORIENTED_EDGE('',*,*,#2269,.F.);
#2269 = EDGE_CURVE('',#890,#2262,#2270,.T.);
#2270 = LINE('',#2271,#2272);
#2271 = CARTESIAN_POINT('',(-7.222488664825,-0.586634558785,0.));
#2272 = VECTOR('',#2273,1.);
#2273 = DIRECTION('',(0.,0.,1.));
#2274 = ORIENTED_EDGE('',*,*,#897,.F.);
#2275 = SURFACE_OF_LINEAR_EXTRUSION('',#2276,#2280);
#2276 = ( BOUNDED_CURVE() B_SPLINE_CURVE(2,(#2277,#2278,#2279),
.UNSPECIFIED.,.F.,.F.) B_SPLINE_CURVE_WITH_KNOTS((3,3),(0.,
0.289919229054),.PIECEWISE_BEZIER_KNOTS.) CURVE() 
GEOMETRIC_REPRESENTATION_ITEM() RATIONAL_B_SPLINE_CURVE((1.,
0.989511740461,1.)) REPRESENTATION_ITEM('') );
#2277 = CARTESIAN_POINT('',(-6.94723502122,-0.498876404494,0.));
#2278 = CARTESIAN_POINT('',(-7.078456218183,-0.562846738014,0.));
#2279 = CARTESIAN_POINT('',(-7.222488664825,-0.586634558785,0.));
#2280 = VECTOR('',#2281,1.);
#2281 = DIRECTION('',(-0.,-0.,-1.));
#2282 = ADVANCED_FACE('',(#2283),#2301,.F.);
#2283 = FACE_BOUND('',#2284,.F.);
#2284 = EDGE_LOOP('',(#2285,#2286,#2294,#2300));
#2285 = ORIENTED_EDGE('',*,*,#2269,.T.);
#2286 = ORIENTED_EDGE('',*,*,#2287,.T.);
#2287 = EDGE_CURVE('',#2262,#2288,#2290,.T.);
#2288 = VERTEX_POINT('',#2289);
#2289 = CARTESIAN_POINT('',(-7.347271212551,-0.74985957009,7.));
#2290 = ( BOUNDED_CURVE() B_SPLINE_CURVE(2,(#2291,#2292,#2293),
.UNSPECIFIED.,.F.,.F.) B_SPLINE_CURVE_WITH_KNOTS((3,3),(0.,
1.508825302794),.PIECEWISE_BEZIER_KNOTS.) CURVE() 
GEOMETRIC_REPRESENTATION_ITEM() RATIONAL_B_SPLINE_CURVE((1.,
0.728673920883,1.)) REPRESENTATION_ITEM('') );
#2291 = CARTESIAN_POINT('',(-7.222488664825,-0.586634558785,7.));
#2292 = CARTESIAN_POINT('',(-7.361585313215,-0.609607202929,7.));
#2293 = CARTESIAN_POINT('',(-7.347271212551,-0.74985957009,7.));
#2294 = ORIENTED_EDGE('',*,*,#2295,.F.);
#2295 = EDGE_CURVE('',#882,#2288,#2296,.T.);
#2296 = LINE('',#2297,#2298);
#2297 = CARTESIAN_POINT('',(-7.347271212551,-0.74985957009,0.));
#2298 = VECTOR('',#2299,1.);
#2299 = DIRECTION('',(0.,0.,1.));
#2300 = ORIENTED_EDGE('',*,*,#889,.F.);
#2301 = SURFACE_OF_LINEAR_EXTRUSION('',#2302,#2306);
#2302 = ( BOUNDED_CURVE() B_SPLINE_CURVE(2,(#2303,#2304,#2305),
.UNSPECIFIED.,.F.,.F.) B_SPLINE_CURVE_WITH_KNOTS((3,3),(0.,
1.508825302794),.PIECEWISE_BEZIER_KNOTS.) CURVE() 
GEOMETRIC_REPRESENTATION_ITEM() RATIONAL_B_SPLINE_CURVE((1.,
0.728673920883,1.)) REPRESENTATION_ITEM('') );
#2303 = CARTESIAN_POINT('',(-7.222488664825,-0.586634558785,0.));
#2304 = CARTESIAN_POINT('',(-7.361585313215,-0.609607202929,0.));
#2305 = CARTESIAN_POINT('',(-7.347271212551,-0.74985957009,0.));
#2306 = VECTOR('',#2307,1.);
#2307 = DIRECTION('',(-0.,-0.,-1.));
#2308 = ADVANCED_FACE('',(#2309),#2327,.F.);
#2309 = FACE_BOUND('',#2310,.F.);
#2310 = EDGE_LOOP('',(#2311,#2312,#2320,#2326));
#2311 = ORIENTED_EDGE('',*,*,#2295,.T.);
#2312 = ORIENTED_EDGE('',*,*,#2313,.T.);
#2313 = EDGE_CURVE('',#2288,#2314,#2316,.T.);
#2314 = VERTEX_POINT('',#2315);
#2315 = CARTESIAN_POINT('',(-7.290996954845,-1.177304994502,7.));
#2316 = ( BOUNDED_CURVE() B_SPLINE_CURVE(2,(#2317,#2318,#2319),
.UNSPECIFIED.,.F.,.F.) B_SPLINE_CURVE_WITH_KNOTS((3,3),(0.,
5.838450169226E-02),.PIECEWISE_BEZIER_KNOTS.) CURVE() 
GEOMETRIC_REPRESENTATION_ITEM() RATIONAL_B_SPLINE_CURVE((1.,
0.999573936504,1.)) REPRESENTATION_ITEM('') );
#2317 = CARTESIAN_POINT('',(-7.347271212551,-0.74985957009,7.));
#2318 = CARTESIAN_POINT('',(-7.325374903608,-0.964403901824,7.));
#2319 = CARTESIAN_POINT('',(-7.290996954845,-1.177304994502,7.));
#2320 = ORIENTED_EDGE('',*,*,#2321,.F.);
#2321 = EDGE_CURVE('',#874,#2314,#2322,.T.);
#2322 = LINE('',#2323,#2324);
#2323 = CARTESIAN_POINT('',(-7.290996954845,-1.177304994502,0.));
#2324 = VECTOR('',#2325,1.);
#2325 = DIRECTION('',(0.,0.,1.));
#2326 = ORIENTED_EDGE('',*,*,#881,.F.);
#2327 = SURFACE_OF_LINEAR_EXTRUSION('',#2328,#2332);
#2328 = ( BOUNDED_CURVE() B_SPLINE_CURVE(2,(#2329,#2330,#2331),
.UNSPECIFIED.,.F.,.F.) B_SPLINE_CURVE_WITH_KNOTS((3,3),(0.,
5.838450169226E-02),.PIECEWISE_BEZIER_KNOTS.) CURVE() 
GEOMETRIC_REPRESENTATION_ITEM() RATIONAL_B_SPLINE_CURVE((1.,
0.999573936504,1.)) REPRESENTATION_ITEM('') );
#2329 = CARTESIAN_POINT('',(-7.347271212551,-0.74985957009,0.));
#2330 = CARTESIAN_POINT('',(-7.325374903608,-0.964403901824,0.));
#2331 = CARTESIAN_POINT('',(-7.290996954845,-1.177304994502,0.));
#2332 = VECTOR('',#2333,1.);
#2333 = DIRECTION('',(-0.,-0.,-1.));
#2334 = ADVANCED_FACE('',(#2335),#2353,.F.);
#2335 = FACE_BOUND('',#2336,.F.);
#2336 = EDGE_LOOP('',(#2337,#2338,#2346,#2352));
#2337 = ORIENTED_EDGE('',*,*,#2321,.T.);
#2338 = ORIENTED_EDGE('',*,*,#2339,.T.);
#2339 = EDGE_CURVE('',#2314,#2340,#2342,.T.);
#2340 = VERTEX_POINT('',#2341);
#2341 = CARTESIAN_POINT('',(-7.128220527764,-1.302672148569,7.));
#2342 = ( BOUNDED_CURVE() B_SPLINE_CURVE(2,(#2343,#2344,#2345),
.UNSPECIFIED.,.F.,.F.) B_SPLINE_CURVE_WITH_KNOTS((3,3),(0.,
1.508825302794),.PIECEWISE_BEZIER_KNOTS.) CURVE() 
GEOMETRIC_REPRESENTATION_ITEM() RATIONAL_B_SPLINE_CURVE((1.,
0.728673920883,1.)) REPRESENTATION_ITEM('') );
#2343 = CARTESIAN_POINT('',(-7.290996954845,-1.177304994502,7.));
#2344 = CARTESIAN_POINT('',(-7.268523330614,-1.316483140006,7.));
#2345 = CARTESIAN_POINT('',(-7.128220527764,-1.302672148569,7.));
#2346 = ORIENTED_EDGE('',*,*,#2347,.F.);
#2347 = EDGE_CURVE('',#866,#2340,#2348,.T.);
#2348 = LINE('',#2349,#2350);
#2349 = CARTESIAN_POINT('',(-7.128220527764,-1.302672148569,0.));
#2350 = VECTOR('',#2351,1.);
#2351 = DIRECTION('',(0.,0.,1.));
#2352 = ORIENTED_EDGE('',*,*,#873,.F.);
#2353 = SURFACE_OF_LINEAR_EXTRUSION('',#2354,#2358);
#2354 = ( BOUNDED_CURVE() B_SPLINE_CURVE(2,(#2355,#2356,#2357),
.UNSPECIFIED.,.F.,.F.) B_SPLINE_CURVE_WITH_KNOTS((3,3),(0.,
1.508825302794),.PIECEWISE_BEZIER_KNOTS.) CURVE() 
GEOMETRIC_REPRESENTATION_ITEM() RATIONAL_B_SPLINE_CURVE((1.,
0.728673920883,1.)) REPRESENTATION_ITEM('') );
#2355 = CARTESIAN_POINT('',(-7.290996954845,-1.177304994502,0.));
#2356 = CARTESIAN_POINT('',(-7.268523330614,-1.316483140006,0.));
#2357 = CARTESIAN_POINT('',(-7.128220527764,-1.302672148569,0.));
#2358 = VECTOR('',#2359,1.);
#2359 = DIRECTION('',(-0.,-0.,-1.));
#2360 = ADVANCED_FACE('',(#2361),#2379,.F.);
#2361 = FACE_BOUND('',#2362,.F.);
#2362 = EDGE_LOOP('',(#2363,#2364,#2372,#2378));
#2363 = ORIENTED_EDGE('',*,*,#2347,.T.);
#2364 = ORIENTED_EDGE('',*,*,#2365,.T.);
#2365 = EDGE_CURVE('',#2340,#2366,#2368,.T.);
#2366 = VERTEX_POINT('',#2367);
#2367 = CARTESIAN_POINT('',(-6.839632442932,-1.316199131068,7.));
#2368 = ( BOUNDED_CURVE() B_SPLINE_CURVE(2,(#2369,#2370,#2371),
.UNSPECIFIED.,.F.,.F.) B_SPLINE_CURVE_WITH_KNOTS((3,3),(0.,
0.289919229054),.PIECEWISE_BEZIER_KNOTS.) CURVE() 
GEOMETRIC_REPRESENTATION_ITEM() RATIONAL_B_SPLINE_CURVE((1.,
0.989511740461,1.)) REPRESENTATION_ITEM('') );
#2369 = CARTESIAN_POINT('',(-7.128220527764,-1.302672148569,7.));
#2370 = CARTESIAN_POINT('',(-6.982939126671,-1.2883710787,7.));
#2371 = CARTESIAN_POINT('',(-6.839632442932,-1.316199131068,7.));
#2372 = ORIENTED_EDGE('',*,*,#2373,.F.);
#2373 = EDGE_CURVE('',#858,#2366,#2374,.T.);
#2374 = LINE('',#2375,#2376);
#2375 = CARTESIAN_POINT('',(-6.839632442932,-1.316199131068,0.));
#2376 = VECTOR('',#2377,1.);
#2377 = DIRECTION('',(0.,0.,1.));
#2378 = ORIENTED_EDGE('',*,*,#865,.F.);
#2379 = SURFACE_OF_LINEAR_EXTRUSION('',#2380,#2384);
#2380 = ( BOUNDED_CURVE() B_SPLINE_CURVE(2,(#2381,#2382,#2383),
.UNSPECIFIED.,.F.,.F.) B_SPLINE_CURVE_WITH_KNOTS((3,3),(0.,
0.289919229054),.PIECEWISE_BEZIER_KNOTS.) CURVE() 
GEOMETRIC_REPRESENTATION_ITEM() RATIONAL_B_SPLINE_CURVE((1.,
0.989511740461,1.)) REPRESENTATION_ITEM('') );
#2381 = CARTESIAN_POINT('',(-7.128220527764,-1.302672148569,0.));
#2382 = CARTESIAN_POINT('',(-6.982939126671,-1.2883710787,0.));
#2383 = CARTESIAN_POINT('',(-6.839632442932,-1.316199131068,0.));
#2384 = VECTOR('',#2385,1.);
#2385 = DIRECTION('',(-0.,-0.,-1.));
#2386 = ADVANCED_FACE('',(#2387),#2405,.F.);
#2387 = FACE_BOUND('',#2388,.F.);
#2388 = EDGE_LOOP('',(#2389,#2390,#2398,#2404));
#2389 = ORIENTED_EDGE('',*,*,#2373,.T.);
#2390 = ORIENTED_EDGE('',*,*,#2391,.T.);
#2391 = EDGE_CURVE('',#2366,#2392,#2394,.T.);
#2392 = VERTEX_POINT('',#2393);
#2393 = CARTESIAN_POINT('',(-6.581395013661,-2.279954337522,7.));
#2394 = ( BOUNDED_CURVE() B_SPLINE_CURVE(2,(#2395,#2396,#2397),
.UNSPECIFIED.,.F.,.F.) B_SPLINE_CURVE_WITH_KNOTS((3,3),(0.,
2.234397261374),.PIECEWISE_BEZIER_KNOTS.) CURVE() 
GEOMETRIC_REPRESENTATION_ITEM() RATIONAL_B_SPLINE_CURVE((1.,
0.438202247191,1.)) REPRESENTATION_ITEM('') );
#2395 = CARTESIAN_POINT('',(-6.839632442932,-1.316199131068,7.));
#2396 = CARTESIAN_POINT('',(-5.722046849881,-1.533217832479,7.));
#2397 = CARTESIAN_POINT('',(-6.581395013661,-2.279954337522,7.));
#2398 = ORIENTED_EDGE('',*,*,#2399,.F.);
#2399 = EDGE_CURVE('',#850,#2392,#2400,.T.);
#2400 = LINE('',#2401,#2402);
#2401 = CARTESIAN_POINT('',(-6.581395013661,-2.279954337522,0.));
#2402 = VECTOR('',#2403,1.);
#2403 = DIRECTION('',(0.,0.,1.));
#2404 = ORIENTED_EDGE('',*,*,#857,.F.);
#2405 = SURFACE_OF_LINEAR_EXTRUSION('',#2406,#2410);
#2406 = ( BOUNDED_CURVE() B_SPLINE_CURVE(2,(#2407,#2408,#2409),
.UNSPECIFIED.,.F.,.F.) B_SPLINE_CURVE_WITH_KNOTS((3,3),(0.,
2.234397261374),.PIECEWISE_BEZIER_KNOTS.) CURVE() 
GEOMETRIC_REPRESENTATION_ITEM() RATIONAL_B_SPLINE_CURVE((1.,
0.438202247191,1.)) REPRESENTATION_ITEM('') );
#2407 = CARTESIAN_POINT('',(-6.839632442932,-1.316199131068,0.));
#2408 = CARTESIAN_POINT('',(-5.722046849881,-1.533217832479,0.));
#2409 = CARTESIAN_POINT('',(-6.581395013661,-2.279954337522,0.));
#2410 = VECTOR('',#2411,1.);
#2411 = DIRECTION('',(-0.,-0.,-1.));
#2412 = ADVANCED_FACE('',(#2413),#2431,.F.);
#2413 = FACE_BOUND('',#2414,.F.);
#2414 = EDGE_LOOP('',(#2415,#2416,#2424,#2430));
#2415 = ORIENTED_EDGE('',*,*,#2399,.T.);
#2416 = ORIENTED_EDGE('',*,*,#2417,.T.);
#2417 = EDGE_CURVE('',#2392,#2418,#2420,.T.);
#2418 = VERTEX_POINT('',#2419);
#2419 = CARTESIAN_POINT('',(-6.824556135106,-2.435963090418,7.));
#2420 = ( BOUNDED_CURVE() B_SPLINE_CURVE(2,(#2421,#2422,#2423),
.UNSPECIFIED.,.F.,.F.) B_SPLINE_CURVE_WITH_KNOTS((3,3),(0.,
0.289919229054),.PIECEWISE_BEZIER_KNOTS.) CURVE() 
GEOMETRIC_REPRESENTATION_ITEM() RATIONAL_B_SPLINE_CURVE((1.,
0.989511740461,1.)) REPRESENTATION_ITEM('') );
#2421 = CARTESIAN_POINT('',(-6.581395013661,-2.279954337522,7.));
#2422 = CARTESIAN_POINT('',(-6.691588216127,-2.37570747968,7.));
#2423 = CARTESIAN_POINT('',(-6.824556135106,-2.435963090418,7.));
#2424 = ORIENTED_EDGE('',*,*,#2425,.F.);
#2425 = EDGE_CURVE('',#842,#2418,#2426,.T.);
#2426 = LINE('',#2427,#2428);
#2427 = CARTESIAN_POINT('',(-6.824556135106,-2.435963090418,0.));
#2428 = VECTOR('',#2429,1.);
#2429 = DIRECTION('',(0.,0.,1.));
#2430 = ORIENTED_EDGE('',*,*,#849,.F.);
#2431 = SURFACE_OF_LINEAR_EXTRUSION('',#2432,#2436);
#2432 = ( BOUNDED_CURVE() B_SPLINE_CURVE(2,(#2433,#2434,#2435),
.UNSPECIFIED.,.F.,.F.) B_SPLINE_CURVE_WITH_KNOTS((3,3),(0.,
0.289919229054),.PIECEWISE_BEZIER_KNOTS.) CURVE() 
GEOMETRIC_REPRESENTATION_ITEM() RATIONAL_B_SPLINE_CURVE((1.,
0.989511740461,1.)) REPRESENTATION_ITEM('') );
#2433 = CARTESIAN_POINT('',(-6.581395013661,-2.279954337522,0.));
#2434 = CARTESIAN_POINT('',(-6.691588216127,-2.37570747968,0.));
#2435 = CARTESIAN_POINT('',(-6.824556135106,-2.435963090418,0.));
#2436 = VECTOR('',#2437,1.);
#2437 = DIRECTION('',(-0.,-0.,-1.));
#2438 = ADVANCED_FACE('',(#2439),#2457,.F.);
#2439 = FACE_BOUND('',#2440,.F.);
#2440 = EDGE_LOOP('',(#2441,#2442,#2450,#2456));
#2441 = ORIENTED_EDGE('',*,*,#2425,.T.);
#2442 = ORIENTED_EDGE('',*,*,#2443,.T.);
#2443 = EDGE_CURVE('',#2418,#2444,#2446,.T.);
#2444 = VERTEX_POINT('',#2445);
#2445 = CARTESIAN_POINT('',(-6.902841079061,-2.625922444182,7.));
#2446 = ( BOUNDED_CURVE() B_SPLINE_CURVE(2,(#2447,#2448,#2449),
.UNSPECIFIED.,.F.,.F.) B_SPLINE_CURVE_WITH_KNOTS((3,3),(0.,
1.508825302794),.PIECEWISE_BEZIER_KNOTS.) CURVE() 
GEOMETRIC_REPRESENTATION_ITEM() RATIONAL_B_SPLINE_CURVE((1.,
0.728673920883,1.)) REPRESENTATION_ITEM('') );
#2447 = CARTESIAN_POINT('',(-6.824556135106,-2.435963090418,7.));
#2448 = CARTESIAN_POINT('',(-6.952967422315,-2.494153822408,7.));
#2449 = CARTESIAN_POINT('',(-6.902841079061,-2.625922444182,7.));
#2450 = ORIENTED_EDGE('',*,*,#2451,.F.);
#2451 = EDGE_CURVE('',#834,#2444,#2452,.T.);
#2452 = LINE('',#2453,#2454);
#2453 = CARTESIAN_POINT('',(-6.902841079061,-2.625922444182,0.));
#2454 = VECTOR('',#2455,1.);
#2455 = DIRECTION('',(0.,0.,1.));
#2456 = ORIENTED_EDGE('',*,*,#841,.F.);
#2457 = SURFACE_OF_LINEAR_EXTRUSION('',#2458,#2462);
#2458 = ( BOUNDED_CURVE() B_SPLINE_CURVE(2,(#2459,#2460,#2461),
.UNSPECIFIED.,.F.,.F.) B_SPLINE_CURVE_WITH_KNOTS((3,3),(0.,
1.508825302794),.PIECEWISE_BEZIER_KNOTS.) CURVE() 
GEOMETRIC_REPRESENTATION_ITEM() RATIONAL_B_SPLINE_CURVE((1.,
0.728673920883,1.)) REPRESENTATION_ITEM('') );
#2459 = CARTESIAN_POINT('',(-6.824556135106,-2.435963090418,0.));
#2460 = CARTESIAN_POINT('',(-6.952967422315,-2.494153822408,0.));
#2461 = CARTESIAN_POINT('',(-6.902841079061,-2.625922444182,0.));
#2462 = VECTOR('',#2463,1.);
#2463 = DIRECTION('',(-0.,-0.,-1.));
#2464 = ADVANCED_FACE('',(#2465),#2483,.F.);
#2465 = FACE_BOUND('',#2466,.F.);
#2466 = EDGE_LOOP('',(#2467,#2468,#2476,#2482));
#2467 = ORIENTED_EDGE('',*,*,#2451,.T.);
#2468 = ORIENTED_EDGE('',*,*,#2469,.T.);
#2469 = EDGE_CURVE('',#2444,#2470,#2472,.T.);
#2470 = VERTEX_POINT('',#2471);
#2471 = CARTESIAN_POINT('',(-6.737853303608,-3.024238169307,7.));
#2472 = ( BOUNDED_CURVE() B_SPLINE_CURVE(2,(#2473,#2474,#2475),
.UNSPECIFIED.,.F.,.F.) B_SPLINE_CURVE_WITH_KNOTS((3,3),(0.,
5.838450169226E-02),.PIECEWISE_BEZIER_KNOTS.) CURVE() 
GEOMETRIC_REPRESENTATION_ITEM() RATIONAL_B_SPLINE_CURVE((1.,
0.999573936504,1.)) REPRESENTATION_ITEM('') );
#2473 = CARTESIAN_POINT('',(-6.902841079061,-2.625922444182,7.));
#2474 = CARTESIAN_POINT('',(-6.826162709681,-2.827489173315,7.));
#2475 = CARTESIAN_POINT('',(-6.737853303608,-3.024238169307,7.));
#2476 = ORIENTED_EDGE('',*,*,#2477,.F.);
#2477 = EDGE_CURVE('',#826,#2470,#2478,.T.);
#2478 = LINE('',#2479,#2480);
#2479 = CARTESIAN_POINT('',(-6.737853303608,-3.024238169307,0.));
#2480 = VECTOR('',#2481,1.);
#2481 = DIRECTION('',(0.,0.,1.));
#2482 = ORIENTED_EDGE('',*,*,#833,.F.);
#2483 = SURFACE_OF_LINEAR_EXTRUSION('',#2484,#2488);
#2484 = ( BOUNDED_CURVE() B_SPLINE_CURVE(2,(#2485,#2486,#2487),
.UNSPECIFIED.,.F.,.F.) B_SPLINE_CURVE_WITH_KNOTS((3,3),(0.,
5.838450169226E-02),.PIECEWISE_BEZIER_KNOTS.) CURVE() 
GEOMETRIC_REPRESENTATION_ITEM() RATIONAL_B_SPLINE_CURVE((1.,
0.999573936504,1.)) REPRESENTATION_ITEM('') );
#2485 = CARTESIAN_POINT('',(-6.902841079061,-2.625922444182,0.));
#2486 = CARTESIAN_POINT('',(-6.826162709681,-2.827489173315,0.));
#2487 = CARTESIAN_POINT('',(-6.737853303608,-3.024238169307,0.));
#2488 = VECTOR('',#2489,1.);
#2489 = DIRECTION('',(-0.,-0.,-1.));
#2490 = ADVANCED_FACE('',(#2491),#2509,.F.);
#2491 = FACE_BOUND('',#2492,.F.);
#2492 = EDGE_LOOP('',(#2493,#2494,#2502,#2508));
#2493 = ORIENTED_EDGE('',*,*,#2477,.T.);
#2494 = ORIENTED_EDGE('',*,*,#2495,.T.);
#2495 = EDGE_CURVE('',#2470,#2496,#2498,.T.);
#2496 = VERTEX_POINT('',#2497);
#2497 = CARTESIAN_POINT('',(-6.548175941677,-3.103203901767,7.));
#2498 = ( BOUNDED_CURVE() B_SPLINE_CURVE(2,(#2499,#2500,#2501),
.UNSPECIFIED.,.F.,.F.) B_SPLINE_CURVE_WITH_KNOTS((3,3),(0.,
1.508825302794),.PIECEWISE_BEZIER_KNOTS.) CURVE() 
GEOMETRIC_REPRESENTATION_ITEM() RATIONAL_B_SPLINE_CURVE((1.,
0.728673920883,1.)) REPRESENTATION_ITEM('') );
#2499 = CARTESIAN_POINT('',(-6.737853303608,-3.024238169307,7.));
#2500 = CARTESIAN_POINT('',(-6.680123494835,-3.152857332541,7.));
#2501 = CARTESIAN_POINT('',(-6.548175941677,-3.103203901767,7.));
#2502 = ORIENTED_EDGE('',*,*,#2503,.F.);
#2503 = EDGE_CURVE('',#818,#2496,#2504,.T.);
#2504 = LINE('',#2505,#2506);
#2505 = CARTESIAN_POINT('',(-6.548175941677,-3.103203901767,0.));
#2506 = VECTOR('',#2507,1.);
#2507 = DIRECTION('',(0.,0.,1.));
#2508 = ORIENTED_EDGE('',*,*,#825,.F.);
#2509 = SURFACE_OF_LINEAR_EXTRUSION('',#2510,#2514);
#2510 = ( BOUNDED_CURVE() B_SPLINE_CURVE(2,(#2511,#2512,#2513),
.UNSPECIFIED.,.F.,.F.) B_SPLINE_CURVE_WITH_KNOTS((3,3),(0.,
1.508825302794),.PIECEWISE_BEZIER_KNOTS.) CURVE() 
GEOMETRIC_REPRESENTATION_ITEM() RATIONAL_B_SPLINE_CURVE((1.,
0.728673920883,1.)) REPRESENTATION_ITEM('') );
#2511 = CARTESIAN_POINT('',(-6.737853303608,-3.024238169307,0.));
#2512 = CARTESIAN_POINT('',(-6.680123494835,-3.152857332541,0.));
#2513 = CARTESIAN_POINT('',(-6.548175941677,-3.103203901767,0.));
#2514 = VECTOR('',#2515,1.);
#2515 = DIRECTION('',(-0.,-0.,-1.));
#2516 = ADVANCED_FACE('',(#2517),#2535,.F.);
#2517 = FACE_BOUND('',#2518,.F.);
#2518 = EDGE_LOOP('',(#2519,#2520,#2528,#2534));
#2519 = ORIENTED_EDGE('',*,*,#2503,.T.);
#2520 = ORIENTED_EDGE('',*,*,#2521,.T.);
#2521 = EDGE_CURVE('',#2496,#2522,#2524,.T.);
#2522 = VERTEX_POINT('',#2523);
#2523 = CARTESIAN_POINT('',(-6.265920216685,-3.041577870969,7.));
#2524 = ( BOUNDED_CURVE() B_SPLINE_CURVE(2,(#2525,#2526,#2527),
.UNSPECIFIED.,.F.,.F.) B_SPLINE_CURVE_WITH_KNOTS((3,3),(0.,
0.289919229054),.PIECEWISE_BEZIER_KNOTS.) CURVE() 
GEOMETRIC_REPRESENTATION_ITEM() RATIONAL_B_SPLINE_CURVE((1.,
0.989511740461,1.)) REPRESENTATION_ITEM('') );
#2525 = CARTESIAN_POINT('',(-6.548175941677,-3.103203901767,7.));
#2526 = CARTESIAN_POINT('',(-6.411546273529,-3.051788535534,7.));
#2527 = CARTESIAN_POINT('',(-6.265920216685,-3.041577870969,7.));
#2528 = ORIENTED_EDGE('',*,*,#2529,.F.);
#2529 = EDGE_CURVE('',#810,#2522,#2530,.T.);
#2530 = LINE('',#2531,#2532);
#2531 = CARTESIAN_POINT('',(-6.265920216685,-3.041577870969,0.));
#2532 = VECTOR('',#2533,1.);
#2533 = DIRECTION('',(0.,0.,1.));
#2534 = ORIENTED_EDGE('',*,*,#817,.F.);
#2535 = SURFACE_OF_LINEAR_EXTRUSION('',#2536,#2540);
#2536 = ( BOUNDED_CURVE() B_SPLINE_CURVE(2,(#2537,#2538,#2539),
.UNSPECIFIED.,.F.,.F.) B_SPLINE_CURVE_WITH_KNOTS((3,3),(0.,
0.289919229054),.PIECEWISE_BEZIER_KNOTS.) CURVE() 
GEOMETRIC_REPRESENTATION_ITEM() RATIONAL_B_SPLINE_CURVE((1.,
0.989511740461,1.)) REPRESENTATION_ITEM('') );
#2537 = CARTESIAN_POINT('',(-6.548175941677,-3.103203901767,0.));
#2538 = CARTESIAN_POINT('',(-6.411546273529,-3.051788535534,0.));
#2539 = CARTESIAN_POINT('',(-6.265920216685,-3.041577870969,0.));
#2540 = VECTOR('',#2541,1.);
#2541 = DIRECTION('',(-0.,-0.,-1.));
#2542 = ADVANCED_FACE('',(#2543),#2561,.F.);
#2543 = FACE_BOUND('',#2544,.F.);
#2544 = EDGE_LOOP('',(#2545,#2546,#2554,#2560));
#2545 = ORIENTED_EDGE('',*,*,#2529,.T.);
#2546 = ORIENTED_EDGE('',*,*,#2547,.T.);
#2547 = EDGE_CURVE('',#2522,#2548,#2550,.T.);
#2548 = VERTEX_POINT('',#2549);
#2549 = CARTESIAN_POINT('',(-5.76704381219,-3.905657150251,7.));
#2550 = ( BOUNDED_CURVE() B_SPLINE_CURVE(2,(#2551,#2552,#2553),
.UNSPECIFIED.,.F.,.F.) B_SPLINE_CURVE_WITH_KNOTS((3,3),(0.,
2.234397261374),.PIECEWISE_BEZIER_KNOTS.) CURVE() 
GEOMETRIC_REPRESENTATION_ITEM() RATIONAL_B_SPLINE_CURVE((1.,
0.438202247191,1.)) REPRESENTATION_ITEM('') );
#2551 = CARTESIAN_POINT('',(-6.265920216685,-3.041577870969,7.));
#2552 = CARTESIAN_POINT('',(-5.1302468562,-2.961949403436,7.));
#2553 = CARTESIAN_POINT('',(-5.76704381219,-3.905657150251,7.));
#2554 = ORIENTED_EDGE('',*,*,#2555,.F.);
#2555 = EDGE_CURVE('',#802,#2548,#2556,.T.);
#2556 = LINE('',#2557,#2558);
#2557 = CARTESIAN_POINT('',(-5.76704381219,-3.905657150251,0.));
#2558 = VECTOR('',#2559,1.);
#2559 = DIRECTION('',(0.,0.,1.));
#2560 = ORIENTED_EDGE('',*,*,#809,.F.);
#2561 = SURFACE_OF_LINEAR_EXTRUSION('',#2562,#2566);
#2562 = ( BOUNDED_CURVE() B_SPLINE_CURVE(2,(#2563,#2564,#2565),
.UNSPECIFIED.,.F.,.F.) B_SPLINE_CURVE_WITH_KNOTS((3,3),(0.,
2.234397261374),.PIECEWISE_BEZIER_KNOTS.) CURVE() 
GEOMETRIC_REPRESENTATION_ITEM() RATIONAL_B_SPLINE_CURVE((1.,
0.438202247191,1.)) REPRESENTATION_ITEM('') );
#2563 = CARTESIAN_POINT('',(-6.265920216685,-3.041577870969,0.));
#2564 = CARTESIAN_POINT('',(-5.1302468562,-2.961949403436,0.));
#2565 = CARTESIAN_POINT('',(-5.76704381219,-3.905657150251,0.));
#2566 = VECTOR('',#2567,1.);
#2567 = DIRECTION('',(-0.,-0.,-1.));
#2568 = ADVANCED_FACE('',(#2569),#2587,.F.);
#2569 = FACE_BOUND('',#2570,.F.);
#2570 = EDGE_LOOP('',(#2571,#2572,#2580,#2586));
#2571 = ORIENTED_EDGE('',*,*,#2555,.T.);
#2572 = ORIENTED_EDGE('',*,*,#2573,.T.);
#2573 = EDGE_CURVE('',#2548,#2574,#2576,.T.);
#2574 = VERTEX_POINT('',#2575);
#2575 = CARTESIAN_POINT('',(-5.961541382891,-4.119284763059,7.));
#2576 = ( BOUNDED_CURVE() B_SPLINE_CURVE(2,(#2577,#2578,#2579),
.UNSPECIFIED.,.F.,.F.) B_SPLINE_CURVE_WITH_KNOTS((3,3),(0.,
0.289919229054),.PIECEWISE_BEZIER_KNOTS.) CURVE() 
GEOMETRIC_REPRESENTATION_ITEM() RATIONAL_B_SPLINE_CURVE((1.,
0.989511740461,1.)) REPRESENTATION_ITEM('') );
#2577 = CARTESIAN_POINT('',(-5.76704381219,-3.905657150251,7.));
#2578 = CARTESIAN_POINT('',(-5.848699535515,-4.026667682648,7.));
#2579 = CARTESIAN_POINT('',(-5.961541382891,-4.119284763059,7.));
#2580 = ORIENTED_EDGE('',*,*,#2581,.F.);
#2581 = EDGE_CURVE('',#794,#2574,#2582,.T.);
#2582 = LINE('',#2583,#2584);
#2583 = CARTESIAN_POINT('',(-5.961541382891,-4.119284763059,0.));
#2584 = VECTOR('',#2585,1.);
#2585 = DIRECTION('',(0.,0.,1.));
#2586 = ORIENTED_EDGE('',*,*,#801,.F.);
#2587 = SURFACE_OF_LINEAR_EXTRUSION('',#2588,#2592);
#2588 = ( BOUNDED_CURVE() B_SPLINE_CURVE(2,(#2589,#2590,#2591),
.UNSPECIFIED.,.F.,.F.) B_SPLINE_CURVE_WITH_KNOTS((3,3),(0.,
0.289919229054),.PIECEWISE_BEZIER_KNOTS.) CURVE() 
GEOMETRIC_REPRESENTATION_ITEM() RATIONAL_B_SPLINE_CURVE((1.,
0.989511740461,1.)) REPRESENTATION_ITEM('') );
#2589 = CARTESIAN_POINT('',(-5.76704381219,-3.905657150251,0.));
#2590 = CARTESIAN_POINT('',(-5.848699535515,-4.026667682648,0.));
#2591 = CARTESIAN_POINT('',(-5.961541382891,-4.119284763059,0.));
#2592 = VECTOR('',#2593,1.);
#2593 = DIRECTION('',(-0.,-0.,-1.));
#2594 = ADVANCED_FACE('',(#2595),#2613,.F.);
#2595 = FACE_BOUND('',#2596,.F.);
#2596 = EDGE_LOOP('',(#2597,#2598,#2606,#2612));
#2597 = ORIENTED_EDGE('',*,*,#2581,.T.);
#2598 = ORIENTED_EDGE('',*,*,#2599,.T.);
#2599 = EDGE_CURVE('',#2574,#2600,#2602,.T.);
#2600 = VERTEX_POINT('',#2601);
#2601 = CARTESIAN_POINT('',(-5.987993733518,-4.323033043244,7.));
#2602 = ( BOUNDED_CURVE() B_SPLINE_CURVE(2,(#2603,#2604,#2605),
.UNSPECIFIED.,.F.,.F.) B_SPLINE_CURVE_WITH_KNOTS((3,3),(0.,
1.508825302794),.PIECEWISE_BEZIER_KNOTS.) CURVE() 
GEOMETRIC_REPRESENTATION_ITEM() RATIONAL_B_SPLINE_CURVE((1.,
0.728673920883,1.)) REPRESENTATION_ITEM('') );
#2603 = CARTESIAN_POINT('',(-5.961541382891,-4.119284763059,7.));
#2604 = CARTESIAN_POINT('',(-6.070516291906,-4.208727980674,7.));
#2605 = CARTESIAN_POINT('',(-5.987993733518,-4.323033043244,7.));
#2606 = ORIENTED_EDGE('',*,*,#2607,.F.);
#2607 = EDGE_CURVE('',#786,#2600,#2608,.T.);
#2608 = LINE('',#2609,#2610);
#2609 = CARTESIAN_POINT('',(-5.987993733518,-4.323033043244,0.));
#2610 = VECTOR('',#2611,1.);
#2611 = DIRECTION('',(0.,0.,1.));
#2612 = ORIENTED_EDGE('',*,*,#793,.F.);
#2613 = SURFACE_OF_LINEAR_EXTRUSION('',#2614,#2618);
#2614 = ( BOUNDED_CURVE() B_SPLINE_CURVE(2,(#2615,#2616,#2617),
.UNSPECIFIED.,.F.,.F.) B_SPLINE_CURVE_WITH_KNOTS((3,3),(0.,
1.508825302794),.PIECEWISE_BEZIER_KNOTS.) CURVE() 
GEOMETRIC_REPRESENTATION_ITEM() RATIONAL_B_SPLINE_CURVE((1.,
0.728673920883,1.)) REPRESENTATION_ITEM('') );
#2615 = CARTESIAN_POINT('',(-5.961541382891,-4.119284763059,0.));
#2616 = CARTESIAN_POINT('',(-6.070516291906,-4.208727980674,0.));
#2617 = CARTESIAN_POINT('',(-5.987993733518,-4.323033043244,0.));
#2618 = VECTOR('',#2619,1.);
#2619 = DIRECTION('',(-0.,-0.,-1.));
#2620 = ADVANCED_FACE('',(#2621),#2639,.F.);
#2621 = FACE_BOUND('',#2622,.F.);
#2622 = EDGE_LOOP('',(#2623,#2624,#2632,#2638));
#2623 = ORIENTED_EDGE('',*,*,#2607,.T.);
#2624 = ORIENTED_EDGE('',*,*,#2625,.T.);
#2625 = EDGE_CURVE('',#2600,#2626,#2628,.T.);
#2626 = VERTEX_POINT('',#2627);
#2627 = CARTESIAN_POINT('',(-5.72553608456,-4.665074510663,7.));
#2628 = ( BOUNDED_CURVE() B_SPLINE_CURVE(2,(#2629,#2630,#2631),
.UNSPECIFIED.,.F.,.F.) B_SPLINE_CURVE_WITH_KNOTS((3,3),(0.,
5.838450169226E-02),.PIECEWISE_BEZIER_KNOTS.) CURVE() 
GEOMETRIC_REPRESENTATION_ITEM() RATIONAL_B_SPLINE_CURVE((1.,
0.999573936504,1.)) REPRESENTATION_ITEM('') );
#2629 = CARTESIAN_POINT('',(-5.987993733518,-4.323033043244,7.));
#2630 = CARTESIAN_POINT('',(-5.861758807857,-4.497885730292,7.));
#2631 = CARTESIAN_POINT('',(-5.72553608456,-4.665074510663,7.));
#2632 = ORIENTED_EDGE('',*,*,#2633,.F.);
#2633 = EDGE_CURVE('',#778,#2626,#2634,.T.);
#2634 = LINE('',#2635,#2636);
#2635 = CARTESIAN_POINT('',(-5.72553608456,-4.665074510663,0.));
#2636 = VECTOR('',#2637,1.);
#2637 = DIRECTION('',(0.,0.,1.));
#2638 = ORIENTED_EDGE('',*,*,#785,.F.);
#2639 = SURFACE_OF_LINEAR_EXTRUSION('',#2640,#2644);
#2640 = ( BOUNDED_CURVE() B_SPLINE_CURVE(2,(#2641,#2642,#2643),
.UNSPECIFIED.,.F.,.F.) B_SPLINE_CURVE_WITH_KNOTS((3,3),(0.,
5.838450169226E-02),.PIECEWISE_BEZIER_KNOTS.) CURVE() 
GEOMETRIC_REPRESENTATION_ITEM() RATIONAL_B_SPLINE_CURVE((1.,
0.999573936504,1.)) REPRESENTATION_ITEM('') );
#2641 = CARTESIAN_POINT('',(-5.987993733518,-4.323033043244,0.));
#2642 = CARTESIAN_POINT('',(-5.861758807857,-4.497885730292,0.));
#2643 = CARTESIAN_POINT('',(-5.72553608456,-4.665074510663,0.));
#2644 = VECTOR('',#2645,1.);
#2645 = DIRECTION('',(-0.,-0.,-1.));
#2646 = ADVANCED_FACE('',(#2647),#2665,.F.);
#2647 = FACE_BOUND('',#2648,.F.);
#2648 = EDGE_LOOP('',(#2649,#2650,#2658,#2664));
#2649 = ORIENTED_EDGE('',*,*,#2633,.T.);
#2650 = ORIENTED_EDGE('',*,*,#2651,.T.);
#2651 = EDGE_CURVE('',#2626,#2652,#2654,.T.);
#2652 = VERTEX_POINT('',#2653);
#2653 = CARTESIAN_POINT('',(-5.521883986536,-4.692257437345,7.));
#2654 = ( BOUNDED_CURVE() B_SPLINE_CURVE(2,(#2655,#2656,#2657),
.UNSPECIFIED.,.F.,.F.) B_SPLINE_CURVE_WITH_KNOTS((3,3),(0.,
1.508825302794),.PIECEWISE_BEZIER_KNOTS.) CURVE() 
GEOMETRIC_REPRESENTATION_ITEM() RATIONAL_B_SPLINE_CURVE((1.,
0.728673920883,1.)) REPRESENTATION_ITEM('') );
#2655 = CARTESIAN_POINT('',(-5.72553608456,-4.665074510663,7.));
#2656 = CARTESIAN_POINT('',(-5.636484282309,-4.774369508207,7.));
#2657 = CARTESIAN_POINT('',(-5.521883986536,-4.692257437345,7.));
#2658 = ORIENTED_EDGE('',*,*,#2659,.F.);
#2659 = EDGE_CURVE('',#770,#2652,#2660,.T.);
#2660 = LINE('',#2661,#2662);
#2661 = CARTESIAN_POINT('',(-5.521883986536,-4.692257437345,0.));
#2662 = VECTOR('',#2663,1.);
#2663 = DIRECTION('',(0.,0.,1.));
#2664 = ORIENTED_EDGE('',*,*,#777,.F.);
#2665 = SURFACE_OF_LINEAR_EXTRUSION('',#2666,#2670);
#2666 = ( BOUNDED_CURVE() B_SPLINE_CURVE(2,(#2667,#2668,#2669),
.UNSPECIFIED.,.F.,.F.) B_SPLINE_CURVE_WITH_KNOTS((3,3),(0.,
1.508825302794),.PIECEWISE_BEZIER_KNOTS.) CURVE() 
GEOMETRIC_REPRESENTATION_ITEM() RATIONAL_B_SPLINE_CURVE((1.,
0.728673920883,1.)) REPRESENTATION_ITEM('') );
#2667 = CARTESIAN_POINT('',(-5.72553608456,-4.665074510663,0.));
#2668 = CARTESIAN_POINT('',(-5.636484282309,-4.774369508207,0.));
#2669 = CARTESIAN_POINT('',(-5.521883986536,-4.692257437345,0.));
#2670 = VECTOR('',#2671,1.);
#2671 = DIRECTION('',(-0.,-0.,-1.));
#2672 = ADVANCED_FACE('',(#2673),#2691,.F.);
#2673 = FACE_BOUND('',#2674,.F.);
#2674 = EDGE_LOOP('',(#2675,#2676,#2684,#2690));
#2675 = ORIENTED_EDGE('',*,*,#2659,.T.);
#2676 = ORIENTED_EDGE('',*,*,#2677,.T.);
#2677 = EDGE_CURVE('',#2652,#2678,#2680,.T.);
#2678 = VERTEX_POINT('',#2679);
#2679 = CARTESIAN_POINT('',(-5.265195882593,-4.559678105409,7.));
#2680 = ( BOUNDED_CURVE() B_SPLINE_CURVE(2,(#2681,#2682,#2683),
.UNSPECIFIED.,.F.,.F.) B_SPLINE_CURVE_WITH_KNOTS((3,3),(0.,
0.289919229054),.PIECEWISE_BEZIER_KNOTS.) CURVE() 
GEOMETRIC_REPRESENTATION_ITEM() RATIONAL_B_SPLINE_CURVE((1.,
0.989511740461,1.)) REPRESENTATION_ITEM('') );
#2681 = CARTESIAN_POINT('',(-5.521883986536,-4.692257437345,7.));
#2682 = CARTESIAN_POINT('',(-5.403217137427,-4.607231646991,7.));
#2683 = CARTESIAN_POINT('',(-5.265195882593,-4.559678105409,7.));
#2684 = ORIENTED_EDGE('',*,*,#2685,.F.);
#2685 = EDGE_CURVE('',#762,#2678,#2686,.T.);
#2686 = LINE('',#2687,#2688);
#2687 = CARTESIAN_POINT('',(-5.265195882593,-4.559678105409,0.));
#2688 = VECTOR('',#2689,1.);
#2689 = DIRECTION('',(0.,0.,1.));
#2690 = ORIENTED_EDGE('',*,*,#769,.F.);
#2691 = SURFACE_OF_LINEAR_EXTRUSION('',#2692,#2696);
#2692 = ( BOUNDED_CURVE() B_SPLINE_CURVE(2,(#2693,#2694,#2695),
.UNSPECIFIED.,.F.,.F.) B_SPLINE_CURVE_WITH_KNOTS((3,3),(0.,
0.289919229054),.PIECEWISE_BEZIER_KNOTS.) CURVE() 
GEOMETRIC_REPRESENTATION_ITEM() RATIONAL_B_SPLINE_CURVE((1.,
0.989511740461,1.)) REPRESENTATION_ITEM('') );
#2693 = CARTESIAN_POINT('',(-5.521883986536,-4.692257437345,0.));
#2694 = CARTESIAN_POINT('',(-5.403217137427,-4.607231646991,0.));
#2695 = CARTESIAN_POINT('',(-5.265195882593,-4.559678105409,0.));
#2696 = VECTOR('',#2697,1.);
#2697 = DIRECTION('',(-0.,-0.,-1.));
#2698 = ADVANCED_FACE('',(#2699),#2717,.F.);
#2699 = FACE_BOUND('',#2700,.F.);
#2700 = EDGE_LOOP('',(#2701,#2702,#2710,#2716));
#2701 = ORIENTED_EDGE('',*,*,#2685,.T.);
#2702 = ORIENTED_EDGE('',*,*,#2703,.T.);
#2703 = EDGE_CURVE('',#2678,#2704,#2706,.T.);
#2704 = VERTEX_POINT('',#2705);
#2705 = CARTESIAN_POINT('',(-4.559678105409,-5.265195882593,7.));
#2706 = ( BOUNDED_CURVE() B_SPLINE_CURVE(2,(#2707,#2708,#2709),
.UNSPECIFIED.,.F.,.F.) B_SPLINE_CURVE_WITH_KNOTS((3,3),(0.,
2.234397261374),.PIECEWISE_BEZIER_KNOTS.) CURVE() 
GEOMETRIC_REPRESENTATION_ITEM() RATIONAL_B_SPLINE_CURVE((1.,
0.438202247191,1.)) REPRESENTATION_ITEM('') );
#2707 = CARTESIAN_POINT('',(-5.265195882593,-4.559678105409,7.));
#2708 = CARTESIAN_POINT('',(-4.188829017402,-4.188829017402,7.));
#2709 = CARTESIAN_POINT('',(-4.559678105409,-5.265195882593,7.));
#2710 = ORIENTED_EDGE('',*,*,#2711,.F.);
#2711 = EDGE_CURVE('',#754,#2704,#2712,.T.);
#2712 = LINE('',#2713,#2714);
#2713 = CARTESIAN_POINT('',(-4.559678105409,-5.265195882593,0.));
#2714 = VECTOR('',#2715,1.);
#2715 = DIRECTION('',(0.,0.,1.));
#2716 = ORIENTED_EDGE('',*,*,#761,.F.);
#2717 = SURFACE_OF_LINEAR_EXTRUSION('',#2718,#2722);
#2718 = ( BOUNDED_CURVE() B_SPLINE_CURVE(2,(#2719,#2720,#2721),
.UNSPECIFIED.,.F.,.F.) B_SPLINE_CURVE_WITH_KNOTS((3,3),(0.,
2.234397261374),.PIECEWISE_BEZIER_KNOTS.) CURVE() 
GEOMETRIC_REPRESENTATION_ITEM() RATIONAL_B_SPLINE_CURVE((1.,
0.438202247191,1.)) REPRESENTATION_ITEM('') );
#2719 = CARTESIAN_POINT('',(-5.265195882593,-4.559678105409,0.));
#2720 = CARTESIAN_POINT('',(-4.188829017402,-4.188829017402,0.));
#2721 = CARTESIAN_POINT('',(-4.559678105409,-5.265195882593,0.));
#2722 = VECTOR('',#2723,1.);
#2723 = DIRECTION('',(-0.,-0.,-1.));
#2724 = ADVANCED_FACE('',(#2725),#2743,.F.);
#2725 = FACE_BOUND('',#2726,.F.);
#2726 = EDGE_LOOP('',(#2727,#2728,#2736,#2742));
#2727 = ORIENTED_EDGE('',*,*,#2711,.T.);
#2728 = ORIENTED_EDGE('',*,*,#2729,.T.);
#2729 = EDGE_CURVE('',#2704,#2730,#2732,.T.);
#2730 = VERTEX_POINT('',#2731);
#2731 = CARTESIAN_POINT('',(-4.692257437345,-5.521883986536,7.));
#2732 = ( BOUNDED_CURVE() B_SPLINE_CURVE(2,(#2733,#2734,#2735),
.UNSPECIFIED.,.F.,.F.) B_SPLINE_CURVE_WITH_KNOTS((3,3),(0.,
0.289919229054),.PIECEWISE_BEZIER_KNOTS.) CURVE() 
GEOMETRIC_REPRESENTATION_ITEM() RATIONAL_B_SPLINE_CURVE((1.,
0.989511740461,1.)) REPRESENTATION_ITEM('') );
#2733 = CARTESIAN_POINT('',(-4.559678105409,-5.265195882593,7.));
#2734 = CARTESIAN_POINT('',(-4.607231646991,-5.403217137427,7.));
#2735 = CARTESIAN_POINT('',(-4.692257437345,-5.521883986536,7.));
#2736 = ORIENTED_EDGE('',*,*,#2737,.F.);
#2737 = EDGE_CURVE('',#746,#2730,#2738,.T.);
#2738 = LINE('',#2739,#2740);
#2739 = CARTESIAN_POINT('',(-4.692257437345,-5.521883986536,0.));
#2740 = VECTOR('',#2741,1.);
#2741 = DIRECTION('',(0.,0.,1.));
#2742 = ORIENTED_EDGE('',*,*,#753,.F.);
#2743 = SURFACE_OF_LINEAR_EXTRUSION('',#2744,#2748);
#2744 = ( BOUNDED_CURVE() B_SPLINE_CURVE(2,(#2745,#2746,#2747),
.UNSPECIFIED.,.F.,.F.) B_SPLINE_CURVE_WITH_KNOTS((3,3),(0.,
0.289919229054),.PIECEWISE_BEZIER_KNOTS.) CURVE() 
GEOMETRIC_REPRESENTATION_ITEM() RATIONAL_B_SPLINE_CURVE((1.,
0.989511740461,1.)) REPRESENTATION_ITEM('') );
#2745 = CARTESIAN_POINT('',(-4.559678105409,-5.265195882593,0.));
#2746 = CARTESIAN_POINT('',(-4.607231646991,-5.403217137427,0.));
#2747 = CARTESIAN_POINT('',(-4.692257437345,-5.521883986536,0.));
#2748 = VECTOR('',#2749,1.);
#2749 = DIRECTION('',(-0.,-0.,-1.));
#2750 = ADVANCED_FACE('',(#2751),#2769,.F.);
#2751 = FACE_BOUND('',#2752,.F.);
#2752 = EDGE_LOOP('',(#2753,#2754,#2762,#2768));
#2753 = ORIENTED_EDGE('',*,*,#2737,.T.);
#2754 = ORIENTED_EDGE('',*,*,#2755,.T.);
#2755 = EDGE_CURVE('',#2730,#2756,#2758,.T.);
#2756 = VERTEX_POINT('',#2757);
#2757 = CARTESIAN_POINT('',(-4.665074510663,-5.72553608456,7.));
#2758 = ( BOUNDED_CURVE() B_SPLINE_CURVE(2,(#2759,#2760,#2761),
.UNSPECIFIED.,.F.,.F.) B_SPLINE_CURVE_WITH_KNOTS((3,3),(0.,
1.508825302794),.PIECEWISE_BEZIER_KNOTS.) CURVE() 
GEOMETRIC_REPRESENTATION_ITEM() RATIONAL_B_SPLINE_CURVE((1.,
0.728673920883,1.)) REPRESENTATION_ITEM('') );
#2759 = CARTESIAN_POINT('',(-4.692257437345,-5.521883986536,7.));
#2760 = CARTESIAN_POINT('',(-4.774369508207,-5.636484282309,7.));
#2761 = CARTESIAN_POINT('',(-4.665074510663,-5.72553608456,7.));
#2762 = ORIENTED_EDGE('',*,*,#2763,.F.);
#2763 = EDGE_CURVE('',#738,#2756,#2764,.T.);
#2764 = LINE('',#2765,#2766);
#2765 = CARTESIAN_POINT('',(-4.665074510663,-5.72553608456,0.));
#2766 = VECTOR('',#2767,1.);
#2767 = DIRECTION('',(0.,0.,1.));
#2768 = ORIENTED_EDGE('',*,*,#745,.F.);
#2769 = SURFACE_OF_LINEAR_EXTRUSION('',#2770,#2774);
#2770 = ( BOUNDED_CURVE() B_SPLINE_CURVE(2,(#2771,#2772,#2773),
.UNSPECIFIED.,.F.,.F.) B_SPLINE_CURVE_WITH_KNOTS((3,3),(0.,
1.508825302794),.PIECEWISE_BEZIER_KNOTS.) CURVE() 
GEOMETRIC_REPRESENTATION_ITEM() RATIONAL_B_SPLINE_CURVE((1.,
0.728673920883,1.)) REPRESENTATION_ITEM('') );
#2771 = CARTESIAN_POINT('',(-4.692257437345,-5.521883986536,0.));
#2772 = CARTESIAN_POINT('',(-4.774369508207,-5.636484282309,0.));
#2773 = CARTESIAN_POINT('',(-4.665074510663,-5.72553608456,0.));
#2774 = VECTOR('',#2775,1.);
#2775 = DIRECTION('',(-0.,-0.,-1.));
#2776 = ADVANCED_FACE('',(#2777),#2795,.F.);
#2777 = FACE_BOUND('',#2778,.F.);
#2778 = EDGE_LOOP('',(#2779,#2780,#2788,#2794));
#2779 = ORIENTED_EDGE('',*,*,#2763,.T.);
#2780 = ORIENTED_EDGE('',*,*,#2781,.T.);
#2781 = EDGE_CURVE('',#2756,#2782,#2784,.T.);
#2782 = VERTEX_POINT('',#2783);
#2783 = CARTESIAN_POINT('',(-4.323033043244,-5.987993733518,7.));
#2784 = ( BOUNDED_CURVE() B_SPLINE_CURVE(2,(#2785,#2786,#2787),
.UNSPECIFIED.,.F.,.F.) B_SPLINE_CURVE_WITH_KNOTS((3,3),(0.,
5.838450169226E-02),.PIECEWISE_BEZIER_KNOTS.) CURVE() 
GEOMETRIC_REPRESENTATION_ITEM() RATIONAL_B_SPLINE_CURVE((1.,
0.999573936504,1.)) REPRESENTATION_ITEM('') );
#2785 = CARTESIAN_POINT('',(-4.665074510663,-5.72553608456,7.));
#2786 = CARTESIAN_POINT('',(-4.497885730292,-5.861758807857,7.));
#2787 = CARTESIAN_POINT('',(-4.323033043244,-5.987993733518,7.));
#2788 = ORIENTED_EDGE('',*,*,#2789,.F.);
#2789 = EDGE_CURVE('',#730,#2782,#2790,.T.);
#2790 = LINE('',#2791,#2792);
#2791 = CARTESIAN_POINT('',(-4.323033043244,-5.987993733518,0.));
#2792 = VECTOR('',#2793,1.);
#2793 = DIRECTION('',(0.,0.,1.));
#2794 = ORIENTED_EDGE('',*,*,#737,.F.);
#2795 = SURFACE_OF_LINEAR_EXTRUSION('',#2796,#2800);
#2796 = ( BOUNDED_CURVE() B_SPLINE_CURVE(2,(#2797,#2798,#2799),
.UNSPECIFIED.,.F.,.F.) B_SPLINE_CURVE_WITH_KNOTS((3,3),(0.,
5.838450169226E-02),.PIECEWISE_BEZIER_KNOTS.) CURVE() 
GEOMETRIC_REPRESENTATION_ITEM() RATIONAL_B_SPLINE_CURVE((1.,
0.999573936504,1.)) REPRESENTATION_ITEM('') );
#2797 = CARTESIAN_POINT('',(-4.665074510663,-5.72553608456,0.));
#2798 = CARTESIAN_POINT('',(-4.497885730292,-5.861758807857,0.));
#2799 = CARTESIAN_POINT('',(-4.323033043244,-5.987993733518,0.));
#2800 = VECTOR('',#2801,1.);
#2801 = DIRECTION('',(-0.,-0.,-1.));
#2802 = ADVANCED_FACE('',(#2803),#2821,.F.);
#2803 = FACE_BOUND('',#2804,.F.);
#2804 = EDGE_LOOP('',(#2805,#2806,#2814,#2820));
#2805 = ORIENTED_EDGE('',*,*,#2789,.T.);
#2806 = ORIENTED_EDGE('',*,*,#2807,.T.);
#2807 = EDGE_CURVE('',#2782,#2808,#2810,.T.);
#2808 = VERTEX_POINT('',#2809);
#2809 = CARTESIAN_POINT('',(-4.119284763059,-5.961541382891,7.));
#2810 = ( BOUNDED_CURVE() B_SPLINE_CURVE(2,(#2811,#2812,#2813),
.UNSPECIFIED.,.F.,.F.) B_SPLINE_CURVE_WITH_KNOTS((3,3),(0.,
1.508825302794),.PIECEWISE_BEZIER_KNOTS.) CURVE() 
GEOMETRIC_REPRESENTATION_ITEM() RATIONAL_B_SPLINE_CURVE((1.,
0.728673920883,1.)) REPRESENTATION_ITEM('') );
#2811 = CARTESIAN_POINT('',(-4.323033043244,-5.987993733518,7.));
#2812 = CARTESIAN_POINT('',(-4.208727980674,-6.070516291906,7.));
#2813 = CARTESIAN_POINT('',(-4.119284763059,-5.961541382891,7.));
#2814 = ORIENTED_EDGE('',*,*,#2815,.F.);
#2815 = EDGE_CURVE('',#722,#2808,#2816,.T.);
#2816 = LINE('',#2817,#2818);
#2817 = CARTESIAN_POINT('',(-4.119284763059,-5.961541382891,0.));
#2818 = VECTOR('',#2819,1.);
#2819 = DIRECTION('',(0.,0.,1.));
#2820 = ORIENTED_EDGE('',*,*,#729,.F.);
#2821 = SURFACE_OF_LINEAR_EXTRUSION('',#2822,#2826);
#2822 = ( BOUNDED_CURVE() B_SPLINE_CURVE(2,(#2823,#2824,#2825),
.UNSPECIFIED.,.F.,.F.) B_SPLINE_CURVE_WITH_KNOTS((3,3),(0.,
1.508825302794),.PIECEWISE_BEZIER_KNOTS.) CURVE() 
GEOMETRIC_REPRESENTATION_ITEM() RATIONAL_B_SPLINE_CURVE((1.,
0.728673920883,1.)) REPRESENTATION_ITEM('') );
#2823 = CARTESIAN_POINT('',(-4.323033043244,-5.987993733518,0.));
#2824 = CARTESIAN_POINT('',(-4.208727980674,-6.070516291906,0.));
#2825 = CARTESIAN_POINT('',(-4.119284763059,-5.961541382891,0.));
#2826 = VECTOR('',#2827,1.);
#2827 = DIRECTION('',(-0.,-0.,-1.));
#2828 = ADVANCED_FACE('',(#2829),#2847,.F.);
#2829 = FACE_BOUND('',#2830,.F.);
#2830 = EDGE_LOOP('',(#2831,#2832,#2840,#2846));
#2831 = ORIENTED_EDGE('',*,*,#2815,.T.);
#2832 = ORIENTED_EDGE('',*,*,#2833,.T.);
#2833 = EDGE_CURVE('',#2808,#2834,#2836,.T.);
#2834 = VERTEX_POINT('',#2835);
#2835 = CARTESIAN_POINT('',(-3.905657150251,-5.76704381219,7.));
#2836 = ( BOUNDED_CURVE() B_SPLINE_CURVE(2,(#2837,#2838,#2839),
.UNSPECIFIED.,.F.,.F.) B_SPLINE_CURVE_WITH_KNOTS((3,3),(0.,
0.289919229054),.PIECEWISE_BEZIER_KNOTS.) CURVE() 
GEOMETRIC_REPRESENTATION_ITEM() RATIONAL_B_SPLINE_CURVE((1.,
0.989511740461,1.)) REPRESENTATION_ITEM('') );
#2837 = CARTESIAN_POINT('',(-4.119284763059,-5.961541382891,7.));
#2838 = CARTESIAN_POINT('',(-4.026667682648,-5.848699535515,7.));
#2839 = CARTESIAN_POINT('',(-3.905657150251,-5.76704381219,7.));
#2840 = ORIENTED_EDGE('',*,*,#2841,.F.);
#2841 = EDGE_CURVE('',#714,#2834,#2842,.T.);
#2842 = LINE('',#2843,#2844);
#2843 = CARTESIAN_POINT('',(-3.905657150251,-5.76704381219,0.));
#2844 = VECTOR('',#2845,1.);
#2845 = DIRECTION('',(0.,0.,1.));
#2846 = ORIENTED_EDGE('',*,*,#721,.F.);
#2847 = SURFACE_OF_LINEAR_EXTRUSION('',#2848,#2852);
#2848 = ( BOUNDED_CURVE() B_SPLINE_CURVE(2,(#2849,#2850,#2851),
.UNSPECIFIED.,.F.,.F.) B_SPLINE_CURVE_WITH_KNOTS((3,3),(0.,
0.289919229054),.PIECEWISE_BEZIER_KNOTS.) CURVE() 
GEOMETRIC_REPRESENTATION_ITEM() RATIONAL_B_SPLINE_CURVE((1.,
0.989511740461,1.)) REPRESENTATION_ITEM('') );
#2849 = CARTESIAN_POINT('',(-4.119284763059,-5.961541382891,0.));
#2850 = CARTESIAN_POINT('',(-4.026667682648,-5.848699535515,0.));
#2851 = CARTESIAN_POINT('',(-3.905657150251,-5.76704381219,0.));
#2852 = VECTOR('',#2853,1.);
#2853 = DIRECTION('',(-0.,-0.,-1.));
#2854 = ADVANCED_FACE('',(#2855),#2873,.F.);
#2855 = FACE_BOUND('',#2856,.F.);
#2856 = EDGE_LOOP('',(#2857,#2858,#2866,#2872));
#2857 = ORIENTED_EDGE('',*,*,#2841,.T.);
#2858 = ORIENTED_EDGE('',*,*,#2859,.T.);
#2859 = EDGE_CURVE('',#2834,#2860,#2862,.T.);
#2860 = VERTEX_POINT('',#2861);
#2861 = CARTESIAN_POINT('',(-3.041577870969,-6.265920216685,7.));
#2862 = ( BOUNDED_CURVE() B_SPLINE_CURVE(2,(#2863,#2864,#2865),
.UNSPECIFIED.,.F.,.F.) B_SPLINE_CURVE_WITH_KNOTS((3,3),(0.,
2.234397261374),.PIECEWISE_BEZIER_KNOTS.) CURVE() 
GEOMETRIC_REPRESENTATION_ITEM() RATIONAL_B_SPLINE_CURVE((1.,
0.438202247191,1.)) REPRESENTATION_ITEM('') );
#2863 = CARTESIAN_POINT('',(-3.905657150251,-5.76704381219,7.));
#2864 = CARTESIAN_POINT('',(-2.961949403436,-5.1302468562,7.));
#2865 = CARTESIAN_POINT('',(-3.041577870969,-6.265920216685,7.));
#2866 = ORIENTED_EDGE('',*,*,#2867,.F.);
#2867 = EDGE_CURVE('',#706,#2860,#2868,.T.);
#2868 = LINE('',#2869,#2870);
#2869 = CARTESIAN_POINT('',(-3.041577870969,-6.265920216685,0.));
#2870 = VECTOR('',#2871,1.);
#2871 = DIRECTION('',(0.,0.,1.));
#2872 = ORIENTED_EDGE('',*,*,#713,.F.);
#2873 = SURFACE_OF_LINEAR_EXTRUSION('',#2874,#2878);
#2874 = ( BOUNDED_CURVE() B_SPLINE_CURVE(2,(#2875,#2876,#2877),
.UNSPECIFIED.,.F.,.F.) B_SPLINE_CURVE_WITH_KNOTS((3,3),(0.,
2.234397261374),.PIECEWISE_BEZIER_KNOTS.) CURVE() 
GEOMETRIC_REPRESENTATION_ITEM() RATIONAL_B_SPLINE_CURVE((1.,
0.438202247191,1.)) REPRESENTATION_ITEM('') );
#2875 = CARTESIAN_POINT('',(-3.905657150251,-5.76704381219,0.));
#2876 = CARTESIAN_POINT('',(-2.961949403436,-5.1302468562,0.));
#2877 = CARTESIAN_POINT('',(-3.041577870969,-6.265920216685,0.));
#2878 = VECTOR('',#2879,1.);
#2879 = DIRECTION('',(-0.,-0.,-1.));
#2880 = ADVANCED_FACE('',(#2881),#2899,.F.);
#2881 = FACE_BOUND('',#2882,.F.);
#2882 = EDGE_LOOP('',(#2883,#2884,#2892,#2898));
#2883 = ORIENTED_EDGE('',*,*,#2867,.T.);
#2884 = ORIENTED_EDGE('',*,*,#2885,.T.);
#2885 = EDGE_CURVE('',#2860,#2886,#2888,.T.);
#2886 = VERTEX_POINT('',#2887);
#2887 = CARTESIAN_POINT('',(-3.103203901767,-6.548175941677,7.));
#2888 = ( BOUNDED_CURVE() B_SPLINE_CURVE(2,(#2889,#2890,#2891),
.UNSPECIFIED.,.F.,.F.) B_SPLINE_CURVE_WITH_KNOTS((3,3),(0.,
0.289919229054),.PIECEWISE_BEZIER_KNOTS.) CURVE() 
GEOMETRIC_REPRESENTATION_ITEM() RATIONAL_B_SPLINE_CURVE((1.,
0.989511740461,1.)) REPRESENTATION_ITEM('') );
#2889 = CARTESIAN_POINT('',(-3.041577870969,-6.265920216685,7.));
#2890 = CARTESIAN_POINT('',(-3.051788535534,-6.411546273529,7.));
#2891 = CARTESIAN_POINT('',(-3.103203901767,-6.548175941677,7.));
#2892 = ORIENTED_EDGE('',*,*,#2893,.F.);
#2893 = EDGE_CURVE('',#698,#2886,#2894,.T.);
#2894 = LINE('',#2895,#2896);
#2895 = CARTESIAN_POINT('',(-3.103203901767,-6.548175941677,0.));
#2896 = VECTOR('',#2897,1.);
#2897 = DIRECTION('',(0.,0.,1.));
#2898 = ORIENTED_EDGE('',*,*,#705,.F.);
#2899 = SURFACE_OF_LINEAR_EXTRUSION('',#2900,#2904);
#2900 = ( BOUNDED_CURVE() B_SPLINE_CURVE(2,(#2901,#2902,#2903),
.UNSPECIFIED.,.F.,.F.) B_SPLINE_CURVE_WITH_KNOTS((3,3),(0.,
0.289919229054),.PIECEWISE_BEZIER_KNOTS.) CURVE() 
GEOMETRIC_REPRESENTATION_ITEM() RATIONAL_B_SPLINE_CURVE((1.,
0.989511740461,1.)) REPRESENTATION_ITEM('') );
#2901 = CARTESIAN_POINT('',(-3.041577870969,-6.265920216685,0.));
#2902 = CARTESIAN_POINT('',(-3.051788535534,-6.411546273529,0.));
#2903 = CARTESIAN_POINT('',(-3.103203901767,-6.548175941677,0.));
#2904 = VECTOR('',#2905,1.);
#2905 = DIRECTION('',(-0.,-0.,-1.));
#2906 = ADVANCED_FACE('',(#2907),#2925,.F.);
#2907 = FACE_BOUND('',#2908,.F.);
#2908 = EDGE_LOOP('',(#2909,#2910,#2918,#2924));
#2909 = ORIENTED_EDGE('',*,*,#2893,.T.);
#2910 = ORIENTED_EDGE('',*,*,#2911,.T.);
#2911 = EDGE_CURVE('',#2886,#2912,#2914,.T.);
#2912 = VERTEX_POINT('',#2913);
#2913 = CARTESIAN_POINT('',(-3.024238169307,-6.737853303608,7.));
#2914 = ( BOUNDED_CURVE() B_SPLINE_CURVE(2,(#2915,#2916,#2917),
.UNSPECIFIED.,.F.,.F.) B_SPLINE_CURVE_WITH_KNOTS((3,3),(0.,
1.508825302794),.PIECEWISE_BEZIER_KNOTS.) CURVE() 
GEOMETRIC_REPRESENTATION_ITEM() RATIONAL_B_SPLINE_CURVE((1.,
0.728673920883,1.)) REPRESENTATION_ITEM('') );
#2915 = CARTESIAN_POINT('',(-3.103203901767,-6.548175941677,7.));
#2916 = CARTESIAN_POINT('',(-3.152857332541,-6.680123494835,7.));
#2917 = CARTESIAN_POINT('',(-3.024238169307,-6.737853303608,7.));
#2918 = ORIENTED_EDGE('',*,*,#2919,.F.);
#2919 = EDGE_CURVE('',#690,#2912,#2920,.T.);
#2920 = LINE('',#2921,#2922);
#2921 = CARTESIAN_POINT('',(-3.024238169307,-6.737853303608,0.));
#2922 = VECTOR('',#2923,1.);
#2923 = DIRECTION('',(0.,0.,1.));
#2924 = ORIENTED_EDGE('',*,*,#697,.F.);
#2925 = SURFACE_OF_LINEAR_EXTRUSION('',#2926,#2930);
#2926 = ( BOUNDED_CURVE() B_SPLINE_CURVE(2,(#2927,#2928,#2929),
.UNSPECIFIED.,.F.,.F.) B_SPLINE_CURVE_WITH_KNOTS((3,3),(0.,
1.508825302794),.PIECEWISE_BEZIER_KNOTS.) CURVE() 
GEOMETRIC_REPRESENTATION_ITEM() RATIONAL_B_SPLINE_CURVE((1.,
0.728673920883,1.)) REPRESENTATION_ITEM('') );
#2927 = CARTESIAN_POINT('',(-3.103203901767,-6.548175941677,0.));
#2928 = CARTESIAN_POINT('',(-3.152857332541,-6.680123494835,0.));
#2929 = CARTESIAN_POINT('',(-3.024238169307,-6.737853303608,0.));
#2930 = VECTOR('',#2931,1.);
#2931 = DIRECTION('',(-0.,-0.,-1.));
#2932 = ADVANCED_FACE('',(#2933),#2951,.F.);
#2933 = FACE_BOUND('',#2934,.F.);
#2934 = EDGE_LOOP('',(#2935,#2936,#2944,#2950));
#2935 = ORIENTED_EDGE('',*,*,#2919,.T.);
#2936 = ORIENTED_EDGE('',*,*,#2937,.T.);
#2937 = EDGE_CURVE('',#2912,#2938,#2940,.T.);
#2938 = VERTEX_POINT('',#2939);
#2939 = CARTESIAN_POINT('',(-2.625922444182,-6.902841079061,7.));
#2940 = ( BOUNDED_CURVE() B_SPLINE_CURVE(2,(#2941,#2942,#2943),
.UNSPECIFIED.,.F.,.F.) B_SPLINE_CURVE_WITH_KNOTS((3,3),(0.,
5.838450169226E-02),.PIECEWISE_BEZIER_KNOTS.) CURVE() 
GEOMETRIC_REPRESENTATION_ITEM() RATIONAL_B_SPLINE_CURVE((1.,
0.999573936504,1.)) REPRESENTATION_ITEM('') );
#2941 = CARTESIAN_POINT('',(-3.024238169307,-6.737853303608,7.));
#2942 = CARTESIAN_POINT('',(-2.827489173315,-6.826162709681,7.));
#2943 = CARTESIAN_POINT('',(-2.625922444182,-6.902841079061,7.));
#2944 = ORIENTED_EDGE('',*,*,#2945,.F.);
#2945 = EDGE_CURVE('',#682,#2938,#2946,.T.);
#2946 = LINE('',#2947,#2948);
#2947 = CARTESIAN_POINT('',(-2.625922444182,-6.902841079061,0.));
#2948 = VECTOR('',#2949,1.);
#2949 = DIRECTION('',(0.,0.,1.));
#2950 = ORIENTED_EDGE('',*,*,#689,.F.);
#2951 = SURFACE_OF_LINEAR_EXTRUSION('',#2952,#2956);
#2952 = ( BOUNDED_CURVE() B_SPLINE_CURVE(2,(#2953,#2954,#2955),
.UNSPECIFIED.,.F.,.F.) B_SPLINE_CURVE_WITH_KNOTS((3,3),(0.,
5.838450169226E-02),.PIECEWISE_BEZIER_KNOTS.) CURVE() 
GEOMETRIC_REPRESENTATION_ITEM() RATIONAL_B_SPLINE_CURVE((1.,
0.999573936504,1.)) REPRESENTATION_ITEM('') );
#2953 = CARTESIAN_POINT('',(-3.024238169307,-6.737853303608,0.));
#2954 = CARTESIAN_POINT('',(-2.827489173315,-6.826162709681,0.));
#2955 = CARTESIAN_POINT('',(-2.625922444182,-6.902841079061,0.));
#2956 = VECTOR('',#2957,1.);
#2957 = DIRECTION('',(-0.,-0.,-1.));
#2958 = ADVANCED_FACE('',(#2959),#2977,.F.);
#2959 = FACE_BOUND('',#2960,.F.);
#2960 = EDGE_LOOP('',(#2961,#2962,#2970,#2976));
#2961 = ORIENTED_EDGE('',*,*,#2945,.T.);
#2962 = ORIENTED_EDGE('',*,*,#2963,.T.);
#2963 = EDGE_CURVE('',#2938,#2964,#2966,.T.);
#2964 = VERTEX_POINT('',#2965);
#2965 = CARTESIAN_POINT('',(-2.435963090418,-6.824556135106,7.));
#2966 = ( BOUNDED_CURVE() B_SPLINE_CURVE(2,(#2967,#2968,#2969),
.UNSPECIFIED.,.F.,.F.) B_SPLINE_CURVE_WITH_KNOTS((3,3),(0.,
1.508825302794),.PIECEWISE_BEZIER_KNOTS.) CURVE() 
GEOMETRIC_REPRESENTATION_ITEM() RATIONAL_B_SPLINE_CURVE((1.,
0.728673920883,1.)) REPRESENTATION_ITEM('') );
#2967 = CARTESIAN_POINT('',(-2.625922444182,-6.902841079061,7.));
#2968 = CARTESIAN_POINT('',(-2.494153822408,-6.952967422315,7.));
#2969 = CARTESIAN_POINT('',(-2.435963090418,-6.824556135106,7.));
#2970 = ORIENTED_EDGE('',*,*,#2971,.F.);
#2971 = EDGE_CURVE('',#674,#2964,#2972,.T.);
#2972 = LINE('',#2973,#2974);
#2973 = CARTESIAN_POINT('',(-2.435963090418,-6.824556135106,0.));
#2974 = VECTOR('',#2975,1.);
#2975 = DIRECTION('',(0.,0.,1.));
#2976 = ORIENTED_EDGE('',*,*,#681,.F.);
#2977 = SURFACE_OF_LINEAR_EXTRUSION('',#2978,#2982);
#2978 = ( BOUNDED_CURVE() B_SPLINE_CURVE(2,(#2979,#2980,#2981),
.UNSPECIFIED.,.F.,.F.) B_SPLINE_CURVE_WITH_KNOTS((3,3),(0.,
1.508825302794),.PIECEWISE_BEZIER_KNOTS.) CURVE() 
GEOMETRIC_REPRESENTATION_ITEM() RATIONAL_B_SPLINE_CURVE((1.,
0.728673920883,1.)) REPRESENTATION_ITEM('') );
#2979 = CARTESIAN_POINT('',(-2.625922444182,-6.902841079061,0.));
#2980 = CARTESIAN_POINT('',(-2.494153822408,-6.952967422315,0.));
#2981 = CARTESIAN_POINT('',(-2.435963090418,-6.824556135106,0.));
#2982 = VECTOR('',#2983,1.);
#2983 = DIRECTION('',(-0.,-0.,-1.));
#2984 = ADVANCED_FACE('',(#2985),#3003,.F.);
#2985 = FACE_BOUND('',#2986,.F.);
#2986 = EDGE_LOOP('',(#2987,#2988,#2996,#3002));
#2987 = ORIENTED_EDGE('',*,*,#2971,.T.);
#2988 = ORIENTED_EDGE('',*,*,#2989,.T.);
#2989 = EDGE_CURVE('',#2964,#2990,#2992,.T.);
#2990 = VERTEX_POINT('',#2991);
#2991 = CARTESIAN_POINT('',(-2.279954337522,-6.581395013661,7.));
#2992 = ( BOUNDED_CURVE() B_SPLINE_CURVE(2,(#2993,#2994,#2995),
.UNSPECIFIED.,.F.,.F.) B_SPLINE_CURVE_WITH_KNOTS((3,3),(0.,
0.289919229054),.PIECEWISE_BEZIER_KNOTS.) CURVE() 
GEOMETRIC_REPRESENTATION_ITEM() RATIONAL_B_SPLINE_CURVE((1.,
0.989511740461,1.)) REPRESENTATION_ITEM('') );
#2993 = CARTESIAN_POINT('',(-2.435963090418,-6.824556135106,7.));
#2994 = CARTESIAN_POINT('',(-2.37570747968,-6.691588216127,7.));
#2995 = CARTESIAN_POINT('',(-2.279954337522,-6.581395013661,7.));
#2996 = ORIENTED_EDGE('',*,*,#2997,.F.);
#2997 = EDGE_CURVE('',#666,#2990,#2998,.T.);
#2998 = LINE('',#2999,#3000);
#2999 = CARTESIAN_POINT('',(-2.279954337522,-6.581395013661,0.));
#3000 = VECTOR('',#3001,1.);
#3001 = DIRECTION('',(0.,0.,1.));
#3002 = ORIENTED_EDGE('',*,*,#673,.F.);
#3003 = SURFACE_OF_LINEAR_EXTRUSION('',#3004,#3008);
#3004 = ( BOUNDED_CURVE() B_SPLINE_CURVE(2,(#3005,#3006,#3007),
.UNSPECIFIED.,.F.,.F.) B_SPLINE_CURVE_WITH_KNOTS((3,3),(0.,
0.289919229054),.PIECEWISE_BEZIER_KNOTS.) CURVE() 
GEOMETRIC_REPRESENTATION_ITEM() RATIONAL_B_SPLINE_CURVE((1.,
0.989511740461,1.)) REPRESENTATION_ITEM('') );
#3005 = CARTESIAN_POINT('',(-2.435963090418,-6.824556135106,0.));
#3006 = CARTESIAN_POINT('',(-2.37570747968,-6.691588216127,0.));
#3007 = CARTESIAN_POINT('',(-2.279954337522,-6.581395013661,0.));
#3008 = VECTOR('',#3009,1.);
#3009 = DIRECTION('',(-0.,-0.,-1.));
#3010 = ADVANCED_FACE('',(#3011),#3029,.F.);
#3011 = FACE_BOUND('',#3012,.F.);
#3012 = EDGE_LOOP('',(#3013,#3014,#3022,#3028));
#3013 = ORIENTED_EDGE('',*,*,#2997,.T.);
#3014 = ORIENTED_EDGE('',*,*,#3015,.T.);
#3015 = EDGE_CURVE('',#2990,#3016,#3018,.T.);
#3016 = VERTEX_POINT('',#3017);
#3017 = CARTESIAN_POINT('',(-1.316199131068,-6.839632442932,7.));
#3018 = ( BOUNDED_CURVE() B_SPLINE_CURVE(2,(#3019,#3020,#3021),
.UNSPECIFIED.,.F.,.F.) B_SPLINE_CURVE_WITH_KNOTS((3,3),(0.,
2.234397261374),.PIECEWISE_BEZIER_KNOTS.) CURVE() 
GEOMETRIC_REPRESENTATION_ITEM() RATIONAL_B_SPLINE_CURVE((1.,
0.438202247191,1.)) REPRESENTATION_ITEM('') );
#3019 = CARTESIAN_POINT('',(-2.279954337522,-6.581395013661,7.));
#3020 = CARTESIAN_POINT('',(-1.533217832479,-5.722046849881,7.));
#3021 = CARTESIAN_POINT('',(-1.316199131068,-6.839632442932,7.));
#3022 = ORIENTED_EDGE('',*,*,#3023,.F.);
#3023 = EDGE_CURVE('',#658,#3016,#3024,.T.);
#3024 = LINE('',#3025,#3026);
#3025 = CARTESIAN_POINT('',(-1.316199131068,-6.839632442932,0.));
#3026 = VECTOR('',#3027,1.);
#3027 = DIRECTION('',(0.,0.,1.));
#3028 = ORIENTED_EDGE('',*,*,#665,.F.);
#3029 = SURFACE_OF_LINEAR_EXTRUSION('',#3030,#3034);
#3030 = ( BOUNDED_CURVE() B_SPLINE_CURVE(2,(#3031,#3032,#3033),
.UNSPECIFIED.,.F.,.F.) B_SPLINE_CURVE_WITH_KNOTS((3,3),(0.,
2.234397261374),.PIECEWISE_BEZIER_KNOTS.) CURVE() 
GEOMETRIC_REPRESENTATION_ITEM() RATIONAL_B_SPLINE_CURVE((1.,
0.438202247191,1.)) REPRESENTATION_ITEM('') );
#3031 = CARTESIAN_POINT('',(-2.279954337522,-6.581395013661,0.));
#3032 = CARTESIAN_POINT('',(-1.533217832479,-5.722046849881,0.));
#3033 = CARTESIAN_POINT('',(-1.316199131068,-6.839632442932,0.));
#3034 = VECTOR('',#3035,1.);
#3035 = DIRECTION('',(-0.,-0.,-1.));
#3036 = ADVANCED_FACE('',(#3037),#3055,.F.);
#3037 = FACE_BOUND('',#3038,.F.);
#3038 = EDGE_LOOP('',(#3039,#3040,#3048,#3054));
#3039 = ORIENTED_EDGE('',*,*,#3023,.T.);
#3040 = ORIENTED_EDGE('',*,*,#3041,.T.);
#3041 = EDGE_CURVE('',#3016,#3042,#3044,.T.);
#3042 = VERTEX_POINT('',#3043);
#3043 = CARTESIAN_POINT('',(-1.302672148569,-7.128220527764,7.));
#3044 = ( BOUNDED_CURVE() B_SPLINE_CURVE(2,(#3045,#3046,#3047),
.UNSPECIFIED.,.F.,.F.) B_SPLINE_CURVE_WITH_KNOTS((3,3),(0.,
0.289919229054),.PIECEWISE_BEZIER_KNOTS.) CURVE() 
GEOMETRIC_REPRESENTATION_ITEM() RATIONAL_B_SPLINE_CURVE((1.,
0.989511740461,1.)) REPRESENTATION_ITEM('') );
#3045 = CARTESIAN_POINT('',(-1.316199131068,-6.839632442932,7.));
#3046 = CARTESIAN_POINT('',(-1.2883710787,-6.982939126671,7.));
#3047 = CARTESIAN_POINT('',(-1.302672148569,-7.128220527764,7.));
#3048 = ORIENTED_EDGE('',*,*,#3049,.F.);
#3049 = EDGE_CURVE('',#650,#3042,#3050,.T.);
#3050 = LINE('',#3051,#3052);
#3051 = CARTESIAN_POINT('',(-1.302672148569,-7.128220527764,0.));
#3052 = VECTOR('',#3053,1.);
#3053 = DIRECTION('',(0.,0.,1.));
#3054 = ORIENTED_EDGE('',*,*,#657,.F.);
#3055 = SURFACE_OF_LINEAR_EXTRUSION('',#3056,#3060);
#3056 = ( BOUNDED_CURVE() B_SPLINE_CURVE(2,(#3057,#3058,#3059),
.UNSPECIFIED.,.F.,.F.) B_SPLINE_CURVE_WITH_KNOTS((3,3),(0.,
0.289919229054),.PIECEWISE_BEZIER_KNOTS.) CURVE() 
GEOMETRIC_REPRESENTATION_ITEM() RATIONAL_B_SPLINE_CURVE((1.,
0.989511740461,1.)) REPRESENTATION_ITEM('') );
#3057 = CARTESIAN_POINT('',(-1.316199131068,-6.839632442932,0.));
#3058 = CARTESIAN_POINT('',(-1.2883710787,-6.982939126671,0.));
#3059 = CARTESIAN_POINT('',(-1.302672148569,-7.128220527764,0.));
#3060 = VECTOR('',#3061,1.);
#3061 = DIRECTION('',(-0.,-0.,-1.));
#3062 = ADVANCED_FACE('',(#3063),#3081,.F.);
#3063 = FACE_BOUND('',#3064,.F.);
#3064 = EDGE_LOOP('',(#3065,#3066,#3074,#3080));
#3065 = ORIENTED_EDGE('',*,*,#3049,.T.);
#3066 = ORIENTED_EDGE('',*,*,#3067,.T.);
#3067 = EDGE_CURVE('',#3042,#3068,#3070,.T.);
#3068 = VERTEX_POINT('',#3069);
#3069 = CARTESIAN_POINT('',(-1.177304994502,-7.290996954845,7.));
#3070 = ( BOUNDED_CURVE() B_SPLINE_CURVE(2,(#3071,#3072,#3073),
.UNSPECIFIED.,.F.,.F.) B_SPLINE_CURVE_WITH_KNOTS((3,3),(0.,
1.508825302794),.PIECEWISE_BEZIER_KNOTS.) CURVE() 
GEOMETRIC_REPRESENTATION_ITEM() RATIONAL_B_SPLINE_CURVE((1.,
0.728673920883,1.)) REPRESENTATION_ITEM('') );
#3071 = CARTESIAN_POINT('',(-1.302672148569,-7.128220527764,7.));
#3072 = CARTESIAN_POINT('',(-1.316483140006,-7.268523330614,7.));
#3073 = CARTESIAN_POINT('',(-1.177304994502,-7.290996954845,7.));
#3074 = ORIENTED_EDGE('',*,*,#3075,.F.);
#3075 = EDGE_CURVE('',#642,#3068,#3076,.T.);
#3076 = LINE('',#3077,#3078);
#3077 = CARTESIAN_POINT('',(-1.177304994502,-7.290996954845,0.));
#3078 = VECTOR('',#3079,1.);
#3079 = DIRECTION('',(0.,0.,1.));
#3080 = ORIENTED_EDGE('',*,*,#649,.F.);
#3081 = SURFACE_OF_LINEAR_EXTRUSION('',#3082,#3086);
#3082 = ( BOUNDED_CURVE() B_SPLINE_CURVE(2,(#3083,#3084,#3085),
.UNSPECIFIED.,.F.,.F.) B_SPLINE_CURVE_WITH_KNOTS((3,3),(0.,
1.508825302794),.PIECEWISE_BEZIER_KNOTS.) CURVE() 
GEOMETRIC_REPRESENTATION_ITEM() RATIONAL_B_SPLINE_CURVE((1.,
0.728673920883,1.)) REPRESENTATION_ITEM('') );
#3083 = CARTESIAN_POINT('',(-1.302672148569,-7.128220527764,0.));
#3084 = CARTESIAN_POINT('',(-1.316483140006,-7.268523330614,0.));
#3085 = CARTESIAN_POINT('',(-1.177304994502,-7.290996954845,0.));
#3086 = VECTOR('',#3087,1.);
#3087 = DIRECTION('',(-0.,-0.,-1.));
#3088 = ADVANCED_FACE('',(#3089),#3107,.F.);
#3089 = FACE_BOUND('',#3090,.F.);
#3090 = EDGE_LOOP('',(#3091,#3092,#3100,#3106));
#3091 = ORIENTED_EDGE('',*,*,#3075,.T.);
#3092 = ORIENTED_EDGE('',*,*,#3093,.T.);
#3093 = EDGE_CURVE('',#3068,#3094,#3096,.T.);
#3094 = VERTEX_POINT('',#3095);
#3095 = CARTESIAN_POINT('',(-0.74985957009,-7.347271212551,7.));
#3096 = ( BOUNDED_CURVE() B_SPLINE_CURVE(2,(#3097,#3098,#3099),
.UNSPECIFIED.,.F.,.F.) B_SPLINE_CURVE_WITH_KNOTS((3,3),(0.,
5.838450169226E-02),.PIECEWISE_BEZIER_KNOTS.) CURVE() 
GEOMETRIC_REPRESENTATION_ITEM() RATIONAL_B_SPLINE_CURVE((1.,
0.999573936504,1.)) REPRESENTATION_ITEM('') );
#3097 = CARTESIAN_POINT('',(-1.177304994502,-7.290996954845,7.));
#3098 = CARTESIAN_POINT('',(-0.964403901824,-7.325374903608,7.));
#3099 = CARTESIAN_POINT('',(-0.74985957009,-7.347271212551,7.));
#3100 = ORIENTED_EDGE('',*,*,#3101,.F.);
#3101 = EDGE_CURVE('',#634,#3094,#3102,.T.);
#3102 = LINE('',#3103,#3104);
#3103 = CARTESIAN_POINT('',(-0.74985957009,-7.347271212551,0.));
#3104 = VECTOR('',#3105,1.);
#3105 = DIRECTION('',(0.,0.,1.));
#3106 = ORIENTED_EDGE('',*,*,#641,.F.);
#3107 = SURFACE_OF_LINEAR_EXTRUSION('',#3108,#3112);
#3108 = ( BOUNDED_CURVE() B_SPLINE_CURVE(2,(#3109,#3110,#3111),
.UNSPECIFIED.,.F.,.F.) B_SPLINE_CURVE_WITH_KNOTS((3,3),(0.,
5.838450169226E-02),.PIECEWISE_BEZIER_KNOTS.) CURVE() 
GEOMETRIC_REPRESENTATION_ITEM() RATIONAL_B_SPLINE_CURVE((1.,
0.999573936504,1.)) REPRESENTATION_ITEM('') );
#3109 = CARTESIAN_POINT('',(-1.177304994502,-7.290996954845,0.));
#3110 = CARTESIAN_POINT('',(-0.964403901824,-7.325374903608,0.));
#3111 = CARTESIAN_POINT('',(-0.74985957009,-7.347271212551,0.));
#3112 = VECTOR('',#3113,1.);
#3113 = DIRECTION('',(-0.,-0.,-1.));
#3114 = ADVANCED_FACE('',(#3115),#3133,.F.);
#3115 = FACE_BOUND('',#3116,.F.);
#3116 = EDGE_LOOP('',(#3117,#3118,#3126,#3132));
#3117 = ORIENTED_EDGE('',*,*,#3101,.T.);
#3118 = ORIENTED_EDGE('',*,*,#3119,.T.);
#3119 = EDGE_CURVE('',#3094,#3120,#3122,.T.);
#3120 = VERTEX_POINT('',#3121);
#3121 = CARTESIAN_POINT('',(-0.586634558785,-7.222488664825,7.));
#3122 = ( BOUNDED_CURVE() B_SPLINE_CURVE(2,(#3123,#3124,#3125),
.UNSPECIFIED.,.F.,.F.) B_SPLINE_CURVE_WITH_KNOTS((3,3),(0.,
1.508825302794),.PIECEWISE_BEZIER_KNOTS.) CURVE() 
GEOMETRIC_REPRESENTATION_ITEM() RATIONAL_B_SPLINE_CURVE((1.,
0.728673920883,1.)) REPRESENTATION_ITEM('') );
#3123 = CARTESIAN_POINT('',(-0.74985957009,-7.347271212551,7.));
#3124 = CARTESIAN_POINT('',(-0.609607202929,-7.361585313215,7.));
#3125 = CARTESIAN_POINT('',(-0.586634558785,-7.222488664825,7.));
#3126 = ORIENTED_EDGE('',*,*,#3127,.F.);
#3127 = EDGE_CURVE('',#626,#3120,#3128,.T.);
#3128 = LINE('',#3129,#3130);
#3129 = CARTESIAN_POINT('',(-0.586634558785,-7.222488664825,0.));
#3130 = VECTOR('',#3131,1.);
#3131 = DIRECTION('',(0.,0.,1.));
#3132 = ORIENTED_EDGE('',*,*,#633,.F.);
#3133 = SURFACE_OF_LINEAR_EXTRUSION('',#3134,#3138);
#3134 = ( BOUNDED_CURVE() B_SPLINE_CURVE(2,(#3135,#3136,#3137),
.UNSPECIFIED.,.F.,.F.) B_SPLINE_CURVE_WITH_KNOTS((3,3),(0.,
1.508825302794),.PIECEWISE_BEZIER_KNOTS.) CURVE() 
GEOMETRIC_REPRESENTATION_ITEM() RATIONAL_B_SPLINE_CURVE((1.,
0.728673920883,1.)) REPRESENTATION_ITEM('') );
#3135 = CARTESIAN_POINT('',(-0.74985957009,-7.347271212551,0.));
#3136 = CARTESIAN_POINT('',(-0.609607202929,-7.361585313215,0.));
#3137 = CARTESIAN_POINT('',(-0.586634558785,-7.222488664825,0.));
#3138 = VECTOR('',#3139,1.);
#3139 = DIRECTION('',(-0.,-0.,-1.));
#3140 = ADVANCED_FACE('',(#3141),#3159,.F.);
#3141 = FACE_BOUND('',#3142,.F.);
#3142 = EDGE_LOOP('',(#3143,#3144,#3152,#3158));
#3143 = ORIENTED_EDGE('',*,*,#3127,.T.);
#3144 = ORIENTED_EDGE('',*,*,#3145,.T.);
#3145 = EDGE_CURVE('',#3120,#3146,#3148,.T.);
#3146 = VERTEX_POINT('',#3147);
#3147 = CARTESIAN_POINT('',(-0.498876404494,-6.94723502122,7.));
#3148 = ( BOUNDED_CURVE() B_SPLINE_CURVE(2,(#3149,#3150,#3151),
.UNSPECIFIED.,.F.,.F.) B_SPLINE_CURVE_WITH_KNOTS((3,3),(0.,
0.289919229054),.PIECEWISE_BEZIER_KNOTS.) CURVE() 
GEOMETRIC_REPRESENTATION_ITEM() RATIONAL_B_SPLINE_CURVE((1.,
0.989511740461,1.)) REPRESENTATION_ITEM('') );
#3149 = CARTESIAN_POINT('',(-0.586634558785,-7.222488664825,7.));
#3150 = CARTESIAN_POINT('',(-0.562846738014,-7.078456218183,7.));
#3151 = CARTESIAN_POINT('',(-0.498876404494,-6.94723502122,7.));
#3152 = ORIENTED_EDGE('',*,*,#3153,.F.);
#3153 = EDGE_CURVE('',#618,#3146,#3154,.T.);
#3154 = LINE('',#3155,#3156);
#3155 = CARTESIAN_POINT('',(-0.498876404494,-6.94723502122,0.));
#3156 = VECTOR('',#3157,1.);
#3157 = DIRECTION('',(0.,0.,1.));
#3158 = ORIENTED_EDGE('',*,*,#625,.F.);
#3159 = SURFACE_OF_LINEAR_EXTRUSION('',#3160,#3164);
#3160 = ( BOUNDED_CURVE() B_SPLINE_CURVE(2,(#3161,#3162,#3163),
.UNSPECIFIED.,.F.,.F.) B_SPLINE_CURVE_WITH_KNOTS((3,3),(0.,
0.289919229054),.PIECEWISE_BEZIER_KNOTS.) CURVE() 
GEOMETRIC_REPRESENTATION_ITEM() RATIONAL_B_SPLINE_CURVE((1.,
0.989511740461,1.)) REPRESENTATION_ITEM('') );
#3161 = CARTESIAN_POINT('',(-0.586634558785,-7.222488664825,0.));
#3162 = CARTESIAN_POINT('',(-0.562846738014,-7.078456218183,0.));
#3163 = CARTESIAN_POINT('',(-0.498876404494,-6.94723502122,0.));
#3164 = VECTOR('',#3165,1.);
#3165 = DIRECTION('',(-0.,-0.,-1.));
#3166 = ADVANCED_FACE('',(#3167),#3185,.F.);
#3167 = FACE_BOUND('',#3168,.F.);
#3168 = EDGE_LOOP('',(#3169,#3170,#3178,#3184));
#3169 = ORIENTED_EDGE('',*,*,#3153,.T.);
#3170 = ORIENTED_EDGE('',*,*,#3171,.T.);
#3171 = EDGE_CURVE('',#3146,#3172,#3174,.T.);
#3172 = VERTEX_POINT('',#3173);
#3173 = CARTESIAN_POINT('',(0.498876404494,-6.94723502122,7.));
#3174 = ( BOUNDED_CURVE() B_SPLINE_CURVE(2,(#3175,#3176,#3177),
.UNSPECIFIED.,.F.,.F.) B_SPLINE_CURVE_WITH_KNOTS((3,3),(0.,
2.234397261374),.PIECEWISE_BEZIER_KNOTS.) CURVE() 
GEOMETRIC_REPRESENTATION_ITEM() RATIONAL_B_SPLINE_CURVE((1.,
0.438202247191,1.)) REPRESENTATION_ITEM('') );
#3175 = CARTESIAN_POINT('',(-0.498876404494,-6.94723502122,7.));
#3176 = CARTESIAN_POINT('',(-1.33E-15,-5.923898806873,7.));
#3177 = CARTESIAN_POINT('',(0.498876404494,-6.94723502122,7.));
#3178 = ORIENTED_EDGE('',*,*,#3179,.F.);
#3179 = EDGE_CURVE('',#610,#3172,#3180,.T.);
#3180 = LINE('',#3181,#3182);
#3181 = CARTESIAN_POINT('',(0.498876404494,-6.94723502122,0.));
#3182 = VECTOR('',#3183,1.);
#3183 = DIRECTION('',(0.,0.,1.));
#3184 = ORIENTED_EDGE('',*,*,#617,.F.);
#3185 = SURFACE_OF_LINEAR_EXTRUSION('',#3186,#3190);
#3186 = ( BOUNDED_CURVE() B_SPLINE_CURVE(2,(#3187,#3188,#3189),
.UNSPECIFIED.,.F.,.F.) B_SPLINE_CURVE_WITH_KNOTS((3,3),(0.,
2.234397261374),.PIECEWISE_BEZIER_KNOTS.) CURVE() 
GEOMETRIC_REPRESENTATION_ITEM() RATIONAL_B_SPLINE_CURVE((1.,
0.438202247191,1.)) REPRESENTATION_ITEM('') );
#3187 = CARTESIAN_POINT('',(-0.498876404494,-6.94723502122,0.));
#3188 = CARTESIAN_POINT('',(-1.33E-15,-5.923898806873,0.));
#3189 = CARTESIAN_POINT('',(0.498876404494,-6.94723502122,0.));
#3190 = VECTOR('',#3191,1.);
#3191 = DIRECTION('',(-0.,-0.,-1.));
#3192 = ADVANCED_FACE('',(#3193),#3211,.F.);
#3193 = FACE_BOUND('',#3194,.F.);
#3194 = EDGE_LOOP('',(#3195,#3196,#3204,#3210));
#3195 = ORIENTED_EDGE('',*,*,#3179,.T.);
#3196 = ORIENTED_EDGE('',*,*,#3197,.T.);
#3197 = EDGE_CURVE('',#3172,#3198,#3200,.T.);
#3198 = VERTEX_POINT('',#3199);
#3199 = CARTESIAN_POINT('',(0.586634558785,-7.222488664825,7.));
#3200 = ( BOUNDED_CURVE() B_SPLINE_CURVE(2,(#3201,#3202,#3203),
.UNSPECIFIED.,.F.,.F.) B_SPLINE_CURVE_WITH_KNOTS((3,3),(0.,
0.289919229054),.PIECEWISE_BEZIER_KNOTS.) CURVE() 
GEOMETRIC_REPRESENTATION_ITEM() RATIONAL_B_SPLINE_CURVE((1.,
0.989511740461,1.)) REPRESENTATION_ITEM('') );
#3201 = CARTESIAN_POINT('',(0.498876404494,-6.94723502122,7.));
#3202 = CARTESIAN_POINT('',(0.562846738014,-7.078456218183,7.));
#3203 = CARTESIAN_POINT('',(0.586634558785,-7.222488664825,7.));
#3204 = ORIENTED_EDGE('',*,*,#3205,.F.);
#3205 = EDGE_CURVE('',#602,#3198,#3206,.T.);
#3206 = LINE('',#3207,#3208);
#3207 = CARTESIAN_POINT('',(0.586634558785,-7.222488664825,0.));
#3208 = VECTOR('',#3209,1.);
#3209 = DIRECTION('',(0.,0.,1.));
#3210 = ORIENTED_EDGE('',*,*,#609,.F.);
#3211 = SURFACE_OF_LINEAR_EXTRUSION('',#3212,#3216);
#3212 = ( BOUNDED_CURVE() B_SPLINE_CURVE(2,(#3213,#3214,#3215),
.UNSPECIFIED.,.F.,.F.) B_SPLINE_CURVE_WITH_KNOTS((3,3),(0.,
0.289919229054),.PIECEWISE_BEZIER_KNOTS.) CURVE() 
GEOMETRIC_REPRESENTATION_ITEM() RATIONAL_B_SPLINE_CURVE((1.,
0.989511740461,1.)) REPRESENTATION_ITEM('') );
#3213 = CARTESIAN_POINT('',(0.498876404494,-6.94723502122,0.));
#3214 = CARTESIAN_POINT('',(0.562846738014,-7.078456218183,0.));
#3215 = CARTESIAN_POINT('',(0.586634558785,-7.222488664825,0.));
#3216 = VECTOR('',#3217,1.);
#3217 = DIRECTION('',(-0.,-0.,-1.));
#3218 = ADVANCED_FACE('',(#3219),#3237,.F.);
#3219 = FACE_BOUND('',#3220,.F.);
#3220 = EDGE_LOOP('',(#3221,#3222,#3230,#3236));
#3221 = ORIENTED_EDGE('',*,*,#3205,.T.);
#3222 = ORIENTED_EDGE('',*,*,#3223,.T.);
#3223 = EDGE_CURVE('',#3198,#3224,#3226,.T.);
#3224 = VERTEX_POINT('',#3225);
#3225 = CARTESIAN_POINT('',(0.74985957009,-7.347271212551,7.));
#3226 = ( BOUNDED_CURVE() B_SPLINE_CURVE(2,(#3227,#3228,#3229),
.UNSPECIFIED.,.F.,.F.) B_SPLINE_CURVE_WITH_KNOTS((3,3),(0.,
1.508825302794),.PIECEWISE_BEZIER_KNOTS.) CURVE() 
GEOMETRIC_REPRESENTATION_ITEM() RATIONAL_B_SPLINE_CURVE((1.,
0.728673920883,1.)) REPRESENTATION_ITEM('') );
#3227 = CARTESIAN_POINT('',(0.586634558785,-7.222488664825,7.));
#3228 = CARTESIAN_POINT('',(0.609607202929,-7.361585313215,7.));
#3229 = CARTESIAN_POINT('',(0.74985957009,-7.347271212551,7.));
#3230 = ORIENTED_EDGE('',*,*,#3231,.F.);
#3231 = EDGE_CURVE('',#594,#3224,#3232,.T.);
#3232 = LINE('',#3233,#3234);
#3233 = CARTESIAN_POINT('',(0.74985957009,-7.347271212551,0.));
#3234 = VECTOR('',#3235,1.);
#3235 = DIRECTION('',(0.,0.,1.));
#3236 = ORIENTED_EDGE('',*,*,#601,.F.);
#3237 = SURFACE_OF_LINEAR_EXTRUSION('',#3238,#3242);
#3238 = ( BOUNDED_CURVE() B_SPLINE_CURVE(2,(#3239,#3240,#3241),
.UNSPECIFIED.,.F.,.F.) B_SPLINE_CURVE_WITH_KNOTS((3,3),(0.,
1.508825302794),.PIECEWISE_BEZIER_KNOTS.) CURVE() 
GEOMETRIC_REPRESENTATION_ITEM() RATIONAL_B_SPLINE_CURVE((1.,
0.728673920883,1.)) REPRESENTATION_ITEM('') );
#3239 = CARTESIAN_POINT('',(0.586634558785,-7.222488664825,0.));
#3240 = CARTESIAN_POINT('',(0.609607202929,-7.361585313215,0.));
#3241 = CARTESIAN_POINT('',(0.74985957009,-7.347271212551,0.));
#3242 = VECTOR('',#3243,1.);
#3243 = DIRECTION('',(-0.,-0.,-1.));
#3244 = ADVANCED_FACE('',(#3245),#3263,.F.);
#3245 = FACE_BOUND('',#3246,.F.);
#3246 = EDGE_LOOP('',(#3247,#3248,#3256,#3262));
#3247 = ORIENTED_EDGE('',*,*,#3231,.T.);
#3248 = ORIENTED_EDGE('',*,*,#3249,.T.);
#3249 = EDGE_CURVE('',#3224,#3250,#3252,.T.);
#3250 = VERTEX_POINT('',#3251);
#3251 = CARTESIAN_POINT('',(1.177304994502,-7.290996954845,7.));
#3252 = ( BOUNDED_CURVE() B_SPLINE_CURVE(2,(#3253,#3254,#3255),
.UNSPECIFIED.,.F.,.F.) B_SPLINE_CURVE_WITH_KNOTS((3,3),(0.,
5.838450169226E-02),.PIECEWISE_BEZIER_KNOTS.) CURVE() 
GEOMETRIC_REPRESENTATION_ITEM() RATIONAL_B_SPLINE_CURVE((1.,
0.999573936504,1.)) REPRESENTATION_ITEM('') );
#3253 = CARTESIAN_POINT('',(0.74985957009,-7.347271212551,7.));
#3254 = CARTESIAN_POINT('',(0.964403901824,-7.325374903608,7.));
#3255 = CARTESIAN_POINT('',(1.177304994502,-7.290996954845,7.));
#3256 = ORIENTED_EDGE('',*,*,#3257,.F.);
#3257 = EDGE_CURVE('',#586,#3250,#3258,.T.);
#3258 = LINE('',#3259,#3260);
#3259 = CARTESIAN_POINT('',(1.177304994502,-7.290996954845,0.));
#3260 = VECTOR('',#3261,1.);
#3261 = DIRECTION('',(0.,0.,1.));
#3262 = ORIENTED_EDGE('',*,*,#593,.F.);
#3263 = SURFACE_OF_LINEAR_EXTRUSION('',#3264,#3268);
#3264 = ( BOUNDED_CURVE() B_SPLINE_CURVE(2,(#3265,#3266,#3267),
.UNSPECIFIED.,.F.,.F.) B_SPLINE_CURVE_WITH_KNOTS((3,3),(0.,
5.838450169226E-02),.PIECEWISE_BEZIER_KNOTS.) CURVE() 
GEOMETRIC_REPRESENTATION_ITEM() RATIONAL_B_SPLINE_CURVE((1.,
0.999573936504,1.)) REPRESENTATION_ITEM('') );
#3265 = CARTESIAN_POINT('',(0.74985957009,-7.347271212551,0.));
#3266 = CARTESIAN_POINT('',(0.964403901824,-7.325374903608,0.));
#3267 = CARTESIAN_POINT('',(1.177304994502,-7.290996954845,0.));
#3268 = VECTOR('',#3269,1.);
#3269 = DIRECTION('',(-0.,-0.,-1.));
#3270 = ADVANCED_FACE('',(#3271),#3289,.F.);
#3271 = FACE_BOUND('',#3272,.F.);
#3272 = EDGE_LOOP('',(#3273,#3274,#3282,#3288));
#3273 = ORIENTED_EDGE('',*,*,#3257,.T.);
#3274 = ORIENTED_EDGE('',*,*,#3275,.T.);
#3275 = EDGE_CURVE('',#3250,#3276,#3278,.T.);
#3276 = VERTEX_POINT('',#3277);
#3277 = CARTESIAN_POINT('',(1.302672148569,-7.128220527764,7.));
#3278 = ( BOUNDED_CURVE() B_SPLINE_CURVE(2,(#3279,#3280,#3281),
.UNSPECIFIED.,.F.,.F.) B_SPLINE_CURVE_WITH_KNOTS((3,3),(0.,
1.508825302794),.PIECEWISE_BEZIER_KNOTS.) CURVE() 
GEOMETRIC_REPRESENTATION_ITEM() RATIONAL_B_SPLINE_CURVE((1.,
0.728673920883,1.)) REPRESENTATION_ITEM('') );
#3279 = CARTESIAN_POINT('',(1.177304994502,-7.290996954845,7.));
#3280 = CARTESIAN_POINT('',(1.316483140006,-7.268523330614,7.));
#3281 = CARTESIAN_POINT('',(1.302672148569,-7.128220527764,7.));
#3282 = ORIENTED_EDGE('',*,*,#3283,.F.);
#3283 = EDGE_CURVE('',#578,#3276,#3284,.T.);
#3284 = LINE('',#3285,#3286);
#3285 = CARTESIAN_POINT('',(1.302672148569,-7.128220527764,0.));
#3286 = VECTOR('',#3287,1.);
#3287 = DIRECTION('',(0.,0.,1.));
#3288 = ORIENTED_EDGE('',*,*,#585,.F.);
#3289 = SURFACE_OF_LINEAR_EXTRUSION('',#3290,#3294);
#3290 = ( BOUNDED_CURVE() B_SPLINE_CURVE(2,(#3291,#3292,#3293),
.UNSPECIFIED.,.F.,.F.) B_SPLINE_CURVE_WITH_KNOTS((3,3),(0.,
1.508825302794),.PIECEWISE_BEZIER_KNOTS.) CURVE() 
GEOMETRIC_REPRESENTATION_ITEM() RATIONAL_B_SPLINE_CURVE((1.,
0.728673920883,1.)) REPRESENTATION_ITEM('') );
#3291 = CARTESIAN_POINT('',(1.177304994502,-7.290996954845,0.));
#3292 = CARTESIAN_POINT('',(1.316483140006,-7.268523330614,0.));
#3293 = CARTESIAN_POINT('',(1.302672148569,-7.128220527764,0.));
#3294 = VECTOR('',#3295,1.);
#3295 = DIRECTION('',(-0.,-0.,-1.));
#3296 = ADVANCED_FACE('',(#3297),#3315,.F.);
#3297 = FACE_BOUND('',#3298,.F.);
#3298 = EDGE_LOOP('',(#3299,#3300,#3308,#3314));
#3299 = ORIENTED_EDGE('',*,*,#3283,.T.);
#3300 = ORIENTED_EDGE('',*,*,#3301,.T.);
#3301 = EDGE_CURVE('',#3276,#3302,#3304,.T.);
#3302 = VERTEX_POINT('',#3303);
#3303 = CARTESIAN_POINT('',(1.316199131068,-6.839632442932,7.));
#3304 = ( BOUNDED_CURVE() B_SPLINE_CURVE(2,(#3305,#3306,#3307),
.UNSPECIFIED.,.F.,.F.) B_SPLINE_CURVE_WITH_KNOTS((3,3),(0.,
0.289919229054),.PIECEWISE_BEZIER_KNOTS.) CURVE() 
GEOMETRIC_REPRESENTATION_ITEM() RATIONAL_B_SPLINE_CURVE((1.,
0.989511740461,1.)) REPRESENTATION_ITEM('') );
#3305 = CARTESIAN_POINT('',(1.302672148569,-7.128220527764,7.));
#3306 = CARTESIAN_POINT('',(1.2883710787,-6.982939126671,7.));
#3307 = CARTESIAN_POINT('',(1.316199131068,-6.839632442932,7.));
#3308 = ORIENTED_EDGE('',*,*,#3309,.F.);
#3309 = EDGE_CURVE('',#570,#3302,#3310,.T.);
#3310 = LINE('',#3311,#3312);
#3311 = CARTESIAN_POINT('',(1.316199131068,-6.839632442932,0.));
#3312 = VECTOR('',#3313,1.);
#3313 = DIRECTION('',(0.,0.,1.));
#3314 = ORIENTED_EDGE('',*,*,#577,.F.);
#3315 = SURFACE_OF_LINEAR_EXTRUSION('',#3316,#3320);
#3316 = ( BOUNDED_CURVE() B_SPLINE_CURVE(2,(#3317,#3318,#3319),
.UNSPECIFIED.,.F.,.F.) B_SPLINE_CURVE_WITH_KNOTS((3,3),(0.,
0.289919229054),.PIECEWISE_BEZIER_KNOTS.) CURVE() 
GEOMETRIC_REPRESENTATION_ITEM() RATIONAL_B_SPLINE_CURVE((1.,
0.989511740461,1.)) REPRESENTATION_ITEM('') );
#3317 = CARTESIAN_POINT('',(1.302672148569,-7.128220527764,0.));
#3318 = CARTESIAN_POINT('',(1.2883710787,-6.982939126671,0.));
#3319 = CARTESIAN_POINT('',(1.316199131068,-6.839632442932,0.));
#3320 = VECTOR('',#3321,1.);
#3321 = DIRECTION('',(-0.,-0.,-1.));
#3322 = ADVANCED_FACE('',(#3323),#3341,.F.);
#3323 = FACE_BOUND('',#3324,.F.);
#3324 = EDGE_LOOP('',(#3325,#3326,#3334,#3340));
#3325 = ORIENTED_EDGE('',*,*,#3309,.T.);
#3326 = ORIENTED_EDGE('',*,*,#3327,.T.);
#3327 = EDGE_CURVE('',#3302,#3328,#3330,.T.);
#3328 = VERTEX_POINT('',#3329);
#3329 = CARTESIAN_POINT('',(2.279954337522,-6.581395013661,7.));
#3330 = ( BOUNDED_CURVE() B_SPLINE_CURVE(2,(#3331,#3332,#3333),
.UNSPECIFIED.,.F.,.F.) B_SPLINE_CURVE_WITH_KNOTS((3,3),(0.,
2.234397261374),.PIECEWISE_BEZIER_KNOTS.) CURVE() 
GEOMETRIC_REPRESENTATION_ITEM() RATIONAL_B_SPLINE_CURVE((1.,
0.438202247191,1.)) REPRESENTATION_ITEM('') );
#3331 = CARTESIAN_POINT('',(1.316199131068,-6.839632442932,7.));
#3332 = CARTESIAN_POINT('',(1.533217832479,-5.722046849881,7.));
#3333 = CARTESIAN_POINT('',(2.279954337522,-6.581395013661,7.));
#3334 = ORIENTED_EDGE('',*,*,#3335,.F.);
#3335 = EDGE_CURVE('',#562,#3328,#3336,.T.);
#3336 = LINE('',#3337,#3338);
#3337 = CARTESIAN_POINT('',(2.279954337522,-6.581395013661,0.));
#3338 = VECTOR('',#3339,1.);
#3339 = DIRECTION('',(0.,0.,1.));
#3340 = ORIENTED_EDGE('',*,*,#569,.F.);
#3341 = SURFACE_OF_LINEAR_EXTRUSION('',#3342,#3346);
#3342 = ( BOUNDED_CURVE() B_SPLINE_CURVE(2,(#3343,#3344,#3345),
.UNSPECIFIED.,.F.,.F.) B_SPLINE_CURVE_WITH_KNOTS((3,3),(0.,
2.234397261374),.PIECEWISE_BEZIER_KNOTS.) CURVE() 
GEOMETRIC_REPRESENTATION_ITEM() RATIONAL_B_SPLINE_CURVE((1.,
0.438202247191,1.)) REPRESENTATION_ITEM('') );
#3343 = CARTESIAN_POINT('',(1.316199131068,-6.839632442932,0.));
#3344 = CARTESIAN_POINT('',(1.533217832479,-5.722046849881,0.));
#3345 = CARTESIAN_POINT('',(2.279954337522,-6.581395013661,0.));
#3346 = VECTOR('',#3347,1.);
#3347 = DIRECTION('',(-0.,-0.,-1.));
#3348 = ADVANCED_FACE('',(#3349),#3367,.F.);
#3349 = FACE_BOUND('',#3350,.F.);
#3350 = EDGE_LOOP('',(#3351,#3352,#3360,#3366));
#3351 = ORIENTED_EDGE('',*,*,#3335,.T.);
#3352 = ORIENTED_EDGE('',*,*,#3353,.T.);
#3353 = EDGE_CURVE('',#3328,#3354,#3356,.T.);
#3354 = VERTEX_POINT('',#3355);
#3355 = CARTESIAN_POINT('',(2.435963090418,-6.824556135106,7.));
#3356 = ( BOUNDED_CURVE() B_SPLINE_CURVE(2,(#3357,#3358,#3359),
.UNSPECIFIED.,.F.,.F.) B_SPLINE_CURVE_WITH_KNOTS((3,3),(0.,
0.289919229054),.PIECEWISE_BEZIER_KNOTS.) CURVE() 
GEOMETRIC_REPRESENTATION_ITEM() RATIONAL_B_SPLINE_CURVE((1.,
0.989511740461,1.)) REPRESENTATION_ITEM('') );
#3357 = CARTESIAN_POINT('',(2.279954337522,-6.581395013661,7.));
#3358 = CARTESIAN_POINT('',(2.37570747968,-6.691588216127,7.));
#3359 = CARTESIAN_POINT('',(2.435963090418,-6.824556135106,7.));
#3360 = ORIENTED_EDGE('',*,*,#3361,.F.);
#3361 = EDGE_CURVE('',#554,#3354,#3362,.T.);
#3362 = LINE('',#3363,#3364);
#3363 = CARTESIAN_POINT('',(2.435963090418,-6.824556135106,0.));
#3364 = VECTOR('',#3365,1.);
#3365 = DIRECTION('',(0.,0.,1.));
#3366 = ORIENTED_EDGE('',*,*,#561,.F.);
#3367 = SURFACE_OF_LINEAR_EXTRUSION('',#3368,#3372);
#3368 = ( BOUNDED_CURVE() B_SPLINE_CURVE(2,(#3369,#3370,#3371),
.UNSPECIFIED.,.F.,.F.) B_SPLINE_CURVE_WITH_KNOTS((3,3),(0.,
0.289919229054),.PIECEWISE_BEZIER_KNOTS.) CURVE() 
GEOMETRIC_REPRESENTATION_ITEM() RATIONAL_B_SPLINE_CURVE((1.,
0.989511740461,1.)) REPRESENTATION_ITEM('') );
#3369 = CARTESIAN_POINT('',(2.279954337522,-6.581395013661,0.));
#3370 = CARTESIAN_POINT('',(2.37570747968,-6.691588216127,0.));
#3371 = CARTESIAN_POINT('',(2.435963090418,-6.824556135106,0.));
#3372 = VECTOR('',#3373,1.);
#3373 = DIRECTION('',(-0.,-0.,-1.));
#3374 = ADVANCED_FACE('',(#3375),#3393,.F.);
#3375 = FACE_BOUND('',#3376,.F.);
#3376 = EDGE_LOOP('',(#3377,#3378,#3386,#3392));
#3377 = ORIENTED_EDGE('',*,*,#3361,.T.);
#3378 = ORIENTED_EDGE('',*,*,#3379,.T.);
#3379 = EDGE_CURVE('',#3354,#3380,#3382,.T.);
#3380 = VERTEX_POINT('',#3381);
#3381 = CARTESIAN_POINT('',(2.625922444182,-6.902841079061,7.));
#3382 = ( BOUNDED_CURVE() B_SPLINE_CURVE(2,(#3383,#3384,#3385),
.UNSPECIFIED.,.F.,.F.) B_SPLINE_CURVE_WITH_KNOTS((3,3),(0.,
1.508825302794),.PIECEWISE_BEZIER_KNOTS.) CURVE() 
GEOMETRIC_REPRESENTATION_ITEM() RATIONAL_B_SPLINE_CURVE((1.,
0.728673920883,1.)) REPRESENTATION_ITEM('') );
#3383 = CARTESIAN_POINT('',(2.435963090418,-6.824556135106,7.));
#3384 = CARTESIAN_POINT('',(2.494153822408,-6.952967422315,7.));
#3385 = CARTESIAN_POINT('',(2.625922444182,-6.902841079061,7.));
#3386 = ORIENTED_EDGE('',*,*,#3387,.F.);
#3387 = EDGE_CURVE('',#546,#3380,#3388,.T.);
#3388 = LINE('',#3389,#3390);
#3389 = CARTESIAN_POINT('',(2.625922444182,-6.902841079061,0.));
#3390 = VECTOR('',#3391,1.);
#3391 = DIRECTION('',(0.,0.,1.));
#3392 = ORIENTED_EDGE('',*,*,#553,.F.);
#3393 = SURFACE_OF_LINEAR_EXTRUSION('',#3394,#3398);
#3394 = ( BOUNDED_CURVE() B_SPLINE_CURVE(2,(#3395,#3396,#3397),
.UNSPECIFIED.,.F.,.F.) B_SPLINE_CURVE_WITH_KNOTS((3,3),(0.,
1.508825302794),.PIECEWISE_BEZIER_KNOTS.) CURVE() 
GEOMETRIC_REPRESENTATION_ITEM() RATIONAL_B_SPLINE_CURVE((1.,
0.728673920883,1.)) REPRESENTATION_ITEM('') );
#3395 = CARTESIAN_POINT('',(2.435963090418,-6.824556135106,0.));
#3396 = CARTESIAN_POINT('',(2.494153822408,-6.952967422315,0.));
#3397 = CARTESIAN_POINT('',(2.625922444182,-6.902841079061,0.));
#3398 = VECTOR('',#3399,1.);
#3399 = DIRECTION('',(-0.,-0.,-1.));
#3400 = ADVANCED_FACE('',(#3401),#3419,.F.);
#3401 = FACE_BOUND('',#3402,.F.);
#3402 = EDGE_LOOP('',(#3403,#3404,#3412,#3418));
#3403 = ORIENTED_EDGE('',*,*,#3387,.T.);
#3404 = ORIENTED_EDGE('',*,*,#3405,.T.);
#3405 = EDGE_CURVE('',#3380,#3406,#3408,.T.);
#3406 = VERTEX_POINT('',#3407);
#3407 = CARTESIAN_POINT('',(3.024238169307,-6.737853303608,7.));
#3408 = ( BOUNDED_CURVE() B_SPLINE_CURVE(2,(#3409,#3410,#3411),
.UNSPECIFIED.,.F.,.F.) B_SPLINE_CURVE_WITH_KNOTS((3,3),(0.,
5.838450169226E-02),.PIECEWISE_BEZIER_KNOTS.) CURVE() 
GEOMETRIC_REPRESENTATION_ITEM() RATIONAL_B_SPLINE_CURVE((1.,
0.999573936504,1.)) REPRESENTATION_ITEM('') );
#3409 = CARTESIAN_POINT('',(2.625922444182,-6.902841079061,7.));
#3410 = CARTESIAN_POINT('',(2.827489173315,-6.826162709681,7.));
#3411 = CARTESIAN_POINT('',(3.024238169307,-6.737853303608,7.));
#3412 = ORIENTED_EDGE('',*,*,#3413,.F.);
#3413 = EDGE_CURVE('',#538,#3406,#3414,.T.);
#3414 = LINE('',#3415,#3416);
#3415 = CARTESIAN_POINT('',(3.024238169307,-6.737853303608,0.));
#3416 = VECTOR('',#3417,1.);
#3417 = DIRECTION('',(0.,0.,1.));
#3418 = ORIENTED_EDGE('',*,*,#545,.F.);
#3419 = SURFACE_OF_LINEAR_EXTRUSION('',#3420,#3424);
#3420 = ( BOUNDED_CURVE() B_SPLINE_CURVE(2,(#3421,#3422,#3423),
.UNSPECIFIED.,.F.,.F.) B_SPLINE_CURVE_WITH_KNOTS((3,3),(0.,
5.838450169226E-02),.PIECEWISE_BEZIER_KNOTS.) CURVE() 
GEOMETRIC_REPRESENTATION_ITEM() RATIONAL_B_SPLINE_CURVE((1.,
0.999573936504,1.)) REPRESENTATION_ITEM('') );
#3421 = CARTESIAN_POINT('',(2.625922444182,-6.902841079061,0.));
#3422 = CARTESIAN_POINT('',(2.827489173315,-6.826162709681,0.));
#3423 = CARTESIAN_POINT('',(3.024238169307,-6.737853303608,0.));
#3424 = VECTOR('',#3425,1.);
#3425 = DIRECTION('',(-0.,-0.,-1.));
#3426 = ADVANCED_FACE('',(#3427),#3445,.F.);
#3427 = FACE_BOUND('',#3428,.F.);
#3428 = EDGE_LOOP('',(#3429,#3430,#3438,#3444));
#3429 = ORIENTED_EDGE('',*,*,#3413,.T.);
#3430 = ORIENTED_EDGE('',*,*,#3431,.T.);
#3431 = EDGE_CURVE('',#3406,#3432,#3434,.T.);
#3432 = VERTEX_POINT('',#3433);
#3433 = CARTESIAN_POINT('',(3.103203901767,-6.548175941677,7.));
#3434 = ( BOUNDED_CURVE() B_SPLINE_CURVE(2,(#3435,#3436,#3437),
.UNSPECIFIED.,.F.,.F.) B_SPLINE_CURVE_WITH_KNOTS((3,3),(0.,
1.508825302794),.PIECEWISE_BEZIER_KNOTS.) CURVE() 
GEOMETRIC_REPRESENTATION_ITEM() RATIONAL_B_SPLINE_CURVE((1.,
0.728673920883,1.)) REPRESENTATION_ITEM('') );
#3435 = CARTESIAN_POINT('',(3.024238169307,-6.737853303608,7.));
#3436 = CARTESIAN_POINT('',(3.152857332541,-6.680123494835,7.));
#3437 = CARTESIAN_POINT('',(3.103203901767,-6.548175941677,7.));
#3438 = ORIENTED_EDGE('',*,*,#3439,.F.);
#3439 = EDGE_CURVE('',#530,#3432,#3440,.T.);
#3440 = LINE('',#3441,#3442);
#3441 = CARTESIAN_POINT('',(3.103203901767,-6.548175941677,0.));
#3442 = VECTOR('',#3443,1.);
#3443 = DIRECTION('',(0.,0.,1.));
#3444 = ORIENTED_EDGE('',*,*,#537,.F.);
#3445 = SURFACE_OF_LINEAR_EXTRUSION('',#3446,#3450);
#3446 = ( BOUNDED_CURVE() B_SPLINE_CURVE(2,(#3447,#3448,#3449),
.UNSPECIFIED.,.F.,.F.) B_SPLINE_CURVE_WITH_KNOTS((3,3),(0.,
1.508825302794),.PIECEWISE_BEZIER_KNOTS.) CURVE() 
GEOMETRIC_REPRESENTATION_ITEM() RATIONAL_B_SPLINE_CURVE((1.,
0.728673920883,1.)) REPRESENTATION_ITEM('') );
#3447 = CARTESIAN_POINT('',(3.024238169307,-6.737853303608,0.));
#3448 = CARTESIAN_POINT('',(3.152857332541,-6.680123494835,0.));
#3449 = CARTESIAN_POINT('',(3.103203901767,-6.548175941677,0.));
#3450 = VECTOR('',#3451,1.);
#3451 = DIRECTION('',(-0.,-0.,-1.));
#3452 = ADVANCED_FACE('',(#3453),#3471,.F.);
#3453 = FACE_BOUND('',#3454,.F.);
#3454 = EDGE_LOOP('',(#3455,#3456,#3464,#3470));
#3455 = ORIENTED_EDGE('',*,*,#3439,.T.);
#3456 = ORIENTED_EDGE('',*,*,#3457,.T.);
#3457 = EDGE_CURVE('',#3432,#3458,#3460,.T.);
#3458 = VERTEX_POINT('',#3459);
#3459 = CARTESIAN_POINT('',(3.041577870969,-6.265920216685,7.));
#3460 = ( BOUNDED_CURVE() B_SPLINE_CURVE(2,(#3461,#3462,#3463),
.UNSPECIFIED.,.F.,.F.) B_SPLINE_CURVE_WITH_KNOTS((3,3),(0.,
0.289919229054),.PIECEWISE_BEZIER_KNOTS.) CURVE() 
GEOMETRIC_REPRESENTATION_ITEM() RATIONAL_B_SPLINE_CURVE((1.,
0.989511740461,1.)) REPRESENTATION_ITEM('') );
#3461 = CARTESIAN_POINT('',(3.103203901767,-6.548175941677,7.));
#3462 = CARTESIAN_POINT('',(3.051788535534,-6.411546273529,7.));
#3463 = CARTESIAN_POINT('',(3.041577870969,-6.265920216685,7.));
#3464 = ORIENTED_EDGE('',*,*,#3465,.F.);
#3465 = EDGE_CURVE('',#522,#3458,#3466,.T.);
#3466 = LINE('',#3467,#3468);
#3467 = CARTESIAN_POINT('',(3.041577870969,-6.265920216685,0.));
#3468 = VECTOR('',#3469,1.);
#3469 = DIRECTION('',(0.,0.,1.));
#3470 = ORIENTED_EDGE('',*,*,#529,.F.);
#3471 = SURFACE_OF_LINEAR_EXTRUSION('',#3472,#3476);
#3472 = ( BOUNDED_CURVE() B_SPLINE_CURVE(2,(#3473,#3474,#3475),
.UNSPECIFIED.,.F.,.F.) B_SPLINE_CURVE_WITH_KNOTS((3,3),(0.,
0.289919229054),.PIECEWISE_BEZIER_KNOTS.) CURVE() 
GEOMETRIC_REPRESENTATION_ITEM() RATIONAL_B_SPLINE_CURVE((1.,
0.989511740461,1.)) REPRESENTATION_ITEM('') );
#3473 = CARTESIAN_POINT('',(3.103203901767,-6.548175941677,0.));
#3474 = CARTESIAN_POINT('',(3.051788535534,-6.411546273529,0.));
#3475 = CARTESIAN_POINT('',(3.041577870969,-6.265920216685,0.));
#3476 = VECTOR('',#3477,1.);
#3477 = DIRECTION('',(-0.,-0.,-1.));
#3478 = ADVANCED_FACE('',(#3479),#3497,.F.);
#3479 = FACE_BOUND('',#3480,.F.);
#3480 = EDGE_LOOP('',(#3481,#3482,#3490,#3496));
#3481 = ORIENTED_EDGE('',*,*,#3465,.T.);
#3482 = ORIENTED_EDGE('',*,*,#3483,.T.);
#3483 = EDGE_CURVE('',#3458,#3484,#3486,.T.);
#3484 = VERTEX_POINT('',#3485);
#3485 = CARTESIAN_POINT('',(3.905657150251,-5.76704381219,7.));
#3486 = ( BOUNDED_CURVE() B_SPLINE_CURVE(2,(#3487,#3488,#3489),
.UNSPECIFIED.,.F.,.F.) B_SPLINE_CURVE_WITH_KNOTS((3,3),(0.,
2.234397261374),.PIECEWISE_BEZIER_KNOTS.) CURVE() 
GEOMETRIC_REPRESENTATION_ITEM() RATIONAL_B_SPLINE_CURVE((1.,
0.438202247191,1.)) REPRESENTATION_ITEM('') );
#3487 = CARTESIAN_POINT('',(3.041577870969,-6.265920216685,7.));
#3488 = CARTESIAN_POINT('',(2.961949403436,-5.1302468562,7.));
#3489 = CARTESIAN_POINT('',(3.905657150251,-5.76704381219,7.));
#3490 = ORIENTED_EDGE('',*,*,#3491,.F.);
#3491 = EDGE_CURVE('',#514,#3484,#3492,.T.);
#3492 = LINE('',#3493,#3494);
#3493 = CARTESIAN_POINT('',(3.905657150251,-5.76704381219,0.));
#3494 = VECTOR('',#3495,1.);
#3495 = DIRECTION('',(0.,0.,1.));
#3496 = ORIENTED_EDGE('',*,*,#521,.F.);
#3497 = SURFACE_OF_LINEAR_EXTRUSION('',#3498,#3502);
#3498 = ( BOUNDED_CURVE() B_SPLINE_CURVE(2,(#3499,#3500,#3501),
.UNSPECIFIED.,.F.,.F.) B_SPLINE_CURVE_WITH_KNOTS((3,3),(0.,
2.234397261374),.PIECEWISE_BEZIER_KNOTS.) CURVE() 
GEOMETRIC_REPRESENTATION_ITEM() RATIONAL_B_SPLINE_CURVE((1.,
0.438202247191,1.)) REPRESENTATION_ITEM('') );
#3499 = CARTESIAN_POINT('',(3.041577870969,-6.265920216685,0.));
#3500 = CARTESIAN_POINT('',(2.961949403436,-5.1302468562,0.));
#3501 = CARTESIAN_POINT('',(3.905657150251,-5.76704381219,0.));
#3502 = VECTOR('',#3503,1.);
#3503 = DIRECTION('',(-0.,-0.,-1.));
#3504 = ADVANCED_FACE('',(#3505),#3523,.F.);
#3505 = FACE_BOUND('',#3506,.F.);
#3506 = EDGE_LOOP('',(#3507,#3508,#3516,#3522));
#3507 = ORIENTED_EDGE('',*,*,#3491,.T.);
#3508 = ORIENTED_EDGE('',*,*,#3509,.T.);
#3509 = EDGE_CURVE('',#3484,#3510,#3512,.T.);
#3510 = VERTEX_POINT('',#3511);
#3511 = CARTESIAN_POINT('',(4.119284763059,-5.961541382891,7.));
#3512 = ( BOUNDED_CURVE() B_SPLINE_CURVE(2,(#3513,#3514,#3515),
.UNSPECIFIED.,.F.,.F.) B_SPLINE_CURVE_WITH_KNOTS((3,3),(0.,
0.289919229054),.PIECEWISE_BEZIER_KNOTS.) CURVE() 
GEOMETRIC_REPRESENTATION_ITEM() RATIONAL_B_SPLINE_CURVE((1.,
0.989511740461,1.)) REPRESENTATION_ITEM('') );
#3513 = CARTESIAN_POINT('',(3.905657150251,-5.76704381219,7.));
#3514 = CARTESIAN_POINT('',(4.026667682648,-5.848699535515,7.));
#3515 = CARTESIAN_POINT('',(4.119284763059,-5.961541382891,7.));
#3516 = ORIENTED_EDGE('',*,*,#3517,.F.);
#3517 = EDGE_CURVE('',#506,#3510,#3518,.T.);
#3518 = LINE('',#3519,#3520);
#3519 = CARTESIAN_POINT('',(4.119284763059,-5.961541382891,0.));
#3520 = VECTOR('',#3521,1.);
#3521 = DIRECTION('',(0.,0.,1.));
#3522 = ORIENTED_EDGE('',*,*,#513,.F.);
#3523 = SURFACE_OF_LINEAR_EXTRUSION('',#3524,#3528);
#3524 = ( BOUNDED_CURVE() B_SPLINE_CURVE(2,(#3525,#3526,#3527),
.UNSPECIFIED.,.F.,.F.) B_SPLINE_CURVE_WITH_KNOTS((3,3),(0.,
0.289919229054),.PIECEWISE_BEZIER_KNOTS.) CURVE() 
GEOMETRIC_REPRESENTATION_ITEM() RATIONAL_B_SPLINE_CURVE((1.,
0.989511740461,1.)) REPRESENTATION_ITEM('') );
#3525 = CARTESIAN_POINT('',(3.905657150251,-5.76704381219,0.));
#3526 = CARTESIAN_POINT('',(4.026667682648,-5.848699535515,0.));
#3527 = CARTESIAN_POINT('',(4.119284763059,-5.961541382891,0.));
#3528 = VECTOR('',#3529,1.);
#3529 = DIRECTION('',(-0.,-0.,-1.));
#3530 = ADVANCED_FACE('',(#3531),#3549,.F.);
#3531 = FACE_BOUND('',#3532,.F.);
#3532 = EDGE_LOOP('',(#3533,#3534,#3542,#3548));
#3533 = ORIENTED_EDGE('',*,*,#3517,.T.);
#3534 = ORIENTED_EDGE('',*,*,#3535,.T.);
#3535 = EDGE_CURVE('',#3510,#3536,#3538,.T.);
#3536 = VERTEX_POINT('',#3537);
#3537 = CARTESIAN_POINT('',(4.323033043244,-5.987993733518,7.));
#3538 = ( BOUNDED_CURVE() B_SPLINE_CURVE(2,(#3539,#3540,#3541),
.UNSPECIFIED.,.F.,.F.) B_SPLINE_CURVE_WITH_KNOTS((3,3),(0.,
1.508825302794),.PIECEWISE_BEZIER_KNOTS.) CURVE() 
GEOMETRIC_REPRESENTATION_ITEM() RATIONAL_B_SPLINE_CURVE((1.,
0.728673920883,1.)) REPRESENTATION_ITEM('') );
#3539 = CARTESIAN_POINT('',(4.119284763059,-5.961541382891,7.));
#3540 = CARTESIAN_POINT('',(4.208727980674,-6.070516291906,7.));
#3541 = CARTESIAN_POINT('',(4.323033043244,-5.987993733518,7.));
#3542 = ORIENTED_EDGE('',*,*,#3543,.F.);
#3543 = EDGE_CURVE('',#498,#3536,#3544,.T.);
#3544 = LINE('',#3545,#3546);
#3545 = CARTESIAN_POINT('',(4.323033043244,-5.987993733518,0.));
#3546 = VECTOR('',#3547,1.);
#3547 = DIRECTION('',(0.,0.,1.));
#3548 = ORIENTED_EDGE('',*,*,#505,.F.);
#3549 = SURFACE_OF_LINEAR_EXTRUSION('',#3550,#3554);
#3550 = ( BOUNDED_CURVE() B_SPLINE_CURVE(2,(#3551,#3552,#3553),
.UNSPECIFIED.,.F.,.F.) B_SPLINE_CURVE_WITH_KNOTS((3,3),(0.,
1.508825302794),.PIECEWISE_BEZIER_KNOTS.) CURVE() 
GEOMETRIC_REPRESENTATION_ITEM() RATIONAL_B_SPLINE_CURVE((1.,
0.728673920883,1.)) REPRESENTATION_ITEM('') );
#3551 = CARTESIAN_POINT('',(4.119284763059,-5.961541382891,0.));
#3552 = CARTESIAN_POINT('',(4.208727980674,-6.070516291906,0.));
#3553 = CARTESIAN_POINT('',(4.323033043244,-5.987993733518,0.));
#3554 = VECTOR('',#3555,1.);
#3555 = DIRECTION('',(-0.,-0.,-1.));
#3556 = ADVANCED_FACE('',(#3557),#3575,.F.);
#3557 = FACE_BOUND('',#3558,.F.);
#3558 = EDGE_LOOP('',(#3559,#3560,#3568,#3574));
#3559 = ORIENTED_EDGE('',*,*,#3543,.T.);
#3560 = ORIENTED_EDGE('',*,*,#3561,.T.);
#3561 = EDGE_CURVE('',#3536,#3562,#3564,.T.);
#3562 = VERTEX_POINT('',#3563);
#3563 = CARTESIAN_POINT('',(4.665074510663,-5.72553608456,7.));
#3564 = ( BOUNDED_CURVE() B_SPLINE_CURVE(2,(#3565,#3566,#3567),
.UNSPECIFIED.,.F.,.F.) B_SPLINE_CURVE_WITH_KNOTS((3,3),(0.,
5.838450169226E-02),.PIECEWISE_BEZIER_KNOTS.) CURVE() 
GEOMETRIC_REPRESENTATION_ITEM() RATIONAL_B_SPLINE_CURVE((1.,
0.999573936504,1.)) REPRESENTATION_ITEM('') );
#3565 = CARTESIAN_POINT('',(4.323033043244,-5.987993733518,7.));
#3566 = CARTESIAN_POINT('',(4.497885730292,-5.861758807857,7.));
#3567 = CARTESIAN_POINT('',(4.665074510663,-5.72553608456,7.));
#3568 = ORIENTED_EDGE('',*,*,#3569,.F.);
#3569 = EDGE_CURVE('',#490,#3562,#3570,.T.);
#3570 = LINE('',#3571,#3572);
#3571 = CARTESIAN_POINT('',(4.665074510663,-5.72553608456,0.));
#3572 = VECTOR('',#3573,1.);
#3573 = DIRECTION('',(0.,0.,1.));
#3574 = ORIENTED_EDGE('',*,*,#497,.F.);
#3575 = SURFACE_OF_LINEAR_EXTRUSION('',#3576,#3580);
#3576 = ( BOUNDED_CURVE() B_SPLINE_CURVE(2,(#3577,#3578,#3579),
.UNSPECIFIED.,.F.,.F.) B_SPLINE_CURVE_WITH_KNOTS((3,3),(0.,
5.838450169226E-02),.PIECEWISE_BEZIER_KNOTS.) CURVE() 
GEOMETRIC_REPRESENTATION_ITEM() RATIONAL_B_SPLINE_CURVE((1.,
0.999573936504,1.)) REPRESENTATION_ITEM('') );
#3577 = CARTESIAN_POINT('',(4.323033043244,-5.987993733518,0.));
#3578 = CARTESIAN_POINT('',(4.497885730292,-5.861758807857,0.));
#3579 = CARTESIAN_POINT('',(4.665074510663,-5.72553608456,0.));
#3580 = VECTOR('',#3581,1.);
#3581 = DIRECTION('',(-0.,-0.,-1.));
#3582 = ADVANCED_FACE('',(#3583),#3601,.F.);
#3583 = FACE_BOUND('',#3584,.F.);
#3584 = EDGE_LOOP('',(#3585,#3586,#3594,#3600));
#3585 = ORIENTED_EDGE('',*,*,#3569,.T.);
#3586 = ORIENTED_EDGE('',*,*,#3587,.T.);
#3587 = EDGE_CURVE('',#3562,#3588,#3590,.T.);
#3588 = VERTEX_POINT('',#3589);
#3589 = CARTESIAN_POINT('',(4.692257437345,-5.521883986536,7.));
#3590 = ( BOUNDED_CURVE() B_SPLINE_CURVE(2,(#3591,#3592,#3593),
.UNSPECIFIED.,.F.,.F.) B_SPLINE_CURVE_WITH_KNOTS((3,3),(0.,
1.508825302794),.PIECEWISE_BEZIER_KNOTS.) CURVE() 
GEOMETRIC_REPRESENTATION_ITEM() RATIONAL_B_SPLINE_CURVE((1.,
0.728673920883,1.)) REPRESENTATION_ITEM('') );
#3591 = CARTESIAN_POINT('',(4.665074510663,-5.72553608456,7.));
#3592 = CARTESIAN_POINT('',(4.774369508207,-5.636484282309,7.));
#3593 = CARTESIAN_POINT('',(4.692257437345,-5.521883986536,7.));
#3594 = ORIENTED_EDGE('',*,*,#3595,.F.);
#3595 = EDGE_CURVE('',#482,#3588,#3596,.T.);
#3596 = LINE('',#3597,#3598);
#3597 = CARTESIAN_POINT('',(4.692257437345,-5.521883986536,0.));
#3598 = VECTOR('',#3599,1.);
#3599 = DIRECTION('',(0.,0.,1.));
#3600 = ORIENTED_EDGE('',*,*,#489,.F.);
#3601 = SURFACE_OF_LINEAR_EXTRUSION('',#3602,#3606);
#3602 = ( BOUNDED_CURVE() B_SPLINE_CURVE(2,(#3603,#3604,#3605),
.UNSPECIFIED.,.F.,.F.) B_SPLINE_CURVE_WITH_KNOTS((3,3),(0.,
1.508825302794),.PIECEWISE_BEZIER_KNOTS.) CURVE() 
GEOMETRIC_REPRESENTATION_ITEM() RATIONAL_B_SPLINE_CURVE((1.,
0.728673920883,1.)) REPRESENTATION_ITEM('') );
#3603 = CARTESIAN_POINT('',(4.665074510663,-5.72553608456,0.));
#3604 = CARTESIAN_POINT('',(4.774369508207,-5.636484282309,0.));
#3605 = CARTESIAN_POINT('',(4.692257437345,-5.521883986536,0.));
#3606 = VECTOR('',#3607,1.);
#3607 = DIRECTION('',(-0.,-0.,-1.));
#3608 = ADVANCED_FACE('',(#3609),#3627,.F.);
#3609 = FACE_BOUND('',#3610,.F.);
#3610 = EDGE_LOOP('',(#3611,#3612,#3620,#3626));
#3611 = ORIENTED_EDGE('',*,*,#3595,.T.);
#3612 = ORIENTED_EDGE('',*,*,#3613,.T.);
#3613 = EDGE_CURVE('',#3588,#3614,#3616,.T.);
#3614 = VERTEX_POINT('',#3615);
#3615 = CARTESIAN_POINT('',(4.559678105409,-5.265195882593,7.));
#3616 = ( BOUNDED_CURVE() B_SPLINE_CURVE(2,(#3617,#3618,#3619),
.UNSPECIFIED.,.F.,.F.) B_SPLINE_CURVE_WITH_KNOTS((3,3),(0.,
0.289919229054),.PIECEWISE_BEZIER_KNOTS.) CURVE() 
GEOMETRIC_REPRESENTATION_ITEM() RATIONAL_B_SPLINE_CURVE((1.,
0.989511740461,1.)) REPRESENTATION_ITEM('') );
#3617 = CARTESIAN_POINT('',(4.692257437345,-5.521883986536,7.));
#3618 = CARTESIAN_POINT('',(4.607231646991,-5.403217137427,7.));
#3619 = CARTESIAN_POINT('',(4.559678105409,-5.265195882593,7.));
#3620 = ORIENTED_EDGE('',*,*,#3621,.F.);
#3621 = EDGE_CURVE('',#474,#3614,#3622,.T.);
#3622 = LINE('',#3623,#3624);
#3623 = CARTESIAN_POINT('',(4.559678105409,-5.265195882593,0.));
#3624 = VECTOR('',#3625,1.);
#3625 = DIRECTION('',(0.,0.,1.));
#3626 = ORIENTED_EDGE('',*,*,#481,.F.);
#3627 = SURFACE_OF_LINEAR_EXTRUSION('',#3628,#3632);
#3628 = ( BOUNDED_CURVE() B_SPLINE_CURVE(2,(#3629,#3630,#3631),
.UNSPECIFIED.,.F.,.F.) B_SPLINE_CURVE_WITH_KNOTS((3,3),(0.,
0.289919229054),.PIECEWISE_BEZIER_KNOTS.) CURVE() 
GEOMETRIC_REPRESENTATION_ITEM() RATIONAL_B_SPLINE_CURVE((1.,
0.989511740461,1.)) REPRESENTATION_ITEM('') );
#3629 = CARTESIAN_POINT('',(4.692257437345,-5.521883986536,0.));
#3630 = CARTESIAN_POINT('',(4.607231646991,-5.403217137427,0.));
#3631 = CARTESIAN_POINT('',(4.559678105409,-5.265195882593,0.));
#3632 = VECTOR('',#3633,1.);
#3633 = DIRECTION('',(-0.,-0.,-1.));
#3634 = ADVANCED_FACE('',(#3635),#3653,.F.);
#3635 = FACE_BOUND('',#3636,.F.);
#3636 = EDGE_LOOP('',(#3637,#3638,#3646,#3652));
#3637 = ORIENTED_EDGE('',*,*,#3621,.T.);
#3638 = ORIENTED_EDGE('',*,*,#3639,.T.);
#3639 = EDGE_CURVE('',#3614,#3640,#3642,.T.);
#3640 = VERTEX_POINT('',#3641);
#3641 = CARTESIAN_POINT('',(5.265195882593,-4.559678105409,7.));
#3642 = ( BOUNDED_CURVE() B_SPLINE_CURVE(2,(#3643,#3644,#3645),
.UNSPECIFIED.,.F.,.F.) B_SPLINE_CURVE_WITH_KNOTS((3,3),(0.,
2.234397261374),.PIECEWISE_BEZIER_KNOTS.) CURVE() 
GEOMETRIC_REPRESENTATION_ITEM() RATIONAL_B_SPLINE_CURVE((1.,
0.438202247191,1.)) REPRESENTATION_ITEM('') );
#3643 = CARTESIAN_POINT('',(4.559678105409,-5.265195882593,7.));
#3644 = CARTESIAN_POINT('',(4.188829017402,-4.188829017402,7.));
#3645 = CARTESIAN_POINT('',(5.265195882593,-4.559678105409,7.));
#3646 = ORIENTED_EDGE('',*,*,#3647,.F.);
#3647 = EDGE_CURVE('',#466,#3640,#3648,.T.);
#3648 = LINE('',#3649,#3650);
#3649 = CARTESIAN_POINT('',(5.265195882593,-4.559678105409,0.));
#3650 = VECTOR('',#3651,1.);
#3651 = DIRECTION('',(0.,0.,1.));
#3652 = ORIENTED_EDGE('',*,*,#473,.F.);
#3653 = SURFACE_OF_LINEAR_EXTRUSION('',#3654,#3658);
#3654 = ( BOUNDED_CURVE() B_SPLINE_CURVE(2,(#3655,#3656,#3657),
.UNSPECIFIED.,.F.,.F.) B_SPLINE_CURVE_WITH_KNOTS((3,3),(0.,
2.234397261374),.PIECEWISE_BEZIER_KNOTS.) CURVE() 
GEOMETRIC_REPRESENTATION_ITEM() RATIONAL_B_SPLINE_CURVE((1.,
0.438202247191,1.)) REPRESENTATION_ITEM('') );
#3655 = CARTESIAN_POINT('',(4.559678105409,-5.265195882593,0.));
#3656 = CARTESIAN_POINT('',(4.188829017402,-4.188829017402,0.));
#3657 = CARTESIAN_POINT('',(5.265195882593,-4.559678105409,0.));
#3658 = VECTOR('',#3659,1.);
#3659 = DIRECTION('',(-0.,-0.,-1.));
#3660 = ADVANCED_FACE('',(#3661),#3679,.F.);
#3661 = FACE_BOUND('',#3662,.F.);
#3662 = EDGE_LOOP('',(#3663,#3664,#3672,#3678));
#3663 = ORIENTED_EDGE('',*,*,#3647,.T.);
#3664 = ORIENTED_EDGE('',*,*,#3665,.T.);
#3665 = EDGE_CURVE('',#3640,#3666,#3668,.T.);
#3666 = VERTEX_POINT('',#3667);
#3667 = CARTESIAN_POINT('',(5.521883986536,-4.692257437345,7.));
#3668 = ( BOUNDED_CURVE() B_SPLINE_CURVE(2,(#3669,#3670,#3671),
.UNSPECIFIED.,.F.,.F.) B_SPLINE_CURVE_WITH_KNOTS((3,3),(0.,
0.289919229054),.PIECEWISE_BEZIER_KNOTS.) CURVE() 
GEOMETRIC_REPRESENTATION_ITEM() RATIONAL_B_SPLINE_CURVE((1.,
0.989511740461,1.)) REPRESENTATION_ITEM('') );
#3669 = CARTESIAN_POINT('',(5.265195882593,-4.559678105409,7.));
#3670 = CARTESIAN_POINT('',(5.403217137427,-4.607231646991,7.));
#3671 = CARTESIAN_POINT('',(5.521883986536,-4.692257437345,7.));
#3672 = ORIENTED_EDGE('',*,*,#3673,.F.);
#3673 = EDGE_CURVE('',#458,#3666,#3674,.T.);
#3674 = LINE('',#3675,#3676);
#3675 = CARTESIAN_POINT('',(5.521883986536,-4.692257437345,0.));
#3676 = VECTOR('',#3677,1.);
#3677 = DIRECTION('',(0.,0.,1.));
#3678 = ORIENTED_EDGE('',*,*,#465,.F.);
#3679 = SURFACE_OF_LINEAR_EXTRUSION('',#3680,#3684);
#3680 = ( BOUNDED_CURVE() B_SPLINE_CURVE(2,(#3681,#3682,#3683),
.UNSPECIFIED.,.F.,.F.) B_SPLINE_CURVE_WITH_KNOTS((3,3),(0.,
0.289919229054),.PIECEWISE_BEZIER_KNOTS.) CURVE() 
GEOMETRIC_REPRESENTATION_ITEM() RATIONAL_B_SPLINE_CURVE((1.,
0.989511740461,1.)) REPRESENTATION_ITEM('') );
#3681 = CARTESIAN_POINT('',(5.265195882593,-4.559678105409,0.));
#3682 = CARTESIAN_POINT('',(5.403217137427,-4.607231646991,0.));
#3683 = CARTESIAN_POINT('',(5.521883986536,-4.692257437345,0.));
#3684 = VECTOR('',#3685,1.);
#3685 = DIRECTION('',(-0.,-0.,-1.));
#3686 = ADVANCED_FACE('',(#3687),#3705,.F.);
#3687 = FACE_BOUND('',#3688,.F.);
#3688 = EDGE_LOOP('',(#3689,#3690,#3698,#3704));
#3689 = ORIENTED_EDGE('',*,*,#3673,.T.);
#3690 = ORIENTED_EDGE('',*,*,#3691,.T.);
#3691 = EDGE_CURVE('',#3666,#3692,#3694,.T.);
#3692 = VERTEX_POINT('',#3693);
#3693 = CARTESIAN_POINT('',(5.72553608456,-4.665074510663,7.));
#3694 = ( BOUNDED_CURVE() B_SPLINE_CURVE(2,(#3695,#3696,#3697),
.UNSPECIFIED.,.F.,.F.) B_SPLINE_CURVE_WITH_KNOTS((3,3),(0.,
1.508825302794),.PIECEWISE_BEZIER_KNOTS.) CURVE() 
GEOMETRIC_REPRESENTATION_ITEM() RATIONAL_B_SPLINE_CURVE((1.,
0.728673920883,1.)) REPRESENTATION_ITEM('') );
#3695 = CARTESIAN_POINT('',(5.521883986536,-4.692257437345,7.));
#3696 = CARTESIAN_POINT('',(5.636484282309,-4.774369508207,7.));
#3697 = CARTESIAN_POINT('',(5.72553608456,-4.665074510663,7.));
#3698 = ORIENTED_EDGE('',*,*,#3699,.F.);
#3699 = EDGE_CURVE('',#450,#3692,#3700,.T.);
#3700 = LINE('',#3701,#3702);
#3701 = CARTESIAN_POINT('',(5.72553608456,-4.665074510663,0.));
#3702 = VECTOR('',#3703,1.);
#3703 = DIRECTION('',(0.,0.,1.));
#3704 = ORIENTED_EDGE('',*,*,#457,.F.);
#3705 = SURFACE_OF_LINEAR_EXTRUSION('',#3706,#3710);
#3706 = ( BOUNDED_CURVE() B_SPLINE_CURVE(2,(#3707,#3708,#3709),
.UNSPECIFIED.,.F.,.F.) B_SPLINE_CURVE_WITH_KNOTS((3,3),(0.,
1.508825302794),.PIECEWISE_BEZIER_KNOTS.) CURVE() 
GEOMETRIC_REPRESENTATION_ITEM() RATIONAL_B_SPLINE_CURVE((1.,
0.728673920883,1.)) REPRESENTATION_ITEM('') );
#3707 = CARTESIAN_POINT('',(5.521883986536,-4.692257437345,0.));
#3708 = CARTESIAN_POINT('',(5.636484282309,-4.774369508207,0.));
#3709 = CARTESIAN_POINT('',(5.72553608456,-4.665074510663,0.));
#3710 = VECTOR('',#3711,1.);
#3711 = DIRECTION('',(-0.,-0.,-1.));
#3712 = ADVANCED_FACE('',(#3713),#3731,.F.);
#3713 = FACE_BOUND('',#3714,.F.);
#3714 = EDGE_LOOP('',(#3715,#3716,#3724,#3730));
#3715 = ORIENTED_EDGE('',*,*,#3699,.T.);
#3716 = ORIENTED_EDGE('',*,*,#3717,.T.);
#3717 = EDGE_CURVE('',#3692,#3718,#3720,.T.);
#3718 = VERTEX_POINT('',#3719);
#3719 = CARTESIAN_POINT('',(5.987993733518,-4.323033043244,7.));
#3720 = ( BOUNDED_CURVE() B_SPLINE_CURVE(2,(#3721,#3722,#3723),
.UNSPECIFIED.,.F.,.F.) B_SPLINE_CURVE_WITH_KNOTS((3,3),(0.,
5.838450169226E-02),.PIECEWISE_BEZIER_KNOTS.) CURVE() 
GEOMETRIC_REPRESENTATION_ITEM() RATIONAL_B_SPLINE_CURVE((1.,
0.999573936504,1.)) REPRESENTATION_ITEM('') );
#3721 = CARTESIAN_POINT('',(5.72553608456,-4.665074510663,7.));
#3722 = CARTESIAN_POINT('',(5.861758807857,-4.497885730292,7.));
#3723 = CARTESIAN_POINT('',(5.987993733518,-4.323033043244,7.));
#3724 = ORIENTED_EDGE('',*,*,#3725,.F.);
#3725 = EDGE_CURVE('',#442,#3718,#3726,.T.);
#3726 = LINE('',#3727,#3728);
#3727 = CARTESIAN_POINT('',(5.987993733518,-4.323033043244,0.));
#3728 = VECTOR('',#3729,1.);
#3729 = DIRECTION('',(0.,0.,1.));
#3730 = ORIENTED_EDGE('',*,*,#449,.F.);
#3731 = SURFACE_OF_LINEAR_EXTRUSION('',#3732,#3736);
#3732 = ( BOUNDED_CURVE() B_SPLINE_CURVE(2,(#3733,#3734,#3735),
.UNSPECIFIED.,.F.,.F.) B_SPLINE_CURVE_WITH_KNOTS((3,3),(0.,
5.838450169226E-02),.PIECEWISE_BEZIER_KNOTS.) CURVE() 
GEOMETRIC_REPRESENTATION_ITEM() RATIONAL_B_SPLINE_CURVE((1.,
0.999573936504,1.)) REPRESENTATION_ITEM('') );
#3733 = CARTESIAN_POINT('',(5.72553608456,-4.665074510663,0.));
#3734 = CARTESIAN_POINT('',(5.861758807857,-4.497885730292,0.));
#3735 = CARTESIAN_POINT('',(5.987993733518,-4.323033043244,0.));
#3736 = VECTOR('',#3737,1.);
#3737 = DIRECTION('',(-0.,-0.,-1.));
#3738 = ADVANCED_FACE('',(#3739),#3757,.F.);
#3739 = FACE_BOUND('',#3740,.F.);
#3740 = EDGE_LOOP('',(#3741,#3742,#3750,#3756));
#3741 = ORIENTED_EDGE('',*,*,#3725,.T.);
#3742 = ORIENTED_EDGE('',*,*,#3743,.T.);
#3743 = EDGE_CURVE('',#3718,#3744,#3746,.T.);
#3744 = VERTEX_POINT('',#3745);
#3745 = CARTESIAN_POINT('',(5.961541382891,-4.119284763059,7.));
#3746 = ( BOUNDED_CURVE() B_SPLINE_CURVE(2,(#3747,#3748,#3749),
.UNSPECIFIED.,.F.,.F.) B_SPLINE_CURVE_WITH_KNOTS((3,3),(0.,
1.508825302794),.PIECEWISE_BEZIER_KNOTS.) CURVE() 
GEOMETRIC_REPRESENTATION_ITEM() RATIONAL_B_SPLINE_CURVE((1.,
0.728673920883,1.)) REPRESENTATION_ITEM('') );
#3747 = CARTESIAN_POINT('',(5.987993733518,-4.323033043244,7.));
#3748 = CARTESIAN_POINT('',(6.070516291906,-4.208727980674,7.));
#3749 = CARTESIAN_POINT('',(5.961541382891,-4.119284763059,7.));
#3750 = ORIENTED_EDGE('',*,*,#3751,.F.);
#3751 = EDGE_CURVE('',#434,#3744,#3752,.T.);
#3752 = LINE('',#3753,#3754);
#3753 = CARTESIAN_POINT('',(5.961541382891,-4.119284763059,0.));
#3754 = VECTOR('',#3755,1.);
#3755 = DIRECTION('',(0.,0.,1.));
#3756 = ORIENTED_EDGE('',*,*,#441,.F.);
#3757 = SURFACE_OF_LINEAR_EXTRUSION('',#3758,#3762);
#3758 = ( BOUNDED_CURVE() B_SPLINE_CURVE(2,(#3759,#3760,#3761),
.UNSPECIFIED.,.F.,.F.) B_SPLINE_CURVE_WITH_KNOTS((3,3),(0.,
1.508825302794),.PIECEWISE_BEZIER_KNOTS.) CURVE() 
GEOMETRIC_REPRESENTATION_ITEM() RATIONAL_B_SPLINE_CURVE((1.,
0.728673920883,1.)) REPRESENTATION_ITEM('') );
#3759 = CARTESIAN_POINT('',(5.987993733518,-4.323033043244,0.));
#3760 = CARTESIAN_POINT('',(6.070516291906,-4.208727980674,0.));
#3761 = CARTESIAN_POINT('',(5.961541382891,-4.119284763059,0.));
#3762 = VECTOR('',#3763,1.);
#3763 = DIRECTION('',(-0.,-0.,-1.));
#3764 = ADVANCED_FACE('',(#3765),#3783,.F.);
#3765 = FACE_BOUND('',#3766,.F.);
#3766 = EDGE_LOOP('',(#3767,#3768,#3776,#3782));
#3767 = ORIENTED_EDGE('',*,*,#3751,.T.);
#3768 = ORIENTED_EDGE('',*,*,#3769,.T.);
#3769 = EDGE_CURVE('',#3744,#3770,#3772,.T.);
#3770 = VERTEX_POINT('',#3771);
#3771 = CARTESIAN_POINT('',(5.76704381219,-3.905657150251,7.));
#3772 = ( BOUNDED_CURVE() B_SPLINE_CURVE(2,(#3773,#3774,#3775),
.UNSPECIFIED.,.F.,.F.) B_SPLINE_CURVE_WITH_KNOTS((3,3),(0.,
0.289919229054),.PIECEWISE_BEZIER_KNOTS.) CURVE() 
GEOMETRIC_REPRESENTATION_ITEM() RATIONAL_B_SPLINE_CURVE((1.,
0.989511740461,1.)) REPRESENTATION_ITEM('') );
#3773 = CARTESIAN_POINT('',(5.961541382891,-4.119284763059,7.));
#3774 = CARTESIAN_POINT('',(5.848699535515,-4.026667682648,7.));
#3775 = CARTESIAN_POINT('',(5.76704381219,-3.905657150251,7.));
#3776 = ORIENTED_EDGE('',*,*,#3777,.F.);
#3777 = EDGE_CURVE('',#426,#3770,#3778,.T.);
#3778 = LINE('',#3779,#3780);
#3779 = CARTESIAN_POINT('',(5.76704381219,-3.905657150251,0.));
#3780 = VECTOR('',#3781,1.);
#3781 = DIRECTION('',(0.,0.,1.));
#3782 = ORIENTED_EDGE('',*,*,#433,.F.);
#3783 = SURFACE_OF_LINEAR_EXTRUSION('',#3784,#3788);
#3784 = ( BOUNDED_CURVE() B_SPLINE_CURVE(2,(#3785,#3786,#3787),
.UNSPECIFIED.,.F.,.F.) B_SPLINE_CURVE_WITH_KNOTS((3,3),(0.,
0.289919229054),.PIECEWISE_BEZIER_KNOTS.) CURVE() 
GEOMETRIC_REPRESENTATION_ITEM() RATIONAL_B_SPLINE_CURVE((1.,
0.989511740461,1.)) REPRESENTATION_ITEM('') );
#3785 = CARTESIAN_POINT('',(5.961541382891,-4.119284763059,0.));
#3786 = CARTESIAN_POINT('',(5.848699535515,-4.026667682648,0.));
#3787 = CARTESIAN_POINT('',(5.76704381219,-3.905657150251,0.));
#3788 = VECTOR('',#3789,1.);
#3789 = DIRECTION('',(-0.,-0.,-1.));
#3790 = ADVANCED_FACE('',(#3791),#3809,.F.);
#3791 = FACE_BOUND('',#3792,.F.);
#3792 = EDGE_LOOP('',(#3793,#3794,#3802,#3808));
#3793 = ORIENTED_EDGE('',*,*,#3777,.T.);
#3794 = ORIENTED_EDGE('',*,*,#3795,.T.);
#3795 = EDGE_CURVE('',#3770,#3796,#3798,.T.);
#3796 = VERTEX_POINT('',#3797);
#3797 = CARTESIAN_POINT('',(6.265920216685,-3.041577870969,7.));
#3798 = ( BOUNDED_CURVE() B_SPLINE_CURVE(2,(#3799,#3800,#3801),
.UNSPECIFIED.,.F.,.F.) B_SPLINE_CURVE_WITH_KNOTS((3,3),(0.,
2.234397261374),.PIECEWISE_BEZIER_KNOTS.) CURVE() 
GEOMETRIC_REPRESENTATION_ITEM() RATIONAL_B_SPLINE_CURVE((1.,
0.438202247191,1.)) REPRESENTATION_ITEM('') );
#3799 = CARTESIAN_POINT('',(5.76704381219,-3.905657150251,7.));
#3800 = CARTESIAN_POINT('',(5.1302468562,-2.961949403436,7.));
#3801 = CARTESIAN_POINT('',(6.265920216685,-3.041577870969,7.));
#3802 = ORIENTED_EDGE('',*,*,#3803,.F.);
#3803 = EDGE_CURVE('',#418,#3796,#3804,.T.);
#3804 = LINE('',#3805,#3806);
#3805 = CARTESIAN_POINT('',(6.265920216685,-3.041577870969,0.));
#3806 = VECTOR('',#3807,1.);
#3807 = DIRECTION('',(0.,0.,1.));
#3808 = ORIENTED_EDGE('',*,*,#425,.F.);
#3809 = SURFACE_OF_LINEAR_EXTRUSION('',#3810,#3814);
#3810 = ( BOUNDED_CURVE() B_SPLINE_CURVE(2,(#3811,#3812,#3813),
.UNSPECIFIED.,.F.,.F.) B_SPLINE_CURVE_WITH_KNOTS((3,3),(0.,
2.234397261374),.PIECEWISE_BEZIER_KNOTS.) CURVE() 
GEOMETRIC_REPRESENTATION_ITEM() RATIONAL_B_SPLINE_CURVE((1.,
0.438202247191,1.)) REPRESENTATION_ITEM('') );
#3811 = CARTESIAN_POINT('',(5.76704381219,-3.905657150251,0.));
#3812 = CARTESIAN_POINT('',(5.1302468562,-2.961949403436,0.));
#3813 = CARTESIAN_POINT('',(6.265920216685,-3.041577870969,0.));
#3814 = VECTOR('',#3815,1.);
#3815 = DIRECTION('',(-0.,-0.,-1.));
#3816 = ADVANCED_FACE('',(#3817),#3835,.F.);
#3817 = FACE_BOUND('',#3818,.F.);
#3818 = EDGE_LOOP('',(#3819,#3820,#3828,#3834));
#3819 = ORIENTED_EDGE('',*,*,#3803,.T.);
#3820 = ORIENTED_EDGE('',*,*,#3821,.T.);
#3821 = EDGE_CURVE('',#3796,#3822,#3824,.T.);
#3822 = VERTEX_POINT('',#3823);
#3823 = CARTESIAN_POINT('',(6.548175941677,-3.103203901767,7.));
#3824 = ( BOUNDED_CURVE() B_SPLINE_CURVE(2,(#3825,#3826,#3827),
.UNSPECIFIED.,.F.,.F.) B_SPLINE_CURVE_WITH_KNOTS((3,3),(0.,
0.289919229054),.PIECEWISE_BEZIER_KNOTS.) CURVE() 
GEOMETRIC_REPRESENTATION_ITEM() RATIONAL_B_SPLINE_CURVE((1.,
0.989511740461,1.)) REPRESENTATION_ITEM('') );
#3825 = CARTESIAN_POINT('',(6.265920216685,-3.041577870969,7.));
#3826 = CARTESIAN_POINT('',(6.411546273529,-3.051788535534,7.));
#3827 = CARTESIAN_POINT('',(6.548175941677,-3.103203901767,7.));
#3828 = ORIENTED_EDGE('',*,*,#3829,.F.);
#3829 = EDGE_CURVE('',#410,#3822,#3830,.T.);
#3830 = LINE('',#3831,#3832);
#3831 = CARTESIAN_POINT('',(6.548175941677,-3.103203901767,0.));
#3832 = VECTOR('',#3833,1.);
#3833 = DIRECTION('',(0.,0.,1.));
#3834 = ORIENTED_EDGE('',*,*,#417,.F.);
#3835 = SURFACE_OF_LINEAR_EXTRUSION('',#3836,#3840);
#3836 = ( BOUNDED_CURVE() B_SPLINE_CURVE(2,(#3837,#3838,#3839),
.UNSPECIFIED.,.F.,.F.) B_SPLINE_CURVE_WITH_KNOTS((3,3),(0.,
0.289919229054),.PIECEWISE_BEZIER_KNOTS.) CURVE() 
GEOMETRIC_REPRESENTATION_ITEM() RATIONAL_B_SPLINE_CURVE((1.,
0.989511740461,1.)) REPRESENTATION_ITEM('') );
#3837 = CARTESIAN_POINT('',(6.265920216685,-3.041577870969,0.));
#3838 = CARTESIAN_POINT('',(6.411546273529,-3.051788535534,0.));
#3839 = CARTESIAN_POINT('',(6.548175941677,-3.103203901767,0.));
#3840 = VECTOR('',#3841,1.);
#3841 = DIRECTION('',(-0.,-0.,-1.));
#3842 = ADVANCED_FACE('',(#3843),#3861,.F.);
#3843 = FACE_BOUND('',#3844,.F.);
#3844 = EDGE_LOOP('',(#3845,#3846,#3854,#3860));
#3845 = ORIENTED_EDGE('',*,*,#3829,.T.);
#3846 = ORIENTED_EDGE('',*,*,#3847,.T.);
#3847 = EDGE_CURVE('',#3822,#3848,#3850,.T.);
#3848 = VERTEX_POINT('',#3849);
#3849 = CARTESIAN_POINT('',(6.737853303608,-3.024238169307,7.));
#3850 = ( BOUNDED_CURVE() B_SPLINE_CURVE(2,(#3851,#3852,#3853),
.UNSPECIFIED.,.F.,.F.) B_SPLINE_CURVE_WITH_KNOTS((3,3),(0.,
1.508825302794),.PIECEWISE_BEZIER_KNOTS.) CURVE() 
GEOMETRIC_REPRESENTATION_ITEM() RATIONAL_B_SPLINE_CURVE((1.,
0.728673920883,1.)) REPRESENTATION_ITEM('') );
#3851 = CARTESIAN_POINT('',(6.548175941677,-3.103203901767,7.));
#3852 = CARTESIAN_POINT('',(6.680123494835,-3.152857332541,7.));
#3853 = CARTESIAN_POINT('',(6.737853303608,-3.024238169307,7.));
#3854 = ORIENTED_EDGE('',*,*,#3855,.F.);
#3855 = EDGE_CURVE('',#402,#3848,#3856,.T.);
#3856 = LINE('',#3857,#3858);
#3857 = CARTESIAN_POINT('',(6.737853303608,-3.024238169307,0.));
#3858 = VECTOR('',#3859,1.);
#3859 = DIRECTION('',(0.,0.,1.));
#3860 = ORIENTED_EDGE('',*,*,#409,.F.);
#3861 = SURFACE_OF_LINEAR_EXTRUSION('',#3862,#3866);
#3862 = ( BOUNDED_CURVE() B_SPLINE_CURVE(2,(#3863,#3864,#3865),
.UNSPECIFIED.,.F.,.F.) B_SPLINE_CURVE_WITH_KNOTS((3,3),(0.,
1.508825302794),.PIECEWISE_BEZIER_KNOTS.) CURVE() 
GEOMETRIC_REPRESENTATION_ITEM() RATIONAL_B_SPLINE_CURVE((1.,
0.728673920883,1.)) REPRESENTATION_ITEM('') );
#3863 = CARTESIAN_POINT('',(6.548175941677,-3.103203901767,0.));
#3864 = CARTESIAN_POINT('',(6.680123494835,-3.152857332541,0.));
#3865 = CARTESIAN_POINT('',(6.737853303608,-3.024238169307,0.));
#3866 = VECTOR('',#3867,1.);
#3867 = DIRECTION('',(-0.,-0.,-1.));
#3868 = ADVANCED_FACE('',(#3869),#3887,.F.);
#3869 = FACE_BOUND('',#3870,.F.);
#3870 = EDGE_LOOP('',(#3871,#3872,#3880,#3886));
#3871 = ORIENTED_EDGE('',*,*,#3855,.T.);
#3872 = ORIENTED_EDGE('',*,*,#3873,.T.);
#3873 = EDGE_CURVE('',#3848,#3874,#3876,.T.);
#3874 = VERTEX_POINT('',#3875);
#3875 = CARTESIAN_POINT('',(6.902841079061,-2.625922444182,7.));
#3876 = ( BOUNDED_CURVE() B_SPLINE_CURVE(2,(#3877,#3878,#3879),
.UNSPECIFIED.,.F.,.F.) B_SPLINE_CURVE_WITH_KNOTS((3,3),(0.,
5.838450169226E-02),.PIECEWISE_BEZIER_KNOTS.) CURVE() 
GEOMETRIC_REPRESENTATION_ITEM() RATIONAL_B_SPLINE_CURVE((1.,
0.999573936504,1.)) REPRESENTATION_ITEM('') );
#3877 = CARTESIAN_POINT('',(6.737853303608,-3.024238169307,7.));
#3878 = CARTESIAN_POINT('',(6.826162709681,-2.827489173315,7.));
#3879 = CARTESIAN_POINT('',(6.902841079061,-2.625922444182,7.));
#3880 = ORIENTED_EDGE('',*,*,#3881,.F.);
#3881 = EDGE_CURVE('',#394,#3874,#3882,.T.);
#3882 = LINE('',#3883,#3884);
#3883 = CARTESIAN_POINT('',(6.902841079061,-2.625922444182,0.));
#3884 = VECTOR('',#3885,1.);
#3885 = DIRECTION('',(0.,0.,1.));
#3886 = ORIENTED_EDGE('',*,*,#401,.F.);
#3887 = SURFACE_OF_LINEAR_EXTRUSION('',#3888,#3892);
#3888 = ( BOUNDED_CURVE() B_SPLINE_CURVE(2,(#3889,#3890,#3891),
.UNSPECIFIED.,.F.,.F.) B_SPLINE_CURVE_WITH_KNOTS((3,3),(0.,
5.838450169226E-02),.PIECEWISE_BEZIER_KNOTS.) CURVE() 
GEOMETRIC_REPRESENTATION_ITEM() RATIONAL_B_SPLINE_CURVE((1.,
0.999573936504,1.)) REPRESENTATION_ITEM('') );
#3889 = CARTESIAN_POINT('',(6.737853303608,-3.024238169307,0.));
#3890 = CARTESIAN_POINT('',(6.826162709681,-2.827489173315,0.));
#3891 = CARTESIAN_POINT('',(6.902841079061,-2.625922444182,0.));
#3892 = VECTOR('',#3893,1.);
#3893 = DIRECTION('',(-0.,-0.,-1.));
#3894 = ADVANCED_FACE('',(#3895),#3913,.F.);
#3895 = FACE_BOUND('',#3896,.F.);
#3896 = EDGE_LOOP('',(#3897,#3898,#3906,#3912));
#3897 = ORIENTED_EDGE('',*,*,#3881,.T.);
#3898 = ORIENTED_EDGE('',*,*,#3899,.T.);
#3899 = EDGE_CURVE('',#3874,#3900,#3902,.T.);
#3900 = VERTEX_POINT('',#3901);
#3901 = CARTESIAN_POINT('',(6.824556135106,-2.435963090418,7.));
#3902 = ( BOUNDED_CURVE() B_SPLINE_CURVE(2,(#3903,#3904,#3905),
.UNSPECIFIED.,.F.,.F.) B_SPLINE_CURVE_WITH_KNOTS((3,3),(0.,
1.508825302794),.PIECEWISE_BEZIER_KNOTS.) CURVE() 
GEOMETRIC_REPRESENTATION_ITEM() RATIONAL_B_SPLINE_CURVE((1.,
0.728673920883,1.)) REPRESENTATION_ITEM('') );
#3903 = CARTESIAN_POINT('',(6.902841079061,-2.625922444182,7.));
#3904 = CARTESIAN_POINT('',(6.952967422315,-2.494153822408,7.));
#3905 = CARTESIAN_POINT('',(6.824556135106,-2.435963090418,7.));
#3906 = ORIENTED_EDGE('',*,*,#3907,.F.);
#3907 = EDGE_CURVE('',#386,#3900,#3908,.T.);
#3908 = LINE('',#3909,#3910);
#3909 = CARTESIAN_POINT('',(6.824556135106,-2.435963090418,0.));
#3910 = VECTOR('',#3911,1.);
#3911 = DIRECTION('',(0.,0.,1.));
#3912 = ORIENTED_EDGE('',*,*,#393,.F.);
#3913 = SURFACE_OF_LINEAR_EXTRUSION('',#3914,#3918);
#3914 = ( BOUNDED_CURVE() B_SPLINE_CURVE(2,(#3915,#3916,#3917),
.UNSPECIFIED.,.F.,.F.) B_SPLINE_CURVE_WITH_KNOTS((3,3),(0.,
1.508825302794),.PIECEWISE_BEZIER_KNOTS.) CURVE() 
GEOMETRIC_REPRESENTATION_ITEM() RATIONAL_B_SPLINE_CURVE((1.,
0.728673920883,1.)) REPRESENTATION_ITEM('') );
#3915 = CARTESIAN_POINT('',(6.902841079061,-2.625922444182,0.));
#3916 = CARTESIAN_POINT('',(6.952967422315,-2.494153822408,0.));
#3917 = CARTESIAN_POINT('',(6.824556135106,-2.435963090418,0.));
#3918 = VECTOR('',#3919,1.);
#3919 = DIRECTION('',(-0.,-0.,-1.));
#3920 = ADVANCED_FACE('',(#3921),#3939,.F.);
#3921 = FACE_BOUND('',#3922,.F.);
#3922 = EDGE_LOOP('',(#3923,#3924,#3932,#3938));
#3923 = ORIENTED_EDGE('',*,*,#3907,.T.);
#3924 = ORIENTED_EDGE('',*,*,#3925,.T.);
#3925 = EDGE_CURVE('',#3900,#3926,#3928,.T.);
#3926 = VERTEX_POINT('',#3927);
#3927 = CARTESIAN_POINT('',(6.581395013661,-2.279954337522,7.));
#3928 = ( BOUNDED_CURVE() B_SPLINE_CURVE(2,(#3929,#3930,#3931),
.UNSPECIFIED.,.F.,.F.) B_SPLINE_CURVE_WITH_KNOTS((3,3),(0.,
0.289919229054),.PIECEWISE_BEZIER_KNOTS.) CURVE() 
GEOMETRIC_REPRESENTATION_ITEM() RATIONAL_B_SPLINE_CURVE((1.,
0.989511740461,1.)) REPRESENTATION_ITEM('') );
#3929 = CARTESIAN_POINT('',(6.824556135106,-2.435963090418,7.));
#3930 = CARTESIAN_POINT('',(6.691588216127,-2.37570747968,7.));
#3931 = CARTESIAN_POINT('',(6.581395013661,-2.279954337522,7.));
#3932 = ORIENTED_EDGE('',*,*,#3933,.F.);
#3933 = EDGE_CURVE('',#378,#3926,#3934,.T.);
#3934 = LINE('',#3935,#3936);
#3935 = CARTESIAN_POINT('',(6.581395013661,-2.279954337522,0.));
#3936 = VECTOR('',#3937,1.);
#3937 = DIRECTION('',(0.,0.,1.));
#3938 = ORIENTED_EDGE('',*,*,#385,.F.);
#3939 = SURFACE_OF_LINEAR_EXTRUSION('',#3940,#3944);
#3940 = ( BOUNDED_CURVE() B_SPLINE_CURVE(2,(#3941,#3942,#3943),
.UNSPECIFIED.,.F.,.F.) B_SPLINE_CURVE_WITH_KNOTS((3,3),(0.,
0.289919229054),.PIECEWISE_BEZIER_KNOTS.) CURVE() 
GEOMETRIC_REPRESENTATION_ITEM() RATIONAL_B_SPLINE_CURVE((1.,
0.989511740461,1.)) REPRESENTATION_ITEM('') );
#3941 = CARTESIAN_POINT('',(6.824556135106,-2.435963090418,0.));
#3942 = CARTESIAN_POINT('',(6.691588216127,-2.37570747968,0.));
#3943 = CARTESIAN_POINT('',(6.581395013661,-2.279954337522,0.));
#3944 = VECTOR('',#3945,1.);
#3945 = DIRECTION('',(-0.,-0.,-1.));
#3946 = ADVANCED_FACE('',(#3947),#4036,.F.);
#3947 = FACE_BOUND('',#3948,.F.);
#3948 = EDGE_LOOP('',(#3949,#3950,#3951,#3959,#3967,#4030));
#3949 = ORIENTED_EDGE('',*,*,#377,.F.);
#3950 = ORIENTED_EDGE('',*,*,#3933,.T.);
#3951 = ORIENTED_EDGE('',*,*,#3952,.T.);
#3952 = EDGE_CURVE('',#3926,#3953,#3955,.T.);
#3953 = VERTEX_POINT('',#3954);
#3954 = CARTESIAN_POINT('',(6.839632442932,-1.316199131068,7.));
#3955 = ( BOUNDED_CURVE() B_SPLINE_CURVE(2,(#3956,#3957,#3958),
.UNSPECIFIED.,.F.,.F.) B_SPLINE_CURVE_WITH_KNOTS((3,3),(0.,
2.234397261374),.PIECEWISE_BEZIER_KNOTS.) CURVE() 
GEOMETRIC_REPRESENTATION_ITEM() RATIONAL_B_SPLINE_CURVE((1.,
0.438202247191,1.)) REPRESENTATION_ITEM('') );
#3956 = CARTESIAN_POINT('',(6.581395013661,-2.279954337522,7.));
#3957 = CARTESIAN_POINT('',(5.722046849881,-1.533217832479,7.));
#3958 = CARTESIAN_POINT('',(6.839632442932,-1.316199131068,7.));
#3959 = ORIENTED_EDGE('',*,*,#3960,.F.);
#3960 = EDGE_CURVE('',#3961,#3953,#3963,.T.);
#3961 = VERTEX_POINT('',#3962);
#3962 = CARTESIAN_POINT('',(6.839632442932,-1.316199131068,
    4.409736141624));
#3963 = LINE('',#3964,#3965);
#3964 = CARTESIAN_POINT('',(6.839632442932,-1.316199131068,0.));
#3965 = VECTOR('',#3966,1.);
#3966 = DIRECTION('',(0.,0.,1.));
#3967 = ORIENTED_EDGE('',*,*,#3968,.T.);
#3968 = EDGE_CURVE('',#3961,#3969,#3971,.T.);
#3969 = VERTEX_POINT('',#3970);
#3970 = CARTESIAN_POINT('',(6.839632442932,-1.316199131068,
    2.590263858376));
#3971 = B_SPLINE_CURVE_WITH_KNOTS('',5,(#3972,#3973,#3974,#3975,#3976,
    #3977,#3978,#3979,#3980,#3981,#3982,#3983,#3984,#3985,#3986,#3987,
    #3988,#3989,#3990,#3991,#3992,#3993,#3994,#3995,#3996,#3997,#3998,
    #3999,#4000,#4001,#4002,#4003,#4004,#4005,#4006,#4007,#4008,#4009,
    #4010,#4011,#4012,#4013,#4014,#4015,#4016,#4017,#4018,#4019,#4020,
    #4021,#4022,#4023,#4024,#4025,#4026,#4027,#4028,#4029),
  .UNSPECIFIED.,.F.,.F.,(6,4,4,4,4,4,4,4,4,4,4,4,4,4,6),(0.,
    4.643282159535E-02,0.138528399297,0.22845845685,0.279910000041,
    0.338581222332,0.380526220061,0.501851274917,0.618633373377,
    0.661332859847,0.720408378526,0.771992392763,0.861982342517,
    0.953357382025,1.),.UNSPECIFIED.);
#3972 = CARTESIAN_POINT('',(6.839632442932,-1.316199131068,
    4.409736141624));
#3973 = CARTESIAN_POINT('',(6.826222829571,-1.318803080954,
    4.405968767304));
#3974 = CARTESIAN_POINT('',(6.812762730657,-1.321844740289,
    4.401539269094));
#3975 = CARTESIAN_POINT('',(6.799296105862,-1.325333081033,
    4.396414838178));
#3976 = CARTESIAN_POINT('',(6.785871572915,-1.329267307092,
    4.390567783507));
#3977 = CARTESIAN_POINT('',(6.746105134602,-1.342303481974,
    4.370900357616));
#3978 = CARTESIAN_POINT('',(6.720034820143,-1.35268380836,4.354890730374
    ));
#3979 = CARTESIAN_POINT('',(6.694761712473,-1.364689590749,
    4.335785582846));
#3980 = CARTESIAN_POINT('',(6.670714904549,-1.378043588685,
    4.313533097785));
#3981 = CARTESIAN_POINT('',(6.626204307072,-1.406270939291,
    4.263677437897));
#3982 = CARTESIAN_POINT('',(6.605660911547,-1.421107482455,
    4.236202994065));
#3983 = CARTESIAN_POINT('',(6.586846644561,-1.436448194519,
    4.206041831102));
#3984 = CARTESIAN_POINT('',(6.56984710717,-1.451849177308,4.173470499993
    ));
#3985 = CARTESIAN_POINT('',(6.545923555821,-1.475573418342,
    4.118991676081));
#3986 = CARTESIAN_POINT('',(6.537799597197,-1.484106584802,
    4.098481701943));
#3987 = CARTESIAN_POINT('',(6.530250799508,-1.492470787999,
    4.077345224816));
#3988 = CARTESIAN_POINT('',(6.523257344374,-1.500606314949,
    4.055640280682));
#3989 = CARTESIAN_POINT('',(6.509425204877,-1.517423178887,
    4.008083795694));
#3990 = CARTESIAN_POINT('',(6.502746012176,-1.526020830035,
    3.982078000488));
#3991 = CARTESIAN_POINT('',(6.496720236385,-1.53418289429,3.955482952637
    ));
#3992 = CARTESIAN_POINT('',(6.491303905516,-1.541851770759,
    3.928373066593));
#3993 = CARTESIAN_POINT('',(6.482989561436,-1.554081207924,
    3.881111246022));
#3994 = CARTESIAN_POINT('',(6.479813884881,-1.558904547002,
    3.861179174417));
#3995 = CARTESIAN_POINT('',(6.476913280014,-1.563436828649,
    3.841041684092));
#3996 = CARTESIAN_POINT('',(6.474273599412,-1.567664708527,3.82072135736
    ));
#3997 = CARTESIAN_POINT('',(6.464963929417,-1.58289584561,3.740995226169
    ));
#3998 = CARTESIAN_POINT('',(6.460122226807,-1.591577394267,
    3.680405907678));
#3999 = CARTESIAN_POINT('',(6.457042510633,-1.597370620894,
    3.618960988733));
#4000 = CARTESIAN_POINT('',(6.455547446365,-1.600175318531,
    3.557115713413));
#4001 = CARTESIAN_POINT('',(6.455738089627,-1.59981760315,3.435766580276
    ));
#4002 = CARTESIAN_POINT('',(6.457306743481,-1.596874739042,
    3.376273517488));
#4003 = CARTESIAN_POINT('',(6.460353559407,-1.591168843154,
    3.317174244968));
#4004 = CARTESIAN_POINT('',(6.465039578735,-1.582792501058,
    3.258875360491));
#4005 = CARTESIAN_POINT('',(6.474057759619,-1.568010862139,
    3.180950016448));
#4006 = CARTESIAN_POINT('',(6.476728460931,-1.563726231329,3.16025266351
    ));
#4007 = CARTESIAN_POINT('',(6.479668939819,-1.559125576661,
    3.139743804151));
#4008 = CARTESIAN_POINT('',(6.482894091213,-1.554222910991,
    3.119447226292));
#4009 = CARTESIAN_POINT('',(6.491298415041,-1.541858094538,
    3.071636494352));
#4010 = CARTESIAN_POINT('',(6.49675247441,-1.534135616033,3.044339952882
    ));
#4011 = CARTESIAN_POINT('',(6.502824503705,-1.525913200232,
    3.017565505225));
#4012 = CARTESIAN_POINT('',(6.509559418503,-1.51724969867,2.991389161912
    ));
#4013 = CARTESIAN_POINT('',(6.523487247985,-1.500336064529,2.94362824321
    ));
#4014 = CARTESIAN_POINT('',(6.530513716606,-1.492172901412,2.92188250837
    ));
#4015 = CARTESIAN_POINT('',(6.538098851803,-1.483781059676,
    2.900709368947));
#4016 = CARTESIAN_POINT('',(6.546262507216,-1.475220867726,
    2.880167348603));
#4017 = CARTESIAN_POINT('',(6.570274784239,-1.451454719841,
    2.825680398513));
#4018 = CARTESIAN_POINT('',(6.587323131595,-1.436042620869,2.79313528815
    ));
#4019 = CARTESIAN_POINT('',(6.606187997101,-1.420697437293,
    2.763008412015));
#4020 = CARTESIAN_POINT('',(6.626781660769,-1.405864230939,
    2.735575855605));
#4021 = CARTESIAN_POINT('',(6.671197117242,-1.377780151081,
    2.686031245395));
#4022 = CARTESIAN_POINT('',(6.695072588726,-1.364550725411,
    2.663998007616));
#4023 = CARTESIAN_POINT('',(6.720151230277,-1.352650686035,
    2.645062186387));
#4024 = CARTESIAN_POINT('',(6.746014119761,-1.342350007444,
    2.629173008848));
#4025 = CARTESIAN_POINT('',(6.785628871471,-1.329338494032,
    2.609538021833));
#4026 = CARTESIAN_POINT('',(6.799113500812,-1.325380408602,
    2.603654689247));
#4027 = CARTESIAN_POINT('',(6.812641050477,-1.321872242927,
    2.598500782968));
#4028 = CARTESIAN_POINT('',(6.826162220365,-1.318814850371,
    2.594048260597));
#4029 = CARTESIAN_POINT('',(6.839632442932,-1.316199131068,
    2.590263858376));
#4030 = ORIENTED_EDGE('',*,*,#4031,.F.);
#4031 = EDGE_CURVE('',#370,#3969,#4032,.T.);
#4032 = LINE('',#4033,#4034);
#4033 = CARTESIAN_POINT('',(6.839632442932,-1.316199131068,0.));
#4034 = VECTOR('',#4035,1.);
#4035 = DIRECTION('',(0.,0.,1.));
#4036 = SURFACE_OF_LINEAR_EXTRUSION('',#4037,#4041);
#4037 = ( BOUNDED_CURVE() B_SPLINE_CURVE(2,(#4038,#4039,#4040),
.UNSPECIFIED.,.F.,.F.) B_SPLINE_CURVE_WITH_KNOTS((3,3),(0.,
2.234397261374),.PIECEWISE_BEZIER_KNOTS.) CURVE() 
GEOMETRIC_REPRESENTATION_ITEM() RATIONAL_B_SPLINE_CURVE((1.,
0.438202247191,1.)) REPRESENTATION_ITEM('') );
#4038 = CARTESIAN_POINT('',(6.581395013661,-2.279954337522,0.));
#4039 = CARTESIAN_POINT('',(5.722046849881,-1.533217832479,0.));
#4040 = CARTESIAN_POINT('',(6.839632442932,-1.316199131068,0.));
#4041 = VECTOR('',#4042,1.);
#4042 = DIRECTION('',(-0.,-0.,-1.));
#4043 = ADVANCED_FACE('',(#4044),#4069,.F.);
#4044 = FACE_BOUND('',#4045,.F.);
#4045 = EDGE_LOOP('',(#4046,#4047,#4048,#4063));
#4046 = ORIENTED_EDGE('',*,*,#369,.F.);
#4047 = ORIENTED_EDGE('',*,*,#4031,.T.);
#4048 = ORIENTED_EDGE('',*,*,#4049,.F.);
#4049 = EDGE_CURVE('',#4050,#3969,#4052,.T.);
#4050 = VERTEX_POINT('',#4051);
#4051 = CARTESIAN_POINT('',(7.128220527764,-1.302672148569,
    2.570997700034));
#4052 = B_SPLINE_CURVE_WITH_KNOTS('',5,(#4053,#4054,#4055,#4056,#4057,
    #4058,#4059,#4060,#4061,#4062),.UNSPECIFIED.,.F.,.F.,(6,4,6),(0.,
    0.183278562123,1.),.UNSPECIFIED.);
#4053 = CARTESIAN_POINT('',(7.128220527764,-1.302672148569,
    2.570997700034));
#4054 = CARTESIAN_POINT('',(7.117658459511,-1.301632449923,
    2.569539806475));
#4055 = CARTESIAN_POINT('',(7.107060424141,-1.300730688959,
    2.568279649003));
#4056 = CARTESIAN_POINT('',(7.096432649711,-1.299968667389,
    2.567217423216));
#4057 = CARTESIAN_POINT('',(7.085781419571,-1.299347715701,
    2.566353285965));
#4058 = CARTESIAN_POINT('',(7.027573044885,-1.296734084624,
    2.562719851695));
#4059 = CARTESIAN_POINT('',(6.9796916999,-1.29741769159,2.563688800566)
  );
#4060 = CARTESIAN_POINT('',(6.932031668459,-1.300996347079,
    2.568601666666));
#4061 = CARTESIAN_POINT('',(6.885168316763,-1.307356733431,
    2.577470746667));
#4062 = CARTESIAN_POINT('',(6.839632442932,-1.316199131068,
    2.590263858376));
#4063 = ORIENTED_EDGE('',*,*,#4064,.F.);
#4064 = EDGE_CURVE('',#362,#4050,#4065,.T.);
#4065 = LINE('',#4066,#4067);
#4066 = CARTESIAN_POINT('',(7.128220527764,-1.302672148569,0.));
#4067 = VECTOR('',#4068,1.);
#4068 = DIRECTION('',(0.,0.,1.));
#4069 = SURFACE_OF_LINEAR_EXTRUSION('',#4070,#4074);
#4070 = ( BOUNDED_CURVE() B_SPLINE_CURVE(2,(#4071,#4072,#4073),
.UNSPECIFIED.,.F.,.F.) B_SPLINE_CURVE_WITH_KNOTS((3,3),(0.,
0.289919229054),.PIECEWISE_BEZIER_KNOTS.) CURVE() 
GEOMETRIC_REPRESENTATION_ITEM() RATIONAL_B_SPLINE_CURVE((1.,
0.989511740461,1.)) REPRESENTATION_ITEM('') );
#4071 = CARTESIAN_POINT('',(6.839632442932,-1.316199131068,0.));
#4072 = CARTESIAN_POINT('',(6.982939126671,-1.2883710787,0.));
#4073 = CARTESIAN_POINT('',(7.128220527764,-1.302672148569,0.));
#4074 = VECTOR('',#4075,1.);
#4075 = DIRECTION('',(-0.,-0.,-1.));
#4076 = ADVANCED_FACE('',(#4077),#4115,.F.);
#4077 = FACE_BOUND('',#4078,.F.);
#4078 = EDGE_LOOP('',(#4079,#4080,#4081,#4109));
#4079 = ORIENTED_EDGE('',*,*,#361,.F.);
#4080 = ORIENTED_EDGE('',*,*,#4064,.T.);
#4081 = ORIENTED_EDGE('',*,*,#4082,.F.);
#4082 = EDGE_CURVE('',#4083,#4050,#4085,.T.);
#4083 = VERTEX_POINT('',#4084);
#4084 = CARTESIAN_POINT('',(7.290996954845,-1.177304994502,
    2.416508906395));
#4085 = B_SPLINE_CURVE_WITH_KNOTS('',8,(#4086,#4087,#4088,#4089,#4090,
    #4091,#4092,#4093,#4094,#4095,#4096,#4097,#4098,#4099,#4100,#4101,
    #4102,#4103,#4104,#4105,#4106,#4107,#4108),.UNSPECIFIED.,.F.,.F.,(9,
    7,7,9),(0.,0.136766237147,0.763376299547,1.),.UNSPECIFIED.);
#4086 = CARTESIAN_POINT('',(7.290996954845,-1.177304994502,
    2.416508906395));
#4087 = CARTESIAN_POINT('',(7.290438493322,-1.180763521631,
    2.420266889535));
#4088 = CARTESIAN_POINT('',(7.289782371409,-1.184240479064,
    2.424072383301));
#4089 = CARTESIAN_POINT('',(7.289025999142,-1.187731662208,
    2.427921770754));
#4090 = CARTESIAN_POINT('',(7.28816708559,-1.191232643828,2.431810982598
    ));
#4091 = CARTESIAN_POINT('',(7.287203638854,-1.19473877405,2.435735497179
    ));
#4092 = CARTESIAN_POINT('',(7.286133966068,-1.198245180362,
    2.439690340483));
#4093 = CARTESIAN_POINT('',(7.284956673399,-1.201746767611,
    2.443670086139));
#4094 = CARTESIAN_POINT('',(7.277778677164,-1.22123469488,2.465989671429
    ));
#4095 = CARTESIAN_POINT('',(7.269603862547,-1.237023014157,
    2.484714502811));
#4096 = CARTESIAN_POINT('',(7.259044084132,-1.252098880792,
    2.503281402583));
#4097 = CARTESIAN_POINT('',(7.246158378647,-1.265877887785,
    2.520924838386));
#4098 = CARTESIAN_POINT('',(7.231227365931,-1.277766518411,
    2.536713887923));
#4099 = CARTESIAN_POINT('',(7.214785274345,-1.287296940467,
    2.549676682685));
#4100 = CARTESIAN_POINT('',(7.19750021153,-1.29426953854,2.559295609252)
  );
#4101 = CARTESIAN_POINT('',(7.173415914366,-1.300417871624,2.56784031116
    ));
#4102 = CARTESIAN_POINT('',(7.166786483466,-1.301745216807,
    2.569695268197));
#4103 = CARTESIAN_POINT('',(7.160164433273,-1.30271719387,2.571058867578
    ));
#4104 = CARTESIAN_POINT('',(7.153582827372,-1.303341957148,
    2.571937382183));
#4105 = CARTESIAN_POINT('',(7.147072192918,-1.303632237686,
    2.572345825527));
#4106 = CARTESIAN_POINT('',(7.14065991037,-1.303604391079,2.57230631973)
  );
#4107 = CARTESIAN_POINT('',(7.134369603227,-1.303277445305,
    2.571846463487));
#4108 = CARTESIAN_POINT('',(7.128220527764,-1.302672148569,
    2.570997700034));
#4109 = ORIENTED_EDGE('',*,*,#4110,.F.);
#4110 = EDGE_CURVE('',#354,#4083,#4111,.T.);
#4111 = LINE('',#4112,#4113);
#4112 = CARTESIAN_POINT('',(7.290996954845,-1.177304994502,0.));
#4113 = VECTOR('',#4114,1.);
#4114 = DIRECTION('',(0.,0.,1.));
#4115 = SURFACE_OF_LINEAR_EXTRUSION('',#4116,#4120);
#4116 = ( BOUNDED_CURVE() B_SPLINE_CURVE(2,(#4117,#4118,#4119),
.UNSPECIFIED.,.F.,.F.) B_SPLINE_CURVE_WITH_KNOTS((3,3),(0.,
1.508825302794),.PIECEWISE_BEZIER_KNOTS.) CURVE() 
GEOMETRIC_REPRESENTATION_ITEM() RATIONAL_B_SPLINE_CURVE((1.,
0.728673920883,1.)) REPRESENTATION_ITEM('') );
#4117 = CARTESIAN_POINT('',(7.128220527764,-1.302672148569,0.));
#4118 = CARTESIAN_POINT('',(7.268523330614,-1.316483140006,0.));
#4119 = CARTESIAN_POINT('',(7.290996954845,-1.177304994502,0.));
#4120 = VECTOR('',#4121,1.);
#4121 = DIRECTION('',(-0.,-0.,-1.));
#4122 = ADVANCED_FACE('',(#4123),#4148,.F.);
#4123 = FACE_BOUND('',#4124,.F.);
#4124 = EDGE_LOOP('',(#4125,#4126,#4127,#4142));
#4125 = ORIENTED_EDGE('',*,*,#353,.F.);
#4126 = ORIENTED_EDGE('',*,*,#4110,.T.);
#4127 = ORIENTED_EDGE('',*,*,#4128,.F.);
#4128 = EDGE_CURVE('',#4129,#4083,#4131,.T.);
#4129 = VERTEX_POINT('',#4130);
#4130 = CARTESIAN_POINT('',(7.347271212551,-0.74985957009,2.086596085634
    ));
#4131 = B_SPLINE_CURVE_WITH_KNOTS('',5,(#4132,#4133,#4134,#4135,#4136,
    #4137,#4138,#4139,#4140,#4141),.UNSPECIFIED.,.F.,.F.,(6,4,6),(0.,
    0.458938015393,1.),.UNSPECIFIED.);
#4132 = CARTESIAN_POINT('',(7.347271212551,-0.74985957009,2.086596085634
    ));
#4133 = CARTESIAN_POINT('',(7.342571056097,-0.795912625334,
    2.111028821284));
#4134 = CARTESIAN_POINT('',(7.337657953424,-0.840479761636,
    2.137076878334));
#4135 = CARTESIAN_POINT('',(7.332584225595,-0.883498678128,
    2.164604605508));
#4136 = CARTESIAN_POINT('',(7.327400091903,-0.924935873165,
    2.193482590486));
#4137 = CARTESIAN_POINT('',(7.315961832215,-1.011746302607,
    2.259098713382));
#4138 = CARTESIAN_POINT('',(7.309682415162,-1.056495689994,
    2.296317658123));
#4139 = CARTESIAN_POINT('',(7.303386334267,-1.099001699479,
    2.335065936352));
#4140 = CARTESIAN_POINT('',(7.297139203703,-1.139266323187,
    2.375176662884));
#4141 = CARTESIAN_POINT('',(7.290996954845,-1.177304994502,
    2.416508906395));
#4142 = ORIENTED_EDGE('',*,*,#4143,.F.);
#4143 = EDGE_CURVE('',#346,#4129,#4144,.T.);
#4144 = LINE('',#4145,#4146);
#4145 = CARTESIAN_POINT('',(7.347271212551,-0.74985957009,0.));
#4146 = VECTOR('',#4147,1.);
#4147 = DIRECTION('',(0.,0.,1.));
#4148 = SURFACE_OF_LINEAR_EXTRUSION('',#4149,#4153);
#4149 = ( BOUNDED_CURVE() B_SPLINE_CURVE(2,(#4150,#4151,#4152),
.UNSPECIFIED.,.F.,.F.) B_SPLINE_CURVE_WITH_KNOTS((3,3),(0.,
5.838450169226E-02),.PIECEWISE_BEZIER_KNOTS.) CURVE() 
GEOMETRIC_REPRESENTATION_ITEM() RATIONAL_B_SPLINE_CURVE((1.,
0.999573936504,1.)) REPRESENTATION_ITEM('') );
#4150 = CARTESIAN_POINT('',(7.290996954845,-1.177304994502,0.));
#4151 = CARTESIAN_POINT('',(7.325374903608,-0.964403901824,0.));
#4152 = CARTESIAN_POINT('',(7.347271212551,-0.74985957009,0.));
#4153 = VECTOR('',#4154,1.);
#4154 = DIRECTION('',(-0.,-0.,-1.));
#4155 = ADVANCED_FACE('',(#4156),#4258,.F.);
#4156 = FACE_BOUND('',#4157,.F.);
#4157 = EDGE_LOOP('',(#4158,#4159,#4160,#4168,#4176,#4184,#4192,#4217,
    #4227,#4252));
#4158 = ORIENTED_EDGE('',*,*,#345,.F.);
#4159 = ORIENTED_EDGE('',*,*,#4143,.T.);
#4160 = ORIENTED_EDGE('',*,*,#4161,.T.);
#4161 = EDGE_CURVE('',#4129,#4162,#4164,.T.);
#4162 = VERTEX_POINT('',#4163);
#4163 = CARTESIAN_POINT('',(7.347271212551,-0.74985957009,4.913403914366
    ));
#4164 = LINE('',#4165,#4166);
#4165 = CARTESIAN_POINT('',(7.347271212551,-0.74985957009,0.));
#4166 = VECTOR('',#4167,1.);
#4167 = DIRECTION('',(0.,0.,1.));
#4168 = ORIENTED_EDGE('',*,*,#4169,.T.);
#4169 = EDGE_CURVE('',#4162,#4170,#4172,.T.);
#4170 = VERTEX_POINT('',#4171);
#4171 = CARTESIAN_POINT('',(7.347271212551,-0.74985957009,7.));
#4172 = LINE('',#4173,#4174);
#4173 = CARTESIAN_POINT('',(7.347271212551,-0.74985957009,0.));
#4174 = VECTOR('',#4175,1.);
#4175 = DIRECTION('',(0.,0.,1.));
#4176 = ORIENTED_EDGE('',*,*,#4177,.T.);
#4177 = EDGE_CURVE('',#4170,#4178,#4180,.T.);
#4178 = VERTEX_POINT('',#4179);
#4179 = CARTESIAN_POINT('',(7.222488664825,-0.586634558785,7.));
#4180 = ( BOUNDED_CURVE() B_SPLINE_CURVE(2,(#4181,#4182,#4183),
.UNSPECIFIED.,.F.,.F.) B_SPLINE_CURVE_WITH_KNOTS((3,3),(0.,
1.508825302794),.PIECEWISE_BEZIER_KNOTS.) CURVE() 
GEOMETRIC_REPRESENTATION_ITEM() RATIONAL_B_SPLINE_CURVE((1.,
0.728673920883,1.)) REPRESENTATION_ITEM('') );
#4181 = CARTESIAN_POINT('',(7.347271212551,-0.74985957009,7.));
#4182 = CARTESIAN_POINT('',(7.361585313215,-0.609607202929,7.));
#4183 = CARTESIAN_POINT('',(7.222488664825,-0.586634558785,7.));
#4184 = ORIENTED_EDGE('',*,*,#4185,.F.);
#4185 = EDGE_CURVE('',#4186,#4178,#4188,.T.);
#4186 = VERTEX_POINT('',#4187);
#4187 = CARTESIAN_POINT('',(7.222488664825,-0.586634558785,
    4.988576465768));
#4188 = LINE('',#4189,#4190);
#4189 = CARTESIAN_POINT('',(7.222488664825,-0.586634558785,0.));
#4190 = VECTOR('',#4191,1.);
#4191 = DIRECTION('',(0.,0.,1.));
#4192 = ORIENTED_EDGE('',*,*,#4193,.T.);
#4193 = EDGE_CURVE('',#4186,#4194,#4196,.T.);
#4194 = VERTEX_POINT('',#4195);
#4195 = CARTESIAN_POINT('',(7.347271212551,-0.719399915116,
    4.929147914714));
#4196 = B_SPLINE_CURVE_WITH_KNOTS('',7,(#4197,#4198,#4199,#4200,#4201,
    #4202,#4203,#4204,#4205,#4206,#4207,#4208,#4209,#4210,#4211,#4212,
    #4213,#4214,#4215,#4216),.UNSPECIFIED.,.F.,.F.,(8,6,6,8),(0.,
    0.633145140078,0.931343736779,1.),.UNSPECIFIED.);
#4197 = CARTESIAN_POINT('',(7.222488664825,-0.586634558785,
    4.988576465768));
#4198 = CARTESIAN_POINT('',(7.238294632599,-0.589245008981,
    4.987547710891));
#4199 = CARTESIAN_POINT('',(7.254533599453,-0.593950334507,
    4.985687369546));
#4200 = CARTESIAN_POINT('',(7.270768994175,-0.601026282038,4.9828678125)
  );
#4201 = CARTESIAN_POINT('',(7.286412685129,-0.610633655056,
    4.978986236901));
#4202 = CARTESIAN_POINT('',(7.300728681888,-0.622667016926,
    4.973992447367));
#4203 = CARTESIAN_POINT('',(7.313125002935,-0.636668811127,
    4.967970194466));
#4204 = CARTESIAN_POINT('',(7.328045099323,-0.659292994509,
    4.957873681412));
#4205 = CARTESIAN_POINT('',(7.332322746994,-0.666842925245,
    4.954454186524));
#4206 = CARTESIAN_POINT('',(7.336065311929,-0.674637261955,
    4.950867093989));
#4207 = CARTESIAN_POINT('',(7.339251534847,-0.682608125031,
    4.947136744566));
#4208 = CARTESIAN_POINT('',(7.341873814104,-0.690685655538,
    4.943291045058));
#4209 = CARTESIAN_POINT('',(7.343937524048,-0.698802225063,
    4.939359878896));
#4210 = CARTESIAN_POINT('',(7.345810939961,-0.708760278303,
    4.934455709806));
#4211 = CARTESIAN_POINT('',(7.346132866544,-0.710622752007,
    4.933534965808));
#4212 = CARTESIAN_POINT('',(7.346426321841,-0.712483301693,
    4.932611660518));
#4213 = CARTESIAN_POINT('',(7.346691543275,-0.71434119033,4.931686163816
    ));
#4214 = CARTESIAN_POINT('',(7.346928796961,-0.716195708846,
    4.930758839652));
#4215 = CARTESIAN_POINT('',(7.347138377701,-0.718046176128,
    4.929830046051));
#4216 = CARTESIAN_POINT('',(7.347320608989,-0.719891939022,
    4.928900135115));
#4217 = ORIENTED_EDGE('',*,*,#4218,.T.);
#4218 = EDGE_CURVE('',#4194,#4219,#4221,.T.);
#4219 = VERTEX_POINT('',#4220);
#4220 = CARTESIAN_POINT('',(7.347271212551,-0.719399915116,
    2.070852085286));
#4221 = B_SPLINE_CURVE_WITH_KNOTS('',4,(#4222,#4223,#4224,#4225,#4226),
  .UNSPECIFIED.,.F.,.F.,(5,5),(0.,1.),.PIECEWISE_BEZIER_KNOTS.);
#4222 = CARTESIAN_POINT('',(7.347271212551,-0.719399915116,5.1));
#4223 = CARTESIAN_POINT('',(7.347271212551,-0.719399915116,4.3));
#4224 = CARTESIAN_POINT('',(7.347271212551,-0.719399915116,3.5));
#4225 = CARTESIAN_POINT('',(7.347271212551,-0.719399915116,2.7));
#4226 = CARTESIAN_POINT('',(7.347271212551,-0.719399915116,1.9));
#4227 = ORIENTED_EDGE('',*,*,#4228,.F.);
#4228 = EDGE_CURVE('',#4229,#4219,#4231,.T.);
#4229 = VERTEX_POINT('',#4230);
#4230 = CARTESIAN_POINT('',(7.222488664825,-0.586634558785,
    2.011423534232));
#4231 = B_SPLINE_CURVE_WITH_KNOTS('',7,(#4232,#4233,#4234,#4235,#4236,
    #4237,#4238,#4239,#4240,#4241,#4242,#4243,#4244,#4245,#4246,#4247,
    #4248,#4249,#4250,#4251),.UNSPECIFIED.,.F.,.F.,(8,6,6,8),(0.,
    0.633145140079,0.931343736779,1.),.UNSPECIFIED.);
#4232 = CARTESIAN_POINT('',(7.222488664825,-0.586634558785,
    2.011423534232));
#4233 = CARTESIAN_POINT('',(7.238294632599,-0.589245008981,
    2.012452289109));
#4234 = CARTESIAN_POINT('',(7.254533599453,-0.593950334507,
    2.014312630454));
#4235 = CARTESIAN_POINT('',(7.270768994175,-0.601026282038,2.0171321875)
  );
#4236 = CARTESIAN_POINT('',(7.286412685129,-0.610633655056,
    2.021013763099));
#4237 = CARTESIAN_POINT('',(7.300728681888,-0.622667016926,
    2.026007552633));
#4238 = CARTESIAN_POINT('',(7.313125002935,-0.636668811127,
    2.032029805534));
#4239 = CARTESIAN_POINT('',(7.328045099323,-0.659292994509,
    2.042126318588));
#4240 = CARTESIAN_POINT('',(7.332322746994,-0.666842925245,
    2.045545813476));
#4241 = CARTESIAN_POINT('',(7.336065311929,-0.674637261955,
    2.049132906011));
#4242 = CARTESIAN_POINT('',(7.339251534847,-0.682608125031,
    2.052863255434));
#4243 = CARTESIAN_POINT('',(7.341873814104,-0.690685655538,
    2.056708954942));
#4244 = CARTESIAN_POINT('',(7.343937524048,-0.698802225063,
    2.060640121104));
#4245 = CARTESIAN_POINT('',(7.345810939961,-0.708760278303,
    2.065544290194));
#4246 = CARTESIAN_POINT('',(7.346132866544,-0.710622752007,
    2.066465034192));
#4247 = CARTESIAN_POINT('',(7.346426321841,-0.712483301693,
    2.067388339482));
#4248 = CARTESIAN_POINT('',(7.346691543275,-0.71434119033,2.068313836184
    ));
#4249 = CARTESIAN_POINT('',(7.346928796961,-0.716195708846,
    2.069241160348));
#4250 = CARTESIAN_POINT('',(7.347138377701,-0.718046176128,
    2.070169953949));
#4251 = CARTESIAN_POINT('',(7.347320608989,-0.719891939022,
    2.071099864885));
#4252 = ORIENTED_EDGE('',*,*,#4253,.F.);
#4253 = EDGE_CURVE('',#338,#4229,#4254,.T.);
#4254 = LINE('',#4255,#4256);
#4255 = CARTESIAN_POINT('',(7.222488664825,-0.586634558785,0.));
#4256 = VECTOR('',#4257,1.);
#4257 = DIRECTION('',(0.,0.,1.));
#4258 = SURFACE_OF_LINEAR_EXTRUSION('',#4259,#4263);
#4259 = ( BOUNDED_CURVE() B_SPLINE_CURVE(2,(#4260,#4261,#4262),
.UNSPECIFIED.,.F.,.F.) B_SPLINE_CURVE_WITH_KNOTS((3,3),(0.,
1.508825302794),.PIECEWISE_BEZIER_KNOTS.) CURVE() 
GEOMETRIC_REPRESENTATION_ITEM() RATIONAL_B_SPLINE_CURVE((1.,
0.728673920883,1.)) REPRESENTATION_ITEM('') );
#4260 = CARTESIAN_POINT('',(7.347271212551,-0.74985957009,0.));
#4261 = CARTESIAN_POINT('',(7.361585313215,-0.609607202929,0.));
#4262 = CARTESIAN_POINT('',(7.222488664825,-0.586634558785,0.));
#4263 = VECTOR('',#4264,1.);
#4264 = DIRECTION('',(-0.,-0.,-1.));
#4265 = ADVANCED_FACE('',(#4266),#4287,.F.);
#4266 = FACE_BOUND('',#4267,.F.);
#4267 = EDGE_LOOP('',(#4268,#4269,#4270,#4281));
#4268 = ORIENTED_EDGE('',*,*,#337,.F.);
#4269 = ORIENTED_EDGE('',*,*,#4253,.T.);
#4270 = ORIENTED_EDGE('',*,*,#4271,.F.);
#4271 = EDGE_CURVE('',#4272,#4229,#4274,.T.);
#4272 = VERTEX_POINT('',#4273);
#4273 = CARTESIAN_POINT('',(6.94723502122,-0.498876404494,1.979762409017
    ));
#4274 = B_SPLINE_CURVE_WITH_KNOTS('',5,(#4275,#4276,#4277,#4278,#4279,
    #4280),.UNSPECIFIED.,.F.,.F.,(6,6),(0.,1.),
  .PIECEWISE_BEZIER_KNOTS.);
#4275 = CARTESIAN_POINT('',(6.94723502122,-0.498876404494,1.979762409017
    ));
#4276 = CARTESIAN_POINT('',(6.99962602805,-0.524417020324,1.988143737481
    ));
#4277 = CARTESIAN_POINT('',(7.053730718306,-0.546068772718,
    1.995843126634));
#4278 = CARTESIAN_POINT('',(7.109176945065,-0.563704163815,
    2.002472740705));
#4279 = CARTESIAN_POINT('',(7.165572300158,-0.577234480447,
    2.007719048144));
#4280 = CARTESIAN_POINT('',(7.222488664825,-0.586634558785,
    2.011423534232));
#4281 = ORIENTED_EDGE('',*,*,#4282,.F.);
#4282 = EDGE_CURVE('',#330,#4272,#4283,.T.);
#4283 = LINE('',#4284,#4285);
#4284 = CARTESIAN_POINT('',(6.94723502122,-0.498876404494,0.));
#4285 = VECTOR('',#4286,1.);
#4286 = DIRECTION('',(0.,0.,1.));
#4287 = SURFACE_OF_LINEAR_EXTRUSION('',#4288,#4292);
#4288 = ( BOUNDED_CURVE() B_SPLINE_CURVE(2,(#4289,#4290,#4291),
.UNSPECIFIED.,.F.,.F.) B_SPLINE_CURVE_WITH_KNOTS((3,3),(0.,
0.289919229054),.PIECEWISE_BEZIER_KNOTS.) CURVE() 
GEOMETRIC_REPRESENTATION_ITEM() RATIONAL_B_SPLINE_CURVE((1.,
0.989511740461,1.)) REPRESENTATION_ITEM('') );
#4289 = CARTESIAN_POINT('',(7.222488664825,-0.586634558785,0.));
#4290 = CARTESIAN_POINT('',(7.078456218183,-0.562846738014,0.));
#4291 = CARTESIAN_POINT('',(6.94723502122,-0.498876404494,0.));
#4292 = VECTOR('',#4293,1.);
#4293 = DIRECTION('',(-0.,-0.,-1.));
#4294 = ADVANCED_FACE('',(#4295),#4342,.F.);
#4295 = FACE_BOUND('',#4296,.F.);
#4296 = EDGE_LOOP('',(#4297,#4298,#4299,#4336));
#4297 = ORIENTED_EDGE('',*,*,#329,.F.);
#4298 = ORIENTED_EDGE('',*,*,#4282,.T.);
#4299 = ORIENTED_EDGE('',*,*,#4300,.F.);
#4300 = EDGE_CURVE('',#4301,#4272,#4303,.T.);
#4301 = VERTEX_POINT('',#4302);
#4302 = CARTESIAN_POINT('',(6.94723502122,0.498876404494,1.979762409017)
  );
#4303 = B_SPLINE_CURVE_WITH_KNOTS('',6,(#4304,#4305,#4306,#4307,#4308,
    #4309,#4310,#4311,#4312,#4313,#4314,#4315,#4316,#4317,#4318,#4319,
    #4320,#4321,#4322,#4323,#4324,#4325,#4326,#4327,#4328,#4329,#4330,
    #4331,#4332,#4333,#4334,#4335),.UNSPECIFIED.,.F.,.F.,(7,5,5,5,5,5,7)
  ,(0.,0.271320217274,0.354308272994,0.500000856385,0.645322086485,
    0.728309151794,1.),.UNSPECIFIED.);
#4304 = CARTESIAN_POINT('',(6.94723502122,0.498876404494,1.979762409017)
  );
#4305 = CARTESIAN_POINT('',(6.905001658414,0.478287640127,1.973006064613
    ));
#4306 = CARTESIAN_POINT('',(6.862824402143,0.452416457587,1.964886696979
    ));
#4307 = CARTESIAN_POINT('',(6.821670637589,0.420772939607,1.955594140626
    ));
#4308 = CARTESIAN_POINT('',(6.782767539948,0.383074917367,1.945572856279
    ));
#4309 = CARTESIAN_POINT('',(6.74756247276,0.339401246248,1.935618439831)
  );
#4310 = CARTESIAN_POINT('',(6.708273206653,0.275412667586,1.923808340484
    ));
#4311 = CARTESIAN_POINT('',(6.699550899989,0.259928866933,1.921127722969
    ));
#4312 = CARTESIAN_POINT('',(6.691349908938,0.243969246288,1.918557006083
    ));
#4313 = CARTESIAN_POINT('',(6.683711074502,0.22755996782,1.916120981616)
  );
#4314 = CARTESIAN_POINT('',(6.676673438742,0.210733642408,1.913843734879
    ));
#4315 = CARTESIAN_POINT('',(6.659035594576,0.163327091505,1.908067209011
    ));
#4316 = CARTESIAN_POINT('',(6.649759243719,0.131955517585,1.904943777537
    ));
#4317 = CARTESIAN_POINT('',(6.642641690475,9.963716132252E-02,
    1.902499480341));
#4318 = CARTESIAN_POINT('',(6.637838125385,6.665205830061E-02,
    1.90083257233));
#4319 = CARTESIAN_POINT('',(6.635437184088,3.33227157038E-02,
    1.899999970751));
#4320 = CARTESIAN_POINT('',(6.635437352522,-3.324058520937E-02,
    1.900000029176));
#4321 = CARTESIAN_POINT('',(6.637826237787,-6.648491298777E-02,
    1.900828451803));
#4322 = CARTESIAN_POINT('',(6.64260550072,-9.938765240588E-02,
    1.902486919877));
#4323 = CARTESIAN_POINT('',(6.649687419554,-0.131628677937,
    1.904919107046));
#4324 = CARTESIAN_POINT('',(6.658918322585,-0.16292983552,1.908027720118
    ));
#4325 = CARTESIAN_POINT('',(6.676488445203,-0.210282304458,
    1.913783752806));
#4326 = CARTESIAN_POINT('',(6.683512446513,-0.227117536887,
    1.916057334049));
#4327 = CARTESIAN_POINT('',(6.691138314132,-0.243536346126,
    1.918490110472));
#4328 = CARTESIAN_POINT('',(6.699327037379,-0.259506032929,
    1.921058011812));
#4329 = CARTESIAN_POINT('',(6.708037792399,-0.275000350532,
    1.923736250506));
#4330 = CARTESIAN_POINT('',(6.747322232722,-0.339102991407,
    1.935550491425));
#4331 = CARTESIAN_POINT('',(6.78255509592,-0.38286897934,1.945518116111)
  );
#4332 = CARTESIAN_POINT('',(6.821502111901,-0.420643322447,
    1.955556082306));
#4333 = CARTESIAN_POINT('',(6.862709263067,-0.452345823775,
    1.964864528827));
#4334 = CARTESIAN_POINT('',(6.904944009808,-0.478259536431,
    1.972996842192));
#4335 = CARTESIAN_POINT('',(6.94723502122,-0.498876404494,1.979762409017
    ));
#4336 = ORIENTED_EDGE('',*,*,#4337,.F.);
#4337 = EDGE_CURVE('',#322,#4301,#4338,.T.);
#4338 = LINE('',#4339,#4340);
#4339 = CARTESIAN_POINT('',(6.94723502122,0.498876404494,0.));
#4340 = VECTOR('',#4341,1.);
#4341 = DIRECTION('',(0.,0.,1.));
#4342 = SURFACE_OF_LINEAR_EXTRUSION('',#4343,#4347);
#4343 = ( BOUNDED_CURVE() B_SPLINE_CURVE(2,(#4344,#4345,#4346),
.UNSPECIFIED.,.F.,.F.) B_SPLINE_CURVE_WITH_KNOTS((3,3),(0.,
2.234397261374),.PIECEWISE_BEZIER_KNOTS.) CURVE() 
GEOMETRIC_REPRESENTATION_ITEM() RATIONAL_B_SPLINE_CURVE((1.,
0.438202247191,1.)) REPRESENTATION_ITEM('') );
#4344 = CARTESIAN_POINT('',(6.94723502122,-0.498876404494,0.));
#4345 = CARTESIAN_POINT('',(5.923898806873,-2.E-15,0.));
#4346 = CARTESIAN_POINT('',(6.94723502122,0.498876404494,0.));
#4347 = VECTOR('',#4348,1.);
#4348 = DIRECTION('',(-0.,-0.,-1.));
#4349 = ADVANCED_FACE('',(#4350),#4375,.F.);
#4350 = FACE_BOUND('',#4351,.F.);
#4351 = EDGE_LOOP('',(#4352,#4353,#4354,#4369));
#4352 = ORIENTED_EDGE('',*,*,#321,.F.);
#4353 = ORIENTED_EDGE('',*,*,#4337,.T.);
#4354 = ORIENTED_EDGE('',*,*,#4355,.F.);
#4355 = EDGE_CURVE('',#4356,#4301,#4358,.T.);
#4356 = VERTEX_POINT('',#4357);
#4357 = CARTESIAN_POINT('',(7.222488664825,0.586634558785,2.011423534232
    ));
#4358 = B_SPLINE_CURVE_WITH_KNOTS('',5,(#4359,#4360,#4361,#4362,#4363,
    #4364,#4365,#4366,#4367,#4368),.UNSPECIFIED.,.F.,.F.,(6,4,6),(0.,
    0.850960101648,1.),.UNSPECIFIED.);
#4359 = CARTESIAN_POINT('',(7.222488664825,0.586634558785,2.011423534232
    ));
#4360 = CARTESIAN_POINT('',(7.174055193134,0.578635481002,2.008271169826
    ));
#4361 = CARTESIAN_POINT('',(7.125998826884,0.567645593579,2.00400229334)
  );
#4362 = CARTESIAN_POINT('',(7.078583464917,0.553680144467,1.998714660864
    ));
#4363 = CARTESIAN_POINT('',(7.032054468621,0.536788430289,1.992587117155
    ));
#4364 = CARTESIAN_POINT('',(6.978691872853,0.513582726209,1.98466302762)
  );
#4365 = CARTESIAN_POINT('',(6.970773048096,0.510036556664,1.983463137418
    ));
#4366 = CARTESIAN_POINT('',(6.962889804735,0.506403174139,1.982245567744
    ));
#4367 = CARTESIAN_POINT('',(6.955043384634,0.502682981659,1.981011563452
    ));
#4368 = CARTESIAN_POINT('',(6.94723502122,0.498876404494,1.979762409017)
  );
#4369 = ORIENTED_EDGE('',*,*,#4370,.F.);
#4370 = EDGE_CURVE('',#314,#4356,#4371,.T.);
#4371 = LINE('',#4372,#4373);
#4372 = CARTESIAN_POINT('',(7.222488664825,0.586634558785,0.));
#4373 = VECTOR('',#4374,1.);
#4374 = DIRECTION('',(0.,0.,1.));
#4375 = SURFACE_OF_LINEAR_EXTRUSION('',#4376,#4380);
#4376 = ( BOUNDED_CURVE() B_SPLINE_CURVE(2,(#4377,#4378,#4379),
.UNSPECIFIED.,.F.,.F.) B_SPLINE_CURVE_WITH_KNOTS((3,3),(0.,
0.289919229054),.PIECEWISE_BEZIER_KNOTS.) CURVE() 
GEOMETRIC_REPRESENTATION_ITEM() RATIONAL_B_SPLINE_CURVE((1.,
0.989511740461,1.)) REPRESENTATION_ITEM('') );
#4377 = CARTESIAN_POINT('',(6.94723502122,0.498876404494,0.));
#4378 = CARTESIAN_POINT('',(7.078456218183,0.562846738014,0.));
#4379 = CARTESIAN_POINT('',(7.222488664825,0.586634558785,0.));
#4380 = VECTOR('',#4381,1.);
#4381 = DIRECTION('',(-0.,-0.,-1.));
#4382 = ADVANCED_FACE('',(#4383),#4473,.F.);
#4383 = FACE_BOUND('',#4384,.F.);
#4384 = EDGE_LOOP('',(#4385,#4386,#4387,#4406,#4416,#4435,#4443,#4451,
    #4459,#4467));
#4385 = ORIENTED_EDGE('',*,*,#313,.F.);
#4386 = ORIENTED_EDGE('',*,*,#4370,.T.);
#4387 = ORIENTED_EDGE('',*,*,#4388,.F.);
#4388 = EDGE_CURVE('',#4389,#4356,#4391,.T.);
#4389 = VERTEX_POINT('',#4390);
#4390 = CARTESIAN_POINT('',(7.347271212551,0.719399915116,2.070852085286
    ));
#4391 = B_SPLINE_CURVE_WITH_KNOTS('',7,(#4392,#4393,#4394,#4395,#4396,
    #4397,#4398,#4399,#4400,#4401,#4402,#4403,#4404,#4405),
  .UNSPECIFIED.,.F.,.F.,(8,6,8),(0.,0.368019082998,1.),.UNSPECIFIED.);
#4392 = CARTESIAN_POINT('',(7.347320608989,0.719891939022,2.071099864885
    ));
#4393 = CARTESIAN_POINT('',(7.346343798885,0.709998140915,2.066115285839
    ));
#4394 = CARTESIAN_POINT('',(7.344581023157,0.699968437182,2.061162447914
    ));
#4395 = CARTESIAN_POINT('',(7.341983243674,0.689906024747,2.056296815328
    ));
#4396 = CARTESIAN_POINT('',(7.338521441008,0.67993287866,2.051577103399)
  );
#4397 = CARTESIAN_POINT('',(7.334197427983,0.670181241857,2.047058824615
    ));
#4398 = CARTESIAN_POINT('',(7.329047247314,0.660782171271,2.042789459497
    ));
#4399 = CARTESIAN_POINT('',(7.312988042053,0.636514323776,2.031963370719
    ));
#4400 = CARTESIAN_POINT('',(7.300596925033,0.622556387786,2.025961639862
    ));
#4401 = CARTESIAN_POINT('',(7.286297501285,0.610562960192,2.02098520889)
  );
#4402 = CARTESIAN_POINT('',(7.270679355459,0.600987249843,2.017116629619
    ));
#4403 = CARTESIAN_POINT('',(7.254473834865,0.59393302454,2.014305788112)
  );
#4404 = CARTESIAN_POINT('',(7.238265559446,0.589240207376,2.012450396839
    ));
#4405 = CARTESIAN_POINT('',(7.222488664825,0.586634558785,2.011423534232
    ));
#4406 = ORIENTED_EDGE('',*,*,#4407,.F.);
#4407 = EDGE_CURVE('',#4408,#4389,#4410,.T.);
#4408 = VERTEX_POINT('',#4409);
#4409 = CARTESIAN_POINT('',(7.347271212551,0.719399915116,4.929147914714
    ));
#4410 = B_SPLINE_CURVE_WITH_KNOTS('',4,(#4411,#4412,#4413,#4414,#4415),
  .UNSPECIFIED.,.F.,.F.,(5,5),(0.,1.),.PIECEWISE_BEZIER_KNOTS.);
#4411 = CARTESIAN_POINT('',(7.347271212551,0.719399915116,5.1));
#4412 = CARTESIAN_POINT('',(7.347271212551,0.719399915116,4.3));
#4413 = CARTESIAN_POINT('',(7.347271212551,0.719399915116,3.5));
#4414 = CARTESIAN_POINT('',(7.347271212551,0.719399915116,2.7));
#4415 = CARTESIAN_POINT('',(7.347271212551,0.719399915116,1.9));
#4416 = ORIENTED_EDGE('',*,*,#4417,.T.);
#4417 = EDGE_CURVE('',#4408,#4418,#4420,.T.);
#4418 = VERTEX_POINT('',#4419);
#4419 = CARTESIAN_POINT('',(7.222488664825,0.586634558785,4.988576465768
    ));
#4420 = B_SPLINE_CURVE_WITH_KNOTS('',7,(#4421,#4422,#4423,#4424,#4425,
    #4426,#4427,#4428,#4429,#4430,#4431,#4432,#4433,#4434),
  .UNSPECIFIED.,.F.,.F.,(8,6,8),(0.,0.368019082998,1.),.UNSPECIFIED.);
#4421 = CARTESIAN_POINT('',(7.347320608989,0.719891939022,4.928900135115
    ));
#4422 = CARTESIAN_POINT('',(7.346343798885,0.709998140915,4.933884714161
    ));
#4423 = CARTESIAN_POINT('',(7.344581023157,0.699968437182,4.938837552086
    ));
#4424 = CARTESIAN_POINT('',(7.341983243674,0.689906024747,4.943703184672
    ));
#4425 = CARTESIAN_POINT('',(7.338521441008,0.67993287866,4.948422896601)
  );
#4426 = CARTESIAN_POINT('',(7.334197427983,0.670181241857,4.952941175385
    ));
#4427 = CARTESIAN_POINT('',(7.329047247314,0.660782171271,4.957210540503
    ));
#4428 = CARTESIAN_POINT('',(7.312988042053,0.636514323776,4.968036629281
    ));
#4429 = CARTESIAN_POINT('',(7.300596925033,0.622556387786,4.974038360138
    ));
#4430 = CARTESIAN_POINT('',(7.286297501285,0.610562960192,4.97901479111)
  );
#4431 = CARTESIAN_POINT('',(7.270679355459,0.600987249843,4.982883370381
    ));
#4432 = CARTESIAN_POINT('',(7.254473834865,0.59393302454,4.985694211888)
  );
#4433 = CARTESIAN_POINT('',(7.238265559446,0.589240207376,4.987549603161
    ));
#4434 = CARTESIAN_POINT('',(7.222488664825,0.586634558785,4.988576465768
    ));
#4435 = ORIENTED_EDGE('',*,*,#4436,.T.);
#4436 = EDGE_CURVE('',#4418,#4437,#4439,.T.);
#4437 = VERTEX_POINT('',#4438);
#4438 = CARTESIAN_POINT('',(7.222488664825,0.586634558785,7.));
#4439 = LINE('',#4440,#4441);
#4440 = CARTESIAN_POINT('',(7.222488664825,0.586634558785,0.));
#4441 = VECTOR('',#4442,1.);
#4442 = DIRECTION('',(0.,0.,1.));
#4443 = ORIENTED_EDGE('',*,*,#4444,.T.);
#4444 = EDGE_CURVE('',#4437,#4445,#4447,.T.);
#4445 = VERTEX_POINT('',#4446);
#4446 = CARTESIAN_POINT('',(7.347271212551,0.74985957009,7.));
#4447 = ( BOUNDED_CURVE() B_SPLINE_CURVE(2,(#4448,#4449,#4450),
.UNSPECIFIED.,.F.,.F.) B_SPLINE_CURVE_WITH_KNOTS((3,3),(0.,
1.508825302794),.PIECEWISE_BEZIER_KNOTS.) CURVE() 
GEOMETRIC_REPRESENTATION_ITEM() RATIONAL_B_SPLINE_CURVE((1.,
0.728673920883,1.)) REPRESENTATION_ITEM('') );
#4448 = CARTESIAN_POINT('',(7.222488664825,0.586634558785,7.));
#4449 = CARTESIAN_POINT('',(7.361585313215,0.609607202929,7.));
#4450 = CARTESIAN_POINT('',(7.347271212551,0.74985957009,7.));
#4451 = ORIENTED_EDGE('',*,*,#4452,.F.);
#4452 = EDGE_CURVE('',#4453,#4445,#4455,.T.);
#4453 = VERTEX_POINT('',#4454);
#4454 = CARTESIAN_POINT('',(7.347271212551,0.74985957009,4.913403914366)
  );
#4455 = LINE('',#4456,#4457);
#4456 = CARTESIAN_POINT('',(7.347271212551,0.74985957009,0.));
#4457 = VECTOR('',#4458,1.);
#4458 = DIRECTION('',(0.,0.,1.));
#4459 = ORIENTED_EDGE('',*,*,#4460,.F.);
#4460 = EDGE_CURVE('',#4461,#4453,#4463,.T.);
#4461 = VERTEX_POINT('',#4462);
#4462 = CARTESIAN_POINT('',(7.347271212551,0.74985957009,2.086596085634)
  );
#4463 = LINE('',#4464,#4465);
#4464 = CARTESIAN_POINT('',(7.347271212551,0.74985957009,0.));
#4465 = VECTOR('',#4466,1.);
#4466 = DIRECTION('',(0.,0.,1.));
#4467 = ORIENTED_EDGE('',*,*,#4468,.F.);
#4468 = EDGE_CURVE('',#306,#4461,#4469,.T.);
#4469 = LINE('',#4470,#4471);
#4470 = CARTESIAN_POINT('',(7.347271212551,0.74985957009,0.));
#4471 = VECTOR('',#4472,1.);
#4472 = DIRECTION('',(0.,0.,1.));
#4473 = SURFACE_OF_LINEAR_EXTRUSION('',#4474,#4478);
#4474 = ( BOUNDED_CURVE() B_SPLINE_CURVE(2,(#4475,#4476,#4477),
.UNSPECIFIED.,.F.,.F.) B_SPLINE_CURVE_WITH_KNOTS((3,3),(0.,
1.508825302794),.PIECEWISE_BEZIER_KNOTS.) CURVE() 
GEOMETRIC_REPRESENTATION_ITEM() RATIONAL_B_SPLINE_CURVE((1.,
0.728673920883,1.)) REPRESENTATION_ITEM('') );
#4475 = CARTESIAN_POINT('',(7.222488664825,0.586634558785,0.));
#4476 = CARTESIAN_POINT('',(7.361585313215,0.609607202929,0.));
#4477 = CARTESIAN_POINT('',(7.347271212551,0.74985957009,0.));
#4478 = VECTOR('',#4479,1.);
#4479 = DIRECTION('',(-0.,-0.,-1.));
#4480 = ADVANCED_FACE('',(#4481),#4506,.F.);
#4481 = FACE_BOUND('',#4482,.F.);
#4482 = EDGE_LOOP('',(#4483,#4484,#4485,#4500));
#4483 = ORIENTED_EDGE('',*,*,#305,.F.);
#4484 = ORIENTED_EDGE('',*,*,#4468,.T.);
#4485 = ORIENTED_EDGE('',*,*,#4486,.F.);
#4486 = EDGE_CURVE('',#4487,#4461,#4489,.T.);
#4487 = VERTEX_POINT('',#4488);
#4488 = CARTESIAN_POINT('',(7.290996954845,1.177304994502,2.416508906395
    ));
#4489 = B_SPLINE_CURVE_WITH_KNOTS('',5,(#4490,#4491,#4492,#4493,#4494,
    #4495,#4496,#4497,#4498,#4499),.UNSPECIFIED.,.F.,.F.,(6,4,6),(0.,
    0.543039568752,1.),.UNSPECIFIED.);
#4490 = CARTESIAN_POINT('',(7.290996954845,1.177304994502,2.416508906395
    ));
#4491 = CARTESIAN_POINT('',(7.297161653718,1.139127291255,2.375025592895
    ));
#4492 = CARTESIAN_POINT('',(7.303432001101,1.098707340651,2.334772749332
    ));
#4493 = CARTESIAN_POINT('',(7.30975145328,1.056029527651,2.295892841661)
  );
#4494 = CARTESIAN_POINT('',(7.316053635797,1.011091885744,2.258554695072
    ));
#4495 = CARTESIAN_POINT('',(7.327489433599,0.924221484938,2.192984999077
    ));
#4496 = CARTESIAN_POINT('',(7.33264980395,0.882942489381,2.164248840106)
  );
#4497 = CARTESIAN_POINT('',(7.3377002904,0.840095658377,2.136852427748)
  );
#4498 = CARTESIAN_POINT('',(7.342591309262,0.795714180848,2.110923539634
    ));
#4499 = CARTESIAN_POINT('',(7.347271212551,0.74985957009,2.086596085634)
  );
#4500 = ORIENTED_EDGE('',*,*,#4501,.F.);
#4501 = EDGE_CURVE('',#298,#4487,#4502,.T.);
#4502 = LINE('',#4503,#4504);
#4503 = CARTESIAN_POINT('',(7.290996954845,1.177304994502,0.));
#4504 = VECTOR('',#4505,1.);
#4505 = DIRECTION('',(0.,0.,1.));
#4506 = SURFACE_OF_LINEAR_EXTRUSION('',#4507,#4511);
#4507 = ( BOUNDED_CURVE() B_SPLINE_CURVE(2,(#4508,#4509,#4510),
.UNSPECIFIED.,.F.,.F.) B_SPLINE_CURVE_WITH_KNOTS((3,3),(0.,
5.838450169226E-02),.PIECEWISE_BEZIER_KNOTS.) CURVE() 
GEOMETRIC_REPRESENTATION_ITEM() RATIONAL_B_SPLINE_CURVE((1.,
0.999573936504,1.)) REPRESENTATION_ITEM('') );
#4508 = CARTESIAN_POINT('',(7.347271212551,0.74985957009,0.));
#4509 = CARTESIAN_POINT('',(7.325374903608,0.964403901824,0.));
#4510 = CARTESIAN_POINT('',(7.290996954845,1.177304994502,0.));
#4511 = VECTOR('',#4512,1.);
#4512 = DIRECTION('',(-0.,-0.,-1.));
#4513 = ADVANCED_FACE('',(#4514),#4552,.F.);
#4514 = FACE_BOUND('',#4515,.F.);
#4515 = EDGE_LOOP('',(#4516,#4517,#4518,#4546));
#4516 = ORIENTED_EDGE('',*,*,#297,.F.);
#4517 = ORIENTED_EDGE('',*,*,#4501,.T.);
#4518 = ORIENTED_EDGE('',*,*,#4519,.F.);
#4519 = EDGE_CURVE('',#4520,#4487,#4522,.T.);
#4520 = VERTEX_POINT('',#4521);
#4521 = CARTESIAN_POINT('',(7.128220527764,1.302672148569,2.570997700034
    ));
#4522 = B_SPLINE_CURVE_WITH_KNOTS('',8,(#4523,#4524,#4525,#4526,#4527,
    #4528,#4529,#4530,#4531,#4532,#4533,#4534,#4535,#4536,#4537,#4538,
    #4539,#4540,#4541,#4542,#4543,#4544,#4545),.UNSPECIFIED.,.F.,.F.,(9,
    7,7,9),(0.,0.23687239569,0.863476368797,1.),.UNSPECIFIED.);
#4523 = CARTESIAN_POINT('',(7.128220527764,1.302672148569,2.570997700034
    ));
#4524 = CARTESIAN_POINT('',(7.13437606679,1.303278081559,2.571847355659)
  );
#4525 = CARTESIAN_POINT('',(7.140673134435,1.303605078355,2.572307286915
    ));
#4526 = CARTESIAN_POINT('',(7.147092414434,1.303632324674,2.57234594935)
  );
#4527 = CARTESIAN_POINT('',(7.153610203717,1.303340734371,2.571935661461
    ));
#4528 = CARTESIAN_POINT('',(7.160199026682,1.302713906227,2.57105424406)
  );
#4529 = CARTESIAN_POINT('',(7.166828249448,1.301739080736,2.569686659649
    ));
#4530 = CARTESIAN_POINT('',(7.173464694116,1.3004080969,2.567826651783)
  );
#4531 = CARTESIAN_POINT('',(7.197555025304,1.294248420223,2.55926645907)
  );
#4532 = CARTESIAN_POINT('',(7.214837840836,1.287268819302,2.549638328993
    ));
#4533 = CARTESIAN_POINT('',(7.23127611337,1.277731825691,2.536667461261)
  );
#4534 = CARTESIAN_POINT('',(7.24620195182,1.265837578463,2.520872348951)
  );
#4535 = CARTESIAN_POINT('',(7.259081580331,1.252054257878,2.503225148116
    ));
#4536 = CARTESIAN_POINT('',(7.26963485477,1.236975480524,2.484656535846)
  );
#4537 = CARTESIAN_POINT('',(7.277803149808,1.221185581278,2.465931683483
    ));
#4538 = CARTESIAN_POINT('',(7.284971282178,1.201703297213,2.443620681304
    ));
#4539 = CARTESIAN_POINT('',(7.286145343721,1.198207868975,2.439648258481
    ));
#4540 = CARTESIAN_POINT('',(7.287212178923,1.194707683622,2.43570069768)
  );
#4541 = CARTESIAN_POINT('',(7.288173176555,1.19120780787,2.431783393281)
  );
#4542 = CARTESIAN_POINT('',(7.289030022187,1.187713087273,2.427901290494
    ));
#4543 = CARTESIAN_POINT('',(7.289784698193,1.184228146221,2.424058885363
    ));
#4544 = CARTESIAN_POINT('',(7.290439483752,1.180757387942,2.420260224762
    ));
#4545 = CARTESIAN_POINT('',(7.290996954845,1.177304994502,2.416508906395
    ));
#4546 = ORIENTED_EDGE('',*,*,#4547,.F.);
#4547 = EDGE_CURVE('',#290,#4520,#4548,.T.);
#4548 = LINE('',#4549,#4550);
#4549 = CARTESIAN_POINT('',(7.128220527764,1.302672148569,0.));
#4550 = VECTOR('',#4551,1.);
#4551 = DIRECTION('',(0.,0.,1.));
#4552 = SURFACE_OF_LINEAR_EXTRUSION('',#4553,#4557);
#4553 = ( BOUNDED_CURVE() B_SPLINE_CURVE(2,(#4554,#4555,#4556),
.UNSPECIFIED.,.F.,.F.) B_SPLINE_CURVE_WITH_KNOTS((3,3),(0.,
1.508825302794),.PIECEWISE_BEZIER_KNOTS.) CURVE() 
GEOMETRIC_REPRESENTATION_ITEM() RATIONAL_B_SPLINE_CURVE((1.,
0.728673920883,1.)) REPRESENTATION_ITEM('') );
#4554 = CARTESIAN_POINT('',(7.290996954845,1.177304994502,0.));
#4555 = CARTESIAN_POINT('',(7.268523330614,1.316483140006,0.));
#4556 = CARTESIAN_POINT('',(7.128220527764,1.302672148569,0.));
#4557 = VECTOR('',#4558,1.);
#4558 = DIRECTION('',(-0.,-0.,-1.));
#4559 = ADVANCED_FACE('',(#4560),#4585,.F.);
#4560 = FACE_BOUND('',#4561,.F.);
#4561 = EDGE_LOOP('',(#4562,#4563,#4564,#4579));
#4562 = ORIENTED_EDGE('',*,*,#289,.F.);
#4563 = ORIENTED_EDGE('',*,*,#4547,.T.);
#4564 = ORIENTED_EDGE('',*,*,#4565,.F.);
#4565 = EDGE_CURVE('',#4566,#4520,#4568,.T.);
#4566 = VERTEX_POINT('',#4567);
#4567 = CARTESIAN_POINT('',(6.839632442932,1.316199131068,2.590263858376
    ));
#4568 = B_SPLINE_CURVE_WITH_KNOTS('',5,(#4569,#4570,#4571,#4572,#4573,
    #4574,#4575,#4576,#4577,#4578),.UNSPECIFIED.,.F.,.F.,(6,4,6),(0.,
    0.816305636542,1.),.UNSPECIFIED.);
#4569 = CARTESIAN_POINT('',(6.839632442932,1.316199131068,2.590263858376
    ));
#4570 = CARTESIAN_POINT('',(6.885145133722,1.307361235237,2.577477259845
    ));
#4571 = CARTESIAN_POINT('',(6.931983951215,1.30100282415,2.568610697221)
  );
#4572 = CARTESIAN_POINT('',(6.979618908647,1.297423159167,2.563696309181
    ));
#4573 = CARTESIAN_POINT('',(7.027475538642,1.296735481491,2.562721829889
    ));
#4574 = CARTESIAN_POINT('',(7.08568476097,1.299342085041,2.566345450189)
  );
#4575 = CARTESIAN_POINT('',(7.09636031546,1.299963483144,2.56721019665)
  );
#4576 = CARTESIAN_POINT('',(7.107012336365,1.300726598012,2.568273932184
    ));
#4577 = CARTESIAN_POINT('',(7.117634497346,1.301630091159,2.569536498952
    ));
#4578 = CARTESIAN_POINT('',(7.128220527764,1.302672148569,2.570997700034
    ));
#4579 = ORIENTED_EDGE('',*,*,#4580,.F.);
#4580 = EDGE_CURVE('',#282,#4566,#4581,.T.);
#4581 = LINE('',#4582,#4583);
#4582 = CARTESIAN_POINT('',(6.839632442932,1.316199131068,0.));
#4583 = VECTOR('',#4584,1.);
#4584 = DIRECTION('',(0.,0.,1.));
#4585 = SURFACE_OF_LINEAR_EXTRUSION('',#4586,#4590);
#4586 = ( BOUNDED_CURVE() B_SPLINE_CURVE(2,(#4587,#4588,#4589),
.UNSPECIFIED.,.F.,.F.) B_SPLINE_CURVE_WITH_KNOTS((3,3),(0.,
0.289919229054),.PIECEWISE_BEZIER_KNOTS.) CURVE() 
GEOMETRIC_REPRESENTATION_ITEM() RATIONAL_B_SPLINE_CURVE((1.,
0.989511740461,1.)) REPRESENTATION_ITEM('') );
#4587 = CARTESIAN_POINT('',(7.128220527764,1.302672148569,0.));
#4588 = CARTESIAN_POINT('',(6.982939126671,1.2883710787,0.));
#4589 = CARTESIAN_POINT('',(6.839632442932,1.316199131068,0.));
#4590 = VECTOR('',#4591,1.);
#4591 = DIRECTION('',(-0.,-0.,-1.));
#4592 = ADVANCED_FACE('',(#4593),#4703,.F.);
#4593 = FACE_BOUND('',#4594,.F.);
#4594 = EDGE_LOOP('',(#4595,#4596,#4597,#4644,#4681,#4689,#4697));
#4595 = ORIENTED_EDGE('',*,*,#281,.F.);
#4596 = ORIENTED_EDGE('',*,*,#4580,.T.);
#4597 = ORIENTED_EDGE('',*,*,#4598,.T.);
#4598 = EDGE_CURVE('',#4566,#4599,#4601,.T.);
#4599 = VERTEX_POINT('',#4600);
#4600 = CARTESIAN_POINT('',(6.455640881876,1.6,3.5));
#4601 = B_SPLINE_CURVE_WITH_KNOTS('',6,(#4602,#4603,#4604,#4605,#4606,
    #4607,#4608,#4609,#4610,#4611,#4612,#4613,#4614,#4615,#4616,#4617,
    #4618,#4619,#4620,#4621,#4622,#4623,#4624,#4625,#4626,#4627,#4628,
    #4629,#4630,#4631,#4632,#4633,#4634,#4635,#4636,#4637,#4638,#4639,
    #4640,#4641,#4642,#4643),.UNSPECIFIED.,.F.,.F.,(7,5,5,5,5,5,5,5,7),(
    0.,9.284254890857E-02,0.276987898754,0.456803285368,0.559680781307,
    0.837594817273,0.920955064367,0.959595651943,1.),.UNSPECIFIED.);
#4602 = CARTESIAN_POINT('',(6.839632442932,1.316199131068,2.590263858376
    ));
#4603 = CARTESIAN_POINT('',(6.828457765132,1.318369089306,2.593403336976
    ));
#4604 = CARTESIAN_POINT('',(6.817249430295,1.320830853844,2.596984231503
    ));
#4605 = CARTESIAN_POINT('',(6.80602941826,1.323588910661,2.601022946364)
  );
#4606 = CARTESIAN_POINT('',(6.794821261546,1.32664448972,2.605534180046)
  );
#4607 = CARTESIAN_POINT('',(6.783650045361,1.329995564963,2.610530925112
    ));
#4608 = CARTESIAN_POINT('',(6.750511346767,1.340859044031,2.626920446688
    ));
#4609 = CARTESIAN_POINT('',(6.728724924962,1.349223699565,2.639772727212
    ));
#4610 = CARTESIAN_POINT('',(6.707398266308,1.358686699555,2.65466184339)
  );
#4611 = CARTESIAN_POINT('',(6.686746109831,1.369140923394,2.671631912175
    ));
#4612 = CARTESIAN_POINT('',(6.666961560335,1.380423852466,2.690670967385
    ));
#4613 = CARTESIAN_POINT('',(6.629869395771,1.403946644638,2.732217350625
    ));
#4614 = CARTESIAN_POINT('',(6.612508710055,1.416161968067,2.754638857991
    ));
#4615 = CARTESIAN_POINT('',(6.596253778054,1.428777838487,2.778877587416
    ));
#4616 = CARTESIAN_POINT('',(6.581180132097,1.441581855449,2.804815279268
    ));
#4617 = CARTESIAN_POINT('',(6.567310890365,1.45436426455,2.83230498487)
  );
#4618 = CARTESIAN_POINT('',(6.547374597575,1.474134465412,2.877704004797
    ));
#4619 = CARTESIAN_POINT('',(6.540507583405,1.481262195982,2.894681640011
    ));
#4620 = CARTESIAN_POINT('',(6.534025198353,1.488288686401,2.912086536621
    ));
#4621 = CARTESIAN_POINT('',(6.527919647797,1.495182630316,2.929889756562
    ));
#4622 = CARTESIAN_POINT('',(6.522180235992,1.501915843755,2.948062941703
    ));
#4623 = CARTESIAN_POINT('',(6.502246150932,1.526151342264,3.016598616687
    ));
#4624 = CARTESIAN_POINT('',(6.490284884063,1.542479122038,3.069104131464
    ));
#4625 = CARTESIAN_POINT('',(6.480654860409,1.556969273593,3.123592519831
    ));
#4626 = CARTESIAN_POINT('',(6.473040863889,1.569297093364,3.179595374076
    ));
#4627 = CARTESIAN_POINT('',(6.467188496048,1.579268157393,3.236710613676
    ));
#4628 = CARTESIAN_POINT('',(6.461650368853,1.589011326345,3.311984757985
    ));
#4629 = CARTESIAN_POINT('',(6.460515840833,1.591036554049,3.329423518786
    ));
#4630 = CARTESIAN_POINT('',(6.459520090056,1.592835651502,3.346922894835
    ));
#4631 = CARTESIAN_POINT('',(6.458659309873,1.594405979628,3.364473638775
    ));
#4632 = CARTESIAN_POINT('',(6.457930446429,1.595745484303,3.382066683101
    ));
#4633 = CARTESIAN_POINT('',(6.457053424933,1.597365930495,3.407863661249
    ));
#4634 = CARTESIAN_POINT('',(6.456803759804,1.597828775654,3.416033795075
    ));
#4635 = CARTESIAN_POINT('',(6.456581849574,1.598241313715,3.42420354482)
  );
#4636 = CARTESIAN_POINT('',(6.45638739873,1.598603614461,3.432372913179)
  );
#4637 = CARTESIAN_POINT('',(6.456220169933,1.598915735578,3.440541902352
    ));
#4638 = CARTESIAN_POINT('',(6.455933399291,1.599451668202,3.457251984316
    ));
#4639 = CARTESIAN_POINT('',(6.455816303168,1.599670946271,3.465797773728
    ));
#4640 = CARTESIAN_POINT('',(6.455728568571,1.599835462554,3.474346482906
    ));
#4641 = CARTESIAN_POINT('',(6.455670109667,1.599945156236,3.482896970124
    ));
#4642 = CARTESIAN_POINT('',(6.455640881878,1.599999999995,3.4914483513)
  );
#4643 = CARTESIAN_POINT('',(6.455640881876,1.6,3.5));
#4644 = ORIENTED_EDGE('',*,*,#4645,.T.);
#4645 = EDGE_CURVE('',#4599,#4646,#4648,.T.);
#4646 = VERTEX_POINT('',#4647);
#4647 = CARTESIAN_POINT('',(6.839632442932,1.316199131068,4.409736141624
    ));
#4648 = B_SPLINE_CURVE_WITH_KNOTS('',7,(#4649,#4650,#4651,#4652,#4653,
    #4654,#4655,#4656,#4657,#4658,#4659,#4660,#4661,#4662,#4663,#4664,
    #4665,#4666,#4667,#4668,#4669,#4670,#4671,#4672,#4673,#4674,#4675,
    #4676,#4677,#4678,#4679,#4680),.UNSPECIFIED.,.F.,.F.,(8,6,6,6,6,8),(
    0.,0.440940773878,0.544085921532,0.724025904723,0.906735453045,1.),
  .UNSPECIFIED.);
#4649 = CARTESIAN_POINT('',(6.455640881866,1.600000000004,3.5));
#4650 = CARTESIAN_POINT('',(6.455640881866,1.600000000004,3.580255022584
    ));
#4651 = CARTESIAN_POINT('',(6.458143713843,1.595303659733,3.660439157972
    ));
#4652 = CARTESIAN_POINT('',(6.463141825791,1.585925004826,3.739944611653
    ));
#4653 = CARTESIAN_POINT('',(6.470922328894,1.572008683233,3.818005990618
    ));
#4654 = CARTESIAN_POINT('',(6.482021328703,1.553907806944,3.89373416478)
  );
#4655 = CARTESIAN_POINT('',(6.49716978244,1.532295386283,3.966124648727)
  );
#4656 = CARTESIAN_POINT('',(6.521632257444,1.50258872216,4.05001067572)
  );
#4657 = CARTESIAN_POINT('',(6.526524020333,1.496824286935,4.065666688441
    ));
#4658 = CARTESIAN_POINT('',(6.531677116859,1.490941398504,4.081060426488
    ));
#4659 = CARTESIAN_POINT('',(6.537097906806,1.484955844179,4.096175736981
    ));
#4660 = CARTESIAN_POINT('',(6.542791677706,1.478884794627,4.110996113764
    ));
#4661 = CARTESIAN_POINT('',(6.548762259905,1.472746737846,4.125504912293
    ));
#4662 = CARTESIAN_POINT('',(6.565913886349,1.455770917928,4.164424162357
    ));
#4663 = CARTESIAN_POINT('',(6.57766622857,1.44483499144,4.188168033233)
  );
#4664 = CARTESIAN_POINT('',(6.590277614974,1.433860011129,4.210823089265
    ));
#4665 = CARTESIAN_POINT('',(6.603739987481,1.422962745978,4.23230284572)
  );
#4666 = CARTESIAN_POINT('',(6.618024588887,1.41226410061,4.252531646975)
  );
#4667 = CARTESIAN_POINT('',(6.63307826853,1.40188285938,4.271447892476)
  );
#4668 = CARTESIAN_POINT('',(6.664803594582,1.381822802339,4.306836899769
    ));
#4669 = CARTESIAN_POINT('',(6.681500802267,1.372154199781,4.323272130122
    ));
#4670 = CARTESIAN_POINT('',(6.698827133243,1.363040632114,4.338264621624
    ));
#4671 = CARTESIAN_POINT('',(6.716680602617,1.354579171772,4.351797461482
    ));
#4672 = CARTESIAN_POINT('',(6.734947366452,1.34684488702,4.363879735518)
  );
#4673 = CARTESIAN_POINT('',(6.753507569861,1.339888774639,4.374541107461
    ));
#4674 = CARTESIAN_POINT('',(6.781803821083,1.330594836487,4.388566098187
    ));
#4675 = CARTESIAN_POINT('',(6.79141261514,1.327663081855,4.392947585116)
  );
#4676 = CARTESIAN_POINT('',(6.801052139382,1.324943516328,4.39697737932)
  );
#4677 = CARTESIAN_POINT('',(6.810707631985,1.322437805612,4.400662747005
    ));
#4678 = CARTESIAN_POINT('',(6.820365007207,1.320146193526,4.404011700285
    ));
#4679 = CARTESIAN_POINT('',(6.830010855384,1.318067501999,4.407032997181
    ));
#4680 = CARTESIAN_POINT('',(6.839632442932,1.316199131068,4.409736141624
    ));
#4681 = ORIENTED_EDGE('',*,*,#4682,.T.);
#4682 = EDGE_CURVE('',#4646,#4683,#4685,.T.);
#4683 = VERTEX_POINT('',#4684);
#4684 = CARTESIAN_POINT('',(6.839632442932,1.316199131068,7.));
#4685 = LINE('',#4686,#4687);
#4686 = CARTESIAN_POINT('',(6.839632442932,1.316199131068,0.));
#4687 = VECTOR('',#4688,1.);
#4688 = DIRECTION('',(0.,0.,1.));
#4689 = ORIENTED_EDGE('',*,*,#4690,.T.);
#4690 = EDGE_CURVE('',#4683,#4691,#4693,.T.);
#4691 = VERTEX_POINT('',#4692);
#4692 = CARTESIAN_POINT('',(6.581395013661,2.279954337522,7.));
#4693 = ( BOUNDED_CURVE() B_SPLINE_CURVE(2,(#4694,#4695,#4696),
.UNSPECIFIED.,.F.,.F.) B_SPLINE_CURVE_WITH_KNOTS((3,3),(0.,
2.234397261374),.PIECEWISE_BEZIER_KNOTS.) CURVE() 
GEOMETRIC_REPRESENTATION_ITEM() RATIONAL_B_SPLINE_CURVE((1.,
0.438202247191,1.)) REPRESENTATION_ITEM('') );
#4694 = CARTESIAN_POINT('',(6.839632442932,1.316199131068,7.));
#4695 = CARTESIAN_POINT('',(5.722046849881,1.533217832479,7.));
#4696 = CARTESIAN_POINT('',(6.581395013661,2.279954337522,7.));
#4697 = ORIENTED_EDGE('',*,*,#4698,.F.);
#4698 = EDGE_CURVE('',#274,#4691,#4699,.T.);
#4699 = LINE('',#4700,#4701);
#4700 = CARTESIAN_POINT('',(6.581395013661,2.279954337522,0.));
#4701 = VECTOR('',#4702,1.);
#4702 = DIRECTION('',(0.,0.,1.));
#4703 = SURFACE_OF_LINEAR_EXTRUSION('',#4704,#4708);
#4704 = ( BOUNDED_CURVE() B_SPLINE_CURVE(2,(#4705,#4706,#4707),
.UNSPECIFIED.,.F.,.F.) B_SPLINE_CURVE_WITH_KNOTS((3,3),(0.,
2.234397261374),.PIECEWISE_BEZIER_KNOTS.) CURVE() 
GEOMETRIC_REPRESENTATION_ITEM() RATIONAL_B_SPLINE_CURVE((1.,
0.438202247191,1.)) REPRESENTATION_ITEM('') );
#4705 = CARTESIAN_POINT('',(6.839632442932,1.316199131068,0.));
#4706 = CARTESIAN_POINT('',(5.722046849881,1.533217832479,0.));
#4707 = CARTESIAN_POINT('',(6.581395013661,2.279954337522,0.));
#4708 = VECTOR('',#4709,1.);
#4709 = DIRECTION('',(-0.,-0.,-1.));
#4710 = ADVANCED_FACE('',(#4711),#4729,.F.);
#4711 = FACE_BOUND('',#4712,.F.);
#4712 = EDGE_LOOP('',(#4713,#4714,#4722,#4728));
#4713 = ORIENTED_EDGE('',*,*,#4698,.T.);
#4714 = ORIENTED_EDGE('',*,*,#4715,.T.);
#4715 = EDGE_CURVE('',#4691,#4716,#4718,.T.);
#4716 = VERTEX_POINT('',#4717);
#4717 = CARTESIAN_POINT('',(6.824556135106,2.435963090418,7.));
#4718 = ( BOUNDED_CURVE() B_SPLINE_CURVE(2,(#4719,#4720,#4721),
.UNSPECIFIED.,.F.,.F.) B_SPLINE_CURVE_WITH_KNOTS((3,3),(0.,
0.289919229054),.PIECEWISE_BEZIER_KNOTS.) CURVE() 
GEOMETRIC_REPRESENTATION_ITEM() RATIONAL_B_SPLINE_CURVE((1.,
0.989511740461,1.)) REPRESENTATION_ITEM('') );
#4719 = CARTESIAN_POINT('',(6.581395013661,2.279954337522,7.));
#4720 = CARTESIAN_POINT('',(6.691588216127,2.37570747968,7.));
#4721 = CARTESIAN_POINT('',(6.824556135106,2.435963090418,7.));
#4722 = ORIENTED_EDGE('',*,*,#4723,.F.);
#4723 = EDGE_CURVE('',#266,#4716,#4724,.T.);
#4724 = LINE('',#4725,#4726);
#4725 = CARTESIAN_POINT('',(6.824556135106,2.435963090418,0.));
#4726 = VECTOR('',#4727,1.);
#4727 = DIRECTION('',(0.,0.,1.));
#4728 = ORIENTED_EDGE('',*,*,#273,.F.);
#4729 = SURFACE_OF_LINEAR_EXTRUSION('',#4730,#4734);
#4730 = ( BOUNDED_CURVE() B_SPLINE_CURVE(2,(#4731,#4732,#4733),
.UNSPECIFIED.,.F.,.F.) B_SPLINE_CURVE_WITH_KNOTS((3,3),(0.,
0.289919229054),.PIECEWISE_BEZIER_KNOTS.) CURVE() 
GEOMETRIC_REPRESENTATION_ITEM() RATIONAL_B_SPLINE_CURVE((1.,
0.989511740461,1.)) REPRESENTATION_ITEM('') );
#4731 = CARTESIAN_POINT('',(6.581395013661,2.279954337522,0.));
#4732 = CARTESIAN_POINT('',(6.691588216127,2.37570747968,0.));
#4733 = CARTESIAN_POINT('',(6.824556135106,2.435963090418,0.));
#4734 = VECTOR('',#4735,1.);
#4735 = DIRECTION('',(-0.,-0.,-1.));
#4736 = ADVANCED_FACE('',(#4737),#4755,.F.);
#4737 = FACE_BOUND('',#4738,.F.);
#4738 = EDGE_LOOP('',(#4739,#4740,#4748,#4754));
#4739 = ORIENTED_EDGE('',*,*,#4723,.T.);
#4740 = ORIENTED_EDGE('',*,*,#4741,.T.);
#4741 = EDGE_CURVE('',#4716,#4742,#4744,.T.);
#4742 = VERTEX_POINT('',#4743);
#4743 = CARTESIAN_POINT('',(6.902841079061,2.625922444182,7.));
#4744 = ( BOUNDED_CURVE() B_SPLINE_CURVE(2,(#4745,#4746,#4747),
.UNSPECIFIED.,.F.,.F.) B_SPLINE_CURVE_WITH_KNOTS((3,3),(0.,
1.508825302794),.PIECEWISE_BEZIER_KNOTS.) CURVE() 
GEOMETRIC_REPRESENTATION_ITEM() RATIONAL_B_SPLINE_CURVE((1.,
0.728673920883,1.)) REPRESENTATION_ITEM('') );
#4745 = CARTESIAN_POINT('',(6.824556135106,2.435963090418,7.));
#4746 = CARTESIAN_POINT('',(6.952967422315,2.494153822408,7.));
#4747 = CARTESIAN_POINT('',(6.902841079061,2.625922444182,7.));
#4748 = ORIENTED_EDGE('',*,*,#4749,.F.);
#4749 = EDGE_CURVE('',#258,#4742,#4750,.T.);
#4750 = LINE('',#4751,#4752);
#4751 = CARTESIAN_POINT('',(6.902841079061,2.625922444182,0.));
#4752 = VECTOR('',#4753,1.);
#4753 = DIRECTION('',(0.,0.,1.));
#4754 = ORIENTED_EDGE('',*,*,#265,.F.);
#4755 = SURFACE_OF_LINEAR_EXTRUSION('',#4756,#4760);
#4756 = ( BOUNDED_CURVE() B_SPLINE_CURVE(2,(#4757,#4758,#4759),
.UNSPECIFIED.,.F.,.F.) B_SPLINE_CURVE_WITH_KNOTS((3,3),(0.,
1.508825302794),.PIECEWISE_BEZIER_KNOTS.) CURVE() 
GEOMETRIC_REPRESENTATION_ITEM() RATIONAL_B_SPLINE_CURVE((1.,
0.728673920883,1.)) REPRESENTATION_ITEM('') );
#4757 = CARTESIAN_POINT('',(6.824556135106,2.435963090418,0.));
#4758 = CARTESIAN_POINT('',(6.952967422315,2.494153822408,0.));
#4759 = CARTESIAN_POINT('',(6.902841079061,2.625922444182,0.));
#4760 = VECTOR('',#4761,1.);
#4761 = DIRECTION('',(-0.,-0.,-1.));
#4762 = ADVANCED_FACE('',(#4763),#4781,.F.);
#4763 = FACE_BOUND('',#4764,.F.);
#4764 = EDGE_LOOP('',(#4765,#4766,#4774,#4780));
#4765 = ORIENTED_EDGE('',*,*,#4749,.T.);
#4766 = ORIENTED_EDGE('',*,*,#4767,.T.);
#4767 = EDGE_CURVE('',#4742,#4768,#4770,.T.);
#4768 = VERTEX_POINT('',#4769);
#4769 = CARTESIAN_POINT('',(6.737853303608,3.024238169307,7.));
#4770 = ( BOUNDED_CURVE() B_SPLINE_CURVE(2,(#4771,#4772,#4773),
.UNSPECIFIED.,.F.,.F.) B_SPLINE_CURVE_WITH_KNOTS((3,3),(0.,
5.838450169226E-02),.PIECEWISE_BEZIER_KNOTS.) CURVE() 
GEOMETRIC_REPRESENTATION_ITEM() RATIONAL_B_SPLINE_CURVE((1.,
0.999573936504,1.)) REPRESENTATION_ITEM('') );
#4771 = CARTESIAN_POINT('',(6.902841079061,2.625922444182,7.));
#4772 = CARTESIAN_POINT('',(6.826162709681,2.827489173315,7.));
#4773 = CARTESIAN_POINT('',(6.737853303608,3.024238169307,7.));
#4774 = ORIENTED_EDGE('',*,*,#4775,.F.);
#4775 = EDGE_CURVE('',#250,#4768,#4776,.T.);
#4776 = LINE('',#4777,#4778);
#4777 = CARTESIAN_POINT('',(6.737853303608,3.024238169307,0.));
#4778 = VECTOR('',#4779,1.);
#4779 = DIRECTION('',(0.,0.,1.));
#4780 = ORIENTED_EDGE('',*,*,#257,.F.);
#4781 = SURFACE_OF_LINEAR_EXTRUSION('',#4782,#4786);
#4782 = ( BOUNDED_CURVE() B_SPLINE_CURVE(2,(#4783,#4784,#4785),
.UNSPECIFIED.,.F.,.F.) B_SPLINE_CURVE_WITH_KNOTS((3,3),(0.,
5.838450169226E-02),.PIECEWISE_BEZIER_KNOTS.) CURVE() 
GEOMETRIC_REPRESENTATION_ITEM() RATIONAL_B_SPLINE_CURVE((1.,
0.999573936504,1.)) REPRESENTATION_ITEM('') );
#4783 = CARTESIAN_POINT('',(6.902841079061,2.625922444182,0.));
#4784 = CARTESIAN_POINT('',(6.826162709681,2.827489173315,0.));
#4785 = CARTESIAN_POINT('',(6.737853303608,3.024238169307,0.));
#4786 = VECTOR('',#4787,1.);
#4787 = DIRECTION('',(-0.,-0.,-1.));
#4788 = ADVANCED_FACE('',(#4789),#4807,.F.);
#4789 = FACE_BOUND('',#4790,.F.);
#4790 = EDGE_LOOP('',(#4791,#4792,#4800,#4806));
#4791 = ORIENTED_EDGE('',*,*,#4775,.T.);
#4792 = ORIENTED_EDGE('',*,*,#4793,.T.);
#4793 = EDGE_CURVE('',#4768,#4794,#4796,.T.);
#4794 = VERTEX_POINT('',#4795);
#4795 = CARTESIAN_POINT('',(6.548175941677,3.103203901767,7.));
#4796 = ( BOUNDED_CURVE() B_SPLINE_CURVE(2,(#4797,#4798,#4799),
.UNSPECIFIED.,.F.,.F.) B_SPLINE_CURVE_WITH_KNOTS((3,3),(0.,
1.508825302794),.PIECEWISE_BEZIER_KNOTS.) CURVE() 
GEOMETRIC_REPRESENTATION_ITEM() RATIONAL_B_SPLINE_CURVE((1.,
0.728673920883,1.)) REPRESENTATION_ITEM('') );
#4797 = CARTESIAN_POINT('',(6.737853303608,3.024238169307,7.));
#4798 = CARTESIAN_POINT('',(6.680123494835,3.152857332541,7.));
#4799 = CARTESIAN_POINT('',(6.548175941677,3.103203901767,7.));
#4800 = ORIENTED_EDGE('',*,*,#4801,.F.);
#4801 = EDGE_CURVE('',#242,#4794,#4802,.T.);
#4802 = LINE('',#4803,#4804);
#4803 = CARTESIAN_POINT('',(6.548175941677,3.103203901767,0.));
#4804 = VECTOR('',#4805,1.);
#4805 = DIRECTION('',(0.,0.,1.));
#4806 = ORIENTED_EDGE('',*,*,#249,.F.);
#4807 = SURFACE_OF_LINEAR_EXTRUSION('',#4808,#4812);
#4808 = ( BOUNDED_CURVE() B_SPLINE_CURVE(2,(#4809,#4810,#4811),
.UNSPECIFIED.,.F.,.F.) B_SPLINE_CURVE_WITH_KNOTS((3,3),(0.,
1.508825302794),.PIECEWISE_BEZIER_KNOTS.) CURVE() 
GEOMETRIC_REPRESENTATION_ITEM() RATIONAL_B_SPLINE_CURVE((1.,
0.728673920883,1.)) REPRESENTATION_ITEM('') );
#4809 = CARTESIAN_POINT('',(6.737853303608,3.024238169307,0.));
#4810 = CARTESIAN_POINT('',(6.680123494835,3.152857332541,0.));
#4811 = CARTESIAN_POINT('',(6.548175941677,3.103203901767,0.));
#4812 = VECTOR('',#4813,1.);
#4813 = DIRECTION('',(-0.,-0.,-1.));
#4814 = ADVANCED_FACE('',(#4815),#4833,.F.);
#4815 = FACE_BOUND('',#4816,.F.);
#4816 = EDGE_LOOP('',(#4817,#4818,#4826,#4832));
#4817 = ORIENTED_EDGE('',*,*,#4801,.T.);
#4818 = ORIENTED_EDGE('',*,*,#4819,.T.);
#4819 = EDGE_CURVE('',#4794,#4820,#4822,.T.);
#4820 = VERTEX_POINT('',#4821);
#4821 = CARTESIAN_POINT('',(6.265920216685,3.041577870969,7.));
#4822 = ( BOUNDED_CURVE() B_SPLINE_CURVE(2,(#4823,#4824,#4825),
.UNSPECIFIED.,.F.,.F.) B_SPLINE_CURVE_WITH_KNOTS((3,3),(0.,
0.289919229054),.PIECEWISE_BEZIER_KNOTS.) CURVE() 
GEOMETRIC_REPRESENTATION_ITEM() RATIONAL_B_SPLINE_CURVE((1.,
0.989511740461,1.)) REPRESENTATION_ITEM('') );
#4823 = CARTESIAN_POINT('',(6.548175941677,3.103203901767,7.));
#4824 = CARTESIAN_POINT('',(6.411546273529,3.051788535534,7.));
#4825 = CARTESIAN_POINT('',(6.265920216685,3.041577870969,7.));
#4826 = ORIENTED_EDGE('',*,*,#4827,.F.);
#4827 = EDGE_CURVE('',#234,#4820,#4828,.T.);
#4828 = LINE('',#4829,#4830);
#4829 = CARTESIAN_POINT('',(6.265920216685,3.041577870969,0.));
#4830 = VECTOR('',#4831,1.);
#4831 = DIRECTION('',(0.,0.,1.));
#4832 = ORIENTED_EDGE('',*,*,#241,.F.);
#4833 = SURFACE_OF_LINEAR_EXTRUSION('',#4834,#4838);
#4834 = ( BOUNDED_CURVE() B_SPLINE_CURVE(2,(#4835,#4836,#4837),
.UNSPECIFIED.,.F.,.F.) B_SPLINE_CURVE_WITH_KNOTS((3,3),(0.,
0.289919229054),.PIECEWISE_BEZIER_KNOTS.) CURVE() 
GEOMETRIC_REPRESENTATION_ITEM() RATIONAL_B_SPLINE_CURVE((1.,
0.989511740461,1.)) REPRESENTATION_ITEM('') );
#4835 = CARTESIAN_POINT('',(6.548175941677,3.103203901767,0.));
#4836 = CARTESIAN_POINT('',(6.411546273529,3.051788535534,0.));
#4837 = CARTESIAN_POINT('',(6.265920216685,3.041577870969,0.));
#4838 = VECTOR('',#4839,1.);
#4839 = DIRECTION('',(-0.,-0.,-1.));
#4840 = ADVANCED_FACE('',(#4841),#4859,.F.);
#4841 = FACE_BOUND('',#4842,.F.);
#4842 = EDGE_LOOP('',(#4843,#4844,#4852,#4858));
#4843 = ORIENTED_EDGE('',*,*,#4827,.T.);
#4844 = ORIENTED_EDGE('',*,*,#4845,.T.);
#4845 = EDGE_CURVE('',#4820,#4846,#4848,.T.);
#4846 = VERTEX_POINT('',#4847);
#4847 = CARTESIAN_POINT('',(5.76704381219,3.905657150251,7.));
#4848 = ( BOUNDED_CURVE() B_SPLINE_CURVE(2,(#4849,#4850,#4851),
.UNSPECIFIED.,.F.,.F.) B_SPLINE_CURVE_WITH_KNOTS((3,3),(0.,
2.234397261374),.PIECEWISE_BEZIER_KNOTS.) CURVE() 
GEOMETRIC_REPRESENTATION_ITEM() RATIONAL_B_SPLINE_CURVE((1.,
0.438202247191,1.)) REPRESENTATION_ITEM('') );
#4849 = CARTESIAN_POINT('',(6.265920216685,3.041577870969,7.));
#4850 = CARTESIAN_POINT('',(5.1302468562,2.961949403436,7.));
#4851 = CARTESIAN_POINT('',(5.76704381219,3.905657150251,7.));
#4852 = ORIENTED_EDGE('',*,*,#4853,.F.);
#4853 = EDGE_CURVE('',#226,#4846,#4854,.T.);
#4854 = LINE('',#4855,#4856);
#4855 = CARTESIAN_POINT('',(5.76704381219,3.905657150251,0.));
#4856 = VECTOR('',#4857,1.);
#4857 = DIRECTION('',(0.,0.,1.));
#4858 = ORIENTED_EDGE('',*,*,#233,.F.);
#4859 = SURFACE_OF_LINEAR_EXTRUSION('',#4860,#4864);
#4860 = ( BOUNDED_CURVE() B_SPLINE_CURVE(2,(#4861,#4862,#4863),
.UNSPECIFIED.,.F.,.F.) B_SPLINE_CURVE_WITH_KNOTS((3,3),(0.,
2.234397261374),.PIECEWISE_BEZIER_KNOTS.) CURVE() 
GEOMETRIC_REPRESENTATION_ITEM() RATIONAL_B_SPLINE_CURVE((1.,
0.438202247191,1.)) REPRESENTATION_ITEM('') );
#4861 = CARTESIAN_POINT('',(6.265920216685,3.041577870969,0.));
#4862 = CARTESIAN_POINT('',(5.1302468562,2.961949403436,0.));
#4863 = CARTESIAN_POINT('',(5.76704381219,3.905657150251,0.));
#4864 = VECTOR('',#4865,1.);
#4865 = DIRECTION('',(-0.,-0.,-1.));
#4866 = ADVANCED_FACE('',(#4867),#4885,.F.);
#4867 = FACE_BOUND('',#4868,.F.);
#4868 = EDGE_LOOP('',(#4869,#4870,#4878,#4884));
#4869 = ORIENTED_EDGE('',*,*,#4853,.T.);
#4870 = ORIENTED_EDGE('',*,*,#4871,.T.);
#4871 = EDGE_CURVE('',#4846,#4872,#4874,.T.);
#4872 = VERTEX_POINT('',#4873);
#4873 = CARTESIAN_POINT('',(5.961541382891,4.119284763059,7.));
#4874 = ( BOUNDED_CURVE() B_SPLINE_CURVE(2,(#4875,#4876,#4877),
.UNSPECIFIED.,.F.,.F.) B_SPLINE_CURVE_WITH_KNOTS((3,3),(0.,
0.289919229054),.PIECEWISE_BEZIER_KNOTS.) CURVE() 
GEOMETRIC_REPRESENTATION_ITEM() RATIONAL_B_SPLINE_CURVE((1.,
0.989511740461,1.)) REPRESENTATION_ITEM('') );
#4875 = CARTESIAN_POINT('',(5.76704381219,3.905657150251,7.));
#4876 = CARTESIAN_POINT('',(5.848699535515,4.026667682648,7.));
#4877 = CARTESIAN_POINT('',(5.961541382891,4.119284763059,7.));
#4878 = ORIENTED_EDGE('',*,*,#4879,.F.);
#4879 = EDGE_CURVE('',#218,#4872,#4880,.T.);
#4880 = LINE('',#4881,#4882);
#4881 = CARTESIAN_POINT('',(5.961541382891,4.119284763059,0.));
#4882 = VECTOR('',#4883,1.);
#4883 = DIRECTION('',(0.,0.,1.));
#4884 = ORIENTED_EDGE('',*,*,#225,.F.);
#4885 = SURFACE_OF_LINEAR_EXTRUSION('',#4886,#4890);
#4886 = ( BOUNDED_CURVE() B_SPLINE_CURVE(2,(#4887,#4888,#4889),
.UNSPECIFIED.,.F.,.F.) B_SPLINE_CURVE_WITH_KNOTS((3,3),(0.,
0.289919229054),.PIECEWISE_BEZIER_KNOTS.) CURVE() 
GEOMETRIC_REPRESENTATION_ITEM() RATIONAL_B_SPLINE_CURVE((1.,
0.989511740461,1.)) REPRESENTATION_ITEM('') );
#4887 = CARTESIAN_POINT('',(5.76704381219,3.905657150251,0.));
#4888 = CARTESIAN_POINT('',(5.848699535515,4.026667682648,0.));
#4889 = CARTESIAN_POINT('',(5.961541382891,4.119284763059,0.));
#4890 = VECTOR('',#4891,1.);
#4891 = DIRECTION('',(-0.,-0.,-1.));
#4892 = ADVANCED_FACE('',(#4893),#4911,.F.);
#4893 = FACE_BOUND('',#4894,.F.);
#4894 = EDGE_LOOP('',(#4895,#4896,#4904,#4910));
#4895 = ORIENTED_EDGE('',*,*,#4879,.T.);
#4896 = ORIENTED_EDGE('',*,*,#4897,.T.);
#4897 = EDGE_CURVE('',#4872,#4898,#4900,.T.);
#4898 = VERTEX_POINT('',#4899);
#4899 = CARTESIAN_POINT('',(5.987993733518,4.323033043244,7.));
#4900 = ( BOUNDED_CURVE() B_SPLINE_CURVE(2,(#4901,#4902,#4903),
.UNSPECIFIED.,.F.,.F.) B_SPLINE_CURVE_WITH_KNOTS((3,3),(0.,
1.508825302794),.PIECEWISE_BEZIER_KNOTS.) CURVE() 
GEOMETRIC_REPRESENTATION_ITEM() RATIONAL_B_SPLINE_CURVE((1.,
0.728673920883,1.)) REPRESENTATION_ITEM('') );
#4901 = CARTESIAN_POINT('',(5.961541382891,4.119284763059,7.));
#4902 = CARTESIAN_POINT('',(6.070516291906,4.208727980674,7.));
#4903 = CARTESIAN_POINT('',(5.987993733518,4.323033043244,7.));
#4904 = ORIENTED_EDGE('',*,*,#4905,.F.);
#4905 = EDGE_CURVE('',#210,#4898,#4906,.T.);
#4906 = LINE('',#4907,#4908);
#4907 = CARTESIAN_POINT('',(5.987993733518,4.323033043244,0.));
#4908 = VECTOR('',#4909,1.);
#4909 = DIRECTION('',(0.,0.,1.));
#4910 = ORIENTED_EDGE('',*,*,#217,.F.);
#4911 = SURFACE_OF_LINEAR_EXTRUSION('',#4912,#4916);
#4912 = ( BOUNDED_CURVE() B_SPLINE_CURVE(2,(#4913,#4914,#4915),
.UNSPECIFIED.,.F.,.F.) B_SPLINE_CURVE_WITH_KNOTS((3,3),(0.,
1.508825302794),.PIECEWISE_BEZIER_KNOTS.) CURVE() 
GEOMETRIC_REPRESENTATION_ITEM() RATIONAL_B_SPLINE_CURVE((1.,
0.728673920883,1.)) REPRESENTATION_ITEM('') );
#4913 = CARTESIAN_POINT('',(5.961541382891,4.119284763059,0.));
#4914 = CARTESIAN_POINT('',(6.070516291906,4.208727980674,0.));
#4915 = CARTESIAN_POINT('',(5.987993733518,4.323033043244,0.));
#4916 = VECTOR('',#4917,1.);
#4917 = DIRECTION('',(-0.,-0.,-1.));
#4918 = ADVANCED_FACE('',(#4919),#4937,.F.);
#4919 = FACE_BOUND('',#4920,.F.);
#4920 = EDGE_LOOP('',(#4921,#4922,#4930,#4936));
#4921 = ORIENTED_EDGE('',*,*,#4905,.T.);
#4922 = ORIENTED_EDGE('',*,*,#4923,.T.);
#4923 = EDGE_CURVE('',#4898,#4924,#4926,.T.);
#4924 = VERTEX_POINT('',#4925);
#4925 = CARTESIAN_POINT('',(5.72553608456,4.665074510663,7.));
#4926 = ( BOUNDED_CURVE() B_SPLINE_CURVE(2,(#4927,#4928,#4929),
.UNSPECIFIED.,.F.,.F.) B_SPLINE_CURVE_WITH_KNOTS((3,3),(0.,
5.838450169226E-02),.PIECEWISE_BEZIER_KNOTS.) CURVE() 
GEOMETRIC_REPRESENTATION_ITEM() RATIONAL_B_SPLINE_CURVE((1.,
0.999573936504,1.)) REPRESENTATION_ITEM('') );
#4927 = CARTESIAN_POINT('',(5.987993733518,4.323033043244,7.));
#4928 = CARTESIAN_POINT('',(5.861758807857,4.497885730292,7.));
#4929 = CARTESIAN_POINT('',(5.72553608456,4.665074510663,7.));
#4930 = ORIENTED_EDGE('',*,*,#4931,.F.);
#4931 = EDGE_CURVE('',#202,#4924,#4932,.T.);
#4932 = LINE('',#4933,#4934);
#4933 = CARTESIAN_POINT('',(5.72553608456,4.665074510663,0.));
#4934 = VECTOR('',#4935,1.);
#4935 = DIRECTION('',(0.,0.,1.));
#4936 = ORIENTED_EDGE('',*,*,#209,.F.);
#4937 = SURFACE_OF_LINEAR_EXTRUSION('',#4938,#4942);
#4938 = ( BOUNDED_CURVE() B_SPLINE_CURVE(2,(#4939,#4940,#4941),
.UNSPECIFIED.,.F.,.F.) B_SPLINE_CURVE_WITH_KNOTS((3,3),(0.,
5.838450169226E-02),.PIECEWISE_BEZIER_KNOTS.) CURVE() 
GEOMETRIC_REPRESENTATION_ITEM() RATIONAL_B_SPLINE_CURVE((1.,
0.999573936504,1.)) REPRESENTATION_ITEM('') );
#4939 = CARTESIAN_POINT('',(5.987993733518,4.323033043244,0.));
#4940 = CARTESIAN_POINT('',(5.861758807857,4.497885730292,0.));
#4941 = CARTESIAN_POINT('',(5.72553608456,4.665074510663,0.));
#4942 = VECTOR('',#4943,1.);
#4943 = DIRECTION('',(-0.,-0.,-1.));
#4944 = ADVANCED_FACE('',(#4945),#4963,.F.);
#4945 = FACE_BOUND('',#4946,.F.);
#4946 = EDGE_LOOP('',(#4947,#4948,#4956,#4962));
#4947 = ORIENTED_EDGE('',*,*,#4931,.T.);
#4948 = ORIENTED_EDGE('',*,*,#4949,.T.);
#4949 = EDGE_CURVE('',#4924,#4950,#4952,.T.);
#4950 = VERTEX_POINT('',#4951);
#4951 = CARTESIAN_POINT('',(5.521883986536,4.692257437345,7.));
#4952 = ( BOUNDED_CURVE() B_SPLINE_CURVE(2,(#4953,#4954,#4955),
.UNSPECIFIED.,.F.,.F.) B_SPLINE_CURVE_WITH_KNOTS((3,3),(0.,
1.508825302794),.PIECEWISE_BEZIER_KNOTS.) CURVE() 
GEOMETRIC_REPRESENTATION_ITEM() RATIONAL_B_SPLINE_CURVE((1.,
0.728673920883,1.)) REPRESENTATION_ITEM('') );
#4953 = CARTESIAN_POINT('',(5.72553608456,4.665074510663,7.));
#4954 = CARTESIAN_POINT('',(5.636484282309,4.774369508207,7.));
#4955 = CARTESIAN_POINT('',(5.521883986536,4.692257437345,7.));
#4956 = ORIENTED_EDGE('',*,*,#4957,.F.);
#4957 = EDGE_CURVE('',#194,#4950,#4958,.T.);
#4958 = LINE('',#4959,#4960);
#4959 = CARTESIAN_POINT('',(5.521883986536,4.692257437345,0.));
#4960 = VECTOR('',#4961,1.);
#4961 = DIRECTION('',(0.,0.,1.));
#4962 = ORIENTED_EDGE('',*,*,#201,.F.);
#4963 = SURFACE_OF_LINEAR_EXTRUSION('',#4964,#4968);
#4964 = ( BOUNDED_CURVE() B_SPLINE_CURVE(2,(#4965,#4966,#4967),
.UNSPECIFIED.,.F.,.F.) B_SPLINE_CURVE_WITH_KNOTS((3,3),(0.,
1.508825302794),.PIECEWISE_BEZIER_KNOTS.) CURVE() 
GEOMETRIC_REPRESENTATION_ITEM() RATIONAL_B_SPLINE_CURVE((1.,
0.728673920883,1.)) REPRESENTATION_ITEM('') );
#4965 = CARTESIAN_POINT('',(5.72553608456,4.665074510663,0.));
#4966 = CARTESIAN_POINT('',(5.636484282309,4.774369508207,0.));
#4967 = CARTESIAN_POINT('',(5.521883986536,4.692257437345,0.));
#4968 = VECTOR('',#4969,1.);
#4969 = DIRECTION('',(-0.,-0.,-1.));
#4970 = ADVANCED_FACE('',(#4971),#4989,.F.);
#4971 = FACE_BOUND('',#4972,.F.);
#4972 = EDGE_LOOP('',(#4973,#4974,#4982,#4988));
#4973 = ORIENTED_EDGE('',*,*,#4957,.T.);
#4974 = ORIENTED_EDGE('',*,*,#4975,.T.);
#4975 = EDGE_CURVE('',#4950,#4976,#4978,.T.);
#4976 = VERTEX_POINT('',#4977);
#4977 = CARTESIAN_POINT('',(5.265195882593,4.559678105409,7.));
#4978 = ( BOUNDED_CURVE() B_SPLINE_CURVE(2,(#4979,#4980,#4981),
.UNSPECIFIED.,.F.,.F.) B_SPLINE_CURVE_WITH_KNOTS((3,3),(0.,
0.289919229054),.PIECEWISE_BEZIER_KNOTS.) CURVE() 
GEOMETRIC_REPRESENTATION_ITEM() RATIONAL_B_SPLINE_CURVE((1.,
0.989511740461,1.)) REPRESENTATION_ITEM('') );
#4979 = CARTESIAN_POINT('',(5.521883986536,4.692257437345,7.));
#4980 = CARTESIAN_POINT('',(5.403217137427,4.607231646991,7.));
#4981 = CARTESIAN_POINT('',(5.265195882593,4.559678105409,7.));
#4982 = ORIENTED_EDGE('',*,*,#4983,.F.);
#4983 = EDGE_CURVE('',#186,#4976,#4984,.T.);
#4984 = LINE('',#4985,#4986);
#4985 = CARTESIAN_POINT('',(5.265195882593,4.559678105409,0.));
#4986 = VECTOR('',#4987,1.);
#4987 = DIRECTION('',(0.,0.,1.));
#4988 = ORIENTED_EDGE('',*,*,#193,.F.);
#4989 = SURFACE_OF_LINEAR_EXTRUSION('',#4990,#4994);
#4990 = ( BOUNDED_CURVE() B_SPLINE_CURVE(2,(#4991,#4992,#4993),
.UNSPECIFIED.,.F.,.F.) B_SPLINE_CURVE_WITH_KNOTS((3,3),(0.,
0.289919229054),.PIECEWISE_BEZIER_KNOTS.) CURVE() 
GEOMETRIC_REPRESENTATION_ITEM() RATIONAL_B_SPLINE_CURVE((1.,
0.989511740461,1.)) REPRESENTATION_ITEM('') );
#4991 = CARTESIAN_POINT('',(5.521883986536,4.692257437345,0.));
#4992 = CARTESIAN_POINT('',(5.403217137427,4.607231646991,0.));
#4993 = CARTESIAN_POINT('',(5.265195882593,4.559678105409,0.));
#4994 = VECTOR('',#4995,1.);
#4995 = DIRECTION('',(-0.,-0.,-1.));
#4996 = ADVANCED_FACE('',(#4997),#5015,.F.);
#4997 = FACE_BOUND('',#4998,.F.);
#4998 = EDGE_LOOP('',(#4999,#5000,#5008,#5014));
#4999 = ORIENTED_EDGE('',*,*,#4983,.T.);
#5000 = ORIENTED_EDGE('',*,*,#5001,.T.);
#5001 = EDGE_CURVE('',#4976,#5002,#5004,.T.);
#5002 = VERTEX_POINT('',#5003);
#5003 = CARTESIAN_POINT('',(4.559678105409,5.265195882593,7.));
#5004 = ( BOUNDED_CURVE() B_SPLINE_CURVE(2,(#5005,#5006,#5007),
.UNSPECIFIED.,.F.,.F.) B_SPLINE_CURVE_WITH_KNOTS((3,3),(0.,
2.234397261374),.PIECEWISE_BEZIER_KNOTS.) CURVE() 
GEOMETRIC_REPRESENTATION_ITEM() RATIONAL_B_SPLINE_CURVE((1.,
0.438202247191,1.)) REPRESENTATION_ITEM('') );
#5005 = CARTESIAN_POINT('',(5.265195882593,4.559678105409,7.));
#5006 = CARTESIAN_POINT('',(4.188829017402,4.188829017402,7.));
#5007 = CARTESIAN_POINT('',(4.559678105409,5.265195882593,7.));
#5008 = ORIENTED_EDGE('',*,*,#5009,.F.);
#5009 = EDGE_CURVE('',#178,#5002,#5010,.T.);
#5010 = LINE('',#5011,#5012);
#5011 = CARTESIAN_POINT('',(4.559678105409,5.265195882593,0.));
#5012 = VECTOR('',#5013,1.);
#5013 = DIRECTION('',(0.,0.,1.));
#5014 = ORIENTED_EDGE('',*,*,#185,.F.);
#5015 = SURFACE_OF_LINEAR_EXTRUSION('',#5016,#5020);
#5016 = ( BOUNDED_CURVE() B_SPLINE_CURVE(2,(#5017,#5018,#5019),
.UNSPECIFIED.,.F.,.F.) B_SPLINE_CURVE_WITH_KNOTS((3,3),(0.,
2.234397261374),.PIECEWISE_BEZIER_KNOTS.) CURVE() 
GEOMETRIC_REPRESENTATION_ITEM() RATIONAL_B_SPLINE_CURVE((1.,
0.438202247191,1.)) REPRESENTATION_ITEM('') );
#5017 = CARTESIAN_POINT('',(5.265195882593,4.559678105409,0.));
#5018 = CARTESIAN_POINT('',(4.188829017402,4.188829017402,0.));
#5019 = CARTESIAN_POINT('',(4.559678105409,5.265195882593,0.));
#5020 = VECTOR('',#5021,1.);
#5021 = DIRECTION('',(-0.,-0.,-1.));
#5022 = ADVANCED_FACE('',(#5023),#5041,.F.);
#5023 = FACE_BOUND('',#5024,.F.);
#5024 = EDGE_LOOP('',(#5025,#5026,#5034,#5040));
#5025 = ORIENTED_EDGE('',*,*,#5009,.T.);
#5026 = ORIENTED_EDGE('',*,*,#5027,.T.);
#5027 = EDGE_CURVE('',#5002,#5028,#5030,.T.);
#5028 = VERTEX_POINT('',#5029);
#5029 = CARTESIAN_POINT('',(4.692257437345,5.521883986536,7.));
#5030 = ( BOUNDED_CURVE() B_SPLINE_CURVE(2,(#5031,#5032,#5033),
.UNSPECIFIED.,.F.,.F.) B_SPLINE_CURVE_WITH_KNOTS((3,3),(0.,
0.289919229054),.PIECEWISE_BEZIER_KNOTS.) CURVE() 
GEOMETRIC_REPRESENTATION_ITEM() RATIONAL_B_SPLINE_CURVE((1.,
0.989511740461,1.)) REPRESENTATION_ITEM('') );
#5031 = CARTESIAN_POINT('',(4.559678105409,5.265195882593,7.));
#5032 = CARTESIAN_POINT('',(4.607231646991,5.403217137427,7.));
#5033 = CARTESIAN_POINT('',(4.692257437345,5.521883986536,7.));
#5034 = ORIENTED_EDGE('',*,*,#5035,.F.);
#5035 = EDGE_CURVE('',#170,#5028,#5036,.T.);
#5036 = LINE('',#5037,#5038);
#5037 = CARTESIAN_POINT('',(4.692257437345,5.521883986536,0.));
#5038 = VECTOR('',#5039,1.);
#5039 = DIRECTION('',(0.,0.,1.));
#5040 = ORIENTED_EDGE('',*,*,#177,.F.);
#5041 = SURFACE_OF_LINEAR_EXTRUSION('',#5042,#5046);
#5042 = ( BOUNDED_CURVE() B_SPLINE_CURVE(2,(#5043,#5044,#5045),
.UNSPECIFIED.,.F.,.F.) B_SPLINE_CURVE_WITH_KNOTS((3,3),(0.,
0.289919229054),.PIECEWISE_BEZIER_KNOTS.) CURVE() 
GEOMETRIC_REPRESENTATION_ITEM() RATIONAL_B_SPLINE_CURVE((1.,
0.989511740461,1.)) REPRESENTATION_ITEM('') );
#5043 = CARTESIAN_POINT('',(4.559678105409,5.265195882593,0.));
#5044 = CARTESIAN_POINT('',(4.607231646991,5.403217137427,0.));
#5045 = CARTESIAN_POINT('',(4.692257437345,5.521883986536,0.));
#5046 = VECTOR('',#5047,1.);
#5047 = DIRECTION('',(-0.,-0.,-1.));
#5048 = ADVANCED_FACE('',(#5049),#5067,.F.);
#5049 = FACE_BOUND('',#5050,.F.);
#5050 = EDGE_LOOP('',(#5051,#5052,#5060,#5066));
#5051 = ORIENTED_EDGE('',*,*,#5035,.T.);
#5052 = ORIENTED_EDGE('',*,*,#5053,.T.);
#5053 = EDGE_CURVE('',#5028,#5054,#5056,.T.);
#5054 = VERTEX_POINT('',#5055);
#5055 = CARTESIAN_POINT('',(4.665074510663,5.72553608456,7.));
#5056 = ( BOUNDED_CURVE() B_SPLINE_CURVE(2,(#5057,#5058,#5059),
.UNSPECIFIED.,.F.,.F.) B_SPLINE_CURVE_WITH_KNOTS((3,3),(0.,
1.508825302794),.PIECEWISE_BEZIER_KNOTS.) CURVE() 
GEOMETRIC_REPRESENTATION_ITEM() RATIONAL_B_SPLINE_CURVE((1.,
0.728673920883,1.)) REPRESENTATION_ITEM('') );
#5057 = CARTESIAN_POINT('',(4.692257437345,5.521883986536,7.));
#5058 = CARTESIAN_POINT('',(4.774369508207,5.636484282309,7.));
#5059 = CARTESIAN_POINT('',(4.665074510663,5.72553608456,7.));
#5060 = ORIENTED_EDGE('',*,*,#5061,.F.);
#5061 = EDGE_CURVE('',#162,#5054,#5062,.T.);
#5062 = LINE('',#5063,#5064);
#5063 = CARTESIAN_POINT('',(4.665074510663,5.72553608456,0.));
#5064 = VECTOR('',#5065,1.);
#5065 = DIRECTION('',(0.,0.,1.));
#5066 = ORIENTED_EDGE('',*,*,#169,.F.);
#5067 = SURFACE_OF_LINEAR_EXTRUSION('',#5068,#5072);
#5068 = ( BOUNDED_CURVE() B_SPLINE_CURVE(2,(#5069,#5070,#5071),
.UNSPECIFIED.,.F.,.F.) B_SPLINE_CURVE_WITH_KNOTS((3,3),(0.,
1.508825302794),.PIECEWISE_BEZIER_KNOTS.) CURVE() 
GEOMETRIC_REPRESENTATION_ITEM() RATIONAL_B_SPLINE_CURVE((1.,
0.728673920883,1.)) REPRESENTATION_ITEM('') );
#5069 = CARTESIAN_POINT('',(4.692257437345,5.521883986536,0.));
#5070 = CARTESIAN_POINT('',(4.774369508207,5.636484282309,0.));
#5071 = CARTESIAN_POINT('',(4.665074510663,5.72553608456,0.));
#5072 = VECTOR('',#5073,1.);
#5073 = DIRECTION('',(-0.,-0.,-1.));
#5074 = ADVANCED_FACE('',(#5075),#5093,.F.);
#5075 = FACE_BOUND('',#5076,.F.);
#5076 = EDGE_LOOP('',(#5077,#5078,#5086,#5092));
#5077 = ORIENTED_EDGE('',*,*,#5061,.T.);
#5078 = ORIENTED_EDGE('',*,*,#5079,.T.);
#5079 = EDGE_CURVE('',#5054,#5080,#5082,.T.);
#5080 = VERTEX_POINT('',#5081);
#5081 = CARTESIAN_POINT('',(4.323033043244,5.987993733518,7.));
#5082 = ( BOUNDED_CURVE() B_SPLINE_CURVE(2,(#5083,#5084,#5085),
.UNSPECIFIED.,.F.,.F.) B_SPLINE_CURVE_WITH_KNOTS((3,3),(0.,
5.838450169226E-02),.PIECEWISE_BEZIER_KNOTS.) CURVE() 
GEOMETRIC_REPRESENTATION_ITEM() RATIONAL_B_SPLINE_CURVE((1.,
0.999573936504,1.)) REPRESENTATION_ITEM('') );
#5083 = CARTESIAN_POINT('',(4.665074510663,5.72553608456,7.));
#5084 = CARTESIAN_POINT('',(4.497885730292,5.861758807857,7.));
#5085 = CARTESIAN_POINT('',(4.323033043244,5.987993733518,7.));
#5086 = ORIENTED_EDGE('',*,*,#5087,.F.);
#5087 = EDGE_CURVE('',#154,#5080,#5088,.T.);
#5088 = LINE('',#5089,#5090);
#5089 = CARTESIAN_POINT('',(4.323033043244,5.987993733518,0.));
#5090 = VECTOR('',#5091,1.);
#5091 = DIRECTION('',(0.,0.,1.));
#5092 = ORIENTED_EDGE('',*,*,#161,.F.);
#5093 = SURFACE_OF_LINEAR_EXTRUSION('',#5094,#5098);
#5094 = ( BOUNDED_CURVE() B_SPLINE_CURVE(2,(#5095,#5096,#5097),
.UNSPECIFIED.,.F.,.F.) B_SPLINE_CURVE_WITH_KNOTS((3,3),(0.,
5.838450169226E-02),.PIECEWISE_BEZIER_KNOTS.) CURVE() 
GEOMETRIC_REPRESENTATION_ITEM() RATIONAL_B_SPLINE_CURVE((1.,
0.999573936504,1.)) REPRESENTATION_ITEM('') );
#5095 = CARTESIAN_POINT('',(4.665074510663,5.72553608456,0.));
#5096 = CARTESIAN_POINT('',(4.497885730292,5.861758807857,0.));
#5097 = CARTESIAN_POINT('',(4.323033043244,5.987993733518,0.));
#5098 = VECTOR('',#5099,1.);
#5099 = DIRECTION('',(-0.,-0.,-1.));
#5100 = ADVANCED_FACE('',(#5101),#5119,.F.);
#5101 = FACE_BOUND('',#5102,.F.);
#5102 = EDGE_LOOP('',(#5103,#5104,#5112,#5118));
#5103 = ORIENTED_EDGE('',*,*,#5087,.T.);
#5104 = ORIENTED_EDGE('',*,*,#5105,.T.);
#5105 = EDGE_CURVE('',#5080,#5106,#5108,.T.);
#5106 = VERTEX_POINT('',#5107);
#5107 = CARTESIAN_POINT('',(4.119284763059,5.961541382891,7.));
#5108 = ( BOUNDED_CURVE() B_SPLINE_CURVE(2,(#5109,#5110,#5111),
.UNSPECIFIED.,.F.,.F.) B_SPLINE_CURVE_WITH_KNOTS((3,3),(0.,
1.508825302794),.PIECEWISE_BEZIER_KNOTS.) CURVE() 
GEOMETRIC_REPRESENTATION_ITEM() RATIONAL_B_SPLINE_CURVE((1.,
0.728673920883,1.)) REPRESENTATION_ITEM('') );
#5109 = CARTESIAN_POINT('',(4.323033043244,5.987993733518,7.));
#5110 = CARTESIAN_POINT('',(4.208727980674,6.070516291906,7.));
#5111 = CARTESIAN_POINT('',(4.119284763059,5.961541382891,7.));
#5112 = ORIENTED_EDGE('',*,*,#5113,.F.);
#5113 = EDGE_CURVE('',#146,#5106,#5114,.T.);
#5114 = LINE('',#5115,#5116);
#5115 = CARTESIAN_POINT('',(4.119284763059,5.961541382891,0.));
#5116 = VECTOR('',#5117,1.);
#5117 = DIRECTION('',(0.,0.,1.));
#5118 = ORIENTED_EDGE('',*,*,#153,.F.);
#5119 = SURFACE_OF_LINEAR_EXTRUSION('',#5120,#5124);
#5120 = ( BOUNDED_CURVE() B_SPLINE_CURVE(2,(#5121,#5122,#5123),
.UNSPECIFIED.,.F.,.F.) B_SPLINE_CURVE_WITH_KNOTS((3,3),(0.,
1.508825302794),.PIECEWISE_BEZIER_KNOTS.) CURVE() 
GEOMETRIC_REPRESENTATION_ITEM() RATIONAL_B_SPLINE_CURVE((1.,
0.728673920883,1.)) REPRESENTATION_ITEM('') );
#5121 = CARTESIAN_POINT('',(4.323033043244,5.987993733518,0.));
#5122 = CARTESIAN_POINT('',(4.208727980674,6.070516291906,0.));
#5123 = CARTESIAN_POINT('',(4.119284763059,5.961541382891,0.));
#5124 = VECTOR('',#5125,1.);
#5125 = DIRECTION('',(-0.,-0.,-1.));
#5126 = ADVANCED_FACE('',(#5127),#5145,.F.);
#5127 = FACE_BOUND('',#5128,.F.);
#5128 = EDGE_LOOP('',(#5129,#5130,#5138,#5144));
#5129 = ORIENTED_EDGE('',*,*,#5113,.T.);
#5130 = ORIENTED_EDGE('',*,*,#5131,.T.);
#5131 = EDGE_CURVE('',#5106,#5132,#5134,.T.);
#5132 = VERTEX_POINT('',#5133);
#5133 = CARTESIAN_POINT('',(3.905657150251,5.76704381219,7.));
#5134 = ( BOUNDED_CURVE() B_SPLINE_CURVE(2,(#5135,#5136,#5137),
.UNSPECIFIED.,.F.,.F.) B_SPLINE_CURVE_WITH_KNOTS((3,3),(0.,
0.289919229054),.PIECEWISE_BEZIER_KNOTS.) CURVE() 
GEOMETRIC_REPRESENTATION_ITEM() RATIONAL_B_SPLINE_CURVE((1.,
0.989511740461,1.)) REPRESENTATION_ITEM('') );
#5135 = CARTESIAN_POINT('',(4.119284763059,5.961541382891,7.));
#5136 = CARTESIAN_POINT('',(4.026667682648,5.848699535515,7.));
#5137 = CARTESIAN_POINT('',(3.905657150251,5.76704381219,7.));
#5138 = ORIENTED_EDGE('',*,*,#5139,.F.);
#5139 = EDGE_CURVE('',#138,#5132,#5140,.T.);
#5140 = LINE('',#5141,#5142);
#5141 = CARTESIAN_POINT('',(3.905657150251,5.76704381219,0.));
#5142 = VECTOR('',#5143,1.);
#5143 = DIRECTION('',(0.,0.,1.));
#5144 = ORIENTED_EDGE('',*,*,#145,.F.);
#5145 = SURFACE_OF_LINEAR_EXTRUSION('',#5146,#5150);
#5146 = ( BOUNDED_CURVE() B_SPLINE_CURVE(2,(#5147,#5148,#5149),
.UNSPECIFIED.,.F.,.F.) B_SPLINE_CURVE_WITH_KNOTS((3,3),(0.,
0.289919229054),.PIECEWISE_BEZIER_KNOTS.) CURVE() 
GEOMETRIC_REPRESENTATION_ITEM() RATIONAL_B_SPLINE_CURVE((1.,
0.989511740461,1.)) REPRESENTATION_ITEM('') );
#5147 = CARTESIAN_POINT('',(4.119284763059,5.961541382891,0.));
#5148 = CARTESIAN_POINT('',(4.026667682648,5.848699535515,0.));
#5149 = CARTESIAN_POINT('',(3.905657150251,5.76704381219,0.));
#5150 = VECTOR('',#5151,1.);
#5151 = DIRECTION('',(-0.,-0.,-1.));
#5152 = ADVANCED_FACE('',(#5153),#5171,.F.);
#5153 = FACE_BOUND('',#5154,.F.);
#5154 = EDGE_LOOP('',(#5155,#5156,#5164,#5170));
#5155 = ORIENTED_EDGE('',*,*,#5139,.T.);
#5156 = ORIENTED_EDGE('',*,*,#5157,.T.);
#5157 = EDGE_CURVE('',#5132,#5158,#5160,.T.);
#5158 = VERTEX_POINT('',#5159);
#5159 = CARTESIAN_POINT('',(3.041577870969,6.265920216685,7.));
#5160 = ( BOUNDED_CURVE() B_SPLINE_CURVE(2,(#5161,#5162,#5163),
.UNSPECIFIED.,.F.,.F.) B_SPLINE_CURVE_WITH_KNOTS((3,3),(0.,
2.234397261374),.PIECEWISE_BEZIER_KNOTS.) CURVE() 
GEOMETRIC_REPRESENTATION_ITEM() RATIONAL_B_SPLINE_CURVE((1.,
0.438202247191,1.)) REPRESENTATION_ITEM('') );
#5161 = CARTESIAN_POINT('',(3.905657150251,5.76704381219,7.));
#5162 = CARTESIAN_POINT('',(2.961949403436,5.1302468562,7.));
#5163 = CARTESIAN_POINT('',(3.041577870969,6.265920216685,7.));
#5164 = ORIENTED_EDGE('',*,*,#5165,.F.);
#5165 = EDGE_CURVE('',#130,#5158,#5166,.T.);
#5166 = LINE('',#5167,#5168);
#5167 = CARTESIAN_POINT('',(3.041577870969,6.265920216685,0.));
#5168 = VECTOR('',#5169,1.);
#5169 = DIRECTION('',(0.,0.,1.));
#5170 = ORIENTED_EDGE('',*,*,#137,.F.);
#5171 = SURFACE_OF_LINEAR_EXTRUSION('',#5172,#5176);
#5172 = ( BOUNDED_CURVE() B_SPLINE_CURVE(2,(#5173,#5174,#5175),
.UNSPECIFIED.,.F.,.F.) B_SPLINE_CURVE_WITH_KNOTS((3,3),(0.,
2.234397261374),.PIECEWISE_BEZIER_KNOTS.) CURVE() 
GEOMETRIC_REPRESENTATION_ITEM() RATIONAL_B_SPLINE_CURVE((1.,
0.438202247191,1.)) REPRESENTATION_ITEM('') );
#5173 = CARTESIAN_POINT('',(3.905657150251,5.76704381219,0.));
#5174 = CARTESIAN_POINT('',(2.961949403436,5.1302468562,0.));
#5175 = CARTESIAN_POINT('',(3.041577870969,6.265920216685,0.));
#5176 = VECTOR('',#5177,1.);
#5177 = DIRECTION('',(-0.,-0.,-1.));
#5178 = ADVANCED_FACE('',(#5179),#5197,.F.);
#5179 = FACE_BOUND('',#5180,.F.);
#5180 = EDGE_LOOP('',(#5181,#5182,#5190,#5196));
#5181 = ORIENTED_EDGE('',*,*,#5165,.T.);
#5182 = ORIENTED_EDGE('',*,*,#5183,.T.);
#5183 = EDGE_CURVE('',#5158,#5184,#5186,.T.);
#5184 = VERTEX_POINT('',#5185);
#5185 = CARTESIAN_POINT('',(3.103203901767,6.548175941677,7.));
#5186 = ( BOUNDED_CURVE() B_SPLINE_CURVE(2,(#5187,#5188,#5189),
.UNSPECIFIED.,.F.,.F.) B_SPLINE_CURVE_WITH_KNOTS((3,3),(0.,
0.289919229054),.PIECEWISE_BEZIER_KNOTS.) CURVE() 
GEOMETRIC_REPRESENTATION_ITEM() RATIONAL_B_SPLINE_CURVE((1.,
0.989511740461,1.)) REPRESENTATION_ITEM('') );
#5187 = CARTESIAN_POINT('',(3.041577870969,6.265920216685,7.));
#5188 = CARTESIAN_POINT('',(3.051788535534,6.411546273529,7.));
#5189 = CARTESIAN_POINT('',(3.103203901767,6.548175941677,7.));
#5190 = ORIENTED_EDGE('',*,*,#5191,.F.);
#5191 = EDGE_CURVE('',#122,#5184,#5192,.T.);
#5192 = LINE('',#5193,#5194);
#5193 = CARTESIAN_POINT('',(3.103203901767,6.548175941677,0.));
#5194 = VECTOR('',#5195,1.);
#5195 = DIRECTION('',(0.,0.,1.));
#5196 = ORIENTED_EDGE('',*,*,#129,.F.);
#5197 = SURFACE_OF_LINEAR_EXTRUSION('',#5198,#5202);
#5198 = ( BOUNDED_CURVE() B_SPLINE_CURVE(2,(#5199,#5200,#5201),
.UNSPECIFIED.,.F.,.F.) B_SPLINE_CURVE_WITH_KNOTS((3,3),(0.,
0.289919229054),.PIECEWISE_BEZIER_KNOTS.) CURVE() 
GEOMETRIC_REPRESENTATION_ITEM() RATIONAL_B_SPLINE_CURVE((1.,
0.989511740461,1.)) REPRESENTATION_ITEM('') );
#5199 = CARTESIAN_POINT('',(3.041577870969,6.265920216685,0.));
#5200 = CARTESIAN_POINT('',(3.051788535534,6.411546273529,0.));
#5201 = CARTESIAN_POINT('',(3.103203901767,6.548175941677,0.));
#5202 = VECTOR('',#5203,1.);
#5203 = DIRECTION('',(-0.,-0.,-1.));
#5204 = ADVANCED_FACE('',(#5205),#5223,.F.);
#5205 = FACE_BOUND('',#5206,.F.);
#5206 = EDGE_LOOP('',(#5207,#5208,#5216,#5222));
#5207 = ORIENTED_EDGE('',*,*,#5191,.T.);
#5208 = ORIENTED_EDGE('',*,*,#5209,.T.);
#5209 = EDGE_CURVE('',#5184,#5210,#5212,.T.);
#5210 = VERTEX_POINT('',#5211);
#5211 = CARTESIAN_POINT('',(3.024238169307,6.737853303608,7.));
#5212 = ( BOUNDED_CURVE() B_SPLINE_CURVE(2,(#5213,#5214,#5215),
.UNSPECIFIED.,.F.,.F.) B_SPLINE_CURVE_WITH_KNOTS((3,3),(0.,
1.508825302794),.PIECEWISE_BEZIER_KNOTS.) CURVE() 
GEOMETRIC_REPRESENTATION_ITEM() RATIONAL_B_SPLINE_CURVE((1.,
0.728673920883,1.)) REPRESENTATION_ITEM('') );
#5213 = CARTESIAN_POINT('',(3.103203901767,6.548175941677,7.));
#5214 = CARTESIAN_POINT('',(3.152857332541,6.680123494835,7.));
#5215 = CARTESIAN_POINT('',(3.024238169307,6.737853303608,7.));
#5216 = ORIENTED_EDGE('',*,*,#5217,.F.);
#5217 = EDGE_CURVE('',#114,#5210,#5218,.T.);
#5218 = LINE('',#5219,#5220);
#5219 = CARTESIAN_POINT('',(3.024238169307,6.737853303608,0.));
#5220 = VECTOR('',#5221,1.);
#5221 = DIRECTION('',(0.,0.,1.));
#5222 = ORIENTED_EDGE('',*,*,#121,.F.);
#5223 = SURFACE_OF_LINEAR_EXTRUSION('',#5224,#5228);
#5224 = ( BOUNDED_CURVE() B_SPLINE_CURVE(2,(#5225,#5226,#5227),
.UNSPECIFIED.,.F.,.F.) B_SPLINE_CURVE_WITH_KNOTS((3,3),(0.,
1.508825302794),.PIECEWISE_BEZIER_KNOTS.) CURVE() 
GEOMETRIC_REPRESENTATION_ITEM() RATIONAL_B_SPLINE_CURVE((1.,
0.728673920883,1.)) REPRESENTATION_ITEM('') );
#5225 = CARTESIAN_POINT('',(3.103203901767,6.548175941677,0.));
#5226 = CARTESIAN_POINT('',(3.152857332541,6.680123494835,0.));
#5227 = CARTESIAN_POINT('',(3.024238169307,6.737853303608,0.));
#5228 = VECTOR('',#5229,1.);
#5229 = DIRECTION('',(-0.,-0.,-1.));
#5230 = ADVANCED_FACE('',(#5231),#5249,.F.);
#5231 = FACE_BOUND('',#5232,.F.);
#5232 = EDGE_LOOP('',(#5233,#5234,#5242,#5248));
#5233 = ORIENTED_EDGE('',*,*,#5217,.T.);
#5234 = ORIENTED_EDGE('',*,*,#5235,.T.);
#5235 = EDGE_CURVE('',#5210,#5236,#5238,.T.);
#5236 = VERTEX_POINT('',#5237);
#5237 = CARTESIAN_POINT('',(2.625922444182,6.902841079061,7.));
#5238 = ( BOUNDED_CURVE() B_SPLINE_CURVE(2,(#5239,#5240,#5241),
.UNSPECIFIED.,.F.,.F.) B_SPLINE_CURVE_WITH_KNOTS((3,3),(0.,
5.838450169226E-02),.PIECEWISE_BEZIER_KNOTS.) CURVE() 
GEOMETRIC_REPRESENTATION_ITEM() RATIONAL_B_SPLINE_CURVE((1.,
0.999573936504,1.)) REPRESENTATION_ITEM('') );
#5239 = CARTESIAN_POINT('',(3.024238169307,6.737853303608,7.));
#5240 = CARTESIAN_POINT('',(2.827489173315,6.826162709681,7.));
#5241 = CARTESIAN_POINT('',(2.625922444182,6.902841079061,7.));
#5242 = ORIENTED_EDGE('',*,*,#5243,.F.);
#5243 = EDGE_CURVE('',#106,#5236,#5244,.T.);
#5244 = LINE('',#5245,#5246);
#5245 = CARTESIAN_POINT('',(2.625922444182,6.902841079061,0.));
#5246 = VECTOR('',#5247,1.);
#5247 = DIRECTION('',(0.,0.,1.));
#5248 = ORIENTED_EDGE('',*,*,#113,.F.);
#5249 = SURFACE_OF_LINEAR_EXTRUSION('',#5250,#5254);
#5250 = ( BOUNDED_CURVE() B_SPLINE_CURVE(2,(#5251,#5252,#5253),
.UNSPECIFIED.,.F.,.F.) B_SPLINE_CURVE_WITH_KNOTS((3,3),(0.,
5.838450169226E-02),.PIECEWISE_BEZIER_KNOTS.) CURVE() 
GEOMETRIC_REPRESENTATION_ITEM() RATIONAL_B_SPLINE_CURVE((1.,
0.999573936504,1.)) REPRESENTATION_ITEM('') );
#5251 = CARTESIAN_POINT('',(3.024238169307,6.737853303608,0.));
#5252 = CARTESIAN_POINT('',(2.827489173315,6.826162709681,0.));
#5253 = CARTESIAN_POINT('',(2.625922444182,6.902841079061,0.));
#5254 = VECTOR('',#5255,1.);
#5255 = DIRECTION('',(-0.,-0.,-1.));
#5256 = ADVANCED_FACE('',(#5257),#5275,.F.);
#5257 = FACE_BOUND('',#5258,.F.);
#5258 = EDGE_LOOP('',(#5259,#5260,#5268,#5274));
#5259 = ORIENTED_EDGE('',*,*,#5243,.T.);
#5260 = ORIENTED_EDGE('',*,*,#5261,.T.);
#5261 = EDGE_CURVE('',#5236,#5262,#5264,.T.);
#5262 = VERTEX_POINT('',#5263);
#5263 = CARTESIAN_POINT('',(2.435963090418,6.824556135106,7.));
#5264 = ( BOUNDED_CURVE() B_SPLINE_CURVE(2,(#5265,#5266,#5267),
.UNSPECIFIED.,.F.,.F.) B_SPLINE_CURVE_WITH_KNOTS((3,3),(0.,
1.508825302794),.PIECEWISE_BEZIER_KNOTS.) CURVE() 
GEOMETRIC_REPRESENTATION_ITEM() RATIONAL_B_SPLINE_CURVE((1.,
0.728673920883,1.)) REPRESENTATION_ITEM('') );
#5265 = CARTESIAN_POINT('',(2.625922444182,6.902841079061,7.));
#5266 = CARTESIAN_POINT('',(2.494153822408,6.952967422315,7.));
#5267 = CARTESIAN_POINT('',(2.435963090418,6.824556135106,7.));
#5268 = ORIENTED_EDGE('',*,*,#5269,.F.);
#5269 = EDGE_CURVE('',#98,#5262,#5270,.T.);
#5270 = LINE('',#5271,#5272);
#5271 = CARTESIAN_POINT('',(2.435963090418,6.824556135106,0.));
#5272 = VECTOR('',#5273,1.);
#5273 = DIRECTION('',(0.,0.,1.));
#5274 = ORIENTED_EDGE('',*,*,#105,.F.);
#5275 = SURFACE_OF_LINEAR_EXTRUSION('',#5276,#5280);
#5276 = ( BOUNDED_CURVE() B_SPLINE_CURVE(2,(#5277,#5278,#5279),
.UNSPECIFIED.,.F.,.F.) B_SPLINE_CURVE_WITH_KNOTS((3,3),(0.,
1.508825302794),.PIECEWISE_BEZIER_KNOTS.) CURVE() 
GEOMETRIC_REPRESENTATION_ITEM() RATIONAL_B_SPLINE_CURVE((1.,
0.728673920883,1.)) REPRESENTATION_ITEM('') );
#5277 = CARTESIAN_POINT('',(2.625922444182,6.902841079061,0.));
#5278 = CARTESIAN_POINT('',(2.494153822408,6.952967422315,0.));
#5279 = CARTESIAN_POINT('',(2.435963090418,6.824556135106,0.));
#5280 = VECTOR('',#5281,1.);
#5281 = DIRECTION('',(-0.,-0.,-1.));
#5282 = ADVANCED_FACE('',(#5283),#5301,.F.);
#5283 = FACE_BOUND('',#5284,.F.);
#5284 = EDGE_LOOP('',(#5285,#5286,#5294,#5300));
#5285 = ORIENTED_EDGE('',*,*,#5269,.T.);
#5286 = ORIENTED_EDGE('',*,*,#5287,.T.);
#5287 = EDGE_CURVE('',#5262,#5288,#5290,.T.);
#5288 = VERTEX_POINT('',#5289);
#5289 = CARTESIAN_POINT('',(2.279954337522,6.581395013661,7.));
#5290 = ( BOUNDED_CURVE() B_SPLINE_CURVE(2,(#5291,#5292,#5293),
.UNSPECIFIED.,.F.,.F.) B_SPLINE_CURVE_WITH_KNOTS((3,3),(0.,
0.289919229054),.PIECEWISE_BEZIER_KNOTS.) CURVE() 
GEOMETRIC_REPRESENTATION_ITEM() RATIONAL_B_SPLINE_CURVE((1.,
0.989511740461,1.)) REPRESENTATION_ITEM('') );
#5291 = CARTESIAN_POINT('',(2.435963090418,6.824556135106,7.));
#5292 = CARTESIAN_POINT('',(2.37570747968,6.691588216127,7.));
#5293 = CARTESIAN_POINT('',(2.279954337522,6.581395013661,7.));
#5294 = ORIENTED_EDGE('',*,*,#5295,.F.);
#5295 = EDGE_CURVE('',#90,#5288,#5296,.T.);
#5296 = LINE('',#5297,#5298);
#5297 = CARTESIAN_POINT('',(2.279954337522,6.581395013661,0.));
#5298 = VECTOR('',#5299,1.);
#5299 = DIRECTION('',(0.,0.,1.));
#5300 = ORIENTED_EDGE('',*,*,#97,.F.);
#5301 = SURFACE_OF_LINEAR_EXTRUSION('',#5302,#5306);
#5302 = ( BOUNDED_CURVE() B_SPLINE_CURVE(2,(#5303,#5304,#5305),
.UNSPECIFIED.,.F.,.F.) B_SPLINE_CURVE_WITH_KNOTS((3,3),(0.,
0.289919229054),.PIECEWISE_BEZIER_KNOTS.) CURVE() 
GEOMETRIC_REPRESENTATION_ITEM() RATIONAL_B_SPLINE_CURVE((1.,
0.989511740461,1.)) REPRESENTATION_ITEM('') );
#5303 = CARTESIAN_POINT('',(2.435963090418,6.824556135106,0.));
#5304 = CARTESIAN_POINT('',(2.37570747968,6.691588216127,0.));
#5305 = CARTESIAN_POINT('',(2.279954337522,6.581395013661,0.));
#5306 = VECTOR('',#5307,1.);
#5307 = DIRECTION('',(-0.,-0.,-1.));
#5308 = ADVANCED_FACE('',(#5309),#5327,.F.);
#5309 = FACE_BOUND('',#5310,.F.);
#5310 = EDGE_LOOP('',(#5311,#5312,#5320,#5326));
#5311 = ORIENTED_EDGE('',*,*,#5295,.T.);
#5312 = ORIENTED_EDGE('',*,*,#5313,.T.);
#5313 = EDGE_CURVE('',#5288,#5314,#5316,.T.);
#5314 = VERTEX_POINT('',#5315);
#5315 = CARTESIAN_POINT('',(1.316199131068,6.839632442932,7.));
#5316 = ( BOUNDED_CURVE() B_SPLINE_CURVE(2,(#5317,#5318,#5319),
.UNSPECIFIED.,.F.,.F.) B_SPLINE_CURVE_WITH_KNOTS((3,3),(0.,
2.234397261374),.PIECEWISE_BEZIER_KNOTS.) CURVE() 
GEOMETRIC_REPRESENTATION_ITEM() RATIONAL_B_SPLINE_CURVE((1.,
0.438202247191,1.)) REPRESENTATION_ITEM('') );
#5317 = CARTESIAN_POINT('',(2.279954337522,6.581395013661,7.));
#5318 = CARTESIAN_POINT('',(1.533217832479,5.722046849881,7.));
#5319 = CARTESIAN_POINT('',(1.316199131068,6.839632442932,7.));
#5320 = ORIENTED_EDGE('',*,*,#5321,.F.);
#5321 = EDGE_CURVE('',#82,#5314,#5322,.T.);
#5322 = LINE('',#5323,#5324);
#5323 = CARTESIAN_POINT('',(1.316199131068,6.839632442932,0.));
#5324 = VECTOR('',#5325,1.);
#5325 = DIRECTION('',(0.,0.,1.));
#5326 = ORIENTED_EDGE('',*,*,#89,.F.);
#5327 = SURFACE_OF_LINEAR_EXTRUSION('',#5328,#5332);
#5328 = ( BOUNDED_CURVE() B_SPLINE_CURVE(2,(#5329,#5330,#5331),
.UNSPECIFIED.,.F.,.F.) B_SPLINE_CURVE_WITH_KNOTS((3,3),(0.,
2.234397261374),.PIECEWISE_BEZIER_KNOTS.) CURVE() 
GEOMETRIC_REPRESENTATION_ITEM() RATIONAL_B_SPLINE_CURVE((1.,
0.438202247191,1.)) REPRESENTATION_ITEM('') );
#5329 = CARTESIAN_POINT('',(2.279954337522,6.581395013661,0.));
#5330 = CARTESIAN_POINT('',(1.533217832479,5.722046849881,0.));
#5331 = CARTESIAN_POINT('',(1.316199131068,6.839632442932,0.));
#5332 = VECTOR('',#5333,1.);
#5333 = DIRECTION('',(-0.,-0.,-1.));
#5334 = ADVANCED_FACE('',(#5335),#5353,.F.);
#5335 = FACE_BOUND('',#5336,.F.);
#5336 = EDGE_LOOP('',(#5337,#5338,#5346,#5352));
#5337 = ORIENTED_EDGE('',*,*,#5321,.T.);
#5338 = ORIENTED_EDGE('',*,*,#5339,.T.);
#5339 = EDGE_CURVE('',#5314,#5340,#5342,.T.);
#5340 = VERTEX_POINT('',#5341);
#5341 = CARTESIAN_POINT('',(1.302672148569,7.128220527764,7.));
#5342 = ( BOUNDED_CURVE() B_SPLINE_CURVE(2,(#5343,#5344,#5345),
.UNSPECIFIED.,.F.,.F.) B_SPLINE_CURVE_WITH_KNOTS((3,3),(0.,
0.289919229054),.PIECEWISE_BEZIER_KNOTS.) CURVE() 
GEOMETRIC_REPRESENTATION_ITEM() RATIONAL_B_SPLINE_CURVE((1.,
0.989511740461,1.)) REPRESENTATION_ITEM('') );
#5343 = CARTESIAN_POINT('',(1.316199131068,6.839632442932,7.));
#5344 = CARTESIAN_POINT('',(1.2883710787,6.982939126671,7.));
#5345 = CARTESIAN_POINT('',(1.302672148569,7.128220527764,7.));
#5346 = ORIENTED_EDGE('',*,*,#5347,.F.);
#5347 = EDGE_CURVE('',#74,#5340,#5348,.T.);
#5348 = LINE('',#5349,#5350);
#5349 = CARTESIAN_POINT('',(1.302672148569,7.128220527764,0.));
#5350 = VECTOR('',#5351,1.);
#5351 = DIRECTION('',(0.,0.,1.));
#5352 = ORIENTED_EDGE('',*,*,#81,.F.);
#5353 = SURFACE_OF_LINEAR_EXTRUSION('',#5354,#5358);
#5354 = ( BOUNDED_CURVE() B_SPLINE_CURVE(2,(#5355,#5356,#5357),
.UNSPECIFIED.,.F.,.F.) B_SPLINE_CURVE_WITH_KNOTS((3,3),(0.,
0.289919229054),.PIECEWISE_BEZIER_KNOTS.) CURVE() 
GEOMETRIC_REPRESENTATION_ITEM() RATIONAL_B_SPLINE_CURVE((1.,
0.989511740461,1.)) REPRESENTATION_ITEM('') );
#5355 = CARTESIAN_POINT('',(1.316199131068,6.839632442932,0.));
#5356 = CARTESIAN_POINT('',(1.2883710787,6.982939126671,0.));
#5357 = CARTESIAN_POINT('',(1.302672148569,7.128220527764,0.));
#5358 = VECTOR('',#5359,1.);
#5359 = DIRECTION('',(-0.,-0.,-1.));
#5360 = ADVANCED_FACE('',(#5361),#5379,.F.);
#5361 = FACE_BOUND('',#5362,.F.);
#5362 = EDGE_LOOP('',(#5363,#5364,#5372,#5378));
#5363 = ORIENTED_EDGE('',*,*,#5347,.T.);
#5364 = ORIENTED_EDGE('',*,*,#5365,.T.);
#5365 = EDGE_CURVE('',#5340,#5366,#5368,.T.);
#5366 = VERTEX_POINT('',#5367);
#5367 = CARTESIAN_POINT('',(1.177304994502,7.290996954845,7.));
#5368 = ( BOUNDED_CURVE() B_SPLINE_CURVE(2,(#5369,#5370,#5371),
.UNSPECIFIED.,.F.,.F.) B_SPLINE_CURVE_WITH_KNOTS((3,3),(0.,
1.508825302794),.PIECEWISE_BEZIER_KNOTS.) CURVE() 
GEOMETRIC_REPRESENTATION_ITEM() RATIONAL_B_SPLINE_CURVE((1.,
0.728673920883,1.)) REPRESENTATION_ITEM('') );
#5369 = CARTESIAN_POINT('',(1.302672148569,7.128220527764,7.));
#5370 = CARTESIAN_POINT('',(1.316483140006,7.268523330614,7.));
#5371 = CARTESIAN_POINT('',(1.177304994502,7.290996954845,7.));
#5372 = ORIENTED_EDGE('',*,*,#5373,.F.);
#5373 = EDGE_CURVE('',#66,#5366,#5374,.T.);
#5374 = LINE('',#5375,#5376);
#5375 = CARTESIAN_POINT('',(1.177304994502,7.290996954845,0.));
#5376 = VECTOR('',#5377,1.);
#5377 = DIRECTION('',(0.,0.,1.));
#5378 = ORIENTED_EDGE('',*,*,#73,.F.);
#5379 = SURFACE_OF_LINEAR_EXTRUSION('',#5380,#5384);
#5380 = ( BOUNDED_CURVE() B_SPLINE_CURVE(2,(#5381,#5382,#5383),
.UNSPECIFIED.,.F.,.F.) B_SPLINE_CURVE_WITH_KNOTS((3,3),(0.,
1.508825302794),.PIECEWISE_BEZIER_KNOTS.) CURVE() 
GEOMETRIC_REPRESENTATION_ITEM() RATIONAL_B_SPLINE_CURVE((1.,
0.728673920883,1.)) REPRESENTATION_ITEM('') );
#5381 = CARTESIAN_POINT('',(1.302672148569,7.128220527764,0.));
#5382 = CARTESIAN_POINT('',(1.316483140006,7.268523330614,0.));
#5383 = CARTESIAN_POINT('',(1.177304994502,7.290996954845,0.));
#5384 = VECTOR('',#5385,1.);
#5385 = DIRECTION('',(-0.,-0.,-1.));
#5386 = ADVANCED_FACE('',(#5387),#5398,.F.);
#5387 = FACE_BOUND('',#5388,.F.);
#5388 = EDGE_LOOP('',(#5389,#5390,#5396,#5397));
#5389 = ORIENTED_EDGE('',*,*,#5373,.T.);
#5390 = ORIENTED_EDGE('',*,*,#5391,.T.);
#5391 = EDGE_CURVE('',#5366,#1246,#5392,.T.);
#5392 = ( BOUNDED_CURVE() B_SPLINE_CURVE(2,(#5393,#5394,#5395),
.UNSPECIFIED.,.F.,.F.) B_SPLINE_CURVE_WITH_KNOTS((3,3),(0.,
5.838450169226E-02),.PIECEWISE_BEZIER_KNOTS.) CURVE() 
GEOMETRIC_REPRESENTATION_ITEM() RATIONAL_B_SPLINE_CURVE((1.,
0.999573936504,1.)) REPRESENTATION_ITEM('') );
#5393 = CARTESIAN_POINT('',(1.177304994502,7.290996954845,7.));
#5394 = CARTESIAN_POINT('',(0.964403901824,7.325374903608,7.));
#5395 = CARTESIAN_POINT('',(0.74985957009,7.347271212551,7.));
#5396 = ORIENTED_EDGE('',*,*,#1245,.F.);
#5397 = ORIENTED_EDGE('',*,*,#65,.F.);
#5398 = SURFACE_OF_LINEAR_EXTRUSION('',#5399,#5403);
#5399 = ( BOUNDED_CURVE() B_SPLINE_CURVE(2,(#5400,#5401,#5402),
.UNSPECIFIED.,.F.,.F.) B_SPLINE_CURVE_WITH_KNOTS((3,3),(0.,
5.838450169226E-02),.PIECEWISE_BEZIER_KNOTS.) CURVE() 
GEOMETRIC_REPRESENTATION_ITEM() RATIONAL_B_SPLINE_CURVE((1.,
0.999573936504,1.)) REPRESENTATION_ITEM('') );
#5400 = CARTESIAN_POINT('',(1.177304994502,7.290996954845,0.));
#5401 = CARTESIAN_POINT('',(0.964403901824,7.325374903608,0.));
#5402 = CARTESIAN_POINT('',(0.74985957009,7.347271212551,0.));
#5403 = VECTOR('',#5404,1.);
#5404 = DIRECTION('',(-0.,-0.,-1.));
#5405 = ADVANCED_FACE('',(#5406),#5425,.T.);
#5406 = FACE_BOUND('',#5407,.F.);
#5407 = EDGE_LOOP('',(#5408,#5416,#5423,#5424));
#5408 = ORIENTED_EDGE('',*,*,#5409,.T.);
#5409 = EDGE_CURVE('',#1221,#5410,#5412,.T.);
#5410 = VERTEX_POINT('',#5411);
#5411 = CARTESIAN_POINT('',(8.,0.,-1.));
#5412 = LINE('',#5413,#5414);
#5413 = CARTESIAN_POINT('',(8.,0.,0.));
#5414 = VECTOR('',#5415,1.);
#5415 = DIRECTION('',(0.,0.,-1.));
#5416 = ORIENTED_EDGE('',*,*,#5417,.T.);
#5417 = EDGE_CURVE('',#5410,#5410,#5418,.T.);
#5418 = CIRCLE('',#5419,8.);
#5419 = AXIS2_PLACEMENT_3D('',#5420,#5421,#5422);
#5420 = CARTESIAN_POINT('',(0.,0.,-1.));
#5421 = DIRECTION('',(0.,0.,-1.));
#5422 = DIRECTION('',(1.,0.,0.));
#5423 = ORIENTED_EDGE('',*,*,#5409,.F.);
#5424 = ORIENTED_EDGE('',*,*,#1230,.F.);
#5425 = CYLINDRICAL_SURFACE('',#5426,8.);
#5426 = AXIS2_PLACEMENT_3D('',#5427,#5428,#5429);
#5427 = CARTESIAN_POINT('',(0.,0.,0.));
#5428 = DIRECTION('',(0.,0.,1.));
#5429 = DIRECTION('',(1.,0.,0.));
#5430 = ADVANCED_FACE('',(#5431,#5442),#5645,.F.);
#5431 = FACE_BOUND('',#5432,.F.);
#5432 = EDGE_LOOP('',(#5433));
#5433 = ORIENTED_EDGE('',*,*,#5434,.T.);
#5434 = EDGE_CURVE('',#5435,#5435,#5437,.T.);
#5435 = VERTEX_POINT('',#5436);
#5436 = CARTESIAN_POINT('',(7.5,0.,7.));
#5437 = CIRCLE('',#5438,7.5);
#5438 = AXIS2_PLACEMENT_3D('',#5439,#5440,#5441);
#5439 = CARTESIAN_POINT('',(0.,0.,7.));
#5440 = DIRECTION('',(0.,0.,1.));
#5441 = DIRECTION('',(1.,0.,-0.));
#5442 = FACE_BOUND('',#5443,.F.);
#5443 = EDGE_LOOP('',(#5444,#5445,#5446,#5447,#5448,#5449,#5450,#5451,
    #5452,#5453,#5454,#5455,#5456,#5457,#5458,#5459,#5460,#5461,#5462,
    #5463,#5464,#5465,#5466,#5467,#5468,#5469,#5470,#5471,#5472,#5473,
    #5481,#5489,#5495,#5496,#5504,#5512,#5518,#5519,#5527,#5535,#5541,
    #5542,#5543,#5544,#5545,#5546,#5547,#5548,#5549,#5550,#5551,#5552,
    #5553,#5554,#5555,#5556,#5557,#5558,#5559,#5560,#5561,#5562,#5563,
    #5564,#5565,#5566,#5567,#5568,#5569,#5570,#5571,#5572,#5573,#5574,
    #5575,#5576,#5577,#5578,#5579,#5580,#5581,#5582,#5583,#5584,#5585,
    #5586,#5587,#5588,#5589,#5590,#5591,#5592,#5593,#5594,#5595,#5596,
    #5597,#5598,#5599,#5600,#5601,#5602,#5603,#5604,#5605,#5606,#5607,
    #5608,#5609,#5610,#5611,#5612,#5613,#5614,#5615,#5616,#5617,#5618,
    #5619,#5620,#5621,#5622,#5623,#5624,#5625,#5626,#5627,#5628,#5629,
    #5630,#5631,#5632,#5633,#5634,#5635,#5636,#5637,#5638,#5639,#5640,
    #5641,#5642,#5643,#5644));
#5444 = ORIENTED_EDGE('',*,*,#1253,.F.);
#5445 = ORIENTED_EDGE('',*,*,#5391,.F.);
#5446 = ORIENTED_EDGE('',*,*,#5365,.F.);
#5447 = ORIENTED_EDGE('',*,*,#5339,.F.);
#5448 = ORIENTED_EDGE('',*,*,#5313,.F.);
#5449 = ORIENTED_EDGE('',*,*,#5287,.F.);
#5450 = ORIENTED_EDGE('',*,*,#5261,.F.);
#5451 = ORIENTED_EDGE('',*,*,#5235,.F.);
#5452 = ORIENTED_EDGE('',*,*,#5209,.F.);
#5453 = ORIENTED_EDGE('',*,*,#5183,.F.);
#5454 = ORIENTED_EDGE('',*,*,#5157,.F.);
#5455 = ORIENTED_EDGE('',*,*,#5131,.F.);
#5456 = ORIENTED_EDGE('',*,*,#5105,.F.);
#5457 = ORIENTED_EDGE('',*,*,#5079,.F.);
#5458 = ORIENTED_EDGE('',*,*,#5053,.F.);
#5459 = ORIENTED_EDGE('',*,*,#5027,.F.);
#5460 = ORIENTED_EDGE('',*,*,#5001,.F.);
#5461 = ORIENTED_EDGE('',*,*,#4975,.F.);
#5462 = ORIENTED_EDGE('',*,*,#4949,.F.);
#5463 = ORIENTED_EDGE('',*,*,#4923,.F.);
#5464 = ORIENTED_EDGE('',*,*,#4897,.F.);
#5465 = ORIENTED_EDGE('',*,*,#4871,.F.);
#5466 = ORIENTED_EDGE('',*,*,#4845,.F.);
#5467 = ORIENTED_EDGE('',*,*,#4819,.F.);
#5468 = ORIENTED_EDGE('',*,*,#4793,.F.);
#5469 = ORIENTED_EDGE('',*,*,#4767,.F.);
#5470 = ORIENTED_EDGE('',*,*,#4741,.F.);
#5471 = ORIENTED_EDGE('',*,*,#4715,.F.);
#5472 = ORIENTED_EDGE('',*,*,#4690,.F.);
#5473 = ORIENTED_EDGE('',*,*,#5474,.F.);
#5474 = EDGE_CURVE('',#5475,#4683,#5477,.T.);
#5475 = VERTEX_POINT('',#5476);
#5476 = CARTESIAN_POINT('',(7.128220527764,1.302672148569,7.));
#5477 = ( BOUNDED_CURVE() B_SPLINE_CURVE(2,(#5478,#5479,#5480),
.UNSPECIFIED.,.F.,.F.) B_SPLINE_CURVE_WITH_KNOTS((3,3),(0.,
0.289919229054),.PIECEWISE_BEZIER_KNOTS.) CURVE() 
GEOMETRIC_REPRESENTATION_ITEM() RATIONAL_B_SPLINE_CURVE((1.,
0.989511740461,1.)) REPRESENTATION_ITEM('') );
#5478 = CARTESIAN_POINT('',(7.128220527764,1.302672148569,7.));
#5479 = CARTESIAN_POINT('',(6.982939126671,1.2883710787,7.));
#5480 = CARTESIAN_POINT('',(6.839632442932,1.316199131068,7.));
#5481 = ORIENTED_EDGE('',*,*,#5482,.F.);
#5482 = EDGE_CURVE('',#5483,#5475,#5485,.T.);
#5483 = VERTEX_POINT('',#5484);
#5484 = CARTESIAN_POINT('',(7.290996954845,1.177304994502,7.));
#5485 = ( BOUNDED_CURVE() B_SPLINE_CURVE(2,(#5486,#5487,#5488),
.UNSPECIFIED.,.F.,.F.) B_SPLINE_CURVE_WITH_KNOTS((3,3),(0.,
1.508825302794),.PIECEWISE_BEZIER_KNOTS.) CURVE() 
GEOMETRIC_REPRESENTATION_ITEM() RATIONAL_B_SPLINE_CURVE((1.,
0.728673920883,1.)) REPRESENTATION_ITEM('') );
#5486 = CARTESIAN_POINT('',(7.290996954845,1.177304994502,7.));
#5487 = CARTESIAN_POINT('',(7.268523330614,1.316483140006,7.));
#5488 = CARTESIAN_POINT('',(7.128220527764,1.302672148569,7.));
#5489 = ORIENTED_EDGE('',*,*,#5490,.F.);
#5490 = EDGE_CURVE('',#4445,#5483,#5491,.T.);
#5491 = ( BOUNDED_CURVE() B_SPLINE_CURVE(2,(#5492,#5493,#5494),
.UNSPECIFIED.,.F.,.F.) B_SPLINE_CURVE_WITH_KNOTS((3,3),(0.,
5.838450169226E-02),.PIECEWISE_BEZIER_KNOTS.) CURVE() 
GEOMETRIC_REPRESENTATION_ITEM() RATIONAL_B_SPLINE_CURVE((1.,
0.999573936504,1.)) REPRESENTATION_ITEM('') );
#5492 = CARTESIAN_POINT('',(7.347271212551,0.74985957009,7.));
#5493 = CARTESIAN_POINT('',(7.325374903608,0.964403901824,7.));
#5494 = CARTESIAN_POINT('',(7.290996954845,1.177304994502,7.));
#5495 = ORIENTED_EDGE('',*,*,#4444,.F.);
#5496 = ORIENTED_EDGE('',*,*,#5497,.F.);
#5497 = EDGE_CURVE('',#5498,#4437,#5500,.T.);
#5498 = VERTEX_POINT('',#5499);
#5499 = CARTESIAN_POINT('',(6.94723502122,0.498876404494,7.));
#5500 = ( BOUNDED_CURVE() B_SPLINE_CURVE(2,(#5501,#5502,#5503),
.UNSPECIFIED.,.F.,.F.) B_SPLINE_CURVE_WITH_KNOTS((3,3),(0.,
0.289919229054),.PIECEWISE_BEZIER_KNOTS.) CURVE() 
GEOMETRIC_REPRESENTATION_ITEM() RATIONAL_B_SPLINE_CURVE((1.,
0.989511740461,1.)) REPRESENTATION_ITEM('') );
#5501 = CARTESIAN_POINT('',(6.94723502122,0.498876404494,7.));
#5502 = CARTESIAN_POINT('',(7.078456218183,0.562846738014,7.));
#5503 = CARTESIAN_POINT('',(7.222488664825,0.586634558785,7.));
#5504 = ORIENTED_EDGE('',*,*,#5505,.F.);
#5505 = EDGE_CURVE('',#5506,#5498,#5508,.T.);
#5506 = VERTEX_POINT('',#5507);
#5507 = CARTESIAN_POINT('',(6.94723502122,-0.498876404494,7.));
#5508 = ( BOUNDED_CURVE() B_SPLINE_CURVE(2,(#5509,#5510,#5511),
.UNSPECIFIED.,.F.,.F.) B_SPLINE_CURVE_WITH_KNOTS((3,3),(0.,
2.234397261374),.PIECEWISE_BEZIER_KNOTS.) CURVE() 
GEOMETRIC_REPRESENTATION_ITEM() RATIONAL_B_SPLINE_CURVE((1.,
0.438202247191,1.)) REPRESENTATION_ITEM('') );
#5509 = CARTESIAN_POINT('',(6.94723502122,-0.498876404494,7.));
#5510 = CARTESIAN_POINT('',(5.923898806873,-2.E-15,7.));
#5511 = CARTESIAN_POINT('',(6.94723502122,0.498876404494,7.));
#5512 = ORIENTED_EDGE('',*,*,#5513,.F.);
#5513 = EDGE_CURVE('',#4178,#5506,#5514,.T.);
#5514 = ( BOUNDED_CURVE() B_SPLINE_CURVE(2,(#5515,#5516,#5517),
.UNSPECIFIED.,.F.,.F.) B_SPLINE_CURVE_WITH_KNOTS((3,3),(0.,
0.289919229054),.PIECEWISE_BEZIER_KNOTS.) CURVE() 
GEOMETRIC_REPRESENTATION_ITEM() RATIONAL_B_SPLINE_CURVE((1.,
0.989511740461,1.)) REPRESENTATION_ITEM('') );
#5515 = CARTESIAN_POINT('',(7.222488664825,-0.586634558785,7.));
#5516 = CARTESIAN_POINT('',(7.078456218183,-0.562846738014,7.));
#5517 = CARTESIAN_POINT('',(6.94723502122,-0.498876404494,7.));
#5518 = ORIENTED_EDGE('',*,*,#4177,.F.);
#5519 = ORIENTED_EDGE('',*,*,#5520,.F.);
#5520 = EDGE_CURVE('',#5521,#4170,#5523,.T.);
#5521 = VERTEX_POINT('',#5522);
#5522 = CARTESIAN_POINT('',(7.290996954845,-1.177304994502,7.));
#5523 = ( BOUNDED_CURVE() B_SPLINE_CURVE(2,(#5524,#5525,#5526),
.UNSPECIFIED.,.F.,.F.) B_SPLINE_CURVE_WITH_KNOTS((3,3),(0.,
5.838450169226E-02),.PIECEWISE_BEZIER_KNOTS.) CURVE() 
GEOMETRIC_REPRESENTATION_ITEM() RATIONAL_B_SPLINE_CURVE((1.,
0.999573936504,1.)) REPRESENTATION_ITEM('') );
#5524 = CARTESIAN_POINT('',(7.290996954845,-1.177304994502,7.));
#5525 = CARTESIAN_POINT('',(7.325374903608,-0.964403901824,7.));
#5526 = CARTESIAN_POINT('',(7.347271212551,-0.74985957009,7.));
#5527 = ORIENTED_EDGE('',*,*,#5528,.F.);
#5528 = EDGE_CURVE('',#5529,#5521,#5531,.T.);
#5529 = VERTEX_POINT('',#5530);
#5530 = CARTESIAN_POINT('',(7.128220527764,-1.302672148569,7.));
#5531 = ( BOUNDED_CURVE() B_SPLINE_CURVE(2,(#5532,#5533,#5534),
.UNSPECIFIED.,.F.,.F.) B_SPLINE_CURVE_WITH_KNOTS((3,3),(0.,
1.508825302794),.PIECEWISE_BEZIER_KNOTS.) CURVE() 
GEOMETRIC_REPRESENTATION_ITEM() RATIONAL_B_SPLINE_CURVE((1.,
0.728673920883,1.)) REPRESENTATION_ITEM('') );
#5532 = CARTESIAN_POINT('',(7.128220527764,-1.302672148569,7.));
#5533 = CARTESIAN_POINT('',(7.268523330614,-1.316483140006,7.));
#5534 = CARTESIAN_POINT('',(7.290996954845,-1.177304994502,7.));
#5535 = ORIENTED_EDGE('',*,*,#5536,.F.);
#5536 = EDGE_CURVE('',#3953,#5529,#5537,.T.);
#5537 = ( BOUNDED_CURVE() B_SPLINE_CURVE(2,(#5538,#5539,#5540),
.UNSPECIFIED.,.F.,.F.) B_SPLINE_CURVE_WITH_KNOTS((3,3),(0.,
0.289919229054),.PIECEWISE_BEZIER_KNOTS.) CURVE() 
GEOMETRIC_REPRESENTATION_ITEM() RATIONAL_B_SPLINE_CURVE((1.,
0.989511740461,1.)) REPRESENTATION_ITEM('') );
#5538 = CARTESIAN_POINT('',(6.839632442932,-1.316199131068,7.));
#5539 = CARTESIAN_POINT('',(6.982939126671,-1.2883710787,7.));
#5540 = CARTESIAN_POINT('',(7.128220527764,-1.302672148569,7.));
#5541 = ORIENTED_EDGE('',*,*,#3952,.F.);
#5542 = ORIENTED_EDGE('',*,*,#3925,.F.);
#5543 = ORIENTED_EDGE('',*,*,#3899,.F.);
#5544 = ORIENTED_EDGE('',*,*,#3873,.F.);
#5545 = ORIENTED_EDGE('',*,*,#3847,.F.);
#5546 = ORIENTED_EDGE('',*,*,#3821,.F.);
#5547 = ORIENTED_EDGE('',*,*,#3795,.F.);
#5548 = ORIENTED_EDGE('',*,*,#3769,.F.);
#5549 = ORIENTED_EDGE('',*,*,#3743,.F.);
#5550 = ORIENTED_EDGE('',*,*,#3717,.F.);
#5551 = ORIENTED_EDGE('',*,*,#3691,.F.);
#5552 = ORIENTED_EDGE('',*,*,#3665,.F.);
#5553 = ORIENTED_EDGE('',*,*,#3639,.F.);
#5554 = ORIENTED_EDGE('',*,*,#3613,.F.);
#5555 = ORIENTED_EDGE('',*,*,#3587,.F.);
#5556 = ORIENTED_EDGE('',*,*,#3561,.F.);
#5557 = ORIENTED_EDGE('',*,*,#3535,.F.);
#5558 = ORIENTED_EDGE('',*,*,#3509,.F.);
#5559 = ORIENTED_EDGE('',*,*,#3483,.F.);
#5560 = ORIENTED_EDGE('',*,*,#3457,.F.);
#5561 = ORIENTED_EDGE('',*,*,#3431,.F.);
#5562 = ORIENTED_EDGE('',*,*,#3405,.F.);
#5563 = ORIENTED_EDGE('',*,*,#3379,.F.);
#5564 = ORIENTED_EDGE('',*,*,#3353,.F.);
#5565 = ORIENTED_EDGE('',*,*,#3327,.F.);
#5566 = ORIENTED_EDGE('',*,*,#3301,.F.);
#5567 = ORIENTED_EDGE('',*,*,#3275,.F.);
#5568 = ORIENTED_EDGE('',*,*,#3249,.F.);
#5569 = ORIENTED_EDGE('',*,*,#3223,.F.);
#5570 = ORIENTED_EDGE('',*,*,#3197,.F.);
#5571 = ORIENTED_EDGE('',*,*,#3171,.F.);
#5572 = ORIENTED_EDGE('',*,*,#3145,.F.);
#5573 = ORIENTED_EDGE('',*,*,#3119,.F.);
#5574 = ORIENTED_EDGE('',*,*,#3093,.F.);
#5575 = ORIENTED_EDGE('',*,*,#3067,.F.);
#5576 = ORIENTED_EDGE('',*,*,#3041,.F.);
#5577 = ORIENTED_EDGE('',*,*,#3015,.F.);
#5578 = ORIENTED_EDGE('',*,*,#2989,.F.);
#5579 = ORIENTED_EDGE('',*,*,#2963,.F.);
#5580 = ORIENTED_EDGE('',*,*,#2937,.F.);
#5581 = ORIENTED_EDGE('',*,*,#2911,.F.);
#5582 = ORIENTED_EDGE('',*,*,#2885,.F.);
#5583 = ORIENTED_EDGE('',*,*,#2859,.F.);
#5584 = ORIENTED_EDGE('',*,*,#2833,.F.);
#5585 = ORIENTED_EDGE('',*,*,#2807,.F.);
#5586 = ORIENTED_EDGE('',*,*,#2781,.F.);
#5587 = ORIENTED_EDGE('',*,*,#2755,.F.);
#5588 = ORIENTED_EDGE('',*,*,#2729,.F.);
#5589 = ORIENTED_EDGE('',*,*,#2703,.F.);
#5590 = ORIENTED_EDGE('',*,*,#2677,.F.);
#5591 = ORIENTED_EDGE('',*,*,#2651,.F.);
#5592 = ORIENTED_EDGE('',*,*,#2625,.F.);
#5593 = ORIENTED_EDGE('',*,*,#2599,.F.);
#5594 = ORIENTED_EDGE('',*,*,#2573,.F.);
#5595 = ORIENTED_EDGE('',*,*,#2547,.F.);
#5596 = ORIENTED_EDGE('',*,*,#2521,.F.);
#5597 = ORIENTED_EDGE('',*,*,#2495,.F.);
#5598 = ORIENTED_EDGE('',*,*,#2469,.F.);
#5599 = ORIENTED_EDGE('',*,*,#2443,.F.);
#5600 = ORIENTED_EDGE('',*,*,#2417,.F.);
#5601 = ORIENTED_EDGE('',*,*,#2391,.F.);
#5602 = ORIENTED_EDGE('',*,*,#2365,.F.);
#5603 = ORIENTED_EDGE('',*,*,#2339,.F.);
#5604 = ORIENTED_EDGE('',*,*,#2313,.F.);
#5605 = ORIENTED_EDGE('',*,*,#2287,.F.);
#5606 = ORIENTED_EDGE('',*,*,#2261,.F.);
#5607 = ORIENTED_EDGE('',*,*,#2235,.F.);
#5608 = ORIENTED_EDGE('',*,*,#2209,.F.);
#5609 = ORIENTED_EDGE('',*,*,#2183,.F.);
#5610 = ORIENTED_EDGE('',*,*,#2157,.F.);
#5611 = ORIENTED_EDGE('',*,*,#2131,.F.);
#5612 = ORIENTED_EDGE('',*,*,#2105,.F.);
#5613 = ORIENTED_EDGE('',*,*,#2079,.F.);
#5614 = ORIENTED_EDGE('',*,*,#2053,.F.);
#5615 = ORIENTED_EDGE('',*,*,#2027,.F.);
#5616 = ORIENTED_EDGE('',*,*,#2001,.F.);
#5617 = ORIENTED_EDGE('',*,*,#1975,.F.);
#5618 = ORIENTED_EDGE('',*,*,#1949,.F.);
#5619 = ORIENTED_EDGE('',*,*,#1923,.F.);
#5620 = ORIENTED_EDGE('',*,*,#1897,.F.);
#5621 = ORIENTED_EDGE('',*,*,#1871,.F.);
#5622 = ORIENTED_EDGE('',*,*,#1845,.F.);
#5623 = ORIENTED_EDGE('',*,*,#1819,.F.);
#5624 = ORIENTED_EDGE('',*,*,#1793,.F.);
#5625 = ORIENTED_EDGE('',*,*,#1767,.F.);
#5626 = ORIENTED_EDGE('',*,*,#1741,.F.);
#5627 = ORIENTED_EDGE('',*,*,#1715,.F.);
#5628 = ORIENTED_EDGE('',*,*,#1689,.F.);
#5629 = ORIENTED_EDGE('',*,*,#1663,.F.);
#5630 = ORIENTED_EDGE('',*,*,#1637,.F.);
#5631 = ORIENTED_EDGE('',*,*,#1611,.F.);
#5632 = ORIENTED_EDGE('',*,*,#1585,.F.);
#5633 = ORIENTED_EDGE('',*,*,#1559,.F.);
#5634 = ORIENTED_EDGE('',*,*,#1533,.F.);
#5635 = ORIENTED_EDGE('',*,*,#1507,.F.);
#5636 = ORIENTED_EDGE('',*,*,#1481,.F.);
#5637 = ORIENTED_EDGE('',*,*,#1455,.F.);
#5638 = ORIENTED_EDGE('',*,*,#1429,.F.);
#5639 = ORIENTED_EDGE('',*,*,#1403,.F.);
#5640 = ORIENTED_EDGE('',*,*,#1378,.F.);
#5641 = ORIENTED_EDGE('',*,*,#1353,.F.);
#5642 = ORIENTED_EDGE('',*,*,#1328,.F.);
#5643 = ORIENTED_EDGE('',*,*,#1303,.F.);
#5644 = ORIENTED_EDGE('',*,*,#1278,.F.);
#5645 = PLANE('',#5646);
#5646 = AXIS2_PLACEMENT_3D('',#5647,#5648,#5649);
#5647 = CARTESIAN_POINT('',(-5.1E-16,2.E-17,7.));
#5648 = DIRECTION('',(0.,0.,1.));
#5649 = DIRECTION('',(1.,0.,0.));
#5650 = ADVANCED_FACE('',(#5651),#5886,.F.);
#5651 = FACE_BOUND('',#5652,.F.);
#5652 = EDGE_LOOP('',(#5653,#5654,#5662,#5669,#5670,#5671,#5672,#5673,
    #5674,#5681,#5682,#5683,#5684,#5685,#5686,#5693,#5694,#5695,#5696,
    #5697,#5712,#5740,#5753,#5760,#5761,#5772,#5809,#5822,#5823,#5830,
    #5845,#5873));
#5653 = ORIENTED_EDGE('',*,*,#4645,.F.);
#5654 = ORIENTED_EDGE('',*,*,#5655,.T.);
#5655 = EDGE_CURVE('',#4599,#5656,#5658,.T.);
#5656 = VERTEX_POINT('',#5657);
#5657 = CARTESIAN_POINT('',(3.464101615138,1.6,3.5));
#5658 = LINE('',#5659,#5660);
#5659 = CARTESIAN_POINT('',(7.347271212551,1.6,3.5));
#5660 = VECTOR('',#5661,1.);
#5661 = DIRECTION('',(-1.,-0.,-0.));
#5662 = ORIENTED_EDGE('',*,*,#5663,.T.);
#5663 = EDGE_CURVE('',#5656,#5656,#5664,.T.);
#5664 = CIRCLE('',#5665,1.6);
#5665 = AXIS2_PLACEMENT_3D('',#5666,#5667,#5668);
#5666 = CARTESIAN_POINT('',(3.464101615138,-6.E-17,3.5));
#5667 = DIRECTION('',(1.,0.,0.));
#5668 = DIRECTION('',(0.,1.,0.));
#5669 = ORIENTED_EDGE('',*,*,#5655,.F.);
#5670 = ORIENTED_EDGE('',*,*,#4598,.F.);
#5671 = ORIENTED_EDGE('',*,*,#4565,.T.);
#5672 = ORIENTED_EDGE('',*,*,#4519,.T.);
#5673 = ORIENTED_EDGE('',*,*,#4486,.T.);
#5674 = ORIENTED_EDGE('',*,*,#5675,.F.);
#5675 = EDGE_CURVE('',#4389,#4461,#5676,.T.);
#5676 = CIRCLE('',#5677,1.6);
#5677 = AXIS2_PLACEMENT_3D('',#5678,#5679,#5680);
#5678 = CARTESIAN_POINT('',(7.347271212551,0.,3.5));
#5679 = DIRECTION('',(1.,0.,0.));
#5680 = DIRECTION('',(0.,1.,0.));
#5681 = ORIENTED_EDGE('',*,*,#4388,.T.);
#5682 = ORIENTED_EDGE('',*,*,#4355,.T.);
#5683 = ORIENTED_EDGE('',*,*,#4300,.T.);
#5684 = ORIENTED_EDGE('',*,*,#4271,.T.);
#5685 = ORIENTED_EDGE('',*,*,#4228,.T.);
#5686 = ORIENTED_EDGE('',*,*,#5687,.F.);
#5687 = EDGE_CURVE('',#4129,#4219,#5688,.T.);
#5688 = CIRCLE('',#5689,1.6);
#5689 = AXIS2_PLACEMENT_3D('',#5690,#5691,#5692);
#5690 = CARTESIAN_POINT('',(7.347271212551,0.,3.5));
#5691 = DIRECTION('',(1.,0.,0.));
#5692 = DIRECTION('',(0.,1.,0.));
#5693 = ORIENTED_EDGE('',*,*,#4128,.T.);
#5694 = ORIENTED_EDGE('',*,*,#4082,.T.);
#5695 = ORIENTED_EDGE('',*,*,#4049,.T.);
#5696 = ORIENTED_EDGE('',*,*,#3968,.F.);
#5697 = ORIENTED_EDGE('',*,*,#5698,.F.);
#5698 = EDGE_CURVE('',#5699,#3961,#5701,.T.);
#5699 = VERTEX_POINT('',#5700);
#5700 = CARTESIAN_POINT('',(7.128220527764,-1.302672148569,
    4.429002299966));
#5701 = B_SPLINE_CURVE_WITH_KNOTS('',5,(#5702,#5703,#5704,#5705,#5706,
    #5707,#5708,#5709,#5710,#5711),.UNSPECIFIED.,.F.,.F.,(6,4,6),(0.,
    0.183278562123,1.),.UNSPECIFIED.);
#5702 = CARTESIAN_POINT('',(7.128220527764,-1.302672148569,
    4.429002299966));
#5703 = CARTESIAN_POINT('',(7.117658459511,-1.301632449923,
    4.430460193525));
#5704 = CARTESIAN_POINT('',(7.107060424141,-1.300730688959,
    4.431720350997));
#5705 = CARTESIAN_POINT('',(7.096432649711,-1.299968667389,
    4.432782576784));
#5706 = CARTESIAN_POINT('',(7.085781419571,-1.299347715701,
    4.433646714035));
#5707 = CARTESIAN_POINT('',(7.027573044885,-1.296734084624,
    4.437280148305));
#5708 = CARTESIAN_POINT('',(6.9796916999,-1.29741769159,4.436311199434)
  );
#5709 = CARTESIAN_POINT('',(6.932031668459,-1.300996347079,
    4.431398333334));
#5710 = CARTESIAN_POINT('',(6.885168316763,-1.307356733431,
    4.422529253333));
#5711 = CARTESIAN_POINT('',(6.839632442932,-1.316199131068,
    4.409736141624));
#5712 = ORIENTED_EDGE('',*,*,#5713,.F.);
#5713 = EDGE_CURVE('',#5714,#5699,#5716,.T.);
#5714 = VERTEX_POINT('',#5715);
#5715 = CARTESIAN_POINT('',(7.290996954845,-1.177304994502,
    4.583491093605));
#5716 = B_SPLINE_CURVE_WITH_KNOTS('',8,(#5717,#5718,#5719,#5720,#5721,
    #5722,#5723,#5724,#5725,#5726,#5727,#5728,#5729,#5730,#5731,#5732,
    #5733,#5734,#5735,#5736,#5737,#5738,#5739),.UNSPECIFIED.,.F.,.F.,(9,
    7,7,9),(0.,0.136766237146,0.763376299546,1.),.UNSPECIFIED.);
#5717 = CARTESIAN_POINT('',(7.290996954845,-1.177304994502,
    4.583491093605));
#5718 = CARTESIAN_POINT('',(7.290438493322,-1.180763521631,
    4.579733110465));
#5719 = CARTESIAN_POINT('',(7.289782371409,-1.184240479064,
    4.575927616699));
#5720 = CARTESIAN_POINT('',(7.289025999142,-1.187731662208,
    4.572078229246));
#5721 = CARTESIAN_POINT('',(7.28816708559,-1.191232643828,4.568189017402
    ));
#5722 = CARTESIAN_POINT('',(7.287203638854,-1.19473877405,4.564264502821
    ));
#5723 = CARTESIAN_POINT('',(7.286133966068,-1.198245180362,
    4.560309659517));
#5724 = CARTESIAN_POINT('',(7.284956673399,-1.201746767611,
    4.556329913861));
#5725 = CARTESIAN_POINT('',(7.277778677164,-1.22123469488,4.534010328571
    ));
#5726 = CARTESIAN_POINT('',(7.269603862547,-1.237023014156,
    4.515285497189));
#5727 = CARTESIAN_POINT('',(7.259044084131,-1.252098880793,
    4.496718597416));
#5728 = CARTESIAN_POINT('',(7.246158378648,-1.265877887784,
    4.479075161615));
#5729 = CARTESIAN_POINT('',(7.23122736593,-1.277766518412,4.463286112076
    ));
#5730 = CARTESIAN_POINT('',(7.214785274345,-1.287296940466,
    4.450323317315));
#5731 = CARTESIAN_POINT('',(7.19750021153,-1.29426953854,4.440704390747)
  );
#5732 = CARTESIAN_POINT('',(7.173415914366,-1.300417871624,4.43215968884
    ));
#5733 = CARTESIAN_POINT('',(7.166786483466,-1.301745216807,
    4.430304731803));
#5734 = CARTESIAN_POINT('',(7.160164433273,-1.30271719387,4.428941132422
    ));
#5735 = CARTESIAN_POINT('',(7.153582827372,-1.303341957148,
    4.428062617817));
#5736 = CARTESIAN_POINT('',(7.147072192918,-1.303632237686,
    4.427654174473));
#5737 = CARTESIAN_POINT('',(7.14065991037,-1.303604391079,4.42769368027)
  );
#5738 = CARTESIAN_POINT('',(7.134369603227,-1.303277445305,
    4.428153536513));
#5739 = CARTESIAN_POINT('',(7.128220527764,-1.302672148569,
    4.429002299966));
#5740 = ORIENTED_EDGE('',*,*,#5741,.F.);
#5741 = EDGE_CURVE('',#4162,#5714,#5742,.T.);
#5742 = B_SPLINE_CURVE_WITH_KNOTS('',5,(#5743,#5744,#5745,#5746,#5747,
    #5748,#5749,#5750,#5751,#5752),.UNSPECIFIED.,.F.,.F.,(6,4,6),(0.,
    0.458938015393,1.),.UNSPECIFIED.);
#5743 = CARTESIAN_POINT('',(7.347271212551,-0.74985957009,4.913403914366
    ));
#5744 = CARTESIAN_POINT('',(7.342571056097,-0.795912625334,
    4.888971178716));
#5745 = CARTESIAN_POINT('',(7.337657953424,-0.840479761636,
    4.862923121666));
#5746 = CARTESIAN_POINT('',(7.332584225595,-0.883498678128,
    4.835395394492));
#5747 = CARTESIAN_POINT('',(7.327400091903,-0.924935873165,
    4.806517409514));
#5748 = CARTESIAN_POINT('',(7.315961832215,-1.011746302607,
    4.740901286618));
#5749 = CARTESIAN_POINT('',(7.309682415162,-1.056495689994,
    4.703682341877));
#5750 = CARTESIAN_POINT('',(7.303386334267,-1.099001699479,
    4.664934063648));
#5751 = CARTESIAN_POINT('',(7.297139203703,-1.139266323187,
    4.624823337116));
#5752 = CARTESIAN_POINT('',(7.290996954845,-1.177304994502,
    4.583491093605));
#5753 = ORIENTED_EDGE('',*,*,#5754,.F.);
#5754 = EDGE_CURVE('',#4194,#4162,#5755,.T.);
#5755 = CIRCLE('',#5756,1.6);
#5756 = AXIS2_PLACEMENT_3D('',#5757,#5758,#5759);
#5757 = CARTESIAN_POINT('',(7.347271212551,0.,3.5));
#5758 = DIRECTION('',(1.,0.,0.));
#5759 = DIRECTION('',(0.,1.,0.));
#5760 = ORIENTED_EDGE('',*,*,#4193,.F.);
#5761 = ORIENTED_EDGE('',*,*,#5762,.F.);
#5762 = EDGE_CURVE('',#5763,#4186,#5765,.T.);
#5763 = VERTEX_POINT('',#5764);
#5764 = CARTESIAN_POINT('',(6.94723502122,-0.498876404494,5.020237590983
    ));
#5765 = B_SPLINE_CURVE_WITH_KNOTS('',5,(#5766,#5767,#5768,#5769,#5770,
    #5771),.UNSPECIFIED.,.F.,.F.,(6,6),(0.,1.),
  .PIECEWISE_BEZIER_KNOTS.);
#5766 = CARTESIAN_POINT('',(6.94723502122,-0.498876404494,5.020237590983
    ));
#5767 = CARTESIAN_POINT('',(6.99962602805,-0.524417020324,5.011856262519
    ));
#5768 = CARTESIAN_POINT('',(7.053730718306,-0.546068772718,
    5.004156873366));
#5769 = CARTESIAN_POINT('',(7.109176945065,-0.563704163815,
    4.997527259295));
#5770 = CARTESIAN_POINT('',(7.165572300158,-0.577234480447,
    4.992280951856));
#5771 = CARTESIAN_POINT('',(7.222488664825,-0.586634558785,
    4.988576465768));
#5772 = ORIENTED_EDGE('',*,*,#5773,.F.);
#5773 = EDGE_CURVE('',#5774,#5763,#5776,.T.);
#5774 = VERTEX_POINT('',#5775);
#5775 = CARTESIAN_POINT('',(6.94723502122,0.498876404494,5.020237590983)
  );
#5776 = B_SPLINE_CURVE_WITH_KNOTS('',6,(#5777,#5778,#5779,#5780,#5781,
    #5782,#5783,#5784,#5785,#5786,#5787,#5788,#5789,#5790,#5791,#5792,
    #5793,#5794,#5795,#5796,#5797,#5798,#5799,#5800,#5801,#5802,#5803,
    #5804,#5805,#5806,#5807,#5808),.UNSPECIFIED.,.F.,.F.,(7,5,5,5,5,5,7)
  ,(0.,0.271320217274,0.354308272994,0.500000856385,0.645322086484,
    0.728309151793,1.),.UNSPECIFIED.);
#5777 = CARTESIAN_POINT('',(6.94723502122,0.498876404494,5.020237590983)
  );
#5778 = CARTESIAN_POINT('',(6.905001658414,0.478287640127,5.026993935387
    ));
#5779 = CARTESIAN_POINT('',(6.862824402144,0.452416457587,5.035113303021
    ));
#5780 = CARTESIAN_POINT('',(6.821670637589,0.420772939607,5.044405859374
    ));
#5781 = CARTESIAN_POINT('',(6.782767539948,0.383074917367,5.054427143721
    ));
#5782 = CARTESIAN_POINT('',(6.74756247276,0.339401246248,5.064381560169)
  );
#5783 = CARTESIAN_POINT('',(6.708273206653,0.275412667586,5.076191659516
    ));
#5784 = CARTESIAN_POINT('',(6.699550899989,0.259928866933,5.078872277031
    ));
#5785 = CARTESIAN_POINT('',(6.691349908938,0.243969246288,5.081442993917
    ));
#5786 = CARTESIAN_POINT('',(6.683711074502,0.22755996782,5.083879018384)
  );
#5787 = CARTESIAN_POINT('',(6.676673438742,0.210733642408,5.086156265121
    ));
#5788 = CARTESIAN_POINT('',(6.659035594576,0.163327091505,5.091932790989
    ));
#5789 = CARTESIAN_POINT('',(6.649759243719,0.131955517585,5.095056222463
    ));
#5790 = CARTESIAN_POINT('',(6.642641690475,9.963716132251E-02,
    5.097500519659));
#5791 = CARTESIAN_POINT('',(6.637838125385,6.665205830061E-02,
    5.09916742767));
#5792 = CARTESIAN_POINT('',(6.635437184088,3.33227157038E-02,
    5.100000029249));
#5793 = CARTESIAN_POINT('',(6.635437352522,-3.324058520908E-02,
    5.099999970824));
#5794 = CARTESIAN_POINT('',(6.637826237787,-6.648491298724E-02,
    5.099171548197));
#5795 = CARTESIAN_POINT('',(6.64260550072,-9.938765240505E-02,
    5.097513080123));
#5796 = CARTESIAN_POINT('',(6.649687419554,-0.131628677936,
    5.095080892954));
#5797 = CARTESIAN_POINT('',(6.658918322585,-0.162929835519,
    5.091972279882));
#5798 = CARTESIAN_POINT('',(6.676488445203,-0.210282304457,
    5.086216247194));
#5799 = CARTESIAN_POINT('',(6.683512446513,-0.227117536886,
    5.083942665951));
#5800 = CARTESIAN_POINT('',(6.691138314132,-0.243536346125,
    5.081509889528));
#5801 = CARTESIAN_POINT('',(6.699327037378,-0.259506032928,
    5.078941988189));
#5802 = CARTESIAN_POINT('',(6.708037792398,-0.27500035053,5.076263749494
    ));
#5803 = CARTESIAN_POINT('',(6.747322232722,-0.339102991406,
    5.064449508576));
#5804 = CARTESIAN_POINT('',(6.782555095919,-0.38286897934,5.054481883889
    ));
#5805 = CARTESIAN_POINT('',(6.8215021119,-0.420643322447,5.044443917694)
  );
#5806 = CARTESIAN_POINT('',(6.862709263067,-0.452345823775,
    5.035135471174));
#5807 = CARTESIAN_POINT('',(6.904944009808,-0.478259536431,
    5.027003157808));
#5808 = CARTESIAN_POINT('',(6.94723502122,-0.498876404494,5.020237590983
    ));
#5809 = ORIENTED_EDGE('',*,*,#5810,.F.);
#5810 = EDGE_CURVE('',#4418,#5774,#5811,.T.);
#5811 = B_SPLINE_CURVE_WITH_KNOTS('',5,(#5812,#5813,#5814,#5815,#5816,
    #5817,#5818,#5819,#5820,#5821),.UNSPECIFIED.,.F.,.F.,(6,4,6),(0.,
    0.850960101648,1.),.UNSPECIFIED.);
#5812 = CARTESIAN_POINT('',(7.222488664825,0.586634558785,4.988576465768
    ));
#5813 = CARTESIAN_POINT('',(7.174055193134,0.578635481002,4.991728830174
    ));
#5814 = CARTESIAN_POINT('',(7.125998826884,0.567645593579,4.99599770666)
  );
#5815 = CARTESIAN_POINT('',(7.078583464917,0.553680144467,5.001285339136
    ));
#5816 = CARTESIAN_POINT('',(7.032054468621,0.536788430289,5.007412882845
    ));
#5817 = CARTESIAN_POINT('',(6.978691872853,0.513582726209,5.01533697238)
  );
#5818 = CARTESIAN_POINT('',(6.970773048096,0.510036556664,5.016536862582
    ));
#5819 = CARTESIAN_POINT('',(6.962889804735,0.506403174139,5.017754432256
    ));
#5820 = CARTESIAN_POINT('',(6.955043384634,0.502682981659,5.018988436548
    ));
#5821 = CARTESIAN_POINT('',(6.94723502122,0.498876404494,5.020237590983)
  );
#5822 = ORIENTED_EDGE('',*,*,#4417,.F.);
#5823 = ORIENTED_EDGE('',*,*,#5824,.F.);
#5824 = EDGE_CURVE('',#4453,#4408,#5825,.T.);
#5825 = CIRCLE('',#5826,1.6);
#5826 = AXIS2_PLACEMENT_3D('',#5827,#5828,#5829);
#5827 = CARTESIAN_POINT('',(7.347271212551,0.,3.5));
#5828 = DIRECTION('',(1.,0.,0.));
#5829 = DIRECTION('',(0.,1.,0.));
#5830 = ORIENTED_EDGE('',*,*,#5831,.F.);
#5831 = EDGE_CURVE('',#5832,#4453,#5834,.T.);
#5832 = VERTEX_POINT('',#5833);
#5833 = CARTESIAN_POINT('',(7.290996954845,1.177304994502,4.583491093605
    ));
#5834 = B_SPLINE_CURVE_WITH_KNOTS('',5,(#5835,#5836,#5837,#5838,#5839,
    #5840,#5841,#5842,#5843,#5844),.UNSPECIFIED.,.F.,.F.,(6,4,6),(0.,
    0.543039568752,1.),.UNSPECIFIED.);
#5835 = CARTESIAN_POINT('',(7.290996954845,1.177304994502,4.583491093605
    ));
#5836 = CARTESIAN_POINT('',(7.297161653718,1.139127291255,4.624974407105
    ));
#5837 = CARTESIAN_POINT('',(7.303432001101,1.098707340651,4.665227250668
    ));
#5838 = CARTESIAN_POINT('',(7.30975145328,1.056029527651,4.704107158339)
  );
#5839 = CARTESIAN_POINT('',(7.316053635797,1.011091885744,4.741445304928
    ));
#5840 = CARTESIAN_POINT('',(7.327489433599,0.924221484938,4.807015000923
    ));
#5841 = CARTESIAN_POINT('',(7.33264980395,0.882942489381,4.835751159894)
  );
#5842 = CARTESIAN_POINT('',(7.3377002904,0.840095658377,4.863147572252)
  );
#5843 = CARTESIAN_POINT('',(7.342591309262,0.795714180848,4.889076460366
    ));
#5844 = CARTESIAN_POINT('',(7.347271212551,0.74985957009,4.913403914366)
  );
#5845 = ORIENTED_EDGE('',*,*,#5846,.F.);
#5846 = EDGE_CURVE('',#5847,#5832,#5849,.T.);
#5847 = VERTEX_POINT('',#5848);
#5848 = CARTESIAN_POINT('',(7.128220527764,1.302672148569,4.429002299966
    ));
#5849 = B_SPLINE_CURVE_WITH_KNOTS('',8,(#5850,#5851,#5852,#5853,#5854,
    #5855,#5856,#5857,#5858,#5859,#5860,#5861,#5862,#5863,#5864,#5865,
    #5866,#5867,#5868,#5869,#5870,#5871,#5872),.UNSPECIFIED.,.F.,.F.,(9,
    7,7,9),(0.,0.236872395694,0.863476368801,1.),.UNSPECIFIED.);
#5850 = CARTESIAN_POINT('',(7.128220527764,1.302672148569,4.429002299966
    ));
#5851 = CARTESIAN_POINT('',(7.13437606679,1.303278081559,4.428152644341)
  );
#5852 = CARTESIAN_POINT('',(7.140673134436,1.303605078355,4.427692713085
    ));
#5853 = CARTESIAN_POINT('',(7.147092414434,1.303632324674,4.42765405065)
  );
#5854 = CARTESIAN_POINT('',(7.153610203718,1.303340734371,4.428064338539
    ));
#5855 = CARTESIAN_POINT('',(7.160199026683,1.302713906227,4.42894575594)
  );
#5856 = CARTESIAN_POINT('',(7.166828249448,1.301739080736,4.430313340351
    ));
#5857 = CARTESIAN_POINT('',(7.173464694117,1.300408096899,4.432173348217
    ));
#5858 = CARTESIAN_POINT('',(7.197555025305,1.294248420223,4.44073354093)
  );
#5859 = CARTESIAN_POINT('',(7.214837840837,1.287268819301,4.450361671008
    ));
#5860 = CARTESIAN_POINT('',(7.231276113371,1.277731825691,4.463332538739
    ));
#5861 = CARTESIAN_POINT('',(7.246201951821,1.265837578462,4.479127651051
    ));
#5862 = CARTESIAN_POINT('',(7.259081580332,1.252054257878,4.496774851884
    ));
#5863 = CARTESIAN_POINT('',(7.269634854771,1.236975480523,4.515343464155
    ));
#5864 = CARTESIAN_POINT('',(7.277803149809,1.221185581278,4.534068316518
    ));
#5865 = CARTESIAN_POINT('',(7.284971282179,1.201703297212,4.556379318697
    ));
#5866 = CARTESIAN_POINT('',(7.286145343721,1.198207868974,4.560351741519
    ));
#5867 = CARTESIAN_POINT('',(7.287212178924,1.194707683622,4.56429930232)
  );
#5868 = CARTESIAN_POINT('',(7.288173176555,1.19120780787,4.56821660672)
  );
#5869 = CARTESIAN_POINT('',(7.289030022187,1.187713087273,4.572098709506
    ));
#5870 = CARTESIAN_POINT('',(7.289784698193,1.184228146221,4.575941114637
    ));
#5871 = CARTESIAN_POINT('',(7.290439483752,1.180757387942,4.579739775238
    ));
#5872 = CARTESIAN_POINT('',(7.290996954845,1.177304994502,4.583491093605
    ));
#5873 = ORIENTED_EDGE('',*,*,#5874,.F.);
#5874 = EDGE_CURVE('',#4646,#5847,#5875,.T.);
#5875 = B_SPLINE_CURVE_WITH_KNOTS('',5,(#5876,#5877,#5878,#5879,#5880,
    #5881,#5882,#5883,#5884,#5885),.UNSPECIFIED.,.F.,.F.,(6,4,6),(0.,
    0.816305636566,1.),.UNSPECIFIED.);
#5876 = CARTESIAN_POINT('',(6.839632442932,1.316199131068,4.409736141624
    ));
#5877 = CARTESIAN_POINT('',(6.885145133723,1.307361235237,4.422522740156
    ));
#5878 = CARTESIAN_POINT('',(6.931983951218,1.301002824149,4.43138930278)
  );
#5879 = CARTESIAN_POINT('',(6.979618908652,1.297423159166,4.43630369082)
  );
#5880 = CARTESIAN_POINT('',(7.027475538647,1.296735481491,4.437278170112
    ));
#5881 = CARTESIAN_POINT('',(7.085684760975,1.299342085042,4.43365454981)
  );
#5882 = CARTESIAN_POINT('',(7.096360315464,1.299963483145,4.43278980335)
  );
#5883 = CARTESIAN_POINT('',(7.107012336367,1.300726598013,4.431726067815
    ));
#5884 = CARTESIAN_POINT('',(7.117634497348,1.301630091159,4.430463501048
    ));
#5885 = CARTESIAN_POINT('',(7.128220527764,1.302672148569,4.429002299966
    ));
#5886 = CYLINDRICAL_SURFACE('',#5887,1.6);
#5887 = AXIS2_PLACEMENT_3D('',#5888,#5889,#5890);
#5888 = CARTESIAN_POINT('',(7.347271212551,-6.E-17,3.5));
#5889 = DIRECTION('',(1.,0.,0.));
#5890 = DIRECTION('',(0.,1.,0.));
#5891 = ADVANCED_FACE('',(#5892),#5903,.F.);
#5892 = FACE_BOUND('',#5893,.F.);
#5893 = EDGE_LOOP('',(#5894,#5895,#5896,#5897));
#5894 = ORIENTED_EDGE('',*,*,#5698,.T.);
#5895 = ORIENTED_EDGE('',*,*,#3960,.T.);
#5896 = ORIENTED_EDGE('',*,*,#5536,.T.);
#5897 = ORIENTED_EDGE('',*,*,#5898,.F.);
#5898 = EDGE_CURVE('',#5699,#5529,#5899,.T.);
#5899 = LINE('',#5900,#5901);
#5900 = CARTESIAN_POINT('',(7.128220527764,-1.302672148569,0.));
#5901 = VECTOR('',#5902,1.);
#5902 = DIRECTION('',(0.,0.,1.));
#5903 = SURFACE_OF_LINEAR_EXTRUSION('',#5904,#5908);
#5904 = ( BOUNDED_CURVE() B_SPLINE_CURVE(2,(#5905,#5906,#5907),
.UNSPECIFIED.,.F.,.F.) B_SPLINE_CURVE_WITH_KNOTS((3,3),(0.,
0.289919229054),.PIECEWISE_BEZIER_KNOTS.) CURVE() 
GEOMETRIC_REPRESENTATION_ITEM() RATIONAL_B_SPLINE_CURVE((1.,
0.989511740461,1.)) REPRESENTATION_ITEM('') );
#5905 = CARTESIAN_POINT('',(6.839632442932,-1.316199131068,0.));
#5906 = CARTESIAN_POINT('',(6.982939126671,-1.2883710787,0.));
#5907 = CARTESIAN_POINT('',(7.128220527764,-1.302672148569,0.));
#5908 = VECTOR('',#5909,1.);
#5909 = DIRECTION('',(-0.,-0.,-1.));
#5910 = ADVANCED_FACE('',(#5911),#5917,.F.);
#5911 = FACE_BOUND('',#5912,.F.);
#5912 = EDGE_LOOP('',(#5913,#5914,#5915,#5916));
#5913 = ORIENTED_EDGE('',*,*,#4218,.F.);
#5914 = ORIENTED_EDGE('',*,*,#5754,.T.);
#5915 = ORIENTED_EDGE('',*,*,#4161,.F.);
#5916 = ORIENTED_EDGE('',*,*,#5687,.T.);
#5917 = PLANE('',#5918);
#5918 = AXIS2_PLACEMENT_3D('',#5919,#5920,#5921);
#5919 = CARTESIAN_POINT('',(7.347271212551,-5.E-17,3.5));
#5920 = DIRECTION('',(1.,0.,0.));
#5921 = DIRECTION('',(0.,0.,1.));
#5922 = ADVANCED_FACE('',(#5923),#5934,.F.);
#5923 = FACE_BOUND('',#5924,.F.);
#5924 = EDGE_LOOP('',(#5925,#5926,#5927,#5928));
#5925 = ORIENTED_EDGE('',*,*,#5762,.T.);
#5926 = ORIENTED_EDGE('',*,*,#4185,.T.);
#5927 = ORIENTED_EDGE('',*,*,#5513,.T.);
#5928 = ORIENTED_EDGE('',*,*,#5929,.F.);
#5929 = EDGE_CURVE('',#5763,#5506,#5930,.T.);
#5930 = LINE('',#5931,#5932);
#5931 = CARTESIAN_POINT('',(6.94723502122,-0.498876404494,0.));
#5932 = VECTOR('',#5933,1.);
#5933 = DIRECTION('',(0.,0.,1.));
#5934 = SURFACE_OF_LINEAR_EXTRUSION('',#5935,#5939);
#5935 = ( BOUNDED_CURVE() B_SPLINE_CURVE(2,(#5936,#5937,#5938),
.UNSPECIFIED.,.F.,.F.) B_SPLINE_CURVE_WITH_KNOTS((3,3),(0.,
0.289919229054),.PIECEWISE_BEZIER_KNOTS.) CURVE() 
GEOMETRIC_REPRESENTATION_ITEM() RATIONAL_B_SPLINE_CURVE((1.,
0.989511740461,1.)) REPRESENTATION_ITEM('') );
#5936 = CARTESIAN_POINT('',(7.222488664825,-0.586634558785,0.));
#5937 = CARTESIAN_POINT('',(7.078456218183,-0.562846738014,0.));
#5938 = CARTESIAN_POINT('',(6.94723502122,-0.498876404494,0.));
#5939 = VECTOR('',#5940,1.);
#5940 = DIRECTION('',(-0.,-0.,-1.));
#5941 = ADVANCED_FACE('',(#5942),#5953,.F.);
#5942 = FACE_BOUND('',#5943,.F.);
#5943 = EDGE_LOOP('',(#5944,#5945,#5951,#5952));
#5944 = ORIENTED_EDGE('',*,*,#5741,.T.);
#5945 = ORIENTED_EDGE('',*,*,#5946,.T.);
#5946 = EDGE_CURVE('',#5714,#5521,#5947,.T.);
#5947 = LINE('',#5948,#5949);
#5948 = CARTESIAN_POINT('',(7.290996954845,-1.177304994502,0.));
#5949 = VECTOR('',#5950,1.);
#5950 = DIRECTION('',(0.,0.,1.));
#5951 = ORIENTED_EDGE('',*,*,#5520,.T.);
#5952 = ORIENTED_EDGE('',*,*,#4169,.F.);
#5953 = SURFACE_OF_LINEAR_EXTRUSION('',#5954,#5958);
#5954 = ( BOUNDED_CURVE() B_SPLINE_CURVE(2,(#5955,#5956,#5957),
.UNSPECIFIED.,.F.,.F.) B_SPLINE_CURVE_WITH_KNOTS((3,3),(0.,
5.838450169226E-02),.PIECEWISE_BEZIER_KNOTS.) CURVE() 
GEOMETRIC_REPRESENTATION_ITEM() RATIONAL_B_SPLINE_CURVE((1.,
0.999573936504,1.)) REPRESENTATION_ITEM('') );
#5955 = CARTESIAN_POINT('',(7.290996954845,-1.177304994502,0.));
#5956 = CARTESIAN_POINT('',(7.325374903608,-0.964403901824,0.));
#5957 = CARTESIAN_POINT('',(7.347271212551,-0.74985957009,0.));
#5958 = VECTOR('',#5959,1.);
#5959 = DIRECTION('',(-0.,-0.,-1.));
#5960 = ADVANCED_FACE('',(#5961),#5967,.F.);
#5961 = FACE_BOUND('',#5962,.F.);
#5962 = EDGE_LOOP('',(#5963,#5964,#5965,#5966));
#5963 = ORIENTED_EDGE('',*,*,#4460,.T.);
#5964 = ORIENTED_EDGE('',*,*,#5824,.T.);
#5965 = ORIENTED_EDGE('',*,*,#4407,.T.);
#5966 = ORIENTED_EDGE('',*,*,#5675,.T.);
#5967 = PLANE('',#5968);
#5968 = AXIS2_PLACEMENT_3D('',#5969,#5970,#5971);
#5969 = CARTESIAN_POINT('',(7.347271212551,-5.E-17,3.5));
#5970 = DIRECTION('',(1.,0.,0.));
#5971 = DIRECTION('',(0.,0.,1.));
#5972 = ADVANCED_FACE('',(#5973),#5984,.F.);
#5973 = FACE_BOUND('',#5974,.F.);
#5974 = EDGE_LOOP('',(#5975,#5976,#5977,#5978));
#5975 = ORIENTED_EDGE('',*,*,#5831,.T.);
#5976 = ORIENTED_EDGE('',*,*,#4452,.T.);
#5977 = ORIENTED_EDGE('',*,*,#5490,.T.);
#5978 = ORIENTED_EDGE('',*,*,#5979,.F.);
#5979 = EDGE_CURVE('',#5832,#5483,#5980,.T.);
#5980 = LINE('',#5981,#5982);
#5981 = CARTESIAN_POINT('',(7.290996954845,1.177304994502,0.));
#5982 = VECTOR('',#5983,1.);
#5983 = DIRECTION('',(0.,0.,1.));
#5984 = SURFACE_OF_LINEAR_EXTRUSION('',#5985,#5989);
#5985 = ( BOUNDED_CURVE() B_SPLINE_CURVE(2,(#5986,#5987,#5988),
.UNSPECIFIED.,.F.,.F.) B_SPLINE_CURVE_WITH_KNOTS((3,3),(0.,
5.838450169226E-02),.PIECEWISE_BEZIER_KNOTS.) CURVE() 
GEOMETRIC_REPRESENTATION_ITEM() RATIONAL_B_SPLINE_CURVE((1.,
0.999573936504,1.)) REPRESENTATION_ITEM('') );
#5986 = CARTESIAN_POINT('',(7.347271212551,0.74985957009,0.));
#5987 = CARTESIAN_POINT('',(7.325374903608,0.964403901824,0.));
#5988 = CARTESIAN_POINT('',(7.290996954845,1.177304994502,0.));
#5989 = VECTOR('',#5990,1.);
#5990 = DIRECTION('',(-0.,-0.,-1.));
#5991 = ADVANCED_FACE('',(#5992),#6003,.F.);
#5992 = FACE_BOUND('',#5993,.F.);
#5993 = EDGE_LOOP('',(#5994,#5995,#6001,#6002));
#5994 = ORIENTED_EDGE('',*,*,#5810,.T.);
#5995 = ORIENTED_EDGE('',*,*,#5996,.T.);
#5996 = EDGE_CURVE('',#5774,#5498,#5997,.T.);
#5997 = LINE('',#5998,#5999);
#5998 = CARTESIAN_POINT('',(6.94723502122,0.498876404494,0.));
#5999 = VECTOR('',#6000,1.);
#6000 = DIRECTION('',(0.,0.,1.));
#6001 = ORIENTED_EDGE('',*,*,#5497,.T.);
#6002 = ORIENTED_EDGE('',*,*,#4436,.F.);
#6003 = SURFACE_OF_LINEAR_EXTRUSION('',#6004,#6008);
#6004 = ( BOUNDED_CURVE() B_SPLINE_CURVE(2,(#6005,#6006,#6007),
.UNSPECIFIED.,.F.,.F.) B_SPLINE_CURVE_WITH_KNOTS((3,3),(0.,
0.289919229054),.PIECEWISE_BEZIER_KNOTS.) CURVE() 
GEOMETRIC_REPRESENTATION_ITEM() RATIONAL_B_SPLINE_CURVE((1.,
0.989511740461,1.)) REPRESENTATION_ITEM('') );
#6005 = CARTESIAN_POINT('',(6.94723502122,0.498876404494,0.));
#6006 = CARTESIAN_POINT('',(7.078456218183,0.562846738014,0.));
#6007 = CARTESIAN_POINT('',(7.222488664825,0.586634558785,0.));
#6008 = VECTOR('',#6009,1.);
#6009 = DIRECTION('',(-0.,-0.,-1.));
#6010 = ADVANCED_FACE('',(#6011),#6022,.F.);
#6011 = FACE_BOUND('',#6012,.F.);
#6012 = EDGE_LOOP('',(#6013,#6014,#6020,#6021));
#6013 = ORIENTED_EDGE('',*,*,#5874,.T.);
#6014 = ORIENTED_EDGE('',*,*,#6015,.T.);
#6015 = EDGE_CURVE('',#5847,#5475,#6016,.T.);
#6016 = LINE('',#6017,#6018);
#6017 = CARTESIAN_POINT('',(7.128220527764,1.302672148569,0.));
#6018 = VECTOR('',#6019,1.);
#6019 = DIRECTION('',(0.,0.,1.));
#6020 = ORIENTED_EDGE('',*,*,#5474,.T.);
#6021 = ORIENTED_EDGE('',*,*,#4682,.F.);
#6022 = SURFACE_OF_LINEAR_EXTRUSION('',#6023,#6027);
#6023 = ( BOUNDED_CURVE() B_SPLINE_CURVE(2,(#6024,#6025,#6026),
.UNSPECIFIED.,.F.,.F.) B_SPLINE_CURVE_WITH_KNOTS((3,3),(0.,
0.289919229054),.PIECEWISE_BEZIER_KNOTS.) CURVE() 
GEOMETRIC_REPRESENTATION_ITEM() RATIONAL_B_SPLINE_CURVE((1.,
0.989511740461,1.)) REPRESENTATION_ITEM('') );
#6024 = CARTESIAN_POINT('',(7.128220527764,1.302672148569,0.));
#6025 = CARTESIAN_POINT('',(6.982939126671,1.2883710787,0.));
#6026 = CARTESIAN_POINT('',(6.839632442932,1.316199131068,0.));
#6027 = VECTOR('',#6028,1.);
#6028 = DIRECTION('',(-0.,-0.,-1.));
#6029 = ADVANCED_FACE('',(#6030,#6033),#6083,.F.);
#6030 = FACE_BOUND('',#6031,.F.);
#6031 = EDGE_LOOP('',(#6032));
#6032 = ORIENTED_EDGE('',*,*,#5417,.F.);
#6033 = FACE_BOUND('',#6034,.F.);
#6034 = EDGE_LOOP('',(#6035,#6045,#6053,#6061,#6069,#6077));
#6035 = ORIENTED_EDGE('',*,*,#6036,.T.);
#6036 = EDGE_CURVE('',#6037,#6039,#6041,.T.);
#6037 = VERTEX_POINT('',#6038);
#6038 = CARTESIAN_POINT('',(-3.464101615138,-2.,-1.));
#6039 = VERTEX_POINT('',#6040);
#6040 = CARTESIAN_POINT('',(-3.464101615138,2.,-1.));
#6041 = LINE('',#6042,#6043);
#6042 = CARTESIAN_POINT('',(-3.464101615138,1.,-1.));
#6043 = VECTOR('',#6044,1.);
#6044 = DIRECTION('',(0.,1.,0.));
#6045 = ORIENTED_EDGE('',*,*,#6046,.T.);
#6046 = EDGE_CURVE('',#6039,#6047,#6049,.T.);
#6047 = VERTEX_POINT('',#6048);
#6048 = CARTESIAN_POINT('',(0.,4.,-1.));
#6049 = LINE('',#6050,#6051);
#6050 = CARTESIAN_POINT('',(-0.866025403784,3.5,-1.));
#6051 = VECTOR('',#6052,1.);
#6052 = DIRECTION('',(0.866025403784,0.5,0.));
#6053 = ORIENTED_EDGE('',*,*,#6054,.T.);
#6054 = EDGE_CURVE('',#6047,#6055,#6057,.T.);
#6055 = VERTEX_POINT('',#6056);
#6056 = CARTESIAN_POINT('',(3.464101615138,2.,-1.));
#6057 = LINE('',#6058,#6059);
#6058 = CARTESIAN_POINT('',(2.598076211353,2.5,-1.));
#6059 = VECTOR('',#6060,1.);
#6060 = DIRECTION('',(0.866025403784,-0.5,0.));
#6061 = ORIENTED_EDGE('',*,*,#6062,.T.);
#6062 = EDGE_CURVE('',#6055,#6063,#6065,.T.);
#6063 = VERTEX_POINT('',#6064);
#6064 = CARTESIAN_POINT('',(3.464101615138,-2.,-1.));
#6065 = LINE('',#6066,#6067);
#6066 = CARTESIAN_POINT('',(3.464101615138,-1.,-1.));
#6067 = VECTOR('',#6068,1.);
#6068 = DIRECTION('',(0.,-1.,0.));
#6069 = ORIENTED_EDGE('',*,*,#6070,.T.);
#6070 = EDGE_CURVE('',#6063,#6071,#6073,.T.);
#6071 = VERTEX_POINT('',#6072);
#6072 = CARTESIAN_POINT('',(0.,-4.,-1.));
#6073 = LINE('',#6074,#6075);
#6074 = CARTESIAN_POINT('',(0.866025403784,-3.5,-1.));
#6075 = VECTOR('',#6076,1.);
#6076 = DIRECTION('',(-0.866025403784,-0.5,0.));
#6077 = ORIENTED_EDGE('',*,*,#6078,.T.);
#6078 = EDGE_CURVE('',#6071,#6037,#6079,.T.);
#6079 = LINE('',#6080,#6081);
#6080 = CARTESIAN_POINT('',(-2.598076211353,-2.5,-1.));
#6081 = VECTOR('',#6082,1.);
#6082 = DIRECTION('',(-0.866025403784,0.5,0.));
#6083 = PLANE('',#6084);
#6084 = AXIS2_PLACEMENT_3D('',#6085,#6086,#6087);
#6085 = CARTESIAN_POINT('',(-5.1E-16,-2.E-17,-1.));
#6086 = DIRECTION('',(0.,0.,1.));
#6087 = DIRECTION('',(1.,0.,0.));
#6088 = ADVANCED_FACE('',(#6089),#6108,.T.);
#6089 = FACE_BOUND('',#6090,.T.);
#6090 = EDGE_LOOP('',(#6091,#6099,#6100,#6101));
#6091 = ORIENTED_EDGE('',*,*,#6092,.F.);
#6092 = EDGE_CURVE('',#5435,#6093,#6095,.T.);
#6093 = VERTEX_POINT('',#6094);
#6094 = CARTESIAN_POINT('',(8.,0.,7.5));
#6095 = LINE('',#6096,#6097);
#6096 = CARTESIAN_POINT('',(8.,0.,7.5));
#6097 = VECTOR('',#6098,1.);
#6098 = DIRECTION('',(0.707106781187,0.,0.707106781187));
#6099 = ORIENTED_EDGE('',*,*,#5434,.T.);
#6100 = ORIENTED_EDGE('',*,*,#6092,.T.);
#6101 = ORIENTED_EDGE('',*,*,#6102,.F.);
#6102 = EDGE_CURVE('',#6093,#6093,#6103,.T.);
#6103 = CIRCLE('',#6104,8.);
#6104 = AXIS2_PLACEMENT_3D('',#6105,#6106,#6107);
#6105 = CARTESIAN_POINT('',(0.,0.,7.5));
#6106 = DIRECTION('',(0.,0.,1.));
#6107 = DIRECTION('',(1.,0.,-0.));
#6108 = CONICAL_SURFACE('',#6109,8.,0.785398163397);
#6109 = AXIS2_PLACEMENT_3D('',#6110,#6111,#6112);
#6110 = CARTESIAN_POINT('',(0.,0.,7.5));
#6111 = DIRECTION('',(0.,0.,1.));
#6112 = DIRECTION('',(1.,0.,-0.));
#6113 = ADVANCED_FACE('',(#6114),#6120,.F.);
#6114 = FACE_BOUND('',#6115,.F.);
#6115 = EDGE_LOOP('',(#6116,#6117,#6118,#6119));
#6116 = ORIENTED_EDGE('',*,*,#5713,.T.);
#6117 = ORIENTED_EDGE('',*,*,#5898,.T.);
#6118 = ORIENTED_EDGE('',*,*,#5528,.T.);
#6119 = ORIENTED_EDGE('',*,*,#5946,.F.);
#6120 = SURFACE_OF_LINEAR_EXTRUSION('',#6121,#6125);
#6121 = ( BOUNDED_CURVE() B_SPLINE_CURVE(2,(#6122,#6123,#6124),
.UNSPECIFIED.,.F.,.F.) B_SPLINE_CURVE_WITH_KNOTS((3,3),(0.,
1.508825302794),.PIECEWISE_BEZIER_KNOTS.) CURVE() 
GEOMETRIC_REPRESENTATION_ITEM() RATIONAL_B_SPLINE_CURVE((1.,
0.728673920883,1.)) REPRESENTATION_ITEM('') );
#6122 = CARTESIAN_POINT('',(7.128220527764,-1.302672148569,0.));
#6123 = CARTESIAN_POINT('',(7.268523330614,-1.316483140006,0.));
#6124 = CARTESIAN_POINT('',(7.290996954845,-1.177304994502,0.));
#6125 = VECTOR('',#6126,1.);
#6126 = DIRECTION('',(-0.,-0.,-1.));
#6127 = ADVANCED_FACE('',(#6128),#6134,.F.);
#6128 = FACE_BOUND('',#6129,.F.);
#6129 = EDGE_LOOP('',(#6130,#6131,#6132,#6133));
#6130 = ORIENTED_EDGE('',*,*,#5773,.T.);
#6131 = ORIENTED_EDGE('',*,*,#5929,.T.);
#6132 = ORIENTED_EDGE('',*,*,#5505,.T.);
#6133 = ORIENTED_EDGE('',*,*,#5996,.F.);
#6134 = SURFACE_OF_LINEAR_EXTRUSION('',#6135,#6139);
#6135 = ( BOUNDED_CURVE() B_SPLINE_CURVE(2,(#6136,#6137,#6138),
.UNSPECIFIED.,.F.,.F.) B_SPLINE_CURVE_WITH_KNOTS((3,3),(0.,
2.234397261374),.PIECEWISE_BEZIER_KNOTS.) CURVE() 
GEOMETRIC_REPRESENTATION_ITEM() RATIONAL_B_SPLINE_CURVE((1.,
0.438202247191,1.)) REPRESENTATION_ITEM('') );
#6136 = CARTESIAN_POINT('',(6.94723502122,-0.498876404494,0.));
#6137 = CARTESIAN_POINT('',(5.923898806873,-2.E-15,0.));
#6138 = CARTESIAN_POINT('',(6.94723502122,0.498876404494,0.));
#6139 = VECTOR('',#6140,1.);
#6140 = DIRECTION('',(-0.,-0.,-1.));
#6141 = ADVANCED_FACE('',(#6142),#6148,.F.);
#6142 = FACE_BOUND('',#6143,.F.);
#6143 = EDGE_LOOP('',(#6144,#6145,#6146,#6147));
#6144 = ORIENTED_EDGE('',*,*,#5846,.T.);
#6145 = ORIENTED_EDGE('',*,*,#5979,.T.);
#6146 = ORIENTED_EDGE('',*,*,#5482,.T.);
#6147 = ORIENTED_EDGE('',*,*,#6015,.F.);
#6148 = SURFACE_OF_LINEAR_EXTRUSION('',#6149,#6153);
#6149 = ( BOUNDED_CURVE() B_SPLINE_CURVE(2,(#6150,#6151,#6152),
.UNSPECIFIED.,.F.,.F.) B_SPLINE_CURVE_WITH_KNOTS((3,3),(0.,
1.508825302794),.PIECEWISE_BEZIER_KNOTS.) CURVE() 
GEOMETRIC_REPRESENTATION_ITEM() RATIONAL_B_SPLINE_CURVE((1.,
0.728673920883,1.)) REPRESENTATION_ITEM('') );
#6150 = CARTESIAN_POINT('',(7.290996954845,1.177304994502,0.));
#6151 = CARTESIAN_POINT('',(7.268523330614,1.316483140006,0.));
#6152 = CARTESIAN_POINT('',(7.128220527764,1.302672148569,0.));
#6153 = VECTOR('',#6154,1.);
#6154 = DIRECTION('',(-0.,-0.,-1.));
#6155 = ADVANCED_FACE('',(#6156,#6181),#6184,.F.);
#6156 = FACE_BOUND('',#6157,.F.);
#6157 = EDGE_LOOP('',(#6158,#6168,#6174,#6175));
#6158 = ORIENTED_EDGE('',*,*,#6159,.F.);
#6159 = EDGE_CURVE('',#6160,#6162,#6164,.T.);
#6160 = VERTEX_POINT('',#6161);
#6161 = CARTESIAN_POINT('',(3.464101615138,-2.,8.));
#6162 = VERTEX_POINT('',#6163);
#6163 = CARTESIAN_POINT('',(3.464101615138,2.,8.));
#6164 = LINE('',#6165,#6166);
#6165 = CARTESIAN_POINT('',(3.464101615138,-2.,8.));
#6166 = VECTOR('',#6167,1.);
#6167 = DIRECTION('',(0.,1.,0.));
#6168 = ORIENTED_EDGE('',*,*,#6169,.T.);
#6169 = EDGE_CURVE('',#6160,#6063,#6170,.T.);
#6170 = LINE('',#6171,#6172);
#6171 = CARTESIAN_POINT('',(3.464101615138,-2.,8.));
#6172 = VECTOR('',#6173,1.);
#6173 = DIRECTION('',(-0.,-0.,-1.));
#6174 = ORIENTED_EDGE('',*,*,#6062,.F.);
#6175 = ORIENTED_EDGE('',*,*,#6176,.F.);
#6176 = EDGE_CURVE('',#6162,#6055,#6177,.T.);
#6177 = LINE('',#6178,#6179);
#6178 = CARTESIAN_POINT('',(3.464101615138,2.,8.));
#6179 = VECTOR('',#6180,1.);
#6180 = DIRECTION('',(-0.,-0.,-1.));
#6181 = FACE_BOUND('',#6182,.F.);
#6182 = EDGE_LOOP('',(#6183));
#6183 = ORIENTED_EDGE('',*,*,#5663,.F.);
#6184 = PLANE('',#6185);
#6185 = AXIS2_PLACEMENT_3D('',#6186,#6187,#6188);
#6186 = CARTESIAN_POINT('',(3.464101615138,-2.,8.));
#6187 = DIRECTION('',(1.,0.,0.));
#6188 = DIRECTION('',(0.,1.,0.));
#6189 = ADVANCED_FACE('',(#6190),#6215,.F.);
#6190 = FACE_BOUND('',#6191,.F.);
#6191 = EDGE_LOOP('',(#6192,#6202,#6208,#6209));
#6192 = ORIENTED_EDGE('',*,*,#6193,.F.);
#6193 = EDGE_CURVE('',#6194,#6196,#6198,.T.);
#6194 = VERTEX_POINT('',#6195);
#6195 = CARTESIAN_POINT('',(-3.464101615138,2.,8.));
#6196 = VERTEX_POINT('',#6197);
#6197 = CARTESIAN_POINT('',(-3.464101615138,-2.,8.));
#6198 = LINE('',#6199,#6200);
#6199 = CARTESIAN_POINT('',(-3.464101615138,2.,8.));
#6200 = VECTOR('',#6201,1.);
#6201 = DIRECTION('',(0.,-1.,0.));
#6202 = ORIENTED_EDGE('',*,*,#6203,.T.);
#6203 = EDGE_CURVE('',#6194,#6039,#6204,.T.);
#6204 = LINE('',#6205,#6206);
#6205 = CARTESIAN_POINT('',(-3.464101615138,2.,8.));
#6206 = VECTOR('',#6207,1.);
#6207 = DIRECTION('',(-0.,-0.,-1.));
#6208 = ORIENTED_EDGE('',*,*,#6036,.F.);
#6209 = ORIENTED_EDGE('',*,*,#6210,.F.);
#6210 = EDGE_CURVE('',#6196,#6037,#6211,.T.);
#6211 = LINE('',#6212,#6213);
#6212 = CARTESIAN_POINT('',(-3.464101615138,-2.,8.));
#6213 = VECTOR('',#6214,1.);
#6214 = DIRECTION('',(-0.,-0.,-1.));
#6215 = PLANE('',#6216);
#6216 = AXIS2_PLACEMENT_3D('',#6217,#6218,#6219);
#6217 = CARTESIAN_POINT('',(-3.464101615138,2.,8.));
#6218 = DIRECTION('',(-1.,0.,0.));
#6219 = DIRECTION('',(0.,-1.,0.));
#6220 = ADVANCED_FACE('',(#6221),#6239,.F.);
#6221 = FACE_BOUND('',#6222,.F.);
#6222 = EDGE_LOOP('',(#6223,#6231,#6232,#6233));
#6223 = ORIENTED_EDGE('',*,*,#6224,.F.);
#6224 = EDGE_CURVE('',#6196,#6225,#6227,.T.);
#6225 = VERTEX_POINT('',#6226);
#6226 = CARTESIAN_POINT('',(0.,-4.,8.));
#6227 = LINE('',#6228,#6229);
#6228 = CARTESIAN_POINT('',(-3.464101615138,-2.,8.));
#6229 = VECTOR('',#6230,1.);
#6230 = DIRECTION('',(0.866025403784,-0.5,0.));
#6231 = ORIENTED_EDGE('',*,*,#6210,.T.);
#6232 = ORIENTED_EDGE('',*,*,#6078,.F.);
#6233 = ORIENTED_EDGE('',*,*,#6234,.F.);
#6234 = EDGE_CURVE('',#6225,#6071,#6235,.T.);
#6235 = LINE('',#6236,#6237);
#6236 = CARTESIAN_POINT('',(0.,-4.,8.));
#6237 = VECTOR('',#6238,1.);
#6238 = DIRECTION('',(-0.,-0.,-1.));
#6239 = PLANE('',#6240);
#6240 = AXIS2_PLACEMENT_3D('',#6241,#6242,#6243);
#6241 = CARTESIAN_POINT('',(-3.464101615138,-2.,8.));
#6242 = DIRECTION('',(-0.5,-0.866025403784,0.));
#6243 = DIRECTION('',(0.866025403784,-0.5,0.));
#6244 = ADVANCED_FACE('',(#6245),#6256,.F.);
#6245 = FACE_BOUND('',#6246,.F.);
#6246 = EDGE_LOOP('',(#6247,#6253,#6254,#6255));
#6247 = ORIENTED_EDGE('',*,*,#6248,.F.);
#6248 = EDGE_CURVE('',#6225,#6160,#6249,.T.);
#6249 = LINE('',#6250,#6251);
#6250 = CARTESIAN_POINT('',(0.,-4.,8.));
#6251 = VECTOR('',#6252,1.);
#6252 = DIRECTION('',(0.866025403784,0.5,0.));
#6253 = ORIENTED_EDGE('',*,*,#6234,.T.);
#6254 = ORIENTED_EDGE('',*,*,#6070,.F.);
#6255 = ORIENTED_EDGE('',*,*,#6169,.F.);
#6256 = PLANE('',#6257);
#6257 = AXIS2_PLACEMENT_3D('',#6258,#6259,#6260);
#6258 = CARTESIAN_POINT('',(0.,-4.,8.));
#6259 = DIRECTION('',(0.5,-0.866025403784,0.));
#6260 = DIRECTION('',(0.866025403784,0.5,0.));
#6261 = ADVANCED_FACE('',(#6262),#6280,.F.);
#6262 = FACE_BOUND('',#6263,.F.);
#6263 = EDGE_LOOP('',(#6264,#6272,#6273,#6274));
#6264 = ORIENTED_EDGE('',*,*,#6265,.F.);
#6265 = EDGE_CURVE('',#6162,#6266,#6268,.T.);
#6266 = VERTEX_POINT('',#6267);
#6267 = CARTESIAN_POINT('',(0.,4.,8.));
#6268 = LINE('',#6269,#6270);
#6269 = CARTESIAN_POINT('',(3.464101615138,2.,8.));
#6270 = VECTOR('',#6271,1.);
#6271 = DIRECTION('',(-0.866025403784,0.5,0.));
#6272 = ORIENTED_EDGE('',*,*,#6176,.T.);
#6273 = ORIENTED_EDGE('',*,*,#6054,.F.);
#6274 = ORIENTED_EDGE('',*,*,#6275,.F.);
#6275 = EDGE_CURVE('',#6266,#6047,#6276,.T.);
#6276 = LINE('',#6277,#6278);
#6277 = CARTESIAN_POINT('',(0.,4.,8.));
#6278 = VECTOR('',#6279,1.);
#6279 = DIRECTION('',(-0.,-0.,-1.));
#6280 = PLANE('',#6281);
#6281 = AXIS2_PLACEMENT_3D('',#6282,#6283,#6284);
#6282 = CARTESIAN_POINT('',(3.464101615138,2.,8.));
#6283 = DIRECTION('',(0.5,0.866025403784,0.));
#6284 = DIRECTION('',(-0.866025403784,0.5,0.));
#6285 = ADVANCED_FACE('',(#6286),#6297,.F.);
#6286 = FACE_BOUND('',#6287,.F.);
#6287 = EDGE_LOOP('',(#6288,#6294,#6295,#6296));
#6288 = ORIENTED_EDGE('',*,*,#6289,.F.);
#6289 = EDGE_CURVE('',#6266,#6194,#6290,.T.);
#6290 = LINE('',#6291,#6292);
#6291 = CARTESIAN_POINT('',(0.,4.,8.));
#6292 = VECTOR('',#6293,1.);
#6293 = DIRECTION('',(-0.866025403784,-0.5,0.));
#6294 = ORIENTED_EDGE('',*,*,#6275,.T.);
#6295 = ORIENTED_EDGE('',*,*,#6046,.F.);
#6296 = ORIENTED_EDGE('',*,*,#6203,.F.);
#6297 = PLANE('',#6298);
#6298 = AXIS2_PLACEMENT_3D('',#6299,#6300,#6301);
#6299 = CARTESIAN_POINT('',(0.,4.,8.));
#6300 = DIRECTION('',(-0.5,0.866025403784,0.));
#6301 = DIRECTION('',(-0.866025403784,-0.5,0.));
#6302 = ADVANCED_FACE('',(#6303),#6322,.T.);
#6303 = FACE_BOUND('',#6304,.F.);
#6304 = EDGE_LOOP('',(#6305,#6313,#6320,#6321));
#6305 = ORIENTED_EDGE('',*,*,#6306,.T.);
#6306 = EDGE_CURVE('',#6093,#6307,#6309,.T.);
#6307 = VERTEX_POINT('',#6308);
#6308 = CARTESIAN_POINT('',(8.,0.,8.));
#6309 = LINE('',#6310,#6311);
#6310 = CARTESIAN_POINT('',(8.,0.,7.));
#6311 = VECTOR('',#6312,1.);
#6312 = DIRECTION('',(0.,0.,1.));
#6313 = ORIENTED_EDGE('',*,*,#6314,.T.);
#6314 = EDGE_CURVE('',#6307,#6307,#6315,.T.);
#6315 = CIRCLE('',#6316,8.);
#6316 = AXIS2_PLACEMENT_3D('',#6317,#6318,#6319);
#6317 = CARTESIAN_POINT('',(0.,0.,8.));
#6318 = DIRECTION('',(0.,0.,1.));
#6319 = DIRECTION('',(1.,0.,0.));
#6320 = ORIENTED_EDGE('',*,*,#6306,.F.);
#6321 = ORIENTED_EDGE('',*,*,#6102,.F.);
#6322 = CYLINDRICAL_SURFACE('',#6323,8.);
#6323 = AXIS2_PLACEMENT_3D('',#6324,#6325,#6326);
#6324 = CARTESIAN_POINT('',(0.,0.,7.));
#6325 = DIRECTION('',(-0.,-0.,-1.));
#6326 = DIRECTION('',(1.,0.,0.));
#6327 = ADVANCED_FACE('',(#6328,#6331),#6339,.T.);
#6328 = FACE_BOUND('',#6329,.T.);
#6329 = EDGE_LOOP('',(#6330));
#6330 = ORIENTED_EDGE('',*,*,#6314,.T.);
#6331 = FACE_BOUND('',#6332,.T.);
#6332 = EDGE_LOOP('',(#6333,#6334,#6335,#6336,#6337,#6338));
#6333 = ORIENTED_EDGE('',*,*,#6289,.F.);
#6334 = ORIENTED_EDGE('',*,*,#6265,.F.);
#6335 = ORIENTED_EDGE('',*,*,#6159,.F.);
#6336 = ORIENTED_EDGE('',*,*,#6248,.F.);
#6337 = ORIENTED_EDGE('',*,*,#6224,.F.);
#6338 = ORIENTED_EDGE('',*,*,#6193,.F.);
#6339 = PLANE('',#6340);
#6340 = AXIS2_PLACEMENT_3D('',#6341,#6342,#6343);
#6341 = CARTESIAN_POINT('',(-5.1E-16,2.E-17,8.));
#6342 = DIRECTION('',(0.,0.,1.));
#6343 = DIRECTION('',(1.,0.,0.));
#6344 = ( GEOMETRIC_REPRESENTATION_CONTEXT(3) 
GLOBAL_UNCERTAINTY_ASSIGNED_CONTEXT((#6348)) 
GLOBAL_UNIT_ASSIGNED_CONTEXT((#6345,#6346,#6347)) REPRESENTATION_CONTEXT
('Context #1','3D Context with UNIT and UNCERTAINTY') );
#6345 = ( LENGTH_UNIT() NAMED_UNIT(*) SI_UNIT(.MILLI.,.METRE.) );
#6346 = ( NAMED_UNIT(*) PLANE_ANGLE_UNIT() SI_UNIT($,.RADIAN.) );
#6347 = ( NAMED_UNIT(*) SI_UNIT($,.STERADIAN.) SOLID_ANGLE_UNIT() );
#6348 = UNCERTAINTY_MEASURE_WITH_UNIT(LENGTH_MEASURE(5.E-07),#6345,
  'distance_accuracy_value','confusion accuracy');
#6349 = CONTEXT_DEPENDENT_SHAPE_REPRESENTATION(#6350,#6352);
#6350 = ( REPRESENTATION_RELATIONSHIP('','',#36,#10) 
REPRESENTATION_RELATIONSHIP_WITH_TRANSFORMATION(#6351) 
SHAPE_REPRESENTATION_RELATIONSHIP() );
#6351 = ITEM_DEFINED_TRANSFORMATION('','',#11,#15);
#6352 = PRODUCT_DEFINITION_SHAPE('Placement','Placement of an item',
  #6353);
#6353 = NEXT_ASSEMBLY_USAGE_OCCURRENCE('32','Body097','',#5,#31,$);
#6354 = PRODUCT_RELATED_PRODUCT_CATEGORY('part',$,(#33));
#6355 = SHAPE_DEFINITION_REPRESENTATION(#6356,#6362);
#6356 = PRODUCT_DEFINITION_SHAPE('','',#6357);
#6357 = PRODUCT_DEFINITION('design','',#6358,#6361);
#6358 = PRODUCT_DEFINITION_FORMATION('','',#6359);
#6359 = PRODUCT('Body','Body','',(#6360));
#6360 = PRODUCT_CONTEXT('',#2,'mechanical');
#6361 = PRODUCT_DEFINITION_CONTEXT('part definition',#2,'design');
#6362 = ADVANCED_BREP_SHAPE_REPRESENTATION('',(#11,#6363),#6624);
#6363 = MANIFOLD_SOLID_BREP('',#6364);
#6364 = CLOSED_SHELL('',(#6365,#6398,#6407,#6466,#6497,#6521,#6545,#6569
    ,#6593,#6610));
#6365 = ADVANCED_FACE('',(#6366),#6393,.T.);
#6366 = FACE_BOUND('',#6367,.F.);
#6367 = EDGE_LOOP('',(#6368,#6378,#6385,#6386));
#6368 = ORIENTED_EDGE('',*,*,#6369,.T.);
#6369 = EDGE_CURVE('',#6370,#6372,#6374,.T.);
#6370 = VERTEX_POINT('',#6371);
#6371 = CARTESIAN_POINT('',(1.5,0.,0.));
#6372 = VERTEX_POINT('',#6373);
#6373 = CARTESIAN_POINT('',(1.5,0.,3.));
#6374 = LINE('',#6375,#6376);
#6375 = CARTESIAN_POINT('',(1.5,0.,0.));
#6376 = VECTOR('',#6377,1.);
#6377 = DIRECTION('',(0.,0.,1.));
#6378 = ORIENTED_EDGE('',*,*,#6379,.T.);
#6379 = EDGE_CURVE('',#6372,#6372,#6380,.T.);
#6380 = CIRCLE('',#6381,1.5);
#6381 = AXIS2_PLACEMENT_3D('',#6382,#6383,#6384);
#6382 = CARTESIAN_POINT('',(0.,0.,3.));
#6383 = DIRECTION('',(0.,0.,1.));
#6384 = DIRECTION('',(1.,0.,0.));
#6385 = ORIENTED_EDGE('',*,*,#6369,.F.);
#6386 = ORIENTED_EDGE('',*,*,#6387,.F.);
#6387 = EDGE_CURVE('',#6370,#6370,#6388,.T.);
#6388 = CIRCLE('',#6389,1.5);
#6389 = AXIS2_PLACEMENT_3D('',#6390,#6391,#6392);
#6390 = CARTESIAN_POINT('',(0.,0.,0.));
#6391 = DIRECTION('',(0.,0.,1.));
#6392 = DIRECTION('',(1.,0.,0.));
#6393 = CYLINDRICAL_SURFACE('',#6394,1.5);
#6394 = AXIS2_PLACEMENT_3D('',#6395,#6396,#6397);
#6395 = CARTESIAN_POINT('',(0.,0.,0.));
#6396 = DIRECTION('',(-0.,-0.,-1.));
#6397 = DIRECTION('',(1.,0.,0.));
#6398 = ADVANCED_FACE('',(#6399),#6402,.F.);
#6399 = FACE_BOUND('',#6400,.F.);
#6400 = EDGE_LOOP('',(#6401));
#6401 = ORIENTED_EDGE('',*,*,#6387,.T.);
#6402 = PLANE('',#6403);
#6403 = AXIS2_PLACEMENT_3D('',#6404,#6405,#6406);
#6404 = CARTESIAN_POINT('',(-1.1E-16,0.,0.));
#6405 = DIRECTION('',(0.,0.,1.));
#6406 = DIRECTION('',(1.,0.,0.));
#6407 = ADVANCED_FACE('',(#6408,#6411),#6461,.T.);
#6408 = FACE_BOUND('',#6409,.T.);
#6409 = EDGE_LOOP('',(#6410));
#6410 = ORIENTED_EDGE('',*,*,#6379,.T.);
#6411 = FACE_BOUND('',#6412,.T.);
#6412 = EDGE_LOOP('',(#6413,#6423,#6431,#6439,#6447,#6455));
#6413 = ORIENTED_EDGE('',*,*,#6414,.F.);
#6414 = EDGE_CURVE('',#6415,#6417,#6419,.T.);
#6415 = VERTEX_POINT('',#6416);
#6416 = CARTESIAN_POINT('',(0.,1.183568051839,3.));
#6417 = VERTEX_POINT('',#6418);
#6418 = CARTESIAN_POINT('',(-1.025,0.591784025919,3.));
#6419 = LINE('',#6420,#6421);
#6420 = CARTESIAN_POINT('',(0.,1.183568051839,3.));
#6421 = VECTOR('',#6422,1.);
#6422 = DIRECTION('',(-0.866025403784,-0.5,0.));
#6423 = ORIENTED_EDGE('',*,*,#6424,.F.);
#6424 = EDGE_CURVE('',#6425,#6415,#6427,.T.);
#6425 = VERTEX_POINT('',#6426);
#6426 = CARTESIAN_POINT('',(1.025,0.591784025919,3.));
#6427 = LINE('',#6428,#6429);
#6428 = CARTESIAN_POINT('',(1.025,0.591784025919,3.));
#6429 = VECTOR('',#6430,1.);
#6430 = DIRECTION('',(-0.866025403784,0.5,0.));
#6431 = ORIENTED_EDGE('',*,*,#6432,.F.);
#6432 = EDGE_CURVE('',#6433,#6425,#6435,.T.);
#6433 = VERTEX_POINT('',#6434);
#6434 = CARTESIAN_POINT('',(1.025,-0.591784025919,3.));
#6435 = LINE('',#6436,#6437);
#6436 = CARTESIAN_POINT('',(1.025,-0.591784025919,3.));
#6437 = VECTOR('',#6438,1.);
#6438 = DIRECTION('',(0.,1.,0.));
#6439 = ORIENTED_EDGE('',*,*,#6440,.F.);
#6440 = EDGE_CURVE('',#6441,#6433,#6443,.T.);
#6441 = VERTEX_POINT('',#6442);
#6442 = CARTESIAN_POINT('',(0.,-1.183568051839,3.));
#6443 = LINE('',#6444,#6445);
#6444 = CARTESIAN_POINT('',(0.,-1.183568051839,3.));
#6445 = VECTOR('',#6446,1.);
#6446 = DIRECTION('',(0.866025403784,0.5,0.));
#6447 = ORIENTED_EDGE('',*,*,#6448,.F.);
#6448 = EDGE_CURVE('',#6449,#6441,#6451,.T.);
#6449 = VERTEX_POINT('',#6450);
#6450 = CARTESIAN_POINT('',(-1.025,-0.591784025919,3.));
#6451 = LINE('',#6452,#6453);
#6452 = CARTESIAN_POINT('',(-1.025,-0.591784025919,3.));
#6453 = VECTOR('',#6454,1.);
#6454 = DIRECTION('',(0.866025403784,-0.5,0.));
#6455 = ORIENTED_EDGE('',*,*,#6456,.F.);
#6456 = EDGE_CURVE('',#6417,#6449,#6457,.T.);
#6457 = LINE('',#6458,#6459);
#6458 = CARTESIAN_POINT('',(-1.025,0.591784025919,3.));
#6459 = VECTOR('',#6460,1.);
#6460 = DIRECTION('',(0.,-1.,0.));
#6461 = PLANE('',#6462);
#6462 = AXIS2_PLACEMENT_3D('',#6463,#6464,#6465);
#6463 = CARTESIAN_POINT('',(-1.1E-16,0.,3.));
#6464 = DIRECTION('',(0.,0.,1.));
#6465 = DIRECTION('',(1.,0.,0.));
#6466 = ADVANCED_FACE('',(#6467),#6492,.F.);
#6467 = FACE_BOUND('',#6468,.F.);
#6468 = EDGE_LOOP('',(#6469,#6477,#6485,#6491));
#6469 = ORIENTED_EDGE('',*,*,#6470,.T.);
#6470 = EDGE_CURVE('',#6415,#6471,#6473,.T.);
#6471 = VERTEX_POINT('',#6472);
#6472 = CARTESIAN_POINT('',(0.,1.183568051839,2.25));
#6473 = LINE('',#6474,#6475);
#6474 = CARTESIAN_POINT('',(0.,1.183568051839,3.));
#6475 = VECTOR('',#6476,1.);
#6476 = DIRECTION('',(-0.,-0.,-1.));
#6477 = ORIENTED_EDGE('',*,*,#6478,.T.);
#6478 = EDGE_CURVE('',#6471,#6479,#6481,.T.);
#6479 = VERTEX_POINT('',#6480);
#6480 = CARTESIAN_POINT('',(-1.025,0.591784025919,2.25));
#6481 = LINE('',#6482,#6483);
#6482 = CARTESIAN_POINT('',(0.,1.183568051839,2.25));
#6483 = VECTOR('',#6484,1.);
#6484 = DIRECTION('',(-0.866025403784,-0.5,0.));
#6485 = ORIENTED_EDGE('',*,*,#6486,.F.);
#6486 = EDGE_CURVE('',#6417,#6479,#6487,.T.);
#6487 = LINE('',#6488,#6489);
#6488 = CARTESIAN_POINT('',(-1.025,0.591784025919,3.));
#6489 = VECTOR('',#6490,1.);
#6490 = DIRECTION('',(-0.,-0.,-1.));
#6491 = ORIENTED_EDGE('',*,*,#6414,.F.);
#6492 = PLANE('',#6493);
#6493 = AXIS2_PLACEMENT_3D('',#6494,#6495,#6496);
#6494 = CARTESIAN_POINT('',(0.,1.183568051839,3.));
#6495 = DIRECTION('',(-0.5,0.866025403784,0.));
#6496 = DIRECTION('',(-0.866025403784,-0.5,0.));
#6497 = ADVANCED_FACE('',(#6498),#6516,.F.);
#6498 = FACE_BOUND('',#6499,.F.);
#6499 = EDGE_LOOP('',(#6500,#6501,#6509,#6515));
#6500 = ORIENTED_EDGE('',*,*,#6486,.T.);
#6501 = ORIENTED_EDGE('',*,*,#6502,.T.);
#6502 = EDGE_CURVE('',#6479,#6503,#6505,.T.);
#6503 = VERTEX_POINT('',#6504);
#6504 = CARTESIAN_POINT('',(-1.025,-0.591784025919,2.25));
#6505 = LINE('',#6506,#6507);
#6506 = CARTESIAN_POINT('',(-1.025,0.591784025919,2.25));
#6507 = VECTOR('',#6508,1.);
#6508 = DIRECTION('',(0.,-1.,0.));
#6509 = ORIENTED_EDGE('',*,*,#6510,.F.);
#6510 = EDGE_CURVE('',#6449,#6503,#6511,.T.);
#6511 = LINE('',#6512,#6513);
#6512 = CARTESIAN_POINT('',(-1.025,-0.591784025919,3.));
#6513 = VECTOR('',#6514,1.);
#6514 = DIRECTION('',(-0.,-0.,-1.));
#6515 = ORIENTED_EDGE('',*,*,#6456,.F.);
#6516 = PLANE('',#6517);
#6517 = AXIS2_PLACEMENT_3D('',#6518,#6519,#6520);
#6518 = CARTESIAN_POINT('',(-1.025,0.591784025919,3.));
#6519 = DIRECTION('',(-1.,0.,0.));
#6520 = DIRECTION('',(0.,-1.,0.));
#6521 = ADVANCED_FACE('',(#6522),#6540,.F.);
#6522 = FACE_BOUND('',#6523,.F.);
#6523 = EDGE_LOOP('',(#6524,#6525,#6533,#6539));
#6524 = ORIENTED_EDGE('',*,*,#6510,.T.);
#6525 = ORIENTED_EDGE('',*,*,#6526,.T.);
#6526 = EDGE_CURVE('',#6503,#6527,#6529,.T.);
#6527 = VERTEX_POINT('',#6528);
#6528 = CARTESIAN_POINT('',(0.,-1.183568051839,2.25));
#6529 = LINE('',#6530,#6531);
#6530 = CARTESIAN_POINT('',(-1.025,-0.591784025919,2.25));
#6531 = VECTOR('',#6532,1.);
#6532 = DIRECTION('',(0.866025403784,-0.5,0.));
#6533 = ORIENTED_EDGE('',*,*,#6534,.F.);
#6534 = EDGE_CURVE('',#6441,#6527,#6535,.T.);
#6535 = LINE('',#6536,#6537);
#6536 = CARTESIAN_POINT('',(0.,-1.183568051839,3.));
#6537 = VECTOR('',#6538,1.);
#6538 = DIRECTION('',(-0.,-0.,-1.));
#6539 = ORIENTED_EDGE('',*,*,#6448,.F.);
#6540 = PLANE('',#6541);
#6541 = AXIS2_PLACEMENT_3D('',#6542,#6543,#6544);
#6542 = CARTESIAN_POINT('',(-1.025,-0.591784025919,3.));
#6543 = DIRECTION('',(-0.5,-0.866025403784,0.));
#6544 = DIRECTION('',(0.866025403784,-0.5,0.));
#6545 = ADVANCED_FACE('',(#6546),#6564,.F.);
#6546 = FACE_BOUND('',#6547,.F.);
#6547 = EDGE_LOOP('',(#6548,#6549,#6557,#6563));
#6548 = ORIENTED_EDGE('',*,*,#6534,.T.);
#6549 = ORIENTED_EDGE('',*,*,#6550,.T.);
#6550 = EDGE_CURVE('',#6527,#6551,#6553,.T.);
#6551 = VERTEX_POINT('',#6552);
#6552 = CARTESIAN_POINT('',(1.025,-0.591784025919,2.25));
#6553 = LINE('',#6554,#6555);
#6554 = CARTESIAN_POINT('',(0.,-1.183568051839,2.25));
#6555 = VECTOR('',#6556,1.);
#6556 = DIRECTION('',(0.866025403784,0.5,0.));
#6557 = ORIENTED_EDGE('',*,*,#6558,.F.);
#6558 = EDGE_CURVE('',#6433,#6551,#6559,.T.);
#6559 = LINE('',#6560,#6561);
#6560 = CARTESIAN_POINT('',(1.025,-0.591784025919,3.));
#6561 = VECTOR('',#6562,1.);
#6562 = DIRECTION('',(-0.,-0.,-1.));
#6563 = ORIENTED_EDGE('',*,*,#6440,.F.);
#6564 = PLANE('',#6565);
#6565 = AXIS2_PLACEMENT_3D('',#6566,#6567,#6568);
#6566 = CARTESIAN_POINT('',(0.,-1.183568051839,3.));
#6567 = DIRECTION('',(0.5,-0.866025403784,0.));
#6568 = DIRECTION('',(0.866025403784,0.5,0.));
#6569 = ADVANCED_FACE('',(#6570),#6588,.F.);
#6570 = FACE_BOUND('',#6571,.F.);
#6571 = EDGE_LOOP('',(#6572,#6573,#6581,#6587));
#6572 = ORIENTED_EDGE('',*,*,#6558,.T.);
#6573 = ORIENTED_EDGE('',*,*,#6574,.T.);
#6574 = EDGE_CURVE('',#6551,#6575,#6577,.T.);
#6575 = VERTEX_POINT('',#6576);
#6576 = CARTESIAN_POINT('',(1.025,0.591784025919,2.25));
#6577 = LINE('',#6578,#6579);
#6578 = CARTESIAN_POINT('',(1.025,-0.591784025919,2.25));
#6579 = VECTOR('',#6580,1.);
#6580 = DIRECTION('',(0.,1.,0.));
#6581 = ORIENTED_EDGE('',*,*,#6582,.F.);
#6582 = EDGE_CURVE('',#6425,#6575,#6583,.T.);
#6583 = LINE('',#6584,#6585);
#6584 = CARTESIAN_POINT('',(1.025,0.591784025919,3.));
#6585 = VECTOR('',#6586,1.);
#6586 = DIRECTION('',(-0.,-0.,-1.));
#6587 = ORIENTED_EDGE('',*,*,#6432,.F.);
#6588 = PLANE('',#6589);
#6589 = AXIS2_PLACEMENT_3D('',#6590,#6591,#6592);
#6590 = CARTESIAN_POINT('',(1.025,-0.591784025919,3.));
#6591 = DIRECTION('',(1.,0.,0.));
#6592 = DIRECTION('',(-0.,1.,0.));
#6593 = ADVANCED_FACE('',(#6594),#6605,.F.);
#6594 = FACE_BOUND('',#6595,.F.);
#6595 = EDGE_LOOP('',(#6596,#6597,#6603,#6604));
#6596 = ORIENTED_EDGE('',*,*,#6582,.T.);
#6597 = ORIENTED_EDGE('',*,*,#6598,.T.);
#6598 = EDGE_CURVE('',#6575,#6471,#6599,.T.);
#6599 = LINE('',#6600,#6601);
#6600 = CARTESIAN_POINT('',(1.025,0.591784025919,2.25));
#6601 = VECTOR('',#6602,1.);
#6602 = DIRECTION('',(-0.866025403784,0.5,0.));
#6603 = ORIENTED_EDGE('',*,*,#6470,.F.);
#6604 = ORIENTED_EDGE('',*,*,#6424,.F.);
#6605 = PLANE('',#6606);
#6606 = AXIS2_PLACEMENT_3D('',#6607,#6608,#6609);
#6607 = CARTESIAN_POINT('',(1.025,0.591784025919,3.));
#6608 = DIRECTION('',(0.5,0.866025403784,0.));
#6609 = DIRECTION('',(-0.866025403784,0.5,0.));
#6610 = ADVANCED_FACE('',(#6611),#6619,.T.);
#6611 = FACE_BOUND('',#6612,.T.);
#6612 = EDGE_LOOP('',(#6613,#6614,#6615,#6616,#6617,#6618));
#6613 = ORIENTED_EDGE('',*,*,#6478,.T.);
#6614 = ORIENTED_EDGE('',*,*,#6502,.T.);
#6615 = ORIENTED_EDGE('',*,*,#6526,.T.);
#6616 = ORIENTED_EDGE('',*,*,#6550,.T.);
#6617 = ORIENTED_EDGE('',*,*,#6574,.T.);
#6618 = ORIENTED_EDGE('',*,*,#6598,.T.);
#6619 = PLANE('',#6620);
#6620 = AXIS2_PLACEMENT_3D('',#6621,#6622,#6623);
#6621 = CARTESIAN_POINT('',(2.E-17,-2.E-17,2.25));
#6622 = DIRECTION('',(0.,0.,1.));
#6623 = DIRECTION('',(1.,0.,0.));
#6624 = ( GEOMETRIC_REPRESENTATION_CONTEXT(3) 
GLOBAL_UNCERTAINTY_ASSIGNED_CONTEXT((#6628)) 
GLOBAL_UNIT_ASSIGNED_CONTEXT((#6625,#6626,#6627)) REPRESENTATION_CONTEXT
('Context #1','3D Context with UNIT and UNCERTAINTY') );
#6625 = ( LENGTH_UNIT() NAMED_UNIT(*) SI_UNIT(.MILLI.,.METRE.) );
#6626 = ( NAMED_UNIT(*) PLANE_ANGLE_UNIT() SI_UNIT($,.RADIAN.) );
#6627 = ( NAMED_UNIT(*) SI_UNIT($,.STERADIAN.) SOLID_ANGLE_UNIT() );
#6628 = UNCERTAINTY_MEASURE_WITH_UNIT(LENGTH_MEASURE(1.E-07),#6625,
  'distance_accuracy_value','confusion accuracy');
#6629 = CONTEXT_DEPENDENT_SHAPE_REPRESENTATION(#6630,#6632);
#6630 = ( REPRESENTATION_RELATIONSHIP('','',#6362,#10) 
REPRESENTATION_RELATIONSHIP_WITH_TRANSFORMATION(#6631) 
SHAPE_REPRESENTATION_RELATIONSHIP() );
#6631 = ITEM_DEFINED_TRANSFORMATION('','',#11,#19);
#6632 = PRODUCT_DEFINITION_SHAPE('Placement','Placement of an item',
  #6633);
#6633 = NEXT_ASSEMBLY_USAGE_OCCURRENCE('33','Body098','',#5,#6357,$);
#6634 = PRODUCT_RELATED_PRODUCT_CATEGORY('part',$,(#6359));
#6635 = MECHANICAL_DESIGN_GEOMETRIC_PRESENTATION_REPRESENTATION('',(
    #6636),#6624);
#6636 = STYLED_ITEM('color',(#6637),#6363);
#6637 = PRESENTATION_STYLE_ASSIGNMENT((#6638,#6644));
#6638 = SURFACE_STYLE_USAGE(.BOTH.,#6639);
#6639 = SURFACE_SIDE_STYLE('',(#6640));
#6640 = SURFACE_STYLE_FILL_AREA(#6641);
#6641 = FILL_AREA_STYLE('',(#6642));
#6642 = FILL_AREA_STYLE_COLOUR('',#6643);
#6643 = COLOUR_RGB('',0.447058818107,0.474509808674,0.501960817233);
#6644 = CURVE_STYLE('',#6645,POSITIVE_LENGTH_MEASURE(0.1),#6646);
#6645 = DRAUGHTING_PRE_DEFINED_CURVE_FONT('continuous');
#6646 = COLOUR_RGB('',9.803921802644E-02,9.803921802644E-02,
  9.803921802644E-02);
#6647 = MECHANICAL_DESIGN_GEOMETRIC_PRESENTATION_REPRESENTATION('',(
    #6648),#6344);
#6648 = STYLED_ITEM('color',(#6649),#37);
#6649 = PRESENTATION_STYLE_ASSIGNMENT((#6650,#6655));
#6650 = SURFACE_STYLE_USAGE(.BOTH.,#6651);
#6651 = SURFACE_SIDE_STYLE('',(#6652));
#6652 = SURFACE_STYLE_FILL_AREA(#6653);
#6653 = FILL_AREA_STYLE('',(#6654));
#6654 = FILL_AREA_STYLE_COLOUR('',#6643);
#6655 = CURVE_STYLE('',#6656,POSITIVE_LENGTH_MEASURE(0.1),#6646);
#6656 = DRAUGHTING_PRE_DEFINED_CURVE_FONT('continuous');
ENDSEC;
END-ISO-10303-21;
