ISO-10303-21;
HEADER;
FILE_DESCRIPTION(('FreeCAD Model'),'2;1');
FILE_NAME('Open CASCADE Shape Model','2026-09-03T22:06:00',('Author'),(
    ''),'Open CASCADE STEP processor 7.9','FreeCAD','Unknown');
FILE_SCHEMA(('AUTOMOTIVE_DESIGN { 1 0 10303 214 1 1 1 1 }'));
ENDSEC;
DATA;
#1 = APPLICATION_PROTOCOL_DEFINITION('international standard',
  'automotive_design',2000,#2);
#2 = APPLICATION_CONTEXT(
  'core data for automotive mechanical design processes');
#3 = SHAPE_DEFINITION_REPRESENTATION(#4,#10);
#4 = PRODUCT_DEFINITION_SHAPE('','',#5);
#5 = PRODUCT_DEFINITION('design','',#6,#9);
#6 = PRODUCT_DEFINITION_FORMATION('','',#7);
#7 = PRODUCT('Body097','Body097','',(#8));
#8 = PRODUCT_CONTEXT('',#2,'mechanical');
#9 = PRODUCT_DEFINITION_CONTEXT('part definition',#2,'design');
#10 = ADVANCED_BREP_SHAPE_REPRESENTATION('',(#11,#15),#6322);
#11 = AXIS2_PLACEMENT_3D('',#12,#13,#14);
#12 = CARTESIAN_POINT('',(0.,0.,0.));
#13 = DIRECTION('',(0.,0.,1.));
#14 = DIRECTION('',(1.,0.,-0.));
#15 = MANIFOLD_SOLID_BREP('',#16);
#16 = CLOSED_SHELL('',(#17,#1194,#1219,#1251,#1276,#1301,#1326,#1351,
    #1376,#1402,#1428,#1454,#1480,#1506,#1532,#1558,#1584,#1610,#1636,
    #1662,#1688,#1714,#1740,#1766,#1792,#1818,#1844,#1870,#1896,#1922,
    #1948,#1974,#2000,#2026,#2052,#2078,#2104,#2130,#2156,#2182,#2208,
    #2234,#2260,#2286,#2312,#2338,#2364,#2390,#2416,#2442,#2468,#2494,
    #2520,#2546,#2572,#2598,#2624,#2650,#2676,#2702,#2728,#2754,#2780,
    #2806,#2832,#2858,#2884,#2910,#2936,#2962,#2988,#3014,#3040,#3066,
    #3092,#3118,#3144,#3170,#3196,#3222,#3248,#3274,#3300,#3326,#3352,
    #3378,#3404,#3430,#3456,#3482,#3508,#3534,#3560,#3586,#3612,#3638,
    #3664,#3690,#3716,#3742,#3768,#3794,#3820,#3846,#3872,#3898,#3924,
    #4021,#4054,#4100,#4133,#4243,#4272,#4327,#4360,#4458,#4491,#4537,
    #4570,#4688,#4714,#4740,#4766,#4792,#4818,#4844,#4870,#4896,#4922,
    #4948,#4974,#5000,#5026,#5052,#5078,#5104,#5130,#5156,#5182,#5208,
    #5234,#5260,#5286,#5312,#5338,#5364,#5383,#5408,#5628,#5869,#5888,
    #5900,#5919,#5938,#5950,#5969,#5988,#6007,#6066,#6091,#6105,#6119,
    #6133,#6167,#6198,#6222,#6239,#6263,#6280,#6305));
#17 = ADVANCED_FACE('',(#18,#29),#1189,.T.);
#18 = FACE_BOUND('',#19,.T.);
#19 = EDGE_LOOP('',(#20));
#20 = ORIENTED_EDGE('',*,*,#21,.F.);
#21 = EDGE_CURVE('',#22,#22,#24,.T.);
#22 = VERTEX_POINT('',#23);
#23 = CARTESIAN_POINT('',(7.5,0.,0.));
#24 = CIRCLE('',#25,7.5);
#25 = AXIS2_PLACEMENT_3D('',#26,#27,#28);
#26 = CARTESIAN_POINT('',(0.,0.,0.));
#27 = DIRECTION('',(0.,0.,-1.));
#28 = DIRECTION('',(1.,0.,0.));
#29 = FACE_BOUND('',#30,.T.);
#30 = EDGE_LOOP('',(#31,#42,#50,#58,#66,#74,#82,#90,#98,#106,#114,#122,
    #130,#138,#146,#154,#162,#170,#178,#186,#194,#202,#210,#218,#226,
    #234,#242,#250,#258,#266,#274,#282,#290,#298,#306,#314,#322,#330,
    #338,#346,#354,#362,#370,#378,#386,#394,#402,#410,#418,#426,#434,
    #442,#450,#458,#466,#474,#482,#490,#498,#506,#514,#522,#530,#538,
    #546,#554,#562,#570,#578,#586,#594,#602,#610,#618,#626,#634,#642,
    #650,#658,#666,#674,#682,#690,#698,#706,#714,#722,#730,#738,#746,
    #754,#762,#770,#778,#786,#794,#802,#810,#818,#826,#834,#842,#850,
    #858,#866,#874,#882,#890,#898,#906,#914,#922,#930,#938,#946,#954,
    #962,#970,#978,#986,#994,#1002,#1010,#1018,#1026,#1034,#1042,#1050,
    #1058,#1066,#1074,#1082,#1090,#1098,#1106,#1114,#1122,#1130,#1138,
    #1146,#1155,#1164,#1173,#1182));
#31 = ORIENTED_EDGE('',*,*,#32,.F.);
#32 = EDGE_CURVE('',#33,#35,#37,.T.);
#33 = VERTEX_POINT('',#34);
#34 = CARTESIAN_POINT('',(0.74985957009,7.347271212551,0.));
#35 = VERTEX_POINT('',#36);
#36 = CARTESIAN_POINT('',(0.586634558785,7.222488664825,0.));
#37 = CIRCLE('',#38,0.15);
#38 = AXIS2_PLACEMENT_3D('',#39,#40,#41);
#39 = CARTESIAN_POINT('',(0.734629742603,7.198046374287,0.));
#40 = DIRECTION('',(0.,-0.,1.));
#41 = DIRECTION('',(0.101532183246,0.994832255089,0.));
#42 = ORIENTED_EDGE('',*,*,#43,.F.);
#43 = EDGE_CURVE('',#44,#33,#46,.T.);
#44 = VERTEX_POINT('',#45);
#45 = CARTESIAN_POINT('',(1.177304994502,7.290996954845,0.));
#46 = ( BOUNDED_CURVE() B_SPLINE_CURVE(2,(#47,#48,#49),.UNSPECIFIED.,.F.
,.F.) B_SPLINE_CURVE_WITH_KNOTS((3,3),(0.,5.838450169226E-02),
.PIECEWISE_BEZIER_KNOTS.) CURVE() GEOMETRIC_REPRESENTATION_ITEM() 
RATIONAL_B_SPLINE_CURVE((1.,0.999573936504,1.)) REPRESENTATION_ITEM('') 
  );
#47 = CARTESIAN_POINT('',(1.177304994502,7.290996954845,0.));
#48 = CARTESIAN_POINT('',(0.964403901824,7.325374903608,0.));
#49 = CARTESIAN_POINT('',(0.74985957009,7.347271212551,0.));
#50 = ORIENTED_EDGE('',*,*,#51,.F.);
#51 = EDGE_CURVE('',#52,#44,#54,.T.);
#52 = VERTEX_POINT('',#53);
#53 = CARTESIAN_POINT('',(1.302672148569,7.128220527764,0.));
#54 = ( BOUNDED_CURVE() B_SPLINE_CURVE(2,(#55,#56,#57),.UNSPECIFIED.,.F.
,.F.) B_SPLINE_CURVE_WITH_KNOTS((3,3),(0.,1.508825302794),
.PIECEWISE_BEZIER_KNOTS.) CURVE() GEOMETRIC_REPRESENTATION_ITEM() 
RATIONAL_B_SPLINE_CURVE((1.,0.728673920883,1.)) REPRESENTATION_ITEM('') 
  );
#55 = CARTESIAN_POINT('',(1.302672148569,7.128220527764,0.));
#56 = CARTESIAN_POINT('',(1.316483140006,7.268523330614,0.));
#57 = CARTESIAN_POINT('',(1.177304994502,7.290996954845,0.));
#58 = ORIENTED_EDGE('',*,*,#59,.F.);
#59 = EDGE_CURVE('',#60,#52,#62,.T.);
#60 = VERTEX_POINT('',#61);
#61 = CARTESIAN_POINT('',(1.316199131068,6.839632442932,0.));
#62 = ( BOUNDED_CURVE() B_SPLINE_CURVE(2,(#63,#64,#65),.UNSPECIFIED.,.F.
,.F.) B_SPLINE_CURVE_WITH_KNOTS((3,3),(0.,0.289919229054),
.PIECEWISE_BEZIER_KNOTS.) CURVE() GEOMETRIC_REPRESENTATION_ITEM() 
RATIONAL_B_SPLINE_CURVE((1.,0.989511740461,1.)) REPRESENTATION_ITEM('') 
  );
#63 = CARTESIAN_POINT('',(1.316199131068,6.839632442932,0.));
#64 = CARTESIAN_POINT('',(1.2883710787,6.982939126671,0.));
#65 = CARTESIAN_POINT('',(1.302672148569,7.128220527764,0.));
#66 = ORIENTED_EDGE('',*,*,#67,.F.);
#67 = EDGE_CURVE('',#68,#60,#70,.T.);
#68 = VERTEX_POINT('',#69);
#69 = CARTESIAN_POINT('',(2.279954337522,6.581395013661,0.));
#70 = ( BOUNDED_CURVE() B_SPLINE_CURVE(2,(#71,#72,#73),.UNSPECIFIED.,.F.
,.F.) B_SPLINE_CURVE_WITH_KNOTS((3,3),(0.,2.234397261374),
.PIECEWISE_BEZIER_KNOTS.) CURVE() GEOMETRIC_REPRESENTATION_ITEM() 
RATIONAL_B_SPLINE_CURVE((1.,0.438202247191,1.)) REPRESENTATION_ITEM('') 
  );
#71 = CARTESIAN_POINT('',(2.279954337522,6.581395013661,0.));
#72 = CARTESIAN_POINT('',(1.533217832479,5.722046849881,0.));
#73 = CARTESIAN_POINT('',(1.316199131068,6.839632442932,0.));
#74 = ORIENTED_EDGE('',*,*,#75,.F.);
#75 = EDGE_CURVE('',#76,#68,#78,.T.);
#76 = VERTEX_POINT('',#77);
#77 = CARTESIAN_POINT('',(2.435963090418,6.824556135106,0.));
#78 = ( BOUNDED_CURVE() B_SPLINE_CURVE(2,(#79,#80,#81),.UNSPECIFIED.,.F.
,.F.) B_SPLINE_CURVE_WITH_KNOTS((3,3),(0.,0.289919229054),
.PIECEWISE_BEZIER_KNOTS.) CURVE() GEOMETRIC_REPRESENTATION_ITEM() 
RATIONAL_B_SPLINE_CURVE((1.,0.989511740461,1.)) REPRESENTATION_ITEM('') 
  );
#79 = CARTESIAN_POINT('',(2.435963090418,6.824556135106,0.));
#80 = CARTESIAN_POINT('',(2.37570747968,6.691588216127,0.));
#81 = CARTESIAN_POINT('',(2.279954337522,6.581395013661,0.));
#82 = ORIENTED_EDGE('',*,*,#83,.F.);
#83 = EDGE_CURVE('',#84,#76,#86,.T.);
#84 = VERTEX_POINT('',#85);
#85 = CARTESIAN_POINT('',(2.625922444182,6.902841079061,0.));
#86 = ( BOUNDED_CURVE() B_SPLINE_CURVE(2,(#87,#88,#89),.UNSPECIFIED.,.F.
,.F.) B_SPLINE_CURVE_WITH_KNOTS((3,3),(0.,1.508825302794),
.PIECEWISE_BEZIER_KNOTS.) CURVE() GEOMETRIC_REPRESENTATION_ITEM() 
RATIONAL_B_SPLINE_CURVE((1.,0.728673920883,1.)) REPRESENTATION_ITEM('') 
  );
#87 = CARTESIAN_POINT('',(2.625922444182,6.902841079061,0.));
#88 = CARTESIAN_POINT('',(2.494153822408,6.952967422315,0.));
#89 = CARTESIAN_POINT('',(2.435963090418,6.824556135106,0.));
#90 = ORIENTED_EDGE('',*,*,#91,.F.);
#91 = EDGE_CURVE('',#92,#84,#94,.T.);
#92 = VERTEX_POINT('',#93);
#93 = CARTESIAN_POINT('',(3.024238169307,6.737853303608,0.));
#94 = ( BOUNDED_CURVE() B_SPLINE_CURVE(2,(#95,#96,#97),.UNSPECIFIED.,.F.
,.F.) B_SPLINE_CURVE_WITH_KNOTS((3,3),(0.,5.838450169226E-02),
.PIECEWISE_BEZIER_KNOTS.) CURVE() GEOMETRIC_REPRESENTATION_ITEM() 
RATIONAL_B_SPLINE_CURVE((1.,0.999573936504,1.)) REPRESENTATION_ITEM('') 
  );
#95 = CARTESIAN_POINT('',(3.024238169307,6.737853303608,0.));
#96 = CARTESIAN_POINT('',(2.827489173315,6.826162709681,0.));
#97 = CARTESIAN_POINT('',(2.625922444182,6.902841079061,0.));
#98 = ORIENTED_EDGE('',*,*,#99,.F.);
#99 = EDGE_CURVE('',#100,#92,#102,.T.);
#100 = VERTEX_POINT('',#101);
#101 = CARTESIAN_POINT('',(3.103203901767,6.548175941677,0.));
#102 = ( BOUNDED_CURVE() B_SPLINE_CURVE(2,(#103,#104,#105),
.UNSPECIFIED.,.F.,.F.) B_SPLINE_CURVE_WITH_KNOTS((3,3),(0.,
1.508825302794),.PIECEWISE_BEZIER_KNOTS.) CURVE() 
GEOMETRIC_REPRESENTATION_ITEM() RATIONAL_B_SPLINE_CURVE((1.,
0.728673920883,1.)) REPRESENTATION_ITEM('') );
#103 = CARTESIAN_POINT('',(3.103203901767,6.548175941677,0.));
#104 = CARTESIAN_POINT('',(3.152857332541,6.680123494835,0.));
#105 = CARTESIAN_POINT('',(3.024238169307,6.737853303608,0.));
#106 = ORIENTED_EDGE('',*,*,#107,.F.);
#107 = EDGE_CURVE('',#108,#100,#110,.T.);
#108 = VERTEX_POINT('',#109);
#109 = CARTESIAN_POINT('',(3.041577870969,6.265920216685,0.));
#110 = ( BOUNDED_CURVE() B_SPLINE_CURVE(2,(#111,#112,#113),
.UNSPECIFIED.,.F.,.F.) B_SPLINE_CURVE_WITH_KNOTS((3,3),(0.,
0.289919229054),.PIECEWISE_BEZIER_KNOTS.) CURVE() 
GEOMETRIC_REPRESENTATION_ITEM() RATIONAL_B_SPLINE_CURVE((1.,
0.989511740461,1.)) REPRESENTATION_ITEM('') );
#111 = CARTESIAN_POINT('',(3.041577870969,6.265920216685,0.));
#112 = CARTESIAN_POINT('',(3.051788535534,6.411546273529,0.));
#113 = CARTESIAN_POINT('',(3.103203901767,6.548175941677,0.));
#114 = ORIENTED_EDGE('',*,*,#115,.F.);
#115 = EDGE_CURVE('',#116,#108,#118,.T.);
#116 = VERTEX_POINT('',#117);
#117 = CARTESIAN_POINT('',(3.905657150251,5.76704381219,0.));
#118 = ( BOUNDED_CURVE() B_SPLINE_CURVE(2,(#119,#120,#121),
.UNSPECIFIED.,.F.,.F.) B_SPLINE_CURVE_WITH_KNOTS((3,3),(0.,
2.234397261374),.PIECEWISE_BEZIER_KNOTS.) CURVE() 
GEOMETRIC_REPRESENTATION_ITEM() RATIONAL_B_SPLINE_CURVE((1.,
0.438202247191,1.)) REPRESENTATION_ITEM('') );
#119 = CARTESIAN_POINT('',(3.905657150251,5.76704381219,0.));
#120 = CARTESIAN_POINT('',(2.961949403436,5.1302468562,0.));
#121 = CARTESIAN_POINT('',(3.041577870969,6.265920216685,0.));
#122 = ORIENTED_EDGE('',*,*,#123,.F.);
#123 = EDGE_CURVE('',#124,#116,#126,.T.);
#124 = VERTEX_POINT('',#125);
#125 = CARTESIAN_POINT('',(4.119284763059,5.961541382891,0.));
#126 = ( BOUNDED_CURVE() B_SPLINE_CURVE(2,(#127,#128,#129),
.UNSPECIFIED.,.F.,.F.) B_SPLINE_CURVE_WITH_KNOTS((3,3),(0.,
0.289919229054),.PIECEWISE_BEZIER_KNOTS.) CURVE() 
GEOMETRIC_REPRESENTATION_ITEM() RATIONAL_B_SPLINE_CURVE((1.,
0.989511740461,1.)) REPRESENTATION_ITEM('') );
#127 = CARTESIAN_POINT('',(4.119284763059,5.961541382891,0.));
#128 = CARTESIAN_POINT('',(4.026667682648,5.848699535515,0.));
#129 = CARTESIAN_POINT('',(3.905657150251,5.76704381219,0.));
#130 = ORIENTED_EDGE('',*,*,#131,.F.);
#131 = EDGE_CURVE('',#132,#124,#134,.T.);
#132 = VERTEX_POINT('',#133);
#133 = CARTESIAN_POINT('',(4.323033043244,5.987993733518,0.));
#134 = ( BOUNDED_CURVE() B_SPLINE_CURVE(2,(#135,#136,#137),
.UNSPECIFIED.,.F.,.F.) B_SPLINE_CURVE_WITH_KNOTS((3,3),(0.,
1.508825302794),.PIECEWISE_BEZIER_KNOTS.) CURVE() 
GEOMETRIC_REPRESENTATION_ITEM() RATIONAL_B_SPLINE_CURVE((1.,
0.728673920883,1.)) REPRESENTATION_ITEM('') );
#135 = CARTESIAN_POINT('',(4.323033043244,5.987993733518,0.));
#136 = CARTESIAN_POINT('',(4.208727980674,6.070516291906,0.));
#137 = CARTESIAN_POINT('',(4.119284763059,5.961541382891,0.));
#138 = ORIENTED_EDGE('',*,*,#139,.F.);
#139 = EDGE_CURVE('',#140,#132,#142,.T.);
#140 = VERTEX_POINT('',#141);
#141 = CARTESIAN_POINT('',(4.665074510663,5.72553608456,0.));
#142 = ( BOUNDED_CURVE() B_SPLINE_CURVE(2,(#143,#144,#145),
.UNSPECIFIED.,.F.,.F.) B_SPLINE_CURVE_WITH_KNOTS((3,3),(0.,
5.838450169226E-02),.PIECEWISE_BEZIER_KNOTS.) CURVE() 
GEOMETRIC_REPRESENTATION_ITEM() RATIONAL_B_SPLINE_CURVE((1.,
0.999573936504,1.)) REPRESENTATION_ITEM('') );
#143 = CARTESIAN_POINT('',(4.665074510663,5.72553608456,0.));
#144 = CARTESIAN_POINT('',(4.497885730292,5.861758807857,0.));
#145 = CARTESIAN_POINT('',(4.323033043244,5.987993733518,0.));
#146 = ORIENTED_EDGE('',*,*,#147,.F.);
#147 = EDGE_CURVE('',#148,#140,#150,.T.);
#148 = VERTEX_POINT('',#149);
#149 = CARTESIAN_POINT('',(4.692257437345,5.521883986536,0.));
#150 = ( BOUNDED_CURVE() B_SPLINE_CURVE(2,(#151,#152,#153),
.UNSPECIFIED.,.F.,.F.) B_SPLINE_CURVE_WITH_KNOTS((3,3),(0.,
1.508825302794),.PIECEWISE_BEZIER_KNOTS.) CURVE() 
GEOMETRIC_REPRESENTATION_ITEM() RATIONAL_B_SPLINE_CURVE((1.,
0.728673920883,1.)) REPRESENTATION_ITEM('') );
#151 = CARTESIAN_POINT('',(4.692257437345,5.521883986536,0.));
#152 = CARTESIAN_POINT('',(4.774369508207,5.636484282309,0.));
#153 = CARTESIAN_POINT('',(4.665074510663,5.72553608456,0.));
#154 = ORIENTED_EDGE('',*,*,#155,.F.);
#155 = EDGE_CURVE('',#156,#148,#158,.T.);
#156 = VERTEX_POINT('',#157);
#157 = CARTESIAN_POINT('',(4.559678105409,5.265195882593,0.));
#158 = ( BOUNDED_CURVE() B_SPLINE_CURVE(2,(#159,#160,#161),
.UNSPECIFIED.,.F.,.F.) B_SPLINE_CURVE_WITH_KNOTS((3,3),(0.,
0.289919229054),.PIECEWISE_BEZIER_KNOTS.) CURVE() 
GEOMETRIC_REPRESENTATION_ITEM() RATIONAL_B_SPLINE_CURVE((1.,
0.989511740461,1.)) REPRESENTATION_ITEM('') );
#159 = CARTESIAN_POINT('',(4.559678105409,5.265195882593,0.));
#160 = CARTESIAN_POINT('',(4.607231646991,5.403217137427,0.));
#161 = CARTESIAN_POINT('',(4.692257437345,5.521883986536,0.));
#162 = ORIENTED_EDGE('',*,*,#163,.F.);
#163 = EDGE_CURVE('',#164,#156,#166,.T.);
#164 = VERTEX_POINT('',#165);
#165 = CARTESIAN_POINT('',(5.265195882593,4.559678105409,0.));
#166 = ( BOUNDED_CURVE() B_SPLINE_CURVE(2,(#167,#168,#169),
.UNSPECIFIED.,.F.,.F.) B_SPLINE_CURVE_WITH_KNOTS((3,3),(0.,
2.234397261374),.PIECEWISE_BEZIER_KNOTS.) CURVE() 
GEOMETRIC_REPRESENTATION_ITEM() RATIONAL_B_SPLINE_CURVE((1.,
0.438202247191,1.)) REPRESENTATION_ITEM('') );
#167 = CARTESIAN_POINT('',(5.265195882593,4.559678105409,0.));
#168 = CARTESIAN_POINT('',(4.188829017402,4.188829017402,0.));
#169 = CARTESIAN_POINT('',(4.559678105409,5.265195882593,0.));
#170 = ORIENTED_EDGE('',*,*,#171,.F.);
#171 = EDGE_CURVE('',#172,#164,#174,.T.);
#172 = VERTEX_POINT('',#173);
#173 = CARTESIAN_POINT('',(5.521883986536,4.692257437345,0.));
#174 = ( BOUNDED_CURVE() B_SPLINE_CURVE(2,(#175,#176,#177),
.UNSPECIFIED.,.F.,.F.) B_SPLINE_CURVE_WITH_KNOTS((3,3),(0.,
0.289919229054),.PIECEWISE_BEZIER_KNOTS.) CURVE() 
GEOMETRIC_REPRESENTATION_ITEM() RATIONAL_B_SPLINE_CURVE((1.,
0.989511740461,1.)) REPRESENTATION_ITEM('') );
#175 = CARTESIAN_POINT('',(5.521883986536,4.692257437345,0.));
#176 = CARTESIAN_POINT('',(5.403217137427,4.607231646991,0.));
#177 = CARTESIAN_POINT('',(5.265195882593,4.559678105409,0.));
#178 = ORIENTED_EDGE('',*,*,#179,.F.);
#179 = EDGE_CURVE('',#180,#172,#182,.T.);
#180 = VERTEX_POINT('',#181);
#181 = CARTESIAN_POINT('',(5.72553608456,4.665074510663,0.));
#182 = ( BOUNDED_CURVE() B_SPLINE_CURVE(2,(#183,#184,#185),
.UNSPECIFIED.,.F.,.F.) B_SPLINE_CURVE_WITH_KNOTS((3,3),(0.,
1.508825302794),.PIECEWISE_BEZIER_KNOTS.) CURVE() 
GEOMETRIC_REPRESENTATION_ITEM() RATIONAL_B_SPLINE_CURVE((1.,
0.728673920883,1.)) REPRESENTATION_ITEM('') );
#183 = CARTESIAN_POINT('',(5.72553608456,4.665074510663,0.));
#184 = CARTESIAN_POINT('',(5.636484282309,4.774369508207,0.));
#185 = CARTESIAN_POINT('',(5.521883986536,4.692257437345,0.));
#186 = ORIENTED_EDGE('',*,*,#187,.F.);
#187 = EDGE_CURVE('',#188,#180,#190,.T.);
#188 = VERTEX_POINT('',#189);
#189 = CARTESIAN_POINT('',(5.987993733518,4.323033043244,0.));
#190 = ( BOUNDED_CURVE() B_SPLINE_CURVE(2,(#191,#192,#193),
.UNSPECIFIED.,.F.,.F.) B_SPLINE_CURVE_WITH_KNOTS((3,3),(0.,
5.838450169226E-02),.PIECEWISE_BEZIER_KNOTS.) CURVE() 
GEOMETRIC_REPRESENTATION_ITEM() RATIONAL_B_SPLINE_CURVE((1.,
0.999573936504,1.)) REPRESENTATION_ITEM('') );
#191 = CARTESIAN_POINT('',(5.987993733518,4.323033043244,0.));
#192 = CARTESIAN_POINT('',(5.861758807857,4.497885730292,0.));
#193 = CARTESIAN_POINT('',(5.72553608456,4.665074510663,0.));
#194 = ORIENTED_EDGE('',*,*,#195,.F.);
#195 = EDGE_CURVE('',#196,#188,#198,.T.);
#196 = VERTEX_POINT('',#197);
#197 = CARTESIAN_POINT('',(5.961541382891,4.119284763059,0.));
#198 = ( BOUNDED_CURVE() B_SPLINE_CURVE(2,(#199,#200,#201),
.UNSPECIFIED.,.F.,.F.) B_SPLINE_CURVE_WITH_KNOTS((3,3),(0.,
1.508825302794),.PIECEWISE_BEZIER_KNOTS.) CURVE() 
GEOMETRIC_REPRESENTATION_ITEM() RATIONAL_B_SPLINE_CURVE((1.,
0.728673920883,1.)) REPRESENTATION_ITEM('') );
#199 = CARTESIAN_POINT('',(5.961541382891,4.119284763059,0.));
#200 = CARTESIAN_POINT('',(6.070516291906,4.208727980674,0.));
#201 = CARTESIAN_POINT('',(5.987993733518,4.323033043244,0.));
#202 = ORIENTED_EDGE('',*,*,#203,.F.);
#203 = EDGE_CURVE('',#204,#196,#206,.T.);
#204 = VERTEX_POINT('',#205);
#205 = CARTESIAN_POINT('',(5.76704381219,3.905657150251,0.));
#206 = ( BOUNDED_CURVE() B_SPLINE_CURVE(2,(#207,#208,#209),
.UNSPECIFIED.,.F.,.F.) B_SPLINE_CURVE_WITH_KNOTS((3,3),(0.,
0.289919229054),.PIECEWISE_BEZIER_KNOTS.) CURVE() 
GEOMETRIC_REPRESENTATION_ITEM() RATIONAL_B_SPLINE_CURVE((1.,
0.989511740461,1.)) REPRESENTATION_ITEM('') );
#207 = CARTESIAN_POINT('',(5.76704381219,3.905657150251,0.));
#208 = CARTESIAN_POINT('',(5.848699535515,4.026667682648,0.));
#209 = CARTESIAN_POINT('',(5.961541382891,4.119284763059,0.));
#210 = ORIENTED_EDGE('',*,*,#211,.F.);
#211 = EDGE_CURVE('',#212,#204,#214,.T.);
#212 = VERTEX_POINT('',#213);
#213 = CARTESIAN_POINT('',(6.265920216685,3.041577870969,0.));
#214 = ( BOUNDED_CURVE() B_SPLINE_CURVE(2,(#215,#216,#217),
.UNSPECIFIED.,.F.,.F.) B_SPLINE_CURVE_WITH_KNOTS((3,3),(0.,
2.234397261374),.PIECEWISE_BEZIER_KNOTS.) CURVE() 
GEOMETRIC_REPRESENTATION_ITEM() RATIONAL_B_SPLINE_CURVE((1.,
0.438202247191,1.)) REPRESENTATION_ITEM('') );
#215 = CARTESIAN_POINT('',(6.265920216685,3.041577870969,0.));
#216 = CARTESIAN_POINT('',(5.1302468562,2.961949403436,0.));
#217 = CARTESIAN_POINT('',(5.76704381219,3.905657150251,0.));
#218 = ORIENTED_EDGE('',*,*,#219,.F.);
#219 = EDGE_CURVE('',#220,#212,#222,.T.);
#220 = VERTEX_POINT('',#221);
#221 = CARTESIAN_POINT('',(6.548175941677,3.103203901767,0.));
#222 = ( BOUNDED_CURVE() B_SPLINE_CURVE(2,(#223,#224,#225),
.UNSPECIFIED.,.F.,.F.) B_SPLINE_CURVE_WITH_KNOTS((3,3),(0.,
0.289919229054),.PIECEWISE_BEZIER_KNOTS.) CURVE() 
GEOMETRIC_REPRESENTATION_ITEM() RATIONAL_B_SPLINE_CURVE((1.,
0.989511740461,1.)) REPRESENTATION_ITEM('') );
#223 = CARTESIAN_POINT('',(6.548175941677,3.103203901767,0.));
#224 = CARTESIAN_POINT('',(6.411546273529,3.051788535534,0.));
#225 = CARTESIAN_POINT('',(6.265920216685,3.041577870969,0.));
#226 = ORIENTED_EDGE('',*,*,#227,.F.);
#227 = EDGE_CURVE('',#228,#220,#230,.T.);
#228 = VERTEX_POINT('',#229);
#229 = CARTESIAN_POINT('',(6.737853303608,3.024238169307,0.));
#230 = ( BOUNDED_CURVE() B_SPLINE_CURVE(2,(#231,#232,#233),
.UNSPECIFIED.,.F.,.F.) B_SPLINE_CURVE_WITH_KNOTS((3,3),(0.,
1.508825302794),.PIECEWISE_BEZIER_KNOTS.) CURVE() 
GEOMETRIC_REPRESENTATION_ITEM() RATIONAL_B_SPLINE_CURVE((1.,
0.728673920883,1.)) REPRESENTATION_ITEM('') );
#231 = CARTESIAN_POINT('',(6.737853303608,3.024238169307,0.));
#232 = CARTESIAN_POINT('',(6.680123494835,3.152857332541,0.));
#233 = CARTESIAN_POINT('',(6.548175941677,3.103203901767,0.));
#234 = ORIENTED_EDGE('',*,*,#235,.F.);
#235 = EDGE_CURVE('',#236,#228,#238,.T.);
#236 = VERTEX_POINT('',#237);
#237 = CARTESIAN_POINT('',(6.902841079061,2.625922444182,0.));
#238 = ( BOUNDED_CURVE() B_SPLINE_CURVE(2,(#239,#240,#241),
.UNSPECIFIED.,.F.,.F.) B_SPLINE_CURVE_WITH_KNOTS((3,3),(0.,
5.838450169226E-02),.PIECEWISE_BEZIER_KNOTS.) CURVE() 
GEOMETRIC_REPRESENTATION_ITEM() RATIONAL_B_SPLINE_CURVE((1.,
0.999573936504,1.)) REPRESENTATION_ITEM('') );
#239 = CARTESIAN_POINT('',(6.902841079061,2.625922444182,0.));
#240 = CARTESIAN_POINT('',(6.826162709681,2.827489173315,0.));
#241 = CARTESIAN_POINT('',(6.737853303608,3.024238169307,0.));
#242 = ORIENTED_EDGE('',*,*,#243,.F.);
#243 = EDGE_CURVE('',#244,#236,#246,.T.);
#244 = VERTEX_POINT('',#245);
#245 = CARTESIAN_POINT('',(6.824556135106,2.435963090418,0.));
#246 = ( BOUNDED_CURVE() B_SPLINE_CURVE(2,(#247,#248,#249),
.UNSPECIFIED.,.F.,.F.) B_SPLINE_CURVE_WITH_KNOTS((3,3),(0.,
1.508825302794),.PIECEWISE_BEZIER_KNOTS.) CURVE() 
GEOMETRIC_REPRESENTATION_ITEM() RATIONAL_B_SPLINE_CURVE((1.,
0.728673920883,1.)) REPRESENTATION_ITEM('') );
#247 = CARTESIAN_POINT('',(6.824556135106,2.435963090418,0.));
#248 = CARTESIAN_POINT('',(6.952967422315,2.494153822408,0.));
#249 = CARTESIAN_POINT('',(6.902841079061,2.625922444182,0.));
#250 = ORIENTED_EDGE('',*,*,#251,.F.);
#251 = EDGE_CURVE('',#252,#244,#254,.T.);
#252 = VERTEX_POINT('',#253);
#253 = CARTESIAN_POINT('',(6.581395013661,2.279954337522,0.));
#254 = ( BOUNDED_CURVE() B_SPLINE_CURVE(2,(#255,#256,#257),
.UNSPECIFIED.,.F.,.F.) B_SPLINE_CURVE_WITH_KNOTS((3,3),(0.,
0.289919229054),.PIECEWISE_BEZIER_KNOTS.) CURVE() 
GEOMETRIC_REPRESENTATION_ITEM() RATIONAL_B_SPLINE_CURVE((1.,
0.989511740461,1.)) REPRESENTATION_ITEM('') );
#255 = CARTESIAN_POINT('',(6.581395013661,2.279954337522,0.));
#256 = CARTESIAN_POINT('',(6.691588216127,2.37570747968,0.));
#257 = CARTESIAN_POINT('',(6.824556135106,2.435963090418,0.));
#258 = ORIENTED_EDGE('',*,*,#259,.F.);
#259 = EDGE_CURVE('',#260,#252,#262,.T.);
#260 = VERTEX_POINT('',#261);
#261 = CARTESIAN_POINT('',(6.839632442932,1.316199131068,0.));
#262 = ( BOUNDED_CURVE() B_SPLINE_CURVE(2,(#263,#264,#265),
.UNSPECIFIED.,.F.,.F.) B_SPLINE_CURVE_WITH_KNOTS((3,3),(0.,
2.234397261374),.PIECEWISE_BEZIER_KNOTS.) CURVE() 
GEOMETRIC_REPRESENTATION_ITEM() RATIONAL_B_SPLINE_CURVE((1.,
0.438202247191,1.)) REPRESENTATION_ITEM('') );
#263 = CARTESIAN_POINT('',(6.839632442932,1.316199131068,0.));
#264 = CARTESIAN_POINT('',(5.722046849881,1.533217832479,0.));
#265 = CARTESIAN_POINT('',(6.581395013661,2.279954337522,0.));
#266 = ORIENTED_EDGE('',*,*,#267,.F.);
#267 = EDGE_CURVE('',#268,#260,#270,.T.);
#268 = VERTEX_POINT('',#269);
#269 = CARTESIAN_POINT('',(7.128220527764,1.302672148569,0.));
#270 = ( BOUNDED_CURVE() B_SPLINE_CURVE(2,(#271,#272,#273),
.UNSPECIFIED.,.F.,.F.) B_SPLINE_CURVE_WITH_KNOTS((3,3),(0.,
0.289919229054),.PIECEWISE_BEZIER_KNOTS.) CURVE() 
GEOMETRIC_REPRESENTATION_ITEM() RATIONAL_B_SPLINE_CURVE((1.,
0.989511740461,1.)) REPRESENTATION_ITEM('') );
#271 = CARTESIAN_POINT('',(7.128220527764,1.302672148569,0.));
#272 = CARTESIAN_POINT('',(6.982939126671,1.2883710787,0.));
#273 = CARTESIAN_POINT('',(6.839632442932,1.316199131068,0.));
#274 = ORIENTED_EDGE('',*,*,#275,.F.);
#275 = EDGE_CURVE('',#276,#268,#278,.T.);
#276 = VERTEX_POINT('',#277);
#277 = CARTESIAN_POINT('',(7.290996954845,1.177304994502,0.));
#278 = ( BOUNDED_CURVE() B_SPLINE_CURVE(2,(#279,#280,#281),
.UNSPECIFIED.,.F.,.F.) B_SPLINE_CURVE_WITH_KNOTS((3,3),(0.,
1.508825302794),.PIECEWISE_BEZIER_KNOTS.) CURVE() 
GEOMETRIC_REPRESENTATION_ITEM() RATIONAL_B_SPLINE_CURVE((1.,
0.728673920883,1.)) REPRESENTATION_ITEM('') );
#279 = CARTESIAN_POINT('',(7.290996954845,1.177304994502,0.));
#280 = CARTESIAN_POINT('',(7.268523330614,1.316483140006,0.));
#281 = CARTESIAN_POINT('',(7.128220527764,1.302672148569,0.));
#282 = ORIENTED_EDGE('',*,*,#283,.F.);
#283 = EDGE_CURVE('',#284,#276,#286,.T.);
#284 = VERTEX_POINT('',#285);
#285 = CARTESIAN_POINT('',(7.347271212551,0.74985957009,0.));
#286 = ( BOUNDED_CURVE() B_SPLINE_CURVE(2,(#287,#288,#289),
.UNSPECIFIED.,.F.,.F.) B_SPLINE_CURVE_WITH_KNOTS((3,3),(0.,
5.838450169226E-02),.PIECEWISE_BEZIER_KNOTS.) CURVE() 
GEOMETRIC_REPRESENTATION_ITEM() RATIONAL_B_SPLINE_CURVE((1.,
0.999573936504,1.)) REPRESENTATION_ITEM('') );
#287 = CARTESIAN_POINT('',(7.347271212551,0.74985957009,0.));
#288 = CARTESIAN_POINT('',(7.325374903608,0.964403901824,0.));
#289 = CARTESIAN_POINT('',(7.290996954845,1.177304994502,0.));
#290 = ORIENTED_EDGE('',*,*,#291,.F.);
#291 = EDGE_CURVE('',#292,#284,#294,.T.);
#292 = VERTEX_POINT('',#293);
#293 = CARTESIAN_POINT('',(7.222488664825,0.586634558785,0.));
#294 = ( BOUNDED_CURVE() B_SPLINE_CURVE(2,(#295,#296,#297),
.UNSPECIFIED.,.F.,.F.) B_SPLINE_CURVE_WITH_KNOTS((3,3),(0.,
1.508825302794),.PIECEWISE_BEZIER_KNOTS.) CURVE() 
GEOMETRIC_REPRESENTATION_ITEM() RATIONAL_B_SPLINE_CURVE((1.,
0.728673920883,1.)) REPRESENTATION_ITEM('') );
#295 = CARTESIAN_POINT('',(7.222488664825,0.586634558785,0.));
#296 = CARTESIAN_POINT('',(7.361585313215,0.609607202929,0.));
#297 = CARTESIAN_POINT('',(7.347271212551,0.74985957009,0.));
#298 = ORIENTED_EDGE('',*,*,#299,.F.);
#299 = EDGE_CURVE('',#300,#292,#302,.T.);
#300 = VERTEX_POINT('',#301);
#301 = CARTESIAN_POINT('',(6.94723502122,0.498876404494,0.));
#302 = ( BOUNDED_CURVE() B_SPLINE_CURVE(2,(#303,#304,#305),
.UNSPECIFIED.,.F.,.F.) B_SPLINE_CURVE_WITH_KNOTS((3,3),(0.,
0.289919229054),.PIECEWISE_BEZIER_KNOTS.) CURVE() 
GEOMETRIC_REPRESENTATION_ITEM() RATIONAL_B_SPLINE_CURVE((1.,
0.989511740461,1.)) REPRESENTATION_ITEM('') );
#303 = CARTESIAN_POINT('',(6.94723502122,0.498876404494,0.));
#304 = CARTESIAN_POINT('',(7.078456218183,0.562846738014,0.));
#305 = CARTESIAN_POINT('',(7.222488664825,0.586634558785,0.));
#306 = ORIENTED_EDGE('',*,*,#307,.F.);
#307 = EDGE_CURVE('',#308,#300,#310,.T.);
#308 = VERTEX_POINT('',#309);
#309 = CARTESIAN_POINT('',(6.94723502122,-0.498876404494,0.));
#310 = ( BOUNDED_CURVE() B_SPLINE_CURVE(2,(#311,#312,#313),
.UNSPECIFIED.,.F.,.F.) B_SPLINE_CURVE_WITH_KNOTS((3,3),(0.,
2.234397261374),.PIECEWISE_BEZIER_KNOTS.) CURVE() 
GEOMETRIC_REPRESENTATION_ITEM() RATIONAL_B_SPLINE_CURVE((1.,
0.438202247191,1.)) REPRESENTATION_ITEM('') );
#311 = CARTESIAN_POINT('',(6.94723502122,-0.498876404494,0.));
#312 = CARTESIAN_POINT('',(5.923898806873,-2.E-15,0.));
#313 = CARTESIAN_POINT('',(6.94723502122,0.498876404494,0.));
#314 = ORIENTED_EDGE('',*,*,#315,.F.);
#315 = EDGE_CURVE('',#316,#308,#318,.T.);
#316 = VERTEX_POINT('',#317);
#317 = CARTESIAN_POINT('',(7.222488664825,-0.586634558785,0.));
#318 = ( BOUNDED_CURVE() B_SPLINE_CURVE(2,(#319,#320,#321),
.UNSPECIFIED.,.F.,.F.) B_SPLINE_CURVE_WITH_KNOTS((3,3),(0.,
0.289919229054),.PIECEWISE_BEZIER_KNOTS.) CURVE() 
GEOMETRIC_REPRESENTATION_ITEM() RATIONAL_B_SPLINE_CURVE((1.,
0.989511740461,1.)) REPRESENTATION_ITEM('') );
#319 = CARTESIAN_POINT('',(7.222488664825,-0.586634558785,0.));
#320 = CARTESIAN_POINT('',(7.078456218183,-0.562846738014,0.));
#321 = CARTESIAN_POINT('',(6.94723502122,-0.498876404494,0.));
#322 = ORIENTED_EDGE('',*,*,#323,.F.);
#323 = EDGE_CURVE('',#324,#316,#326,.T.);
#324 = VERTEX_POINT('',#325);
#325 = CARTESIAN_POINT('',(7.347271212551,-0.74985957009,0.));
#326 = ( BOUNDED_CURVE() B_SPLINE_CURVE(2,(#327,#328,#329),
.UNSPECIFIED.,.F.,.F.) B_SPLINE_CURVE_WITH_KNOTS((3,3),(0.,
1.508825302794),.PIECEWISE_BEZIER_KNOTS.) CURVE() 
GEOMETRIC_REPRESENTATION_ITEM() RATIONAL_B_SPLINE_CURVE((1.,
0.728673920883,1.)) REPRESENTATION_ITEM('') );
#327 = CARTESIAN_POINT('',(7.347271212551,-0.74985957009,0.));
#328 = CARTESIAN_POINT('',(7.361585313215,-0.609607202929,0.));
#329 = CARTESIAN_POINT('',(7.222488664825,-0.586634558785,0.));
#330 = ORIENTED_EDGE('',*,*,#331,.F.);
#331 = EDGE_CURVE('',#332,#324,#334,.T.);
#332 = VERTEX_POINT('',#333);
#333 = CARTESIAN_POINT('',(7.290996954845,-1.177304994502,0.));
#334 = ( BOUNDED_CURVE() B_SPLINE_CURVE(2,(#335,#336,#337),
.UNSPECIFIED.,.F.,.F.) B_SPLINE_CURVE_WITH_KNOTS((3,3),(0.,
5.838450169226E-02),.PIECEWISE_BEZIER_KNOTS.) CURVE() 
GEOMETRIC_REPRESENTATION_ITEM() RATIONAL_B_SPLINE_CURVE((1.,
0.999573936504,1.)) REPRESENTATION_ITEM('') );
#335 = CARTESIAN_POINT('',(7.290996954845,-1.177304994502,0.));
#336 = CARTESIAN_POINT('',(7.325374903608,-0.964403901824,0.));
#337 = CARTESIAN_POINT('',(7.347271212551,-0.74985957009,0.));
#338 = ORIENTED_EDGE('',*,*,#339,.F.);
#339 = EDGE_CURVE('',#340,#332,#342,.T.);
#340 = VERTEX_POINT('',#341);
#341 = CARTESIAN_POINT('',(7.128220527764,-1.302672148569,0.));
#342 = ( BOUNDED_CURVE() B_SPLINE_CURVE(2,(#343,#344,#345),
.UNSPECIFIED.,.F.,.F.) B_SPLINE_CURVE_WITH_KNOTS((3,3),(0.,
1.508825302794),.PIECEWISE_BEZIER_KNOTS.) CURVE() 
GEOMETRIC_REPRESENTATION_ITEM() RATIONAL_B_SPLINE_CURVE((1.,
0.728673920883,1.)) REPRESENTATION_ITEM('') );
#343 = CARTESIAN_POINT('',(7.128220527764,-1.302672148569,0.));
#344 = CARTESIAN_POINT('',(7.268523330614,-1.316483140006,0.));
#345 = CARTESIAN_POINT('',(7.290996954845,-1.177304994502,0.));
#346 = ORIENTED_EDGE('',*,*,#347,.F.);
#347 = EDGE_CURVE('',#348,#340,#350,.T.);
#348 = VERTEX_POINT('',#349);
#349 = CARTESIAN_POINT('',(6.839632442932,-1.316199131068,0.));
#350 = ( BOUNDED_CURVE() B_SPLINE_CURVE(2,(#351,#352,#353),
.UNSPECIFIED.,.F.,.F.) B_SPLINE_CURVE_WITH_KNOTS((3,3),(0.,
0.289919229054),.PIECEWISE_BEZIER_KNOTS.) CURVE() 
GEOMETRIC_REPRESENTATION_ITEM() RATIONAL_B_SPLINE_CURVE((1.,
0.989511740461,1.)) REPRESENTATION_ITEM('') );
#351 = CARTESIAN_POINT('',(6.839632442932,-1.316199131068,0.));
#352 = CARTESIAN_POINT('',(6.982939126671,-1.2883710787,0.));
#353 = CARTESIAN_POINT('',(7.128220527764,-1.302672148569,0.));
#354 = ORIENTED_EDGE('',*,*,#355,.F.);
#355 = EDGE_CURVE('',#356,#348,#358,.T.);
#356 = VERTEX_POINT('',#357);
#357 = CARTESIAN_POINT('',(6.581395013661,-2.279954337522,0.));
#358 = ( BOUNDED_CURVE() B_SPLINE_CURVE(2,(#359,#360,#361),
.UNSPECIFIED.,.F.,.F.) B_SPLINE_CURVE_WITH_KNOTS((3,3),(0.,
2.234397261374),.PIECEWISE_BEZIER_KNOTS.) CURVE() 
GEOMETRIC_REPRESENTATION_ITEM() RATIONAL_B_SPLINE_CURVE((1.,
0.438202247191,1.)) REPRESENTATION_ITEM('') );
#359 = CARTESIAN_POINT('',(6.581395013661,-2.279954337522,0.));
#360 = CARTESIAN_POINT('',(5.722046849881,-1.533217832479,0.));
#361 = CARTESIAN_POINT('',(6.839632442932,-1.316199131068,0.));
#362 = ORIENTED_EDGE('',*,*,#363,.F.);
#363 = EDGE_CURVE('',#364,#356,#366,.T.);
#364 = VERTEX_POINT('',#365);
#365 = CARTESIAN_POINT('',(6.824556135106,-2.435963090418,0.));
#366 = ( BOUNDED_CURVE() B_SPLINE_CURVE(2,(#367,#368,#369),
.UNSPECIFIED.,.F.,.F.) B_SPLINE_CURVE_WITH_KNOTS((3,3),(0.,
0.289919229054),.PIECEWISE_BEZIER_KNOTS.) CURVE() 
GEOMETRIC_REPRESENTATION_ITEM() RATIONAL_B_SPLINE_CURVE((1.,
0.989511740461,1.)) REPRESENTATION_ITEM('') );
#367 = CARTESIAN_POINT('',(6.824556135106,-2.435963090418,0.));
#368 = CARTESIAN_POINT('',(6.691588216127,-2.37570747968,0.));
#369 = CARTESIAN_POINT('',(6.581395013661,-2.279954337522,0.));
#370 = ORIENTED_EDGE('',*,*,#371,.F.);
#371 = EDGE_CURVE('',#372,#364,#374,.T.);
#372 = VERTEX_POINT('',#373);
#373 = CARTESIAN_POINT('',(6.902841079061,-2.625922444182,0.));
#374 = ( BOUNDED_CURVE() B_SPLINE_CURVE(2,(#375,#376,#377),
.UNSPECIFIED.,.F.,.F.) B_SPLINE_CURVE_WITH_KNOTS((3,3),(0.,
1.508825302794),.PIECEWISE_BEZIER_KNOTS.) CURVE() 
GEOMETRIC_REPRESENTATION_ITEM() RATIONAL_B_SPLINE_CURVE((1.,
0.728673920883,1.)) REPRESENTATION_ITEM('') );
#375 = CARTESIAN_POINT('',(6.902841079061,-2.625922444182,0.));
#376 = CARTESIAN_POINT('',(6.952967422315,-2.494153822408,0.));
#377 = CARTESIAN_POINT('',(6.824556135106,-2.435963090418,0.));
#378 = ORIENTED_EDGE('',*,*,#379,.F.);
#379 = EDGE_CURVE('',#380,#372,#382,.T.);
#380 = VERTEX_POINT('',#381);
#381 = CARTESIAN_POINT('',(6.737853303608,-3.024238169307,0.));
#382 = ( BOUNDED_CURVE() B_SPLINE_CURVE(2,(#383,#384,#385),
.UNSPECIFIED.,.F.,.F.) B_SPLINE_CURVE_WITH_KNOTS((3,3),(0.,
5.838450169226E-02),.PIECEWISE_BEZIER_KNOTS.) CURVE() 
GEOMETRIC_REPRESENTATION_ITEM() RATIONAL_B_SPLINE_CURVE((1.,
0.999573936504,1.)) REPRESENTATION_ITEM('') );
#383 = CARTESIAN_POINT('',(6.737853303608,-3.024238169307,0.));
#384 = CARTESIAN_POINT('',(6.826162709681,-2.827489173315,0.));
#385 = CARTESIAN_POINT('',(6.902841079061,-2.625922444182,0.));
#386 = ORIENTED_EDGE('',*,*,#387,.F.);
#387 = EDGE_CURVE('',#388,#380,#390,.T.);
#388 = VERTEX_POINT('',#389);
#389 = CARTESIAN_POINT('',(6.548175941677,-3.103203901767,0.));
#390 = ( BOUNDED_CURVE() B_SPLINE_CURVE(2,(#391,#392,#393),
.UNSPECIFIED.,.F.,.F.) B_SPLINE_CURVE_WITH_KNOTS((3,3),(0.,
1.508825302794),.PIECEWISE_BEZIER_KNOTS.) CURVE() 
GEOMETRIC_REPRESENTATION_ITEM() RATIONAL_B_SPLINE_CURVE((1.,
0.728673920883,1.)) REPRESENTATION_ITEM('') );
#391 = CARTESIAN_POINT('',(6.548175941677,-3.103203901767,0.));
#392 = CARTESIAN_POINT('',(6.680123494835,-3.152857332541,0.));
#393 = CARTESIAN_POINT('',(6.737853303608,-3.024238169307,0.));
#394 = ORIENTED_EDGE('',*,*,#395,.F.);
#395 = EDGE_CURVE('',#396,#388,#398,.T.);
#396 = VERTEX_POINT('',#397);
#397 = CARTESIAN_POINT('',(6.265920216685,-3.041577870969,0.));
#398 = ( BOUNDED_CURVE() B_SPLINE_CURVE(2,(#399,#400,#401),
.UNSPECIFIED.,.F.,.F.) B_SPLINE_CURVE_WITH_KNOTS((3,3),(0.,
0.289919229054),.PIECEWISE_BEZIER_KNOTS.) CURVE() 
GEOMETRIC_REPRESENTATION_ITEM() RATIONAL_B_SPLINE_CURVE((1.,
0.989511740461,1.)) REPRESENTATION_ITEM('') );
#399 = CARTESIAN_POINT('',(6.265920216685,-3.041577870969,0.));
#400 = CARTESIAN_POINT('',(6.411546273529,-3.051788535534,0.));
#401 = CARTESIAN_POINT('',(6.548175941677,-3.103203901767,0.));
#402 = ORIENTED_EDGE('',*,*,#403,.F.);
#403 = EDGE_CURVE('',#404,#396,#406,.T.);
#404 = VERTEX_POINT('',#405);
#405 = CARTESIAN_POINT('',(5.76704381219,-3.905657150251,0.));
#406 = ( BOUNDED_CURVE() B_SPLINE_CURVE(2,(#407,#408,#409),
.UNSPECIFIED.,.F.,.F.) B_SPLINE_CURVE_WITH_KNOTS((3,3),(0.,
2.234397261374),.PIECEWISE_BEZIER_KNOTS.) CURVE() 
GEOMETRIC_REPRESENTATION_ITEM() RATIONAL_B_SPLINE_CURVE((1.,
0.438202247191,1.)) REPRESENTATION_ITEM('') );
#407 = CARTESIAN_POINT('',(5.76704381219,-3.905657150251,0.));
#408 = CARTESIAN_POINT('',(5.1302468562,-2.961949403436,0.));
#409 = CARTESIAN_POINT('',(6.265920216685,-3.041577870969,0.));
#410 = ORIENTED_EDGE('',*,*,#411,.F.);
#411 = EDGE_CURVE('',#412,#404,#414,.T.);
#412 = VERTEX_POINT('',#413);
#413 = CARTESIAN_POINT('',(5.961541382891,-4.119284763059,0.));
#414 = ( BOUNDED_CURVE() B_SPLINE_CURVE(2,(#415,#416,#417),
.UNSPECIFIED.,.F.,.F.) B_SPLINE_CURVE_WITH_KNOTS((3,3),(0.,
0.289919229054),.PIECEWISE_BEZIER_KNOTS.) CURVE() 
GEOMETRIC_REPRESENTATION_ITEM() RATIONAL_B_SPLINE_CURVE((1.,
0.989511740461,1.)) REPRESENTATION_ITEM('') );
#415 = CARTESIAN_POINT('',(5.961541382891,-4.119284763059,0.));
#416 = CARTESIAN_POINT('',(5.848699535515,-4.026667682648,0.));
#417 = CARTESIAN_POINT('',(5.76704381219,-3.905657150251,0.));
#418 = ORIENTED_EDGE('',*,*,#419,.F.);
#419 = EDGE_CURVE('',#420,#412,#422,.T.);
#420 = VERTEX_POINT('',#421);
#421 = CARTESIAN_POINT('',(5.987993733518,-4.323033043244,0.));
#422 = ( BOUNDED_CURVE() B_SPLINE_CURVE(2,(#423,#424,#425),
.UNSPECIFIED.,.F.,.F.) B_SPLINE_CURVE_WITH_KNOTS((3,3),(0.,
1.508825302794),.PIECEWISE_BEZIER_KNOTS.) CURVE() 
GEOMETRIC_REPRESENTATION_ITEM() RATIONAL_B_SPLINE_CURVE((1.,
0.728673920883,1.)) REPRESENTATION_ITEM('') );
#423 = CARTESIAN_POINT('',(5.987993733518,-4.323033043244,0.));
#424 = CARTESIAN_POINT('',(6.070516291906,-4.208727980674,0.));
#425 = CARTESIAN_POINT('',(5.961541382891,-4.119284763059,0.));
#426 = ORIENTED_EDGE('',*,*,#427,.F.);
#427 = EDGE_CURVE('',#428,#420,#430,.T.);
#428 = VERTEX_POINT('',#429);
#429 = CARTESIAN_POINT('',(5.72553608456,-4.665074510663,0.));
#430 = ( BOUNDED_CURVE() B_SPLINE_CURVE(2,(#431,#432,#433),
.UNSPECIFIED.,.F.,.F.) B_SPLINE_CURVE_WITH_KNOTS((3,3),(0.,
5.838450169226E-02),.PIECEWISE_BEZIER_KNOTS.) CURVE() 
GEOMETRIC_REPRESENTATION_ITEM() RATIONAL_B_SPLINE_CURVE((1.,
0.999573936504,1.)) REPRESENTATION_ITEM('') );
#431 = CARTESIAN_POINT('',(5.72553608456,-4.665074510663,0.));
#432 = CARTESIAN_POINT('',(5.861758807857,-4.497885730292,0.));
#433 = CARTESIAN_POINT('',(5.987993733518,-4.323033043244,0.));
#434 = ORIENTED_EDGE('',*,*,#435,.F.);
#435 = EDGE_CURVE('',#436,#428,#438,.T.);
#436 = VERTEX_POINT('',#437);
#437 = CARTESIAN_POINT('',(5.521883986536,-4.692257437345,0.));
#438 = ( BOUNDED_CURVE() B_SPLINE_CURVE(2,(#439,#440,#441),
.UNSPECIFIED.,.F.,.F.) B_SPLINE_CURVE_WITH_KNOTS((3,3),(0.,
1.508825302794),.PIECEWISE_BEZIER_KNOTS.) CURVE() 
GEOMETRIC_REPRESENTATION_ITEM() RATIONAL_B_SPLINE_CURVE((1.,
0.728673920883,1.)) REPRESENTATION_ITEM('') );
#439 = CARTESIAN_POINT('',(5.521883986536,-4.692257437345,0.));
#440 = CARTESIAN_POINT('',(5.636484282309,-4.774369508207,0.));
#441 = CARTESIAN_POINT('',(5.72553608456,-4.665074510663,0.));
#442 = ORIENTED_EDGE('',*,*,#443,.F.);
#443 = EDGE_CURVE('',#444,#436,#446,.T.);
#444 = VERTEX_POINT('',#445);
#445 = CARTESIAN_POINT('',(5.265195882593,-4.559678105409,0.));
#446 = ( BOUNDED_CURVE() B_SPLINE_CURVE(2,(#447,#448,#449),
.UNSPECIFIED.,.F.,.F.) B_SPLINE_CURVE_WITH_KNOTS((3,3),(0.,
0.289919229054),.PIECEWISE_BEZIER_KNOTS.) CURVE() 
GEOMETRIC_REPRESENTATION_ITEM() RATIONAL_B_SPLINE_CURVE((1.,
0.989511740461,1.)) REPRESENTATION_ITEM('') );
#447 = CARTESIAN_POINT('',(5.265195882593,-4.559678105409,0.));
#448 = CARTESIAN_POINT('',(5.403217137427,-4.607231646991,0.));
#449 = CARTESIAN_POINT('',(5.521883986536,-4.692257437345,0.));
#450 = ORIENTED_EDGE('',*,*,#451,.F.);
#451 = EDGE_CURVE('',#452,#444,#454,.T.);
#452 = VERTEX_POINT('',#453);
#453 = CARTESIAN_POINT('',(4.559678105409,-5.265195882593,0.));
#454 = ( BOUNDED_CURVE() B_SPLINE_CURVE(2,(#455,#456,#457),
.UNSPECIFIED.,.F.,.F.) B_SPLINE_CURVE_WITH_KNOTS((3,3),(0.,
2.234397261374),.PIECEWISE_BEZIER_KNOTS.) CURVE() 
GEOMETRIC_REPRESENTATION_ITEM() RATIONAL_B_SPLINE_CURVE((1.,
0.438202247191,1.)) REPRESENTATION_ITEM('') );
#455 = CARTESIAN_POINT('',(4.559678105409,-5.265195882593,0.));
#456 = CARTESIAN_POINT('',(4.188829017402,-4.188829017402,0.));
#457 = CARTESIAN_POINT('',(5.265195882593,-4.559678105409,0.));
#458 = ORIENTED_EDGE('',*,*,#459,.F.);
#459 = EDGE_CURVE('',#460,#452,#462,.T.);
#460 = VERTEX_POINT('',#461);
#461 = CARTESIAN_POINT('',(4.692257437345,-5.521883986536,0.));
#462 = ( BOUNDED_CURVE() B_SPLINE_CURVE(2,(#463,#464,#465),
.UNSPECIFIED.,.F.,.F.) B_SPLINE_CURVE_WITH_KNOTS((3,3),(0.,
0.289919229054),.PIECEWISE_BEZIER_KNOTS.) CURVE() 
GEOMETRIC_REPRESENTATION_ITEM() RATIONAL_B_SPLINE_CURVE((1.,
0.989511740461,1.)) REPRESENTATION_ITEM('') );
#463 = CARTESIAN_POINT('',(4.692257437345,-5.521883986536,0.));
#464 = CARTESIAN_POINT('',(4.607231646991,-5.403217137427,0.));
#465 = CARTESIAN_POINT('',(4.559678105409,-5.265195882593,0.));
#466 = ORIENTED_EDGE('',*,*,#467,.F.);
#467 = EDGE_CURVE('',#468,#460,#470,.T.);
#468 = VERTEX_POINT('',#469);
#469 = CARTESIAN_POINT('',(4.665074510663,-5.72553608456,0.));
#470 = ( BOUNDED_CURVE() B_SPLINE_CURVE(2,(#471,#472,#473),
.UNSPECIFIED.,.F.,.F.) B_SPLINE_CURVE_WITH_KNOTS((3,3),(0.,
1.508825302794),.PIECEWISE_BEZIER_KNOTS.) CURVE() 
GEOMETRIC_REPRESENTATION_ITEM() RATIONAL_B_SPLINE_CURVE((1.,
0.728673920883,1.)) REPRESENTATION_ITEM('') );
#471 = CARTESIAN_POINT('',(4.665074510663,-5.72553608456,0.));
#472 = CARTESIAN_POINT('',(4.774369508207,-5.636484282309,0.));
#473 = CARTESIAN_POINT('',(4.692257437345,-5.521883986536,0.));
#474 = ORIENTED_EDGE('',*,*,#475,.F.);
#475 = EDGE_CURVE('',#476,#468,#478,.T.);
#476 = VERTEX_POINT('',#477);
#477 = CARTESIAN_POINT('',(4.323033043244,-5.987993733518,0.));
#478 = ( BOUNDED_CURVE() B_SPLINE_CURVE(2,(#479,#480,#481),
.UNSPECIFIED.,.F.,.F.) B_SPLINE_CURVE_WITH_KNOTS((3,3),(0.,
5.838450169226E-02),.PIECEWISE_BEZIER_KNOTS.) CURVE() 
GEOMETRIC_REPRESENTATION_ITEM() RATIONAL_B_SPLINE_CURVE((1.,
0.999573936504,1.)) REPRESENTATION_ITEM('') );
#479 = CARTESIAN_POINT('',(4.323033043244,-5.987993733518,0.));
#480 = CARTESIAN_POINT('',(4.497885730292,-5.861758807857,0.));
#481 = CARTESIAN_POINT('',(4.665074510663,-5.72553608456,0.));
#482 = ORIENTED_EDGE('',*,*,#483,.F.);
#483 = EDGE_CURVE('',#484,#476,#486,.T.);
#484 = VERTEX_POINT('',#485);
#485 = CARTESIAN_POINT('',(4.119284763059,-5.961541382891,0.));
#486 = ( BOUNDED_CURVE() B_SPLINE_CURVE(2,(#487,#488,#489),
.UNSPECIFIED.,.F.,.F.) B_SPLINE_CURVE_WITH_KNOTS((3,3),(0.,
1.508825302794),.PIECEWISE_BEZIER_KNOTS.) CURVE() 
GEOMETRIC_REPRESENTATION_ITEM() RATIONAL_B_SPLINE_CURVE((1.,
0.728673920883,1.)) REPRESENTATION_ITEM('') );
#487 = CARTESIAN_POINT('',(4.119284763059,-5.961541382891,0.));
#488 = CARTESIAN_POINT('',(4.208727980674,-6.070516291906,0.));
#489 = CARTESIAN_POINT('',(4.323033043244,-5.987993733518,0.));
#490 = ORIENTED_EDGE('',*,*,#491,.F.);
#491 = EDGE_CURVE('',#492,#484,#494,.T.);
#492 = VERTEX_POINT('',#493);
#493 = CARTESIAN_POINT('',(3.905657150251,-5.76704381219,0.));
#494 = ( BOUNDED_CURVE() B_SPLINE_CURVE(2,(#495,#496,#497),
.UNSPECIFIED.,.F.,.F.) B_SPLINE_CURVE_WITH_KNOTS((3,3),(0.,
0.289919229054),.PIECEWISE_BEZIER_KNOTS.) CURVE() 
GEOMETRIC_REPRESENTATION_ITEM() RATIONAL_B_SPLINE_CURVE((1.,
0.989511740461,1.)) REPRESENTATION_ITEM('') );
#495 = CARTESIAN_POINT('',(3.905657150251,-5.76704381219,0.));
#496 = CARTESIAN_POINT('',(4.026667682648,-5.848699535515,0.));
#497 = CARTESIAN_POINT('',(4.119284763059,-5.961541382891,0.));
#498 = ORIENTED_EDGE('',*,*,#499,.F.);
#499 = EDGE_CURVE('',#500,#492,#502,.T.);
#500 = VERTEX_POINT('',#501);
#501 = CARTESIAN_POINT('',(3.041577870969,-6.265920216685,0.));
#502 = ( BOUNDED_CURVE() B_SPLINE_CURVE(2,(#503,#504,#505),
.UNSPECIFIED.,.F.,.F.) B_SPLINE_CURVE_WITH_KNOTS((3,3),(0.,
2.234397261374),.PIECEWISE_BEZIER_KNOTS.) CURVE() 
GEOMETRIC_REPRESENTATION_ITEM() RATIONAL_B_SPLINE_CURVE((1.,
0.438202247191,1.)) REPRESENTATION_ITEM('') );
#503 = CARTESIAN_POINT('',(3.041577870969,-6.265920216685,0.));
#504 = CARTESIAN_POINT('',(2.961949403436,-5.1302468562,0.));
#505 = CARTESIAN_POINT('',(3.905657150251,-5.76704381219,0.));
#506 = ORIENTED_EDGE('',*,*,#507,.F.);
#507 = EDGE_CURVE('',#508,#500,#510,.T.);
#508 = VERTEX_POINT('',#509);
#509 = CARTESIAN_POINT('',(3.103203901767,-6.548175941677,0.));
#510 = ( BOUNDED_CURVE() B_SPLINE_CURVE(2,(#511,#512,#513),
.UNSPECIFIED.,.F.,.F.) B_SPLINE_CURVE_WITH_KNOTS((3,3),(0.,
0.289919229054),.PIECEWISE_BEZIER_KNOTS.) CURVE() 
GEOMETRIC_REPRESENTATION_ITEM() RATIONAL_B_SPLINE_CURVE((1.,
0.989511740461,1.)) REPRESENTATION_ITEM('') );
#511 = CARTESIAN_POINT('',(3.103203901767,-6.548175941677,0.));
#512 = CARTESIAN_POINT('',(3.051788535534,-6.411546273529,0.));
#513 = CARTESIAN_POINT('',(3.041577870969,-6.265920216685,0.));
#514 = ORIENTED_EDGE('',*,*,#515,.F.);
#515 = EDGE_CURVE('',#516,#508,#518,.T.);
#516 = VERTEX_POINT('',#517);
#517 = CARTESIAN_POINT('',(3.024238169307,-6.737853303608,0.));
#518 = ( BOUNDED_CURVE() B_SPLINE_CURVE(2,(#519,#520,#521),
.UNSPECIFIED.,.F.,.F.) B_SPLINE_CURVE_WITH_KNOTS((3,3),(0.,
1.508825302794),.PIECEWISE_BEZIER_KNOTS.) CURVE() 
GEOMETRIC_REPRESENTATION_ITEM() RATIONAL_B_SPLINE_CURVE((1.,
0.728673920883,1.)) REPRESENTATION_ITEM('') );
#519 = CARTESIAN_POINT('',(3.024238169307,-6.737853303608,0.));
#520 = CARTESIAN_POINT('',(3.152857332541,-6.680123494835,0.));
#521 = CARTESIAN_POINT('',(3.103203901767,-6.548175941677,0.));
#522 = ORIENTED_EDGE('',*,*,#523,.F.);
#523 = EDGE_CURVE('',#524,#516,#526,.T.);
#524 = VERTEX_POINT('',#525);
#525 = CARTESIAN_POINT('',(2.625922444182,-6.902841079061,0.));
#526 = ( BOUNDED_CURVE() B_SPLINE_CURVE(2,(#527,#528,#529),
.UNSPECIFIED.,.F.,.F.) B_SPLINE_CURVE_WITH_KNOTS((3,3),(0.,
5.838450169226E-02),.PIECEWISE_BEZIER_KNOTS.) CURVE() 
GEOMETRIC_REPRESENTATION_ITEM() RATIONAL_B_SPLINE_CURVE((1.,
0.999573936504,1.)) REPRESENTATION_ITEM('') );
#527 = CARTESIAN_POINT('',(2.625922444182,-6.902841079061,0.));
#528 = CARTESIAN_POINT('',(2.827489173315,-6.826162709681,0.));
#529 = CARTESIAN_POINT('',(3.024238169307,-6.737853303608,0.));
#530 = ORIENTED_EDGE('',*,*,#531,.F.);
#531 = EDGE_CURVE('',#532,#524,#534,.T.);
#532 = VERTEX_POINT('',#533);
#533 = CARTESIAN_POINT('',(2.435963090418,-6.824556135106,0.));
#534 = ( BOUNDED_CURVE() B_SPLINE_CURVE(2,(#535,#536,#537),
.UNSPECIFIED.,.F.,.F.) B_SPLINE_CURVE_WITH_KNOTS((3,3),(0.,
1.508825302794),.PIECEWISE_BEZIER_KNOTS.) CURVE() 
GEOMETRIC_REPRESENTATION_ITEM() RATIONAL_B_SPLINE_CURVE((1.,
0.728673920883,1.)) REPRESENTATION_ITEM('') );
#535 = CARTESIAN_POINT('',(2.435963090418,-6.824556135106,0.));
#536 = CARTESIAN_POINT('',(2.494153822408,-6.952967422315,0.));
#537 = CARTESIAN_POINT('',(2.625922444182,-6.902841079061,0.));
#538 = ORIENTED_EDGE('',*,*,#539,.F.);
#539 = EDGE_CURVE('',#540,#532,#542,.T.);
#540 = VERTEX_POINT('',#541);
#541 = CARTESIAN_POINT('',(2.279954337522,-6.581395013661,0.));
#542 = ( BOUNDED_CURVE() B_SPLINE_CURVE(2,(#543,#544,#545),
.UNSPECIFIED.,.F.,.F.) B_SPLINE_CURVE_WITH_KNOTS((3,3),(0.,
0.289919229054),.PIECEWISE_BEZIER_KNOTS.) CURVE() 
GEOMETRIC_REPRESENTATION_ITEM() RATIONAL_B_SPLINE_CURVE((1.,
0.989511740461,1.)) REPRESENTATION_ITEM('') );
#543 = CARTESIAN_POINT('',(2.279954337522,-6.581395013661,0.));
#544 = CARTESIAN_POINT('',(2.37570747968,-6.691588216127,0.));
#545 = CARTESIAN_POINT('',(2.435963090418,-6.824556135106,0.));
#546 = ORIENTED_EDGE('',*,*,#547,.F.);
#547 = EDGE_CURVE('',#548,#540,#550,.T.);
#548 = VERTEX_POINT('',#549);
#549 = CARTESIAN_POINT('',(1.316199131068,-6.839632442932,0.));
#550 = ( BOUNDED_CURVE() B_SPLINE_CURVE(2,(#551,#552,#553),
.UNSPECIFIED.,.F.,.F.) B_SPLINE_CURVE_WITH_KNOTS((3,3),(0.,
2.234397261374),.PIECEWISE_BEZIER_KNOTS.) CURVE() 
GEOMETRIC_REPRESENTATION_ITEM() RATIONAL_B_SPLINE_CURVE((1.,
0.438202247191,1.)) REPRESENTATION_ITEM('') );
#551 = CARTESIAN_POINT('',(1.316199131068,-6.839632442932,0.));
#552 = CARTESIAN_POINT('',(1.533217832479,-5.722046849881,0.));
#553 = CARTESIAN_POINT('',(2.279954337522,-6.581395013661,0.));
#554 = ORIENTED_EDGE('',*,*,#555,.F.);
#555 = EDGE_CURVE('',#556,#548,#558,.T.);
#556 = VERTEX_POINT('',#557);
#557 = CARTESIAN_POINT('',(1.302672148569,-7.128220527764,0.));
#558 = ( BOUNDED_CURVE() B_SPLINE_CURVE(2,(#559,#560,#561),
.UNSPECIFIED.,.F.,.F.) B_SPLINE_CURVE_WITH_KNOTS((3,3),(0.,
0.289919229054),.PIECEWISE_BEZIER_KNOTS.) CURVE() 
GEOMETRIC_REPRESENTATION_ITEM() RATIONAL_B_SPLINE_CURVE((1.,
0.989511740461,1.)) REPRESENTATION_ITEM('') );
#559 = CARTESIAN_POINT('',(1.302672148569,-7.128220527764,0.));
#560 = CARTESIAN_POINT('',(1.2883710787,-6.982939126671,0.));
#561 = CARTESIAN_POINT('',(1.316199131068,-6.839632442932,0.));
#562 = ORIENTED_EDGE('',*,*,#563,.F.);
#563 = EDGE_CURVE('',#564,#556,#566,.T.);
#564 = VERTEX_POINT('',#565);
#565 = CARTESIAN_POINT('',(1.177304994502,-7.290996954845,0.));
#566 = ( BOUNDED_CURVE() B_SPLINE_CURVE(2,(#567,#568,#569),
.UNSPECIFIED.,.F.,.F.) B_SPLINE_CURVE_WITH_KNOTS((3,3),(0.,
1.508825302794),.PIECEWISE_BEZIER_KNOTS.) CURVE() 
GEOMETRIC_REPRESENTATION_ITEM() RATIONAL_B_SPLINE_CURVE((1.,
0.728673920883,1.)) REPRESENTATION_ITEM('') );
#567 = CARTESIAN_POINT('',(1.177304994502,-7.290996954845,0.));
#568 = CARTESIAN_POINT('',(1.316483140006,-7.268523330614,0.));
#569 = CARTESIAN_POINT('',(1.302672148569,-7.128220527764,0.));
#570 = ORIENTED_EDGE('',*,*,#571,.F.);
#571 = EDGE_CURVE('',#572,#564,#574,.T.);
#572 = VERTEX_POINT('',#573);
#573 = CARTESIAN_POINT('',(0.74985957009,-7.347271212551,0.));
#574 = ( BOUNDED_CURVE() B_SPLINE_CURVE(2,(#575,#576,#577),
.UNSPECIFIED.,.F.,.F.) B_SPLINE_CURVE_WITH_KNOTS((3,3),(0.,
5.838450169226E-02),.PIECEWISE_BEZIER_KNOTS.) CURVE() 
GEOMETRIC_REPRESENTATION_ITEM() RATIONAL_B_SPLINE_CURVE((1.,
0.999573936504,1.)) REPRESENTATION_ITEM('') );
#575 = CARTESIAN_POINT('',(0.74985957009,-7.347271212551,0.));
#576 = CARTESIAN_POINT('',(0.964403901824,-7.325374903608,0.));
#577 = CARTESIAN_POINT('',(1.177304994502,-7.290996954845,0.));
#578 = ORIENTED_EDGE('',*,*,#579,.F.);
#579 = EDGE_CURVE('',#580,#572,#582,.T.);
#580 = VERTEX_POINT('',#581);
#581 = CARTESIAN_POINT('',(0.586634558785,-7.222488664825,0.));
#582 = ( BOUNDED_CURVE() B_SPLINE_CURVE(2,(#583,#584,#585),
.UNSPECIFIED.,.F.,.F.) B_SPLINE_CURVE_WITH_KNOTS((3,3),(0.,
1.508825302794),.PIECEWISE_BEZIER_KNOTS.) CURVE() 
GEOMETRIC_REPRESENTATION_ITEM() RATIONAL_B_SPLINE_CURVE((1.,
0.728673920883,1.)) REPRESENTATION_ITEM('') );
#583 = CARTESIAN_POINT('',(0.586634558785,-7.222488664825,0.));
#584 = CARTESIAN_POINT('',(0.609607202929,-7.361585313215,0.));
#585 = CARTESIAN_POINT('',(0.74985957009,-7.347271212551,0.));
#586 = ORIENTED_EDGE('',*,*,#587,.F.);
#587 = EDGE_CURVE('',#588,#580,#590,.T.);
#588 = VERTEX_POINT('',#589);
#589 = CARTESIAN_POINT('',(0.498876404494,-6.94723502122,0.));
#590 = ( BOUNDED_CURVE() B_SPLINE_CURVE(2,(#591,#592,#593),
.UNSPECIFIED.,.F.,.F.) B_SPLINE_CURVE_WITH_KNOTS((3,3),(0.,
0.289919229054),.PIECEWISE_BEZIER_KNOTS.) CURVE() 
GEOMETRIC_REPRESENTATION_ITEM() RATIONAL_B_SPLINE_CURVE((1.,
0.989511740461,1.)) REPRESENTATION_ITEM('') );
#591 = CARTESIAN_POINT('',(0.498876404494,-6.94723502122,0.));
#592 = CARTESIAN_POINT('',(0.562846738014,-7.078456218183,0.));
#593 = CARTESIAN_POINT('',(0.586634558785,-7.222488664825,0.));
#594 = ORIENTED_EDGE('',*,*,#595,.F.);
#595 = EDGE_CURVE('',#596,#588,#598,.T.);
#596 = VERTEX_POINT('',#597);
#597 = CARTESIAN_POINT('',(-0.498876404494,-6.94723502122,0.));
#598 = ( BOUNDED_CURVE() B_SPLINE_CURVE(2,(#599,#600,#601),
.UNSPECIFIED.,.F.,.F.) B_SPLINE_CURVE_WITH_KNOTS((3,3),(0.,
2.234397261374),.PIECEWISE_BEZIER_KNOTS.) CURVE() 
GEOMETRIC_REPRESENTATION_ITEM() RATIONAL_B_SPLINE_CURVE((1.,
0.438202247191,1.)) REPRESENTATION_ITEM('') );
#599 = CARTESIAN_POINT('',(-0.498876404494,-6.94723502122,0.));
#600 = CARTESIAN_POINT('',(-1.33E-15,-5.923898806873,0.));
#601 = CARTESIAN_POINT('',(0.498876404494,-6.94723502122,0.));
#602 = ORIENTED_EDGE('',*,*,#603,.F.);
#603 = EDGE_CURVE('',#604,#596,#606,.T.);
#604 = VERTEX_POINT('',#605);
#605 = CARTESIAN_POINT('',(-0.586634558785,-7.222488664825,0.));
#606 = ( BOUNDED_CURVE() B_SPLINE_CURVE(2,(#607,#608,#609),
.UNSPECIFIED.,.F.,.F.) B_SPLINE_CURVE_WITH_KNOTS((3,3),(0.,
0.289919229054),.PIECEWISE_BEZIER_KNOTS.) CURVE() 
GEOMETRIC_REPRESENTATION_ITEM() RATIONAL_B_SPLINE_CURVE((1.,
0.989511740461,1.)) REPRESENTATION_ITEM('') );
#607 = CARTESIAN_POINT('',(-0.586634558785,-7.222488664825,0.));
#608 = CARTESIAN_POINT('',(-0.562846738014,-7.078456218183,0.));
#609 = CARTESIAN_POINT('',(-0.498876404494,-6.94723502122,0.));
#610 = ORIENTED_EDGE('',*,*,#611,.F.);
#611 = EDGE_CURVE('',#612,#604,#614,.T.);
#612 = VERTEX_POINT('',#613);
#613 = CARTESIAN_POINT('',(-0.74985957009,-7.347271212551,0.));
#614 = ( BOUNDED_CURVE() B_SPLINE_CURVE(2,(#615,#616,#617),
.UNSPECIFIED.,.F.,.F.) B_SPLINE_CURVE_WITH_KNOTS((3,3),(0.,
1.508825302794),.PIECEWISE_BEZIER_KNOTS.) CURVE() 
GEOMETRIC_REPRESENTATION_ITEM() RATIONAL_B_SPLINE_CURVE((1.,
0.728673920883,1.)) REPRESENTATION_ITEM('') );
#615 = CARTESIAN_POINT('',(-0.74985957009,-7.347271212551,0.));
#616 = CARTESIAN_POINT('',(-0.609607202929,-7.361585313215,0.));
#617 = CARTESIAN_POINT('',(-0.586634558785,-7.222488664825,0.));
#618 = ORIENTED_EDGE('',*,*,#619,.F.);
#619 = EDGE_CURVE('',#620,#612,#622,.T.);
#620 = VERTEX_POINT('',#621);
#621 = CARTESIAN_POINT('',(-1.177304994502,-7.290996954845,0.));
#622 = ( BOUNDED_CURVE() B_SPLINE_CURVE(2,(#623,#624,#625),
.UNSPECIFIED.,.F.,.F.) B_SPLINE_CURVE_WITH_KNOTS((3,3),(0.,
5.838450169226E-02),.PIECEWISE_BEZIER_KNOTS.) CURVE() 
GEOMETRIC_REPRESENTATION_ITEM() RATIONAL_B_SPLINE_CURVE((1.,
0.999573936504,1.)) REPRESENTATION_ITEM('') );
#623 = CARTESIAN_POINT('',(-1.177304994502,-7.290996954845,0.));
#624 = CARTESIAN_POINT('',(-0.964403901824,-7.325374903608,0.));
#625 = CARTESIAN_POINT('',(-0.74985957009,-7.347271212551,0.));
#626 = ORIENTED_EDGE('',*,*,#627,.F.);
#627 = EDGE_CURVE('',#628,#620,#630,.T.);
#628 = VERTEX_POINT('',#629);
#629 = CARTESIAN_POINT('',(-1.302672148569,-7.128220527764,0.));
#630 = ( BOUNDED_CURVE() B_SPLINE_CURVE(2,(#631,#632,#633),
.UNSPECIFIED.,.F.,.F.) B_SPLINE_CURVE_WITH_KNOTS((3,3),(0.,
1.508825302794),.PIECEWISE_BEZIER_KNOTS.) CURVE() 
GEOMETRIC_REPRESENTATION_ITEM() RATIONAL_B_SPLINE_CURVE((1.,
0.728673920883,1.)) REPRESENTATION_ITEM('') );
#631 = CARTESIAN_POINT('',(-1.302672148569,-7.128220527764,0.));
#632 = CARTESIAN_POINT('',(-1.316483140006,-7.268523330614,0.));
#633 = CARTESIAN_POINT('',(-1.177304994502,-7.290996954845,0.));
#634 = ORIENTED_EDGE('',*,*,#635,.F.);
#635 = EDGE_CURVE('',#636,#628,#638,.T.);
#636 = VERTEX_POINT('',#637);
#637 = CARTESIAN_POINT('',(-1.316199131068,-6.839632442932,0.));
#638 = ( BOUNDED_CURVE() B_SPLINE_CURVE(2,(#639,#640,#641),
.UNSPECIFIED.,.F.,.F.) B_SPLINE_CURVE_WITH_KNOTS((3,3),(0.,
0.289919229054),.PIECEWISE_BEZIER_KNOTS.) CURVE() 
GEOMETRIC_REPRESENTATION_ITEM() RATIONAL_B_SPLINE_CURVE((1.,
0.989511740461,1.)) REPRESENTATION_ITEM('') );
#639 = CARTESIAN_POINT('',(-1.316199131068,-6.839632442932,0.));
#640 = CARTESIAN_POINT('',(-1.2883710787,-6.982939126671,0.));
#641 = CARTESIAN_POINT('',(-1.302672148569,-7.128220527764,0.));
#642 = ORIENTED_EDGE('',*,*,#643,.F.);
#643 = EDGE_CURVE('',#644,#636,#646,.T.);
#644 = VERTEX_POINT('',#645);
#645 = CARTESIAN_POINT('',(-2.279954337522,-6.581395013661,0.));
#646 = ( BOUNDED_CURVE() B_SPLINE_CURVE(2,(#647,#648,#649),
.UNSPECIFIED.,.F.,.F.) B_SPLINE_CURVE_WITH_KNOTS((3,3),(0.,
2.234397261374),.PIECEWISE_BEZIER_KNOTS.) CURVE() 
GEOMETRIC_REPRESENTATION_ITEM() RATIONAL_B_SPLINE_CURVE((1.,
0.438202247191,1.)) REPRESENTATION_ITEM('') );
#647 = CARTESIAN_POINT('',(-2.279954337522,-6.581395013661,0.));
#648 = CARTESIAN_POINT('',(-1.533217832479,-5.722046849881,0.));
#649 = CARTESIAN_POINT('',(-1.316199131068,-6.839632442932,0.));
#650 = ORIENTED_EDGE('',*,*,#651,.F.);
#651 = EDGE_CURVE('',#652,#644,#654,.T.);
#652 = VERTEX_POINT('',#653);
#653 = CARTESIAN_POINT('',(-2.435963090418,-6.824556135106,0.));
#654 = ( BOUNDED_CURVE() B_SPLINE_CURVE(2,(#655,#656,#657),
.UNSPECIFIED.,.F.,.F.) B_SPLINE_CURVE_WITH_KNOTS((3,3),(0.,
0.289919229054),.PIECEWISE_BEZIER_KNOTS.) CURVE() 
GEOMETRIC_REPRESENTATION_ITEM() RATIONAL_B_SPLINE_CURVE((1.,
0.989511740461,1.)) REPRESENTATION_ITEM('') );
#655 = CARTESIAN_POINT('',(-2.435963090418,-6.824556135106,0.));
#656 = CARTESIAN_POINT('',(-2.37570747968,-6.691588216127,0.));
#657 = CARTESIAN_POINT('',(-2.279954337522,-6.581395013661,0.));
#658 = ORIENTED_EDGE('',*,*,#659,.F.);
#659 = EDGE_CURVE('',#660,#652,#662,.T.);
#660 = VERTEX_POINT('',#661);
#661 = CARTESIAN_POINT('',(-2.625922444182,-6.902841079061,0.));
#662 = ( BOUNDED_CURVE() B_SPLINE_CURVE(2,(#663,#664,#665),
.UNSPECIFIED.,.F.,.F.) B_SPLINE_CURVE_WITH_KNOTS((3,3),(0.,
1.508825302794),.PIECEWISE_BEZIER_KNOTS.) CURVE() 
GEOMETRIC_REPRESENTATION_ITEM() RATIONAL_B_SPLINE_CURVE((1.,
0.728673920883,1.)) REPRESENTATION_ITEM('') );
#663 = CARTESIAN_POINT('',(-2.625922444182,-6.902841079061,0.));
#664 = CARTESIAN_POINT('',(-2.494153822408,-6.952967422315,0.));
#665 = CARTESIAN_POINT('',(-2.435963090418,-6.824556135106,0.));
#666 = ORIENTED_EDGE('',*,*,#667,.F.);
#667 = EDGE_CURVE('',#668,#660,#670,.T.);
#668 = VERTEX_POINT('',#669);
#669 = CARTESIAN_POINT('',(-3.024238169307,-6.737853303608,0.));
#670 = ( BOUNDED_CURVE() B_SPLINE_CURVE(2,(#671,#672,#673),
.UNSPECIFIED.,.F.,.F.) B_SPLINE_CURVE_WITH_KNOTS((3,3),(0.,
5.838450169226E-02),.PIECEWISE_BEZIER_KNOTS.) CURVE() 
GEOMETRIC_REPRESENTATION_ITEM() RATIONAL_B_SPLINE_CURVE((1.,
0.999573936504,1.)) REPRESENTATION_ITEM('') );
#671 = CARTESIAN_POINT('',(-3.024238169307,-6.737853303608,0.));
#672 = CARTESIAN_POINT('',(-2.827489173315,-6.826162709681,0.));
#673 = CARTESIAN_POINT('',(-2.625922444182,-6.902841079061,0.));
#674 = ORIENTED_EDGE('',*,*,#675,.F.);
#675 = EDGE_CURVE('',#676,#668,#678,.T.);
#676 = VERTEX_POINT('',#677);
#677 = CARTESIAN_POINT('',(-3.103203901767,-6.548175941677,0.));
#678 = ( BOUNDED_CURVE() B_SPLINE_CURVE(2,(#679,#680,#681),
.UNSPECIFIED.,.F.,.F.) B_SPLINE_CURVE_WITH_KNOTS((3,3),(0.,
1.508825302794),.PIECEWISE_BEZIER_KNOTS.) CURVE() 
GEOMETRIC_REPRESENTATION_ITEM() RATIONAL_B_SPLINE_CURVE((1.,
0.728673920883,1.)) REPRESENTATION_ITEM('') );
#679 = CARTESIAN_POINT('',(-3.103203901767,-6.548175941677,0.));
#680 = CARTESIAN_POINT('',(-3.152857332541,-6.680123494835,0.));
#681 = CARTESIAN_POINT('',(-3.024238169307,-6.737853303608,0.));
#682 = ORIENTED_EDGE('',*,*,#683,.F.);
#683 = EDGE_CURVE('',#684,#676,#686,.T.);
#684 = VERTEX_POINT('',#685);
#685 = CARTESIAN_POINT('',(-3.041577870969,-6.265920216685,0.));
#686 = ( BOUNDED_CURVE() B_SPLINE_CURVE(2,(#687,#688,#689),
.UNSPECIFIED.,.F.,.F.) B_SPLINE_CURVE_WITH_KNOTS((3,3),(0.,
0.289919229054),.PIECEWISE_BEZIER_KNOTS.) CURVE() 
GEOMETRIC_REPRESENTATION_ITEM() RATIONAL_B_SPLINE_CURVE((1.,
0.989511740461,1.)) REPRESENTATION_ITEM('') );
#687 = CARTESIAN_POINT('',(-3.041577870969,-6.265920216685,0.));
#688 = CARTESIAN_POINT('',(-3.051788535534,-6.411546273529,0.));
#689 = CARTESIAN_POINT('',(-3.103203901767,-6.548175941677,0.));
#690 = ORIENTED_EDGE('',*,*,#691,.F.);
#691 = EDGE_CURVE('',#692,#684,#694,.T.);
#692 = VERTEX_POINT('',#693);
#693 = CARTESIAN_POINT('',(-3.905657150251,-5.76704381219,0.));
#694 = ( BOUNDED_CURVE() B_SPLINE_CURVE(2,(#695,#696,#697),
.UNSPECIFIED.,.F.,.F.) B_SPLINE_CURVE_WITH_KNOTS((3,3),(0.,
2.234397261374),.PIECEWISE_BEZIER_KNOTS.) CURVE() 
GEOMETRIC_REPRESENTATION_ITEM() RATIONAL_B_SPLINE_CURVE((1.,
0.438202247191,1.)) REPRESENTATION_ITEM('') );
#695 = CARTESIAN_POINT('',(-3.905657150251,-5.76704381219,0.));
#696 = CARTESIAN_POINT('',(-2.961949403436,-5.1302468562,0.));
#697 = CARTESIAN_POINT('',(-3.041577870969,-6.265920216685,0.));
#698 = ORIENTED_EDGE('',*,*,#699,.F.);
#699 = EDGE_CURVE('',#700,#692,#702,.T.);
#700 = VERTEX_POINT('',#701);
#701 = CARTESIAN_POINT('',(-4.119284763059,-5.961541382891,0.));
#702 = ( BOUNDED_CURVE() B_SPLINE_CURVE(2,(#703,#704,#705),
.UNSPECIFIED.,.F.,.F.) B_SPLINE_CURVE_WITH_KNOTS((3,3),(0.,
0.289919229054),.PIECEWISE_BEZIER_KNOTS.) CURVE() 
GEOMETRIC_REPRESENTATION_ITEM() RATIONAL_B_SPLINE_CURVE((1.,
0.989511740461,1.)) REPRESENTATION_ITEM('') );
#703 = CARTESIAN_POINT('',(-4.119284763059,-5.961541382891,0.));
#704 = CARTESIAN_POINT('',(-4.026667682648,-5.848699535515,0.));
#705 = CARTESIAN_POINT('',(-3.905657150251,-5.76704381219,0.));
#706 = ORIENTED_EDGE('',*,*,#707,.F.);
#707 = EDGE_CURVE('',#708,#700,#710,.T.);
#708 = VERTEX_POINT('',#709);
#709 = CARTESIAN_POINT('',(-4.323033043244,-5.987993733518,0.));
#710 = ( BOUNDED_CURVE() B_SPLINE_CURVE(2,(#711,#712,#713),
.UNSPECIFIED.,.F.,.F.) B_SPLINE_CURVE_WITH_KNOTS((3,3),(0.,
1.508825302794),.PIECEWISE_BEZIER_KNOTS.) CURVE() 
GEOMETRIC_REPRESENTATION_ITEM() RATIONAL_B_SPLINE_CURVE((1.,
0.728673920883,1.)) REPRESENTATION_ITEM('') );
#711 = CARTESIAN_POINT('',(-4.323033043244,-5.987993733518,0.));
#712 = CARTESIAN_POINT('',(-4.208727980674,-6.070516291906,0.));
#713 = CARTESIAN_POINT('',(-4.119284763059,-5.961541382891,0.));
#714 = ORIENTED_EDGE('',*,*,#715,.F.);
#715 = EDGE_CURVE('',#716,#708,#718,.T.);
#716 = VERTEX_POINT('',#717);
#717 = CARTESIAN_POINT('',(-4.665074510663,-5.72553608456,0.));
#718 = ( BOUNDED_CURVE() B_SPLINE_CURVE(2,(#719,#720,#721),
.UNSPECIFIED.,.F.,.F.) B_SPLINE_CURVE_WITH_KNOTS((3,3),(0.,
5.838450169226E-02),.PIECEWISE_BEZIER_KNOTS.) CURVE() 
GEOMETRIC_REPRESENTATION_ITEM() RATIONAL_B_SPLINE_CURVE((1.,
0.999573936504,1.)) REPRESENTATION_ITEM('') );
#719 = CARTESIAN_POINT('',(-4.665074510663,-5.72553608456,0.));
#720 = CARTESIAN_POINT('',(-4.497885730292,-5.861758807857,0.));
#721 = CARTESIAN_POINT('',(-4.323033043244,-5.987993733518,0.));
#722 = ORIENTED_EDGE('',*,*,#723,.F.);
#723 = EDGE_CURVE('',#724,#716,#726,.T.);
#724 = VERTEX_POINT('',#725);
#725 = CARTESIAN_POINT('',(-4.692257437345,-5.521883986536,0.));
#726 = ( BOUNDED_CURVE() B_SPLINE_CURVE(2,(#727,#728,#729),
.UNSPECIFIED.,.F.,.F.) B_SPLINE_CURVE_WITH_KNOTS((3,3),(0.,
1.508825302794),.PIECEWISE_BEZIER_KNOTS.) CURVE() 
GEOMETRIC_REPRESENTATION_ITEM() RATIONAL_B_SPLINE_CURVE((1.,
0.728673920883,1.)) REPRESENTATION_ITEM('') );
#727 = CARTESIAN_POINT('',(-4.692257437345,-5.521883986536,0.));
#728 = CARTESIAN_POINT('',(-4.774369508207,-5.636484282309,0.));
#729 = CARTESIAN_POINT('',(-4.665074510663,-5.72553608456,0.));
#730 = ORIENTED_EDGE('',*,*,#731,.F.);
#731 = EDGE_CURVE('',#732,#724,#734,.T.);
#732 = VERTEX_POINT('',#733);
#733 = CARTESIAN_POINT('',(-4.559678105409,-5.265195882593,0.));
#734 = ( BOUNDED_CURVE() B_SPLINE_CURVE(2,(#735,#736,#737),
.UNSPECIFIED.,.F.,.F.) B_SPLINE_CURVE_WITH_KNOTS((3,3),(0.,
0.289919229054),.PIECEWISE_BEZIER_KNOTS.) CURVE() 
GEOMETRIC_REPRESENTATION_ITEM() RATIONAL_B_SPLINE_CURVE((1.,
0.989511740461,1.)) REPRESENTATION_ITEM('') );
#735 = CARTESIAN_POINT('',(-4.559678105409,-5.265195882593,0.));
#736 = CARTESIAN_POINT('',(-4.607231646991,-5.403217137427,0.));
#737 = CARTESIAN_POINT('',(-4.692257437345,-5.521883986536,0.));
#738 = ORIENTED_EDGE('',*,*,#739,.F.);
#739 = EDGE_CURVE('',#740,#732,#742,.T.);
#740 = VERTEX_POINT('',#741);
#741 = CARTESIAN_POINT('',(-5.265195882593,-4.559678105409,0.));
#742 = ( BOUNDED_CURVE() B_SPLINE_CURVE(2,(#743,#744,#745),
.UNSPECIFIED.,.F.,.F.) B_SPLINE_CURVE_WITH_KNOTS((3,3),(0.,
2.234397261374),.PIECEWISE_BEZIER_KNOTS.) CURVE() 
GEOMETRIC_REPRESENTATION_ITEM() RATIONAL_B_SPLINE_CURVE((1.,
0.438202247191,1.)) REPRESENTATION_ITEM('') );
#743 = CARTESIAN_POINT('',(-5.265195882593,-4.559678105409,0.));
#744 = CARTESIAN_POINT('',(-4.188829017402,-4.188829017402,0.));
#745 = CARTESIAN_POINT('',(-4.559678105409,-5.265195882593,0.));
#746 = ORIENTED_EDGE('',*,*,#747,.F.);
#747 = EDGE_CURVE('',#748,#740,#750,.T.);
#748 = VERTEX_POINT('',#749);
#749 = CARTESIAN_POINT('',(-5.521883986536,-4.692257437345,0.));
#750 = ( BOUNDED_CURVE() B_SPLINE_CURVE(2,(#751,#752,#753),
.UNSPECIFIED.,.F.,.F.) B_SPLINE_CURVE_WITH_KNOTS((3,3),(0.,
0.289919229054),.PIECEWISE_BEZIER_KNOTS.) CURVE() 
GEOMETRIC_REPRESENTATION_ITEM() RATIONAL_B_SPLINE_CURVE((1.,
0.989511740461,1.)) REPRESENTATION_ITEM('') );
#751 = CARTESIAN_POINT('',(-5.521883986536,-4.692257437345,0.));
#752 = CARTESIAN_POINT('',(-5.403217137427,-4.607231646991,0.));
#753 = CARTESIAN_POINT('',(-5.265195882593,-4.559678105409,0.));
#754 = ORIENTED_EDGE('',*,*,#755,.F.);
#755 = EDGE_CURVE('',#756,#748,#758,.T.);
#756 = VERTEX_POINT('',#757);
#757 = CARTESIAN_POINT('',(-5.72553608456,-4.665074510663,0.));
#758 = ( BOUNDED_CURVE() B_SPLINE_CURVE(2,(#759,#760,#761),
.UNSPECIFIED.,.F.,.F.) B_SPLINE_CURVE_WITH_KNOTS((3,3),(0.,
1.508825302794),.PIECEWISE_BEZIER_KNOTS.) CURVE() 
GEOMETRIC_REPRESENTATION_ITEM() RATIONAL_B_SPLINE_CURVE((1.,
0.728673920883,1.)) REPRESENTATION_ITEM('') );
#759 = CARTESIAN_POINT('',(-5.72553608456,-4.665074510663,0.));
#760 = CARTESIAN_POINT('',(-5.636484282309,-4.774369508207,0.));
#761 = CARTESIAN_POINT('',(-5.521883986536,-4.692257437345,0.));
#762 = ORIENTED_EDGE('',*,*,#763,.F.);
#763 = EDGE_CURVE('',#764,#756,#766,.T.);
#764 = VERTEX_POINT('',#765);
#765 = CARTESIAN_POINT('',(-5.987993733518,-4.323033043244,0.));
#766 = ( BOUNDED_CURVE() B_SPLINE_CURVE(2,(#767,#768,#769),
.UNSPECIFIED.,.F.,.F.) B_SPLINE_CURVE_WITH_KNOTS((3,3),(0.,
5.838450169226E-02),.PIECEWISE_BEZIER_KNOTS.) CURVE() 
GEOMETRIC_REPRESENTATION_ITEM() RATIONAL_B_SPLINE_CURVE((1.,
0.999573936504,1.)) REPRESENTATION_ITEM('') );
#767 = CARTESIAN_POINT('',(-5.987993733518,-4.323033043244,0.));
#768 = CARTESIAN_POINT('',(-5.861758807857,-4.497885730292,0.));
#769 = CARTESIAN_POINT('',(-5.72553608456,-4.665074510663,0.));
#770 = ORIENTED_EDGE('',*,*,#771,.F.);
#771 = EDGE_CURVE('',#772,#764,#774,.T.);
#772 = VERTEX_POINT('',#773);
#773 = CARTESIAN_POINT('',(-5.961541382891,-4.119284763059,0.));
#774 = ( BOUNDED_CURVE() B_SPLINE_CURVE(2,(#775,#776,#777),
.UNSPECIFIED.,.F.,.F.) B_SPLINE_CURVE_WITH_KNOTS((3,3),(0.,
1.508825302794),.PIECEWISE_BEZIER_KNOTS.) CURVE() 
GEOMETRIC_REPRESENTATION_ITEM() RATIONAL_B_SPLINE_CURVE((1.,
0.728673920883,1.)) REPRESENTATION_ITEM('') );
#775 = CARTESIAN_POINT('',(-5.961541382891,-4.119284763059,0.));
#776 = CARTESIAN_POINT('',(-6.070516291906,-4.208727980674,0.));
#777 = CARTESIAN_POINT('',(-5.987993733518,-4.323033043244,0.));
#778 = ORIENTED_EDGE('',*,*,#779,.F.);
#779 = EDGE_CURVE('',#780,#772,#782,.T.);
#780 = VERTEX_POINT('',#781);
#781 = CARTESIAN_POINT('',(-5.76704381219,-3.905657150251,0.));
#782 = ( BOUNDED_CURVE() B_SPLINE_CURVE(2,(#783,#784,#785),
.UNSPECIFIED.,.F.,.F.) B_SPLINE_CURVE_WITH_KNOTS((3,3),(0.,
0.289919229054),.PIECEWISE_BEZIER_KNOTS.) CURVE() 
GEOMETRIC_REPRESENTATION_ITEM() RATIONAL_B_SPLINE_CURVE((1.,
0.989511740461,1.)) REPRESENTATION_ITEM('') );
#783 = CARTESIAN_POINT('',(-5.76704381219,-3.905657150251,0.));
#784 = CARTESIAN_POINT('',(-5.848699535515,-4.026667682648,0.));
#785 = CARTESIAN_POINT('',(-5.961541382891,-4.119284763059,0.));
#786 = ORIENTED_EDGE('',*,*,#787,.F.);
#787 = EDGE_CURVE('',#788,#780,#790,.T.);
#788 = VERTEX_POINT('',#789);
#789 = CARTESIAN_POINT('',(-6.265920216685,-3.041577870969,0.));
#790 = ( BOUNDED_CURVE() B_SPLINE_CURVE(2,(#791,#792,#793),
.UNSPECIFIED.,.F.,.F.) B_SPLINE_CURVE_WITH_KNOTS((3,3),(0.,
2.234397261374),.PIECEWISE_BEZIER_KNOTS.) CURVE() 
GEOMETRIC_REPRESENTATION_ITEM() RATIONAL_B_SPLINE_CURVE((1.,
0.438202247191,1.)) REPRESENTATION_ITEM('') );
#791 = CARTESIAN_POINT('',(-6.265920216685,-3.041577870969,0.));
#792 = CARTESIAN_POINT('',(-5.1302468562,-2.961949403436,0.));
#793 = CARTESIAN_POINT('',(-5.76704381219,-3.905657150251,0.));
#794 = ORIENTED_EDGE('',*,*,#795,.F.);
#795 = EDGE_CURVE('',#796,#788,#798,.T.);
#796 = VERTEX_POINT('',#797);
#797 = CARTESIAN_POINT('',(-6.548175941677,-3.103203901767,0.));
#798 = ( BOUNDED_CURVE() B_SPLINE_CURVE(2,(#799,#800,#801),
.UNSPECIFIED.,.F.,.F.) B_SPLINE_CURVE_WITH_KNOTS((3,3),(0.,
0.289919229054),.PIECEWISE_BEZIER_KNOTS.) CURVE() 
GEOMETRIC_REPRESENTATION_ITEM() RATIONAL_B_SPLINE_CURVE((1.,
0.989511740461,1.)) REPRESENTATION_ITEM('') );
#799 = CARTESIAN_POINT('',(-6.548175941677,-3.103203901767,0.));
#800 = CARTESIAN_POINT('',(-6.411546273529,-3.051788535534,0.));
#801 = CARTESIAN_POINT('',(-6.265920216685,-3.041577870969,0.));
#802 = ORIENTED_EDGE('',*,*,#803,.F.);
#803 = EDGE_CURVE('',#804,#796,#806,.T.);
#804 = VERTEX_POINT('',#805);
#805 = CARTESIAN_POINT('',(-6.737853303608,-3.024238169307,0.));
#806 = ( BOUNDED_CURVE() B_SPLINE_CURVE(2,(#807,#808,#809),
.UNSPECIFIED.,.F.,.F.) B_SPLINE_CURVE_WITH_KNOTS((3,3),(0.,
1.508825302794),.PIECEWISE_BEZIER_KNOTS.) CURVE() 
GEOMETRIC_REPRESENTATION_ITEM() RATIONAL_B_SPLINE_CURVE((1.,
0.728673920883,1.)) REPRESENTATION_ITEM('') );
#807 = CARTESIAN_POINT('',(-6.737853303608,-3.024238169307,0.));
#808 = CARTESIAN_POINT('',(-6.680123494835,-3.152857332541,0.));
#809 = CARTESIAN_POINT('',(-6.548175941677,-3.103203901767,0.));
#810 = ORIENTED_EDGE('',*,*,#811,.F.);
#811 = EDGE_CURVE('',#812,#804,#814,.T.);
#812 = VERTEX_POINT('',#813);
#813 = CARTESIAN_POINT('',(-6.902841079061,-2.625922444182,0.));
#814 = ( BOUNDED_CURVE() B_SPLINE_CURVE(2,(#815,#816,#817),
.UNSPECIFIED.,.F.,.F.) B_SPLINE_CURVE_WITH_KNOTS((3,3),(0.,
5.838450169226E-02),.PIECEWISE_BEZIER_KNOTS.) CURVE() 
GEOMETRIC_REPRESENTATION_ITEM() RATIONAL_B_SPLINE_CURVE((1.,
0.999573936504,1.)) REPRESENTATION_ITEM('') );
#815 = CARTESIAN_POINT('',(-6.902841079061,-2.625922444182,0.));
#816 = CARTESIAN_POINT('',(-6.826162709681,-2.827489173315,0.));
#817 = CARTESIAN_POINT('',(-6.737853303608,-3.024238169307,0.));
#818 = ORIENTED_EDGE('',*,*,#819,.F.);
#819 = EDGE_CURVE('',#820,#812,#822,.T.);
#820 = VERTEX_POINT('',#821);
#821 = CARTESIAN_POINT('',(-6.824556135106,-2.435963090418,0.));
#822 = ( BOUNDED_CURVE() B_SPLINE_CURVE(2,(#823,#824,#825),
.UNSPECIFIED.,.F.,.F.) B_SPLINE_CURVE_WITH_KNOTS((3,3),(0.,
1.508825302794),.PIECEWISE_BEZIER_KNOTS.) CURVE() 
GEOMETRIC_REPRESENTATION_ITEM() RATIONAL_B_SPLINE_CURVE((1.,
0.728673920883,1.)) REPRESENTATION_ITEM('') );
#823 = CARTESIAN_POINT('',(-6.824556135106,-2.435963090418,0.));
#824 = CARTESIAN_POINT('',(-6.952967422315,-2.494153822408,0.));
#825 = CARTESIAN_POINT('',(-6.902841079061,-2.625922444182,0.));
#826 = ORIENTED_EDGE('',*,*,#827,.F.);
#827 = EDGE_CURVE('',#828,#820,#830,.T.);
#828 = VERTEX_POINT('',#829);
#829 = CARTESIAN_POINT('',(-6.581395013661,-2.279954337522,0.));
#830 = ( BOUNDED_CURVE() B_SPLINE_CURVE(2,(#831,#832,#833),
.UNSPECIFIED.,.F.,.F.) B_SPLINE_CURVE_WITH_KNOTS((3,3),(0.,
0.289919229054),.PIECEWISE_BEZIER_KNOTS.) CURVE() 
GEOMETRIC_REPRESENTATION_ITEM() RATIONAL_B_SPLINE_CURVE((1.,
0.989511740461,1.)) REPRESENTATION_ITEM('') );
#831 = CARTESIAN_POINT('',(-6.581395013661,-2.279954337522,0.));
#832 = CARTESIAN_POINT('',(-6.691588216127,-2.37570747968,0.));
#833 = CARTESIAN_POINT('',(-6.824556135106,-2.435963090418,0.));
#834 = ORIENTED_EDGE('',*,*,#835,.F.);
#835 = EDGE_CURVE('',#836,#828,#838,.T.);
#836 = VERTEX_POINT('',#837);
#837 = CARTESIAN_POINT('',(-6.839632442932,-1.316199131068,0.));
#838 = ( BOUNDED_CURVE() B_SPLINE_CURVE(2,(#839,#840,#841),
.UNSPECIFIED.,.F.,.F.) B_SPLINE_CURVE_WITH_KNOTS((3,3),(0.,
2.234397261374),.PIECEWISE_BEZIER_KNOTS.) CURVE() 
GEOMETRIC_REPRESENTATION_ITEM() RATIONAL_B_SPLINE_CURVE((1.,
0.438202247191,1.)) REPRESENTATION_ITEM('') );
#839 = CARTESIAN_POINT('',(-6.839632442932,-1.316199131068,0.));
#840 = CARTESIAN_POINT('',(-5.722046849881,-1.533217832479,0.));
#841 = CARTESIAN_POINT('',(-6.581395013661,-2.279954337522,0.));
#842 = ORIENTED_EDGE('',*,*,#843,.F.);
#843 = EDGE_CURVE('',#844,#836,#846,.T.);
#844 = VERTEX_POINT('',#845);
#845 = CARTESIAN_POINT('',(-7.128220527764,-1.302672148569,0.));
#846 = ( BOUNDED_CURVE() B_SPLINE_CURVE(2,(#847,#848,#849),
.UNSPECIFIED.,.F.,.F.) B_SPLINE_CURVE_WITH_KNOTS((3,3),(0.,
0.289919229054),.PIECEWISE_BEZIER_KNOTS.) CURVE() 
GEOMETRIC_REPRESENTATION_ITEM() RATIONAL_B_SPLINE_CURVE((1.,
0.989511740461,1.)) REPRESENTATION_ITEM('') );
#847 = CARTESIAN_POINT('',(-7.128220527764,-1.302672148569,0.));
#848 = CARTESIAN_POINT('',(-6.982939126671,-1.2883710787,0.));
#849 = CARTESIAN_POINT('',(-6.839632442932,-1.316199131068,0.));
#850 = ORIENTED_EDGE('',*,*,#851,.F.);
#851 = EDGE_CURVE('',#852,#844,#854,.T.);
#852 = VERTEX_POINT('',#853);
#853 = CARTESIAN_POINT('',(-7.290996954845,-1.177304994502,0.));
#854 = ( BOUNDED_CURVE() B_SPLINE_CURVE(2,(#855,#856,#857),
.UNSPECIFIED.,.F.,.F.) B_SPLINE_CURVE_WITH_KNOTS((3,3),(0.,
1.508825302794),.PIECEWISE_BEZIER_KNOTS.) CURVE() 
GEOMETRIC_REPRESENTATION_ITEM() RATIONAL_B_SPLINE_CURVE((1.,
0.728673920883,1.)) REPRESENTATION_ITEM('') );
#855 = CARTESIAN_POINT('',(-7.290996954845,-1.177304994502,0.));
#856 = CARTESIAN_POINT('',(-7.268523330614,-1.316483140006,0.));
#857 = CARTESIAN_POINT('',(-7.128220527764,-1.302672148569,0.));
#858 = ORIENTED_EDGE('',*,*,#859,.F.);
#859 = EDGE_CURVE('',#860,#852,#862,.T.);
#860 = VERTEX_POINT('',#861);
#861 = CARTESIAN_POINT('',(-7.347271212551,-0.74985957009,0.));
#862 = ( BOUNDED_CURVE() B_SPLINE_CURVE(2,(#863,#864,#865),
.UNSPECIFIED.,.F.,.F.) B_SPLINE_CURVE_WITH_KNOTS((3,3),(0.,
5.838450169226E-02),.PIECEWISE_BEZIER_KNOTS.) CURVE() 
GEOMETRIC_REPRESENTATION_ITEM() RATIONAL_B_SPLINE_CURVE((1.,
0.999573936504,1.)) REPRESENTATION_ITEM('') );
#863 = CARTESIAN_POINT('',(-7.347271212551,-0.74985957009,0.));
#864 = CARTESIAN_POINT('',(-7.325374903608,-0.964403901824,0.));
#865 = CARTESIAN_POINT('',(-7.290996954845,-1.177304994502,0.));
#866 = ORIENTED_EDGE('',*,*,#867,.F.);
#867 = EDGE_CURVE('',#868,#860,#870,.T.);
#868 = VERTEX_POINT('',#869);
#869 = CARTESIAN_POINT('',(-7.222488664825,-0.586634558785,0.));
#870 = ( BOUNDED_CURVE() B_SPLINE_CURVE(2,(#871,#872,#873),
.UNSPECIFIED.,.F.,.F.) B_SPLINE_CURVE_WITH_KNOTS((3,3),(0.,
1.508825302794),.PIECEWISE_BEZIER_KNOTS.) CURVE() 
GEOMETRIC_REPRESENTATION_ITEM() RATIONAL_B_SPLINE_CURVE((1.,
0.728673920883,1.)) REPRESENTATION_ITEM('') );
#871 = CARTESIAN_POINT('',(-7.222488664825,-0.586634558785,0.));
#872 = CARTESIAN_POINT('',(-7.361585313215,-0.609607202929,0.));
#873 = CARTESIAN_POINT('',(-7.347271212551,-0.74985957009,0.));
#874 = ORIENTED_EDGE('',*,*,#875,.F.);
#875 = EDGE_CURVE('',#876,#868,#878,.T.);
#876 = VERTEX_POINT('',#877);
#877 = CARTESIAN_POINT('',(-6.94723502122,-0.498876404494,0.));
#878 = ( BOUNDED_CURVE() B_SPLINE_CURVE(2,(#879,#880,#881),
.UNSPECIFIED.,.F.,.F.) B_SPLINE_CURVE_WITH_KNOTS((3,3),(0.,
0.289919229054),.PIECEWISE_BEZIER_KNOTS.) CURVE() 
GEOMETRIC_REPRESENTATION_ITEM() RATIONAL_B_SPLINE_CURVE((1.,
0.989511740461,1.)) REPRESENTATION_ITEM('') );
#879 = CARTESIAN_POINT('',(-6.94723502122,-0.498876404494,0.));
#880 = CARTESIAN_POINT('',(-7.078456218183,-0.562846738014,0.));
#881 = CARTESIAN_POINT('',(-7.222488664825,-0.586634558785,0.));
#882 = ORIENTED_EDGE('',*,*,#883,.F.);
#883 = EDGE_CURVE('',#884,#876,#886,.T.);
#884 = VERTEX_POINT('',#885);
#885 = CARTESIAN_POINT('',(-6.94723502122,0.498876404494,0.));
#886 = ( BOUNDED_CURVE() B_SPLINE_CURVE(2,(#887,#888,#889),
.UNSPECIFIED.,.F.,.F.) B_SPLINE_CURVE_WITH_KNOTS((3,3),(0.,
2.234397261374),.PIECEWISE_BEZIER_KNOTS.) CURVE() 
GEOMETRIC_REPRESENTATION_ITEM() RATIONAL_B_SPLINE_CURVE((1.,
0.438202247191,1.)) REPRESENTATION_ITEM('') );
#887 = CARTESIAN_POINT('',(-6.94723502122,0.498876404494,0.));
#888 = CARTESIAN_POINT('',(-5.923898806873,8.9E-16,0.));
#889 = CARTESIAN_POINT('',(-6.94723502122,-0.498876404494,0.));
#890 = ORIENTED_EDGE('',*,*,#891,.F.);
#891 = EDGE_CURVE('',#892,#884,#894,.T.);
#892 = VERTEX_POINT('',#893);
#893 = CARTESIAN_POINT('',(-7.222488664825,0.586634558785,0.));
#894 = ( BOUNDED_CURVE() B_SPLINE_CURVE(2,(#895,#896,#897),
.UNSPECIFIED.,.F.,.F.) B_SPLINE_CURVE_WITH_KNOTS((3,3),(0.,
0.289919229054),.PIECEWISE_BEZIER_KNOTS.) CURVE() 
GEOMETRIC_REPRESENTATION_ITEM() RATIONAL_B_SPLINE_CURVE((1.,
0.989511740461,1.)) REPRESENTATION_ITEM('') );
#895 = CARTESIAN_POINT('',(-7.222488664825,0.586634558785,0.));
#896 = CARTESIAN_POINT('',(-7.078456218183,0.562846738014,0.));
#897 = CARTESIAN_POINT('',(-6.94723502122,0.498876404494,0.));
#898 = ORIENTED_EDGE('',*,*,#899,.F.);
#899 = EDGE_CURVE('',#900,#892,#902,.T.);
#900 = VERTEX_POINT('',#901);
#901 = CARTESIAN_POINT('',(-7.347271212551,0.74985957009,0.));
#902 = ( BOUNDED_CURVE() B_SPLINE_CURVE(2,(#903,#904,#905),
.UNSPECIFIED.,.F.,.F.) B_SPLINE_CURVE_WITH_KNOTS((3,3),(0.,
1.508825302794),.PIECEWISE_BEZIER_KNOTS.) CURVE() 
GEOMETRIC_REPRESENTATION_ITEM() RATIONAL_B_SPLINE_CURVE((1.,
0.728673920883,1.)) REPRESENTATION_ITEM('') );
#903 = CARTESIAN_POINT('',(-7.347271212551,0.74985957009,0.));
#904 = CARTESIAN_POINT('',(-7.361585313215,0.609607202929,0.));
#905 = CARTESIAN_POINT('',(-7.222488664825,0.586634558785,0.));
#906 = ORIENTED_EDGE('',*,*,#907,.F.);
#907 = EDGE_CURVE('',#908,#900,#910,.T.);
#908 = VERTEX_POINT('',#909);
#909 = CARTESIAN_POINT('',(-7.290996954845,1.177304994502,0.));
#910 = ( BOUNDED_CURVE() B_SPLINE_CURVE(2,(#911,#912,#913),
.UNSPECIFIED.,.F.,.F.) B_SPLINE_CURVE_WITH_KNOTS((3,3),(0.,
5.838450169226E-02),.PIECEWISE_BEZIER_KNOTS.) CURVE() 
GEOMETRIC_REPRESENTATION_ITEM() RATIONAL_B_SPLINE_CURVE((1.,
0.999573936504,1.)) REPRESENTATION_ITEM('') );
#911 = CARTESIAN_POINT('',(-7.290996954845,1.177304994502,0.));
#912 = CARTESIAN_POINT('',(-7.325374903608,0.964403901824,0.));
#913 = CARTESIAN_POINT('',(-7.347271212551,0.74985957009,0.));
#914 = ORIENTED_EDGE('',*,*,#915,.F.);
#915 = EDGE_CURVE('',#916,#908,#918,.T.);
#916 = VERTEX_POINT('',#917);
#917 = CARTESIAN_POINT('',(-7.128220527764,1.302672148569,0.));
#918 = ( BOUNDED_CURVE() B_SPLINE_CURVE(2,(#919,#920,#921),
.UNSPECIFIED.,.F.,.F.) B_SPLINE_CURVE_WITH_KNOTS((3,3),(0.,
1.508825302794),.PIECEWISE_BEZIER_KNOTS.) CURVE() 
GEOMETRIC_REPRESENTATION_ITEM() RATIONAL_B_SPLINE_CURVE((1.,
0.728673920883,1.)) REPRESENTATION_ITEM('') );
#919 = CARTESIAN_POINT('',(-7.128220527764,1.302672148569,0.));
#920 = CARTESIAN_POINT('',(-7.268523330614,1.316483140006,0.));
#921 = CARTESIAN_POINT('',(-7.290996954845,1.177304994502,0.));
#922 = ORIENTED_EDGE('',*,*,#923,.F.);
#923 = EDGE_CURVE('',#924,#916,#926,.T.);
#924 = VERTEX_POINT('',#925);
#925 = CARTESIAN_POINT('',(-6.839632442932,1.316199131068,0.));
#926 = ( BOUNDED_CURVE() B_SPLINE_CURVE(2,(#927,#928,#929),
.UNSPECIFIED.,.F.,.F.) B_SPLINE_CURVE_WITH_KNOTS((3,3),(0.,
0.289919229054),.PIECEWISE_BEZIER_KNOTS.) CURVE() 
GEOMETRIC_REPRESENTATION_ITEM() RATIONAL_B_SPLINE_CURVE((1.,
0.989511740461,1.)) REPRESENTATION_ITEM('') );
#927 = CARTESIAN_POINT('',(-6.839632442932,1.316199131068,0.));
#928 = CARTESIAN_POINT('',(-6.982939126671,1.2883710787,0.));
#929 = CARTESIAN_POINT('',(-7.128220527764,1.302672148569,0.));
#930 = ORIENTED_EDGE('',*,*,#931,.F.);
#931 = EDGE_CURVE('',#932,#924,#934,.T.);
#932 = VERTEX_POINT('',#933);
#933 = CARTESIAN_POINT('',(-6.581395013661,2.279954337522,0.));
#934 = ( BOUNDED_CURVE() B_SPLINE_CURVE(2,(#935,#936,#937),
.UNSPECIFIED.,.F.,.F.) B_SPLINE_CURVE_WITH_KNOTS((3,3),(0.,
2.234397261374),.PIECEWISE_BEZIER_KNOTS.) CURVE() 
GEOMETRIC_REPRESENTATION_ITEM() RATIONAL_B_SPLINE_CURVE((1.,
0.438202247191,1.)) REPRESENTATION_ITEM('') );
#935 = CARTESIAN_POINT('',(-6.581395013661,2.279954337522,0.));
#936 = CARTESIAN_POINT('',(-5.722046849881,1.533217832479,0.));
#937 = CARTESIAN_POINT('',(-6.839632442932,1.316199131068,0.));
#938 = ORIENTED_EDGE('',*,*,#939,.F.);
#939 = EDGE_CURVE('',#940,#932,#942,.T.);
#940 = VERTEX_POINT('',#941);
#941 = CARTESIAN_POINT('',(-6.824556135106,2.435963090418,0.));
#942 = ( BOUNDED_CURVE() B_SPLINE_CURVE(2,(#943,#944,#945),
.UNSPECIFIED.,.F.,.F.) B_SPLINE_CURVE_WITH_KNOTS((3,3),(0.,
0.289919229054),.PIECEWISE_BEZIER_KNOTS.) CURVE() 
GEOMETRIC_REPRESENTATION_ITEM() RATIONAL_B_SPLINE_CURVE((1.,
0.989511740461,1.)) REPRESENTATION_ITEM('') );
#943 = CARTESIAN_POINT('',(-6.824556135106,2.435963090418,0.));
#944 = CARTESIAN_POINT('',(-6.691588216127,2.37570747968,0.));
#945 = CARTESIAN_POINT('',(-6.581395013661,2.279954337522,0.));
#946 = ORIENTED_EDGE('',*,*,#947,.F.);
#947 = EDGE_CURVE('',#948,#940,#950,.T.);
#948 = VERTEX_POINT('',#949);
#949 = CARTESIAN_POINT('',(-6.902841079061,2.625922444182,0.));
#950 = ( BOUNDED_CURVE() B_SPLINE_CURVE(2,(#951,#952,#953),
.UNSPECIFIED.,.F.,.F.) B_SPLINE_CURVE_WITH_KNOTS((3,3),(0.,
1.508825302794),.PIECEWISE_BEZIER_KNOTS.) CURVE() 
GEOMETRIC_REPRESENTATION_ITEM() RATIONAL_B_SPLINE_CURVE((1.,
0.728673920883,1.)) REPRESENTATION_ITEM('') );
#951 = CARTESIAN_POINT('',(-6.902841079061,2.625922444182,0.));
#952 = CARTESIAN_POINT('',(-6.952967422315,2.494153822408,0.));
#953 = CARTESIAN_POINT('',(-6.824556135106,2.435963090418,0.));
#954 = ORIENTED_EDGE('',*,*,#955,.F.);
#955 = EDGE_CURVE('',#956,#948,#958,.T.);
#956 = VERTEX_POINT('',#957);
#957 = CARTESIAN_POINT('',(-6.737853303608,3.024238169307,0.));
#958 = ( BOUNDED_CURVE() B_SPLINE_CURVE(2,(#959,#960,#961),
.UNSPECIFIED.,.F.,.F.) B_SPLINE_CURVE_WITH_KNOTS((3,3),(0.,
5.838450169226E-02),.PIECEWISE_BEZIER_KNOTS.) CURVE() 
GEOMETRIC_REPRESENTATION_ITEM() RATIONAL_B_SPLINE_CURVE((1.,
0.999573936504,1.)) REPRESENTATION_ITEM('') );
#959 = CARTESIAN_POINT('',(-6.737853303608,3.024238169307,0.));
#960 = CARTESIAN_POINT('',(-6.826162709681,2.827489173315,0.));
#961 = CARTESIAN_POINT('',(-6.902841079061,2.625922444182,0.));
#962 = ORIENTED_EDGE('',*,*,#963,.F.);
#963 = EDGE_CURVE('',#964,#956,#966,.T.);
#964 = VERTEX_POINT('',#965);
#965 = CARTESIAN_POINT('',(-6.548175941677,3.103203901767,0.));
#966 = ( BOUNDED_CURVE() B_SPLINE_CURVE(2,(#967,#968,#969),
.UNSPECIFIED.,.F.,.F.) B_SPLINE_CURVE_WITH_KNOTS((3,3),(0.,
1.508825302794),.PIECEWISE_BEZIER_KNOTS.) CURVE() 
GEOMETRIC_REPRESENTATION_ITEM() RATIONAL_B_SPLINE_CURVE((1.,
0.728673920883,1.)) REPRESENTATION_ITEM('') );
#967 = CARTESIAN_POINT('',(-6.548175941677,3.103203901767,0.));
#968 = CARTESIAN_POINT('',(-6.680123494835,3.152857332541,0.));
#969 = CARTESIAN_POINT('',(-6.737853303608,3.024238169307,0.));
#970 = ORIENTED_EDGE('',*,*,#971,.F.);
#971 = EDGE_CURVE('',#972,#964,#974,.T.);
#972 = VERTEX_POINT('',#973);
#973 = CARTESIAN_POINT('',(-6.265920216685,3.041577870969,0.));
#974 = ( BOUNDED_CURVE() B_SPLINE_CURVE(2,(#975,#976,#977),
.UNSPECIFIED.,.F.,.F.) B_SPLINE_CURVE_WITH_KNOTS((3,3),(0.,
0.289919229054),.PIECEWISE_BEZIER_KNOTS.) CURVE() 
GEOMETRIC_REPRESENTATION_ITEM() RATIONAL_B_SPLINE_CURVE((1.,
0.989511740461,1.)) REPRESENTATION_ITEM('') );
#975 = CARTESIAN_POINT('',(-6.265920216685,3.041577870969,0.));
#976 = CARTESIAN_POINT('',(-6.411546273529,3.051788535534,0.));
#977 = CARTESIAN_POINT('',(-6.548175941677,3.103203901767,0.));
#978 = ORIENTED_EDGE('',*,*,#979,.F.);
#979 = EDGE_CURVE('',#980,#972,#982,.T.);
#980 = VERTEX_POINT('',#981);
#981 = CARTESIAN_POINT('',(-5.76704381219,3.905657150251,0.));
#982 = ( BOUNDED_CURVE() B_SPLINE_CURVE(2,(#983,#984,#985),
.UNSPECIFIED.,.F.,.F.) B_SPLINE_CURVE_WITH_KNOTS((3,3),(0.,
2.234397261374),.PIECEWISE_BEZIER_KNOTS.) CURVE() 
GEOMETRIC_REPRESENTATION_ITEM() RATIONAL_B_SPLINE_CURVE((1.,
0.438202247191,1.)) REPRESENTATION_ITEM('') );
#983 = CARTESIAN_POINT('',(-5.76704381219,3.905657150251,0.));
#984 = CARTESIAN_POINT('',(-5.1302468562,2.961949403436,0.));
#985 = CARTESIAN_POINT('',(-6.265920216685,3.041577870969,0.));
#986 = ORIENTED_EDGE('',*,*,#987,.F.);
#987 = EDGE_CURVE('',#988,#980,#990,.T.);
#988 = VERTEX_POINT('',#989);
#989 = CARTESIAN_POINT('',(-5.961541382891,4.119284763059,0.));
#990 = ( BOUNDED_CURVE() B_SPLINE_CURVE(2,(#991,#992,#993),
.UNSPECIFIED.,.F.,.F.) B_SPLINE_CURVE_WITH_KNOTS((3,3),(0.,
0.289919229054),.PIECEWISE_BEZIER_KNOTS.) CURVE() 
GEOMETRIC_REPRESENTATION_ITEM() RATIONAL_B_SPLINE_CURVE((1.,
0.989511740461,1.)) REPRESENTATION_ITEM('') );
#991 = CARTESIAN_POINT('',(-5.961541382891,4.119284763059,0.));
#992 = CARTESIAN_POINT('',(-5.848699535515,4.026667682648,0.));
#993 = CARTESIAN_POINT('',(-5.76704381219,3.905657150251,0.));
#994 = ORIENTED_EDGE('',*,*,#995,.F.);
#995 = EDGE_CURVE('',#996,#988,#998,.T.);
#996 = VERTEX_POINT('',#997);
#997 = CARTESIAN_POINT('',(-5.987993733518,4.323033043244,0.));
#998 = ( BOUNDED_CURVE() B_SPLINE_CURVE(2,(#999,#1000,#1001),
.UNSPECIFIED.,.F.,.F.) B_SPLINE_CURVE_WITH_KNOTS((3,3),(0.,
1.508825302794),.PIECEWISE_BEZIER_KNOTS.) CURVE() 
GEOMETRIC_REPRESENTATION_ITEM() RATIONAL_B_SPLINE_CURVE((1.,
0.728673920883,1.)) REPRESENTATION_ITEM('') );
#999 = CARTESIAN_POINT('',(-5.987993733518,4.323033043244,0.));
#1000 = CARTESIAN_POINT('',(-6.070516291906,4.208727980674,0.));
#1001 = CARTESIAN_POINT('',(-5.961541382891,4.119284763059,0.));
#1002 = ORIENTED_EDGE('',*,*,#1003,.F.);
#1003 = EDGE_CURVE('',#1004,#996,#1006,.T.);
#1004 = VERTEX_POINT('',#1005);
#1005 = CARTESIAN_POINT('',(-5.72553608456,4.665074510663,0.));
#1006 = ( BOUNDED_CURVE() B_SPLINE_CURVE(2,(#1007,#1008,#1009),
.UNSPECIFIED.,.F.,.F.) B_SPLINE_CURVE_WITH_KNOTS((3,3),(0.,
5.838450169226E-02),.PIECEWISE_BEZIER_KNOTS.) CURVE() 
GEOMETRIC_REPRESENTATION_ITEM() RATIONAL_B_SPLINE_CURVE((1.,
0.999573936504,1.)) REPRESENTATION_ITEM('') );
#1007 = CARTESIAN_POINT('',(-5.72553608456,4.665074510663,0.));
#1008 = CARTESIAN_POINT('',(-5.861758807857,4.497885730292,0.));
#1009 = CARTESIAN_POINT('',(-5.987993733518,4.323033043244,0.));
#1010 = ORIENTED_EDGE('',*,*,#1011,.F.);
#1011 = EDGE_CURVE('',#1012,#1004,#1014,.T.);
#1012 = VERTEX_POINT('',#1013);
#1013 = CARTESIAN_POINT('',(-5.521883986536,4.692257437345,0.));
#1014 = ( BOUNDED_CURVE() B_SPLINE_CURVE(2,(#1015,#1016,#1017),
.UNSPECIFIED.,.F.,.F.) B_SPLINE_CURVE_WITH_KNOTS((3,3),(0.,
1.508825302794),.PIECEWISE_BEZIER_KNOTS.) CURVE() 
GEOMETRIC_REPRESENTATION_ITEM() RATIONAL_B_SPLINE_CURVE((1.,
0.728673920883,1.)) REPRESENTATION_ITEM('') );
#1015 = CARTESIAN_POINT('',(-5.521883986536,4.692257437345,0.));
#1016 = CARTESIAN_POINT('',(-5.636484282309,4.774369508207,0.));
#1017 = CARTESIAN_POINT('',(-5.72553608456,4.665074510663,0.));
#1018 = ORIENTED_EDGE('',*,*,#1019,.F.);
#1019 = EDGE_CURVE('',#1020,#1012,#1022,.T.);
#1020 = VERTEX_POINT('',#1021);
#1021 = CARTESIAN_POINT('',(-5.265195882593,4.559678105409,0.));
#1022 = ( BOUNDED_CURVE() B_SPLINE_CURVE(2,(#1023,#1024,#1025),
.UNSPECIFIED.,.F.,.F.) B_SPLINE_CURVE_WITH_KNOTS((3,3),(0.,
0.289919229054),.PIECEWISE_BEZIER_KNOTS.) CURVE() 
GEOMETRIC_REPRESENTATION_ITEM() RATIONAL_B_SPLINE_CURVE((1.,
0.989511740461,1.)) REPRESENTATION_ITEM('') );
#1023 = CARTESIAN_POINT('',(-5.265195882593,4.559678105409,0.));
#1024 = CARTESIAN_POINT('',(-5.403217137427,4.607231646991,0.));
#1025 = CARTESIAN_POINT('',(-5.521883986536,4.692257437345,0.));
#1026 = ORIENTED_EDGE('',*,*,#1027,.F.);
#1027 = EDGE_CURVE('',#1028,#1020,#1030,.T.);
#1028 = VERTEX_POINT('',#1029);
#1029 = CARTESIAN_POINT('',(-4.559678105409,5.265195882593,0.));
#1030 = ( BOUNDED_CURVE() B_SPLINE_CURVE(2,(#1031,#1032,#1033),
.UNSPECIFIED.,.F.,.F.) B_SPLINE_CURVE_WITH_KNOTS((3,3),(0.,
2.234397261374),.PIECEWISE_BEZIER_KNOTS.) CURVE() 
GEOMETRIC_REPRESENTATION_ITEM() RATIONAL_B_SPLINE_CURVE((1.,
0.438202247191,1.)) REPRESENTATION_ITEM('') );
#1031 = CARTESIAN_POINT('',(-4.559678105409,5.265195882593,0.));
#1032 = CARTESIAN_POINT('',(-4.188829017402,4.188829017402,0.));
#1033 = CARTESIAN_POINT('',(-5.265195882593,4.559678105409,0.));
#1034 = ORIENTED_EDGE('',*,*,#1035,.F.);
#1035 = EDGE_CURVE('',#1036,#1028,#1038,.T.);
#1036 = VERTEX_POINT('',#1037);
#1037 = CARTESIAN_POINT('',(-4.692257437345,5.521883986536,0.));
#1038 = ( BOUNDED_CURVE() B_SPLINE_CURVE(2,(#1039,#1040,#1041),
.UNSPECIFIED.,.F.,.F.) B_SPLINE_CURVE_WITH_KNOTS((3,3),(0.,
0.289919229054),.PIECEWISE_BEZIER_KNOTS.) CURVE() 
GEOMETRIC_REPRESENTATION_ITEM() RATIONAL_B_SPLINE_CURVE((1.,
0.989511740461,1.)) REPRESENTATION_ITEM('') );
#1039 = CARTESIAN_POINT('',(-4.692257437345,5.521883986536,0.));
#1040 = CARTESIAN_POINT('',(-4.607231646991,5.403217137427,0.));
#1041 = CARTESIAN_POINT('',(-4.559678105409,5.265195882593,0.));
#1042 = ORIENTED_EDGE('',*,*,#1043,.F.);
#1043 = EDGE_CURVE('',#1044,#1036,#1046,.T.);
#1044 = VERTEX_POINT('',#1045);
#1045 = CARTESIAN_POINT('',(-4.665074510663,5.72553608456,0.));
#1046 = ( BOUNDED_CURVE() B_SPLINE_CURVE(2,(#1047,#1048,#1049),
.UNSPECIFIED.,.F.,.F.) B_SPLINE_CURVE_WITH_KNOTS((3,3),(0.,
1.508825302794),.PIECEWISE_BEZIER_KNOTS.) CURVE() 
GEOMETRIC_REPRESENTATION_ITEM() RATIONAL_B_SPLINE_CURVE((1.,
0.728673920883,1.)) REPRESENTATION_ITEM('') );
#1047 = CARTESIAN_POINT('',(-4.665074510663,5.72553608456,0.));
#1048 = CARTESIAN_POINT('',(-4.774369508207,5.636484282309,0.));
#1049 = CARTESIAN_POINT('',(-4.692257437345,5.521883986536,0.));
#1050 = ORIENTED_EDGE('',*,*,#1051,.F.);
#1051 = EDGE_CURVE('',#1052,#1044,#1054,.T.);
#1052 = VERTEX_POINT('',#1053);
#1053 = CARTESIAN_POINT('',(-4.323033043244,5.987993733518,0.));
#1054 = ( BOUNDED_CURVE() B_SPLINE_CURVE(2,(#1055,#1056,#1057),
.UNSPECIFIED.,.F.,.F.) B_SPLINE_CURVE_WITH_KNOTS((3,3),(0.,
5.838450169226E-02),.PIECEWISE_BEZIER_KNOTS.) CURVE() 
GEOMETRIC_REPRESENTATION_ITEM() RATIONAL_B_SPLINE_CURVE((1.,
0.999573936504,1.)) REPRESENTATION_ITEM('') );
#1055 = CARTESIAN_POINT('',(-4.323033043244,5.987993733518,0.));
#1056 = CARTESIAN_POINT('',(-4.497885730292,5.861758807857,0.));
#1057 = CARTESIAN_POINT('',(-4.665074510663,5.72553608456,0.));
#1058 = ORIENTED_EDGE('',*,*,#1059,.F.);
#1059 = EDGE_CURVE('',#1060,#1052,#1062,.T.);
#1060 = VERTEX_POINT('',#1061);
#1061 = CARTESIAN_POINT('',(-4.119284763059,5.961541382891,0.));
#1062 = ( BOUNDED_CURVE() B_SPLINE_CURVE(2,(#1063,#1064,#1065),
.UNSPECIFIED.,.F.,.F.) B_SPLINE_CURVE_WITH_KNOTS((3,3),(0.,
1.508825302794),.PIECEWISE_BEZIER_KNOTS.) CURVE() 
GEOMETRIC_REPRESENTATION_ITEM() RATIONAL_B_SPLINE_CURVE((1.,
0.728673920883,1.)) REPRESENTATION_ITEM('') );
#1063 = CARTESIAN_POINT('',(-4.119284763059,5.961541382891,0.));
#1064 = CARTESIAN_POINT('',(-4.208727980674,6.070516291906,0.));
#1065 = CARTESIAN_POINT('',(-4.323033043244,5.987993733518,0.));
#1066 = ORIENTED_EDGE('',*,*,#1067,.F.);
#1067 = EDGE_CURVE('',#1068,#1060,#1070,.T.);
#1068 = VERTEX_POINT('',#1069);
#1069 = CARTESIAN_POINT('',(-3.905657150251,5.76704381219,0.));
#1070 = ( BOUNDED_CURVE() B_SPLINE_CURVE(2,(#1071,#1072,#1073),
.UNSPECIFIED.,.F.,.F.) B_SPLINE_CURVE_WITH_KNOTS((3,3),(0.,
0.289919229054),.PIECEWISE_BEZIER_KNOTS.) CURVE() 
GEOMETRIC_REPRESENTATION_ITEM() RATIONAL_B_SPLINE_CURVE((1.,
0.989511740461,1.)) REPRESENTATION_ITEM('') );
#1071 = CARTESIAN_POINT('',(-3.905657150251,5.76704381219,0.));
#1072 = CARTESIAN_POINT('',(-4.026667682648,5.848699535515,0.));
#1073 = CARTESIAN_POINT('',(-4.119284763059,5.961541382891,0.));
#1074 = ORIENTED_EDGE('',*,*,#1075,.F.);
#1075 = EDGE_CURVE('',#1076,#1068,#1078,.T.);
#1076 = VERTEX_POINT('',#1077);
#1077 = CARTESIAN_POINT('',(-3.041577870969,6.265920216685,0.));
#1078 = ( BOUNDED_CURVE() B_SPLINE_CURVE(2,(#1079,#1080,#1081),
.UNSPECIFIED.,.F.,.F.) B_SPLINE_CURVE_WITH_KNOTS((3,3),(0.,
2.234397261374),.PIECEWISE_BEZIER_KNOTS.) CURVE() 
GEOMETRIC_REPRESENTATION_ITEM() RATIONAL_B_SPLINE_CURVE((1.,
0.438202247191,1.)) REPRESENTATION_ITEM('') );
#1079 = CARTESIAN_POINT('',(-3.041577870969,6.265920216685,0.));
#1080 = CARTESIAN_POINT('',(-2.961949403436,5.1302468562,0.));
#1081 = CARTESIAN_POINT('',(-3.905657150251,5.76704381219,0.));
#1082 = ORIENTED_EDGE('',*,*,#1083,.F.);
#1083 = EDGE_CURVE('',#1084,#1076,#1086,.T.);
#1084 = VERTEX_POINT('',#1085);
#1085 = CARTESIAN_POINT('',(-3.103203901767,6.548175941677,0.));
#1086 = ( BOUNDED_CURVE() B_SPLINE_CURVE(2,(#1087,#1088,#1089),
.UNSPECIFIED.,.F.,.F.) B_SPLINE_CURVE_WITH_KNOTS((3,3),(0.,
0.289919229054),.PIECEWISE_BEZIER_KNOTS.) CURVE() 
GEOMETRIC_REPRESENTATION_ITEM() RATIONAL_B_SPLINE_CURVE((1.,
0.989511740461,1.)) REPRESENTATION_ITEM('') );
#1087 = CARTESIAN_POINT('',(-3.103203901767,6.548175941677,0.));
#1088 = CARTESIAN_POINT('',(-3.051788535534,6.411546273529,0.));
#1089 = CARTESIAN_POINT('',(-3.041577870969,6.265920216685,0.));
#1090 = ORIENTED_EDGE('',*,*,#1091,.F.);
#1091 = EDGE_CURVE('',#1092,#1084,#1094,.T.);
#1092 = VERTEX_POINT('',#1093);
#1093 = CARTESIAN_POINT('',(-3.024238169307,6.737853303608,0.));
#1094 = ( BOUNDED_CURVE() B_SPLINE_CURVE(2,(#1095,#1096,#1097),
.UNSPECIFIED.,.F.,.F.) B_SPLINE_CURVE_WITH_KNOTS((3,3),(0.,
1.508825302794),.PIECEWISE_BEZIER_KNOTS.) CURVE() 
GEOMETRIC_REPRESENTATION_ITEM() RATIONAL_B_SPLINE_CURVE((1.,
0.728673920883,1.)) REPRESENTATION_ITEM('') );
#1095 = CARTESIAN_POINT('',(-3.024238169307,6.737853303608,0.));
#1096 = CARTESIAN_POINT('',(-3.152857332541,6.680123494835,0.));
#1097 = CARTESIAN_POINT('',(-3.103203901767,6.548175941677,0.));
#1098 = ORIENTED_EDGE('',*,*,#1099,.F.);
#1099 = EDGE_CURVE('',#1100,#1092,#1102,.T.);
#1100 = VERTEX_POINT('',#1101);
#1101 = CARTESIAN_POINT('',(-2.625922444182,6.902841079061,0.));
#1102 = ( BOUNDED_CURVE() B_SPLINE_CURVE(2,(#1103,#1104,#1105),
.UNSPECIFIED.,.F.,.F.) B_SPLINE_CURVE_WITH_KNOTS((3,3),(0.,
5.838450169226E-02),.PIECEWISE_BEZIER_KNOTS.) CURVE() 
GEOMETRIC_REPRESENTATION_ITEM() RATIONAL_B_SPLINE_CURVE((1.,
0.999573936504,1.)) REPRESENTATION_ITEM('') );
#1103 = CARTESIAN_POINT('',(-2.625922444182,6.902841079061,0.));
#1104 = CARTESIAN_POINT('',(-2.827489173315,6.826162709681,0.));
#1105 = CARTESIAN_POINT('',(-3.024238169307,6.737853303608,0.));
#1106 = ORIENTED_EDGE('',*,*,#1107,.F.);
#1107 = EDGE_CURVE('',#1108,#1100,#1110,.T.);
#1108 = VERTEX_POINT('',#1109);
#1109 = CARTESIAN_POINT('',(-2.435963090418,6.824556135106,0.));
#1110 = ( BOUNDED_CURVE() B_SPLINE_CURVE(2,(#1111,#1112,#1113),
.UNSPECIFIED.,.F.,.F.) B_SPLINE_CURVE_WITH_KNOTS((3,3),(0.,
1.508825302794),.PIECEWISE_BEZIER_KNOTS.) CURVE() 
GEOMETRIC_REPRESENTATION_ITEM() RATIONAL_B_SPLINE_CURVE((1.,
0.728673920883,1.)) REPRESENTATION_ITEM('') );
#1111 = CARTESIAN_POINT('',(-2.435963090418,6.824556135106,0.));
#1112 = CARTESIAN_POINT('',(-2.494153822408,6.952967422315,0.));
#1113 = CARTESIAN_POINT('',(-2.625922444182,6.902841079061,0.));
#1114 = ORIENTED_EDGE('',*,*,#1115,.F.);
#1115 = EDGE_CURVE('',#1116,#1108,#1118,.T.);
#1116 = VERTEX_POINT('',#1117);
#1117 = CARTESIAN_POINT('',(-2.279954337522,6.581395013661,0.));
#1118 = ( BOUNDED_CURVE() B_SPLINE_CURVE(2,(#1119,#1120,#1121),
.UNSPECIFIED.,.F.,.F.) B_SPLINE_CURVE_WITH_KNOTS((3,3),(0.,
0.289919229054),.PIECEWISE_BEZIER_KNOTS.) CURVE() 
GEOMETRIC_REPRESENTATION_ITEM() RATIONAL_B_SPLINE_CURVE((1.,
0.989511740461,1.)) REPRESENTATION_ITEM('') );
#1119 = CARTESIAN_POINT('',(-2.279954337522,6.581395013661,0.));
#1120 = CARTESIAN_POINT('',(-2.37570747968,6.691588216127,0.));
#1121 = CARTESIAN_POINT('',(-2.435963090418,6.824556135106,0.));
#1122 = ORIENTED_EDGE('',*,*,#1123,.F.);
#1123 = EDGE_CURVE('',#1124,#1116,#1126,.T.);
#1124 = VERTEX_POINT('',#1125);
#1125 = CARTESIAN_POINT('',(-1.316199131068,6.839632442932,0.));
#1126 = ( BOUNDED_CURVE() B_SPLINE_CURVE(2,(#1127,#1128,#1129),
.UNSPECIFIED.,.F.,.F.) B_SPLINE_CURVE_WITH_KNOTS((3,3),(0.,
2.234397261374),.PIECEWISE_BEZIER_KNOTS.) CURVE() 
GEOMETRIC_REPRESENTATION_ITEM() RATIONAL_B_SPLINE_CURVE((1.,
0.438202247191,1.)) REPRESENTATION_ITEM('') );
#1127 = CARTESIAN_POINT('',(-1.316199131068,6.839632442932,0.));
#1128 = CARTESIAN_POINT('',(-1.533217832479,5.722046849881,0.));
#1129 = CARTESIAN_POINT('',(-2.279954337522,6.581395013661,0.));
#1130 = ORIENTED_EDGE('',*,*,#1131,.F.);
#1131 = EDGE_CURVE('',#1132,#1124,#1134,.T.);
#1132 = VERTEX_POINT('',#1133);
#1133 = CARTESIAN_POINT('',(-1.302672148569,7.128220527764,0.));
#1134 = ( BOUNDED_CURVE() B_SPLINE_CURVE(2,(#1135,#1136,#1137),
.UNSPECIFIED.,.F.,.F.) B_SPLINE_CURVE_WITH_KNOTS((3,3),(0.,
0.289919229054),.PIECEWISE_BEZIER_KNOTS.) CURVE() 
GEOMETRIC_REPRESENTATION_ITEM() RATIONAL_B_SPLINE_CURVE((1.,
0.989511740461,1.)) REPRESENTATION_ITEM('') );
#1135 = CARTESIAN_POINT('',(-1.302672148569,7.128220527764,0.));
#1136 = CARTESIAN_POINT('',(-1.2883710787,6.982939126671,0.));
#1137 = CARTESIAN_POINT('',(-1.316199131068,6.839632442932,0.));
#1138 = ORIENTED_EDGE('',*,*,#1139,.F.);
#1139 = EDGE_CURVE('',#1140,#1132,#1142,.T.);
#1140 = VERTEX_POINT('',#1141);
#1141 = CARTESIAN_POINT('',(-1.177304994502,7.290996954845,0.));
#1142 = ( BOUNDED_CURVE() B_SPLINE_CURVE(2,(#1143,#1144,#1145),
.UNSPECIFIED.,.F.,.F.) B_SPLINE_CURVE_WITH_KNOTS((3,3),(0.,
1.508825302794),.PIECEWISE_BEZIER_KNOTS.) CURVE() 
GEOMETRIC_REPRESENTATION_ITEM() RATIONAL_B_SPLINE_CURVE((1.,
0.728673920883,1.)) REPRESENTATION_ITEM('') );
#1143 = CARTESIAN_POINT('',(-1.177304994502,7.290996954845,0.));
#1144 = CARTESIAN_POINT('',(-1.316483140006,7.268523330614,0.));
#1145 = CARTESIAN_POINT('',(-1.302672148569,7.128220527764,0.));
#1146 = ORIENTED_EDGE('',*,*,#1147,.F.);
#1147 = EDGE_CURVE('',#1148,#1140,#1150,.T.);
#1148 = VERTEX_POINT('',#1149);
#1149 = CARTESIAN_POINT('',(-0.74985957009,7.347271212551,0.));
#1150 = CIRCLE('',#1151,7.385437268412);
#1151 = AXIS2_PLACEMENT_3D('',#1152,#1153,#1154);
#1152 = CARTESIAN_POINT('',(1.5687E-13,-1.2319E-12,0.));
#1153 = DIRECTION('',(0.,0.,1.));
#1154 = DIRECTION('',(-0.101532183246,0.994832255089,0.));
#1155 = ORIENTED_EDGE('',*,*,#1156,.F.);
#1156 = EDGE_CURVE('',#1157,#1148,#1159,.T.);
#1157 = VERTEX_POINT('',#1158);
#1158 = CARTESIAN_POINT('',(-0.586634558785,7.222488664825,0.));
#1159 = CIRCLE('',#1160,0.15);
#1160 = AXIS2_PLACEMENT_3D('',#1161,#1162,#1163);
#1161 = CARTESIAN_POINT('',(-0.734629742603,7.198046374287,0.));
#1162 = DIRECTION('',(0.,-0.,1.));
#1163 = DIRECTION('',(0.986634558785,0.162948603586,0.));
#1164 = ORIENTED_EDGE('',*,*,#1165,.F.);
#1165 = EDGE_CURVE('',#1166,#1157,#1168,.T.);
#1166 = VERTEX_POINT('',#1167);
#1167 = CARTESIAN_POINT('',(-0.498876404494,6.94723502122,0.));
#1168 = CIRCLE('',#1169,1.);
#1169 = AXIS2_PLACEMENT_3D('',#1170,#1171,#1172);
#1170 = CARTESIAN_POINT('',(0.4,7.385437268411,0.));
#1171 = DIRECTION('',(0.,0.,-1.));
#1172 = DIRECTION('',(-0.898876404494,-0.438202247191,-0.));
#1173 = ORIENTED_EDGE('',*,*,#1174,.F.);
#1174 = EDGE_CURVE('',#1175,#1166,#1177,.T.);
#1175 = VERTEX_POINT('',#1176);
#1176 = CARTESIAN_POINT('',(0.498876404494,6.94723502122,0.));
#1177 = CIRCLE('',#1178,0.555);
#1178 = AXIS2_PLACEMENT_3D('',#1179,#1180,#1181);
#1179 = CARTESIAN_POINT('',(0.,7.190437268411,0.));
#1180 = DIRECTION('',(0.,-0.,-1.));
#1181 = DIRECTION('',(0.898876404494,-0.438202247191,0.));
#1182 = ORIENTED_EDGE('',*,*,#1183,.F.);
#1183 = EDGE_CURVE('',#35,#1175,#1184,.T.);
#1184 = CIRCLE('',#1185,1.);
#1185 = AXIS2_PLACEMENT_3D('',#1186,#1187,#1188);
#1186 = CARTESIAN_POINT('',(-0.4,7.385437268411,0.));
#1187 = DIRECTION('',(0.,0.,-1.));
#1188 = DIRECTION('',(0.986634558785,-0.162948603586,0.));
#1189 = PLANE('',#1190);
#1190 = AXIS2_PLACEMENT_3D('',#1191,#1192,#1193);
#1191 = CARTESIAN_POINT('',(-5.1E-16,-2.E-17,0.));
#1192 = DIRECTION('',(0.,0.,1.));
#1193 = DIRECTION('',(1.,0.,0.));
#1194 = ADVANCED_FACE('',(#1195),#1214,.T.);
#1195 = FACE_BOUND('',#1196,.T.);
#1196 = EDGE_LOOP('',(#1197,#1205,#1206,#1207));
#1197 = ORIENTED_EDGE('',*,*,#1198,.F.);
#1198 = EDGE_CURVE('',#22,#1199,#1201,.T.);
#1199 = VERTEX_POINT('',#1200);
#1200 = CARTESIAN_POINT('',(8.,0.,-0.5));
#1201 = LINE('',#1202,#1203);
#1202 = CARTESIAN_POINT('',(8.,0.,-0.5));
#1203 = VECTOR('',#1204,1.);
#1204 = DIRECTION('',(0.707106781187,0.,-0.707106781187));
#1205 = ORIENTED_EDGE('',*,*,#21,.T.);
#1206 = ORIENTED_EDGE('',*,*,#1198,.T.);
#1207 = ORIENTED_EDGE('',*,*,#1208,.F.);
#1208 = EDGE_CURVE('',#1199,#1199,#1209,.T.);
#1209 = CIRCLE('',#1210,8.);
#1210 = AXIS2_PLACEMENT_3D('',#1211,#1212,#1213);
#1211 = CARTESIAN_POINT('',(0.,0.,-0.5));
#1212 = DIRECTION('',(0.,0.,-1.));
#1213 = DIRECTION('',(1.,0.,0.));
#1214 = CONICAL_SURFACE('',#1215,8.,0.785398163397);
#1215 = AXIS2_PLACEMENT_3D('',#1216,#1217,#1218);
#1216 = CARTESIAN_POINT('',(0.,0.,-0.5));
#1217 = DIRECTION('',(-0.,-0.,-1.));
#1218 = DIRECTION('',(1.,0.,0.));
#1219 = ADVANCED_FACE('',(#1220),#1246,.T.);
#1220 = FACE_BOUND('',#1221,.F.);
#1221 = EDGE_LOOP('',(#1222,#1230,#1239,#1245));
#1222 = ORIENTED_EDGE('',*,*,#1223,.T.);
#1223 = EDGE_CURVE('',#33,#1224,#1226,.T.);
#1224 = VERTEX_POINT('',#1225);
#1225 = CARTESIAN_POINT('',(0.74985957009,7.347271212551,7.));
#1226 = LINE('',#1227,#1228);
#1227 = CARTESIAN_POINT('',(0.74985957009,7.347271212551,0.));
#1228 = VECTOR('',#1229,1.);
#1229 = DIRECTION('',(0.,0.,1.));
#1230 = ORIENTED_EDGE('',*,*,#1231,.T.);
#1231 = EDGE_CURVE('',#1224,#1232,#1234,.T.);
#1232 = VERTEX_POINT('',#1233);
#1233 = CARTESIAN_POINT('',(0.586634558785,7.222488664825,7.));
#1234 = CIRCLE('',#1235,0.15);
#1235 = AXIS2_PLACEMENT_3D('',#1236,#1237,#1238);
#1236 = CARTESIAN_POINT('',(0.734629742603,7.198046374287,7.));
#1237 = DIRECTION('',(0.,-0.,1.));
#1238 = DIRECTION('',(0.101532183246,0.994832255089,0.));
#1239 = ORIENTED_EDGE('',*,*,#1240,.F.);
#1240 = EDGE_CURVE('',#35,#1232,#1241,.T.);
#1241 = LINE('',#1242,#1243);
#1242 = CARTESIAN_POINT('',(0.586634558785,7.222488664825,0.));
#1243 = VECTOR('',#1244,1.);
#1244 = DIRECTION('',(0.,0.,1.));
#1245 = ORIENTED_EDGE('',*,*,#32,.F.);
#1246 = CYLINDRICAL_SURFACE('',#1247,0.15);
#1247 = AXIS2_PLACEMENT_3D('',#1248,#1249,#1250);
#1248 = CARTESIAN_POINT('',(0.734629742603,7.198046374287,0.));
#1249 = DIRECTION('',(-0.,-0.,-1.));
#1250 = DIRECTION('',(0.101532183246,0.994832255089,0.));
#1251 = ADVANCED_FACE('',(#1252),#1271,.F.);
#1252 = FACE_BOUND('',#1253,.F.);
#1253 = EDGE_LOOP('',(#1254,#1255,#1264,#1270));
#1254 = ORIENTED_EDGE('',*,*,#1240,.T.);
#1255 = ORIENTED_EDGE('',*,*,#1256,.T.);
#1256 = EDGE_CURVE('',#1232,#1257,#1259,.T.);
#1257 = VERTEX_POINT('',#1258);
#1258 = CARTESIAN_POINT('',(0.498876404494,6.94723502122,7.));
#1259 = CIRCLE('',#1260,1.);
#1260 = AXIS2_PLACEMENT_3D('',#1261,#1262,#1263);
#1261 = CARTESIAN_POINT('',(-0.4,7.385437268411,7.));
#1262 = DIRECTION('',(0.,0.,-1.));
#1263 = DIRECTION('',(0.986634558785,-0.162948603586,0.));
#1264 = ORIENTED_EDGE('',*,*,#1265,.F.);
#1265 = EDGE_CURVE('',#1175,#1257,#1266,.T.);
#1266 = LINE('',#1267,#1268);
#1267 = CARTESIAN_POINT('',(0.498876404494,6.94723502122,0.));
#1268 = VECTOR('',#1269,1.);
#1269 = DIRECTION('',(0.,0.,1.));
#1270 = ORIENTED_EDGE('',*,*,#1183,.F.);
#1271 = CYLINDRICAL_SURFACE('',#1272,1.);
#1272 = AXIS2_PLACEMENT_3D('',#1273,#1274,#1275);
#1273 = CARTESIAN_POINT('',(-0.4,7.385437268411,0.));
#1274 = DIRECTION('',(0.,0.,-1.));
#1275 = DIRECTION('',(0.986634558785,-0.162948603586,0.));
#1276 = ADVANCED_FACE('',(#1277),#1296,.F.);
#1277 = FACE_BOUND('',#1278,.F.);
#1278 = EDGE_LOOP('',(#1279,#1280,#1289,#1295));
#1279 = ORIENTED_EDGE('',*,*,#1265,.T.);
#1280 = ORIENTED_EDGE('',*,*,#1281,.T.);
#1281 = EDGE_CURVE('',#1257,#1282,#1284,.T.);
#1282 = VERTEX_POINT('',#1283);
#1283 = CARTESIAN_POINT('',(-0.498876404494,6.94723502122,7.));
#1284 = CIRCLE('',#1285,0.555);
#1285 = AXIS2_PLACEMENT_3D('',#1286,#1287,#1288);
#1286 = CARTESIAN_POINT('',(0.,7.190437268411,7.));
#1287 = DIRECTION('',(0.,-0.,-1.));
#1288 = DIRECTION('',(0.898876404494,-0.438202247191,0.));
#1289 = ORIENTED_EDGE('',*,*,#1290,.F.);
#1290 = EDGE_CURVE('',#1166,#1282,#1291,.T.);
#1291 = LINE('',#1292,#1293);
#1292 = CARTESIAN_POINT('',(-0.498876404494,6.94723502122,0.));
#1293 = VECTOR('',#1294,1.);
#1294 = DIRECTION('',(0.,0.,1.));
#1295 = ORIENTED_EDGE('',*,*,#1174,.F.);
#1296 = CYLINDRICAL_SURFACE('',#1297,0.555);
#1297 = AXIS2_PLACEMENT_3D('',#1298,#1299,#1300);
#1298 = CARTESIAN_POINT('',(0.,7.190437268411,0.));
#1299 = DIRECTION('',(0.,0.,-1.));
#1300 = DIRECTION('',(0.898876404494,-0.438202247191,0.));
#1301 = ADVANCED_FACE('',(#1302),#1321,.F.);
#1302 = FACE_BOUND('',#1303,.F.);
#1303 = EDGE_LOOP('',(#1304,#1305,#1314,#1320));
#1304 = ORIENTED_EDGE('',*,*,#1290,.T.);
#1305 = ORIENTED_EDGE('',*,*,#1306,.T.);
#1306 = EDGE_CURVE('',#1282,#1307,#1309,.T.);
#1307 = VERTEX_POINT('',#1308);
#1308 = CARTESIAN_POINT('',(-0.586634558785,7.222488664825,7.));
#1309 = CIRCLE('',#1310,1.);
#1310 = AXIS2_PLACEMENT_3D('',#1311,#1312,#1313);
#1311 = CARTESIAN_POINT('',(0.4,7.385437268411,7.));
#1312 = DIRECTION('',(0.,0.,-1.));
#1313 = DIRECTION('',(-0.898876404494,-0.438202247191,-0.));
#1314 = ORIENTED_EDGE('',*,*,#1315,.F.);
#1315 = EDGE_CURVE('',#1157,#1307,#1316,.T.);
#1316 = LINE('',#1317,#1318);
#1317 = CARTESIAN_POINT('',(-0.586634558785,7.222488664825,0.));
#1318 = VECTOR('',#1319,1.);
#1319 = DIRECTION('',(0.,0.,1.));
#1320 = ORIENTED_EDGE('',*,*,#1165,.F.);
#1321 = CYLINDRICAL_SURFACE('',#1322,1.);
#1322 = AXIS2_PLACEMENT_3D('',#1323,#1324,#1325);
#1323 = CARTESIAN_POINT('',(0.4,7.385437268411,0.));
#1324 = DIRECTION('',(0.,0.,-1.));
#1325 = DIRECTION('',(-0.898876404494,-0.438202247191,-0.));
#1326 = ADVANCED_FACE('',(#1327),#1346,.T.);
#1327 = FACE_BOUND('',#1328,.F.);
#1328 = EDGE_LOOP('',(#1329,#1330,#1339,#1345));
#1329 = ORIENTED_EDGE('',*,*,#1315,.T.);
#1330 = ORIENTED_EDGE('',*,*,#1331,.T.);
#1331 = EDGE_CURVE('',#1307,#1332,#1334,.T.);
#1332 = VERTEX_POINT('',#1333);
#1333 = CARTESIAN_POINT('',(-0.74985957009,7.347271212551,7.));
#1334 = CIRCLE('',#1335,0.15);
#1335 = AXIS2_PLACEMENT_3D('',#1336,#1337,#1338);
#1336 = CARTESIAN_POINT('',(-0.734629742603,7.198046374287,7.));
#1337 = DIRECTION('',(0.,-0.,1.));
#1338 = DIRECTION('',(0.986634558785,0.162948603586,0.));
#1339 = ORIENTED_EDGE('',*,*,#1340,.F.);
#1340 = EDGE_CURVE('',#1148,#1332,#1341,.T.);
#1341 = LINE('',#1342,#1343);
#1342 = CARTESIAN_POINT('',(-0.74985957009,7.347271212551,0.));
#1343 = VECTOR('',#1344,1.);
#1344 = DIRECTION('',(0.,0.,1.));
#1345 = ORIENTED_EDGE('',*,*,#1156,.F.);
#1346 = CYLINDRICAL_SURFACE('',#1347,0.15);
#1347 = AXIS2_PLACEMENT_3D('',#1348,#1349,#1350);
#1348 = CARTESIAN_POINT('',(-0.734629742603,7.198046374287,0.));
#1349 = DIRECTION('',(-0.,-0.,-1.));
#1350 = DIRECTION('',(0.986634558785,0.162948603586,0.));
#1351 = ADVANCED_FACE('',(#1352),#1371,.T.);
#1352 = FACE_BOUND('',#1353,.F.);
#1353 = EDGE_LOOP('',(#1354,#1355,#1364,#1370));
#1354 = ORIENTED_EDGE('',*,*,#1340,.T.);
#1355 = ORIENTED_EDGE('',*,*,#1356,.T.);
#1356 = EDGE_CURVE('',#1332,#1357,#1359,.T.);
#1357 = VERTEX_POINT('',#1358);
#1358 = CARTESIAN_POINT('',(-1.177304994502,7.290996954845,7.));
#1359 = CIRCLE('',#1360,7.385437268412);
#1360 = AXIS2_PLACEMENT_3D('',#1361,#1362,#1363);
#1361 = CARTESIAN_POINT('',(1.5687E-13,-1.2319E-12,7.));
#1362 = DIRECTION('',(0.,0.,1.));
#1363 = DIRECTION('',(-0.101532183246,0.994832255089,0.));
#1364 = ORIENTED_EDGE('',*,*,#1365,.F.);
#1365 = EDGE_CURVE('',#1140,#1357,#1366,.T.);
#1366 = LINE('',#1367,#1368);
#1367 = CARTESIAN_POINT('',(-1.177304994502,7.290996954845,0.));
#1368 = VECTOR('',#1369,1.);
#1369 = DIRECTION('',(0.,0.,1.));
#1370 = ORIENTED_EDGE('',*,*,#1147,.F.);
#1371 = CYLINDRICAL_SURFACE('',#1372,7.385437268412);
#1372 = AXIS2_PLACEMENT_3D('',#1373,#1374,#1375);
#1373 = CARTESIAN_POINT('',(1.5687E-13,-1.2319E-12,0.));
#1374 = DIRECTION('',(-0.,-0.,-1.));
#1375 = DIRECTION('',(-0.101532183246,0.994832255089,0.));
#1376 = ADVANCED_FACE('',(#1377),#1395,.F.);
#1377 = FACE_BOUND('',#1378,.F.);
#1378 = EDGE_LOOP('',(#1379,#1380,#1388,#1394));
#1379 = ORIENTED_EDGE('',*,*,#1365,.T.);
#1380 = ORIENTED_EDGE('',*,*,#1381,.T.);
#1381 = EDGE_CURVE('',#1357,#1382,#1384,.T.);
#1382 = VERTEX_POINT('',#1383);
#1383 = CARTESIAN_POINT('',(-1.302672148569,7.128220527764,7.));
#1384 = ( BOUNDED_CURVE() B_SPLINE_CURVE(2,(#1385,#1386,#1387),
.UNSPECIFIED.,.F.,.F.) B_SPLINE_CURVE_WITH_KNOTS((3,3),(0.,
1.508825302794),.PIECEWISE_BEZIER_KNOTS.) CURVE() 
GEOMETRIC_REPRESENTATION_ITEM() RATIONAL_B_SPLINE_CURVE((1.,
0.728673920883,1.)) REPRESENTATION_ITEM('') );
#1385 = CARTESIAN_POINT('',(-1.177304994502,7.290996954845,7.));
#1386 = CARTESIAN_POINT('',(-1.316483140006,7.268523330614,7.));
#1387 = CARTESIAN_POINT('',(-1.302672148569,7.128220527764,7.));
#1388 = ORIENTED_EDGE('',*,*,#1389,.F.);
#1389 = EDGE_CURVE('',#1132,#1382,#1390,.T.);
#1390 = LINE('',#1391,#1392);
#1391 = CARTESIAN_POINT('',(-1.302672148569,7.128220527764,0.));
#1392 = VECTOR('',#1393,1.);
#1393 = DIRECTION('',(0.,0.,1.));
#1394 = ORIENTED_EDGE('',*,*,#1139,.F.);
#1395 = SURFACE_OF_LINEAR_EXTRUSION('',#1396,#1400);
#1396 = ( BOUNDED_CURVE() B_SPLINE_CURVE(2,(#1397,#1398,#1399),
.UNSPECIFIED.,.F.,.F.) B_SPLINE_CURVE_WITH_KNOTS((3,3),(0.,
1.508825302794),.PIECEWISE_BEZIER_KNOTS.) CURVE() 
GEOMETRIC_REPRESENTATION_ITEM() RATIONAL_B_SPLINE_CURVE((1.,
0.728673920883,1.)) REPRESENTATION_ITEM('') );
#1397 = CARTESIAN_POINT('',(-1.177304994502,7.290996954845,0.));
#1398 = CARTESIAN_POINT('',(-1.316483140006,7.268523330614,0.));
#1399 = CARTESIAN_POINT('',(-1.302672148569,7.128220527764,0.));
#1400 = VECTOR('',#1401,1.);
#1401 = DIRECTION('',(-0.,-0.,-1.));
#1402 = ADVANCED_FACE('',(#1403),#1421,.F.);
#1403 = FACE_BOUND('',#1404,.F.);
#1404 = EDGE_LOOP('',(#1405,#1406,#1414,#1420));
#1405 = ORIENTED_EDGE('',*,*,#1389,.T.);
#1406 = ORIENTED_EDGE('',*,*,#1407,.T.);
#1407 = EDGE_CURVE('',#1382,#1408,#1410,.T.);
#1408 = VERTEX_POINT('',#1409);
#1409 = CARTESIAN_POINT('',(-1.316199131068,6.839632442932,7.));
#1410 = ( BOUNDED_CURVE() B_SPLINE_CURVE(2,(#1411,#1412,#1413),
.UNSPECIFIED.,.F.,.F.) B_SPLINE_CURVE_WITH_KNOTS((3,3),(0.,
0.289919229054),.PIECEWISE_BEZIER_KNOTS.) CURVE() 
GEOMETRIC_REPRESENTATION_ITEM() RATIONAL_B_SPLINE_CURVE((1.,
0.989511740461,1.)) REPRESENTATION_ITEM('') );
#1411 = CARTESIAN_POINT('',(-1.302672148569,7.128220527764,7.));
#1412 = CARTESIAN_POINT('',(-1.2883710787,6.982939126671,7.));
#1413 = CARTESIAN_POINT('',(-1.316199131068,6.839632442932,7.));
#1414 = ORIENTED_EDGE('',*,*,#1415,.F.);
#1415 = EDGE_CURVE('',#1124,#1408,#1416,.T.);
#1416 = LINE('',#1417,#1418);
#1417 = CARTESIAN_POINT('',(-1.316199131068,6.839632442932,0.));
#1418 = VECTOR('',#1419,1.);
#1419 = DIRECTION('',(0.,0.,1.));
#1420 = ORIENTED_EDGE('',*,*,#1131,.F.);
#1421 = SURFACE_OF_LINEAR_EXTRUSION('',#1422,#1426);
#1422 = ( BOUNDED_CURVE() B_SPLINE_CURVE(2,(#1423,#1424,#1425),
.UNSPECIFIED.,.F.,.F.) B_SPLINE_CURVE_WITH_KNOTS((3,3),(0.,
0.289919229054),.PIECEWISE_BEZIER_KNOTS.) CURVE() 
GEOMETRIC_REPRESENTATION_ITEM() RATIONAL_B_SPLINE_CURVE((1.,
0.989511740461,1.)) REPRESENTATION_ITEM('') );
#1423 = CARTESIAN_POINT('',(-1.302672148569,7.128220527764,0.));
#1424 = CARTESIAN_POINT('',(-1.2883710787,6.982939126671,0.));
#1425 = CARTESIAN_POINT('',(-1.316199131068,6.839632442932,0.));
#1426 = VECTOR('',#1427,1.);
#1427 = DIRECTION('',(-0.,-0.,-1.));
#1428 = ADVANCED_FACE('',(#1429),#1447,.F.);
#1429 = FACE_BOUND('',#1430,.F.);
#1430 = EDGE_LOOP('',(#1431,#1432,#1440,#1446));
#1431 = ORIENTED_EDGE('',*,*,#1415,.T.);
#1432 = ORIENTED_EDGE('',*,*,#1433,.T.);
#1433 = EDGE_CURVE('',#1408,#1434,#1436,.T.);
#1434 = VERTEX_POINT('',#1435);
#1435 = CARTESIAN_POINT('',(-2.279954337522,6.581395013661,7.));
#1436 = ( BOUNDED_CURVE() B_SPLINE_CURVE(2,(#1437,#1438,#1439),
.UNSPECIFIED.,.F.,.F.) B_SPLINE_CURVE_WITH_KNOTS((3,3),(0.,
2.234397261374),.PIECEWISE_BEZIER_KNOTS.) CURVE() 
GEOMETRIC_REPRESENTATION_ITEM() RATIONAL_B_SPLINE_CURVE((1.,
0.438202247191,1.)) REPRESENTATION_ITEM('') );
#1437 = CARTESIAN_POINT('',(-1.316199131068,6.839632442932,7.));
#1438 = CARTESIAN_POINT('',(-1.533217832479,5.722046849881,7.));
#1439 = CARTESIAN_POINT('',(-2.279954337522,6.581395013661,7.));
#1440 = ORIENTED_EDGE('',*,*,#1441,.F.);
#1441 = EDGE_CURVE('',#1116,#1434,#1442,.T.);
#1442 = LINE('',#1443,#1444);
#1443 = CARTESIAN_POINT('',(-2.279954337522,6.581395013661,0.));
#1444 = VECTOR('',#1445,1.);
#1445 = DIRECTION('',(0.,0.,1.));
#1446 = ORIENTED_EDGE('',*,*,#1123,.F.);
#1447 = SURFACE_OF_LINEAR_EXTRUSION('',#1448,#1452);
#1448 = ( BOUNDED_CURVE() B_SPLINE_CURVE(2,(#1449,#1450,#1451),
.UNSPECIFIED.,.F.,.F.) B_SPLINE_CURVE_WITH_KNOTS((3,3),(0.,
2.234397261374),.PIECEWISE_BEZIER_KNOTS.) CURVE() 
GEOMETRIC_REPRESENTATION_ITEM() RATIONAL_B_SPLINE_CURVE((1.,
0.438202247191,1.)) REPRESENTATION_ITEM('') );
#1449 = CARTESIAN_POINT('',(-1.316199131068,6.839632442932,0.));
#1450 = CARTESIAN_POINT('',(-1.533217832479,5.722046849881,0.));
#1451 = CARTESIAN_POINT('',(-2.279954337522,6.581395013661,0.));
#1452 = VECTOR('',#1453,1.);
#1453 = DIRECTION('',(-0.,-0.,-1.));
#1454 = ADVANCED_FACE('',(#1455),#1473,.F.);
#1455 = FACE_BOUND('',#1456,.F.);
#1456 = EDGE_LOOP('',(#1457,#1458,#1466,#1472));
#1457 = ORIENTED_EDGE('',*,*,#1441,.T.);
#1458 = ORIENTED_EDGE('',*,*,#1459,.T.);
#1459 = EDGE_CURVE('',#1434,#1460,#1462,.T.);
#1460 = VERTEX_POINT('',#1461);
#1461 = CARTESIAN_POINT('',(-2.435963090418,6.824556135106,7.));
#1462 = ( BOUNDED_CURVE() B_SPLINE_CURVE(2,(#1463,#1464,#1465),
.UNSPECIFIED.,.F.,.F.) B_SPLINE_CURVE_WITH_KNOTS((3,3),(0.,
0.289919229054),.PIECEWISE_BEZIER_KNOTS.) CURVE() 
GEOMETRIC_REPRESENTATION_ITEM() RATIONAL_B_SPLINE_CURVE((1.,
0.989511740461,1.)) REPRESENTATION_ITEM('') );
#1463 = CARTESIAN_POINT('',(-2.279954337522,6.581395013661,7.));
#1464 = CARTESIAN_POINT('',(-2.37570747968,6.691588216127,7.));
#1465 = CARTESIAN_POINT('',(-2.435963090418,6.824556135106,7.));
#1466 = ORIENTED_EDGE('',*,*,#1467,.F.);
#1467 = EDGE_CURVE('',#1108,#1460,#1468,.T.);
#1468 = LINE('',#1469,#1470);
#1469 = CARTESIAN_POINT('',(-2.435963090418,6.824556135106,0.));
#1470 = VECTOR('',#1471,1.);
#1471 = DIRECTION('',(0.,0.,1.));
#1472 = ORIENTED_EDGE('',*,*,#1115,.F.);
#1473 = SURFACE_OF_LINEAR_EXTRUSION('',#1474,#1478);
#1474 = ( BOUNDED_CURVE() B_SPLINE_CURVE(2,(#1475,#1476,#1477),
.UNSPECIFIED.,.F.,.F.) B_SPLINE_CURVE_WITH_KNOTS((3,3),(0.,
0.289919229054),.PIECEWISE_BEZIER_KNOTS.) CURVE() 
GEOMETRIC_REPRESENTATION_ITEM() RATIONAL_B_SPLINE_CURVE((1.,
0.989511740461,1.)) REPRESENTATION_ITEM('') );
#1475 = CARTESIAN_POINT('',(-2.279954337522,6.581395013661,0.));
#1476 = CARTESIAN_POINT('',(-2.37570747968,6.691588216127,0.));
#1477 = CARTESIAN_POINT('',(-2.435963090418,6.824556135106,0.));
#1478 = VECTOR('',#1479,1.);
#1479 = DIRECTION('',(-0.,-0.,-1.));
#1480 = ADVANCED_FACE('',(#1481),#1499,.F.);
#1481 = FACE_BOUND('',#1482,.F.);
#1482 = EDGE_LOOP('',(#1483,#1484,#1492,#1498));
#1483 = ORIENTED_EDGE('',*,*,#1467,.T.);
#1484 = ORIENTED_EDGE('',*,*,#1485,.T.);
#1485 = EDGE_CURVE('',#1460,#1486,#1488,.T.);
#1486 = VERTEX_POINT('',#1487);
#1487 = CARTESIAN_POINT('',(-2.625922444182,6.902841079061,7.));
#1488 = ( BOUNDED_CURVE() B_SPLINE_CURVE(2,(#1489,#1490,#1491),
.UNSPECIFIED.,.F.,.F.) B_SPLINE_CURVE_WITH_KNOTS((3,3),(0.,
1.508825302794),.PIECEWISE_BEZIER_KNOTS.) CURVE() 
GEOMETRIC_REPRESENTATION_ITEM() RATIONAL_B_SPLINE_CURVE((1.,
0.728673920883,1.)) REPRESENTATION_ITEM('') );
#1489 = CARTESIAN_POINT('',(-2.435963090418,6.824556135106,7.));
#1490 = CARTESIAN_POINT('',(-2.494153822408,6.952967422315,7.));
#1491 = CARTESIAN_POINT('',(-2.625922444182,6.902841079061,7.));
#1492 = ORIENTED_EDGE('',*,*,#1493,.F.);
#1493 = EDGE_CURVE('',#1100,#1486,#1494,.T.);
#1494 = LINE('',#1495,#1496);
#1495 = CARTESIAN_POINT('',(-2.625922444182,6.902841079061,0.));
#1496 = VECTOR('',#1497,1.);
#1497 = DIRECTION('',(0.,0.,1.));
#1498 = ORIENTED_EDGE('',*,*,#1107,.F.);
#1499 = SURFACE_OF_LINEAR_EXTRUSION('',#1500,#1504);
#1500 = ( BOUNDED_CURVE() B_SPLINE_CURVE(2,(#1501,#1502,#1503),
.UNSPECIFIED.,.F.,.F.) B_SPLINE_CURVE_WITH_KNOTS((3,3),(0.,
1.508825302794),.PIECEWISE_BEZIER_KNOTS.) CURVE() 
GEOMETRIC_REPRESENTATION_ITEM() RATIONAL_B_SPLINE_CURVE((1.,
0.728673920883,1.)) REPRESENTATION_ITEM('') );
#1501 = CARTESIAN_POINT('',(-2.435963090418,6.824556135106,0.));
#1502 = CARTESIAN_POINT('',(-2.494153822408,6.952967422315,0.));
#1503 = CARTESIAN_POINT('',(-2.625922444182,6.902841079061,0.));
#1504 = VECTOR('',#1505,1.);
#1505 = DIRECTION('',(-0.,-0.,-1.));
#1506 = ADVANCED_FACE('',(#1507),#1525,.F.);
#1507 = FACE_BOUND('',#1508,.F.);
#1508 = EDGE_LOOP('',(#1509,#1510,#1518,#1524));
#1509 = ORIENTED_EDGE('',*,*,#1493,.T.);
#1510 = ORIENTED_EDGE('',*,*,#1511,.T.);
#1511 = EDGE_CURVE('',#1486,#1512,#1514,.T.);
#1512 = VERTEX_POINT('',#1513);
#1513 = CARTESIAN_POINT('',(-3.024238169307,6.737853303608,7.));
#1514 = ( BOUNDED_CURVE() B_SPLINE_CURVE(2,(#1515,#1516,#1517),
.UNSPECIFIED.,.F.,.F.) B_SPLINE_CURVE_WITH_KNOTS((3,3),(0.,
5.838450169226E-02),.PIECEWISE_BEZIER_KNOTS.) CURVE() 
GEOMETRIC_REPRESENTATION_ITEM() RATIONAL_B_SPLINE_CURVE((1.,
0.999573936504,1.)) REPRESENTATION_ITEM('') );
#1515 = CARTESIAN_POINT('',(-2.625922444182,6.902841079061,7.));
#1516 = CARTESIAN_POINT('',(-2.827489173315,6.826162709681,7.));
#1517 = CARTESIAN_POINT('',(-3.024238169307,6.737853303608,7.));
#1518 = ORIENTED_EDGE('',*,*,#1519,.F.);
#1519 = EDGE_CURVE('',#1092,#1512,#1520,.T.);
#1520 = LINE('',#1521,#1522);
#1521 = CARTESIAN_POINT('',(-3.024238169307,6.737853303608,0.));
#1522 = VECTOR('',#1523,1.);
#1523 = DIRECTION('',(0.,0.,1.));
#1524 = ORIENTED_EDGE('',*,*,#1099,.F.);
#1525 = SURFACE_OF_LINEAR_EXTRUSION('',#1526,#1530);
#1526 = ( BOUNDED_CURVE() B_SPLINE_CURVE(2,(#1527,#1528,#1529),
.UNSPECIFIED.,.F.,.F.) B_SPLINE_CURVE_WITH_KNOTS((3,3),(0.,
5.838450169226E-02),.PIECEWISE_BEZIER_KNOTS.) CURVE() 
GEOMETRIC_REPRESENTATION_ITEM() RATIONAL_B_SPLINE_CURVE((1.,
0.999573936504,1.)) REPRESENTATION_ITEM('') );
#1527 = CARTESIAN_POINT('',(-2.625922444182,6.902841079061,0.));
#1528 = CARTESIAN_POINT('',(-2.827489173315,6.826162709681,0.));
#1529 = CARTESIAN_POINT('',(-3.024238169307,6.737853303608,0.));
#1530 = VECTOR('',#1531,1.);
#1531 = DIRECTION('',(-0.,-0.,-1.));
#1532 = ADVANCED_FACE('',(#1533),#1551,.F.);
#1533 = FACE_BOUND('',#1534,.F.);
#1534 = EDGE_LOOP('',(#1535,#1536,#1544,#1550));
#1535 = ORIENTED_EDGE('',*,*,#1519,.T.);
#1536 = ORIENTED_EDGE('',*,*,#1537,.T.);
#1537 = EDGE_CURVE('',#1512,#1538,#1540,.T.);
#1538 = VERTEX_POINT('',#1539);
#1539 = CARTESIAN_POINT('',(-3.103203901767,6.548175941677,7.));
#1540 = ( BOUNDED_CURVE() B_SPLINE_CURVE(2,(#1541,#1542,#1543),
.UNSPECIFIED.,.F.,.F.) B_SPLINE_CURVE_WITH_KNOTS((3,3),(0.,
1.508825302794),.PIECEWISE_BEZIER_KNOTS.) CURVE() 
GEOMETRIC_REPRESENTATION_ITEM() RATIONAL_B_SPLINE_CURVE((1.,
0.728673920883,1.)) REPRESENTATION_ITEM('') );
#1541 = CARTESIAN_POINT('',(-3.024238169307,6.737853303608,7.));
#1542 = CARTESIAN_POINT('',(-3.152857332541,6.680123494835,7.));
#1543 = CARTESIAN_POINT('',(-3.103203901767,6.548175941677,7.));
#1544 = ORIENTED_EDGE('',*,*,#1545,.F.);
#1545 = EDGE_CURVE('',#1084,#1538,#1546,.T.);
#1546 = LINE('',#1547,#1548);
#1547 = CARTESIAN_POINT('',(-3.103203901767,6.548175941677,0.));
#1548 = VECTOR('',#1549,1.);
#1549 = DIRECTION('',(0.,0.,1.));
#1550 = ORIENTED_EDGE('',*,*,#1091,.F.);
#1551 = SURFACE_OF_LINEAR_EXTRUSION('',#1552,#1556);
#1552 = ( BOUNDED_CURVE() B_SPLINE_CURVE(2,(#1553,#1554,#1555),
.UNSPECIFIED.,.F.,.F.) B_SPLINE_CURVE_WITH_KNOTS((3,3),(0.,
1.508825302794),.PIECEWISE_BEZIER_KNOTS.) CURVE() 
GEOMETRIC_REPRESENTATION_ITEM() RATIONAL_B_SPLINE_CURVE((1.,
0.728673920883,1.)) REPRESENTATION_ITEM('') );
#1553 = CARTESIAN_POINT('',(-3.024238169307,6.737853303608,0.));
#1554 = CARTESIAN_POINT('',(-3.152857332541,6.680123494835,0.));
#1555 = CARTESIAN_POINT('',(-3.103203901767,6.548175941677,0.));
#1556 = VECTOR('',#1557,1.);
#1557 = DIRECTION('',(-0.,-0.,-1.));
#1558 = ADVANCED_FACE('',(#1559),#1577,.F.);
#1559 = FACE_BOUND('',#1560,.F.);
#1560 = EDGE_LOOP('',(#1561,#1562,#1570,#1576));
#1561 = ORIENTED_EDGE('',*,*,#1545,.T.);
#1562 = ORIENTED_EDGE('',*,*,#1563,.T.);
#1563 = EDGE_CURVE('',#1538,#1564,#1566,.T.);
#1564 = VERTEX_POINT('',#1565);
#1565 = CARTESIAN_POINT('',(-3.041577870969,6.265920216685,7.));
#1566 = ( BOUNDED_CURVE() B_SPLINE_CURVE(2,(#1567,#1568,#1569),
.UNSPECIFIED.,.F.,.F.) B_SPLINE_CURVE_WITH_KNOTS((3,3),(0.,
0.289919229054),.PIECEWISE_BEZIER_KNOTS.) CURVE() 
GEOMETRIC_REPRESENTATION_ITEM() RATIONAL_B_SPLINE_CURVE((1.,
0.989511740461,1.)) REPRESENTATION_ITEM('') );
#1567 = CARTESIAN_POINT('',(-3.103203901767,6.548175941677,7.));
#1568 = CARTESIAN_POINT('',(-3.051788535534,6.411546273529,7.));
#1569 = CARTESIAN_POINT('',(-3.041577870969,6.265920216685,7.));
#1570 = ORIENTED_EDGE('',*,*,#1571,.F.);
#1571 = EDGE_CURVE('',#1076,#1564,#1572,.T.);
#1572 = LINE('',#1573,#1574);
#1573 = CARTESIAN_POINT('',(-3.041577870969,6.265920216685,0.));
#1574 = VECTOR('',#1575,1.);
#1575 = DIRECTION('',(0.,0.,1.));
#1576 = ORIENTED_EDGE('',*,*,#1083,.F.);
#1577 = SURFACE_OF_LINEAR_EXTRUSION('',#1578,#1582);
#1578 = ( BOUNDED_CURVE() B_SPLINE_CURVE(2,(#1579,#1580,#1581),
.UNSPECIFIED.,.F.,.F.) B_SPLINE_CURVE_WITH_KNOTS((3,3),(0.,
0.289919229054),.PIECEWISE_BEZIER_KNOTS.) CURVE() 
GEOMETRIC_REPRESENTATION_ITEM() RATIONAL_B_SPLINE_CURVE((1.,
0.989511740461,1.)) REPRESENTATION_ITEM('') );
#1579 = CARTESIAN_POINT('',(-3.103203901767,6.548175941677,0.));
#1580 = CARTESIAN_POINT('',(-3.051788535534,6.411546273529,0.));
#1581 = CARTESIAN_POINT('',(-3.041577870969,6.265920216685,0.));
#1582 = VECTOR('',#1583,1.);
#1583 = DIRECTION('',(-0.,-0.,-1.));
#1584 = ADVANCED_FACE('',(#1585),#1603,.F.);
#1585 = FACE_BOUND('',#1586,.F.);
#1586 = EDGE_LOOP('',(#1587,#1588,#1596,#1602));
#1587 = ORIENTED_EDGE('',*,*,#1571,.T.);
#1588 = ORIENTED_EDGE('',*,*,#1589,.T.);
#1589 = EDGE_CURVE('',#1564,#1590,#1592,.T.);
#1590 = VERTEX_POINT('',#1591);
#1591 = CARTESIAN_POINT('',(-3.905657150251,5.76704381219,7.));
#1592 = ( BOUNDED_CURVE() B_SPLINE_CURVE(2,(#1593,#1594,#1595),
.UNSPECIFIED.,.F.,.F.) B_SPLINE_CURVE_WITH_KNOTS((3,3),(0.,
2.234397261374),.PIECEWISE_BEZIER_KNOTS.) CURVE() 
GEOMETRIC_REPRESENTATION_ITEM() RATIONAL_B_SPLINE_CURVE((1.,
0.438202247191,1.)) REPRESENTATION_ITEM('') );
#1593 = CARTESIAN_POINT('',(-3.041577870969,6.265920216685,7.));
#1594 = CARTESIAN_POINT('',(-2.961949403436,5.1302468562,7.));
#1595 = CARTESIAN_POINT('',(-3.905657150251,5.76704381219,7.));
#1596 = ORIENTED_EDGE('',*,*,#1597,.F.);
#1597 = EDGE_CURVE('',#1068,#1590,#1598,.T.);
#1598 = LINE('',#1599,#1600);
#1599 = CARTESIAN_POINT('',(-3.905657150251,5.76704381219,0.));
#1600 = VECTOR('',#1601,1.);
#1601 = DIRECTION('',(0.,0.,1.));
#1602 = ORIENTED_EDGE('',*,*,#1075,.F.);
#1603 = SURFACE_OF_LINEAR_EXTRUSION('',#1604,#1608);
#1604 = ( BOUNDED_CURVE() B_SPLINE_CURVE(2,(#1605,#1606,#1607),
.UNSPECIFIED.,.F.,.F.) B_SPLINE_CURVE_WITH_KNOTS((3,3),(0.,
2.234397261374),.PIECEWISE_BEZIER_KNOTS.) CURVE() 
GEOMETRIC_REPRESENTATION_ITEM() RATIONAL_B_SPLINE_CURVE((1.,
0.438202247191,1.)) REPRESENTATION_ITEM('') );
#1605 = CARTESIAN_POINT('',(-3.041577870969,6.265920216685,0.));
#1606 = CARTESIAN_POINT('',(-2.961949403436,5.1302468562,0.));
#1607 = CARTESIAN_POINT('',(-3.905657150251,5.76704381219,0.));
#1608 = VECTOR('',#1609,1.);
#1609 = DIRECTION('',(-0.,-0.,-1.));
#1610 = ADVANCED_FACE('',(#1611),#1629,.F.);
#1611 = FACE_BOUND('',#1612,.F.);
#1612 = EDGE_LOOP('',(#1613,#1614,#1622,#1628));
#1613 = ORIENTED_EDGE('',*,*,#1597,.T.);
#1614 = ORIENTED_EDGE('',*,*,#1615,.T.);
#1615 = EDGE_CURVE('',#1590,#1616,#1618,.T.);
#1616 = VERTEX_POINT('',#1617);
#1617 = CARTESIAN_POINT('',(-4.119284763059,5.961541382891,7.));
#1618 = ( BOUNDED_CURVE() B_SPLINE_CURVE(2,(#1619,#1620,#1621),
.UNSPECIFIED.,.F.,.F.) B_SPLINE_CURVE_WITH_KNOTS((3,3),(0.,
0.289919229054),.PIECEWISE_BEZIER_KNOTS.) CURVE() 
GEOMETRIC_REPRESENTATION_ITEM() RATIONAL_B_SPLINE_CURVE((1.,
0.989511740461,1.)) REPRESENTATION_ITEM('') );
#1619 = CARTESIAN_POINT('',(-3.905657150251,5.76704381219,7.));
#1620 = CARTESIAN_POINT('',(-4.026667682648,5.848699535515,7.));
#1621 = CARTESIAN_POINT('',(-4.119284763059,5.961541382891,7.));
#1622 = ORIENTED_EDGE('',*,*,#1623,.F.);
#1623 = EDGE_CURVE('',#1060,#1616,#1624,.T.);
#1624 = LINE('',#1625,#1626);
#1625 = CARTESIAN_POINT('',(-4.119284763059,5.961541382891,0.));
#1626 = VECTOR('',#1627,1.);
#1627 = DIRECTION('',(0.,0.,1.));
#1628 = ORIENTED_EDGE('',*,*,#1067,.F.);
#1629 = SURFACE_OF_LINEAR_EXTRUSION('',#1630,#1634);
#1630 = ( BOUNDED_CURVE() B_SPLINE_CURVE(2,(#1631,#1632,#1633),
.UNSPECIFIED.,.F.,.F.) B_SPLINE_CURVE_WITH_KNOTS((3,3),(0.,
0.289919229054),.PIECEWISE_BEZIER_KNOTS.) CURVE() 
GEOMETRIC_REPRESENTATION_ITEM() RATIONAL_B_SPLINE_CURVE((1.,
0.989511740461,1.)) REPRESENTATION_ITEM('') );
#1631 = CARTESIAN_POINT('',(-3.905657150251,5.76704381219,0.));
#1632 = CARTESIAN_POINT('',(-4.026667682648,5.848699535515,0.));
#1633 = CARTESIAN_POINT('',(-4.119284763059,5.961541382891,0.));
#1634 = VECTOR('',#1635,1.);
#1635 = DIRECTION('',(-0.,-0.,-1.));
#1636 = ADVANCED_FACE('',(#1637),#1655,.F.);
#1637 = FACE_BOUND('',#1638,.F.);
#1638 = EDGE_LOOP('',(#1639,#1640,#1648,#1654));
#1639 = ORIENTED_EDGE('',*,*,#1623,.T.);
#1640 = ORIENTED_EDGE('',*,*,#1641,.T.);
#1641 = EDGE_CURVE('',#1616,#1642,#1644,.T.);
#1642 = VERTEX_POINT('',#1643);
#1643 = CARTESIAN_POINT('',(-4.323033043244,5.987993733518,7.));
#1644 = ( BOUNDED_CURVE() B_SPLINE_CURVE(2,(#1645,#1646,#1647),
.UNSPECIFIED.,.F.,.F.) B_SPLINE_CURVE_WITH_KNOTS((3,3),(0.,
1.508825302794),.PIECEWISE_BEZIER_KNOTS.) CURVE() 
GEOMETRIC_REPRESENTATION_ITEM() RATIONAL_B_SPLINE_CURVE((1.,
0.728673920883,1.)) REPRESENTATION_ITEM('') );
#1645 = CARTESIAN_POINT('',(-4.119284763059,5.961541382891,7.));
#1646 = CARTESIAN_POINT('',(-4.208727980674,6.070516291906,7.));
#1647 = CARTESIAN_POINT('',(-4.323033043244,5.987993733518,7.));
#1648 = ORIENTED_EDGE('',*,*,#1649,.F.);
#1649 = EDGE_CURVE('',#1052,#1642,#1650,.T.);
#1650 = LINE('',#1651,#1652);
#1651 = CARTESIAN_POINT('',(-4.323033043244,5.987993733518,0.));
#1652 = VECTOR('',#1653,1.);
#1653 = DIRECTION('',(0.,0.,1.));
#1654 = ORIENTED_EDGE('',*,*,#1059,.F.);
#1655 = SURFACE_OF_LINEAR_EXTRUSION('',#1656,#1660);
#1656 = ( BOUNDED_CURVE() B_SPLINE_CURVE(2,(#1657,#1658,#1659),
.UNSPECIFIED.,.F.,.F.) B_SPLINE_CURVE_WITH_KNOTS((3,3),(0.,
1.508825302794),.PIECEWISE_BEZIER_KNOTS.) CURVE() 
GEOMETRIC_REPRESENTATION_ITEM() RATIONAL_B_SPLINE_CURVE((1.,
0.728673920883,1.)) REPRESENTATION_ITEM('') );
#1657 = CARTESIAN_POINT('',(-4.119284763059,5.961541382891,0.));
#1658 = CARTESIAN_POINT('',(-4.208727980674,6.070516291906,0.));
#1659 = CARTESIAN_POINT('',(-4.323033043244,5.987993733518,0.));
#1660 = VECTOR('',#1661,1.);
#1661 = DIRECTION('',(-0.,-0.,-1.));
#1662 = ADVANCED_FACE('',(#1663),#1681,.F.);
#1663 = FACE_BOUND('',#1664,.F.);
#1664 = EDGE_LOOP('',(#1665,#1666,#1674,#1680));
#1665 = ORIENTED_EDGE('',*,*,#1649,.T.);
#1666 = ORIENTED_EDGE('',*,*,#1667,.T.);
#1667 = EDGE_CURVE('',#1642,#1668,#1670,.T.);
#1668 = VERTEX_POINT('',#1669);
#1669 = CARTESIAN_POINT('',(-4.665074510663,5.72553608456,7.));
#1670 = ( BOUNDED_CURVE() B_SPLINE_CURVE(2,(#1671,#1672,#1673),
.UNSPECIFIED.,.F.,.F.) B_SPLINE_CURVE_WITH_KNOTS((3,3),(0.,
5.838450169226E-02),.PIECEWISE_BEZIER_KNOTS.) CURVE() 
GEOMETRIC_REPRESENTATION_ITEM() RATIONAL_B_SPLINE_CURVE((1.,
0.999573936504,1.)) REPRESENTATION_ITEM('') );
#1671 = CARTESIAN_POINT('',(-4.323033043244,5.987993733518,7.));
#1672 = CARTESIAN_POINT('',(-4.497885730292,5.861758807857,7.));
#1673 = CARTESIAN_POINT('',(-4.665074510663,5.72553608456,7.));
#1674 = ORIENTED_EDGE('',*,*,#1675,.F.);
#1675 = EDGE_CURVE('',#1044,#1668,#1676,.T.);
#1676 = LINE('',#1677,#1678);
#1677 = CARTESIAN_POINT('',(-4.665074510663,5.72553608456,0.));
#1678 = VECTOR('',#1679,1.);
#1679 = DIRECTION('',(0.,0.,1.));
#1680 = ORIENTED_EDGE('',*,*,#1051,.F.);
#1681 = SURFACE_OF_LINEAR_EXTRUSION('',#1682,#1686);
#1682 = ( BOUNDED_CURVE() B_SPLINE_CURVE(2,(#1683,#1684,#1685),
.UNSPECIFIED.,.F.,.F.) B_SPLINE_CURVE_WITH_KNOTS((3,3),(0.,
5.838450169226E-02),.PIECEWISE_BEZIER_KNOTS.) CURVE() 
GEOMETRIC_REPRESENTATION_ITEM() RATIONAL_B_SPLINE_CURVE((1.,
0.999573936504,1.)) REPRESENTATION_ITEM('') );
#1683 = CARTESIAN_POINT('',(-4.323033043244,5.987993733518,0.));
#1684 = CARTESIAN_POINT('',(-4.497885730292,5.861758807857,0.));
#1685 = CARTESIAN_POINT('',(-4.665074510663,5.72553608456,0.));
#1686 = VECTOR('',#1687,1.);
#1687 = DIRECTION('',(-0.,-0.,-1.));
#1688 = ADVANCED_FACE('',(#1689),#1707,.F.);
#1689 = FACE_BOUND('',#1690,.F.);
#1690 = EDGE_LOOP('',(#1691,#1692,#1700,#1706));
#1691 = ORIENTED_EDGE('',*,*,#1675,.T.);
#1692 = ORIENTED_EDGE('',*,*,#1693,.T.);
#1693 = EDGE_CURVE('',#1668,#1694,#1696,.T.);
#1694 = VERTEX_POINT('',#1695);
#1695 = CARTESIAN_POINT('',(-4.692257437345,5.521883986536,7.));
#1696 = ( BOUNDED_CURVE() B_SPLINE_CURVE(2,(#1697,#1698,#1699),
.UNSPECIFIED.,.F.,.F.) B_SPLINE_CURVE_WITH_KNOTS((3,3),(0.,
1.508825302794),.PIECEWISE_BEZIER_KNOTS.) CURVE() 
GEOMETRIC_REPRESENTATION_ITEM() RATIONAL_B_SPLINE_CURVE((1.,
0.728673920883,1.)) REPRESENTATION_ITEM('') );
#1697 = CARTESIAN_POINT('',(-4.665074510663,5.72553608456,7.));
#1698 = CARTESIAN_POINT('',(-4.774369508207,5.636484282309,7.));
#1699 = CARTESIAN_POINT('',(-4.692257437345,5.521883986536,7.));
#1700 = ORIENTED_EDGE('',*,*,#1701,.F.);
#1701 = EDGE_CURVE('',#1036,#1694,#1702,.T.);
#1702 = LINE('',#1703,#1704);
#1703 = CARTESIAN_POINT('',(-4.692257437345,5.521883986536,0.));
#1704 = VECTOR('',#1705,1.);
#1705 = DIRECTION('',(0.,0.,1.));
#1706 = ORIENTED_EDGE('',*,*,#1043,.F.);
#1707 = SURFACE_OF_LINEAR_EXTRUSION('',#1708,#1712);
#1708 = ( BOUNDED_CURVE() B_SPLINE_CURVE(2,(#1709,#1710,#1711),
.UNSPECIFIED.,.F.,.F.) B_SPLINE_CURVE_WITH_KNOTS((3,3),(0.,
1.508825302794),.PIECEWISE_BEZIER_KNOTS.) CURVE() 
GEOMETRIC_REPRESENTATION_ITEM() RATIONAL_B_SPLINE_CURVE((1.,
0.728673920883,1.)) REPRESENTATION_ITEM('') );
#1709 = CARTESIAN_POINT('',(-4.665074510663,5.72553608456,0.));
#1710 = CARTESIAN_POINT('',(-4.774369508207,5.636484282309,0.));
#1711 = CARTESIAN_POINT('',(-4.692257437345,5.521883986536,0.));
#1712 = VECTOR('',#1713,1.);
#1713 = DIRECTION('',(-0.,-0.,-1.));
#1714 = ADVANCED_FACE('',(#1715),#1733,.F.);
#1715 = FACE_BOUND('',#1716,.F.);
#1716 = EDGE_LOOP('',(#1717,#1718,#1726,#1732));
#1717 = ORIENTED_EDGE('',*,*,#1701,.T.);
#1718 = ORIENTED_EDGE('',*,*,#1719,.T.);
#1719 = EDGE_CURVE('',#1694,#1720,#1722,.T.);
#1720 = VERTEX_POINT('',#1721);
#1721 = CARTESIAN_POINT('',(-4.559678105409,5.265195882593,7.));
#1722 = ( BOUNDED_CURVE() B_SPLINE_CURVE(2,(#1723,#1724,#1725),
.UNSPECIFIED.,.F.,.F.) B_SPLINE_CURVE_WITH_KNOTS((3,3),(0.,
0.289919229054),.PIECEWISE_BEZIER_KNOTS.) CURVE() 
GEOMETRIC_REPRESENTATION_ITEM() RATIONAL_B_SPLINE_CURVE((1.,
0.989511740461,1.)) REPRESENTATION_ITEM('') );
#1723 = CARTESIAN_POINT('',(-4.692257437345,5.521883986536,7.));
#1724 = CARTESIAN_POINT('',(-4.607231646991,5.403217137427,7.));
#1725 = CARTESIAN_POINT('',(-4.559678105409,5.265195882593,7.));
#1726 = ORIENTED_EDGE('',*,*,#1727,.F.);
#1727 = EDGE_CURVE('',#1028,#1720,#1728,.T.);
#1728 = LINE('',#1729,#1730);
#1729 = CARTESIAN_POINT('',(-4.559678105409,5.265195882593,0.));
#1730 = VECTOR('',#1731,1.);
#1731 = DIRECTION('',(0.,0.,1.));
#1732 = ORIENTED_EDGE('',*,*,#1035,.F.);
#1733 = SURFACE_OF_LINEAR_EXTRUSION('',#1734,#1738);
#1734 = ( BOUNDED_CURVE() B_SPLINE_CURVE(2,(#1735,#1736,#1737),
.UNSPECIFIED.,.F.,.F.) B_SPLINE_CURVE_WITH_KNOTS((3,3),(0.,
0.289919229054),.PIECEWISE_BEZIER_KNOTS.) CURVE() 
GEOMETRIC_REPRESENTATION_ITEM() RATIONAL_B_SPLINE_CURVE((1.,
0.989511740461,1.)) REPRESENTATION_ITEM('') );
#1735 = CARTESIAN_POINT('',(-4.692257437345,5.521883986536,0.));
#1736 = CARTESIAN_POINT('',(-4.607231646991,5.403217137427,0.));
#1737 = CARTESIAN_POINT('',(-4.559678105409,5.265195882593,0.));
#1738 = VECTOR('',#1739,1.);
#1739 = DIRECTION('',(-0.,-0.,-1.));
#1740 = ADVANCED_FACE('',(#1741),#1759,.F.);
#1741 = FACE_BOUND('',#1742,.F.);
#1742 = EDGE_LOOP('',(#1743,#1744,#1752,#1758));
#1743 = ORIENTED_EDGE('',*,*,#1727,.T.);
#1744 = ORIENTED_EDGE('',*,*,#1745,.T.);
#1745 = EDGE_CURVE('',#1720,#1746,#1748,.T.);
#1746 = VERTEX_POINT('',#1747);
#1747 = CARTESIAN_POINT('',(-5.265195882593,4.559678105409,7.));
#1748 = ( BOUNDED_CURVE() B_SPLINE_CURVE(2,(#1749,#1750,#1751),
.UNSPECIFIED.,.F.,.F.) B_SPLINE_CURVE_WITH_KNOTS((3,3),(0.,
2.234397261374),.PIECEWISE_BEZIER_KNOTS.) CURVE() 
GEOMETRIC_REPRESENTATION_ITEM() RATIONAL_B_SPLINE_CURVE((1.,
0.438202247191,1.)) REPRESENTATION_ITEM('') );
#1749 = CARTESIAN_POINT('',(-4.559678105409,5.265195882593,7.));
#1750 = CARTESIAN_POINT('',(-4.188829017402,4.188829017402,7.));
#1751 = CARTESIAN_POINT('',(-5.265195882593,4.559678105409,7.));
#1752 = ORIENTED_EDGE('',*,*,#1753,.F.);
#1753 = EDGE_CURVE('',#1020,#1746,#1754,.T.);
#1754 = LINE('',#1755,#1756);
#1755 = CARTESIAN_POINT('',(-5.265195882593,4.559678105409,0.));
#1756 = VECTOR('',#1757,1.);
#1757 = DIRECTION('',(0.,0.,1.));
#1758 = ORIENTED_EDGE('',*,*,#1027,.F.);
#1759 = SURFACE_OF_LINEAR_EXTRUSION('',#1760,#1764);
#1760 = ( BOUNDED_CURVE() B_SPLINE_CURVE(2,(#1761,#1762,#1763),
.UNSPECIFIED.,.F.,.F.) B_SPLINE_CURVE_WITH_KNOTS((3,3),(0.,
2.234397261374),.PIECEWISE_BEZIER_KNOTS.) CURVE() 
GEOMETRIC_REPRESENTATION_ITEM() RATIONAL_B_SPLINE_CURVE((1.,
0.438202247191,1.)) REPRESENTATION_ITEM('') );
#1761 = CARTESIAN_POINT('',(-4.559678105409,5.265195882593,0.));
#1762 = CARTESIAN_POINT('',(-4.188829017402,4.188829017402,0.));
#1763 = CARTESIAN_POINT('',(-5.265195882593,4.559678105409,0.));
#1764 = VECTOR('',#1765,1.);
#1765 = DIRECTION('',(-0.,-0.,-1.));
#1766 = ADVANCED_FACE('',(#1767),#1785,.F.);
#1767 = FACE_BOUND('',#1768,.F.);
#1768 = EDGE_LOOP('',(#1769,#1770,#1778,#1784));
#1769 = ORIENTED_EDGE('',*,*,#1753,.T.);
#1770 = ORIENTED_EDGE('',*,*,#1771,.T.);
#1771 = EDGE_CURVE('',#1746,#1772,#1774,.T.);
#1772 = VERTEX_POINT('',#1773);
#1773 = CARTESIAN_POINT('',(-5.521883986536,4.692257437345,7.));
#1774 = ( BOUNDED_CURVE() B_SPLINE_CURVE(2,(#1775,#1776,#1777),
.UNSPECIFIED.,.F.,.F.) B_SPLINE_CURVE_WITH_KNOTS((3,3),(0.,
0.289919229054),.PIECEWISE_BEZIER_KNOTS.) CURVE() 
GEOMETRIC_REPRESENTATION_ITEM() RATIONAL_B_SPLINE_CURVE((1.,
0.989511740461,1.)) REPRESENTATION_ITEM('') );
#1775 = CARTESIAN_POINT('',(-5.265195882593,4.559678105409,7.));
#1776 = CARTESIAN_POINT('',(-5.403217137427,4.607231646991,7.));
#1777 = CARTESIAN_POINT('',(-5.521883986536,4.692257437345,7.));
#1778 = ORIENTED_EDGE('',*,*,#1779,.F.);
#1779 = EDGE_CURVE('',#1012,#1772,#1780,.T.);
#1780 = LINE('',#1781,#1782);
#1781 = CARTESIAN_POINT('',(-5.521883986536,4.692257437345,0.));
#1782 = VECTOR('',#1783,1.);
#1783 = DIRECTION('',(0.,0.,1.));
#1784 = ORIENTED_EDGE('',*,*,#1019,.F.);
#1785 = SURFACE_OF_LINEAR_EXTRUSION('',#1786,#1790);
#1786 = ( BOUNDED_CURVE() B_SPLINE_CURVE(2,(#1787,#1788,#1789),
.UNSPECIFIED.,.F.,.F.) B_SPLINE_CURVE_WITH_KNOTS((3,3),(0.,
0.289919229054),.PIECEWISE_BEZIER_KNOTS.) CURVE() 
GEOMETRIC_REPRESENTATION_ITEM() RATIONAL_B_SPLINE_CURVE((1.,
0.989511740461,1.)) REPRESENTATION_ITEM('') );
#1787 = CARTESIAN_POINT('',(-5.265195882593,4.559678105409,0.));
#1788 = CARTESIAN_POINT('',(-5.403217137427,4.607231646991,0.));
#1789 = CARTESIAN_POINT('',(-5.521883986536,4.692257437345,0.));
#1790 = VECTOR('',#1791,1.);
#1791 = DIRECTION('',(-0.,-0.,-1.));
#1792 = ADVANCED_FACE('',(#1793),#1811,.F.);
#1793 = FACE_BOUND('',#1794,.F.);
#1794 = EDGE_LOOP('',(#1795,#1796,#1804,#1810));
#1795 = ORIENTED_EDGE('',*,*,#1779,.T.);
#1796 = ORIENTED_EDGE('',*,*,#1797,.T.);
#1797 = EDGE_CURVE('',#1772,#1798,#1800,.T.);
#1798 = VERTEX_POINT('',#1799);
#1799 = CARTESIAN_POINT('',(-5.72553608456,4.665074510663,7.));
#1800 = ( BOUNDED_CURVE() B_SPLINE_CURVE(2,(#1801,#1802,#1803),
.UNSPECIFIED.,.F.,.F.) B_SPLINE_CURVE_WITH_KNOTS((3,3),(0.,
1.508825302794),.PIECEWISE_BEZIER_KNOTS.) CURVE() 
GEOMETRIC_REPRESENTATION_ITEM() RATIONAL_B_SPLINE_CURVE((1.,
0.728673920883,1.)) REPRESENTATION_ITEM('') );
#1801 = CARTESIAN_POINT('',(-5.521883986536,4.692257437345,7.));
#1802 = CARTESIAN_POINT('',(-5.636484282309,4.774369508207,7.));
#1803 = CARTESIAN_POINT('',(-5.72553608456,4.665074510663,7.));
#1804 = ORIENTED_EDGE('',*,*,#1805,.F.);
#1805 = EDGE_CURVE('',#1004,#1798,#1806,.T.);
#1806 = LINE('',#1807,#1808);
#1807 = CARTESIAN_POINT('',(-5.72553608456,4.665074510663,0.));
#1808 = VECTOR('',#1809,1.);
#1809 = DIRECTION('',(0.,0.,1.));
#1810 = ORIENTED_EDGE('',*,*,#1011,.F.);
#1811 = SURFACE_OF_LINEAR_EXTRUSION('',#1812,#1816);
#1812 = ( BOUNDED_CURVE() B_SPLINE_CURVE(2,(#1813,#1814,#1815),
.UNSPECIFIED.,.F.,.F.) B_SPLINE_CURVE_WITH_KNOTS((3,3),(0.,
1.508825302794),.PIECEWISE_BEZIER_KNOTS.) CURVE() 
GEOMETRIC_REPRESENTATION_ITEM() RATIONAL_B_SPLINE_CURVE((1.,
0.728673920883,1.)) REPRESENTATION_ITEM('') );
#1813 = CARTESIAN_POINT('',(-5.521883986536,4.692257437345,0.));
#1814 = CARTESIAN_POINT('',(-5.636484282309,4.774369508207,0.));
#1815 = CARTESIAN_POINT('',(-5.72553608456,4.665074510663,0.));
#1816 = VECTOR('',#1817,1.);
#1817 = DIRECTION('',(-0.,-0.,-1.));
#1818 = ADVANCED_FACE('',(#1819),#1837,.F.);
#1819 = FACE_BOUND('',#1820,.F.);
#1820 = EDGE_LOOP('',(#1821,#1822,#1830,#1836));
#1821 = ORIENTED_EDGE('',*,*,#1805,.T.);
#1822 = ORIENTED_EDGE('',*,*,#1823,.T.);
#1823 = EDGE_CURVE('',#1798,#1824,#1826,.T.);
#1824 = VERTEX_POINT('',#1825);
#1825 = CARTESIAN_POINT('',(-5.987993733518,4.323033043244,7.));
#1826 = ( BOUNDED_CURVE() B_SPLINE_CURVE(2,(#1827,#1828,#1829),
.UNSPECIFIED.,.F.,.F.) B_SPLINE_CURVE_WITH_KNOTS((3,3),(0.,
5.838450169226E-02),.PIECEWISE_BEZIER_KNOTS.) CURVE() 
GEOMETRIC_REPRESENTATION_ITEM() RATIONAL_B_SPLINE_CURVE((1.,
0.999573936504,1.)) REPRESENTATION_ITEM('') );
#1827 = CARTESIAN_POINT('',(-5.72553608456,4.665074510663,7.));
#1828 = CARTESIAN_POINT('',(-5.861758807857,4.497885730292,7.));
#1829 = CARTESIAN_POINT('',(-5.987993733518,4.323033043244,7.));
#1830 = ORIENTED_EDGE('',*,*,#1831,.F.);
#1831 = EDGE_CURVE('',#996,#1824,#1832,.T.);
#1832 = LINE('',#1833,#1834);
#1833 = CARTESIAN_POINT('',(-5.987993733518,4.323033043244,0.));
#1834 = VECTOR('',#1835,1.);
#1835 = DIRECTION('',(0.,0.,1.));
#1836 = ORIENTED_EDGE('',*,*,#1003,.F.);
#1837 = SURFACE_OF_LINEAR_EXTRUSION('',#1838,#1842);
#1838 = ( BOUNDED_CURVE() B_SPLINE_CURVE(2,(#1839,#1840,#1841),
.UNSPECIFIED.,.F.,.F.) B_SPLINE_CURVE_WITH_KNOTS((3,3),(0.,
5.838450169226E-02),.PIECEWISE_BEZIER_KNOTS.) CURVE() 
GEOMETRIC_REPRESENTATION_ITEM() RATIONAL_B_SPLINE_CURVE((1.,
0.999573936504,1.)) REPRESENTATION_ITEM('') );
#1839 = CARTESIAN_POINT('',(-5.72553608456,4.665074510663,0.));
#1840 = CARTESIAN_POINT('',(-5.861758807857,4.497885730292,0.));
#1841 = CARTESIAN_POINT('',(-5.987993733518,4.323033043244,0.));
#1842 = VECTOR('',#1843,1.);
#1843 = DIRECTION('',(-0.,-0.,-1.));
#1844 = ADVANCED_FACE('',(#1845),#1863,.F.);
#1845 = FACE_BOUND('',#1846,.F.);
#1846 = EDGE_LOOP('',(#1847,#1848,#1856,#1862));
#1847 = ORIENTED_EDGE('',*,*,#1831,.T.);
#1848 = ORIENTED_EDGE('',*,*,#1849,.T.);
#1849 = EDGE_CURVE('',#1824,#1850,#1852,.T.);
#1850 = VERTEX_POINT('',#1851);
#1851 = CARTESIAN_POINT('',(-5.961541382891,4.119284763059,7.));
#1852 = ( BOUNDED_CURVE() B_SPLINE_CURVE(2,(#1853,#1854,#1855),
.UNSPECIFIED.,.F.,.F.) B_SPLINE_CURVE_WITH_KNOTS((3,3),(0.,
1.508825302794),.PIECEWISE_BEZIER_KNOTS.) CURVE() 
GEOMETRIC_REPRESENTATION_ITEM() RATIONAL_B_SPLINE_CURVE((1.,
0.728673920883,1.)) REPRESENTATION_ITEM('') );
#1853 = CARTESIAN_POINT('',(-5.987993733518,4.323033043244,7.));
#1854 = CARTESIAN_POINT('',(-6.070516291906,4.208727980674,7.));
#1855 = CARTESIAN_POINT('',(-5.961541382891,4.119284763059,7.));
#1856 = ORIENTED_EDGE('',*,*,#1857,.F.);
#1857 = EDGE_CURVE('',#988,#1850,#1858,.T.);
#1858 = LINE('',#1859,#1860);
#1859 = CARTESIAN_POINT('',(-5.961541382891,4.119284763059,0.));
#1860 = VECTOR('',#1861,1.);
#1861 = DIRECTION('',(0.,0.,1.));
#1862 = ORIENTED_EDGE('',*,*,#995,.F.);
#1863 = SURFACE_OF_LINEAR_EXTRUSION('',#1864,#1868);
#1864 = ( BOUNDED_CURVE() B_SPLINE_CURVE(2,(#1865,#1866,#1867),
.UNSPECIFIED.,.F.,.F.) B_SPLINE_CURVE_WITH_KNOTS((3,3),(0.,
1.508825302794),.PIECEWISE_BEZIER_KNOTS.) CURVE() 
GEOMETRIC_REPRESENTATION_ITEM() RATIONAL_B_SPLINE_CURVE((1.,
0.728673920883,1.)) REPRESENTATION_ITEM('') );
#1865 = CARTESIAN_POINT('',(-5.987993733518,4.323033043244,0.));
#1866 = CARTESIAN_POINT('',(-6.070516291906,4.208727980674,0.));
#1867 = CARTESIAN_POINT('',(-5.961541382891,4.119284763059,0.));
#1868 = VECTOR('',#1869,1.);
#1869 = DIRECTION('',(-0.,-0.,-1.));
#1870 = ADVANCED_FACE('',(#1871),#1889,.F.);
#1871 = FACE_BOUND('',#1872,.F.);
#1872 = EDGE_LOOP('',(#1873,#1874,#1882,#1888));
#1873 = ORIENTED_EDGE('',*,*,#1857,.T.);
#1874 = ORIENTED_EDGE('',*,*,#1875,.T.);
#1875 = EDGE_CURVE('',#1850,#1876,#1878,.T.);
#1876 = VERTEX_POINT('',#1877);
#1877 = CARTESIAN_POINT('',(-5.76704381219,3.905657150251,7.));
#1878 = ( BOUNDED_CURVE() B_SPLINE_CURVE(2,(#1879,#1880,#1881),
.UNSPECIFIED.,.F.,.F.) B_SPLINE_CURVE_WITH_KNOTS((3,3),(0.,
0.289919229054),.PIECEWISE_BEZIER_KNOTS.) CURVE() 
GEOMETRIC_REPRESENTATION_ITEM() RATIONAL_B_SPLINE_CURVE((1.,
0.989511740461,1.)) REPRESENTATION_ITEM('') );
#1879 = CARTESIAN_POINT('',(-5.961541382891,4.119284763059,7.));
#1880 = CARTESIAN_POINT('',(-5.848699535515,4.026667682648,7.));
#1881 = CARTESIAN_POINT('',(-5.76704381219,3.905657150251,7.));
#1882 = ORIENTED_EDGE('',*,*,#1883,.F.);
#1883 = EDGE_CURVE('',#980,#1876,#1884,.T.);
#1884 = LINE('',#1885,#1886);
#1885 = CARTESIAN_POINT('',(-5.76704381219,3.905657150251,0.));
#1886 = VECTOR('',#1887,1.);
#1887 = DIRECTION('',(0.,0.,1.));
#1888 = ORIENTED_EDGE('',*,*,#987,.F.);
#1889 = SURFACE_OF_LINEAR_EXTRUSION('',#1890,#1894);
#1890 = ( BOUNDED_CURVE() B_SPLINE_CURVE(2,(#1891,#1892,#1893),
.UNSPECIFIED.,.F.,.F.) B_SPLINE_CURVE_WITH_KNOTS((3,3),(0.,
0.289919229054),.PIECEWISE_BEZIER_KNOTS.) CURVE() 
GEOMETRIC_REPRESENTATION_ITEM() RATIONAL_B_SPLINE_CURVE((1.,
0.989511740461,1.)) REPRESENTATION_ITEM('') );
#1891 = CARTESIAN_POINT('',(-5.961541382891,4.119284763059,0.));
#1892 = CARTESIAN_POINT('',(-5.848699535515,4.026667682648,0.));
#1893 = CARTESIAN_POINT('',(-5.76704381219,3.905657150251,0.));
#1894 = VECTOR('',#1895,1.);
#1895 = DIRECTION('',(-0.,-0.,-1.));
#1896 = ADVANCED_FACE('',(#1897),#1915,.F.);
#1897 = FACE_BOUND('',#1898,.F.);
#1898 = EDGE_LOOP('',(#1899,#1900,#1908,#1914));
#1899 = ORIENTED_EDGE('',*,*,#1883,.T.);
#1900 = ORIENTED_EDGE('',*,*,#1901,.T.);
#1901 = EDGE_CURVE('',#1876,#1902,#1904,.T.);
#1902 = VERTEX_POINT('',#1903);
#1903 = CARTESIAN_POINT('',(-6.265920216685,3.041577870969,7.));
#1904 = ( BOUNDED_CURVE() B_SPLINE_CURVE(2,(#1905,#1906,#1907),
.UNSPECIFIED.,.F.,.F.) B_SPLINE_CURVE_WITH_KNOTS((3,3),(0.,
2.234397261374),.PIECEWISE_BEZIER_KNOTS.) CURVE() 
GEOMETRIC_REPRESENTATION_ITEM() RATIONAL_B_SPLINE_CURVE((1.,
0.438202247191,1.)) REPRESENTATION_ITEM('') );
#1905 = CARTESIAN_POINT('',(-5.76704381219,3.905657150251,7.));
#1906 = CARTESIAN_POINT('',(-5.1302468562,2.961949403436,7.));
#1907 = CARTESIAN_POINT('',(-6.265920216685,3.041577870969,7.));
#1908 = ORIENTED_EDGE('',*,*,#1909,.F.);
#1909 = EDGE_CURVE('',#972,#1902,#1910,.T.);
#1910 = LINE('',#1911,#1912);
#1911 = CARTESIAN_POINT('',(-6.265920216685,3.041577870969,0.));
#1912 = VECTOR('',#1913,1.);
#1913 = DIRECTION('',(0.,0.,1.));
#1914 = ORIENTED_EDGE('',*,*,#979,.F.);
#1915 = SURFACE_OF_LINEAR_EXTRUSION('',#1916,#1920);
#1916 = ( BOUNDED_CURVE() B_SPLINE_CURVE(2,(#1917,#1918,#1919),
.UNSPECIFIED.,.F.,.F.) B_SPLINE_CURVE_WITH_KNOTS((3,3),(0.,
2.234397261374),.PIECEWISE_BEZIER_KNOTS.) CURVE() 
GEOMETRIC_REPRESENTATION_ITEM() RATIONAL_B_SPLINE_CURVE((1.,
0.438202247191,1.)) REPRESENTATION_ITEM('') );
#1917 = CARTESIAN_POINT('',(-5.76704381219,3.905657150251,0.));
#1918 = CARTESIAN_POINT('',(-5.1302468562,2.961949403436,0.));
#1919 = CARTESIAN_POINT('',(-6.265920216685,3.041577870969,0.));
#1920 = VECTOR('',#1921,1.);
#1921 = DIRECTION('',(-0.,-0.,-1.));
#1922 = ADVANCED_FACE('',(#1923),#1941,.F.);
#1923 = FACE_BOUND('',#1924,.F.);
#1924 = EDGE_LOOP('',(#1925,#1926,#1934,#1940));
#1925 = ORIENTED_EDGE('',*,*,#1909,.T.);
#1926 = ORIENTED_EDGE('',*,*,#1927,.T.);
#1927 = EDGE_CURVE('',#1902,#1928,#1930,.T.);
#1928 = VERTEX_POINT('',#1929);
#1929 = CARTESIAN_POINT('',(-6.548175941677,3.103203901767,7.));
#1930 = ( BOUNDED_CURVE() B_SPLINE_CURVE(2,(#1931,#1932,#1933),
.UNSPECIFIED.,.F.,.F.) B_SPLINE_CURVE_WITH_KNOTS((3,3),(0.,
0.289919229054),.PIECEWISE_BEZIER_KNOTS.) CURVE() 
GEOMETRIC_REPRESENTATION_ITEM() RATIONAL_B_SPLINE_CURVE((1.,
0.989511740461,1.)) REPRESENTATION_ITEM('') );
#1931 = CARTESIAN_POINT('',(-6.265920216685,3.041577870969,7.));
#1932 = CARTESIAN_POINT('',(-6.411546273529,3.051788535534,7.));
#1933 = CARTESIAN_POINT('',(-6.548175941677,3.103203901767,7.));
#1934 = ORIENTED_EDGE('',*,*,#1935,.F.);
#1935 = EDGE_CURVE('',#964,#1928,#1936,.T.);
#1936 = LINE('',#1937,#1938);
#1937 = CARTESIAN_POINT('',(-6.548175941677,3.103203901767,0.));
#1938 = VECTOR('',#1939,1.);
#1939 = DIRECTION('',(0.,0.,1.));
#1940 = ORIENTED_EDGE('',*,*,#971,.F.);
#1941 = SURFACE_OF_LINEAR_EXTRUSION('',#1942,#1946);
#1942 = ( BOUNDED_CURVE() B_SPLINE_CURVE(2,(#1943,#1944,#1945),
.UNSPECIFIED.,.F.,.F.) B_SPLINE_CURVE_WITH_KNOTS((3,3),(0.,
0.289919229054),.PIECEWISE_BEZIER_KNOTS.) CURVE() 
GEOMETRIC_REPRESENTATION_ITEM() RATIONAL_B_SPLINE_CURVE((1.,
0.989511740461,1.)) REPRESENTATION_ITEM('') );
#1943 = CARTESIAN_POINT('',(-6.265920216685,3.041577870969,0.));
#1944 = CARTESIAN_POINT('',(-6.411546273529,3.051788535534,0.));
#1945 = CARTESIAN_POINT('',(-6.548175941677,3.103203901767,0.));
#1946 = VECTOR('',#1947,1.);
#1947 = DIRECTION('',(-0.,-0.,-1.));
#1948 = ADVANCED_FACE('',(#1949),#1967,.F.);
#1949 = FACE_BOUND('',#1950,.F.);
#1950 = EDGE_LOOP('',(#1951,#1952,#1960,#1966));
#1951 = ORIENTED_EDGE('',*,*,#1935,.T.);
#1952 = ORIENTED_EDGE('',*,*,#1953,.T.);
#1953 = EDGE_CURVE('',#1928,#1954,#1956,.T.);
#1954 = VERTEX_POINT('',#1955);
#1955 = CARTESIAN_POINT('',(-6.737853303608,3.024238169307,7.));
#1956 = ( BOUNDED_CURVE() B_SPLINE_CURVE(2,(#1957,#1958,#1959),
.UNSPECIFIED.,.F.,.F.) B_SPLINE_CURVE_WITH_KNOTS((3,3),(0.,
1.508825302794),.PIECEWISE_BEZIER_KNOTS.) CURVE() 
GEOMETRIC_REPRESENTATION_ITEM() RATIONAL_B_SPLINE_CURVE((1.,
0.728673920883,1.)) REPRESENTATION_ITEM('') );
#1957 = CARTESIAN_POINT('',(-6.548175941677,3.103203901767,7.));
#1958 = CARTESIAN_POINT('',(-6.680123494835,3.152857332541,7.));
#1959 = CARTESIAN_POINT('',(-6.737853303608,3.024238169307,7.));
#1960 = ORIENTED_EDGE('',*,*,#1961,.F.);
#1961 = EDGE_CURVE('',#956,#1954,#1962,.T.);
#1962 = LINE('',#1963,#1964);
#1963 = CARTESIAN_POINT('',(-6.737853303608,3.024238169307,0.));
#1964 = VECTOR('',#1965,1.);
#1965 = DIRECTION('',(0.,0.,1.));
#1966 = ORIENTED_EDGE('',*,*,#963,.F.);
#1967 = SURFACE_OF_LINEAR_EXTRUSION('',#1968,#1972);
#1968 = ( BOUNDED_CURVE() B_SPLINE_CURVE(2,(#1969,#1970,#1971),
.UNSPECIFIED.,.F.,.F.) B_SPLINE_CURVE_WITH_KNOTS((3,3),(0.,
1.508825302794),.PIECEWISE_BEZIER_KNOTS.) CURVE() 
GEOMETRIC_REPRESENTATION_ITEM() RATIONAL_B_SPLINE_CURVE((1.,
0.728673920883,1.)) REPRESENTATION_ITEM('') );
#1969 = CARTESIAN_POINT('',(-6.548175941677,3.103203901767,0.));
#1970 = CARTESIAN_POINT('',(-6.680123494835,3.152857332541,0.));
#1971 = CARTESIAN_POINT('',(-6.737853303608,3.024238169307,0.));
#1972 = VECTOR('',#1973,1.);
#1973 = DIRECTION('',(-0.,-0.,-1.));
#1974 = ADVANCED_FACE('',(#1975),#1993,.F.);
#1975 = FACE_BOUND('',#1976,.F.);
#1976 = EDGE_LOOP('',(#1977,#1978,#1986,#1992));
#1977 = ORIENTED_EDGE('',*,*,#1961,.T.);
#1978 = ORIENTED_EDGE('',*,*,#1979,.T.);
#1979 = EDGE_CURVE('',#1954,#1980,#1982,.T.);
#1980 = VERTEX_POINT('',#1981);
#1981 = CARTESIAN_POINT('',(-6.902841079061,2.625922444182,7.));
#1982 = ( BOUNDED_CURVE() B_SPLINE_CURVE(2,(#1983,#1984,#1985),
.UNSPECIFIED.,.F.,.F.) B_SPLINE_CURVE_WITH_KNOTS((3,3),(0.,
5.838450169226E-02),.PIECEWISE_BEZIER_KNOTS.) CURVE() 
GEOMETRIC_REPRESENTATION_ITEM() RATIONAL_B_SPLINE_CURVE((1.,
0.999573936504,1.)) REPRESENTATION_ITEM('') );
#1983 = CARTESIAN_POINT('',(-6.737853303608,3.024238169307,7.));
#1984 = CARTESIAN_POINT('',(-6.826162709681,2.827489173315,7.));
#1985 = CARTESIAN_POINT('',(-6.902841079061,2.625922444182,7.));
#1986 = ORIENTED_EDGE('',*,*,#1987,.F.);
#1987 = EDGE_CURVE('',#948,#1980,#1988,.T.);
#1988 = LINE('',#1989,#1990);
#1989 = CARTESIAN_POINT('',(-6.902841079061,2.625922444182,0.));
#1990 = VECTOR('',#1991,1.);
#1991 = DIRECTION('',(0.,0.,1.));
#1992 = ORIENTED_EDGE('',*,*,#955,.F.);
#1993 = SURFACE_OF_LINEAR_EXTRUSION('',#1994,#1998);
#1994 = ( BOUNDED_CURVE() B_SPLINE_CURVE(2,(#1995,#1996,#1997),
.UNSPECIFIED.,.F.,.F.) B_SPLINE_CURVE_WITH_KNOTS((3,3),(0.,
5.838450169226E-02),.PIECEWISE_BEZIER_KNOTS.) CURVE() 
GEOMETRIC_REPRESENTATION_ITEM() RATIONAL_B_SPLINE_CURVE((1.,
0.999573936504,1.)) REPRESENTATION_ITEM('') );
#1995 = CARTESIAN_POINT('',(-6.737853303608,3.024238169307,0.));
#1996 = CARTESIAN_POINT('',(-6.826162709681,2.827489173315,0.));
#1997 = CARTESIAN_POINT('',(-6.902841079061,2.625922444182,0.));
#1998 = VECTOR('',#1999,1.);
#1999 = DIRECTION('',(-0.,-0.,-1.));
#2000 = ADVANCED_FACE('',(#2001),#2019,.F.);
#2001 = FACE_BOUND('',#2002,.F.);
#2002 = EDGE_LOOP('',(#2003,#2004,#2012,#2018));
#2003 = ORIENTED_EDGE('',*,*,#1987,.T.);
#2004 = ORIENTED_EDGE('',*,*,#2005,.T.);
#2005 = EDGE_CURVE('',#1980,#2006,#2008,.T.);
#2006 = VERTEX_POINT('',#2007);
#2007 = CARTESIAN_POINT('',(-6.824556135106,2.435963090418,7.));
#2008 = ( BOUNDED_CURVE() B_SPLINE_CURVE(2,(#2009,#2010,#2011),
.UNSPECIFIED.,.F.,.F.) B_SPLINE_CURVE_WITH_KNOTS((3,3),(0.,
1.508825302794),.PIECEWISE_BEZIER_KNOTS.) CURVE() 
GEOMETRIC_REPRESENTATION_ITEM() RATIONAL_B_SPLINE_CURVE((1.,
0.728673920883,1.)) REPRESENTATION_ITEM('') );
#2009 = CARTESIAN_POINT('',(-6.902841079061,2.625922444182,7.));
#2010 = CARTESIAN_POINT('',(-6.952967422315,2.494153822408,7.));
#2011 = CARTESIAN_POINT('',(-6.824556135106,2.435963090418,7.));
#2012 = ORIENTED_EDGE('',*,*,#2013,.F.);
#2013 = EDGE_CURVE('',#940,#2006,#2014,.T.);
#2014 = LINE('',#2015,#2016);
#2015 = CARTESIAN_POINT('',(-6.824556135106,2.435963090418,0.));
#2016 = VECTOR('',#2017,1.);
#2017 = DIRECTION('',(0.,0.,1.));
#2018 = ORIENTED_EDGE('',*,*,#947,.F.);
#2019 = SURFACE_OF_LINEAR_EXTRUSION('',#2020,#2024);
#2020 = ( BOUNDED_CURVE() B_SPLINE_CURVE(2,(#2021,#2022,#2023),
.UNSPECIFIED.,.F.,.F.) B_SPLINE_CURVE_WITH_KNOTS((3,3),(0.,
1.508825302794),.PIECEWISE_BEZIER_KNOTS.) CURVE() 
GEOMETRIC_REPRESENTATION_ITEM() RATIONAL_B_SPLINE_CURVE((1.,
0.728673920883,1.)) REPRESENTATION_ITEM('') );
#2021 = CARTESIAN_POINT('',(-6.902841079061,2.625922444182,0.));
#2022 = CARTESIAN_POINT('',(-6.952967422315,2.494153822408,0.));
#2023 = CARTESIAN_POINT('',(-6.824556135106,2.435963090418,0.));
#2024 = VECTOR('',#2025,1.);
#2025 = DIRECTION('',(-0.,-0.,-1.));
#2026 = ADVANCED_FACE('',(#2027),#2045,.F.);
#2027 = FACE_BOUND('',#2028,.F.);
#2028 = EDGE_LOOP('',(#2029,#2030,#2038,#2044));
#2029 = ORIENTED_EDGE('',*,*,#2013,.T.);
#2030 = ORIENTED_EDGE('',*,*,#2031,.T.);
#2031 = EDGE_CURVE('',#2006,#2032,#2034,.T.);
#2032 = VERTEX_POINT('',#2033);
#2033 = CARTESIAN_POINT('',(-6.581395013661,2.279954337522,7.));
#2034 = ( BOUNDED_CURVE() B_SPLINE_CURVE(2,(#2035,#2036,#2037),
.UNSPECIFIED.,.F.,.F.) B_SPLINE_CURVE_WITH_KNOTS((3,3),(0.,
0.289919229054),.PIECEWISE_BEZIER_KNOTS.) CURVE() 
GEOMETRIC_REPRESENTATION_ITEM() RATIONAL_B_SPLINE_CURVE((1.,
0.989511740461,1.)) REPRESENTATION_ITEM('') );
#2035 = CARTESIAN_POINT('',(-6.824556135106,2.435963090418,7.));
#2036 = CARTESIAN_POINT('',(-6.691588216127,2.37570747968,7.));
#2037 = CARTESIAN_POINT('',(-6.581395013661,2.279954337522,7.));
#2038 = ORIENTED_EDGE('',*,*,#2039,.F.);
#2039 = EDGE_CURVE('',#932,#2032,#2040,.T.);
#2040 = LINE('',#2041,#2042);
#2041 = CARTESIAN_POINT('',(-6.581395013661,2.279954337522,0.));
#2042 = VECTOR('',#2043,1.);
#2043 = DIRECTION('',(0.,0.,1.));
#2044 = ORIENTED_EDGE('',*,*,#939,.F.);
#2045 = SURFACE_OF_LINEAR_EXTRUSION('',#2046,#2050);
#2046 = ( BOUNDED_CURVE() B_SPLINE_CURVE(2,(#2047,#2048,#2049),
.UNSPECIFIED.,.F.,.F.) B_SPLINE_CURVE_WITH_KNOTS((3,3),(0.,
0.289919229054),.PIECEWISE_BEZIER_KNOTS.) CURVE() 
GEOMETRIC_REPRESENTATION_ITEM() RATIONAL_B_SPLINE_CURVE((1.,
0.989511740461,1.)) REPRESENTATION_ITEM('') );
#2047 = CARTESIAN_POINT('',(-6.824556135106,2.435963090418,0.));
#2048 = CARTESIAN_POINT('',(-6.691588216127,2.37570747968,0.));
#2049 = CARTESIAN_POINT('',(-6.581395013661,2.279954337522,0.));
#2050 = VECTOR('',#2051,1.);
#2051 = DIRECTION('',(-0.,-0.,-1.));
#2052 = ADVANCED_FACE('',(#2053),#2071,.F.);
#2053 = FACE_BOUND('',#2054,.F.);
#2054 = EDGE_LOOP('',(#2055,#2056,#2064,#2070));
#2055 = ORIENTED_EDGE('',*,*,#2039,.T.);
#2056 = ORIENTED_EDGE('',*,*,#2057,.T.);
#2057 = EDGE_CURVE('',#2032,#2058,#2060,.T.);
#2058 = VERTEX_POINT('',#2059);
#2059 = CARTESIAN_POINT('',(-6.839632442932,1.316199131068,7.));
#2060 = ( BOUNDED_CURVE() B_SPLINE_CURVE(2,(#2061,#2062,#2063),
.UNSPECIFIED.,.F.,.F.) B_SPLINE_CURVE_WITH_KNOTS((3,3),(0.,
2.234397261374),.PIECEWISE_BEZIER_KNOTS.) CURVE() 
GEOMETRIC_REPRESENTATION_ITEM() RATIONAL_B_SPLINE_CURVE((1.,
0.438202247191,1.)) REPRESENTATION_ITEM('') );
#2061 = CARTESIAN_POINT('',(-6.581395013661,2.279954337522,7.));
#2062 = CARTESIAN_POINT('',(-5.722046849881,1.533217832479,7.));
#2063 = CARTESIAN_POINT('',(-6.839632442932,1.316199131068,7.));
#2064 = ORIENTED_EDGE('',*,*,#2065,.F.);
#2065 = EDGE_CURVE('',#924,#2058,#2066,.T.);
#2066 = LINE('',#2067,#2068);
#2067 = CARTESIAN_POINT('',(-6.839632442932,1.316199131068,0.));
#2068 = VECTOR('',#2069,1.);
#2069 = DIRECTION('',(0.,0.,1.));
#2070 = ORIENTED_EDGE('',*,*,#931,.F.);
#2071 = SURFACE_OF_LINEAR_EXTRUSION('',#2072,#2076);
#2072 = ( BOUNDED_CURVE() B_SPLINE_CURVE(2,(#2073,#2074,#2075),
.UNSPECIFIED.,.F.,.F.) B_SPLINE_CURVE_WITH_KNOTS((3,3),(0.,
2.234397261374),.PIECEWISE_BEZIER_KNOTS.) CURVE() 
GEOMETRIC_REPRESENTATION_ITEM() RATIONAL_B_SPLINE_CURVE((1.,
0.438202247191,1.)) REPRESENTATION_ITEM('') );
#2073 = CARTESIAN_POINT('',(-6.581395013661,2.279954337522,0.));
#2074 = CARTESIAN_POINT('',(-5.722046849881,1.533217832479,0.));
#2075 = CARTESIAN_POINT('',(-6.839632442932,1.316199131068,0.));
#2076 = VECTOR('',#2077,1.);
#2077 = DIRECTION('',(-0.,-0.,-1.));
#2078 = ADVANCED_FACE('',(#2079),#2097,.F.);
#2079 = FACE_BOUND('',#2080,.F.);
#2080 = EDGE_LOOP('',(#2081,#2082,#2090,#2096));
#2081 = ORIENTED_EDGE('',*,*,#2065,.T.);
#2082 = ORIENTED_EDGE('',*,*,#2083,.T.);
#2083 = EDGE_CURVE('',#2058,#2084,#2086,.T.);
#2084 = VERTEX_POINT('',#2085);
#2085 = CARTESIAN_POINT('',(-7.128220527764,1.302672148569,7.));
#2086 = ( BOUNDED_CURVE() B_SPLINE_CURVE(2,(#2087,#2088,#2089),
.UNSPECIFIED.,.F.,.F.) B_SPLINE_CURVE_WITH_KNOTS((3,3),(0.,
0.289919229054),.PIECEWISE_BEZIER_KNOTS.) CURVE() 
GEOMETRIC_REPRESENTATION_ITEM() RATIONAL_B_SPLINE_CURVE((1.,
0.989511740461,1.)) REPRESENTATION_ITEM('') );
#2087 = CARTESIAN_POINT('',(-6.839632442932,1.316199131068,7.));
#2088 = CARTESIAN_POINT('',(-6.982939126671,1.2883710787,7.));
#2089 = CARTESIAN_POINT('',(-7.128220527764,1.302672148569,7.));
#2090 = ORIENTED_EDGE('',*,*,#2091,.F.);
#2091 = EDGE_CURVE('',#916,#2084,#2092,.T.);
#2092 = LINE('',#2093,#2094);
#2093 = CARTESIAN_POINT('',(-7.128220527764,1.302672148569,0.));
#2094 = VECTOR('',#2095,1.);
#2095 = DIRECTION('',(0.,0.,1.));
#2096 = ORIENTED_EDGE('',*,*,#923,.F.);
#2097 = SURFACE_OF_LINEAR_EXTRUSION('',#2098,#2102);
#2098 = ( BOUNDED_CURVE() B_SPLINE_CURVE(2,(#2099,#2100,#2101),
.UNSPECIFIED.,.F.,.F.) B_SPLINE_CURVE_WITH_KNOTS((3,3),(0.,
0.289919229054),.PIECEWISE_BEZIER_KNOTS.) CURVE() 
GEOMETRIC_REPRESENTATION_ITEM() RATIONAL_B_SPLINE_CURVE((1.,
0.989511740461,1.)) REPRESENTATION_ITEM('') );
#2099 = CARTESIAN_POINT('',(-6.839632442932,1.316199131068,0.));
#2100 = CARTESIAN_POINT('',(-6.982939126671,1.2883710787,0.));
#2101 = CARTESIAN_POINT('',(-7.128220527764,1.302672148569,0.));
#2102 = VECTOR('',#2103,1.);
#2103 = DIRECTION('',(-0.,-0.,-1.));
#2104 = ADVANCED_FACE('',(#2105),#2123,.F.);
#2105 = FACE_BOUND('',#2106,.F.);
#2106 = EDGE_LOOP('',(#2107,#2108,#2116,#2122));
#2107 = ORIENTED_EDGE('',*,*,#2091,.T.);
#2108 = ORIENTED_EDGE('',*,*,#2109,.T.);
#2109 = EDGE_CURVE('',#2084,#2110,#2112,.T.);
#2110 = VERTEX_POINT('',#2111);
#2111 = CARTESIAN_POINT('',(-7.290996954845,1.177304994502,7.));
#2112 = ( BOUNDED_CURVE() B_SPLINE_CURVE(2,(#2113,#2114,#2115),
.UNSPECIFIED.,.F.,.F.) B_SPLINE_CURVE_WITH_KNOTS((3,3),(0.,
1.508825302794),.PIECEWISE_BEZIER_KNOTS.) CURVE() 
GEOMETRIC_REPRESENTATION_ITEM() RATIONAL_B_SPLINE_CURVE((1.,
0.728673920883,1.)) REPRESENTATION_ITEM('') );
#2113 = CARTESIAN_POINT('',(-7.128220527764,1.302672148569,7.));
#2114 = CARTESIAN_POINT('',(-7.268523330614,1.316483140006,7.));
#2115 = CARTESIAN_POINT('',(-7.290996954845,1.177304994502,7.));
#2116 = ORIENTED_EDGE('',*,*,#2117,.F.);
#2117 = EDGE_CURVE('',#908,#2110,#2118,.T.);
#2118 = LINE('',#2119,#2120);
#2119 = CARTESIAN_POINT('',(-7.290996954845,1.177304994502,0.));
#2120 = VECTOR('',#2121,1.);
#2121 = DIRECTION('',(0.,0.,1.));
#2122 = ORIENTED_EDGE('',*,*,#915,.F.);
#2123 = SURFACE_OF_LINEAR_EXTRUSION('',#2124,#2128);
#2124 = ( BOUNDED_CURVE() B_SPLINE_CURVE(2,(#2125,#2126,#2127),
.UNSPECIFIED.,.F.,.F.) B_SPLINE_CURVE_WITH_KNOTS((3,3),(0.,
1.508825302794),.PIECEWISE_BEZIER_KNOTS.) CURVE() 
GEOMETRIC_REPRESENTATION_ITEM() RATIONAL_B_SPLINE_CURVE((1.,
0.728673920883,1.)) REPRESENTATION_ITEM('') );
#2125 = CARTESIAN_POINT('',(-7.128220527764,1.302672148569,0.));
#2126 = CARTESIAN_POINT('',(-7.268523330614,1.316483140006,0.));
#2127 = CARTESIAN_POINT('',(-7.290996954845,1.177304994502,0.));
#2128 = VECTOR('',#2129,1.);
#2129 = DIRECTION('',(-0.,-0.,-1.));
#2130 = ADVANCED_FACE('',(#2131),#2149,.F.);
#2131 = FACE_BOUND('',#2132,.F.);
#2132 = EDGE_LOOP('',(#2133,#2134,#2142,#2148));
#2133 = ORIENTED_EDGE('',*,*,#2117,.T.);
#2134 = ORIENTED_EDGE('',*,*,#2135,.T.);
#2135 = EDGE_CURVE('',#2110,#2136,#2138,.T.);
#2136 = VERTEX_POINT('',#2137);
#2137 = CARTESIAN_POINT('',(-7.347271212551,0.74985957009,7.));
#2138 = ( BOUNDED_CURVE() B_SPLINE_CURVE(2,(#2139,#2140,#2141),
.UNSPECIFIED.,.F.,.F.) B_SPLINE_CURVE_WITH_KNOTS((3,3),(0.,
5.838450169226E-02),.PIECEWISE_BEZIER_KNOTS.) CURVE() 
GEOMETRIC_REPRESENTATION_ITEM() RATIONAL_B_SPLINE_CURVE((1.,
0.999573936504,1.)) REPRESENTATION_ITEM('') );
#2139 = CARTESIAN_POINT('',(-7.290996954845,1.177304994502,7.));
#2140 = CARTESIAN_POINT('',(-7.325374903608,0.964403901824,7.));
#2141 = CARTESIAN_POINT('',(-7.347271212551,0.74985957009,7.));
#2142 = ORIENTED_EDGE('',*,*,#2143,.F.);
#2143 = EDGE_CURVE('',#900,#2136,#2144,.T.);
#2144 = LINE('',#2145,#2146);
#2145 = CARTESIAN_POINT('',(-7.347271212551,0.74985957009,0.));
#2146 = VECTOR('',#2147,1.);
#2147 = DIRECTION('',(0.,0.,1.));
#2148 = ORIENTED_EDGE('',*,*,#907,.F.);
#2149 = SURFACE_OF_LINEAR_EXTRUSION('',#2150,#2154);
#2150 = ( BOUNDED_CURVE() B_SPLINE_CURVE(2,(#2151,#2152,#2153),
.UNSPECIFIED.,.F.,.F.) B_SPLINE_CURVE_WITH_KNOTS((3,3),(0.,
5.838450169226E-02),.PIECEWISE_BEZIER_KNOTS.) CURVE() 
GEOMETRIC_REPRESENTATION_ITEM() RATIONAL_B_SPLINE_CURVE((1.,
0.999573936504,1.)) REPRESENTATION_ITEM('') );
#2151 = CARTESIAN_POINT('',(-7.290996954845,1.177304994502,0.));
#2152 = CARTESIAN_POINT('',(-7.325374903608,0.964403901824,0.));
#2153 = CARTESIAN_POINT('',(-7.347271212551,0.74985957009,0.));
#2154 = VECTOR('',#2155,1.);
#2155 = DIRECTION('',(-0.,-0.,-1.));
#2156 = ADVANCED_FACE('',(#2157),#2175,.F.);
#2157 = FACE_BOUND('',#2158,.F.);
#2158 = EDGE_LOOP('',(#2159,#2160,#2168,#2174));
#2159 = ORIENTED_EDGE('',*,*,#2143,.T.);
#2160 = ORIENTED_EDGE('',*,*,#2161,.T.);
#2161 = EDGE_CURVE('',#2136,#2162,#2164,.T.);
#2162 = VERTEX_POINT('',#2163);
#2163 = CARTESIAN_POINT('',(-7.222488664825,0.586634558785,7.));
#2164 = ( BOUNDED_CURVE() B_SPLINE_CURVE(2,(#2165,#2166,#2167),
.UNSPECIFIED.,.F.,.F.) B_SPLINE_CURVE_WITH_KNOTS((3,3),(0.,
1.508825302794),.PIECEWISE_BEZIER_KNOTS.) CURVE() 
GEOMETRIC_REPRESENTATION_ITEM() RATIONAL_B_SPLINE_CURVE((1.,
0.728673920883,1.)) REPRESENTATION_ITEM('') );
#2165 = CARTESIAN_POINT('',(-7.347271212551,0.74985957009,7.));
#2166 = CARTESIAN_POINT('',(-7.361585313215,0.609607202929,7.));
#2167 = CARTESIAN_POINT('',(-7.222488664825,0.586634558785,7.));
#2168 = ORIENTED_EDGE('',*,*,#2169,.F.);
#2169 = EDGE_CURVE('',#892,#2162,#2170,.T.);
#2170 = LINE('',#2171,#2172);
#2171 = CARTESIAN_POINT('',(-7.222488664825,0.586634558785,0.));
#2172 = VECTOR('',#2173,1.);
#2173 = DIRECTION('',(0.,0.,1.));
#2174 = ORIENTED_EDGE('',*,*,#899,.F.);
#2175 = SURFACE_OF_LINEAR_EXTRUSION('',#2176,#2180);
#2176 = ( BOUNDED_CURVE() B_SPLINE_CURVE(2,(#2177,#2178,#2179),
.UNSPECIFIED.,.F.,.F.) B_SPLINE_CURVE_WITH_KNOTS((3,3),(0.,
1.508825302794),.PIECEWISE_BEZIER_KNOTS.) CURVE() 
GEOMETRIC_REPRESENTATION_ITEM() RATIONAL_B_SPLINE_CURVE((1.,
0.728673920883,1.)) REPRESENTATION_ITEM('') );
#2177 = CARTESIAN_POINT('',(-7.347271212551,0.74985957009,0.));
#2178 = CARTESIAN_POINT('',(-7.361585313215,0.609607202929,0.));
#2179 = CARTESIAN_POINT('',(-7.222488664825,0.586634558785,0.));
#2180 = VECTOR('',#2181,1.);
#2181 = DIRECTION('',(-0.,-0.,-1.));
#2182 = ADVANCED_FACE('',(#2183),#2201,.F.);
#2183 = FACE_BOUND('',#2184,.F.);
#2184 = EDGE_LOOP('',(#2185,#2186,#2194,#2200));
#2185 = ORIENTED_EDGE('',*,*,#2169,.T.);
#2186 = ORIENTED_EDGE('',*,*,#2187,.T.);
#2187 = EDGE_CURVE('',#2162,#2188,#2190,.T.);
#2188 = VERTEX_POINT('',#2189);
#2189 = CARTESIAN_POINT('',(-6.94723502122,0.498876404494,7.));
#2190 = ( BOUNDED_CURVE() B_SPLINE_CURVE(2,(#2191,#2192,#2193),
.UNSPECIFIED.,.F.,.F.) B_SPLINE_CURVE_WITH_KNOTS((3,3),(0.,
0.289919229054),.PIECEWISE_BEZIER_KNOTS.) CURVE() 
GEOMETRIC_REPRESENTATION_ITEM() RATIONAL_B_SPLINE_CURVE((1.,
0.989511740461,1.)) REPRESENTATION_ITEM('') );
#2191 = CARTESIAN_POINT('',(-7.222488664825,0.586634558785,7.));
#2192 = CARTESIAN_POINT('',(-7.078456218183,0.562846738014,7.));
#2193 = CARTESIAN_POINT('',(-6.94723502122,0.498876404494,7.));
#2194 = ORIENTED_EDGE('',*,*,#2195,.F.);
#2195 = EDGE_CURVE('',#884,#2188,#2196,.T.);
#2196 = LINE('',#2197,#2198);
#2197 = CARTESIAN_POINT('',(-6.94723502122,0.498876404494,0.));
#2198 = VECTOR('',#2199,1.);
#2199 = DIRECTION('',(0.,0.,1.));
#2200 = ORIENTED_EDGE('',*,*,#891,.F.);
#2201 = SURFACE_OF_LINEAR_EXTRUSION('',#2202,#2206);
#2202 = ( BOUNDED_CURVE() B_SPLINE_CURVE(2,(#2203,#2204,#2205),
.UNSPECIFIED.,.F.,.F.) B_SPLINE_CURVE_WITH_KNOTS((3,3),(0.,
0.289919229054),.PIECEWISE_BEZIER_KNOTS.) CURVE() 
GEOMETRIC_REPRESENTATION_ITEM() RATIONAL_B_SPLINE_CURVE((1.,
0.989511740461,1.)) REPRESENTATION_ITEM('') );
#2203 = CARTESIAN_POINT('',(-7.222488664825,0.586634558785,0.));
#2204 = CARTESIAN_POINT('',(-7.078456218183,0.562846738014,0.));
#2205 = CARTESIAN_POINT('',(-6.94723502122,0.498876404494,0.));
#2206 = VECTOR('',#2207,1.);
#2207 = DIRECTION('',(-0.,-0.,-1.));
#2208 = ADVANCED_FACE('',(#2209),#2227,.F.);
#2209 = FACE_BOUND('',#2210,.F.);
#2210 = EDGE_LOOP('',(#2211,#2212,#2220,#2226));
#2211 = ORIENTED_EDGE('',*,*,#2195,.T.);
#2212 = ORIENTED_EDGE('',*,*,#2213,.T.);
#2213 = EDGE_CURVE('',#2188,#2214,#2216,.T.);
#2214 = VERTEX_POINT('',#2215);
#2215 = CARTESIAN_POINT('',(-6.94723502122,-0.498876404494,7.));
#2216 = ( BOUNDED_CURVE() B_SPLINE_CURVE(2,(#2217,#2218,#2219),
.UNSPECIFIED.,.F.,.F.) B_SPLINE_CURVE_WITH_KNOTS((3,3),(0.,
2.234397261374),.PIECEWISE_BEZIER_KNOTS.) CURVE() 
GEOMETRIC_REPRESENTATION_ITEM() RATIONAL_B_SPLINE_CURVE((1.,
0.438202247191,1.)) REPRESENTATION_ITEM('') );
#2217 = CARTESIAN_POINT('',(-6.94723502122,0.498876404494,7.));
#2218 = CARTESIAN_POINT('',(-5.923898806873,8.9E-16,7.));
#2219 = CARTESIAN_POINT('',(-6.94723502122,-0.498876404494,7.));
#2220 = ORIENTED_EDGE('',*,*,#2221,.F.);
#2221 = EDGE_CURVE('',#876,#2214,#2222,.T.);
#2222 = LINE('',#2223,#2224);
#2223 = CARTESIAN_POINT('',(-6.94723502122,-0.498876404494,0.));
#2224 = VECTOR('',#2225,1.);
#2225 = DIRECTION('',(0.,0.,1.));
#2226 = ORIENTED_EDGE('',*,*,#883,.F.);
#2227 = SURFACE_OF_LINEAR_EXTRUSION('',#2228,#2232);
#2228 = ( BOUNDED_CURVE() B_SPLINE_CURVE(2,(#2229,#2230,#2231),
.UNSPECIFIED.,.F.,.F.) B_SPLINE_CURVE_WITH_KNOTS((3,3),(0.,
2.234397261374),.PIECEWISE_BEZIER_KNOTS.) CURVE() 
GEOMETRIC_REPRESENTATION_ITEM() RATIONAL_B_SPLINE_CURVE((1.,
0.438202247191,1.)) REPRESENTATION_ITEM('') );
#2229 = CARTESIAN_POINT('',(-6.94723502122,0.498876404494,0.));
#2230 = CARTESIAN_POINT('',(-5.923898806873,8.9E-16,0.));
#2231 = CARTESIAN_POINT('',(-6.94723502122,-0.498876404494,0.));
#2232 = VECTOR('',#2233,1.);
#2233 = DIRECTION('',(-0.,-0.,-1.));
#2234 = ADVANCED_FACE('',(#2235),#2253,.F.);
#2235 = FACE_BOUND('',#2236,.F.);
#2236 = EDGE_LOOP('',(#2237,#2238,#2246,#2252));
#2237 = ORIENTED_EDGE('',*,*,#2221,.T.);
#2238 = ORIENTED_EDGE('',*,*,#2239,.T.);
#2239 = EDGE_CURVE('',#2214,#2240,#2242,.T.);
#2240 = VERTEX_POINT('',#2241);
#2241 = CARTESIAN_POINT('',(-7.222488664825,-0.586634558785,7.));
#2242 = ( BOUNDED_CURVE() B_SPLINE_CURVE(2,(#2243,#2244,#2245),
.UNSPECIFIED.,.F.,.F.) B_SPLINE_CURVE_WITH_KNOTS((3,3),(0.,
0.289919229054),.PIECEWISE_BEZIER_KNOTS.) CURVE() 
GEOMETRIC_REPRESENTATION_ITEM() RATIONAL_B_SPLINE_CURVE((1.,
0.989511740461,1.)) REPRESENTATION_ITEM('') );
#2243 = CARTESIAN_POINT('',(-6.94723502122,-0.498876404494,7.));
#2244 = CARTESIAN_POINT('',(-7.078456218183,-0.562846738014,7.));
#2245 = CARTESIAN_POINT('',(-7.222488664825,-0.586634558785,7.));
#2246 = ORIENTED_EDGE('',*,*,#2247,.F.);
#2247 = EDGE_CURVE('',#868,#2240,#2248,.T.);
#2248 = LINE('',#2249,#2250);
#2249 = CARTESIAN_POINT('',(-7.222488664825,-0.586634558785,0.));
#2250 = VECTOR('',#2251,1.);
#2251 = DIRECTION('',(0.,0.,1.));
#2252 = ORIENTED_EDGE('',*,*,#875,.F.);
#2253 = SURFACE_OF_LINEAR_EXTRUSION('',#2254,#2258);
#2254 = ( BOUNDED_CURVE() B_SPLINE_CURVE(2,(#2255,#2256,#2257),
.UNSPECIFIED.,.F.,.F.) B_SPLINE_CURVE_WITH_KNOTS((3,3),(0.,
0.289919229054),.PIECEWISE_BEZIER_KNOTS.) CURVE() 
GEOMETRIC_REPRESENTATION_ITEM() RATIONAL_B_SPLINE_CURVE((1.,
0.989511740461,1.)) REPRESENTATION_ITEM('') );
#2255 = CARTESIAN_POINT('',(-6.94723502122,-0.498876404494,0.));
#2256 = CARTESIAN_POINT('',(-7.078456218183,-0.562846738014,0.));
#2257 = CARTESIAN_POINT('',(-7.222488664825,-0.586634558785,0.));
#2258 = VECTOR('',#2259,1.);
#2259 = DIRECTION('',(-0.,-0.,-1.));
#2260 = ADVANCED_FACE('',(#2261),#2279,.F.);
#2261 = FACE_BOUND('',#2262,.F.);
#2262 = EDGE_LOOP('',(#2263,#2264,#2272,#2278));
#2263 = ORIENTED_EDGE('',*,*,#2247,.T.);
#2264 = ORIENTED_EDGE('',*,*,#2265,.T.);
#2265 = EDGE_CURVE('',#2240,#2266,#2268,.T.);
#2266 = VERTEX_POINT('',#2267);
#2267 = CARTESIAN_POINT('',(-7.347271212551,-0.74985957009,7.));
#2268 = ( BOUNDED_CURVE() B_SPLINE_CURVE(2,(#2269,#2270,#2271),
.UNSPECIFIED.,.F.,.F.) B_SPLINE_CURVE_WITH_KNOTS((3,3),(0.,
1.508825302794),.PIECEWISE_BEZIER_KNOTS.) CURVE() 
GEOMETRIC_REPRESENTATION_ITEM() RATIONAL_B_SPLINE_CURVE((1.,
0.728673920883,1.)) REPRESENTATION_ITEM('') );
#2269 = CARTESIAN_POINT('',(-7.222488664825,-0.586634558785,7.));
#2270 = CARTESIAN_POINT('',(-7.361585313215,-0.609607202929,7.));
#2271 = CARTESIAN_POINT('',(-7.347271212551,-0.74985957009,7.));
#2272 = ORIENTED_EDGE('',*,*,#2273,.F.);
#2273 = EDGE_CURVE('',#860,#2266,#2274,.T.);
#2274 = LINE('',#2275,#2276);
#2275 = CARTESIAN_POINT('',(-7.347271212551,-0.74985957009,0.));
#2276 = VECTOR('',#2277,1.);
#2277 = DIRECTION('',(0.,0.,1.));
#2278 = ORIENTED_EDGE('',*,*,#867,.F.);
#2279 = SURFACE_OF_LINEAR_EXTRUSION('',#2280,#2284);
#2280 = ( BOUNDED_CURVE() B_SPLINE_CURVE(2,(#2281,#2282,#2283),
.UNSPECIFIED.,.F.,.F.) B_SPLINE_CURVE_WITH_KNOTS((3,3),(0.,
1.508825302794),.PIECEWISE_BEZIER_KNOTS.) CURVE() 
GEOMETRIC_REPRESENTATION_ITEM() RATIONAL_B_SPLINE_CURVE((1.,
0.728673920883,1.)) REPRESENTATION_ITEM('') );
#2281 = CARTESIAN_POINT('',(-7.222488664825,-0.586634558785,0.));
#2282 = CARTESIAN_POINT('',(-7.361585313215,-0.609607202929,0.));
#2283 = CARTESIAN_POINT('',(-7.347271212551,-0.74985957009,0.));
#2284 = VECTOR('',#2285,1.);
#2285 = DIRECTION('',(-0.,-0.,-1.));
#2286 = ADVANCED_FACE('',(#2287),#2305,.F.);
#2287 = FACE_BOUND('',#2288,.F.);
#2288 = EDGE_LOOP('',(#2289,#2290,#2298,#2304));
#2289 = ORIENTED_EDGE('',*,*,#2273,.T.);
#2290 = ORIENTED_EDGE('',*,*,#2291,.T.);
#2291 = EDGE_CURVE('',#2266,#2292,#2294,.T.);
#2292 = VERTEX_POINT('',#2293);
#2293 = CARTESIAN_POINT('',(-7.290996954845,-1.177304994502,7.));
#2294 = ( BOUNDED_CURVE() B_SPLINE_CURVE(2,(#2295,#2296,#2297),
.UNSPECIFIED.,.F.,.F.) B_SPLINE_CURVE_WITH_KNOTS((3,3),(0.,
5.838450169226E-02),.PIECEWISE_BEZIER_KNOTS.) CURVE() 
GEOMETRIC_REPRESENTATION_ITEM() RATIONAL_B_SPLINE_CURVE((1.,
0.999573936504,1.)) REPRESENTATION_ITEM('') );
#2295 = CARTESIAN_POINT('',(-7.347271212551,-0.74985957009,7.));
#2296 = CARTESIAN_POINT('',(-7.325374903608,-0.964403901824,7.));
#2297 = CARTESIAN_POINT('',(-7.290996954845,-1.177304994502,7.));
#2298 = ORIENTED_EDGE('',*,*,#2299,.F.);
#2299 = EDGE_CURVE('',#852,#2292,#2300,.T.);
#2300 = LINE('',#2301,#2302);
#2301 = CARTESIAN_POINT('',(-7.290996954845,-1.177304994502,0.));
#2302 = VECTOR('',#2303,1.);
#2303 = DIRECTION('',(0.,0.,1.));
#2304 = ORIENTED_EDGE('',*,*,#859,.F.);
#2305 = SURFACE_OF_LINEAR_EXTRUSION('',#2306,#2310);
#2306 = ( BOUNDED_CURVE() B_SPLINE_CURVE(2,(#2307,#2308,#2309),
.UNSPECIFIED.,.F.,.F.) B_SPLINE_CURVE_WITH_KNOTS((3,3),(0.,
5.838450169226E-02),.PIECEWISE_BEZIER_KNOTS.) CURVE() 
GEOMETRIC_REPRESENTATION_ITEM() RATIONAL_B_SPLINE_CURVE((1.,
0.999573936504,1.)) REPRESENTATION_ITEM('') );
#2307 = CARTESIAN_POINT('',(-7.347271212551,-0.74985957009,0.));
#2308 = CARTESIAN_POINT('',(-7.325374903608,-0.964403901824,0.));
#2309 = CARTESIAN_POINT('',(-7.290996954845,-1.177304994502,0.));
#2310 = VECTOR('',#2311,1.);
#2311 = DIRECTION('',(-0.,-0.,-1.));
#2312 = ADVANCED_FACE('',(#2313),#2331,.F.);
#2313 = FACE_BOUND('',#2314,.F.);
#2314 = EDGE_LOOP('',(#2315,#2316,#2324,#2330));
#2315 = ORIENTED_EDGE('',*,*,#2299,.T.);
#2316 = ORIENTED_EDGE('',*,*,#2317,.T.);
#2317 = EDGE_CURVE('',#2292,#2318,#2320,.T.);
#2318 = VERTEX_POINT('',#2319);
#2319 = CARTESIAN_POINT('',(-7.128220527764,-1.302672148569,7.));
#2320 = ( BOUNDED_CURVE() B_SPLINE_CURVE(2,(#2321,#2322,#2323),
.UNSPECIFIED.,.F.,.F.) B_SPLINE_CURVE_WITH_KNOTS((3,3),(0.,
1.508825302794),.PIECEWISE_BEZIER_KNOTS.) CURVE() 
GEOMETRIC_REPRESENTATION_ITEM() RATIONAL_B_SPLINE_CURVE((1.,
0.728673920883,1.)) REPRESENTATION_ITEM('') );
#2321 = CARTESIAN_POINT('',(-7.290996954845,-1.177304994502,7.));
#2322 = CARTESIAN_POINT('',(-7.268523330614,-1.316483140006,7.));
#2323 = CARTESIAN_POINT('',(-7.128220527764,-1.302672148569,7.));
#2324 = ORIENTED_EDGE('',*,*,#2325,.F.);
#2325 = EDGE_CURVE('',#844,#2318,#2326,.T.);
#2326 = LINE('',#2327,#2328);
#2327 = CARTESIAN_POINT('',(-7.128220527764,-1.302672148569,0.));
#2328 = VECTOR('',#2329,1.);
#2329 = DIRECTION('',(0.,0.,1.));
#2330 = ORIENTED_EDGE('',*,*,#851,.F.);
#2331 = SURFACE_OF_LINEAR_EXTRUSION('',#2332,#2336);
#2332 = ( BOUNDED_CURVE() B_SPLINE_CURVE(2,(#2333,#2334,#2335),
.UNSPECIFIED.,.F.,.F.) B_SPLINE_CURVE_WITH_KNOTS((3,3),(0.,
1.508825302794),.PIECEWISE_BEZIER_KNOTS.) CURVE() 
GEOMETRIC_REPRESENTATION_ITEM() RATIONAL_B_SPLINE_CURVE((1.,
0.728673920883,1.)) REPRESENTATION_ITEM('') );
#2333 = CARTESIAN_POINT('',(-7.290996954845,-1.177304994502,0.));
#2334 = CARTESIAN_POINT('',(-7.268523330614,-1.316483140006,0.));
#2335 = CARTESIAN_POINT('',(-7.128220527764,-1.302672148569,0.));
#2336 = VECTOR('',#2337,1.);
#2337 = DIRECTION('',(-0.,-0.,-1.));
#2338 = ADVANCED_FACE('',(#2339),#2357,.F.);
#2339 = FACE_BOUND('',#2340,.F.);
#2340 = EDGE_LOOP('',(#2341,#2342,#2350,#2356));
#2341 = ORIENTED_EDGE('',*,*,#2325,.T.);
#2342 = ORIENTED_EDGE('',*,*,#2343,.T.);
#2343 = EDGE_CURVE('',#2318,#2344,#2346,.T.);
#2344 = VERTEX_POINT('',#2345);
#2345 = CARTESIAN_POINT('',(-6.839632442932,-1.316199131068,7.));
#2346 = ( BOUNDED_CURVE() B_SPLINE_CURVE(2,(#2347,#2348,#2349),
.UNSPECIFIED.,.F.,.F.) B_SPLINE_CURVE_WITH_KNOTS((3,3),(0.,
0.289919229054),.PIECEWISE_BEZIER_KNOTS.) CURVE() 
GEOMETRIC_REPRESENTATION_ITEM() RATIONAL_B_SPLINE_CURVE((1.,
0.989511740461,1.)) REPRESENTATION_ITEM('') );
#2347 = CARTESIAN_POINT('',(-7.128220527764,-1.302672148569,7.));
#2348 = CARTESIAN_POINT('',(-6.982939126671,-1.2883710787,7.));
#2349 = CARTESIAN_POINT('',(-6.839632442932,-1.316199131068,7.));
#2350 = ORIENTED_EDGE('',*,*,#2351,.F.);
#2351 = EDGE_CURVE('',#836,#2344,#2352,.T.);
#2352 = LINE('',#2353,#2354);
#2353 = CARTESIAN_POINT('',(-6.839632442932,-1.316199131068,0.));
#2354 = VECTOR('',#2355,1.);
#2355 = DIRECTION('',(0.,0.,1.));
#2356 = ORIENTED_EDGE('',*,*,#843,.F.);
#2357 = SURFACE_OF_LINEAR_EXTRUSION('',#2358,#2362);
#2358 = ( BOUNDED_CURVE() B_SPLINE_CURVE(2,(#2359,#2360,#2361),
.UNSPECIFIED.,.F.,.F.) B_SPLINE_CURVE_WITH_KNOTS((3,3),(0.,
0.289919229054),.PIECEWISE_BEZIER_KNOTS.) CURVE() 
GEOMETRIC_REPRESENTATION_ITEM() RATIONAL_B_SPLINE_CURVE((1.,
0.989511740461,1.)) REPRESENTATION_ITEM('') );
#2359 = CARTESIAN_POINT('',(-7.128220527764,-1.302672148569,0.));
#2360 = CARTESIAN_POINT('',(-6.982939126671,-1.2883710787,0.));
#2361 = CARTESIAN_POINT('',(-6.839632442932,-1.316199131068,0.));
#2362 = VECTOR('',#2363,1.);
#2363 = DIRECTION('',(-0.,-0.,-1.));
#2364 = ADVANCED_FACE('',(#2365),#2383,.F.);
#2365 = FACE_BOUND('',#2366,.F.);
#2366 = EDGE_LOOP('',(#2367,#2368,#2376,#2382));
#2367 = ORIENTED_EDGE('',*,*,#2351,.T.);
#2368 = ORIENTED_EDGE('',*,*,#2369,.T.);
#2369 = EDGE_CURVE('',#2344,#2370,#2372,.T.);
#2370 = VERTEX_POINT('',#2371);
#2371 = CARTESIAN_POINT('',(-6.581395013661,-2.279954337522,7.));
#2372 = ( BOUNDED_CURVE() B_SPLINE_CURVE(2,(#2373,#2374,#2375),
.UNSPECIFIED.,.F.,.F.) B_SPLINE_CURVE_WITH_KNOTS((3,3),(0.,
2.234397261374),.PIECEWISE_BEZIER_KNOTS.) CURVE() 
GEOMETRIC_REPRESENTATION_ITEM() RATIONAL_B_SPLINE_CURVE((1.,
0.438202247191,1.)) REPRESENTATION_ITEM('') );
#2373 = CARTESIAN_POINT('',(-6.839632442932,-1.316199131068,7.));
#2374 = CARTESIAN_POINT('',(-5.722046849881,-1.533217832479,7.));
#2375 = CARTESIAN_POINT('',(-6.581395013661,-2.279954337522,7.));
#2376 = ORIENTED_EDGE('',*,*,#2377,.F.);
#2377 = EDGE_CURVE('',#828,#2370,#2378,.T.);
#2378 = LINE('',#2379,#2380);
#2379 = CARTESIAN_POINT('',(-6.581395013661,-2.279954337522,0.));
#2380 = VECTOR('',#2381,1.);
#2381 = DIRECTION('',(0.,0.,1.));
#2382 = ORIENTED_EDGE('',*,*,#835,.F.);
#2383 = SURFACE_OF_LINEAR_EXTRUSION('',#2384,#2388);
#2384 = ( BOUNDED_CURVE() B_SPLINE_CURVE(2,(#2385,#2386,#2387),
.UNSPECIFIED.,.F.,.F.) B_SPLINE_CURVE_WITH_KNOTS((3,3),(0.,
2.234397261374),.PIECEWISE_BEZIER_KNOTS.) CURVE() 
GEOMETRIC_REPRESENTATION_ITEM() RATIONAL_B_SPLINE_CURVE((1.,
0.438202247191,1.)) REPRESENTATION_ITEM('') );
#2385 = CARTESIAN_POINT('',(-6.839632442932,-1.316199131068,0.));
#2386 = CARTESIAN_POINT('',(-5.722046849881,-1.533217832479,0.));
#2387 = CARTESIAN_POINT('',(-6.581395013661,-2.279954337522,0.));
#2388 = VECTOR('',#2389,1.);
#2389 = DIRECTION('',(-0.,-0.,-1.));
#2390 = ADVANCED_FACE('',(#2391),#2409,.F.);
#2391 = FACE_BOUND('',#2392,.F.);
#2392 = EDGE_LOOP('',(#2393,#2394,#2402,#2408));
#2393 = ORIENTED_EDGE('',*,*,#2377,.T.);
#2394 = ORIENTED_EDGE('',*,*,#2395,.T.);
#2395 = EDGE_CURVE('',#2370,#2396,#2398,.T.);
#2396 = VERTEX_POINT('',#2397);
#2397 = CARTESIAN_POINT('',(-6.824556135106,-2.435963090418,7.));
#2398 = ( BOUNDED_CURVE() B_SPLINE_CURVE(2,(#2399,#2400,#2401),
.UNSPECIFIED.,.F.,.F.) B_SPLINE_CURVE_WITH_KNOTS((3,3),(0.,
0.289919229054),.PIECEWISE_BEZIER_KNOTS.) CURVE() 
GEOMETRIC_REPRESENTATION_ITEM() RATIONAL_B_SPLINE_CURVE((1.,
0.989511740461,1.)) REPRESENTATION_ITEM('') );
#2399 = CARTESIAN_POINT('',(-6.581395013661,-2.279954337522,7.));
#2400 = CARTESIAN_POINT('',(-6.691588216127,-2.37570747968,7.));
#2401 = CARTESIAN_POINT('',(-6.824556135106,-2.435963090418,7.));
#2402 = ORIENTED_EDGE('',*,*,#2403,.F.);
#2403 = EDGE_CURVE('',#820,#2396,#2404,.T.);
#2404 = LINE('',#2405,#2406);
#2405 = CARTESIAN_POINT('',(-6.824556135106,-2.435963090418,0.));
#2406 = VECTOR('',#2407,1.);
#2407 = DIRECTION('',(0.,0.,1.));
#2408 = ORIENTED_EDGE('',*,*,#827,.F.);
#2409 = SURFACE_OF_LINEAR_EXTRUSION('',#2410,#2414);
#2410 = ( BOUNDED_CURVE() B_SPLINE_CURVE(2,(#2411,#2412,#2413),
.UNSPECIFIED.,.F.,.F.) B_SPLINE_CURVE_WITH_KNOTS((3,3),(0.,
0.289919229054),.PIECEWISE_BEZIER_KNOTS.) CURVE() 
GEOMETRIC_REPRESENTATION_ITEM() RATIONAL_B_SPLINE_CURVE((1.,
0.989511740461,1.)) REPRESENTATION_ITEM('') );
#2411 = CARTESIAN_POINT('',(-6.581395013661,-2.279954337522,0.));
#2412 = CARTESIAN_POINT('',(-6.691588216127,-2.37570747968,0.));
#2413 = CARTESIAN_POINT('',(-6.824556135106,-2.435963090418,0.));
#2414 = VECTOR('',#2415,1.);
#2415 = DIRECTION('',(-0.,-0.,-1.));
#2416 = ADVANCED_FACE('',(#2417),#2435,.F.);
#2417 = FACE_BOUND('',#2418,.F.);
#2418 = EDGE_LOOP('',(#2419,#2420,#2428,#2434));
#2419 = ORIENTED_EDGE('',*,*,#2403,.T.);
#2420 = ORIENTED_EDGE('',*,*,#2421,.T.);
#2421 = EDGE_CURVE('',#2396,#2422,#2424,.T.);
#2422 = VERTEX_POINT('',#2423);
#2423 = CARTESIAN_POINT('',(-6.902841079061,-2.625922444182,7.));
#2424 = ( BOUNDED_CURVE() B_SPLINE_CURVE(2,(#2425,#2426,#2427),
.UNSPECIFIED.,.F.,.F.) B_SPLINE_CURVE_WITH_KNOTS((3,3),(0.,
1.508825302794),.PIECEWISE_BEZIER_KNOTS.) CURVE() 
GEOMETRIC_REPRESENTATION_ITEM() RATIONAL_B_SPLINE_CURVE((1.,
0.728673920883,1.)) REPRESENTATION_ITEM('') );
#2425 = CARTESIAN_POINT('',(-6.824556135106,-2.435963090418,7.));
#2426 = CARTESIAN_POINT('',(-6.952967422315,-2.494153822408,7.));
#2427 = CARTESIAN_POINT('',(-6.902841079061,-2.625922444182,7.));
#2428 = ORIENTED_EDGE('',*,*,#2429,.F.);
#2429 = EDGE_CURVE('',#812,#2422,#2430,.T.);
#2430 = LINE('',#2431,#2432);
#2431 = CARTESIAN_POINT('',(-6.902841079061,-2.625922444182,0.));
#2432 = VECTOR('',#2433,1.);
#2433 = DIRECTION('',(0.,0.,1.));
#2434 = ORIENTED_EDGE('',*,*,#819,.F.);
#2435 = SURFACE_OF_LINEAR_EXTRUSION('',#2436,#2440);
#2436 = ( BOUNDED_CURVE() B_SPLINE_CURVE(2,(#2437,#2438,#2439),
.UNSPECIFIED.,.F.,.F.) B_SPLINE_CURVE_WITH_KNOTS((3,3),(0.,
1.508825302794),.PIECEWISE_BEZIER_KNOTS.) CURVE() 
GEOMETRIC_REPRESENTATION_ITEM() RATIONAL_B_SPLINE_CURVE((1.,
0.728673920883,1.)) REPRESENTATION_ITEM('') );
#2437 = CARTESIAN_POINT('',(-6.824556135106,-2.435963090418,0.));
#2438 = CARTESIAN_POINT('',(-6.952967422315,-2.494153822408,0.));
#2439 = CARTESIAN_POINT('',(-6.902841079061,-2.625922444182,0.));
#2440 = VECTOR('',#2441,1.);
#2441 = DIRECTION('',(-0.,-0.,-1.));
#2442 = ADVANCED_FACE('',(#2443),#2461,.F.);
#2443 = FACE_BOUND('',#2444,.F.);
#2444 = EDGE_LOOP('',(#2445,#2446,#2454,#2460));
#2445 = ORIENTED_EDGE('',*,*,#2429,.T.);
#2446 = ORIENTED_EDGE('',*,*,#2447,.T.);
#2447 = EDGE_CURVE('',#2422,#2448,#2450,.T.);
#2448 = VERTEX_POINT('',#2449);
#2449 = CARTESIAN_POINT('',(-6.737853303608,-3.024238169307,7.));
#2450 = ( BOUNDED_CURVE() B_SPLINE_CURVE(2,(#2451,#2452,#2453),
.UNSPECIFIED.,.F.,.F.) B_SPLINE_CURVE_WITH_KNOTS((3,3),(0.,
5.838450169226E-02),.PIECEWISE_BEZIER_KNOTS.) CURVE() 
GEOMETRIC_REPRESENTATION_ITEM() RATIONAL_B_SPLINE_CURVE((1.,
0.999573936504,1.)) REPRESENTATION_ITEM('') );
#2451 = CARTESIAN_POINT('',(-6.902841079061,-2.625922444182,7.));
#2452 = CARTESIAN_POINT('',(-6.826162709681,-2.827489173315,7.));
#2453 = CARTESIAN_POINT('',(-6.737853303608,-3.024238169307,7.));
#2454 = ORIENTED_EDGE('',*,*,#2455,.F.);
#2455 = EDGE_CURVE('',#804,#2448,#2456,.T.);
#2456 = LINE('',#2457,#2458);
#2457 = CARTESIAN_POINT('',(-6.737853303608,-3.024238169307,0.));
#2458 = VECTOR('',#2459,1.);
#2459 = DIRECTION('',(0.,0.,1.));
#2460 = ORIENTED_EDGE('',*,*,#811,.F.);
#2461 = SURFACE_OF_LINEAR_EXTRUSION('',#2462,#2466);
#2462 = ( BOUNDED_CURVE() B_SPLINE_CURVE(2,(#2463,#2464,#2465),
.UNSPECIFIED.,.F.,.F.) B_SPLINE_CURVE_WITH_KNOTS((3,3),(0.,
5.838450169226E-02),.PIECEWISE_BEZIER_KNOTS.) CURVE() 
GEOMETRIC_REPRESENTATION_ITEM() RATIONAL_B_SPLINE_CURVE((1.,
0.999573936504,1.)) REPRESENTATION_ITEM('') );
#2463 = CARTESIAN_POINT('',(-6.902841079061,-2.625922444182,0.));
#2464 = CARTESIAN_POINT('',(-6.826162709681,-2.827489173315,0.));
#2465 = CARTESIAN_POINT('',(-6.737853303608,-3.024238169307,0.));
#2466 = VECTOR('',#2467,1.);
#2467 = DIRECTION('',(-0.,-0.,-1.));
#2468 = ADVANCED_FACE('',(#2469),#2487,.F.);
#2469 = FACE_BOUND('',#2470,.F.);
#2470 = EDGE_LOOP('',(#2471,#2472,#2480,#2486));
#2471 = ORIENTED_EDGE('',*,*,#2455,.T.);
#2472 = ORIENTED_EDGE('',*,*,#2473,.T.);
#2473 = EDGE_CURVE('',#2448,#2474,#2476,.T.);
#2474 = VERTEX_POINT('',#2475);
#2475 = CARTESIAN_POINT('',(-6.548175941677,-3.103203901767,7.));
#2476 = ( BOUNDED_CURVE() B_SPLINE_CURVE(2,(#2477,#2478,#2479),
.UNSPECIFIED.,.F.,.F.) B_SPLINE_CURVE_WITH_KNOTS((3,3),(0.,
1.508825302794),.PIECEWISE_BEZIER_KNOTS.) CURVE() 
GEOMETRIC_REPRESENTATION_ITEM() RATIONAL_B_SPLINE_CURVE((1.,
0.728673920883,1.)) REPRESENTATION_ITEM('') );
#2477 = CARTESIAN_POINT('',(-6.737853303608,-3.024238169307,7.));
#2478 = CARTESIAN_POINT('',(-6.680123494835,-3.152857332541,7.));
#2479 = CARTESIAN_POINT('',(-6.548175941677,-3.103203901767,7.));
#2480 = ORIENTED_EDGE('',*,*,#2481,.F.);
#2481 = EDGE_CURVE('',#796,#2474,#2482,.T.);
#2482 = LINE('',#2483,#2484);
#2483 = CARTESIAN_POINT('',(-6.548175941677,-3.103203901767,0.));
#2484 = VECTOR('',#2485,1.);
#2485 = DIRECTION('',(0.,0.,1.));
#2486 = ORIENTED_EDGE('',*,*,#803,.F.);
#2487 = SURFACE_OF_LINEAR_EXTRUSION('',#2488,#2492);
#2488 = ( BOUNDED_CURVE() B_SPLINE_CURVE(2,(#2489,#2490,#2491),
.UNSPECIFIED.,.F.,.F.) B_SPLINE_CURVE_WITH_KNOTS((3,3),(0.,
1.508825302794),.PIECEWISE_BEZIER_KNOTS.) CURVE() 
GEOMETRIC_REPRESENTATION_ITEM() RATIONAL_B_SPLINE_CURVE((1.,
0.728673920883,1.)) REPRESENTATION_ITEM('') );
#2489 = CARTESIAN_POINT('',(-6.737853303608,-3.024238169307,0.));
#2490 = CARTESIAN_POINT('',(-6.680123494835,-3.152857332541,0.));
#2491 = CARTESIAN_POINT('',(-6.548175941677,-3.103203901767,0.));
#2492 = VECTOR('',#2493,1.);
#2493 = DIRECTION('',(-0.,-0.,-1.));
#2494 = ADVANCED_FACE('',(#2495),#2513,.F.);
#2495 = FACE_BOUND('',#2496,.F.);
#2496 = EDGE_LOOP('',(#2497,#2498,#2506,#2512));
#2497 = ORIENTED_EDGE('',*,*,#2481,.T.);
#2498 = ORIENTED_EDGE('',*,*,#2499,.T.);
#2499 = EDGE_CURVE('',#2474,#2500,#2502,.T.);
#2500 = VERTEX_POINT('',#2501);
#2501 = CARTESIAN_POINT('',(-6.265920216685,-3.041577870969,7.));
#2502 = ( BOUNDED_CURVE() B_SPLINE_CURVE(2,(#2503,#2504,#2505),
.UNSPECIFIED.,.F.,.F.) B_SPLINE_CURVE_WITH_KNOTS((3,3),(0.,
0.289919229054),.PIECEWISE_BEZIER_KNOTS.) CURVE() 
GEOMETRIC_REPRESENTATION_ITEM() RATIONAL_B_SPLINE_CURVE((1.,
0.989511740461,1.)) REPRESENTATION_ITEM('') );
#2503 = CARTESIAN_POINT('',(-6.548175941677,-3.103203901767,7.));
#2504 = CARTESIAN_POINT('',(-6.411546273529,-3.051788535534,7.));
#2505 = CARTESIAN_POINT('',(-6.265920216685,-3.041577870969,7.));
#2506 = ORIENTED_EDGE('',*,*,#2507,.F.);
#2507 = EDGE_CURVE('',#788,#2500,#2508,.T.);
#2508 = LINE('',#2509,#2510);
#2509 = CARTESIAN_POINT('',(-6.265920216685,-3.041577870969,0.));
#2510 = VECTOR('',#2511,1.);
#2511 = DIRECTION('',(0.,0.,1.));
#2512 = ORIENTED_EDGE('',*,*,#795,.F.);
#2513 = SURFACE_OF_LINEAR_EXTRUSION('',#2514,#2518);
#2514 = ( BOUNDED_CURVE() B_SPLINE_CURVE(2,(#2515,#2516,#2517),
.UNSPECIFIED.,.F.,.F.) B_SPLINE_CURVE_WITH_KNOTS((3,3),(0.,
0.289919229054),.PIECEWISE_BEZIER_KNOTS.) CURVE() 
GEOMETRIC_REPRESENTATION_ITEM() RATIONAL_B_SPLINE_CURVE((1.,
0.989511740461,1.)) REPRESENTATION_ITEM('') );
#2515 = CARTESIAN_POINT('',(-6.548175941677,-3.103203901767,0.));
#2516 = CARTESIAN_POINT('',(-6.411546273529,-3.051788535534,0.));
#2517 = CARTESIAN_POINT('',(-6.265920216685,-3.041577870969,0.));
#2518 = VECTOR('',#2519,1.);
#2519 = DIRECTION('',(-0.,-0.,-1.));
#2520 = ADVANCED_FACE('',(#2521),#2539,.F.);
#2521 = FACE_BOUND('',#2522,.F.);
#2522 = EDGE_LOOP('',(#2523,#2524,#2532,#2538));
#2523 = ORIENTED_EDGE('',*,*,#2507,.T.);
#2524 = ORIENTED_EDGE('',*,*,#2525,.T.);
#2525 = EDGE_CURVE('',#2500,#2526,#2528,.T.);
#2526 = VERTEX_POINT('',#2527);
#2527 = CARTESIAN_POINT('',(-5.76704381219,-3.905657150251,7.));
#2528 = ( BOUNDED_CURVE() B_SPLINE_CURVE(2,(#2529,#2530,#2531),
.UNSPECIFIED.,.F.,.F.) B_SPLINE_CURVE_WITH_KNOTS((3,3),(0.,
2.234397261374),.PIECEWISE_BEZIER_KNOTS.) CURVE() 
GEOMETRIC_REPRESENTATION_ITEM() RATIONAL_B_SPLINE_CURVE((1.,
0.438202247191,1.)) REPRESENTATION_ITEM('') );
#2529 = CARTESIAN_POINT('',(-6.265920216685,-3.041577870969,7.));
#2530 = CARTESIAN_POINT('',(-5.1302468562,-2.961949403436,7.));
#2531 = CARTESIAN_POINT('',(-5.76704381219,-3.905657150251,7.));
#2532 = ORIENTED_EDGE('',*,*,#2533,.F.);
#2533 = EDGE_CURVE('',#780,#2526,#2534,.T.);
#2534 = LINE('',#2535,#2536);
#2535 = CARTESIAN_POINT('',(-5.76704381219,-3.905657150251,0.));
#2536 = VECTOR('',#2537,1.);
#2537 = DIRECTION('',(0.,0.,1.));
#2538 = ORIENTED_EDGE('',*,*,#787,.F.);
#2539 = SURFACE_OF_LINEAR_EXTRUSION('',#2540,#2544);
#2540 = ( BOUNDED_CURVE() B_SPLINE_CURVE(2,(#2541,#2542,#2543),
.UNSPECIFIED.,.F.,.F.) B_SPLINE_CURVE_WITH_KNOTS((3,3),(0.,
2.234397261374),.PIECEWISE_BEZIER_KNOTS.) CURVE() 
GEOMETRIC_REPRESENTATION_ITEM() RATIONAL_B_SPLINE_CURVE((1.,
0.438202247191,1.)) REPRESENTATION_ITEM('') );
#2541 = CARTESIAN_POINT('',(-6.265920216685,-3.041577870969,0.));
#2542 = CARTESIAN_POINT('',(-5.1302468562,-2.961949403436,0.));
#2543 = CARTESIAN_POINT('',(-5.76704381219,-3.905657150251,0.));
#2544 = VECTOR('',#2545,1.);
#2545 = DIRECTION('',(-0.,-0.,-1.));
#2546 = ADVANCED_FACE('',(#2547),#2565,.F.);
#2547 = FACE_BOUND('',#2548,.F.);
#2548 = EDGE_LOOP('',(#2549,#2550,#2558,#2564));
#2549 = ORIENTED_EDGE('',*,*,#2533,.T.);
#2550 = ORIENTED_EDGE('',*,*,#2551,.T.);
#2551 = EDGE_CURVE('',#2526,#2552,#2554,.T.);
#2552 = VERTEX_POINT('',#2553);
#2553 = CARTESIAN_POINT('',(-5.961541382891,-4.119284763059,7.));
#2554 = ( BOUNDED_CURVE() B_SPLINE_CURVE(2,(#2555,#2556,#2557),
.UNSPECIFIED.,.F.,.F.) B_SPLINE_CURVE_WITH_KNOTS((3,3),(0.,
0.289919229054),.PIECEWISE_BEZIER_KNOTS.) CURVE() 
GEOMETRIC_REPRESENTATION_ITEM() RATIONAL_B_SPLINE_CURVE((1.,
0.989511740461,1.)) REPRESENTATION_ITEM('') );
#2555 = CARTESIAN_POINT('',(-5.76704381219,-3.905657150251,7.));
#2556 = CARTESIAN_POINT('',(-5.848699535515,-4.026667682648,7.));
#2557 = CARTESIAN_POINT('',(-5.961541382891,-4.119284763059,7.));
#2558 = ORIENTED_EDGE('',*,*,#2559,.F.);
#2559 = EDGE_CURVE('',#772,#2552,#2560,.T.);
#2560 = LINE('',#2561,#2562);
#2561 = CARTESIAN_POINT('',(-5.961541382891,-4.119284763059,0.));
#2562 = VECTOR('',#2563,1.);
#2563 = DIRECTION('',(0.,0.,1.));
#2564 = ORIENTED_EDGE('',*,*,#779,.F.);
#2565 = SURFACE_OF_LINEAR_EXTRUSION('',#2566,#2570);
#2566 = ( BOUNDED_CURVE() B_SPLINE_CURVE(2,(#2567,#2568,#2569),
.UNSPECIFIED.,.F.,.F.) B_SPLINE_CURVE_WITH_KNOTS((3,3),(0.,
0.289919229054),.PIECEWISE_BEZIER_KNOTS.) CURVE() 
GEOMETRIC_REPRESENTATION_ITEM() RATIONAL_B_SPLINE_CURVE((1.,
0.989511740461,1.)) REPRESENTATION_ITEM('') );
#2567 = CARTESIAN_POINT('',(-5.76704381219,-3.905657150251,0.));
#2568 = CARTESIAN_POINT('',(-5.848699535515,-4.026667682648,0.));
#2569 = CARTESIAN_POINT('',(-5.961541382891,-4.119284763059,0.));
#2570 = VECTOR('',#2571,1.);
#2571 = DIRECTION('',(-0.,-0.,-1.));
#2572 = ADVANCED_FACE('',(#2573),#2591,.F.);
#2573 = FACE_BOUND('',#2574,.F.);
#2574 = EDGE_LOOP('',(#2575,#2576,#2584,#2590));
#2575 = ORIENTED_EDGE('',*,*,#2559,.T.);
#2576 = ORIENTED_EDGE('',*,*,#2577,.T.);
#2577 = EDGE_CURVE('',#2552,#2578,#2580,.T.);
#2578 = VERTEX_POINT('',#2579);
#2579 = CARTESIAN_POINT('',(-5.987993733518,-4.323033043244,7.));
#2580 = ( BOUNDED_CURVE() B_SPLINE_CURVE(2,(#2581,#2582,#2583),
.UNSPECIFIED.,.F.,.F.) B_SPLINE_CURVE_WITH_KNOTS((3,3),(0.,
1.508825302794),.PIECEWISE_BEZIER_KNOTS.) CURVE() 
GEOMETRIC_REPRESENTATION_ITEM() RATIONAL_B_SPLINE_CURVE((1.,
0.728673920883,1.)) REPRESENTATION_ITEM('') );
#2581 = CARTESIAN_POINT('',(-5.961541382891,-4.119284763059,7.));
#2582 = CARTESIAN_POINT('',(-6.070516291906,-4.208727980674,7.));
#2583 = CARTESIAN_POINT('',(-5.987993733518,-4.323033043244,7.));
#2584 = ORIENTED_EDGE('',*,*,#2585,.F.);
#2585 = EDGE_CURVE('',#764,#2578,#2586,.T.);
#2586 = LINE('',#2587,#2588);
#2587 = CARTESIAN_POINT('',(-5.987993733518,-4.323033043244,0.));
#2588 = VECTOR('',#2589,1.);
#2589 = DIRECTION('',(0.,0.,1.));
#2590 = ORIENTED_EDGE('',*,*,#771,.F.);
#2591 = SURFACE_OF_LINEAR_EXTRUSION('',#2592,#2596);
#2592 = ( BOUNDED_CURVE() B_SPLINE_CURVE(2,(#2593,#2594,#2595),
.UNSPECIFIED.,.F.,.F.) B_SPLINE_CURVE_WITH_KNOTS((3,3),(0.,
1.508825302794),.PIECEWISE_BEZIER_KNOTS.) CURVE() 
GEOMETRIC_REPRESENTATION_ITEM() RATIONAL_B_SPLINE_CURVE((1.,
0.728673920883,1.)) REPRESENTATION_ITEM('') );
#2593 = CARTESIAN_POINT('',(-5.961541382891,-4.119284763059,0.));
#2594 = CARTESIAN_POINT('',(-6.070516291906,-4.208727980674,0.));
#2595 = CARTESIAN_POINT('',(-5.987993733518,-4.323033043244,0.));
#2596 = VECTOR('',#2597,1.);
#2597 = DIRECTION('',(-0.,-0.,-1.));
#2598 = ADVANCED_FACE('',(#2599),#2617,.F.);
#2599 = FACE_BOUND('',#2600,.F.);
#2600 = EDGE_LOOP('',(#2601,#2602,#2610,#2616));
#2601 = ORIENTED_EDGE('',*,*,#2585,.T.);
#2602 = ORIENTED_EDGE('',*,*,#2603,.T.);
#2603 = EDGE_CURVE('',#2578,#2604,#2606,.T.);
#2604 = VERTEX_POINT('',#2605);
#2605 = CARTESIAN_POINT('',(-5.72553608456,-4.665074510663,7.));
#2606 = ( BOUNDED_CURVE() B_SPLINE_CURVE(2,(#2607,#2608,#2609),
.UNSPECIFIED.,.F.,.F.) B_SPLINE_CURVE_WITH_KNOTS((3,3),(0.,
5.838450169226E-02),.PIECEWISE_BEZIER_KNOTS.) CURVE() 
GEOMETRIC_REPRESENTATION_ITEM() RATIONAL_B_SPLINE_CURVE((1.,
0.999573936504,1.)) REPRESENTATION_ITEM('') );
#2607 = CARTESIAN_POINT('',(-5.987993733518,-4.323033043244,7.));
#2608 = CARTESIAN_POINT('',(-5.861758807857,-4.497885730292,7.));
#2609 = CARTESIAN_POINT('',(-5.72553608456,-4.665074510663,7.));
#2610 = ORIENTED_EDGE('',*,*,#2611,.F.);
#2611 = EDGE_CURVE('',#756,#2604,#2612,.T.);
#2612 = LINE('',#2613,#2614);
#2613 = CARTESIAN_POINT('',(-5.72553608456,-4.665074510663,0.));
#2614 = VECTOR('',#2615,1.);
#2615 = DIRECTION('',(0.,0.,1.));
#2616 = ORIENTED_EDGE('',*,*,#763,.F.);
#2617 = SURFACE_OF_LINEAR_EXTRUSION('',#2618,#2622);
#2618 = ( BOUNDED_CURVE() B_SPLINE_CURVE(2,(#2619,#2620,#2621),
.UNSPECIFIED.,.F.,.F.) B_SPLINE_CURVE_WITH_KNOTS((3,3),(0.,
5.838450169226E-02),.PIECEWISE_BEZIER_KNOTS.) CURVE() 
GEOMETRIC_REPRESENTATION_ITEM() RATIONAL_B_SPLINE_CURVE((1.,
0.999573936504,1.)) REPRESENTATION_ITEM('') );
#2619 = CARTESIAN_POINT('',(-5.987993733518,-4.323033043244,0.));
#2620 = CARTESIAN_POINT('',(-5.861758807857,-4.497885730292,0.));
#2621 = CARTESIAN_POINT('',(-5.72553608456,-4.665074510663,0.));
#2622 = VECTOR('',#2623,1.);
#2623 = DIRECTION('',(-0.,-0.,-1.));
#2624 = ADVANCED_FACE('',(#2625),#2643,.F.);
#2625 = FACE_BOUND('',#2626,.F.);
#2626 = EDGE_LOOP('',(#2627,#2628,#2636,#2642));
#2627 = ORIENTED_EDGE('',*,*,#2611,.T.);
#2628 = ORIENTED_EDGE('',*,*,#2629,.T.);
#2629 = EDGE_CURVE('',#2604,#2630,#2632,.T.);
#2630 = VERTEX_POINT('',#2631);
#2631 = CARTESIAN_POINT('',(-5.521883986536,-4.692257437345,7.));
#2632 = ( BOUNDED_CURVE() B_SPLINE_CURVE(2,(#2633,#2634,#2635),
.UNSPECIFIED.,.F.,.F.) B_SPLINE_CURVE_WITH_KNOTS((3,3),(0.,
1.508825302794),.PIECEWISE_BEZIER_KNOTS.) CURVE() 
GEOMETRIC_REPRESENTATION_ITEM() RATIONAL_B_SPLINE_CURVE((1.,
0.728673920883,1.)) REPRESENTATION_ITEM('') );
#2633 = CARTESIAN_POINT('',(-5.72553608456,-4.665074510663,7.));
#2634 = CARTESIAN_POINT('',(-5.636484282309,-4.774369508207,7.));
#2635 = CARTESIAN_POINT('',(-5.521883986536,-4.692257437345,7.));
#2636 = ORIENTED_EDGE('',*,*,#2637,.F.);
#2637 = EDGE_CURVE('',#748,#2630,#2638,.T.);
#2638 = LINE('',#2639,#2640);
#2639 = CARTESIAN_POINT('',(-5.521883986536,-4.692257437345,0.));
#2640 = VECTOR('',#2641,1.);
#2641 = DIRECTION('',(0.,0.,1.));
#2642 = ORIENTED_EDGE('',*,*,#755,.F.);
#2643 = SURFACE_OF_LINEAR_EXTRUSION('',#2644,#2648);
#2644 = ( BOUNDED_CURVE() B_SPLINE_CURVE(2,(#2645,#2646,#2647),
.UNSPECIFIED.,.F.,.F.) B_SPLINE_CURVE_WITH_KNOTS((3,3),(0.,
1.508825302794),.PIECEWISE_BEZIER_KNOTS.) CURVE() 
GEOMETRIC_REPRESENTATION_ITEM() RATIONAL_B_SPLINE_CURVE((1.,
0.728673920883,1.)) REPRESENTATION_ITEM('') );
#2645 = CARTESIAN_POINT('',(-5.72553608456,-4.665074510663,0.));
#2646 = CARTESIAN_POINT('',(-5.636484282309,-4.774369508207,0.));
#2647 = CARTESIAN_POINT('',(-5.521883986536,-4.692257437345,0.));
#2648 = VECTOR('',#2649,1.);
#2649 = DIRECTION('',(-0.,-0.,-1.));
#2650 = ADVANCED_FACE('',(#2651),#2669,.F.);
#2651 = FACE_BOUND('',#2652,.F.);
#2652 = EDGE_LOOP('',(#2653,#2654,#2662,#2668));
#2653 = ORIENTED_EDGE('',*,*,#2637,.T.);
#2654 = ORIENTED_EDGE('',*,*,#2655,.T.);
#2655 = EDGE_CURVE('',#2630,#2656,#2658,.T.);
#2656 = VERTEX_POINT('',#2657);
#2657 = CARTESIAN_POINT('',(-5.265195882593,-4.559678105409,7.));
#2658 = ( BOUNDED_CURVE() B_SPLINE_CURVE(2,(#2659,#2660,#2661),
.UNSPECIFIED.,.F.,.F.) B_SPLINE_CURVE_WITH_KNOTS((3,3),(0.,
0.289919229054),.PIECEWISE_BEZIER_KNOTS.) CURVE() 
GEOMETRIC_REPRESENTATION_ITEM() RATIONAL_B_SPLINE_CURVE((1.,
0.989511740461,1.)) REPRESENTATION_ITEM('') );
#2659 = CARTESIAN_POINT('',(-5.521883986536,-4.692257437345,7.));
#2660 = CARTESIAN_POINT('',(-5.403217137427,-4.607231646991,7.));
#2661 = CARTESIAN_POINT('',(-5.265195882593,-4.559678105409,7.));
#2662 = ORIENTED_EDGE('',*,*,#2663,.F.);
#2663 = EDGE_CURVE('',#740,#2656,#2664,.T.);
#2664 = LINE('',#2665,#2666);
#2665 = CARTESIAN_POINT('',(-5.265195882593,-4.559678105409,0.));
#2666 = VECTOR('',#2667,1.);
#2667 = DIRECTION('',(0.,0.,1.));
#2668 = ORIENTED_EDGE('',*,*,#747,.F.);
#2669 = SURFACE_OF_LINEAR_EXTRUSION('',#2670,#2674);
#2670 = ( BOUNDED_CURVE() B_SPLINE_CURVE(2,(#2671,#2672,#2673),
.UNSPECIFIED.,.F.,.F.) B_SPLINE_CURVE_WITH_KNOTS((3,3),(0.,
0.289919229054),.PIECEWISE_BEZIER_KNOTS.) CURVE() 
GEOMETRIC_REPRESENTATION_ITEM() RATIONAL_B_SPLINE_CURVE((1.,
0.989511740461,1.)) REPRESENTATION_ITEM('') );
#2671 = CARTESIAN_POINT('',(-5.521883986536,-4.692257437345,0.));
#2672 = CARTESIAN_POINT('',(-5.403217137427,-4.607231646991,0.));
#2673 = CARTESIAN_POINT('',(-5.265195882593,-4.559678105409,0.));
#2674 = VECTOR('',#2675,1.);
#2675 = DIRECTION('',(-0.,-0.,-1.));
#2676 = ADVANCED_FACE('',(#2677),#2695,.F.);
#2677 = FACE_BOUND('',#2678,.F.);
#2678 = EDGE_LOOP('',(#2679,#2680,#2688,#2694));
#2679 = ORIENTED_EDGE('',*,*,#2663,.T.);
#2680 = ORIENTED_EDGE('',*,*,#2681,.T.);
#2681 = EDGE_CURVE('',#2656,#2682,#2684,.T.);
#2682 = VERTEX_POINT('',#2683);
#2683 = CARTESIAN_POINT('',(-4.559678105409,-5.265195882593,7.));
#2684 = ( BOUNDED_CURVE() B_SPLINE_CURVE(2,(#2685,#2686,#2687),
.UNSPECIFIED.,.F.,.F.) B_SPLINE_CURVE_WITH_KNOTS((3,3),(0.,
2.234397261374),.PIECEWISE_BEZIER_KNOTS.) CURVE() 
GEOMETRIC_REPRESENTATION_ITEM() RATIONAL_B_SPLINE_CURVE((1.,
0.438202247191,1.)) REPRESENTATION_ITEM('') );
#2685 = CARTESIAN_POINT('',(-5.265195882593,-4.559678105409,7.));
#2686 = CARTESIAN_POINT('',(-4.188829017402,-4.188829017402,7.));
#2687 = CARTESIAN_POINT('',(-4.559678105409,-5.265195882593,7.));
#2688 = ORIENTED_EDGE('',*,*,#2689,.F.);
#2689 = EDGE_CURVE('',#732,#2682,#2690,.T.);
#2690 = LINE('',#2691,#2692);
#2691 = CARTESIAN_POINT('',(-4.559678105409,-5.265195882593,0.));
#2692 = VECTOR('',#2693,1.);
#2693 = DIRECTION('',(0.,0.,1.));
#2694 = ORIENTED_EDGE('',*,*,#739,.F.);
#2695 = SURFACE_OF_LINEAR_EXTRUSION('',#2696,#2700);
#2696 = ( BOUNDED_CURVE() B_SPLINE_CURVE(2,(#2697,#2698,#2699),
.UNSPECIFIED.,.F.,.F.) B_SPLINE_CURVE_WITH_KNOTS((3,3),(0.,
2.234397261374),.PIECEWISE_BEZIER_KNOTS.) CURVE() 
GEOMETRIC_REPRESENTATION_ITEM() RATIONAL_B_SPLINE_CURVE((1.,
0.438202247191,1.)) REPRESENTATION_ITEM('') );
#2697 = CARTESIAN_POINT('',(-5.265195882593,-4.559678105409,0.));
#2698 = CARTESIAN_POINT('',(-4.188829017402,-4.188829017402,0.));
#2699 = CARTESIAN_POINT('',(-4.559678105409,-5.265195882593,0.));
#2700 = VECTOR('',#2701,1.);
#2701 = DIRECTION('',(-0.,-0.,-1.));
#2702 = ADVANCED_FACE('',(#2703),#2721,.F.);
#2703 = FACE_BOUND('',#2704,.F.);
#2704 = EDGE_LOOP('',(#2705,#2706,#2714,#2720));
#2705 = ORIENTED_EDGE('',*,*,#2689,.T.);
#2706 = ORIENTED_EDGE('',*,*,#2707,.T.);
#2707 = EDGE_CURVE('',#2682,#2708,#2710,.T.);
#2708 = VERTEX_POINT('',#2709);
#2709 = CARTESIAN_POINT('',(-4.692257437345,-5.521883986536,7.));
#2710 = ( BOUNDED_CURVE() B_SPLINE_CURVE(2,(#2711,#2712,#2713),
.UNSPECIFIED.,.F.,.F.) B_SPLINE_CURVE_WITH_KNOTS((3,3),(0.,
0.289919229054),.PIECEWISE_BEZIER_KNOTS.) CURVE() 
GEOMETRIC_REPRESENTATION_ITEM() RATIONAL_B_SPLINE_CURVE((1.,
0.989511740461,1.)) REPRESENTATION_ITEM('') );
#2711 = CARTESIAN_POINT('',(-4.559678105409,-5.265195882593,7.));
#2712 = CARTESIAN_POINT('',(-4.607231646991,-5.403217137427,7.));
#2713 = CARTESIAN_POINT('',(-4.692257437345,-5.521883986536,7.));
#2714 = ORIENTED_EDGE('',*,*,#2715,.F.);
#2715 = EDGE_CURVE('',#724,#2708,#2716,.T.);
#2716 = LINE('',#2717,#2718);
#2717 = CARTESIAN_POINT('',(-4.692257437345,-5.521883986536,0.));
#2718 = VECTOR('',#2719,1.);
#2719 = DIRECTION('',(0.,0.,1.));
#2720 = ORIENTED_EDGE('',*,*,#731,.F.);
#2721 = SURFACE_OF_LINEAR_EXTRUSION('',#2722,#2726);
#2722 = ( BOUNDED_CURVE() B_SPLINE_CURVE(2,(#2723,#2724,#2725),
.UNSPECIFIED.,.F.,.F.) B_SPLINE_CURVE_WITH_KNOTS((3,3),(0.,
0.289919229054),.PIECEWISE_BEZIER_KNOTS.) CURVE() 
GEOMETRIC_REPRESENTATION_ITEM() RATIONAL_B_SPLINE_CURVE((1.,
0.989511740461,1.)) REPRESENTATION_ITEM('') );
#2723 = CARTESIAN_POINT('',(-4.559678105409,-5.265195882593,0.));
#2724 = CARTESIAN_POINT('',(-4.607231646991,-5.403217137427,0.));
#2725 = CARTESIAN_POINT('',(-4.692257437345,-5.521883986536,0.));
#2726 = VECTOR('',#2727,1.);
#2727 = DIRECTION('',(-0.,-0.,-1.));
#2728 = ADVANCED_FACE('',(#2729),#2747,.F.);
#2729 = FACE_BOUND('',#2730,.F.);
#2730 = EDGE_LOOP('',(#2731,#2732,#2740,#2746));
#2731 = ORIENTED_EDGE('',*,*,#2715,.T.);
#2732 = ORIENTED_EDGE('',*,*,#2733,.T.);
#2733 = EDGE_CURVE('',#2708,#2734,#2736,.T.);
#2734 = VERTEX_POINT('',#2735);
#2735 = CARTESIAN_POINT('',(-4.665074510663,-5.72553608456,7.));
#2736 = ( BOUNDED_CURVE() B_SPLINE_CURVE(2,(#2737,#2738,#2739),
.UNSPECIFIED.,.F.,.F.) B_SPLINE_CURVE_WITH_KNOTS((3,3),(0.,
1.508825302794),.PIECEWISE_BEZIER_KNOTS.) CURVE() 
GEOMETRIC_REPRESENTATION_ITEM() RATIONAL_B_SPLINE_CURVE((1.,
0.728673920883,1.)) REPRESENTATION_ITEM('') );
#2737 = CARTESIAN_POINT('',(-4.692257437345,-5.521883986536,7.));
#2738 = CARTESIAN_POINT('',(-4.774369508207,-5.636484282309,7.));
#2739 = CARTESIAN_POINT('',(-4.665074510663,-5.72553608456,7.));
#2740 = ORIENTED_EDGE('',*,*,#2741,.F.);
#2741 = EDGE_CURVE('',#716,#2734,#2742,.T.);
#2742 = LINE('',#2743,#2744);
#2743 = CARTESIAN_POINT('',(-4.665074510663,-5.72553608456,0.));
#2744 = VECTOR('',#2745,1.);
#2745 = DIRECTION('',(0.,0.,1.));
#2746 = ORIENTED_EDGE('',*,*,#723,.F.);
#2747 = SURFACE_OF_LINEAR_EXTRUSION('',#2748,#2752);
#2748 = ( BOUNDED_CURVE() B_SPLINE_CURVE(2,(#2749,#2750,#2751),
.UNSPECIFIED.,.F.,.F.) B_SPLINE_CURVE_WITH_KNOTS((3,3),(0.,
1.508825302794),.PIECEWISE_BEZIER_KNOTS.) CURVE() 
GEOMETRIC_REPRESENTATION_ITEM() RATIONAL_B_SPLINE_CURVE((1.,
0.728673920883,1.)) REPRESENTATION_ITEM('') );
#2749 = CARTESIAN_POINT('',(-4.692257437345,-5.521883986536,0.));
#2750 = CARTESIAN_POINT('',(-4.774369508207,-5.636484282309,0.));
#2751 = CARTESIAN_POINT('',(-4.665074510663,-5.72553608456,0.));
#2752 = VECTOR('',#2753,1.);
#2753 = DIRECTION('',(-0.,-0.,-1.));
#2754 = ADVANCED_FACE('',(#2755),#2773,.F.);
#2755 = FACE_BOUND('',#2756,.F.);
#2756 = EDGE_LOOP('',(#2757,#2758,#2766,#2772));
#2757 = ORIENTED_EDGE('',*,*,#2741,.T.);
#2758 = ORIENTED_EDGE('',*,*,#2759,.T.);
#2759 = EDGE_CURVE('',#2734,#2760,#2762,.T.);
#2760 = VERTEX_POINT('',#2761);
#2761 = CARTESIAN_POINT('',(-4.323033043244,-5.987993733518,7.));
#2762 = ( BOUNDED_CURVE() B_SPLINE_CURVE(2,(#2763,#2764,#2765),
.UNSPECIFIED.,.F.,.F.) B_SPLINE_CURVE_WITH_KNOTS((3,3),(0.,
5.838450169226E-02),.PIECEWISE_BEZIER_KNOTS.) CURVE() 
GEOMETRIC_REPRESENTATION_ITEM() RATIONAL_B_SPLINE_CURVE((1.,
0.999573936504,1.)) REPRESENTATION_ITEM('') );
#2763 = CARTESIAN_POINT('',(-4.665074510663,-5.72553608456,7.));
#2764 = CARTESIAN_POINT('',(-4.497885730292,-5.861758807857,7.));
#2765 = CARTESIAN_POINT('',(-4.323033043244,-5.987993733518,7.));
#2766 = ORIENTED_EDGE('',*,*,#2767,.F.);
#2767 = EDGE_CURVE('',#708,#2760,#2768,.T.);
#2768 = LINE('',#2769,#2770);
#2769 = CARTESIAN_POINT('',(-4.323033043244,-5.987993733518,0.));
#2770 = VECTOR('',#2771,1.);
#2771 = DIRECTION('',(0.,0.,1.));
#2772 = ORIENTED_EDGE('',*,*,#715,.F.);
#2773 = SURFACE_OF_LINEAR_EXTRUSION('',#2774,#2778);
#2774 = ( BOUNDED_CURVE() B_SPLINE_CURVE(2,(#2775,#2776,#2777),
.UNSPECIFIED.,.F.,.F.) B_SPLINE_CURVE_WITH_KNOTS((3,3),(0.,
5.838450169226E-02),.PIECEWISE_BEZIER_KNOTS.) CURVE() 
GEOMETRIC_REPRESENTATION_ITEM() RATIONAL_B_SPLINE_CURVE((1.,
0.999573936504,1.)) REPRESENTATION_ITEM('') );
#2775 = CARTESIAN_POINT('',(-4.665074510663,-5.72553608456,0.));
#2776 = CARTESIAN_POINT('',(-4.497885730292,-5.861758807857,0.));
#2777 = CARTESIAN_POINT('',(-4.323033043244,-5.987993733518,0.));
#2778 = VECTOR('',#2779,1.);
#2779 = DIRECTION('',(-0.,-0.,-1.));
#2780 = ADVANCED_FACE('',(#2781),#2799,.F.);
#2781 = FACE_BOUND('',#2782,.F.);
#2782 = EDGE_LOOP('',(#2783,#2784,#2792,#2798));
#2783 = ORIENTED_EDGE('',*,*,#2767,.T.);
#2784 = ORIENTED_EDGE('',*,*,#2785,.T.);
#2785 = EDGE_CURVE('',#2760,#2786,#2788,.T.);
#2786 = VERTEX_POINT('',#2787);
#2787 = CARTESIAN_POINT('',(-4.119284763059,-5.961541382891,7.));
#2788 = ( BOUNDED_CURVE() B_SPLINE_CURVE(2,(#2789,#2790,#2791),
.UNSPECIFIED.,.F.,.F.) B_SPLINE_CURVE_WITH_KNOTS((3,3),(0.,
1.508825302794),.PIECEWISE_BEZIER_KNOTS.) CURVE() 
GEOMETRIC_REPRESENTATION_ITEM() RATIONAL_B_SPLINE_CURVE((1.,
0.728673920883,1.)) REPRESENTATION_ITEM('') );
#2789 = CARTESIAN_POINT('',(-4.323033043244,-5.987993733518,7.));
#2790 = CARTESIAN_POINT('',(-4.208727980674,-6.070516291906,7.));
#2791 = CARTESIAN_POINT('',(-4.119284763059,-5.961541382891,7.));
#2792 = ORIENTED_EDGE('',*,*,#2793,.F.);
#2793 = EDGE_CURVE('',#700,#2786,#2794,.T.);
#2794 = LINE('',#2795,#2796);
#2795 = CARTESIAN_POINT('',(-4.119284763059,-5.961541382891,0.));
#2796 = VECTOR('',#2797,1.);
#2797 = DIRECTION('',(0.,0.,1.));
#2798 = ORIENTED_EDGE('',*,*,#707,.F.);
#2799 = SURFACE_OF_LINEAR_EXTRUSION('',#2800,#2804);
#2800 = ( BOUNDED_CURVE() B_SPLINE_CURVE(2,(#2801,#2802,#2803),
.UNSPECIFIED.,.F.,.F.) B_SPLINE_CURVE_WITH_KNOTS((3,3),(0.,
1.508825302794),.PIECEWISE_BEZIER_KNOTS.) CURVE() 
GEOMETRIC_REPRESENTATION_ITEM() RATIONAL_B_SPLINE_CURVE((1.,
0.728673920883,1.)) REPRESENTATION_ITEM('') );
#2801 = CARTESIAN_POINT('',(-4.323033043244,-5.987993733518,0.));
#2802 = CARTESIAN_POINT('',(-4.208727980674,-6.070516291906,0.));
#2803 = CARTESIAN_POINT('',(-4.119284763059,-5.961541382891,0.));
#2804 = VECTOR('',#2805,1.);
#2805 = DIRECTION('',(-0.,-0.,-1.));
#2806 = ADVANCED_FACE('',(#2807),#2825,.F.);
#2807 = FACE_BOUND('',#2808,.F.);
#2808 = EDGE_LOOP('',(#2809,#2810,#2818,#2824));
#2809 = ORIENTED_EDGE('',*,*,#2793,.T.);
#2810 = ORIENTED_EDGE('',*,*,#2811,.T.);
#2811 = EDGE_CURVE('',#2786,#2812,#2814,.T.);
#2812 = VERTEX_POINT('',#2813);
#2813 = CARTESIAN_POINT('',(-3.905657150251,-5.76704381219,7.));
#2814 = ( BOUNDED_CURVE() B_SPLINE_CURVE(2,(#2815,#2816,#2817),
.UNSPECIFIED.,.F.,.F.) B_SPLINE_CURVE_WITH_KNOTS((3,3),(0.,
0.289919229054),.PIECEWISE_BEZIER_KNOTS.) CURVE() 
GEOMETRIC_REPRESENTATION_ITEM() RATIONAL_B_SPLINE_CURVE((1.,
0.989511740461,1.)) REPRESENTATION_ITEM('') );
#2815 = CARTESIAN_POINT('',(-4.119284763059,-5.961541382891,7.));
#2816 = CARTESIAN_POINT('',(-4.026667682648,-5.848699535515,7.));
#2817 = CARTESIAN_POINT('',(-3.905657150251,-5.76704381219,7.));
#2818 = ORIENTED_EDGE('',*,*,#2819,.F.);
#2819 = EDGE_CURVE('',#692,#2812,#2820,.T.);
#2820 = LINE('',#2821,#2822);
#2821 = CARTESIAN_POINT('',(-3.905657150251,-5.76704381219,0.));
#2822 = VECTOR('',#2823,1.);
#2823 = DIRECTION('',(0.,0.,1.));
#2824 = ORIENTED_EDGE('',*,*,#699,.F.);
#2825 = SURFACE_OF_LINEAR_EXTRUSION('',#2826,#2830);
#2826 = ( BOUNDED_CURVE() B_SPLINE_CURVE(2,(#2827,#2828,#2829),
.UNSPECIFIED.,.F.,.F.) B_SPLINE_CURVE_WITH_KNOTS((3,3),(0.,
0.289919229054),.PIECEWISE_BEZIER_KNOTS.) CURVE() 
GEOMETRIC_REPRESENTATION_ITEM() RATIONAL_B_SPLINE_CURVE((1.,
0.989511740461,1.)) REPRESENTATION_ITEM('') );
#2827 = CARTESIAN_POINT('',(-4.119284763059,-5.961541382891,0.));
#2828 = CARTESIAN_POINT('',(-4.026667682648,-5.848699535515,0.));
#2829 = CARTESIAN_POINT('',(-3.905657150251,-5.76704381219,0.));
#2830 = VECTOR('',#2831,1.);
#2831 = DIRECTION('',(-0.,-0.,-1.));
#2832 = ADVANCED_FACE('',(#2833),#2851,.F.);
#2833 = FACE_BOUND('',#2834,.F.);
#2834 = EDGE_LOOP('',(#2835,#2836,#2844,#2850));
#2835 = ORIENTED_EDGE('',*,*,#2819,.T.);
#2836 = ORIENTED_EDGE('',*,*,#2837,.T.);
#2837 = EDGE_CURVE('',#2812,#2838,#2840,.T.);
#2838 = VERTEX_POINT('',#2839);
#2839 = CARTESIAN_POINT('',(-3.041577870969,-6.265920216685,7.));
#2840 = ( BOUNDED_CURVE() B_SPLINE_CURVE(2,(#2841,#2842,#2843),
.UNSPECIFIED.,.F.,.F.) B_SPLINE_CURVE_WITH_KNOTS((3,3),(0.,
2.234397261374),.PIECEWISE_BEZIER_KNOTS.) CURVE() 
GEOMETRIC_REPRESENTATION_ITEM() RATIONAL_B_SPLINE_CURVE((1.,
0.438202247191,1.)) REPRESENTATION_ITEM('') );
#2841 = CARTESIAN_POINT('',(-3.905657150251,-5.76704381219,7.));
#2842 = CARTESIAN_POINT('',(-2.961949403436,-5.1302468562,7.));
#2843 = CARTESIAN_POINT('',(-3.041577870969,-6.265920216685,7.));
#2844 = ORIENTED_EDGE('',*,*,#2845,.F.);
#2845 = EDGE_CURVE('',#684,#2838,#2846,.T.);
#2846 = LINE('',#2847,#2848);
#2847 = CARTESIAN_POINT('',(-3.041577870969,-6.265920216685,0.));
#2848 = VECTOR('',#2849,1.);
#2849 = DIRECTION('',(0.,0.,1.));
#2850 = ORIENTED_EDGE('',*,*,#691,.F.);
#2851 = SURFACE_OF_LINEAR_EXTRUSION('',#2852,#2856);
#2852 = ( BOUNDED_CURVE() B_SPLINE_CURVE(2,(#2853,#2854,#2855),
.UNSPECIFIED.,.F.,.F.) B_SPLINE_CURVE_WITH_KNOTS((3,3),(0.,
2.234397261374),.PIECEWISE_BEZIER_KNOTS.) CURVE() 
GEOMETRIC_REPRESENTATION_ITEM() RATIONAL_B_SPLINE_CURVE((1.,
0.438202247191,1.)) REPRESENTATION_ITEM('') );
#2853 = CARTESIAN_POINT('',(-3.905657150251,-5.76704381219,0.));
#2854 = CARTESIAN_POINT('',(-2.961949403436,-5.1302468562,0.));
#2855 = CARTESIAN_POINT('',(-3.041577870969,-6.265920216685,0.));
#2856 = VECTOR('',#2857,1.);
#2857 = DIRECTION('',(-0.,-0.,-1.));
#2858 = ADVANCED_FACE('',(#2859),#2877,.F.);
#2859 = FACE_BOUND('',#2860,.F.);
#2860 = EDGE_LOOP('',(#2861,#2862,#2870,#2876));
#2861 = ORIENTED_EDGE('',*,*,#2845,.T.);
#2862 = ORIENTED_EDGE('',*,*,#2863,.T.);
#2863 = EDGE_CURVE('',#2838,#2864,#2866,.T.);
#2864 = VERTEX_POINT('',#2865);
#2865 = CARTESIAN_POINT('',(-3.103203901767,-6.548175941677,7.));
#2866 = ( BOUNDED_CURVE() B_SPLINE_CURVE(2,(#2867,#2868,#2869),
.UNSPECIFIED.,.F.,.F.) B_SPLINE_CURVE_WITH_KNOTS((3,3),(0.,
0.289919229054),.PIECEWISE_BEZIER_KNOTS.) CURVE() 
GEOMETRIC_REPRESENTATION_ITEM() RATIONAL_B_SPLINE_CURVE((1.,
0.989511740461,1.)) REPRESENTATION_ITEM('') );
#2867 = CARTESIAN_POINT('',(-3.041577870969,-6.265920216685,7.));
#2868 = CARTESIAN_POINT('',(-3.051788535534,-6.411546273529,7.));
#2869 = CARTESIAN_POINT('',(-3.103203901767,-6.548175941677,7.));
#2870 = ORIENTED_EDGE('',*,*,#2871,.F.);
#2871 = EDGE_CURVE('',#676,#2864,#2872,.T.);
#2872 = LINE('',#2873,#2874);
#2873 = CARTESIAN_POINT('',(-3.103203901767,-6.548175941677,0.));
#2874 = VECTOR('',#2875,1.);
#2875 = DIRECTION('',(0.,0.,1.));
#2876 = ORIENTED_EDGE('',*,*,#683,.F.);
#2877 = SURFACE_OF_LINEAR_EXTRUSION('',#2878,#2882);
#2878 = ( BOUNDED_CURVE() B_SPLINE_CURVE(2,(#2879,#2880,#2881),
.UNSPECIFIED.,.F.,.F.) B_SPLINE_CURVE_WITH_KNOTS((3,3),(0.,
0.289919229054),.PIECEWISE_BEZIER_KNOTS.) CURVE() 
GEOMETRIC_REPRESENTATION_ITEM() RATIONAL_B_SPLINE_CURVE((1.,
0.989511740461,1.)) REPRESENTATION_ITEM('') );
#2879 = CARTESIAN_POINT('',(-3.041577870969,-6.265920216685,0.));
#2880 = CARTESIAN_POINT('',(-3.051788535534,-6.411546273529,0.));
#2881 = CARTESIAN_POINT('',(-3.103203901767,-6.548175941677,0.));
#2882 = VECTOR('',#2883,1.);
#2883 = DIRECTION('',(-0.,-0.,-1.));
#2884 = ADVANCED_FACE('',(#2885),#2903,.F.);
#2885 = FACE_BOUND('',#2886,.F.);
#2886 = EDGE_LOOP('',(#2887,#2888,#2896,#2902));
#2887 = ORIENTED_EDGE('',*,*,#2871,.T.);
#2888 = ORIENTED_EDGE('',*,*,#2889,.T.);
#2889 = EDGE_CURVE('',#2864,#2890,#2892,.T.);
#2890 = VERTEX_POINT('',#2891);
#2891 = CARTESIAN_POINT('',(-3.024238169307,-6.737853303608,7.));
#2892 = ( BOUNDED_CURVE() B_SPLINE_CURVE(2,(#2893,#2894,#2895),
.UNSPECIFIED.,.F.,.F.) B_SPLINE_CURVE_WITH_KNOTS((3,3),(0.,
1.508825302794),.PIECEWISE_BEZIER_KNOTS.) CURVE() 
GEOMETRIC_REPRESENTATION_ITEM() RATIONAL_B_SPLINE_CURVE((1.,
0.728673920883,1.)) REPRESENTATION_ITEM('') );
#2893 = CARTESIAN_POINT('',(-3.103203901767,-6.548175941677,7.));
#2894 = CARTESIAN_POINT('',(-3.152857332541,-6.680123494835,7.));
#2895 = CARTESIAN_POINT('',(-3.024238169307,-6.737853303608,7.));
#2896 = ORIENTED_EDGE('',*,*,#2897,.F.);
#2897 = EDGE_CURVE('',#668,#2890,#2898,.T.);
#2898 = LINE('',#2899,#2900);
#2899 = CARTESIAN_POINT('',(-3.024238169307,-6.737853303608,0.));
#2900 = VECTOR('',#2901,1.);
#2901 = DIRECTION('',(0.,0.,1.));
#2902 = ORIENTED_EDGE('',*,*,#675,.F.);
#2903 = SURFACE_OF_LINEAR_EXTRUSION('',#2904,#2908);
#2904 = ( BOUNDED_CURVE() B_SPLINE_CURVE(2,(#2905,#2906,#2907),
.UNSPECIFIED.,.F.,.F.) B_SPLINE_CURVE_WITH_KNOTS((3,3),(0.,
1.508825302794),.PIECEWISE_BEZIER_KNOTS.) CURVE() 
GEOMETRIC_REPRESENTATION_ITEM() RATIONAL_B_SPLINE_CURVE((1.,
0.728673920883,1.)) REPRESENTATION_ITEM('') );
#2905 = CARTESIAN_POINT('',(-3.103203901767,-6.548175941677,0.));
#2906 = CARTESIAN_POINT('',(-3.152857332541,-6.680123494835,0.));
#2907 = CARTESIAN_POINT('',(-3.024238169307,-6.737853303608,0.));
#2908 = VECTOR('',#2909,1.);
#2909 = DIRECTION('',(-0.,-0.,-1.));
#2910 = ADVANCED_FACE('',(#2911),#2929,.F.);
#2911 = FACE_BOUND('',#2912,.F.);
#2912 = EDGE_LOOP('',(#2913,#2914,#2922,#2928));
#2913 = ORIENTED_EDGE('',*,*,#2897,.T.);
#2914 = ORIENTED_EDGE('',*,*,#2915,.T.);
#2915 = EDGE_CURVE('',#2890,#2916,#2918,.T.);
#2916 = VERTEX_POINT('',#2917);
#2917 = CARTESIAN_POINT('',(-2.625922444182,-6.902841079061,7.));
#2918 = ( BOUNDED_CURVE() B_SPLINE_CURVE(2,(#2919,#2920,#2921),
.UNSPECIFIED.,.F.,.F.) B_SPLINE_CURVE_WITH_KNOTS((3,3),(0.,
5.838450169226E-02),.PIECEWISE_BEZIER_KNOTS.) CURVE() 
GEOMETRIC_REPRESENTATION_ITEM() RATIONAL_B_SPLINE_CURVE((1.,
0.999573936504,1.)) REPRESENTATION_ITEM('') );
#2919 = CARTESIAN_POINT('',(-3.024238169307,-6.737853303608,7.));
#2920 = CARTESIAN_POINT('',(-2.827489173315,-6.826162709681,7.));
#2921 = CARTESIAN_POINT('',(-2.625922444182,-6.902841079061,7.));
#2922 = ORIENTED_EDGE('',*,*,#2923,.F.);
#2923 = EDGE_CURVE('',#660,#2916,#2924,.T.);
#2924 = LINE('',#2925,#2926);
#2925 = CARTESIAN_POINT('',(-2.625922444182,-6.902841079061,0.));
#2926 = VECTOR('',#2927,1.);
#2927 = DIRECTION('',(0.,0.,1.));
#2928 = ORIENTED_EDGE('',*,*,#667,.F.);
#2929 = SURFACE_OF_LINEAR_EXTRUSION('',#2930,#2934);
#2930 = ( BOUNDED_CURVE() B_SPLINE_CURVE(2,(#2931,#2932,#2933),
.UNSPECIFIED.,.F.,.F.) B_SPLINE_CURVE_WITH_KNOTS((3,3),(0.,
5.838450169226E-02),.PIECEWISE_BEZIER_KNOTS.) CURVE() 
GEOMETRIC_REPRESENTATION_ITEM() RATIONAL_B_SPLINE_CURVE((1.,
0.999573936504,1.)) REPRESENTATION_ITEM('') );
#2931 = CARTESIAN_POINT('',(-3.024238169307,-6.737853303608,0.));
#2932 = CARTESIAN_POINT('',(-2.827489173315,-6.826162709681,0.));
#2933 = CARTESIAN_POINT('',(-2.625922444182,-6.902841079061,0.));
#2934 = VECTOR('',#2935,1.);
#2935 = DIRECTION('',(-0.,-0.,-1.));
#2936 = ADVANCED_FACE('',(#2937),#2955,.F.);
#2937 = FACE_BOUND('',#2938,.F.);
#2938 = EDGE_LOOP('',(#2939,#2940,#2948,#2954));
#2939 = ORIENTED_EDGE('',*,*,#2923,.T.);
#2940 = ORIENTED_EDGE('',*,*,#2941,.T.);
#2941 = EDGE_CURVE('',#2916,#2942,#2944,.T.);
#2942 = VERTEX_POINT('',#2943);
#2943 = CARTESIAN_POINT('',(-2.435963090418,-6.824556135106,7.));
#2944 = ( BOUNDED_CURVE() B_SPLINE_CURVE(2,(#2945,#2946,#2947),
.UNSPECIFIED.,.F.,.F.) B_SPLINE_CURVE_WITH_KNOTS((3,3),(0.,
1.508825302794),.PIECEWISE_BEZIER_KNOTS.) CURVE() 
GEOMETRIC_REPRESENTATION_ITEM() RATIONAL_B_SPLINE_CURVE((1.,
0.728673920883,1.)) REPRESENTATION_ITEM('') );
#2945 = CARTESIAN_POINT('',(-2.625922444182,-6.902841079061,7.));
#2946 = CARTESIAN_POINT('',(-2.494153822408,-6.952967422315,7.));
#2947 = CARTESIAN_POINT('',(-2.435963090418,-6.824556135106,7.));
#2948 = ORIENTED_EDGE('',*,*,#2949,.F.);
#2949 = EDGE_CURVE('',#652,#2942,#2950,.T.);
#2950 = LINE('',#2951,#2952);
#2951 = CARTESIAN_POINT('',(-2.435963090418,-6.824556135106,0.));
#2952 = VECTOR('',#2953,1.);
#2953 = DIRECTION('',(0.,0.,1.));
#2954 = ORIENTED_EDGE('',*,*,#659,.F.);
#2955 = SURFACE_OF_LINEAR_EXTRUSION('',#2956,#2960);
#2956 = ( BOUNDED_CURVE() B_SPLINE_CURVE(2,(#2957,#2958,#2959),
.UNSPECIFIED.,.F.,.F.) B_SPLINE_CURVE_WITH_KNOTS((3,3),(0.,
1.508825302794),.PIECEWISE_BEZIER_KNOTS.) CURVE() 
GEOMETRIC_REPRESENTATION_ITEM() RATIONAL_B_SPLINE_CURVE((1.,
0.728673920883,1.)) REPRESENTATION_ITEM('') );
#2957 = CARTESIAN_POINT('',(-2.625922444182,-6.902841079061,0.));
#2958 = CARTESIAN_POINT('',(-2.494153822408,-6.952967422315,0.));
#2959 = CARTESIAN_POINT('',(-2.435963090418,-6.824556135106,0.));
#2960 = VECTOR('',#2961,1.);
#2961 = DIRECTION('',(-0.,-0.,-1.));
#2962 = ADVANCED_FACE('',(#2963),#2981,.F.);
#2963 = FACE_BOUND('',#2964,.F.);
#2964 = EDGE_LOOP('',(#2965,#2966,#2974,#2980));
#2965 = ORIENTED_EDGE('',*,*,#2949,.T.);
#2966 = ORIENTED_EDGE('',*,*,#2967,.T.);
#2967 = EDGE_CURVE('',#2942,#2968,#2970,.T.);
#2968 = VERTEX_POINT('',#2969);
#2969 = CARTESIAN_POINT('',(-2.279954337522,-6.581395013661,7.));
#2970 = ( BOUNDED_CURVE() B_SPLINE_CURVE(2,(#2971,#2972,#2973),
.UNSPECIFIED.,.F.,.F.) B_SPLINE_CURVE_WITH_KNOTS((3,3),(0.,
0.289919229054),.PIECEWISE_BEZIER_KNOTS.) CURVE() 
GEOMETRIC_REPRESENTATION_ITEM() RATIONAL_B_SPLINE_CURVE((1.,
0.989511740461,1.)) REPRESENTATION_ITEM('') );
#2971 = CARTESIAN_POINT('',(-2.435963090418,-6.824556135106,7.));
#2972 = CARTESIAN_POINT('',(-2.37570747968,-6.691588216127,7.));
#2973 = CARTESIAN_POINT('',(-2.279954337522,-6.581395013661,7.));
#2974 = ORIENTED_EDGE('',*,*,#2975,.F.);
#2975 = EDGE_CURVE('',#644,#2968,#2976,.T.);
#2976 = LINE('',#2977,#2978);
#2977 = CARTESIAN_POINT('',(-2.279954337522,-6.581395013661,0.));
#2978 = VECTOR('',#2979,1.);
#2979 = DIRECTION('',(0.,0.,1.));
#2980 = ORIENTED_EDGE('',*,*,#651,.F.);
#2981 = SURFACE_OF_LINEAR_EXTRUSION('',#2982,#2986);
#2982 = ( BOUNDED_CURVE() B_SPLINE_CURVE(2,(#2983,#2984,#2985),
.UNSPECIFIED.,.F.,.F.) B_SPLINE_CURVE_WITH_KNOTS((3,3),(0.,
0.289919229054),.PIECEWISE_BEZIER_KNOTS.) CURVE() 
GEOMETRIC_REPRESENTATION_ITEM() RATIONAL_B_SPLINE_CURVE((1.,
0.989511740461,1.)) REPRESENTATION_ITEM('') );
#2983 = CARTESIAN_POINT('',(-2.435963090418,-6.824556135106,0.));
#2984 = CARTESIAN_POINT('',(-2.37570747968,-6.691588216127,0.));
#2985 = CARTESIAN_POINT('',(-2.279954337522,-6.581395013661,0.));
#2986 = VECTOR('',#2987,1.);
#2987 = DIRECTION('',(-0.,-0.,-1.));
#2988 = ADVANCED_FACE('',(#2989),#3007,.F.);
#2989 = FACE_BOUND('',#2990,.F.);
#2990 = EDGE_LOOP('',(#2991,#2992,#3000,#3006));
#2991 = ORIENTED_EDGE('',*,*,#2975,.T.);
#2992 = ORIENTED_EDGE('',*,*,#2993,.T.);
#2993 = EDGE_CURVE('',#2968,#2994,#2996,.T.);
#2994 = VERTEX_POINT('',#2995);
#2995 = CARTESIAN_POINT('',(-1.316199131068,-6.839632442932,7.));
#2996 = ( BOUNDED_CURVE() B_SPLINE_CURVE(2,(#2997,#2998,#2999),
.UNSPECIFIED.,.F.,.F.) B_SPLINE_CURVE_WITH_KNOTS((3,3),(0.,
2.234397261374),.PIECEWISE_BEZIER_KNOTS.) CURVE() 
GEOMETRIC_REPRESENTATION_ITEM() RATIONAL_B_SPLINE_CURVE((1.,
0.438202247191,1.)) REPRESENTATION_ITEM('') );
#2997 = CARTESIAN_POINT('',(-2.279954337522,-6.581395013661,7.));
#2998 = CARTESIAN_POINT('',(-1.533217832479,-5.722046849881,7.));
#2999 = CARTESIAN_POINT('',(-1.316199131068,-6.839632442932,7.));
#3000 = ORIENTED_EDGE('',*,*,#3001,.F.);
#3001 = EDGE_CURVE('',#636,#2994,#3002,.T.);
#3002 = LINE('',#3003,#3004);
#3003 = CARTESIAN_POINT('',(-1.316199131068,-6.839632442932,0.));
#3004 = VECTOR('',#3005,1.);
#3005 = DIRECTION('',(0.,0.,1.));
#3006 = ORIENTED_EDGE('',*,*,#643,.F.);
#3007 = SURFACE_OF_LINEAR_EXTRUSION('',#3008,#3012);
#3008 = ( BOUNDED_CURVE() B_SPLINE_CURVE(2,(#3009,#3010,#3011),
.UNSPECIFIED.,.F.,.F.) B_SPLINE_CURVE_WITH_KNOTS((3,3),(0.,
2.234397261374),.PIECEWISE_BEZIER_KNOTS.) CURVE() 
GEOMETRIC_REPRESENTATION_ITEM() RATIONAL_B_SPLINE_CURVE((1.,
0.438202247191,1.)) REPRESENTATION_ITEM('') );
#3009 = CARTESIAN_POINT('',(-2.279954337522,-6.581395013661,0.));
#3010 = CARTESIAN_POINT('',(-1.533217832479,-5.722046849881,0.));
#3011 = CARTESIAN_POINT('',(-1.316199131068,-6.839632442932,0.));
#3012 = VECTOR('',#3013,1.);
#3013 = DIRECTION('',(-0.,-0.,-1.));
#3014 = ADVANCED_FACE('',(#3015),#3033,.F.);
#3015 = FACE_BOUND('',#3016,.F.);
#3016 = EDGE_LOOP('',(#3017,#3018,#3026,#3032));
#3017 = ORIENTED_EDGE('',*,*,#3001,.T.);
#3018 = ORIENTED_EDGE('',*,*,#3019,.T.);
#3019 = EDGE_CURVE('',#2994,#3020,#3022,.T.);
#3020 = VERTEX_POINT('',#3021);
#3021 = CARTESIAN_POINT('',(-1.302672148569,-7.128220527764,7.));
#3022 = ( BOUNDED_CURVE() B_SPLINE_CURVE(2,(#3023,#3024,#3025),
.UNSPECIFIED.,.F.,.F.) B_SPLINE_CURVE_WITH_KNOTS((3,3),(0.,
0.289919229054),.PIECEWISE_BEZIER_KNOTS.) CURVE() 
GEOMETRIC_REPRESENTATION_ITEM() RATIONAL_B_SPLINE_CURVE((1.,
0.989511740461,1.)) REPRESENTATION_ITEM('') );
#3023 = CARTESIAN_POINT('',(-1.316199131068,-6.839632442932,7.));
#3024 = CARTESIAN_POINT('',(-1.2883710787,-6.982939126671,7.));
#3025 = CARTESIAN_POINT('',(-1.302672148569,-7.128220527764,7.));
#3026 = ORIENTED_EDGE('',*,*,#3027,.F.);
#3027 = EDGE_CURVE('',#628,#3020,#3028,.T.);
#3028 = LINE('',#3029,#3030);
#3029 = CARTESIAN_POINT('',(-1.302672148569,-7.128220527764,0.));
#3030 = VECTOR('',#3031,1.);
#3031 = DIRECTION('',(0.,0.,1.));
#3032 = ORIENTED_EDGE('',*,*,#635,.F.);
#3033 = SURFACE_OF_LINEAR_EXTRUSION('',#3034,#3038);
#3034 = ( BOUNDED_CURVE() B_SPLINE_CURVE(2,(#3035,#3036,#3037),
.UNSPECIFIED.,.F.,.F.) B_SPLINE_CURVE_WITH_KNOTS((3,3),(0.,
0.289919229054),.PIECEWISE_BEZIER_KNOTS.) CURVE() 
GEOMETRIC_REPRESENTATION_ITEM() RATIONAL_B_SPLINE_CURVE((1.,
0.989511740461,1.)) REPRESENTATION_ITEM('') );
#3035 = CARTESIAN_POINT('',(-1.316199131068,-6.839632442932,0.));
#3036 = CARTESIAN_POINT('',(-1.2883710787,-6.982939126671,0.));
#3037 = CARTESIAN_POINT('',(-1.302672148569,-7.128220527764,0.));
#3038 = VECTOR('',#3039,1.);
#3039 = DIRECTION('',(-0.,-0.,-1.));
#3040 = ADVANCED_FACE('',(#3041),#3059,.F.);
#3041 = FACE_BOUND('',#3042,.F.);
#3042 = EDGE_LOOP('',(#3043,#3044,#3052,#3058));
#3043 = ORIENTED_EDGE('',*,*,#3027,.T.);
#3044 = ORIENTED_EDGE('',*,*,#3045,.T.);
#3045 = EDGE_CURVE('',#3020,#3046,#3048,.T.);
#3046 = VERTEX_POINT('',#3047);
#3047 = CARTESIAN_POINT('',(-1.177304994502,-7.290996954845,7.));
#3048 = ( BOUNDED_CURVE() B_SPLINE_CURVE(2,(#3049,#3050,#3051),
.UNSPECIFIED.,.F.,.F.) B_SPLINE_CURVE_WITH_KNOTS((3,3),(0.,
1.508825302794),.PIECEWISE_BEZIER_KNOTS.) CURVE() 
GEOMETRIC_REPRESENTATION_ITEM() RATIONAL_B_SPLINE_CURVE((1.,
0.728673920883,1.)) REPRESENTATION_ITEM('') );
#3049 = CARTESIAN_POINT('',(-1.302672148569,-7.128220527764,7.));
#3050 = CARTESIAN_POINT('',(-1.316483140006,-7.268523330614,7.));
#3051 = CARTESIAN_POINT('',(-1.177304994502,-7.290996954845,7.));
#3052 = ORIENTED_EDGE('',*,*,#3053,.F.);
#3053 = EDGE_CURVE('',#620,#3046,#3054,.T.);
#3054 = LINE('',#3055,#3056);
#3055 = CARTESIAN_POINT('',(-1.177304994502,-7.290996954845,0.));
#3056 = VECTOR('',#3057,1.);
#3057 = DIRECTION('',(0.,0.,1.));
#3058 = ORIENTED_EDGE('',*,*,#627,.F.);
#3059 = SURFACE_OF_LINEAR_EXTRUSION('',#3060,#3064);
#3060 = ( BOUNDED_CURVE() B_SPLINE_CURVE(2,(#3061,#3062,#3063),
.UNSPECIFIED.,.F.,.F.) B_SPLINE_CURVE_WITH_KNOTS((3,3),(0.,
1.508825302794),.PIECEWISE_BEZIER_KNOTS.) CURVE() 
GEOMETRIC_REPRESENTATION_ITEM() RATIONAL_B_SPLINE_CURVE((1.,
0.728673920883,1.)) REPRESENTATION_ITEM('') );
#3061 = CARTESIAN_POINT('',(-1.302672148569,-7.128220527764,0.));
#3062 = CARTESIAN_POINT('',(-1.316483140006,-7.268523330614,0.));
#3063 = CARTESIAN_POINT('',(-1.177304994502,-7.290996954845,0.));
#3064 = VECTOR('',#3065,1.);
#3065 = DIRECTION('',(-0.,-0.,-1.));
#3066 = ADVANCED_FACE('',(#3067),#3085,.F.);
#3067 = FACE_BOUND('',#3068,.F.);
#3068 = EDGE_LOOP('',(#3069,#3070,#3078,#3084));
#3069 = ORIENTED_EDGE('',*,*,#3053,.T.);
#3070 = ORIENTED_EDGE('',*,*,#3071,.T.);
#3071 = EDGE_CURVE('',#3046,#3072,#3074,.T.);
#3072 = VERTEX_POINT('',#3073);
#3073 = CARTESIAN_POINT('',(-0.74985957009,-7.347271212551,7.));
#3074 = ( BOUNDED_CURVE() B_SPLINE_CURVE(2,(#3075,#3076,#3077),
.UNSPECIFIED.,.F.,.F.) B_SPLINE_CURVE_WITH_KNOTS((3,3),(0.,
5.838450169226E-02),.PIECEWISE_BEZIER_KNOTS.) CURVE() 
GEOMETRIC_REPRESENTATION_ITEM() RATIONAL_B_SPLINE_CURVE((1.,
0.999573936504,1.)) REPRESENTATION_ITEM('') );
#3075 = CARTESIAN_POINT('',(-1.177304994502,-7.290996954845,7.));
#3076 = CARTESIAN_POINT('',(-0.964403901824,-7.325374903608,7.));
#3077 = CARTESIAN_POINT('',(-0.74985957009,-7.347271212551,7.));
#3078 = ORIENTED_EDGE('',*,*,#3079,.F.);
#3079 = EDGE_CURVE('',#612,#3072,#3080,.T.);
#3080 = LINE('',#3081,#3082);
#3081 = CARTESIAN_POINT('',(-0.74985957009,-7.347271212551,0.));
#3082 = VECTOR('',#3083,1.);
#3083 = DIRECTION('',(0.,0.,1.));
#3084 = ORIENTED_EDGE('',*,*,#619,.F.);
#3085 = SURFACE_OF_LINEAR_EXTRUSION('',#3086,#3090);
#3086 = ( BOUNDED_CURVE() B_SPLINE_CURVE(2,(#3087,#3088,#3089),
.UNSPECIFIED.,.F.,.F.) B_SPLINE_CURVE_WITH_KNOTS((3,3),(0.,
5.838450169226E-02),.PIECEWISE_BEZIER_KNOTS.) CURVE() 
GEOMETRIC_REPRESENTATION_ITEM() RATIONAL_B_SPLINE_CURVE((1.,
0.999573936504,1.)) REPRESENTATION_ITEM('') );
#3087 = CARTESIAN_POINT('',(-1.177304994502,-7.290996954845,0.));
#3088 = CARTESIAN_POINT('',(-0.964403901824,-7.325374903608,0.));
#3089 = CARTESIAN_POINT('',(-0.74985957009,-7.347271212551,0.));
#3090 = VECTOR('',#3091,1.);
#3091 = DIRECTION('',(-0.,-0.,-1.));
#3092 = ADVANCED_FACE('',(#3093),#3111,.F.);
#3093 = FACE_BOUND('',#3094,.F.);
#3094 = EDGE_LOOP('',(#3095,#3096,#3104,#3110));
#3095 = ORIENTED_EDGE('',*,*,#3079,.T.);
#3096 = ORIENTED_EDGE('',*,*,#3097,.T.);
#3097 = EDGE_CURVE('',#3072,#3098,#3100,.T.);
#3098 = VERTEX_POINT('',#3099);
#3099 = CARTESIAN_POINT('',(-0.586634558785,-7.222488664825,7.));
#3100 = ( BOUNDED_CURVE() B_SPLINE_CURVE(2,(#3101,#3102,#3103),
.UNSPECIFIED.,.F.,.F.) B_SPLINE_CURVE_WITH_KNOTS((3,3),(0.,
1.508825302794),.PIECEWISE_BEZIER_KNOTS.) CURVE() 
GEOMETRIC_REPRESENTATION_ITEM() RATIONAL_B_SPLINE_CURVE((1.,
0.728673920883,1.)) REPRESENTATION_ITEM('') );
#3101 = CARTESIAN_POINT('',(-0.74985957009,-7.347271212551,7.));
#3102 = CARTESIAN_POINT('',(-0.609607202929,-7.361585313215,7.));
#3103 = CARTESIAN_POINT('',(-0.586634558785,-7.222488664825,7.));
#3104 = ORIENTED_EDGE('',*,*,#3105,.F.);
#3105 = EDGE_CURVE('',#604,#3098,#3106,.T.);
#3106 = LINE('',#3107,#3108);
#3107 = CARTESIAN_POINT('',(-0.586634558785,-7.222488664825,0.));
#3108 = VECTOR('',#3109,1.);
#3109 = DIRECTION('',(0.,0.,1.));
#3110 = ORIENTED_EDGE('',*,*,#611,.F.);
#3111 = SURFACE_OF_LINEAR_EXTRUSION('',#3112,#3116);
#3112 = ( BOUNDED_CURVE() B_SPLINE_CURVE(2,(#3113,#3114,#3115),
.UNSPECIFIED.,.F.,.F.) B_SPLINE_CURVE_WITH_KNOTS((3,3),(0.,
1.508825302794),.PIECEWISE_BEZIER_KNOTS.) CURVE() 
GEOMETRIC_REPRESENTATION_ITEM() RATIONAL_B_SPLINE_CURVE((1.,
0.728673920883,1.)) REPRESENTATION_ITEM('') );
#3113 = CARTESIAN_POINT('',(-0.74985957009,-7.347271212551,0.));
#3114 = CARTESIAN_POINT('',(-0.609607202929,-7.361585313215,0.));
#3115 = CARTESIAN_POINT('',(-0.586634558785,-7.222488664825,0.));
#3116 = VECTOR('',#3117,1.);
#3117 = DIRECTION('',(-0.,-0.,-1.));
#3118 = ADVANCED_FACE('',(#3119),#3137,.F.);
#3119 = FACE_BOUND('',#3120,.F.);
#3120 = EDGE_LOOP('',(#3121,#3122,#3130,#3136));
#3121 = ORIENTED_EDGE('',*,*,#3105,.T.);
#3122 = ORIENTED_EDGE('',*,*,#3123,.T.);
#3123 = EDGE_CURVE('',#3098,#3124,#3126,.T.);
#3124 = VERTEX_POINT('',#3125);
#3125 = CARTESIAN_POINT('',(-0.498876404494,-6.94723502122,7.));
#3126 = ( BOUNDED_CURVE() B_SPLINE_CURVE(2,(#3127,#3128,#3129),
.UNSPECIFIED.,.F.,.F.) B_SPLINE_CURVE_WITH_KNOTS((3,3),(0.,
0.289919229054),.PIECEWISE_BEZIER_KNOTS.) CURVE() 
GEOMETRIC_REPRESENTATION_ITEM() RATIONAL_B_SPLINE_CURVE((1.,
0.989511740461,1.)) REPRESENTATION_ITEM('') );
#3127 = CARTESIAN_POINT('',(-0.586634558785,-7.222488664825,7.));
#3128 = CARTESIAN_POINT('',(-0.562846738014,-7.078456218183,7.));
#3129 = CARTESIAN_POINT('',(-0.498876404494,-6.94723502122,7.));
#3130 = ORIENTED_EDGE('',*,*,#3131,.F.);
#3131 = EDGE_CURVE('',#596,#3124,#3132,.T.);
#3132 = LINE('',#3133,#3134);
#3133 = CARTESIAN_POINT('',(-0.498876404494,-6.94723502122,0.));
#3134 = VECTOR('',#3135,1.);
#3135 = DIRECTION('',(0.,0.,1.));
#3136 = ORIENTED_EDGE('',*,*,#603,.F.);
#3137 = SURFACE_OF_LINEAR_EXTRUSION('',#3138,#3142);
#3138 = ( BOUNDED_CURVE() B_SPLINE_CURVE(2,(#3139,#3140,#3141),
.UNSPECIFIED.,.F.,.F.) B_SPLINE_CURVE_WITH_KNOTS((3,3),(0.,
0.289919229054),.PIECEWISE_BEZIER_KNOTS.) CURVE() 
GEOMETRIC_REPRESENTATION_ITEM() RATIONAL_B_SPLINE_CURVE((1.,
0.989511740461,1.)) REPRESENTATION_ITEM('') );
#3139 = CARTESIAN_POINT('',(-0.586634558785,-7.222488664825,0.));
#3140 = CARTESIAN_POINT('',(-0.562846738014,-7.078456218183,0.));
#3141 = CARTESIAN_POINT('',(-0.498876404494,-6.94723502122,0.));
#3142 = VECTOR('',#3143,1.);
#3143 = DIRECTION('',(-0.,-0.,-1.));
#3144 = ADVANCED_FACE('',(#3145),#3163,.F.);
#3145 = FACE_BOUND('',#3146,.F.);
#3146 = EDGE_LOOP('',(#3147,#3148,#3156,#3162));
#3147 = ORIENTED_EDGE('',*,*,#3131,.T.);
#3148 = ORIENTED_EDGE('',*,*,#3149,.T.);
#3149 = EDGE_CURVE('',#3124,#3150,#3152,.T.);
#3150 = VERTEX_POINT('',#3151);
#3151 = CARTESIAN_POINT('',(0.498876404494,-6.94723502122,7.));
#3152 = ( BOUNDED_CURVE() B_SPLINE_CURVE(2,(#3153,#3154,#3155),
.UNSPECIFIED.,.F.,.F.) B_SPLINE_CURVE_WITH_KNOTS((3,3),(0.,
2.234397261374),.PIECEWISE_BEZIER_KNOTS.) CURVE() 
GEOMETRIC_REPRESENTATION_ITEM() RATIONAL_B_SPLINE_CURVE((1.,
0.438202247191,1.)) REPRESENTATION_ITEM('') );
#3153 = CARTESIAN_POINT('',(-0.498876404494,-6.94723502122,7.));
#3154 = CARTESIAN_POINT('',(-1.33E-15,-5.923898806873,7.));
#3155 = CARTESIAN_POINT('',(0.498876404494,-6.94723502122,7.));
#3156 = ORIENTED_EDGE('',*,*,#3157,.F.);
#3157 = EDGE_CURVE('',#588,#3150,#3158,.T.);
#3158 = LINE('',#3159,#3160);
#3159 = CARTESIAN_POINT('',(0.498876404494,-6.94723502122,0.));
#3160 = VECTOR('',#3161,1.);
#3161 = DIRECTION('',(0.,0.,1.));
#3162 = ORIENTED_EDGE('',*,*,#595,.F.);
#3163 = SURFACE_OF_LINEAR_EXTRUSION('',#3164,#3168);
#3164 = ( BOUNDED_CURVE() B_SPLINE_CURVE(2,(#3165,#3166,#3167),
.UNSPECIFIED.,.F.,.F.) B_SPLINE_CURVE_WITH_KNOTS((3,3),(0.,
2.234397261374),.PIECEWISE_BEZIER_KNOTS.) CURVE() 
GEOMETRIC_REPRESENTATION_ITEM() RATIONAL_B_SPLINE_CURVE((1.,
0.438202247191,1.)) REPRESENTATION_ITEM('') );
#3165 = CARTESIAN_POINT('',(-0.498876404494,-6.94723502122,0.));
#3166 = CARTESIAN_POINT('',(-1.33E-15,-5.923898806873,0.));
#3167 = CARTESIAN_POINT('',(0.498876404494,-6.94723502122,0.));
#3168 = VECTOR('',#3169,1.);
#3169 = DIRECTION('',(-0.,-0.,-1.));
#3170 = ADVANCED_FACE('',(#3171),#3189,.F.);
#3171 = FACE_BOUND('',#3172,.F.);
#3172 = EDGE_LOOP('',(#3173,#3174,#3182,#3188));
#3173 = ORIENTED_EDGE('',*,*,#3157,.T.);
#3174 = ORIENTED_EDGE('',*,*,#3175,.T.);
#3175 = EDGE_CURVE('',#3150,#3176,#3178,.T.);
#3176 = VERTEX_POINT('',#3177);
#3177 = CARTESIAN_POINT('',(0.586634558785,-7.222488664825,7.));
#3178 = ( BOUNDED_CURVE() B_SPLINE_CURVE(2,(#3179,#3180,#3181),
.UNSPECIFIED.,.F.,.F.) B_SPLINE_CURVE_WITH_KNOTS((3,3),(0.,
0.289919229054),.PIECEWISE_BEZIER_KNOTS.) CURVE() 
GEOMETRIC_REPRESENTATION_ITEM() RATIONAL_B_SPLINE_CURVE((1.,
0.989511740461,1.)) REPRESENTATION_ITEM('') );
#3179 = CARTESIAN_POINT('',(0.498876404494,-6.94723502122,7.));
#3180 = CARTESIAN_POINT('',(0.562846738014,-7.078456218183,7.));
#3181 = CARTESIAN_POINT('',(0.586634558785,-7.222488664825,7.));
#3182 = ORIENTED_EDGE('',*,*,#3183,.F.);
#3183 = EDGE_CURVE('',#580,#3176,#3184,.T.);
#3184 = LINE('',#3185,#3186);
#3185 = CARTESIAN_POINT('',(0.586634558785,-7.222488664825,0.));
#3186 = VECTOR('',#3187,1.);
#3187 = DIRECTION('',(0.,0.,1.));
#3188 = ORIENTED_EDGE('',*,*,#587,.F.);
#3189 = SURFACE_OF_LINEAR_EXTRUSION('',#3190,#3194);
#3190 = ( BOUNDED_CURVE() B_SPLINE_CURVE(2,(#3191,#3192,#3193),
.UNSPECIFIED.,.F.,.F.) B_SPLINE_CURVE_WITH_KNOTS((3,3),(0.,
0.289919229054),.PIECEWISE_BEZIER_KNOTS.) CURVE() 
GEOMETRIC_REPRESENTATION_ITEM() RATIONAL_B_SPLINE_CURVE((1.,
0.989511740461,1.)) REPRESENTATION_ITEM('') );
#3191 = CARTESIAN_POINT('',(0.498876404494,-6.94723502122,0.));
#3192 = CARTESIAN_POINT('',(0.562846738014,-7.078456218183,0.));
#3193 = CARTESIAN_POINT('',(0.586634558785,-7.222488664825,0.));
#3194 = VECTOR('',#3195,1.);
#3195 = DIRECTION('',(-0.,-0.,-1.));
#3196 = ADVANCED_FACE('',(#3197),#3215,.F.);
#3197 = FACE_BOUND('',#3198,.F.);
#3198 = EDGE_LOOP('',(#3199,#3200,#3208,#3214));
#3199 = ORIENTED_EDGE('',*,*,#3183,.T.);
#3200 = ORIENTED_EDGE('',*,*,#3201,.T.);
#3201 = EDGE_CURVE('',#3176,#3202,#3204,.T.);
#3202 = VERTEX_POINT('',#3203);
#3203 = CARTESIAN_POINT('',(0.74985957009,-7.347271212551,7.));
#3204 = ( BOUNDED_CURVE() B_SPLINE_CURVE(2,(#3205,#3206,#3207),
.UNSPECIFIED.,.F.,.F.) B_SPLINE_CURVE_WITH_KNOTS((3,3),(0.,
1.508825302794),.PIECEWISE_BEZIER_KNOTS.) CURVE() 
GEOMETRIC_REPRESENTATION_ITEM() RATIONAL_B_SPLINE_CURVE((1.,
0.728673920883,1.)) REPRESENTATION_ITEM('') );
#3205 = CARTESIAN_POINT('',(0.586634558785,-7.222488664825,7.));
#3206 = CARTESIAN_POINT('',(0.609607202929,-7.361585313215,7.));
#3207 = CARTESIAN_POINT('',(0.74985957009,-7.347271212551,7.));
#3208 = ORIENTED_EDGE('',*,*,#3209,.F.);
#3209 = EDGE_CURVE('',#572,#3202,#3210,.T.);
#3210 = LINE('',#3211,#3212);
#3211 = CARTESIAN_POINT('',(0.74985957009,-7.347271212551,0.));
#3212 = VECTOR('',#3213,1.);
#3213 = DIRECTION('',(0.,0.,1.));
#3214 = ORIENTED_EDGE('',*,*,#579,.F.);
#3215 = SURFACE_OF_LINEAR_EXTRUSION('',#3216,#3220);
#3216 = ( BOUNDED_CURVE() B_SPLINE_CURVE(2,(#3217,#3218,#3219),
.UNSPECIFIED.,.F.,.F.) B_SPLINE_CURVE_WITH_KNOTS((3,3),(0.,
1.508825302794),.PIECEWISE_BEZIER_KNOTS.) CURVE() 
GEOMETRIC_REPRESENTATION_ITEM() RATIONAL_B_SPLINE_CURVE((1.,
0.728673920883,1.)) REPRESENTATION_ITEM('') );
#3217 = CARTESIAN_POINT('',(0.586634558785,-7.222488664825,0.));
#3218 = CARTESIAN_POINT('',(0.609607202929,-7.361585313215,0.));
#3219 = CARTESIAN_POINT('',(0.74985957009,-7.347271212551,0.));
#3220 = VECTOR('',#3221,1.);
#3221 = DIRECTION('',(-0.,-0.,-1.));
#3222 = ADVANCED_FACE('',(#3223),#3241,.F.);
#3223 = FACE_BOUND('',#3224,.F.);
#3224 = EDGE_LOOP('',(#3225,#3226,#3234,#3240));
#3225 = ORIENTED_EDGE('',*,*,#3209,.T.);
#3226 = ORIENTED_EDGE('',*,*,#3227,.T.);
#3227 = EDGE_CURVE('',#3202,#3228,#3230,.T.);
#3228 = VERTEX_POINT('',#3229);
#3229 = CARTESIAN_POINT('',(1.177304994502,-7.290996954845,7.));
#3230 = ( BOUNDED_CURVE() B_SPLINE_CURVE(2,(#3231,#3232,#3233),
.UNSPECIFIED.,.F.,.F.) B_SPLINE_CURVE_WITH_KNOTS((3,3),(0.,
5.838450169226E-02),.PIECEWISE_BEZIER_KNOTS.) CURVE() 
GEOMETRIC_REPRESENTATION_ITEM() RATIONAL_B_SPLINE_CURVE((1.,
0.999573936504,1.)) REPRESENTATION_ITEM('') );
#3231 = CARTESIAN_POINT('',(0.74985957009,-7.347271212551,7.));
#3232 = CARTESIAN_POINT('',(0.964403901824,-7.325374903608,7.));
#3233 = CARTESIAN_POINT('',(1.177304994502,-7.290996954845,7.));
#3234 = ORIENTED_EDGE('',*,*,#3235,.F.);
#3235 = EDGE_CURVE('',#564,#3228,#3236,.T.);
#3236 = LINE('',#3237,#3238);
#3237 = CARTESIAN_POINT('',(1.177304994502,-7.290996954845,0.));
#3238 = VECTOR('',#3239,1.);
#3239 = DIRECTION('',(0.,0.,1.));
#3240 = ORIENTED_EDGE('',*,*,#571,.F.);
#3241 = SURFACE_OF_LINEAR_EXTRUSION('',#3242,#3246);
#3242 = ( BOUNDED_CURVE() B_SPLINE_CURVE(2,(#3243,#3244,#3245),
.UNSPECIFIED.,.F.,.F.) B_SPLINE_CURVE_WITH_KNOTS((3,3),(0.,
5.838450169226E-02),.PIECEWISE_BEZIER_KNOTS.) CURVE() 
GEOMETRIC_REPRESENTATION_ITEM() RATIONAL_B_SPLINE_CURVE((1.,
0.999573936504,1.)) REPRESENTATION_ITEM('') );
#3243 = CARTESIAN_POINT('',(0.74985957009,-7.347271212551,0.));
#3244 = CARTESIAN_POINT('',(0.964403901824,-7.325374903608,0.));
#3245 = CARTESIAN_POINT('',(1.177304994502,-7.290996954845,0.));
#3246 = VECTOR('',#3247,1.);
#3247 = DIRECTION('',(-0.,-0.,-1.));
#3248 = ADVANCED_FACE('',(#3249),#3267,.F.);
#3249 = FACE_BOUND('',#3250,.F.);
#3250 = EDGE_LOOP('',(#3251,#3252,#3260,#3266));
#3251 = ORIENTED_EDGE('',*,*,#3235,.T.);
#3252 = ORIENTED_EDGE('',*,*,#3253,.T.);
#3253 = EDGE_CURVE('',#3228,#3254,#3256,.T.);
#3254 = VERTEX_POINT('',#3255);
#3255 = CARTESIAN_POINT('',(1.302672148569,-7.128220527764,7.));
#3256 = ( BOUNDED_CURVE() B_SPLINE_CURVE(2,(#3257,#3258,#3259),
.UNSPECIFIED.,.F.,.F.) B_SPLINE_CURVE_WITH_KNOTS((3,3),(0.,
1.508825302794),.PIECEWISE_BEZIER_KNOTS.) CURVE() 
GEOMETRIC_REPRESENTATION_ITEM() RATIONAL_B_SPLINE_CURVE((1.,
0.728673920883,1.)) REPRESENTATION_ITEM('') );
#3257 = CARTESIAN_POINT('',(1.177304994502,-7.290996954845,7.));
#3258 = CARTESIAN_POINT('',(1.316483140006,-7.268523330614,7.));
#3259 = CARTESIAN_POINT('',(1.302672148569,-7.128220527764,7.));
#3260 = ORIENTED_EDGE('',*,*,#3261,.F.);
#3261 = EDGE_CURVE('',#556,#3254,#3262,.T.);
#3262 = LINE('',#3263,#3264);
#3263 = CARTESIAN_POINT('',(1.302672148569,-7.128220527764,0.));
#3264 = VECTOR('',#3265,1.);
#3265 = DIRECTION('',(0.,0.,1.));
#3266 = ORIENTED_EDGE('',*,*,#563,.F.);
#3267 = SURFACE_OF_LINEAR_EXTRUSION('',#3268,#3272);
#3268 = ( BOUNDED_CURVE() B_SPLINE_CURVE(2,(#3269,#3270,#3271),
.UNSPECIFIED.,.F.,.F.) B_SPLINE_CURVE_WITH_KNOTS((3,3),(0.,
1.508825302794),.PIECEWISE_BEZIER_KNOTS.) CURVE() 
GEOMETRIC_REPRESENTATION_ITEM() RATIONAL_B_SPLINE_CURVE((1.,
0.728673920883,1.)) REPRESENTATION_ITEM('') );
#3269 = CARTESIAN_POINT('',(1.177304994502,-7.290996954845,0.));
#3270 = CARTESIAN_POINT('',(1.316483140006,-7.268523330614,0.));
#3271 = CARTESIAN_POINT('',(1.302672148569,-7.128220527764,0.));
#3272 = VECTOR('',#3273,1.);
#3273 = DIRECTION('',(-0.,-0.,-1.));
#3274 = ADVANCED_FACE('',(#3275),#3293,.F.);
#3275 = FACE_BOUND('',#3276,.F.);
#3276 = EDGE_LOOP('',(#3277,#3278,#3286,#3292));
#3277 = ORIENTED_EDGE('',*,*,#3261,.T.);
#3278 = ORIENTED_EDGE('',*,*,#3279,.T.);
#3279 = EDGE_CURVE('',#3254,#3280,#3282,.T.);
#3280 = VERTEX_POINT('',#3281);
#3281 = CARTESIAN_POINT('',(1.316199131068,-6.839632442932,7.));
#3282 = ( BOUNDED_CURVE() B_SPLINE_CURVE(2,(#3283,#3284,#3285),
.UNSPECIFIED.,.F.,.F.) B_SPLINE_CURVE_WITH_KNOTS((3,3),(0.,
0.289919229054),.PIECEWISE_BEZIER_KNOTS.) CURVE() 
GEOMETRIC_REPRESENTATION_ITEM() RATIONAL_B_SPLINE_CURVE((1.,
0.989511740461,1.)) REPRESENTATION_ITEM('') );
#3283 = CARTESIAN_POINT('',(1.302672148569,-7.128220527764,7.));
#3284 = CARTESIAN_POINT('',(1.2883710787,-6.982939126671,7.));
#3285 = CARTESIAN_POINT('',(1.316199131068,-6.839632442932,7.));
#3286 = ORIENTED_EDGE('',*,*,#3287,.F.);
#3287 = EDGE_CURVE('',#548,#3280,#3288,.T.);
#3288 = LINE('',#3289,#3290);
#3289 = CARTESIAN_POINT('',(1.316199131068,-6.839632442932,0.));
#3290 = VECTOR('',#3291,1.);
#3291 = DIRECTION('',(0.,0.,1.));
#3292 = ORIENTED_EDGE('',*,*,#555,.F.);
#3293 = SURFACE_OF_LINEAR_EXTRUSION('',#3294,#3298);
#3294 = ( BOUNDED_CURVE() B_SPLINE_CURVE(2,(#3295,#3296,#3297),
.UNSPECIFIED.,.F.,.F.) B_SPLINE_CURVE_WITH_KNOTS((3,3),(0.,
0.289919229054),.PIECEWISE_BEZIER_KNOTS.) CURVE() 
GEOMETRIC_REPRESENTATION_ITEM() RATIONAL_B_SPLINE_CURVE((1.,
0.989511740461,1.)) REPRESENTATION_ITEM('') );
#3295 = CARTESIAN_POINT('',(1.302672148569,-7.128220527764,0.));
#3296 = CARTESIAN_POINT('',(1.2883710787,-6.982939126671,0.));
#3297 = CARTESIAN_POINT('',(1.316199131068,-6.839632442932,0.));
#3298 = VECTOR('',#3299,1.);
#3299 = DIRECTION('',(-0.,-0.,-1.));
#3300 = ADVANCED_FACE('',(#3301),#3319,.F.);
#3301 = FACE_BOUND('',#3302,.F.);
#3302 = EDGE_LOOP('',(#3303,#3304,#3312,#3318));
#3303 = ORIENTED_EDGE('',*,*,#3287,.T.);
#3304 = ORIENTED_EDGE('',*,*,#3305,.T.);
#3305 = EDGE_CURVE('',#3280,#3306,#3308,.T.);
#3306 = VERTEX_POINT('',#3307);
#3307 = CARTESIAN_POINT('',(2.279954337522,-6.581395013661,7.));
#3308 = ( BOUNDED_CURVE() B_SPLINE_CURVE(2,(#3309,#3310,#3311),
.UNSPECIFIED.,.F.,.F.) B_SPLINE_CURVE_WITH_KNOTS((3,3),(0.,
2.234397261374),.PIECEWISE_BEZIER_KNOTS.) CURVE() 
GEOMETRIC_REPRESENTATION_ITEM() RATIONAL_B_SPLINE_CURVE((1.,
0.438202247191,1.)) REPRESENTATION_ITEM('') );
#3309 = CARTESIAN_POINT('',(1.316199131068,-6.839632442932,7.));
#3310 = CARTESIAN_POINT('',(1.533217832479,-5.722046849881,7.));
#3311 = CARTESIAN_POINT('',(2.279954337522,-6.581395013661,7.));
#3312 = ORIENTED_EDGE('',*,*,#3313,.F.);
#3313 = EDGE_CURVE('',#540,#3306,#3314,.T.);
#3314 = LINE('',#3315,#3316);
#3315 = CARTESIAN_POINT('',(2.279954337522,-6.581395013661,0.));
#3316 = VECTOR('',#3317,1.);
#3317 = DIRECTION('',(0.,0.,1.));
#3318 = ORIENTED_EDGE('',*,*,#547,.F.);
#3319 = SURFACE_OF_LINEAR_EXTRUSION('',#3320,#3324);
#3320 = ( BOUNDED_CURVE() B_SPLINE_CURVE(2,(#3321,#3322,#3323),
.UNSPECIFIED.,.F.,.F.) B_SPLINE_CURVE_WITH_KNOTS((3,3),(0.,
2.234397261374),.PIECEWISE_BEZIER_KNOTS.) CURVE() 
GEOMETRIC_REPRESENTATION_ITEM() RATIONAL_B_SPLINE_CURVE((1.,
0.438202247191,1.)) REPRESENTATION_ITEM('') );
#3321 = CARTESIAN_POINT('',(1.316199131068,-6.839632442932,0.));
#3322 = CARTESIAN_POINT('',(1.533217832479,-5.722046849881,0.));
#3323 = CARTESIAN_POINT('',(2.279954337522,-6.581395013661,0.));
#3324 = VECTOR('',#3325,1.);
#3325 = DIRECTION('',(-0.,-0.,-1.));
#3326 = ADVANCED_FACE('',(#3327),#3345,.F.);
#3327 = FACE_BOUND('',#3328,.F.);
#3328 = EDGE_LOOP('',(#3329,#3330,#3338,#3344));
#3329 = ORIENTED_EDGE('',*,*,#3313,.T.);
#3330 = ORIENTED_EDGE('',*,*,#3331,.T.);
#3331 = EDGE_CURVE('',#3306,#3332,#3334,.T.);
#3332 = VERTEX_POINT('',#3333);
#3333 = CARTESIAN_POINT('',(2.435963090418,-6.824556135106,7.));
#3334 = ( BOUNDED_CURVE() B_SPLINE_CURVE(2,(#3335,#3336,#3337),
.UNSPECIFIED.,.F.,.F.) B_SPLINE_CURVE_WITH_KNOTS((3,3),(0.,
0.289919229054),.PIECEWISE_BEZIER_KNOTS.) CURVE() 
GEOMETRIC_REPRESENTATION_ITEM() RATIONAL_B_SPLINE_CURVE((1.,
0.989511740461,1.)) REPRESENTATION_ITEM('') );
#3335 = CARTESIAN_POINT('',(2.279954337522,-6.581395013661,7.));
#3336 = CARTESIAN_POINT('',(2.37570747968,-6.691588216127,7.));
#3337 = CARTESIAN_POINT('',(2.435963090418,-6.824556135106,7.));
#3338 = ORIENTED_EDGE('',*,*,#3339,.F.);
#3339 = EDGE_CURVE('',#532,#3332,#3340,.T.);
#3340 = LINE('',#3341,#3342);
#3341 = CARTESIAN_POINT('',(2.435963090418,-6.824556135106,0.));
#3342 = VECTOR('',#3343,1.);
#3343 = DIRECTION('',(0.,0.,1.));
#3344 = ORIENTED_EDGE('',*,*,#539,.F.);
#3345 = SURFACE_OF_LINEAR_EXTRUSION('',#3346,#3350);
#3346 = ( BOUNDED_CURVE() B_SPLINE_CURVE(2,(#3347,#3348,#3349),
.UNSPECIFIED.,.F.,.F.) B_SPLINE_CURVE_WITH_KNOTS((3,3),(0.,
0.289919229054),.PIECEWISE_BEZIER_KNOTS.) CURVE() 
GEOMETRIC_REPRESENTATION_ITEM() RATIONAL_B_SPLINE_CURVE((1.,
0.989511740461,1.)) REPRESENTATION_ITEM('') );
#3347 = CARTESIAN_POINT('',(2.279954337522,-6.581395013661,0.));
#3348 = CARTESIAN_POINT('',(2.37570747968,-6.691588216127,0.));
#3349 = CARTESIAN_POINT('',(2.435963090418,-6.824556135106,0.));
#3350 = VECTOR('',#3351,1.);
#3351 = DIRECTION('',(-0.,-0.,-1.));
#3352 = ADVANCED_FACE('',(#3353),#3371,.F.);
#3353 = FACE_BOUND('',#3354,.F.);
#3354 = EDGE_LOOP('',(#3355,#3356,#3364,#3370));
#3355 = ORIENTED_EDGE('',*,*,#3339,.T.);
#3356 = ORIENTED_EDGE('',*,*,#3357,.T.);
#3357 = EDGE_CURVE('',#3332,#3358,#3360,.T.);
#3358 = VERTEX_POINT('',#3359);
#3359 = CARTESIAN_POINT('',(2.625922444182,-6.902841079061,7.));
#3360 = ( BOUNDED_CURVE() B_SPLINE_CURVE(2,(#3361,#3362,#3363),
.UNSPECIFIED.,.F.,.F.) B_SPLINE_CURVE_WITH_KNOTS((3,3),(0.,
1.508825302794),.PIECEWISE_BEZIER_KNOTS.) CURVE() 
GEOMETRIC_REPRESENTATION_ITEM() RATIONAL_B_SPLINE_CURVE((1.,
0.728673920883,1.)) REPRESENTATION_ITEM('') );
#3361 = CARTESIAN_POINT('',(2.435963090418,-6.824556135106,7.));
#3362 = CARTESIAN_POINT('',(2.494153822408,-6.952967422315,7.));
#3363 = CARTESIAN_POINT('',(2.625922444182,-6.902841079061,7.));
#3364 = ORIENTED_EDGE('',*,*,#3365,.F.);
#3365 = EDGE_CURVE('',#524,#3358,#3366,.T.);
#3366 = LINE('',#3367,#3368);
#3367 = CARTESIAN_POINT('',(2.625922444182,-6.902841079061,0.));
#3368 = VECTOR('',#3369,1.);
#3369 = DIRECTION('',(0.,0.,1.));
#3370 = ORIENTED_EDGE('',*,*,#531,.F.);
#3371 = SURFACE_OF_LINEAR_EXTRUSION('',#3372,#3376);
#3372 = ( BOUNDED_CURVE() B_SPLINE_CURVE(2,(#3373,#3374,#3375),
.UNSPECIFIED.,.F.,.F.) B_SPLINE_CURVE_WITH_KNOTS((3,3),(0.,
1.508825302794),.PIECEWISE_BEZIER_KNOTS.) CURVE() 
GEOMETRIC_REPRESENTATION_ITEM() RATIONAL_B_SPLINE_CURVE((1.,
0.728673920883,1.)) REPRESENTATION_ITEM('') );
#3373 = CARTESIAN_POINT('',(2.435963090418,-6.824556135106,0.));
#3374 = CARTESIAN_POINT('',(2.494153822408,-6.952967422315,0.));
#3375 = CARTESIAN_POINT('',(2.625922444182,-6.902841079061,0.));
#3376 = VECTOR('',#3377,1.);
#3377 = DIRECTION('',(-0.,-0.,-1.));
#3378 = ADVANCED_FACE('',(#3379),#3397,.F.);
#3379 = FACE_BOUND('',#3380,.F.);
#3380 = EDGE_LOOP('',(#3381,#3382,#3390,#3396));
#3381 = ORIENTED_EDGE('',*,*,#3365,.T.);
#3382 = ORIENTED_EDGE('',*,*,#3383,.T.);
#3383 = EDGE_CURVE('',#3358,#3384,#3386,.T.);
#3384 = VERTEX_POINT('',#3385);
#3385 = CARTESIAN_POINT('',(3.024238169307,-6.737853303608,7.));
#3386 = ( BOUNDED_CURVE() B_SPLINE_CURVE(2,(#3387,#3388,#3389),
.UNSPECIFIED.,.F.,.F.) B_SPLINE_CURVE_WITH_KNOTS((3,3),(0.,
5.838450169226E-02),.PIECEWISE_BEZIER_KNOTS.) CURVE() 
GEOMETRIC_REPRESENTATION_ITEM() RATIONAL_B_SPLINE_CURVE((1.,
0.999573936504,1.)) REPRESENTATION_ITEM('') );
#3387 = CARTESIAN_POINT('',(2.625922444182,-6.902841079061,7.));
#3388 = CARTESIAN_POINT('',(2.827489173315,-6.826162709681,7.));
#3389 = CARTESIAN_POINT('',(3.024238169307,-6.737853303608,7.));
#3390 = ORIENTED_EDGE('',*,*,#3391,.F.);
#3391 = EDGE_CURVE('',#516,#3384,#3392,.T.);
#3392 = LINE('',#3393,#3394);
#3393 = CARTESIAN_POINT('',(3.024238169307,-6.737853303608,0.));
#3394 = VECTOR('',#3395,1.);
#3395 = DIRECTION('',(0.,0.,1.));
#3396 = ORIENTED_EDGE('',*,*,#523,.F.);
#3397 = SURFACE_OF_LINEAR_EXTRUSION('',#3398,#3402);
#3398 = ( BOUNDED_CURVE() B_SPLINE_CURVE(2,(#3399,#3400,#3401),
.UNSPECIFIED.,.F.,.F.) B_SPLINE_CURVE_WITH_KNOTS((3,3),(0.,
5.838450169226E-02),.PIECEWISE_BEZIER_KNOTS.) CURVE() 
GEOMETRIC_REPRESENTATION_ITEM() RATIONAL_B_SPLINE_CURVE((1.,
0.999573936504,1.)) REPRESENTATION_ITEM('') );
#3399 = CARTESIAN_POINT('',(2.625922444182,-6.902841079061,0.));
#3400 = CARTESIAN_POINT('',(2.827489173315,-6.826162709681,0.));
#3401 = CARTESIAN_POINT('',(3.024238169307,-6.737853303608,0.));
#3402 = VECTOR('',#3403,1.);
#3403 = DIRECTION('',(-0.,-0.,-1.));
#3404 = ADVANCED_FACE('',(#3405),#3423,.F.);
#3405 = FACE_BOUND('',#3406,.F.);
#3406 = EDGE_LOOP('',(#3407,#3408,#3416,#3422));
#3407 = ORIENTED_EDGE('',*,*,#3391,.T.);
#3408 = ORIENTED_EDGE('',*,*,#3409,.T.);
#3409 = EDGE_CURVE('',#3384,#3410,#3412,.T.);
#3410 = VERTEX_POINT('',#3411);
#3411 = CARTESIAN_POINT('',(3.103203901767,-6.548175941677,7.));
#3412 = ( BOUNDED_CURVE() B_SPLINE_CURVE(2,(#3413,#3414,#3415),
.UNSPECIFIED.,.F.,.F.) B_SPLINE_CURVE_WITH_KNOTS((3,3),(0.,
1.508825302794),.PIECEWISE_BEZIER_KNOTS.) CURVE() 
GEOMETRIC_REPRESENTATION_ITEM() RATIONAL_B_SPLINE_CURVE((1.,
0.728673920883,1.)) REPRESENTATION_ITEM('') );
#3413 = CARTESIAN_POINT('',(3.024238169307,-6.737853303608,7.));
#3414 = CARTESIAN_POINT('',(3.152857332541,-6.680123494835,7.));
#3415 = CARTESIAN_POINT('',(3.103203901767,-6.548175941677,7.));
#3416 = ORIENTED_EDGE('',*,*,#3417,.F.);
#3417 = EDGE_CURVE('',#508,#3410,#3418,.T.);
#3418 = LINE('',#3419,#3420);
#3419 = CARTESIAN_POINT('',(3.103203901767,-6.548175941677,0.));
#3420 = VECTOR('',#3421,1.);
#3421 = DIRECTION('',(0.,0.,1.));
#3422 = ORIENTED_EDGE('',*,*,#515,.F.);
#3423 = SURFACE_OF_LINEAR_EXTRUSION('',#3424,#3428);
#3424 = ( BOUNDED_CURVE() B_SPLINE_CURVE(2,(#3425,#3426,#3427),
.UNSPECIFIED.,.F.,.F.) B_SPLINE_CURVE_WITH_KNOTS((3,3),(0.,
1.508825302794),.PIECEWISE_BEZIER_KNOTS.) CURVE() 
GEOMETRIC_REPRESENTATION_ITEM() RATIONAL_B_SPLINE_CURVE((1.,
0.728673920883,1.)) REPRESENTATION_ITEM('') );
#3425 = CARTESIAN_POINT('',(3.024238169307,-6.737853303608,0.));
#3426 = CARTESIAN_POINT('',(3.152857332541,-6.680123494835,0.));
#3427 = CARTESIAN_POINT('',(3.103203901767,-6.548175941677,0.));
#3428 = VECTOR('',#3429,1.);
#3429 = DIRECTION('',(-0.,-0.,-1.));
#3430 = ADVANCED_FACE('',(#3431),#3449,.F.);
#3431 = FACE_BOUND('',#3432,.F.);
#3432 = EDGE_LOOP('',(#3433,#3434,#3442,#3448));
#3433 = ORIENTED_EDGE('',*,*,#3417,.T.);
#3434 = ORIENTED_EDGE('',*,*,#3435,.T.);
#3435 = EDGE_CURVE('',#3410,#3436,#3438,.T.);
#3436 = VERTEX_POINT('',#3437);
#3437 = CARTESIAN_POINT('',(3.041577870969,-6.265920216685,7.));
#3438 = ( BOUNDED_CURVE() B_SPLINE_CURVE(2,(#3439,#3440,#3441),
.UNSPECIFIED.,.F.,.F.) B_SPLINE_CURVE_WITH_KNOTS((3,3),(0.,
0.289919229054),.PIECEWISE_BEZIER_KNOTS.) CURVE() 
GEOMETRIC_REPRESENTATION_ITEM() RATIONAL_B_SPLINE_CURVE((1.,
0.989511740461,1.)) REPRESENTATION_ITEM('') );
#3439 = CARTESIAN_POINT('',(3.103203901767,-6.548175941677,7.));
#3440 = CARTESIAN_POINT('',(3.051788535534,-6.411546273529,7.));
#3441 = CARTESIAN_POINT('',(3.041577870969,-6.265920216685,7.));
#3442 = ORIENTED_EDGE('',*,*,#3443,.F.);
#3443 = EDGE_CURVE('',#500,#3436,#3444,.T.);
#3444 = LINE('',#3445,#3446);
#3445 = CARTESIAN_POINT('',(3.041577870969,-6.265920216685,0.));
#3446 = VECTOR('',#3447,1.);
#3447 = DIRECTION('',(0.,0.,1.));
#3448 = ORIENTED_EDGE('',*,*,#507,.F.);
#3449 = SURFACE_OF_LINEAR_EXTRUSION('',#3450,#3454);
#3450 = ( BOUNDED_CURVE() B_SPLINE_CURVE(2,(#3451,#3452,#3453),
.UNSPECIFIED.,.F.,.F.) B_SPLINE_CURVE_WITH_KNOTS((3,3),(0.,
0.289919229054),.PIECEWISE_BEZIER_KNOTS.) CURVE() 
GEOMETRIC_REPRESENTATION_ITEM() RATIONAL_B_SPLINE_CURVE((1.,
0.989511740461,1.)) REPRESENTATION_ITEM('') );
#3451 = CARTESIAN_POINT('',(3.103203901767,-6.548175941677,0.));
#3452 = CARTESIAN_POINT('',(3.051788535534,-6.411546273529,0.));
#3453 = CARTESIAN_POINT('',(3.041577870969,-6.265920216685,0.));
#3454 = VECTOR('',#3455,1.);
#3455 = DIRECTION('',(-0.,-0.,-1.));
#3456 = ADVANCED_FACE('',(#3457),#3475,.F.);
#3457 = FACE_BOUND('',#3458,.F.);
#3458 = EDGE_LOOP('',(#3459,#3460,#3468,#3474));
#3459 = ORIENTED_EDGE('',*,*,#3443,.T.);
#3460 = ORIENTED_EDGE('',*,*,#3461,.T.);
#3461 = EDGE_CURVE('',#3436,#3462,#3464,.T.);
#3462 = VERTEX_POINT('',#3463);
#3463 = CARTESIAN_POINT('',(3.905657150251,-5.76704381219,7.));
#3464 = ( BOUNDED_CURVE() B_SPLINE_CURVE(2,(#3465,#3466,#3467),
.UNSPECIFIED.,.F.,.F.) B_SPLINE_CURVE_WITH_KNOTS((3,3),(0.,
2.234397261374),.PIECEWISE_BEZIER_KNOTS.) CURVE() 
GEOMETRIC_REPRESENTATION_ITEM() RATIONAL_B_SPLINE_CURVE((1.,
0.438202247191,1.)) REPRESENTATION_ITEM('') );
#3465 = CARTESIAN_POINT('',(3.041577870969,-6.265920216685,7.));
#3466 = CARTESIAN_POINT('',(2.961949403436,-5.1302468562,7.));
#3467 = CARTESIAN_POINT('',(3.905657150251,-5.76704381219,7.));
#3468 = ORIENTED_EDGE('',*,*,#3469,.F.);
#3469 = EDGE_CURVE('',#492,#3462,#3470,.T.);
#3470 = LINE('',#3471,#3472);
#3471 = CARTESIAN_POINT('',(3.905657150251,-5.76704381219,0.));
#3472 = VECTOR('',#3473,1.);
#3473 = DIRECTION('',(0.,0.,1.));
#3474 = ORIENTED_EDGE('',*,*,#499,.F.);
#3475 = SURFACE_OF_LINEAR_EXTRUSION('',#3476,#3480);
#3476 = ( BOUNDED_CURVE() B_SPLINE_CURVE(2,(#3477,#3478,#3479),
.UNSPECIFIED.,.F.,.F.) B_SPLINE_CURVE_WITH_KNOTS((3,3),(0.,
2.234397261374),.PIECEWISE_BEZIER_KNOTS.) CURVE() 
GEOMETRIC_REPRESENTATION_ITEM() RATIONAL_B_SPLINE_CURVE((1.,
0.438202247191,1.)) REPRESENTATION_ITEM('') );
#3477 = CARTESIAN_POINT('',(3.041577870969,-6.265920216685,0.));
#3478 = CARTESIAN_POINT('',(2.961949403436,-5.1302468562,0.));
#3479 = CARTESIAN_POINT('',(3.905657150251,-5.76704381219,0.));
#3480 = VECTOR('',#3481,1.);
#3481 = DIRECTION('',(-0.,-0.,-1.));
#3482 = ADVANCED_FACE('',(#3483),#3501,.F.);
#3483 = FACE_BOUND('',#3484,.F.);
#3484 = EDGE_LOOP('',(#3485,#3486,#3494,#3500));
#3485 = ORIENTED_EDGE('',*,*,#3469,.T.);
#3486 = ORIENTED_EDGE('',*,*,#3487,.T.);
#3487 = EDGE_CURVE('',#3462,#3488,#3490,.T.);
#3488 = VERTEX_POINT('',#3489);
#3489 = CARTESIAN_POINT('',(4.119284763059,-5.961541382891,7.));
#3490 = ( BOUNDED_CURVE() B_SPLINE_CURVE(2,(#3491,#3492,#3493),
.UNSPECIFIED.,.F.,.F.) B_SPLINE_CURVE_WITH_KNOTS((3,3),(0.,
0.289919229054),.PIECEWISE_BEZIER_KNOTS.) CURVE() 
GEOMETRIC_REPRESENTATION_ITEM() RATIONAL_B_SPLINE_CURVE((1.,
0.989511740461,1.)) REPRESENTATION_ITEM('') );
#3491 = CARTESIAN_POINT('',(3.905657150251,-5.76704381219,7.));
#3492 = CARTESIAN_POINT('',(4.026667682648,-5.848699535515,7.));
#3493 = CARTESIAN_POINT('',(4.119284763059,-5.961541382891,7.));
#3494 = ORIENTED_EDGE('',*,*,#3495,.F.);
#3495 = EDGE_CURVE('',#484,#3488,#3496,.T.);
#3496 = LINE('',#3497,#3498);
#3497 = CARTESIAN_POINT('',(4.119284763059,-5.961541382891,0.));
#3498 = VECTOR('',#3499,1.);
#3499 = DIRECTION('',(0.,0.,1.));
#3500 = ORIENTED_EDGE('',*,*,#491,.F.);
#3501 = SURFACE_OF_LINEAR_EXTRUSION('',#3502,#3506);
#3502 = ( BOUNDED_CURVE() B_SPLINE_CURVE(2,(#3503,#3504,#3505),
.UNSPECIFIED.,.F.,.F.) B_SPLINE_CURVE_WITH_KNOTS((3,3),(0.,
0.289919229054),.PIECEWISE_BEZIER_KNOTS.) CURVE() 
GEOMETRIC_REPRESENTATION_ITEM() RATIONAL_B_SPLINE_CURVE((1.,
0.989511740461,1.)) REPRESENTATION_ITEM('') );
#3503 = CARTESIAN_POINT('',(3.905657150251,-5.76704381219,0.));
#3504 = CARTESIAN_POINT('',(4.026667682648,-5.848699535515,0.));
#3505 = CARTESIAN_POINT('',(4.119284763059,-5.961541382891,0.));
#3506 = VECTOR('',#3507,1.);
#3507 = DIRECTION('',(-0.,-0.,-1.));
#3508 = ADVANCED_FACE('',(#3509),#3527,.F.);
#3509 = FACE_BOUND('',#3510,.F.);
#3510 = EDGE_LOOP('',(#3511,#3512,#3520,#3526));
#3511 = ORIENTED_EDGE('',*,*,#3495,.T.);
#3512 = ORIENTED_EDGE('',*,*,#3513,.T.);
#3513 = EDGE_CURVE('',#3488,#3514,#3516,.T.);
#3514 = VERTEX_POINT('',#3515);
#3515 = CARTESIAN_POINT('',(4.323033043244,-5.987993733518,7.));
#3516 = ( BOUNDED_CURVE() B_SPLINE_CURVE(2,(#3517,#3518,#3519),
.UNSPECIFIED.,.F.,.F.) B_SPLINE_CURVE_WITH_KNOTS((3,3),(0.,
1.508825302794),.PIECEWISE_BEZIER_KNOTS.) CURVE() 
GEOMETRIC_REPRESENTATION_ITEM() RATIONAL_B_SPLINE_CURVE((1.,
0.728673920883,1.)) REPRESENTATION_ITEM('') );
#3517 = CARTESIAN_POINT('',(4.119284763059,-5.961541382891,7.));
#3518 = CARTESIAN_POINT('',(4.208727980674,-6.070516291906,7.));
#3519 = CARTESIAN_POINT('',(4.323033043244,-5.987993733518,7.));
#3520 = ORIENTED_EDGE('',*,*,#3521,.F.);
#3521 = EDGE_CURVE('',#476,#3514,#3522,.T.);
#3522 = LINE('',#3523,#3524);
#3523 = CARTESIAN_POINT('',(4.323033043244,-5.987993733518,0.));
#3524 = VECTOR('',#3525,1.);
#3525 = DIRECTION('',(0.,0.,1.));
#3526 = ORIENTED_EDGE('',*,*,#483,.F.);
#3527 = SURFACE_OF_LINEAR_EXTRUSION('',#3528,#3532);
#3528 = ( BOUNDED_CURVE() B_SPLINE_CURVE(2,(#3529,#3530,#3531),
.UNSPECIFIED.,.F.,.F.) B_SPLINE_CURVE_WITH_KNOTS((3,3),(0.,
1.508825302794),.PIECEWISE_BEZIER_KNOTS.) CURVE() 
GEOMETRIC_REPRESENTATION_ITEM() RATIONAL_B_SPLINE_CURVE((1.,
0.728673920883,1.)) REPRESENTATION_ITEM('') );
#3529 = CARTESIAN_POINT('',(4.119284763059,-5.961541382891,0.));
#3530 = CARTESIAN_POINT('',(4.208727980674,-6.070516291906,0.));
#3531 = CARTESIAN_POINT('',(4.323033043244,-5.987993733518,0.));
#3532 = VECTOR('',#3533,1.);
#3533 = DIRECTION('',(-0.,-0.,-1.));
#3534 = ADVANCED_FACE('',(#3535),#3553,.F.);
#3535 = FACE_BOUND('',#3536,.F.);
#3536 = EDGE_LOOP('',(#3537,#3538,#3546,#3552));
#3537 = ORIENTED_EDGE('',*,*,#3521,.T.);
#3538 = ORIENTED_EDGE('',*,*,#3539,.T.);
#3539 = EDGE_CURVE('',#3514,#3540,#3542,.T.);
#3540 = VERTEX_POINT('',#3541);
#3541 = CARTESIAN_POINT('',(4.665074510663,-5.72553608456,7.));
#3542 = ( BOUNDED_CURVE() B_SPLINE_CURVE(2,(#3543,#3544,#3545),
.UNSPECIFIED.,.F.,.F.) B_SPLINE_CURVE_WITH_KNOTS((3,3),(0.,
5.838450169226E-02),.PIECEWISE_BEZIER_KNOTS.) CURVE() 
GEOMETRIC_REPRESENTATION_ITEM() RATIONAL_B_SPLINE_CURVE((1.,
0.999573936504,1.)) REPRESENTATION_ITEM('') );
#3543 = CARTESIAN_POINT('',(4.323033043244,-5.987993733518,7.));
#3544 = CARTESIAN_POINT('',(4.497885730292,-5.861758807857,7.));
#3545 = CARTESIAN_POINT('',(4.665074510663,-5.72553608456,7.));
#3546 = ORIENTED_EDGE('',*,*,#3547,.F.);
#3547 = EDGE_CURVE('',#468,#3540,#3548,.T.);
#3548 = LINE('',#3549,#3550);
#3549 = CARTESIAN_POINT('',(4.665074510663,-5.72553608456,0.));
#3550 = VECTOR('',#3551,1.);
#3551 = DIRECTION('',(0.,0.,1.));
#3552 = ORIENTED_EDGE('',*,*,#475,.F.);
#3553 = SURFACE_OF_LINEAR_EXTRUSION('',#3554,#3558);
#3554 = ( BOUNDED_CURVE() B_SPLINE_CURVE(2,(#3555,#3556,#3557),
.UNSPECIFIED.,.F.,.F.) B_SPLINE_CURVE_WITH_KNOTS((3,3),(0.,
5.838450169226E-02),.PIECEWISE_BEZIER_KNOTS.) CURVE() 
GEOMETRIC_REPRESENTATION_ITEM() RATIONAL_B_SPLINE_CURVE((1.,
0.999573936504,1.)) REPRESENTATION_ITEM('') );
#3555 = CARTESIAN_POINT('',(4.323033043244,-5.987993733518,0.));
#3556 = CARTESIAN_POINT('',(4.497885730292,-5.861758807857,0.));
#3557 = CARTESIAN_POINT('',(4.665074510663,-5.72553608456,0.));
#3558 = VECTOR('',#3559,1.);
#3559 = DIRECTION('',(-0.,-0.,-1.));
#3560 = ADVANCED_FACE('',(#3561),#3579,.F.);
#3561 = FACE_BOUND('',#3562,.F.);
#3562 = EDGE_LOOP('',(#3563,#3564,#3572,#3578));
#3563 = ORIENTED_EDGE('',*,*,#3547,.T.);
#3564 = ORIENTED_EDGE('',*,*,#3565,.T.);
#3565 = EDGE_CURVE('',#3540,#3566,#3568,.T.);
#3566 = VERTEX_POINT('',#3567);
#3567 = CARTESIAN_POINT('',(4.692257437345,-5.521883986536,7.));
#3568 = ( BOUNDED_CURVE() B_SPLINE_CURVE(2,(#3569,#3570,#3571),
.UNSPECIFIED.,.F.,.F.) B_SPLINE_CURVE_WITH_KNOTS((3,3),(0.,
1.508825302794),.PIECEWISE_BEZIER_KNOTS.) CURVE() 
GEOMETRIC_REPRESENTATION_ITEM() RATIONAL_B_SPLINE_CURVE((1.,
0.728673920883,1.)) REPRESENTATION_ITEM('') );
#3569 = CARTESIAN_POINT('',(4.665074510663,-5.72553608456,7.));
#3570 = CARTESIAN_POINT('',(4.774369508207,-5.636484282309,7.));
#3571 = CARTESIAN_POINT('',(4.692257437345,-5.521883986536,7.));
#3572 = ORIENTED_EDGE('',*,*,#3573,.F.);
#3573 = EDGE_CURVE('',#460,#3566,#3574,.T.);
#3574 = LINE('',#3575,#3576);
#3575 = CARTESIAN_POINT('',(4.692257437345,-5.521883986536,0.));
#3576 = VECTOR('',#3577,1.);
#3577 = DIRECTION('',(0.,0.,1.));
#3578 = ORIENTED_EDGE('',*,*,#467,.F.);
#3579 = SURFACE_OF_LINEAR_EXTRUSION('',#3580,#3584);
#3580 = ( BOUNDED_CURVE() B_SPLINE_CURVE(2,(#3581,#3582,#3583),
.UNSPECIFIED.,.F.,.F.) B_SPLINE_CURVE_WITH_KNOTS((3,3),(0.,
1.508825302794),.PIECEWISE_BEZIER_KNOTS.) CURVE() 
GEOMETRIC_REPRESENTATION_ITEM() RATIONAL_B_SPLINE_CURVE((1.,
0.728673920883,1.)) REPRESENTATION_ITEM('') );
#3581 = CARTESIAN_POINT('',(4.665074510663,-5.72553608456,0.));
#3582 = CARTESIAN_POINT('',(4.774369508207,-5.636484282309,0.));
#3583 = CARTESIAN_POINT('',(4.692257437345,-5.521883986536,0.));
#3584 = VECTOR('',#3585,1.);
#3585 = DIRECTION('',(-0.,-0.,-1.));
#3586 = ADVANCED_FACE('',(#3587),#3605,.F.);
#3587 = FACE_BOUND('',#3588,.F.);
#3588 = EDGE_LOOP('',(#3589,#3590,#3598,#3604));
#3589 = ORIENTED_EDGE('',*,*,#3573,.T.);
#3590 = ORIENTED_EDGE('',*,*,#3591,.T.);
#3591 = EDGE_CURVE('',#3566,#3592,#3594,.T.);
#3592 = VERTEX_POINT('',#3593);
#3593 = CARTESIAN_POINT('',(4.559678105409,-5.265195882593,7.));
#3594 = ( BOUNDED_CURVE() B_SPLINE_CURVE(2,(#3595,#3596,#3597),
.UNSPECIFIED.,.F.,.F.) B_SPLINE_CURVE_WITH_KNOTS((3,3),(0.,
0.289919229054),.PIECEWISE_BEZIER_KNOTS.) CURVE() 
GEOMETRIC_REPRESENTATION_ITEM() RATIONAL_B_SPLINE_CURVE((1.,
0.989511740461,1.)) REPRESENTATION_ITEM('') );
#3595 = CARTESIAN_POINT('',(4.692257437345,-5.521883986536,7.));
#3596 = CARTESIAN_POINT('',(4.607231646991,-5.403217137427,7.));
#3597 = CARTESIAN_POINT('',(4.559678105409,-5.265195882593,7.));
#3598 = ORIENTED_EDGE('',*,*,#3599,.F.);
#3599 = EDGE_CURVE('',#452,#3592,#3600,.T.);
#3600 = LINE('',#3601,#3602);
#3601 = CARTESIAN_POINT('',(4.559678105409,-5.265195882593,0.));
#3602 = VECTOR('',#3603,1.);
#3603 = DIRECTION('',(0.,0.,1.));
#3604 = ORIENTED_EDGE('',*,*,#459,.F.);
#3605 = SURFACE_OF_LINEAR_EXTRUSION('',#3606,#3610);
#3606 = ( BOUNDED_CURVE() B_SPLINE_CURVE(2,(#3607,#3608,#3609),
.UNSPECIFIED.,.F.,.F.) B_SPLINE_CURVE_WITH_KNOTS((3,3),(0.,
0.289919229054),.PIECEWISE_BEZIER_KNOTS.) CURVE() 
GEOMETRIC_REPRESENTATION_ITEM() RATIONAL_B_SPLINE_CURVE((1.,
0.989511740461,1.)) REPRESENTATION_ITEM('') );
#3607 = CARTESIAN_POINT('',(4.692257437345,-5.521883986536,0.));
#3608 = CARTESIAN_POINT('',(4.607231646991,-5.403217137427,0.));
#3609 = CARTESIAN_POINT('',(4.559678105409,-5.265195882593,0.));
#3610 = VECTOR('',#3611,1.);
#3611 = DIRECTION('',(-0.,-0.,-1.));
#3612 = ADVANCED_FACE('',(#3613),#3631,.F.);
#3613 = FACE_BOUND('',#3614,.F.);
#3614 = EDGE_LOOP('',(#3615,#3616,#3624,#3630));
#3615 = ORIENTED_EDGE('',*,*,#3599,.T.);
#3616 = ORIENTED_EDGE('',*,*,#3617,.T.);
#3617 = EDGE_CURVE('',#3592,#3618,#3620,.T.);
#3618 = VERTEX_POINT('',#3619);
#3619 = CARTESIAN_POINT('',(5.265195882593,-4.559678105409,7.));
#3620 = ( BOUNDED_CURVE() B_SPLINE_CURVE(2,(#3621,#3622,#3623),
.UNSPECIFIED.,.F.,.F.) B_SPLINE_CURVE_WITH_KNOTS((3,3),(0.,
2.234397261374),.PIECEWISE_BEZIER_KNOTS.) CURVE() 
GEOMETRIC_REPRESENTATION_ITEM() RATIONAL_B_SPLINE_CURVE((1.,
0.438202247191,1.)) REPRESENTATION_ITEM('') );
#3621 = CARTESIAN_POINT('',(4.559678105409,-5.265195882593,7.));
#3622 = CARTESIAN_POINT('',(4.188829017402,-4.188829017402,7.));
#3623 = CARTESIAN_POINT('',(5.265195882593,-4.559678105409,7.));
#3624 = ORIENTED_EDGE('',*,*,#3625,.F.);
#3625 = EDGE_CURVE('',#444,#3618,#3626,.T.);
#3626 = LINE('',#3627,#3628);
#3627 = CARTESIAN_POINT('',(5.265195882593,-4.559678105409,0.));
#3628 = VECTOR('',#3629,1.);
#3629 = DIRECTION('',(0.,0.,1.));
#3630 = ORIENTED_EDGE('',*,*,#451,.F.);
#3631 = SURFACE_OF_LINEAR_EXTRUSION('',#3632,#3636);
#3632 = ( BOUNDED_CURVE() B_SPLINE_CURVE(2,(#3633,#3634,#3635),
.UNSPECIFIED.,.F.,.F.) B_SPLINE_CURVE_WITH_KNOTS((3,3),(0.,
2.234397261374),.PIECEWISE_BEZIER_KNOTS.) CURVE() 
GEOMETRIC_REPRESENTATION_ITEM() RATIONAL_B_SPLINE_CURVE((1.,
0.438202247191,1.)) REPRESENTATION_ITEM('') );
#3633 = CARTESIAN_POINT('',(4.559678105409,-5.265195882593,0.));
#3634 = CARTESIAN_POINT('',(4.188829017402,-4.188829017402,0.));
#3635 = CARTESIAN_POINT('',(5.265195882593,-4.559678105409,0.));
#3636 = VECTOR('',#3637,1.);
#3637 = DIRECTION('',(-0.,-0.,-1.));
#3638 = ADVANCED_FACE('',(#3639),#3657,.F.);
#3639 = FACE_BOUND('',#3640,.F.);
#3640 = EDGE_LOOP('',(#3641,#3642,#3650,#3656));
#3641 = ORIENTED_EDGE('',*,*,#3625,.T.);
#3642 = ORIENTED_EDGE('',*,*,#3643,.T.);
#3643 = EDGE_CURVE('',#3618,#3644,#3646,.T.);
#3644 = VERTEX_POINT('',#3645);
#3645 = CARTESIAN_POINT('',(5.521883986536,-4.692257437345,7.));
#3646 = ( BOUNDED_CURVE() B_SPLINE_CURVE(2,(#3647,#3648,#3649),
.UNSPECIFIED.,.F.,.F.) B_SPLINE_CURVE_WITH_KNOTS((3,3),(0.,
0.289919229054),.PIECEWISE_BEZIER_KNOTS.) CURVE() 
GEOMETRIC_REPRESENTATION_ITEM() RATIONAL_B_SPLINE_CURVE((1.,
0.989511740461,1.)) REPRESENTATION_ITEM('') );
#3647 = CARTESIAN_POINT('',(5.265195882593,-4.559678105409,7.));
#3648 = CARTESIAN_POINT('',(5.403217137427,-4.607231646991,7.));
#3649 = CARTESIAN_POINT('',(5.521883986536,-4.692257437345,7.));
#3650 = ORIENTED_EDGE('',*,*,#3651,.F.);
#3651 = EDGE_CURVE('',#436,#3644,#3652,.T.);
#3652 = LINE('',#3653,#3654);
#3653 = CARTESIAN_POINT('',(5.521883986536,-4.692257437345,0.));
#3654 = VECTOR('',#3655,1.);
#3655 = DIRECTION('',(0.,0.,1.));
#3656 = ORIENTED_EDGE('',*,*,#443,.F.);
#3657 = SURFACE_OF_LINEAR_EXTRUSION('',#3658,#3662);
#3658 = ( BOUNDED_CURVE() B_SPLINE_CURVE(2,(#3659,#3660,#3661),
.UNSPECIFIED.,.F.,.F.) B_SPLINE_CURVE_WITH_KNOTS((3,3),(0.,
0.289919229054),.PIECEWISE_BEZIER_KNOTS.) CURVE() 
GEOMETRIC_REPRESENTATION_ITEM() RATIONAL_B_SPLINE_CURVE((1.,
0.989511740461,1.)) REPRESENTATION_ITEM('') );
#3659 = CARTESIAN_POINT('',(5.265195882593,-4.559678105409,0.));
#3660 = CARTESIAN_POINT('',(5.403217137427,-4.607231646991,0.));
#3661 = CARTESIAN_POINT('',(5.521883986536,-4.692257437345,0.));
#3662 = VECTOR('',#3663,1.);
#3663 = DIRECTION('',(-0.,-0.,-1.));
#3664 = ADVANCED_FACE('',(#3665),#3683,.F.);
#3665 = FACE_BOUND('',#3666,.F.);
#3666 = EDGE_LOOP('',(#3667,#3668,#3676,#3682));
#3667 = ORIENTED_EDGE('',*,*,#3651,.T.);
#3668 = ORIENTED_EDGE('',*,*,#3669,.T.);
#3669 = EDGE_CURVE('',#3644,#3670,#3672,.T.);
#3670 = VERTEX_POINT('',#3671);
#3671 = CARTESIAN_POINT('',(5.72553608456,-4.665074510663,7.));
#3672 = ( BOUNDED_CURVE() B_SPLINE_CURVE(2,(#3673,#3674,#3675),
.UNSPECIFIED.,.F.,.F.) B_SPLINE_CURVE_WITH_KNOTS((3,3),(0.,
1.508825302794),.PIECEWISE_BEZIER_KNOTS.) CURVE() 
GEOMETRIC_REPRESENTATION_ITEM() RATIONAL_B_SPLINE_CURVE((1.,
0.728673920883,1.)) REPRESENTATION_ITEM('') );
#3673 = CARTESIAN_POINT('',(5.521883986536,-4.692257437345,7.));
#3674 = CARTESIAN_POINT('',(5.636484282309,-4.774369508207,7.));
#3675 = CARTESIAN_POINT('',(5.72553608456,-4.665074510663,7.));
#3676 = ORIENTED_EDGE('',*,*,#3677,.F.);
#3677 = EDGE_CURVE('',#428,#3670,#3678,.T.);
#3678 = LINE('',#3679,#3680);
#3679 = CARTESIAN_POINT('',(5.72553608456,-4.665074510663,0.));
#3680 = VECTOR('',#3681,1.);
#3681 = DIRECTION('',(0.,0.,1.));
#3682 = ORIENTED_EDGE('',*,*,#435,.F.);
#3683 = SURFACE_OF_LINEAR_EXTRUSION('',#3684,#3688);
#3684 = ( BOUNDED_CURVE() B_SPLINE_CURVE(2,(#3685,#3686,#3687),
.UNSPECIFIED.,.F.,.F.) B_SPLINE_CURVE_WITH_KNOTS((3,3),(0.,
1.508825302794),.PIECEWISE_BEZIER_KNOTS.) CURVE() 
GEOMETRIC_REPRESENTATION_ITEM() RATIONAL_B_SPLINE_CURVE((1.,
0.728673920883,1.)) REPRESENTATION_ITEM('') );
#3685 = CARTESIAN_POINT('',(5.521883986536,-4.692257437345,0.));
#3686 = CARTESIAN_POINT('',(5.636484282309,-4.774369508207,0.));
#3687 = CARTESIAN_POINT('',(5.72553608456,-4.665074510663,0.));
#3688 = VECTOR('',#3689,1.);
#3689 = DIRECTION('',(-0.,-0.,-1.));
#3690 = ADVANCED_FACE('',(#3691),#3709,.F.);
#3691 = FACE_BOUND('',#3692,.F.);
#3692 = EDGE_LOOP('',(#3693,#3694,#3702,#3708));
#3693 = ORIENTED_EDGE('',*,*,#3677,.T.);
#3694 = ORIENTED_EDGE('',*,*,#3695,.T.);
#3695 = EDGE_CURVE('',#3670,#3696,#3698,.T.);
#3696 = VERTEX_POINT('',#3697);
#3697 = CARTESIAN_POINT('',(5.987993733518,-4.323033043244,7.));
#3698 = ( BOUNDED_CURVE() B_SPLINE_CURVE(2,(#3699,#3700,#3701),
.UNSPECIFIED.,.F.,.F.) B_SPLINE_CURVE_WITH_KNOTS((3,3),(0.,
5.838450169226E-02),.PIECEWISE_BEZIER_KNOTS.) CURVE() 
GEOMETRIC_REPRESENTATION_ITEM() RATIONAL_B_SPLINE_CURVE((1.,
0.999573936504,1.)) REPRESENTATION_ITEM('') );
#3699 = CARTESIAN_POINT('',(5.72553608456,-4.665074510663,7.));
#3700 = CARTESIAN_POINT('',(5.861758807857,-4.497885730292,7.));
#3701 = CARTESIAN_POINT('',(5.987993733518,-4.323033043244,7.));
#3702 = ORIENTED_EDGE('',*,*,#3703,.F.);
#3703 = EDGE_CURVE('',#420,#3696,#3704,.T.);
#3704 = LINE('',#3705,#3706);
#3705 = CARTESIAN_POINT('',(5.987993733518,-4.323033043244,0.));
#3706 = VECTOR('',#3707,1.);
#3707 = DIRECTION('',(0.,0.,1.));
#3708 = ORIENTED_EDGE('',*,*,#427,.F.);
#3709 = SURFACE_OF_LINEAR_EXTRUSION('',#3710,#3714);
#3710 = ( BOUNDED_CURVE() B_SPLINE_CURVE(2,(#3711,#3712,#3713),
.UNSPECIFIED.,.F.,.F.) B_SPLINE_CURVE_WITH_KNOTS((3,3),(0.,
5.838450169226E-02),.PIECEWISE_BEZIER_KNOTS.) CURVE() 
GEOMETRIC_REPRESENTATION_ITEM() RATIONAL_B_SPLINE_CURVE((1.,
0.999573936504,1.)) REPRESENTATION_ITEM('') );
#3711 = CARTESIAN_POINT('',(5.72553608456,-4.665074510663,0.));
#3712 = CARTESIAN_POINT('',(5.861758807857,-4.497885730292,0.));
#3713 = CARTESIAN_POINT('',(5.987993733518,-4.323033043244,0.));
#3714 = VECTOR('',#3715,1.);
#3715 = DIRECTION('',(-0.,-0.,-1.));
#3716 = ADVANCED_FACE('',(#3717),#3735,.F.);
#3717 = FACE_BOUND('',#3718,.F.);
#3718 = EDGE_LOOP('',(#3719,#3720,#3728,#3734));
#3719 = ORIENTED_EDGE('',*,*,#3703,.T.);
#3720 = ORIENTED_EDGE('',*,*,#3721,.T.);
#3721 = EDGE_CURVE('',#3696,#3722,#3724,.T.);
#3722 = VERTEX_POINT('',#3723);
#3723 = CARTESIAN_POINT('',(5.961541382891,-4.119284763059,7.));
#3724 = ( BOUNDED_CURVE() B_SPLINE_CURVE(2,(#3725,#3726,#3727),
.UNSPECIFIED.,.F.,.F.) B_SPLINE_CURVE_WITH_KNOTS((3,3),(0.,
1.508825302794),.PIECEWISE_BEZIER_KNOTS.) CURVE() 
GEOMETRIC_REPRESENTATION_ITEM() RATIONAL_B_SPLINE_CURVE((1.,
0.728673920883,1.)) REPRESENTATION_ITEM('') );
#3725 = CARTESIAN_POINT('',(5.987993733518,-4.323033043244,7.));
#3726 = CARTESIAN_POINT('',(6.070516291906,-4.208727980674,7.));
#3727 = CARTESIAN_POINT('',(5.961541382891,-4.119284763059,7.));
#3728 = ORIENTED_EDGE('',*,*,#3729,.F.);
#3729 = EDGE_CURVE('',#412,#3722,#3730,.T.);
#3730 = LINE('',#3731,#3732);
#3731 = CARTESIAN_POINT('',(5.961541382891,-4.119284763059,0.));
#3732 = VECTOR('',#3733,1.);
#3733 = DIRECTION('',(0.,0.,1.));
#3734 = ORIENTED_EDGE('',*,*,#419,.F.);
#3735 = SURFACE_OF_LINEAR_EXTRUSION('',#3736,#3740);
#3736 = ( BOUNDED_CURVE() B_SPLINE_CURVE(2,(#3737,#3738,#3739),
.UNSPECIFIED.,.F.,.F.) B_SPLINE_CURVE_WITH_KNOTS((3,3),(0.,
1.508825302794),.PIECEWISE_BEZIER_KNOTS.) CURVE() 
GEOMETRIC_REPRESENTATION_ITEM() RATIONAL_B_SPLINE_CURVE((1.,
0.728673920883,1.)) REPRESENTATION_ITEM('') );
#3737 = CARTESIAN_POINT('',(5.987993733518,-4.323033043244,0.));
#3738 = CARTESIAN_POINT('',(6.070516291906,-4.208727980674,0.));
#3739 = CARTESIAN_POINT('',(5.961541382891,-4.119284763059,0.));
#3740 = VECTOR('',#3741,1.);
#3741 = DIRECTION('',(-0.,-0.,-1.));
#3742 = ADVANCED_FACE('',(#3743),#3761,.F.);
#3743 = FACE_BOUND('',#3744,.F.);
#3744 = EDGE_LOOP('',(#3745,#3746,#3754,#3760));
#3745 = ORIENTED_EDGE('',*,*,#3729,.T.);
#3746 = ORIENTED_EDGE('',*,*,#3747,.T.);
#3747 = EDGE_CURVE('',#3722,#3748,#3750,.T.);
#3748 = VERTEX_POINT('',#3749);
#3749 = CARTESIAN_POINT('',(5.76704381219,-3.905657150251,7.));
#3750 = ( BOUNDED_CURVE() B_SPLINE_CURVE(2,(#3751,#3752,#3753),
.UNSPECIFIED.,.F.,.F.) B_SPLINE_CURVE_WITH_KNOTS((3,3),(0.,
0.289919229054),.PIECEWISE_BEZIER_KNOTS.) CURVE() 
GEOMETRIC_REPRESENTATION_ITEM() RATIONAL_B_SPLINE_CURVE((1.,
0.989511740461,1.)) REPRESENTATION_ITEM('') );
#3751 = CARTESIAN_POINT('',(5.961541382891,-4.119284763059,7.));
#3752 = CARTESIAN_POINT('',(5.848699535515,-4.026667682648,7.));
#3753 = CARTESIAN_POINT('',(5.76704381219,-3.905657150251,7.));
#3754 = ORIENTED_EDGE('',*,*,#3755,.F.);
#3755 = EDGE_CURVE('',#404,#3748,#3756,.T.);
#3756 = LINE('',#3757,#3758);
#3757 = CARTESIAN_POINT('',(5.76704381219,-3.905657150251,0.));
#3758 = VECTOR('',#3759,1.);
#3759 = DIRECTION('',(0.,0.,1.));
#3760 = ORIENTED_EDGE('',*,*,#411,.F.);
#3761 = SURFACE_OF_LINEAR_EXTRUSION('',#3762,#3766);
#3762 = ( BOUNDED_CURVE() B_SPLINE_CURVE(2,(#3763,#3764,#3765),
.UNSPECIFIED.,.F.,.F.) B_SPLINE_CURVE_WITH_KNOTS((3,3),(0.,
0.289919229054),.PIECEWISE_BEZIER_KNOTS.) CURVE() 
GEOMETRIC_REPRESENTATION_ITEM() RATIONAL_B_SPLINE_CURVE((1.,
0.989511740461,1.)) REPRESENTATION_ITEM('') );
#3763 = CARTESIAN_POINT('',(5.961541382891,-4.119284763059,0.));
#3764 = CARTESIAN_POINT('',(5.848699535515,-4.026667682648,0.));
#3765 = CARTESIAN_POINT('',(5.76704381219,-3.905657150251,0.));
#3766 = VECTOR('',#3767,1.);
#3767 = DIRECTION('',(-0.,-0.,-1.));
#3768 = ADVANCED_FACE('',(#3769),#3787,.F.);
#3769 = FACE_BOUND('',#3770,.F.);
#3770 = EDGE_LOOP('',(#3771,#3772,#3780,#3786));
#3771 = ORIENTED_EDGE('',*,*,#3755,.T.);
#3772 = ORIENTED_EDGE('',*,*,#3773,.T.);
#3773 = EDGE_CURVE('',#3748,#3774,#3776,.T.);
#3774 = VERTEX_POINT('',#3775);
#3775 = CARTESIAN_POINT('',(6.265920216685,-3.041577870969,7.));
#3776 = ( BOUNDED_CURVE() B_SPLINE_CURVE(2,(#3777,#3778,#3779),
.UNSPECIFIED.,.F.,.F.) B_SPLINE_CURVE_WITH_KNOTS((3,3),(0.,
2.234397261374),.PIECEWISE_BEZIER_KNOTS.) CURVE() 
GEOMETRIC_REPRESENTATION_ITEM() RATIONAL_B_SPLINE_CURVE((1.,
0.438202247191,1.)) REPRESENTATION_ITEM('') );
#3777 = CARTESIAN_POINT('',(5.76704381219,-3.905657150251,7.));
#3778 = CARTESIAN_POINT('',(5.1302468562,-2.961949403436,7.));
#3779 = CARTESIAN_POINT('',(6.265920216685,-3.041577870969,7.));
#3780 = ORIENTED_EDGE('',*,*,#3781,.F.);
#3781 = EDGE_CURVE('',#396,#3774,#3782,.T.);
#3782 = LINE('',#3783,#3784);
#3783 = CARTESIAN_POINT('',(6.265920216685,-3.041577870969,0.));
#3784 = VECTOR('',#3785,1.);
#3785 = DIRECTION('',(0.,0.,1.));
#3786 = ORIENTED_EDGE('',*,*,#403,.F.);
#3787 = SURFACE_OF_LINEAR_EXTRUSION('',#3788,#3792);
#3788 = ( BOUNDED_CURVE() B_SPLINE_CURVE(2,(#3789,#3790,#3791),
.UNSPECIFIED.,.F.,.F.) B_SPLINE_CURVE_WITH_KNOTS((3,3),(0.,
2.234397261374),.PIECEWISE_BEZIER_KNOTS.) CURVE() 
GEOMETRIC_REPRESENTATION_ITEM() RATIONAL_B_SPLINE_CURVE((1.,
0.438202247191,1.)) REPRESENTATION_ITEM('') );
#3789 = CARTESIAN_POINT('',(5.76704381219,-3.905657150251,0.));
#3790 = CARTESIAN_POINT('',(5.1302468562,-2.961949403436,0.));
#3791 = CARTESIAN_POINT('',(6.265920216685,-3.041577870969,0.));
#3792 = VECTOR('',#3793,1.);
#3793 = DIRECTION('',(-0.,-0.,-1.));
#3794 = ADVANCED_FACE('',(#3795),#3813,.F.);
#3795 = FACE_BOUND('',#3796,.F.);
#3796 = EDGE_LOOP('',(#3797,#3798,#3806,#3812));
#3797 = ORIENTED_EDGE('',*,*,#3781,.T.);
#3798 = ORIENTED_EDGE('',*,*,#3799,.T.);
#3799 = EDGE_CURVE('',#3774,#3800,#3802,.T.);
#3800 = VERTEX_POINT('',#3801);
#3801 = CARTESIAN_POINT('',(6.548175941677,-3.103203901767,7.));
#3802 = ( BOUNDED_CURVE() B_SPLINE_CURVE(2,(#3803,#3804,#3805),
.UNSPECIFIED.,.F.,.F.) B_SPLINE_CURVE_WITH_KNOTS((3,3),(0.,
0.289919229054),.PIECEWISE_BEZIER_KNOTS.) CURVE() 
GEOMETRIC_REPRESENTATION_ITEM() RATIONAL_B_SPLINE_CURVE((1.,
0.989511740461,1.)) REPRESENTATION_ITEM('') );
#3803 = CARTESIAN_POINT('',(6.265920216685,-3.041577870969,7.));
#3804 = CARTESIAN_POINT('',(6.411546273529,-3.051788535534,7.));
#3805 = CARTESIAN_POINT('',(6.548175941677,-3.103203901767,7.));
#3806 = ORIENTED_EDGE('',*,*,#3807,.F.);
#3807 = EDGE_CURVE('',#388,#3800,#3808,.T.);
#3808 = LINE('',#3809,#3810);
#3809 = CARTESIAN_POINT('',(6.548175941677,-3.103203901767,0.));
#3810 = VECTOR('',#3811,1.);
#3811 = DIRECTION('',(0.,0.,1.));
#3812 = ORIENTED_EDGE('',*,*,#395,.F.);
#3813 = SURFACE_OF_LINEAR_EXTRUSION('',#3814,#3818);
#3814 = ( BOUNDED_CURVE() B_SPLINE_CURVE(2,(#3815,#3816,#3817),
.UNSPECIFIED.,.F.,.F.) B_SPLINE_CURVE_WITH_KNOTS((3,3),(0.,
0.289919229054),.PIECEWISE_BEZIER_KNOTS.) CURVE() 
GEOMETRIC_REPRESENTATION_ITEM() RATIONAL_B_SPLINE_CURVE((1.,
0.989511740461,1.)) REPRESENTATION_ITEM('') );
#3815 = CARTESIAN_POINT('',(6.265920216685,-3.041577870969,0.));
#3816 = CARTESIAN_POINT('',(6.411546273529,-3.051788535534,0.));
#3817 = CARTESIAN_POINT('',(6.548175941677,-3.103203901767,0.));
#3818 = VECTOR('',#3819,1.);
#3819 = DIRECTION('',(-0.,-0.,-1.));
#3820 = ADVANCED_FACE('',(#3821),#3839,.F.);
#3821 = FACE_BOUND('',#3822,.F.);
#3822 = EDGE_LOOP('',(#3823,#3824,#3832,#3838));
#3823 = ORIENTED_EDGE('',*,*,#3807,.T.);
#3824 = ORIENTED_EDGE('',*,*,#3825,.T.);
#3825 = EDGE_CURVE('',#3800,#3826,#3828,.T.);
#3826 = VERTEX_POINT('',#3827);
#3827 = CARTESIAN_POINT('',(6.737853303608,-3.024238169307,7.));
#3828 = ( BOUNDED_CURVE() B_SPLINE_CURVE(2,(#3829,#3830,#3831),
.UNSPECIFIED.,.F.,.F.) B_SPLINE_CURVE_WITH_KNOTS((3,3),(0.,
1.508825302794),.PIECEWISE_BEZIER_KNOTS.) CURVE() 
GEOMETRIC_REPRESENTATION_ITEM() RATIONAL_B_SPLINE_CURVE((1.,
0.728673920883,1.)) REPRESENTATION_ITEM('') );
#3829 = CARTESIAN_POINT('',(6.548175941677,-3.103203901767,7.));
#3830 = CARTESIAN_POINT('',(6.680123494835,-3.152857332541,7.));
#3831 = CARTESIAN_POINT('',(6.737853303608,-3.024238169307,7.));
#3832 = ORIENTED_EDGE('',*,*,#3833,.F.);
#3833 = EDGE_CURVE('',#380,#3826,#3834,.T.);
#3834 = LINE('',#3835,#3836);
#3835 = CARTESIAN_POINT('',(6.737853303608,-3.024238169307,0.));
#3836 = VECTOR('',#3837,1.);
#3837 = DIRECTION('',(0.,0.,1.));
#3838 = ORIENTED_EDGE('',*,*,#387,.F.);
#3839 = SURFACE_OF_LINEAR_EXTRUSION('',#3840,#3844);
#3840 = ( BOUNDED_CURVE() B_SPLINE_CURVE(2,(#3841,#3842,#3843),
.UNSPECIFIED.,.F.,.F.) B_SPLINE_CURVE_WITH_KNOTS((3,3),(0.,
1.508825302794),.PIECEWISE_BEZIER_KNOTS.) CURVE() 
GEOMETRIC_REPRESENTATION_ITEM() RATIONAL_B_SPLINE_CURVE((1.,
0.728673920883,1.)) REPRESENTATION_ITEM('') );
#3841 = CARTESIAN_POINT('',(6.548175941677,-3.103203901767,0.));
#3842 = CARTESIAN_POINT('',(6.680123494835,-3.152857332541,0.));
#3843 = CARTESIAN_POINT('',(6.737853303608,-3.024238169307,0.));
#3844 = VECTOR('',#3845,1.);
#3845 = DIRECTION('',(-0.,-0.,-1.));
#3846 = ADVANCED_FACE('',(#3847),#3865,.F.);
#3847 = FACE_BOUND('',#3848,.F.);
#3848 = EDGE_LOOP('',(#3849,#3850,#3858,#3864));
#3849 = ORIENTED_EDGE('',*,*,#3833,.T.);
#3850 = ORIENTED_EDGE('',*,*,#3851,.T.);
#3851 = EDGE_CURVE('',#3826,#3852,#3854,.T.);
#3852 = VERTEX_POINT('',#3853);
#3853 = CARTESIAN_POINT('',(6.902841079061,-2.625922444182,7.));
#3854 = ( BOUNDED_CURVE() B_SPLINE_CURVE(2,(#3855,#3856,#3857),
.UNSPECIFIED.,.F.,.F.) B_SPLINE_CURVE_WITH_KNOTS((3,3),(0.,
5.838450169226E-02),.PIECEWISE_BEZIER_KNOTS.) CURVE() 
GEOMETRIC_REPRESENTATION_ITEM() RATIONAL_B_SPLINE_CURVE((1.,
0.999573936504,1.)) REPRESENTATION_ITEM('') );
#3855 = CARTESIAN_POINT('',(6.737853303608,-3.024238169307,7.));
#3856 = CARTESIAN_POINT('',(6.826162709681,-2.827489173315,7.));
#3857 = CARTESIAN_POINT('',(6.902841079061,-2.625922444182,7.));
#3858 = ORIENTED_EDGE('',*,*,#3859,.F.);
#3859 = EDGE_CURVE('',#372,#3852,#3860,.T.);
#3860 = LINE('',#3861,#3862);
#3861 = CARTESIAN_POINT('',(6.902841079061,-2.625922444182,0.));
#3862 = VECTOR('',#3863,1.);
#3863 = DIRECTION('',(0.,0.,1.));
#3864 = ORIENTED_EDGE('',*,*,#379,.F.);
#3865 = SURFACE_OF_LINEAR_EXTRUSION('',#3866,#3870);
#3866 = ( BOUNDED_CURVE() B_SPLINE_CURVE(2,(#3867,#3868,#3869),
.UNSPECIFIED.,.F.,.F.) B_SPLINE_CURVE_WITH_KNOTS((3,3),(0.,
5.838450169226E-02),.PIECEWISE_BEZIER_KNOTS.) CURVE() 
GEOMETRIC_REPRESENTATION_ITEM() RATIONAL_B_SPLINE_CURVE((1.,
0.999573936504,1.)) REPRESENTATION_ITEM('') );
#3867 = CARTESIAN_POINT('',(6.737853303608,-3.024238169307,0.));
#3868 = CARTESIAN_POINT('',(6.826162709681,-2.827489173315,0.));
#3869 = CARTESIAN_POINT('',(6.902841079061,-2.625922444182,0.));
#3870 = VECTOR('',#3871,1.);
#3871 = DIRECTION('',(-0.,-0.,-1.));
#3872 = ADVANCED_FACE('',(#3873),#3891,.F.);
#3873 = FACE_BOUND('',#3874,.F.);
#3874 = EDGE_LOOP('',(#3875,#3876,#3884,#3890));
#3875 = ORIENTED_EDGE('',*,*,#3859,.T.);
#3876 = ORIENTED_EDGE('',*,*,#3877,.T.);
#3877 = EDGE_CURVE('',#3852,#3878,#3880,.T.);
#3878 = VERTEX_POINT('',#3879);
#3879 = CARTESIAN_POINT('',(6.824556135106,-2.435963090418,7.));
#3880 = ( BOUNDED_CURVE() B_SPLINE_CURVE(2,(#3881,#3882,#3883),
.UNSPECIFIED.,.F.,.F.) B_SPLINE_CURVE_WITH_KNOTS((3,3),(0.,
1.508825302794),.PIECEWISE_BEZIER_KNOTS.) CURVE() 
GEOMETRIC_REPRESENTATION_ITEM() RATIONAL_B_SPLINE_CURVE((1.,
0.728673920883,1.)) REPRESENTATION_ITEM('') );
#3881 = CARTESIAN_POINT('',(6.902841079061,-2.625922444182,7.));
#3882 = CARTESIAN_POINT('',(6.952967422315,-2.494153822408,7.));
#3883 = CARTESIAN_POINT('',(6.824556135106,-2.435963090418,7.));
#3884 = ORIENTED_EDGE('',*,*,#3885,.F.);
#3885 = EDGE_CURVE('',#364,#3878,#3886,.T.);
#3886 = LINE('',#3887,#3888);
#3887 = CARTESIAN_POINT('',(6.824556135106,-2.435963090418,0.));
#3888 = VECTOR('',#3889,1.);
#3889 = DIRECTION('',(0.,0.,1.));
#3890 = ORIENTED_EDGE('',*,*,#371,.F.);
#3891 = SURFACE_OF_LINEAR_EXTRUSION('',#3892,#3896);
#3892 = ( BOUNDED_CURVE() B_SPLINE_CURVE(2,(#3893,#3894,#3895),
.UNSPECIFIED.,.F.,.F.) B_SPLINE_CURVE_WITH_KNOTS((3,3),(0.,
1.508825302794),.PIECEWISE_BEZIER_KNOTS.) CURVE() 
GEOMETRIC_REPRESENTATION_ITEM() RATIONAL_B_SPLINE_CURVE((1.,
0.728673920883,1.)) REPRESENTATION_ITEM('') );
#3893 = CARTESIAN_POINT('',(6.902841079061,-2.625922444182,0.));
#3894 = CARTESIAN_POINT('',(6.952967422315,-2.494153822408,0.));
#3895 = CARTESIAN_POINT('',(6.824556135106,-2.435963090418,0.));
#3896 = VECTOR('',#3897,1.);
#3897 = DIRECTION('',(-0.,-0.,-1.));
#3898 = ADVANCED_FACE('',(#3899),#3917,.F.);
#3899 = FACE_BOUND('',#3900,.F.);
#3900 = EDGE_LOOP('',(#3901,#3902,#3910,#3916));
#3901 = ORIENTED_EDGE('',*,*,#3885,.T.);
#3902 = ORIENTED_EDGE('',*,*,#3903,.T.);
#3903 = EDGE_CURVE('',#3878,#3904,#3906,.T.);
#3904 = VERTEX_POINT('',#3905);
#3905 = CARTESIAN_POINT('',(6.581395013661,-2.279954337522,7.));
#3906 = ( BOUNDED_CURVE() B_SPLINE_CURVE(2,(#3907,#3908,#3909),
.UNSPECIFIED.,.F.,.F.) B_SPLINE_CURVE_WITH_KNOTS((3,3),(0.,
0.289919229054),.PIECEWISE_BEZIER_KNOTS.) CURVE() 
GEOMETRIC_REPRESENTATION_ITEM() RATIONAL_B_SPLINE_CURVE((1.,
0.989511740461,1.)) REPRESENTATION_ITEM('') );
#3907 = CARTESIAN_POINT('',(6.824556135106,-2.435963090418,7.));
#3908 = CARTESIAN_POINT('',(6.691588216127,-2.37570747968,7.));
#3909 = CARTESIAN_POINT('',(6.581395013661,-2.279954337522,7.));
#3910 = ORIENTED_EDGE('',*,*,#3911,.F.);
#3911 = EDGE_CURVE('',#356,#3904,#3912,.T.);
#3912 = LINE('',#3913,#3914);
#3913 = CARTESIAN_POINT('',(6.581395013661,-2.279954337522,0.));
#3914 = VECTOR('',#3915,1.);
#3915 = DIRECTION('',(0.,0.,1.));
#3916 = ORIENTED_EDGE('',*,*,#363,.F.);
#3917 = SURFACE_OF_LINEAR_EXTRUSION('',#3918,#3922);
#3918 = ( BOUNDED_CURVE() B_SPLINE_CURVE(2,(#3919,#3920,#3921),
.UNSPECIFIED.,.F.,.F.) B_SPLINE_CURVE_WITH_KNOTS((3,3),(0.,
0.289919229054),.PIECEWISE_BEZIER_KNOTS.) CURVE() 
GEOMETRIC_REPRESENTATION_ITEM() RATIONAL_B_SPLINE_CURVE((1.,
0.989511740461,1.)) REPRESENTATION_ITEM('') );
#3919 = CARTESIAN_POINT('',(6.824556135106,-2.435963090418,0.));
#3920 = CARTESIAN_POINT('',(6.691588216127,-2.37570747968,0.));
#3921 = CARTESIAN_POINT('',(6.581395013661,-2.279954337522,0.));
#3922 = VECTOR('',#3923,1.);
#3923 = DIRECTION('',(-0.,-0.,-1.));
#3924 = ADVANCED_FACE('',(#3925),#4014,.F.);
#3925 = FACE_BOUND('',#3926,.F.);
#3926 = EDGE_LOOP('',(#3927,#3928,#3929,#3937,#3945,#4008));
#3927 = ORIENTED_EDGE('',*,*,#355,.F.);
#3928 = ORIENTED_EDGE('',*,*,#3911,.T.);
#3929 = ORIENTED_EDGE('',*,*,#3930,.T.);
#3930 = EDGE_CURVE('',#3904,#3931,#3933,.T.);
#3931 = VERTEX_POINT('',#3932);
#3932 = CARTESIAN_POINT('',(6.839632442932,-1.316199131068,7.));
#3933 = ( BOUNDED_CURVE() B_SPLINE_CURVE(2,(#3934,#3935,#3936),
.UNSPECIFIED.,.F.,.F.) B_SPLINE_CURVE_WITH_KNOTS((3,3),(0.,
2.234397261374),.PIECEWISE_BEZIER_KNOTS.) CURVE() 
GEOMETRIC_REPRESENTATION_ITEM() RATIONAL_B_SPLINE_CURVE((1.,
0.438202247191,1.)) REPRESENTATION_ITEM('') );
#3934 = CARTESIAN_POINT('',(6.581395013661,-2.279954337522,7.));
#3935 = CARTESIAN_POINT('',(5.722046849881,-1.533217832479,7.));
#3936 = CARTESIAN_POINT('',(6.839632442932,-1.316199131068,7.));
#3937 = ORIENTED_EDGE('',*,*,#3938,.F.);
#3938 = EDGE_CURVE('',#3939,#3931,#3941,.T.);
#3939 = VERTEX_POINT('',#3940);
#3940 = CARTESIAN_POINT('',(6.839632442932,-1.316199131068,
    4.409736141624));
#3941 = LINE('',#3942,#3943);
#3942 = CARTESIAN_POINT('',(6.839632442932,-1.316199131068,0.));
#3943 = VECTOR('',#3944,1.);
#3944 = DIRECTION('',(0.,0.,1.));
#3945 = ORIENTED_EDGE('',*,*,#3946,.T.);
#3946 = EDGE_CURVE('',#3939,#3947,#3949,.T.);
#3947 = VERTEX_POINT('',#3948);
#3948 = CARTESIAN_POINT('',(6.839632442932,-1.316199131068,
    2.590263858376));
#3949 = B_SPLINE_CURVE_WITH_KNOTS('',5,(#3950,#3951,#3952,#3953,#3954,
    #3955,#3956,#3957,#3958,#3959,#3960,#3961,#3962,#3963,#3964,#3965,
    #3966,#3967,#3968,#3969,#3970,#3971,#3972,#3973,#3974,#3975,#3976,
    #3977,#3978,#3979,#3980,#3981,#3982,#3983,#3984,#3985,#3986,#3987,
    #3988,#3989,#3990,#3991,#3992,#3993,#3994,#3995,#3996,#3997,#3998,
    #3999,#4000,#4001,#4002,#4003,#4004,#4005,#4006,#4007),
  .UNSPECIFIED.,.F.,.F.,(6,4,4,4,4,4,4,4,4,4,4,4,4,4,6),(0.,
    4.643282159535E-02,0.138528399297,0.22845845685,0.279910000041,
    0.338581222332,0.380526220061,0.501851274917,0.618633373377,
    0.661332859847,0.720408378526,0.771992392763,0.861982342517,
    0.953357382025,1.),.UNSPECIFIED.);
#3950 = CARTESIAN_POINT('',(6.839632442932,-1.316199131068,
    4.409736141624));
#3951 = CARTESIAN_POINT('',(6.826222829571,-1.318803080954,
    4.405968767304));
#3952 = CARTESIAN_POINT('',(6.812762730657,-1.321844740289,
    4.401539269094));
#3953 = CARTESIAN_POINT('',(6.799296105862,-1.325333081033,
    4.396414838178));
#3954 = CARTESIAN_POINT('',(6.785871572915,-1.329267307092,
    4.390567783507));
#3955 = CARTESIAN_POINT('',(6.746105134602,-1.342303481974,
    4.370900357616));
#3956 = CARTESIAN_POINT('',(6.720034820143,-1.35268380836,4.354890730374
    ));
#3957 = CARTESIAN_POINT('',(6.694761712473,-1.364689590749,
    4.335785582846));
#3958 = CARTESIAN_POINT('',(6.670714904549,-1.378043588685,
    4.313533097785));
#3959 = CARTESIAN_POINT('',(6.626204307072,-1.406270939291,
    4.263677437897));
#3960 = CARTESIAN_POINT('',(6.605660911547,-1.421107482455,
    4.236202994065));
#3961 = CARTESIAN_POINT('',(6.586846644561,-1.436448194519,
    4.206041831102));
#3962 = CARTESIAN_POINT('',(6.56984710717,-1.451849177308,4.173470499993
    ));
#3963 = CARTESIAN_POINT('',(6.545923555821,-1.475573418342,
    4.118991676081));
#3964 = CARTESIAN_POINT('',(6.537799597197,-1.484106584802,
    4.098481701943));
#3965 = CARTESIAN_POINT('',(6.530250799508,-1.492470787999,
    4.077345224816));
#3966 = CARTESIAN_POINT('',(6.523257344374,-1.500606314949,
    4.055640280682));
#3967 = CARTESIAN_POINT('',(6.509425204877,-1.517423178887,
    4.008083795694));
#3968 = CARTESIAN_POINT('',(6.502746012176,-1.526020830035,
    3.982078000488));
#3969 = CARTESIAN_POINT('',(6.496720236385,-1.53418289429,3.955482952637
    ));
#3970 = CARTESIAN_POINT('',(6.491303905516,-1.541851770759,
    3.928373066593));
#3971 = CARTESIAN_POINT('',(6.482989561436,-1.554081207924,
    3.881111246022));
#3972 = CARTESIAN_POINT('',(6.479813884881,-1.558904547002,
    3.861179174417));
#3973 = CARTESIAN_POINT('',(6.476913280014,-1.563436828649,
    3.841041684092));
#3974 = CARTESIAN_POINT('',(6.474273599412,-1.567664708527,3.82072135736
    ));
#3975 = CARTESIAN_POINT('',(6.464963929417,-1.58289584561,3.740995226169
    ));
#3976 = CARTESIAN_POINT('',(6.460122226807,-1.591577394267,
    3.680405907678));
#3977 = CARTESIAN_POINT('',(6.457042510633,-1.597370620894,
    3.618960988733));
#3978 = CARTESIAN_POINT('',(6.455547446365,-1.600175318531,
    3.557115713413));
#3979 = CARTESIAN_POINT('',(6.455738089627,-1.59981760315,3.435766580276
    ));
#3980 = CARTESIAN_POINT('',(6.457306743481,-1.596874739042,
    3.376273517488));
#3981 = CARTESIAN_POINT('',(6.460353559407,-1.591168843154,
    3.317174244968));
#3982 = CARTESIAN_POINT('',(6.465039578735,-1.582792501058,
    3.258875360491));
#3983 = CARTESIAN_POINT('',(6.474057759619,-1.568010862139,
    3.180950016448));
#3984 = CARTESIAN_POINT('',(6.476728460931,-1.563726231329,3.16025266351
    ));
#3985 = CARTESIAN_POINT('',(6.479668939819,-1.559125576661,
    3.139743804151));
#3986 = CARTESIAN_POINT('',(6.482894091213,-1.554222910991,
    3.119447226292));
#3987 = CARTESIAN_POINT('',(6.491298415041,-1.541858094538,
    3.071636494352));
#3988 = CARTESIAN_POINT('',(6.49675247441,-1.534135616033,3.044339952882
    ));
#3989 = CARTESIAN_POINT('',(6.502824503705,-1.525913200232,
    3.017565505225));
#3990 = CARTESIAN_POINT('',(6.509559418503,-1.51724969867,2.991389161912
    ));
#3991 = CARTESIAN_POINT('',(6.523487247985,-1.500336064529,2.94362824321
    ));
#3992 = CARTESIAN_POINT('',(6.530513716606,-1.492172901412,2.92188250837
    ));
#3993 = CARTESIAN_POINT('',(6.538098851803,-1.483781059676,
    2.900709368947));
#3994 = CARTESIAN_POINT('',(6.546262507216,-1.475220867726,
    2.880167348603));
#3995 = CARTESIAN_POINT('',(6.570274784239,-1.451454719841,
    2.825680398513));
#3996 = CARTESIAN_POINT('',(6.587323131595,-1.436042620869,2.79313528815
    ));
#3997 = CARTESIAN_POINT('',(6.606187997101,-1.420697437293,
    2.763008412015));
#3998 = CARTESIAN_POINT('',(6.626781660769,-1.405864230939,
    2.735575855605));
#3999 = CARTESIAN_POINT('',(6.671197117242,-1.377780151081,
    2.686031245395));
#4000 = CARTESIAN_POINT('',(6.695072588726,-1.364550725411,
    2.663998007616));
#4001 = CARTESIAN_POINT('',(6.720151230277,-1.352650686035,
    2.645062186387));
#4002 = CARTESIAN_POINT('',(6.746014119761,-1.342350007444,
    2.629173008848));
#4003 = CARTESIAN_POINT('',(6.785628871471,-1.329338494032,
    2.609538021833));
#4004 = CARTESIAN_POINT('',(6.799113500812,-1.325380408602,
    2.603654689247));
#4005 = CARTESIAN_POINT('',(6.812641050477,-1.321872242927,
    2.598500782968));
#4006 = CARTESIAN_POINT('',(6.826162220365,-1.318814850371,
    2.594048260597));
#4007 = CARTESIAN_POINT('',(6.839632442932,-1.316199131068,
    2.590263858376));
#4008 = ORIENTED_EDGE('',*,*,#4009,.F.);
#4009 = EDGE_CURVE('',#348,#3947,#4010,.T.);
#4010 = LINE('',#4011,#4012);
#4011 = CARTESIAN_POINT('',(6.839632442932,-1.316199131068,0.));
#4012 = VECTOR('',#4013,1.);
#4013 = DIRECTION('',(0.,0.,1.));
#4014 = SURFACE_OF_LINEAR_EXTRUSION('',#4015,#4019);
#4015 = ( BOUNDED_CURVE() B_SPLINE_CURVE(2,(#4016,#4017,#4018),
.UNSPECIFIED.,.F.,.F.) B_SPLINE_CURVE_WITH_KNOTS((3,3),(0.,
2.234397261374),.PIECEWISE_BEZIER_KNOTS.) CURVE() 
GEOMETRIC_REPRESENTATION_ITEM() RATIONAL_B_SPLINE_CURVE((1.,
0.438202247191,1.)) REPRESENTATION_ITEM('') );
#4016 = CARTESIAN_POINT('',(6.581395013661,-2.279954337522,0.));
#4017 = CARTESIAN_POINT('',(5.722046849881,-1.533217832479,0.));
#4018 = CARTESIAN_POINT('',(6.839632442932,-1.316199131068,0.));
#4019 = VECTOR('',#4020,1.);
#4020 = DIRECTION('',(-0.,-0.,-1.));
#4021 = ADVANCED_FACE('',(#4022),#4047,.F.);
#4022 = FACE_BOUND('',#4023,.F.);
#4023 = EDGE_LOOP('',(#4024,#4025,#4026,#4041));
#4024 = ORIENTED_EDGE('',*,*,#347,.F.);
#4025 = ORIENTED_EDGE('',*,*,#4009,.T.);
#4026 = ORIENTED_EDGE('',*,*,#4027,.F.);
#4027 = EDGE_CURVE('',#4028,#3947,#4030,.T.);
#4028 = VERTEX_POINT('',#4029);
#4029 = CARTESIAN_POINT('',(7.128220527764,-1.302672148569,
    2.570997700034));
#4030 = B_SPLINE_CURVE_WITH_KNOTS('',5,(#4031,#4032,#4033,#4034,#4035,
    #4036,#4037,#4038,#4039,#4040),.UNSPECIFIED.,.F.,.F.,(6,4,6),(0.,
    0.183278562123,1.),.UNSPECIFIED.);
#4031 = CARTESIAN_POINT('',(7.128220527764,-1.302672148569,
    2.570997700034));
#4032 = CARTESIAN_POINT('',(7.117658459511,-1.301632449923,
    2.569539806475));
#4033 = CARTESIAN_POINT('',(7.107060424141,-1.300730688959,
    2.568279649003));
#4034 = CARTESIAN_POINT('',(7.096432649711,-1.299968667389,
    2.567217423216));
#4035 = CARTESIAN_POINT('',(7.085781419571,-1.299347715701,
    2.566353285965));
#4036 = CARTESIAN_POINT('',(7.027573044885,-1.296734084624,
    2.562719851695));
#4037 = CARTESIAN_POINT('',(6.9796916999,-1.29741769159,2.563688800566)
  );
#4038 = CARTESIAN_POINT('',(6.932031668459,-1.300996347079,
    2.568601666666));
#4039 = CARTESIAN_POINT('',(6.885168316763,-1.307356733431,
    2.577470746667));
#4040 = CARTESIAN_POINT('',(6.839632442932,-1.316199131068,
    2.590263858376));
#4041 = ORIENTED_EDGE('',*,*,#4042,.F.);
#4042 = EDGE_CURVE('',#340,#4028,#4043,.T.);
#4043 = LINE('',#4044,#4045);
#4044 = CARTESIAN_POINT('',(7.128220527764,-1.302672148569,0.));
#4045 = VECTOR('',#4046,1.);
#4046 = DIRECTION('',(0.,0.,1.));
#4047 = SURFACE_OF_LINEAR_EXTRUSION('',#4048,#4052);
#4048 = ( BOUNDED_CURVE() B_SPLINE_CURVE(2,(#4049,#4050,#4051),
.UNSPECIFIED.,.F.,.F.) B_SPLINE_CURVE_WITH_KNOTS((3,3),(0.,
0.289919229054),.PIECEWISE_BEZIER_KNOTS.) CURVE() 
GEOMETRIC_REPRESENTATION_ITEM() RATIONAL_B_SPLINE_CURVE((1.,
0.989511740461,1.)) REPRESENTATION_ITEM('') );
#4049 = CARTESIAN_POINT('',(6.839632442932,-1.316199131068,0.));
#4050 = CARTESIAN_POINT('',(6.982939126671,-1.2883710787,0.));
#4051 = CARTESIAN_POINT('',(7.128220527764,-1.302672148569,0.));
#4052 = VECTOR('',#4053,1.);
#4053 = DIRECTION('',(-0.,-0.,-1.));
#4054 = ADVANCED_FACE('',(#4055),#4093,.F.);
#4055 = FACE_BOUND('',#4056,.F.);
#4056 = EDGE_LOOP('',(#4057,#4058,#4059,#4087));
#4057 = ORIENTED_EDGE('',*,*,#339,.F.);
#4058 = ORIENTED_EDGE('',*,*,#4042,.T.);
#4059 = ORIENTED_EDGE('',*,*,#4060,.F.);
#4060 = EDGE_CURVE('',#4061,#4028,#4063,.T.);
#4061 = VERTEX_POINT('',#4062);
#4062 = CARTESIAN_POINT('',(7.290996954845,-1.177304994502,
    2.416508906395));
#4063 = B_SPLINE_CURVE_WITH_KNOTS('',8,(#4064,#4065,#4066,#4067,#4068,
    #4069,#4070,#4071,#4072,#4073,#4074,#4075,#4076,#4077,#4078,#4079,
    #4080,#4081,#4082,#4083,#4084,#4085,#4086),.UNSPECIFIED.,.F.,.F.,(9,
    7,7,9),(0.,0.136766237147,0.763376299547,1.),.UNSPECIFIED.);
#4064 = CARTESIAN_POINT('',(7.290996954845,-1.177304994502,
    2.416508906395));
#4065 = CARTESIAN_POINT('',(7.290438493322,-1.180763521631,
    2.420266889535));
#4066 = CARTESIAN_POINT('',(7.289782371409,-1.184240479064,
    2.424072383301));
#4067 = CARTESIAN_POINT('',(7.289025999142,-1.187731662208,
    2.427921770754));
#4068 = CARTESIAN_POINT('',(7.28816708559,-1.191232643828,2.431810982598
    ));
#4069 = CARTESIAN_POINT('',(7.287203638854,-1.19473877405,2.435735497179
    ));
#4070 = CARTESIAN_POINT('',(7.286133966068,-1.198245180362,
    2.439690340483));
#4071 = CARTESIAN_POINT('',(7.284956673399,-1.201746767611,
    2.443670086139));
#4072 = CARTESIAN_POINT('',(7.277778677164,-1.22123469488,2.465989671429
    ));
#4073 = CARTESIAN_POINT('',(7.269603862547,-1.237023014157,
    2.484714502811));
#4074 = CARTESIAN_POINT('',(7.259044084132,-1.252098880792,
    2.503281402583));
#4075 = CARTESIAN_POINT('',(7.246158378647,-1.265877887785,
    2.520924838386));
#4076 = CARTESIAN_POINT('',(7.231227365931,-1.277766518411,
    2.536713887923));
#4077 = CARTESIAN_POINT('',(7.214785274345,-1.287296940467,
    2.549676682685));
#4078 = CARTESIAN_POINT('',(7.19750021153,-1.29426953854,2.559295609252)
  );
#4079 = CARTESIAN_POINT('',(7.173415914366,-1.300417871624,2.56784031116
    ));
#4080 = CARTESIAN_POINT('',(7.166786483466,-1.301745216807,
    2.569695268197));
#4081 = CARTESIAN_POINT('',(7.160164433273,-1.30271719387,2.571058867578
    ));
#4082 = CARTESIAN_POINT('',(7.153582827372,-1.303341957148,
    2.571937382183));
#4083 = CARTESIAN_POINT('',(7.147072192918,-1.303632237686,
    2.572345825527));
#4084 = CARTESIAN_POINT('',(7.14065991037,-1.303604391079,2.57230631973)
  );
#4085 = CARTESIAN_POINT('',(7.134369603227,-1.303277445305,
    2.571846463487));
#4086 = CARTESIAN_POINT('',(7.128220527764,-1.302672148569,
    2.570997700034));
#4087 = ORIENTED_EDGE('',*,*,#4088,.F.);
#4088 = EDGE_CURVE('',#332,#4061,#4089,.T.);
#4089 = LINE('',#4090,#4091);
#4090 = CARTESIAN_POINT('',(7.290996954845,-1.177304994502,0.));
#4091 = VECTOR('',#4092,1.);
#4092 = DIRECTION('',(0.,0.,1.));
#4093 = SURFACE_OF_LINEAR_EXTRUSION('',#4094,#4098);
#4094 = ( BOUNDED_CURVE() B_SPLINE_CURVE(2,(#4095,#4096,#4097),
.UNSPECIFIED.,.F.,.F.) B_SPLINE_CURVE_WITH_KNOTS((3,3),(0.,
1.508825302794),.PIECEWISE_BEZIER_KNOTS.) CURVE() 
GEOMETRIC_REPRESENTATION_ITEM() RATIONAL_B_SPLINE_CURVE((1.,
0.728673920883,1.)) REPRESENTATION_ITEM('') );
#4095 = CARTESIAN_POINT('',(7.128220527764,-1.302672148569,0.));
#4096 = CARTESIAN_POINT('',(7.268523330614,-1.316483140006,0.));
#4097 = CARTESIAN_POINT('',(7.290996954845,-1.177304994502,0.));
#4098 = VECTOR('',#4099,1.);
#4099 = DIRECTION('',(-0.,-0.,-1.));
#4100 = ADVANCED_FACE('',(#4101),#4126,.F.);
#4101 = FACE_BOUND('',#4102,.F.);
#4102 = EDGE_LOOP('',(#4103,#4104,#4105,#4120));
#4103 = ORIENTED_EDGE('',*,*,#331,.F.);
#4104 = ORIENTED_EDGE('',*,*,#4088,.T.);
#4105 = ORIENTED_EDGE('',*,*,#4106,.F.);
#4106 = EDGE_CURVE('',#4107,#4061,#4109,.T.);
#4107 = VERTEX_POINT('',#4108);
#4108 = CARTESIAN_POINT('',(7.347271212551,-0.74985957009,2.086596085634
    ));
#4109 = B_SPLINE_CURVE_WITH_KNOTS('',5,(#4110,#4111,#4112,#4113,#4114,
    #4115,#4116,#4117,#4118,#4119),.UNSPECIFIED.,.F.,.F.,(6,4,6),(0.,
    0.458938015393,1.),.UNSPECIFIED.);
#4110 = CARTESIAN_POINT('',(7.347271212551,-0.74985957009,2.086596085634
    ));
#4111 = CARTESIAN_POINT('',(7.342571056097,-0.795912625334,
    2.111028821284));
#4112 = CARTESIAN_POINT('',(7.337657953424,-0.840479761636,
    2.137076878334));
#4113 = CARTESIAN_POINT('',(7.332584225595,-0.883498678128,
    2.164604605508));
#4114 = CARTESIAN_POINT('',(7.327400091903,-0.924935873165,
    2.193482590486));
#4115 = CARTESIAN_POINT('',(7.315961832215,-1.011746302607,
    2.259098713382));
#4116 = CARTESIAN_POINT('',(7.309682415162,-1.056495689994,
    2.296317658123));
#4117 = CARTESIAN_POINT('',(7.303386334267,-1.099001699479,
    2.335065936352));
#4118 = CARTESIAN_POINT('',(7.297139203703,-1.139266323187,
    2.375176662884));
#4119 = CARTESIAN_POINT('',(7.290996954845,-1.177304994502,
    2.416508906395));
#4120 = ORIENTED_EDGE('',*,*,#4121,.F.);
#4121 = EDGE_CURVE('',#324,#4107,#4122,.T.);
#4122 = LINE('',#4123,#4124);
#4123 = CARTESIAN_POINT('',(7.347271212551,-0.74985957009,0.));
#4124 = VECTOR('',#4125,1.);
#4125 = DIRECTION('',(0.,0.,1.));
#4126 = SURFACE_OF_LINEAR_EXTRUSION('',#4127,#4131);
#4127 = ( BOUNDED_CURVE() B_SPLINE_CURVE(2,(#4128,#4129,#4130),
.UNSPECIFIED.,.F.,.F.) B_SPLINE_CURVE_WITH_KNOTS((3,3),(0.,
5.838450169226E-02),.PIECEWISE_BEZIER_KNOTS.) CURVE() 
GEOMETRIC_REPRESENTATION_ITEM() RATIONAL_B_SPLINE_CURVE((1.,
0.999573936504,1.)) REPRESENTATION_ITEM('') );
#4128 = CARTESIAN_POINT('',(7.290996954845,-1.177304994502,0.));
#4129 = CARTESIAN_POINT('',(7.325374903608,-0.964403901824,0.));
#4130 = CARTESIAN_POINT('',(7.347271212551,-0.74985957009,0.));
#4131 = VECTOR('',#4132,1.);
#4132 = DIRECTION('',(-0.,-0.,-1.));
#4133 = ADVANCED_FACE('',(#4134),#4236,.F.);
#4134 = FACE_BOUND('',#4135,.F.);
#4135 = EDGE_LOOP('',(#4136,#4137,#4138,#4146,#4154,#4162,#4170,#4195,
    #4205,#4230));
#4136 = ORIENTED_EDGE('',*,*,#323,.F.);
#4137 = ORIENTED_EDGE('',*,*,#4121,.T.);
#4138 = ORIENTED_EDGE('',*,*,#4139,.T.);
#4139 = EDGE_CURVE('',#4107,#4140,#4142,.T.);
#4140 = VERTEX_POINT('',#4141);
#4141 = CARTESIAN_POINT('',(7.347271212551,-0.74985957009,4.913403914366
    ));
#4142 = LINE('',#4143,#4144);
#4143 = CARTESIAN_POINT('',(7.347271212551,-0.74985957009,0.));
#4144 = VECTOR('',#4145,1.);
#4145 = DIRECTION('',(0.,0.,1.));
#4146 = ORIENTED_EDGE('',*,*,#4147,.T.);
#4147 = EDGE_CURVE('',#4140,#4148,#4150,.T.);
#4148 = VERTEX_POINT('',#4149);
#4149 = CARTESIAN_POINT('',(7.347271212551,-0.74985957009,7.));
#4150 = LINE('',#4151,#4152);
#4151 = CARTESIAN_POINT('',(7.347271212551,-0.74985957009,0.));
#4152 = VECTOR('',#4153,1.);
#4153 = DIRECTION('',(0.,0.,1.));
#4154 = ORIENTED_EDGE('',*,*,#4155,.T.);
#4155 = EDGE_CURVE('',#4148,#4156,#4158,.T.);
#4156 = VERTEX_POINT('',#4157);
#4157 = CARTESIAN_POINT('',(7.222488664825,-0.586634558785,7.));
#4158 = ( BOUNDED_CURVE() B_SPLINE_CURVE(2,(#4159,#4160,#4161),
.UNSPECIFIED.,.F.,.F.) B_SPLINE_CURVE_WITH_KNOTS((3,3),(0.,
1.508825302794),.PIECEWISE_BEZIER_KNOTS.) CURVE() 
GEOMETRIC_REPRESENTATION_ITEM() RATIONAL_B_SPLINE_CURVE((1.,
0.728673920883,1.)) REPRESENTATION_ITEM('') );
#4159 = CARTESIAN_POINT('',(7.347271212551,-0.74985957009,7.));
#4160 = CARTESIAN_POINT('',(7.361585313215,-0.609607202929,7.));
#4161 = CARTESIAN_POINT('',(7.222488664825,-0.586634558785,7.));
#4162 = ORIENTED_EDGE('',*,*,#4163,.F.);
#4163 = EDGE_CURVE('',#4164,#4156,#4166,.T.);
#4164 = VERTEX_POINT('',#4165);
#4165 = CARTESIAN_POINT('',(7.222488664825,-0.586634558785,
    4.988576465768));
#4166 = LINE('',#4167,#4168);
#4167 = CARTESIAN_POINT('',(7.222488664825,-0.586634558785,0.));
#4168 = VECTOR('',#4169,1.);
#4169 = DIRECTION('',(0.,0.,1.));
#4170 = ORIENTED_EDGE('',*,*,#4171,.T.);
#4171 = EDGE_CURVE('',#4164,#4172,#4174,.T.);
#4172 = VERTEX_POINT('',#4173);
#4173 = CARTESIAN_POINT('',(7.347271212551,-0.719399915116,
    4.929147914714));
#4174 = B_SPLINE_CURVE_WITH_KNOTS('',7,(#4175,#4176,#4177,#4178,#4179,
    #4180,#4181,#4182,#4183,#4184,#4185,#4186,#4187,#4188,#4189,#4190,
    #4191,#4192,#4193,#4194),.UNSPECIFIED.,.F.,.F.,(8,6,6,8),(0.,
    0.633145140078,0.931343736779,1.),.UNSPECIFIED.);
#4175 = CARTESIAN_POINT('',(7.222488664825,-0.586634558785,
    4.988576465768));
#4176 = CARTESIAN_POINT('',(7.238294632599,-0.589245008981,
    4.987547710891));
#4177 = CARTESIAN_POINT('',(7.254533599453,-0.593950334507,
    4.985687369546));
#4178 = CARTESIAN_POINT('',(7.270768994175,-0.601026282038,4.9828678125)
  );
#4179 = CARTESIAN_POINT('',(7.286412685129,-0.610633655056,
    4.978986236901));
#4180 = CARTESIAN_POINT('',(7.300728681888,-0.622667016926,
    4.973992447367));
#4181 = CARTESIAN_POINT('',(7.313125002935,-0.636668811127,
    4.967970194466));
#4182 = CARTESIAN_POINT('',(7.328045099323,-0.659292994509,
    4.957873681412));
#4183 = CARTESIAN_POINT('',(7.332322746994,-0.666842925245,
    4.954454186524));
#4184 = CARTESIAN_POINT('',(7.336065311929,-0.674637261955,
    4.950867093989));
#4185 = CARTESIAN_POINT('',(7.339251534847,-0.682608125031,
    4.947136744566));
#4186 = CARTESIAN_POINT('',(7.341873814104,-0.690685655538,
    4.943291045058));
#4187 = CARTESIAN_POINT('',(7.343937524048,-0.698802225063,
    4.939359878896));
#4188 = CARTESIAN_POINT('',(7.345810939961,-0.708760278303,
    4.934455709806));
#4189 = CARTESIAN_POINT('',(7.346132866544,-0.710622752007,
    4.933534965808));
#4190 = CARTESIAN_POINT('',(7.346426321841,-0.712483301693,
    4.932611660518));
#4191 = CARTESIAN_POINT('',(7.346691543275,-0.71434119033,4.931686163816
    ));
#4192 = CARTESIAN_POINT('',(7.346928796961,-0.716195708846,
    4.930758839652));
#4193 = CARTESIAN_POINT('',(7.347138377701,-0.718046176128,
    4.929830046051));
#4194 = CARTESIAN_POINT('',(7.347320608989,-0.719891939022,
    4.928900135115));
#4195 = ORIENTED_EDGE('',*,*,#4196,.T.);
#4196 = EDGE_CURVE('',#4172,#4197,#4199,.T.);
#4197 = VERTEX_POINT('',#4198);
#4198 = CARTESIAN_POINT('',(7.347271212551,-0.719399915116,
    2.070852085286));
#4199 = B_SPLINE_CURVE_WITH_KNOTS('',4,(#4200,#4201,#4202,#4203,#4204),
  .UNSPECIFIED.,.F.,.F.,(5,5),(0.,1.),.PIECEWISE_BEZIER_KNOTS.);
#4200 = CARTESIAN_POINT('',(7.347271212551,-0.719399915116,5.1));
#4201 = CARTESIAN_POINT('',(7.347271212551,-0.719399915116,4.3));
#4202 = CARTESIAN_POINT('',(7.347271212551,-0.719399915116,3.5));
#4203 = CARTESIAN_POINT('',(7.347271212551,-0.719399915116,2.7));
#4204 = CARTESIAN_POINT('',(7.347271212551,-0.719399915116,1.9));
#4205 = ORIENTED_EDGE('',*,*,#4206,.F.);
#4206 = EDGE_CURVE('',#4207,#4197,#4209,.T.);
#4207 = VERTEX_POINT('',#4208);
#4208 = CARTESIAN_POINT('',(7.222488664825,-0.586634558785,
    2.011423534232));
#4209 = B_SPLINE_CURVE_WITH_KNOTS('',7,(#4210,#4211,#4212,#4213,#4214,
    #4215,#4216,#4217,#4218,#4219,#4220,#4221,#4222,#4223,#4224,#4225,
    #4226,#4227,#4228,#4229),.UNSPECIFIED.,.F.,.F.,(8,6,6,8),(0.,
    0.633145140079,0.931343736779,1.),.UNSPECIFIED.);
#4210 = CARTESIAN_POINT('',(7.222488664825,-0.586634558785,
    2.011423534232));
#4211 = CARTESIAN_POINT('',(7.238294632599,-0.589245008981,
    2.012452289109));
#4212 = CARTESIAN_POINT('',(7.254533599453,-0.593950334507,
    2.014312630454));
#4213 = CARTESIAN_POINT('',(7.270768994175,-0.601026282038,2.0171321875)
  );
#4214 = CARTESIAN_POINT('',(7.286412685129,-0.610633655056,
    2.021013763099));
#4215 = CARTESIAN_POINT('',(7.300728681888,-0.622667016926,
    2.026007552633));
#4216 = CARTESIAN_POINT('',(7.313125002935,-0.636668811127,
    2.032029805534));
#4217 = CARTESIAN_POINT('',(7.328045099323,-0.659292994509,
    2.042126318588));
#4218 = CARTESIAN_POINT('',(7.332322746994,-0.666842925245,
    2.045545813476));
#4219 = CARTESIAN_POINT('',(7.336065311929,-0.674637261955,
    2.049132906011));
#4220 = CARTESIAN_POINT('',(7.339251534847,-0.682608125031,
    2.052863255434));
#4221 = CARTESIAN_POINT('',(7.341873814104,-0.690685655538,
    2.056708954942));
#4222 = CARTESIAN_POINT('',(7.343937524048,-0.698802225063,
    2.060640121104));
#4223 = CARTESIAN_POINT('',(7.345810939961,-0.708760278303,
    2.065544290194));
#4224 = CARTESIAN_POINT('',(7.346132866544,-0.710622752007,
    2.066465034192));
#4225 = CARTESIAN_POINT('',(7.346426321841,-0.712483301693,
    2.067388339482));
#4226 = CARTESIAN_POINT('',(7.346691543275,-0.71434119033,2.068313836184
    ));
#4227 = CARTESIAN_POINT('',(7.346928796961,-0.716195708846,
    2.069241160348));
#4228 = CARTESIAN_POINT('',(7.347138377701,-0.718046176128,
    2.070169953949));
#4229 = CARTESIAN_POINT('',(7.347320608989,-0.719891939022,
    2.071099864885));
#4230 = ORIENTED_EDGE('',*,*,#4231,.F.);
#4231 = EDGE_CURVE('',#316,#4207,#4232,.T.);
#4232 = LINE('',#4233,#4234);
#4233 = CARTESIAN_POINT('',(7.222488664825,-0.586634558785,0.));
#4234 = VECTOR('',#4235,1.);
#4235 = DIRECTION('',(0.,0.,1.));
#4236 = SURFACE_OF_LINEAR_EXTRUSION('',#4237,#4241);
#4237 = ( BOUNDED_CURVE() B_SPLINE_CURVE(2,(#4238,#4239,#4240),
.UNSPECIFIED.,.F.,.F.) B_SPLINE_CURVE_WITH_KNOTS((3,3),(0.,
1.508825302794),.PIECEWISE_BEZIER_KNOTS.) CURVE() 
GEOMETRIC_REPRESENTATION_ITEM() RATIONAL_B_SPLINE_CURVE((1.,
0.728673920883,1.)) REPRESENTATION_ITEM('') );
#4238 = CARTESIAN_POINT('',(7.347271212551,-0.74985957009,0.));
#4239 = CARTESIAN_POINT('',(7.361585313215,-0.609607202929,0.));
#4240 = CARTESIAN_POINT('',(7.222488664825,-0.586634558785,0.));
#4241 = VECTOR('',#4242,1.);
#4242 = DIRECTION('',(-0.,-0.,-1.));
#4243 = ADVANCED_FACE('',(#4244),#4265,.F.);
#4244 = FACE_BOUND('',#4245,.F.);
#4245 = EDGE_LOOP('',(#4246,#4247,#4248,#4259));
#4246 = ORIENTED_EDGE('',*,*,#315,.F.);
#4247 = ORIENTED_EDGE('',*,*,#4231,.T.);
#4248 = ORIENTED_EDGE('',*,*,#4249,.F.);
#4249 = EDGE_CURVE('',#4250,#4207,#4252,.T.);
#4250 = VERTEX_POINT('',#4251);
#4251 = CARTESIAN_POINT('',(6.94723502122,-0.498876404494,1.979762409017
    ));
#4252 = B_SPLINE_CURVE_WITH_KNOTS('',5,(#4253,#4254,#4255,#4256,#4257,
    #4258),.UNSPECIFIED.,.F.,.F.,(6,6),(0.,1.),
  .PIECEWISE_BEZIER_KNOTS.);
#4253 = CARTESIAN_POINT('',(6.94723502122,-0.498876404494,1.979762409017
    ));
#4254 = CARTESIAN_POINT('',(6.99962602805,-0.524417020324,1.988143737481
    ));
#4255 = CARTESIAN_POINT('',(7.053730718306,-0.546068772718,
    1.995843126634));
#4256 = CARTESIAN_POINT('',(7.109176945065,-0.563704163815,
    2.002472740705));
#4257 = CARTESIAN_POINT('',(7.165572300158,-0.577234480447,
    2.007719048144));
#4258 = CARTESIAN_POINT('',(7.222488664825,-0.586634558785,
    2.011423534232));
#4259 = ORIENTED_EDGE('',*,*,#4260,.F.);
#4260 = EDGE_CURVE('',#308,#4250,#4261,.T.);
#4261 = LINE('',#4262,#4263);
#4262 = CARTESIAN_POINT('',(6.94723502122,-0.498876404494,0.));
#4263 = VECTOR('',#4264,1.);
#4264 = DIRECTION('',(0.,0.,1.));
#4265 = SURFACE_OF_LINEAR_EXTRUSION('',#4266,#4270);
#4266 = ( BOUNDED_CURVE() B_SPLINE_CURVE(2,(#4267,#4268,#4269),
.UNSPECIFIED.,.F.,.F.) B_SPLINE_CURVE_WITH_KNOTS((3,3),(0.,
0.289919229054),.PIECEWISE_BEZIER_KNOTS.) CURVE() 
GEOMETRIC_REPRESENTATION_ITEM() RATIONAL_B_SPLINE_CURVE((1.,
0.989511740461,1.)) REPRESENTATION_ITEM('') );
#4267 = CARTESIAN_POINT('',(7.222488664825,-0.586634558785,0.));
#4268 = CARTESIAN_POINT('',(7.078456218183,-0.562846738014,0.));
#4269 = CARTESIAN_POINT('',(6.94723502122,-0.498876404494,0.));
#4270 = VECTOR('',#4271,1.);
#4271 = DIRECTION('',(-0.,-0.,-1.));
#4272 = ADVANCED_FACE('',(#4273),#4320,.F.);
#4273 = FACE_BOUND('',#4274,.F.);
#4274 = EDGE_LOOP('',(#4275,#4276,#4277,#4314));
#4275 = ORIENTED_EDGE('',*,*,#307,.F.);
#4276 = ORIENTED_EDGE('',*,*,#4260,.T.);
#4277 = ORIENTED_EDGE('',*,*,#4278,.F.);
#4278 = EDGE_CURVE('',#4279,#4250,#4281,.T.);
#4279 = VERTEX_POINT('',#4280);
#4280 = CARTESIAN_POINT('',(6.94723502122,0.498876404494,1.979762409017)
  );
#4281 = B_SPLINE_CURVE_WITH_KNOTS('',6,(#4282,#4283,#4284,#4285,#4286,
    #4287,#4288,#4289,#4290,#4291,#4292,#4293,#4294,#4295,#4296,#4297,
    #4298,#4299,#4300,#4301,#4302,#4303,#4304,#4305,#4306,#4307,#4308,
    #4309,#4310,#4311,#4312,#4313),.UNSPECIFIED.,.F.,.F.,(7,5,5,5,5,5,7)
  ,(0.,0.271320217274,0.354308272994,0.500000856385,0.645322086485,
    0.728309151794,1.),.UNSPECIFIED.);
#4282 = CARTESIAN_POINT('',(6.94723502122,0.498876404494,1.979762409017)
  );
#4283 = CARTESIAN_POINT('',(6.905001658414,0.478287640127,1.973006064613
    ));
#4284 = CARTESIAN_POINT('',(6.862824402143,0.452416457587,1.964886696979
    ));
#4285 = CARTESIAN_POINT('',(6.821670637589,0.420772939607,1.955594140626
    ));
#4286 = CARTESIAN_POINT('',(6.782767539948,0.383074917367,1.945572856279
    ));
#4287 = CARTESIAN_POINT('',(6.74756247276,0.339401246248,1.935618439831)
  );
#4288 = CARTESIAN_POINT('',(6.708273206653,0.275412667586,1.923808340484
    ));
#4289 = CARTESIAN_POINT('',(6.699550899989,0.259928866933,1.921127722969
    ));
#4290 = CARTESIAN_POINT('',(6.691349908938,0.243969246288,1.918557006083
    ));
#4291 = CARTESIAN_POINT('',(6.683711074502,0.22755996782,1.916120981616)
  );
#4292 = CARTESIAN_POINT('',(6.676673438742,0.210733642408,1.913843734879
    ));
#4293 = CARTESIAN_POINT('',(6.659035594576,0.163327091505,1.908067209011
    ));
#4294 = CARTESIAN_POINT('',(6.649759243719,0.131955517585,1.904943777537
    ));
#4295 = CARTESIAN_POINT('',(6.642641690475,9.963716132252E-02,
    1.902499480341));
#4296 = CARTESIAN_POINT('',(6.637838125385,6.665205830061E-02,
    1.90083257233));
#4297 = CARTESIAN_POINT('',(6.635437184088,3.33227157038E-02,
    1.899999970751));
#4298 = CARTESIAN_POINT('',(6.635437352522,-3.324058520937E-02,
    1.900000029176));
#4299 = CARTESIAN_POINT('',(6.637826237787,-6.648491298777E-02,
    1.900828451803));
#4300 = CARTESIAN_POINT('',(6.64260550072,-9.938765240588E-02,
    1.902486919877));
#4301 = CARTESIAN_POINT('',(6.649687419554,-0.131628677937,
    1.904919107046));
#4302 = CARTESIAN_POINT('',(6.658918322585,-0.16292983552,1.908027720118
    ));
#4303 = CARTESIAN_POINT('',(6.676488445203,-0.210282304458,
    1.913783752806));
#4304 = CARTESIAN_POINT('',(6.683512446513,-0.227117536887,
    1.916057334049));
#4305 = CARTESIAN_POINT('',(6.691138314132,-0.243536346126,
    1.918490110472));
#4306 = CARTESIAN_POINT('',(6.699327037379,-0.259506032929,
    1.921058011812));
#4307 = CARTESIAN_POINT('',(6.708037792399,-0.275000350532,
    1.923736250506));
#4308 = CARTESIAN_POINT('',(6.747322232722,-0.339102991407,
    1.935550491425));
#4309 = CARTESIAN_POINT('',(6.78255509592,-0.38286897934,1.945518116111)
  );
#4310 = CARTESIAN_POINT('',(6.821502111901,-0.420643322447,
    1.955556082306));
#4311 = CARTESIAN_POINT('',(6.862709263067,-0.452345823775,
    1.964864528827));
#4312 = CARTESIAN_POINT('',(6.904944009808,-0.478259536431,
    1.972996842192));
#4313 = CARTESIAN_POINT('',(6.94723502122,-0.498876404494,1.979762409017
    ));
#4314 = ORIENTED_EDGE('',*,*,#4315,.F.);
#4315 = EDGE_CURVE('',#300,#4279,#4316,.T.);
#4316 = LINE('',#4317,#4318);
#4317 = CARTESIAN_POINT('',(6.94723502122,0.498876404494,0.));
#4318 = VECTOR('',#4319,1.);
#4319 = DIRECTION('',(0.,0.,1.));
#4320 = SURFACE_OF_LINEAR_EXTRUSION('',#4321,#4325);
#4321 = ( BOUNDED_CURVE() B_SPLINE_CURVE(2,(#4322,#4323,#4324),
.UNSPECIFIED.,.F.,.F.) B_SPLINE_CURVE_WITH_KNOTS((3,3),(0.,
2.234397261374),.PIECEWISE_BEZIER_KNOTS.) CURVE() 
GEOMETRIC_REPRESENTATION_ITEM() RATIONAL_B_SPLINE_CURVE((1.,
0.438202247191,1.)) REPRESENTATION_ITEM('') );
#4322 = CARTESIAN_POINT('',(6.94723502122,-0.498876404494,0.));
#4323 = CARTESIAN_POINT('',(5.923898806873,-2.E-15,0.));
#4324 = CARTESIAN_POINT('',(6.94723502122,0.498876404494,0.));
#4325 = VECTOR('',#4326,1.);
#4326 = DIRECTION('',(-0.,-0.,-1.));
#4327 = ADVANCED_FACE('',(#4328),#4353,.F.);
#4328 = FACE_BOUND('',#4329,.F.);
#4329 = EDGE_LOOP('',(#4330,#4331,#4332,#4347));
#4330 = ORIENTED_EDGE('',*,*,#299,.F.);
#4331 = ORIENTED_EDGE('',*,*,#4315,.T.);
#4332 = ORIENTED_EDGE('',*,*,#4333,.F.);
#4333 = EDGE_CURVE('',#4334,#4279,#4336,.T.);
#4334 = VERTEX_POINT('',#4335);
#4335 = CARTESIAN_POINT('',(7.222488664825,0.586634558785,2.011423534232
    ));
#4336 = B_SPLINE_CURVE_WITH_KNOTS('',5,(#4337,#4338,#4339,#4340,#4341,
    #4342,#4343,#4344,#4345,#4346),.UNSPECIFIED.,.F.,.F.,(6,4,6),(0.,
    0.850960101648,1.),.UNSPECIFIED.);
#4337 = CARTESIAN_POINT('',(7.222488664825,0.586634558785,2.011423534232
    ));
#4338 = CARTESIAN_POINT('',(7.174055193134,0.578635481002,2.008271169826
    ));
#4339 = CARTESIAN_POINT('',(7.125998826884,0.567645593579,2.00400229334)
  );
#4340 = CARTESIAN_POINT('',(7.078583464917,0.553680144467,1.998714660864
    ));
#4341 = CARTESIAN_POINT('',(7.032054468621,0.536788430289,1.992587117155
    ));
#4342 = CARTESIAN_POINT('',(6.978691872853,0.513582726209,1.98466302762)
  );
#4343 = CARTESIAN_POINT('',(6.970773048096,0.510036556664,1.983463137418
    ));
#4344 = CARTESIAN_POINT('',(6.962889804735,0.506403174139,1.982245567744
    ));
#4345 = CARTESIAN_POINT('',(6.955043384634,0.502682981659,1.981011563452
    ));
#4346 = CARTESIAN_POINT('',(6.94723502122,0.498876404494,1.979762409017)
  );
#4347 = ORIENTED_EDGE('',*,*,#4348,.F.);
#4348 = EDGE_CURVE('',#292,#4334,#4349,.T.);
#4349 = LINE('',#4350,#4351);
#4350 = CARTESIAN_POINT('',(7.222488664825,0.586634558785,0.));
#4351 = VECTOR('',#4352,1.);
#4352 = DIRECTION('',(0.,0.,1.));
#4353 = SURFACE_OF_LINEAR_EXTRUSION('',#4354,#4358);
#4354 = ( BOUNDED_CURVE() B_SPLINE_CURVE(2,(#4355,#4356,#4357),
.UNSPECIFIED.,.F.,.F.) B_SPLINE_CURVE_WITH_KNOTS((3,3),(0.,
0.289919229054),.PIECEWISE_BEZIER_KNOTS.) CURVE() 
GEOMETRIC_REPRESENTATION_ITEM() RATIONAL_B_SPLINE_CURVE((1.,
0.989511740461,1.)) REPRESENTATION_ITEM('') );
#4355 = CARTESIAN_POINT('',(6.94723502122,0.498876404494,0.));
#4356 = CARTESIAN_POINT('',(7.078456218183,0.562846738014,0.));
#4357 = CARTESIAN_POINT('',(7.222488664825,0.586634558785,0.));
#4358 = VECTOR('',#4359,1.);
#4359 = DIRECTION('',(-0.,-0.,-1.));
#4360 = ADVANCED_FACE('',(#4361),#4451,.F.);
#4361 = FACE_BOUND('',#4362,.F.);
#4362 = EDGE_LOOP('',(#4363,#4364,#4365,#4384,#4394,#4413,#4421,#4429,
    #4437,#4445));
#4363 = ORIENTED_EDGE('',*,*,#291,.F.);
#4364 = ORIENTED_EDGE('',*,*,#4348,.T.);
#4365 = ORIENTED_EDGE('',*,*,#4366,.F.);
#4366 = EDGE_CURVE('',#4367,#4334,#4369,.T.);
#4367 = VERTEX_POINT('',#4368);
#4368 = CARTESIAN_POINT('',(7.347271212551,0.719399915116,2.070852085286
    ));
#4369 = B_SPLINE_CURVE_WITH_KNOTS('',7,(#4370,#4371,#4372,#4373,#4374,
    #4375,#4376,#4377,#4378,#4379,#4380,#4381,#4382,#4383),
  .UNSPECIFIED.,.F.,.F.,(8,6,8),(0.,0.368019082998,1.),.UNSPECIFIED.);
#4370 = CARTESIAN_POINT('',(7.347320608989,0.719891939022,2.071099864885
    ));
#4371 = CARTESIAN_POINT('',(7.346343798885,0.709998140915,2.066115285839
    ));
#4372 = CARTESIAN_POINT('',(7.344581023157,0.699968437182,2.061162447914
    ));
#4373 = CARTESIAN_POINT('',(7.341983243674,0.689906024747,2.056296815328
    ));
#4374 = CARTESIAN_POINT('',(7.338521441008,0.67993287866,2.051577103399)
  );
#4375 = CARTESIAN_POINT('',(7.334197427983,0.670181241857,2.047058824615
    ));
#4376 = CARTESIAN_POINT('',(7.329047247314,0.660782171271,2.042789459497
    ));
#4377 = CARTESIAN_POINT('',(7.312988042053,0.636514323776,2.031963370719
    ));
#4378 = CARTESIAN_POINT('',(7.300596925033,0.622556387786,2.025961639862
    ));
#4379 = CARTESIAN_POINT('',(7.286297501285,0.610562960192,2.02098520889)
  );
#4380 = CARTESIAN_POINT('',(7.270679355459,0.600987249843,2.017116629619
    ));
#4381 = CARTESIAN_POINT('',(7.254473834865,0.59393302454,2.014305788112)
  );
#4382 = CARTESIAN_POINT('',(7.238265559446,0.589240207376,2.012450396839
    ));
#4383 = CARTESIAN_POINT('',(7.222488664825,0.586634558785,2.011423534232
    ));
#4384 = ORIENTED_EDGE('',*,*,#4385,.F.);
#4385 = EDGE_CURVE('',#4386,#4367,#4388,.T.);
#4386 = VERTEX_POINT('',#4387);
#4387 = CARTESIAN_POINT('',(7.347271212551,0.719399915116,4.929147914714
    ));
#4388 = B_SPLINE_CURVE_WITH_KNOTS('',4,(#4389,#4390,#4391,#4392,#4393),
  .UNSPECIFIED.,.F.,.F.,(5,5),(0.,1.),.PIECEWISE_BEZIER_KNOTS.);
#4389 = CARTESIAN_POINT('',(7.347271212551,0.719399915116,5.1));
#4390 = CARTESIAN_POINT('',(7.347271212551,0.719399915116,4.3));
#4391 = CARTESIAN_POINT('',(7.347271212551,0.719399915116,3.5));
#4392 = CARTESIAN_POINT('',(7.347271212551,0.719399915116,2.7));
#4393 = CARTESIAN_POINT('',(7.347271212551,0.719399915116,1.9));
#4394 = ORIENTED_EDGE('',*,*,#4395,.T.);
#4395 = EDGE_CURVE('',#4386,#4396,#4398,.T.);
#4396 = VERTEX_POINT('',#4397);
#4397 = CARTESIAN_POINT('',(7.222488664825,0.586634558785,4.988576465768
    ));
#4398 = B_SPLINE_CURVE_WITH_KNOTS('',7,(#4399,#4400,#4401,#4402,#4403,
    #4404,#4405,#4406,#4407,#4408,#4409,#4410,#4411,#4412),
  .UNSPECIFIED.,.F.,.F.,(8,6,8),(0.,0.368019082998,1.),.UNSPECIFIED.);
#4399 = CARTESIAN_POINT('',(7.347320608989,0.719891939022,4.928900135115
    ));
#4400 = CARTESIAN_POINT('',(7.346343798885,0.709998140915,4.933884714161
    ));
#4401 = CARTESIAN_POINT('',(7.344581023157,0.699968437182,4.938837552086
    ));
#4402 = CARTESIAN_POINT('',(7.341983243674,0.689906024747,4.943703184672
    ));
#4403 = CARTESIAN_POINT('',(7.338521441008,0.67993287866,4.948422896601)
  );
#4404 = CARTESIAN_POINT('',(7.334197427983,0.670181241857,4.952941175385
    ));
#4405 = CARTESIAN_POINT('',(7.329047247314,0.660782171271,4.957210540503
    ));
#4406 = CARTESIAN_POINT('',(7.312988042053,0.636514323776,4.968036629281
    ));
#4407 = CARTESIAN_POINT('',(7.300596925033,0.622556387786,4.974038360138
    ));
#4408 = CARTESIAN_POINT('',(7.286297501285,0.610562960192,4.97901479111)
  );
#4409 = CARTESIAN_POINT('',(7.270679355459,0.600987249843,4.982883370381
    ));
#4410 = CARTESIAN_POINT('',(7.254473834865,0.59393302454,4.985694211888)
  );
#4411 = CARTESIAN_POINT('',(7.238265559446,0.589240207376,4.987549603161
    ));
#4412 = CARTESIAN_POINT('',(7.222488664825,0.586634558785,4.988576465768
    ));
#4413 = ORIENTED_EDGE('',*,*,#4414,.T.);
#4414 = EDGE_CURVE('',#4396,#4415,#4417,.T.);
#4415 = VERTEX_POINT('',#4416);
#4416 = CARTESIAN_POINT('',(7.222488664825,0.586634558785,7.));
#4417 = LINE('',#4418,#4419);
#4418 = CARTESIAN_POINT('',(7.222488664825,0.586634558785,0.));
#4419 = VECTOR('',#4420,1.);
#4420 = DIRECTION('',(0.,0.,1.));
#4421 = ORIENTED_EDGE('',*,*,#4422,.T.);
#4422 = EDGE_CURVE('',#4415,#4423,#4425,.T.);
#4423 = VERTEX_POINT('',#4424);
#4424 = CARTESIAN_POINT('',(7.347271212551,0.74985957009,7.));
#4425 = ( BOUNDED_CURVE() B_SPLINE_CURVE(2,(#4426,#4427,#4428),
.UNSPECIFIED.,.F.,.F.) B_SPLINE_CURVE_WITH_KNOTS((3,3),(0.,
1.508825302794),.PIECEWISE_BEZIER_KNOTS.) CURVE() 
GEOMETRIC_REPRESENTATION_ITEM() RATIONAL_B_SPLINE_CURVE((1.,
0.728673920883,1.)) REPRESENTATION_ITEM('') );
#4426 = CARTESIAN_POINT('',(7.222488664825,0.586634558785,7.));
#4427 = CARTESIAN_POINT('',(7.361585313215,0.609607202929,7.));
#4428 = CARTESIAN_POINT('',(7.347271212551,0.74985957009,7.));
#4429 = ORIENTED_EDGE('',*,*,#4430,.F.);
#4430 = EDGE_CURVE('',#4431,#4423,#4433,.T.);
#4431 = VERTEX_POINT('',#4432);
#4432 = CARTESIAN_POINT('',(7.347271212551,0.74985957009,4.913403914366)
  );
#4433 = LINE('',#4434,#4435);
#4434 = CARTESIAN_POINT('',(7.347271212551,0.74985957009,0.));
#4435 = VECTOR('',#4436,1.);
#4436 = DIRECTION('',(0.,0.,1.));
#4437 = ORIENTED_EDGE('',*,*,#4438,.F.);
#4438 = EDGE_CURVE('',#4439,#4431,#4441,.T.);
#4439 = VERTEX_POINT('',#4440);
#4440 = CARTESIAN_POINT('',(7.347271212551,0.74985957009,2.086596085634)
  );
#4441 = LINE('',#4442,#4443);
#4442 = CARTESIAN_POINT('',(7.347271212551,0.74985957009,0.));
#4443 = VECTOR('',#4444,1.);
#4444 = DIRECTION('',(0.,0.,1.));
#4445 = ORIENTED_EDGE('',*,*,#4446,.F.);
#4446 = EDGE_CURVE('',#284,#4439,#4447,.T.);
#4447 = LINE('',#4448,#4449);
#4448 = CARTESIAN_POINT('',(7.347271212551,0.74985957009,0.));
#4449 = VECTOR('',#4450,1.);
#4450 = DIRECTION('',(0.,0.,1.));
#4451 = SURFACE_OF_LINEAR_EXTRUSION('',#4452,#4456);
#4452 = ( BOUNDED_CURVE() B_SPLINE_CURVE(2,(#4453,#4454,#4455),
.UNSPECIFIED.,.F.,.F.) B_SPLINE_CURVE_WITH_KNOTS((3,3),(0.,
1.508825302794),.PIECEWISE_BEZIER_KNOTS.) CURVE() 
GEOMETRIC_REPRESENTATION_ITEM() RATIONAL_B_SPLINE_CURVE((1.,
0.728673920883,1.)) REPRESENTATION_ITEM('') );
#4453 = CARTESIAN_POINT('',(7.222488664825,0.586634558785,0.));
#4454 = CARTESIAN_POINT('',(7.361585313215,0.609607202929,0.));
#4455 = CARTESIAN_POINT('',(7.347271212551,0.74985957009,0.));
#4456 = VECTOR('',#4457,1.);
#4457 = DIRECTION('',(-0.,-0.,-1.));
#4458 = ADVANCED_FACE('',(#4459),#4484,.F.);
#4459 = FACE_BOUND('',#4460,.F.);
#4460 = EDGE_LOOP('',(#4461,#4462,#4463,#4478));
#4461 = ORIENTED_EDGE('',*,*,#283,.F.);
#4462 = ORIENTED_EDGE('',*,*,#4446,.T.);
#4463 = ORIENTED_EDGE('',*,*,#4464,.F.);
#4464 = EDGE_CURVE('',#4465,#4439,#4467,.T.);
#4465 = VERTEX_POINT('',#4466);
#4466 = CARTESIAN_POINT('',(7.290996954845,1.177304994502,2.416508906395
    ));
#4467 = B_SPLINE_CURVE_WITH_KNOTS('',5,(#4468,#4469,#4470,#4471,#4472,
    #4473,#4474,#4475,#4476,#4477),.UNSPECIFIED.,.F.,.F.,(6,4,6),(0.,
    0.543039568752,1.),.UNSPECIFIED.);
#4468 = CARTESIAN_POINT('',(7.290996954845,1.177304994502,2.416508906395
    ));
#4469 = CARTESIAN_POINT('',(7.297161653718,1.139127291255,2.375025592895
    ));
#4470 = CARTESIAN_POINT('',(7.303432001101,1.098707340651,2.334772749332
    ));
#4471 = CARTESIAN_POINT('',(7.30975145328,1.056029527651,2.295892841661)
  );
#4472 = CARTESIAN_POINT('',(7.316053635797,1.011091885744,2.258554695072
    ));
#4473 = CARTESIAN_POINT('',(7.327489433599,0.924221484938,2.192984999077
    ));
#4474 = CARTESIAN_POINT('',(7.33264980395,0.882942489381,2.164248840106)
  );
#4475 = CARTESIAN_POINT('',(7.3377002904,0.840095658377,2.136852427748)
  );
#4476 = CARTESIAN_POINT('',(7.342591309262,0.795714180848,2.110923539634
    ));
#4477 = CARTESIAN_POINT('',(7.347271212551,0.74985957009,2.086596085634)
  );
#4478 = ORIENTED_EDGE('',*,*,#4479,.F.);
#4479 = EDGE_CURVE('',#276,#4465,#4480,.T.);
#4480 = LINE('',#4481,#4482);
#4481 = CARTESIAN_POINT('',(7.290996954845,1.177304994502,0.));
#4482 = VECTOR('',#4483,1.);
#4483 = DIRECTION('',(0.,0.,1.));
#4484 = SURFACE_OF_LINEAR_EXTRUSION('',#4485,#4489);
#4485 = ( BOUNDED_CURVE() B_SPLINE_CURVE(2,(#4486,#4487,#4488),
.UNSPECIFIED.,.F.,.F.) B_SPLINE_CURVE_WITH_KNOTS((3,3),(0.,
5.838450169226E-02),.PIECEWISE_BEZIER_KNOTS.) CURVE() 
GEOMETRIC_REPRESENTATION_ITEM() RATIONAL_B_SPLINE_CURVE((1.,
0.999573936504,1.)) REPRESENTATION_ITEM('') );
#4486 = CARTESIAN_POINT('',(7.347271212551,0.74985957009,0.));
#4487 = CARTESIAN_POINT('',(7.325374903608,0.964403901824,0.));
#4488 = CARTESIAN_POINT('',(7.290996954845,1.177304994502,0.));
#4489 = VECTOR('',#4490,1.);
#4490 = DIRECTION('',(-0.,-0.,-1.));
#4491 = ADVANCED_FACE('',(#4492),#4530,.F.);
#4492 = FACE_BOUND('',#4493,.F.);
#4493 = EDGE_LOOP('',(#4494,#4495,#4496,#4524));
#4494 = ORIENTED_EDGE('',*,*,#275,.F.);
#4495 = ORIENTED_EDGE('',*,*,#4479,.T.);
#4496 = ORIENTED_EDGE('',*,*,#4497,.F.);
#4497 = EDGE_CURVE('',#4498,#4465,#4500,.T.);
#4498 = VERTEX_POINT('',#4499);
#4499 = CARTESIAN_POINT('',(7.128220527764,1.302672148569,2.570997700034
    ));
#4500 = B_SPLINE_CURVE_WITH_KNOTS('',8,(#4501,#4502,#4503,#4504,#4505,
    #4506,#4507,#4508,#4509,#4510,#4511,#4512,#4513,#4514,#4515,#4516,
    #4517,#4518,#4519,#4520,#4521,#4522,#4523),.UNSPECIFIED.,.F.,.F.,(9,
    7,7,9),(0.,0.23687239569,0.863476368797,1.),.UNSPECIFIED.);
#4501 = CARTESIAN_POINT('',(7.128220527764,1.302672148569,2.570997700034
    ));
#4502 = CARTESIAN_POINT('',(7.13437606679,1.303278081559,2.571847355659)
  );
#4503 = CARTESIAN_POINT('',(7.140673134435,1.303605078355,2.572307286915
    ));
#4504 = CARTESIAN_POINT('',(7.147092414434,1.303632324674,2.57234594935)
  );
#4505 = CARTESIAN_POINT('',(7.153610203717,1.303340734371,2.571935661461
    ));
#4506 = CARTESIAN_POINT('',(7.160199026682,1.302713906227,2.57105424406)
  );
#4507 = CARTESIAN_POINT('',(7.166828249448,1.301739080736,2.569686659649
    ));
#4508 = CARTESIAN_POINT('',(7.173464694116,1.3004080969,2.567826651783)
  );
#4509 = CARTESIAN_POINT('',(7.197555025304,1.294248420223,2.55926645907)
  );
#4510 = CARTESIAN_POINT('',(7.214837840836,1.287268819302,2.549638328993
    ));
#4511 = CARTESIAN_POINT('',(7.23127611337,1.277731825691,2.536667461261)
  );
#4512 = CARTESIAN_POINT('',(7.24620195182,1.265837578463,2.520872348951)
  );
#4513 = CARTESIAN_POINT('',(7.259081580331,1.252054257878,2.503225148116
    ));
#4514 = CARTESIAN_POINT('',(7.26963485477,1.236975480524,2.484656535846)
  );
#4515 = CARTESIAN_POINT('',(7.277803149808,1.221185581278,2.465931683483
    ));
#4516 = CARTESIAN_POINT('',(7.284971282178,1.201703297213,2.443620681304
    ));
#4517 = CARTESIAN_POINT('',(7.286145343721,1.198207868975,2.439648258481
    ));
#4518 = CARTESIAN_POINT('',(7.287212178923,1.194707683622,2.43570069768)
  );
#4519 = CARTESIAN_POINT('',(7.288173176555,1.19120780787,2.431783393281)
  );
#4520 = CARTESIAN_POINT('',(7.289030022187,1.187713087273,2.427901290494
    ));
#4521 = CARTESIAN_POINT('',(7.289784698193,1.184228146221,2.424058885363
    ));
#4522 = CARTESIAN_POINT('',(7.290439483752,1.180757387942,2.420260224762
    ));
#4523 = CARTESIAN_POINT('',(7.290996954845,1.177304994502,2.416508906395
    ));
#4524 = ORIENTED_EDGE('',*,*,#4525,.F.);
#4525 = EDGE_CURVE('',#268,#4498,#4526,.T.);
#4526 = LINE('',#4527,#4528);
#4527 = CARTESIAN_POINT('',(7.128220527764,1.302672148569,0.));
#4528 = VECTOR('',#4529,1.);
#4529 = DIRECTION('',(0.,0.,1.));
#4530 = SURFACE_OF_LINEAR_EXTRUSION('',#4531,#4535);
#4531 = ( BOUNDED_CURVE() B_SPLINE_CURVE(2,(#4532,#4533,#4534),
.UNSPECIFIED.,.F.,.F.) B_SPLINE_CURVE_WITH_KNOTS((3,3),(0.,
1.508825302794),.PIECEWISE_BEZIER_KNOTS.) CURVE() 
GEOMETRIC_REPRESENTATION_ITEM() RATIONAL_B_SPLINE_CURVE((1.,
0.728673920883,1.)) REPRESENTATION_ITEM('') );
#4532 = CARTESIAN_POINT('',(7.290996954845,1.177304994502,0.));
#4533 = CARTESIAN_POINT('',(7.268523330614,1.316483140006,0.));
#4534 = CARTESIAN_POINT('',(7.128220527764,1.302672148569,0.));
#4535 = VECTOR('',#4536,1.);
#4536 = DIRECTION('',(-0.,-0.,-1.));
#4537 = ADVANCED_FACE('',(#4538),#4563,.F.);
#4538 = FACE_BOUND('',#4539,.F.);
#4539 = EDGE_LOOP('',(#4540,#4541,#4542,#4557));
#4540 = ORIENTED_EDGE('',*,*,#267,.F.);
#4541 = ORIENTED_EDGE('',*,*,#4525,.T.);
#4542 = ORIENTED_EDGE('',*,*,#4543,.F.);
#4543 = EDGE_CURVE('',#4544,#4498,#4546,.T.);
#4544 = VERTEX_POINT('',#4545);
#4545 = CARTESIAN_POINT('',(6.839632442932,1.316199131068,2.590263858376
    ));
#4546 = B_SPLINE_CURVE_WITH_KNOTS('',5,(#4547,#4548,#4549,#4550,#4551,
    #4552,#4553,#4554,#4555,#4556),.UNSPECIFIED.,.F.,.F.,(6,4,6),(0.,
    0.816305636542,1.),.UNSPECIFIED.);
#4547 = CARTESIAN_POINT('',(6.839632442932,1.316199131068,2.590263858376
    ));
#4548 = CARTESIAN_POINT('',(6.885145133722,1.307361235237,2.577477259845
    ));
#4549 = CARTESIAN_POINT('',(6.931983951215,1.30100282415,2.568610697221)
  );
#4550 = CARTESIAN_POINT('',(6.979618908647,1.297423159167,2.563696309181
    ));
#4551 = CARTESIAN_POINT('',(7.027475538642,1.296735481491,2.562721829889
    ));
#4552 = CARTESIAN_POINT('',(7.08568476097,1.299342085041,2.566345450189)
  );
#4553 = CARTESIAN_POINT('',(7.09636031546,1.299963483144,2.56721019665)
  );
#4554 = CARTESIAN_POINT('',(7.107012336365,1.300726598012,2.568273932184
    ));
#4555 = CARTESIAN_POINT('',(7.117634497346,1.301630091159,2.569536498952
    ));
#4556 = CARTESIAN_POINT('',(7.128220527764,1.302672148569,2.570997700034
    ));
#4557 = ORIENTED_EDGE('',*,*,#4558,.F.);
#4558 = EDGE_CURVE('',#260,#4544,#4559,.T.);
#4559 = LINE('',#4560,#4561);
#4560 = CARTESIAN_POINT('',(6.839632442932,1.316199131068,0.));
#4561 = VECTOR('',#4562,1.);
#4562 = DIRECTION('',(0.,0.,1.));
#4563 = SURFACE_OF_LINEAR_EXTRUSION('',#4564,#4568);
#4564 = ( BOUNDED_CURVE() B_SPLINE_CURVE(2,(#4565,#4566,#4567),
.UNSPECIFIED.,.F.,.F.) B_SPLINE_CURVE_WITH_KNOTS((3,3),(0.,
0.289919229054),.PIECEWISE_BEZIER_KNOTS.) CURVE() 
GEOMETRIC_REPRESENTATION_ITEM() RATIONAL_B_SPLINE_CURVE((1.,
0.989511740461,1.)) REPRESENTATION_ITEM('') );
#4565 = CARTESIAN_POINT('',(7.128220527764,1.302672148569,0.));
#4566 = CARTESIAN_POINT('',(6.982939126671,1.2883710787,0.));
#4567 = CARTESIAN_POINT('',(6.839632442932,1.316199131068,0.));
#4568 = VECTOR('',#4569,1.);
#4569 = DIRECTION('',(-0.,-0.,-1.));
#4570 = ADVANCED_FACE('',(#4571),#4681,.F.);
#4571 = FACE_BOUND('',#4572,.F.);
#4572 = EDGE_LOOP('',(#4573,#4574,#4575,#4622,#4659,#4667,#4675));
#4573 = ORIENTED_EDGE('',*,*,#259,.F.);
#4574 = ORIENTED_EDGE('',*,*,#4558,.T.);
#4575 = ORIENTED_EDGE('',*,*,#4576,.T.);
#4576 = EDGE_CURVE('',#4544,#4577,#4579,.T.);
#4577 = VERTEX_POINT('',#4578);
#4578 = CARTESIAN_POINT('',(6.455640881876,1.6,3.5));
#4579 = B_SPLINE_CURVE_WITH_KNOTS('',6,(#4580,#4581,#4582,#4583,#4584,
    #4585,#4586,#4587,#4588,#4589,#4590,#4591,#4592,#4593,#4594,#4595,
    #4596,#4597,#4598,#4599,#4600,#4601,#4602,#4603,#4604,#4605,#4606,
    #4607,#4608,#4609,#4610,#4611,#4612,#4613,#4614,#4615,#4616,#4617,
    #4618,#4619,#4620,#4621),.UNSPECIFIED.,.F.,.F.,(7,5,5,5,5,5,5,5,7),(
    0.,9.284254890857E-02,0.276987898754,0.456803285368,0.559680781307,
    0.837594817273,0.920955064367,0.959595651943,1.),.UNSPECIFIED.);
#4580 = CARTESIAN_POINT('',(6.839632442932,1.316199131068,2.590263858376
    ));
#4581 = CARTESIAN_POINT('',(6.828457765132,1.318369089306,2.593403336976
    ));
#4582 = CARTESIAN_POINT('',(6.817249430295,1.320830853844,2.596984231503
    ));
#4583 = CARTESIAN_POINT('',(6.80602941826,1.323588910661,2.601022946364)
  );
#4584 = CARTESIAN_POINT('',(6.794821261546,1.32664448972,2.605534180046)
  );
#4585 = CARTESIAN_POINT('',(6.783650045361,1.329995564963,2.610530925112
    ));
#4586 = CARTESIAN_POINT('',(6.750511346767,1.340859044031,2.626920446688
    ));
#4587 = CARTESIAN_POINT('',(6.728724924962,1.349223699565,2.639772727212
    ));
#4588 = CARTESIAN_POINT('',(6.707398266308,1.358686699555,2.65466184339)
  );
#4589 = CARTESIAN_POINT('',(6.686746109831,1.369140923394,2.671631912175
    ));
#4590 = CARTESIAN_POINT('',(6.666961560335,1.380423852466,2.690670967385
    ));
#4591 = CARTESIAN_POINT('',(6.629869395771,1.403946644638,2.732217350625
    ));
#4592 = CARTESIAN_POINT('',(6.612508710055,1.416161968067,2.754638857991
    ));
#4593 = CARTESIAN_POINT('',(6.596253778054,1.428777838487,2.778877587416
    ));
#4594 = CARTESIAN_POINT('',(6.581180132097,1.441581855449,2.804815279268
    ));
#4595 = CARTESIAN_POINT('',(6.567310890365,1.45436426455,2.83230498487)
  );
#4596 = CARTESIAN_POINT('',(6.547374597575,1.474134465412,2.877704004797
    ));
#4597 = CARTESIAN_POINT('',(6.540507583405,1.481262195982,2.894681640011
    ));
#4598 = CARTESIAN_POINT('',(6.534025198353,1.488288686401,2.912086536621
    ));
#4599 = CARTESIAN_POINT('',(6.527919647797,1.495182630316,2.929889756562
    ));
#4600 = CARTESIAN_POINT('',(6.522180235992,1.501915843755,2.948062941703
    ));
#4601 = CARTESIAN_POINT('',(6.502246150932,1.526151342264,3.016598616687
    ));
#4602 = CARTESIAN_POINT('',(6.490284884063,1.542479122038,3.069104131464
    ));
#4603 = CARTESIAN_POINT('',(6.480654860409,1.556969273593,3.123592519831
    ));
#4604 = CARTESIAN_POINT('',(6.473040863889,1.569297093364,3.179595374076
    ));
#4605 = CARTESIAN_POINT('',(6.467188496048,1.579268157393,3.236710613676
    ));
#4606 = CARTESIAN_POINT('',(6.461650368853,1.589011326345,3.311984757985
    ));
#4607 = CARTESIAN_POINT('',(6.460515840833,1.591036554049,3.329423518786
    ));
#4608 = CARTESIAN_POINT('',(6.459520090056,1.592835651502,3.346922894835
    ));
#4609 = CARTESIAN_POINT('',(6.458659309873,1.594405979628,3.364473638775
    ));
#4610 = CARTESIAN_POINT('',(6.457930446429,1.595745484303,3.382066683101
    ));
#4611 = CARTESIAN_POINT('',(6.457053424933,1.597365930495,3.407863661249
    ));
#4612 = CARTESIAN_POINT('',(6.456803759804,1.597828775654,3.416033795075
    ));
#4613 = CARTESIAN_POINT('',(6.456581849574,1.598241313715,3.42420354482)
  );
#4614 = CARTESIAN_POINT('',(6.45638739873,1.598603614461,3.432372913179)
  );
#4615 = CARTESIAN_POINT('',(6.456220169933,1.598915735578,3.440541902352
    ));
#4616 = CARTESIAN_POINT('',(6.455933399291,1.599451668202,3.457251984316
    ));
#4617 = CARTESIAN_POINT('',(6.455816303168,1.599670946271,3.465797773728
    ));
#4618 = CARTESIAN_POINT('',(6.455728568571,1.599835462554,3.474346482906
    ));
#4619 = CARTESIAN_POINT('',(6.455670109667,1.599945156236,3.482896970124
    ));
#4620 = CARTESIAN_POINT('',(6.455640881878,1.599999999995,3.4914483513)
  );
#4621 = CARTESIAN_POINT('',(6.455640881876,1.6,3.5));
#4622 = ORIENTED_EDGE('',*,*,#4623,.T.);
#4623 = EDGE_CURVE('',#4577,#4624,#4626,.T.);
#4624 = VERTEX_POINT('',#4625);
#4625 = CARTESIAN_POINT('',(6.839632442932,1.316199131068,4.409736141624
    ));
#4626 = B_SPLINE_CURVE_WITH_KNOTS('',7,(#4627,#4628,#4629,#4630,#4631,
    #4632,#4633,#4634,#4635,#4636,#4637,#4638,#4639,#4640,#4641,#4642,
    #4643,#4644,#4645,#4646,#4647,#4648,#4649,#4650,#4651,#4652,#4653,
    #4654,#4655,#4656,#4657,#4658),.UNSPECIFIED.,.F.,.F.,(8,6,6,6,6,8),(
    0.,0.440940773878,0.544085921532,0.724025904723,0.906735453045,1.),
  .UNSPECIFIED.);
#4627 = CARTESIAN_POINT('',(6.455640881866,1.600000000004,3.5));
#4628 = CARTESIAN_POINT('',(6.455640881866,1.600000000004,3.580255022584
    ));
#4629 = CARTESIAN_POINT('',(6.458143713843,1.595303659733,3.660439157972
    ));
#4630 = CARTESIAN_POINT('',(6.463141825791,1.585925004826,3.739944611653
    ));
#4631 = CARTESIAN_POINT('',(6.470922328894,1.572008683233,3.818005990618
    ));
#4632 = CARTESIAN_POINT('',(6.482021328703,1.553907806944,3.89373416478)
  );
#4633 = CARTESIAN_POINT('',(6.49716978244,1.532295386283,3.966124648727)
  );
#4634 = CARTESIAN_POINT('',(6.521632257444,1.50258872216,4.05001067572)
  );
#4635 = CARTESIAN_POINT('',(6.526524020333,1.496824286935,4.065666688441
    ));
#4636 = CARTESIAN_POINT('',(6.531677116859,1.490941398504,4.081060426488
    ));
#4637 = CARTESIAN_POINT('',(6.537097906806,1.484955844179,4.096175736981
    ));
#4638 = CARTESIAN_POINT('',(6.542791677706,1.478884794627,4.110996113764
    ));
#4639 = CARTESIAN_POINT('',(6.548762259905,1.472746737846,4.125504912293
    ));
#4640 = CARTESIAN_POINT('',(6.565913886349,1.455770917928,4.164424162357
    ));
#4641 = CARTESIAN_POINT('',(6.57766622857,1.44483499144,4.188168033233)
  );
#4642 = CARTESIAN_POINT('',(6.590277614974,1.433860011129,4.210823089265
    ));
#4643 = CARTESIAN_POINT('',(6.603739987481,1.422962745978,4.23230284572)
  );
#4644 = CARTESIAN_POINT('',(6.618024588887,1.41226410061,4.252531646975)
  );
#4645 = CARTESIAN_POINT('',(6.63307826853,1.40188285938,4.271447892476)
  );
#4646 = CARTESIAN_POINT('',(6.664803594582,1.381822802339,4.306836899769
    ));
#4647 = CARTESIAN_POINT('',(6.681500802267,1.372154199781,4.323272130122
    ));
#4648 = CARTESIAN_POINT('',(6.698827133243,1.363040632114,4.338264621624
    ));
#4649 = CARTESIAN_POINT('',(6.716680602617,1.354579171772,4.351797461482
    ));
#4650 = CARTESIAN_POINT('',(6.734947366452,1.34684488702,4.363879735518)
  );
#4651 = CARTESIAN_POINT('',(6.753507569861,1.339888774639,4.374541107461
    ));
#4652 = CARTESIAN_POINT('',(6.781803821083,1.330594836487,4.388566098187
    ));
#4653 = CARTESIAN_POINT('',(6.79141261514,1.327663081855,4.392947585116)
  );
#4654 = CARTESIAN_POINT('',(6.801052139382,1.324943516328,4.39697737932)
  );
#4655 = CARTESIAN_POINT('',(6.810707631985,1.322437805612,4.400662747005
    ));
#4656 = CARTESIAN_POINT('',(6.820365007207,1.320146193526,4.404011700285
    ));
#4657 = CARTESIAN_POINT('',(6.830010855384,1.318067501999,4.407032997181
    ));
#4658 = CARTESIAN_POINT('',(6.839632442932,1.316199131068,4.409736141624
    ));
#4659 = ORIENTED_EDGE('',*,*,#4660,.T.);
#4660 = EDGE_CURVE('',#4624,#4661,#4663,.T.);
#4661 = VERTEX_POINT('',#4662);
#4662 = CARTESIAN_POINT('',(6.839632442932,1.316199131068,7.));
#4663 = LINE('',#4664,#4665);
#4664 = CARTESIAN_POINT('',(6.839632442932,1.316199131068,0.));
#4665 = VECTOR('',#4666,1.);
#4666 = DIRECTION('',(0.,0.,1.));
#4667 = ORIENTED_EDGE('',*,*,#4668,.T.);
#4668 = EDGE_CURVE('',#4661,#4669,#4671,.T.);
#4669 = VERTEX_POINT('',#4670);
#4670 = CARTESIAN_POINT('',(6.581395013661,2.279954337522,7.));
#4671 = ( BOUNDED_CURVE() B_SPLINE_CURVE(2,(#4672,#4673,#4674),
.UNSPECIFIED.,.F.,.F.) B_SPLINE_CURVE_WITH_KNOTS((3,3),(0.,
2.234397261374),.PIECEWISE_BEZIER_KNOTS.) CURVE() 
GEOMETRIC_REPRESENTATION_ITEM() RATIONAL_B_SPLINE_CURVE((1.,
0.438202247191,1.)) REPRESENTATION_ITEM('') );
#4672 = CARTESIAN_POINT('',(6.839632442932,1.316199131068,7.));
#4673 = CARTESIAN_POINT('',(5.722046849881,1.533217832479,7.));
#4674 = CARTESIAN_POINT('',(6.581395013661,2.279954337522,7.));
#4675 = ORIENTED_EDGE('',*,*,#4676,.F.);
#4676 = EDGE_CURVE('',#252,#4669,#4677,.T.);
#4677 = LINE('',#4678,#4679);
#4678 = CARTESIAN_POINT('',(6.581395013661,2.279954337522,0.));
#4679 = VECTOR('',#4680,1.);
#4680 = DIRECTION('',(0.,0.,1.));
#4681 = SURFACE_OF_LINEAR_EXTRUSION('',#4682,#4686);
#4682 = ( BOUNDED_CURVE() B_SPLINE_CURVE(2,(#4683,#4684,#4685),
.UNSPECIFIED.,.F.,.F.) B_SPLINE_CURVE_WITH_KNOTS((3,3),(0.,
2.234397261374),.PIECEWISE_BEZIER_KNOTS.) CURVE() 
GEOMETRIC_REPRESENTATION_ITEM() RATIONAL_B_SPLINE_CURVE((1.,
0.438202247191,1.)) REPRESENTATION_ITEM('') );
#4683 = CARTESIAN_POINT('',(6.839632442932,1.316199131068,0.));
#4684 = CARTESIAN_POINT('',(5.722046849881,1.533217832479,0.));
#4685 = CARTESIAN_POINT('',(6.581395013661,2.279954337522,0.));
#4686 = VECTOR('',#4687,1.);
#4687 = DIRECTION('',(-0.,-0.,-1.));
#4688 = ADVANCED_FACE('',(#4689),#4707,.F.);
#4689 = FACE_BOUND('',#4690,.F.);
#4690 = EDGE_LOOP('',(#4691,#4692,#4700,#4706));
#4691 = ORIENTED_EDGE('',*,*,#4676,.T.);
#4692 = ORIENTED_EDGE('',*,*,#4693,.T.);
#4693 = EDGE_CURVE('',#4669,#4694,#4696,.T.);
#4694 = VERTEX_POINT('',#4695);
#4695 = CARTESIAN_POINT('',(6.824556135106,2.435963090418,7.));
#4696 = ( BOUNDED_CURVE() B_SPLINE_CURVE(2,(#4697,#4698,#4699),
.UNSPECIFIED.,.F.,.F.) B_SPLINE_CURVE_WITH_KNOTS((3,3),(0.,
0.289919229054),.PIECEWISE_BEZIER_KNOTS.) CURVE() 
GEOMETRIC_REPRESENTATION_ITEM() RATIONAL_B_SPLINE_CURVE((1.,
0.989511740461,1.)) REPRESENTATION_ITEM('') );
#4697 = CARTESIAN_POINT('',(6.581395013661,2.279954337522,7.));
#4698 = CARTESIAN_POINT('',(6.691588216127,2.37570747968,7.));
#4699 = CARTESIAN_POINT('',(6.824556135106,2.435963090418,7.));
#4700 = ORIENTED_EDGE('',*,*,#4701,.F.);
#4701 = EDGE_CURVE('',#244,#4694,#4702,.T.);
#4702 = LINE('',#4703,#4704);
#4703 = CARTESIAN_POINT('',(6.824556135106,2.435963090418,0.));
#4704 = VECTOR('',#4705,1.);
#4705 = DIRECTION('',(0.,0.,1.));
#4706 = ORIENTED_EDGE('',*,*,#251,.F.);
#4707 = SURFACE_OF_LINEAR_EXTRUSION('',#4708,#4712);
#4708 = ( BOUNDED_CURVE() B_SPLINE_CURVE(2,(#4709,#4710,#4711),
.UNSPECIFIED.,.F.,.F.) B_SPLINE_CURVE_WITH_KNOTS((3,3),(0.,
0.289919229054),.PIECEWISE_BEZIER_KNOTS.) CURVE() 
GEOMETRIC_REPRESENTATION_ITEM() RATIONAL_B_SPLINE_CURVE((1.,
0.989511740461,1.)) REPRESENTATION_ITEM('') );
#4709 = CARTESIAN_POINT('',(6.581395013661,2.279954337522,0.));
#4710 = CARTESIAN_POINT('',(6.691588216127,2.37570747968,0.));
#4711 = CARTESIAN_POINT('',(6.824556135106,2.435963090418,0.));
#4712 = VECTOR('',#4713,1.);
#4713 = DIRECTION('',(-0.,-0.,-1.));
#4714 = ADVANCED_FACE('',(#4715),#4733,.F.);
#4715 = FACE_BOUND('',#4716,.F.);
#4716 = EDGE_LOOP('',(#4717,#4718,#4726,#4732));
#4717 = ORIENTED_EDGE('',*,*,#4701,.T.);
#4718 = ORIENTED_EDGE('',*,*,#4719,.T.);
#4719 = EDGE_CURVE('',#4694,#4720,#4722,.T.);
#4720 = VERTEX_POINT('',#4721);
#4721 = CARTESIAN_POINT('',(6.902841079061,2.625922444182,7.));
#4722 = ( BOUNDED_CURVE() B_SPLINE_CURVE(2,(#4723,#4724,#4725),
.UNSPECIFIED.,.F.,.F.) B_SPLINE_CURVE_WITH_KNOTS((3,3),(0.,
1.508825302794),.PIECEWISE_BEZIER_KNOTS.) CURVE() 
GEOMETRIC_REPRESENTATION_ITEM() RATIONAL_B_SPLINE_CURVE((1.,
0.728673920883,1.)) REPRESENTATION_ITEM('') );
#4723 = CARTESIAN_POINT('',(6.824556135106,2.435963090418,7.));
#4724 = CARTESIAN_POINT('',(6.952967422315,2.494153822408,7.));
#4725 = CARTESIAN_POINT('',(6.902841079061,2.625922444182,7.));
#4726 = ORIENTED_EDGE('',*,*,#4727,.F.);
#4727 = EDGE_CURVE('',#236,#4720,#4728,.T.);
#4728 = LINE('',#4729,#4730);
#4729 = CARTESIAN_POINT('',(6.902841079061,2.625922444182,0.));
#4730 = VECTOR('',#4731,1.);
#4731 = DIRECTION('',(0.,0.,1.));
#4732 = ORIENTED_EDGE('',*,*,#243,.F.);
#4733 = SURFACE_OF_LINEAR_EXTRUSION('',#4734,#4738);
#4734 = ( BOUNDED_CURVE() B_SPLINE_CURVE(2,(#4735,#4736,#4737),
.UNSPECIFIED.,.F.,.F.) B_SPLINE_CURVE_WITH_KNOTS((3,3),(0.,
1.508825302794),.PIECEWISE_BEZIER_KNOTS.) CURVE() 
GEOMETRIC_REPRESENTATION_ITEM() RATIONAL_B_SPLINE_CURVE((1.,
0.728673920883,1.)) REPRESENTATION_ITEM('') );
#4735 = CARTESIAN_POINT('',(6.824556135106,2.435963090418,0.));
#4736 = CARTESIAN_POINT('',(6.952967422315,2.494153822408,0.));
#4737 = CARTESIAN_POINT('',(6.902841079061,2.625922444182,0.));
#4738 = VECTOR('',#4739,1.);
#4739 = DIRECTION('',(-0.,-0.,-1.));
#4740 = ADVANCED_FACE('',(#4741),#4759,.F.);
#4741 = FACE_BOUND('',#4742,.F.);
#4742 = EDGE_LOOP('',(#4743,#4744,#4752,#4758));
#4743 = ORIENTED_EDGE('',*,*,#4727,.T.);
#4744 = ORIENTED_EDGE('',*,*,#4745,.T.);
#4745 = EDGE_CURVE('',#4720,#4746,#4748,.T.);
#4746 = VERTEX_POINT('',#4747);
#4747 = CARTESIAN_POINT('',(6.737853303608,3.024238169307,7.));
#4748 = ( BOUNDED_CURVE() B_SPLINE_CURVE(2,(#4749,#4750,#4751),
.UNSPECIFIED.,.F.,.F.) B_SPLINE_CURVE_WITH_KNOTS((3,3),(0.,
5.838450169226E-02),.PIECEWISE_BEZIER_KNOTS.) CURVE() 
GEOMETRIC_REPRESENTATION_ITEM() RATIONAL_B_SPLINE_CURVE((1.,
0.999573936504,1.)) REPRESENTATION_ITEM('') );
#4749 = CARTESIAN_POINT('',(6.902841079061,2.625922444182,7.));
#4750 = CARTESIAN_POINT('',(6.826162709681,2.827489173315,7.));
#4751 = CARTESIAN_POINT('',(6.737853303608,3.024238169307,7.));
#4752 = ORIENTED_EDGE('',*,*,#4753,.F.);
#4753 = EDGE_CURVE('',#228,#4746,#4754,.T.);
#4754 = LINE('',#4755,#4756);
#4755 = CARTESIAN_POINT('',(6.737853303608,3.024238169307,0.));
#4756 = VECTOR('',#4757,1.);
#4757 = DIRECTION('',(0.,0.,1.));
#4758 = ORIENTED_EDGE('',*,*,#235,.F.);
#4759 = SURFACE_OF_LINEAR_EXTRUSION('',#4760,#4764);
#4760 = ( BOUNDED_CURVE() B_SPLINE_CURVE(2,(#4761,#4762,#4763),
.UNSPECIFIED.,.F.,.F.) B_SPLINE_CURVE_WITH_KNOTS((3,3),(0.,
5.838450169226E-02),.PIECEWISE_BEZIER_KNOTS.) CURVE() 
GEOMETRIC_REPRESENTATION_ITEM() RATIONAL_B_SPLINE_CURVE((1.,
0.999573936504,1.)) REPRESENTATION_ITEM('') );
#4761 = CARTESIAN_POINT('',(6.902841079061,2.625922444182,0.));
#4762 = CARTESIAN_POINT('',(6.826162709681,2.827489173315,0.));
#4763 = CARTESIAN_POINT('',(6.737853303608,3.024238169307,0.));
#4764 = VECTOR('',#4765,1.);
#4765 = DIRECTION('',(-0.,-0.,-1.));
#4766 = ADVANCED_FACE('',(#4767),#4785,.F.);
#4767 = FACE_BOUND('',#4768,.F.);
#4768 = EDGE_LOOP('',(#4769,#4770,#4778,#4784));
#4769 = ORIENTED_EDGE('',*,*,#4753,.T.);
#4770 = ORIENTED_EDGE('',*,*,#4771,.T.);
#4771 = EDGE_CURVE('',#4746,#4772,#4774,.T.);
#4772 = VERTEX_POINT('',#4773);
#4773 = CARTESIAN_POINT('',(6.548175941677,3.103203901767,7.));
#4774 = ( BOUNDED_CURVE() B_SPLINE_CURVE(2,(#4775,#4776,#4777),
.UNSPECIFIED.,.F.,.F.) B_SPLINE_CURVE_WITH_KNOTS((3,3),(0.,
1.508825302794),.PIECEWISE_BEZIER_KNOTS.) CURVE() 
GEOMETRIC_REPRESENTATION_ITEM() RATIONAL_B_SPLINE_CURVE((1.,
0.728673920883,1.)) REPRESENTATION_ITEM('') );
#4775 = CARTESIAN_POINT('',(6.737853303608,3.024238169307,7.));
#4776 = CARTESIAN_POINT('',(6.680123494835,3.152857332541,7.));
#4777 = CARTESIAN_POINT('',(6.548175941677,3.103203901767,7.));
#4778 = ORIENTED_EDGE('',*,*,#4779,.F.);
#4779 = EDGE_CURVE('',#220,#4772,#4780,.T.);
#4780 = LINE('',#4781,#4782);
#4781 = CARTESIAN_POINT('',(6.548175941677,3.103203901767,0.));
#4782 = VECTOR('',#4783,1.);
#4783 = DIRECTION('',(0.,0.,1.));
#4784 = ORIENTED_EDGE('',*,*,#227,.F.);
#4785 = SURFACE_OF_LINEAR_EXTRUSION('',#4786,#4790);
#4786 = ( BOUNDED_CURVE() B_SPLINE_CURVE(2,(#4787,#4788,#4789),
.UNSPECIFIED.,.F.,.F.) B_SPLINE_CURVE_WITH_KNOTS((3,3),(0.,
1.508825302794),.PIECEWISE_BEZIER_KNOTS.) CURVE() 
GEOMETRIC_REPRESENTATION_ITEM() RATIONAL_B_SPLINE_CURVE((1.,
0.728673920883,1.)) REPRESENTATION_ITEM('') );
#4787 = CARTESIAN_POINT('',(6.737853303608,3.024238169307,0.));
#4788 = CARTESIAN_POINT('',(6.680123494835,3.152857332541,0.));
#4789 = CARTESIAN_POINT('',(6.548175941677,3.103203901767,0.));
#4790 = VECTOR('',#4791,1.);
#4791 = DIRECTION('',(-0.,-0.,-1.));
#4792 = ADVANCED_FACE('',(#4793),#4811,.F.);
#4793 = FACE_BOUND('',#4794,.F.);
#4794 = EDGE_LOOP('',(#4795,#4796,#4804,#4810));
#4795 = ORIENTED_EDGE('',*,*,#4779,.T.);
#4796 = ORIENTED_EDGE('',*,*,#4797,.T.);
#4797 = EDGE_CURVE('',#4772,#4798,#4800,.T.);
#4798 = VERTEX_POINT('',#4799);
#4799 = CARTESIAN_POINT('',(6.265920216685,3.041577870969,7.));
#4800 = ( BOUNDED_CURVE() B_SPLINE_CURVE(2,(#4801,#4802,#4803),
.UNSPECIFIED.,.F.,.F.) B_SPLINE_CURVE_WITH_KNOTS((3,3),(0.,
0.289919229054),.PIECEWISE_BEZIER_KNOTS.) CURVE() 
GEOMETRIC_REPRESENTATION_ITEM() RATIONAL_B_SPLINE_CURVE((1.,
0.989511740461,1.)) REPRESENTATION_ITEM('') );
#4801 = CARTESIAN_POINT('',(6.548175941677,3.103203901767,7.));
#4802 = CARTESIAN_POINT('',(6.411546273529,3.051788535534,7.));
#4803 = CARTESIAN_POINT('',(6.265920216685,3.041577870969,7.));
#4804 = ORIENTED_EDGE('',*,*,#4805,.F.);
#4805 = EDGE_CURVE('',#212,#4798,#4806,.T.);
#4806 = LINE('',#4807,#4808);
#4807 = CARTESIAN_POINT('',(6.265920216685,3.041577870969,0.));
#4808 = VECTOR('',#4809,1.);
#4809 = DIRECTION('',(0.,0.,1.));
#4810 = ORIENTED_EDGE('',*,*,#219,.F.);
#4811 = SURFACE_OF_LINEAR_EXTRUSION('',#4812,#4816);
#4812 = ( BOUNDED_CURVE() B_SPLINE_CURVE(2,(#4813,#4814,#4815),
.UNSPECIFIED.,.F.,.F.) B_SPLINE_CURVE_WITH_KNOTS((3,3),(0.,
0.289919229054),.PIECEWISE_BEZIER_KNOTS.) CURVE() 
GEOMETRIC_REPRESENTATION_ITEM() RATIONAL_B_SPLINE_CURVE((1.,
0.989511740461,1.)) REPRESENTATION_ITEM('') );
#4813 = CARTESIAN_POINT('',(6.548175941677,3.103203901767,0.));
#4814 = CARTESIAN_POINT('',(6.411546273529,3.051788535534,0.));
#4815 = CARTESIAN_POINT('',(6.265920216685,3.041577870969,0.));
#4816 = VECTOR('',#4817,1.);
#4817 = DIRECTION('',(-0.,-0.,-1.));
#4818 = ADVANCED_FACE('',(#4819),#4837,.F.);
#4819 = FACE_BOUND('',#4820,.F.);
#4820 = EDGE_LOOP('',(#4821,#4822,#4830,#4836));
#4821 = ORIENTED_EDGE('',*,*,#4805,.T.);
#4822 = ORIENTED_EDGE('',*,*,#4823,.T.);
#4823 = EDGE_CURVE('',#4798,#4824,#4826,.T.);
#4824 = VERTEX_POINT('',#4825);
#4825 = CARTESIAN_POINT('',(5.76704381219,3.905657150251,7.));
#4826 = ( BOUNDED_CURVE() B_SPLINE_CURVE(2,(#4827,#4828,#4829),
.UNSPECIFIED.,.F.,.F.) B_SPLINE_CURVE_WITH_KNOTS((3,3),(0.,
2.234397261374),.PIECEWISE_BEZIER_KNOTS.) CURVE() 
GEOMETRIC_REPRESENTATION_ITEM() RATIONAL_B_SPLINE_CURVE((1.,
0.438202247191,1.)) REPRESENTATION_ITEM('') );
#4827 = CARTESIAN_POINT('',(6.265920216685,3.041577870969,7.));
#4828 = CARTESIAN_POINT('',(5.1302468562,2.961949403436,7.));
#4829 = CARTESIAN_POINT('',(5.76704381219,3.905657150251,7.));
#4830 = ORIENTED_EDGE('',*,*,#4831,.F.);
#4831 = EDGE_CURVE('',#204,#4824,#4832,.T.);
#4832 = LINE('',#4833,#4834);
#4833 = CARTESIAN_POINT('',(5.76704381219,3.905657150251,0.));
#4834 = VECTOR('',#4835,1.);
#4835 = DIRECTION('',(0.,0.,1.));
#4836 = ORIENTED_EDGE('',*,*,#211,.F.);
#4837 = SURFACE_OF_LINEAR_EXTRUSION('',#4838,#4842);
#4838 = ( BOUNDED_CURVE() B_SPLINE_CURVE(2,(#4839,#4840,#4841),
.UNSPECIFIED.,.F.,.F.) B_SPLINE_CURVE_WITH_KNOTS((3,3),(0.,
2.234397261374),.PIECEWISE_BEZIER_KNOTS.) CURVE() 
GEOMETRIC_REPRESENTATION_ITEM() RATIONAL_B_SPLINE_CURVE((1.,
0.438202247191,1.)) REPRESENTATION_ITEM('') );
#4839 = CARTESIAN_POINT('',(6.265920216685,3.041577870969,0.));
#4840 = CARTESIAN_POINT('',(5.1302468562,2.961949403436,0.));
#4841 = CARTESIAN_POINT('',(5.76704381219,3.905657150251,0.));
#4842 = VECTOR('',#4843,1.);
#4843 = DIRECTION('',(-0.,-0.,-1.));
#4844 = ADVANCED_FACE('',(#4845),#4863,.F.);
#4845 = FACE_BOUND('',#4846,.F.);
#4846 = EDGE_LOOP('',(#4847,#4848,#4856,#4862));
#4847 = ORIENTED_EDGE('',*,*,#4831,.T.);
#4848 = ORIENTED_EDGE('',*,*,#4849,.T.);
#4849 = EDGE_CURVE('',#4824,#4850,#4852,.T.);
#4850 = VERTEX_POINT('',#4851);
#4851 = CARTESIAN_POINT('',(5.961541382891,4.119284763059,7.));
#4852 = ( BOUNDED_CURVE() B_SPLINE_CURVE(2,(#4853,#4854,#4855),
.UNSPECIFIED.,.F.,.F.) B_SPLINE_CURVE_WITH_KNOTS((3,3),(0.,
0.289919229054),.PIECEWISE_BEZIER_KNOTS.) CURVE() 
GEOMETRIC_REPRESENTATION_ITEM() RATIONAL_B_SPLINE_CURVE((1.,
0.989511740461,1.)) REPRESENTATION_ITEM('') );
#4853 = CARTESIAN_POINT('',(5.76704381219,3.905657150251,7.));
#4854 = CARTESIAN_POINT('',(5.848699535515,4.026667682648,7.));
#4855 = CARTESIAN_POINT('',(5.961541382891,4.119284763059,7.));
#4856 = ORIENTED_EDGE('',*,*,#4857,.F.);
#4857 = EDGE_CURVE('',#196,#4850,#4858,.T.);
#4858 = LINE('',#4859,#4860);
#4859 = CARTESIAN_POINT('',(5.961541382891,4.119284763059,0.));
#4860 = VECTOR('',#4861,1.);
#4861 = DIRECTION('',(0.,0.,1.));
#4862 = ORIENTED_EDGE('',*,*,#203,.F.);
#4863 = SURFACE_OF_LINEAR_EXTRUSION('',#4864,#4868);
#4864 = ( BOUNDED_CURVE() B_SPLINE_CURVE(2,(#4865,#4866,#4867),
.UNSPECIFIED.,.F.,.F.) B_SPLINE_CURVE_WITH_KNOTS((3,3),(0.,
0.289919229054),.PIECEWISE_BEZIER_KNOTS.) CURVE() 
GEOMETRIC_REPRESENTATION_ITEM() RATIONAL_B_SPLINE_CURVE((1.,
0.989511740461,1.)) REPRESENTATION_ITEM('') );
#4865 = CARTESIAN_POINT('',(5.76704381219,3.905657150251,0.));
#4866 = CARTESIAN_POINT('',(5.848699535515,4.026667682648,0.));
#4867 = CARTESIAN_POINT('',(5.961541382891,4.119284763059,0.));
#4868 = VECTOR('',#4869,1.);
#4869 = DIRECTION('',(-0.,-0.,-1.));
#4870 = ADVANCED_FACE('',(#4871),#4889,.F.);
#4871 = FACE_BOUND('',#4872,.F.);
#4872 = EDGE_LOOP('',(#4873,#4874,#4882,#4888));
#4873 = ORIENTED_EDGE('',*,*,#4857,.T.);
#4874 = ORIENTED_EDGE('',*,*,#4875,.T.);
#4875 = EDGE_CURVE('',#4850,#4876,#4878,.T.);
#4876 = VERTEX_POINT('',#4877);
#4877 = CARTESIAN_POINT('',(5.987993733518,4.323033043244,7.));
#4878 = ( BOUNDED_CURVE() B_SPLINE_CURVE(2,(#4879,#4880,#4881),
.UNSPECIFIED.,.F.,.F.) B_SPLINE_CURVE_WITH_KNOTS((3,3),(0.,
1.508825302794),.PIECEWISE_BEZIER_KNOTS.) CURVE() 
GEOMETRIC_REPRESENTATION_ITEM() RATIONAL_B_SPLINE_CURVE((1.,
0.728673920883,1.)) REPRESENTATION_ITEM('') );
#4879 = CARTESIAN_POINT('',(5.961541382891,4.119284763059,7.));
#4880 = CARTESIAN_POINT('',(6.070516291906,4.208727980674,7.));
#4881 = CARTESIAN_POINT('',(5.987993733518,4.323033043244,7.));
#4882 = ORIENTED_EDGE('',*,*,#4883,.F.);
#4883 = EDGE_CURVE('',#188,#4876,#4884,.T.);
#4884 = LINE('',#4885,#4886);
#4885 = CARTESIAN_POINT('',(5.987993733518,4.323033043244,0.));
#4886 = VECTOR('',#4887,1.);
#4887 = DIRECTION('',(0.,0.,1.));
#4888 = ORIENTED_EDGE('',*,*,#195,.F.);
#4889 = SURFACE_OF_LINEAR_EXTRUSION('',#4890,#4894);
#4890 = ( BOUNDED_CURVE() B_SPLINE_CURVE(2,(#4891,#4892,#4893),
.UNSPECIFIED.,.F.,.F.) B_SPLINE_CURVE_WITH_KNOTS((3,3),(0.,
1.508825302794),.PIECEWISE_BEZIER_KNOTS.) CURVE() 
GEOMETRIC_REPRESENTATION_ITEM() RATIONAL_B_SPLINE_CURVE((1.,
0.728673920883,1.)) REPRESENTATION_ITEM('') );
#4891 = CARTESIAN_POINT('',(5.961541382891,4.119284763059,0.));
#4892 = CARTESIAN_POINT('',(6.070516291906,4.208727980674,0.));
#4893 = CARTESIAN_POINT('',(5.987993733518,4.323033043244,0.));
#4894 = VECTOR('',#4895,1.);
#4895 = DIRECTION('',(-0.,-0.,-1.));
#4896 = ADVANCED_FACE('',(#4897),#4915,.F.);
#4897 = FACE_BOUND('',#4898,.F.);
#4898 = EDGE_LOOP('',(#4899,#4900,#4908,#4914));
#4899 = ORIENTED_EDGE('',*,*,#4883,.T.);
#4900 = ORIENTED_EDGE('',*,*,#4901,.T.);
#4901 = EDGE_CURVE('',#4876,#4902,#4904,.T.);
#4902 = VERTEX_POINT('',#4903);
#4903 = CARTESIAN_POINT('',(5.72553608456,4.665074510663,7.));
#4904 = ( BOUNDED_CURVE() B_SPLINE_CURVE(2,(#4905,#4906,#4907),
.UNSPECIFIED.,.F.,.F.) B_SPLINE_CURVE_WITH_KNOTS((3,3),(0.,
5.838450169226E-02),.PIECEWISE_BEZIER_KNOTS.) CURVE() 
GEOMETRIC_REPRESENTATION_ITEM() RATIONAL_B_SPLINE_CURVE((1.,
0.999573936504,1.)) REPRESENTATION_ITEM('') );
#4905 = CARTESIAN_POINT('',(5.987993733518,4.323033043244,7.));
#4906 = CARTESIAN_POINT('',(5.861758807857,4.497885730292,7.));
#4907 = CARTESIAN_POINT('',(5.72553608456,4.665074510663,7.));
#4908 = ORIENTED_EDGE('',*,*,#4909,.F.);
#4909 = EDGE_CURVE('',#180,#4902,#4910,.T.);
#4910 = LINE('',#4911,#4912);
#4911 = CARTESIAN_POINT('',(5.72553608456,4.665074510663,0.));
#4912 = VECTOR('',#4913,1.);
#4913 = DIRECTION('',(0.,0.,1.));
#4914 = ORIENTED_EDGE('',*,*,#187,.F.);
#4915 = SURFACE_OF_LINEAR_EXTRUSION('',#4916,#4920);
#4916 = ( BOUNDED_CURVE() B_SPLINE_CURVE(2,(#4917,#4918,#4919),
.UNSPECIFIED.,.F.,.F.) B_SPLINE_CURVE_WITH_KNOTS((3,3),(0.,
5.838450169226E-02),.PIECEWISE_BEZIER_KNOTS.) CURVE() 
GEOMETRIC_REPRESENTATION_ITEM() RATIONAL_B_SPLINE_CURVE((1.,
0.999573936504,1.)) REPRESENTATION_ITEM('') );
#4917 = CARTESIAN_POINT('',(5.987993733518,4.323033043244,0.));
#4918 = CARTESIAN_POINT('',(5.861758807857,4.497885730292,0.));
#4919 = CARTESIAN_POINT('',(5.72553608456,4.665074510663,0.));
#4920 = VECTOR('',#4921,1.);
#4921 = DIRECTION('',(-0.,-0.,-1.));
#4922 = ADVANCED_FACE('',(#4923),#4941,.F.);
#4923 = FACE_BOUND('',#4924,.F.);
#4924 = EDGE_LOOP('',(#4925,#4926,#4934,#4940));
#4925 = ORIENTED_EDGE('',*,*,#4909,.T.);
#4926 = ORIENTED_EDGE('',*,*,#4927,.T.);
#4927 = EDGE_CURVE('',#4902,#4928,#4930,.T.);
#4928 = VERTEX_POINT('',#4929);
#4929 = CARTESIAN_POINT('',(5.521883986536,4.692257437345,7.));
#4930 = ( BOUNDED_CURVE() B_SPLINE_CURVE(2,(#4931,#4932,#4933),
.UNSPECIFIED.,.F.,.F.) B_SPLINE_CURVE_WITH_KNOTS((3,3),(0.,
1.508825302794),.PIECEWISE_BEZIER_KNOTS.) CURVE() 
GEOMETRIC_REPRESENTATION_ITEM() RATIONAL_B_SPLINE_CURVE((1.,
0.728673920883,1.)) REPRESENTATION_ITEM('') );
#4931 = CARTESIAN_POINT('',(5.72553608456,4.665074510663,7.));
#4932 = CARTESIAN_POINT('',(5.636484282309,4.774369508207,7.));
#4933 = CARTESIAN_POINT('',(5.521883986536,4.692257437345,7.));
#4934 = ORIENTED_EDGE('',*,*,#4935,.F.);
#4935 = EDGE_CURVE('',#172,#4928,#4936,.T.);
#4936 = LINE('',#4937,#4938);
#4937 = CARTESIAN_POINT('',(5.521883986536,4.692257437345,0.));
#4938 = VECTOR('',#4939,1.);
#4939 = DIRECTION('',(0.,0.,1.));
#4940 = ORIENTED_EDGE('',*,*,#179,.F.);
#4941 = SURFACE_OF_LINEAR_EXTRUSION('',#4942,#4946);
#4942 = ( BOUNDED_CURVE() B_SPLINE_CURVE(2,(#4943,#4944,#4945),
.UNSPECIFIED.,.F.,.F.) B_SPLINE_CURVE_WITH_KNOTS((3,3),(0.,
1.508825302794),.PIECEWISE_BEZIER_KNOTS.) CURVE() 
GEOMETRIC_REPRESENTATION_ITEM() RATIONAL_B_SPLINE_CURVE((1.,
0.728673920883,1.)) REPRESENTATION_ITEM('') );
#4943 = CARTESIAN_POINT('',(5.72553608456,4.665074510663,0.));
#4944 = CARTESIAN_POINT('',(5.636484282309,4.774369508207,0.));
#4945 = CARTESIAN_POINT('',(5.521883986536,4.692257437345,0.));
#4946 = VECTOR('',#4947,1.);
#4947 = DIRECTION('',(-0.,-0.,-1.));
#4948 = ADVANCED_FACE('',(#4949),#4967,.F.);
#4949 = FACE_BOUND('',#4950,.F.);
#4950 = EDGE_LOOP('',(#4951,#4952,#4960,#4966));
#4951 = ORIENTED_EDGE('',*,*,#4935,.T.);
#4952 = ORIENTED_EDGE('',*,*,#4953,.T.);
#4953 = EDGE_CURVE('',#4928,#4954,#4956,.T.);
#4954 = VERTEX_POINT('',#4955);
#4955 = CARTESIAN_POINT('',(5.265195882593,4.559678105409,7.));
#4956 = ( BOUNDED_CURVE() B_SPLINE_CURVE(2,(#4957,#4958,#4959),
.UNSPECIFIED.,.F.,.F.) B_SPLINE_CURVE_WITH_KNOTS((3,3),(0.,
0.289919229054),.PIECEWISE_BEZIER_KNOTS.) CURVE() 
GEOMETRIC_REPRESENTATION_ITEM() RATIONAL_B_SPLINE_CURVE((1.,
0.989511740461,1.)) REPRESENTATION_ITEM('') );
#4957 = CARTESIAN_POINT('',(5.521883986536,4.692257437345,7.));
#4958 = CARTESIAN_POINT('',(5.403217137427,4.607231646991,7.));
#4959 = CARTESIAN_POINT('',(5.265195882593,4.559678105409,7.));
#4960 = ORIENTED_EDGE('',*,*,#4961,.F.);
#4961 = EDGE_CURVE('',#164,#4954,#4962,.T.);
#4962 = LINE('',#4963,#4964);
#4963 = CARTESIAN_POINT('',(5.265195882593,4.559678105409,0.));
#4964 = VECTOR('',#4965,1.);
#4965 = DIRECTION('',(0.,0.,1.));
#4966 = ORIENTED_EDGE('',*,*,#171,.F.);
#4967 = SURFACE_OF_LINEAR_EXTRUSION('',#4968,#4972);
#4968 = ( BOUNDED_CURVE() B_SPLINE_CURVE(2,(#4969,#4970,#4971),
.UNSPECIFIED.,.F.,.F.) B_SPLINE_CURVE_WITH_KNOTS((3,3),(0.,
0.289919229054),.PIECEWISE_BEZIER_KNOTS.) CURVE() 
GEOMETRIC_REPRESENTATION_ITEM() RATIONAL_B_SPLINE_CURVE((1.,
0.989511740461,1.)) REPRESENTATION_ITEM('') );
#4969 = CARTESIAN_POINT('',(5.521883986536,4.692257437345,0.));
#4970 = CARTESIAN_POINT('',(5.403217137427,4.607231646991,0.));
#4971 = CARTESIAN_POINT('',(5.265195882593,4.559678105409,0.));
#4972 = VECTOR('',#4973,1.);
#4973 = DIRECTION('',(-0.,-0.,-1.));
#4974 = ADVANCED_FACE('',(#4975),#4993,.F.);
#4975 = FACE_BOUND('',#4976,.F.);
#4976 = EDGE_LOOP('',(#4977,#4978,#4986,#4992));
#4977 = ORIENTED_EDGE('',*,*,#4961,.T.);
#4978 = ORIENTED_EDGE('',*,*,#4979,.T.);
#4979 = EDGE_CURVE('',#4954,#4980,#4982,.T.);
#4980 = VERTEX_POINT('',#4981);
#4981 = CARTESIAN_POINT('',(4.559678105409,5.265195882593,7.));
#4982 = ( BOUNDED_CURVE() B_SPLINE_CURVE(2,(#4983,#4984,#4985),
.UNSPECIFIED.,.F.,.F.) B_SPLINE_CURVE_WITH_KNOTS((3,3),(0.,
2.234397261374),.PIECEWISE_BEZIER_KNOTS.) CURVE() 
GEOMETRIC_REPRESENTATION_ITEM() RATIONAL_B_SPLINE_CURVE((1.,
0.438202247191,1.)) REPRESENTATION_ITEM('') );
#4983 = CARTESIAN_POINT('',(5.265195882593,4.559678105409,7.));
#4984 = CARTESIAN_POINT('',(4.188829017402,4.188829017402,7.));
#4985 = CARTESIAN_POINT('',(4.559678105409,5.265195882593,7.));
#4986 = ORIENTED_EDGE('',*,*,#4987,.F.);
#4987 = EDGE_CURVE('',#156,#4980,#4988,.T.);
#4988 = LINE('',#4989,#4990);
#4989 = CARTESIAN_POINT('',(4.559678105409,5.265195882593,0.));
#4990 = VECTOR('',#4991,1.);
#4991 = DIRECTION('',(0.,0.,1.));
#4992 = ORIENTED_EDGE('',*,*,#163,.F.);
#4993 = SURFACE_OF_LINEAR_EXTRUSION('',#4994,#4998);
#4994 = ( BOUNDED_CURVE() B_SPLINE_CURVE(2,(#4995,#4996,#4997),
.UNSPECIFIED.,.F.,.F.) B_SPLINE_CURVE_WITH_KNOTS((3,3),(0.,
2.234397261374),.PIECEWISE_BEZIER_KNOTS.) CURVE() 
GEOMETRIC_REPRESENTATION_ITEM() RATIONAL_B_SPLINE_CURVE((1.,
0.438202247191,1.)) REPRESENTATION_ITEM('') );
#4995 = CARTESIAN_POINT('',(5.265195882593,4.559678105409,0.));
#4996 = CARTESIAN_POINT('',(4.188829017402,4.188829017402,0.));
#4997 = CARTESIAN_POINT('',(4.559678105409,5.265195882593,0.));
#4998 = VECTOR('',#4999,1.);
#4999 = DIRECTION('',(-0.,-0.,-1.));
#5000 = ADVANCED_FACE('',(#5001),#5019,.F.);
#5001 = FACE_BOUND('',#5002,.F.);
#5002 = EDGE_LOOP('',(#5003,#5004,#5012,#5018));
#5003 = ORIENTED_EDGE('',*,*,#4987,.T.);
#5004 = ORIENTED_EDGE('',*,*,#5005,.T.);
#5005 = EDGE_CURVE('',#4980,#5006,#5008,.T.);
#5006 = VERTEX_POINT('',#5007);
#5007 = CARTESIAN_POINT('',(4.692257437345,5.521883986536,7.));
#5008 = ( BOUNDED_CURVE() B_SPLINE_CURVE(2,(#5009,#5010,#5011),
.UNSPECIFIED.,.F.,.F.) B_SPLINE_CURVE_WITH_KNOTS((3,3),(0.,
0.289919229054),.PIECEWISE_BEZIER_KNOTS.) CURVE() 
GEOMETRIC_REPRESENTATION_ITEM() RATIONAL_B_SPLINE_CURVE((1.,
0.989511740461,1.)) REPRESENTATION_ITEM('') );
#5009 = CARTESIAN_POINT('',(4.559678105409,5.265195882593,7.));
#5010 = CARTESIAN_POINT('',(4.607231646991,5.403217137427,7.));
#5011 = CARTESIAN_POINT('',(4.692257437345,5.521883986536,7.));
#5012 = ORIENTED_EDGE('',*,*,#5013,.F.);
#5013 = EDGE_CURVE('',#148,#5006,#5014,.T.);
#5014 = LINE('',#5015,#5016);
#5015 = CARTESIAN_POINT('',(4.692257437345,5.521883986536,0.));
#5016 = VECTOR('',#5017,1.);
#5017 = DIRECTION('',(0.,0.,1.));
#5018 = ORIENTED_EDGE('',*,*,#155,.F.);
#5019 = SURFACE_OF_LINEAR_EXTRUSION('',#5020,#5024);
#5020 = ( BOUNDED_CURVE() B_SPLINE_CURVE(2,(#5021,#5022,#5023),
.UNSPECIFIED.,.F.,.F.) B_SPLINE_CURVE_WITH_KNOTS((3,3),(0.,
0.289919229054),.PIECEWISE_BEZIER_KNOTS.) CURVE() 
GEOMETRIC_REPRESENTATION_ITEM() RATIONAL_B_SPLINE_CURVE((1.,
0.989511740461,1.)) REPRESENTATION_ITEM('') );
#5021 = CARTESIAN_POINT('',(4.559678105409,5.265195882593,0.));
#5022 = CARTESIAN_POINT('',(4.607231646991,5.403217137427,0.));
#5023 = CARTESIAN_POINT('',(4.692257437345,5.521883986536,0.));
#5024 = VECTOR('',#5025,1.);
#5025 = DIRECTION('',(-0.,-0.,-1.));
#5026 = ADVANCED_FACE('',(#5027),#5045,.F.);
#5027 = FACE_BOUND('',#5028,.F.);
#5028 = EDGE_LOOP('',(#5029,#5030,#5038,#5044));
#5029 = ORIENTED_EDGE('',*,*,#5013,.T.);
#5030 = ORIENTED_EDGE('',*,*,#5031,.T.);
#5031 = EDGE_CURVE('',#5006,#5032,#5034,.T.);
#5032 = VERTEX_POINT('',#5033);
#5033 = CARTESIAN_POINT('',(4.665074510663,5.72553608456,7.));
#5034 = ( BOUNDED_CURVE() B_SPLINE_CURVE(2,(#5035,#5036,#5037),
.UNSPECIFIED.,.F.,.F.) B_SPLINE_CURVE_WITH_KNOTS((3,3),(0.,
1.508825302794),.PIECEWISE_BEZIER_KNOTS.) CURVE() 
GEOMETRIC_REPRESENTATION_ITEM() RATIONAL_B_SPLINE_CURVE((1.,
0.728673920883,1.)) REPRESENTATION_ITEM('') );
#5035 = CARTESIAN_POINT('',(4.692257437345,5.521883986536,7.));
#5036 = CARTESIAN_POINT('',(4.774369508207,5.636484282309,7.));
#5037 = CARTESIAN_POINT('',(4.665074510663,5.72553608456,7.));
#5038 = ORIENTED_EDGE('',*,*,#5039,.F.);
#5039 = EDGE_CURVE('',#140,#5032,#5040,.T.);
#5040 = LINE('',#5041,#5042);
#5041 = CARTESIAN_POINT('',(4.665074510663,5.72553608456,0.));
#5042 = VECTOR('',#5043,1.);
#5043 = DIRECTION('',(0.,0.,1.));
#5044 = ORIENTED_EDGE('',*,*,#147,.F.);
#5045 = SURFACE_OF_LINEAR_EXTRUSION('',#5046,#5050);
#5046 = ( BOUNDED_CURVE() B_SPLINE_CURVE(2,(#5047,#5048,#5049),
.UNSPECIFIED.,.F.,.F.) B_SPLINE_CURVE_WITH_KNOTS((3,3),(0.,
1.508825302794),.PIECEWISE_BEZIER_KNOTS.) CURVE() 
GEOMETRIC_REPRESENTATION_ITEM() RATIONAL_B_SPLINE_CURVE((1.,
0.728673920883,1.)) REPRESENTATION_ITEM('') );
#5047 = CARTESIAN_POINT('',(4.692257437345,5.521883986536,0.));
#5048 = CARTESIAN_POINT('',(4.774369508207,5.636484282309,0.));
#5049 = CARTESIAN_POINT('',(4.665074510663,5.72553608456,0.));
#5050 = VECTOR('',#5051,1.);
#5051 = DIRECTION('',(-0.,-0.,-1.));
#5052 = ADVANCED_FACE('',(#5053),#5071,.F.);
#5053 = FACE_BOUND('',#5054,.F.);
#5054 = EDGE_LOOP('',(#5055,#5056,#5064,#5070));
#5055 = ORIENTED_EDGE('',*,*,#5039,.T.);
#5056 = ORIENTED_EDGE('',*,*,#5057,.T.);
#5057 = EDGE_CURVE('',#5032,#5058,#5060,.T.);
#5058 = VERTEX_POINT('',#5059);
#5059 = CARTESIAN_POINT('',(4.323033043244,5.987993733518,7.));
#5060 = ( BOUNDED_CURVE() B_SPLINE_CURVE(2,(#5061,#5062,#5063),
.UNSPECIFIED.,.F.,.F.) B_SPLINE_CURVE_WITH_KNOTS((3,3),(0.,
5.838450169226E-02),.PIECEWISE_BEZIER_KNOTS.) CURVE() 
GEOMETRIC_REPRESENTATION_ITEM() RATIONAL_B_SPLINE_CURVE((1.,
0.999573936504,1.)) REPRESENTATION_ITEM('') );
#5061 = CARTESIAN_POINT('',(4.665074510663,5.72553608456,7.));
#5062 = CARTESIAN_POINT('',(4.497885730292,5.861758807857,7.));
#5063 = CARTESIAN_POINT('',(4.323033043244,5.987993733518,7.));
#5064 = ORIENTED_EDGE('',*,*,#5065,.F.);
#5065 = EDGE_CURVE('',#132,#5058,#5066,.T.);
#5066 = LINE('',#5067,#5068);
#5067 = CARTESIAN_POINT('',(4.323033043244,5.987993733518,0.));
#5068 = VECTOR('',#5069,1.);
#5069 = DIRECTION('',(0.,0.,1.));
#5070 = ORIENTED_EDGE('',*,*,#139,.F.);
#5071 = SURFACE_OF_LINEAR_EXTRUSION('',#5072,#5076);
#5072 = ( BOUNDED_CURVE() B_SPLINE_CURVE(2,(#5073,#5074,#5075),
.UNSPECIFIED.,.F.,.F.) B_SPLINE_CURVE_WITH_KNOTS((3,3),(0.,
5.838450169226E-02),.PIECEWISE_BEZIER_KNOTS.) CURVE() 
GEOMETRIC_REPRESENTATION_ITEM() RATIONAL_B_SPLINE_CURVE((1.,
0.999573936504,1.)) REPRESENTATION_ITEM('') );
#5073 = CARTESIAN_POINT('',(4.665074510663,5.72553608456,0.));
#5074 = CARTESIAN_POINT('',(4.497885730292,5.861758807857,0.));
#5075 = CARTESIAN_POINT('',(4.323033043244,5.987993733518,0.));
#5076 = VECTOR('',#5077,1.);
#5077 = DIRECTION('',(-0.,-0.,-1.));
#5078 = ADVANCED_FACE('',(#5079),#5097,.F.);
#5079 = FACE_BOUND('',#5080,.F.);
#5080 = EDGE_LOOP('',(#5081,#5082,#5090,#5096));
#5081 = ORIENTED_EDGE('',*,*,#5065,.T.);
#5082 = ORIENTED_EDGE('',*,*,#5083,.T.);
#5083 = EDGE_CURVE('',#5058,#5084,#5086,.T.);
#5084 = VERTEX_POINT('',#5085);
#5085 = CARTESIAN_POINT('',(4.119284763059,5.961541382891,7.));
#5086 = ( BOUNDED_CURVE() B_SPLINE_CURVE(2,(#5087,#5088,#5089),
.UNSPECIFIED.,.F.,.F.) B_SPLINE_CURVE_WITH_KNOTS((3,3),(0.,
1.508825302794),.PIECEWISE_BEZIER_KNOTS.) CURVE() 
GEOMETRIC_REPRESENTATION_ITEM() RATIONAL_B_SPLINE_CURVE((1.,
0.728673920883,1.)) REPRESENTATION_ITEM('') );
#5087 = CARTESIAN_POINT('',(4.323033043244,5.987993733518,7.));
#5088 = CARTESIAN_POINT('',(4.208727980674,6.070516291906,7.));
#5089 = CARTESIAN_POINT('',(4.119284763059,5.961541382891,7.));
#5090 = ORIENTED_EDGE('',*,*,#5091,.F.);
#5091 = EDGE_CURVE('',#124,#5084,#5092,.T.);
#5092 = LINE('',#5093,#5094);
#5093 = CARTESIAN_POINT('',(4.119284763059,5.961541382891,0.));
#5094 = VECTOR('',#5095,1.);
#5095 = DIRECTION('',(0.,0.,1.));
#5096 = ORIENTED_EDGE('',*,*,#131,.F.);
#5097 = SURFACE_OF_LINEAR_EXTRUSION('',#5098,#5102);
#5098 = ( BOUNDED_CURVE() B_SPLINE_CURVE(2,(#5099,#5100,#5101),
.UNSPECIFIED.,.F.,.F.) B_SPLINE_CURVE_WITH_KNOTS((3,3),(0.,
1.508825302794),.PIECEWISE_BEZIER_KNOTS.) CURVE() 
GEOMETRIC_REPRESENTATION_ITEM() RATIONAL_B_SPLINE_CURVE((1.,
0.728673920883,1.)) REPRESENTATION_ITEM('') );
#5099 = CARTESIAN_POINT('',(4.323033043244,5.987993733518,0.));
#5100 = CARTESIAN_POINT('',(4.208727980674,6.070516291906,0.));
#5101 = CARTESIAN_POINT('',(4.119284763059,5.961541382891,0.));
#5102 = VECTOR('',#5103,1.);
#5103 = DIRECTION('',(-0.,-0.,-1.));
#5104 = ADVANCED_FACE('',(#5105),#5123,.F.);
#5105 = FACE_BOUND('',#5106,.F.);
#5106 = EDGE_LOOP('',(#5107,#5108,#5116,#5122));
#5107 = ORIENTED_EDGE('',*,*,#5091,.T.);
#5108 = ORIENTED_EDGE('',*,*,#5109,.T.);
#5109 = EDGE_CURVE('',#5084,#5110,#5112,.T.);
#5110 = VERTEX_POINT('',#5111);
#5111 = CARTESIAN_POINT('',(3.905657150251,5.76704381219,7.));
#5112 = ( BOUNDED_CURVE() B_SPLINE_CURVE(2,(#5113,#5114,#5115),
.UNSPECIFIED.,.F.,.F.) B_SPLINE_CURVE_WITH_KNOTS((3,3),(0.,
0.289919229054),.PIECEWISE_BEZIER_KNOTS.) CURVE() 
GEOMETRIC_REPRESENTATION_ITEM() RATIONAL_B_SPLINE_CURVE((1.,
0.989511740461,1.)) REPRESENTATION_ITEM('') );
#5113 = CARTESIAN_POINT('',(4.119284763059,5.961541382891,7.));
#5114 = CARTESIAN_POINT('',(4.026667682648,5.848699535515,7.));
#5115 = CARTESIAN_POINT('',(3.905657150251,5.76704381219,7.));
#5116 = ORIENTED_EDGE('',*,*,#5117,.F.);
#5117 = EDGE_CURVE('',#116,#5110,#5118,.T.);
#5118 = LINE('',#5119,#5120);
#5119 = CARTESIAN_POINT('',(3.905657150251,5.76704381219,0.));
#5120 = VECTOR('',#5121,1.);
#5121 = DIRECTION('',(0.,0.,1.));
#5122 = ORIENTED_EDGE('',*,*,#123,.F.);
#5123 = SURFACE_OF_LINEAR_EXTRUSION('',#5124,#5128);
#5124 = ( BOUNDED_CURVE() B_SPLINE_CURVE(2,(#5125,#5126,#5127),
.UNSPECIFIED.,.F.,.F.) B_SPLINE_CURVE_WITH_KNOTS((3,3),(0.,
0.289919229054),.PIECEWISE_BEZIER_KNOTS.) CURVE() 
GEOMETRIC_REPRESENTATION_ITEM() RATIONAL_B_SPLINE_CURVE((1.,
0.989511740461,1.)) REPRESENTATION_ITEM('') );
#5125 = CARTESIAN_POINT('',(4.119284763059,5.961541382891,0.));
#5126 = CARTESIAN_POINT('',(4.026667682648,5.848699535515,0.));
#5127 = CARTESIAN_POINT('',(3.905657150251,5.76704381219,0.));
#5128 = VECTOR('',#5129,1.);
#5129 = DIRECTION('',(-0.,-0.,-1.));
#5130 = ADVANCED_FACE('',(#5131),#5149,.F.);
#5131 = FACE_BOUND('',#5132,.F.);
#5132 = EDGE_LOOP('',(#5133,#5134,#5142,#5148));
#5133 = ORIENTED_EDGE('',*,*,#5117,.T.);
#5134 = ORIENTED_EDGE('',*,*,#5135,.T.);
#5135 = EDGE_CURVE('',#5110,#5136,#5138,.T.);
#5136 = VERTEX_POINT('',#5137);
#5137 = CARTESIAN_POINT('',(3.041577870969,6.265920216685,7.));
#5138 = ( BOUNDED_CURVE() B_SPLINE_CURVE(2,(#5139,#5140,#5141),
.UNSPECIFIED.,.F.,.F.) B_SPLINE_CURVE_WITH_KNOTS((3,3),(0.,
2.234397261374),.PIECEWISE_BEZIER_KNOTS.) CURVE() 
GEOMETRIC_REPRESENTATION_ITEM() RATIONAL_B_SPLINE_CURVE((1.,
0.438202247191,1.)) REPRESENTATION_ITEM('') );
#5139 = CARTESIAN_POINT('',(3.905657150251,5.76704381219,7.));
#5140 = CARTESIAN_POINT('',(2.961949403436,5.1302468562,7.));
#5141 = CARTESIAN_POINT('',(3.041577870969,6.265920216685,7.));
#5142 = ORIENTED_EDGE('',*,*,#5143,.F.);
#5143 = EDGE_CURVE('',#108,#5136,#5144,.T.);
#5144 = LINE('',#5145,#5146);
#5145 = CARTESIAN_POINT('',(3.041577870969,6.265920216685,0.));
#5146 = VECTOR('',#5147,1.);
#5147 = DIRECTION('',(0.,0.,1.));
#5148 = ORIENTED_EDGE('',*,*,#115,.F.);
#5149 = SURFACE_OF_LINEAR_EXTRUSION('',#5150,#5154);
#5150 = ( BOUNDED_CURVE() B_SPLINE_CURVE(2,(#5151,#5152,#5153),
.UNSPECIFIED.,.F.,.F.) B_SPLINE_CURVE_WITH_KNOTS((3,3),(0.,
2.234397261374),.PIECEWISE_BEZIER_KNOTS.) CURVE() 
GEOMETRIC_REPRESENTATION_ITEM() RATIONAL_B_SPLINE_CURVE((1.,
0.438202247191,1.)) REPRESENTATION_ITEM('') );
#5151 = CARTESIAN_POINT('',(3.905657150251,5.76704381219,0.));
#5152 = CARTESIAN_POINT('',(2.961949403436,5.1302468562,0.));
#5153 = CARTESIAN_POINT('',(3.041577870969,6.265920216685,0.));
#5154 = VECTOR('',#5155,1.);
#5155 = DIRECTION('',(-0.,-0.,-1.));
#5156 = ADVANCED_FACE('',(#5157),#5175,.F.);
#5157 = FACE_BOUND('',#5158,.F.);
#5158 = EDGE_LOOP('',(#5159,#5160,#5168,#5174));
#5159 = ORIENTED_EDGE('',*,*,#5143,.T.);
#5160 = ORIENTED_EDGE('',*,*,#5161,.T.);
#5161 = EDGE_CURVE('',#5136,#5162,#5164,.T.);
#5162 = VERTEX_POINT('',#5163);
#5163 = CARTESIAN_POINT('',(3.103203901767,6.548175941677,7.));
#5164 = ( BOUNDED_CURVE() B_SPLINE_CURVE(2,(#5165,#5166,#5167),
.UNSPECIFIED.,.F.,.F.) B_SPLINE_CURVE_WITH_KNOTS((3,3),(0.,
0.289919229054),.PIECEWISE_BEZIER_KNOTS.) CURVE() 
GEOMETRIC_REPRESENTATION_ITEM() RATIONAL_B_SPLINE_CURVE((1.,
0.989511740461,1.)) REPRESENTATION_ITEM('') );
#5165 = CARTESIAN_POINT('',(3.041577870969,6.265920216685,7.));
#5166 = CARTESIAN_POINT('',(3.051788535534,6.411546273529,7.));
#5167 = CARTESIAN_POINT('',(3.103203901767,6.548175941677,7.));
#5168 = ORIENTED_EDGE('',*,*,#5169,.F.);
#5169 = EDGE_CURVE('',#100,#5162,#5170,.T.);
#5170 = LINE('',#5171,#5172);
#5171 = CARTESIAN_POINT('',(3.103203901767,6.548175941677,0.));
#5172 = VECTOR('',#5173,1.);
#5173 = DIRECTION('',(0.,0.,1.));
#5174 = ORIENTED_EDGE('',*,*,#107,.F.);
#5175 = SURFACE_OF_LINEAR_EXTRUSION('',#5176,#5180);
#5176 = ( BOUNDED_CURVE() B_SPLINE_CURVE(2,(#5177,#5178,#5179),
.UNSPECIFIED.,.F.,.F.) B_SPLINE_CURVE_WITH_KNOTS((3,3),(0.,
0.289919229054),.PIECEWISE_BEZIER_KNOTS.) CURVE() 
GEOMETRIC_REPRESENTATION_ITEM() RATIONAL_B_SPLINE_CURVE((1.,
0.989511740461,1.)) REPRESENTATION_ITEM('') );
#5177 = CARTESIAN_POINT('',(3.041577870969,6.265920216685,0.));
#5178 = CARTESIAN_POINT('',(3.051788535534,6.411546273529,0.));
#5179 = CARTESIAN_POINT('',(3.103203901767,6.548175941677,0.));
#5180 = VECTOR('',#5181,1.);
#5181 = DIRECTION('',(-0.,-0.,-1.));
#5182 = ADVANCED_FACE('',(#5183),#5201,.F.);
#5183 = FACE_BOUND('',#5184,.F.);
#5184 = EDGE_LOOP('',(#5185,#5186,#5194,#5200));
#5185 = ORIENTED_EDGE('',*,*,#5169,.T.);
#5186 = ORIENTED_EDGE('',*,*,#5187,.T.);
#5187 = EDGE_CURVE('',#5162,#5188,#5190,.T.);
#5188 = VERTEX_POINT('',#5189);
#5189 = CARTESIAN_POINT('',(3.024238169307,6.737853303608,7.));
#5190 = ( BOUNDED_CURVE() B_SPLINE_CURVE(2,(#5191,#5192,#5193),
.UNSPECIFIED.,.F.,.F.) B_SPLINE_CURVE_WITH_KNOTS((3,3),(0.,
1.508825302794),.PIECEWISE_BEZIER_KNOTS.) CURVE() 
GEOMETRIC_REPRESENTATION_ITEM() RATIONAL_B_SPLINE_CURVE((1.,
0.728673920883,1.)) REPRESENTATION_ITEM('') );
#5191 = CARTESIAN_POINT('',(3.103203901767,6.548175941677,7.));
#5192 = CARTESIAN_POINT('',(3.152857332541,6.680123494835,7.));
#5193 = CARTESIAN_POINT('',(3.024238169307,6.737853303608,7.));
#5194 = ORIENTED_EDGE('',*,*,#5195,.F.);
#5195 = EDGE_CURVE('',#92,#5188,#5196,.T.);
#5196 = LINE('',#5197,#5198);
#5197 = CARTESIAN_POINT('',(3.024238169307,6.737853303608,0.));
#5198 = VECTOR('',#5199,1.);
#5199 = DIRECTION('',(0.,0.,1.));
#5200 = ORIENTED_EDGE('',*,*,#99,.F.);
#5201 = SURFACE_OF_LINEAR_EXTRUSION('',#5202,#5206);
#5202 = ( BOUNDED_CURVE() B_SPLINE_CURVE(2,(#5203,#5204,#5205),
.UNSPECIFIED.,.F.,.F.) B_SPLINE_CURVE_WITH_KNOTS((3,3),(0.,
1.508825302794),.PIECEWISE_BEZIER_KNOTS.) CURVE() 
GEOMETRIC_REPRESENTATION_ITEM() RATIONAL_B_SPLINE_CURVE((1.,
0.728673920883,1.)) REPRESENTATION_ITEM('') );
#5203 = CARTESIAN_POINT('',(3.103203901767,6.548175941677,0.));
#5204 = CARTESIAN_POINT('',(3.152857332541,6.680123494835,0.));
#5205 = CARTESIAN_POINT('',(3.024238169307,6.737853303608,0.));
#5206 = VECTOR('',#5207,1.);
#5207 = DIRECTION('',(-0.,-0.,-1.));
#5208 = ADVANCED_FACE('',(#5209),#5227,.F.);
#5209 = FACE_BOUND('',#5210,.F.);
#5210 = EDGE_LOOP('',(#5211,#5212,#5220,#5226));
#5211 = ORIENTED_EDGE('',*,*,#5195,.T.);
#5212 = ORIENTED_EDGE('',*,*,#5213,.T.);
#5213 = EDGE_CURVE('',#5188,#5214,#5216,.T.);
#5214 = VERTEX_POINT('',#5215);
#5215 = CARTESIAN_POINT('',(2.625922444182,6.902841079061,7.));
#5216 = ( BOUNDED_CURVE() B_SPLINE_CURVE(2,(#5217,#5218,#5219),
.UNSPECIFIED.,.F.,.F.) B_SPLINE_CURVE_WITH_KNOTS((3,3),(0.,
5.838450169226E-02),.PIECEWISE_BEZIER_KNOTS.) CURVE() 
GEOMETRIC_REPRESENTATION_ITEM() RATIONAL_B_SPLINE_CURVE((1.,
0.999573936504,1.)) REPRESENTATION_ITEM('') );
#5217 = CARTESIAN_POINT('',(3.024238169307,6.737853303608,7.));
#5218 = CARTESIAN_POINT('',(2.827489173315,6.826162709681,7.));
#5219 = CARTESIAN_POINT('',(2.625922444182,6.902841079061,7.));
#5220 = ORIENTED_EDGE('',*,*,#5221,.F.);
#5221 = EDGE_CURVE('',#84,#5214,#5222,.T.);
#5222 = LINE('',#5223,#5224);
#5223 = CARTESIAN_POINT('',(2.625922444182,6.902841079061,0.));
#5224 = VECTOR('',#5225,1.);
#5225 = DIRECTION('',(0.,0.,1.));
#5226 = ORIENTED_EDGE('',*,*,#91,.F.);
#5227 = SURFACE_OF_LINEAR_EXTRUSION('',#5228,#5232);
#5228 = ( BOUNDED_CURVE() B_SPLINE_CURVE(2,(#5229,#5230,#5231),
.UNSPECIFIED.,.F.,.F.) B_SPLINE_CURVE_WITH_KNOTS((3,3),(0.,
5.838450169226E-02),.PIECEWISE_BEZIER_KNOTS.) CURVE() 
GEOMETRIC_REPRESENTATION_ITEM() RATIONAL_B_SPLINE_CURVE((1.,
0.999573936504,1.)) REPRESENTATION_ITEM('') );
#5229 = CARTESIAN_POINT('',(3.024238169307,6.737853303608,0.));
#5230 = CARTESIAN_POINT('',(2.827489173315,6.826162709681,0.));
#5231 = CARTESIAN_POINT('',(2.625922444182,6.902841079061,0.));
#5232 = VECTOR('',#5233,1.);
#5233 = DIRECTION('',(-0.,-0.,-1.));
#5234 = ADVANCED_FACE('',(#5235),#5253,.F.);
#5235 = FACE_BOUND('',#5236,.F.);
#5236 = EDGE_LOOP('',(#5237,#5238,#5246,#5252));
#5237 = ORIENTED_EDGE('',*,*,#5221,.T.);
#5238 = ORIENTED_EDGE('',*,*,#5239,.T.);
#5239 = EDGE_CURVE('',#5214,#5240,#5242,.T.);
#5240 = VERTEX_POINT('',#5241);
#5241 = CARTESIAN_POINT('',(2.435963090418,6.824556135106,7.));
#5242 = ( BOUNDED_CURVE() B_SPLINE_CURVE(2,(#5243,#5244,#5245),
.UNSPECIFIED.,.F.,.F.) B_SPLINE_CURVE_WITH_KNOTS((3,3),(0.,
1.508825302794),.PIECEWISE_BEZIER_KNOTS.) CURVE() 
GEOMETRIC_REPRESENTATION_ITEM() RATIONAL_B_SPLINE_CURVE((1.,
0.728673920883,1.)) REPRESENTATION_ITEM('') );
#5243 = CARTESIAN_POINT('',(2.625922444182,6.902841079061,7.));
#5244 = CARTESIAN_POINT('',(2.494153822408,6.952967422315,7.));
#5245 = CARTESIAN_POINT('',(2.435963090418,6.824556135106,7.));
#5246 = ORIENTED_EDGE('',*,*,#5247,.F.);
#5247 = EDGE_CURVE('',#76,#5240,#5248,.T.);
#5248 = LINE('',#5249,#5250);
#5249 = CARTESIAN_POINT('',(2.435963090418,6.824556135106,0.));
#5250 = VECTOR('',#5251,1.);
#5251 = DIRECTION('',(0.,0.,1.));
#5252 = ORIENTED_EDGE('',*,*,#83,.F.);
#5253 = SURFACE_OF_LINEAR_EXTRUSION('',#5254,#5258);
#5254 = ( BOUNDED_CURVE() B_SPLINE_CURVE(2,(#5255,#5256,#5257),
.UNSPECIFIED.,.F.,.F.) B_SPLINE_CURVE_WITH_KNOTS((3,3),(0.,
1.508825302794),.PIECEWISE_BEZIER_KNOTS.) CURVE() 
GEOMETRIC_REPRESENTATION_ITEM() RATIONAL_B_SPLINE_CURVE((1.,
0.728673920883,1.)) REPRESENTATION_ITEM('') );
#5255 = CARTESIAN_POINT('',(2.625922444182,6.902841079061,0.));
#5256 = CARTESIAN_POINT('',(2.494153822408,6.952967422315,0.));
#5257 = CARTESIAN_POINT('',(2.435963090418,6.824556135106,0.));
#5258 = VECTOR('',#5259,1.);
#5259 = DIRECTION('',(-0.,-0.,-1.));
#5260 = ADVANCED_FACE('',(#5261),#5279,.F.);
#5261 = FACE_BOUND('',#5262,.F.);
#5262 = EDGE_LOOP('',(#5263,#5264,#5272,#5278));
#5263 = ORIENTED_EDGE('',*,*,#5247,.T.);
#5264 = ORIENTED_EDGE('',*,*,#5265,.T.);
#5265 = EDGE_CURVE('',#5240,#5266,#5268,.T.);
#5266 = VERTEX_POINT('',#5267);
#5267 = CARTESIAN_POINT('',(2.279954337522,6.581395013661,7.));
#5268 = ( BOUNDED_CURVE() B_SPLINE_CURVE(2,(#5269,#5270,#5271),
.UNSPECIFIED.,.F.,.F.) B_SPLINE_CURVE_WITH_KNOTS((3,3),(0.,
0.289919229054),.PIECEWISE_BEZIER_KNOTS.) CURVE() 
GEOMETRIC_REPRESENTATION_ITEM() RATIONAL_B_SPLINE_CURVE((1.,
0.989511740461,1.)) REPRESENTATION_ITEM('') );
#5269 = CARTESIAN_POINT('',(2.435963090418,6.824556135106,7.));
#5270 = CARTESIAN_POINT('',(2.37570747968,6.691588216127,7.));
#5271 = CARTESIAN_POINT('',(2.279954337522,6.581395013661,7.));
#5272 = ORIENTED_EDGE('',*,*,#5273,.F.);
#5273 = EDGE_CURVE('',#68,#5266,#5274,.T.);
#5274 = LINE('',#5275,#5276);
#5275 = CARTESIAN_POINT('',(2.279954337522,6.581395013661,0.));
#5276 = VECTOR('',#5277,1.);
#5277 = DIRECTION('',(0.,0.,1.));
#5278 = ORIENTED_EDGE('',*,*,#75,.F.);
#5279 = SURFACE_OF_LINEAR_EXTRUSION('',#5280,#5284);
#5280 = ( BOUNDED_CURVE() B_SPLINE_CURVE(2,(#5281,#5282,#5283),
.UNSPECIFIED.,.F.,.F.) B_SPLINE_CURVE_WITH_KNOTS((3,3),(0.,
0.289919229054),.PIECEWISE_BEZIER_KNOTS.) CURVE() 
GEOMETRIC_REPRESENTATION_ITEM() RATIONAL_B_SPLINE_CURVE((1.,
0.989511740461,1.)) REPRESENTATION_ITEM('') );
#5281 = CARTESIAN_POINT('',(2.435963090418,6.824556135106,0.));
#5282 = CARTESIAN_POINT('',(2.37570747968,6.691588216127,0.));
#5283 = CARTESIAN_POINT('',(2.279954337522,6.581395013661,0.));
#5284 = VECTOR('',#5285,1.);
#5285 = DIRECTION('',(-0.,-0.,-1.));
#5286 = ADVANCED_FACE('',(#5287),#5305,.F.);
#5287 = FACE_BOUND('',#5288,.F.);
#5288 = EDGE_LOOP('',(#5289,#5290,#5298,#5304));
#5289 = ORIENTED_EDGE('',*,*,#5273,.T.);
#5290 = ORIENTED_EDGE('',*,*,#5291,.T.);
#5291 = EDGE_CURVE('',#5266,#5292,#5294,.T.);
#5292 = VERTEX_POINT('',#5293);
#5293 = CARTESIAN_POINT('',(1.316199131068,6.839632442932,7.));
#5294 = ( BOUNDED_CURVE() B_SPLINE_CURVE(2,(#5295,#5296,#5297),
.UNSPECIFIED.,.F.,.F.) B_SPLINE_CURVE_WITH_KNOTS((3,3),(0.,
2.234397261374),.PIECEWISE_BEZIER_KNOTS.) CURVE() 
GEOMETRIC_REPRESENTATION_ITEM() RATIONAL_B_SPLINE_CURVE((1.,
0.438202247191,1.)) REPRESENTATION_ITEM('') );
#5295 = CARTESIAN_POINT('',(2.279954337522,6.581395013661,7.));
#5296 = CARTESIAN_POINT('',(1.533217832479,5.722046849881,7.));
#5297 = CARTESIAN_POINT('',(1.316199131068,6.839632442932,7.));
#5298 = ORIENTED_EDGE('',*,*,#5299,.F.);
#5299 = EDGE_CURVE('',#60,#5292,#5300,.T.);
#5300 = LINE('',#5301,#5302);
#5301 = CARTESIAN_POINT('',(1.316199131068,6.839632442932,0.));
#5302 = VECTOR('',#5303,1.);
#5303 = DIRECTION('',(0.,0.,1.));
#5304 = ORIENTED_EDGE('',*,*,#67,.F.);
#5305 = SURFACE_OF_LINEAR_EXTRUSION('',#5306,#5310);
#5306 = ( BOUNDED_CURVE() B_SPLINE_CURVE(2,(#5307,#5308,#5309),
.UNSPECIFIED.,.F.,.F.) B_SPLINE_CURVE_WITH_KNOTS((3,3),(0.,
2.234397261374),.PIECEWISE_BEZIER_KNOTS.) CURVE() 
GEOMETRIC_REPRESENTATION_ITEM() RATIONAL_B_SPLINE_CURVE((1.,
0.438202247191,1.)) REPRESENTATION_ITEM('') );
#5307 = CARTESIAN_POINT('',(2.279954337522,6.581395013661,0.));
#5308 = CARTESIAN_POINT('',(1.533217832479,5.722046849881,0.));
#5309 = CARTESIAN_POINT('',(1.316199131068,6.839632442932,0.));
#5310 = VECTOR('',#5311,1.);
#5311 = DIRECTION('',(-0.,-0.,-1.));
#5312 = ADVANCED_FACE('',(#5313),#5331,.F.);
#5313 = FACE_BOUND('',#5314,.F.);
#5314 = EDGE_LOOP('',(#5315,#5316,#5324,#5330));
#5315 = ORIENTED_EDGE('',*,*,#5299,.T.);
#5316 = ORIENTED_EDGE('',*,*,#5317,.T.);
#5317 = EDGE_CURVE('',#5292,#5318,#5320,.T.);
#5318 = VERTEX_POINT('',#5319);
#5319 = CARTESIAN_POINT('',(1.302672148569,7.128220527764,7.));
#5320 = ( BOUNDED_CURVE() B_SPLINE_CURVE(2,(#5321,#5322,#5323),
.UNSPECIFIED.,.F.,.F.) B_SPLINE_CURVE_WITH_KNOTS((3,3),(0.,
0.289919229054),.PIECEWISE_BEZIER_KNOTS.) CURVE() 
GEOMETRIC_REPRESENTATION_ITEM() RATIONAL_B_SPLINE_CURVE((1.,
0.989511740461,1.)) REPRESENTATION_ITEM('') );
#5321 = CARTESIAN_POINT('',(1.316199131068,6.839632442932,7.));
#5322 = CARTESIAN_POINT('',(1.2883710787,6.982939126671,7.));
#5323 = CARTESIAN_POINT('',(1.302672148569,7.128220527764,7.));
#5324 = ORIENTED_EDGE('',*,*,#5325,.F.);
#5325 = EDGE_CURVE('',#52,#5318,#5326,.T.);
#5326 = LINE('',#5327,#5328);
#5327 = CARTESIAN_POINT('',(1.302672148569,7.128220527764,0.));
#5328 = VECTOR('',#5329,1.);
#5329 = DIRECTION('',(0.,0.,1.));
#5330 = ORIENTED_EDGE('',*,*,#59,.F.);
#5331 = SURFACE_OF_LINEAR_EXTRUSION('',#5332,#5336);
#5332 = ( BOUNDED_CURVE() B_SPLINE_CURVE(2,(#5333,#5334,#5335),
.UNSPECIFIED.,.F.,.F.) B_SPLINE_CURVE_WITH_KNOTS((3,3),(0.,
0.289919229054),.PIECEWISE_BEZIER_KNOTS.) CURVE() 
GEOMETRIC_REPRESENTATION_ITEM() RATIONAL_B_SPLINE_CURVE((1.,
0.989511740461,1.)) REPRESENTATION_ITEM('') );
#5333 = CARTESIAN_POINT('',(1.316199131068,6.839632442932,0.));
#5334 = CARTESIAN_POINT('',(1.2883710787,6.982939126671,0.));
#5335 = CARTESIAN_POINT('',(1.302672148569,7.128220527764,0.));
#5336 = VECTOR('',#5337,1.);
#5337 = DIRECTION('',(-0.,-0.,-1.));
#5338 = ADVANCED_FACE('',(#5339),#5357,.F.);
#5339 = FACE_BOUND('',#5340,.F.);
#5340 = EDGE_LOOP('',(#5341,#5342,#5350,#5356));
#5341 = ORIENTED_EDGE('',*,*,#5325,.T.);
#5342 = ORIENTED_EDGE('',*,*,#5343,.T.);
#5343 = EDGE_CURVE('',#5318,#5344,#5346,.T.);
#5344 = VERTEX_POINT('',#5345);
#5345 = CARTESIAN_POINT('',(1.177304994502,7.290996954845,7.));
#5346 = ( BOUNDED_CURVE() B_SPLINE_CURVE(2,(#5347,#5348,#5349),
.UNSPECIFIED.,.F.,.F.) B_SPLINE_CURVE_WITH_KNOTS((3,3),(0.,
1.508825302794),.PIECEWISE_BEZIER_KNOTS.) CURVE() 
GEOMETRIC_REPRESENTATION_ITEM() RATIONAL_B_SPLINE_CURVE((1.,
0.728673920883,1.)) REPRESENTATION_ITEM('') );
#5347 = CARTESIAN_POINT('',(1.302672148569,7.128220527764,7.));
#5348 = CARTESIAN_POINT('',(1.316483140006,7.268523330614,7.));
#5349 = CARTESIAN_POINT('',(1.177304994502,7.290996954845,7.));
#5350 = ORIENTED_EDGE('',*,*,#5351,.F.);
#5351 = EDGE_CURVE('',#44,#5344,#5352,.T.);
#5352 = LINE('',#5353,#5354);
#5353 = CARTESIAN_POINT('',(1.177304994502,7.290996954845,0.));
#5354 = VECTOR('',#5355,1.);
#5355 = DIRECTION('',(0.,0.,1.));
#5356 = ORIENTED_EDGE('',*,*,#51,.F.);
#5357 = SURFACE_OF_LINEAR_EXTRUSION('',#5358,#5362);
#5358 = ( BOUNDED_CURVE() B_SPLINE_CURVE(2,(#5359,#5360,#5361),
.UNSPECIFIED.,.F.,.F.) B_SPLINE_CURVE_WITH_KNOTS((3,3),(0.,
1.508825302794),.PIECEWISE_BEZIER_KNOTS.) CURVE() 
GEOMETRIC_REPRESENTATION_ITEM() RATIONAL_B_SPLINE_CURVE((1.,
0.728673920883,1.)) REPRESENTATION_ITEM('') );
#5359 = CARTESIAN_POINT('',(1.302672148569,7.128220527764,0.));
#5360 = CARTESIAN_POINT('',(1.316483140006,7.268523330614,0.));
#5361 = CARTESIAN_POINT('',(1.177304994502,7.290996954845,0.));
#5362 = VECTOR('',#5363,1.);
#5363 = DIRECTION('',(-0.,-0.,-1.));
#5364 = ADVANCED_FACE('',(#5365),#5376,.F.);
#5365 = FACE_BOUND('',#5366,.F.);
#5366 = EDGE_LOOP('',(#5367,#5368,#5374,#5375));
#5367 = ORIENTED_EDGE('',*,*,#5351,.T.);
#5368 = ORIENTED_EDGE('',*,*,#5369,.T.);
#5369 = EDGE_CURVE('',#5344,#1224,#5370,.T.);
#5370 = ( BOUNDED_CURVE() B_SPLINE_CURVE(2,(#5371,#5372,#5373),
.UNSPECIFIED.,.F.,.F.) B_SPLINE_CURVE_WITH_KNOTS((3,3),(0.,
5.838450169226E-02),.PIECEWISE_BEZIER_KNOTS.) CURVE() 
GEOMETRIC_REPRESENTATION_ITEM() RATIONAL_B_SPLINE_CURVE((1.,
0.999573936504,1.)) REPRESENTATION_ITEM('') );
#5371 = CARTESIAN_POINT('',(1.177304994502,7.290996954845,7.));
#5372 = CARTESIAN_POINT('',(0.964403901824,7.325374903608,7.));
#5373 = CARTESIAN_POINT('',(0.74985957009,7.347271212551,7.));
#5374 = ORIENTED_EDGE('',*,*,#1223,.F.);
#5375 = ORIENTED_EDGE('',*,*,#43,.F.);
#5376 = SURFACE_OF_LINEAR_EXTRUSION('',#5377,#5381);
#5377 = ( BOUNDED_CURVE() B_SPLINE_CURVE(2,(#5378,#5379,#5380),
.UNSPECIFIED.,.F.,.F.) B_SPLINE_CURVE_WITH_KNOTS((3,3),(0.,
5.838450169226E-02),.PIECEWISE_BEZIER_KNOTS.) CURVE() 
GEOMETRIC_REPRESENTATION_ITEM() RATIONAL_B_SPLINE_CURVE((1.,
0.999573936504,1.)) REPRESENTATION_ITEM('') );
#5378 = CARTESIAN_POINT('',(1.177304994502,7.290996954845,0.));
#5379 = CARTESIAN_POINT('',(0.964403901824,7.325374903608,0.));
#5380 = CARTESIAN_POINT('',(0.74985957009,7.347271212551,0.));
#5381 = VECTOR('',#5382,1.);
#5382 = DIRECTION('',(-0.,-0.,-1.));
#5383 = ADVANCED_FACE('',(#5384),#5403,.T.);
#5384 = FACE_BOUND('',#5385,.F.);
#5385 = EDGE_LOOP('',(#5386,#5394,#5401,#5402));
#5386 = ORIENTED_EDGE('',*,*,#5387,.T.);
#5387 = EDGE_CURVE('',#1199,#5388,#5390,.T.);
#5388 = VERTEX_POINT('',#5389);
#5389 = CARTESIAN_POINT('',(8.,0.,-1.));
#5390 = LINE('',#5391,#5392);
#5391 = CARTESIAN_POINT('',(8.,0.,0.));
#5392 = VECTOR('',#5393,1.);
#5393 = DIRECTION('',(0.,0.,-1.));
#5394 = ORIENTED_EDGE('',*,*,#5395,.T.);
#5395 = EDGE_CURVE('',#5388,#5388,#5396,.T.);
#5396 = CIRCLE('',#5397,8.);
#5397 = AXIS2_PLACEMENT_3D('',#5398,#5399,#5400);
#5398 = CARTESIAN_POINT('',(0.,0.,-1.));
#5399 = DIRECTION('',(0.,0.,-1.));
#5400 = DIRECTION('',(1.,0.,0.));
#5401 = ORIENTED_EDGE('',*,*,#5387,.F.);
#5402 = ORIENTED_EDGE('',*,*,#1208,.F.);
#5403 = CYLINDRICAL_SURFACE('',#5404,8.);
#5404 = AXIS2_PLACEMENT_3D('',#5405,#5406,#5407);
#5405 = CARTESIAN_POINT('',(0.,0.,0.));
#5406 = DIRECTION('',(0.,0.,1.));
#5407 = DIRECTION('',(1.,0.,0.));
#5408 = ADVANCED_FACE('',(#5409,#5420),#5623,.F.);
#5409 = FACE_BOUND('',#5410,.F.);
#5410 = EDGE_LOOP('',(#5411));
#5411 = ORIENTED_EDGE('',*,*,#5412,.T.);
#5412 = EDGE_CURVE('',#5413,#5413,#5415,.T.);
#5413 = VERTEX_POINT('',#5414);
#5414 = CARTESIAN_POINT('',(7.5,0.,7.));
#5415 = CIRCLE('',#5416,7.5);
#5416 = AXIS2_PLACEMENT_3D('',#5417,#5418,#5419);
#5417 = CARTESIAN_POINT('',(0.,0.,7.));
#5418 = DIRECTION('',(0.,0.,1.));
#5419 = DIRECTION('',(1.,0.,-0.));
#5420 = FACE_BOUND('',#5421,.F.);
#5421 = EDGE_LOOP('',(#5422,#5423,#5424,#5425,#5426,#5427,#5428,#5429,
    #5430,#5431,#5432,#5433,#5434,#5435,#5436,#5437,#5438,#5439,#5440,
    #5441,#5442,#5443,#5444,#5445,#5446,#5447,#5448,#5449,#5450,#5451,
    #5459,#5467,#5473,#5474,#5482,#5490,#5496,#5497,#5505,#5513,#5519,
    #5520,#5521,#5522,#5523,#5524,#5525,#5526,#5527,#5528,#5529,#5530,
    #5531,#5532,#5533,#5534,#5535,#5536,#5537,#5538,#5539,#5540,#5541,
    #5542,#5543,#5544,#5545,#5546,#5547,#5548,#5549,#5550,#5551,#5552,
    #5553,#5554,#5555,#5556,#5557,#5558,#5559,#5560,#5561,#5562,#5563,
    #5564,#5565,#5566,#5567,#5568,#5569,#5570,#5571,#5572,#5573,#5574,
    #5575,#5576,#5577,#5578,#5579,#5580,#5581,#5582,#5583,#5584,#5585,
    #5586,#5587,#5588,#5589,#5590,#5591,#5592,#5593,#5594,#5595,#5596,
    #5597,#5598,#5599,#5600,#5601,#5602,#5603,#5604,#5605,#5606,#5607,
    #5608,#5609,#5610,#5611,#5612,#5613,#5614,#5615,#5616,#5617,#5618,
    #5619,#5620,#5621,#5622));
#5422 = ORIENTED_EDGE('',*,*,#1231,.F.);
#5423 = ORIENTED_EDGE('',*,*,#5369,.F.);
#5424 = ORIENTED_EDGE('',*,*,#5343,.F.);
#5425 = ORIENTED_EDGE('',*,*,#5317,.F.);
#5426 = ORIENTED_EDGE('',*,*,#5291,.F.);
#5427 = ORIENTED_EDGE('',*,*,#5265,.F.);
#5428 = ORIENTED_EDGE('',*,*,#5239,.F.);
#5429 = ORIENTED_EDGE('',*,*,#5213,.F.);
#5430 = ORIENTED_EDGE('',*,*,#5187,.F.);
#5431 = ORIENTED_EDGE('',*,*,#5161,.F.);
#5432 = ORIENTED_EDGE('',*,*,#5135,.F.);
#5433 = ORIENTED_EDGE('',*,*,#5109,.F.);
#5434 = ORIENTED_EDGE('',*,*,#5083,.F.);
#5435 = ORIENTED_EDGE('',*,*,#5057,.F.);
#5436 = ORIENTED_EDGE('',*,*,#5031,.F.);
#5437 = ORIENTED_EDGE('',*,*,#5005,.F.);
#5438 = ORIENTED_EDGE('',*,*,#4979,.F.);
#5439 = ORIENTED_EDGE('',*,*,#4953,.F.);
#5440 = ORIENTED_EDGE('',*,*,#4927,.F.);
#5441 = ORIENTED_EDGE('',*,*,#4901,.F.);
#5442 = ORIENTED_EDGE('',*,*,#4875,.F.);
#5443 = ORIENTED_EDGE('',*,*,#4849,.F.);
#5444 = ORIENTED_EDGE('',*,*,#4823,.F.);
#5445 = ORIENTED_EDGE('',*,*,#4797,.F.);
#5446 = ORIENTED_EDGE('',*,*,#4771,.F.);
#5447 = ORIENTED_EDGE('',*,*,#4745,.F.);
#5448 = ORIENTED_EDGE('',*,*,#4719,.F.);
#5449 = ORIENTED_EDGE('',*,*,#4693,.F.);
#5450 = ORIENTED_EDGE('',*,*,#4668,.F.);
#5451 = ORIENTED_EDGE('',*,*,#5452,.F.);
#5452 = EDGE_CURVE('',#5453,#4661,#5455,.T.);
#5453 = VERTEX_POINT('',#5454);
#5454 = CARTESIAN_POINT('',(7.128220527764,1.302672148569,7.));
#5455 = ( BOUNDED_CURVE() B_SPLINE_CURVE(2,(#5456,#5457,#5458),
.UNSPECIFIED.,.F.,.F.) B_SPLINE_CURVE_WITH_KNOTS((3,3),(0.,
0.289919229054),.PIECEWISE_BEZIER_KNOTS.) CURVE() 
GEOMETRIC_REPRESENTATION_ITEM() RATIONAL_B_SPLINE_CURVE((1.,
0.989511740461,1.)) REPRESENTATION_ITEM('') );
#5456 = CARTESIAN_POINT('',(7.128220527764,1.302672148569,7.));
#5457 = CARTESIAN_POINT('',(6.982939126671,1.2883710787,7.));
#5458 = CARTESIAN_POINT('',(6.839632442932,1.316199131068,7.));
#5459 = ORIENTED_EDGE('',*,*,#5460,.F.);
#5460 = EDGE_CURVE('',#5461,#5453,#5463,.T.);
#5461 = VERTEX_POINT('',#5462);
#5462 = CARTESIAN_POINT('',(7.290996954845,1.177304994502,7.));
#5463 = ( BOUNDED_CURVE() B_SPLINE_CURVE(2,(#5464,#5465,#5466),
.UNSPECIFIED.,.F.,.F.) B_SPLINE_CURVE_WITH_KNOTS((3,3),(0.,
1.508825302794),.PIECEWISE_BEZIER_KNOTS.) CURVE() 
GEOMETRIC_REPRESENTATION_ITEM() RATIONAL_B_SPLINE_CURVE((1.,
0.728673920883,1.)) REPRESENTATION_ITEM('') );
#5464 = CARTESIAN_POINT('',(7.290996954845,1.177304994502,7.));
#5465 = CARTESIAN_POINT('',(7.268523330614,1.316483140006,7.));
#5466 = CARTESIAN_POINT('',(7.128220527764,1.302672148569,7.));
#5467 = ORIENTED_EDGE('',*,*,#5468,.F.);
#5468 = EDGE_CURVE('',#4423,#5461,#5469,.T.);
#5469 = ( BOUNDED_CURVE() B_SPLINE_CURVE(2,(#5470,#5471,#5472),
.UNSPECIFIED.,.F.,.F.) B_SPLINE_CURVE_WITH_KNOTS((3,3),(0.,
5.838450169226E-02),.PIECEWISE_BEZIER_KNOTS.) CURVE() 
GEOMETRIC_REPRESENTATION_ITEM() RATIONAL_B_SPLINE_CURVE((1.,
0.999573936504,1.)) REPRESENTATION_ITEM('') );
#5470 = CARTESIAN_POINT('',(7.347271212551,0.74985957009,7.));
#5471 = CARTESIAN_POINT('',(7.325374903608,0.964403901824,7.));
#5472 = CARTESIAN_POINT('',(7.290996954845,1.177304994502,7.));
#5473 = ORIENTED_EDGE('',*,*,#4422,.F.);
#5474 = ORIENTED_EDGE('',*,*,#5475,.F.);
#5475 = EDGE_CURVE('',#5476,#4415,#5478,.T.);
#5476 = VERTEX_POINT('',#5477);
#5477 = CARTESIAN_POINT('',(6.94723502122,0.498876404494,7.));
#5478 = ( BOUNDED_CURVE() B_SPLINE_CURVE(2,(#5479,#5480,#5481),
.UNSPECIFIED.,.F.,.F.) B_SPLINE_CURVE_WITH_KNOTS((3,3),(0.,
0.289919229054),.PIECEWISE_BEZIER_KNOTS.) CURVE() 
GEOMETRIC_REPRESENTATION_ITEM() RATIONAL_B_SPLINE_CURVE((1.,
0.989511740461,1.)) REPRESENTATION_ITEM('') );
#5479 = CARTESIAN_POINT('',(6.94723502122,0.498876404494,7.));
#5480 = CARTESIAN_POINT('',(7.078456218183,0.562846738014,7.));
#5481 = CARTESIAN_POINT('',(7.222488664825,0.586634558785,7.));
#5482 = ORIENTED_EDGE('',*,*,#5483,.F.);
#5483 = EDGE_CURVE('',#5484,#5476,#5486,.T.);
#5484 = VERTEX_POINT('',#5485);
#5485 = CARTESIAN_POINT('',(6.94723502122,-0.498876404494,7.));
#5486 = ( BOUNDED_CURVE() B_SPLINE_CURVE(2,(#5487,#5488,#5489),
.UNSPECIFIED.,.F.,.F.) B_SPLINE_CURVE_WITH_KNOTS((3,3),(0.,
2.234397261374),.PIECEWISE_BEZIER_KNOTS.) CURVE() 
GEOMETRIC_REPRESENTATION_ITEM() RATIONAL_B_SPLINE_CURVE((1.,
0.438202247191,1.)) REPRESENTATION_ITEM('') );
#5487 = CARTESIAN_POINT('',(6.94723502122,-0.498876404494,7.));
#5488 = CARTESIAN_POINT('',(5.923898806873,-2.E-15,7.));
#5489 = CARTESIAN_POINT('',(6.94723502122,0.498876404494,7.));
#5490 = ORIENTED_EDGE('',*,*,#5491,.F.);
#5491 = EDGE_CURVE('',#4156,#5484,#5492,.T.);
#5492 = ( BOUNDED_CURVE() B_SPLINE_CURVE(2,(#5493,#5494,#5495),
.UNSPECIFIED.,.F.,.F.) B_SPLINE_CURVE_WITH_KNOTS((3,3),(0.,
0.289919229054),.PIECEWISE_BEZIER_KNOTS.) CURVE() 
GEOMETRIC_REPRESENTATION_ITEM() RATIONAL_B_SPLINE_CURVE((1.,
0.989511740461,1.)) REPRESENTATION_ITEM('') );
#5493 = CARTESIAN_POINT('',(7.222488664825,-0.586634558785,7.));
#5494 = CARTESIAN_POINT('',(7.078456218183,-0.562846738014,7.));
#5495 = CARTESIAN_POINT('',(6.94723502122,-0.498876404494,7.));
#5496 = ORIENTED_EDGE('',*,*,#4155,.F.);
#5497 = ORIENTED_EDGE('',*,*,#5498,.F.);
#5498 = EDGE_CURVE('',#5499,#4148,#5501,.T.);
#5499 = VERTEX_POINT('',#5500);
#5500 = CARTESIAN_POINT('',(7.290996954845,-1.177304994502,7.));
#5501 = ( BOUNDED_CURVE() B_SPLINE_CURVE(2,(#5502,#5503,#5504),
.UNSPECIFIED.,.F.,.F.) B_SPLINE_CURVE_WITH_KNOTS((3,3),(0.,
5.838450169226E-02),.PIECEWISE_BEZIER_KNOTS.) CURVE() 
GEOMETRIC_REPRESENTATION_ITEM() RATIONAL_B_SPLINE_CURVE((1.,
0.999573936504,1.)) REPRESENTATION_ITEM('') );
#5502 = CARTESIAN_POINT('',(7.290996954845,-1.177304994502,7.));
#5503 = CARTESIAN_POINT('',(7.325374903608,-0.964403901824,7.));
#5504 = CARTESIAN_POINT('',(7.347271212551,-0.74985957009,7.));
#5505 = ORIENTED_EDGE('',*,*,#5506,.F.);
#5506 = EDGE_CURVE('',#5507,#5499,#5509,.T.);
#5507 = VERTEX_POINT('',#5508);
#5508 = CARTESIAN_POINT('',(7.128220527764,-1.302672148569,7.));
#5509 = ( BOUNDED_CURVE() B_SPLINE_CURVE(2,(#5510,#5511,#5512),
.UNSPECIFIED.,.F.,.F.) B_SPLINE_CURVE_WITH_KNOTS((3,3),(0.,
1.508825302794),.PIECEWISE_BEZIER_KNOTS.) CURVE() 
GEOMETRIC_REPRESENTATION_ITEM() RATIONAL_B_SPLINE_CURVE((1.,
0.728673920883,1.)) REPRESENTATION_ITEM('') );
#5510 = CARTESIAN_POINT('',(7.128220527764,-1.302672148569,7.));
#5511 = CARTESIAN_POINT('',(7.268523330614,-1.316483140006,7.));
#5512 = CARTESIAN_POINT('',(7.290996954845,-1.177304994502,7.));
#5513 = ORIENTED_EDGE('',*,*,#5514,.F.);
#5514 = EDGE_CURVE('',#3931,#5507,#5515,.T.);
#5515 = ( BOUNDED_CURVE() B_SPLINE_CURVE(2,(#5516,#5517,#5518),
.UNSPECIFIED.,.F.,.F.) B_SPLINE_CURVE_WITH_KNOTS((3,3),(0.,
0.289919229054),.PIECEWISE_BEZIER_KNOTS.) CURVE() 
GEOMETRIC_REPRESENTATION_ITEM() RATIONAL_B_SPLINE_CURVE((1.,
0.989511740461,1.)) REPRESENTATION_ITEM('') );
#5516 = CARTESIAN_POINT('',(6.839632442932,-1.316199131068,7.));
#5517 = CARTESIAN_POINT('',(6.982939126671,-1.2883710787,7.));
#5518 = CARTESIAN_POINT('',(7.128220527764,-1.302672148569,7.));
#5519 = ORIENTED_EDGE('',*,*,#3930,.F.);
#5520 = ORIENTED_EDGE('',*,*,#3903,.F.);
#5521 = ORIENTED_EDGE('',*,*,#3877,.F.);
#5522 = ORIENTED_EDGE('',*,*,#3851,.F.);
#5523 = ORIENTED_EDGE('',*,*,#3825,.F.);
#5524 = ORIENTED_EDGE('',*,*,#3799,.F.);
#5525 = ORIENTED_EDGE('',*,*,#3773,.F.);
#5526 = ORIENTED_EDGE('',*,*,#3747,.F.);
#5527 = ORIENTED_EDGE('',*,*,#3721,.F.);
#5528 = ORIENTED_EDGE('',*,*,#3695,.F.);
#5529 = ORIENTED_EDGE('',*,*,#3669,.F.);
#5530 = ORIENTED_EDGE('',*,*,#3643,.F.);
#5531 = ORIENTED_EDGE('',*,*,#3617,.F.);
#5532 = ORIENTED_EDGE('',*,*,#3591,.F.);
#5533 = ORIENTED_EDGE('',*,*,#3565,.F.);
#5534 = ORIENTED_EDGE('',*,*,#3539,.F.);
#5535 = ORIENTED_EDGE('',*,*,#3513,.F.);
#5536 = ORIENTED_EDGE('',*,*,#3487,.F.);
#5537 = ORIENTED_EDGE('',*,*,#3461,.F.);
#5538 = ORIENTED_EDGE('',*,*,#3435,.F.);
#5539 = ORIENTED_EDGE('',*,*,#3409,.F.);
#5540 = ORIENTED_EDGE('',*,*,#3383,.F.);
#5541 = ORIENTED_EDGE('',*,*,#3357,.F.);
#5542 = ORIENTED_EDGE('',*,*,#3331,.F.);
#5543 = ORIENTED_EDGE('',*,*,#3305,.F.);
#5544 = ORIENTED_EDGE('',*,*,#3279,.F.);
#5545 = ORIENTED_EDGE('',*,*,#3253,.F.);
#5546 = ORIENTED_EDGE('',*,*,#3227,.F.);
#5547 = ORIENTED_EDGE('',*,*,#3201,.F.);
#5548 = ORIENTED_EDGE('',*,*,#3175,.F.);
#5549 = ORIENTED_EDGE('',*,*,#3149,.F.);
#5550 = ORIENTED_EDGE('',*,*,#3123,.F.);
#5551 = ORIENTED_EDGE('',*,*,#3097,.F.);
#5552 = ORIENTED_EDGE('',*,*,#3071,.F.);
#5553 = ORIENTED_EDGE('',*,*,#3045,.F.);
#5554 = ORIENTED_EDGE('',*,*,#3019,.F.);
#5555 = ORIENTED_EDGE('',*,*,#2993,.F.);
#5556 = ORIENTED_EDGE('',*,*,#2967,.F.);
#5557 = ORIENTED_EDGE('',*,*,#2941,.F.);
#5558 = ORIENTED_EDGE('',*,*,#2915,.F.);
#5559 = ORIENTED_EDGE('',*,*,#2889,.F.);
#5560 = ORIENTED_EDGE('',*,*,#2863,.F.);
#5561 = ORIENTED_EDGE('',*,*,#2837,.F.);
#5562 = ORIENTED_EDGE('',*,*,#2811,.F.);
#5563 = ORIENTED_EDGE('',*,*,#2785,.F.);
#5564 = ORIENTED_EDGE('',*,*,#2759,.F.);
#5565 = ORIENTED_EDGE('',*,*,#2733,.F.);
#5566 = ORIENTED_EDGE('',*,*,#2707,.F.);
#5567 = ORIENTED_EDGE('',*,*,#2681,.F.);
#5568 = ORIENTED_EDGE('',*,*,#2655,.F.);
#5569 = ORIENTED_EDGE('',*,*,#2629,.F.);
#5570 = ORIENTED_EDGE('',*,*,#2603,.F.);
#5571 = ORIENTED_EDGE('',*,*,#2577,.F.);
#5572 = ORIENTED_EDGE('',*,*,#2551,.F.);
#5573 = ORIENTED_EDGE('',*,*,#2525,.F.);
#5574 = ORIENTED_EDGE('',*,*,#2499,.F.);
#5575 = ORIENTED_EDGE('',*,*,#2473,.F.);
#5576 = ORIENTED_EDGE('',*,*,#2447,.F.);
#5577 = ORIENTED_EDGE('',*,*,#2421,.F.);
#5578 = ORIENTED_EDGE('',*,*,#2395,.F.);
#5579 = ORIENTED_EDGE('',*,*,#2369,.F.);
#5580 = ORIENTED_EDGE('',*,*,#2343,.F.);
#5581 = ORIENTED_EDGE('',*,*,#2317,.F.);
#5582 = ORIENTED_EDGE('',*,*,#2291,.F.);
#5583 = ORIENTED_EDGE('',*,*,#2265,.F.);
#5584 = ORIENTED_EDGE('',*,*,#2239,.F.);
#5585 = ORIENTED_EDGE('',*,*,#2213,.F.);
#5586 = ORIENTED_EDGE('',*,*,#2187,.F.);
#5587 = ORIENTED_EDGE('',*,*,#2161,.F.);
#5588 = ORIENTED_EDGE('',*,*,#2135,.F.);
#5589 = ORIENTED_EDGE('',*,*,#2109,.F.);
#5590 = ORIENTED_EDGE('',*,*,#2083,.F.);
#5591 = ORIENTED_EDGE('',*,*,#2057,.F.);
#5592 = ORIENTED_EDGE('',*,*,#2031,.F.);
#5593 = ORIENTED_EDGE('',*,*,#2005,.F.);
#5594 = ORIENTED_EDGE('',*,*,#1979,.F.);
#5595 = ORIENTED_EDGE('',*,*,#1953,.F.);
#5596 = ORIENTED_EDGE('',*,*,#1927,.F.);
#5597 = ORIENTED_EDGE('',*,*,#1901,.F.);
#5598 = ORIENTED_EDGE('',*,*,#1875,.F.);
#5599 = ORIENTED_EDGE('',*,*,#1849,.F.);
#5600 = ORIENTED_EDGE('',*,*,#1823,.F.);
#5601 = ORIENTED_EDGE('',*,*,#1797,.F.);
#5602 = ORIENTED_EDGE('',*,*,#1771,.F.);
#5603 = ORIENTED_EDGE('',*,*,#1745,.F.);
#5604 = ORIENTED_EDGE('',*,*,#1719,.F.);
#5605 = ORIENTED_EDGE('',*,*,#1693,.F.);
#5606 = ORIENTED_EDGE('',*,*,#1667,.F.);
#5607 = ORIENTED_EDGE('',*,*,#1641,.F.);
#5608 = ORIENTED_EDGE('',*,*,#1615,.F.);
#5609 = ORIENTED_EDGE('',*,*,#1589,.F.);
#5610 = ORIENTED_EDGE('',*,*,#1563,.F.);
#5611 = ORIENTED_EDGE('',*,*,#1537,.F.);
#5612 = ORIENTED_EDGE('',*,*,#1511,.F.);
#5613 = ORIENTED_EDGE('',*,*,#1485,.F.);
#5614 = ORIENTED_EDGE('',*,*,#1459,.F.);
#5615 = ORIENTED_EDGE('',*,*,#1433,.F.);
#5616 = ORIENTED_EDGE('',*,*,#1407,.F.);
#5617 = ORIENTED_EDGE('',*,*,#1381,.F.);
#5618 = ORIENTED_EDGE('',*,*,#1356,.F.);
#5619 = ORIENTED_EDGE('',*,*,#1331,.F.);
#5620 = ORIENTED_EDGE('',*,*,#1306,.F.);
#5621 = ORIENTED_EDGE('',*,*,#1281,.F.);
#5622 = ORIENTED_EDGE('',*,*,#1256,.F.);
#5623 = PLANE('',#5624);
#5624 = AXIS2_PLACEMENT_3D('',#5625,#5626,#5627);
#5625 = CARTESIAN_POINT('',(-5.1E-16,2.E-17,7.));
#5626 = DIRECTION('',(0.,0.,1.));
#5627 = DIRECTION('',(1.,0.,0.));
#5628 = ADVANCED_FACE('',(#5629),#5864,.F.);
#5629 = FACE_BOUND('',#5630,.F.);
#5630 = EDGE_LOOP('',(#5631,#5632,#5640,#5647,#5648,#5649,#5650,#5651,
    #5652,#5659,#5660,#5661,#5662,#5663,#5664,#5671,#5672,#5673,#5674,
    #5675,#5690,#5718,#5731,#5738,#5739,#5750,#5787,#5800,#5801,#5808,
    #5823,#5851));
#5631 = ORIENTED_EDGE('',*,*,#4623,.F.);
#5632 = ORIENTED_EDGE('',*,*,#5633,.T.);
#5633 = EDGE_CURVE('',#4577,#5634,#5636,.T.);
#5634 = VERTEX_POINT('',#5635);
#5635 = CARTESIAN_POINT('',(3.464101615138,1.6,3.5));
#5636 = LINE('',#5637,#5638);
#5637 = CARTESIAN_POINT('',(7.347271212551,1.6,3.5));
#5638 = VECTOR('',#5639,1.);
#5639 = DIRECTION('',(-1.,-0.,-0.));
#5640 = ORIENTED_EDGE('',*,*,#5641,.T.);
#5641 = EDGE_CURVE('',#5634,#5634,#5642,.T.);
#5642 = CIRCLE('',#5643,1.6);
#5643 = AXIS2_PLACEMENT_3D('',#5644,#5645,#5646);
#5644 = CARTESIAN_POINT('',(3.464101615138,-6.E-17,3.5));
#5645 = DIRECTION('',(1.,0.,0.));
#5646 = DIRECTION('',(0.,1.,0.));
#5647 = ORIENTED_EDGE('',*,*,#5633,.F.);
#5648 = ORIENTED_EDGE('',*,*,#4576,.F.);
#5649 = ORIENTED_EDGE('',*,*,#4543,.T.);
#5650 = ORIENTED_EDGE('',*,*,#4497,.T.);
#5651 = ORIENTED_EDGE('',*,*,#4464,.T.);
#5652 = ORIENTED_EDGE('',*,*,#5653,.F.);
#5653 = EDGE_CURVE('',#4367,#4439,#5654,.T.);
#5654 = CIRCLE('',#5655,1.6);
#5655 = AXIS2_PLACEMENT_3D('',#5656,#5657,#5658);
#5656 = CARTESIAN_POINT('',(7.347271212551,0.,3.5));
#5657 = DIRECTION('',(1.,0.,0.));
#5658 = DIRECTION('',(0.,1.,0.));
#5659 = ORIENTED_EDGE('',*,*,#4366,.T.);
#5660 = ORIENTED_EDGE('',*,*,#4333,.T.);
#5661 = ORIENTED_EDGE('',*,*,#4278,.T.);
#5662 = ORIENTED_EDGE('',*,*,#4249,.T.);
#5663 = ORIENTED_EDGE('',*,*,#4206,.T.);
#5664 = ORIENTED_EDGE('',*,*,#5665,.F.);
#5665 = EDGE_CURVE('',#4107,#4197,#5666,.T.);
#5666 = CIRCLE('',#5667,1.6);
#5667 = AXIS2_PLACEMENT_3D('',#5668,#5669,#5670);
#5668 = CARTESIAN_POINT('',(7.347271212551,0.,3.5));
#5669 = DIRECTION('',(1.,0.,0.));
#5670 = DIRECTION('',(0.,1.,0.));
#5671 = ORIENTED_EDGE('',*,*,#4106,.T.);
#5672 = ORIENTED_EDGE('',*,*,#4060,.T.);
#5673 = ORIENTED_EDGE('',*,*,#4027,.T.);
#5674 = ORIENTED_EDGE('',*,*,#3946,.F.);
#5675 = ORIENTED_EDGE('',*,*,#5676,.F.);
#5676 = EDGE_CURVE('',#5677,#3939,#5679,.T.);
#5677 = VERTEX_POINT('',#5678);
#5678 = CARTESIAN_POINT('',(7.128220527764,-1.302672148569,
    4.429002299966));
#5679 = B_SPLINE_CURVE_WITH_KNOTS('',5,(#5680,#5681,#5682,#5683,#5684,
    #5685,#5686,#5687,#5688,#5689),.UNSPECIFIED.,.F.,.F.,(6,4,6),(0.,
    0.183278562123,1.),.UNSPECIFIED.);
#5680 = CARTESIAN_POINT('',(7.128220527764,-1.302672148569,
    4.429002299966));
#5681 = CARTESIAN_POINT('',(7.117658459511,-1.301632449923,
    4.430460193525));
#5682 = CARTESIAN_POINT('',(7.107060424141,-1.300730688959,
    4.431720350997));
#5683 = CARTESIAN_POINT('',(7.096432649711,-1.299968667389,
    4.432782576784));
#5684 = CARTESIAN_POINT('',(7.085781419571,-1.299347715701,
    4.433646714035));
#5685 = CARTESIAN_POINT('',(7.027573044885,-1.296734084624,
    4.437280148305));
#5686 = CARTESIAN_POINT('',(6.9796916999,-1.29741769159,4.436311199434)
  );
#5687 = CARTESIAN_POINT('',(6.932031668459,-1.300996347079,
    4.431398333334));
#5688 = CARTESIAN_POINT('',(6.885168316763,-1.307356733431,
    4.422529253333));
#5689 = CARTESIAN_POINT('',(6.839632442932,-1.316199131068,
    4.409736141624));
#5690 = ORIENTED_EDGE('',*,*,#5691,.F.);
#5691 = EDGE_CURVE('',#5692,#5677,#5694,.T.);
#5692 = VERTEX_POINT('',#5693);
#5693 = CARTESIAN_POINT('',(7.290996954845,-1.177304994502,
    4.583491093605));
#5694 = B_SPLINE_CURVE_WITH_KNOTS('',8,(#5695,#5696,#5697,#5698,#5699,
    #5700,#5701,#5702,#5703,#5704,#5705,#5706,#5707,#5708,#5709,#5710,
    #5711,#5712,#5713,#5714,#5715,#5716,#5717),.UNSPECIFIED.,.F.,.F.,(9,
    7,7,9),(0.,0.136766237146,0.763376299546,1.),.UNSPECIFIED.);
#5695 = CARTESIAN_POINT('',(7.290996954845,-1.177304994502,
    4.583491093605));
#5696 = CARTESIAN_POINT('',(7.290438493322,-1.180763521631,
    4.579733110465));
#5697 = CARTESIAN_POINT('',(7.289782371409,-1.184240479064,
    4.575927616699));
#5698 = CARTESIAN_POINT('',(7.289025999142,-1.187731662208,
    4.572078229246));
#5699 = CARTESIAN_POINT('',(7.28816708559,-1.191232643828,4.568189017402
    ));
#5700 = CARTESIAN_POINT('',(7.287203638854,-1.19473877405,4.564264502821
    ));
#5701 = CARTESIAN_POINT('',(7.286133966068,-1.198245180362,
    4.560309659517));
#5702 = CARTESIAN_POINT('',(7.284956673399,-1.201746767611,
    4.556329913861));
#5703 = CARTESIAN_POINT('',(7.277778677164,-1.22123469488,4.534010328571
    ));
#5704 = CARTESIAN_POINT('',(7.269603862547,-1.237023014156,
    4.515285497189));
#5705 = CARTESIAN_POINT('',(7.259044084131,-1.252098880793,
    4.496718597416));
#5706 = CARTESIAN_POINT('',(7.246158378648,-1.265877887784,
    4.479075161615));
#5707 = CARTESIAN_POINT('',(7.23122736593,-1.277766518412,4.463286112076
    ));
#5708 = CARTESIAN_POINT('',(7.214785274345,-1.287296940466,
    4.450323317315));
#5709 = CARTESIAN_POINT('',(7.19750021153,-1.29426953854,4.440704390747)
  );
#5710 = CARTESIAN_POINT('',(7.173415914366,-1.300417871624,4.43215968884
    ));
#5711 = CARTESIAN_POINT('',(7.166786483466,-1.301745216807,
    4.430304731803));
#5712 = CARTESIAN_POINT('',(7.160164433273,-1.30271719387,4.428941132422
    ));
#5713 = CARTESIAN_POINT('',(7.153582827372,-1.303341957148,
    4.428062617817));
#5714 = CARTESIAN_POINT('',(7.147072192918,-1.303632237686,
    4.427654174473));
#5715 = CARTESIAN_POINT('',(7.14065991037,-1.303604391079,4.42769368027)
  );
#5716 = CARTESIAN_POINT('',(7.134369603227,-1.303277445305,
    4.428153536513));
#5717 = CARTESIAN_POINT('',(7.128220527764,-1.302672148569,
    4.429002299966));
#5718 = ORIENTED_EDGE('',*,*,#5719,.F.);
#5719 = EDGE_CURVE('',#4140,#5692,#5720,.T.);
#5720 = B_SPLINE_CURVE_WITH_KNOTS('',5,(#5721,#5722,#5723,#5724,#5725,
    #5726,#5727,#5728,#5729,#5730),.UNSPECIFIED.,.F.,.F.,(6,4,6),(0.,
    0.458938015393,1.),.UNSPECIFIED.);
#5721 = CARTESIAN_POINT('',(7.347271212551,-0.74985957009,4.913403914366
    ));
#5722 = CARTESIAN_POINT('',(7.342571056097,-0.795912625334,
    4.888971178716));
#5723 = CARTESIAN_POINT('',(7.337657953424,-0.840479761636,
    4.862923121666));
#5724 = CARTESIAN_POINT('',(7.332584225595,-0.883498678128,
    4.835395394492));
#5725 = CARTESIAN_POINT('',(7.327400091903,-0.924935873165,
    4.806517409514));
#5726 = CARTESIAN_POINT('',(7.315961832215,-1.011746302607,
    4.740901286618));
#5727 = CARTESIAN_POINT('',(7.309682415162,-1.056495689994,
    4.703682341877));
#5728 = CARTESIAN_POINT('',(7.303386334267,-1.099001699479,
    4.664934063648));
#5729 = CARTESIAN_POINT('',(7.297139203703,-1.139266323187,
    4.624823337116));
#5730 = CARTESIAN_POINT('',(7.290996954845,-1.177304994502,
    4.583491093605));
#5731 = ORIENTED_EDGE('',*,*,#5732,.F.);
#5732 = EDGE_CURVE('',#4172,#4140,#5733,.T.);
#5733 = CIRCLE('',#5734,1.6);
#5734 = AXIS2_PLACEMENT_3D('',#5735,#5736,#5737);
#5735 = CARTESIAN_POINT('',(7.347271212551,0.,3.5));
#5736 = DIRECTION('',(1.,0.,0.));
#5737 = DIRECTION('',(0.,1.,0.));
#5738 = ORIENTED_EDGE('',*,*,#4171,.F.);
#5739 = ORIENTED_EDGE('',*,*,#5740,.F.);
#5740 = EDGE_CURVE('',#5741,#4164,#5743,.T.);
#5741 = VERTEX_POINT('',#5742);
#5742 = CARTESIAN_POINT('',(6.94723502122,-0.498876404494,5.020237590983
    ));
#5743 = B_SPLINE_CURVE_WITH_KNOTS('',5,(#5744,#5745,#5746,#5747,#5748,
    #5749),.UNSPECIFIED.,.F.,.F.,(6,6),(0.,1.),
  .PIECEWISE_BEZIER_KNOTS.);
#5744 = CARTESIAN_POINT('',(6.94723502122,-0.498876404494,5.020237590983
    ));
#5745 = CARTESIAN_POINT('',(6.99962602805,-0.524417020324,5.011856262519
    ));
#5746 = CARTESIAN_POINT('',(7.053730718306,-0.546068772718,
    5.004156873366));
#5747 = CARTESIAN_POINT('',(7.109176945065,-0.563704163815,
    4.997527259295));
#5748 = CARTESIAN_POINT('',(7.165572300158,-0.577234480447,
    4.992280951856));
#5749 = CARTESIAN_POINT('',(7.222488664825,-0.586634558785,
    4.988576465768));
#5750 = ORIENTED_EDGE('',*,*,#5751,.F.);
#5751 = EDGE_CURVE('',#5752,#5741,#5754,.T.);
#5752 = VERTEX_POINT('',#5753);
#5753 = CARTESIAN_POINT('',(6.94723502122,0.498876404494,5.020237590983)
  );
#5754 = B_SPLINE_CURVE_WITH_KNOTS('',6,(#5755,#5756,#5757,#5758,#5759,
    #5760,#5761,#5762,#5763,#5764,#5765,#5766,#5767,#5768,#5769,#5770,
    #5771,#5772,#5773,#5774,#5775,#5776,#5777,#5778,#5779,#5780,#5781,
    #5782,#5783,#5784,#5785,#5786),.UNSPECIFIED.,.F.,.F.,(7,5,5,5,5,5,7)
  ,(0.,0.271320217274,0.354308272994,0.500000856385,0.645322086484,
    0.728309151793,1.),.UNSPECIFIED.);
#5755 = CARTESIAN_POINT('',(6.94723502122,0.498876404494,5.020237590983)
  );
#5756 = CARTESIAN_POINT('',(6.905001658414,0.478287640127,5.026993935387
    ));
#5757 = CARTESIAN_POINT('',(6.862824402144,0.452416457587,5.035113303021
    ));
#5758 = CARTESIAN_POINT('',(6.821670637589,0.420772939607,5.044405859374
    ));
#5759 = CARTESIAN_POINT('',(6.782767539948,0.383074917367,5.054427143721
    ));
#5760 = CARTESIAN_POINT('',(6.74756247276,0.339401246248,5.064381560169)
  );
#5761 = CARTESIAN_POINT('',(6.708273206653,0.275412667586,5.076191659516
    ));
#5762 = CARTESIAN_POINT('',(6.699550899989,0.259928866933,5.078872277031
    ));
#5763 = CARTESIAN_POINT('',(6.691349908938,0.243969246288,5.081442993917
    ));
#5764 = CARTESIAN_POINT('',(6.683711074502,0.22755996782,5.083879018384)
  );
#5765 = CARTESIAN_POINT('',(6.676673438742,0.210733642408,5.086156265121
    ));
#5766 = CARTESIAN_POINT('',(6.659035594576,0.163327091505,5.091932790989
    ));
#5767 = CARTESIAN_POINT('',(6.649759243719,0.131955517585,5.095056222463
    ));
#5768 = CARTESIAN_POINT('',(6.642641690475,9.963716132251E-02,
    5.097500519659));
#5769 = CARTESIAN_POINT('',(6.637838125385,6.665205830061E-02,
    5.09916742767));
#5770 = CARTESIAN_POINT('',(6.635437184088,3.33227157038E-02,
    5.100000029249));
#5771 = CARTESIAN_POINT('',(6.635437352522,-3.324058520908E-02,
    5.099999970824));
#5772 = CARTESIAN_POINT('',(6.637826237787,-6.648491298724E-02,
    5.099171548197));
#5773 = CARTESIAN_POINT('',(6.64260550072,-9.938765240505E-02,
    5.097513080123));
#5774 = CARTESIAN_POINT('',(6.649687419554,-0.131628677936,
    5.095080892954));
#5775 = CARTESIAN_POINT('',(6.658918322585,-0.162929835519,
    5.091972279882));
#5776 = CARTESIAN_POINT('',(6.676488445203,-0.210282304457,
    5.086216247194));
#5777 = CARTESIAN_POINT('',(6.683512446513,-0.227117536886,
    5.083942665951));
#5778 = CARTESIAN_POINT('',(6.691138314132,-0.243536346125,
    5.081509889528));
#5779 = CARTESIAN_POINT('',(6.699327037378,-0.259506032928,
    5.078941988189));
#5780 = CARTESIAN_POINT('',(6.708037792398,-0.27500035053,5.076263749494
    ));
#5781 = CARTESIAN_POINT('',(6.747322232722,-0.339102991406,
    5.064449508576));
#5782 = CARTESIAN_POINT('',(6.782555095919,-0.38286897934,5.054481883889
    ));
#5783 = CARTESIAN_POINT('',(6.8215021119,-0.420643322447,5.044443917694)
  );
#5784 = CARTESIAN_POINT('',(6.862709263067,-0.452345823775,
    5.035135471174));
#5785 = CARTESIAN_POINT('',(6.904944009808,-0.478259536431,
    5.027003157808));
#5786 = CARTESIAN_POINT('',(6.94723502122,-0.498876404494,5.020237590983
    ));
#5787 = ORIENTED_EDGE('',*,*,#5788,.F.);
#5788 = EDGE_CURVE('',#4396,#5752,#5789,.T.);
#5789 = B_SPLINE_CURVE_WITH_KNOTS('',5,(#5790,#5791,#5792,#5793,#5794,
    #5795,#5796,#5797,#5798,#5799),.UNSPECIFIED.,.F.,.F.,(6,4,6),(0.,
    0.850960101648,1.),.UNSPECIFIED.);
#5790 = CARTESIAN_POINT('',(7.222488664825,0.586634558785,4.988576465768
    ));
#5791 = CARTESIAN_POINT('',(7.174055193134,0.578635481002,4.991728830174
    ));
#5792 = CARTESIAN_POINT('',(7.125998826884,0.567645593579,4.99599770666)
  );
#5793 = CARTESIAN_POINT('',(7.078583464917,0.553680144467,5.001285339136
    ));
#5794 = CARTESIAN_POINT('',(7.032054468621,0.536788430289,5.007412882845
    ));
#5795 = CARTESIAN_POINT('',(6.978691872853,0.513582726209,5.01533697238)
  );
#5796 = CARTESIAN_POINT('',(6.970773048096,0.510036556664,5.016536862582
    ));
#5797 = CARTESIAN_POINT('',(6.962889804735,0.506403174139,5.017754432256
    ));
#5798 = CARTESIAN_POINT('',(6.955043384634,0.502682981659,5.018988436548
    ));
#5799 = CARTESIAN_POINT('',(6.94723502122,0.498876404494,5.020237590983)
  );
#5800 = ORIENTED_EDGE('',*,*,#4395,.F.);
#5801 = ORIENTED_EDGE('',*,*,#5802,.F.);
#5802 = EDGE_CURVE('',#4431,#4386,#5803,.T.);
#5803 = CIRCLE('',#5804,1.6);
#5804 = AXIS2_PLACEMENT_3D('',#5805,#5806,#5807);
#5805 = CARTESIAN_POINT('',(7.347271212551,0.,3.5));
#5806 = DIRECTION('',(1.,0.,0.));
#5807 = DIRECTION('',(0.,1.,0.));
#5808 = ORIENTED_EDGE('',*,*,#5809,.F.);
#5809 = EDGE_CURVE('',#5810,#4431,#5812,.T.);
#5810 = VERTEX_POINT('',#5811);
#5811 = CARTESIAN_POINT('',(7.290996954845,1.177304994502,4.583491093605
    ));
#5812 = B_SPLINE_CURVE_WITH_KNOTS('',5,(#5813,#5814,#5815,#5816,#5817,
    #5818,#5819,#5820,#5821,#5822),.UNSPECIFIED.,.F.,.F.,(6,4,6),(0.,
    0.543039568752,1.),.UNSPECIFIED.);
#5813 = CARTESIAN_POINT('',(7.290996954845,1.177304994502,4.583491093605
    ));
#5814 = CARTESIAN_POINT('',(7.297161653718,1.139127291255,4.624974407105
    ));
#5815 = CARTESIAN_POINT('',(7.303432001101,1.098707340651,4.665227250668
    ));
#5816 = CARTESIAN_POINT('',(7.30975145328,1.056029527651,4.704107158339)
  );
#5817 = CARTESIAN_POINT('',(7.316053635797,1.011091885744,4.741445304928
    ));
#5818 = CARTESIAN_POINT('',(7.327489433599,0.924221484938,4.807015000923
    ));
#5819 = CARTESIAN_POINT('',(7.33264980395,0.882942489381,4.835751159894)
  );
#5820 = CARTESIAN_POINT('',(7.3377002904,0.840095658377,4.863147572252)
  );
#5821 = CARTESIAN_POINT('',(7.342591309262,0.795714180848,4.889076460366
    ));
#5822 = CARTESIAN_POINT('',(7.347271212551,0.74985957009,4.913403914366)
  );
#5823 = ORIENTED_EDGE('',*,*,#5824,.F.);
#5824 = EDGE_CURVE('',#5825,#5810,#5827,.T.);
#5825 = VERTEX_POINT('',#5826);
#5826 = CARTESIAN_POINT('',(7.128220527764,1.302672148569,4.429002299966
    ));
#5827 = B_SPLINE_CURVE_WITH_KNOTS('',8,(#5828,#5829,#5830,#5831,#5832,
    #5833,#5834,#5835,#5836,#5837,#5838,#5839,#5840,#5841,#5842,#5843,
    #5844,#5845,#5846,#5847,#5848,#5849,#5850),.UNSPECIFIED.,.F.,.F.,(9,
    7,7,9),(0.,0.236872395694,0.863476368801,1.),.UNSPECIFIED.);
#5828 = CARTESIAN_POINT('',(7.128220527764,1.302672148569,4.429002299966
    ));
#5829 = CARTESIAN_POINT('',(7.13437606679,1.303278081559,4.428152644341)
  );
#5830 = CARTESIAN_POINT('',(7.140673134436,1.303605078355,4.427692713085
    ));
#5831 = CARTESIAN_POINT('',(7.147092414434,1.303632324674,4.42765405065)
  );
#5832 = CARTESIAN_POINT('',(7.153610203718,1.303340734371,4.428064338539
    ));
#5833 = CARTESIAN_POINT('',(7.160199026683,1.302713906227,4.42894575594)
  );
#5834 = CARTESIAN_POINT('',(7.166828249448,1.301739080736,4.430313340351
    ));
#5835 = CARTESIAN_POINT('',(7.173464694117,1.300408096899,4.432173348217
    ));
#5836 = CARTESIAN_POINT('',(7.197555025305,1.294248420223,4.44073354093)
  );
#5837 = CARTESIAN_POINT('',(7.214837840837,1.287268819301,4.450361671008
    ));
#5838 = CARTESIAN_POINT('',(7.231276113371,1.277731825691,4.463332538739
    ));
#5839 = CARTESIAN_POINT('',(7.246201951821,1.265837578462,4.479127651051
    ));
#5840 = CARTESIAN_POINT('',(7.259081580332,1.252054257878,4.496774851884
    ));
#5841 = CARTESIAN_POINT('',(7.269634854771,1.236975480523,4.515343464155
    ));
#5842 = CARTESIAN_POINT('',(7.277803149809,1.221185581278,4.534068316518
    ));
#5843 = CARTESIAN_POINT('',(7.284971282179,1.201703297212,4.556379318697
    ));
#5844 = CARTESIAN_POINT('',(7.286145343721,1.198207868974,4.560351741519
    ));
#5845 = CARTESIAN_POINT('',(7.287212178924,1.194707683622,4.56429930232)
  );
#5846 = CARTESIAN_POINT('',(7.288173176555,1.19120780787,4.56821660672)
  );
#5847 = CARTESIAN_POINT('',(7.289030022187,1.187713087273,4.572098709506
    ));
#5848 = CARTESIAN_POINT('',(7.289784698193,1.184228146221,4.575941114637
    ));
#5849 = CARTESIAN_POINT('',(7.290439483752,1.180757387942,4.579739775238
    ));
#5850 = CARTESIAN_POINT('',(7.290996954845,1.177304994502,4.583491093605
    ));
#5851 = ORIENTED_EDGE('',*,*,#5852,.F.);
#5852 = EDGE_CURVE('',#4624,#5825,#5853,.T.);
#5853 = B_SPLINE_CURVE_WITH_KNOTS('',5,(#5854,#5855,#5856,#5857,#5858,
    #5859,#5860,#5861,#5862,#5863),.UNSPECIFIED.,.F.,.F.,(6,4,6),(0.,
    0.816305636566,1.),.UNSPECIFIED.);
#5854 = CARTESIAN_POINT('',(6.839632442932,1.316199131068,4.409736141624
    ));
#5855 = CARTESIAN_POINT('',(6.885145133723,1.307361235237,4.422522740156
    ));
#5856 = CARTESIAN_POINT('',(6.931983951218,1.301002824149,4.43138930278)
  );
#5857 = CARTESIAN_POINT('',(6.979618908652,1.297423159166,4.43630369082)
  );
#5858 = CARTESIAN_POINT('',(7.027475538647,1.296735481491,4.437278170112
    ));
#5859 = CARTESIAN_POINT('',(7.085684760975,1.299342085042,4.43365454981)
  );
#5860 = CARTESIAN_POINT('',(7.096360315464,1.299963483145,4.43278980335)
  );
#5861 = CARTESIAN_POINT('',(7.107012336367,1.300726598013,4.431726067815
    ));
#5862 = CARTESIAN_POINT('',(7.117634497348,1.301630091159,4.430463501048
    ));
#5863 = CARTESIAN_POINT('',(7.128220527764,1.302672148569,4.429002299966
    ));
#5864 = CYLINDRICAL_SURFACE('',#5865,1.6);
#5865 = AXIS2_PLACEMENT_3D('',#5866,#5867,#5868);
#5866 = CARTESIAN_POINT('',(7.347271212551,-6.E-17,3.5));
#5867 = DIRECTION('',(1.,0.,0.));
#5868 = DIRECTION('',(0.,1.,0.));
#5869 = ADVANCED_FACE('',(#5870),#5881,.F.);
#5870 = FACE_BOUND('',#5871,.F.);
#5871 = EDGE_LOOP('',(#5872,#5873,#5874,#5875));
#5872 = ORIENTED_EDGE('',*,*,#5676,.T.);
#5873 = ORIENTED_EDGE('',*,*,#3938,.T.);
#5874 = ORIENTED_EDGE('',*,*,#5514,.T.);
#5875 = ORIENTED_EDGE('',*,*,#5876,.F.);
#5876 = EDGE_CURVE('',#5677,#5507,#5877,.T.);
#5877 = LINE('',#5878,#5879);
#5878 = CARTESIAN_POINT('',(7.128220527764,-1.302672148569,0.));
#5879 = VECTOR('',#5880,1.);
#5880 = DIRECTION('',(0.,0.,1.));
#5881 = SURFACE_OF_LINEAR_EXTRUSION('',#5882,#5886);
#5882 = ( BOUNDED_CURVE() B_SPLINE_CURVE(2,(#5883,#5884,#5885),
.UNSPECIFIED.,.F.,.F.) B_SPLINE_CURVE_WITH_KNOTS((3,3),(0.,
0.289919229054),.PIECEWISE_BEZIER_KNOTS.) CURVE() 
GEOMETRIC_REPRESENTATION_ITEM() RATIONAL_B_SPLINE_CURVE((1.,
0.989511740461,1.)) REPRESENTATION_ITEM('') );
#5883 = CARTESIAN_POINT('',(6.839632442932,-1.316199131068,0.));
#5884 = CARTESIAN_POINT('',(6.982939126671,-1.2883710787,0.));
#5885 = CARTESIAN_POINT('',(7.128220527764,-1.302672148569,0.));
#5886 = VECTOR('',#5887,1.);
#5887 = DIRECTION('',(-0.,-0.,-1.));
#5888 = ADVANCED_FACE('',(#5889),#5895,.F.);
#5889 = FACE_BOUND('',#5890,.F.);
#5890 = EDGE_LOOP('',(#5891,#5892,#5893,#5894));
#5891 = ORIENTED_EDGE('',*,*,#4196,.F.);
#5892 = ORIENTED_EDGE('',*,*,#5732,.T.);
#5893 = ORIENTED_EDGE('',*,*,#4139,.F.);
#5894 = ORIENTED_EDGE('',*,*,#5665,.T.);
#5895 = PLANE('',#5896);
#5896 = AXIS2_PLACEMENT_3D('',#5897,#5898,#5899);
#5897 = CARTESIAN_POINT('',(7.347271212551,-5.E-17,3.5));
#5898 = DIRECTION('',(1.,0.,0.));
#5899 = DIRECTION('',(0.,0.,1.));
#5900 = ADVANCED_FACE('',(#5901),#5912,.F.);
#5901 = FACE_BOUND('',#5902,.F.);
#5902 = EDGE_LOOP('',(#5903,#5904,#5905,#5906));
#5903 = ORIENTED_EDGE('',*,*,#5740,.T.);
#5904 = ORIENTED_EDGE('',*,*,#4163,.T.);
#5905 = ORIENTED_EDGE('',*,*,#5491,.T.);
#5906 = ORIENTED_EDGE('',*,*,#5907,.F.);
#5907 = EDGE_CURVE('',#5741,#5484,#5908,.T.);
#5908 = LINE('',#5909,#5910);
#5909 = CARTESIAN_POINT('',(6.94723502122,-0.498876404494,0.));
#5910 = VECTOR('',#5911,1.);
#5911 = DIRECTION('',(0.,0.,1.));
#5912 = SURFACE_OF_LINEAR_EXTRUSION('',#5913,#5917);
#5913 = ( BOUNDED_CURVE() B_SPLINE_CURVE(2,(#5914,#5915,#5916),
.UNSPECIFIED.,.F.,.F.) B_SPLINE_CURVE_WITH_KNOTS((3,3),(0.,
0.289919229054),.PIECEWISE_BEZIER_KNOTS.) CURVE() 
GEOMETRIC_REPRESENTATION_ITEM() RATIONAL_B_SPLINE_CURVE((1.,
0.989511740461,1.)) REPRESENTATION_ITEM('') );
#5914 = CARTESIAN_POINT('',(7.222488664825,-0.586634558785,0.));
#5915 = CARTESIAN_POINT('',(7.078456218183,-0.562846738014,0.));
#5916 = CARTESIAN_POINT('',(6.94723502122,-0.498876404494,0.));
#5917 = VECTOR('',#5918,1.);
#5918 = DIRECTION('',(-0.,-0.,-1.));
#5919 = ADVANCED_FACE('',(#5920),#5931,.F.);
#5920 = FACE_BOUND('',#5921,.F.);
#5921 = EDGE_LOOP('',(#5922,#5923,#5929,#5930));
#5922 = ORIENTED_EDGE('',*,*,#5719,.T.);
#5923 = ORIENTED_EDGE('',*,*,#5924,.T.);
#5924 = EDGE_CURVE('',#5692,#5499,#5925,.T.);
#5925 = LINE('',#5926,#5927);
#5926 = CARTESIAN_POINT('',(7.290996954845,-1.177304994502,0.));
#5927 = VECTOR('',#5928,1.);
#5928 = DIRECTION('',(0.,0.,1.));
#5929 = ORIENTED_EDGE('',*,*,#5498,.T.);
#5930 = ORIENTED_EDGE('',*,*,#4147,.F.);
#5931 = SURFACE_OF_LINEAR_EXTRUSION('',#5932,#5936);
#5932 = ( BOUNDED_CURVE() B_SPLINE_CURVE(2,(#5933,#5934,#5935),
.UNSPECIFIED.,.F.,.F.) B_SPLINE_CURVE_WITH_KNOTS((3,3),(0.,
5.838450169226E-02),.PIECEWISE_BEZIER_KNOTS.) CURVE() 
GEOMETRIC_REPRESENTATION_ITEM() RATIONAL_B_SPLINE_CURVE((1.,
0.999573936504,1.)) REPRESENTATION_ITEM('') );
#5933 = CARTESIAN_POINT('',(7.290996954845,-1.177304994502,0.));
#5934 = CARTESIAN_POINT('',(7.325374903608,-0.964403901824,0.));
#5935 = CARTESIAN_POINT('',(7.347271212551,-0.74985957009,0.));
#5936 = VECTOR('',#5937,1.);
#5937 = DIRECTION('',(-0.,-0.,-1.));
#5938 = ADVANCED_FACE('',(#5939),#5945,.F.);
#5939 = FACE_BOUND('',#5940,.F.);
#5940 = EDGE_LOOP('',(#5941,#5942,#5943,#5944));
#5941 = ORIENTED_EDGE('',*,*,#4438,.T.);
#5942 = ORIENTED_EDGE('',*,*,#5802,.T.);
#5943 = ORIENTED_EDGE('',*,*,#4385,.T.);
#5944 = ORIENTED_EDGE('',*,*,#5653,.T.);
#5945 = PLANE('',#5946);
#5946 = AXIS2_PLACEMENT_3D('',#5947,#5948,#5949);
#5947 = CARTESIAN_POINT('',(7.347271212551,-5.E-17,3.5));
#5948 = DIRECTION('',(1.,0.,0.));
#5949 = DIRECTION('',(0.,0.,1.));
#5950 = ADVANCED_FACE('',(#5951),#5962,.F.);
#5951 = FACE_BOUND('',#5952,.F.);
#5952 = EDGE_LOOP('',(#5953,#5954,#5955,#5956));
#5953 = ORIENTED_EDGE('',*,*,#5809,.T.);
#5954 = ORIENTED_EDGE('',*,*,#4430,.T.);
#5955 = ORIENTED_EDGE('',*,*,#5468,.T.);
#5956 = ORIENTED_EDGE('',*,*,#5957,.F.);
#5957 = EDGE_CURVE('',#5810,#5461,#5958,.T.);
#5958 = LINE('',#5959,#5960);
#5959 = CARTESIAN_POINT('',(7.290996954845,1.177304994502,0.));
#5960 = VECTOR('',#5961,1.);
#5961 = DIRECTION('',(0.,0.,1.));
#5962 = SURFACE_OF_LINEAR_EXTRUSION('',#5963,#5967);
#5963 = ( BOUNDED_CURVE() B_SPLINE_CURVE(2,(#5964,#5965,#5966),
.UNSPECIFIED.,.F.,.F.) B_SPLINE_CURVE_WITH_KNOTS((3,3),(0.,
5.838450169226E-02),.PIECEWISE_BEZIER_KNOTS.) CURVE() 
GEOMETRIC_REPRESENTATION_ITEM() RATIONAL_B_SPLINE_CURVE((1.,
0.999573936504,1.)) REPRESENTATION_ITEM('') );
#5964 = CARTESIAN_POINT('',(7.347271212551,0.74985957009,0.));
#5965 = CARTESIAN_POINT('',(7.325374903608,0.964403901824,0.));
#5966 = CARTESIAN_POINT('',(7.290996954845,1.177304994502,0.));
#5967 = VECTOR('',#5968,1.);
#5968 = DIRECTION('',(-0.,-0.,-1.));
#5969 = ADVANCED_FACE('',(#5970),#5981,.F.);
#5970 = FACE_BOUND('',#5971,.F.);
#5971 = EDGE_LOOP('',(#5972,#5973,#5979,#5980));
#5972 = ORIENTED_EDGE('',*,*,#5788,.T.);
#5973 = ORIENTED_EDGE('',*,*,#5974,.T.);
#5974 = EDGE_CURVE('',#5752,#5476,#5975,.T.);
#5975 = LINE('',#5976,#5977);
#5976 = CARTESIAN_POINT('',(6.94723502122,0.498876404494,0.));
#5977 = VECTOR('',#5978,1.);
#5978 = DIRECTION('',(0.,0.,1.));
#5979 = ORIENTED_EDGE('',*,*,#5475,.T.);
#5980 = ORIENTED_EDGE('',*,*,#4414,.F.);
#5981 = SURFACE_OF_LINEAR_EXTRUSION('',#5982,#5986);
#5982 = ( BOUNDED_CURVE() B_SPLINE_CURVE(2,(#5983,#5984,#5985),
.UNSPECIFIED.,.F.,.F.) B_SPLINE_CURVE_WITH_KNOTS((3,3),(0.,
0.289919229054),.PIECEWISE_BEZIER_KNOTS.) CURVE() 
GEOMETRIC_REPRESENTATION_ITEM() RATIONAL_B_SPLINE_CURVE((1.,
0.989511740461,1.)) REPRESENTATION_ITEM('') );
#5983 = CARTESIAN_POINT('',(6.94723502122,0.498876404494,0.));
#5984 = CARTESIAN_POINT('',(7.078456218183,0.562846738014,0.));
#5985 = CARTESIAN_POINT('',(7.222488664825,0.586634558785,0.));
#5986 = VECTOR('',#5987,1.);
#5987 = DIRECTION('',(-0.,-0.,-1.));
#5988 = ADVANCED_FACE('',(#5989),#6000,.F.);
#5989 = FACE_BOUND('',#5990,.F.);
#5990 = EDGE_LOOP('',(#5991,#5992,#5998,#5999));
#5991 = ORIENTED_EDGE('',*,*,#5852,.T.);
#5992 = ORIENTED_EDGE('',*,*,#5993,.T.);
#5993 = EDGE_CURVE('',#5825,#5453,#5994,.T.);
#5994 = LINE('',#5995,#5996);
#5995 = CARTESIAN_POINT('',(7.128220527764,1.302672148569,0.));
#5996 = VECTOR('',#5997,1.);
#5997 = DIRECTION('',(0.,0.,1.));
#5998 = ORIENTED_EDGE('',*,*,#5452,.T.);
#5999 = ORIENTED_EDGE('',*,*,#4660,.F.);
#6000 = SURFACE_OF_LINEAR_EXTRUSION('',#6001,#6005);
#6001 = ( BOUNDED_CURVE() B_SPLINE_CURVE(2,(#6002,#6003,#6004),
.UNSPECIFIED.,.F.,.F.) B_SPLINE_CURVE_WITH_KNOTS((3,3),(0.,
0.289919229054),.PIECEWISE_BEZIER_KNOTS.) CURVE() 
GEOMETRIC_REPRESENTATION_ITEM() RATIONAL_B_SPLINE_CURVE((1.,
0.989511740461,1.)) REPRESENTATION_ITEM('') );
#6002 = CARTESIAN_POINT('',(7.128220527764,1.302672148569,0.));
#6003 = CARTESIAN_POINT('',(6.982939126671,1.2883710787,0.));
#6004 = CARTESIAN_POINT('',(6.839632442932,1.316199131068,0.));
#6005 = VECTOR('',#6006,1.);
#6006 = DIRECTION('',(-0.,-0.,-1.));
#6007 = ADVANCED_FACE('',(#6008,#6011),#6061,.F.);
#6008 = FACE_BOUND('',#6009,.F.);
#6009 = EDGE_LOOP('',(#6010));
#6010 = ORIENTED_EDGE('',*,*,#5395,.F.);
#6011 = FACE_BOUND('',#6012,.F.);
#6012 = EDGE_LOOP('',(#6013,#6023,#6031,#6039,#6047,#6055));
#6013 = ORIENTED_EDGE('',*,*,#6014,.T.);
#6014 = EDGE_CURVE('',#6015,#6017,#6019,.T.);
#6015 = VERTEX_POINT('',#6016);
#6016 = CARTESIAN_POINT('',(-3.464101615138,-2.,-1.));
#6017 = VERTEX_POINT('',#6018);
#6018 = CARTESIAN_POINT('',(-3.464101615138,2.,-1.));
#6019 = LINE('',#6020,#6021);
#6020 = CARTESIAN_POINT('',(-3.464101615138,1.,-1.));
#6021 = VECTOR('',#6022,1.);
#6022 = DIRECTION('',(0.,1.,0.));
#6023 = ORIENTED_EDGE('',*,*,#6024,.T.);
#6024 = EDGE_CURVE('',#6017,#6025,#6027,.T.);
#6025 = VERTEX_POINT('',#6026);
#6026 = CARTESIAN_POINT('',(0.,4.,-1.));
#6027 = LINE('',#6028,#6029);
#6028 = CARTESIAN_POINT('',(-0.866025403784,3.5,-1.));
#6029 = VECTOR('',#6030,1.);
#6030 = DIRECTION('',(0.866025403784,0.5,0.));
#6031 = ORIENTED_EDGE('',*,*,#6032,.T.);
#6032 = EDGE_CURVE('',#6025,#6033,#6035,.T.);
#6033 = VERTEX_POINT('',#6034);
#6034 = CARTESIAN_POINT('',(3.464101615138,2.,-1.));
#6035 = LINE('',#6036,#6037);
#6036 = CARTESIAN_POINT('',(2.598076211353,2.5,-1.));
#6037 = VECTOR('',#6038,1.);
#6038 = DIRECTION('',(0.866025403784,-0.5,0.));
#6039 = ORIENTED_EDGE('',*,*,#6040,.T.);
#6040 = EDGE_CURVE('',#6033,#6041,#6043,.T.);
#6041 = VERTEX_POINT('',#6042);
#6042 = CARTESIAN_POINT('',(3.464101615138,-2.,-1.));
#6043 = LINE('',#6044,#6045);
#6044 = CARTESIAN_POINT('',(3.464101615138,-1.,-1.));
#6045 = VECTOR('',#6046,1.);
#6046 = DIRECTION('',(0.,-1.,0.));
#6047 = ORIENTED_EDGE('',*,*,#6048,.T.);
#6048 = EDGE_CURVE('',#6041,#6049,#6051,.T.);
#6049 = VERTEX_POINT('',#6050);
#6050 = CARTESIAN_POINT('',(0.,-4.,-1.));
#6051 = LINE('',#6052,#6053);
#6052 = CARTESIAN_POINT('',(0.866025403784,-3.5,-1.));
#6053 = VECTOR('',#6054,1.);
#6054 = DIRECTION('',(-0.866025403784,-0.5,0.));
#6055 = ORIENTED_EDGE('',*,*,#6056,.T.);
#6056 = EDGE_CURVE('',#6049,#6015,#6057,.T.);
#6057 = LINE('',#6058,#6059);
#6058 = CARTESIAN_POINT('',(-2.598076211353,-2.5,-1.));
#6059 = VECTOR('',#6060,1.);
#6060 = DIRECTION('',(-0.866025403784,0.5,0.));
#6061 = PLANE('',#6062);
#6062 = AXIS2_PLACEMENT_3D('',#6063,#6064,#6065);
#6063 = CARTESIAN_POINT('',(-5.1E-16,-2.E-17,-1.));
#6064 = DIRECTION('',(0.,0.,1.));
#6065 = DIRECTION('',(1.,0.,0.));
#6066 = ADVANCED_FACE('',(#6067),#6086,.T.);
#6067 = FACE_BOUND('',#6068,.T.);
#6068 = EDGE_LOOP('',(#6069,#6077,#6078,#6079));
#6069 = ORIENTED_EDGE('',*,*,#6070,.F.);
#6070 = EDGE_CURVE('',#5413,#6071,#6073,.T.);
#6071 = VERTEX_POINT('',#6072);
#6072 = CARTESIAN_POINT('',(8.,0.,7.5));
#6073 = LINE('',#6074,#6075);
#6074 = CARTESIAN_POINT('',(8.,0.,7.5));
#6075 = VECTOR('',#6076,1.);
#6076 = DIRECTION('',(0.707106781187,0.,0.707106781187));
#6077 = ORIENTED_EDGE('',*,*,#5412,.T.);
#6078 = ORIENTED_EDGE('',*,*,#6070,.T.);
#6079 = ORIENTED_EDGE('',*,*,#6080,.F.);
#6080 = EDGE_CURVE('',#6071,#6071,#6081,.T.);
#6081 = CIRCLE('',#6082,8.);
#6082 = AXIS2_PLACEMENT_3D('',#6083,#6084,#6085);
#6083 = CARTESIAN_POINT('',(0.,0.,7.5));
#6084 = DIRECTION('',(0.,0.,1.));
#6085 = DIRECTION('',(1.,0.,-0.));
#6086 = CONICAL_SURFACE('',#6087,8.,0.785398163397);
#6087 = AXIS2_PLACEMENT_3D('',#6088,#6089,#6090);
#6088 = CARTESIAN_POINT('',(0.,0.,7.5));
#6089 = DIRECTION('',(0.,0.,1.));
#6090 = DIRECTION('',(1.,0.,-0.));
#6091 = ADVANCED_FACE('',(#6092),#6098,.F.);
#6092 = FACE_BOUND('',#6093,.F.);
#6093 = EDGE_LOOP('',(#6094,#6095,#6096,#6097));
#6094 = ORIENTED_EDGE('',*,*,#5691,.T.);
#6095 = ORIENTED_EDGE('',*,*,#5876,.T.);
#6096 = ORIENTED_EDGE('',*,*,#5506,.T.);
#6097 = ORIENTED_EDGE('',*,*,#5924,.F.);
#6098 = SURFACE_OF_LINEAR_EXTRUSION('',#6099,#6103);
#6099 = ( BOUNDED_CURVE() B_SPLINE_CURVE(2,(#6100,#6101,#6102),
.UNSPECIFIED.,.F.,.F.) B_SPLINE_CURVE_WITH_KNOTS((3,3),(0.,
1.508825302794),.PIECEWISE_BEZIER_KNOTS.) CURVE() 
GEOMETRIC_REPRESENTATION_ITEM() RATIONAL_B_SPLINE_CURVE((1.,
0.728673920883,1.)) REPRESENTATION_ITEM('') );
#6100 = CARTESIAN_POINT('',(7.128220527764,-1.302672148569,0.));
#6101 = CARTESIAN_POINT('',(7.268523330614,-1.316483140006,0.));
#6102 = CARTESIAN_POINT('',(7.290996954845,-1.177304994502,0.));
#6103 = VECTOR('',#6104,1.);
#6104 = DIRECTION('',(-0.,-0.,-1.));
#6105 = ADVANCED_FACE('',(#6106),#6112,.F.);
#6106 = FACE_BOUND('',#6107,.F.);
#6107 = EDGE_LOOP('',(#6108,#6109,#6110,#6111));
#6108 = ORIENTED_EDGE('',*,*,#5751,.T.);
#6109 = ORIENTED_EDGE('',*,*,#5907,.T.);
#6110 = ORIENTED_EDGE('',*,*,#5483,.T.);
#6111 = ORIENTED_EDGE('',*,*,#5974,.F.);
#6112 = SURFACE_OF_LINEAR_EXTRUSION('',#6113,#6117);
#6113 = ( BOUNDED_CURVE() B_SPLINE_CURVE(2,(#6114,#6115,#6116),
.UNSPECIFIED.,.F.,.F.) B_SPLINE_CURVE_WITH_KNOTS((3,3),(0.,
2.234397261374),.PIECEWISE_BEZIER_KNOTS.) CURVE() 
GEOMETRIC_REPRESENTATION_ITEM() RATIONAL_B_SPLINE_CURVE((1.,
0.438202247191,1.)) REPRESENTATION_ITEM('') );
#6114 = CARTESIAN_POINT('',(6.94723502122,-0.498876404494,0.));
#6115 = CARTESIAN_POINT('',(5.923898806873,-2.E-15,0.));
#6116 = CARTESIAN_POINT('',(6.94723502122,0.498876404494,0.));
#6117 = VECTOR('',#6118,1.);
#6118 = DIRECTION('',(-0.,-0.,-1.));
#6119 = ADVANCED_FACE('',(#6120),#6126,.F.);
#6120 = FACE_BOUND('',#6121,.F.);
#6121 = EDGE_LOOP('',(#6122,#6123,#6124,#6125));
#6122 = ORIENTED_EDGE('',*,*,#5824,.T.);
#6123 = ORIENTED_EDGE('',*,*,#5957,.T.);
#6124 = ORIENTED_EDGE('',*,*,#5460,.T.);
#6125 = ORIENTED_EDGE('',*,*,#5993,.F.);
#6126 = SURFACE_OF_LINEAR_EXTRUSION('',#6127,#6131);
#6127 = ( BOUNDED_CURVE() B_SPLINE_CURVE(2,(#6128,#6129,#6130),
.UNSPECIFIED.,.F.,.F.) B_SPLINE_CURVE_WITH_KNOTS((3,3),(0.,
1.508825302794),.PIECEWISE_BEZIER_KNOTS.) CURVE() 
GEOMETRIC_REPRESENTATION_ITEM() RATIONAL_B_SPLINE_CURVE((1.,
0.728673920883,1.)) REPRESENTATION_ITEM('') );
#6128 = CARTESIAN_POINT('',(7.290996954845,1.177304994502,0.));
#6129 = CARTESIAN_POINT('',(7.268523330614,1.316483140006,0.));
#6130 = CARTESIAN_POINT('',(7.128220527764,1.302672148569,0.));
#6131 = VECTOR('',#6132,1.);
#6132 = DIRECTION('',(-0.,-0.,-1.));
#6133 = ADVANCED_FACE('',(#6134,#6159),#6162,.F.);
#6134 = FACE_BOUND('',#6135,.F.);
#6135 = EDGE_LOOP('',(#6136,#6146,#6152,#6153));
#6136 = ORIENTED_EDGE('',*,*,#6137,.F.);
#6137 = EDGE_CURVE('',#6138,#6140,#6142,.T.);
#6138 = VERTEX_POINT('',#6139);
#6139 = CARTESIAN_POINT('',(3.464101615138,-2.,8.));
#6140 = VERTEX_POINT('',#6141);
#6141 = CARTESIAN_POINT('',(3.464101615138,2.,8.));
#6142 = LINE('',#6143,#6144);
#6143 = CARTESIAN_POINT('',(3.464101615138,-2.,8.));
#6144 = VECTOR('',#6145,1.);
#6145 = DIRECTION('',(0.,1.,0.));
#6146 = ORIENTED_EDGE('',*,*,#6147,.T.);
#6147 = EDGE_CURVE('',#6138,#6041,#6148,.T.);
#6148 = LINE('',#6149,#6150);
#6149 = CARTESIAN_POINT('',(3.464101615138,-2.,8.));
#6150 = VECTOR('',#6151,1.);
#6151 = DIRECTION('',(-0.,-0.,-1.));
#6152 = ORIENTED_EDGE('',*,*,#6040,.F.);
#6153 = ORIENTED_EDGE('',*,*,#6154,.F.);
#6154 = EDGE_CURVE('',#6140,#6033,#6155,.T.);
#6155 = LINE('',#6156,#6157);
#6156 = CARTESIAN_POINT('',(3.464101615138,2.,8.));
#6157 = VECTOR('',#6158,1.);
#6158 = DIRECTION('',(-0.,-0.,-1.));
#6159 = FACE_BOUND('',#6160,.F.);
#6160 = EDGE_LOOP('',(#6161));
#6161 = ORIENTED_EDGE('',*,*,#5641,.F.);
#6162 = PLANE('',#6163);
#6163 = AXIS2_PLACEMENT_3D('',#6164,#6165,#6166);
#6164 = CARTESIAN_POINT('',(3.464101615138,-2.,8.));
#6165 = DIRECTION('',(1.,0.,0.));
#6166 = DIRECTION('',(0.,1.,0.));
#6167 = ADVANCED_FACE('',(#6168),#6193,.F.);
#6168 = FACE_BOUND('',#6169,.F.);
#6169 = EDGE_LOOP('',(#6170,#6180,#6186,#6187));
#6170 = ORIENTED_EDGE('',*,*,#6171,.F.);
#6171 = EDGE_CURVE('',#6172,#6174,#6176,.T.);
#6172 = VERTEX_POINT('',#6173);
#6173 = CARTESIAN_POINT('',(-3.464101615138,2.,8.));
#6174 = VERTEX_POINT('',#6175);
#6175 = CARTESIAN_POINT('',(-3.464101615138,-2.,8.));
#6176 = LINE('',#6177,#6178);
#6177 = CARTESIAN_POINT('',(-3.464101615138,2.,8.));
#6178 = VECTOR('',#6179,1.);
#6179 = DIRECTION('',(0.,-1.,0.));
#6180 = ORIENTED_EDGE('',*,*,#6181,.T.);
#6181 = EDGE_CURVE('',#6172,#6017,#6182,.T.);
#6182 = LINE('',#6183,#6184);
#6183 = CARTESIAN_POINT('',(-3.464101615138,2.,8.));
#6184 = VECTOR('',#6185,1.);
#6185 = DIRECTION('',(-0.,-0.,-1.));
#6186 = ORIENTED_EDGE('',*,*,#6014,.F.);
#6187 = ORIENTED_EDGE('',*,*,#6188,.F.);
#6188 = EDGE_CURVE('',#6174,#6015,#6189,.T.);
#6189 = LINE('',#6190,#6191);
#6190 = CARTESIAN_POINT('',(-3.464101615138,-2.,8.));
#6191 = VECTOR('',#6192,1.);
#6192 = DIRECTION('',(-0.,-0.,-1.));
#6193 = PLANE('',#6194);
#6194 = AXIS2_PLACEMENT_3D('',#6195,#6196,#6197);
#6195 = CARTESIAN_POINT('',(-3.464101615138,2.,8.));
#6196 = DIRECTION('',(-1.,0.,0.));
#6197 = DIRECTION('',(0.,-1.,0.));
#6198 = ADVANCED_FACE('',(#6199),#6217,.F.);
#6199 = FACE_BOUND('',#6200,.F.);
#6200 = EDGE_LOOP('',(#6201,#6209,#6210,#6211));
#6201 = ORIENTED_EDGE('',*,*,#6202,.F.);
#6202 = EDGE_CURVE('',#6174,#6203,#6205,.T.);
#6203 = VERTEX_POINT('',#6204);
#6204 = CARTESIAN_POINT('',(0.,-4.,8.));
#6205 = LINE('',#6206,#6207);
#6206 = CARTESIAN_POINT('',(-3.464101615138,-2.,8.));
#6207 = VECTOR('',#6208,1.);
#6208 = DIRECTION('',(0.866025403784,-0.5,0.));
#6209 = ORIENTED_EDGE('',*,*,#6188,.T.);
#6210 = ORIENTED_EDGE('',*,*,#6056,.F.);
#6211 = ORIENTED_EDGE('',*,*,#6212,.F.);
#6212 = EDGE_CURVE('',#6203,#6049,#6213,.T.);
#6213 = LINE('',#6214,#6215);
#6214 = CARTESIAN_POINT('',(0.,-4.,8.));
#6215 = VECTOR('',#6216,1.);
#6216 = DIRECTION('',(-0.,-0.,-1.));
#6217 = PLANE('',#6218);
#6218 = AXIS2_PLACEMENT_3D('',#6219,#6220,#6221);
#6219 = CARTESIAN_POINT('',(-3.464101615138,-2.,8.));
#6220 = DIRECTION('',(-0.5,-0.866025403784,0.));
#6221 = DIRECTION('',(0.866025403784,-0.5,0.));
#6222 = ADVANCED_FACE('',(#6223),#6234,.F.);
#6223 = FACE_BOUND('',#6224,.F.);
#6224 = EDGE_LOOP('',(#6225,#6231,#6232,#6233));
#6225 = ORIENTED_EDGE('',*,*,#6226,.F.);
#6226 = EDGE_CURVE('',#6203,#6138,#6227,.T.);
#6227 = LINE('',#6228,#6229);
#6228 = CARTESIAN_POINT('',(0.,-4.,8.));
#6229 = VECTOR('',#6230,1.);
#6230 = DIRECTION('',(0.866025403784,0.5,0.));
#6231 = ORIENTED_EDGE('',*,*,#6212,.T.);
#6232 = ORIENTED_EDGE('',*,*,#6048,.F.);
#6233 = ORIENTED_EDGE('',*,*,#6147,.F.);
#6234 = PLANE('',#6235);
#6235 = AXIS2_PLACEMENT_3D('',#6236,#6237,#6238);
#6236 = CARTESIAN_POINT('',(0.,-4.,8.));
#6237 = DIRECTION('',(0.5,-0.866025403784,0.));
#6238 = DIRECTION('',(0.866025403784,0.5,0.));
#6239 = ADVANCED_FACE('',(#6240),#6258,.F.);
#6240 = FACE_BOUND('',#6241,.F.);
#6241 = EDGE_LOOP('',(#6242,#6250,#6251,#6252));
#6242 = ORIENTED_EDGE('',*,*,#6243,.F.);
#6243 = EDGE_CURVE('',#6140,#6244,#6246,.T.);
#6244 = VERTEX_POINT('',#6245);
#6245 = CARTESIAN_POINT('',(0.,4.,8.));
#6246 = LINE('',#6247,#6248);
#6247 = CARTESIAN_POINT('',(3.464101615138,2.,8.));
#6248 = VECTOR('',#6249,1.);
#6249 = DIRECTION('',(-0.866025403784,0.5,0.));
#6250 = ORIENTED_EDGE('',*,*,#6154,.T.);
#6251 = ORIENTED_EDGE('',*,*,#6032,.F.);
#6252 = ORIENTED_EDGE('',*,*,#6253,.F.);
#6253 = EDGE_CURVE('',#6244,#6025,#6254,.T.);
#6254 = LINE('',#6255,#6256);
#6255 = CARTESIAN_POINT('',(0.,4.,8.));
#6256 = VECTOR('',#6257,1.);
#6257 = DIRECTION('',(-0.,-0.,-1.));
#6258 = PLANE('',#6259);
#6259 = AXIS2_PLACEMENT_3D('',#6260,#6261,#6262);
#6260 = CARTESIAN_POINT('',(3.464101615138,2.,8.));
#6261 = DIRECTION('',(0.5,0.866025403784,0.));
#6262 = DIRECTION('',(-0.866025403784,0.5,0.));
#6263 = ADVANCED_FACE('',(#6264),#6275,.F.);
#6264 = FACE_BOUND('',#6265,.F.);
#6265 = EDGE_LOOP('',(#6266,#6272,#6273,#6274));
#6266 = ORIENTED_EDGE('',*,*,#6267,.F.);
#6267 = EDGE_CURVE('',#6244,#6172,#6268,.T.);
#6268 = LINE('',#6269,#6270);
#6269 = CARTESIAN_POINT('',(0.,4.,8.));
#6270 = VECTOR('',#6271,1.);
#6271 = DIRECTION('',(-0.866025403784,-0.5,0.));
#6272 = ORIENTED_EDGE('',*,*,#6253,.T.);
#6273 = ORIENTED_EDGE('',*,*,#6024,.F.);
#6274 = ORIENTED_EDGE('',*,*,#6181,.F.);
#6275 = PLANE('',#6276);
#6276 = AXIS2_PLACEMENT_3D('',#6277,#6278,#6279);
#6277 = CARTESIAN_POINT('',(0.,4.,8.));
#6278 = DIRECTION('',(-0.5,0.866025403784,0.));
#6279 = DIRECTION('',(-0.866025403784,-0.5,0.));
#6280 = ADVANCED_FACE('',(#6281),#6300,.T.);
#6281 = FACE_BOUND('',#6282,.F.);
#6282 = EDGE_LOOP('',(#6283,#6291,#6298,#6299));
#6283 = ORIENTED_EDGE('',*,*,#6284,.T.);
#6284 = EDGE_CURVE('',#6071,#6285,#6287,.T.);
#6285 = VERTEX_POINT('',#6286);
#6286 = CARTESIAN_POINT('',(8.,0.,8.));
#6287 = LINE('',#6288,#6289);
#6288 = CARTESIAN_POINT('',(8.,0.,7.));
#6289 = VECTOR('',#6290,1.);
#6290 = DIRECTION('',(0.,0.,1.));
#6291 = ORIENTED_EDGE('',*,*,#6292,.T.);
#6292 = EDGE_CURVE('',#6285,#6285,#6293,.T.);
#6293 = CIRCLE('',#6294,8.);
#6294 = AXIS2_PLACEMENT_3D('',#6295,#6296,#6297);
#6295 = CARTESIAN_POINT('',(0.,0.,8.));
#6296 = DIRECTION('',(0.,0.,1.));
#6297 = DIRECTION('',(1.,0.,0.));
#6298 = ORIENTED_EDGE('',*,*,#6284,.F.);
#6299 = ORIENTED_EDGE('',*,*,#6080,.F.);
#6300 = CYLINDRICAL_SURFACE('',#6301,8.);
#6301 = AXIS2_PLACEMENT_3D('',#6302,#6303,#6304);
#6302 = CARTESIAN_POINT('',(0.,0.,7.));
#6303 = DIRECTION('',(-0.,-0.,-1.));
#6304 = DIRECTION('',(1.,0.,0.));
#6305 = ADVANCED_FACE('',(#6306,#6309),#6317,.T.);
#6306 = FACE_BOUND('',#6307,.T.);
#6307 = EDGE_LOOP('',(#6308));
#6308 = ORIENTED_EDGE('',*,*,#6292,.T.);
#6309 = FACE_BOUND('',#6310,.T.);
#6310 = EDGE_LOOP('',(#6311,#6312,#6313,#6314,#6315,#6316));
#6311 = ORIENTED_EDGE('',*,*,#6267,.F.);
#6312 = ORIENTED_EDGE('',*,*,#6243,.F.);
#6313 = ORIENTED_EDGE('',*,*,#6137,.F.);
#6314 = ORIENTED_EDGE('',*,*,#6226,.F.);
#6315 = ORIENTED_EDGE('',*,*,#6202,.F.);
#6316 = ORIENTED_EDGE('',*,*,#6171,.F.);
#6317 = PLANE('',#6318);
#6318 = AXIS2_PLACEMENT_3D('',#6319,#6320,#6321);
#6319 = CARTESIAN_POINT('',(-5.1E-16,2.E-17,8.));
#6320 = DIRECTION('',(0.,0.,1.));
#6321 = DIRECTION('',(1.,0.,0.));
#6322 = ( GEOMETRIC_REPRESENTATION_CONTEXT(3) 
GLOBAL_UNCERTAINTY_ASSIGNED_CONTEXT((#6326)) 
GLOBAL_UNIT_ASSIGNED_CONTEXT((#6323,#6324,#6325)) REPRESENTATION_CONTEXT
('Context #1','3D Context with UNIT and UNCERTAINTY') );
#6323 = ( LENGTH_UNIT() NAMED_UNIT(*) SI_UNIT(.MILLI.,.METRE.) );
#6324 = ( NAMED_UNIT(*) PLANE_ANGLE_UNIT() SI_UNIT($,.RADIAN.) );
#6325 = ( NAMED_UNIT(*) SI_UNIT($,.STERADIAN.) SOLID_ANGLE_UNIT() );
#6326 = UNCERTAINTY_MEASURE_WITH_UNIT(LENGTH_MEASURE(5.E-07),#6323,
  'distance_accuracy_value','confusion accuracy');
#6327 = PRODUCT_RELATED_PRODUCT_CATEGORY('part',$,(#7));
#6328 = MECHANICAL_DESIGN_GEOMETRIC_PRESENTATION_REPRESENTATION('',(
    #6329),#6322);
#6329 = STYLED_ITEM('color',(#6330),#15);
#6330 = PRESENTATION_STYLE_ASSIGNMENT((#6331,#6337));
#6331 = SURFACE_STYLE_USAGE(.BOTH.,#6332);
#6332 = SURFACE_SIDE_STYLE('',(#6333));
#6333 = SURFACE_STYLE_FILL_AREA(#6334);
#6334 = FILL_AREA_STYLE('',(#6335));
#6335 = FILL_AREA_STYLE_COLOUR('',#6336);
#6336 = COLOUR_RGB('',0.447058818107,0.474509808674,0.501960817233);
#6337 = CURVE_STYLE('',#6338,POSITIVE_LENGTH_MEASURE(0.1),#6339);
#6338 = DRAUGHTING_PRE_DEFINED_CURVE_FONT('continuous');
#6339 = COLOUR_RGB('',9.803921802644E-02,9.803921802644E-02,
  9.803921802644E-02);
ENDSEC;
END-ISO-10303-21;
