ISO-10303-21;
HEADER;
FILE_DESCRIPTION(('FreeCAD Model'),'2;1');
FILE_NAME('Open CASCADE Shape Model','2026-08-31T05:34:24',('Author'),(
    ''),'Open CASCADE STEP processor 7.9','FreeCAD','Unknown');
FILE_SCHEMA(('AUTOMOTIVE_DESIGN { 1 0 10303 214 1 1 1 1 }'));
ENDSEC;
DATA;
#1 = APPLICATION_PROTOCOL_DEFINITION('international standard',
  'automotive_design',2000,#2);
#2 = APPLICATION_CONTEXT(
  'core data for automotive mechanical design processes');
#3 = SHAPE_DEFINITION_REPRESENTATION(#4,#10);
#4 = PRODUCT_DEFINITION_SHAPE('','',#5);
#5 = PRODUCT_DEFINITION('design','',#6,#9);
#6 = PRODUCT_DEFINITION_FORMATION('','',#7);
#7 = PRODUCT('2040-3R profile_Standard','2040-3R profile_Standard','',(
    #8));
#8 = PRODUCT_CONTEXT('',#2,'mechanical');
#9 = PRODUCT_DEFINITION_CONTEXT('part definition',#2,'design');
#10 = ADVANCED_BREP_SHAPE_REPRESENTATION('',(#11,#15),#5782);
#11 = AXIS2_PLACEMENT_3D('',#12,#13,#14);
#12 = CARTESIAN_POINT('',(0.,0.,0.));
#13 = DIRECTION('',(0.,0.,1.));
#14 = DIRECTION('',(1.,0.,-0.));
#15 = MANIFOLD_SOLID_BREP('',#16);
#16 = CLOSED_SHELL('',(#17,#187,#357,#389,#431,#473,#515,#593,#671,#741,
    #801,#832,#863,#895,#927,#971,#996,#1037,#1078,#1103,#1153,#1213,
    #1273,#1306,#1458,#1498,#2419,#2443,#2468,#2499,#2523,#2547,#2571,
    #2595,#2619,#2643,#2667,#2691,#2715,#2739,#2763,#2794,#2818,#2842,
    #2873,#2906,#2930,#2961,#2992,#3016,#3058,#3107,#3131,#3155,#3186,
    #3217,#3248,#3279,#3310,#3334,#3358,#3389,#3413,#3437,#3468,#3499,
    #3530,#3554,#3585,#3609,#3651,#3700,#3724,#3748,#3772,#3796,#3820,
    #3844,#3868,#3899,#3923,#3947,#3971,#3995,#4019,#4043,#4067,#4091,
    #4115,#4139,#4163,#4201,#4218,#4235,#4266,#4302,#4319,#4336,#4369,
    #4393,#4417,#4441,#4472,#4496,#4513,#4537,#4561,#4578,#4596,#4621,
    #4638,#4656,#4673,#4690,#4708,#4726,#4744,#4762,#4787,#4804,#4828,
    #4845,#4869,#4887,#4905,#4923,#4941,#4966,#4983,#5000,#5018,#5042,
    #5060,#5084,#5101,#5118,#5135,#5152,#5169,#5181,#5193,#5205,#5229,
    #5246,#5453,#5470,#5487,#5504,#5521,#5538,#5555,#5572,#5584,#5596,
    #5608,#5620,#5635,#5652,#5669,#5679,#5694,#5711,#5728,#5738,#5760));
#17 = ADVANCED_FACE('',(#18,#92),#182,.F.);
#18 = FACE_BOUND('',#19,.F.);
#19 = EDGE_LOOP('',(#20,#59));
#20 = ORIENTED_EDGE('',*,*,#21,.T.);
#21 = EDGE_CURVE('',#22,#24,#26,.T.);
#22 = VERTEX_POINT('',#23);
#23 = CARTESIAN_POINT('',(98.969223593596,0.,-2.));
#24 = VERTEX_POINT('',#25);
#25 = CARTESIAN_POINT('',(98.969223593596,-1.E-14,2.));
#26 = B_SPLINE_CURVE_WITH_KNOTS('',3,(#27,#28,#29,#30,#31,#32,#33,#34,
    #35,#36,#37,#38,#39,#40,#41,#42,#43,#44,#45,#46,#47,#48,#49,#50,#51,
    #52,#53,#54,#55,#56,#57,#58),.UNSPECIFIED.,.F.,.F.,(4,2,2,2,2,2,2,2,
    2,2,2,2,2,2,2,4),(6.809005269349E-03,7.233330936891E-03,
    7.657656604433E-03,8.081982271975E-03,8.506307939517E-03,
    8.930633607059E-03,9.354959274601E-03,9.779284942143E-03,
    1.020361060969E-02,1.105226194477E-02,1.147658761231E-02,
    1.190091327985E-02,1.23252389474E-02,1.274956461494E-02,
    1.317389028248E-02,1.359821595002E-02),.UNSPECIFIED.);
#27 = CARTESIAN_POINT('',(98.969223593596,2.5E-16,-2.));
#28 = CARTESIAN_POINT('',(98.969223593596,0.141905065762,-2.));
#29 = CARTESIAN_POINT('',(98.937645092705,0.284195447886,-1.984198285702
    ));
#30 = CARTESIAN_POINT('',(98.840179414005,0.545300738349,-1.928848618824
    ));
#31 = CARTESIAN_POINT('',(98.774925254283,0.668261899727,-1.889128968948
    ));
#32 = CARTESIAN_POINT('',(98.636906124577,0.896543778769,-1.792091370633
    ));
#33 = CARTESIAN_POINT('',(98.563447919713,1.002967102889,-1.734578252146
    ));
#34 = CARTESIAN_POINT('',(98.415632251369,1.205189733197,-1.600694358488
    ));
#35 = CARTESIAN_POINT('',(98.340879156886,1.301129261832,-1.523830019459
    ));
#36 = CARTESIAN_POINT('',(98.199388365087,1.477314334773,-1.353712539823
    ));
#37 = CARTESIAN_POINT('',(98.131980510315,1.558378370614,-1.260034176515
    ));
#38 = CARTESIAN_POINT('',(98.007459778082,1.705656140057,-1.052124709277
    ));
#39 = CARTESIAN_POINT('',(97.950175454973,1.77200370767,-0.936947032219)
  );
#40 = CARTESIAN_POINT('',(97.855316737114,1.880926041264,-0.692808854213
    ));
#41 = CARTESIAN_POINT('',(97.816567105384,1.924856078899,-0.560831446452
    ));
#42 = CARTESIAN_POINT('',(97.764057042116,1.984220912624,-0.28717626244)
  );
#43 = CARTESIAN_POINT('',(97.750299866615,1.999662649869,-0.147456885181
    ));
#44 = CARTESIAN_POINT('',(97.749414674632,2.000658491414,0.280967232616)
  );
#45 = CARTESIAN_POINT('',(97.80615245648,1.937346963633,0.56451780988));
#46 = CARTESIAN_POINT('',(97.948124441883,1.774374498047,0.932519996822)
  );
#47 = CARTESIAN_POINT('',(98.005224209927,1.708265425256,1.047921479072)
  );
#48 = CARTESIAN_POINT('',(98.129705339715,1.561102952004,1.256689206872)
  );
#49 = CARTESIAN_POINT('',(98.197244448345,1.479931097275,1.350907069002)
  );
#50 = CARTESIAN_POINT('',(98.339307052315,1.303138342674,1.522161759345)
  );
#51 = CARTESIAN_POINT('',(98.414139007138,1.207142744784,1.599217102665)
  );
#52 = CARTESIAN_POINT('',(98.561882557692,1.005196645176,1.73328262331)
  );
#53 = CARTESIAN_POINT('',(98.635513677421,0.898689031245,1.791054394172)
  );
#54 = CARTESIAN_POINT('',(98.774275120929,0.669492740475,1.888729013971)
  );
#55 = CARTESIAN_POINT('',(98.839354445773,0.547151796034,1.928363754265)
  );
#56 = CARTESIAN_POINT('',(98.937487778015,0.284972292028,1.984125159722)
  );
#57 = CARTESIAN_POINT('',(98.969223593596,0.144084478043,2.));
#58 = CARTESIAN_POINT('',(98.969223593596,-1.03E-14,2.));
#59 = ORIENTED_EDGE('',*,*,#60,.T.);
#60 = EDGE_CURVE('',#24,#22,#61,.T.);
#61 = B_SPLINE_CURVE_WITH_KNOTS('',3,(#62,#63,#64,#65,#66,#67,#68,#69,
    #70,#71,#72,#73,#74,#75,#76,#77,#78,#79,#80,#81,#82,#83,#84,#85,#86,
    #87,#88,#89,#90,#91),.UNSPECIFIED.,.F.,.F.,(4,2,2,2,2,2,2,2,2,2,2,2,
    2,2,4),(1.E-17,4.255628293343E-04,8.511256586686E-04,
    1.276688488003E-03,1.702251317337E-03,2.553376976006E-03,
    2.97893980534E-03,3.404502634674E-03,3.830065464009E-03,
    4.255628293343E-03,5.106753952011E-03,5.95787961068E-03,
    6.383442440014E-03,6.596223854681E-03,6.809005269349E-03),
  .UNSPECIFIED.);
#62 = CARTESIAN_POINT('',(98.969223593596,-1.03E-14,2.));
#63 = CARTESIAN_POINT('',(98.969223593596,-0.144504570026,2.));
#64 = CARTESIAN_POINT('',(98.937823389252,-0.283872736257,1.984306585551
    ));
#65 = CARTESIAN_POINT('',(98.839575766053,-0.546762270737,1.928498736102
    ));
#66 = CARTESIAN_POINT('',(98.775491606073,-0.667297281446,1.889516959777
    ));
#67 = CARTESIAN_POINT('',(98.636701296101,-0.89691036959,1.791957530756)
  );
#68 = CARTESIAN_POINT('',(98.562501166738,-1.004294216657,1.7337648867)
  );
#69 = CARTESIAN_POINT('',(98.415474867012,-1.205372919495,1.600507319856
    ));
#70 = CARTESIAN_POINT('',(98.342038307556,-1.299665352823,1.525135805857
    ));
#71 = CARTESIAN_POINT('',(98.128494754094,-1.565632175293,1.268650036152
    ));
#72 = CARTESIAN_POINT('',(97.997929062142,-1.717177157943,1.060223761663
    ));
#73 = CARTESIAN_POINT('',(97.854528742954,-1.881827370589,0.690593007089
    ));
#74 = CARTESIAN_POINT('',(97.816573112428,-1.924849411504,0.560920578741
    ));
#75 = CARTESIAN_POINT('',(97.76398480552,-1.984302455156,0.28674190326)
  );
#76 = CARTESIAN_POINT('',(97.75016684055,-1.999812304347,0.144148248467)
  );
#77 = CARTESIAN_POINT('',(97.749836229328,-2.00018424204,-0.138891929391
    ));
#78 = CARTESIAN_POINT('',(97.763544460854,-1.984797243916,
    -0.283004176239));
#79 = CARTESIAN_POINT('',(97.815390819705,-1.926188981256,
    -0.556154179805));
#80 = CARTESIAN_POINT('',(97.853868091385,-1.882578010131,
    -0.688461320029));
#81 = CARTESIAN_POINT('',(97.996409361548,-1.718937644797,
    -1.057151449378));
#82 = CARTESIAN_POINT('',(98.127867546436,-1.566326769208,
    -1.267525223152));
#83 = CARTESIAN_POINT('',(98.410773712905,-1.214141596291,
    -1.608060920308));
#84 = CARTESIAN_POINT('',(98.567651872533,-1.010835008672,
    -1.743307138764));
#85 = CARTESIAN_POINT('',(98.773796322587,-0.670255192166,
    -1.888381522913));
#86 = CARTESIAN_POINT('',(98.838717526247,-0.548653153695,
    -1.927992637253));
#87 = CARTESIAN_POINT('',(98.912860967472,-0.350866215029,
    -1.970136257278));
#88 = CARTESIAN_POINT('',(98.93319757664,-0.283268380013,-1.981082825653
    ));
#89 = CARTESIAN_POINT('',(98.961511166958,-0.143640596566,
    -1.996070518853));
#90 = CARTESIAN_POINT('',(98.969223593596,-7.11594017308E-02,-2.));
#91 = CARTESIAN_POINT('',(98.969223593596,2.5E-16,-2.));
#92 = FACE_BOUND('',#93,.F.);
#93 = EDGE_LOOP('',(#94,#105,#114,#123,#131,#140,#149,#158,#167,#175));
#94 = ORIENTED_EDGE('',*,*,#95,.T.);
#95 = EDGE_CURVE('',#96,#98,#100,.T.);
#96 = VERTEX_POINT('',#97);
#97 = CARTESIAN_POINT('',(97.806258903152,-4.,-0.5));
#98 = VERTEX_POINT('',#99);
#99 = CARTESIAN_POINT('',(97.75,-3.5,-2.4E-14));
#100 = ( BOUNDED_CURVE() B_SPLINE_CURVE(3,(#101,#102,#103,#104),
.UNSPECIFIED.,.F.,.F.) B_SPLINE_CURVE_WITH_KNOTS((4,4),(4.488295888083,
4.712388980385),.PIECEWISE_BEZIER_KNOTS.) CURVE() 
GEOMETRIC_REPRESENTATION_ITEM() RATIONAL_B_SPLINE_CURVE((1.,
0.995819566824,0.995819566824,1.)) REPRESENTATION_ITEM('') );
#101 = CARTESIAN_POINT('',(97.806258903152,-4.,-0.5));
#102 = CARTESIAN_POINT('',(97.768831692349,-3.835788779041,
    -0.335788779041));
#103 = CARTESIAN_POINT('',(97.75,-3.668422448614,-0.168422448614));
#104 = CARTESIAN_POINT('',(97.75,-3.5,-2.398E-14));
#105 = ORIENTED_EDGE('',*,*,#106,.T.);
#106 = EDGE_CURVE('',#98,#107,#109,.T.);
#107 = VERTEX_POINT('',#108);
#108 = CARTESIAN_POINT('',(97.806258903152,-4.,0.5));
#109 = ( BOUNDED_CURVE() B_SPLINE_CURVE(3,(#110,#111,#112,#113),
.UNSPECIFIED.,.F.,.F.) B_SPLINE_CURVE_WITH_KNOTS((4,4),(1.570796326795,
1.794889419096),.PIECEWISE_BEZIER_KNOTS.) CURVE() 
GEOMETRIC_REPRESENTATION_ITEM() RATIONAL_B_SPLINE_CURVE((1.,
0.995819566824,0.995819566824,1.)) REPRESENTATION_ITEM('') );
#110 = CARTESIAN_POINT('',(97.75,-3.5,-2.398E-14));
#111 = CARTESIAN_POINT('',(97.75,-3.668422448614,0.168422448614));
#112 = CARTESIAN_POINT('',(97.768831692349,-3.835788779041,
    0.335788779041));
#113 = CARTESIAN_POINT('',(97.806258903152,-4.,0.5));
#114 = ORIENTED_EDGE('',*,*,#115,.T.);
#115 = EDGE_CURVE('',#107,#116,#118,.T.);
#116 = VERTEX_POINT('',#117);
#117 = CARTESIAN_POINT('',(100.,-4.,2.25));
#118 = CIRCLE('',#119,2.25);
#119 = AXIS2_PLACEMENT_3D('',#120,#121,#122);
#120 = CARTESIAN_POINT('',(100.,-4.,-3.5E-16));
#121 = DIRECTION('',(0.,1.,0.));
#122 = DIRECTION('',(0.,-0.,1.));
#123 = ORIENTED_EDGE('',*,*,#124,.T.);
#124 = EDGE_CURVE('',#116,#125,#127,.T.);
#125 = VERTEX_POINT('',#126);
#126 = CARTESIAN_POINT('',(100.,4.,2.25));
#127 = LINE('',#128,#129);
#128 = CARTESIAN_POINT('',(100.,-10.,2.25));
#129 = VECTOR('',#130,1.);
#130 = DIRECTION('',(-0.,1.,9.E-17));
#131 = ORIENTED_EDGE('',*,*,#132,.T.);
#132 = EDGE_CURVE('',#125,#133,#135,.T.);
#133 = VERTEX_POINT('',#134);
#134 = CARTESIAN_POINT('',(97.806258903152,4.,0.5));
#135 = CIRCLE('',#136,2.25);
#136 = AXIS2_PLACEMENT_3D('',#137,#138,#139);
#137 = CARTESIAN_POINT('',(100.,4.,3.5E-16));
#138 = DIRECTION('',(0.,-1.,0.));
#139 = DIRECTION('',(0.,0.,-1.));
#140 = ORIENTED_EDGE('',*,*,#141,.T.);
#141 = EDGE_CURVE('',#133,#142,#144,.T.);
#142 = VERTEX_POINT('',#143);
#143 = CARTESIAN_POINT('',(97.75,3.5,-0.));
#144 = ( BOUNDED_CURVE() B_SPLINE_CURVE(3,(#145,#146,#147,#148),
.UNSPECIFIED.,.F.,.F.) B_SPLINE_CURVE_WITH_KNOTS((4,4),(1.346703234494,
1.570796326795),.PIECEWISE_BEZIER_KNOTS.) CURVE() 
GEOMETRIC_REPRESENTATION_ITEM() RATIONAL_B_SPLINE_CURVE((1.,
0.995819566824,0.995819566824,1.)) REPRESENTATION_ITEM('') );
#145 = CARTESIAN_POINT('',(97.806258903152,4.,0.5));
#146 = CARTESIAN_POINT('',(97.768831692349,3.835788779041,0.335788779041
    ));
#147 = CARTESIAN_POINT('',(97.75,3.668422448614,0.168422448614));
#148 = CARTESIAN_POINT('',(97.75,3.5,-4.6E-16));
#149 = ORIENTED_EDGE('',*,*,#150,.T.);
#150 = EDGE_CURVE('',#142,#151,#153,.T.);
#151 = VERTEX_POINT('',#152);
#152 = CARTESIAN_POINT('',(97.806258903152,4.,-0.5));
#153 = ( BOUNDED_CURVE() B_SPLINE_CURVE(3,(#154,#155,#156,#157),
.UNSPECIFIED.,.F.,.F.) B_SPLINE_CURVE_WITH_KNOTS((4,4),(4.712388980385,
4.936482072686),.PIECEWISE_BEZIER_KNOTS.) CURVE() 
GEOMETRIC_REPRESENTATION_ITEM() RATIONAL_B_SPLINE_CURVE((1.,
0.995819566824,0.995819566824,1.)) REPRESENTATION_ITEM('') );
#154 = CARTESIAN_POINT('',(97.75,3.5,-4.6E-16));
#155 = CARTESIAN_POINT('',(97.75,3.668422448614,-0.168422448614));
#156 = CARTESIAN_POINT('',(97.768831692349,3.835788779041,
    -0.335788779041));
#157 = CARTESIAN_POINT('',(97.806258903152,4.,-0.5));
#158 = ORIENTED_EDGE('',*,*,#159,.T.);
#159 = EDGE_CURVE('',#151,#160,#162,.T.);
#160 = VERTEX_POINT('',#161);
#161 = CARTESIAN_POINT('',(100.,4.,-2.25));
#162 = CIRCLE('',#163,2.25);
#163 = AXIS2_PLACEMENT_3D('',#164,#165,#166);
#164 = CARTESIAN_POINT('',(100.,4.,3.5E-16));
#165 = DIRECTION('',(0.,-1.,0.));
#166 = DIRECTION('',(0.,0.,-1.));
#167 = ORIENTED_EDGE('',*,*,#168,.F.);
#168 = EDGE_CURVE('',#169,#160,#171,.T.);
#169 = VERTEX_POINT('',#170);
#170 = CARTESIAN_POINT('',(100.,-4.,-2.25));
#171 = LINE('',#172,#173);
#172 = CARTESIAN_POINT('',(100.,-10.,-2.25));
#173 = VECTOR('',#174,1.);
#174 = DIRECTION('',(-0.,1.,9.E-17));
#175 = ORIENTED_EDGE('',*,*,#176,.T.);
#176 = EDGE_CURVE('',#169,#96,#177,.T.);
#177 = CIRCLE('',#178,2.25);
#178 = AXIS2_PLACEMENT_3D('',#179,#180,#181);
#179 = CARTESIAN_POINT('',(100.,-4.,-3.5E-16));
#180 = DIRECTION('',(0.,1.,0.));
#181 = DIRECTION('',(0.,-0.,1.));
#182 = CYLINDRICAL_SURFACE('',#183,2.25);
#183 = AXIS2_PLACEMENT_3D('',#184,#185,#186);
#184 = CARTESIAN_POINT('',(100.,-10.,-8.7E-16));
#185 = DIRECTION('',(-0.,1.,9.E-17));
#186 = DIRECTION('',(0.,-9.E-17,1.));
#187 = ADVANCED_FACE('',(#188,#262),#352,.F.);
#188 = FACE_BOUND('',#189,.F.);
#189 = EDGE_LOOP('',(#190,#229));
#190 = ORIENTED_EDGE('',*,*,#191,.T.);
#191 = EDGE_CURVE('',#192,#194,#196,.T.);
#192 = VERTEX_POINT('',#193);
#193 = CARTESIAN_POINT('',(248.96922359359,0.,-2.));
#194 = VERTEX_POINT('',#195);
#195 = CARTESIAN_POINT('',(248.96922359359,-7.E-15,2.));
#196 = B_SPLINE_CURVE_WITH_KNOTS('',3,(#197,#198,#199,#200,#201,#202,
    #203,#204,#205,#206,#207,#208,#209,#210,#211,#212,#213,#214,#215,
    #216,#217,#218,#219,#220,#221,#222,#223,#224,#225,#226,#227,#228),
  .UNSPECIFIED.,.F.,.F.,(4,2,2,2,2,2,2,2,2,2,2,2,2,2,2,4),(
    6.809005269349E-03,7.233330936891E-03,7.657656604433E-03,
    8.081982271975E-03,8.506307939517E-03,8.930633607059E-03,
    9.354959274601E-03,9.779284942143E-03,1.020361060969E-02,
    1.105226194477E-02,1.147658761231E-02,1.190091327985E-02,
    1.23252389474E-02,1.274956461494E-02,1.317389028248E-02,
    1.359821595002E-02),.UNSPECIFIED.);
#197 = CARTESIAN_POINT('',(248.96922359359,2.5E-16,-2.));
#198 = CARTESIAN_POINT('',(248.96922359359,0.141905065762,-2.));
#199 = CARTESIAN_POINT('',(248.9376450927,0.284195447886,-1.984198285702
    ));
#200 = CARTESIAN_POINT('',(248.840179414,0.545300738349,-1.928848618824)
  );
#201 = CARTESIAN_POINT('',(248.77492525428,0.668261899727,
    -1.889128968948));
#202 = CARTESIAN_POINT('',(248.63690612457,0.896543778769,
    -1.792091370633));
#203 = CARTESIAN_POINT('',(248.56344791971,1.002967102889,
    -1.734578252146));
#204 = CARTESIAN_POINT('',(248.41563225136,1.205189733197,
    -1.600694358488));
#205 = CARTESIAN_POINT('',(248.34087915688,1.301129261832,
    -1.523830019459));
#206 = CARTESIAN_POINT('',(248.19938836508,1.477314334773,
    -1.353712539823));
#207 = CARTESIAN_POINT('',(248.13198051031,1.558378370614,
    -1.260034176515));
#208 = CARTESIAN_POINT('',(248.00745977808,1.705656140057,
    -1.052124709277));
#209 = CARTESIAN_POINT('',(247.95017545497,1.77200370767,-0.936947032219
    ));
#210 = CARTESIAN_POINT('',(247.85531673711,1.880926041264,
    -0.692808854213));
#211 = CARTESIAN_POINT('',(247.81656710538,1.924856078899,
    -0.560831446452));
#212 = CARTESIAN_POINT('',(247.76405704211,1.984220912624,-0.28717626244
    ));
#213 = CARTESIAN_POINT('',(247.75029986661,1.999662649869,
    -0.147456885181));
#214 = CARTESIAN_POINT('',(247.74941467463,2.000658491414,0.280967232616
    ));
#215 = CARTESIAN_POINT('',(247.80615245648,1.937346963633,0.56451780988)
  );
#216 = CARTESIAN_POINT('',(247.94812444188,1.774374498047,0.932519996822
    ));
#217 = CARTESIAN_POINT('',(248.00522420992,1.708265425256,1.047921479072
    ));
#218 = CARTESIAN_POINT('',(248.12970533971,1.561102952004,1.256689206872
    ));
#219 = CARTESIAN_POINT('',(248.19724444834,1.479931097275,1.350907069002
    ));
#220 = CARTESIAN_POINT('',(248.33930705231,1.303138342674,1.522161759345
    ));
#221 = CARTESIAN_POINT('',(248.41413900713,1.207142744784,1.599217102665
    ));
#222 = CARTESIAN_POINT('',(248.56188255769,1.005196645176,1.73328262331)
  );
#223 = CARTESIAN_POINT('',(248.63551367742,0.898689031245,1.791054394172
    ));
#224 = CARTESIAN_POINT('',(248.77427512092,0.669492740475,1.888729013971
    ));
#225 = CARTESIAN_POINT('',(248.83935444577,0.547151796034,1.928363754265
    ));
#226 = CARTESIAN_POINT('',(248.93748777801,0.284972292028,1.984125159722
    ));
#227 = CARTESIAN_POINT('',(248.96922359359,0.144084478043,2.));
#228 = CARTESIAN_POINT('',(248.96922359359,-7.35E-15,2.));
#229 = ORIENTED_EDGE('',*,*,#230,.T.);
#230 = EDGE_CURVE('',#194,#192,#231,.T.);
#231 = B_SPLINE_CURVE_WITH_KNOTS('',3,(#232,#233,#234,#235,#236,#237,
    #238,#239,#240,#241,#242,#243,#244,#245,#246,#247,#248,#249,#250,
    #251,#252,#253,#254,#255,#256,#257,#258,#259,#260,#261),
  .UNSPECIFIED.,.F.,.F.,(4,2,2,2,2,2,2,2,2,2,2,2,2,2,4),(1.E-17,
    4.255628293343E-04,8.511256586686E-04,1.276688488003E-03,
    1.702251317337E-03,2.553376976006E-03,2.97893980534E-03,
    3.404502634674E-03,3.830065464009E-03,4.255628293343E-03,
    5.106753952012E-03,5.95787961068E-03,6.383442440014E-03,
    6.596223854682E-03,6.809005269349E-03),.UNSPECIFIED.);
#232 = CARTESIAN_POINT('',(248.96922359359,-7.35E-15,2.));
#233 = CARTESIAN_POINT('',(248.96922359359,-0.144504570026,2.));
#234 = CARTESIAN_POINT('',(248.93782338925,-0.283872736257,
    1.984306585551));
#235 = CARTESIAN_POINT('',(248.83957576605,-0.546762270737,
    1.928498736102));
#236 = CARTESIAN_POINT('',(248.77549160607,-0.667297281446,
    1.889516959777));
#237 = CARTESIAN_POINT('',(248.6367012961,-0.89691036959,1.791957530756)
  );
#238 = CARTESIAN_POINT('',(248.56250116673,-1.004294216657,1.7337648867)
  );
#239 = CARTESIAN_POINT('',(248.41547486701,-1.205372919495,
    1.600507319856));
#240 = CARTESIAN_POINT('',(248.34203830755,-1.299665352823,
    1.525135805857));
#241 = CARTESIAN_POINT('',(248.12849475409,-1.565632175293,
    1.268650036152));
#242 = CARTESIAN_POINT('',(247.99792906214,-1.717177157943,
    1.060223761663));
#243 = CARTESIAN_POINT('',(247.85452874295,-1.881827370589,
    0.690593007089));
#244 = CARTESIAN_POINT('',(247.81657311242,-1.924849411504,
    0.560920578741));
#245 = CARTESIAN_POINT('',(247.76398480552,-1.984302455156,0.28674190326
    ));
#246 = CARTESIAN_POINT('',(247.75016684055,-1.999812304347,
    0.144148248467));
#247 = CARTESIAN_POINT('',(247.74983622932,-2.00018424204,
    -0.138891929391));
#248 = CARTESIAN_POINT('',(247.76354446085,-1.984797243916,
    -0.283004176239));
#249 = CARTESIAN_POINT('',(247.8153908197,-1.926188981256,
    -0.556154179805));
#250 = CARTESIAN_POINT('',(247.85386809138,-1.882578010131,
    -0.688461320029));
#251 = CARTESIAN_POINT('',(247.99640936154,-1.718937644797,
    -1.057151449378));
#252 = CARTESIAN_POINT('',(248.12786754643,-1.566326769208,
    -1.267525223152));
#253 = CARTESIAN_POINT('',(248.4107737129,-1.214141596291,
    -1.608060920308));
#254 = CARTESIAN_POINT('',(248.56765187253,-1.010835008672,
    -1.743307138764));
#255 = CARTESIAN_POINT('',(248.77379632258,-0.670255192166,
    -1.888381522913));
#256 = CARTESIAN_POINT('',(248.83871752624,-0.548653153695,
    -1.927992637253));
#257 = CARTESIAN_POINT('',(248.91286096747,-0.350866215029,
    -1.970136257278));
#258 = CARTESIAN_POINT('',(248.93319757664,-0.283268380013,
    -1.981082825653));
#259 = CARTESIAN_POINT('',(248.96151116695,-0.143640596566,
    -1.996070518853));
#260 = CARTESIAN_POINT('',(248.96922359359,-7.11594017308E-02,-2.));
#261 = CARTESIAN_POINT('',(248.96922359359,2.5E-16,-2.));
#262 = FACE_BOUND('',#263,.F.);
#263 = EDGE_LOOP('',(#264,#275,#284,#293,#301,#310,#319,#328,#337,#345)
  );
#264 = ORIENTED_EDGE('',*,*,#265,.T.);
#265 = EDGE_CURVE('',#266,#268,#270,.T.);
#266 = VERTEX_POINT('',#267);
#267 = CARTESIAN_POINT('',(247.80625890315,-4.,-0.5));
#268 = VERTEX_POINT('',#269);
#269 = CARTESIAN_POINT('',(247.75,-3.5,-2.4E-14));
#270 = ( BOUNDED_CURVE() B_SPLINE_CURVE(3,(#271,#272,#273,#274),
.UNSPECIFIED.,.F.,.F.) B_SPLINE_CURVE_WITH_KNOTS((4,4),(4.488295888083,
4.712388980385),.PIECEWISE_BEZIER_KNOTS.) CURVE() 
GEOMETRIC_REPRESENTATION_ITEM() RATIONAL_B_SPLINE_CURVE((1.,
0.995819566824,0.995819566824,1.)) REPRESENTATION_ITEM('') );
#271 = CARTESIAN_POINT('',(247.80625890315,-4.,-0.5));
#272 = CARTESIAN_POINT('',(247.76883169234,-3.835788779041,
    -0.335788779041));
#273 = CARTESIAN_POINT('',(247.75,-3.668422448614,-0.168422448614));
#274 = CARTESIAN_POINT('',(247.75,-3.5,-2.398E-14));
#275 = ORIENTED_EDGE('',*,*,#276,.T.);
#276 = EDGE_CURVE('',#268,#277,#279,.T.);
#277 = VERTEX_POINT('',#278);
#278 = CARTESIAN_POINT('',(247.80625890315,-4.,0.5));
#279 = ( BOUNDED_CURVE() B_SPLINE_CURVE(3,(#280,#281,#282,#283),
.UNSPECIFIED.,.F.,.F.) B_SPLINE_CURVE_WITH_KNOTS((4,4),(1.570796326795,
1.794889419096),.PIECEWISE_BEZIER_KNOTS.) CURVE() 
GEOMETRIC_REPRESENTATION_ITEM() RATIONAL_B_SPLINE_CURVE((1.,
0.995819566824,0.995819566824,1.)) REPRESENTATION_ITEM('') );
#280 = CARTESIAN_POINT('',(247.75,-3.5,-2.398E-14));
#281 = CARTESIAN_POINT('',(247.75,-3.668422448614,0.168422448614));
#282 = CARTESIAN_POINT('',(247.76883169234,-3.835788779041,
    0.335788779041));
#283 = CARTESIAN_POINT('',(247.80625890315,-4.,0.5));
#284 = ORIENTED_EDGE('',*,*,#285,.T.);
#285 = EDGE_CURVE('',#277,#286,#288,.T.);
#286 = VERTEX_POINT('',#287);
#287 = CARTESIAN_POINT('',(250.,-4.,2.25));
#288 = CIRCLE('',#289,2.25);
#289 = AXIS2_PLACEMENT_3D('',#290,#291,#292);
#290 = CARTESIAN_POINT('',(250.,-4.,-3.5E-16));
#291 = DIRECTION('',(0.,1.,0.));
#292 = DIRECTION('',(0.,-0.,1.));
#293 = ORIENTED_EDGE('',*,*,#294,.T.);
#294 = EDGE_CURVE('',#286,#295,#297,.T.);
#295 = VERTEX_POINT('',#296);
#296 = CARTESIAN_POINT('',(250.,4.,2.25));
#297 = LINE('',#298,#299);
#298 = CARTESIAN_POINT('',(250.,-10.,2.25));
#299 = VECTOR('',#300,1.);
#300 = DIRECTION('',(-0.,1.,9.E-17));
#301 = ORIENTED_EDGE('',*,*,#302,.T.);
#302 = EDGE_CURVE('',#295,#303,#305,.T.);
#303 = VERTEX_POINT('',#304);
#304 = CARTESIAN_POINT('',(247.80625890315,4.,0.5));
#305 = CIRCLE('',#306,2.25);
#306 = AXIS2_PLACEMENT_3D('',#307,#308,#309);
#307 = CARTESIAN_POINT('',(250.,4.,3.5E-16));
#308 = DIRECTION('',(0.,-1.,0.));
#309 = DIRECTION('',(0.,0.,-1.));
#310 = ORIENTED_EDGE('',*,*,#311,.T.);
#311 = EDGE_CURVE('',#303,#312,#314,.T.);
#312 = VERTEX_POINT('',#313);
#313 = CARTESIAN_POINT('',(247.75,3.5,-0.));
#314 = ( BOUNDED_CURVE() B_SPLINE_CURVE(3,(#315,#316,#317,#318),
.UNSPECIFIED.,.F.,.F.) B_SPLINE_CURVE_WITH_KNOTS((4,4),(1.346703234494,
1.570796326795),.PIECEWISE_BEZIER_KNOTS.) CURVE() 
GEOMETRIC_REPRESENTATION_ITEM() RATIONAL_B_SPLINE_CURVE((1.,
0.995819566824,0.995819566824,1.)) REPRESENTATION_ITEM('') );
#315 = CARTESIAN_POINT('',(247.80625890315,4.,0.5));
#316 = CARTESIAN_POINT('',(247.76883169234,3.835788779041,0.335788779041
    ));
#317 = CARTESIAN_POINT('',(247.75,3.668422448614,0.168422448614));
#318 = CARTESIAN_POINT('',(247.75,3.5,-4.6E-16));
#319 = ORIENTED_EDGE('',*,*,#320,.T.);
#320 = EDGE_CURVE('',#312,#321,#323,.T.);
#321 = VERTEX_POINT('',#322);
#322 = CARTESIAN_POINT('',(247.80625890315,4.,-0.5));
#323 = ( BOUNDED_CURVE() B_SPLINE_CURVE(3,(#324,#325,#326,#327),
.UNSPECIFIED.,.F.,.F.) B_SPLINE_CURVE_WITH_KNOTS((4,4),(4.712388980385,
4.936482072686),.PIECEWISE_BEZIER_KNOTS.) CURVE() 
GEOMETRIC_REPRESENTATION_ITEM() RATIONAL_B_SPLINE_CURVE((1.,
0.995819566824,0.995819566824,1.)) REPRESENTATION_ITEM('') );
#324 = CARTESIAN_POINT('',(247.75,3.5,-4.6E-16));
#325 = CARTESIAN_POINT('',(247.75,3.668422448614,-0.168422448614));
#326 = CARTESIAN_POINT('',(247.76883169234,3.835788779041,
    -0.335788779041));
#327 = CARTESIAN_POINT('',(247.80625890315,4.,-0.5));
#328 = ORIENTED_EDGE('',*,*,#329,.T.);
#329 = EDGE_CURVE('',#321,#330,#332,.T.);
#330 = VERTEX_POINT('',#331);
#331 = CARTESIAN_POINT('',(250.,4.,-2.25));
#332 = CIRCLE('',#333,2.25);
#333 = AXIS2_PLACEMENT_3D('',#334,#335,#336);
#334 = CARTESIAN_POINT('',(250.,4.,3.5E-16));
#335 = DIRECTION('',(0.,-1.,0.));
#336 = DIRECTION('',(0.,0.,-1.));
#337 = ORIENTED_EDGE('',*,*,#338,.F.);
#338 = EDGE_CURVE('',#339,#330,#341,.T.);
#339 = VERTEX_POINT('',#340);
#340 = CARTESIAN_POINT('',(250.,-4.,-2.25));
#341 = LINE('',#342,#343);
#342 = CARTESIAN_POINT('',(250.,-10.,-2.25));
#343 = VECTOR('',#344,1.);
#344 = DIRECTION('',(-0.,1.,9.E-17));
#345 = ORIENTED_EDGE('',*,*,#346,.T.);
#346 = EDGE_CURVE('',#339,#266,#347,.T.);
#347 = CIRCLE('',#348,2.25);
#348 = AXIS2_PLACEMENT_3D('',#349,#350,#351);
#349 = CARTESIAN_POINT('',(250.,-4.,-3.5E-16));
#350 = DIRECTION('',(0.,1.,0.));
#351 = DIRECTION('',(0.,-0.,1.));
#352 = CYLINDRICAL_SURFACE('',#353,2.25);
#353 = AXIS2_PLACEMENT_3D('',#354,#355,#356);
#354 = CARTESIAN_POINT('',(250.,-10.,-8.7E-16));
#355 = DIRECTION('',(-0.,1.,9.E-17));
#356 = DIRECTION('',(0.,-9.E-17,1.));
#357 = ADVANCED_FACE('',(#358),#384,.F.);
#358 = FACE_BOUND('',#359,.F.);
#359 = EDGE_LOOP('',(#360,#368,#377,#383));
#360 = ORIENTED_EDGE('',*,*,#361,.T.);
#361 = EDGE_CURVE('',#24,#362,#364,.T.);
#362 = VERTEX_POINT('',#363);
#363 = CARTESIAN_POINT('',(-70.,0.,2.00000000001));
#364 = LINE('',#365,#366);
#365 = CARTESIAN_POINT('',(330.,0.,2.));
#366 = VECTOR('',#367,1.);
#367 = DIRECTION('',(-1.,-0.,-0.));
#368 = ORIENTED_EDGE('',*,*,#369,.T.);
#369 = EDGE_CURVE('',#362,#370,#372,.T.);
#370 = VERTEX_POINT('',#371);
#371 = CARTESIAN_POINT('',(-70.,0.,-2.00000000001));
#372 = CIRCLE('',#373,2.00000000001);
#373 = AXIS2_PLACEMENT_3D('',#374,#375,#376);
#374 = CARTESIAN_POINT('',(-70.,0.,0.));
#375 = DIRECTION('',(1.,-0.,0.));
#376 = DIRECTION('',(0.,0.,-1.));
#377 = ORIENTED_EDGE('',*,*,#378,.F.);
#378 = EDGE_CURVE('',#22,#370,#379,.T.);
#379 = LINE('',#380,#381);
#380 = CARTESIAN_POINT('',(330.,2.4E-16,-2.));
#381 = VECTOR('',#382,1.);
#382 = DIRECTION('',(-1.,-0.,-0.));
#383 = ORIENTED_EDGE('',*,*,#60,.F.);
#384 = CYLINDRICAL_SURFACE('',#385,2.);
#385 = AXIS2_PLACEMENT_3D('',#386,#387,#388);
#386 = CARTESIAN_POINT('',(330.,0.,0.));
#387 = DIRECTION('',(-1.,-0.,-0.));
#388 = DIRECTION('',(-0.,0.,1.));
#389 = ADVANCED_FACE('',(#390),#426,.F.);
#390 = FACE_BOUND('',#391,.F.);
#391 = EDGE_LOOP('',(#392,#402,#411,#419));
#392 = ORIENTED_EDGE('',*,*,#393,.T.);
#393 = EDGE_CURVE('',#394,#396,#398,.T.);
#394 = VERTEX_POINT('',#395);
#395 = CARTESIAN_POINT('',(330.,-2.E-15,22.000000000028));
#396 = VERTEX_POINT('',#397);
#397 = CARTESIAN_POINT('',(-70.,-2.E-15,22.000000000028));
#398 = LINE('',#399,#400);
#399 = CARTESIAN_POINT('',(330.,-1.73E-15,22.));
#400 = VECTOR('',#401,1.);
#401 = DIRECTION('',(-1.,-0.,-0.));
#402 = ORIENTED_EDGE('',*,*,#403,.T.);
#403 = EDGE_CURVE('',#396,#404,#406,.T.);
#404 = VERTEX_POINT('',#405);
#405 = CARTESIAN_POINT('',(-70.,-1.E-15,17.999999999972));
#406 = CIRCLE('',#407,2.000000000028);
#407 = AXIS2_PLACEMENT_3D('',#408,#409,#410);
#408 = CARTESIAN_POINT('',(-70.,-1.73E-15,20.));
#409 = DIRECTION('',(1.,-0.,0.));
#410 = DIRECTION('',(0.,0.,-1.));
#411 = ORIENTED_EDGE('',*,*,#412,.F.);
#412 = EDGE_CURVE('',#413,#404,#415,.T.);
#413 = VERTEX_POINT('',#414);
#414 = CARTESIAN_POINT('',(330.,-1.E-15,17.999999999972));
#415 = LINE('',#416,#417);
#416 = CARTESIAN_POINT('',(330.,-1.49E-15,18.));
#417 = VECTOR('',#418,1.);
#418 = DIRECTION('',(-1.,-0.,-0.));
#419 = ORIENTED_EDGE('',*,*,#420,.F.);
#420 = EDGE_CURVE('',#394,#413,#421,.T.);
#421 = CIRCLE('',#422,2.000000000028);
#422 = AXIS2_PLACEMENT_3D('',#423,#424,#425);
#423 = CARTESIAN_POINT('',(330.,-1.73E-15,20.));
#424 = DIRECTION('',(1.,-0.,0.));
#425 = DIRECTION('',(0.,0.,-1.));
#426 = CYLINDRICAL_SURFACE('',#427,2.);
#427 = AXIS2_PLACEMENT_3D('',#428,#429,#430);
#428 = CARTESIAN_POINT('',(330.,-1.73E-15,20.));
#429 = DIRECTION('',(-1.,-0.,-0.));
#430 = DIRECTION('',(-0.,0.,1.));
#431 = ADVANCED_FACE('',(#432),#468,.T.);
#432 = FACE_BOUND('',#433,.T.);
#433 = EDGE_LOOP('',(#434,#445,#453,#462));
#434 = ORIENTED_EDGE('',*,*,#435,.T.);
#435 = EDGE_CURVE('',#436,#438,#440,.T.);
#436 = VERTEX_POINT('',#437);
#437 = CARTESIAN_POINT('',(330.,8.2,-3.482842712475));
#438 = VERTEX_POINT('',#439);
#439 = CARTESIAN_POINT('',(330.,8.4,-3.282842712475));
#440 = CIRCLE('',#441,0.2);
#441 = AXIS2_PLACEMENT_3D('',#442,#443,#444);
#442 = CARTESIAN_POINT('',(330.,8.4,-3.482842712475));
#443 = DIRECTION('',(-1.,0.,0.));
#444 = DIRECTION('',(0.,0.,1.));
#445 = ORIENTED_EDGE('',*,*,#446,.T.);
#446 = EDGE_CURVE('',#438,#447,#449,.T.);
#447 = VERTEX_POINT('',#448);
#448 = CARTESIAN_POINT('',(-70.,8.4,-3.282842712475));
#449 = LINE('',#450,#451);
#450 = CARTESIAN_POINT('',(330.,8.4,-3.282842712475));
#451 = VECTOR('',#452,1.);
#452 = DIRECTION('',(-1.,0.,0.));
#453 = ORIENTED_EDGE('',*,*,#454,.T.);
#454 = EDGE_CURVE('',#447,#455,#457,.T.);
#455 = VERTEX_POINT('',#456);
#456 = CARTESIAN_POINT('',(-70.,8.2,-3.482842712475));
#457 = CIRCLE('',#458,0.2);
#458 = AXIS2_PLACEMENT_3D('',#459,#460,#461);
#459 = CARTESIAN_POINT('',(-70.,8.4,-3.482842712475));
#460 = DIRECTION('',(1.,-0.,0.));
#461 = DIRECTION('',(0.,0.,-1.));
#462 = ORIENTED_EDGE('',*,*,#463,.T.);
#463 = EDGE_CURVE('',#455,#436,#464,.T.);
#464 = LINE('',#465,#466);
#465 = CARTESIAN_POINT('',(330.,8.2,-3.482842712475));
#466 = VECTOR('',#467,1.);
#467 = DIRECTION('',(1.,0.,0.));
#468 = CYLINDRICAL_SURFACE('',#469,0.2);
#469 = AXIS2_PLACEMENT_3D('',#470,#471,#472);
#470 = CARTESIAN_POINT('',(330.,8.4,-3.482842712475));
#471 = DIRECTION('',(-1.,0.,0.));
#472 = DIRECTION('',(0.,0.,1.));
#473 = ADVANCED_FACE('',(#474),#510,.T.);
#474 = FACE_BOUND('',#475,.T.);
#475 = EDGE_LOOP('',(#476,#487,#495,#504));
#476 = ORIENTED_EDGE('',*,*,#477,.T.);
#477 = EDGE_CURVE('',#478,#480,#482,.T.);
#478 = VERTEX_POINT('',#479);
#479 = CARTESIAN_POINT('',(330.,-8.541421356237,-3.341421356237));
#480 = VERTEX_POINT('',#481);
#481 = CARTESIAN_POINT('',(330.,-8.4,-3.282842712475));
#482 = CIRCLE('',#483,0.2);
#483 = AXIS2_PLACEMENT_3D('',#484,#485,#486);
#484 = CARTESIAN_POINT('',(330.,-8.4,-3.482842712475));
#485 = DIRECTION('',(-1.,0.,0.));
#486 = DIRECTION('',(0.,0.,1.));
#487 = ORIENTED_EDGE('',*,*,#488,.T.);
#488 = EDGE_CURVE('',#480,#489,#491,.T.);
#489 = VERTEX_POINT('',#490);
#490 = CARTESIAN_POINT('',(-70.,-8.4,-3.282842712475));
#491 = LINE('',#492,#493);
#492 = CARTESIAN_POINT('',(330.,-8.4,-3.282842712475));
#493 = VECTOR('',#494,1.);
#494 = DIRECTION('',(-1.,0.,0.));
#495 = ORIENTED_EDGE('',*,*,#496,.T.);
#496 = EDGE_CURVE('',#489,#497,#499,.T.);
#497 = VERTEX_POINT('',#498);
#498 = CARTESIAN_POINT('',(-70.,-8.541421356237,-3.341421356237));
#499 = CIRCLE('',#500,0.2);
#500 = AXIS2_PLACEMENT_3D('',#501,#502,#503);
#501 = CARTESIAN_POINT('',(-70.,-8.4,-3.482842712475));
#502 = DIRECTION('',(1.,-0.,0.));
#503 = DIRECTION('',(0.,0.,-1.));
#504 = ORIENTED_EDGE('',*,*,#505,.T.);
#505 = EDGE_CURVE('',#497,#478,#506,.T.);
#506 = LINE('',#507,#508);
#507 = CARTESIAN_POINT('',(330.,-8.541421356237,-3.341421356237));
#508 = VECTOR('',#509,1.);
#509 = DIRECTION('',(1.,-0.,0.));
#510 = CYLINDRICAL_SURFACE('',#511,0.2);
#511 = AXIS2_PLACEMENT_3D('',#512,#513,#514);
#512 = CARTESIAN_POINT('',(330.,-8.4,-3.482842712475));
#513 = DIRECTION('',(-1.,0.,0.));
#514 = DIRECTION('',(0.,0.,1.));
#515 = ADVANCED_FACE('',(#516),#588,.F.);
#516 = FACE_BOUND('',#517,.F.);
#517 = EDGE_LOOP('',(#518,#529,#538,#546,#555,#564,#573,#581));
#518 = ORIENTED_EDGE('',*,*,#519,.T.);
#519 = EDGE_CURVE('',#520,#522,#524,.T.);
#520 = VERTEX_POINT('',#521);
#521 = CARTESIAN_POINT('',(127.96039219456,-0.5,16.));
#522 = VERTEX_POINT('',#523);
#523 = CARTESIAN_POINT('',(132.03960780543,-0.5,16.));
#524 = CIRCLE('',#525,2.1);
#525 = AXIS2_PLACEMENT_3D('',#526,#527,#528);
#526 = CARTESIAN_POINT('',(130.,3.342E-14,16.));
#527 = DIRECTION('',(0.,0.,1.));
#528 = DIRECTION('',(1.,0.,-0.));
#529 = ORIENTED_EDGE('',*,*,#530,.T.);
#530 = EDGE_CURVE('',#522,#531,#533,.T.);
#531 = VERTEX_POINT('',#532);
#532 = CARTESIAN_POINT('',(132.1,3.3E-14,16.5));
#533 = ( BOUNDED_CURVE() B_SPLINE_CURVE(3,(#534,#535,#536,#537),
.UNSPECIFIED.,.F.,.F.) B_SPLINE_CURVE_WITH_KNOTS((4,4),(4.471984763615,
4.712388980385),.PIECEWISE_BEZIER_KNOTS.) CURVE() 
GEOMETRIC_REPRESENTATION_ITEM() RATIONAL_B_SPLINE_CURVE((1.,
0.995189613824,0.995189613824,1.)) REPRESENTATION_ITEM('') );
#534 = CARTESIAN_POINT('',(132.03960780543,-0.5,16.));
#535 = CARTESIAN_POINT('',(132.07977196381,-0.336161738154,
    16.163838261846));
#536 = CARTESIAN_POINT('',(132.1,-0.16868946518,16.33131053482));
#537 = CARTESIAN_POINT('',(132.1,3.342E-14,16.5));
#538 = ORIENTED_EDGE('',*,*,#539,.T.);
#539 = EDGE_CURVE('',#531,#540,#542,.T.);
#540 = VERTEX_POINT('',#541);
#541 = CARTESIAN_POINT('',(132.1,-1.2E-14,16.582842712475));
#542 = LINE('',#543,#544);
#543 = CARTESIAN_POINT('',(132.1,3.342E-14,30.));
#544 = VECTOR('',#545,1.);
#545 = DIRECTION('',(0.,0.,1.));
#546 = ORIENTED_EDGE('',*,*,#547,.F.);
#547 = EDGE_CURVE('',#548,#540,#550,.T.);
#548 = VERTEX_POINT('',#549);
#549 = CARTESIAN_POINT('',(132.03960780543,-0.5,16.082842712475));
#550 = ( BOUNDED_CURVE() B_SPLINE_CURVE(3,(#551,#552,#553,#554),
.UNSPECIFIED.,.F.,.F.) B_SPLINE_CURVE_WITH_KNOTS((4,4),(4.471984763615,
4.712388980385),.PIECEWISE_BEZIER_KNOTS.) CURVE() 
GEOMETRIC_REPRESENTATION_ITEM() RATIONAL_B_SPLINE_CURVE((1.,
0.995189613824,0.995189613824,1.)) REPRESENTATION_ITEM('') );
#551 = CARTESIAN_POINT('',(132.03960780543,-0.5,16.082842712475));
#552 = CARTESIAN_POINT('',(132.07977196381,-0.336161738154,
    16.246680974321));
#553 = CARTESIAN_POINT('',(132.1,-0.16868946518,16.414153247294));
#554 = CARTESIAN_POINT('',(132.1,-1.214E-14,16.582842712475));
#555 = ORIENTED_EDGE('',*,*,#556,.F.);
#556 = EDGE_CURVE('',#557,#548,#559,.T.);
#557 = VERTEX_POINT('',#558);
#558 = CARTESIAN_POINT('',(127.96039219456,-0.5,16.082842712475));
#559 = CIRCLE('',#560,2.1);
#560 = AXIS2_PLACEMENT_3D('',#561,#562,#563);
#561 = CARTESIAN_POINT('',(130.,3.342E-14,16.082842712475));
#562 = DIRECTION('',(-0.,0.,1.));
#563 = DIRECTION('',(-1.,-8.9E-16,-0.));
#564 = ORIENTED_EDGE('',*,*,#565,.F.);
#565 = EDGE_CURVE('',#566,#557,#568,.T.);
#566 = VERTEX_POINT('',#567);
#567 = CARTESIAN_POINT('',(127.9,-1.2E-14,16.582842712475));
#568 = ( BOUNDED_CURVE() B_SPLINE_CURVE(3,(#569,#570,#571,#572),
.UNSPECIFIED.,.F.,.F.) B_SPLINE_CURVE_WITH_KNOTS((4,4),(1.570796326795,
1.811200543564),.PIECEWISE_BEZIER_KNOTS.) CURVE() 
GEOMETRIC_REPRESENTATION_ITEM() RATIONAL_B_SPLINE_CURVE((1.,
0.995189613824,0.995189613824,1.)) REPRESENTATION_ITEM('') );
#569 = CARTESIAN_POINT('',(127.9,-1.214E-14,16.582842712475));
#570 = CARTESIAN_POINT('',(127.9,-0.16868946518,16.414153247294));
#571 = CARTESIAN_POINT('',(127.92022803618,-0.336161738154,
    16.246680974321));
#572 = CARTESIAN_POINT('',(127.96039219456,-0.5,16.082842712475));
#573 = ORIENTED_EDGE('',*,*,#574,.F.);
#574 = EDGE_CURVE('',#575,#566,#577,.T.);
#575 = VERTEX_POINT('',#576);
#576 = CARTESIAN_POINT('',(127.9,-1.2E-14,16.5));
#577 = LINE('',#578,#579);
#578 = CARTESIAN_POINT('',(127.9,3.368E-14,30.));
#579 = VECTOR('',#580,1.);
#580 = DIRECTION('',(0.,0.,1.));
#581 = ORIENTED_EDGE('',*,*,#582,.T.);
#582 = EDGE_CURVE('',#575,#520,#583,.T.);
#583 = ( BOUNDED_CURVE() B_SPLINE_CURVE(3,(#584,#585,#586,#587),
.UNSPECIFIED.,.F.,.F.) B_SPLINE_CURVE_WITH_KNOTS((4,4),(1.570796326795,
1.811200543564),.PIECEWISE_BEZIER_KNOTS.) CURVE() 
GEOMETRIC_REPRESENTATION_ITEM() RATIONAL_B_SPLINE_CURVE((1.,
0.995189613824,0.995189613824,1.)) REPRESENTATION_ITEM('') );
#584 = CARTESIAN_POINT('',(127.9,-1.165E-14,16.5));
#585 = CARTESIAN_POINT('',(127.9,-0.16868946518,16.33131053482));
#586 = CARTESIAN_POINT('',(127.92022803618,-0.336161738154,
    16.163838261846));
#587 = CARTESIAN_POINT('',(127.96039219456,-0.5,16.));
#588 = CYLINDRICAL_SURFACE('',#589,2.1);
#589 = AXIS2_PLACEMENT_3D('',#590,#591,#592);
#590 = CARTESIAN_POINT('',(130.,3.342E-14,30.));
#591 = DIRECTION('',(0.,0.,1.));
#592 = DIRECTION('',(1.,0.,-0.));
#593 = ADVANCED_FACE('',(#594),#666,.F.);
#594 = FACE_BOUND('',#595,.F.);
#595 = EDGE_LOOP('',(#596,#607,#616,#624,#633,#642,#651,#659));
#596 = ORIENTED_EDGE('',*,*,#597,.T.);
#597 = EDGE_CURVE('',#598,#600,#602,.T.);
#598 = VERTEX_POINT('',#599);
#599 = CARTESIAN_POINT('',(107.96039219456,-0.5,16.));
#600 = VERTEX_POINT('',#601);
#601 = CARTESIAN_POINT('',(112.03960780543,-0.5,16.));
#602 = CIRCLE('',#603,2.1);
#603 = AXIS2_PLACEMENT_3D('',#604,#605,#606);
#604 = CARTESIAN_POINT('',(110.,3.296E-14,16.));
#605 = DIRECTION('',(0.,0.,1.));
#606 = DIRECTION('',(1.,0.,-0.));
#607 = ORIENTED_EDGE('',*,*,#608,.T.);
#608 = EDGE_CURVE('',#600,#609,#611,.T.);
#609 = VERTEX_POINT('',#610);
#610 = CARTESIAN_POINT('',(112.1,3.3E-14,16.5));
#611 = ( BOUNDED_CURVE() B_SPLINE_CURVE(3,(#612,#613,#614,#615),
.UNSPECIFIED.,.F.,.F.) B_SPLINE_CURVE_WITH_KNOTS((4,4),(4.471984763615,
4.712388980385),.PIECEWISE_BEZIER_KNOTS.) CURVE() 
GEOMETRIC_REPRESENTATION_ITEM() RATIONAL_B_SPLINE_CURVE((1.,
0.995189613824,0.995189613824,1.)) REPRESENTATION_ITEM('') );
#612 = CARTESIAN_POINT('',(112.03960780543,-0.5,16.));
#613 = CARTESIAN_POINT('',(112.07977196381,-0.336161738154,
    16.163838261846));
#614 = CARTESIAN_POINT('',(112.1,-0.16868946518,16.33131053482));
#615 = CARTESIAN_POINT('',(112.1,3.296E-14,16.5));
#616 = ORIENTED_EDGE('',*,*,#617,.T.);
#617 = EDGE_CURVE('',#609,#618,#620,.T.);
#618 = VERTEX_POINT('',#619);
#619 = CARTESIAN_POINT('',(112.1,-1.2E-14,16.582842712475));
#620 = LINE('',#621,#622);
#621 = CARTESIAN_POINT('',(112.1,3.296E-14,30.));
#622 = VECTOR('',#623,1.);
#623 = DIRECTION('',(0.,0.,1.));
#624 = ORIENTED_EDGE('',*,*,#625,.F.);
#625 = EDGE_CURVE('',#626,#618,#628,.T.);
#626 = VERTEX_POINT('',#627);
#627 = CARTESIAN_POINT('',(112.03960780543,-0.5,16.082842712475));
#628 = ( BOUNDED_CURVE() B_SPLINE_CURVE(3,(#629,#630,#631,#632),
.UNSPECIFIED.,.F.,.F.) B_SPLINE_CURVE_WITH_KNOTS((4,4),(4.471984763615,
4.712388980385),.PIECEWISE_BEZIER_KNOTS.) CURVE() 
GEOMETRIC_REPRESENTATION_ITEM() RATIONAL_B_SPLINE_CURVE((1.,
0.995189613824,0.995189613824,1.)) REPRESENTATION_ITEM('') );
#629 = CARTESIAN_POINT('',(112.03960780543,-0.5,16.082842712475));
#630 = CARTESIAN_POINT('',(112.07977196381,-0.336161738154,
    16.246680974321));
#631 = CARTESIAN_POINT('',(112.1,-0.16868946518,16.414153247294));
#632 = CARTESIAN_POINT('',(112.1,-1.214E-14,16.582842712475));
#633 = ORIENTED_EDGE('',*,*,#634,.F.);
#634 = EDGE_CURVE('',#635,#626,#637,.T.);
#635 = VERTEX_POINT('',#636);
#636 = CARTESIAN_POINT('',(107.96039219456,-0.5,16.082842712475));
#637 = CIRCLE('',#638,2.1);
#638 = AXIS2_PLACEMENT_3D('',#639,#640,#641);
#639 = CARTESIAN_POINT('',(110.,3.296E-14,16.082842712475));
#640 = DIRECTION('',(-0.,0.,1.));
#641 = DIRECTION('',(-1.,-8.9E-16,-0.));
#642 = ORIENTED_EDGE('',*,*,#643,.F.);
#643 = EDGE_CURVE('',#644,#635,#646,.T.);
#644 = VERTEX_POINT('',#645);
#645 = CARTESIAN_POINT('',(107.9,-1.2E-14,16.582842712475));
#646 = ( BOUNDED_CURVE() B_SPLINE_CURVE(3,(#647,#648,#649,#650),
.UNSPECIFIED.,.F.,.F.) B_SPLINE_CURVE_WITH_KNOTS((4,4),(1.570796326795,
1.811200543564),.PIECEWISE_BEZIER_KNOTS.) CURVE() 
GEOMETRIC_REPRESENTATION_ITEM() RATIONAL_B_SPLINE_CURVE((1.,
0.995189613824,0.995189613824,1.)) REPRESENTATION_ITEM('') );
#647 = CARTESIAN_POINT('',(107.9,-1.214E-14,16.582842712475));
#648 = CARTESIAN_POINT('',(107.9,-0.16868946518,16.414153247294));
#649 = CARTESIAN_POINT('',(107.92022803618,-0.336161738154,
    16.246680974321));
#650 = CARTESIAN_POINT('',(107.96039219456,-0.5,16.082842712475));
#651 = ORIENTED_EDGE('',*,*,#652,.F.);
#652 = EDGE_CURVE('',#653,#644,#655,.T.);
#653 = VERTEX_POINT('',#654);
#654 = CARTESIAN_POINT('',(107.9,-1.2E-14,16.5));
#655 = LINE('',#656,#657);
#656 = CARTESIAN_POINT('',(107.9,3.322E-14,30.));
#657 = VECTOR('',#658,1.);
#658 = DIRECTION('',(0.,0.,1.));
#659 = ORIENTED_EDGE('',*,*,#660,.T.);
#660 = EDGE_CURVE('',#653,#598,#661,.T.);
#661 = ( BOUNDED_CURVE() B_SPLINE_CURVE(3,(#662,#663,#664,#665),
.UNSPECIFIED.,.F.,.F.) B_SPLINE_CURVE_WITH_KNOTS((4,4),(1.570796326795,
1.811200543564),.PIECEWISE_BEZIER_KNOTS.) CURVE() 
GEOMETRIC_REPRESENTATION_ITEM() RATIONAL_B_SPLINE_CURVE((1.,
0.995189613824,0.995189613824,1.)) REPRESENTATION_ITEM('') );
#662 = CARTESIAN_POINT('',(107.9,-1.188E-14,16.5));
#663 = CARTESIAN_POINT('',(107.9,-0.16868946518,16.33131053482));
#664 = CARTESIAN_POINT('',(107.92022803618,-0.336161738154,
    16.163838261846));
#665 = CARTESIAN_POINT('',(107.96039219456,-0.5,16.));
#666 = CYLINDRICAL_SURFACE('',#667,2.1);
#667 = AXIS2_PLACEMENT_3D('',#668,#669,#670);
#668 = CARTESIAN_POINT('',(110.,3.296E-14,30.));
#669 = DIRECTION('',(0.,0.,1.));
#670 = DIRECTION('',(1.,0.,-0.));
#671 = ADVANCED_FACE('',(#672),#736,.F.);
#672 = FACE_BOUND('',#673,.F.);
#673 = EDGE_LOOP('',(#674,#684,#721,#729));
#674 = ORIENTED_EDGE('',*,*,#675,.T.);
#675 = EDGE_CURVE('',#676,#678,#680,.T.);
#676 = VERTEX_POINT('',#677);
#677 = CARTESIAN_POINT('',(330.,0.,2.00000000001));
#678 = VERTEX_POINT('',#679);
#679 = CARTESIAN_POINT('',(251.0307764064,1.2E-14,2.));
#680 = LINE('',#681,#682);
#681 = CARTESIAN_POINT('',(330.,0.,2.));
#682 = VECTOR('',#683,1.);
#683 = DIRECTION('',(-1.,-0.,-0.));
#684 = ORIENTED_EDGE('',*,*,#685,.F.);
#685 = EDGE_CURVE('',#686,#678,#688,.T.);
#686 = VERTEX_POINT('',#687);
#687 = CARTESIAN_POINT('',(251.0307764064,0.,-2.));
#688 = B_SPLINE_CURVE_WITH_KNOTS('',3,(#689,#690,#691,#692,#693,#694,
    #695,#696,#697,#698,#699,#700,#701,#702,#703,#704,#705,#706,#707,
    #708,#709,#710,#711,#712,#713,#714,#715,#716,#717,#718,#719,#720),
  .UNSPECIFIED.,.F.,.F.,(4,2,2,2,2,2,2,2,2,2,2,2,2,2,2,4),(
    6.809005269349E-03,7.233330936891E-03,7.657656604433E-03,
    8.081982271975E-03,8.506307939517E-03,8.930633607059E-03,
    9.354959274601E-03,9.779284942143E-03,1.020361060969E-02,
    1.105226194477E-02,1.147658761231E-02,1.190091327985E-02,
    1.23252389474E-02,1.274956461494E-02,1.317389028248E-02,
    1.359821595002E-02),.UNSPECIFIED.);
#689 = CARTESIAN_POINT('',(251.0307764064,2.4E-16,-2.));
#690 = CARTESIAN_POINT('',(251.0307764064,-0.141905065762,-2.));
#691 = CARTESIAN_POINT('',(251.06235490729,-0.284195447886,
    -1.984198285702));
#692 = CARTESIAN_POINT('',(251.15982058599,-0.545300738349,
    -1.928848618824));
#693 = CARTESIAN_POINT('',(251.22507474571,-0.668261899727,
    -1.889128968948));
#694 = CARTESIAN_POINT('',(251.36309387542,-0.896543778769,
    -1.792091370633));
#695 = CARTESIAN_POINT('',(251.43655208028,-1.002967102889,
    -1.734578252146));
#696 = CARTESIAN_POINT('',(251.58436774863,-1.205189733197,
    -1.600694358488));
#697 = CARTESIAN_POINT('',(251.65912084311,-1.301129261832,
    -1.523830019459));
#698 = CARTESIAN_POINT('',(251.80061163491,-1.477314334773,
    -1.353712539823));
#699 = CARTESIAN_POINT('',(251.86801948968,-1.558378370614,
    -1.260034176515));
#700 = CARTESIAN_POINT('',(251.99254022191,-1.705656140057,
    -1.052124709277));
#701 = CARTESIAN_POINT('',(252.04982454502,-1.77200370767,
    -0.936947032219));
#702 = CARTESIAN_POINT('',(252.14468326288,-1.880926041264,
    -0.692808854213));
#703 = CARTESIAN_POINT('',(252.18343289461,-1.924856078899,
    -0.560831446452));
#704 = CARTESIAN_POINT('',(252.23594295788,-1.984220912624,
    -0.28717626244));
#705 = CARTESIAN_POINT('',(252.24970013338,-1.999662649869,
    -0.147456885181));
#706 = CARTESIAN_POINT('',(252.25058532536,-2.000658491414,
    0.280967232616));
#707 = CARTESIAN_POINT('',(252.19384754352,-1.937346963633,
    0.564517809881));
#708 = CARTESIAN_POINT('',(252.05187555811,-1.774374498047,
    0.932519996822));
#709 = CARTESIAN_POINT('',(251.99477579007,-1.708265425256,
    1.047921479072));
#710 = CARTESIAN_POINT('',(251.87029466028,-1.561102952004,
    1.256689206872));
#711 = CARTESIAN_POINT('',(251.80275555165,-1.479931097275,
    1.350907069002));
#712 = CARTESIAN_POINT('',(251.66069294768,-1.303138342674,
    1.522161759345));
#713 = CARTESIAN_POINT('',(251.58586099286,-1.207142744784,
    1.599217102665));
#714 = CARTESIAN_POINT('',(251.4381174423,-1.005196645176,1.73328262331)
  );
#715 = CARTESIAN_POINT('',(251.36448632257,-0.898689031245,
    1.791054394172));
#716 = CARTESIAN_POINT('',(251.22572487907,-0.669492740475,
    1.888729013971));
#717 = CARTESIAN_POINT('',(251.16064555422,-0.547151796034,
    1.928363754265));
#718 = CARTESIAN_POINT('',(251.06251222198,-0.284972292028,
    1.984125159722));
#719 = CARTESIAN_POINT('',(251.0307764064,-0.144084478043,2.));
#720 = CARTESIAN_POINT('',(251.0307764064,1.196E-14,2.));
#721 = ORIENTED_EDGE('',*,*,#722,.F.);
#722 = EDGE_CURVE('',#723,#686,#725,.T.);
#723 = VERTEX_POINT('',#724);
#724 = CARTESIAN_POINT('',(330.,0.,-2.00000000001));
#725 = LINE('',#726,#727);
#726 = CARTESIAN_POINT('',(330.,2.4E-16,-2.));
#727 = VECTOR('',#728,1.);
#728 = DIRECTION('',(-1.,-0.,-0.));
#729 = ORIENTED_EDGE('',*,*,#730,.F.);
#730 = EDGE_CURVE('',#676,#723,#731,.T.);
#731 = CIRCLE('',#732,2.00000000001);
#732 = AXIS2_PLACEMENT_3D('',#733,#734,#735);
#733 = CARTESIAN_POINT('',(330.,0.,0.));
#734 = DIRECTION('',(1.,-0.,0.));
#735 = DIRECTION('',(0.,0.,-1.));
#736 = CYLINDRICAL_SURFACE('',#737,2.);
#737 = AXIS2_PLACEMENT_3D('',#738,#739,#740);
#738 = CARTESIAN_POINT('',(330.,0.,0.));
#739 = DIRECTION('',(-1.,-0.,-0.));
#740 = DIRECTION('',(-0.,0.,1.));
#741 = ADVANCED_FACE('',(#742),#796,.F.);
#742 = FACE_BOUND('',#743,.F.);
#743 = EDGE_LOOP('',(#744,#752,#789,#795));
#744 = ORIENTED_EDGE('',*,*,#745,.T.);
#745 = EDGE_CURVE('',#194,#746,#748,.T.);
#746 = VERTEX_POINT('',#747);
#747 = CARTESIAN_POINT('',(101.0307764064,1.1E-14,2.));
#748 = LINE('',#749,#750);
#749 = CARTESIAN_POINT('',(330.,0.,2.));
#750 = VECTOR('',#751,1.);
#751 = DIRECTION('',(-1.,-0.,-0.));
#752 = ORIENTED_EDGE('',*,*,#753,.F.);
#753 = EDGE_CURVE('',#754,#746,#756,.T.);
#754 = VERTEX_POINT('',#755);
#755 = CARTESIAN_POINT('',(101.0307764064,0.,-2.));
#756 = B_SPLINE_CURVE_WITH_KNOTS('',3,(#757,#758,#759,#760,#761,#762,
    #763,#764,#765,#766,#767,#768,#769,#770,#771,#772,#773,#774,#775,
    #776,#777,#778,#779,#780,#781,#782,#783,#784,#785,#786,#787,#788),
  .UNSPECIFIED.,.F.,.F.,(4,2,2,2,2,2,2,2,2,2,2,2,2,2,2,4),(
    6.809005269349E-03,7.233330936891E-03,7.657656604433E-03,
    8.081982271975E-03,8.506307939517E-03,8.930633607059E-03,
    9.354959274601E-03,9.779284942143E-03,1.020361060969E-02,
    1.105226194477E-02,1.147658761231E-02,1.190091327985E-02,
    1.23252389474E-02,1.274956461494E-02,1.317389028248E-02,
    1.359821595002E-02),.UNSPECIFIED.);
#757 = CARTESIAN_POINT('',(101.0307764064,2.4E-16,-2.));
#758 = CARTESIAN_POINT('',(101.0307764064,-0.141905065762,-2.));
#759 = CARTESIAN_POINT('',(101.06235490729,-0.284195447886,
    -1.984198285702));
#760 = CARTESIAN_POINT('',(101.15982058599,-0.545300738349,
    -1.928848618824));
#761 = CARTESIAN_POINT('',(101.22507474571,-0.668261899727,
    -1.889128968948));
#762 = CARTESIAN_POINT('',(101.36309387542,-0.896543778769,
    -1.792091370633));
#763 = CARTESIAN_POINT('',(101.43655208028,-1.002967102889,
    -1.734578252146));
#764 = CARTESIAN_POINT('',(101.58436774863,-1.205189733197,
    -1.600694358488));
#765 = CARTESIAN_POINT('',(101.65912084311,-1.301129261832,
    -1.523830019459));
#766 = CARTESIAN_POINT('',(101.80061163491,-1.477314334773,
    -1.353712539823));
#767 = CARTESIAN_POINT('',(101.86801948968,-1.558378370614,
    -1.260034176515));
#768 = CARTESIAN_POINT('',(101.99254022191,-1.705656140057,
    -1.052124709277));
#769 = CARTESIAN_POINT('',(102.04982454502,-1.77200370767,
    -0.936947032219));
#770 = CARTESIAN_POINT('',(102.14468326288,-1.880926041264,
    -0.692808854213));
#771 = CARTESIAN_POINT('',(102.18343289461,-1.924856078899,
    -0.560831446452));
#772 = CARTESIAN_POINT('',(102.23594295788,-1.984220912624,
    -0.28717626244));
#773 = CARTESIAN_POINT('',(102.24970013338,-1.999662649869,
    -0.147456885181));
#774 = CARTESIAN_POINT('',(102.25058532536,-2.000658491414,
    0.280967232616));
#775 = CARTESIAN_POINT('',(102.19384754352,-1.937346963633,0.56451780988
    ));
#776 = CARTESIAN_POINT('',(102.05187555811,-1.774374498047,
    0.932519996822));
#777 = CARTESIAN_POINT('',(101.99477579007,-1.708265425256,
    1.047921479072));
#778 = CARTESIAN_POINT('',(101.87029466028,-1.561102952004,
    1.256689206872));
#779 = CARTESIAN_POINT('',(101.80275555165,-1.479931097275,
    1.350907069002));
#780 = CARTESIAN_POINT('',(101.66069294768,-1.303138342674,
    1.522161759345));
#781 = CARTESIAN_POINT('',(101.58586099286,-1.207142744784,
    1.599217102665));
#782 = CARTESIAN_POINT('',(101.4381174423,-1.005196645176,1.73328262331)
  );
#783 = CARTESIAN_POINT('',(101.36448632257,-0.898689031245,
    1.791054394172));
#784 = CARTESIAN_POINT('',(101.22572487907,-0.669492740475,
    1.888729013971));
#785 = CARTESIAN_POINT('',(101.16064555422,-0.547151796034,
    1.928363754265));
#786 = CARTESIAN_POINT('',(101.06251222198,-0.284972292028,
    1.984125159722));
#787 = CARTESIAN_POINT('',(101.0307764064,-0.144084478043,2.));
#788 = CARTESIAN_POINT('',(101.0307764064,1.147E-14,2.));
#789 = ORIENTED_EDGE('',*,*,#790,.F.);
#790 = EDGE_CURVE('',#192,#754,#791,.T.);
#791 = LINE('',#792,#793);
#792 = CARTESIAN_POINT('',(330.,2.4E-16,-2.));
#793 = VECTOR('',#794,1.);
#794 = DIRECTION('',(-1.,-0.,-0.));
#795 = ORIENTED_EDGE('',*,*,#230,.F.);
#796 = CYLINDRICAL_SURFACE('',#797,2.);
#797 = AXIS2_PLACEMENT_3D('',#798,#799,#800);
#798 = CARTESIAN_POINT('',(330.,0.,0.));
#799 = DIRECTION('',(-1.,-0.,-0.));
#800 = DIRECTION('',(-0.,0.,1.));
#801 = ADVANCED_FACE('',(#802),#827,.F.);
#802 = FACE_BOUND('',#803,.T.);
#803 = EDGE_LOOP('',(#804,#812,#813,#821));
#804 = ORIENTED_EDGE('',*,*,#805,.T.);
#805 = EDGE_CURVE('',#806,#98,#808,.T.);
#806 = VERTEX_POINT('',#807);
#807 = CARTESIAN_POINT('',(-70.,-3.5,-2.4E-14));
#808 = LINE('',#809,#810);
#809 = CARTESIAN_POINT('',(330.,-3.5,-2.398E-14));
#810 = VECTOR('',#811,1.);
#811 = DIRECTION('',(1.,-0.,0.));
#812 = ORIENTED_EDGE('',*,*,#106,.T.);
#813 = ORIENTED_EDGE('',*,*,#814,.T.);
#814 = EDGE_CURVE('',#107,#815,#817,.T.);
#815 = VERTEX_POINT('',#816);
#816 = CARTESIAN_POINT('',(-70.,-4.,0.5));
#817 = LINE('',#818,#819);
#818 = CARTESIAN_POINT('',(330.,-4.,0.5));
#819 = VECTOR('',#820,1.);
#820 = DIRECTION('',(-1.,-0.,0.));
#821 = ORIENTED_EDGE('',*,*,#822,.T.);
#822 = EDGE_CURVE('',#815,#806,#823,.T.);
#823 = LINE('',#824,#825);
#824 = CARTESIAN_POINT('',(-70.,-1.75,-1.75));
#825 = VECTOR('',#826,1.);
#826 = DIRECTION('',(0.,0.707106781187,-0.707106781187));
#827 = PLANE('',#828);
#828 = AXIS2_PLACEMENT_3D('',#829,#830,#831);
#829 = CARTESIAN_POINT('',(330.,-4.,0.5));
#830 = DIRECTION('',(-0.,0.707106781187,0.707106781187));
#831 = DIRECTION('',(0.,-0.707106781187,0.707106781187));
#832 = ADVANCED_FACE('',(#833),#858,.F.);
#833 = FACE_BOUND('',#834,.T.);
#834 = EDGE_LOOP('',(#835,#843,#844,#852));
#835 = ORIENTED_EDGE('',*,*,#836,.T.);
#836 = EDGE_CURVE('',#837,#133,#839,.T.);
#837 = VERTEX_POINT('',#838);
#838 = CARTESIAN_POINT('',(-70.,4.,0.5));
#839 = LINE('',#840,#841);
#840 = CARTESIAN_POINT('',(330.,4.,0.5));
#841 = VECTOR('',#842,1.);
#842 = DIRECTION('',(1.,0.,0.));
#843 = ORIENTED_EDGE('',*,*,#141,.T.);
#844 = ORIENTED_EDGE('',*,*,#845,.F.);
#845 = EDGE_CURVE('',#846,#142,#848,.T.);
#846 = VERTEX_POINT('',#847);
#847 = CARTESIAN_POINT('',(-70.,3.5,-1.E-15));
#848 = LINE('',#849,#850);
#849 = CARTESIAN_POINT('',(330.,3.5,-4.6E-16));
#850 = VECTOR('',#851,1.);
#851 = DIRECTION('',(1.,0.,0.));
#852 = ORIENTED_EDGE('',*,*,#853,.T.);
#853 = EDGE_CURVE('',#846,#837,#854,.T.);
#854 = LINE('',#855,#856);
#855 = CARTESIAN_POINT('',(-70.,1.75,-1.75));
#856 = VECTOR('',#857,1.);
#857 = DIRECTION('',(0.,0.707106781187,0.707106781187));
#858 = PLANE('',#859);
#859 = AXIS2_PLACEMENT_3D('',#860,#861,#862);
#860 = CARTESIAN_POINT('',(330.,3.5,-4.6E-16));
#861 = DIRECTION('',(0.,-0.707106781187,0.707106781187));
#862 = DIRECTION('',(0.,-0.707106781187,-0.707106781187));
#863 = ADVANCED_FACE('',(#864),#890,.F.);
#864 = FACE_BOUND('',#865,.T.);
#865 = EDGE_LOOP('',(#866,#874,#883,#889));
#866 = ORIENTED_EDGE('',*,*,#867,.F.);
#867 = EDGE_CURVE('',#868,#268,#870,.T.);
#868 = VERTEX_POINT('',#869);
#869 = CARTESIAN_POINT('',(102.25,-3.5,-2.4E-14));
#870 = LINE('',#871,#872);
#871 = CARTESIAN_POINT('',(330.,-3.5,-2.398E-14));
#872 = VECTOR('',#873,1.);
#873 = DIRECTION('',(1.,-0.,0.));
#874 = ORIENTED_EDGE('',*,*,#875,.T.);
#875 = EDGE_CURVE('',#868,#876,#878,.T.);
#876 = VERTEX_POINT('',#877);
#877 = CARTESIAN_POINT('',(102.19374109684,-4.,-0.5));
#878 = ( BOUNDED_CURVE() B_SPLINE_CURVE(3,(#879,#880,#881,#882),
.UNSPECIFIED.,.F.,.F.) B_SPLINE_CURVE_WITH_KNOTS((4,4),(1.570796326795,
1.794889419096),.PIECEWISE_BEZIER_KNOTS.) CURVE() 
GEOMETRIC_REPRESENTATION_ITEM() RATIONAL_B_SPLINE_CURVE((1.,
0.995819566824,0.995819566824,1.)) REPRESENTATION_ITEM('') );
#879 = CARTESIAN_POINT('',(102.25,-3.5,-2.398E-14));
#880 = CARTESIAN_POINT('',(102.25,-3.668422448614,-0.168422448614));
#881 = CARTESIAN_POINT('',(102.23116830765,-3.835788779041,
    -0.335788779041));
#882 = CARTESIAN_POINT('',(102.19374109684,-4.,-0.5));
#883 = ORIENTED_EDGE('',*,*,#884,.T.);
#884 = EDGE_CURVE('',#876,#266,#885,.T.);
#885 = LINE('',#886,#887);
#886 = CARTESIAN_POINT('',(330.,-4.,-0.5));
#887 = VECTOR('',#888,1.);
#888 = DIRECTION('',(1.,0.,-0.));
#889 = ORIENTED_EDGE('',*,*,#265,.T.);
#890 = PLANE('',#891);
#891 = AXIS2_PLACEMENT_3D('',#892,#893,#894);
#892 = CARTESIAN_POINT('',(330.,-3.5,-2.398E-14));
#893 = DIRECTION('',(0.,0.707106781187,-0.707106781187));
#894 = DIRECTION('',(0.,0.707106781187,0.707106781187));
#895 = ADVANCED_FACE('',(#896),#922,.F.);
#896 = FACE_BOUND('',#897,.T.);
#897 = EDGE_LOOP('',(#898,#906,#915,#921));
#898 = ORIENTED_EDGE('',*,*,#899,.T.);
#899 = EDGE_CURVE('',#321,#900,#902,.T.);
#900 = VERTEX_POINT('',#901);
#901 = CARTESIAN_POINT('',(102.19374109684,4.,-0.5));
#902 = LINE('',#903,#904);
#903 = CARTESIAN_POINT('',(330.,4.,-0.5));
#904 = VECTOR('',#905,1.);
#905 = DIRECTION('',(-1.,-0.,-0.));
#906 = ORIENTED_EDGE('',*,*,#907,.T.);
#907 = EDGE_CURVE('',#900,#908,#910,.T.);
#908 = VERTEX_POINT('',#909);
#909 = CARTESIAN_POINT('',(102.25,3.5,-0.));
#910 = ( BOUNDED_CURVE() B_SPLINE_CURVE(3,(#911,#912,#913,#914),
.UNSPECIFIED.,.F.,.F.) B_SPLINE_CURVE_WITH_KNOTS((4,4),(1.346703234494,
1.570796326795),.PIECEWISE_BEZIER_KNOTS.) CURVE() 
GEOMETRIC_REPRESENTATION_ITEM() RATIONAL_B_SPLINE_CURVE((1.,
0.995819566824,0.995819566824,1.)) REPRESENTATION_ITEM('') );
#911 = CARTESIAN_POINT('',(102.19374109684,4.,-0.5));
#912 = CARTESIAN_POINT('',(102.23116830765,3.835788779041,
    -0.335788779041));
#913 = CARTESIAN_POINT('',(102.25,3.668422448614,-0.168422448614));
#914 = CARTESIAN_POINT('',(102.25,3.5,-4.6E-16));
#915 = ORIENTED_EDGE('',*,*,#916,.T.);
#916 = EDGE_CURVE('',#908,#312,#917,.T.);
#917 = LINE('',#918,#919);
#918 = CARTESIAN_POINT('',(330.,3.5,-4.6E-16));
#919 = VECTOR('',#920,1.);
#920 = DIRECTION('',(1.,0.,0.));
#921 = ORIENTED_EDGE('',*,*,#320,.T.);
#922 = PLANE('',#923);
#923 = AXIS2_PLACEMENT_3D('',#924,#925,#926);
#924 = CARTESIAN_POINT('',(330.,4.,-0.5));
#925 = DIRECTION('',(0.,-0.707106781187,-0.707106781187));
#926 = DIRECTION('',(0.,0.707106781187,-0.707106781187));
#927 = ADVANCED_FACE('',(#928),#966,.F.);
#928 = FACE_BOUND('',#929,.F.);
#929 = EDGE_LOOP('',(#930,#963,#964,#965));
#930 = ORIENTED_EDGE('',*,*,#931,.F.);
#931 = EDGE_CURVE('',#746,#754,#932,.T.);
#932 = B_SPLINE_CURVE_WITH_KNOTS('',3,(#933,#934,#935,#936,#937,#938,
    #939,#940,#941,#942,#943,#944,#945,#946,#947,#948,#949,#950,#951,
    #952,#953,#954,#955,#956,#957,#958,#959,#960,#961,#962),
  .UNSPECIFIED.,.F.,.F.,(4,2,2,2,2,2,2,2,2,2,2,2,2,2,4),(2.E-17,
    4.255628293343E-04,8.511256586686E-04,1.276688488003E-03,
    1.702251317337E-03,2.553376976006E-03,2.97893980534E-03,
    3.404502634674E-03,3.830065464009E-03,4.255628293343E-03,
    5.106753952011E-03,5.95787961068E-03,6.383442440014E-03,
    6.596223854681E-03,6.809005269349E-03),.UNSPECIFIED.);
#933 = CARTESIAN_POINT('',(101.0307764064,1.147E-14,2.));
#934 = CARTESIAN_POINT('',(101.0307764064,0.144504570026,2.));
#935 = CARTESIAN_POINT('',(101.06217661074,0.283872736257,1.984306585551
    ));
#936 = CARTESIAN_POINT('',(101.16042423394,0.546762270737,1.928498736102
    ));
#937 = CARTESIAN_POINT('',(101.22450839392,0.667297281446,1.889516959777
    ));
#938 = CARTESIAN_POINT('',(101.36329870389,0.89691036959,1.791957530756)
  );
#939 = CARTESIAN_POINT('',(101.43749883326,1.004294216657,1.7337648867)
  );
#940 = CARTESIAN_POINT('',(101.58452513298,1.205372919495,1.600507319856
    ));
#941 = CARTESIAN_POINT('',(101.65796169244,1.299665352823,1.525135805857
    ));
#942 = CARTESIAN_POINT('',(101.8715052459,1.565632175293,1.268650036152)
  );
#943 = CARTESIAN_POINT('',(102.00207093785,1.717177157943,1.060223761663
    ));
#944 = CARTESIAN_POINT('',(102.14547125704,1.881827370589,0.690593007089
    ));
#945 = CARTESIAN_POINT('',(102.18342688757,1.924849411504,0.560920578741
    ));
#946 = CARTESIAN_POINT('',(102.23601519448,1.984302455156,0.28674190326)
  );
#947 = CARTESIAN_POINT('',(102.24983315945,1.999812304347,0.144148248467
    ));
#948 = CARTESIAN_POINT('',(102.25016377067,2.00018424204,-0.138891929391
    ));
#949 = CARTESIAN_POINT('',(102.23645553914,1.984797243916,
    -0.283004176239));
#950 = CARTESIAN_POINT('',(102.18460918029,1.926188981256,
    -0.556154179805));
#951 = CARTESIAN_POINT('',(102.14613190861,1.882578010131,
    -0.688461320029));
#952 = CARTESIAN_POINT('',(102.00359063845,1.718937644797,
    -1.057151449378));
#953 = CARTESIAN_POINT('',(101.87213245356,1.566326769208,
    -1.267525223152));
#954 = CARTESIAN_POINT('',(101.58922628709,1.214141596291,
    -1.608060920308));
#955 = CARTESIAN_POINT('',(101.43234812746,1.010835008672,
    -1.743307138764));
#956 = CARTESIAN_POINT('',(101.22620367741,0.670255192166,
    -1.888381522913));
#957 = CARTESIAN_POINT('',(101.16128247375,0.548653153695,
    -1.927992637253));
#958 = CARTESIAN_POINT('',(101.08713903252,0.350866215029,
    -1.970136257278));
#959 = CARTESIAN_POINT('',(101.06680242336,0.283268380013,
    -1.981082825653));
#960 = CARTESIAN_POINT('',(101.03848883304,0.143640596566,
    -1.996070518853));
#961 = CARTESIAN_POINT('',(101.0307764064,7.11594017308E-02,-2.));
#962 = CARTESIAN_POINT('',(101.0307764064,2.4E-16,-2.));
#963 = ORIENTED_EDGE('',*,*,#745,.F.);
#964 = ORIENTED_EDGE('',*,*,#191,.F.);
#965 = ORIENTED_EDGE('',*,*,#790,.T.);
#966 = CYLINDRICAL_SURFACE('',#967,2.);
#967 = AXIS2_PLACEMENT_3D('',#968,#969,#970);
#968 = CARTESIAN_POINT('',(330.,0.,0.));
#969 = DIRECTION('',(-1.,-0.,-0.));
#970 = DIRECTION('',(-0.,0.,1.));
#971 = ADVANCED_FACE('',(#972),#991,.F.);
#972 = FACE_BOUND('',#973,.T.);
#973 = EDGE_LOOP('',(#974,#982,#989,#990));
#974 = ORIENTED_EDGE('',*,*,#975,.T.);
#975 = EDGE_CURVE('',#277,#976,#978,.T.);
#976 = VERTEX_POINT('',#977);
#977 = CARTESIAN_POINT('',(102.19374109684,-4.,0.5));
#978 = LINE('',#979,#980);
#979 = CARTESIAN_POINT('',(330.,-4.,0.5));
#980 = VECTOR('',#981,1.);
#981 = DIRECTION('',(-1.,-0.,0.));
#982 = ORIENTED_EDGE('',*,*,#983,.T.);
#983 = EDGE_CURVE('',#976,#868,#984,.T.);
#984 = ( BOUNDED_CURVE() B_SPLINE_CURVE(3,(#985,#986,#987,#988),
.UNSPECIFIED.,.F.,.F.) B_SPLINE_CURVE_WITH_KNOTS((4,4),(4.488295888083,
4.712388980385),.PIECEWISE_BEZIER_KNOTS.) CURVE() 
GEOMETRIC_REPRESENTATION_ITEM() RATIONAL_B_SPLINE_CURVE((1.,
0.995819566824,0.995819566824,1.)) REPRESENTATION_ITEM('') );
#985 = CARTESIAN_POINT('',(102.19374109684,-4.,0.5));
#986 = CARTESIAN_POINT('',(102.23116830765,-3.835788779041,
    0.335788779041));
#987 = CARTESIAN_POINT('',(102.25,-3.668422448614,0.168422448614));
#988 = CARTESIAN_POINT('',(102.25,-3.5,-2.398E-14));
#989 = ORIENTED_EDGE('',*,*,#867,.T.);
#990 = ORIENTED_EDGE('',*,*,#276,.T.);
#991 = PLANE('',#992);
#992 = AXIS2_PLACEMENT_3D('',#993,#994,#995);
#993 = CARTESIAN_POINT('',(330.,-4.,0.5));
#994 = DIRECTION('',(-0.,0.707106781187,0.707106781187));
#995 = DIRECTION('',(0.,-0.707106781187,0.707106781187));
#996 = ADVANCED_FACE('',(#997),#1032,.F.);
#997 = FACE_BOUND('',#998,.T.);
#998 = EDGE_LOOP('',(#999,#1009,#1018,#1026));
#999 = ORIENTED_EDGE('',*,*,#1000,.F.);
#1000 = EDGE_CURVE('',#1001,#1003,#1005,.T.);
#1001 = VERTEX_POINT('',#1002);
#1002 = CARTESIAN_POINT('',(252.25,-3.5,-2.4E-14));
#1003 = VERTEX_POINT('',#1004);
#1004 = CARTESIAN_POINT('',(330.,-3.5,-2.4E-14));
#1005 = LINE('',#1006,#1007);
#1006 = CARTESIAN_POINT('',(330.,-3.5,-2.398E-14));
#1007 = VECTOR('',#1008,1.);
#1008 = DIRECTION('',(1.,-0.,0.));
#1009 = ORIENTED_EDGE('',*,*,#1010,.T.);
#1010 = EDGE_CURVE('',#1001,#1011,#1013,.T.);
#1011 = VERTEX_POINT('',#1012);
#1012 = CARTESIAN_POINT('',(252.19374109684,-4.,-0.5));
#1013 = ( BOUNDED_CURVE() B_SPLINE_CURVE(3,(#1014,#1015,#1016,#1017),
.UNSPECIFIED.,.F.,.F.) B_SPLINE_CURVE_WITH_KNOTS((4,4),(1.570796326795,
1.794889419096),.PIECEWISE_BEZIER_KNOTS.) CURVE() 
GEOMETRIC_REPRESENTATION_ITEM() RATIONAL_B_SPLINE_CURVE((1.,
0.995819566824,0.995819566824,1.)) REPRESENTATION_ITEM('') );
#1014 = CARTESIAN_POINT('',(252.25,-3.5,-2.398E-14));
#1015 = CARTESIAN_POINT('',(252.25,-3.668422448614,-0.168422448614));
#1016 = CARTESIAN_POINT('',(252.23116830765,-3.835788779041,
    -0.335788779041));
#1017 = CARTESIAN_POINT('',(252.19374109684,-4.,-0.5));
#1018 = ORIENTED_EDGE('',*,*,#1019,.T.);
#1019 = EDGE_CURVE('',#1011,#1020,#1022,.T.);
#1020 = VERTEX_POINT('',#1021);
#1021 = CARTESIAN_POINT('',(330.,-4.,-0.5));
#1022 = LINE('',#1023,#1024);
#1023 = CARTESIAN_POINT('',(330.,-4.,-0.5));
#1024 = VECTOR('',#1025,1.);
#1025 = DIRECTION('',(1.,0.,-0.));
#1026 = ORIENTED_EDGE('',*,*,#1027,.F.);
#1027 = EDGE_CURVE('',#1003,#1020,#1028,.T.);
#1028 = LINE('',#1029,#1030);
#1029 = CARTESIAN_POINT('',(330.,-3.5,-2.398E-14));
#1030 = VECTOR('',#1031,1.);
#1031 = DIRECTION('',(0.,-0.707106781187,-0.707106781187));
#1032 = PLANE('',#1033);
#1033 = AXIS2_PLACEMENT_3D('',#1034,#1035,#1036);
#1034 = CARTESIAN_POINT('',(330.,-3.5,-2.398E-14));
#1035 = DIRECTION('',(0.,0.707106781187,-0.707106781187));
#1036 = DIRECTION('',(0.,0.707106781187,0.707106781187));
#1037 = ADVANCED_FACE('',(#1038),#1073,.F.);
#1038 = FACE_BOUND('',#1039,.T.);
#1039 = EDGE_LOOP('',(#1040,#1050,#1059,#1067));
#1040 = ORIENTED_EDGE('',*,*,#1041,.T.);
#1041 = EDGE_CURVE('',#1042,#1044,#1046,.T.);
#1042 = VERTEX_POINT('',#1043);
#1043 = CARTESIAN_POINT('',(330.,4.,-0.5));
#1044 = VERTEX_POINT('',#1045);
#1045 = CARTESIAN_POINT('',(252.19374109684,4.,-0.5));
#1046 = LINE('',#1047,#1048);
#1047 = CARTESIAN_POINT('',(330.,4.,-0.5));
#1048 = VECTOR('',#1049,1.);
#1049 = DIRECTION('',(-1.,-0.,-0.));
#1050 = ORIENTED_EDGE('',*,*,#1051,.T.);
#1051 = EDGE_CURVE('',#1044,#1052,#1054,.T.);
#1052 = VERTEX_POINT('',#1053);
#1053 = CARTESIAN_POINT('',(252.25,3.5,-0.));
#1054 = ( BOUNDED_CURVE() B_SPLINE_CURVE(3,(#1055,#1056,#1057,#1058),
.UNSPECIFIED.,.F.,.F.) B_SPLINE_CURVE_WITH_KNOTS((4,4),(1.346703234494,
1.570796326795),.PIECEWISE_BEZIER_KNOTS.) CURVE() 
GEOMETRIC_REPRESENTATION_ITEM() RATIONAL_B_SPLINE_CURVE((1.,
0.995819566824,0.995819566824,1.)) REPRESENTATION_ITEM('') );
#1055 = CARTESIAN_POINT('',(252.19374109684,4.,-0.5));
#1056 = CARTESIAN_POINT('',(252.23116830765,3.835788779041,
    -0.335788779041));
#1057 = CARTESIAN_POINT('',(252.25,3.668422448614,-0.168422448614));
#1058 = CARTESIAN_POINT('',(252.25,3.5,-4.6E-16));
#1059 = ORIENTED_EDGE('',*,*,#1060,.T.);
#1060 = EDGE_CURVE('',#1052,#1061,#1063,.T.);
#1061 = VERTEX_POINT('',#1062);
#1062 = CARTESIAN_POINT('',(330.,3.5,-0.));
#1063 = LINE('',#1064,#1065);
#1064 = CARTESIAN_POINT('',(330.,3.5,-4.6E-16));
#1065 = VECTOR('',#1066,1.);
#1066 = DIRECTION('',(1.,0.,0.));
#1067 = ORIENTED_EDGE('',*,*,#1068,.F.);
#1068 = EDGE_CURVE('',#1042,#1061,#1069,.T.);
#1069 = LINE('',#1070,#1071);
#1070 = CARTESIAN_POINT('',(330.,4.,-0.5));
#1071 = VECTOR('',#1072,1.);
#1072 = DIRECTION('',(0.,-0.707106781187,0.707106781187));
#1073 = PLANE('',#1074);
#1074 = AXIS2_PLACEMENT_3D('',#1075,#1076,#1077);
#1075 = CARTESIAN_POINT('',(330.,4.,-0.5));
#1076 = DIRECTION('',(0.,-0.707106781187,-0.707106781187));
#1077 = DIRECTION('',(0.,0.707106781187,-0.707106781187));
#1078 = ADVANCED_FACE('',(#1079),#1098,.F.);
#1079 = FACE_BOUND('',#1080,.T.);
#1080 = EDGE_LOOP('',(#1081,#1082,#1091,#1097));
#1081 = ORIENTED_EDGE('',*,*,#916,.F.);
#1082 = ORIENTED_EDGE('',*,*,#1083,.T.);
#1083 = EDGE_CURVE('',#908,#1084,#1086,.T.);
#1084 = VERTEX_POINT('',#1085);
#1085 = CARTESIAN_POINT('',(102.19374109684,4.,0.5));
#1086 = ( BOUNDED_CURVE() B_SPLINE_CURVE(3,(#1087,#1088,#1089,#1090),
.UNSPECIFIED.,.F.,.F.) B_SPLINE_CURVE_WITH_KNOTS((4,4),(4.712388980385,
4.936482072686),.PIECEWISE_BEZIER_KNOTS.) CURVE() 
GEOMETRIC_REPRESENTATION_ITEM() RATIONAL_B_SPLINE_CURVE((1.,
0.995819566824,0.995819566824,1.)) REPRESENTATION_ITEM('') );
#1087 = CARTESIAN_POINT('',(102.25,3.5,-4.6E-16));
#1088 = CARTESIAN_POINT('',(102.25,3.668422448614,0.168422448614));
#1089 = CARTESIAN_POINT('',(102.23116830765,3.835788779041,
    0.335788779041));
#1090 = CARTESIAN_POINT('',(102.19374109684,4.,0.5));
#1091 = ORIENTED_EDGE('',*,*,#1092,.T.);
#1092 = EDGE_CURVE('',#1084,#303,#1093,.T.);
#1093 = LINE('',#1094,#1095);
#1094 = CARTESIAN_POINT('',(330.,4.,0.5));
#1095 = VECTOR('',#1096,1.);
#1096 = DIRECTION('',(1.,0.,0.));
#1097 = ORIENTED_EDGE('',*,*,#311,.T.);
#1098 = PLANE('',#1099);
#1099 = AXIS2_PLACEMENT_3D('',#1100,#1101,#1102);
#1100 = CARTESIAN_POINT('',(330.,3.5,-4.6E-16));
#1101 = DIRECTION('',(0.,-0.707106781187,0.707106781187));
#1102 = DIRECTION('',(0.,-0.707106781187,-0.707106781187));
#1103 = ADVANCED_FACE('',(#1104),#1148,.F.);
#1104 = FACE_BOUND('',#1105,.F.);
#1105 = EDGE_LOOP('',(#1106,#1139,#1140,#1147));
#1106 = ORIENTED_EDGE('',*,*,#1107,.F.);
#1107 = EDGE_CURVE('',#678,#686,#1108,.T.);
#1108 = B_SPLINE_CURVE_WITH_KNOTS('',3,(#1109,#1110,#1111,#1112,#1113,
    #1114,#1115,#1116,#1117,#1118,#1119,#1120,#1121,#1122,#1123,#1124,
    #1125,#1126,#1127,#1128,#1129,#1130,#1131,#1132,#1133,#1134,#1135,
    #1136,#1137,#1138),.UNSPECIFIED.,.F.,.F.,(4,2,2,2,2,2,2,2,2,2,2,2,2,
    2,4),(2.E-17,4.255628293343E-04,8.511256586686E-04,
    1.276688488003E-03,1.702251317337E-03,2.553376976006E-03,
    2.97893980534E-03,3.404502634674E-03,3.830065464009E-03,
    4.255628293343E-03,5.106753952011E-03,5.95787961068E-03,
    6.383442440014E-03,6.596223854682E-03,6.809005269349E-03),
  .UNSPECIFIED.);
#1109 = CARTESIAN_POINT('',(251.0307764064,1.196E-14,2.));
#1110 = CARTESIAN_POINT('',(251.0307764064,0.144504570026,2.));
#1111 = CARTESIAN_POINT('',(251.06217661074,0.283872736257,
    1.984306585551));
#1112 = CARTESIAN_POINT('',(251.16042423394,0.546762270737,
    1.928498736102));
#1113 = CARTESIAN_POINT('',(251.22450839392,0.667297281446,
    1.889516959777));
#1114 = CARTESIAN_POINT('',(251.36329870389,0.89691036959,1.791957530756
    ));
#1115 = CARTESIAN_POINT('',(251.43749883326,1.004294216657,1.7337648867)
  );
#1116 = CARTESIAN_POINT('',(251.58452513298,1.205372919495,
    1.600507319856));
#1117 = CARTESIAN_POINT('',(251.65796169244,1.299665352823,
    1.525135805857));
#1118 = CARTESIAN_POINT('',(251.8715052459,1.565632175293,1.268650036152
    ));
#1119 = CARTESIAN_POINT('',(252.00207093785,1.717177157943,
    1.060223761663));
#1120 = CARTESIAN_POINT('',(252.14547125704,1.881827370589,
    0.690593007089));
#1121 = CARTESIAN_POINT('',(252.18342688757,1.924849411504,
    0.560920578741));
#1122 = CARTESIAN_POINT('',(252.23601519447,1.984302455156,0.28674190326
    ));
#1123 = CARTESIAN_POINT('',(252.24983315945,1.999812304347,
    0.144148248467));
#1124 = CARTESIAN_POINT('',(252.25016377067,2.00018424204,
    -0.138891929391));
#1125 = CARTESIAN_POINT('',(252.23645553914,1.984797243916,
    -0.283004176239));
#1126 = CARTESIAN_POINT('',(252.18460918029,1.926188981256,
    -0.556154179805));
#1127 = CARTESIAN_POINT('',(252.14613190861,1.882578010131,
    -0.688461320029));
#1128 = CARTESIAN_POINT('',(252.00359063845,1.718937644797,
    -1.057151449378));
#1129 = CARTESIAN_POINT('',(251.87213245356,1.566326769208,
    -1.267525223152));
#1130 = CARTESIAN_POINT('',(251.58922628709,1.214141596291,
    -1.608060920308));
#1131 = CARTESIAN_POINT('',(251.43234812746,1.010835008672,
    -1.743307138764));
#1132 = CARTESIAN_POINT('',(251.22620367741,0.670255192166,
    -1.888381522913));
#1133 = CARTESIAN_POINT('',(251.16128247375,0.548653153695,
    -1.927992637253));
#1134 = CARTESIAN_POINT('',(251.08713903252,0.350866215029,
    -1.970136257278));
#1135 = CARTESIAN_POINT('',(251.06680242336,0.283268380013,
    -1.981082825653));
#1136 = CARTESIAN_POINT('',(251.03848883304,0.143640596566,
    -1.996070518853));
#1137 = CARTESIAN_POINT('',(251.0307764064,7.11594017308E-02,-2.));
#1138 = CARTESIAN_POINT('',(251.0307764064,2.4E-16,-2.));
#1139 = ORIENTED_EDGE('',*,*,#675,.F.);
#1140 = ORIENTED_EDGE('',*,*,#1141,.F.);
#1141 = EDGE_CURVE('',#723,#676,#1142,.T.);
#1142 = CIRCLE('',#1143,2.00000000001);
#1143 = AXIS2_PLACEMENT_3D('',#1144,#1145,#1146);
#1144 = CARTESIAN_POINT('',(330.,0.,0.));
#1145 = DIRECTION('',(1.,-0.,0.));
#1146 = DIRECTION('',(0.,0.,-1.));
#1147 = ORIENTED_EDGE('',*,*,#722,.T.);
#1148 = CYLINDRICAL_SURFACE('',#1149,2.);
#1149 = AXIS2_PLACEMENT_3D('',#1150,#1151,#1152);
#1150 = CARTESIAN_POINT('',(330.,0.,0.));
#1151 = DIRECTION('',(-1.,-0.,-0.));
#1152 = DIRECTION('',(-0.,0.,1.));
#1153 = ADVANCED_FACE('',(#1154),#1208,.F.);
#1154 = FACE_BOUND('',#1155,.F.);
#1155 = EDGE_LOOP('',(#1156,#1165,#1174,#1181,#1182,#1191,#1200,#1207));
#1156 = ORIENTED_EDGE('',*,*,#1157,.T.);
#1157 = EDGE_CURVE('',#644,#1158,#1160,.T.);
#1158 = VERTEX_POINT('',#1159);
#1159 = CARTESIAN_POINT('',(107.96039219456,0.5,16.082842712475));
#1160 = ( BOUNDED_CURVE() B_SPLINE_CURVE(3,(#1161,#1162,#1163,#1164),
.UNSPECIFIED.,.F.,.F.) B_SPLINE_CURVE_WITH_KNOTS((4,4),(1.570796326795,
1.811200543564),.PIECEWISE_BEZIER_KNOTS.) CURVE() 
GEOMETRIC_REPRESENTATION_ITEM() RATIONAL_B_SPLINE_CURVE((1.,
0.995189613824,0.995189613824,1.)) REPRESENTATION_ITEM('') );
#1161 = CARTESIAN_POINT('',(107.9,-1.214E-14,16.582842712475));
#1162 = CARTESIAN_POINT('',(107.9,0.16868946518,16.414153247294));
#1163 = CARTESIAN_POINT('',(107.92022803618,0.336161738154,
    16.246680974321));
#1164 = CARTESIAN_POINT('',(107.96039219456,0.5,16.082842712475));
#1165 = ORIENTED_EDGE('',*,*,#1166,.T.);
#1166 = EDGE_CURVE('',#1158,#1167,#1169,.T.);
#1167 = VERTEX_POINT('',#1168);
#1168 = CARTESIAN_POINT('',(112.03960780543,0.5,16.082842712475));
#1169 = CIRCLE('',#1170,2.1);
#1170 = AXIS2_PLACEMENT_3D('',#1171,#1172,#1173);
#1171 = CARTESIAN_POINT('',(110.,3.296E-14,16.082842712475));
#1172 = DIRECTION('',(0.,-0.,-1.));
#1173 = DIRECTION('',(1.,-1.78E-15,0.));
#1174 = ORIENTED_EDGE('',*,*,#1175,.T.);
#1175 = EDGE_CURVE('',#1167,#618,#1176,.T.);
#1176 = ( BOUNDED_CURVE() B_SPLINE_CURVE(3,(#1177,#1178,#1179,#1180),
.UNSPECIFIED.,.F.,.F.) B_SPLINE_CURVE_WITH_KNOTS((4,4),(4.471984763615,
4.712388980385),.PIECEWISE_BEZIER_KNOTS.) CURVE() 
GEOMETRIC_REPRESENTATION_ITEM() RATIONAL_B_SPLINE_CURVE((1.,
0.995189613824,0.995189613824,1.)) REPRESENTATION_ITEM('') );
#1177 = CARTESIAN_POINT('',(112.03960780543,0.5,16.082842712475));
#1178 = CARTESIAN_POINT('',(112.07977196381,0.336161738154,
    16.246680974321));
#1179 = CARTESIAN_POINT('',(112.1,0.16868946518,16.414153247294));
#1180 = CARTESIAN_POINT('',(112.1,-1.214E-14,16.582842712475));
#1181 = ORIENTED_EDGE('',*,*,#617,.F.);
#1182 = ORIENTED_EDGE('',*,*,#1183,.T.);
#1183 = EDGE_CURVE('',#609,#1184,#1186,.T.);
#1184 = VERTEX_POINT('',#1185);
#1185 = CARTESIAN_POINT('',(112.03960780543,0.5,16.));
#1186 = ( BOUNDED_CURVE() B_SPLINE_CURVE(3,(#1187,#1188,#1189,#1190),
.UNSPECIFIED.,.F.,.F.) B_SPLINE_CURVE_WITH_KNOTS((4,4),(1.570796326795,
1.811200543564),.PIECEWISE_BEZIER_KNOTS.) CURVE() 
GEOMETRIC_REPRESENTATION_ITEM() RATIONAL_B_SPLINE_CURVE((1.,
0.995189613824,0.995189613824,1.)) REPRESENTATION_ITEM('') );
#1187 = CARTESIAN_POINT('',(112.1,3.296E-14,16.5));
#1188 = CARTESIAN_POINT('',(112.1,0.16868946518,16.33131053482));
#1189 = CARTESIAN_POINT('',(112.07977196381,0.336161738154,
    16.163838261846));
#1190 = CARTESIAN_POINT('',(112.03960780543,0.5,16.));
#1191 = ORIENTED_EDGE('',*,*,#1192,.T.);
#1192 = EDGE_CURVE('',#1184,#1193,#1195,.T.);
#1193 = VERTEX_POINT('',#1194);
#1194 = CARTESIAN_POINT('',(107.96039219456,0.5,16.));
#1195 = CIRCLE('',#1196,2.1);
#1196 = AXIS2_PLACEMENT_3D('',#1197,#1198,#1199);
#1197 = CARTESIAN_POINT('',(110.,3.296E-14,16.));
#1198 = DIRECTION('',(0.,0.,1.));
#1199 = DIRECTION('',(1.,0.,-0.));
#1200 = ORIENTED_EDGE('',*,*,#1201,.T.);
#1201 = EDGE_CURVE('',#1193,#653,#1202,.T.);
#1202 = ( BOUNDED_CURVE() B_SPLINE_CURVE(3,(#1203,#1204,#1205,#1206),
.UNSPECIFIED.,.F.,.F.) B_SPLINE_CURVE_WITH_KNOTS((4,4),(4.471984763615,
4.712388980385),.PIECEWISE_BEZIER_KNOTS.) CURVE() 
GEOMETRIC_REPRESENTATION_ITEM() RATIONAL_B_SPLINE_CURVE((1.,
0.995189613824,0.995189613824,1.)) REPRESENTATION_ITEM('') );
#1203 = CARTESIAN_POINT('',(107.96039219456,0.5,16.));
#1204 = CARTESIAN_POINT('',(107.92022803618,0.336161738154,
    16.163838261846));
#1205 = CARTESIAN_POINT('',(107.9,0.16868946518,16.33131053482));
#1206 = CARTESIAN_POINT('',(107.9,-1.188E-14,16.5));
#1207 = ORIENTED_EDGE('',*,*,#652,.T.);
#1208 = CYLINDRICAL_SURFACE('',#1209,2.1);
#1209 = AXIS2_PLACEMENT_3D('',#1210,#1211,#1212);
#1210 = CARTESIAN_POINT('',(110.,3.296E-14,30.));
#1211 = DIRECTION('',(0.,0.,1.));
#1212 = DIRECTION('',(1.,0.,-0.));
#1213 = ADVANCED_FACE('',(#1214),#1268,.F.);
#1214 = FACE_BOUND('',#1215,.F.);
#1215 = EDGE_LOOP('',(#1216,#1225,#1234,#1241,#1242,#1251,#1260,#1267));
#1216 = ORIENTED_EDGE('',*,*,#1217,.T.);
#1217 = EDGE_CURVE('',#566,#1218,#1220,.T.);
#1218 = VERTEX_POINT('',#1219);
#1219 = CARTESIAN_POINT('',(127.96039219456,0.5,16.082842712475));
#1220 = ( BOUNDED_CURVE() B_SPLINE_CURVE(3,(#1221,#1222,#1223,#1224),
.UNSPECIFIED.,.F.,.F.) B_SPLINE_CURVE_WITH_KNOTS((4,4),(1.570796326795,
1.811200543564),.PIECEWISE_BEZIER_KNOTS.) CURVE() 
GEOMETRIC_REPRESENTATION_ITEM() RATIONAL_B_SPLINE_CURVE((1.,
0.995189613824,0.995189613824,1.)) REPRESENTATION_ITEM('') );
#1221 = CARTESIAN_POINT('',(127.9,-1.214E-14,16.582842712475));
#1222 = CARTESIAN_POINT('',(127.9,0.16868946518,16.414153247294));
#1223 = CARTESIAN_POINT('',(127.92022803618,0.336161738154,
    16.246680974321));
#1224 = CARTESIAN_POINT('',(127.96039219456,0.5,16.082842712475));
#1225 = ORIENTED_EDGE('',*,*,#1226,.T.);
#1226 = EDGE_CURVE('',#1218,#1227,#1229,.T.);
#1227 = VERTEX_POINT('',#1228);
#1228 = CARTESIAN_POINT('',(132.03960780543,0.5,16.082842712475));
#1229 = CIRCLE('',#1230,2.1);
#1230 = AXIS2_PLACEMENT_3D('',#1231,#1232,#1233);
#1231 = CARTESIAN_POINT('',(130.,3.342E-14,16.082842712475));
#1232 = DIRECTION('',(0.,0.,-1.));
#1233 = DIRECTION('',(1.,7.99E-15,0.));
#1234 = ORIENTED_EDGE('',*,*,#1235,.T.);
#1235 = EDGE_CURVE('',#1227,#540,#1236,.T.);
#1236 = ( BOUNDED_CURVE() B_SPLINE_CURVE(3,(#1237,#1238,#1239,#1240),
.UNSPECIFIED.,.F.,.F.) B_SPLINE_CURVE_WITH_KNOTS((4,4),(4.471984763615,
4.712388980385),.PIECEWISE_BEZIER_KNOTS.) CURVE() 
GEOMETRIC_REPRESENTATION_ITEM() RATIONAL_B_SPLINE_CURVE((1.,
0.995189613824,0.995189613824,1.)) REPRESENTATION_ITEM('') );
#1237 = CARTESIAN_POINT('',(132.03960780543,0.5,16.082842712475));
#1238 = CARTESIAN_POINT('',(132.07977196381,0.336161738154,
    16.246680974321));
#1239 = CARTESIAN_POINT('',(132.1,0.16868946518,16.414153247294));
#1240 = CARTESIAN_POINT('',(132.1,-1.214E-14,16.582842712475));
#1241 = ORIENTED_EDGE('',*,*,#539,.F.);
#1242 = ORIENTED_EDGE('',*,*,#1243,.T.);
#1243 = EDGE_CURVE('',#531,#1244,#1246,.T.);
#1244 = VERTEX_POINT('',#1245);
#1245 = CARTESIAN_POINT('',(132.03960780543,0.5,16.));
#1246 = ( BOUNDED_CURVE() B_SPLINE_CURVE(3,(#1247,#1248,#1249,#1250),
.UNSPECIFIED.,.F.,.F.) B_SPLINE_CURVE_WITH_KNOTS((4,4),(1.570796326795,
1.811200543564),.PIECEWISE_BEZIER_KNOTS.) CURVE() 
GEOMETRIC_REPRESENTATION_ITEM() RATIONAL_B_SPLINE_CURVE((1.,
0.995189613824,0.995189613824,1.)) REPRESENTATION_ITEM('') );
#1247 = CARTESIAN_POINT('',(132.1,3.342E-14,16.5));
#1248 = CARTESIAN_POINT('',(132.1,0.16868946518,16.33131053482));
#1249 = CARTESIAN_POINT('',(132.07977196381,0.336161738154,
    16.163838261846));
#1250 = CARTESIAN_POINT('',(132.03960780543,0.5,16.));
#1251 = ORIENTED_EDGE('',*,*,#1252,.T.);
#1252 = EDGE_CURVE('',#1244,#1253,#1255,.T.);
#1253 = VERTEX_POINT('',#1254);
#1254 = CARTESIAN_POINT('',(127.96039219456,0.5,16.));
#1255 = CIRCLE('',#1256,2.1);
#1256 = AXIS2_PLACEMENT_3D('',#1257,#1258,#1259);
#1257 = CARTESIAN_POINT('',(130.,3.342E-14,16.));
#1258 = DIRECTION('',(0.,0.,1.));
#1259 = DIRECTION('',(1.,0.,-0.));
#1260 = ORIENTED_EDGE('',*,*,#1261,.T.);
#1261 = EDGE_CURVE('',#1253,#575,#1262,.T.);
#1262 = ( BOUNDED_CURVE() B_SPLINE_CURVE(3,(#1263,#1264,#1265,#1266),
.UNSPECIFIED.,.F.,.F.) B_SPLINE_CURVE_WITH_KNOTS((4,4),(4.471984763615,
4.712388980385),.PIECEWISE_BEZIER_KNOTS.) CURVE() 
GEOMETRIC_REPRESENTATION_ITEM() RATIONAL_B_SPLINE_CURVE((1.,
0.995189613824,0.995189613824,1.)) REPRESENTATION_ITEM('') );
#1263 = CARTESIAN_POINT('',(127.96039219456,0.5,16.));
#1264 = CARTESIAN_POINT('',(127.92022803618,0.336161738154,
    16.163838261846));
#1265 = CARTESIAN_POINT('',(127.9,0.16868946518,16.33131053482));
#1266 = CARTESIAN_POINT('',(127.9,-1.165E-14,16.5));
#1267 = ORIENTED_EDGE('',*,*,#574,.T.);
#1268 = CYLINDRICAL_SURFACE('',#1269,2.1);
#1269 = AXIS2_PLACEMENT_3D('',#1270,#1271,#1272);
#1270 = CARTESIAN_POINT('',(130.,3.342E-14,30.));
#1271 = DIRECTION('',(0.,0.,1.));
#1272 = DIRECTION('',(1.,0.,-0.));
#1273 = ADVANCED_FACE('',(#1274),#1301,.F.);
#1274 = FACE_BOUND('',#1275,.T.);
#1275 = EDGE_LOOP('',(#1276,#1287,#1295));
#1276 = ORIENTED_EDGE('',*,*,#1277,.F.);
#1277 = EDGE_CURVE('',#1278,#1280,#1282,.T.);
#1278 = VERTEX_POINT('',#1279);
#1279 = CARTESIAN_POINT('',(0.,8.2,16.6));
#1280 = VERTEX_POINT('',#1281);
#1281 = CARTESIAN_POINT('',(0.,8.4,16.8));
#1282 = CIRCLE('',#1283,0.2);
#1283 = AXIS2_PLACEMENT_3D('',#1284,#1285,#1286);
#1284 = CARTESIAN_POINT('',(0.,8.4,16.6));
#1285 = DIRECTION('',(-1.,0.,-0.));
#1286 = DIRECTION('',(0.,0.,-1.));
#1287 = ORIENTED_EDGE('',*,*,#1288,.F.);
#1288 = EDGE_CURVE('',#1289,#1278,#1291,.T.);
#1289 = VERTEX_POINT('',#1290);
#1290 = CARTESIAN_POINT('',(0.,8.2,17.));
#1291 = LINE('',#1292,#1293);
#1292 = CARTESIAN_POINT('',(0.,8.2,17.));
#1293 = VECTOR('',#1294,1.);
#1294 = DIRECTION('',(0.,9.6E-16,-1.));
#1295 = ORIENTED_EDGE('',*,*,#1296,.F.);
#1296 = EDGE_CURVE('',#1280,#1289,#1297,.T.);
#1297 = LINE('',#1298,#1299);
#1298 = CARTESIAN_POINT('',(0.,10.,15.2));
#1299 = VECTOR('',#1300,1.);
#1300 = DIRECTION('',(0.,-0.707106781187,0.707106781187));
#1301 = PLANE('',#1302);
#1302 = AXIS2_PLACEMENT_3D('',#1303,#1304,#1305);
#1303 = CARTESIAN_POINT('',(0.,0.,0.));
#1304 = DIRECTION('',(1.,-0.,0.));
#1305 = DIRECTION('',(0.,0.,-1.));
#1306 = ADVANCED_FACE('',(#1307),#1453,.F.);
#1307 = FACE_BOUND('',#1308,.T.);
#1308 = EDGE_LOOP('',(#1309,#1319,#1327,#1335,#1343,#1351,#1359,#1367,
    #1375,#1383,#1391,#1399,#1407,#1415,#1423,#1431,#1439,#1447));
#1309 = ORIENTED_EDGE('',*,*,#1310,.F.);
#1310 = EDGE_CURVE('',#1311,#1313,#1315,.T.);
#1311 = VERTEX_POINT('',#1312);
#1312 = CARTESIAN_POINT('',(0.,-8.2,13.882842712475));
#1313 = VERTEX_POINT('',#1314);
#1314 = CARTESIAN_POINT('',(0.,-8.2,13.8));
#1315 = LINE('',#1316,#1317);
#1316 = CARTESIAN_POINT('',(0.,-8.2,0.));
#1317 = VECTOR('',#1318,1.);
#1318 = DIRECTION('',(0.,0.,-1.));
#1319 = ORIENTED_EDGE('',*,*,#1320,.T.);
#1320 = EDGE_CURVE('',#1311,#1321,#1323,.T.);
#1321 = VERTEX_POINT('',#1322);
#1322 = CARTESIAN_POINT('',(0.,-5.210050506339,13.882842712475));
#1323 = LINE('',#1324,#1325);
#1324 = CARTESIAN_POINT('',(0.,0.,13.882842712475));
#1325 = VECTOR('',#1326,1.);
#1326 = DIRECTION('',(0.,1.,0.));
#1327 = ORIENTED_EDGE('',*,*,#1328,.T.);
#1328 = EDGE_CURVE('',#1321,#1329,#1331,.T.);
#1329 = VERTEX_POINT('',#1330);
#1330 = CARTESIAN_POINT('',(0.,-3.010050506339,16.082842712475));
#1331 = LINE('',#1332,#1333);
#1332 = CARTESIAN_POINT('',(0.,-9.546446609407,9.546446609407));
#1333 = VECTOR('',#1334,1.);
#1334 = DIRECTION('',(0.,0.707106781187,0.707106781187));
#1335 = ORIENTED_EDGE('',*,*,#1336,.T.);
#1336 = EDGE_CURVE('',#1329,#1337,#1339,.T.);
#1337 = VERTEX_POINT('',#1338);
#1338 = CARTESIAN_POINT('',(0.,-0.5,16.082842712475));
#1339 = LINE('',#1340,#1341);
#1340 = CARTESIAN_POINT('',(0.,0.,16.082842712475));
#1341 = VECTOR('',#1342,1.);
#1342 = DIRECTION('',(0.,1.,0.));
#1343 = ORIENTED_EDGE('',*,*,#1344,.T.);
#1344 = EDGE_CURVE('',#1337,#1345,#1347,.T.);
#1345 = VERTEX_POINT('',#1346);
#1346 = CARTESIAN_POINT('',(0.,-1.2E-14,16.582842712475));
#1347 = LINE('',#1348,#1349);
#1348 = CARTESIAN_POINT('',(0.,-8.291421356237,8.291421356237));
#1349 = VECTOR('',#1350,1.);
#1350 = DIRECTION('',(0.,0.707106781187,0.707106781187));
#1351 = ORIENTED_EDGE('',*,*,#1352,.F.);
#1352 = EDGE_CURVE('',#1353,#1345,#1355,.T.);
#1353 = VERTEX_POINT('',#1354);
#1354 = CARTESIAN_POINT('',(0.,0.5,16.082842712475));
#1355 = LINE('',#1356,#1357);
#1356 = CARTESIAN_POINT('',(0.,8.291421356237,8.291421356237));
#1357 = VECTOR('',#1358,1.);
#1358 = DIRECTION('',(0.,-0.707106781187,0.707106781187));
#1359 = ORIENTED_EDGE('',*,*,#1360,.F.);
#1360 = EDGE_CURVE('',#1361,#1353,#1363,.T.);
#1361 = VERTEX_POINT('',#1362);
#1362 = CARTESIAN_POINT('',(0.,3.010050506339,16.082842712475));
#1363 = LINE('',#1364,#1365);
#1364 = CARTESIAN_POINT('',(0.,0.,16.082842712475));
#1365 = VECTOR('',#1366,1.);
#1366 = DIRECTION('',(0.,-1.,0.));
#1367 = ORIENTED_EDGE('',*,*,#1368,.F.);
#1368 = EDGE_CURVE('',#1369,#1361,#1371,.T.);
#1369 = VERTEX_POINT('',#1370);
#1370 = CARTESIAN_POINT('',(0.,5.210050506339,13.882842712475));
#1371 = LINE('',#1372,#1373);
#1372 = CARTESIAN_POINT('',(0.,9.546446609407,9.546446609407));
#1373 = VECTOR('',#1374,1.);
#1374 = DIRECTION('',(0.,-0.707106781187,0.707106781187));
#1375 = ORIENTED_EDGE('',*,*,#1376,.F.);
#1376 = EDGE_CURVE('',#1377,#1369,#1379,.T.);
#1377 = VERTEX_POINT('',#1378);
#1378 = CARTESIAN_POINT('',(0.,8.2,13.882842712475));
#1379 = LINE('',#1380,#1381);
#1380 = CARTESIAN_POINT('',(0.,0.,13.882842712475));
#1381 = VECTOR('',#1382,1.);
#1382 = DIRECTION('',(0.,-1.,0.));
#1383 = ORIENTED_EDGE('',*,*,#1384,.T.);
#1384 = EDGE_CURVE('',#1377,#1385,#1387,.T.);
#1385 = VERTEX_POINT('',#1386);
#1386 = CARTESIAN_POINT('',(0.,8.2,13.8));
#1387 = LINE('',#1388,#1389);
#1388 = CARTESIAN_POINT('',(0.,8.2,0.));
#1389 = VECTOR('',#1390,1.);
#1390 = DIRECTION('',(0.,0.,-1.));
#1391 = ORIENTED_EDGE('',*,*,#1392,.F.);
#1392 = EDGE_CURVE('',#1393,#1385,#1395,.T.);
#1393 = VERTEX_POINT('',#1394);
#1394 = CARTESIAN_POINT('',(-1.25E-13,5.210050506339,13.8));
#1395 = LINE('',#1396,#1397);
#1396 = CARTESIAN_POINT('',(0.,8.2,13.8));
#1397 = VECTOR('',#1398,1.);
#1398 = DIRECTION('',(-0.,1.,-1.1E-16));
#1399 = ORIENTED_EDGE('',*,*,#1400,.F.);
#1400 = EDGE_CURVE('',#1401,#1393,#1403,.T.);
#1401 = VERTEX_POINT('',#1402);
#1402 = CARTESIAN_POINT('',(-1.11E-13,3.010050506339,16.));
#1403 = LINE('',#1404,#1405);
#1404 = CARTESIAN_POINT('',(-2.7756E-13,5.210050506339,13.8));
#1405 = VECTOR('',#1406,1.);
#1406 = DIRECTION('',(0.,0.707106781187,-0.707106781187));
#1407 = ORIENTED_EDGE('',*,*,#1408,.F.);
#1408 = EDGE_CURVE('',#1409,#1401,#1411,.T.);
#1409 = VERTEX_POINT('',#1410);
#1410 = CARTESIAN_POINT('',(0.,0.5,16.));
#1411 = LINE('',#1412,#1413);
#1412 = CARTESIAN_POINT('',(0.,-3.010050506339,16.));
#1413 = VECTOR('',#1414,1.);
#1414 = DIRECTION('',(0.,1.,1.7E-16));
#1415 = ORIENTED_EDGE('',*,*,#1416,.F.);
#1416 = EDGE_CURVE('',#1417,#1409,#1419,.T.);
#1417 = VERTEX_POINT('',#1418);
#1418 = CARTESIAN_POINT('',(0.,-1.1E-14,16.5));
#1419 = LINE('',#1420,#1421);
#1420 = CARTESIAN_POINT('',(0.,0.5,16.));
#1421 = VECTOR('',#1422,1.);
#1422 = DIRECTION('',(0.,0.707106781187,-0.707106781187));
#1423 = ORIENTED_EDGE('',*,*,#1424,.F.);
#1424 = EDGE_CURVE('',#1425,#1417,#1427,.T.);
#1425 = VERTEX_POINT('',#1426);
#1426 = CARTESIAN_POINT('',(0.,-0.5,16.));
#1427 = LINE('',#1428,#1429);
#1428 = CARTESIAN_POINT('',(0.,-1.289E-14,16.5));
#1429 = VECTOR('',#1430,1.);
#1430 = DIRECTION('',(0.,0.707106781187,0.707106781187));
#1431 = ORIENTED_EDGE('',*,*,#1432,.F.);
#1432 = EDGE_CURVE('',#1433,#1425,#1435,.T.);
#1433 = VERTEX_POINT('',#1434);
#1434 = CARTESIAN_POINT('',(-1.25E-13,-3.010050506339,16.));
#1435 = LINE('',#1436,#1437);
#1436 = CARTESIAN_POINT('',(0.,-3.010050506339,16.));
#1437 = VECTOR('',#1438,1.);
#1438 = DIRECTION('',(0.,1.,1.7E-16));
#1439 = ORIENTED_EDGE('',*,*,#1440,.F.);
#1440 = EDGE_CURVE('',#1441,#1433,#1443,.T.);
#1441 = VERTEX_POINT('',#1442);
#1442 = CARTESIAN_POINT('',(-1.11E-13,-5.210050506339,13.8));
#1443 = LINE('',#1444,#1445);
#1444 = CARTESIAN_POINT('',(-2.7756E-13,-5.210050506339,13.8));
#1445 = VECTOR('',#1446,1.);
#1446 = DIRECTION('',(0.,0.707106781187,0.707106781187));
#1447 = ORIENTED_EDGE('',*,*,#1448,.F.);
#1448 = EDGE_CURVE('',#1313,#1441,#1449,.T.);
#1449 = LINE('',#1450,#1451);
#1450 = CARTESIAN_POINT('',(0.,8.2,13.8));
#1451 = VECTOR('',#1452,1.);
#1452 = DIRECTION('',(-0.,1.,-1.1E-16));
#1453 = PLANE('',#1454);
#1454 = AXIS2_PLACEMENT_3D('',#1455,#1456,#1457);
#1455 = CARTESIAN_POINT('',(0.,0.,0.));
#1456 = DIRECTION('',(1.,-0.,0.));
#1457 = DIRECTION('',(0.,0.,-1.));
#1458 = ADVANCED_FACE('',(#1459),#1493,.F.);
#1459 = FACE_BOUND('',#1460,.T.);
#1460 = EDGE_LOOP('',(#1461,#1471,#1479,#1487));
#1461 = ORIENTED_EDGE('',*,*,#1462,.F.);
#1462 = EDGE_CURVE('',#1463,#1465,#1467,.T.);
#1463 = VERTEX_POINT('',#1464);
#1464 = CARTESIAN_POINT('',(-70.,-10.,15.2));
#1465 = VERTEX_POINT('',#1466);
#1466 = CARTESIAN_POINT('',(330.,-10.,15.2));
#1467 = LINE('',#1468,#1469);
#1468 = CARTESIAN_POINT('',(330.,-10.,15.2));
#1469 = VECTOR('',#1470,1.);
#1470 = DIRECTION('',(1.,0.,-0.));
#1471 = ORIENTED_EDGE('',*,*,#1472,.T.);
#1472 = EDGE_CURVE('',#1463,#1473,#1475,.T.);
#1473 = VERTEX_POINT('',#1474);
#1474 = CARTESIAN_POINT('',(-70.,-10.,4.882842712475));
#1475 = LINE('',#1476,#1477);
#1476 = CARTESIAN_POINT('',(-70.,-10.,0.));
#1477 = VECTOR('',#1478,1.);
#1478 = DIRECTION('',(0.,0.,-1.));
#1479 = ORIENTED_EDGE('',*,*,#1480,.F.);
#1480 = EDGE_CURVE('',#1481,#1473,#1483,.T.);
#1481 = VERTEX_POINT('',#1482);
#1482 = CARTESIAN_POINT('',(330.,-10.,4.882842712475));
#1483 = LINE('',#1484,#1485);
#1484 = CARTESIAN_POINT('',(330.,-10.,4.882842712475));
#1485 = VECTOR('',#1486,1.);
#1486 = DIRECTION('',(-1.,-0.,0.));
#1487 = ORIENTED_EDGE('',*,*,#1488,.F.);
#1488 = EDGE_CURVE('',#1465,#1481,#1489,.T.);
#1489 = LINE('',#1490,#1491);
#1490 = CARTESIAN_POINT('',(330.,-10.,0.));
#1491 = VECTOR('',#1492,1.);
#1492 = DIRECTION('',(0.,0.,-1.));
#1493 = PLANE('',#1494);
#1494 = AXIS2_PLACEMENT_3D('',#1495,#1496,#1497);
#1495 = CARTESIAN_POINT('',(330.,-10.,10.));
#1496 = DIRECTION('',(0.,1.,0.));
#1497 = DIRECTION('',(0.,-0.,1.));
#1498 = ADVANCED_FACE('',(#1499,#1645,#2400,#2410),#2414,.T.);
#1499 = FACE_BOUND('',#1500,.T.);
#1500 = EDGE_LOOP('',(#1501,#1511,#1519,#1527,#1535,#1543,#1551,#1559,
    #1567,#1575,#1583,#1591,#1599,#1607,#1615,#1623,#1631,#1639));
#1501 = ORIENTED_EDGE('',*,*,#1502,.T.);
#1502 = EDGE_CURVE('',#1503,#1505,#1507,.T.);
#1503 = VERTEX_POINT('',#1504);
#1504 = CARTESIAN_POINT('',(330.,-8.2,6.2));
#1505 = VERTEX_POINT('',#1506);
#1506 = CARTESIAN_POINT('',(330.,-8.2,13.8));
#1507 = LINE('',#1508,#1509);
#1508 = CARTESIAN_POINT('',(330.,-8.2,0.));
#1509 = VECTOR('',#1510,1.);
#1510 = DIRECTION('',(-0.,-0.,1.));
#1511 = ORIENTED_EDGE('',*,*,#1512,.T.);
#1512 = EDGE_CURVE('',#1505,#1513,#1515,.T.);
#1513 = VERTEX_POINT('',#1514);
#1514 = CARTESIAN_POINT('',(330.,-5.210050506339,13.8));
#1515 = LINE('',#1516,#1517);
#1516 = CARTESIAN_POINT('',(330.,0.,13.8));
#1517 = VECTOR('',#1518,1.);
#1518 = DIRECTION('',(0.,1.,0.));
#1519 = ORIENTED_EDGE('',*,*,#1520,.T.);
#1520 = EDGE_CURVE('',#1513,#1521,#1523,.T.);
#1521 = VERTEX_POINT('',#1522);
#1522 = CARTESIAN_POINT('',(330.,-3.010050506339,16.));
#1523 = LINE('',#1524,#1525);
#1524 = CARTESIAN_POINT('',(330.,-5.210050506339,13.8));
#1525 = VECTOR('',#1526,1.);
#1526 = DIRECTION('',(0.,0.707106781187,0.707106781187));
#1527 = ORIENTED_EDGE('',*,*,#1528,.T.);
#1528 = EDGE_CURVE('',#1521,#1529,#1531,.T.);
#1529 = VERTEX_POINT('',#1530);
#1530 = CARTESIAN_POINT('',(330.,-0.5,16.));
#1531 = LINE('',#1532,#1533);
#1532 = CARTESIAN_POINT('',(330.,0.,16.));
#1533 = VECTOR('',#1534,1.);
#1534 = DIRECTION('',(0.,1.,0.));
#1535 = ORIENTED_EDGE('',*,*,#1536,.F.);
#1536 = EDGE_CURVE('',#1537,#1529,#1539,.T.);
#1537 = VERTEX_POINT('',#1538);
#1538 = CARTESIAN_POINT('',(330.,-1.2E-14,16.5));
#1539 = LINE('',#1540,#1541);
#1540 = CARTESIAN_POINT('',(330.,-1.289E-14,16.5));
#1541 = VECTOR('',#1542,1.);
#1542 = DIRECTION('',(-0.,-0.707106781187,-0.707106781187));
#1543 = ORIENTED_EDGE('',*,*,#1544,.F.);
#1544 = EDGE_CURVE('',#1545,#1537,#1547,.T.);
#1545 = VERTEX_POINT('',#1546);
#1546 = CARTESIAN_POINT('',(330.,0.5,16.));
#1547 = LINE('',#1548,#1549);
#1548 = CARTESIAN_POINT('',(330.,0.5,16.));
#1549 = VECTOR('',#1550,1.);
#1550 = DIRECTION('',(-0.,-0.707106781187,0.707106781187));
#1551 = ORIENTED_EDGE('',*,*,#1552,.T.);
#1552 = EDGE_CURVE('',#1545,#1553,#1555,.T.);
#1553 = VERTEX_POINT('',#1554);
#1554 = CARTESIAN_POINT('',(330.,3.010050506339,16.));
#1555 = LINE('',#1556,#1557);
#1556 = CARTESIAN_POINT('',(330.,0.,16.));
#1557 = VECTOR('',#1558,1.);
#1558 = DIRECTION('',(0.,1.,0.));
#1559 = ORIENTED_EDGE('',*,*,#1560,.T.);
#1560 = EDGE_CURVE('',#1553,#1561,#1563,.T.);
#1561 = VERTEX_POINT('',#1562);
#1562 = CARTESIAN_POINT('',(330.,5.210050506339,13.8));
#1563 = LINE('',#1564,#1565);
#1564 = CARTESIAN_POINT('',(330.,3.010050506339,16.));
#1565 = VECTOR('',#1566,1.);
#1566 = DIRECTION('',(0.,0.707106781187,-0.707106781187));
#1567 = ORIENTED_EDGE('',*,*,#1568,.T.);
#1568 = EDGE_CURVE('',#1561,#1569,#1571,.T.);
#1569 = VERTEX_POINT('',#1570);
#1570 = CARTESIAN_POINT('',(330.,8.2,13.8));
#1571 = LINE('',#1572,#1573);
#1572 = CARTESIAN_POINT('',(330.,0.,13.8));
#1573 = VECTOR('',#1574,1.);
#1574 = DIRECTION('',(0.,1.,0.));
#1575 = ORIENTED_EDGE('',*,*,#1576,.T.);
#1576 = EDGE_CURVE('',#1569,#1577,#1579,.T.);
#1577 = VERTEX_POINT('',#1578);
#1578 = CARTESIAN_POINT('',(330.,8.2,6.2));
#1579 = LINE('',#1580,#1581);
#1580 = CARTESIAN_POINT('',(330.,8.2,0.));
#1581 = VECTOR('',#1582,1.);
#1582 = DIRECTION('',(0.,0.,-1.));
#1583 = ORIENTED_EDGE('',*,*,#1584,.T.);
#1584 = EDGE_CURVE('',#1577,#1585,#1587,.T.);
#1585 = VERTEX_POINT('',#1586);
#1586 = CARTESIAN_POINT('',(330.,5.210050506339,6.2));
#1587 = LINE('',#1588,#1589);
#1588 = CARTESIAN_POINT('',(330.,0.,6.2));
#1589 = VECTOR('',#1590,1.);
#1590 = DIRECTION('',(-0.,-1.,-0.));
#1591 = ORIENTED_EDGE('',*,*,#1592,.T.);
#1592 = EDGE_CURVE('',#1585,#1593,#1595,.T.);
#1593 = VERTEX_POINT('',#1594);
#1594 = CARTESIAN_POINT('',(330.,3.010050506339,4.));
#1595 = LINE('',#1596,#1597);
#1596 = CARTESIAN_POINT('',(330.,5.210050506339,6.2));
#1597 = VECTOR('',#1598,1.);
#1598 = DIRECTION('',(0.,-0.707106781187,-0.707106781187));
#1599 = ORIENTED_EDGE('',*,*,#1600,.T.);
#1600 = EDGE_CURVE('',#1593,#1601,#1603,.T.);
#1601 = VERTEX_POINT('',#1602);
#1602 = CARTESIAN_POINT('',(330.,0.5,4.));
#1603 = LINE('',#1604,#1605);
#1604 = CARTESIAN_POINT('',(330.,0.,4.));
#1605 = VECTOR('',#1606,1.);
#1606 = DIRECTION('',(-0.,-1.,-0.));
#1607 = ORIENTED_EDGE('',*,*,#1608,.T.);
#1608 = EDGE_CURVE('',#1601,#1609,#1611,.T.);
#1609 = VERTEX_POINT('',#1610);
#1610 = CARTESIAN_POINT('',(330.,-1.2E-14,3.5));
#1611 = LINE('',#1612,#1613);
#1612 = CARTESIAN_POINT('',(330.,0.5,4.));
#1613 = VECTOR('',#1614,1.);
#1614 = DIRECTION('',(0.,-0.707106781187,-0.707106781187));
#1615 = ORIENTED_EDGE('',*,*,#1616,.T.);
#1616 = EDGE_CURVE('',#1609,#1617,#1619,.T.);
#1617 = VERTEX_POINT('',#1618);
#1618 = CARTESIAN_POINT('',(330.,-0.5,4.));
#1619 = LINE('',#1620,#1621);
#1620 = CARTESIAN_POINT('',(330.,-1.176E-14,3.5));
#1621 = VECTOR('',#1622,1.);
#1622 = DIRECTION('',(0.,-0.707106781187,0.707106781187));
#1623 = ORIENTED_EDGE('',*,*,#1624,.T.);
#1624 = EDGE_CURVE('',#1617,#1625,#1627,.T.);
#1625 = VERTEX_POINT('',#1626);
#1626 = CARTESIAN_POINT('',(330.,-3.010050506339,4.));
#1627 = LINE('',#1628,#1629);
#1628 = CARTESIAN_POINT('',(330.,0.,4.));
#1629 = VECTOR('',#1630,1.);
#1630 = DIRECTION('',(-0.,-1.,-0.));
#1631 = ORIENTED_EDGE('',*,*,#1632,.T.);
#1632 = EDGE_CURVE('',#1625,#1633,#1635,.T.);
#1633 = VERTEX_POINT('',#1634);
#1634 = CARTESIAN_POINT('',(330.,-5.210050506339,6.2));
#1635 = LINE('',#1636,#1637);
#1636 = CARTESIAN_POINT('',(330.,-3.010050506339,4.));
#1637 = VECTOR('',#1638,1.);
#1638 = DIRECTION('',(0.,-0.707106781187,0.707106781187));
#1639 = ORIENTED_EDGE('',*,*,#1640,.T.);
#1640 = EDGE_CURVE('',#1633,#1503,#1641,.T.);
#1641 = LINE('',#1642,#1643);
#1642 = CARTESIAN_POINT('',(330.,0.,6.2));
#1643 = VECTOR('',#1644,1.);
#1644 = DIRECTION('',(-0.,-1.,-0.));
#1645 = FACE_BOUND('',#1646,.T.);
#1646 = EDGE_LOOP('',(#1647,#1657,#1665,#1673,#1681,#1689,#1697,#1705,
    #1713,#1721,#1729,#1737,#1745,#1753,#1761,#1769,#1777,#1785,#1793,
    #1801,#1809,#1817,#1825,#1833,#1841,#1849,#1857,#1865,#1873,#1881,
    #1889,#1897,#1905,#1913,#1921,#1929,#1937,#1945,#1953,#1961,#1967,
    #1968,#1977,#1985,#1994,#2002,#2010,#2018,#2026,#2032,#2033,#2041,
    #2049,#2057,#2065,#2072,#2073,#2081,#2090,#2098,#2107,#2115,#2124,
    #2132,#2141,#2149,#2157,#2165,#2173,#2181,#2189,#2197,#2205,#2213,
    #2221,#2230,#2238,#2247,#2255,#2264,#2272,#2281,#2289,#2296,#2297,
    #2305,#2313,#2321,#2327,#2328,#2336,#2344,#2352,#2360,#2368,#2377,
    #2385,#2394));
#1647 = ORIENTED_EDGE('',*,*,#1648,.T.);
#1648 = EDGE_CURVE('',#1649,#1651,#1653,.T.);
#1649 = VERTEX_POINT('',#1650);
#1650 = CARTESIAN_POINT('',(330.,10.,15.2));
#1651 = VERTEX_POINT('',#1652);
#1652 = CARTESIAN_POINT('',(330.,8.2,17.));
#1653 = LINE('',#1654,#1655);
#1654 = CARTESIAN_POINT('',(330.,10.,15.2));
#1655 = VECTOR('',#1656,1.);
#1656 = DIRECTION('',(0.,-0.707106781187,0.707106781187));
#1657 = ORIENTED_EDGE('',*,*,#1658,.T.);
#1658 = EDGE_CURVE('',#1651,#1659,#1661,.T.);
#1659 = VERTEX_POINT('',#1660);
#1660 = CARTESIAN_POINT('',(330.,8.2,14.789949493661));
#1661 = LINE('',#1662,#1663);
#1662 = CARTESIAN_POINT('',(330.,8.2,0.));
#1663 = VECTOR('',#1664,1.);
#1664 = DIRECTION('',(0.,0.,-1.));
#1665 = ORIENTED_EDGE('',*,*,#1666,.T.);
#1666 = EDGE_CURVE('',#1659,#1667,#1669,.T.);
#1667 = VERTEX_POINT('',#1668);
#1668 = CARTESIAN_POINT('',(330.,6.2,14.789949493661));
#1669 = LINE('',#1670,#1671);
#1670 = CARTESIAN_POINT('',(330.,0.,14.789949493661));
#1671 = VECTOR('',#1672,1.);
#1672 = DIRECTION('',(-0.,-1.,-0.));
#1673 = ORIENTED_EDGE('',*,*,#1674,.T.);
#1674 = EDGE_CURVE('',#1667,#1675,#1677,.T.);
#1675 = VERTEX_POINT('',#1676);
#1676 = CARTESIAN_POINT('',(330.,4.,16.989949493661));
#1677 = LINE('',#1678,#1679);
#1678 = CARTESIAN_POINT('',(330.,6.2,14.789949493661));
#1679 = VECTOR('',#1680,1.);
#1680 = DIRECTION('',(0.,-0.707106781187,0.707106781187));
#1681 = ORIENTED_EDGE('',*,*,#1682,.T.);
#1682 = EDGE_CURVE('',#1675,#1683,#1685,.T.);
#1683 = VERTEX_POINT('',#1684);
#1684 = CARTESIAN_POINT('',(330.,4.,19.5));
#1685 = LINE('',#1686,#1687);
#1686 = CARTESIAN_POINT('',(330.,4.,0.));
#1687 = VECTOR('',#1688,1.);
#1688 = DIRECTION('',(-0.,-0.,1.));
#1689 = ORIENTED_EDGE('',*,*,#1690,.F.);
#1690 = EDGE_CURVE('',#1691,#1683,#1693,.T.);
#1691 = VERTEX_POINT('',#1692);
#1692 = CARTESIAN_POINT('',(330.,3.5,20.));
#1693 = LINE('',#1694,#1695);
#1694 = CARTESIAN_POINT('',(330.,3.5,20.));
#1695 = VECTOR('',#1696,1.);
#1696 = DIRECTION('',(-0.,0.707106781187,-0.707106781187));
#1697 = ORIENTED_EDGE('',*,*,#1698,.F.);
#1698 = EDGE_CURVE('',#1699,#1691,#1701,.T.);
#1699 = VERTEX_POINT('',#1700);
#1700 = CARTESIAN_POINT('',(330.,4.,20.5));
#1701 = LINE('',#1702,#1703);
#1702 = CARTESIAN_POINT('',(330.,4.,20.5));
#1703 = VECTOR('',#1704,1.);
#1704 = DIRECTION('',(-0.,-0.707106781187,-0.707106781187));
#1705 = ORIENTED_EDGE('',*,*,#1706,.T.);
#1706 = EDGE_CURVE('',#1699,#1707,#1709,.T.);
#1707 = VERTEX_POINT('',#1708);
#1708 = CARTESIAN_POINT('',(330.,4.,23.010050506339));
#1709 = LINE('',#1710,#1711);
#1710 = CARTESIAN_POINT('',(330.,4.,0.));
#1711 = VECTOR('',#1712,1.);
#1712 = DIRECTION('',(-0.,-0.,1.));
#1713 = ORIENTED_EDGE('',*,*,#1714,.T.);
#1714 = EDGE_CURVE('',#1707,#1715,#1717,.T.);
#1715 = VERTEX_POINT('',#1716);
#1716 = CARTESIAN_POINT('',(330.,6.2,25.210050506339));
#1717 = LINE('',#1718,#1719);
#1718 = CARTESIAN_POINT('',(330.,4.,23.010050506339));
#1719 = VECTOR('',#1720,1.);
#1720 = DIRECTION('',(0.,0.707106781187,0.707106781187));
#1721 = ORIENTED_EDGE('',*,*,#1722,.T.);
#1722 = EDGE_CURVE('',#1715,#1723,#1725,.T.);
#1723 = VERTEX_POINT('',#1724);
#1724 = CARTESIAN_POINT('',(330.,8.2,25.210050506339));
#1725 = LINE('',#1726,#1727);
#1726 = CARTESIAN_POINT('',(330.,0.,25.210050506339));
#1727 = VECTOR('',#1728,1.);
#1728 = DIRECTION('',(0.,1.,0.));
#1729 = ORIENTED_EDGE('',*,*,#1730,.T.);
#1730 = EDGE_CURVE('',#1723,#1731,#1733,.T.);
#1731 = VERTEX_POINT('',#1732);
#1732 = CARTESIAN_POINT('',(330.,8.2,23.));
#1733 = LINE('',#1734,#1735);
#1734 = CARTESIAN_POINT('',(330.,8.2,0.));
#1735 = VECTOR('',#1736,1.);
#1736 = DIRECTION('',(0.,0.,-1.));
#1737 = ORIENTED_EDGE('',*,*,#1738,.T.);
#1738 = EDGE_CURVE('',#1731,#1739,#1741,.T.);
#1739 = VERTEX_POINT('',#1740);
#1740 = CARTESIAN_POINT('',(330.,10.,24.8));
#1741 = LINE('',#1742,#1743);
#1742 = CARTESIAN_POINT('',(330.,8.2,23.));
#1743 = VECTOR('',#1744,1.);
#1744 = DIRECTION('',(0.,0.707106781187,0.707106781187));
#1745 = ORIENTED_EDGE('',*,*,#1746,.T.);
#1746 = EDGE_CURVE('',#1739,#1747,#1749,.T.);
#1747 = VERTEX_POINT('',#1748);
#1748 = CARTESIAN_POINT('',(330.,10.,30.));
#1749 = LINE('',#1750,#1751);
#1750 = CARTESIAN_POINT('',(330.,10.,0.));
#1751 = VECTOR('',#1752,1.);
#1752 = DIRECTION('',(-0.,-0.,1.));
#1753 = ORIENTED_EDGE('',*,*,#1754,.T.);
#1754 = EDGE_CURVE('',#1747,#1755,#1757,.T.);
#1755 = VERTEX_POINT('',#1756);
#1756 = CARTESIAN_POINT('',(330.,4.8,30.));
#1757 = LINE('',#1758,#1759);
#1758 = CARTESIAN_POINT('',(330.,0.,30.));
#1759 = VECTOR('',#1760,1.);
#1760 = DIRECTION('',(-0.,-1.,-0.));
#1761 = ORIENTED_EDGE('',*,*,#1762,.T.);
#1762 = EDGE_CURVE('',#1755,#1763,#1765,.T.);
#1763 = VERTEX_POINT('',#1764);
#1764 = CARTESIAN_POINT('',(330.,3.,28.2));
#1765 = LINE('',#1766,#1767);
#1766 = CARTESIAN_POINT('',(330.,4.8,30.));
#1767 = VECTOR('',#1768,1.);
#1768 = DIRECTION('',(0.,-0.707106781187,-0.707106781187));
#1769 = ORIENTED_EDGE('',*,*,#1770,.T.);
#1770 = EDGE_CURVE('',#1763,#1771,#1773,.T.);
#1771 = VERTEX_POINT('',#1772);
#1772 = CARTESIAN_POINT('',(330.,5.210050506339,28.2));
#1773 = LINE('',#1774,#1775);
#1774 = CARTESIAN_POINT('',(330.,0.,28.2));
#1775 = VECTOR('',#1776,1.);
#1776 = DIRECTION('',(0.,1.,0.));
#1777 = ORIENTED_EDGE('',*,*,#1778,.T.);
#1778 = EDGE_CURVE('',#1771,#1779,#1781,.T.);
#1779 = VERTEX_POINT('',#1780);
#1780 = CARTESIAN_POINT('',(330.,5.210050506339,26.2));
#1781 = LINE('',#1782,#1783);
#1782 = CARTESIAN_POINT('',(330.,5.210050506339,0.));
#1783 = VECTOR('',#1784,1.);
#1784 = DIRECTION('',(0.,0.,-1.));
#1785 = ORIENTED_EDGE('',*,*,#1786,.T.);
#1786 = EDGE_CURVE('',#1779,#1787,#1789,.T.);
#1787 = VERTEX_POINT('',#1788);
#1788 = CARTESIAN_POINT('',(330.,3.010050506339,24.));
#1789 = LINE('',#1790,#1791);
#1790 = CARTESIAN_POINT('',(330.,5.210050506339,26.2));
#1791 = VECTOR('',#1792,1.);
#1792 = DIRECTION('',(0.,-0.707106781187,-0.707106781187));
#1793 = ORIENTED_EDGE('',*,*,#1794,.T.);
#1794 = EDGE_CURVE('',#1787,#1795,#1797,.T.);
#1795 = VERTEX_POINT('',#1796);
#1796 = CARTESIAN_POINT('',(330.,0.5,24.));
#1797 = LINE('',#1798,#1799);
#1798 = CARTESIAN_POINT('',(330.,0.,24.));
#1799 = VECTOR('',#1800,1.);
#1800 = DIRECTION('',(-0.,-1.,-0.));
#1801 = ORIENTED_EDGE('',*,*,#1802,.F.);
#1802 = EDGE_CURVE('',#1803,#1795,#1805,.T.);
#1803 = VERTEX_POINT('',#1804);
#1804 = CARTESIAN_POINT('',(330.,3.4E-14,23.5));
#1805 = LINE('',#1806,#1807);
#1806 = CARTESIAN_POINT('',(330.,3.342E-14,23.5));
#1807 = VECTOR('',#1808,1.);
#1808 = DIRECTION('',(-0.,0.707106781187,0.707106781187));
#1809 = ORIENTED_EDGE('',*,*,#1810,.F.);
#1810 = EDGE_CURVE('',#1811,#1803,#1813,.T.);
#1811 = VERTEX_POINT('',#1812);
#1812 = CARTESIAN_POINT('',(330.,-0.5,24.));
#1813 = LINE('',#1814,#1815);
#1814 = CARTESIAN_POINT('',(330.,-0.5,24.));
#1815 = VECTOR('',#1816,1.);
#1816 = DIRECTION('',(-0.,0.707106781187,-0.707106781187));
#1817 = ORIENTED_EDGE('',*,*,#1818,.T.);
#1818 = EDGE_CURVE('',#1811,#1819,#1821,.T.);
#1819 = VERTEX_POINT('',#1820);
#1820 = CARTESIAN_POINT('',(330.,-3.010050506339,24.));
#1821 = LINE('',#1822,#1823);
#1822 = CARTESIAN_POINT('',(330.,0.,24.));
#1823 = VECTOR('',#1824,1.);
#1824 = DIRECTION('',(-0.,-1.,-0.));
#1825 = ORIENTED_EDGE('',*,*,#1826,.T.);
#1826 = EDGE_CURVE('',#1819,#1827,#1829,.T.);
#1827 = VERTEX_POINT('',#1828);
#1828 = CARTESIAN_POINT('',(330.,-5.210050506339,26.2));
#1829 = LINE('',#1830,#1831);
#1830 = CARTESIAN_POINT('',(330.,-3.010050506339,24.));
#1831 = VECTOR('',#1832,1.);
#1832 = DIRECTION('',(0.,-0.707106781187,0.707106781187));
#1833 = ORIENTED_EDGE('',*,*,#1834,.T.);
#1834 = EDGE_CURVE('',#1827,#1835,#1837,.T.);
#1835 = VERTEX_POINT('',#1836);
#1836 = CARTESIAN_POINT('',(330.,-5.210050506339,28.2));
#1837 = LINE('',#1838,#1839);
#1838 = CARTESIAN_POINT('',(330.,-5.210050506339,0.));
#1839 = VECTOR('',#1840,1.);
#1840 = DIRECTION('',(-0.,-0.,1.));
#1841 = ORIENTED_EDGE('',*,*,#1842,.T.);
#1842 = EDGE_CURVE('',#1835,#1843,#1845,.T.);
#1843 = VERTEX_POINT('',#1844);
#1844 = CARTESIAN_POINT('',(330.,-3.,28.2));
#1845 = LINE('',#1846,#1847);
#1846 = CARTESIAN_POINT('',(330.,0.,28.2));
#1847 = VECTOR('',#1848,1.);
#1848 = DIRECTION('',(0.,1.,0.));
#1849 = ORIENTED_EDGE('',*,*,#1850,.T.);
#1850 = EDGE_CURVE('',#1843,#1851,#1853,.T.);
#1851 = VERTEX_POINT('',#1852);
#1852 = CARTESIAN_POINT('',(330.,-4.8,30.));
#1853 = LINE('',#1854,#1855);
#1854 = CARTESIAN_POINT('',(330.,-3.,28.2));
#1855 = VECTOR('',#1856,1.);
#1856 = DIRECTION('',(0.,-0.707106781187,0.707106781187));
#1857 = ORIENTED_EDGE('',*,*,#1858,.T.);
#1858 = EDGE_CURVE('',#1851,#1859,#1861,.T.);
#1859 = VERTEX_POINT('',#1860);
#1860 = CARTESIAN_POINT('',(330.,-10.,30.));
#1861 = LINE('',#1862,#1863);
#1862 = CARTESIAN_POINT('',(330.,0.,30.));
#1863 = VECTOR('',#1864,1.);
#1864 = DIRECTION('',(-0.,-1.,-0.));
#1865 = ORIENTED_EDGE('',*,*,#1866,.T.);
#1866 = EDGE_CURVE('',#1859,#1867,#1869,.T.);
#1867 = VERTEX_POINT('',#1868);
#1868 = CARTESIAN_POINT('',(330.,-10.,24.8));
#1869 = LINE('',#1870,#1871);
#1870 = CARTESIAN_POINT('',(330.,-10.,0.));
#1871 = VECTOR('',#1872,1.);
#1872 = DIRECTION('',(0.,0.,-1.));
#1873 = ORIENTED_EDGE('',*,*,#1874,.T.);
#1874 = EDGE_CURVE('',#1867,#1875,#1877,.T.);
#1875 = VERTEX_POINT('',#1876);
#1876 = CARTESIAN_POINT('',(330.,-8.2,23.));
#1877 = LINE('',#1878,#1879);
#1878 = CARTESIAN_POINT('',(330.,-10.,24.8));
#1879 = VECTOR('',#1880,1.);
#1880 = DIRECTION('',(0.,0.707106781187,-0.707106781187));
#1881 = ORIENTED_EDGE('',*,*,#1882,.T.);
#1882 = EDGE_CURVE('',#1875,#1883,#1885,.T.);
#1883 = VERTEX_POINT('',#1884);
#1884 = CARTESIAN_POINT('',(330.,-8.2,25.210050506339));
#1885 = LINE('',#1886,#1887);
#1886 = CARTESIAN_POINT('',(330.,-8.2,0.));
#1887 = VECTOR('',#1888,1.);
#1888 = DIRECTION('',(-0.,-0.,1.));
#1889 = ORIENTED_EDGE('',*,*,#1890,.T.);
#1890 = EDGE_CURVE('',#1883,#1891,#1893,.T.);
#1891 = VERTEX_POINT('',#1892);
#1892 = CARTESIAN_POINT('',(330.,-6.2,25.210050506339));
#1893 = LINE('',#1894,#1895);
#1894 = CARTESIAN_POINT('',(330.,0.,25.210050506339));
#1895 = VECTOR('',#1896,1.);
#1896 = DIRECTION('',(0.,1.,0.));
#1897 = ORIENTED_EDGE('',*,*,#1898,.T.);
#1898 = EDGE_CURVE('',#1891,#1899,#1901,.T.);
#1899 = VERTEX_POINT('',#1900);
#1900 = CARTESIAN_POINT('',(330.,-4.,23.010050506339));
#1901 = LINE('',#1902,#1903);
#1902 = CARTESIAN_POINT('',(330.,-6.2,25.210050506339));
#1903 = VECTOR('',#1904,1.);
#1904 = DIRECTION('',(0.,0.707106781187,-0.707106781187));
#1905 = ORIENTED_EDGE('',*,*,#1906,.T.);
#1906 = EDGE_CURVE('',#1899,#1907,#1909,.T.);
#1907 = VERTEX_POINT('',#1908);
#1908 = CARTESIAN_POINT('',(330.,-4.,20.5));
#1909 = LINE('',#1910,#1911);
#1910 = CARTESIAN_POINT('',(330.,-4.,0.));
#1911 = VECTOR('',#1912,1.);
#1912 = DIRECTION('',(0.,0.,-1.));
#1913 = ORIENTED_EDGE('',*,*,#1914,.F.);
#1914 = EDGE_CURVE('',#1915,#1907,#1917,.T.);
#1915 = VERTEX_POINT('',#1916);
#1916 = CARTESIAN_POINT('',(330.,-3.5,20.));
#1917 = LINE('',#1918,#1919);
#1918 = CARTESIAN_POINT('',(330.,-3.5,20.));
#1919 = VECTOR('',#1920,1.);
#1920 = DIRECTION('',(-0.,-0.707106781187,0.707106781187));
#1921 = ORIENTED_EDGE('',*,*,#1922,.F.);
#1922 = EDGE_CURVE('',#1923,#1915,#1925,.T.);
#1923 = VERTEX_POINT('',#1924);
#1924 = CARTESIAN_POINT('',(330.,-4.,19.5));
#1925 = LINE('',#1926,#1927);
#1926 = CARTESIAN_POINT('',(330.,-4.,19.5));
#1927 = VECTOR('',#1928,1.);
#1928 = DIRECTION('',(-0.,0.707106781187,0.707106781187));
#1929 = ORIENTED_EDGE('',*,*,#1930,.T.);
#1930 = EDGE_CURVE('',#1923,#1931,#1933,.T.);
#1931 = VERTEX_POINT('',#1932);
#1932 = CARTESIAN_POINT('',(330.,-4.,16.989949493661));
#1933 = LINE('',#1934,#1935);
#1934 = CARTESIAN_POINT('',(330.,-4.,0.));
#1935 = VECTOR('',#1936,1.);
#1936 = DIRECTION('',(0.,0.,-1.));
#1937 = ORIENTED_EDGE('',*,*,#1938,.T.);
#1938 = EDGE_CURVE('',#1931,#1939,#1941,.T.);
#1939 = VERTEX_POINT('',#1940);
#1940 = CARTESIAN_POINT('',(330.,-6.2,14.789949493661));
#1941 = LINE('',#1942,#1943);
#1942 = CARTESIAN_POINT('',(330.,-4.,16.989949493661));
#1943 = VECTOR('',#1944,1.);
#1944 = DIRECTION('',(0.,-0.707106781187,-0.707106781187));
#1945 = ORIENTED_EDGE('',*,*,#1946,.T.);
#1946 = EDGE_CURVE('',#1939,#1947,#1949,.T.);
#1947 = VERTEX_POINT('',#1948);
#1948 = CARTESIAN_POINT('',(330.,-8.2,14.789949493661));
#1949 = LINE('',#1950,#1951);
#1950 = CARTESIAN_POINT('',(330.,0.,14.789949493661));
#1951 = VECTOR('',#1952,1.);
#1952 = DIRECTION('',(-0.,-1.,-0.));
#1953 = ORIENTED_EDGE('',*,*,#1954,.T.);
#1954 = EDGE_CURVE('',#1947,#1955,#1957,.T.);
#1955 = VERTEX_POINT('',#1956);
#1956 = CARTESIAN_POINT('',(330.,-8.2,17.));
#1957 = LINE('',#1958,#1959);
#1958 = CARTESIAN_POINT('',(330.,-8.2,0.));
#1959 = VECTOR('',#1960,1.);
#1960 = DIRECTION('',(-0.,-0.,1.));
#1961 = ORIENTED_EDGE('',*,*,#1962,.T.);
#1962 = EDGE_CURVE('',#1955,#1465,#1963,.T.);
#1963 = LINE('',#1964,#1965);
#1964 = CARTESIAN_POINT('',(330.,-8.2,17.));
#1965 = VECTOR('',#1966,1.);
#1966 = DIRECTION('',(0.,-0.707106781187,-0.707106781187));
#1967 = ORIENTED_EDGE('',*,*,#1488,.T.);
#1968 = ORIENTED_EDGE('',*,*,#1969,.T.);
#1969 = EDGE_CURVE('',#1481,#1970,#1972,.T.);
#1970 = VERTEX_POINT('',#1971);
#1971 = CARTESIAN_POINT('',(330.,-9.941421356237,4.741421356237));
#1972 = CIRCLE('',#1973,0.2);
#1973 = AXIS2_PLACEMENT_3D('',#1974,#1975,#1976);
#1974 = CARTESIAN_POINT('',(330.,-9.8,4.882842712475));
#1975 = DIRECTION('',(1.,0.,-0.));
#1976 = DIRECTION('',(0.,0.,1.));
#1977 = ORIENTED_EDGE('',*,*,#1978,.T.);
#1978 = EDGE_CURVE('',#1970,#1979,#1981,.T.);
#1979 = VERTEX_POINT('',#1980);
#1980 = CARTESIAN_POINT('',(330.,-8.541421356237,3.341421356237));
#1981 = LINE('',#1982,#1983);
#1982 = CARTESIAN_POINT('',(330.,-9.941421356237,4.741421356237));
#1983 = VECTOR('',#1984,1.);
#1984 = DIRECTION('',(0.,0.707106781187,-0.707106781187));
#1985 = ORIENTED_EDGE('',*,*,#1986,.F.);
#1986 = EDGE_CURVE('',#1987,#1979,#1989,.T.);
#1987 = VERTEX_POINT('',#1988);
#1988 = CARTESIAN_POINT('',(330.,-8.2,3.482842712475));
#1989 = CIRCLE('',#1990,0.2);
#1990 = AXIS2_PLACEMENT_3D('',#1991,#1992,#1993);
#1991 = CARTESIAN_POINT('',(330.,-8.4,3.482842712475));
#1992 = DIRECTION('',(-1.,0.,0.));
#1993 = DIRECTION('',(0.,0.,1.));
#1994 = ORIENTED_EDGE('',*,*,#1995,.T.);
#1995 = EDGE_CURVE('',#1987,#1996,#1998,.T.);
#1996 = VERTEX_POINT('',#1997);
#1997 = CARTESIAN_POINT('',(330.,-8.2,5.210050506339));
#1998 = LINE('',#1999,#2000);
#1999 = CARTESIAN_POINT('',(330.,-8.2,0.));
#2000 = VECTOR('',#2001,1.);
#2001 = DIRECTION('',(-0.,-0.,1.));
#2002 = ORIENTED_EDGE('',*,*,#2003,.T.);
#2003 = EDGE_CURVE('',#1996,#2004,#2006,.T.);
#2004 = VERTEX_POINT('',#2005);
#2005 = CARTESIAN_POINT('',(330.,-6.2,5.210050506339));
#2006 = LINE('',#2007,#2008);
#2007 = CARTESIAN_POINT('',(330.,0.,5.210050506339));
#2008 = VECTOR('',#2009,1.);
#2009 = DIRECTION('',(0.,1.,0.));
#2010 = ORIENTED_EDGE('',*,*,#2011,.T.);
#2011 = EDGE_CURVE('',#2004,#2012,#2014,.T.);
#2012 = VERTEX_POINT('',#2013);
#2013 = CARTESIAN_POINT('',(330.,-4.,3.010050506339));
#2014 = LINE('',#2015,#2016);
#2015 = CARTESIAN_POINT('',(330.,-6.2,5.210050506339));
#2016 = VECTOR('',#2017,1.);
#2017 = DIRECTION('',(0.,0.707106781187,-0.707106781187));
#2018 = ORIENTED_EDGE('',*,*,#2019,.T.);
#2019 = EDGE_CURVE('',#2012,#2020,#2022,.T.);
#2020 = VERTEX_POINT('',#2021);
#2021 = CARTESIAN_POINT('',(330.,-4.,0.5));
#2022 = LINE('',#2023,#2024);
#2023 = CARTESIAN_POINT('',(330.,-4.,0.));
#2024 = VECTOR('',#2025,1.);
#2025 = DIRECTION('',(0.,0.,-1.));
#2026 = ORIENTED_EDGE('',*,*,#2027,.T.);
#2027 = EDGE_CURVE('',#2020,#1003,#2028,.T.);
#2028 = LINE('',#2029,#2030);
#2029 = CARTESIAN_POINT('',(330.,-4.,0.5));
#2030 = VECTOR('',#2031,1.);
#2031 = DIRECTION('',(0.,0.707106781187,-0.707106781187));
#2032 = ORIENTED_EDGE('',*,*,#1027,.T.);
#2033 = ORIENTED_EDGE('',*,*,#2034,.T.);
#2034 = EDGE_CURVE('',#1020,#2035,#2037,.T.);
#2035 = VERTEX_POINT('',#2036);
#2036 = CARTESIAN_POINT('',(330.,-4.,-3.010050506339));
#2037 = LINE('',#2038,#2039);
#2038 = CARTESIAN_POINT('',(330.,-4.,0.));
#2039 = VECTOR('',#2040,1.);
#2040 = DIRECTION('',(0.,0.,-1.));
#2041 = ORIENTED_EDGE('',*,*,#2042,.T.);
#2042 = EDGE_CURVE('',#2035,#2043,#2045,.T.);
#2043 = VERTEX_POINT('',#2044);
#2044 = CARTESIAN_POINT('',(330.,-6.2,-5.210050506339));
#2045 = LINE('',#2046,#2047);
#2046 = CARTESIAN_POINT('',(330.,-4.,-3.010050506339));
#2047 = VECTOR('',#2048,1.);
#2048 = DIRECTION('',(0.,-0.707106781187,-0.707106781187));
#2049 = ORIENTED_EDGE('',*,*,#2050,.T.);
#2050 = EDGE_CURVE('',#2043,#2051,#2053,.T.);
#2051 = VERTEX_POINT('',#2052);
#2052 = CARTESIAN_POINT('',(330.,-8.2,-5.210050506339));
#2053 = LINE('',#2054,#2055);
#2054 = CARTESIAN_POINT('',(330.,0.,-5.210050506339));
#2055 = VECTOR('',#2056,1.);
#2056 = DIRECTION('',(-0.,-1.,-0.));
#2057 = ORIENTED_EDGE('',*,*,#2058,.T.);
#2058 = EDGE_CURVE('',#2051,#2059,#2061,.T.);
#2059 = VERTEX_POINT('',#2060);
#2060 = CARTESIAN_POINT('',(330.,-8.2,-3.482842712475));
#2061 = LINE('',#2062,#2063);
#2062 = CARTESIAN_POINT('',(330.,-8.2,0.));
#2063 = VECTOR('',#2064,1.);
#2064 = DIRECTION('',(-0.,-0.,1.));
#2065 = ORIENTED_EDGE('',*,*,#2066,.F.);
#2066 = EDGE_CURVE('',#480,#2059,#2067,.T.);
#2067 = CIRCLE('',#2068,0.2);
#2068 = AXIS2_PLACEMENT_3D('',#2069,#2070,#2071);
#2069 = CARTESIAN_POINT('',(330.,-8.4,-3.482842712475));
#2070 = DIRECTION('',(-1.,0.,0.));
#2071 = DIRECTION('',(0.,0.,1.));
#2072 = ORIENTED_EDGE('',*,*,#477,.F.);
#2073 = ORIENTED_EDGE('',*,*,#2074,.T.);
#2074 = EDGE_CURVE('',#478,#2075,#2077,.T.);
#2075 = VERTEX_POINT('',#2076);
#2076 = CARTESIAN_POINT('',(330.,-9.941421356237,-4.741421356237));
#2077 = LINE('',#2078,#2079);
#2078 = CARTESIAN_POINT('',(330.,-8.541421356237,-3.341421356237));
#2079 = VECTOR('',#2080,1.);
#2080 = DIRECTION('',(0.,-0.707106781187,-0.707106781187));
#2081 = ORIENTED_EDGE('',*,*,#2082,.F.);
#2082 = EDGE_CURVE('',#2083,#2075,#2085,.T.);
#2083 = VERTEX_POINT('',#2084);
#2084 = CARTESIAN_POINT('',(330.,-10.,-4.882842712475));
#2085 = CIRCLE('',#2086,0.2);
#2086 = AXIS2_PLACEMENT_3D('',#2087,#2088,#2089);
#2087 = CARTESIAN_POINT('',(330.,-9.8,-4.882842712475));
#2088 = DIRECTION('',(-1.,0.,0.));
#2089 = DIRECTION('',(0.,0.,1.));
#2090 = ORIENTED_EDGE('',*,*,#2091,.T.);
#2091 = EDGE_CURVE('',#2083,#2092,#2094,.T.);
#2092 = VERTEX_POINT('',#2093);
#2093 = CARTESIAN_POINT('',(330.,-10.,-9.8));
#2094 = LINE('',#2095,#2096);
#2095 = CARTESIAN_POINT('',(330.,-10.,0.));
#2096 = VECTOR('',#2097,1.);
#2097 = DIRECTION('',(0.,0.,-1.));
#2098 = ORIENTED_EDGE('',*,*,#2099,.F.);
#2099 = EDGE_CURVE('',#2100,#2092,#2102,.T.);
#2100 = VERTEX_POINT('',#2101);
#2101 = CARTESIAN_POINT('',(330.,-9.8,-10.));
#2102 = CIRCLE('',#2103,0.2);
#2103 = AXIS2_PLACEMENT_3D('',#2104,#2105,#2106);
#2104 = CARTESIAN_POINT('',(330.,-9.8,-9.8));
#2105 = DIRECTION('',(-1.,0.,0.));
#2106 = DIRECTION('',(0.,0.,1.));
#2107 = ORIENTED_EDGE('',*,*,#2108,.T.);
#2108 = EDGE_CURVE('',#2100,#2109,#2111,.T.);
#2109 = VERTEX_POINT('',#2110);
#2110 = CARTESIAN_POINT('',(330.,-4.882842712475,-10.));
#2111 = LINE('',#2112,#2113);
#2112 = CARTESIAN_POINT('',(330.,0.,-10.));
#2113 = VECTOR('',#2114,1.);
#2114 = DIRECTION('',(0.,1.,0.));
#2115 = ORIENTED_EDGE('',*,*,#2116,.F.);
#2116 = EDGE_CURVE('',#2117,#2109,#2119,.T.);
#2117 = VERTEX_POINT('',#2118);
#2118 = CARTESIAN_POINT('',(330.,-4.741421356237,-9.941421356237));
#2119 = CIRCLE('',#2120,0.2);
#2120 = AXIS2_PLACEMENT_3D('',#2121,#2122,#2123);
#2121 = CARTESIAN_POINT('',(330.,-4.882842712475,-9.8));
#2122 = DIRECTION('',(-1.,0.,0.));
#2123 = DIRECTION('',(0.,0.,1.));
#2124 = ORIENTED_EDGE('',*,*,#2125,.T.);
#2125 = EDGE_CURVE('',#2117,#2126,#2128,.T.);
#2126 = VERTEX_POINT('',#2127);
#2127 = CARTESIAN_POINT('',(330.,-3.341421356237,-8.541421356237));
#2128 = LINE('',#2129,#2130);
#2129 = CARTESIAN_POINT('',(330.,-4.741421356237,-9.941421356237));
#2130 = VECTOR('',#2131,1.);
#2131 = DIRECTION('',(0.,0.707106781187,0.707106781187));
#2132 = ORIENTED_EDGE('',*,*,#2133,.F.);
#2133 = EDGE_CURVE('',#2134,#2126,#2136,.T.);
#2134 = VERTEX_POINT('',#2135);
#2135 = CARTESIAN_POINT('',(330.,-3.482842712475,-8.2));
#2136 = CIRCLE('',#2137,0.2);
#2137 = AXIS2_PLACEMENT_3D('',#2138,#2139,#2140);
#2138 = CARTESIAN_POINT('',(330.,-3.482842712475,-8.4));
#2139 = DIRECTION('',(-1.,0.,0.));
#2140 = DIRECTION('',(0.,0.,1.));
#2141 = ORIENTED_EDGE('',*,*,#2142,.T.);
#2142 = EDGE_CURVE('',#2134,#2143,#2145,.T.);
#2143 = VERTEX_POINT('',#2144);
#2144 = CARTESIAN_POINT('',(330.,-5.210050506339,-8.2));
#2145 = LINE('',#2146,#2147);
#2146 = CARTESIAN_POINT('',(330.,0.,-8.2));
#2147 = VECTOR('',#2148,1.);
#2148 = DIRECTION('',(-0.,-1.,-0.));
#2149 = ORIENTED_EDGE('',*,*,#2150,.T.);
#2150 = EDGE_CURVE('',#2143,#2151,#2153,.T.);
#2151 = VERTEX_POINT('',#2152);
#2152 = CARTESIAN_POINT('',(330.,-5.210050506339,-6.2));
#2153 = LINE('',#2154,#2155);
#2154 = CARTESIAN_POINT('',(330.,-5.210050506339,0.));
#2155 = VECTOR('',#2156,1.);
#2156 = DIRECTION('',(-0.,-0.,1.));
#2157 = ORIENTED_EDGE('',*,*,#2158,.T.);
#2158 = EDGE_CURVE('',#2151,#2159,#2161,.T.);
#2159 = VERTEX_POINT('',#2160);
#2160 = CARTESIAN_POINT('',(330.,-3.010050506339,-4.));
#2161 = LINE('',#2162,#2163);
#2162 = CARTESIAN_POINT('',(330.,-5.210050506339,-6.2));
#2163 = VECTOR('',#2164,1.);
#2164 = DIRECTION('',(0.,0.707106781187,0.707106781187));
#2165 = ORIENTED_EDGE('',*,*,#2166,.T.);
#2166 = EDGE_CURVE('',#2159,#2167,#2169,.T.);
#2167 = VERTEX_POINT('',#2168);
#2168 = CARTESIAN_POINT('',(330.,-0.5,-4.));
#2169 = LINE('',#2170,#2171);
#2170 = CARTESIAN_POINT('',(330.,0.,-4.));
#2171 = VECTOR('',#2172,1.);
#2172 = DIRECTION('',(0.,1.,0.));
#2173 = ORIENTED_EDGE('',*,*,#2174,.T.);
#2174 = EDGE_CURVE('',#2167,#2175,#2177,.T.);
#2175 = VERTEX_POINT('',#2176);
#2176 = CARTESIAN_POINT('',(330.,3.6E-14,-3.5));
#2177 = LINE('',#2178,#2179);
#2178 = CARTESIAN_POINT('',(330.,-0.5,-4.));
#2179 = VECTOR('',#2180,1.);
#2180 = DIRECTION('',(0.,0.707106781187,0.707106781187));
#2181 = ORIENTED_EDGE('',*,*,#2182,.T.);
#2182 = EDGE_CURVE('',#2175,#2183,#2185,.T.);
#2183 = VERTEX_POINT('',#2184);
#2184 = CARTESIAN_POINT('',(330.,0.5,-4.));
#2185 = LINE('',#2186,#2187);
#2186 = CARTESIAN_POINT('',(330.,3.577E-14,-3.5));
#2187 = VECTOR('',#2188,1.);
#2188 = DIRECTION('',(0.,0.707106781187,-0.707106781187));
#2189 = ORIENTED_EDGE('',*,*,#2190,.T.);
#2190 = EDGE_CURVE('',#2183,#2191,#2193,.T.);
#2191 = VERTEX_POINT('',#2192);
#2192 = CARTESIAN_POINT('',(330.,3.010050506339,-4.));
#2193 = LINE('',#2194,#2195);
#2194 = CARTESIAN_POINT('',(330.,0.,-4.));
#2195 = VECTOR('',#2196,1.);
#2196 = DIRECTION('',(0.,1.,0.));
#2197 = ORIENTED_EDGE('',*,*,#2198,.T.);
#2198 = EDGE_CURVE('',#2191,#2199,#2201,.T.);
#2199 = VERTEX_POINT('',#2200);
#2200 = CARTESIAN_POINT('',(330.,5.210050506339,-6.2));
#2201 = LINE('',#2202,#2203);
#2202 = CARTESIAN_POINT('',(330.,3.010050506339,-4.));
#2203 = VECTOR('',#2204,1.);
#2204 = DIRECTION('',(0.,0.707106781187,-0.707106781187));
#2205 = ORIENTED_EDGE('',*,*,#2206,.T.);
#2206 = EDGE_CURVE('',#2199,#2207,#2209,.T.);
#2207 = VERTEX_POINT('',#2208);
#2208 = CARTESIAN_POINT('',(330.,5.210050506339,-8.2));
#2209 = LINE('',#2210,#2211);
#2210 = CARTESIAN_POINT('',(330.,5.210050506339,0.));
#2211 = VECTOR('',#2212,1.);
#2212 = DIRECTION('',(0.,0.,-1.));
#2213 = ORIENTED_EDGE('',*,*,#2214,.T.);
#2214 = EDGE_CURVE('',#2207,#2215,#2217,.T.);
#2215 = VERTEX_POINT('',#2216);
#2216 = CARTESIAN_POINT('',(330.,3.482842712475,-8.2));
#2217 = LINE('',#2218,#2219);
#2218 = CARTESIAN_POINT('',(330.,0.,-8.2));
#2219 = VECTOR('',#2220,1.);
#2220 = DIRECTION('',(-0.,-1.,-0.));
#2221 = ORIENTED_EDGE('',*,*,#2222,.F.);
#2222 = EDGE_CURVE('',#2223,#2215,#2225,.T.);
#2223 = VERTEX_POINT('',#2224);
#2224 = CARTESIAN_POINT('',(330.,3.341421356237,-8.541421356237));
#2225 = CIRCLE('',#2226,0.2);
#2226 = AXIS2_PLACEMENT_3D('',#2227,#2228,#2229);
#2227 = CARTESIAN_POINT('',(330.,3.482842712475,-8.4));
#2228 = DIRECTION('',(-1.,0.,0.));
#2229 = DIRECTION('',(0.,0.,1.));
#2230 = ORIENTED_EDGE('',*,*,#2231,.T.);
#2231 = EDGE_CURVE('',#2223,#2232,#2234,.T.);
#2232 = VERTEX_POINT('',#2233);
#2233 = CARTESIAN_POINT('',(330.,4.741421356237,-9.941421356237));
#2234 = LINE('',#2235,#2236);
#2235 = CARTESIAN_POINT('',(330.,3.341421356237,-8.541421356237));
#2236 = VECTOR('',#2237,1.);
#2237 = DIRECTION('',(0.,0.707106781187,-0.707106781187));
#2238 = ORIENTED_EDGE('',*,*,#2239,.F.);
#2239 = EDGE_CURVE('',#2240,#2232,#2242,.T.);
#2240 = VERTEX_POINT('',#2241);
#2241 = CARTESIAN_POINT('',(330.,4.882842712475,-10.));
#2242 = CIRCLE('',#2243,0.2);
#2243 = AXIS2_PLACEMENT_3D('',#2244,#2245,#2246);
#2244 = CARTESIAN_POINT('',(330.,4.882842712475,-9.8));
#2245 = DIRECTION('',(-1.,0.,0.));
#2246 = DIRECTION('',(0.,0.,1.));
#2247 = ORIENTED_EDGE('',*,*,#2248,.T.);
#2248 = EDGE_CURVE('',#2240,#2249,#2251,.T.);
#2249 = VERTEX_POINT('',#2250);
#2250 = CARTESIAN_POINT('',(330.,9.8,-10.));
#2251 = LINE('',#2252,#2253);
#2252 = CARTESIAN_POINT('',(330.,0.,-10.));
#2253 = VECTOR('',#2254,1.);
#2254 = DIRECTION('',(0.,1.,0.));
#2255 = ORIENTED_EDGE('',*,*,#2256,.F.);
#2256 = EDGE_CURVE('',#2257,#2249,#2259,.T.);
#2257 = VERTEX_POINT('',#2258);
#2258 = CARTESIAN_POINT('',(330.,10.,-9.8));
#2259 = CIRCLE('',#2260,0.2);
#2260 = AXIS2_PLACEMENT_3D('',#2261,#2262,#2263);
#2261 = CARTESIAN_POINT('',(330.,9.8,-9.8));
#2262 = DIRECTION('',(-1.,0.,0.));
#2263 = DIRECTION('',(0.,0.,1.));
#2264 = ORIENTED_EDGE('',*,*,#2265,.T.);
#2265 = EDGE_CURVE('',#2257,#2266,#2268,.T.);
#2266 = VERTEX_POINT('',#2267);
#2267 = CARTESIAN_POINT('',(330.,10.,-4.882842712475));
#2268 = LINE('',#2269,#2270);
#2269 = CARTESIAN_POINT('',(330.,10.,0.));
#2270 = VECTOR('',#2271,1.);
#2271 = DIRECTION('',(-0.,-0.,1.));
#2272 = ORIENTED_EDGE('',*,*,#2273,.F.);
#2273 = EDGE_CURVE('',#2274,#2266,#2276,.T.);
#2274 = VERTEX_POINT('',#2275);
#2275 = CARTESIAN_POINT('',(330.,9.941421356237,-4.741421356237));
#2276 = CIRCLE('',#2277,0.2);
#2277 = AXIS2_PLACEMENT_3D('',#2278,#2279,#2280);
#2278 = CARTESIAN_POINT('',(330.,9.8,-4.882842712475));
#2279 = DIRECTION('',(-1.,0.,0.));
#2280 = DIRECTION('',(0.,0.,1.));
#2281 = ORIENTED_EDGE('',*,*,#2282,.T.);
#2282 = EDGE_CURVE('',#2274,#2283,#2285,.T.);
#2283 = VERTEX_POINT('',#2284);
#2284 = CARTESIAN_POINT('',(330.,8.541421356237,-3.341421356237));
#2285 = LINE('',#2286,#2287);
#2286 = CARTESIAN_POINT('',(330.,9.941421356237,-4.741421356237));
#2287 = VECTOR('',#2288,1.);
#2288 = DIRECTION('',(0.,-0.707106781187,0.707106781187));
#2289 = ORIENTED_EDGE('',*,*,#2290,.F.);
#2290 = EDGE_CURVE('',#438,#2283,#2291,.T.);
#2291 = CIRCLE('',#2292,0.2);
#2292 = AXIS2_PLACEMENT_3D('',#2293,#2294,#2295);
#2293 = CARTESIAN_POINT('',(330.,8.4,-3.482842712475));
#2294 = DIRECTION('',(-1.,0.,0.));
#2295 = DIRECTION('',(0.,0.,1.));
#2296 = ORIENTED_EDGE('',*,*,#435,.F.);
#2297 = ORIENTED_EDGE('',*,*,#2298,.T.);
#2298 = EDGE_CURVE('',#436,#2299,#2301,.T.);
#2299 = VERTEX_POINT('',#2300);
#2300 = CARTESIAN_POINT('',(330.,8.2,-5.210050506339));
#2301 = LINE('',#2302,#2303);
#2302 = CARTESIAN_POINT('',(330.,8.2,0.));
#2303 = VECTOR('',#2304,1.);
#2304 = DIRECTION('',(0.,0.,-1.));
#2305 = ORIENTED_EDGE('',*,*,#2306,.T.);
#2306 = EDGE_CURVE('',#2299,#2307,#2309,.T.);
#2307 = VERTEX_POINT('',#2308);
#2308 = CARTESIAN_POINT('',(330.,6.2,-5.210050506339));
#2309 = LINE('',#2310,#2311);
#2310 = CARTESIAN_POINT('',(330.,0.,-5.210050506339));
#2311 = VECTOR('',#2312,1.);
#2312 = DIRECTION('',(-0.,-1.,-0.));
#2313 = ORIENTED_EDGE('',*,*,#2314,.T.);
#2314 = EDGE_CURVE('',#2307,#2315,#2317,.T.);
#2315 = VERTEX_POINT('',#2316);
#2316 = CARTESIAN_POINT('',(330.,4.,-3.010050506339));
#2317 = LINE('',#2318,#2319);
#2318 = CARTESIAN_POINT('',(330.,6.2,-5.210050506339));
#2319 = VECTOR('',#2320,1.);
#2320 = DIRECTION('',(0.,-0.707106781187,0.707106781187));
#2321 = ORIENTED_EDGE('',*,*,#2322,.T.);
#2322 = EDGE_CURVE('',#2315,#1042,#2323,.T.);
#2323 = LINE('',#2324,#2325);
#2324 = CARTESIAN_POINT('',(330.,4.,0.));
#2325 = VECTOR('',#2326,1.);
#2326 = DIRECTION('',(-0.,-0.,1.));
#2327 = ORIENTED_EDGE('',*,*,#1068,.T.);
#2328 = ORIENTED_EDGE('',*,*,#2329,.T.);
#2329 = EDGE_CURVE('',#1061,#2330,#2332,.T.);
#2330 = VERTEX_POINT('',#2331);
#2331 = CARTESIAN_POINT('',(330.,4.,0.5));
#2332 = LINE('',#2333,#2334);
#2333 = CARTESIAN_POINT('',(330.,3.5,-4.6E-16));
#2334 = VECTOR('',#2335,1.);
#2335 = DIRECTION('',(0.,0.707106781187,0.707106781187));
#2336 = ORIENTED_EDGE('',*,*,#2337,.T.);
#2337 = EDGE_CURVE('',#2330,#2338,#2340,.T.);
#2338 = VERTEX_POINT('',#2339);
#2339 = CARTESIAN_POINT('',(330.,4.,3.010050506339));
#2340 = LINE('',#2341,#2342);
#2341 = CARTESIAN_POINT('',(330.,4.,0.));
#2342 = VECTOR('',#2343,1.);
#2343 = DIRECTION('',(-0.,-0.,1.));
#2344 = ORIENTED_EDGE('',*,*,#2345,.T.);
#2345 = EDGE_CURVE('',#2338,#2346,#2348,.T.);
#2346 = VERTEX_POINT('',#2347);
#2347 = CARTESIAN_POINT('',(330.,6.2,5.210050506339));
#2348 = LINE('',#2349,#2350);
#2349 = CARTESIAN_POINT('',(330.,4.,3.010050506339));
#2350 = VECTOR('',#2351,1.);
#2351 = DIRECTION('',(0.,0.707106781187,0.707106781187));
#2352 = ORIENTED_EDGE('',*,*,#2353,.T.);
#2353 = EDGE_CURVE('',#2346,#2354,#2356,.T.);
#2354 = VERTEX_POINT('',#2355);
#2355 = CARTESIAN_POINT('',(330.,8.2,5.210050506339));
#2356 = LINE('',#2357,#2358);
#2357 = CARTESIAN_POINT('',(330.,0.,5.210050506339));
#2358 = VECTOR('',#2359,1.);
#2359 = DIRECTION('',(0.,1.,0.));
#2360 = ORIENTED_EDGE('',*,*,#2361,.T.);
#2361 = EDGE_CURVE('',#2354,#2362,#2364,.T.);
#2362 = VERTEX_POINT('',#2363);
#2363 = CARTESIAN_POINT('',(330.,8.2,3.482842712475));
#2364 = LINE('',#2365,#2366);
#2365 = CARTESIAN_POINT('',(330.,8.2,0.));
#2366 = VECTOR('',#2367,1.);
#2367 = DIRECTION('',(0.,0.,-1.));
#2368 = ORIENTED_EDGE('',*,*,#2369,.F.);
#2369 = EDGE_CURVE('',#2370,#2362,#2372,.T.);
#2370 = VERTEX_POINT('',#2371);
#2371 = CARTESIAN_POINT('',(330.,8.541421356237,3.341421356237));
#2372 = CIRCLE('',#2373,0.2);
#2373 = AXIS2_PLACEMENT_3D('',#2374,#2375,#2376);
#2374 = CARTESIAN_POINT('',(330.,8.4,3.482842712475));
#2375 = DIRECTION('',(-1.,0.,0.));
#2376 = DIRECTION('',(0.,0.,1.));
#2377 = ORIENTED_EDGE('',*,*,#2378,.T.);
#2378 = EDGE_CURVE('',#2370,#2379,#2381,.T.);
#2379 = VERTEX_POINT('',#2380);
#2380 = CARTESIAN_POINT('',(330.,9.941421356237,4.741421356237));
#2381 = LINE('',#2382,#2383);
#2382 = CARTESIAN_POINT('',(330.,8.541421356237,3.341421356237));
#2383 = VECTOR('',#2384,1.);
#2384 = DIRECTION('',(0.,0.707106781187,0.707106781187));
#2385 = ORIENTED_EDGE('',*,*,#2386,.F.);
#2386 = EDGE_CURVE('',#2387,#2379,#2389,.T.);
#2387 = VERTEX_POINT('',#2388);
#2388 = CARTESIAN_POINT('',(330.,10.,4.882842712475));
#2389 = CIRCLE('',#2390,0.2);
#2390 = AXIS2_PLACEMENT_3D('',#2391,#2392,#2393);
#2391 = CARTESIAN_POINT('',(330.,9.8,4.882842712475));
#2392 = DIRECTION('',(-1.,0.,0.));
#2393 = DIRECTION('',(0.,0.,1.));
#2394 = ORIENTED_EDGE('',*,*,#2395,.T.);
#2395 = EDGE_CURVE('',#2387,#1649,#2396,.T.);
#2396 = LINE('',#2397,#2398);
#2397 = CARTESIAN_POINT('',(330.,10.,0.));
#2398 = VECTOR('',#2399,1.);
#2399 = DIRECTION('',(-0.,-0.,1.));
#2400 = FACE_BOUND('',#2401,.T.);
#2401 = EDGE_LOOP('',(#2402,#2403));
#2402 = ORIENTED_EDGE('',*,*,#420,.F.);
#2403 = ORIENTED_EDGE('',*,*,#2404,.F.);
#2404 = EDGE_CURVE('',#413,#394,#2405,.T.);
#2405 = CIRCLE('',#2406,2.000000000028);
#2406 = AXIS2_PLACEMENT_3D('',#2407,#2408,#2409);
#2407 = CARTESIAN_POINT('',(330.,-1.73E-15,20.));
#2408 = DIRECTION('',(1.,-0.,0.));
#2409 = DIRECTION('',(0.,0.,-1.));
#2410 = FACE_BOUND('',#2411,.T.);
#2411 = EDGE_LOOP('',(#2412,#2413));
#2412 = ORIENTED_EDGE('',*,*,#730,.F.);
#2413 = ORIENTED_EDGE('',*,*,#1141,.F.);
#2414 = PLANE('',#2415);
#2415 = AXIS2_PLACEMENT_3D('',#2416,#2417,#2418);
#2416 = CARTESIAN_POINT('',(330.,0.,0.));
#2417 = DIRECTION('',(1.,-0.,0.));
#2418 = DIRECTION('',(0.,0.,-1.));
#2419 = ADVANCED_FACE('',(#2420),#2438,.T.);
#2420 = FACE_BOUND('',#2421,.T.);
#2421 = EDGE_LOOP('',(#2422,#2423,#2431,#2437));
#2422 = ORIENTED_EDGE('',*,*,#1962,.F.);
#2423 = ORIENTED_EDGE('',*,*,#2424,.T.);
#2424 = EDGE_CURVE('',#1955,#2425,#2427,.T.);
#2425 = VERTEX_POINT('',#2426);
#2426 = CARTESIAN_POINT('',(-70.,-8.2,17.));
#2427 = LINE('',#2428,#2429);
#2428 = CARTESIAN_POINT('',(330.,-8.2,17.));
#2429 = VECTOR('',#2430,1.);
#2430 = DIRECTION('',(-1.,-0.,-0.));
#2431 = ORIENTED_EDGE('',*,*,#2432,.T.);
#2432 = EDGE_CURVE('',#2425,#1463,#2433,.T.);
#2433 = LINE('',#2434,#2435);
#2434 = CARTESIAN_POINT('',(-70.,-12.6,12.6));
#2435 = VECTOR('',#2436,1.);
#2436 = DIRECTION('',(0.,-0.707106781187,-0.707106781187));
#2437 = ORIENTED_EDGE('',*,*,#1462,.T.);
#2438 = PLANE('',#2439);
#2439 = AXIS2_PLACEMENT_3D('',#2440,#2441,#2442);
#2440 = CARTESIAN_POINT('',(330.,-10.,15.2));
#2441 = DIRECTION('',(0.,-0.707106781187,0.707106781187));
#2442 = DIRECTION('',(0.,-0.707106781187,-0.707106781187));
#2443 = ADVANCED_FACE('',(#2444),#2463,.T.);
#2444 = FACE_BOUND('',#2445,.T.);
#2445 = EDGE_LOOP('',(#2446,#2447,#2456,#2462));
#2446 = ORIENTED_EDGE('',*,*,#1480,.T.);
#2447 = ORIENTED_EDGE('',*,*,#2448,.T.);
#2448 = EDGE_CURVE('',#1473,#2449,#2451,.T.);
#2449 = VERTEX_POINT('',#2450);
#2450 = CARTESIAN_POINT('',(-70.,-9.941421356237,4.741421356237));
#2451 = CIRCLE('',#2452,0.2);
#2452 = AXIS2_PLACEMENT_3D('',#2453,#2454,#2455);
#2453 = CARTESIAN_POINT('',(-70.,-9.8,4.882842712475));
#2454 = DIRECTION('',(1.,-0.,0.));
#2455 = DIRECTION('',(0.,0.,-1.));
#2456 = ORIENTED_EDGE('',*,*,#2457,.T.);
#2457 = EDGE_CURVE('',#2449,#1970,#2458,.T.);
#2458 = LINE('',#2459,#2460);
#2459 = CARTESIAN_POINT('',(330.,-9.941421356237,4.741421356237));
#2460 = VECTOR('',#2461,1.);
#2461 = DIRECTION('',(1.,-0.,-0.));
#2462 = ORIENTED_EDGE('',*,*,#1969,.F.);
#2463 = CYLINDRICAL_SURFACE('',#2464,0.2);
#2464 = AXIS2_PLACEMENT_3D('',#2465,#2466,#2467);
#2465 = CARTESIAN_POINT('',(330.,-9.8,4.882842712475));
#2466 = DIRECTION('',(-1.,0.,0.));
#2467 = DIRECTION('',(0.,0.,1.));
#2468 = ADVANCED_FACE('',(#2469),#2494,.T.);
#2469 = FACE_BOUND('',#2470,.T.);
#2470 = EDGE_LOOP('',(#2471,#2479,#2487,#2493));
#2471 = ORIENTED_EDGE('',*,*,#2472,.T.);
#2472 = EDGE_CURVE('',#1787,#2473,#2475,.T.);
#2473 = VERTEX_POINT('',#2474);
#2474 = CARTESIAN_POINT('',(-70.,3.010050506339,24.));
#2475 = LINE('',#2476,#2477);
#2476 = CARTESIAN_POINT('',(330.,3.010050506339,24.));
#2477 = VECTOR('',#2478,1.);
#2478 = DIRECTION('',(-1.,-0.,-0.));
#2479 = ORIENTED_EDGE('',*,*,#2480,.T.);
#2480 = EDGE_CURVE('',#2473,#2481,#2483,.T.);
#2481 = VERTEX_POINT('',#2482);
#2482 = CARTESIAN_POINT('',(-70.,0.5,24.));
#2483 = LINE('',#2484,#2485);
#2484 = CARTESIAN_POINT('',(-70.,0.,24.));
#2485 = VECTOR('',#2486,1.);
#2486 = DIRECTION('',(0.,-1.,0.));
#2487 = ORIENTED_EDGE('',*,*,#2488,.T.);
#2488 = EDGE_CURVE('',#2481,#1795,#2489,.T.);
#2489 = LINE('',#2490,#2491);
#2490 = CARTESIAN_POINT('',(330.,0.5,24.));
#2491 = VECTOR('',#2492,1.);
#2492 = DIRECTION('',(1.,0.,0.));
#2493 = ORIENTED_EDGE('',*,*,#1794,.F.);
#2494 = PLANE('',#2495);
#2495 = AXIS2_PLACEMENT_3D('',#2496,#2497,#2498);
#2496 = CARTESIAN_POINT('',(330.,3.010050506339,24.));
#2497 = DIRECTION('',(0.,-4.6E-16,1.));
#2498 = DIRECTION('',(0.,-1.,-4.6E-16));
#2499 = ADVANCED_FACE('',(#2500),#2518,.T.);
#2500 = FACE_BOUND('',#2501,.T.);
#2501 = EDGE_LOOP('',(#2502,#2503,#2511,#2517));
#2502 = ORIENTED_EDGE('',*,*,#1786,.F.);
#2503 = ORIENTED_EDGE('',*,*,#2504,.T.);
#2504 = EDGE_CURVE('',#1779,#2505,#2507,.T.);
#2505 = VERTEX_POINT('',#2506);
#2506 = CARTESIAN_POINT('',(-70.,5.210050506339,26.2));
#2507 = LINE('',#2508,#2509);
#2508 = CARTESIAN_POINT('',(330.,5.210050506339,26.2));
#2509 = VECTOR('',#2510,1.);
#2510 = DIRECTION('',(-1.,-0.,-0.));
#2511 = ORIENTED_EDGE('',*,*,#2512,.T.);
#2512 = EDGE_CURVE('',#2505,#2473,#2513,.T.);
#2513 = LINE('',#2514,#2515);
#2514 = CARTESIAN_POINT('',(-70.,-10.49497474683,10.494974746831));
#2515 = VECTOR('',#2516,1.);
#2516 = DIRECTION('',(0.,-0.707106781187,-0.707106781187));
#2517 = ORIENTED_EDGE('',*,*,#2472,.F.);
#2518 = PLANE('',#2519);
#2519 = AXIS2_PLACEMENT_3D('',#2520,#2521,#2522);
#2520 = CARTESIAN_POINT('',(330.,5.210050506339,26.2));
#2521 = DIRECTION('',(0.,-0.707106781187,0.707106781187));
#2522 = DIRECTION('',(0.,-0.707106781187,-0.707106781187));
#2523 = ADVANCED_FACE('',(#2524),#2542,.T.);
#2524 = FACE_BOUND('',#2525,.T.);
#2525 = EDGE_LOOP('',(#2526,#2527,#2535,#2541));
#2526 = ORIENTED_EDGE('',*,*,#1778,.F.);
#2527 = ORIENTED_EDGE('',*,*,#2528,.T.);
#2528 = EDGE_CURVE('',#1771,#2529,#2531,.T.);
#2529 = VERTEX_POINT('',#2530);
#2530 = CARTESIAN_POINT('',(-70.,5.210050506339,28.2));
#2531 = LINE('',#2532,#2533);
#2532 = CARTESIAN_POINT('',(330.,5.210050506339,28.2));
#2533 = VECTOR('',#2534,1.);
#2534 = DIRECTION('',(-1.,-0.,-0.));
#2535 = ORIENTED_EDGE('',*,*,#2536,.T.);
#2536 = EDGE_CURVE('',#2529,#2505,#2537,.T.);
#2537 = LINE('',#2538,#2539);
#2538 = CARTESIAN_POINT('',(-70.,5.210050506339,2.26E-15));
#2539 = VECTOR('',#2540,1.);
#2540 = DIRECTION('',(0.,4.3E-16,-1.));
#2541 = ORIENTED_EDGE('',*,*,#2504,.F.);
#2542 = PLANE('',#2543);
#2543 = AXIS2_PLACEMENT_3D('',#2544,#2545,#2546);
#2544 = CARTESIAN_POINT('',(330.,5.210050506339,28.2));
#2545 = DIRECTION('',(0.,-1.,-6.1E-16));
#2546 = DIRECTION('',(0.,6.1E-16,-1.));
#2547 = ADVANCED_FACE('',(#2548),#2566,.T.);
#2548 = FACE_BOUND('',#2549,.T.);
#2549 = EDGE_LOOP('',(#2550,#2551,#2559,#2565));
#2550 = ORIENTED_EDGE('',*,*,#1770,.F.);
#2551 = ORIENTED_EDGE('',*,*,#2552,.T.);
#2552 = EDGE_CURVE('',#1763,#2553,#2555,.T.);
#2553 = VERTEX_POINT('',#2554);
#2554 = CARTESIAN_POINT('',(-70.,3.,28.2));
#2555 = LINE('',#2556,#2557);
#2556 = CARTESIAN_POINT('',(330.,3.,28.2));
#2557 = VECTOR('',#2558,1.);
#2558 = DIRECTION('',(-1.,0.,-0.));
#2559 = ORIENTED_EDGE('',*,*,#2560,.T.);
#2560 = EDGE_CURVE('',#2553,#2529,#2561,.T.);
#2561 = LINE('',#2562,#2563);
#2562 = CARTESIAN_POINT('',(-70.,-4.427E-14,28.2));
#2563 = VECTOR('',#2564,1.);
#2564 = DIRECTION('',(0.,1.,1.57E-15));
#2565 = ORIENTED_EDGE('',*,*,#2528,.F.);
#2566 = PLANE('',#2567);
#2567 = AXIS2_PLACEMENT_3D('',#2568,#2569,#2570);
#2568 = CARTESIAN_POINT('',(330.,3.,28.2));
#2569 = DIRECTION('',(0.,1.74E-15,-1.));
#2570 = DIRECTION('',(0.,1.,1.74E-15));
#2571 = ADVANCED_FACE('',(#2572),#2590,.T.);
#2572 = FACE_BOUND('',#2573,.T.);
#2573 = EDGE_LOOP('',(#2574,#2575,#2583,#2589));
#2574 = ORIENTED_EDGE('',*,*,#1762,.F.);
#2575 = ORIENTED_EDGE('',*,*,#2576,.T.);
#2576 = EDGE_CURVE('',#1755,#2577,#2579,.T.);
#2577 = VERTEX_POINT('',#2578);
#2578 = CARTESIAN_POINT('',(-70.,4.8,30.));
#2579 = LINE('',#2580,#2581);
#2580 = CARTESIAN_POINT('',(330.,4.8,30.));
#2581 = VECTOR('',#2582,1.);
#2582 = DIRECTION('',(-1.,-0.,-0.));
#2583 = ORIENTED_EDGE('',*,*,#2584,.T.);
#2584 = EDGE_CURVE('',#2577,#2553,#2585,.T.);
#2585 = LINE('',#2586,#2587);
#2586 = CARTESIAN_POINT('',(-70.,-12.6,12.6));
#2587 = VECTOR('',#2588,1.);
#2588 = DIRECTION('',(0.,-0.707106781187,-0.707106781187));
#2589 = ORIENTED_EDGE('',*,*,#2552,.F.);
#2590 = PLANE('',#2591);
#2591 = AXIS2_PLACEMENT_3D('',#2592,#2593,#2594);
#2592 = CARTESIAN_POINT('',(330.,4.8,30.));
#2593 = DIRECTION('',(0.,-0.707106781187,0.707106781187));
#2594 = DIRECTION('',(0.,-0.707106781187,-0.707106781187));
#2595 = ADVANCED_FACE('',(#2596),#2614,.T.);
#2596 = FACE_BOUND('',#2597,.T.);
#2597 = EDGE_LOOP('',(#2598,#2599,#2607,#2613));
#2598 = ORIENTED_EDGE('',*,*,#1754,.F.);
#2599 = ORIENTED_EDGE('',*,*,#2600,.T.);
#2600 = EDGE_CURVE('',#1747,#2601,#2603,.T.);
#2601 = VERTEX_POINT('',#2602);
#2602 = CARTESIAN_POINT('',(-70.,10.,30.));
#2603 = LINE('',#2604,#2605);
#2604 = CARTESIAN_POINT('',(330.,10.,30.));
#2605 = VECTOR('',#2606,1.);
#2606 = DIRECTION('',(-1.,-0.,-0.));
#2607 = ORIENTED_EDGE('',*,*,#2608,.T.);
#2608 = EDGE_CURVE('',#2601,#2577,#2609,.T.);
#2609 = LINE('',#2610,#2611);
#2610 = CARTESIAN_POINT('',(-70.,1.0008E-13,30.));
#2611 = VECTOR('',#2612,1.);
#2612 = DIRECTION('',(0.,-1.,3.34E-15));
#2613 = ORIENTED_EDGE('',*,*,#2576,.F.);
#2614 = PLANE('',#2615);
#2615 = AXIS2_PLACEMENT_3D('',#2616,#2617,#2618);
#2616 = CARTESIAN_POINT('',(330.,10.,30.));
#2617 = DIRECTION('',(0.,-0.,1.));
#2618 = DIRECTION('',(0.,-1.,-0.));
#2619 = ADVANCED_FACE('',(#2620),#2638,.T.);
#2620 = FACE_BOUND('',#2621,.T.);
#2621 = EDGE_LOOP('',(#2622,#2630,#2636,#2637));
#2622 = ORIENTED_EDGE('',*,*,#2623,.T.);
#2623 = EDGE_CURVE('',#1739,#2624,#2626,.T.);
#2624 = VERTEX_POINT('',#2625);
#2625 = CARTESIAN_POINT('',(-70.,10.,24.8));
#2626 = LINE('',#2627,#2628);
#2627 = CARTESIAN_POINT('',(330.,10.,24.8));
#2628 = VECTOR('',#2629,1.);
#2629 = DIRECTION('',(-1.,-0.,-0.));
#2630 = ORIENTED_EDGE('',*,*,#2631,.T.);
#2631 = EDGE_CURVE('',#2624,#2601,#2632,.T.);
#2632 = LINE('',#2633,#2634);
#2633 = CARTESIAN_POINT('',(-70.,10.,3.34E-15));
#2634 = VECTOR('',#2635,1.);
#2635 = DIRECTION('',(0.,-3.3E-16,1.));
#2636 = ORIENTED_EDGE('',*,*,#2600,.F.);
#2637 = ORIENTED_EDGE('',*,*,#1746,.F.);
#2638 = PLANE('',#2639);
#2639 = AXIS2_PLACEMENT_3D('',#2640,#2641,#2642);
#2640 = CARTESIAN_POINT('',(330.,10.,10.));
#2641 = DIRECTION('',(-0.,1.,9.E-17));
#2642 = DIRECTION('',(0.,-9.E-17,1.));
#2643 = ADVANCED_FACE('',(#2644),#2662,.T.);
#2644 = FACE_BOUND('',#2645,.T.);
#2645 = EDGE_LOOP('',(#2646,#2647,#2655,#2661));
#2646 = ORIENTED_EDGE('',*,*,#1738,.F.);
#2647 = ORIENTED_EDGE('',*,*,#2648,.T.);
#2648 = EDGE_CURVE('',#1731,#2649,#2651,.T.);
#2649 = VERTEX_POINT('',#2650);
#2650 = CARTESIAN_POINT('',(-70.,8.2,23.));
#2651 = LINE('',#2652,#2653);
#2652 = CARTESIAN_POINT('',(330.,8.2,23.));
#2653 = VECTOR('',#2654,1.);
#2654 = DIRECTION('',(-1.,0.,-0.));
#2655 = ORIENTED_EDGE('',*,*,#2656,.T.);
#2656 = EDGE_CURVE('',#2649,#2624,#2657,.T.);
#2657 = LINE('',#2658,#2659);
#2658 = CARTESIAN_POINT('',(-70.,-7.4,7.4));
#2659 = VECTOR('',#2660,1.);
#2660 = DIRECTION('',(0.,0.707106781187,0.707106781187));
#2661 = ORIENTED_EDGE('',*,*,#2623,.F.);
#2662 = PLANE('',#2663);
#2663 = AXIS2_PLACEMENT_3D('',#2664,#2665,#2666);
#2664 = CARTESIAN_POINT('',(330.,10.,24.8));
#2665 = DIRECTION('',(0.,0.707106781187,-0.707106781187));
#2666 = DIRECTION('',(0.,0.707106781187,0.707106781187));
#2667 = ADVANCED_FACE('',(#2668),#2686,.T.);
#2668 = FACE_BOUND('',#2669,.T.);
#2669 = EDGE_LOOP('',(#2670,#2671,#2679,#2685));
#2670 = ORIENTED_EDGE('',*,*,#1730,.F.);
#2671 = ORIENTED_EDGE('',*,*,#2672,.T.);
#2672 = EDGE_CURVE('',#1723,#2673,#2675,.T.);
#2673 = VERTEX_POINT('',#2674);
#2674 = CARTESIAN_POINT('',(-70.,8.2,25.210050506339));
#2675 = LINE('',#2676,#2677);
#2676 = CARTESIAN_POINT('',(330.,8.2,25.210050506339));
#2677 = VECTOR('',#2678,1.);
#2678 = DIRECTION('',(-1.,-0.,-0.));
#2679 = ORIENTED_EDGE('',*,*,#2680,.T.);
#2680 = EDGE_CURVE('',#2673,#2649,#2681,.T.);
#2681 = LINE('',#2682,#2683);
#2682 = CARTESIAN_POINT('',(-70.,8.2,0.));
#2683 = VECTOR('',#2684,1.);
#2684 = DIRECTION('',(0.,0.,-1.));
#2685 = ORIENTED_EDGE('',*,*,#2648,.F.);
#2686 = PLANE('',#2687);
#2687 = AXIS2_PLACEMENT_3D('',#2688,#2689,#2690);
#2688 = CARTESIAN_POINT('',(330.,8.2,23.));
#2689 = DIRECTION('',(0.,-1.,6.1E-16));
#2690 = DIRECTION('',(0.,-6.1E-16,-1.));
#2691 = ADVANCED_FACE('',(#2692),#2710,.T.);
#2692 = FACE_BOUND('',#2693,.T.);
#2693 = EDGE_LOOP('',(#2694,#2695,#2703,#2709));
#2694 = ORIENTED_EDGE('',*,*,#1722,.F.);
#2695 = ORIENTED_EDGE('',*,*,#2696,.T.);
#2696 = EDGE_CURVE('',#1715,#2697,#2699,.T.);
#2697 = VERTEX_POINT('',#2698);
#2698 = CARTESIAN_POINT('',(-70.,6.2,25.210050506339));
#2699 = LINE('',#2700,#2701);
#2700 = CARTESIAN_POINT('',(330.,6.2,25.210050506339));
#2701 = VECTOR('',#2702,1.);
#2702 = DIRECTION('',(-1.,0.,-0.));
#2703 = ORIENTED_EDGE('',*,*,#2704,.T.);
#2704 = EDGE_CURVE('',#2697,#2673,#2705,.T.);
#2705 = LINE('',#2706,#2707);
#2706 = CARTESIAN_POINT('',(-70.,-0.,25.210050506339));
#2707 = VECTOR('',#2708,1.);
#2708 = DIRECTION('',(0.,1.,0.));
#2709 = ORIENTED_EDGE('',*,*,#2672,.F.);
#2710 = PLANE('',#2711);
#2711 = AXIS2_PLACEMENT_3D('',#2712,#2713,#2714);
#2712 = CARTESIAN_POINT('',(330.,8.2,25.210050506339));
#2713 = DIRECTION('',(0.,1.7E-16,-1.));
#2714 = DIRECTION('',(0.,1.,1.7E-16));
#2715 = ADVANCED_FACE('',(#2716),#2734,.T.);
#2716 = FACE_BOUND('',#2717,.T.);
#2717 = EDGE_LOOP('',(#2718,#2719,#2727,#2733));
#2718 = ORIENTED_EDGE('',*,*,#1714,.F.);
#2719 = ORIENTED_EDGE('',*,*,#2720,.T.);
#2720 = EDGE_CURVE('',#1707,#2721,#2723,.T.);
#2721 = VERTEX_POINT('',#2722);
#2722 = CARTESIAN_POINT('',(-70.,4.,23.010050506339));
#2723 = LINE('',#2724,#2725);
#2724 = CARTESIAN_POINT('',(330.,4.,23.010050506339));
#2725 = VECTOR('',#2726,1.);
#2726 = DIRECTION('',(-1.,0.,-0.));
#2727 = ORIENTED_EDGE('',*,*,#2728,.T.);
#2728 = EDGE_CURVE('',#2721,#2697,#2729,.T.);
#2729 = LINE('',#2730,#2731);
#2730 = CARTESIAN_POINT('',(-70.,-9.505025253169,9.505025253169));
#2731 = VECTOR('',#2732,1.);
#2732 = DIRECTION('',(0.,0.707106781187,0.707106781187));
#2733 = ORIENTED_EDGE('',*,*,#2696,.F.);
#2734 = PLANE('',#2735);
#2735 = AXIS2_PLACEMENT_3D('',#2736,#2737,#2738);
#2736 = CARTESIAN_POINT('',(330.,6.2,25.210050506339));
#2737 = DIRECTION('',(0.,0.707106781187,-0.707106781187));
#2738 = DIRECTION('',(0.,0.707106781187,0.707106781187));
#2739 = ADVANCED_FACE('',(#2740),#2758,.T.);
#2740 = FACE_BOUND('',#2741,.T.);
#2741 = EDGE_LOOP('',(#2742,#2750,#2756,#2757));
#2742 = ORIENTED_EDGE('',*,*,#2743,.T.);
#2743 = EDGE_CURVE('',#1699,#2744,#2746,.T.);
#2744 = VERTEX_POINT('',#2745);
#2745 = CARTESIAN_POINT('',(-70.,4.,20.5));
#2746 = LINE('',#2747,#2748);
#2747 = CARTESIAN_POINT('',(330.,4.,20.5));
#2748 = VECTOR('',#2749,1.);
#2749 = DIRECTION('',(-1.,-0.,-0.));
#2750 = ORIENTED_EDGE('',*,*,#2751,.T.);
#2751 = EDGE_CURVE('',#2744,#2721,#2752,.T.);
#2752 = LINE('',#2753,#2754);
#2753 = CARTESIAN_POINT('',(-70.,4.,2.76E-15));
#2754 = VECTOR('',#2755,1.);
#2755 = DIRECTION('',(0.,-6.9E-16,1.));
#2756 = ORIENTED_EDGE('',*,*,#2720,.F.);
#2757 = ORIENTED_EDGE('',*,*,#1706,.F.);
#2758 = PLANE('',#2759);
#2759 = AXIS2_PLACEMENT_3D('',#2760,#2761,#2762);
#2760 = CARTESIAN_POINT('',(330.,4.,16.989949493661));
#2761 = DIRECTION('',(-0.,1.,1.7E-16));
#2762 = DIRECTION('',(0.,-1.7E-16,1.));
#2763 = ADVANCED_FACE('',(#2764),#2789,.T.);
#2764 = FACE_BOUND('',#2765,.T.);
#2765 = EDGE_LOOP('',(#2766,#2774,#2775,#2783));
#2766 = ORIENTED_EDGE('',*,*,#2767,.T.);
#2767 = EDGE_CURVE('',#2768,#1683,#2770,.T.);
#2768 = VERTEX_POINT('',#2769);
#2769 = CARTESIAN_POINT('',(-70.,4.,19.5));
#2770 = LINE('',#2771,#2772);
#2771 = CARTESIAN_POINT('',(330.,4.,19.5));
#2772 = VECTOR('',#2773,1.);
#2773 = DIRECTION('',(1.,0.,0.));
#2774 = ORIENTED_EDGE('',*,*,#1682,.F.);
#2775 = ORIENTED_EDGE('',*,*,#2776,.T.);
#2776 = EDGE_CURVE('',#1675,#2777,#2779,.T.);
#2777 = VERTEX_POINT('',#2778);
#2778 = CARTESIAN_POINT('',(-70.,4.,16.989949493661));
#2779 = LINE('',#2780,#2781);
#2780 = CARTESIAN_POINT('',(330.,4.,16.989949493661));
#2781 = VECTOR('',#2782,1.);
#2782 = DIRECTION('',(-1.,-0.,-0.));
#2783 = ORIENTED_EDGE('',*,*,#2784,.T.);
#2784 = EDGE_CURVE('',#2777,#2768,#2785,.T.);
#2785 = LINE('',#2786,#2787);
#2786 = CARTESIAN_POINT('',(-70.,4.,2.76E-15));
#2787 = VECTOR('',#2788,1.);
#2788 = DIRECTION('',(0.,-6.9E-16,1.));
#2789 = PLANE('',#2790);
#2790 = AXIS2_PLACEMENT_3D('',#2791,#2792,#2793);
#2791 = CARTESIAN_POINT('',(330.,4.,16.989949493661));
#2792 = DIRECTION('',(-0.,1.,1.7E-16));
#2793 = DIRECTION('',(0.,-1.7E-16,1.));
#2794 = ADVANCED_FACE('',(#2795),#2813,.T.);
#2795 = FACE_BOUND('',#2796,.T.);
#2796 = EDGE_LOOP('',(#2797,#2798,#2806,#2812));
#2797 = ORIENTED_EDGE('',*,*,#1674,.F.);
#2798 = ORIENTED_EDGE('',*,*,#2799,.T.);
#2799 = EDGE_CURVE('',#1667,#2800,#2802,.T.);
#2800 = VERTEX_POINT('',#2801);
#2801 = CARTESIAN_POINT('',(-70.,6.2,14.789949493661));
#2802 = LINE('',#2803,#2804);
#2803 = CARTESIAN_POINT('',(330.,6.2,14.789949493661));
#2804 = VECTOR('',#2805,1.);
#2805 = DIRECTION('',(-1.,-0.,-0.));
#2806 = ORIENTED_EDGE('',*,*,#2807,.T.);
#2807 = EDGE_CURVE('',#2800,#2777,#2808,.T.);
#2808 = LINE('',#2809,#2810);
#2809 = CARTESIAN_POINT('',(-70.,10.494974746831,10.494974746831));
#2810 = VECTOR('',#2811,1.);
#2811 = DIRECTION('',(0.,-0.707106781187,0.707106781187));
#2812 = ORIENTED_EDGE('',*,*,#2776,.F.);
#2813 = PLANE('',#2814);
#2814 = AXIS2_PLACEMENT_3D('',#2815,#2816,#2817);
#2815 = CARTESIAN_POINT('',(330.,6.2,14.789949493661));
#2816 = DIRECTION('',(-0.,0.707106781187,0.707106781187));
#2817 = DIRECTION('',(0.,-0.707106781187,0.707106781187));
#2818 = ADVANCED_FACE('',(#2819),#2837,.T.);
#2819 = FACE_BOUND('',#2820,.T.);
#2820 = EDGE_LOOP('',(#2821,#2822,#2830,#2836));
#2821 = ORIENTED_EDGE('',*,*,#1666,.F.);
#2822 = ORIENTED_EDGE('',*,*,#2823,.T.);
#2823 = EDGE_CURVE('',#1659,#2824,#2826,.T.);
#2824 = VERTEX_POINT('',#2825);
#2825 = CARTESIAN_POINT('',(-70.,8.2,14.789949493661));
#2826 = LINE('',#2827,#2828);
#2827 = CARTESIAN_POINT('',(330.,8.2,14.789949493661));
#2828 = VECTOR('',#2829,1.);
#2829 = DIRECTION('',(-1.,-0.,-0.));
#2830 = ORIENTED_EDGE('',*,*,#2831,.T.);
#2831 = EDGE_CURVE('',#2824,#2800,#2832,.T.);
#2832 = LINE('',#2833,#2834);
#2833 = CARTESIAN_POINT('',(-70.,0.,14.789949493661));
#2834 = VECTOR('',#2835,1.);
#2835 = DIRECTION('',(0.,-1.,0.));
#2836 = ORIENTED_EDGE('',*,*,#2799,.F.);
#2837 = PLANE('',#2838);
#2838 = AXIS2_PLACEMENT_3D('',#2839,#2840,#2841);
#2839 = CARTESIAN_POINT('',(330.,8.2,14.789949493661));
#2840 = DIRECTION('',(0.,-1.7E-16,1.));
#2841 = DIRECTION('',(0.,-1.,-1.7E-16));
#2842 = ADVANCED_FACE('',(#2843),#2868,.T.);
#2843 = FACE_BOUND('',#2844,.T.);
#2844 = EDGE_LOOP('',(#2845,#2846,#2854,#2860,#2861,#2862));
#2845 = ORIENTED_EDGE('',*,*,#1288,.T.);
#2846 = ORIENTED_EDGE('',*,*,#2847,.F.);
#2847 = EDGE_CURVE('',#2848,#1278,#2850,.T.);
#2848 = VERTEX_POINT('',#2849);
#2849 = CARTESIAN_POINT('',(-70.,8.2,16.6));
#2850 = LINE('',#2851,#2852);
#2851 = CARTESIAN_POINT('',(-70.,8.2,16.6));
#2852 = VECTOR('',#2853,1.);
#2853 = DIRECTION('',(1.,0.,0.));
#2854 = ORIENTED_EDGE('',*,*,#2855,.F.);
#2855 = EDGE_CURVE('',#2824,#2848,#2856,.T.);
#2856 = LINE('',#2857,#2858);
#2857 = CARTESIAN_POINT('',(-70.,8.2,0.));
#2858 = VECTOR('',#2859,1.);
#2859 = DIRECTION('',(-0.,0.,1.));
#2860 = ORIENTED_EDGE('',*,*,#2823,.F.);
#2861 = ORIENTED_EDGE('',*,*,#1658,.F.);
#2862 = ORIENTED_EDGE('',*,*,#2863,.T.);
#2863 = EDGE_CURVE('',#1651,#1289,#2864,.T.);
#2864 = LINE('',#2865,#2866);
#2865 = CARTESIAN_POINT('',(330.,8.2,17.));
#2866 = VECTOR('',#2867,1.);
#2867 = DIRECTION('',(-1.,-0.,-0.));
#2868 = PLANE('',#2869);
#2869 = AXIS2_PLACEMENT_3D('',#2870,#2871,#2872);
#2870 = CARTESIAN_POINT('',(330.,8.2,17.));
#2871 = DIRECTION('',(0.,-1.,-9.6E-16));
#2872 = DIRECTION('',(0.,9.6E-16,-1.));
#2873 = ADVANCED_FACE('',(#2874),#2901,.T.);
#2874 = FACE_BOUND('',#2875,.T.);
#2875 = EDGE_LOOP('',(#2876,#2884,#2885,#2886,#2887,#2895));
#2876 = ORIENTED_EDGE('',*,*,#2877,.T.);
#2877 = EDGE_CURVE('',#2878,#1280,#2880,.T.);
#2878 = VERTEX_POINT('',#2879);
#2879 = CARTESIAN_POINT('',(-70.,8.4,16.8));
#2880 = LINE('',#2881,#2882);
#2881 = CARTESIAN_POINT('',(-70.,8.4,16.8));
#2882 = VECTOR('',#2883,1.);
#2883 = DIRECTION('',(1.,0.,0.));
#2884 = ORIENTED_EDGE('',*,*,#1296,.T.);
#2885 = ORIENTED_EDGE('',*,*,#2863,.F.);
#2886 = ORIENTED_EDGE('',*,*,#1648,.F.);
#2887 = ORIENTED_EDGE('',*,*,#2888,.T.);
#2888 = EDGE_CURVE('',#1649,#2889,#2891,.T.);
#2889 = VERTEX_POINT('',#2890);
#2890 = CARTESIAN_POINT('',(-70.,10.,15.2));
#2891 = LINE('',#2892,#2893);
#2892 = CARTESIAN_POINT('',(330.,10.,15.2));
#2893 = VECTOR('',#2894,1.);
#2894 = DIRECTION('',(-1.,-0.,-0.));
#2895 = ORIENTED_EDGE('',*,*,#2896,.T.);
#2896 = EDGE_CURVE('',#2889,#2878,#2897,.T.);
#2897 = LINE('',#2898,#2899);
#2898 = CARTESIAN_POINT('',(-70.,12.6,12.6));
#2899 = VECTOR('',#2900,1.);
#2900 = DIRECTION('',(0.,-0.707106781187,0.707106781187));
#2901 = PLANE('',#2902);
#2902 = AXIS2_PLACEMENT_3D('',#2903,#2904,#2905);
#2903 = CARTESIAN_POINT('',(330.,10.,15.2));
#2904 = DIRECTION('',(-0.,0.707106781187,0.707106781187));
#2905 = DIRECTION('',(0.,-0.707106781187,0.707106781187));
#2906 = ADVANCED_FACE('',(#2907),#2925,.F.);
#2907 = FACE_BOUND('',#2908,.T.);
#2908 = EDGE_LOOP('',(#2909,#2910,#2911,#2919));
#2909 = ORIENTED_EDGE('',*,*,#2888,.F.);
#2910 = ORIENTED_EDGE('',*,*,#2395,.F.);
#2911 = ORIENTED_EDGE('',*,*,#2912,.F.);
#2912 = EDGE_CURVE('',#2913,#2387,#2915,.T.);
#2913 = VERTEX_POINT('',#2914);
#2914 = CARTESIAN_POINT('',(-70.,10.,4.882842712475));
#2915 = LINE('',#2916,#2917);
#2916 = CARTESIAN_POINT('',(330.,10.,4.882842712475));
#2917 = VECTOR('',#2918,1.);
#2918 = DIRECTION('',(1.,0.,0.));
#2919 = ORIENTED_EDGE('',*,*,#2920,.T.);
#2920 = EDGE_CURVE('',#2913,#2889,#2921,.T.);
#2921 = LINE('',#2922,#2923);
#2922 = CARTESIAN_POINT('',(-70.,10.,0.));
#2923 = VECTOR('',#2924,1.);
#2924 = DIRECTION('',(-0.,0.,1.));
#2925 = PLANE('',#2926);
#2926 = AXIS2_PLACEMENT_3D('',#2927,#2928,#2929);
#2927 = CARTESIAN_POINT('',(330.,10.,10.));
#2928 = DIRECTION('',(0.,-1.,-9.E-17));
#2929 = DIRECTION('',(0.,9.E-17,-1.));
#2930 = ADVANCED_FACE('',(#2931),#2956,.F.);
#2931 = FACE_BOUND('',#2932,.T.);
#2932 = EDGE_LOOP('',(#2933,#2941,#2949,#2955));
#2933 = ORIENTED_EDGE('',*,*,#2934,.F.);
#2934 = EDGE_CURVE('',#2935,#2370,#2937,.T.);
#2935 = VERTEX_POINT('',#2936);
#2936 = CARTESIAN_POINT('',(-70.,8.541421356237,3.341421356237));
#2937 = LINE('',#2938,#2939);
#2938 = CARTESIAN_POINT('',(330.,8.541421356237,3.341421356237));
#2939 = VECTOR('',#2940,1.);
#2940 = DIRECTION('',(1.,0.,0.));
#2941 = ORIENTED_EDGE('',*,*,#2942,.T.);
#2942 = EDGE_CURVE('',#2935,#2943,#2945,.T.);
#2943 = VERTEX_POINT('',#2944);
#2944 = CARTESIAN_POINT('',(-70.,9.941421356237,4.741421356237));
#2945 = LINE('',#2946,#2947);
#2946 = CARTESIAN_POINT('',(-70.,2.6,-2.6));
#2947 = VECTOR('',#2948,1.);
#2948 = DIRECTION('',(0.,0.707106781187,0.707106781187));
#2949 = ORIENTED_EDGE('',*,*,#2950,.F.);
#2950 = EDGE_CURVE('',#2379,#2943,#2951,.T.);
#2951 = LINE('',#2952,#2953);
#2952 = CARTESIAN_POINT('',(330.,9.941421356237,4.741421356237));
#2953 = VECTOR('',#2954,1.);
#2954 = DIRECTION('',(-1.,-0.,-0.));
#2955 = ORIENTED_EDGE('',*,*,#2378,.F.);
#2956 = PLANE('',#2957);
#2957 = AXIS2_PLACEMENT_3D('',#2958,#2959,#2960);
#2958 = CARTESIAN_POINT('',(330.,10.,4.8));
#2959 = DIRECTION('',(0.,-0.707106781187,0.707106781187));
#2960 = DIRECTION('',(0.,-0.707106781187,-0.707106781187));
#2961 = ADVANCED_FACE('',(#2962),#2987,.F.);
#2962 = FACE_BOUND('',#2963,.T.);
#2963 = EDGE_LOOP('',(#2964,#2972,#2973,#2981));
#2964 = ORIENTED_EDGE('',*,*,#2965,.F.);
#2965 = EDGE_CURVE('',#2354,#2966,#2968,.T.);
#2966 = VERTEX_POINT('',#2967);
#2967 = CARTESIAN_POINT('',(-70.,8.2,5.210050506339));
#2968 = LINE('',#2969,#2970);
#2969 = CARTESIAN_POINT('',(330.,8.2,5.210050506339));
#2970 = VECTOR('',#2971,1.);
#2971 = DIRECTION('',(-1.,-0.,0.));
#2972 = ORIENTED_EDGE('',*,*,#2353,.F.);
#2973 = ORIENTED_EDGE('',*,*,#2974,.F.);
#2974 = EDGE_CURVE('',#2975,#2346,#2977,.T.);
#2975 = VERTEX_POINT('',#2976);
#2976 = CARTESIAN_POINT('',(-70.,6.2,5.210050506339));
#2977 = LINE('',#2978,#2979);
#2978 = CARTESIAN_POINT('',(330.,6.2,5.210050506339));
#2979 = VECTOR('',#2980,1.);
#2980 = DIRECTION('',(1.,0.,-0.));
#2981 = ORIENTED_EDGE('',*,*,#2982,.T.);
#2982 = EDGE_CURVE('',#2975,#2966,#2983,.T.);
#2983 = LINE('',#2984,#2985);
#2984 = CARTESIAN_POINT('',(-70.,2.26E-15,5.210050506339));
#2985 = VECTOR('',#2986,1.);
#2986 = DIRECTION('',(0.,1.,-4.3E-16));
#2987 = PLANE('',#2988);
#2988 = AXIS2_PLACEMENT_3D('',#2989,#2990,#2991);
#2989 = CARTESIAN_POINT('',(330.,8.2,5.210050506339));
#2990 = DIRECTION('',(0.,0.,1.));
#2991 = DIRECTION('',(1.,0.,-0.));
#2992 = ADVANCED_FACE('',(#2993),#3011,.F.);
#2993 = FACE_BOUND('',#2994,.T.);
#2994 = EDGE_LOOP('',(#2995,#2996,#2997,#3005));
#2995 = ORIENTED_EDGE('',*,*,#2974,.T.);
#2996 = ORIENTED_EDGE('',*,*,#2345,.F.);
#2997 = ORIENTED_EDGE('',*,*,#2998,.F.);
#2998 = EDGE_CURVE('',#2999,#2338,#3001,.T.);
#2999 = VERTEX_POINT('',#3000);
#3000 = CARTESIAN_POINT('',(-70.,4.,3.010050506339));
#3001 = LINE('',#3002,#3003);
#3002 = CARTESIAN_POINT('',(330.,4.,3.010050506339));
#3003 = VECTOR('',#3004,1.);
#3004 = DIRECTION('',(1.,0.,0.));
#3005 = ORIENTED_EDGE('',*,*,#3006,.T.);
#3006 = EDGE_CURVE('',#2999,#2975,#3007,.T.);
#3007 = LINE('',#3008,#3009);
#3008 = CARTESIAN_POINT('',(-70.,0.494974746831,-0.494974746831));
#3009 = VECTOR('',#3010,1.);
#3010 = DIRECTION('',(0.,0.707106781187,0.707106781187));
#3011 = PLANE('',#3012);
#3012 = AXIS2_PLACEMENT_3D('',#3013,#3014,#3015);
#3013 = CARTESIAN_POINT('',(330.,6.2,5.210050506339));
#3014 = DIRECTION('',(0.,-0.707106781187,0.707106781187));
#3015 = DIRECTION('',(0.,-0.707106781187,-0.707106781187));
#3016 = ADVANCED_FACE('',(#3017),#3053,.F.);
#3017 = FACE_BOUND('',#3018,.T.);
#3018 = EDGE_LOOP('',(#3019,#3020,#3027,#3028,#3029,#3035,#3036,#3037,
    #3045,#3052));
#3019 = ORIENTED_EDGE('',*,*,#1092,.F.);
#3020 = ORIENTED_EDGE('',*,*,#3021,.T.);
#3021 = EDGE_CURVE('',#1084,#125,#3022,.T.);
#3022 = CIRCLE('',#3023,2.25);
#3023 = AXIS2_PLACEMENT_3D('',#3024,#3025,#3026);
#3024 = CARTESIAN_POINT('',(100.,4.,3.5E-16));
#3025 = DIRECTION('',(0.,-1.,0.));
#3026 = DIRECTION('',(0.,0.,-1.));
#3027 = ORIENTED_EDGE('',*,*,#132,.T.);
#3028 = ORIENTED_EDGE('',*,*,#836,.F.);
#3029 = ORIENTED_EDGE('',*,*,#3030,.T.);
#3030 = EDGE_CURVE('',#837,#2999,#3031,.T.);
#3031 = LINE('',#3032,#3033);
#3032 = CARTESIAN_POINT('',(-70.,4.,0.));
#3033 = VECTOR('',#3034,1.);
#3034 = DIRECTION('',(-0.,0.,1.));
#3035 = ORIENTED_EDGE('',*,*,#2998,.T.);
#3036 = ORIENTED_EDGE('',*,*,#2337,.F.);
#3037 = ORIENTED_EDGE('',*,*,#3038,.F.);
#3038 = EDGE_CURVE('',#3039,#2330,#3041,.T.);
#3039 = VERTEX_POINT('',#3040);
#3040 = CARTESIAN_POINT('',(252.19374109684,4.,0.5));
#3041 = LINE('',#3042,#3043);
#3042 = CARTESIAN_POINT('',(330.,4.,0.5));
#3043 = VECTOR('',#3044,1.);
#3044 = DIRECTION('',(1.,0.,0.));
#3045 = ORIENTED_EDGE('',*,*,#3046,.T.);
#3046 = EDGE_CURVE('',#3039,#295,#3047,.T.);
#3047 = CIRCLE('',#3048,2.25);
#3048 = AXIS2_PLACEMENT_3D('',#3049,#3050,#3051);
#3049 = CARTESIAN_POINT('',(250.,4.,3.5E-16));
#3050 = DIRECTION('',(0.,-1.,0.));
#3051 = DIRECTION('',(0.,0.,-1.));
#3052 = ORIENTED_EDGE('',*,*,#302,.T.);
#3053 = PLANE('',#3054);
#3054 = AXIS2_PLACEMENT_3D('',#3055,#3056,#3057);
#3055 = CARTESIAN_POINT('',(330.,4.,3.010050506339));
#3056 = DIRECTION('',(0.,-1.,0.));
#3057 = DIRECTION('',(0.,-0.,-1.));
#3058 = ADVANCED_FACE('',(#3059),#3102,.F.);
#3059 = FACE_BOUND('',#3060,.T.);
#3060 = EDGE_LOOP('',(#3061,#3069,#3070,#3077,#3078,#3079,#3086,#3087,
    #3088,#3096));
#3061 = ORIENTED_EDGE('',*,*,#3062,.F.);
#3062 = EDGE_CURVE('',#151,#3063,#3065,.T.);
#3063 = VERTEX_POINT('',#3064);
#3064 = CARTESIAN_POINT('',(-70.,4.,-0.5));
#3065 = LINE('',#3066,#3067);
#3066 = CARTESIAN_POINT('',(330.,4.,-0.5));
#3067 = VECTOR('',#3068,1.);
#3068 = DIRECTION('',(-1.,-0.,-0.));
#3069 = ORIENTED_EDGE('',*,*,#159,.T.);
#3070 = ORIENTED_EDGE('',*,*,#3071,.T.);
#3071 = EDGE_CURVE('',#160,#900,#3072,.T.);
#3072 = CIRCLE('',#3073,2.25);
#3073 = AXIS2_PLACEMENT_3D('',#3074,#3075,#3076);
#3074 = CARTESIAN_POINT('',(100.,4.,3.5E-16));
#3075 = DIRECTION('',(0.,-1.,0.));
#3076 = DIRECTION('',(0.,0.,-1.));
#3077 = ORIENTED_EDGE('',*,*,#899,.F.);
#3078 = ORIENTED_EDGE('',*,*,#329,.T.);
#3079 = ORIENTED_EDGE('',*,*,#3080,.T.);
#3080 = EDGE_CURVE('',#330,#1044,#3081,.T.);
#3081 = CIRCLE('',#3082,2.25);
#3082 = AXIS2_PLACEMENT_3D('',#3083,#3084,#3085);
#3083 = CARTESIAN_POINT('',(250.,4.,3.5E-16));
#3084 = DIRECTION('',(0.,-1.,0.));
#3085 = DIRECTION('',(0.,0.,-1.));
#3086 = ORIENTED_EDGE('',*,*,#1041,.F.);
#3087 = ORIENTED_EDGE('',*,*,#2322,.F.);
#3088 = ORIENTED_EDGE('',*,*,#3089,.F.);
#3089 = EDGE_CURVE('',#3090,#2315,#3092,.T.);
#3090 = VERTEX_POINT('',#3091);
#3091 = CARTESIAN_POINT('',(-70.,4.,-3.010050506339));
#3092 = LINE('',#3093,#3094);
#3093 = CARTESIAN_POINT('',(330.,4.,-3.010050506339));
#3094 = VECTOR('',#3095,1.);
#3095 = DIRECTION('',(1.,0.,0.));
#3096 = ORIENTED_EDGE('',*,*,#3097,.T.);
#3097 = EDGE_CURVE('',#3090,#3063,#3098,.T.);
#3098 = LINE('',#3099,#3100);
#3099 = CARTESIAN_POINT('',(-70.,4.,0.));
#3100 = VECTOR('',#3101,1.);
#3101 = DIRECTION('',(-0.,0.,1.));
#3102 = PLANE('',#3103);
#3103 = AXIS2_PLACEMENT_3D('',#3104,#3105,#3106);
#3104 = CARTESIAN_POINT('',(330.,4.,3.010050506339));
#3105 = DIRECTION('',(0.,-1.,0.));
#3106 = DIRECTION('',(0.,-0.,-1.));
#3107 = ADVANCED_FACE('',(#3108),#3126,.F.);
#3108 = FACE_BOUND('',#3109,.T.);
#3109 = EDGE_LOOP('',(#3110,#3111,#3112,#3120));
#3110 = ORIENTED_EDGE('',*,*,#3089,.T.);
#3111 = ORIENTED_EDGE('',*,*,#2314,.F.);
#3112 = ORIENTED_EDGE('',*,*,#3113,.F.);
#3113 = EDGE_CURVE('',#3114,#2307,#3116,.T.);
#3114 = VERTEX_POINT('',#3115);
#3115 = CARTESIAN_POINT('',(-70.,6.2,-5.210050506339));
#3116 = LINE('',#3117,#3118);
#3117 = CARTESIAN_POINT('',(330.,6.2,-5.210050506339));
#3118 = VECTOR('',#3119,1.);
#3119 = DIRECTION('',(1.,0.,0.));
#3120 = ORIENTED_EDGE('',*,*,#3121,.T.);
#3121 = EDGE_CURVE('',#3114,#3090,#3122,.T.);
#3122 = LINE('',#3123,#3124);
#3123 = CARTESIAN_POINT('',(-70.,0.494974746831,0.494974746831));
#3124 = VECTOR('',#3125,1.);
#3125 = DIRECTION('',(0.,-0.707106781187,0.707106781187));
#3126 = PLANE('',#3127);
#3127 = AXIS2_PLACEMENT_3D('',#3128,#3129,#3130);
#3128 = CARTESIAN_POINT('',(330.,6.2,-5.210050506339));
#3129 = DIRECTION('',(0.,-0.707106781187,-0.707106781187));
#3130 = DIRECTION('',(0.,0.707106781187,-0.707106781187));
#3131 = ADVANCED_FACE('',(#3132),#3150,.F.);
#3132 = FACE_BOUND('',#3133,.T.);
#3133 = EDGE_LOOP('',(#3134,#3135,#3136,#3144));
#3134 = ORIENTED_EDGE('',*,*,#3113,.T.);
#3135 = ORIENTED_EDGE('',*,*,#2306,.F.);
#3136 = ORIENTED_EDGE('',*,*,#3137,.F.);
#3137 = EDGE_CURVE('',#3138,#2299,#3140,.T.);
#3138 = VERTEX_POINT('',#3139);
#3139 = CARTESIAN_POINT('',(-70.,8.2,-5.210050506339));
#3140 = LINE('',#3141,#3142);
#3141 = CARTESIAN_POINT('',(330.,8.2,-5.210050506339));
#3142 = VECTOR('',#3143,1.);
#3143 = DIRECTION('',(1.,-0.,0.));
#3144 = ORIENTED_EDGE('',*,*,#3145,.T.);
#3145 = EDGE_CURVE('',#3138,#3114,#3146,.T.);
#3146 = LINE('',#3147,#3148);
#3147 = CARTESIAN_POINT('',(-70.,-0.,-5.210050506339));
#3148 = VECTOR('',#3149,1.);
#3149 = DIRECTION('',(0.,-1.,0.));
#3150 = PLANE('',#3151);
#3151 = AXIS2_PLACEMENT_3D('',#3152,#3153,#3154);
#3152 = CARTESIAN_POINT('',(330.,8.2,-5.210050506339));
#3153 = DIRECTION('',(0.,0.,-1.));
#3154 = DIRECTION('',(-1.,0.,-0.));
#3155 = ADVANCED_FACE('',(#3156),#3181,.F.);
#3156 = FACE_BOUND('',#3157,.T.);
#3157 = EDGE_LOOP('',(#3158,#3166,#3174,#3180));
#3158 = ORIENTED_EDGE('',*,*,#3159,.F.);
#3159 = EDGE_CURVE('',#3160,#2274,#3162,.T.);
#3160 = VERTEX_POINT('',#3161);
#3161 = CARTESIAN_POINT('',(-70.,9.941421356237,-4.741421356237));
#3162 = LINE('',#3163,#3164);
#3163 = CARTESIAN_POINT('',(330.,9.941421356237,-4.741421356237));
#3164 = VECTOR('',#3165,1.);
#3165 = DIRECTION('',(1.,0.,0.));
#3166 = ORIENTED_EDGE('',*,*,#3167,.T.);
#3167 = EDGE_CURVE('',#3160,#3168,#3170,.T.);
#3168 = VERTEX_POINT('',#3169);
#3169 = CARTESIAN_POINT('',(-70.,8.541421356237,-3.341421356237));
#3170 = LINE('',#3171,#3172);
#3171 = CARTESIAN_POINT('',(-70.,2.6,2.6));
#3172 = VECTOR('',#3173,1.);
#3173 = DIRECTION('',(0.,-0.707106781187,0.707106781187));
#3174 = ORIENTED_EDGE('',*,*,#3175,.F.);
#3175 = EDGE_CURVE('',#2283,#3168,#3176,.T.);
#3176 = LINE('',#3177,#3178);
#3177 = CARTESIAN_POINT('',(330.,8.541421356237,-3.341421356237));
#3178 = VECTOR('',#3179,1.);
#3179 = DIRECTION('',(-1.,-0.,-0.));
#3180 = ORIENTED_EDGE('',*,*,#2282,.F.);
#3181 = PLANE('',#3182);
#3182 = AXIS2_PLACEMENT_3D('',#3183,#3184,#3185);
#3183 = CARTESIAN_POINT('',(330.,10.,-4.8));
#3184 = DIRECTION('',(0.,-0.707106781187,-0.707106781187));
#3185 = DIRECTION('',(0.,0.707106781187,-0.707106781187));
#3186 = ADVANCED_FACE('',(#3187),#3212,.F.);
#3187 = FACE_BOUND('',#3188,.T.);
#3188 = EDGE_LOOP('',(#3189,#3197,#3205,#3211));
#3189 = ORIENTED_EDGE('',*,*,#3190,.F.);
#3190 = EDGE_CURVE('',#3191,#2257,#3193,.T.);
#3191 = VERTEX_POINT('',#3192);
#3192 = CARTESIAN_POINT('',(-70.,10.,-9.8));
#3193 = LINE('',#3194,#3195);
#3194 = CARTESIAN_POINT('',(330.,10.,-9.8));
#3195 = VECTOR('',#3196,1.);
#3196 = DIRECTION('',(1.,0.,0.));
#3197 = ORIENTED_EDGE('',*,*,#3198,.T.);
#3198 = EDGE_CURVE('',#3191,#3199,#3201,.T.);
#3199 = VERTEX_POINT('',#3200);
#3200 = CARTESIAN_POINT('',(-70.,10.,-4.882842712475));
#3201 = LINE('',#3202,#3203);
#3202 = CARTESIAN_POINT('',(-70.,10.,3.53E-15));
#3203 = VECTOR('',#3204,1.);
#3204 = DIRECTION('',(0.,-3.5E-16,1.));
#3205 = ORIENTED_EDGE('',*,*,#3206,.F.);
#3206 = EDGE_CURVE('',#2266,#3199,#3207,.T.);
#3207 = LINE('',#3208,#3209);
#3208 = CARTESIAN_POINT('',(330.,10.,-4.882842712475));
#3209 = VECTOR('',#3210,1.);
#3210 = DIRECTION('',(-1.,-0.,-0.));
#3211 = ORIENTED_EDGE('',*,*,#2265,.F.);
#3212 = PLANE('',#3213);
#3213 = AXIS2_PLACEMENT_3D('',#3214,#3215,#3216);
#3214 = CARTESIAN_POINT('',(330.,10.,10.));
#3215 = DIRECTION('',(0.,-1.,-9.E-17));
#3216 = DIRECTION('',(0.,9.E-17,-1.));
#3217 = ADVANCED_FACE('',(#3218),#3243,.F.);
#3218 = FACE_BOUND('',#3219,.T.);
#3219 = EDGE_LOOP('',(#3220,#3228,#3236,#3242));
#3220 = ORIENTED_EDGE('',*,*,#3221,.F.);
#3221 = EDGE_CURVE('',#3222,#2240,#3224,.T.);
#3222 = VERTEX_POINT('',#3223);
#3223 = CARTESIAN_POINT('',(-70.,4.882842712475,-10.));
#3224 = LINE('',#3225,#3226);
#3225 = CARTESIAN_POINT('',(330.,4.882842712475,-10.));
#3226 = VECTOR('',#3227,1.);
#3227 = DIRECTION('',(1.,0.,0.));
#3228 = ORIENTED_EDGE('',*,*,#3229,.T.);
#3229 = EDGE_CURVE('',#3222,#3230,#3232,.T.);
#3230 = VERTEX_POINT('',#3231);
#3231 = CARTESIAN_POINT('',(-70.,9.8,-10.));
#3232 = LINE('',#3233,#3234);
#3233 = CARTESIAN_POINT('',(-70.,3.53E-15,-10.));
#3234 = VECTOR('',#3235,1.);
#3235 = DIRECTION('',(0.,1.,3.5E-16));
#3236 = ORIENTED_EDGE('',*,*,#3237,.F.);
#3237 = EDGE_CURVE('',#2249,#3230,#3238,.T.);
#3238 = LINE('',#3239,#3240);
#3239 = CARTESIAN_POINT('',(330.,9.8,-10.));
#3240 = VECTOR('',#3241,1.);
#3241 = DIRECTION('',(-1.,-0.,-0.));
#3242 = ORIENTED_EDGE('',*,*,#2248,.F.);
#3243 = PLANE('',#3244);
#3244 = AXIS2_PLACEMENT_3D('',#3245,#3246,#3247);
#3245 = CARTESIAN_POINT('',(330.,10.,-10.));
#3246 = DIRECTION('',(0.,-1.7E-16,1.));
#3247 = DIRECTION('',(0.,-1.,-1.7E-16));
#3248 = ADVANCED_FACE('',(#3249),#3274,.F.);
#3249 = FACE_BOUND('',#3250,.T.);
#3250 = EDGE_LOOP('',(#3251,#3259,#3267,#3273));
#3251 = ORIENTED_EDGE('',*,*,#3252,.F.);
#3252 = EDGE_CURVE('',#3253,#2223,#3255,.T.);
#3253 = VERTEX_POINT('',#3254);
#3254 = CARTESIAN_POINT('',(-70.,3.341421356237,-8.541421356237));
#3255 = LINE('',#3256,#3257);
#3256 = CARTESIAN_POINT('',(330.,3.341421356237,-8.541421356237));
#3257 = VECTOR('',#3258,1.);
#3258 = DIRECTION('',(1.,0.,0.));
#3259 = ORIENTED_EDGE('',*,*,#3260,.T.);
#3260 = EDGE_CURVE('',#3253,#3261,#3263,.T.);
#3261 = VERTEX_POINT('',#3262);
#3262 = CARTESIAN_POINT('',(-70.,4.741421356237,-9.941421356237));
#3263 = LINE('',#3264,#3265);
#3264 = CARTESIAN_POINT('',(-70.,-2.6,-2.6));
#3265 = VECTOR('',#3266,1.);
#3266 = DIRECTION('',(0.,0.707106781187,-0.707106781187));
#3267 = ORIENTED_EDGE('',*,*,#3268,.F.);
#3268 = EDGE_CURVE('',#2232,#3261,#3269,.T.);
#3269 = LINE('',#3270,#3271);
#3270 = CARTESIAN_POINT('',(330.,4.741421356237,-9.941421356237));
#3271 = VECTOR('',#3272,1.);
#3272 = DIRECTION('',(-1.,-0.,-0.));
#3273 = ORIENTED_EDGE('',*,*,#2231,.F.);
#3274 = PLANE('',#3275);
#3275 = AXIS2_PLACEMENT_3D('',#3276,#3277,#3278);
#3276 = CARTESIAN_POINT('',(330.,4.8,-10.));
#3277 = DIRECTION('',(-0.,0.707106781187,0.707106781187));
#3278 = DIRECTION('',(0.,-0.707106781187,0.707106781187));
#3279 = ADVANCED_FACE('',(#3280),#3305,.F.);
#3280 = FACE_BOUND('',#3281,.T.);
#3281 = EDGE_LOOP('',(#3282,#3290,#3291,#3299));
#3282 = ORIENTED_EDGE('',*,*,#3283,.F.);
#3283 = EDGE_CURVE('',#2207,#3284,#3286,.T.);
#3284 = VERTEX_POINT('',#3285);
#3285 = CARTESIAN_POINT('',(-70.,5.210050506339,-8.2));
#3286 = LINE('',#3287,#3288);
#3287 = CARTESIAN_POINT('',(330.,5.210050506339,-8.2));
#3288 = VECTOR('',#3289,1.);
#3289 = DIRECTION('',(-1.,0.,-0.));
#3290 = ORIENTED_EDGE('',*,*,#2206,.F.);
#3291 = ORIENTED_EDGE('',*,*,#3292,.F.);
#3292 = EDGE_CURVE('',#3293,#2199,#3295,.T.);
#3293 = VERTEX_POINT('',#3294);
#3294 = CARTESIAN_POINT('',(-70.,5.210050506339,-6.2));
#3295 = LINE('',#3296,#3297);
#3296 = CARTESIAN_POINT('',(330.,5.210050506339,-6.2));
#3297 = VECTOR('',#3298,1.);
#3298 = DIRECTION('',(1.,-0.,0.));
#3299 = ORIENTED_EDGE('',*,*,#3300,.T.);
#3300 = EDGE_CURVE('',#3293,#3284,#3301,.T.);
#3301 = LINE('',#3302,#3303);
#3302 = CARTESIAN_POINT('',(-70.,5.210050506339,0.));
#3303 = VECTOR('',#3304,1.);
#3304 = DIRECTION('',(0.,0.,-1.));
#3305 = PLANE('',#3306);
#3306 = AXIS2_PLACEMENT_3D('',#3307,#3308,#3309);
#3307 = CARTESIAN_POINT('',(330.,5.210050506339,-8.2));
#3308 = DIRECTION('',(0.,1.,-4.3E-16));
#3309 = DIRECTION('',(0.,4.3E-16,1.));
#3310 = ADVANCED_FACE('',(#3311),#3329,.F.);
#3311 = FACE_BOUND('',#3312,.T.);
#3312 = EDGE_LOOP('',(#3313,#3314,#3315,#3323));
#3313 = ORIENTED_EDGE('',*,*,#3292,.T.);
#3314 = ORIENTED_EDGE('',*,*,#2198,.F.);
#3315 = ORIENTED_EDGE('',*,*,#3316,.F.);
#3316 = EDGE_CURVE('',#3317,#2191,#3319,.T.);
#3317 = VERTEX_POINT('',#3318);
#3318 = CARTESIAN_POINT('',(-70.,3.010050506339,-4.));
#3319 = LINE('',#3320,#3321);
#3320 = CARTESIAN_POINT('',(330.,3.010050506339,-4.));
#3321 = VECTOR('',#3322,1.);
#3322 = DIRECTION('',(1.,0.,0.));
#3323 = ORIENTED_EDGE('',*,*,#3324,.T.);
#3324 = EDGE_CURVE('',#3317,#3293,#3325,.T.);
#3325 = LINE('',#3326,#3327);
#3326 = CARTESIAN_POINT('',(-70.,-0.494974746831,-0.494974746831));
#3327 = VECTOR('',#3328,1.);
#3328 = DIRECTION('',(0.,0.707106781187,-0.707106781187));
#3329 = PLANE('',#3330);
#3330 = AXIS2_PLACEMENT_3D('',#3331,#3332,#3333);
#3331 = CARTESIAN_POINT('',(330.,5.210050506339,-6.2));
#3332 = DIRECTION('',(-0.,0.707106781187,0.707106781187));
#3333 = DIRECTION('',(0.,-0.707106781187,0.707106781187));
#3334 = ADVANCED_FACE('',(#3335),#3353,.F.);
#3335 = FACE_BOUND('',#3336,.T.);
#3336 = EDGE_LOOP('',(#3337,#3345,#3351,#3352));
#3337 = ORIENTED_EDGE('',*,*,#3338,.F.);
#3338 = EDGE_CURVE('',#3339,#2183,#3341,.T.);
#3339 = VERTEX_POINT('',#3340);
#3340 = CARTESIAN_POINT('',(-70.,0.5,-4.));
#3341 = LINE('',#3342,#3343);
#3342 = CARTESIAN_POINT('',(330.,0.5,-4.));
#3343 = VECTOR('',#3344,1.);
#3344 = DIRECTION('',(1.,0.,0.));
#3345 = ORIENTED_EDGE('',*,*,#3346,.T.);
#3346 = EDGE_CURVE('',#3339,#3317,#3347,.T.);
#3347 = LINE('',#3348,#3349);
#3348 = CARTESIAN_POINT('',(-70.,-8.29E-15,-4.));
#3349 = VECTOR('',#3350,1.);
#3350 = DIRECTION('',(0.,1.,-2.07E-15));
#3351 = ORIENTED_EDGE('',*,*,#3316,.T.);
#3352 = ORIENTED_EDGE('',*,*,#2190,.F.);
#3353 = PLANE('',#3354);
#3354 = AXIS2_PLACEMENT_3D('',#3355,#3356,#3357);
#3355 = CARTESIAN_POINT('',(330.,3.010050506339,-4.));
#3356 = DIRECTION('',(-0.,2.9E-16,1.));
#3357 = DIRECTION('',(0.,-1.,2.9E-16));
#3358 = ADVANCED_FACE('',(#3359),#3384,.F.);
#3359 = FACE_BOUND('',#3360,.T.);
#3360 = EDGE_LOOP('',(#3361,#3369,#3370,#3378));
#3361 = ORIENTED_EDGE('',*,*,#3362,.F.);
#3362 = EDGE_CURVE('',#2167,#3363,#3365,.T.);
#3363 = VERTEX_POINT('',#3364);
#3364 = CARTESIAN_POINT('',(-70.,-0.5,-4.));
#3365 = LINE('',#3366,#3367);
#3366 = CARTESIAN_POINT('',(330.,-0.5,-4.));
#3367 = VECTOR('',#3368,1.);
#3368 = DIRECTION('',(-1.,-0.,-0.));
#3369 = ORIENTED_EDGE('',*,*,#2166,.F.);
#3370 = ORIENTED_EDGE('',*,*,#3371,.F.);
#3371 = EDGE_CURVE('',#3372,#2159,#3374,.T.);
#3372 = VERTEX_POINT('',#3373);
#3373 = CARTESIAN_POINT('',(-70.,-3.010050506339,-4.));
#3374 = LINE('',#3375,#3376);
#3375 = CARTESIAN_POINT('',(330.,-3.010050506339,-4.));
#3376 = VECTOR('',#3377,1.);
#3377 = DIRECTION('',(1.,0.,0.));
#3378 = ORIENTED_EDGE('',*,*,#3379,.T.);
#3379 = EDGE_CURVE('',#3372,#3363,#3380,.T.);
#3380 = LINE('',#3381,#3382);
#3381 = CARTESIAN_POINT('',(-70.,-1.38E-15,-4.));
#3382 = VECTOR('',#3383,1.);
#3383 = DIRECTION('',(0.,1.,-3.5E-16));
#3384 = PLANE('',#3385);
#3385 = AXIS2_PLACEMENT_3D('',#3386,#3387,#3388);
#3386 = CARTESIAN_POINT('',(330.,3.010050506339,-4.));
#3387 = DIRECTION('',(-0.,2.9E-16,1.));
#3388 = DIRECTION('',(0.,-1.,2.9E-16));
#3389 = ADVANCED_FACE('',(#3390),#3408,.F.);
#3390 = FACE_BOUND('',#3391,.T.);
#3391 = EDGE_LOOP('',(#3392,#3393,#3394,#3402));
#3392 = ORIENTED_EDGE('',*,*,#3371,.T.);
#3393 = ORIENTED_EDGE('',*,*,#2158,.F.);
#3394 = ORIENTED_EDGE('',*,*,#3395,.F.);
#3395 = EDGE_CURVE('',#3396,#2151,#3398,.T.);
#3396 = VERTEX_POINT('',#3397);
#3397 = CARTESIAN_POINT('',(-70.,-5.210050506339,-6.2));
#3398 = LINE('',#3399,#3400);
#3399 = CARTESIAN_POINT('',(330.,-5.210050506339,-6.2));
#3400 = VECTOR('',#3401,1.);
#3401 = DIRECTION('',(1.,0.,0.));
#3402 = ORIENTED_EDGE('',*,*,#3403,.T.);
#3403 = EDGE_CURVE('',#3396,#3372,#3404,.T.);
#3404 = LINE('',#3405,#3406);
#3405 = CARTESIAN_POINT('',(-70.,0.494974746831,-0.494974746831));
#3406 = VECTOR('',#3407,1.);
#3407 = DIRECTION('',(0.,0.707106781187,0.707106781187));
#3408 = PLANE('',#3409);
#3409 = AXIS2_PLACEMENT_3D('',#3410,#3411,#3412);
#3410 = CARTESIAN_POINT('',(330.,-5.210050506339,-6.2));
#3411 = DIRECTION('',(0.,-0.707106781187,0.707106781187));
#3412 = DIRECTION('',(0.,-0.707106781187,-0.707106781187));
#3413 = ADVANCED_FACE('',(#3414),#3432,.F.);
#3414 = FACE_BOUND('',#3415,.T.);
#3415 = EDGE_LOOP('',(#3416,#3417,#3418,#3426));
#3416 = ORIENTED_EDGE('',*,*,#3395,.T.);
#3417 = ORIENTED_EDGE('',*,*,#2150,.F.);
#3418 = ORIENTED_EDGE('',*,*,#3419,.F.);
#3419 = EDGE_CURVE('',#3420,#2143,#3422,.T.);
#3420 = VERTEX_POINT('',#3421);
#3421 = CARTESIAN_POINT('',(-70.,-5.210050506339,-8.2));
#3422 = LINE('',#3423,#3424);
#3423 = CARTESIAN_POINT('',(330.,-5.210050506339,-8.2));
#3424 = VECTOR('',#3425,1.);
#3425 = DIRECTION('',(1.,0.,0.));
#3426 = ORIENTED_EDGE('',*,*,#3427,.T.);
#3427 = EDGE_CURVE('',#3420,#3396,#3428,.T.);
#3428 = LINE('',#3429,#3430);
#3429 = CARTESIAN_POINT('',(-70.,-5.210050506339,2.26E-15));
#3430 = VECTOR('',#3431,1.);
#3431 = DIRECTION('',(0.,4.3E-16,1.));
#3432 = PLANE('',#3433);
#3433 = AXIS2_PLACEMENT_3D('',#3434,#3435,#3436);
#3434 = CARTESIAN_POINT('',(330.,-5.210050506339,-8.2));
#3435 = DIRECTION('',(0.,-1.,4.3E-16));
#3436 = DIRECTION('',(0.,-4.3E-16,-1.));
#3437 = ADVANCED_FACE('',(#3438),#3463,.F.);
#3438 = FACE_BOUND('',#3439,.T.);
#3439 = EDGE_LOOP('',(#3440,#3448,#3456,#3462));
#3440 = ORIENTED_EDGE('',*,*,#3441,.F.);
#3441 = EDGE_CURVE('',#3442,#2117,#3444,.T.);
#3442 = VERTEX_POINT('',#3443);
#3443 = CARTESIAN_POINT('',(-70.,-4.741421356237,-9.941421356237));
#3444 = LINE('',#3445,#3446);
#3445 = CARTESIAN_POINT('',(330.,-4.741421356237,-9.941421356237));
#3446 = VECTOR('',#3447,1.);
#3447 = DIRECTION('',(1.,0.,0.));
#3448 = ORIENTED_EDGE('',*,*,#3449,.T.);
#3449 = EDGE_CURVE('',#3442,#3450,#3452,.T.);
#3450 = VERTEX_POINT('',#3451);
#3451 = CARTESIAN_POINT('',(-70.,-3.341421356237,-8.541421356237));
#3452 = LINE('',#3453,#3454);
#3453 = CARTESIAN_POINT('',(-70.,2.6,-2.6));
#3454 = VECTOR('',#3455,1.);
#3455 = DIRECTION('',(0.,0.707106781187,0.707106781187));
#3456 = ORIENTED_EDGE('',*,*,#3457,.F.);
#3457 = EDGE_CURVE('',#2126,#3450,#3458,.T.);
#3458 = LINE('',#3459,#3460);
#3459 = CARTESIAN_POINT('',(330.,-3.341421356237,-8.541421356237));
#3460 = VECTOR('',#3461,1.);
#3461 = DIRECTION('',(-1.,-0.,-0.));
#3462 = ORIENTED_EDGE('',*,*,#2125,.F.);
#3463 = PLANE('',#3464);
#3464 = AXIS2_PLACEMENT_3D('',#3465,#3466,#3467);
#3465 = CARTESIAN_POINT('',(330.,-4.8,-10.));
#3466 = DIRECTION('',(0.,-0.707106781187,0.707106781187));
#3467 = DIRECTION('',(0.,-0.707106781187,-0.707106781187));
#3468 = ADVANCED_FACE('',(#3469),#3494,.F.);
#3469 = FACE_BOUND('',#3470,.T.);
#3470 = EDGE_LOOP('',(#3471,#3479,#3487,#3493));
#3471 = ORIENTED_EDGE('',*,*,#3472,.F.);
#3472 = EDGE_CURVE('',#3473,#2100,#3475,.T.);
#3473 = VERTEX_POINT('',#3474);
#3474 = CARTESIAN_POINT('',(-70.,-9.8,-10.));
#3475 = LINE('',#3476,#3477);
#3476 = CARTESIAN_POINT('',(330.,-9.8,-10.));
#3477 = VECTOR('',#3478,1.);
#3478 = DIRECTION('',(1.,0.,0.));
#3479 = ORIENTED_EDGE('',*,*,#3480,.T.);
#3480 = EDGE_CURVE('',#3473,#3481,#3483,.T.);
#3481 = VERTEX_POINT('',#3482);
#3482 = CARTESIAN_POINT('',(-70.,-4.882842712475,-10.));
#3483 = LINE('',#3484,#3485);
#3484 = CARTESIAN_POINT('',(-70.,0.,-10.));
#3485 = VECTOR('',#3486,1.);
#3486 = DIRECTION('',(0.,1.,0.));
#3487 = ORIENTED_EDGE('',*,*,#3488,.F.);
#3488 = EDGE_CURVE('',#2109,#3481,#3489,.T.);
#3489 = LINE('',#3490,#3491);
#3490 = CARTESIAN_POINT('',(330.,-4.882842712475,-10.));
#3491 = VECTOR('',#3492,1.);
#3492 = DIRECTION('',(-1.,-0.,-0.));
#3493 = ORIENTED_EDGE('',*,*,#2108,.F.);
#3494 = PLANE('',#3495);
#3495 = AXIS2_PLACEMENT_3D('',#3496,#3497,#3498);
#3496 = CARTESIAN_POINT('',(330.,10.,-10.));
#3497 = DIRECTION('',(0.,-1.7E-16,1.));
#3498 = DIRECTION('',(0.,-1.,-1.7E-16));
#3499 = ADVANCED_FACE('',(#3500),#3525,.F.);
#3500 = FACE_BOUND('',#3501,.T.);
#3501 = EDGE_LOOP('',(#3502,#3510,#3511,#3519));
#3502 = ORIENTED_EDGE('',*,*,#3503,.F.);
#3503 = EDGE_CURVE('',#2092,#3504,#3506,.T.);
#3504 = VERTEX_POINT('',#3505);
#3505 = CARTESIAN_POINT('',(-70.,-10.,-9.8));
#3506 = LINE('',#3507,#3508);
#3507 = CARTESIAN_POINT('',(330.,-10.,-9.8));
#3508 = VECTOR('',#3509,1.);
#3509 = DIRECTION('',(-1.,-0.,0.));
#3510 = ORIENTED_EDGE('',*,*,#2091,.F.);
#3511 = ORIENTED_EDGE('',*,*,#3512,.F.);
#3512 = EDGE_CURVE('',#3513,#2083,#3515,.T.);
#3513 = VERTEX_POINT('',#3514);
#3514 = CARTESIAN_POINT('',(-70.,-10.,-4.882842712475));
#3515 = LINE('',#3516,#3517);
#3516 = CARTESIAN_POINT('',(330.,-10.,-4.882842712475));
#3517 = VECTOR('',#3518,1.);
#3518 = DIRECTION('',(1.,0.,-0.));
#3519 = ORIENTED_EDGE('',*,*,#3520,.T.);
#3520 = EDGE_CURVE('',#3513,#3504,#3521,.T.);
#3521 = LINE('',#3522,#3523);
#3522 = CARTESIAN_POINT('',(-70.,-10.,0.));
#3523 = VECTOR('',#3524,1.);
#3524 = DIRECTION('',(0.,0.,-1.));
#3525 = PLANE('',#3526);
#3526 = AXIS2_PLACEMENT_3D('',#3527,#3528,#3529);
#3527 = CARTESIAN_POINT('',(330.,-10.,10.));
#3528 = DIRECTION('',(0.,1.,0.));
#3529 = DIRECTION('',(0.,-0.,1.));
#3530 = ADVANCED_FACE('',(#3531),#3549,.F.);
#3531 = FACE_BOUND('',#3532,.T.);
#3532 = EDGE_LOOP('',(#3533,#3541,#3542,#3543));
#3533 = ORIENTED_EDGE('',*,*,#3534,.F.);
#3534 = EDGE_CURVE('',#2075,#3535,#3537,.T.);
#3535 = VERTEX_POINT('',#3536);
#3536 = CARTESIAN_POINT('',(-70.,-9.941421356237,-4.741421356237));
#3537 = LINE('',#3538,#3539);
#3538 = CARTESIAN_POINT('',(330.,-9.941421356237,-4.741421356237));
#3539 = VECTOR('',#3540,1.);
#3540 = DIRECTION('',(-1.,0.,-0.));
#3541 = ORIENTED_EDGE('',*,*,#2074,.F.);
#3542 = ORIENTED_EDGE('',*,*,#505,.F.);
#3543 = ORIENTED_EDGE('',*,*,#3544,.T.);
#3544 = EDGE_CURVE('',#497,#3535,#3545,.T.);
#3545 = LINE('',#3546,#3547);
#3546 = CARTESIAN_POINT('',(-70.,-2.6,2.6));
#3547 = VECTOR('',#3548,1.);
#3548 = DIRECTION('',(0.,-0.707106781187,-0.707106781187));
#3549 = PLANE('',#3550);
#3550 = AXIS2_PLACEMENT_3D('',#3551,#3552,#3553);
#3551 = CARTESIAN_POINT('',(330.,-10.,-4.8));
#3552 = DIRECTION('',(0.,0.707106781187,-0.707106781187));
#3553 = DIRECTION('',(0.,0.707106781187,0.707106781187));
#3554 = ADVANCED_FACE('',(#3555),#3580,.F.);
#3555 = FACE_BOUND('',#3556,.T.);
#3556 = EDGE_LOOP('',(#3557,#3565,#3566,#3574));
#3557 = ORIENTED_EDGE('',*,*,#3558,.F.);
#3558 = EDGE_CURVE('',#2051,#3559,#3561,.T.);
#3559 = VERTEX_POINT('',#3560);
#3560 = CARTESIAN_POINT('',(-70.,-8.2,-5.210050506339));
#3561 = LINE('',#3562,#3563);
#3562 = CARTESIAN_POINT('',(330.,-8.2,-5.210050506339));
#3563 = VECTOR('',#3564,1.);
#3564 = DIRECTION('',(-1.,0.,-0.));
#3565 = ORIENTED_EDGE('',*,*,#2050,.F.);
#3566 = ORIENTED_EDGE('',*,*,#3567,.F.);
#3567 = EDGE_CURVE('',#3568,#2043,#3570,.T.);
#3568 = VERTEX_POINT('',#3569);
#3569 = CARTESIAN_POINT('',(-70.,-6.2,-5.210050506339));
#3570 = LINE('',#3571,#3572);
#3571 = CARTESIAN_POINT('',(330.,-6.2,-5.210050506339));
#3572 = VECTOR('',#3573,1.);
#3573 = DIRECTION('',(1.,-0.,0.));
#3574 = ORIENTED_EDGE('',*,*,#3575,.T.);
#3575 = EDGE_CURVE('',#3568,#3559,#3576,.T.);
#3576 = LINE('',#3577,#3578);
#3577 = CARTESIAN_POINT('',(-70.,-0.,-5.210050506339));
#3578 = VECTOR('',#3579,1.);
#3579 = DIRECTION('',(0.,-1.,0.));
#3580 = PLANE('',#3581);
#3581 = AXIS2_PLACEMENT_3D('',#3582,#3583,#3584);
#3582 = CARTESIAN_POINT('',(330.,-8.2,-5.210050506339));
#3583 = DIRECTION('',(0.,0.,-1.));
#3584 = DIRECTION('',(-1.,0.,-0.));
#3585 = ADVANCED_FACE('',(#3586),#3604,.F.);
#3586 = FACE_BOUND('',#3587,.T.);
#3587 = EDGE_LOOP('',(#3588,#3589,#3590,#3598));
#3588 = ORIENTED_EDGE('',*,*,#3567,.T.);
#3589 = ORIENTED_EDGE('',*,*,#2042,.F.);
#3590 = ORIENTED_EDGE('',*,*,#3591,.F.);
#3591 = EDGE_CURVE('',#3592,#2035,#3594,.T.);
#3592 = VERTEX_POINT('',#3593);
#3593 = CARTESIAN_POINT('',(-70.,-4.,-3.010050506339));
#3594 = LINE('',#3595,#3596);
#3595 = CARTESIAN_POINT('',(330.,-4.,-3.010050506339));
#3596 = VECTOR('',#3597,1.);
#3597 = DIRECTION('',(1.,-0.,0.));
#3598 = ORIENTED_EDGE('',*,*,#3599,.T.);
#3599 = EDGE_CURVE('',#3592,#3568,#3600,.T.);
#3600 = LINE('',#3601,#3602);
#3601 = CARTESIAN_POINT('',(-70.,-0.494974746831,0.494974746831));
#3602 = VECTOR('',#3603,1.);
#3603 = DIRECTION('',(0.,-0.707106781187,-0.707106781187));
#3604 = PLANE('',#3605);
#3605 = AXIS2_PLACEMENT_3D('',#3606,#3607,#3608);
#3606 = CARTESIAN_POINT('',(330.,-6.2,-5.210050506339));
#3607 = DIRECTION('',(0.,0.707106781187,-0.707106781187));
#3608 = DIRECTION('',(0.,0.707106781187,0.707106781187));
#3609 = ADVANCED_FACE('',(#3610),#3646,.F.);
#3610 = FACE_BOUND('',#3611,.T.);
#3611 = EDGE_LOOP('',(#3612,#3613,#3620,#3621,#3629,#3635,#3636,#3637,
    #3638,#3645));
#3612 = ORIENTED_EDGE('',*,*,#884,.F.);
#3613 = ORIENTED_EDGE('',*,*,#3614,.T.);
#3614 = EDGE_CURVE('',#876,#169,#3615,.T.);
#3615 = CIRCLE('',#3616,2.25);
#3616 = AXIS2_PLACEMENT_3D('',#3617,#3618,#3619);
#3617 = CARTESIAN_POINT('',(100.,-4.,-3.5E-16));
#3618 = DIRECTION('',(0.,1.,0.));
#3619 = DIRECTION('',(0.,-0.,1.));
#3620 = ORIENTED_EDGE('',*,*,#176,.T.);
#3621 = ORIENTED_EDGE('',*,*,#3622,.F.);
#3622 = EDGE_CURVE('',#3623,#96,#3625,.T.);
#3623 = VERTEX_POINT('',#3624);
#3624 = CARTESIAN_POINT('',(-70.,-4.,-0.5));
#3625 = LINE('',#3626,#3627);
#3626 = CARTESIAN_POINT('',(330.,-4.,-0.5));
#3627 = VECTOR('',#3628,1.);
#3628 = DIRECTION('',(1.,0.,-0.));
#3629 = ORIENTED_EDGE('',*,*,#3630,.T.);
#3630 = EDGE_CURVE('',#3623,#3592,#3631,.T.);
#3631 = LINE('',#3632,#3633);
#3632 = CARTESIAN_POINT('',(-70.,-4.,8.29E-15));
#3633 = VECTOR('',#3634,1.);
#3634 = DIRECTION('',(0.,-2.07E-15,-1.));
#3635 = ORIENTED_EDGE('',*,*,#3591,.T.);
#3636 = ORIENTED_EDGE('',*,*,#2034,.F.);
#3637 = ORIENTED_EDGE('',*,*,#1019,.F.);
#3638 = ORIENTED_EDGE('',*,*,#3639,.T.);
#3639 = EDGE_CURVE('',#1011,#339,#3640,.T.);
#3640 = CIRCLE('',#3641,2.25);
#3641 = AXIS2_PLACEMENT_3D('',#3642,#3643,#3644);
#3642 = CARTESIAN_POINT('',(250.,-4.,-3.5E-16));
#3643 = DIRECTION('',(0.,1.,0.));
#3644 = DIRECTION('',(0.,-0.,1.));
#3645 = ORIENTED_EDGE('',*,*,#346,.T.);
#3646 = PLANE('',#3647);
#3647 = AXIS2_PLACEMENT_3D('',#3648,#3649,#3650);
#3648 = CARTESIAN_POINT('',(330.,-4.,-3.010050506339));
#3649 = DIRECTION('',(0.,1.,0.));
#3650 = DIRECTION('',(0.,-0.,1.));
#3651 = ADVANCED_FACE('',(#3652),#3695,.F.);
#3652 = FACE_BOUND('',#3653,.T.);
#3653 = EDGE_LOOP('',(#3654,#3655,#3656,#3663,#3664,#3665,#3674,#3680,
    #3681,#3689));
#3654 = ORIENTED_EDGE('',*,*,#814,.F.);
#3655 = ORIENTED_EDGE('',*,*,#115,.T.);
#3656 = ORIENTED_EDGE('',*,*,#3657,.T.);
#3657 = EDGE_CURVE('',#116,#976,#3658,.T.);
#3658 = CIRCLE('',#3659,2.25);
#3659 = AXIS2_PLACEMENT_3D('',#3660,#3661,#3662);
#3660 = CARTESIAN_POINT('',(100.,-4.,-3.5E-16));
#3661 = DIRECTION('',(0.,1.,0.));
#3662 = DIRECTION('',(0.,-0.,1.));
#3663 = ORIENTED_EDGE('',*,*,#975,.F.);
#3664 = ORIENTED_EDGE('',*,*,#285,.T.);
#3665 = ORIENTED_EDGE('',*,*,#3666,.T.);
#3666 = EDGE_CURVE('',#286,#3667,#3669,.T.);
#3667 = VERTEX_POINT('',#3668);
#3668 = CARTESIAN_POINT('',(252.19374109684,-4.,0.5));
#3669 = CIRCLE('',#3670,2.25);
#3670 = AXIS2_PLACEMENT_3D('',#3671,#3672,#3673);
#3671 = CARTESIAN_POINT('',(250.,-4.,-3.5E-16));
#3672 = DIRECTION('',(0.,1.,0.));
#3673 = DIRECTION('',(0.,-0.,1.));
#3674 = ORIENTED_EDGE('',*,*,#3675,.F.);
#3675 = EDGE_CURVE('',#2020,#3667,#3676,.T.);
#3676 = LINE('',#3677,#3678);
#3677 = CARTESIAN_POINT('',(330.,-4.,0.5));
#3678 = VECTOR('',#3679,1.);
#3679 = DIRECTION('',(-1.,-0.,0.));
#3680 = ORIENTED_EDGE('',*,*,#2019,.F.);
#3681 = ORIENTED_EDGE('',*,*,#3682,.F.);
#3682 = EDGE_CURVE('',#3683,#2012,#3685,.T.);
#3683 = VERTEX_POINT('',#3684);
#3684 = CARTESIAN_POINT('',(-70.,-4.,3.010050506339));
#3685 = LINE('',#3686,#3687);
#3686 = CARTESIAN_POINT('',(330.,-4.,3.010050506339));
#3687 = VECTOR('',#3688,1.);
#3688 = DIRECTION('',(1.,0.,-0.));
#3689 = ORIENTED_EDGE('',*,*,#3690,.T.);
#3690 = EDGE_CURVE('',#3683,#815,#3691,.T.);
#3691 = LINE('',#3692,#3693);
#3692 = CARTESIAN_POINT('',(-70.,-4.,0.));
#3693 = VECTOR('',#3694,1.);
#3694 = DIRECTION('',(0.,0.,-1.));
#3695 = PLANE('',#3696);
#3696 = AXIS2_PLACEMENT_3D('',#3697,#3698,#3699);
#3697 = CARTESIAN_POINT('',(330.,-4.,-3.010050506339));
#3698 = DIRECTION('',(0.,1.,0.));
#3699 = DIRECTION('',(0.,-0.,1.));
#3700 = ADVANCED_FACE('',(#3701),#3719,.F.);
#3701 = FACE_BOUND('',#3702,.T.);
#3702 = EDGE_LOOP('',(#3703,#3704,#3705,#3713));
#3703 = ORIENTED_EDGE('',*,*,#3682,.T.);
#3704 = ORIENTED_EDGE('',*,*,#2011,.F.);
#3705 = ORIENTED_EDGE('',*,*,#3706,.F.);
#3706 = EDGE_CURVE('',#3707,#2004,#3709,.T.);
#3707 = VERTEX_POINT('',#3708);
#3708 = CARTESIAN_POINT('',(-70.,-6.2,5.210050506339));
#3709 = LINE('',#3710,#3711);
#3710 = CARTESIAN_POINT('',(330.,-6.2,5.210050506339));
#3711 = VECTOR('',#3712,1.);
#3712 = DIRECTION('',(1.,0.,0.));
#3713 = ORIENTED_EDGE('',*,*,#3714,.T.);
#3714 = EDGE_CURVE('',#3707,#3683,#3715,.T.);
#3715 = LINE('',#3716,#3717);
#3716 = CARTESIAN_POINT('',(-70.,-0.494974746831,-0.494974746831));
#3717 = VECTOR('',#3718,1.);
#3718 = DIRECTION('',(0.,0.707106781187,-0.707106781187));
#3719 = PLANE('',#3720);
#3720 = AXIS2_PLACEMENT_3D('',#3721,#3722,#3723);
#3721 = CARTESIAN_POINT('',(330.,-6.2,5.210050506339));
#3722 = DIRECTION('',(-0.,0.707106781187,0.707106781187));
#3723 = DIRECTION('',(0.,-0.707106781187,0.707106781187));
#3724 = ADVANCED_FACE('',(#3725),#3743,.F.);
#3725 = FACE_BOUND('',#3726,.T.);
#3726 = EDGE_LOOP('',(#3727,#3728,#3729,#3737));
#3727 = ORIENTED_EDGE('',*,*,#3706,.T.);
#3728 = ORIENTED_EDGE('',*,*,#2003,.F.);
#3729 = ORIENTED_EDGE('',*,*,#3730,.F.);
#3730 = EDGE_CURVE('',#3731,#1996,#3733,.T.);
#3731 = VERTEX_POINT('',#3732);
#3732 = CARTESIAN_POINT('',(-70.,-8.2,5.210050506339));
#3733 = LINE('',#3734,#3735);
#3734 = CARTESIAN_POINT('',(330.,-8.2,5.210050506339));
#3735 = VECTOR('',#3736,1.);
#3736 = DIRECTION('',(1.,0.,-0.));
#3737 = ORIENTED_EDGE('',*,*,#3738,.T.);
#3738 = EDGE_CURVE('',#3731,#3707,#3739,.T.);
#3739 = LINE('',#3740,#3741);
#3740 = CARTESIAN_POINT('',(-70.,-0.,5.210050506339));
#3741 = VECTOR('',#3742,1.);
#3742 = DIRECTION('',(0.,1.,0.));
#3743 = PLANE('',#3744);
#3744 = AXIS2_PLACEMENT_3D('',#3745,#3746,#3747);
#3745 = CARTESIAN_POINT('',(330.,-8.2,5.210050506339));
#3746 = DIRECTION('',(0.,0.,1.));
#3747 = DIRECTION('',(1.,0.,-0.));
#3748 = ADVANCED_FACE('',(#3749),#3767,.F.);
#3749 = FACE_BOUND('',#3750,.T.);
#3750 = EDGE_LOOP('',(#3751,#3752,#3760,#3766));
#3751 = ORIENTED_EDGE('',*,*,#2457,.F.);
#3752 = ORIENTED_EDGE('',*,*,#3753,.T.);
#3753 = EDGE_CURVE('',#2449,#3754,#3756,.T.);
#3754 = VERTEX_POINT('',#3755);
#3755 = CARTESIAN_POINT('',(-70.,-8.541421356237,3.341421356237));
#3756 = LINE('',#3757,#3758);
#3757 = CARTESIAN_POINT('',(-70.,-2.6,-2.6));
#3758 = VECTOR('',#3759,1.);
#3759 = DIRECTION('',(0.,0.707106781187,-0.707106781187));
#3760 = ORIENTED_EDGE('',*,*,#3761,.F.);
#3761 = EDGE_CURVE('',#1979,#3754,#3762,.T.);
#3762 = LINE('',#3763,#3764);
#3763 = CARTESIAN_POINT('',(330.,-8.541421356237,3.341421356237));
#3764 = VECTOR('',#3765,1.);
#3765 = DIRECTION('',(-1.,-0.,-0.));
#3766 = ORIENTED_EDGE('',*,*,#1978,.F.);
#3767 = PLANE('',#3768);
#3768 = AXIS2_PLACEMENT_3D('',#3769,#3770,#3771);
#3769 = CARTESIAN_POINT('',(330.,-10.,4.8));
#3770 = DIRECTION('',(-0.,0.707106781187,0.707106781187));
#3771 = DIRECTION('',(0.,-0.707106781187,0.707106781187));
#3772 = ADVANCED_FACE('',(#3773),#3791,.T.);
#3773 = FACE_BOUND('',#3774,.T.);
#3774 = EDGE_LOOP('',(#3775,#3776,#3784,#3790));
#3775 = ORIENTED_EDGE('',*,*,#1954,.F.);
#3776 = ORIENTED_EDGE('',*,*,#3777,.T.);
#3777 = EDGE_CURVE('',#1947,#3778,#3780,.T.);
#3778 = VERTEX_POINT('',#3779);
#3779 = CARTESIAN_POINT('',(-70.,-8.2,14.789949493661));
#3780 = LINE('',#3781,#3782);
#3781 = CARTESIAN_POINT('',(330.,-8.2,14.789949493661));
#3782 = VECTOR('',#3783,1.);
#3783 = DIRECTION('',(-1.,0.,-0.));
#3784 = ORIENTED_EDGE('',*,*,#3785,.T.);
#3785 = EDGE_CURVE('',#3778,#2425,#3786,.T.);
#3786 = LINE('',#3787,#3788);
#3787 = CARTESIAN_POINT('',(-70.,-8.2,1.931E-14));
#3788 = VECTOR('',#3789,1.);
#3789 = DIRECTION('',(0.,2.35E-15,1.));
#3790 = ORIENTED_EDGE('',*,*,#2424,.F.);
#3791 = PLANE('',#3792);
#3792 = AXIS2_PLACEMENT_3D('',#3793,#3794,#3795);
#3793 = CARTESIAN_POINT('',(330.,-8.2,17.));
#3794 = DIRECTION('',(0.,1.,-5.32E-15));
#3795 = DIRECTION('',(0.,5.32E-15,1.));
#3796 = ADVANCED_FACE('',(#3797),#3815,.T.);
#3797 = FACE_BOUND('',#3798,.T.);
#3798 = EDGE_LOOP('',(#3799,#3800,#3808,#3814));
#3799 = ORIENTED_EDGE('',*,*,#1946,.F.);
#3800 = ORIENTED_EDGE('',*,*,#3801,.T.);
#3801 = EDGE_CURVE('',#1939,#3802,#3804,.T.);
#3802 = VERTEX_POINT('',#3803);
#3803 = CARTESIAN_POINT('',(-70.,-6.2,14.789949493661));
#3804 = LINE('',#3805,#3806);
#3805 = CARTESIAN_POINT('',(330.,-6.2,14.789949493661));
#3806 = VECTOR('',#3807,1.);
#3807 = DIRECTION('',(-1.,-0.,-0.));
#3808 = ORIENTED_EDGE('',*,*,#3809,.T.);
#3809 = EDGE_CURVE('',#3802,#3778,#3810,.T.);
#3810 = LINE('',#3811,#3812);
#3811 = CARTESIAN_POINT('',(-70.,0.,14.789949493661));
#3812 = VECTOR('',#3813,1.);
#3813 = DIRECTION('',(0.,-1.,0.));
#3814 = ORIENTED_EDGE('',*,*,#3777,.F.);
#3815 = PLANE('',#3816);
#3816 = AXIS2_PLACEMENT_3D('',#3817,#3818,#3819);
#3817 = CARTESIAN_POINT('',(330.,-8.2,14.789949493661));
#3818 = DIRECTION('',(0.,-1.7E-16,1.));
#3819 = DIRECTION('',(0.,-1.,-1.7E-16));
#3820 = ADVANCED_FACE('',(#3821),#3839,.T.);
#3821 = FACE_BOUND('',#3822,.T.);
#3822 = EDGE_LOOP('',(#3823,#3824,#3832,#3838));
#3823 = ORIENTED_EDGE('',*,*,#1938,.F.);
#3824 = ORIENTED_EDGE('',*,*,#3825,.T.);
#3825 = EDGE_CURVE('',#1931,#3826,#3828,.T.);
#3826 = VERTEX_POINT('',#3827);
#3827 = CARTESIAN_POINT('',(-70.,-4.,16.989949493661));
#3828 = LINE('',#3829,#3830);
#3829 = CARTESIAN_POINT('',(330.,-4.,16.989949493661));
#3830 = VECTOR('',#3831,1.);
#3831 = DIRECTION('',(-1.,-0.,-0.));
#3832 = ORIENTED_EDGE('',*,*,#3833,.T.);
#3833 = EDGE_CURVE('',#3826,#3802,#3834,.T.);
#3834 = LINE('',#3835,#3836);
#3835 = CARTESIAN_POINT('',(-70.,-10.49497474683,10.494974746831));
#3836 = VECTOR('',#3837,1.);
#3837 = DIRECTION('',(0.,-0.707106781187,-0.707106781187));
#3838 = ORIENTED_EDGE('',*,*,#3801,.F.);
#3839 = PLANE('',#3840);
#3840 = AXIS2_PLACEMENT_3D('',#3841,#3842,#3843);
#3841 = CARTESIAN_POINT('',(330.,-6.2,14.789949493661));
#3842 = DIRECTION('',(0.,-0.707106781187,0.707106781187));
#3843 = DIRECTION('',(0.,-0.707106781187,-0.707106781187));
#3844 = ADVANCED_FACE('',(#3845),#3863,.T.);
#3845 = FACE_BOUND('',#3846,.T.);
#3846 = EDGE_LOOP('',(#3847,#3855,#3861,#3862));
#3847 = ORIENTED_EDGE('',*,*,#3848,.T.);
#3848 = EDGE_CURVE('',#1923,#3849,#3851,.T.);
#3849 = VERTEX_POINT('',#3850);
#3850 = CARTESIAN_POINT('',(-70.,-4.,19.5));
#3851 = LINE('',#3852,#3853);
#3852 = CARTESIAN_POINT('',(330.,-4.,19.5));
#3853 = VECTOR('',#3854,1.);
#3854 = DIRECTION('',(-1.,-0.,-0.));
#3855 = ORIENTED_EDGE('',*,*,#3856,.T.);
#3856 = EDGE_CURVE('',#3849,#3826,#3857,.T.);
#3857 = LINE('',#3858,#3859);
#3858 = CARTESIAN_POINT('',(-70.,-4.,8.29E-15));
#3859 = VECTOR('',#3860,1.);
#3860 = DIRECTION('',(0.,-2.07E-15,-1.));
#3861 = ORIENTED_EDGE('',*,*,#3825,.F.);
#3862 = ORIENTED_EDGE('',*,*,#1930,.F.);
#3863 = PLANE('',#3864);
#3864 = AXIS2_PLACEMENT_3D('',#3865,#3866,#3867);
#3865 = CARTESIAN_POINT('',(330.,-4.,23.010050506339));
#3866 = DIRECTION('',(0.,-1.,-1.7E-16));
#3867 = DIRECTION('',(0.,1.7E-16,-1.));
#3868 = ADVANCED_FACE('',(#3869),#3894,.T.);
#3869 = FACE_BOUND('',#3870,.T.);
#3870 = EDGE_LOOP('',(#3871,#3879,#3880,#3888));
#3871 = ORIENTED_EDGE('',*,*,#3872,.T.);
#3872 = EDGE_CURVE('',#3873,#1907,#3875,.T.);
#3873 = VERTEX_POINT('',#3874);
#3874 = CARTESIAN_POINT('',(-70.,-4.,20.5));
#3875 = LINE('',#3876,#3877);
#3876 = CARTESIAN_POINT('',(330.,-4.,20.5));
#3877 = VECTOR('',#3878,1.);
#3878 = DIRECTION('',(1.,0.,0.));
#3879 = ORIENTED_EDGE('',*,*,#1906,.F.);
#3880 = ORIENTED_EDGE('',*,*,#3881,.T.);
#3881 = EDGE_CURVE('',#1899,#3882,#3884,.T.);
#3882 = VERTEX_POINT('',#3883);
#3883 = CARTESIAN_POINT('',(-70.,-4.,23.010050506339));
#3884 = LINE('',#3885,#3886);
#3885 = CARTESIAN_POINT('',(330.,-4.,23.010050506339));
#3886 = VECTOR('',#3887,1.);
#3887 = DIRECTION('',(-1.,-0.,-0.));
#3888 = ORIENTED_EDGE('',*,*,#3889,.T.);
#3889 = EDGE_CURVE('',#3882,#3873,#3890,.T.);
#3890 = LINE('',#3891,#3892);
#3891 = CARTESIAN_POINT('',(-70.,-4.,-2.76E-15));
#3892 = VECTOR('',#3893,1.);
#3893 = DIRECTION('',(0.,6.9E-16,-1.));
#3894 = PLANE('',#3895);
#3895 = AXIS2_PLACEMENT_3D('',#3896,#3897,#3898);
#3896 = CARTESIAN_POINT('',(330.,-4.,23.010050506339));
#3897 = DIRECTION('',(0.,-1.,-1.7E-16));
#3898 = DIRECTION('',(0.,1.7E-16,-1.));
#3899 = ADVANCED_FACE('',(#3900),#3918,.T.);
#3900 = FACE_BOUND('',#3901,.T.);
#3901 = EDGE_LOOP('',(#3902,#3903,#3911,#3917));
#3902 = ORIENTED_EDGE('',*,*,#1898,.F.);
#3903 = ORIENTED_EDGE('',*,*,#3904,.T.);
#3904 = EDGE_CURVE('',#1891,#3905,#3907,.T.);
#3905 = VERTEX_POINT('',#3906);
#3906 = CARTESIAN_POINT('',(-70.,-6.2,25.210050506339));
#3907 = LINE('',#3908,#3909);
#3908 = CARTESIAN_POINT('',(330.,-6.2,25.210050506339));
#3909 = VECTOR('',#3910,1.);
#3910 = DIRECTION('',(-1.,-0.,-0.));
#3911 = ORIENTED_EDGE('',*,*,#3912,.T.);
#3912 = EDGE_CURVE('',#3905,#3882,#3913,.T.);
#3913 = LINE('',#3914,#3915);
#3914 = CARTESIAN_POINT('',(-70.,9.505025253169,9.505025253169));
#3915 = VECTOR('',#3916,1.);
#3916 = DIRECTION('',(0.,0.707106781187,-0.707106781187));
#3917 = ORIENTED_EDGE('',*,*,#3881,.F.);
#3918 = PLANE('',#3919);
#3919 = AXIS2_PLACEMENT_3D('',#3920,#3921,#3922);
#3920 = CARTESIAN_POINT('',(330.,-6.2,25.210050506339));
#3921 = DIRECTION('',(0.,-0.707106781187,-0.707106781187));
#3922 = DIRECTION('',(0.,0.707106781187,-0.707106781187));
#3923 = ADVANCED_FACE('',(#3924),#3942,.T.);
#3924 = FACE_BOUND('',#3925,.T.);
#3925 = EDGE_LOOP('',(#3926,#3927,#3935,#3941));
#3926 = ORIENTED_EDGE('',*,*,#1890,.F.);
#3927 = ORIENTED_EDGE('',*,*,#3928,.T.);
#3928 = EDGE_CURVE('',#1883,#3929,#3931,.T.);
#3929 = VERTEX_POINT('',#3930);
#3930 = CARTESIAN_POINT('',(-70.,-8.2,25.210050506339));
#3931 = LINE('',#3932,#3933);
#3932 = CARTESIAN_POINT('',(330.,-8.2,25.210050506339));
#3933 = VECTOR('',#3934,1.);
#3934 = DIRECTION('',(-1.,0.,-0.));
#3935 = ORIENTED_EDGE('',*,*,#3936,.T.);
#3936 = EDGE_CURVE('',#3929,#3905,#3937,.T.);
#3937 = LINE('',#3938,#3939);
#3938 = CARTESIAN_POINT('',(-70.,-0.,25.210050506339));
#3939 = VECTOR('',#3940,1.);
#3940 = DIRECTION('',(0.,1.,0.));
#3941 = ORIENTED_EDGE('',*,*,#3904,.F.);
#3942 = PLANE('',#3943);
#3943 = AXIS2_PLACEMENT_3D('',#3944,#3945,#3946);
#3944 = CARTESIAN_POINT('',(330.,-8.2,25.210050506339));
#3945 = DIRECTION('',(0.,1.7E-16,-1.));
#3946 = DIRECTION('',(0.,1.,1.7E-16));
#3947 = ADVANCED_FACE('',(#3948),#3966,.T.);
#3948 = FACE_BOUND('',#3949,.T.);
#3949 = EDGE_LOOP('',(#3950,#3951,#3959,#3965));
#3950 = ORIENTED_EDGE('',*,*,#1882,.F.);
#3951 = ORIENTED_EDGE('',*,*,#3952,.T.);
#3952 = EDGE_CURVE('',#1875,#3953,#3955,.T.);
#3953 = VERTEX_POINT('',#3954);
#3954 = CARTESIAN_POINT('',(-70.,-8.2,23.));
#3955 = LINE('',#3956,#3957);
#3956 = CARTESIAN_POINT('',(330.,-8.2,23.));
#3957 = VECTOR('',#3958,1.);
#3958 = DIRECTION('',(-1.,-0.,-0.));
#3959 = ORIENTED_EDGE('',*,*,#3960,.T.);
#3960 = EDGE_CURVE('',#3953,#3929,#3961,.T.);
#3961 = LINE('',#3962,#3963);
#3962 = CARTESIAN_POINT('',(-70.,-8.2,-2.575E-14));
#3963 = VECTOR('',#3964,1.);
#3964 = DIRECTION('',(0.,-3.14E-15,1.));
#3965 = ORIENTED_EDGE('',*,*,#3928,.F.);
#3966 = PLANE('',#3967);
#3967 = AXIS2_PLACEMENT_3D('',#3968,#3969,#3970);
#3968 = CARTESIAN_POINT('',(330.,-8.2,23.));
#3969 = DIRECTION('',(-0.,1.,5.67E-15));
#3970 = DIRECTION('',(0.,-5.67E-15,1.));
#3971 = ADVANCED_FACE('',(#3972),#3990,.T.);
#3972 = FACE_BOUND('',#3973,.T.);
#3973 = EDGE_LOOP('',(#3974,#3975,#3983,#3989));
#3974 = ORIENTED_EDGE('',*,*,#1874,.F.);
#3975 = ORIENTED_EDGE('',*,*,#3976,.T.);
#3976 = EDGE_CURVE('',#1867,#3977,#3979,.T.);
#3977 = VERTEX_POINT('',#3978);
#3978 = CARTESIAN_POINT('',(-70.,-10.,24.8));
#3979 = LINE('',#3980,#3981);
#3980 = CARTESIAN_POINT('',(330.,-10.,24.8));
#3981 = VECTOR('',#3982,1.);
#3982 = DIRECTION('',(-1.,-0.,-0.));
#3983 = ORIENTED_EDGE('',*,*,#3984,.T.);
#3984 = EDGE_CURVE('',#3977,#3953,#3985,.T.);
#3985 = LINE('',#3986,#3987);
#3986 = CARTESIAN_POINT('',(-70.,7.4,7.4));
#3987 = VECTOR('',#3988,1.);
#3988 = DIRECTION('',(0.,0.707106781187,-0.707106781187));
#3989 = ORIENTED_EDGE('',*,*,#3952,.F.);
#3990 = PLANE('',#3991);
#3991 = AXIS2_PLACEMENT_3D('',#3992,#3993,#3994);
#3992 = CARTESIAN_POINT('',(330.,-10.,24.8));
#3993 = DIRECTION('',(0.,-0.707106781187,-0.707106781187));
#3994 = DIRECTION('',(0.,0.707106781187,-0.707106781187));
#3995 = ADVANCED_FACE('',(#3996),#4014,.T.);
#3996 = FACE_BOUND('',#3997,.T.);
#3997 = EDGE_LOOP('',(#3998,#3999,#4007,#4013));
#3998 = ORIENTED_EDGE('',*,*,#1866,.F.);
#3999 = ORIENTED_EDGE('',*,*,#4000,.T.);
#4000 = EDGE_CURVE('',#1859,#4001,#4003,.T.);
#4001 = VERTEX_POINT('',#4002);
#4002 = CARTESIAN_POINT('',(-70.,-10.,30.));
#4003 = LINE('',#4004,#4005);
#4004 = CARTESIAN_POINT('',(330.,-10.,30.));
#4005 = VECTOR('',#4006,1.);
#4006 = DIRECTION('',(-1.,-0.,-0.));
#4007 = ORIENTED_EDGE('',*,*,#4008,.T.);
#4008 = EDGE_CURVE('',#4001,#3977,#4009,.T.);
#4009 = LINE('',#4010,#4011);
#4010 = CARTESIAN_POINT('',(-70.,-10.,3.336E-14));
#4011 = VECTOR('',#4012,1.);
#4012 = DIRECTION('',(0.,-3.34E-15,-1.));
#4013 = ORIENTED_EDGE('',*,*,#3976,.F.);
#4014 = PLANE('',#4015);
#4015 = AXIS2_PLACEMENT_3D('',#4016,#4017,#4018);
#4016 = CARTESIAN_POINT('',(330.,-10.,10.));
#4017 = DIRECTION('',(0.,-1.,-1.7E-16));
#4018 = DIRECTION('',(0.,1.7E-16,-1.));
#4019 = ADVANCED_FACE('',(#4020),#4038,.T.);
#4020 = FACE_BOUND('',#4021,.T.);
#4021 = EDGE_LOOP('',(#4022,#4030,#4036,#4037));
#4022 = ORIENTED_EDGE('',*,*,#4023,.T.);
#4023 = EDGE_CURVE('',#1851,#4024,#4026,.T.);
#4024 = VERTEX_POINT('',#4025);
#4025 = CARTESIAN_POINT('',(-70.,-4.8,30.));
#4026 = LINE('',#4027,#4028);
#4027 = CARTESIAN_POINT('',(330.,-4.8,30.));
#4028 = VECTOR('',#4029,1.);
#4029 = DIRECTION('',(-1.,-0.,-0.));
#4030 = ORIENTED_EDGE('',*,*,#4031,.T.);
#4031 = EDGE_CURVE('',#4024,#4001,#4032,.T.);
#4032 = LINE('',#4033,#4034);
#4033 = CARTESIAN_POINT('',(-70.,-2.002E-14,30.));
#4034 = VECTOR('',#4035,1.);
#4035 = DIRECTION('',(0.,-1.,-6.7E-16));
#4036 = ORIENTED_EDGE('',*,*,#4000,.F.);
#4037 = ORIENTED_EDGE('',*,*,#1858,.F.);
#4038 = PLANE('',#4039);
#4039 = AXIS2_PLACEMENT_3D('',#4040,#4041,#4042);
#4040 = CARTESIAN_POINT('',(330.,10.,30.));
#4041 = DIRECTION('',(0.,-0.,1.));
#4042 = DIRECTION('',(0.,-1.,-0.));
#4043 = ADVANCED_FACE('',(#4044),#4062,.T.);
#4044 = FACE_BOUND('',#4045,.T.);
#4045 = EDGE_LOOP('',(#4046,#4047,#4055,#4061));
#4046 = ORIENTED_EDGE('',*,*,#1850,.F.);
#4047 = ORIENTED_EDGE('',*,*,#4048,.T.);
#4048 = EDGE_CURVE('',#1843,#4049,#4051,.T.);
#4049 = VERTEX_POINT('',#4050);
#4050 = CARTESIAN_POINT('',(-70.,-3.,28.2));
#4051 = LINE('',#4052,#4053);
#4052 = CARTESIAN_POINT('',(330.,-3.,28.2));
#4053 = VECTOR('',#4054,1.);
#4054 = DIRECTION('',(-1.,-0.,-0.));
#4055 = ORIENTED_EDGE('',*,*,#4056,.T.);
#4056 = EDGE_CURVE('',#4049,#4024,#4057,.T.);
#4057 = LINE('',#4058,#4059);
#4058 = CARTESIAN_POINT('',(-70.,12.6,12.6));
#4059 = VECTOR('',#4060,1.);
#4060 = DIRECTION('',(0.,-0.707106781187,0.707106781187));
#4061 = ORIENTED_EDGE('',*,*,#4023,.F.);
#4062 = PLANE('',#4063);
#4063 = AXIS2_PLACEMENT_3D('',#4064,#4065,#4066);
#4064 = CARTESIAN_POINT('',(330.,-4.8,30.));
#4065 = DIRECTION('',(-0.,0.707106781187,0.707106781187));
#4066 = DIRECTION('',(0.,-0.707106781187,0.707106781187));
#4067 = ADVANCED_FACE('',(#4068),#4086,.T.);
#4068 = FACE_BOUND('',#4069,.T.);
#4069 = EDGE_LOOP('',(#4070,#4071,#4079,#4085));
#4070 = ORIENTED_EDGE('',*,*,#1842,.F.);
#4071 = ORIENTED_EDGE('',*,*,#4072,.T.);
#4072 = EDGE_CURVE('',#1835,#4073,#4075,.T.);
#4073 = VERTEX_POINT('',#4074);
#4074 = CARTESIAN_POINT('',(-70.,-5.210050506339,28.2));
#4075 = LINE('',#4076,#4077);
#4076 = CARTESIAN_POINT('',(330.,-5.210050506339,28.2));
#4077 = VECTOR('',#4078,1.);
#4078 = DIRECTION('',(-1.,0.,-0.));
#4079 = ORIENTED_EDGE('',*,*,#4080,.T.);
#4080 = EDGE_CURVE('',#4073,#4049,#4081,.T.);
#4081 = LINE('',#4082,#4083);
#4082 = CARTESIAN_POINT('',(-70.,-0.,28.2));
#4083 = VECTOR('',#4084,1.);
#4084 = DIRECTION('',(0.,1.,0.));
#4085 = ORIENTED_EDGE('',*,*,#4048,.F.);
#4086 = PLANE('',#4087);
#4087 = AXIS2_PLACEMENT_3D('',#4088,#4089,#4090);
#4088 = CARTESIAN_POINT('',(330.,-3.,28.2));
#4089 = DIRECTION('',(0.,1.7E-16,-1.));
#4090 = DIRECTION('',(0.,1.,1.7E-16));
#4091 = ADVANCED_FACE('',(#4092),#4110,.T.);
#4092 = FACE_BOUND('',#4093,.T.);
#4093 = EDGE_LOOP('',(#4094,#4095,#4103,#4109));
#4094 = ORIENTED_EDGE('',*,*,#1834,.F.);
#4095 = ORIENTED_EDGE('',*,*,#4096,.T.);
#4096 = EDGE_CURVE('',#1827,#4097,#4099,.T.);
#4097 = VERTEX_POINT('',#4098);
#4098 = CARTESIAN_POINT('',(-70.,-5.210050506339,26.2));
#4099 = LINE('',#4100,#4101);
#4100 = CARTESIAN_POINT('',(330.,-5.210050506339,26.2));
#4101 = VECTOR('',#4102,1.);
#4102 = DIRECTION('',(-1.,-0.,-0.));
#4103 = ORIENTED_EDGE('',*,*,#4104,.T.);
#4104 = EDGE_CURVE('',#4097,#4073,#4105,.T.);
#4105 = LINE('',#4106,#4107);
#4106 = CARTESIAN_POINT('',(-70.,-5.210050506339,-2.26E-15));
#4107 = VECTOR('',#4108,1.);
#4108 = DIRECTION('',(0.,-4.3E-16,1.));
#4109 = ORIENTED_EDGE('',*,*,#4072,.F.);
#4110 = PLANE('',#4111);
#4111 = AXIS2_PLACEMENT_3D('',#4112,#4113,#4114);
#4112 = CARTESIAN_POINT('',(330.,-5.210050506339,28.2));
#4113 = DIRECTION('',(-0.,1.,6.1E-16));
#4114 = DIRECTION('',(0.,-6.1E-16,1.));
#4115 = ADVANCED_FACE('',(#4116),#4134,.T.);
#4116 = FACE_BOUND('',#4117,.T.);
#4117 = EDGE_LOOP('',(#4118,#4119,#4127,#4133));
#4118 = ORIENTED_EDGE('',*,*,#1826,.F.);
#4119 = ORIENTED_EDGE('',*,*,#4120,.T.);
#4120 = EDGE_CURVE('',#1819,#4121,#4123,.T.);
#4121 = VERTEX_POINT('',#4122);
#4122 = CARTESIAN_POINT('',(-70.,-3.010050506339,24.));
#4123 = LINE('',#4124,#4125);
#4124 = CARTESIAN_POINT('',(330.,-3.010050506339,24.));
#4125 = VECTOR('',#4126,1.);
#4126 = DIRECTION('',(-1.,-0.,-0.));
#4127 = ORIENTED_EDGE('',*,*,#4128,.T.);
#4128 = EDGE_CURVE('',#4121,#4097,#4129,.T.);
#4129 = LINE('',#4130,#4131);
#4130 = CARTESIAN_POINT('',(-70.,10.494974746831,10.494974746831));
#4131 = VECTOR('',#4132,1.);
#4132 = DIRECTION('',(0.,-0.707106781187,0.707106781187));
#4133 = ORIENTED_EDGE('',*,*,#4096,.F.);
#4134 = PLANE('',#4135);
#4135 = AXIS2_PLACEMENT_3D('',#4136,#4137,#4138);
#4136 = CARTESIAN_POINT('',(330.,-5.210050506339,26.2));
#4137 = DIRECTION('',(-0.,0.707106781187,0.707106781187));
#4138 = DIRECTION('',(0.,-0.707106781187,0.707106781187));
#4139 = ADVANCED_FACE('',(#4140),#4158,.T.);
#4140 = FACE_BOUND('',#4141,.T.);
#4141 = EDGE_LOOP('',(#4142,#4143,#4151,#4157));
#4142 = ORIENTED_EDGE('',*,*,#1818,.F.);
#4143 = ORIENTED_EDGE('',*,*,#4144,.T.);
#4144 = EDGE_CURVE('',#1811,#4145,#4147,.T.);
#4145 = VERTEX_POINT('',#4146);
#4146 = CARTESIAN_POINT('',(-70.,-0.5,24.));
#4147 = LINE('',#4148,#4149);
#4148 = CARTESIAN_POINT('',(330.,-0.5,24.));
#4149 = VECTOR('',#4150,1.);
#4150 = DIRECTION('',(-1.,-0.,-0.));
#4151 = ORIENTED_EDGE('',*,*,#4152,.T.);
#4152 = EDGE_CURVE('',#4145,#4121,#4153,.T.);
#4153 = LINE('',#4154,#4155);
#4154 = CARTESIAN_POINT('',(-70.,3.317E-14,24.));
#4155 = VECTOR('',#4156,1.);
#4156 = DIRECTION('',(0.,-1.,1.38E-15));
#4157 = ORIENTED_EDGE('',*,*,#4120,.F.);
#4158 = PLANE('',#4159);
#4159 = AXIS2_PLACEMENT_3D('',#4160,#4161,#4162);
#4160 = CARTESIAN_POINT('',(330.,3.010050506339,24.));
#4161 = DIRECTION('',(0.,-4.6E-16,1.));
#4162 = DIRECTION('',(0.,-1.,-4.6E-16));
#4163 = ADVANCED_FACE('',(#4164),#4196,.F.);
#4164 = FACE_BOUND('',#4165,.T.);
#4165 = EDGE_LOOP('',(#4166,#4174,#4175,#4181,#4182,#4190));
#4166 = ORIENTED_EDGE('',*,*,#4167,.F.);
#4167 = EDGE_CURVE('',#1577,#4168,#4170,.T.);
#4168 = VERTEX_POINT('',#4169);
#4169 = CARTESIAN_POINT('',(-70.,8.2,6.2));
#4170 = LINE('',#4171,#4172);
#4171 = CARTESIAN_POINT('',(330.,8.2,6.2));
#4172 = VECTOR('',#4173,1.);
#4173 = DIRECTION('',(-1.,-0.,0.));
#4174 = ORIENTED_EDGE('',*,*,#1576,.F.);
#4175 = ORIENTED_EDGE('',*,*,#4176,.F.);
#4176 = EDGE_CURVE('',#1385,#1569,#4177,.T.);
#4177 = LINE('',#4178,#4179);
#4178 = CARTESIAN_POINT('',(330.,8.2,13.8));
#4179 = VECTOR('',#4180,1.);
#4180 = DIRECTION('',(1.,0.,-0.));
#4181 = ORIENTED_EDGE('',*,*,#1384,.F.);
#4182 = ORIENTED_EDGE('',*,*,#4183,.F.);
#4183 = EDGE_CURVE('',#4184,#1377,#4186,.T.);
#4184 = VERTEX_POINT('',#4185);
#4185 = CARTESIAN_POINT('',(-70.,8.2,13.882842712475));
#4186 = LINE('',#4187,#4188);
#4187 = CARTESIAN_POINT('',(-70.,8.2,13.882842712475));
#4188 = VECTOR('',#4189,1.);
#4189 = DIRECTION('',(1.,0.,0.));
#4190 = ORIENTED_EDGE('',*,*,#4191,.T.);
#4191 = EDGE_CURVE('',#4184,#4168,#4192,.T.);
#4192 = LINE('',#4193,#4194);
#4193 = CARTESIAN_POINT('',(-70.,8.2,0.));
#4194 = VECTOR('',#4195,1.);
#4195 = DIRECTION('',(0.,0.,-1.));
#4196 = PLANE('',#4197);
#4197 = AXIS2_PLACEMENT_3D('',#4198,#4199,#4200);
#4198 = CARTESIAN_POINT('',(330.,8.2,6.2));
#4199 = DIRECTION('',(0.,1.,0.));
#4200 = DIRECTION('',(0.,-0.,1.));
#4201 = ADVANCED_FACE('',(#4202),#4213,.F.);
#4202 = FACE_BOUND('',#4203,.T.);
#4203 = EDGE_LOOP('',(#4204,#4205,#4206,#4207));
#4204 = ORIENTED_EDGE('',*,*,#1392,.T.);
#4205 = ORIENTED_EDGE('',*,*,#4176,.T.);
#4206 = ORIENTED_EDGE('',*,*,#1568,.F.);
#4207 = ORIENTED_EDGE('',*,*,#4208,.F.);
#4208 = EDGE_CURVE('',#1393,#1561,#4209,.T.);
#4209 = LINE('',#4210,#4211);
#4210 = CARTESIAN_POINT('',(330.,5.210050506339,13.8));
#4211 = VECTOR('',#4212,1.);
#4212 = DIRECTION('',(1.,0.,0.));
#4213 = PLANE('',#4214);
#4214 = AXIS2_PLACEMENT_3D('',#4215,#4216,#4217);
#4215 = CARTESIAN_POINT('',(330.,8.2,13.8));
#4216 = DIRECTION('',(-0.,1.1E-16,1.));
#4217 = DIRECTION('',(0.,-1.,1.1E-16));
#4218 = ADVANCED_FACE('',(#4219),#4230,.T.);
#4219 = FACE_BOUND('',#4220,.T.);
#4220 = EDGE_LOOP('',(#4221,#4222,#4228,#4229));
#4221 = ORIENTED_EDGE('',*,*,#1560,.F.);
#4222 = ORIENTED_EDGE('',*,*,#4223,.T.);
#4223 = EDGE_CURVE('',#1553,#1401,#4224,.T.);
#4224 = LINE('',#4225,#4226);
#4225 = CARTESIAN_POINT('',(330.,3.010050506339,16.));
#4226 = VECTOR('',#4227,1.);
#4227 = DIRECTION('',(-1.,-0.,-0.));
#4228 = ORIENTED_EDGE('',*,*,#1400,.T.);
#4229 = ORIENTED_EDGE('',*,*,#4208,.T.);
#4230 = PLANE('',#4231);
#4231 = AXIS2_PLACEMENT_3D('',#4232,#4233,#4234);
#4232 = CARTESIAN_POINT('',(330.,5.210050506339,13.8));
#4233 = DIRECTION('',(0.,-0.707106781187,-0.707106781187));
#4234 = DIRECTION('',(0.,0.707106781187,-0.707106781187));
#4235 = ADVANCED_FACE('',(#4236),#4261,.T.);
#4236 = FACE_BOUND('',#4237,.T.);
#4237 = EDGE_LOOP('',(#4238,#4239,#4245,#4246,#4252,#4253,#4254,#4255));
#4238 = ORIENTED_EDGE('',*,*,#1252,.T.);
#4239 = ORIENTED_EDGE('',*,*,#4240,.T.);
#4240 = EDGE_CURVE('',#1253,#1184,#4241,.T.);
#4241 = LINE('',#4242,#4243);
#4242 = CARTESIAN_POINT('',(330.,0.5,16.));
#4243 = VECTOR('',#4244,1.);
#4244 = DIRECTION('',(-1.,0.,-0.));
#4245 = ORIENTED_EDGE('',*,*,#1192,.T.);
#4246 = ORIENTED_EDGE('',*,*,#4247,.T.);
#4247 = EDGE_CURVE('',#1193,#1409,#4248,.T.);
#4248 = LINE('',#4249,#4250);
#4249 = CARTESIAN_POINT('',(330.,0.5,16.));
#4250 = VECTOR('',#4251,1.);
#4251 = DIRECTION('',(-1.,0.,-0.));
#4252 = ORIENTED_EDGE('',*,*,#1408,.T.);
#4253 = ORIENTED_EDGE('',*,*,#4223,.F.);
#4254 = ORIENTED_EDGE('',*,*,#1552,.F.);
#4255 = ORIENTED_EDGE('',*,*,#4256,.T.);
#4256 = EDGE_CURVE('',#1545,#1244,#4257,.T.);
#4257 = LINE('',#4258,#4259);
#4258 = CARTESIAN_POINT('',(330.,0.5,16.));
#4259 = VECTOR('',#4260,1.);
#4260 = DIRECTION('',(-1.,0.,-0.));
#4261 = PLANE('',#4262);
#4262 = AXIS2_PLACEMENT_3D('',#4263,#4264,#4265);
#4263 = CARTESIAN_POINT('',(330.,-3.010050506339,16.));
#4264 = DIRECTION('',(0.,1.7E-16,-1.));
#4265 = DIRECTION('',(0.,1.,1.7E-16));
#4266 = ADVANCED_FACE('',(#4267),#4297,.T.);
#4267 = FACE_BOUND('',#4268,.T.);
#4268 = EDGE_LOOP('',(#4269,#4270,#4276,#4277,#4283,#4284,#4290,#4291));
#4269 = ORIENTED_EDGE('',*,*,#1432,.T.);
#4270 = ORIENTED_EDGE('',*,*,#4271,.T.);
#4271 = EDGE_CURVE('',#1425,#598,#4272,.T.);
#4272 = LINE('',#4273,#4274);
#4273 = CARTESIAN_POINT('',(330.,-0.5,16.));
#4274 = VECTOR('',#4275,1.);
#4275 = DIRECTION('',(1.,-0.,0.));
#4276 = ORIENTED_EDGE('',*,*,#597,.T.);
#4277 = ORIENTED_EDGE('',*,*,#4278,.T.);
#4278 = EDGE_CURVE('',#600,#520,#4279,.T.);
#4279 = LINE('',#4280,#4281);
#4280 = CARTESIAN_POINT('',(330.,-0.5,16.));
#4281 = VECTOR('',#4282,1.);
#4282 = DIRECTION('',(1.,-0.,0.));
#4283 = ORIENTED_EDGE('',*,*,#519,.T.);
#4284 = ORIENTED_EDGE('',*,*,#4285,.T.);
#4285 = EDGE_CURVE('',#522,#1529,#4286,.T.);
#4286 = LINE('',#4287,#4288);
#4287 = CARTESIAN_POINT('',(330.,-0.5,16.));
#4288 = VECTOR('',#4289,1.);
#4289 = DIRECTION('',(1.,-0.,0.));
#4290 = ORIENTED_EDGE('',*,*,#1528,.F.);
#4291 = ORIENTED_EDGE('',*,*,#4292,.T.);
#4292 = EDGE_CURVE('',#1521,#1433,#4293,.T.);
#4293 = LINE('',#4294,#4295);
#4294 = CARTESIAN_POINT('',(330.,-3.010050506339,16.));
#4295 = VECTOR('',#4296,1.);
#4296 = DIRECTION('',(-1.,0.,-0.));
#4297 = PLANE('',#4298);
#4298 = AXIS2_PLACEMENT_3D('',#4299,#4300,#4301);
#4299 = CARTESIAN_POINT('',(330.,-3.010050506339,16.));
#4300 = DIRECTION('',(0.,1.7E-16,-1.));
#4301 = DIRECTION('',(0.,1.,1.7E-16));
#4302 = ADVANCED_FACE('',(#4303),#4314,.T.);
#4303 = FACE_BOUND('',#4304,.T.);
#4304 = EDGE_LOOP('',(#4305,#4306,#4312,#4313));
#4305 = ORIENTED_EDGE('',*,*,#1520,.F.);
#4306 = ORIENTED_EDGE('',*,*,#4307,.T.);
#4307 = EDGE_CURVE('',#1513,#1441,#4308,.T.);
#4308 = LINE('',#4309,#4310);
#4309 = CARTESIAN_POINT('',(330.,-5.210050506339,13.8));
#4310 = VECTOR('',#4311,1.);
#4311 = DIRECTION('',(-1.,0.,-0.));
#4312 = ORIENTED_EDGE('',*,*,#1440,.T.);
#4313 = ORIENTED_EDGE('',*,*,#4292,.F.);
#4314 = PLANE('',#4315);
#4315 = AXIS2_PLACEMENT_3D('',#4316,#4317,#4318);
#4316 = CARTESIAN_POINT('',(330.,-5.210050506339,13.8));
#4317 = DIRECTION('',(0.,0.707106781187,-0.707106781187));
#4318 = DIRECTION('',(0.,0.707106781187,0.707106781187));
#4319 = ADVANCED_FACE('',(#4320),#4331,.F.);
#4320 = FACE_BOUND('',#4321,.T.);
#4321 = EDGE_LOOP('',(#4322,#4323,#4329,#4330));
#4322 = ORIENTED_EDGE('',*,*,#1512,.F.);
#4323 = ORIENTED_EDGE('',*,*,#4324,.F.);
#4324 = EDGE_CURVE('',#1313,#1505,#4325,.T.);
#4325 = LINE('',#4326,#4327);
#4326 = CARTESIAN_POINT('',(330.,-8.2,13.8));
#4327 = VECTOR('',#4328,1.);
#4328 = DIRECTION('',(1.,0.,0.));
#4329 = ORIENTED_EDGE('',*,*,#1448,.T.);
#4330 = ORIENTED_EDGE('',*,*,#4307,.F.);
#4331 = PLANE('',#4332);
#4332 = AXIS2_PLACEMENT_3D('',#4333,#4334,#4335);
#4333 = CARTESIAN_POINT('',(330.,8.2,13.8));
#4334 = DIRECTION('',(-0.,1.1E-16,1.));
#4335 = DIRECTION('',(0.,-1.,1.1E-16));
#4336 = ADVANCED_FACE('',(#4337),#4364,.F.);
#4337 = FACE_BOUND('',#4338,.T.);
#4338 = EDGE_LOOP('',(#4339,#4340,#4341,#4349,#4357,#4363));
#4339 = ORIENTED_EDGE('',*,*,#4324,.T.);
#4340 = ORIENTED_EDGE('',*,*,#1502,.F.);
#4341 = ORIENTED_EDGE('',*,*,#4342,.F.);
#4342 = EDGE_CURVE('',#4343,#1503,#4345,.T.);
#4343 = VERTEX_POINT('',#4344);
#4344 = CARTESIAN_POINT('',(-70.,-8.2,6.2));
#4345 = LINE('',#4346,#4347);
#4346 = CARTESIAN_POINT('',(330.,-8.2,6.2));
#4347 = VECTOR('',#4348,1.);
#4348 = DIRECTION('',(1.,0.,0.));
#4349 = ORIENTED_EDGE('',*,*,#4350,.F.);
#4350 = EDGE_CURVE('',#4351,#4343,#4353,.T.);
#4351 = VERTEX_POINT('',#4352);
#4352 = CARTESIAN_POINT('',(-70.,-8.2,13.882842712475));
#4353 = LINE('',#4354,#4355);
#4354 = CARTESIAN_POINT('',(-70.,-8.2,0.));
#4355 = VECTOR('',#4356,1.);
#4356 = DIRECTION('',(0.,0.,-1.));
#4357 = ORIENTED_EDGE('',*,*,#4358,.T.);
#4358 = EDGE_CURVE('',#4351,#1311,#4359,.T.);
#4359 = LINE('',#4360,#4361);
#4360 = CARTESIAN_POINT('',(-70.,-8.2,13.882842712475));
#4361 = VECTOR('',#4362,1.);
#4362 = DIRECTION('',(1.,0.,0.));
#4363 = ORIENTED_EDGE('',*,*,#1310,.T.);
#4364 = PLANE('',#4365);
#4365 = AXIS2_PLACEMENT_3D('',#4366,#4367,#4368);
#4366 = CARTESIAN_POINT('',(330.,-8.2,6.2));
#4367 = DIRECTION('',(0.,-1.,0.));
#4368 = DIRECTION('',(0.,-0.,-1.));
#4369 = ADVANCED_FACE('',(#4370),#4388,.F.);
#4370 = FACE_BOUND('',#4371,.T.);
#4371 = EDGE_LOOP('',(#4372,#4373,#4374,#4382));
#4372 = ORIENTED_EDGE('',*,*,#4342,.T.);
#4373 = ORIENTED_EDGE('',*,*,#1640,.F.);
#4374 = ORIENTED_EDGE('',*,*,#4375,.F.);
#4375 = EDGE_CURVE('',#4376,#1633,#4378,.T.);
#4376 = VERTEX_POINT('',#4377);
#4377 = CARTESIAN_POINT('',(-70.,-5.210050506339,6.2));
#4378 = LINE('',#4379,#4380);
#4379 = CARTESIAN_POINT('',(330.,-5.210050506339,6.2));
#4380 = VECTOR('',#4381,1.);
#4381 = DIRECTION('',(1.,0.,0.));
#4382 = ORIENTED_EDGE('',*,*,#4383,.F.);
#4383 = EDGE_CURVE('',#4343,#4376,#4384,.T.);
#4384 = LINE('',#4385,#4386);
#4385 = CARTESIAN_POINT('',(-70.,-0.,6.2));
#4386 = VECTOR('',#4387,1.);
#4387 = DIRECTION('',(0.,1.,0.));
#4388 = PLANE('',#4389);
#4389 = AXIS2_PLACEMENT_3D('',#4390,#4391,#4392);
#4390 = CARTESIAN_POINT('',(330.,8.2,6.2));
#4391 = DIRECTION('',(0.,-1.1E-16,-1.));
#4392 = DIRECTION('',(0.,1.,-1.1E-16));
#4393 = ADVANCED_FACE('',(#4394),#4412,.F.);
#4394 = FACE_BOUND('',#4395,.T.);
#4395 = EDGE_LOOP('',(#4396,#4397,#4398,#4406));
#4396 = ORIENTED_EDGE('',*,*,#4375,.T.);
#4397 = ORIENTED_EDGE('',*,*,#1632,.F.);
#4398 = ORIENTED_EDGE('',*,*,#4399,.F.);
#4399 = EDGE_CURVE('',#4400,#1625,#4402,.T.);
#4400 = VERTEX_POINT('',#4401);
#4401 = CARTESIAN_POINT('',(-70.,-3.010050506339,4.));
#4402 = LINE('',#4403,#4404);
#4403 = CARTESIAN_POINT('',(330.,-3.010050506339,4.));
#4404 = VECTOR('',#4405,1.);
#4405 = DIRECTION('',(1.,0.,0.));
#4406 = ORIENTED_EDGE('',*,*,#4407,.F.);
#4407 = EDGE_CURVE('',#4376,#4400,#4408,.T.);
#4408 = LINE('',#4409,#4410);
#4409 = CARTESIAN_POINT('',(-70.,0.494974746831,0.494974746831));
#4410 = VECTOR('',#4411,1.);
#4411 = DIRECTION('',(0.,0.707106781187,-0.707106781187));
#4412 = PLANE('',#4413);
#4413 = AXIS2_PLACEMENT_3D('',#4414,#4415,#4416);
#4414 = CARTESIAN_POINT('',(330.,-5.210050506339,6.2));
#4415 = DIRECTION('',(0.,-0.707106781187,-0.707106781187));
#4416 = DIRECTION('',(0.,0.707106781187,-0.707106781187));
#4417 = ADVANCED_FACE('',(#4418),#4436,.F.);
#4418 = FACE_BOUND('',#4419,.T.);
#4419 = EDGE_LOOP('',(#4420,#4428,#4434,#4435));
#4420 = ORIENTED_EDGE('',*,*,#4421,.F.);
#4421 = EDGE_CURVE('',#4422,#1617,#4424,.T.);
#4422 = VERTEX_POINT('',#4423);
#4423 = CARTESIAN_POINT('',(-70.,-0.5,4.));
#4424 = LINE('',#4425,#4426);
#4425 = CARTESIAN_POINT('',(330.,-0.5,4.));
#4426 = VECTOR('',#4427,1.);
#4427 = DIRECTION('',(1.,-0.,0.));
#4428 = ORIENTED_EDGE('',*,*,#4429,.F.);
#4429 = EDGE_CURVE('',#4400,#4422,#4430,.T.);
#4430 = LINE('',#4431,#4432);
#4431 = CARTESIAN_POINT('',(-70.,-0.,4.));
#4432 = VECTOR('',#4433,1.);
#4433 = DIRECTION('',(0.,1.,0.));
#4434 = ORIENTED_EDGE('',*,*,#4399,.T.);
#4435 = ORIENTED_EDGE('',*,*,#1624,.F.);
#4436 = PLANE('',#4437);
#4437 = AXIS2_PLACEMENT_3D('',#4438,#4439,#4440);
#4438 = CARTESIAN_POINT('',(330.,-3.010050506339,4.));
#4439 = DIRECTION('',(0.,0.,-1.));
#4440 = DIRECTION('',(-1.,0.,-0.));
#4441 = ADVANCED_FACE('',(#4442),#4467,.F.);
#4442 = FACE_BOUND('',#4443,.T.);
#4443 = EDGE_LOOP('',(#4444,#4452,#4453,#4461));
#4444 = ORIENTED_EDGE('',*,*,#4445,.F.);
#4445 = EDGE_CURVE('',#1601,#4446,#4448,.T.);
#4446 = VERTEX_POINT('',#4447);
#4447 = CARTESIAN_POINT('',(-70.,0.5,4.));
#4448 = LINE('',#4449,#4450);
#4449 = CARTESIAN_POINT('',(330.,0.5,4.));
#4450 = VECTOR('',#4451,1.);
#4451 = DIRECTION('',(-1.,0.,-0.));
#4452 = ORIENTED_EDGE('',*,*,#1600,.F.);
#4453 = ORIENTED_EDGE('',*,*,#4454,.F.);
#4454 = EDGE_CURVE('',#4455,#1593,#4457,.T.);
#4455 = VERTEX_POINT('',#4456);
#4456 = CARTESIAN_POINT('',(-70.,3.010050506339,4.));
#4457 = LINE('',#4458,#4459);
#4458 = CARTESIAN_POINT('',(330.,3.010050506339,4.));
#4459 = VECTOR('',#4460,1.);
#4460 = DIRECTION('',(1.,-0.,0.));
#4461 = ORIENTED_EDGE('',*,*,#4462,.T.);
#4462 = EDGE_CURVE('',#4455,#4446,#4463,.T.);
#4463 = LINE('',#4464,#4465);
#4464 = CARTESIAN_POINT('',(-70.,0.,4.));
#4465 = VECTOR('',#4466,1.);
#4466 = DIRECTION('',(0.,-1.,0.));
#4467 = PLANE('',#4468);
#4468 = AXIS2_PLACEMENT_3D('',#4469,#4470,#4471);
#4469 = CARTESIAN_POINT('',(330.,-3.010050506339,4.));
#4470 = DIRECTION('',(0.,0.,-1.));
#4471 = DIRECTION('',(-1.,0.,-0.));
#4472 = ADVANCED_FACE('',(#4473),#4491,.F.);
#4473 = FACE_BOUND('',#4474,.T.);
#4474 = EDGE_LOOP('',(#4475,#4476,#4477,#4485));
#4475 = ORIENTED_EDGE('',*,*,#4454,.T.);
#4476 = ORIENTED_EDGE('',*,*,#1592,.F.);
#4477 = ORIENTED_EDGE('',*,*,#4478,.F.);
#4478 = EDGE_CURVE('',#4479,#1585,#4481,.T.);
#4479 = VERTEX_POINT('',#4480);
#4480 = CARTESIAN_POINT('',(-70.,5.210050506339,6.2));
#4481 = LINE('',#4482,#4483);
#4482 = CARTESIAN_POINT('',(330.,5.210050506339,6.2));
#4483 = VECTOR('',#4484,1.);
#4484 = DIRECTION('',(1.,-0.,0.));
#4485 = ORIENTED_EDGE('',*,*,#4486,.T.);
#4486 = EDGE_CURVE('',#4479,#4455,#4487,.T.);
#4487 = LINE('',#4488,#4489);
#4488 = CARTESIAN_POINT('',(-70.,-0.494974746831,0.494974746831));
#4489 = VECTOR('',#4490,1.);
#4490 = DIRECTION('',(0.,-0.707106781187,-0.707106781187));
#4491 = PLANE('',#4492);
#4492 = AXIS2_PLACEMENT_3D('',#4493,#4494,#4495);
#4493 = CARTESIAN_POINT('',(330.,5.210050506339,6.2));
#4494 = DIRECTION('',(0.,0.707106781187,-0.707106781187));
#4495 = DIRECTION('',(0.,0.707106781187,0.707106781187));
#4496 = ADVANCED_FACE('',(#4497),#4508,.F.);
#4497 = FACE_BOUND('',#4498,.T.);
#4498 = EDGE_LOOP('',(#4499,#4500,#4506,#4507));
#4499 = ORIENTED_EDGE('',*,*,#4167,.T.);
#4500 = ORIENTED_EDGE('',*,*,#4501,.T.);
#4501 = EDGE_CURVE('',#4168,#4479,#4502,.T.);
#4502 = LINE('',#4503,#4504);
#4503 = CARTESIAN_POINT('',(-70.,0.,6.2));
#4504 = VECTOR('',#4505,1.);
#4505 = DIRECTION('',(0.,-1.,0.));
#4506 = ORIENTED_EDGE('',*,*,#4478,.T.);
#4507 = ORIENTED_EDGE('',*,*,#1584,.F.);
#4508 = PLANE('',#4509);
#4509 = AXIS2_PLACEMENT_3D('',#4510,#4511,#4512);
#4510 = CARTESIAN_POINT('',(330.,8.2,6.2));
#4511 = DIRECTION('',(0.,-1.1E-16,-1.));
#4512 = DIRECTION('',(0.,1.,-1.1E-16));
#4513 = ADVANCED_FACE('',(#4514),#4532,.T.);
#4514 = FACE_BOUND('',#4515,.T.);
#4515 = EDGE_LOOP('',(#4516,#4517,#4525,#4531));
#4516 = ORIENTED_EDGE('',*,*,#2488,.F.);
#4517 = ORIENTED_EDGE('',*,*,#4518,.T.);
#4518 = EDGE_CURVE('',#2481,#4519,#4521,.T.);
#4519 = VERTEX_POINT('',#4520);
#4520 = CARTESIAN_POINT('',(-70.,3.5E-14,23.5));
#4521 = LINE('',#4522,#4523);
#4522 = CARTESIAN_POINT('',(-70.,-11.75,11.75));
#4523 = VECTOR('',#4524,1.);
#4524 = DIRECTION('',(0.,-0.707106781187,-0.707106781187));
#4525 = ORIENTED_EDGE('',*,*,#4526,.T.);
#4526 = EDGE_CURVE('',#4519,#1803,#4527,.T.);
#4527 = LINE('',#4528,#4529);
#4528 = CARTESIAN_POINT('',(330.,3.342E-14,23.5));
#4529 = VECTOR('',#4530,1.);
#4530 = DIRECTION('',(1.,0.,0.));
#4531 = ORIENTED_EDGE('',*,*,#1802,.T.);
#4532 = PLANE('',#4533);
#4533 = AXIS2_PLACEMENT_3D('',#4534,#4535,#4536);
#4534 = CARTESIAN_POINT('',(330.,3.342E-14,23.5));
#4535 = DIRECTION('',(0.,-0.707106781187,0.707106781187));
#4536 = DIRECTION('',(0.,-0.707106781187,-0.707106781187));
#4537 = ADVANCED_FACE('',(#4538),#4556,.T.);
#4538 = FACE_BOUND('',#4539,.T.);
#4539 = EDGE_LOOP('',(#4540,#4541,#4542,#4550));
#4540 = ORIENTED_EDGE('',*,*,#2743,.F.);
#4541 = ORIENTED_EDGE('',*,*,#1698,.T.);
#4542 = ORIENTED_EDGE('',*,*,#4543,.T.);
#4543 = EDGE_CURVE('',#1691,#4544,#4546,.T.);
#4544 = VERTEX_POINT('',#4545);
#4545 = CARTESIAN_POINT('',(-70.,3.5,20.));
#4546 = LINE('',#4547,#4548);
#4547 = CARTESIAN_POINT('',(330.,3.5,20.));
#4548 = VECTOR('',#4549,1.);
#4549 = DIRECTION('',(-1.,0.,-0.));
#4550 = ORIENTED_EDGE('',*,*,#4551,.T.);
#4551 = EDGE_CURVE('',#4544,#2744,#4552,.T.);
#4552 = LINE('',#4553,#4554);
#4553 = CARTESIAN_POINT('',(-70.,-8.25,8.25));
#4554 = VECTOR('',#4555,1.);
#4555 = DIRECTION('',(0.,0.707106781187,0.707106781187));
#4556 = PLANE('',#4557);
#4557 = AXIS2_PLACEMENT_3D('',#4558,#4559,#4560);
#4558 = CARTESIAN_POINT('',(330.,4.,20.5));
#4559 = DIRECTION('',(0.,0.707106781187,-0.707106781187));
#4560 = DIRECTION('',(0.,0.707106781187,0.707106781187));
#4561 = ADVANCED_FACE('',(#4562),#4573,.T.);
#4562 = FACE_BOUND('',#4563,.T.);
#4563 = EDGE_LOOP('',(#4564,#4565,#4571,#4572));
#4564 = ORIENTED_EDGE('',*,*,#2767,.F.);
#4565 = ORIENTED_EDGE('',*,*,#4566,.T.);
#4566 = EDGE_CURVE('',#2768,#4544,#4567,.T.);
#4567 = LINE('',#4568,#4569);
#4568 = CARTESIAN_POINT('',(-70.,11.75,11.75));
#4569 = VECTOR('',#4570,1.);
#4570 = DIRECTION('',(0.,-0.707106781187,0.707106781187));
#4571 = ORIENTED_EDGE('',*,*,#4543,.F.);
#4572 = ORIENTED_EDGE('',*,*,#1690,.T.);
#4573 = PLANE('',#4574);
#4574 = AXIS2_PLACEMENT_3D('',#4575,#4576,#4577);
#4575 = CARTESIAN_POINT('',(330.,3.5,20.));
#4576 = DIRECTION('',(-0.,0.707106781187,0.707106781187));
#4577 = DIRECTION('',(0.,-0.707106781187,0.707106781187));
#4578 = ADVANCED_FACE('',(#4579),#4591,.T.);
#4579 = FACE_BOUND('',#4580,.T.);
#4580 = EDGE_LOOP('',(#4581,#4582,#4589,#4590));
#4581 = ORIENTED_EDGE('',*,*,#2950,.T.);
#4582 = ORIENTED_EDGE('',*,*,#4583,.T.);
#4583 = EDGE_CURVE('',#2943,#2913,#4584,.T.);
#4584 = CIRCLE('',#4585,0.2);
#4585 = AXIS2_PLACEMENT_3D('',#4586,#4587,#4588);
#4586 = CARTESIAN_POINT('',(-70.,9.8,4.882842712475));
#4587 = DIRECTION('',(1.,-0.,0.));
#4588 = DIRECTION('',(0.,0.,-1.));
#4589 = ORIENTED_EDGE('',*,*,#2912,.T.);
#4590 = ORIENTED_EDGE('',*,*,#2386,.T.);
#4591 = CYLINDRICAL_SURFACE('',#4592,0.2);
#4592 = AXIS2_PLACEMENT_3D('',#4593,#4594,#4595);
#4593 = CARTESIAN_POINT('',(330.,9.8,4.882842712475));
#4594 = DIRECTION('',(-1.,0.,0.));
#4595 = DIRECTION('',(0.,0.,1.));
#4596 = ADVANCED_FACE('',(#4597),#4616,.T.);
#4597 = FACE_BOUND('',#4598,.T.);
#4598 = EDGE_LOOP('',(#4599,#4607,#4614,#4615));
#4599 = ORIENTED_EDGE('',*,*,#4600,.T.);
#4600 = EDGE_CURVE('',#2362,#4601,#4603,.T.);
#4601 = VERTEX_POINT('',#4602);
#4602 = CARTESIAN_POINT('',(-70.,8.2,3.482842712475));
#4603 = LINE('',#4604,#4605);
#4604 = CARTESIAN_POINT('',(330.,8.2,3.482842712475));
#4605 = VECTOR('',#4606,1.);
#4606 = DIRECTION('',(-1.,0.,0.));
#4607 = ORIENTED_EDGE('',*,*,#4608,.T.);
#4608 = EDGE_CURVE('',#4601,#2935,#4609,.T.);
#4609 = CIRCLE('',#4610,0.2);
#4610 = AXIS2_PLACEMENT_3D('',#4611,#4612,#4613);
#4611 = CARTESIAN_POINT('',(-70.,8.4,3.482842712475));
#4612 = DIRECTION('',(1.,-0.,0.));
#4613 = DIRECTION('',(0.,0.,-1.));
#4614 = ORIENTED_EDGE('',*,*,#2934,.T.);
#4615 = ORIENTED_EDGE('',*,*,#2369,.T.);
#4616 = CYLINDRICAL_SURFACE('',#4617,0.2);
#4617 = AXIS2_PLACEMENT_3D('',#4618,#4619,#4620);
#4618 = CARTESIAN_POINT('',(330.,8.4,3.482842712475));
#4619 = DIRECTION('',(-1.,0.,0.));
#4620 = DIRECTION('',(0.,0.,1.));
#4621 = ADVANCED_FACE('',(#4622),#4633,.F.);
#4622 = FACE_BOUND('',#4623,.T.);
#4623 = EDGE_LOOP('',(#4624,#4625,#4626,#4627));
#4624 = ORIENTED_EDGE('',*,*,#4600,.F.);
#4625 = ORIENTED_EDGE('',*,*,#2361,.F.);
#4626 = ORIENTED_EDGE('',*,*,#2965,.T.);
#4627 = ORIENTED_EDGE('',*,*,#4628,.T.);
#4628 = EDGE_CURVE('',#2966,#4601,#4629,.T.);
#4629 = LINE('',#4630,#4631);
#4630 = CARTESIAN_POINT('',(-70.,8.2,0.));
#4631 = VECTOR('',#4632,1.);
#4632 = DIRECTION('',(0.,0.,-1.));
#4633 = PLANE('',#4634);
#4634 = AXIS2_PLACEMENT_3D('',#4635,#4636,#4637);
#4635 = CARTESIAN_POINT('',(330.,8.2,3.));
#4636 = DIRECTION('',(0.,1.,-7.8E-16));
#4637 = DIRECTION('',(0.,7.8E-16,1.));
#4638 = ADVANCED_FACE('',(#4639),#4651,.F.);
#4639 = FACE_BOUND('',#4640,.T.);
#4640 = EDGE_LOOP('',(#4641,#4642,#4649,#4650));
#4641 = ORIENTED_EDGE('',*,*,#1060,.F.);
#4642 = ORIENTED_EDGE('',*,*,#4643,.T.);
#4643 = EDGE_CURVE('',#1052,#3039,#4644,.T.);
#4644 = ( BOUNDED_CURVE() B_SPLINE_CURVE(3,(#4645,#4646,#4647,#4648),
.UNSPECIFIED.,.F.,.F.) B_SPLINE_CURVE_WITH_KNOTS((4,4),(4.712388980385,
4.936482072686),.PIECEWISE_BEZIER_KNOTS.) CURVE() 
GEOMETRIC_REPRESENTATION_ITEM() RATIONAL_B_SPLINE_CURVE((1.,
0.995819566824,0.995819566824,1.)) REPRESENTATION_ITEM('') );
#4645 = CARTESIAN_POINT('',(252.25,3.5,-4.6E-16));
#4646 = CARTESIAN_POINT('',(252.25,3.668422448614,0.168422448614));
#4647 = CARTESIAN_POINT('',(252.23116830765,3.835788779041,
    0.335788779041));
#4648 = CARTESIAN_POINT('',(252.19374109684,4.,0.5));
#4649 = ORIENTED_EDGE('',*,*,#3038,.T.);
#4650 = ORIENTED_EDGE('',*,*,#2329,.F.);
#4651 = PLANE('',#4652);
#4652 = AXIS2_PLACEMENT_3D('',#4653,#4654,#4655);
#4653 = CARTESIAN_POINT('',(330.,3.5,-4.6E-16));
#4654 = DIRECTION('',(0.,-0.707106781187,0.707106781187));
#4655 = DIRECTION('',(0.,-0.707106781187,-0.707106781187));
#4656 = ADVANCED_FACE('',(#4657),#4668,.F.);
#4657 = FACE_BOUND('',#4658,.T.);
#4658 = EDGE_LOOP('',(#4659,#4660,#4661,#4662));
#4659 = ORIENTED_EDGE('',*,*,#845,.T.);
#4660 = ORIENTED_EDGE('',*,*,#150,.T.);
#4661 = ORIENTED_EDGE('',*,*,#3062,.T.);
#4662 = ORIENTED_EDGE('',*,*,#4663,.T.);
#4663 = EDGE_CURVE('',#3063,#846,#4664,.T.);
#4664 = LINE('',#4665,#4666);
#4665 = CARTESIAN_POINT('',(-70.,1.75,1.75));
#4666 = VECTOR('',#4667,1.);
#4667 = DIRECTION('',(0.,-0.707106781187,0.707106781187));
#4668 = PLANE('',#4669);
#4669 = AXIS2_PLACEMENT_3D('',#4670,#4671,#4672);
#4670 = CARTESIAN_POINT('',(330.,4.,-0.5));
#4671 = DIRECTION('',(0.,-0.707106781187,-0.707106781187));
#4672 = DIRECTION('',(0.,0.707106781187,-0.707106781187));
#4673 = ADVANCED_FACE('',(#4674),#4685,.F.);
#4674 = FACE_BOUND('',#4675,.T.);
#4675 = EDGE_LOOP('',(#4676,#4677,#4683,#4684));
#4676 = ORIENTED_EDGE('',*,*,#463,.F.);
#4677 = ORIENTED_EDGE('',*,*,#4678,.T.);
#4678 = EDGE_CURVE('',#455,#3138,#4679,.T.);
#4679 = LINE('',#4680,#4681);
#4680 = CARTESIAN_POINT('',(-70.,8.2,8.24E-15));
#4681 = VECTOR('',#4682,1.);
#4682 = DIRECTION('',(0.,1.E-15,-1.));
#4683 = ORIENTED_EDGE('',*,*,#3137,.T.);
#4684 = ORIENTED_EDGE('',*,*,#2298,.F.);
#4685 = PLANE('',#4686);
#4686 = AXIS2_PLACEMENT_3D('',#4687,#4688,#4689);
#4687 = CARTESIAN_POINT('',(330.,8.2,-3.));
#4688 = DIRECTION('',(-0.,1.,7.8E-16));
#4689 = DIRECTION('',(0.,-7.8E-16,1.));
#4690 = ADVANCED_FACE('',(#4691),#4703,.T.);
#4691 = FACE_BOUND('',#4692,.T.);
#4692 = EDGE_LOOP('',(#4693,#4694,#4701,#4702));
#4693 = ORIENTED_EDGE('',*,*,#3206,.T.);
#4694 = ORIENTED_EDGE('',*,*,#4695,.T.);
#4695 = EDGE_CURVE('',#3199,#3160,#4696,.T.);
#4696 = CIRCLE('',#4697,0.2);
#4697 = AXIS2_PLACEMENT_3D('',#4698,#4699,#4700);
#4698 = CARTESIAN_POINT('',(-70.,9.8,-4.882842712475));
#4699 = DIRECTION('',(1.,-0.,0.));
#4700 = DIRECTION('',(0.,0.,-1.));
#4701 = ORIENTED_EDGE('',*,*,#3159,.T.);
#4702 = ORIENTED_EDGE('',*,*,#2273,.T.);
#4703 = CYLINDRICAL_SURFACE('',#4704,0.2);
#4704 = AXIS2_PLACEMENT_3D('',#4705,#4706,#4707);
#4705 = CARTESIAN_POINT('',(330.,9.8,-4.882842712475));
#4706 = DIRECTION('',(-1.,0.,0.));
#4707 = DIRECTION('',(0.,0.,1.));
#4708 = ADVANCED_FACE('',(#4709),#4721,.T.);
#4709 = FACE_BOUND('',#4710,.T.);
#4710 = EDGE_LOOP('',(#4711,#4712,#4713,#4714));
#4711 = ORIENTED_EDGE('',*,*,#446,.F.);
#4712 = ORIENTED_EDGE('',*,*,#2290,.T.);
#4713 = ORIENTED_EDGE('',*,*,#3175,.T.);
#4714 = ORIENTED_EDGE('',*,*,#4715,.T.);
#4715 = EDGE_CURVE('',#3168,#447,#4716,.T.);
#4716 = CIRCLE('',#4717,0.2);
#4717 = AXIS2_PLACEMENT_3D('',#4718,#4719,#4720);
#4718 = CARTESIAN_POINT('',(-70.,8.4,-3.482842712475));
#4719 = DIRECTION('',(1.,-0.,0.));
#4720 = DIRECTION('',(0.,0.,-1.));
#4721 = CYLINDRICAL_SURFACE('',#4722,0.2);
#4722 = AXIS2_PLACEMENT_3D('',#4723,#4724,#4725);
#4723 = CARTESIAN_POINT('',(330.,8.4,-3.482842712475));
#4724 = DIRECTION('',(-1.,0.,0.));
#4725 = DIRECTION('',(0.,0.,1.));
#4726 = ADVANCED_FACE('',(#4727),#4739,.T.);
#4727 = FACE_BOUND('',#4728,.T.);
#4728 = EDGE_LOOP('',(#4729,#4730,#4737,#4738));
#4729 = ORIENTED_EDGE('',*,*,#3237,.T.);
#4730 = ORIENTED_EDGE('',*,*,#4731,.T.);
#4731 = EDGE_CURVE('',#3230,#3191,#4732,.T.);
#4732 = CIRCLE('',#4733,0.2);
#4733 = AXIS2_PLACEMENT_3D('',#4734,#4735,#4736);
#4734 = CARTESIAN_POINT('',(-70.,9.8,-9.8));
#4735 = DIRECTION('',(1.,-0.,0.));
#4736 = DIRECTION('',(0.,0.,-1.));
#4737 = ORIENTED_EDGE('',*,*,#3190,.T.);
#4738 = ORIENTED_EDGE('',*,*,#2256,.T.);
#4739 = CYLINDRICAL_SURFACE('',#4740,0.2);
#4740 = AXIS2_PLACEMENT_3D('',#4741,#4742,#4743);
#4741 = CARTESIAN_POINT('',(330.,9.8,-9.8));
#4742 = DIRECTION('',(-1.,0.,0.));
#4743 = DIRECTION('',(0.,0.,1.));
#4744 = ADVANCED_FACE('',(#4745),#4757,.T.);
#4745 = FACE_BOUND('',#4746,.T.);
#4746 = EDGE_LOOP('',(#4747,#4748,#4755,#4756));
#4747 = ORIENTED_EDGE('',*,*,#3268,.T.);
#4748 = ORIENTED_EDGE('',*,*,#4749,.T.);
#4749 = EDGE_CURVE('',#3261,#3222,#4750,.T.);
#4750 = CIRCLE('',#4751,0.2);
#4751 = AXIS2_PLACEMENT_3D('',#4752,#4753,#4754);
#4752 = CARTESIAN_POINT('',(-70.,4.882842712475,-9.8));
#4753 = DIRECTION('',(1.,-0.,0.));
#4754 = DIRECTION('',(0.,0.,-1.));
#4755 = ORIENTED_EDGE('',*,*,#3221,.T.);
#4756 = ORIENTED_EDGE('',*,*,#2239,.T.);
#4757 = CYLINDRICAL_SURFACE('',#4758,0.2);
#4758 = AXIS2_PLACEMENT_3D('',#4759,#4760,#4761);
#4759 = CARTESIAN_POINT('',(330.,4.882842712475,-9.8));
#4760 = DIRECTION('',(-1.,0.,0.));
#4761 = DIRECTION('',(0.,0.,1.));
#4762 = ADVANCED_FACE('',(#4763),#4782,.T.);
#4763 = FACE_BOUND('',#4764,.T.);
#4764 = EDGE_LOOP('',(#4765,#4773,#4780,#4781));
#4765 = ORIENTED_EDGE('',*,*,#4766,.T.);
#4766 = EDGE_CURVE('',#2215,#4767,#4769,.T.);
#4767 = VERTEX_POINT('',#4768);
#4768 = CARTESIAN_POINT('',(-70.,3.482842712475,-8.2));
#4769 = LINE('',#4770,#4771);
#4770 = CARTESIAN_POINT('',(330.,3.482842712475,-8.2));
#4771 = VECTOR('',#4772,1.);
#4772 = DIRECTION('',(-1.,0.,0.));
#4773 = ORIENTED_EDGE('',*,*,#4774,.T.);
#4774 = EDGE_CURVE('',#4767,#3253,#4775,.T.);
#4775 = CIRCLE('',#4776,0.2);
#4776 = AXIS2_PLACEMENT_3D('',#4777,#4778,#4779);
#4777 = CARTESIAN_POINT('',(-70.,3.482842712475,-8.4));
#4778 = DIRECTION('',(1.,-0.,0.));
#4779 = DIRECTION('',(0.,0.,-1.));
#4780 = ORIENTED_EDGE('',*,*,#3252,.T.);
#4781 = ORIENTED_EDGE('',*,*,#2222,.T.);
#4782 = CYLINDRICAL_SURFACE('',#4783,0.2);
#4783 = AXIS2_PLACEMENT_3D('',#4784,#4785,#4786);
#4784 = CARTESIAN_POINT('',(330.,3.482842712475,-8.4));
#4785 = DIRECTION('',(-1.,0.,0.));
#4786 = DIRECTION('',(0.,0.,1.));
#4787 = ADVANCED_FACE('',(#4788),#4799,.F.);
#4788 = FACE_BOUND('',#4789,.T.);
#4789 = EDGE_LOOP('',(#4790,#4791,#4792,#4793));
#4790 = ORIENTED_EDGE('',*,*,#4766,.F.);
#4791 = ORIENTED_EDGE('',*,*,#2214,.F.);
#4792 = ORIENTED_EDGE('',*,*,#3283,.T.);
#4793 = ORIENTED_EDGE('',*,*,#4794,.T.);
#4794 = EDGE_CURVE('',#3284,#4767,#4795,.T.);
#4795 = LINE('',#4796,#4797);
#4796 = CARTESIAN_POINT('',(-70.,-0.,-8.2));
#4797 = VECTOR('',#4798,1.);
#4798 = DIRECTION('',(0.,-1.,0.));
#4799 = PLANE('',#4800);
#4800 = AXIS2_PLACEMENT_3D('',#4801,#4802,#4803);
#4801 = CARTESIAN_POINT('',(330.,3.,-8.2));
#4802 = DIRECTION('',(0.,-1.57E-15,-1.));
#4803 = DIRECTION('',(0.,1.,-1.57E-15));
#4804 = ADVANCED_FACE('',(#4805),#4823,.F.);
#4805 = FACE_BOUND('',#4806,.T.);
#4806 = EDGE_LOOP('',(#4807,#4808,#4809,#4817));
#4807 = ORIENTED_EDGE('',*,*,#3338,.T.);
#4808 = ORIENTED_EDGE('',*,*,#2182,.F.);
#4809 = ORIENTED_EDGE('',*,*,#4810,.F.);
#4810 = EDGE_CURVE('',#4811,#2175,#4813,.T.);
#4811 = VERTEX_POINT('',#4812);
#4812 = CARTESIAN_POINT('',(-70.,3.6E-14,-3.5));
#4813 = LINE('',#4814,#4815);
#4814 = CARTESIAN_POINT('',(330.,3.577E-14,-3.5));
#4815 = VECTOR('',#4816,1.);
#4816 = DIRECTION('',(1.,0.,0.));
#4817 = ORIENTED_EDGE('',*,*,#4818,.T.);
#4818 = EDGE_CURVE('',#4811,#3339,#4819,.T.);
#4819 = LINE('',#4820,#4821);
#4820 = CARTESIAN_POINT('',(-70.,-1.75,-1.75));
#4821 = VECTOR('',#4822,1.);
#4822 = DIRECTION('',(0.,0.707106781187,-0.707106781187));
#4823 = PLANE('',#4824);
#4824 = AXIS2_PLACEMENT_3D('',#4825,#4826,#4827);
#4825 = CARTESIAN_POINT('',(330.,3.577E-14,-3.5));
#4826 = DIRECTION('',(-0.,0.707106781187,0.707106781187));
#4827 = DIRECTION('',(0.,-0.707106781187,0.707106781187));
#4828 = ADVANCED_FACE('',(#4829),#4840,.F.);
#4829 = FACE_BOUND('',#4830,.T.);
#4830 = EDGE_LOOP('',(#4831,#4832,#4833,#4834));
#4831 = ORIENTED_EDGE('',*,*,#4810,.T.);
#4832 = ORIENTED_EDGE('',*,*,#2174,.F.);
#4833 = ORIENTED_EDGE('',*,*,#3362,.T.);
#4834 = ORIENTED_EDGE('',*,*,#4835,.T.);
#4835 = EDGE_CURVE('',#3363,#4811,#4836,.T.);
#4836 = LINE('',#4837,#4838);
#4837 = CARTESIAN_POINT('',(-70.,1.75,-1.75));
#4838 = VECTOR('',#4839,1.);
#4839 = DIRECTION('',(0.,0.707106781187,0.707106781187));
#4840 = PLANE('',#4841);
#4841 = AXIS2_PLACEMENT_3D('',#4842,#4843,#4844);
#4842 = CARTESIAN_POINT('',(330.,-0.5,-4.));
#4843 = DIRECTION('',(0.,-0.707106781187,0.707106781187));
#4844 = DIRECTION('',(0.,-0.707106781187,-0.707106781187));
#4845 = ADVANCED_FACE('',(#4846),#4864,.F.);
#4846 = FACE_BOUND('',#4847,.T.);
#4847 = EDGE_LOOP('',(#4848,#4856,#4862,#4863));
#4848 = ORIENTED_EDGE('',*,*,#4849,.F.);
#4849 = EDGE_CURVE('',#4850,#2134,#4852,.T.);
#4850 = VERTEX_POINT('',#4851);
#4851 = CARTESIAN_POINT('',(-70.,-3.482842712475,-8.2));
#4852 = LINE('',#4853,#4854);
#4853 = CARTESIAN_POINT('',(330.,-3.482842712475,-8.2));
#4854 = VECTOR('',#4855,1.);
#4855 = DIRECTION('',(1.,-0.,0.));
#4856 = ORIENTED_EDGE('',*,*,#4857,.T.);
#4857 = EDGE_CURVE('',#4850,#3420,#4858,.T.);
#4858 = LINE('',#4859,#4860);
#4859 = CARTESIAN_POINT('',(-70.,-0.,-8.2));
#4860 = VECTOR('',#4861,1.);
#4861 = DIRECTION('',(0.,-1.,0.));
#4862 = ORIENTED_EDGE('',*,*,#3419,.T.);
#4863 = ORIENTED_EDGE('',*,*,#2142,.F.);
#4864 = PLANE('',#4865);
#4865 = AXIS2_PLACEMENT_3D('',#4866,#4867,#4868);
#4866 = CARTESIAN_POINT('',(330.,-3.,-8.2));
#4867 = DIRECTION('',(0.,0.,-1.));
#4868 = DIRECTION('',(-1.,0.,-0.));
#4869 = ADVANCED_FACE('',(#4870),#4882,.T.);
#4870 = FACE_BOUND('',#4871,.T.);
#4871 = EDGE_LOOP('',(#4872,#4873,#4880,#4881));
#4872 = ORIENTED_EDGE('',*,*,#3488,.T.);
#4873 = ORIENTED_EDGE('',*,*,#4874,.T.);
#4874 = EDGE_CURVE('',#3481,#3442,#4875,.T.);
#4875 = CIRCLE('',#4876,0.2);
#4876 = AXIS2_PLACEMENT_3D('',#4877,#4878,#4879);
#4877 = CARTESIAN_POINT('',(-70.,-4.882842712475,-9.8));
#4878 = DIRECTION('',(1.,-0.,0.));
#4879 = DIRECTION('',(0.,0.,-1.));
#4880 = ORIENTED_EDGE('',*,*,#3441,.T.);
#4881 = ORIENTED_EDGE('',*,*,#2116,.T.);
#4882 = CYLINDRICAL_SURFACE('',#4883,0.2);
#4883 = AXIS2_PLACEMENT_3D('',#4884,#4885,#4886);
#4884 = CARTESIAN_POINT('',(330.,-4.882842712475,-9.8));
#4885 = DIRECTION('',(-1.,0.,0.));
#4886 = DIRECTION('',(0.,0.,1.));
#4887 = ADVANCED_FACE('',(#4888),#4900,.T.);
#4888 = FACE_BOUND('',#4889,.T.);
#4889 = EDGE_LOOP('',(#4890,#4891,#4898,#4899));
#4890 = ORIENTED_EDGE('',*,*,#3457,.T.);
#4891 = ORIENTED_EDGE('',*,*,#4892,.T.);
#4892 = EDGE_CURVE('',#3450,#4850,#4893,.T.);
#4893 = CIRCLE('',#4894,0.2);
#4894 = AXIS2_PLACEMENT_3D('',#4895,#4896,#4897);
#4895 = CARTESIAN_POINT('',(-70.,-3.482842712475,-8.4));
#4896 = DIRECTION('',(1.,-0.,0.));
#4897 = DIRECTION('',(0.,0.,-1.));
#4898 = ORIENTED_EDGE('',*,*,#4849,.T.);
#4899 = ORIENTED_EDGE('',*,*,#2133,.T.);
#4900 = CYLINDRICAL_SURFACE('',#4901,0.2);
#4901 = AXIS2_PLACEMENT_3D('',#4902,#4903,#4904);
#4902 = CARTESIAN_POINT('',(330.,-3.482842712475,-8.4));
#4903 = DIRECTION('',(-1.,0.,0.));
#4904 = DIRECTION('',(0.,0.,1.));
#4905 = ADVANCED_FACE('',(#4906),#4918,.T.);
#4906 = FACE_BOUND('',#4907,.T.);
#4907 = EDGE_LOOP('',(#4908,#4909,#4916,#4917));
#4908 = ORIENTED_EDGE('',*,*,#3503,.T.);
#4909 = ORIENTED_EDGE('',*,*,#4910,.T.);
#4910 = EDGE_CURVE('',#3504,#3473,#4911,.T.);
#4911 = CIRCLE('',#4912,0.2);
#4912 = AXIS2_PLACEMENT_3D('',#4913,#4914,#4915);
#4913 = CARTESIAN_POINT('',(-70.,-9.8,-9.8));
#4914 = DIRECTION('',(1.,-0.,0.));
#4915 = DIRECTION('',(0.,0.,-1.));
#4916 = ORIENTED_EDGE('',*,*,#3472,.T.);
#4917 = ORIENTED_EDGE('',*,*,#2099,.T.);
#4918 = CYLINDRICAL_SURFACE('',#4919,0.2);
#4919 = AXIS2_PLACEMENT_3D('',#4920,#4921,#4922);
#4920 = CARTESIAN_POINT('',(330.,-9.8,-9.8));
#4921 = DIRECTION('',(-1.,0.,0.));
#4922 = DIRECTION('',(0.,0.,1.));
#4923 = ADVANCED_FACE('',(#4924),#4936,.T.);
#4924 = FACE_BOUND('',#4925,.T.);
#4925 = EDGE_LOOP('',(#4926,#4927,#4934,#4935));
#4926 = ORIENTED_EDGE('',*,*,#3534,.T.);
#4927 = ORIENTED_EDGE('',*,*,#4928,.T.);
#4928 = EDGE_CURVE('',#3535,#3513,#4929,.T.);
#4929 = CIRCLE('',#4930,0.2);
#4930 = AXIS2_PLACEMENT_3D('',#4931,#4932,#4933);
#4931 = CARTESIAN_POINT('',(-70.,-9.8,-4.882842712475));
#4932 = DIRECTION('',(1.,-0.,0.));
#4933 = DIRECTION('',(0.,0.,-1.));
#4934 = ORIENTED_EDGE('',*,*,#3512,.T.);
#4935 = ORIENTED_EDGE('',*,*,#2082,.T.);
#4936 = CYLINDRICAL_SURFACE('',#4937,0.2);
#4937 = AXIS2_PLACEMENT_3D('',#4938,#4939,#4940);
#4938 = CARTESIAN_POINT('',(330.,-9.8,-4.882842712475));
#4939 = DIRECTION('',(-1.,0.,0.));
#4940 = DIRECTION('',(0.,0.,1.));
#4941 = ADVANCED_FACE('',(#4942),#4961,.T.);
#4942 = FACE_BOUND('',#4943,.T.);
#4943 = EDGE_LOOP('',(#4944,#4945,#4946,#4954));
#4944 = ORIENTED_EDGE('',*,*,#488,.F.);
#4945 = ORIENTED_EDGE('',*,*,#2066,.T.);
#4946 = ORIENTED_EDGE('',*,*,#4947,.T.);
#4947 = EDGE_CURVE('',#2059,#4948,#4950,.T.);
#4948 = VERTEX_POINT('',#4949);
#4949 = CARTESIAN_POINT('',(-70.,-8.2,-3.482842712475));
#4950 = LINE('',#4951,#4952);
#4951 = CARTESIAN_POINT('',(330.,-8.2,-3.482842712475));
#4952 = VECTOR('',#4953,1.);
#4953 = DIRECTION('',(-1.,-0.,-0.));
#4954 = ORIENTED_EDGE('',*,*,#4955,.T.);
#4955 = EDGE_CURVE('',#4948,#489,#4956,.T.);
#4956 = CIRCLE('',#4957,0.2);
#4957 = AXIS2_PLACEMENT_3D('',#4958,#4959,#4960);
#4958 = CARTESIAN_POINT('',(-70.,-8.4,-3.482842712475));
#4959 = DIRECTION('',(1.,-0.,0.));
#4960 = DIRECTION('',(0.,0.,-1.));
#4961 = CYLINDRICAL_SURFACE('',#4962,0.2);
#4962 = AXIS2_PLACEMENT_3D('',#4963,#4964,#4965);
#4963 = CARTESIAN_POINT('',(330.,-8.4,-3.482842712475));
#4964 = DIRECTION('',(-1.,0.,0.));
#4965 = DIRECTION('',(0.,0.,1.));
#4966 = ADVANCED_FACE('',(#4967),#4978,.F.);
#4967 = FACE_BOUND('',#4968,.T.);
#4968 = EDGE_LOOP('',(#4969,#4970,#4971,#4972));
#4969 = ORIENTED_EDGE('',*,*,#4947,.F.);
#4970 = ORIENTED_EDGE('',*,*,#2058,.F.);
#4971 = ORIENTED_EDGE('',*,*,#3558,.T.);
#4972 = ORIENTED_EDGE('',*,*,#4973,.T.);
#4973 = EDGE_CURVE('',#3559,#4948,#4974,.T.);
#4974 = LINE('',#4975,#4976);
#4975 = CARTESIAN_POINT('',(-70.,-8.2,1.647E-14));
#4976 = VECTOR('',#4977,1.);
#4977 = DIRECTION('',(0.,2.01E-15,1.));
#4978 = PLANE('',#4979);
#4979 = AXIS2_PLACEMENT_3D('',#4980,#4981,#4982);
#4980 = CARTESIAN_POINT('',(330.,-8.2,-3.));
#4981 = DIRECTION('',(0.,-1.,5.49E-15));
#4982 = DIRECTION('',(0.,-5.49E-15,-1.));
#4983 = ADVANCED_FACE('',(#4984),#4995,.F.);
#4984 = FACE_BOUND('',#4985,.T.);
#4985 = EDGE_LOOP('',(#4986,#4987,#4988,#4989));
#4986 = ORIENTED_EDGE('',*,*,#3622,.T.);
#4987 = ORIENTED_EDGE('',*,*,#95,.T.);
#4988 = ORIENTED_EDGE('',*,*,#805,.F.);
#4989 = ORIENTED_EDGE('',*,*,#4990,.T.);
#4990 = EDGE_CURVE('',#806,#3623,#4991,.T.);
#4991 = LINE('',#4992,#4993);
#4992 = CARTESIAN_POINT('',(-70.,-1.75,1.75));
#4993 = VECTOR('',#4994,1.);
#4994 = DIRECTION('',(0.,-0.707106781187,-0.707106781187));
#4995 = PLANE('',#4996);
#4996 = AXIS2_PLACEMENT_3D('',#4997,#4998,#4999);
#4997 = CARTESIAN_POINT('',(330.,-3.5,-2.398E-14));
#4998 = DIRECTION('',(0.,0.707106781187,-0.707106781187));
#4999 = DIRECTION('',(0.,0.707106781187,0.707106781187));
#5000 = ADVANCED_FACE('',(#5001),#5013,.F.);
#5001 = FACE_BOUND('',#5002,.T.);
#5002 = EDGE_LOOP('',(#5003,#5004,#5011,#5012));
#5003 = ORIENTED_EDGE('',*,*,#3675,.T.);
#5004 = ORIENTED_EDGE('',*,*,#5005,.T.);
#5005 = EDGE_CURVE('',#3667,#1001,#5006,.T.);
#5006 = ( BOUNDED_CURVE() B_SPLINE_CURVE(3,(#5007,#5008,#5009,#5010),
.UNSPECIFIED.,.F.,.F.) B_SPLINE_CURVE_WITH_KNOTS((4,4),(4.488295888083,
4.712388980385),.PIECEWISE_BEZIER_KNOTS.) CURVE() 
GEOMETRIC_REPRESENTATION_ITEM() RATIONAL_B_SPLINE_CURVE((1.,
0.995819566824,0.995819566824,1.)) REPRESENTATION_ITEM('') );
#5007 = CARTESIAN_POINT('',(252.19374109684,-4.,0.5));
#5008 = CARTESIAN_POINT('',(252.23116830765,-3.835788779041,
    0.335788779041));
#5009 = CARTESIAN_POINT('',(252.25,-3.668422448614,0.168422448614));
#5010 = CARTESIAN_POINT('',(252.25,-3.5,-2.398E-14));
#5011 = ORIENTED_EDGE('',*,*,#1000,.T.);
#5012 = ORIENTED_EDGE('',*,*,#2027,.F.);
#5013 = PLANE('',#5014);
#5014 = AXIS2_PLACEMENT_3D('',#5015,#5016,#5017);
#5015 = CARTESIAN_POINT('',(330.,-4.,0.5));
#5016 = DIRECTION('',(-0.,0.707106781187,0.707106781187));
#5017 = DIRECTION('',(0.,-0.707106781187,0.707106781187));
#5018 = ADVANCED_FACE('',(#5019),#5037,.F.);
#5019 = FACE_BOUND('',#5020,.T.);
#5020 = EDGE_LOOP('',(#5021,#5029,#5035,#5036));
#5021 = ORIENTED_EDGE('',*,*,#5022,.F.);
#5022 = EDGE_CURVE('',#5023,#1987,#5025,.T.);
#5023 = VERTEX_POINT('',#5024);
#5024 = CARTESIAN_POINT('',(-70.,-8.2,3.482842712475));
#5025 = LINE('',#5026,#5027);
#5026 = CARTESIAN_POINT('',(330.,-8.2,3.482842712475));
#5027 = VECTOR('',#5028,1.);
#5028 = DIRECTION('',(1.,0.,0.));
#5029 = ORIENTED_EDGE('',*,*,#5030,.T.);
#5030 = EDGE_CURVE('',#5023,#3731,#5031,.T.);
#5031 = LINE('',#5032,#5033);
#5032 = CARTESIAN_POINT('',(-70.,-8.2,-2.471E-14));
#5033 = VECTOR('',#5034,1.);
#5034 = DIRECTION('',(0.,-3.01E-15,1.));
#5035 = ORIENTED_EDGE('',*,*,#3730,.T.);
#5036 = ORIENTED_EDGE('',*,*,#1995,.F.);
#5037 = PLANE('',#5038);
#5038 = AXIS2_PLACEMENT_3D('',#5039,#5040,#5041);
#5039 = CARTESIAN_POINT('',(330.,-8.2,3.));
#5040 = DIRECTION('',(0.,-1.,-5.49E-15));
#5041 = DIRECTION('',(0.,5.49E-15,-1.));
#5042 = ADVANCED_FACE('',(#5043),#5055,.T.);
#5043 = FACE_BOUND('',#5044,.T.);
#5044 = EDGE_LOOP('',(#5045,#5046,#5053,#5054));
#5045 = ORIENTED_EDGE('',*,*,#3761,.T.);
#5046 = ORIENTED_EDGE('',*,*,#5047,.T.);
#5047 = EDGE_CURVE('',#3754,#5023,#5048,.T.);
#5048 = CIRCLE('',#5049,0.2);
#5049 = AXIS2_PLACEMENT_3D('',#5050,#5051,#5052);
#5050 = CARTESIAN_POINT('',(-70.,-8.4,3.482842712475));
#5051 = DIRECTION('',(1.,-0.,0.));
#5052 = DIRECTION('',(0.,0.,-1.));
#5053 = ORIENTED_EDGE('',*,*,#5022,.T.);
#5054 = ORIENTED_EDGE('',*,*,#1986,.T.);
#5055 = CYLINDRICAL_SURFACE('',#5056,0.2);
#5056 = AXIS2_PLACEMENT_3D('',#5057,#5058,#5059);
#5057 = CARTESIAN_POINT('',(330.,-8.4,3.482842712475));
#5058 = DIRECTION('',(-1.,0.,0.));
#5059 = DIRECTION('',(0.,0.,1.));
#5060 = ADVANCED_FACE('',(#5061),#5079,.T.);
#5061 = FACE_BOUND('',#5062,.T.);
#5062 = EDGE_LOOP('',(#5063,#5064,#5065,#5073));
#5063 = ORIENTED_EDGE('',*,*,#3848,.F.);
#5064 = ORIENTED_EDGE('',*,*,#1922,.T.);
#5065 = ORIENTED_EDGE('',*,*,#5066,.T.);
#5066 = EDGE_CURVE('',#1915,#5067,#5069,.T.);
#5067 = VERTEX_POINT('',#5068);
#5068 = CARTESIAN_POINT('',(-70.,-3.5,20.));
#5069 = LINE('',#5070,#5071);
#5070 = CARTESIAN_POINT('',(330.,-3.5,20.));
#5071 = VECTOR('',#5072,1.);
#5072 = DIRECTION('',(-1.,-0.,-0.));
#5073 = ORIENTED_EDGE('',*,*,#5074,.T.);
#5074 = EDGE_CURVE('',#5067,#3849,#5075,.T.);
#5075 = LINE('',#5076,#5077);
#5076 = CARTESIAN_POINT('',(-70.,-11.75,11.75));
#5077 = VECTOR('',#5078,1.);
#5078 = DIRECTION('',(0.,-0.707106781187,-0.707106781187));
#5079 = PLANE('',#5080);
#5080 = AXIS2_PLACEMENT_3D('',#5081,#5082,#5083);
#5081 = CARTESIAN_POINT('',(330.,-4.,19.5));
#5082 = DIRECTION('',(0.,-0.707106781187,0.707106781187));
#5083 = DIRECTION('',(0.,-0.707106781187,-0.707106781187));
#5084 = ADVANCED_FACE('',(#5085),#5096,.T.);
#5085 = FACE_BOUND('',#5086,.T.);
#5086 = EDGE_LOOP('',(#5087,#5088,#5094,#5095));
#5087 = ORIENTED_EDGE('',*,*,#3872,.F.);
#5088 = ORIENTED_EDGE('',*,*,#5089,.T.);
#5089 = EDGE_CURVE('',#3873,#5067,#5090,.T.);
#5090 = LINE('',#5091,#5092);
#5091 = CARTESIAN_POINT('',(-70.,8.25,8.25));
#5092 = VECTOR('',#5093,1.);
#5093 = DIRECTION('',(0.,0.707106781187,-0.707106781187));
#5094 = ORIENTED_EDGE('',*,*,#5066,.F.);
#5095 = ORIENTED_EDGE('',*,*,#1914,.T.);
#5096 = PLANE('',#5097);
#5097 = AXIS2_PLACEMENT_3D('',#5098,#5099,#5100);
#5098 = CARTESIAN_POINT('',(330.,-3.5,20.));
#5099 = DIRECTION('',(0.,-0.707106781187,-0.707106781187));
#5100 = DIRECTION('',(0.,0.707106781187,-0.707106781187));
#5101 = ADVANCED_FACE('',(#5102),#5113,.T.);
#5102 = FACE_BOUND('',#5103,.T.);
#5103 = EDGE_LOOP('',(#5104,#5105,#5106,#5107));
#5104 = ORIENTED_EDGE('',*,*,#4144,.F.);
#5105 = ORIENTED_EDGE('',*,*,#1810,.T.);
#5106 = ORIENTED_EDGE('',*,*,#4526,.F.);
#5107 = ORIENTED_EDGE('',*,*,#5108,.T.);
#5108 = EDGE_CURVE('',#4519,#4145,#5109,.T.);
#5109 = LINE('',#5110,#5111);
#5110 = CARTESIAN_POINT('',(-70.,11.75,11.75));
#5111 = VECTOR('',#5112,1.);
#5112 = DIRECTION('',(0.,-0.707106781187,0.707106781187));
#5113 = PLANE('',#5114);
#5114 = AXIS2_PLACEMENT_3D('',#5115,#5116,#5117);
#5115 = CARTESIAN_POINT('',(330.,-0.5,24.));
#5116 = DIRECTION('',(-0.,0.707106781187,0.707106781187));
#5117 = DIRECTION('',(0.,-0.707106781187,0.707106781187));
#5118 = ADVANCED_FACE('',(#5119),#5130,.T.);
#5119 = FACE_BOUND('',#5120,.T.);
#5120 = EDGE_LOOP('',(#5121,#5122,#5128,#5129));
#5121 = ORIENTED_EDGE('',*,*,#1261,.T.);
#5122 = ORIENTED_EDGE('',*,*,#5123,.T.);
#5123 = EDGE_CURVE('',#575,#609,#5124,.T.);
#5124 = LINE('',#5125,#5126);
#5125 = CARTESIAN_POINT('',(330.,-1.128E-14,16.5));
#5126 = VECTOR('',#5127,1.);
#5127 = DIRECTION('',(-1.,-0.,-0.));
#5128 = ORIENTED_EDGE('',*,*,#1183,.T.);
#5129 = ORIENTED_EDGE('',*,*,#4240,.F.);
#5130 = PLANE('',#5131);
#5131 = AXIS2_PLACEMENT_3D('',#5132,#5133,#5134);
#5132 = CARTESIAN_POINT('',(330.,0.5,16.));
#5133 = DIRECTION('',(0.,-0.707106781187,-0.707106781187));
#5134 = DIRECTION('',(0.,0.707106781187,-0.707106781187));
#5135 = ADVANCED_FACE('',(#5136),#5147,.T.);
#5136 = FACE_BOUND('',#5137,.T.);
#5137 = EDGE_LOOP('',(#5138,#5139,#5145,#5146));
#5138 = ORIENTED_EDGE('',*,*,#1544,.T.);
#5139 = ORIENTED_EDGE('',*,*,#5140,.T.);
#5140 = EDGE_CURVE('',#1537,#531,#5141,.T.);
#5141 = LINE('',#5142,#5143);
#5142 = CARTESIAN_POINT('',(330.,-1.128E-14,16.5));
#5143 = VECTOR('',#5144,1.);
#5144 = DIRECTION('',(-1.,-0.,-0.));
#5145 = ORIENTED_EDGE('',*,*,#1243,.T.);
#5146 = ORIENTED_EDGE('',*,*,#4256,.F.);
#5147 = PLANE('',#5148);
#5148 = AXIS2_PLACEMENT_3D('',#5149,#5150,#5151);
#5149 = CARTESIAN_POINT('',(330.,0.5,16.));
#5150 = DIRECTION('',(0.,-0.707106781187,-0.707106781187));
#5151 = DIRECTION('',(0.,0.707106781187,-0.707106781187));
#5152 = ADVANCED_FACE('',(#5153),#5164,.T.);
#5153 = FACE_BOUND('',#5154,.T.);
#5154 = EDGE_LOOP('',(#5155,#5156,#5157,#5158));
#5155 = ORIENTED_EDGE('',*,*,#1416,.T.);
#5156 = ORIENTED_EDGE('',*,*,#4247,.F.);
#5157 = ORIENTED_EDGE('',*,*,#1201,.T.);
#5158 = ORIENTED_EDGE('',*,*,#5159,.T.);
#5159 = EDGE_CURVE('',#653,#1417,#5160,.T.);
#5160 = LINE('',#5161,#5162);
#5161 = CARTESIAN_POINT('',(330.,-1.128E-14,16.5));
#5162 = VECTOR('',#5163,1.);
#5163 = DIRECTION('',(-1.,-0.,-0.));
#5164 = PLANE('',#5165);
#5165 = AXIS2_PLACEMENT_3D('',#5166,#5167,#5168);
#5166 = CARTESIAN_POINT('',(330.,0.5,16.));
#5167 = DIRECTION('',(0.,-0.707106781187,-0.707106781187));
#5168 = DIRECTION('',(0.,0.707106781187,-0.707106781187));
#5169 = ADVANCED_FACE('',(#5170),#5176,.T.);
#5170 = FACE_BOUND('',#5171,.T.);
#5171 = EDGE_LOOP('',(#5172,#5173,#5174,#5175));
#5172 = ORIENTED_EDGE('',*,*,#1424,.T.);
#5173 = ORIENTED_EDGE('',*,*,#5159,.F.);
#5174 = ORIENTED_EDGE('',*,*,#660,.T.);
#5175 = ORIENTED_EDGE('',*,*,#4271,.F.);
#5176 = PLANE('',#5177);
#5177 = AXIS2_PLACEMENT_3D('',#5178,#5179,#5180);
#5178 = CARTESIAN_POINT('',(330.,-1.289E-14,16.5));
#5179 = DIRECTION('',(0.,0.707106781187,-0.707106781187));
#5180 = DIRECTION('',(0.,0.707106781187,0.707106781187));
#5181 = ADVANCED_FACE('',(#5182),#5188,.T.);
#5182 = FACE_BOUND('',#5183,.T.);
#5183 = EDGE_LOOP('',(#5184,#5185,#5186,#5187));
#5184 = ORIENTED_EDGE('',*,*,#1536,.T.);
#5185 = ORIENTED_EDGE('',*,*,#4285,.F.);
#5186 = ORIENTED_EDGE('',*,*,#530,.T.);
#5187 = ORIENTED_EDGE('',*,*,#5140,.F.);
#5188 = PLANE('',#5189);
#5189 = AXIS2_PLACEMENT_3D('',#5190,#5191,#5192);
#5190 = CARTESIAN_POINT('',(330.,-1.289E-14,16.5));
#5191 = DIRECTION('',(0.,0.707106781187,-0.707106781187));
#5192 = DIRECTION('',(0.,0.707106781187,0.707106781187));
#5193 = ADVANCED_FACE('',(#5194),#5200,.T.);
#5194 = FACE_BOUND('',#5195,.T.);
#5195 = EDGE_LOOP('',(#5196,#5197,#5198,#5199));
#5196 = ORIENTED_EDGE('',*,*,#582,.T.);
#5197 = ORIENTED_EDGE('',*,*,#4278,.F.);
#5198 = ORIENTED_EDGE('',*,*,#608,.T.);
#5199 = ORIENTED_EDGE('',*,*,#5123,.F.);
#5200 = PLANE('',#5201);
#5201 = AXIS2_PLACEMENT_3D('',#5202,#5203,#5204);
#5202 = CARTESIAN_POINT('',(330.,-1.289E-14,16.5));
#5203 = DIRECTION('',(0.,0.707106781187,-0.707106781187));
#5204 = DIRECTION('',(0.,0.707106781187,0.707106781187));
#5205 = ADVANCED_FACE('',(#5206),#5224,.F.);
#5206 = FACE_BOUND('',#5207,.T.);
#5207 = EDGE_LOOP('',(#5208,#5209,#5210,#5218));
#5208 = ORIENTED_EDGE('',*,*,#4421,.T.);
#5209 = ORIENTED_EDGE('',*,*,#1616,.F.);
#5210 = ORIENTED_EDGE('',*,*,#5211,.F.);
#5211 = EDGE_CURVE('',#5212,#1609,#5214,.T.);
#5212 = VERTEX_POINT('',#5213);
#5213 = CARTESIAN_POINT('',(-70.,-1.1E-14,3.5));
#5214 = LINE('',#5215,#5216);
#5215 = CARTESIAN_POINT('',(330.,-1.176E-14,3.5));
#5216 = VECTOR('',#5217,1.);
#5217 = DIRECTION('',(1.,0.,0.));
#5218 = ORIENTED_EDGE('',*,*,#5219,.F.);
#5219 = EDGE_CURVE('',#4422,#5212,#5220,.T.);
#5220 = LINE('',#5221,#5222);
#5221 = CARTESIAN_POINT('',(-70.,1.75,1.75));
#5222 = VECTOR('',#5223,1.);
#5223 = DIRECTION('',(0.,0.707106781187,-0.707106781187));
#5224 = PLANE('',#5225);
#5225 = AXIS2_PLACEMENT_3D('',#5226,#5227,#5228);
#5226 = CARTESIAN_POINT('',(330.,-1.176E-14,3.5));
#5227 = DIRECTION('',(0.,-0.707106781187,-0.707106781187));
#5228 = DIRECTION('',(0.,0.707106781187,-0.707106781187));
#5229 = ADVANCED_FACE('',(#5230),#5241,.F.);
#5230 = FACE_BOUND('',#5231,.T.);
#5231 = EDGE_LOOP('',(#5232,#5233,#5234,#5235));
#5232 = ORIENTED_EDGE('',*,*,#5211,.T.);
#5233 = ORIENTED_EDGE('',*,*,#1608,.F.);
#5234 = ORIENTED_EDGE('',*,*,#4445,.T.);
#5235 = ORIENTED_EDGE('',*,*,#5236,.T.);
#5236 = EDGE_CURVE('',#4446,#5212,#5237,.T.);
#5237 = LINE('',#5238,#5239);
#5238 = CARTESIAN_POINT('',(-70.,-1.75,1.75));
#5239 = VECTOR('',#5240,1.);
#5240 = DIRECTION('',(0.,-0.707106781187,-0.707106781187));
#5241 = PLANE('',#5242);
#5242 = AXIS2_PLACEMENT_3D('',#5243,#5244,#5245);
#5243 = CARTESIAN_POINT('',(330.,0.5,4.));
#5244 = DIRECTION('',(0.,0.707106781187,-0.707106781187));
#5245 = DIRECTION('',(0.,0.707106781187,0.707106781187));
#5246 = ADVANCED_FACE('',(#5247,#5321,#5331,#5341),#5448,.F.);
#5247 = FACE_BOUND('',#5248,.T.);
#5248 = EDGE_LOOP('',(#5249,#5250,#5251,#5252,#5253,#5254,#5255,#5256,
    #5257,#5258,#5259,#5267,#5275,#5283,#5291,#5299,#5307,#5315));
#5249 = ORIENTED_EDGE('',*,*,#4350,.T.);
#5250 = ORIENTED_EDGE('',*,*,#4383,.T.);
#5251 = ORIENTED_EDGE('',*,*,#4407,.T.);
#5252 = ORIENTED_EDGE('',*,*,#4429,.T.);
#5253 = ORIENTED_EDGE('',*,*,#5219,.T.);
#5254 = ORIENTED_EDGE('',*,*,#5236,.F.);
#5255 = ORIENTED_EDGE('',*,*,#4462,.F.);
#5256 = ORIENTED_EDGE('',*,*,#4486,.F.);
#5257 = ORIENTED_EDGE('',*,*,#4501,.F.);
#5258 = ORIENTED_EDGE('',*,*,#4191,.F.);
#5259 = ORIENTED_EDGE('',*,*,#5260,.T.);
#5260 = EDGE_CURVE('',#4184,#5261,#5263,.T.);
#5261 = VERTEX_POINT('',#5262);
#5262 = CARTESIAN_POINT('',(-70.,5.210050506339,13.882842712475));
#5263 = LINE('',#5264,#5265);
#5264 = CARTESIAN_POINT('',(-70.,0.,13.882842712475));
#5265 = VECTOR('',#5266,1.);
#5266 = DIRECTION('',(0.,-1.,0.));
#5267 = ORIENTED_EDGE('',*,*,#5268,.T.);
#5268 = EDGE_CURVE('',#5261,#5269,#5271,.T.);
#5269 = VERTEX_POINT('',#5270);
#5270 = CARTESIAN_POINT('',(-70.,3.010050506339,16.082842712475));
#5271 = LINE('',#5272,#5273);
#5272 = CARTESIAN_POINT('',(-70.,9.546446609407,9.546446609407));
#5273 = VECTOR('',#5274,1.);
#5274 = DIRECTION('',(0.,-0.707106781187,0.707106781187));
#5275 = ORIENTED_EDGE('',*,*,#5276,.T.);
#5276 = EDGE_CURVE('',#5269,#5277,#5279,.T.);
#5277 = VERTEX_POINT('',#5278);
#5278 = CARTESIAN_POINT('',(-70.,0.5,16.082842712475));
#5279 = LINE('',#5280,#5281);
#5280 = CARTESIAN_POINT('',(-70.,0.,16.082842712475));
#5281 = VECTOR('',#5282,1.);
#5282 = DIRECTION('',(0.,-1.,0.));
#5283 = ORIENTED_EDGE('',*,*,#5284,.T.);
#5284 = EDGE_CURVE('',#5277,#5285,#5287,.T.);
#5285 = VERTEX_POINT('',#5286);
#5286 = CARTESIAN_POINT('',(-70.,-1.2E-14,16.582842712475));
#5287 = LINE('',#5288,#5289);
#5288 = CARTESIAN_POINT('',(-70.,8.291421356237,8.291421356237));
#5289 = VECTOR('',#5290,1.);
#5290 = DIRECTION('',(0.,-0.707106781187,0.707106781187));
#5291 = ORIENTED_EDGE('',*,*,#5292,.F.);
#5292 = EDGE_CURVE('',#5293,#5285,#5295,.T.);
#5293 = VERTEX_POINT('',#5294);
#5294 = CARTESIAN_POINT('',(-70.,-0.5,16.082842712475));
#5295 = LINE('',#5296,#5297);
#5296 = CARTESIAN_POINT('',(-70.,-8.291421356237,8.291421356237));
#5297 = VECTOR('',#5298,1.);
#5298 = DIRECTION('',(0.,0.707106781187,0.707106781187));
#5299 = ORIENTED_EDGE('',*,*,#5300,.F.);
#5300 = EDGE_CURVE('',#5301,#5293,#5303,.T.);
#5301 = VERTEX_POINT('',#5302);
#5302 = CARTESIAN_POINT('',(-70.,-3.010050506339,16.082842712475));
#5303 = LINE('',#5304,#5305);
#5304 = CARTESIAN_POINT('',(-70.,-0.,16.082842712475));
#5305 = VECTOR('',#5306,1.);
#5306 = DIRECTION('',(0.,1.,0.));
#5307 = ORIENTED_EDGE('',*,*,#5308,.F.);
#5308 = EDGE_CURVE('',#5309,#5301,#5311,.T.);
#5309 = VERTEX_POINT('',#5310);
#5310 = CARTESIAN_POINT('',(-70.,-5.210050506339,13.882842712475));
#5311 = LINE('',#5312,#5313);
#5312 = CARTESIAN_POINT('',(-70.,-9.546446609407,9.546446609407));
#5313 = VECTOR('',#5314,1.);
#5314 = DIRECTION('',(0.,0.707106781187,0.707106781187));
#5315 = ORIENTED_EDGE('',*,*,#5316,.F.);
#5316 = EDGE_CURVE('',#4351,#5309,#5317,.T.);
#5317 = LINE('',#5318,#5319);
#5318 = CARTESIAN_POINT('',(-70.,-0.,13.882842712475));
#5319 = VECTOR('',#5320,1.);
#5320 = DIRECTION('',(0.,1.,0.));
#5321 = FACE_BOUND('',#5322,.T.);
#5322 = EDGE_LOOP('',(#5323,#5324));
#5323 = ORIENTED_EDGE('',*,*,#369,.T.);
#5324 = ORIENTED_EDGE('',*,*,#5325,.T.);
#5325 = EDGE_CURVE('',#370,#362,#5326,.T.);
#5326 = CIRCLE('',#5327,2.00000000001);
#5327 = AXIS2_PLACEMENT_3D('',#5328,#5329,#5330);
#5328 = CARTESIAN_POINT('',(-70.,0.,0.));
#5329 = DIRECTION('',(1.,-0.,0.));
#5330 = DIRECTION('',(0.,0.,-1.));
#5331 = FACE_BOUND('',#5332,.T.);
#5332 = EDGE_LOOP('',(#5333,#5334));
#5333 = ORIENTED_EDGE('',*,*,#403,.T.);
#5334 = ORIENTED_EDGE('',*,*,#5335,.T.);
#5335 = EDGE_CURVE('',#404,#396,#5336,.T.);
#5336 = CIRCLE('',#5337,2.000000000028);
#5337 = AXIS2_PLACEMENT_3D('',#5338,#5339,#5340);
#5338 = CARTESIAN_POINT('',(-70.,-1.73E-15,20.));
#5339 = DIRECTION('',(1.,-0.,0.));
#5340 = DIRECTION('',(0.,0.,-1.));
#5341 = FACE_BOUND('',#5342,.T.);
#5342 = EDGE_LOOP('',(#5343,#5344,#5345,#5346,#5347,#5348,#5349,#5350,
    #5351,#5352,#5353,#5354,#5355,#5356,#5357,#5358,#5359,#5360,#5361,
    #5362,#5363,#5364,#5365,#5366,#5367,#5368,#5369,#5370,#5371,#5372,
    #5373,#5374,#5375,#5376,#5377,#5378,#5379,#5380,#5381,#5382,#5383,
    #5384,#5385,#5386,#5387,#5388,#5389,#5390,#5391,#5392,#5393,#5394,
    #5395,#5396,#5397,#5398,#5399,#5400,#5401,#5402,#5403,#5404,#5405,
    #5406,#5407,#5408,#5409,#5410,#5411,#5412,#5413,#5414,#5415,#5416,
    #5417,#5418,#5419,#5420,#5421,#5422,#5423,#5424,#5425,#5426,#5427,
    #5428,#5429,#5430,#5431,#5432,#5433,#5434,#5435,#5436,#5437,#5438,
    #5445,#5446,#5447));
#5343 = ORIENTED_EDGE('',*,*,#2942,.F.);
#5344 = ORIENTED_EDGE('',*,*,#4608,.F.);
#5345 = ORIENTED_EDGE('',*,*,#4628,.F.);
#5346 = ORIENTED_EDGE('',*,*,#2982,.F.);
#5347 = ORIENTED_EDGE('',*,*,#3006,.F.);
#5348 = ORIENTED_EDGE('',*,*,#3030,.F.);
#5349 = ORIENTED_EDGE('',*,*,#853,.F.);
#5350 = ORIENTED_EDGE('',*,*,#4663,.F.);
#5351 = ORIENTED_EDGE('',*,*,#3097,.F.);
#5352 = ORIENTED_EDGE('',*,*,#3121,.F.);
#5353 = ORIENTED_EDGE('',*,*,#3145,.F.);
#5354 = ORIENTED_EDGE('',*,*,#4678,.F.);
#5355 = ORIENTED_EDGE('',*,*,#454,.F.);
#5356 = ORIENTED_EDGE('',*,*,#4715,.F.);
#5357 = ORIENTED_EDGE('',*,*,#3167,.F.);
#5358 = ORIENTED_EDGE('',*,*,#4695,.F.);
#5359 = ORIENTED_EDGE('',*,*,#3198,.F.);
#5360 = ORIENTED_EDGE('',*,*,#4731,.F.);
#5361 = ORIENTED_EDGE('',*,*,#3229,.F.);
#5362 = ORIENTED_EDGE('',*,*,#4749,.F.);
#5363 = ORIENTED_EDGE('',*,*,#3260,.F.);
#5364 = ORIENTED_EDGE('',*,*,#4774,.F.);
#5365 = ORIENTED_EDGE('',*,*,#4794,.F.);
#5366 = ORIENTED_EDGE('',*,*,#3300,.F.);
#5367 = ORIENTED_EDGE('',*,*,#3324,.F.);
#5368 = ORIENTED_EDGE('',*,*,#3346,.F.);
#5369 = ORIENTED_EDGE('',*,*,#4818,.F.);
#5370 = ORIENTED_EDGE('',*,*,#4835,.F.);
#5371 = ORIENTED_EDGE('',*,*,#3379,.F.);
#5372 = ORIENTED_EDGE('',*,*,#3403,.F.);
#5373 = ORIENTED_EDGE('',*,*,#3427,.F.);
#5374 = ORIENTED_EDGE('',*,*,#4857,.F.);
#5375 = ORIENTED_EDGE('',*,*,#4892,.F.);
#5376 = ORIENTED_EDGE('',*,*,#3449,.F.);
#5377 = ORIENTED_EDGE('',*,*,#4874,.F.);
#5378 = ORIENTED_EDGE('',*,*,#3480,.F.);
#5379 = ORIENTED_EDGE('',*,*,#4910,.F.);
#5380 = ORIENTED_EDGE('',*,*,#3520,.F.);
#5381 = ORIENTED_EDGE('',*,*,#4928,.F.);
#5382 = ORIENTED_EDGE('',*,*,#3544,.F.);
#5383 = ORIENTED_EDGE('',*,*,#496,.F.);
#5384 = ORIENTED_EDGE('',*,*,#4955,.F.);
#5385 = ORIENTED_EDGE('',*,*,#4973,.F.);
#5386 = ORIENTED_EDGE('',*,*,#3575,.F.);
#5387 = ORIENTED_EDGE('',*,*,#3599,.F.);
#5388 = ORIENTED_EDGE('',*,*,#3630,.F.);
#5389 = ORIENTED_EDGE('',*,*,#4990,.F.);
#5390 = ORIENTED_EDGE('',*,*,#822,.F.);
#5391 = ORIENTED_EDGE('',*,*,#3690,.F.);
#5392 = ORIENTED_EDGE('',*,*,#3714,.F.);
#5393 = ORIENTED_EDGE('',*,*,#3738,.F.);
#5394 = ORIENTED_EDGE('',*,*,#5030,.F.);
#5395 = ORIENTED_EDGE('',*,*,#5047,.F.);
#5396 = ORIENTED_EDGE('',*,*,#3753,.F.);
#5397 = ORIENTED_EDGE('',*,*,#2448,.F.);
#5398 = ORIENTED_EDGE('',*,*,#1472,.F.);
#5399 = ORIENTED_EDGE('',*,*,#2432,.F.);
#5400 = ORIENTED_EDGE('',*,*,#3785,.F.);
#5401 = ORIENTED_EDGE('',*,*,#3809,.F.);
#5402 = ORIENTED_EDGE('',*,*,#3833,.F.);
#5403 = ORIENTED_EDGE('',*,*,#3856,.F.);
#5404 = ORIENTED_EDGE('',*,*,#5074,.F.);
#5405 = ORIENTED_EDGE('',*,*,#5089,.F.);
#5406 = ORIENTED_EDGE('',*,*,#3889,.F.);
#5407 = ORIENTED_EDGE('',*,*,#3912,.F.);
#5408 = ORIENTED_EDGE('',*,*,#3936,.F.);
#5409 = ORIENTED_EDGE('',*,*,#3960,.F.);
#5410 = ORIENTED_EDGE('',*,*,#3984,.F.);
#5411 = ORIENTED_EDGE('',*,*,#4008,.F.);
#5412 = ORIENTED_EDGE('',*,*,#4031,.F.);
#5413 = ORIENTED_EDGE('',*,*,#4056,.F.);
#5414 = ORIENTED_EDGE('',*,*,#4080,.F.);
#5415 = ORIENTED_EDGE('',*,*,#4104,.F.);
#5416 = ORIENTED_EDGE('',*,*,#4128,.F.);
#5417 = ORIENTED_EDGE('',*,*,#4152,.F.);
#5418 = ORIENTED_EDGE('',*,*,#5108,.F.);
#5419 = ORIENTED_EDGE('',*,*,#4518,.F.);
#5420 = ORIENTED_EDGE('',*,*,#2480,.F.);
#5421 = ORIENTED_EDGE('',*,*,#2512,.F.);
#5422 = ORIENTED_EDGE('',*,*,#2536,.F.);
#5423 = ORIENTED_EDGE('',*,*,#2560,.F.);
#5424 = ORIENTED_EDGE('',*,*,#2584,.F.);
#5425 = ORIENTED_EDGE('',*,*,#2608,.F.);
#5426 = ORIENTED_EDGE('',*,*,#2631,.F.);
#5427 = ORIENTED_EDGE('',*,*,#2656,.F.);
#5428 = ORIENTED_EDGE('',*,*,#2680,.F.);
#5429 = ORIENTED_EDGE('',*,*,#2704,.F.);
#5430 = ORIENTED_EDGE('',*,*,#2728,.F.);
#5431 = ORIENTED_EDGE('',*,*,#2751,.F.);
#5432 = ORIENTED_EDGE('',*,*,#4551,.F.);
#5433 = ORIENTED_EDGE('',*,*,#4566,.F.);
#5434 = ORIENTED_EDGE('',*,*,#2784,.F.);
#5435 = ORIENTED_EDGE('',*,*,#2807,.F.);
#5436 = ORIENTED_EDGE('',*,*,#2831,.F.);
#5437 = ORIENTED_EDGE('',*,*,#2855,.T.);
#5438 = ORIENTED_EDGE('',*,*,#5439,.T.);
#5439 = EDGE_CURVE('',#2848,#2878,#5440,.T.);
#5440 = CIRCLE('',#5441,0.2);
#5441 = AXIS2_PLACEMENT_3D('',#5442,#5443,#5444);
#5442 = CARTESIAN_POINT('',(-70.,8.4,16.6));
#5443 = DIRECTION('',(-1.,0.,-0.));
#5444 = DIRECTION('',(0.,0.,-1.));
#5445 = ORIENTED_EDGE('',*,*,#2896,.F.);
#5446 = ORIENTED_EDGE('',*,*,#2920,.F.);
#5447 = ORIENTED_EDGE('',*,*,#4583,.F.);
#5448 = PLANE('',#5449);
#5449 = AXIS2_PLACEMENT_3D('',#5450,#5451,#5452);
#5450 = CARTESIAN_POINT('',(-70.,0.,0.));
#5451 = DIRECTION('',(1.,-0.,0.));
#5452 = DIRECTION('',(0.,0.,-1.));
#5453 = ADVANCED_FACE('',(#5454),#5465,.T.);
#5454 = FACE_BOUND('',#5455,.T.);
#5455 = EDGE_LOOP('',(#5456,#5457,#5458,#5459));
#5456 = ORIENTED_EDGE('',*,*,#1320,.F.);
#5457 = ORIENTED_EDGE('',*,*,#4358,.F.);
#5458 = ORIENTED_EDGE('',*,*,#5316,.T.);
#5459 = ORIENTED_EDGE('',*,*,#5460,.T.);
#5460 = EDGE_CURVE('',#5309,#1321,#5461,.T.);
#5461 = LINE('',#5462,#5463);
#5462 = CARTESIAN_POINT('',(-70.,-5.210050506339,13.882842712475));
#5463 = VECTOR('',#5464,1.);
#5464 = DIRECTION('',(1.,0.,0.));
#5465 = PLANE('',#5466);
#5466 = AXIS2_PLACEMENT_3D('',#5467,#5468,#5469);
#5467 = CARTESIAN_POINT('',(-70.,0.,13.882842712475));
#5468 = DIRECTION('',(0.,0.,-1.));
#5469 = DIRECTION('',(-1.,0.,-0.));
#5470 = ADVANCED_FACE('',(#5471),#5482,.T.);
#5471 = FACE_BOUND('',#5472,.T.);
#5472 = EDGE_LOOP('',(#5473,#5474,#5475,#5476));
#5473 = ORIENTED_EDGE('',*,*,#1328,.F.);
#5474 = ORIENTED_EDGE('',*,*,#5460,.F.);
#5475 = ORIENTED_EDGE('',*,*,#5308,.T.);
#5476 = ORIENTED_EDGE('',*,*,#5477,.T.);
#5477 = EDGE_CURVE('',#5301,#1329,#5478,.T.);
#5478 = LINE('',#5479,#5480);
#5479 = CARTESIAN_POINT('',(-70.,-3.010050506339,16.082842712475));
#5480 = VECTOR('',#5481,1.);
#5481 = DIRECTION('',(1.,0.,0.));
#5482 = PLANE('',#5483);
#5483 = AXIS2_PLACEMENT_3D('',#5484,#5485,#5486);
#5484 = CARTESIAN_POINT('',(-70.,-9.546446609407,9.546446609407));
#5485 = DIRECTION('',(0.,0.707106781187,-0.707106781187));
#5486 = DIRECTION('',(0.,0.707106781187,0.707106781187));
#5487 = ADVANCED_FACE('',(#5488),#5499,.T.);
#5488 = FACE_BOUND('',#5489,.T.);
#5489 = EDGE_LOOP('',(#5490,#5491,#5492,#5493));
#5490 = ORIENTED_EDGE('',*,*,#1336,.F.);
#5491 = ORIENTED_EDGE('',*,*,#5477,.F.);
#5492 = ORIENTED_EDGE('',*,*,#5300,.T.);
#5493 = ORIENTED_EDGE('',*,*,#5494,.T.);
#5494 = EDGE_CURVE('',#5293,#1337,#5495,.T.);
#5495 = LINE('',#5496,#5497);
#5496 = CARTESIAN_POINT('',(-70.,-0.5,16.082842712475));
#5497 = VECTOR('',#5498,1.);
#5498 = DIRECTION('',(1.,0.,0.));
#5499 = PLANE('',#5500);
#5500 = AXIS2_PLACEMENT_3D('',#5501,#5502,#5503);
#5501 = CARTESIAN_POINT('',(-70.,0.,16.082842712475));
#5502 = DIRECTION('',(0.,0.,-1.));
#5503 = DIRECTION('',(-1.,0.,-0.));
#5504 = ADVANCED_FACE('',(#5505),#5516,.T.);
#5505 = FACE_BOUND('',#5506,.T.);
#5506 = EDGE_LOOP('',(#5507,#5508,#5509,#5510));
#5507 = ORIENTED_EDGE('',*,*,#1344,.F.);
#5508 = ORIENTED_EDGE('',*,*,#5494,.F.);
#5509 = ORIENTED_EDGE('',*,*,#5292,.T.);
#5510 = ORIENTED_EDGE('',*,*,#5511,.T.);
#5511 = EDGE_CURVE('',#5285,#1345,#5512,.T.);
#5512 = LINE('',#5513,#5514);
#5513 = CARTESIAN_POINT('',(-70.,-1.214E-14,16.582842712475));
#5514 = VECTOR('',#5515,1.);
#5515 = DIRECTION('',(1.,0.,0.));
#5516 = PLANE('',#5517);
#5517 = AXIS2_PLACEMENT_3D('',#5518,#5519,#5520);
#5518 = CARTESIAN_POINT('',(-70.,-8.291421356237,8.291421356237));
#5519 = DIRECTION('',(0.,0.707106781187,-0.707106781187));
#5520 = DIRECTION('',(0.,0.707106781187,0.707106781187));
#5521 = ADVANCED_FACE('',(#5522),#5533,.F.);
#5522 = FACE_BOUND('',#5523,.T.);
#5523 = EDGE_LOOP('',(#5524,#5530,#5531,#5532));
#5524 = ORIENTED_EDGE('',*,*,#5525,.T.);
#5525 = EDGE_CURVE('',#5277,#1353,#5526,.T.);
#5526 = LINE('',#5527,#5528);
#5527 = CARTESIAN_POINT('',(-70.,0.5,16.082842712475));
#5528 = VECTOR('',#5529,1.);
#5529 = DIRECTION('',(1.,0.,0.));
#5530 = ORIENTED_EDGE('',*,*,#1352,.T.);
#5531 = ORIENTED_EDGE('',*,*,#5511,.F.);
#5532 = ORIENTED_EDGE('',*,*,#5284,.F.);
#5533 = PLANE('',#5534);
#5534 = AXIS2_PLACEMENT_3D('',#5535,#5536,#5537);
#5535 = CARTESIAN_POINT('',(-70.,8.291421356237,8.291421356237));
#5536 = DIRECTION('',(-0.,0.707106781187,0.707106781187));
#5537 = DIRECTION('',(0.,-0.707106781187,0.707106781187));
#5538 = ADVANCED_FACE('',(#5539),#5550,.F.);
#5539 = FACE_BOUND('',#5540,.T.);
#5540 = EDGE_LOOP('',(#5541,#5547,#5548,#5549));
#5541 = ORIENTED_EDGE('',*,*,#5542,.T.);
#5542 = EDGE_CURVE('',#5269,#1361,#5543,.T.);
#5543 = LINE('',#5544,#5545);
#5544 = CARTESIAN_POINT('',(-70.,3.010050506339,16.082842712475));
#5545 = VECTOR('',#5546,1.);
#5546 = DIRECTION('',(1.,0.,0.));
#5547 = ORIENTED_EDGE('',*,*,#1360,.T.);
#5548 = ORIENTED_EDGE('',*,*,#5525,.F.);
#5549 = ORIENTED_EDGE('',*,*,#5276,.F.);
#5550 = PLANE('',#5551);
#5551 = AXIS2_PLACEMENT_3D('',#5552,#5553,#5554);
#5552 = CARTESIAN_POINT('',(-70.,0.,16.082842712475));
#5553 = DIRECTION('',(-0.,0.,1.));
#5554 = DIRECTION('',(1.,0.,0.));
#5555 = ADVANCED_FACE('',(#5556),#5567,.F.);
#5556 = FACE_BOUND('',#5557,.T.);
#5557 = EDGE_LOOP('',(#5558,#5564,#5565,#5566));
#5558 = ORIENTED_EDGE('',*,*,#5559,.T.);
#5559 = EDGE_CURVE('',#5261,#1369,#5560,.T.);
#5560 = LINE('',#5561,#5562);
#5561 = CARTESIAN_POINT('',(-70.,5.210050506339,13.882842712475));
#5562 = VECTOR('',#5563,1.);
#5563 = DIRECTION('',(1.,0.,0.));
#5564 = ORIENTED_EDGE('',*,*,#1368,.T.);
#5565 = ORIENTED_EDGE('',*,*,#5542,.F.);
#5566 = ORIENTED_EDGE('',*,*,#5268,.F.);
#5567 = PLANE('',#5568);
#5568 = AXIS2_PLACEMENT_3D('',#5569,#5570,#5571);
#5569 = CARTESIAN_POINT('',(-70.,9.546446609407,9.546446609407));
#5570 = DIRECTION('',(-0.,0.707106781187,0.707106781187));
#5571 = DIRECTION('',(0.,-0.707106781187,0.707106781187));
#5572 = ADVANCED_FACE('',(#5573),#5579,.F.);
#5573 = FACE_BOUND('',#5574,.T.);
#5574 = EDGE_LOOP('',(#5575,#5576,#5577,#5578));
#5575 = ORIENTED_EDGE('',*,*,#4183,.T.);
#5576 = ORIENTED_EDGE('',*,*,#1376,.T.);
#5577 = ORIENTED_EDGE('',*,*,#5559,.F.);
#5578 = ORIENTED_EDGE('',*,*,#5260,.F.);
#5579 = PLANE('',#5580);
#5580 = AXIS2_PLACEMENT_3D('',#5581,#5582,#5583);
#5581 = CARTESIAN_POINT('',(-70.,0.,13.882842712475));
#5582 = DIRECTION('',(-0.,0.,1.));
#5583 = DIRECTION('',(1.,0.,0.));
#5584 = ADVANCED_FACE('',(#5585),#5591,.T.);
#5585 = FACE_BOUND('',#5586,.T.);
#5586 = EDGE_LOOP('',(#5587,#5588,#5589,#5590));
#5587 = ORIENTED_EDGE('',*,*,#2847,.T.);
#5588 = ORIENTED_EDGE('',*,*,#1277,.T.);
#5589 = ORIENTED_EDGE('',*,*,#2877,.F.);
#5590 = ORIENTED_EDGE('',*,*,#5439,.F.);
#5591 = CYLINDRICAL_SURFACE('',#5592,0.2);
#5592 = AXIS2_PLACEMENT_3D('',#5593,#5594,#5595);
#5593 = CARTESIAN_POINT('',(-70.,8.4,16.6));
#5594 = DIRECTION('',(1.,0.,0.));
#5595 = DIRECTION('',(0.,0.,-1.));
#5596 = ADVANCED_FACE('',(#5597),#5603,.F.);
#5597 = FACE_BOUND('',#5598,.F.);
#5598 = EDGE_LOOP('',(#5599,#5600,#5601,#5602));
#5599 = ORIENTED_EDGE('',*,*,#5335,.T.);
#5600 = ORIENTED_EDGE('',*,*,#393,.F.);
#5601 = ORIENTED_EDGE('',*,*,#2404,.F.);
#5602 = ORIENTED_EDGE('',*,*,#412,.T.);
#5603 = CYLINDRICAL_SURFACE('',#5604,2.);
#5604 = AXIS2_PLACEMENT_3D('',#5605,#5606,#5607);
#5605 = CARTESIAN_POINT('',(330.,-1.73E-15,20.));
#5606 = DIRECTION('',(-1.,-0.,-0.));
#5607 = DIRECTION('',(-0.,0.,1.));
#5608 = ADVANCED_FACE('',(#5609),#5615,.F.);
#5609 = FACE_BOUND('',#5610,.F.);
#5610 = EDGE_LOOP('',(#5611,#5612,#5613,#5614));
#5611 = ORIENTED_EDGE('',*,*,#5325,.T.);
#5612 = ORIENTED_EDGE('',*,*,#361,.F.);
#5613 = ORIENTED_EDGE('',*,*,#21,.F.);
#5614 = ORIENTED_EDGE('',*,*,#378,.T.);
#5615 = CYLINDRICAL_SURFACE('',#5616,2.);
#5616 = AXIS2_PLACEMENT_3D('',#5617,#5618,#5619);
#5617 = CARTESIAN_POINT('',(330.,0.,0.));
#5618 = DIRECTION('',(-1.,-0.,-0.));
#5619 = DIRECTION('',(-0.,0.,1.));
#5620 = ADVANCED_FACE('',(#5621),#5630,.T.);
#5621 = FACE_BOUND('',#5622,.T.);
#5622 = EDGE_LOOP('',(#5623,#5624));
#5623 = ORIENTED_EDGE('',*,*,#556,.F.);
#5624 = ORIENTED_EDGE('',*,*,#5625,.T.);
#5625 = EDGE_CURVE('',#557,#548,#5626,.T.);
#5626 = LINE('',#5627,#5628);
#5627 = CARTESIAN_POINT('',(-70.,-0.5,16.082842712475));
#5628 = VECTOR('',#5629,1.);
#5629 = DIRECTION('',(1.,0.,0.));
#5630 = PLANE('',#5631);
#5631 = AXIS2_PLACEMENT_3D('',#5632,#5633,#5634);
#5632 = CARTESIAN_POINT('',(-70.,0.,16.082842712475));
#5633 = DIRECTION('',(0.,0.,-1.));
#5634 = DIRECTION('',(-1.,0.,-0.));
#5635 = ADVANCED_FACE('',(#5636),#5647,.T.);
#5636 = FACE_BOUND('',#5637,.T.);
#5637 = EDGE_LOOP('',(#5638,#5639,#5645,#5646));
#5638 = ORIENTED_EDGE('',*,*,#565,.F.);
#5639 = ORIENTED_EDGE('',*,*,#5640,.T.);
#5640 = EDGE_CURVE('',#566,#540,#5641,.T.);
#5641 = LINE('',#5642,#5643);
#5642 = CARTESIAN_POINT('',(-70.,-1.214E-14,16.582842712475));
#5643 = VECTOR('',#5644,1.);
#5644 = DIRECTION('',(1.,0.,0.));
#5645 = ORIENTED_EDGE('',*,*,#547,.F.);
#5646 = ORIENTED_EDGE('',*,*,#5625,.F.);
#5647 = PLANE('',#5648);
#5648 = AXIS2_PLACEMENT_3D('',#5649,#5650,#5651);
#5649 = CARTESIAN_POINT('',(-70.,-8.291421356237,8.291421356237));
#5650 = DIRECTION('',(0.,0.707106781187,-0.707106781187));
#5651 = DIRECTION('',(0.,0.707106781187,0.707106781187));
#5652 = ADVANCED_FACE('',(#5653),#5664,.F.);
#5653 = FACE_BOUND('',#5654,.T.);
#5654 = EDGE_LOOP('',(#5655,#5656,#5657,#5663));
#5655 = ORIENTED_EDGE('',*,*,#5640,.F.);
#5656 = ORIENTED_EDGE('',*,*,#1217,.T.);
#5657 = ORIENTED_EDGE('',*,*,#5658,.T.);
#5658 = EDGE_CURVE('',#1218,#1227,#5659,.T.);
#5659 = LINE('',#5660,#5661);
#5660 = CARTESIAN_POINT('',(-70.,0.5,16.082842712475));
#5661 = VECTOR('',#5662,1.);
#5662 = DIRECTION('',(1.,0.,0.));
#5663 = ORIENTED_EDGE('',*,*,#1235,.T.);
#5664 = PLANE('',#5665);
#5665 = AXIS2_PLACEMENT_3D('',#5666,#5667,#5668);
#5666 = CARTESIAN_POINT('',(-70.,8.291421356237,8.291421356237));
#5667 = DIRECTION('',(-0.,0.707106781187,0.707106781187));
#5668 = DIRECTION('',(0.,-0.707106781187,0.707106781187));
#5669 = ADVANCED_FACE('',(#5670),#5674,.F.);
#5670 = FACE_BOUND('',#5671,.T.);
#5671 = EDGE_LOOP('',(#5672,#5673));
#5672 = ORIENTED_EDGE('',*,*,#5658,.F.);
#5673 = ORIENTED_EDGE('',*,*,#1226,.T.);
#5674 = PLANE('',#5675);
#5675 = AXIS2_PLACEMENT_3D('',#5676,#5677,#5678);
#5676 = CARTESIAN_POINT('',(-70.,0.,16.082842712475));
#5677 = DIRECTION('',(-0.,0.,1.));
#5678 = DIRECTION('',(1.,0.,0.));
#5679 = ADVANCED_FACE('',(#5680),#5689,.T.);
#5680 = FACE_BOUND('',#5681,.T.);
#5681 = EDGE_LOOP('',(#5682,#5683));
#5682 = ORIENTED_EDGE('',*,*,#634,.F.);
#5683 = ORIENTED_EDGE('',*,*,#5684,.T.);
#5684 = EDGE_CURVE('',#635,#626,#5685,.T.);
#5685 = LINE('',#5686,#5687);
#5686 = CARTESIAN_POINT('',(-70.,-0.5,16.082842712475));
#5687 = VECTOR('',#5688,1.);
#5688 = DIRECTION('',(1.,0.,0.));
#5689 = PLANE('',#5690);
#5690 = AXIS2_PLACEMENT_3D('',#5691,#5692,#5693);
#5691 = CARTESIAN_POINT('',(-70.,0.,16.082842712475));
#5692 = DIRECTION('',(0.,0.,-1.));
#5693 = DIRECTION('',(-1.,0.,-0.));
#5694 = ADVANCED_FACE('',(#5695),#5706,.T.);
#5695 = FACE_BOUND('',#5696,.T.);
#5696 = EDGE_LOOP('',(#5697,#5698,#5704,#5705));
#5697 = ORIENTED_EDGE('',*,*,#643,.F.);
#5698 = ORIENTED_EDGE('',*,*,#5699,.T.);
#5699 = EDGE_CURVE('',#644,#618,#5700,.T.);
#5700 = LINE('',#5701,#5702);
#5701 = CARTESIAN_POINT('',(-70.,-1.214E-14,16.582842712475));
#5702 = VECTOR('',#5703,1.);
#5703 = DIRECTION('',(1.,0.,0.));
#5704 = ORIENTED_EDGE('',*,*,#625,.F.);
#5705 = ORIENTED_EDGE('',*,*,#5684,.F.);
#5706 = PLANE('',#5707);
#5707 = AXIS2_PLACEMENT_3D('',#5708,#5709,#5710);
#5708 = CARTESIAN_POINT('',(-70.,-8.291421356237,8.291421356237));
#5709 = DIRECTION('',(0.,0.707106781187,-0.707106781187));
#5710 = DIRECTION('',(0.,0.707106781187,0.707106781187));
#5711 = ADVANCED_FACE('',(#5712),#5723,.F.);
#5712 = FACE_BOUND('',#5713,.T.);
#5713 = EDGE_LOOP('',(#5714,#5715,#5716,#5722));
#5714 = ORIENTED_EDGE('',*,*,#5699,.F.);
#5715 = ORIENTED_EDGE('',*,*,#1157,.T.);
#5716 = ORIENTED_EDGE('',*,*,#5717,.T.);
#5717 = EDGE_CURVE('',#1158,#1167,#5718,.T.);
#5718 = LINE('',#5719,#5720);
#5719 = CARTESIAN_POINT('',(-70.,0.5,16.082842712475));
#5720 = VECTOR('',#5721,1.);
#5721 = DIRECTION('',(1.,0.,0.));
#5722 = ORIENTED_EDGE('',*,*,#1175,.T.);
#5723 = PLANE('',#5724);
#5724 = AXIS2_PLACEMENT_3D('',#5725,#5726,#5727);
#5725 = CARTESIAN_POINT('',(-70.,8.291421356237,8.291421356237));
#5726 = DIRECTION('',(-0.,0.707106781187,0.707106781187));
#5727 = DIRECTION('',(0.,-0.707106781187,0.707106781187));
#5728 = ADVANCED_FACE('',(#5729),#5733,.F.);
#5729 = FACE_BOUND('',#5730,.T.);
#5730 = EDGE_LOOP('',(#5731,#5732));
#5731 = ORIENTED_EDGE('',*,*,#5717,.F.);
#5732 = ORIENTED_EDGE('',*,*,#1166,.T.);
#5733 = PLANE('',#5734);
#5734 = AXIS2_PLACEMENT_3D('',#5735,#5736,#5737);
#5735 = CARTESIAN_POINT('',(-70.,0.,16.082842712475));
#5736 = DIRECTION('',(-0.,0.,1.));
#5737 = DIRECTION('',(1.,0.,0.));
#5738 = ADVANCED_FACE('',(#5739,#5751),#5755,.F.);
#5739 = FACE_BOUND('',#5740,.F.);
#5740 = EDGE_LOOP('',(#5741,#5742,#5743,#5744,#5745,#5746,#5747,#5748,
    #5749,#5750));
#5741 = ORIENTED_EDGE('',*,*,#3080,.T.);
#5742 = ORIENTED_EDGE('',*,*,#1051,.T.);
#5743 = ORIENTED_EDGE('',*,*,#4643,.T.);
#5744 = ORIENTED_EDGE('',*,*,#3046,.T.);
#5745 = ORIENTED_EDGE('',*,*,#294,.F.);
#5746 = ORIENTED_EDGE('',*,*,#3666,.T.);
#5747 = ORIENTED_EDGE('',*,*,#5005,.T.);
#5748 = ORIENTED_EDGE('',*,*,#1010,.T.);
#5749 = ORIENTED_EDGE('',*,*,#3639,.T.);
#5750 = ORIENTED_EDGE('',*,*,#338,.T.);
#5751 = FACE_BOUND('',#5752,.F.);
#5752 = EDGE_LOOP('',(#5753,#5754));
#5753 = ORIENTED_EDGE('',*,*,#685,.T.);
#5754 = ORIENTED_EDGE('',*,*,#1107,.T.);
#5755 = CYLINDRICAL_SURFACE('',#5756,2.25);
#5756 = AXIS2_PLACEMENT_3D('',#5757,#5758,#5759);
#5757 = CARTESIAN_POINT('',(250.,-10.,-8.7E-16));
#5758 = DIRECTION('',(-0.,1.,9.E-17));
#5759 = DIRECTION('',(0.,-9.E-17,1.));
#5760 = ADVANCED_FACE('',(#5761,#5773),#5777,.F.);
#5761 = FACE_BOUND('',#5762,.F.);
#5762 = EDGE_LOOP('',(#5763,#5764,#5765,#5766,#5767,#5768,#5769,#5770,
    #5771,#5772));
#5763 = ORIENTED_EDGE('',*,*,#3071,.T.);
#5764 = ORIENTED_EDGE('',*,*,#907,.T.);
#5765 = ORIENTED_EDGE('',*,*,#1083,.T.);
#5766 = ORIENTED_EDGE('',*,*,#3021,.T.);
#5767 = ORIENTED_EDGE('',*,*,#124,.F.);
#5768 = ORIENTED_EDGE('',*,*,#3657,.T.);
#5769 = ORIENTED_EDGE('',*,*,#983,.T.);
#5770 = ORIENTED_EDGE('',*,*,#875,.T.);
#5771 = ORIENTED_EDGE('',*,*,#3614,.T.);
#5772 = ORIENTED_EDGE('',*,*,#168,.T.);
#5773 = FACE_BOUND('',#5774,.F.);
#5774 = EDGE_LOOP('',(#5775,#5776));
#5775 = ORIENTED_EDGE('',*,*,#753,.T.);
#5776 = ORIENTED_EDGE('',*,*,#931,.T.);
#5777 = CYLINDRICAL_SURFACE('',#5778,2.25);
#5778 = AXIS2_PLACEMENT_3D('',#5779,#5780,#5781);
#5779 = CARTESIAN_POINT('',(100.,-10.,-8.7E-16));
#5780 = DIRECTION('',(-0.,1.,9.E-17));
#5781 = DIRECTION('',(0.,-9.E-17,1.));
#5782 = ( GEOMETRIC_REPRESENTATION_CONTEXT(3) 
GLOBAL_UNCERTAINTY_ASSIGNED_CONTEXT((#5786)) 
GLOBAL_UNIT_ASSIGNED_CONTEXT((#5783,#5784,#5785)) REPRESENTATION_CONTEXT
('Context #1','3D Context with UNIT and UNCERTAINTY') );
#5783 = ( LENGTH_UNIT() NAMED_UNIT(*) SI_UNIT(.MILLI.,.METRE.) );
#5784 = ( NAMED_UNIT(*) PLANE_ANGLE_UNIT() SI_UNIT($,.RADIAN.) );
#5785 = ( NAMED_UNIT(*) SI_UNIT($,.STERADIAN.) SOLID_ANGLE_UNIT() );
#5786 = UNCERTAINTY_MEASURE_WITH_UNIT(LENGTH_MEASURE(1.E-05),#5783,
  'distance_accuracy_value','confusion accuracy');
#5787 = PRODUCT_RELATED_PRODUCT_CATEGORY('part',$,(#7));
#5788 = MECHANICAL_DESIGN_GEOMETRIC_PRESENTATION_REPRESENTATION('',(
    #5789,#5800,#5808,#5815,#5822,#5829,#5836,#5843,#5850,#5857,#5864,
    #5871,#5878,#5885,#5892,#5899,#5906,#5913,#5920,#5927,#5934,#5941,
    #5948,#5955,#5962,#5969,#5976,#5983,#5990,#5997,#6004,#6011,#6018,
    #6025,#6032,#6039,#6046,#6053,#6060,#6067,#6074,#6081,#6088,#6095,
    #6102,#6109,#6116,#6123,#6130,#6137,#6144,#6151,#6158,#6165,#6172,
    #6179,#6186,#6193,#6200,#6207,#6214,#6221,#6228,#6235,#6242,#6249,
    #6256,#6263,#6270,#6277,#6284,#6291,#6298,#6305,#6312,#6319,#6326,
    #6333,#6340,#6347,#6354,#6361,#6368,#6375,#6382,#6389,#6396,#6403,
    #6410,#6417,#6424,#6431,#6438,#6445,#6452,#6459,#6466,#6473,#6480,
    #6487,#6494,#6501,#6508,#6515,#6522,#6529,#6536,#6543,#6550,#6557,
    #6564,#6571,#6578,#6585,#6592,#6599,#6606,#6613,#6620,#6627,#6634,
    #6641,#6648,#6655,#6662,#6669,#6676,#6683,#6690,#6697,#6704,#6711,
    #6718,#6725,#6732,#6739,#6746,#6753,#6760,#6767,#6774,#6781,#6788,
    #6795,#6802,#6809,#6816,#6823,#6830,#6837,#6844),#5782);
#5789 = STYLED_ITEM('color',(#5790),#15);
#5790 = PRESENTATION_STYLE_ASSIGNMENT((#5791,#5797));
#5791 = SURFACE_STYLE_USAGE(.BOTH.,#5792);
#5792 = SURFACE_SIDE_STYLE('',(#5793));
#5793 = SURFACE_STYLE_FILL_AREA(#5794);
#5794 = FILL_AREA_STYLE('',(#5795));
#5795 = FILL_AREA_STYLE_COLOUR('',#5796);
#5796 = COLOUR_RGB('',0.666666687201,0.698039232327,0.768627468855);
#5797 = CURVE_STYLE('',#5798,POSITIVE_LENGTH_MEASURE(0.1),#5799);
#5798 = DRAUGHTING_PRE_DEFINED_CURVE_FONT('continuous');
#5799 = COLOUR_RGB('',9.803921802644E-02,9.803921802644E-02,
  9.803921802644E-02);
#5800 = OVER_RIDING_STYLED_ITEM('overriding color',(#5801),#357,#5789);
#5801 = PRESENTATION_STYLE_ASSIGNMENT((#5802));
#5802 = SURFACE_STYLE_USAGE(.BOTH.,#5803);
#5803 = SURFACE_SIDE_STYLE('',(#5804));
#5804 = SURFACE_STYLE_FILL_AREA(#5805);
#5805 = FILL_AREA_STYLE('',(#5806));
#5806 = FILL_AREA_STYLE_COLOUR('',#5807);
#5807 = COLOUR_RGB('',0.250980406631,0.250980406631,0.250980406631);
#5808 = OVER_RIDING_STYLED_ITEM('overriding color',(#5809),#389,#5789);
#5809 = PRESENTATION_STYLE_ASSIGNMENT((#5810));
#5810 = SURFACE_STYLE_USAGE(.BOTH.,#5811);
#5811 = SURFACE_SIDE_STYLE('',(#5812));
#5812 = SURFACE_STYLE_FILL_AREA(#5813);
#5813 = FILL_AREA_STYLE('',(#5814));
#5814 = FILL_AREA_STYLE_COLOUR('',#5807);
#5815 = OVER_RIDING_STYLED_ITEM('overriding color',(#5816),#431,#5789);
#5816 = PRESENTATION_STYLE_ASSIGNMENT((#5817));
#5817 = SURFACE_STYLE_USAGE(.BOTH.,#5818);
#5818 = SURFACE_SIDE_STYLE('',(#5819));
#5819 = SURFACE_STYLE_FILL_AREA(#5820);
#5820 = FILL_AREA_STYLE('',(#5821));
#5821 = FILL_AREA_STYLE_COLOUR('',#5807);
#5822 = OVER_RIDING_STYLED_ITEM('overriding color',(#5823),#473,#5789);
#5823 = PRESENTATION_STYLE_ASSIGNMENT((#5824));
#5824 = SURFACE_STYLE_USAGE(.BOTH.,#5825);
#5825 = SURFACE_SIDE_STYLE('',(#5826));
#5826 = SURFACE_STYLE_FILL_AREA(#5827);
#5827 = FILL_AREA_STYLE('',(#5828));
#5828 = FILL_AREA_STYLE_COLOUR('',#5807);
#5829 = OVER_RIDING_STYLED_ITEM('overriding color',(#5830),#515,#5789);
#5830 = PRESENTATION_STYLE_ASSIGNMENT((#5831));
#5831 = SURFACE_STYLE_USAGE(.BOTH.,#5832);
#5832 = SURFACE_SIDE_STYLE('',(#5833));
#5833 = SURFACE_STYLE_FILL_AREA(#5834);
#5834 = FILL_AREA_STYLE('',(#5835));
#5835 = FILL_AREA_STYLE_COLOUR('',#5807);
#5836 = OVER_RIDING_STYLED_ITEM('overriding color',(#5837),#593,#5789);
#5837 = PRESENTATION_STYLE_ASSIGNMENT((#5838));
#5838 = SURFACE_STYLE_USAGE(.BOTH.,#5839);
#5839 = SURFACE_SIDE_STYLE('',(#5840));
#5840 = SURFACE_STYLE_FILL_AREA(#5841);
#5841 = FILL_AREA_STYLE('',(#5842));
#5842 = FILL_AREA_STYLE_COLOUR('',#5807);
#5843 = OVER_RIDING_STYLED_ITEM('overriding color',(#5844),#671,#5789);
#5844 = PRESENTATION_STYLE_ASSIGNMENT((#5845));
#5845 = SURFACE_STYLE_USAGE(.BOTH.,#5846);
#5846 = SURFACE_SIDE_STYLE('',(#5847));
#5847 = SURFACE_STYLE_FILL_AREA(#5848);
#5848 = FILL_AREA_STYLE('',(#5849));
#5849 = FILL_AREA_STYLE_COLOUR('',#5807);
#5850 = OVER_RIDING_STYLED_ITEM('overriding color',(#5851),#741,#5789);
#5851 = PRESENTATION_STYLE_ASSIGNMENT((#5852));
#5852 = SURFACE_STYLE_USAGE(.BOTH.,#5853);
#5853 = SURFACE_SIDE_STYLE('',(#5854));
#5854 = SURFACE_STYLE_FILL_AREA(#5855);
#5855 = FILL_AREA_STYLE('',(#5856));
#5856 = FILL_AREA_STYLE_COLOUR('',#5807);
#5857 = OVER_RIDING_STYLED_ITEM('overriding color',(#5858),#801,#5789);
#5858 = PRESENTATION_STYLE_ASSIGNMENT((#5859));
#5859 = SURFACE_STYLE_USAGE(.BOTH.,#5860);
#5860 = SURFACE_SIDE_STYLE('',(#5861));
#5861 = SURFACE_STYLE_FILL_AREA(#5862);
#5862 = FILL_AREA_STYLE('',(#5863));
#5863 = FILL_AREA_STYLE_COLOUR('',#5807);
#5864 = OVER_RIDING_STYLED_ITEM('overriding color',(#5865),#832,#5789);
#5865 = PRESENTATION_STYLE_ASSIGNMENT((#5866));
#5866 = SURFACE_STYLE_USAGE(.BOTH.,#5867);
#5867 = SURFACE_SIDE_STYLE('',(#5868));
#5868 = SURFACE_STYLE_FILL_AREA(#5869);
#5869 = FILL_AREA_STYLE('',(#5870));
#5870 = FILL_AREA_STYLE_COLOUR('',#5807);
#5871 = OVER_RIDING_STYLED_ITEM('overriding color',(#5872),#863,#5789);
#5872 = PRESENTATION_STYLE_ASSIGNMENT((#5873));
#5873 = SURFACE_STYLE_USAGE(.BOTH.,#5874);
#5874 = SURFACE_SIDE_STYLE('',(#5875));
#5875 = SURFACE_STYLE_FILL_AREA(#5876);
#5876 = FILL_AREA_STYLE('',(#5877));
#5877 = FILL_AREA_STYLE_COLOUR('',#5807);
#5878 = OVER_RIDING_STYLED_ITEM('overriding color',(#5879),#895,#5789);
#5879 = PRESENTATION_STYLE_ASSIGNMENT((#5880));
#5880 = SURFACE_STYLE_USAGE(.BOTH.,#5881);
#5881 = SURFACE_SIDE_STYLE('',(#5882));
#5882 = SURFACE_STYLE_FILL_AREA(#5883);
#5883 = FILL_AREA_STYLE('',(#5884));
#5884 = FILL_AREA_STYLE_COLOUR('',#5807);
#5885 = OVER_RIDING_STYLED_ITEM('overriding color',(#5886),#927,#5789);
#5886 = PRESENTATION_STYLE_ASSIGNMENT((#5887));
#5887 = SURFACE_STYLE_USAGE(.BOTH.,#5888);
#5888 = SURFACE_SIDE_STYLE('',(#5889));
#5889 = SURFACE_STYLE_FILL_AREA(#5890);
#5890 = FILL_AREA_STYLE('',(#5891));
#5891 = FILL_AREA_STYLE_COLOUR('',#5807);
#5892 = OVER_RIDING_STYLED_ITEM('overriding color',(#5893),#971,#5789);
#5893 = PRESENTATION_STYLE_ASSIGNMENT((#5894));
#5894 = SURFACE_STYLE_USAGE(.BOTH.,#5895);
#5895 = SURFACE_SIDE_STYLE('',(#5896));
#5896 = SURFACE_STYLE_FILL_AREA(#5897);
#5897 = FILL_AREA_STYLE('',(#5898));
#5898 = FILL_AREA_STYLE_COLOUR('',#5807);
#5899 = OVER_RIDING_STYLED_ITEM('overriding color',(#5900),#996,#5789);
#5900 = PRESENTATION_STYLE_ASSIGNMENT((#5901));
#5901 = SURFACE_STYLE_USAGE(.BOTH.,#5902);
#5902 = SURFACE_SIDE_STYLE('',(#5903));
#5903 = SURFACE_STYLE_FILL_AREA(#5904);
#5904 = FILL_AREA_STYLE('',(#5905));
#5905 = FILL_AREA_STYLE_COLOUR('',#5807);
#5906 = OVER_RIDING_STYLED_ITEM('overriding color',(#5907),#1037,#5789);
#5907 = PRESENTATION_STYLE_ASSIGNMENT((#5908));
#5908 = SURFACE_STYLE_USAGE(.BOTH.,#5909);
#5909 = SURFACE_SIDE_STYLE('',(#5910));
#5910 = SURFACE_STYLE_FILL_AREA(#5911);
#5911 = FILL_AREA_STYLE('',(#5912));
#5912 = FILL_AREA_STYLE_COLOUR('',#5807);
#5913 = OVER_RIDING_STYLED_ITEM('overriding color',(#5914),#1078,#5789);
#5914 = PRESENTATION_STYLE_ASSIGNMENT((#5915));
#5915 = SURFACE_STYLE_USAGE(.BOTH.,#5916);
#5916 = SURFACE_SIDE_STYLE('',(#5917));
#5917 = SURFACE_STYLE_FILL_AREA(#5918);
#5918 = FILL_AREA_STYLE('',(#5919));
#5919 = FILL_AREA_STYLE_COLOUR('',#5807);
#5920 = OVER_RIDING_STYLED_ITEM('overriding color',(#5921),#1103,#5789);
#5921 = PRESENTATION_STYLE_ASSIGNMENT((#5922));
#5922 = SURFACE_STYLE_USAGE(.BOTH.,#5923);
#5923 = SURFACE_SIDE_STYLE('',(#5924));
#5924 = SURFACE_STYLE_FILL_AREA(#5925);
#5925 = FILL_AREA_STYLE('',(#5926));
#5926 = FILL_AREA_STYLE_COLOUR('',#5807);
#5927 = OVER_RIDING_STYLED_ITEM('overriding color',(#5928),#1153,#5789);
#5928 = PRESENTATION_STYLE_ASSIGNMENT((#5929));
#5929 = SURFACE_STYLE_USAGE(.BOTH.,#5930);
#5930 = SURFACE_SIDE_STYLE('',(#5931));
#5931 = SURFACE_STYLE_FILL_AREA(#5932);
#5932 = FILL_AREA_STYLE('',(#5933));
#5933 = FILL_AREA_STYLE_COLOUR('',#5807);
#5934 = OVER_RIDING_STYLED_ITEM('overriding color',(#5935),#1213,#5789);
#5935 = PRESENTATION_STYLE_ASSIGNMENT((#5936));
#5936 = SURFACE_STYLE_USAGE(.BOTH.,#5937);
#5937 = SURFACE_SIDE_STYLE('',(#5938));
#5938 = SURFACE_STYLE_FILL_AREA(#5939);
#5939 = FILL_AREA_STYLE('',(#5940));
#5940 = FILL_AREA_STYLE_COLOUR('',#5807);
#5941 = OVER_RIDING_STYLED_ITEM('overriding color',(#5942),#1273,#5789);
#5942 = PRESENTATION_STYLE_ASSIGNMENT((#5943));
#5943 = SURFACE_STYLE_USAGE(.BOTH.,#5944);
#5944 = SURFACE_SIDE_STYLE('',(#5945));
#5945 = SURFACE_STYLE_FILL_AREA(#5946);
#5946 = FILL_AREA_STYLE('',(#5947));
#5947 = FILL_AREA_STYLE_COLOUR('',#5807);
#5948 = OVER_RIDING_STYLED_ITEM('overriding color',(#5949),#1306,#5789);
#5949 = PRESENTATION_STYLE_ASSIGNMENT((#5950));
#5950 = SURFACE_STYLE_USAGE(.BOTH.,#5951);
#5951 = SURFACE_SIDE_STYLE('',(#5952));
#5952 = SURFACE_STYLE_FILL_AREA(#5953);
#5953 = FILL_AREA_STYLE('',(#5954));
#5954 = FILL_AREA_STYLE_COLOUR('',#5807);
#5955 = OVER_RIDING_STYLED_ITEM('overriding color',(#5956),#1458,#5789);
#5956 = PRESENTATION_STYLE_ASSIGNMENT((#5957));
#5957 = SURFACE_STYLE_USAGE(.BOTH.,#5958);
#5958 = SURFACE_SIDE_STYLE('',(#5959));
#5959 = SURFACE_STYLE_FILL_AREA(#5960);
#5960 = FILL_AREA_STYLE('',(#5961));
#5961 = FILL_AREA_STYLE_COLOUR('',#5807);
#5962 = OVER_RIDING_STYLED_ITEM('overriding color',(#5963),#2419,#5789);
#5963 = PRESENTATION_STYLE_ASSIGNMENT((#5964));
#5964 = SURFACE_STYLE_USAGE(.BOTH.,#5965);
#5965 = SURFACE_SIDE_STYLE('',(#5966));
#5966 = SURFACE_STYLE_FILL_AREA(#5967);
#5967 = FILL_AREA_STYLE('',(#5968));
#5968 = FILL_AREA_STYLE_COLOUR('',#5807);
#5969 = OVER_RIDING_STYLED_ITEM('overriding color',(#5970),#2443,#5789);
#5970 = PRESENTATION_STYLE_ASSIGNMENT((#5971));
#5971 = SURFACE_STYLE_USAGE(.BOTH.,#5972);
#5972 = SURFACE_SIDE_STYLE('',(#5973));
#5973 = SURFACE_STYLE_FILL_AREA(#5974);
#5974 = FILL_AREA_STYLE('',(#5975));
#5975 = FILL_AREA_STYLE_COLOUR('',#5807);
#5976 = OVER_RIDING_STYLED_ITEM('overriding color',(#5977),#2468,#5789);
#5977 = PRESENTATION_STYLE_ASSIGNMENT((#5978));
#5978 = SURFACE_STYLE_USAGE(.BOTH.,#5979);
#5979 = SURFACE_SIDE_STYLE('',(#5980));
#5980 = SURFACE_STYLE_FILL_AREA(#5981);
#5981 = FILL_AREA_STYLE('',(#5982));
#5982 = FILL_AREA_STYLE_COLOUR('',#5807);
#5983 = OVER_RIDING_STYLED_ITEM('overriding color',(#5984),#2499,#5789);
#5984 = PRESENTATION_STYLE_ASSIGNMENT((#5985));
#5985 = SURFACE_STYLE_USAGE(.BOTH.,#5986);
#5986 = SURFACE_SIDE_STYLE('',(#5987));
#5987 = SURFACE_STYLE_FILL_AREA(#5988);
#5988 = FILL_AREA_STYLE('',(#5989));
#5989 = FILL_AREA_STYLE_COLOUR('',#5807);
#5990 = OVER_RIDING_STYLED_ITEM('overriding color',(#5991),#2523,#5789);
#5991 = PRESENTATION_STYLE_ASSIGNMENT((#5992));
#5992 = SURFACE_STYLE_USAGE(.BOTH.,#5993);
#5993 = SURFACE_SIDE_STYLE('',(#5994));
#5994 = SURFACE_STYLE_FILL_AREA(#5995);
#5995 = FILL_AREA_STYLE('',(#5996));
#5996 = FILL_AREA_STYLE_COLOUR('',#5807);
#5997 = OVER_RIDING_STYLED_ITEM('overriding color',(#5998),#2547,#5789);
#5998 = PRESENTATION_STYLE_ASSIGNMENT((#5999));
#5999 = SURFACE_STYLE_USAGE(.BOTH.,#6000);
#6000 = SURFACE_SIDE_STYLE('',(#6001));
#6001 = SURFACE_STYLE_FILL_AREA(#6002);
#6002 = FILL_AREA_STYLE('',(#6003));
#6003 = FILL_AREA_STYLE_COLOUR('',#5807);
#6004 = OVER_RIDING_STYLED_ITEM('overriding color',(#6005),#2571,#5789);
#6005 = PRESENTATION_STYLE_ASSIGNMENT((#6006));
#6006 = SURFACE_STYLE_USAGE(.BOTH.,#6007);
#6007 = SURFACE_SIDE_STYLE('',(#6008));
#6008 = SURFACE_STYLE_FILL_AREA(#6009);
#6009 = FILL_AREA_STYLE('',(#6010));
#6010 = FILL_AREA_STYLE_COLOUR('',#5807);
#6011 = OVER_RIDING_STYLED_ITEM('overriding color',(#6012),#2595,#5789);
#6012 = PRESENTATION_STYLE_ASSIGNMENT((#6013));
#6013 = SURFACE_STYLE_USAGE(.BOTH.,#6014);
#6014 = SURFACE_SIDE_STYLE('',(#6015));
#6015 = SURFACE_STYLE_FILL_AREA(#6016);
#6016 = FILL_AREA_STYLE('',(#6017));
#6017 = FILL_AREA_STYLE_COLOUR('',#5807);
#6018 = OVER_RIDING_STYLED_ITEM('overriding color',(#6019),#2619,#5789);
#6019 = PRESENTATION_STYLE_ASSIGNMENT((#6020));
#6020 = SURFACE_STYLE_USAGE(.BOTH.,#6021);
#6021 = SURFACE_SIDE_STYLE('',(#6022));
#6022 = SURFACE_STYLE_FILL_AREA(#6023);
#6023 = FILL_AREA_STYLE('',(#6024));
#6024 = FILL_AREA_STYLE_COLOUR('',#5807);
#6025 = OVER_RIDING_STYLED_ITEM('overriding color',(#6026),#2643,#5789);
#6026 = PRESENTATION_STYLE_ASSIGNMENT((#6027));
#6027 = SURFACE_STYLE_USAGE(.BOTH.,#6028);
#6028 = SURFACE_SIDE_STYLE('',(#6029));
#6029 = SURFACE_STYLE_FILL_AREA(#6030);
#6030 = FILL_AREA_STYLE('',(#6031));
#6031 = FILL_AREA_STYLE_COLOUR('',#5807);
#6032 = OVER_RIDING_STYLED_ITEM('overriding color',(#6033),#2667,#5789);
#6033 = PRESENTATION_STYLE_ASSIGNMENT((#6034));
#6034 = SURFACE_STYLE_USAGE(.BOTH.,#6035);
#6035 = SURFACE_SIDE_STYLE('',(#6036));
#6036 = SURFACE_STYLE_FILL_AREA(#6037);
#6037 = FILL_AREA_STYLE('',(#6038));
#6038 = FILL_AREA_STYLE_COLOUR('',#5807);
#6039 = OVER_RIDING_STYLED_ITEM('overriding color',(#6040),#2691,#5789);
#6040 = PRESENTATION_STYLE_ASSIGNMENT((#6041));
#6041 = SURFACE_STYLE_USAGE(.BOTH.,#6042);
#6042 = SURFACE_SIDE_STYLE('',(#6043));
#6043 = SURFACE_STYLE_FILL_AREA(#6044);
#6044 = FILL_AREA_STYLE('',(#6045));
#6045 = FILL_AREA_STYLE_COLOUR('',#5807);
#6046 = OVER_RIDING_STYLED_ITEM('overriding color',(#6047),#2715,#5789);
#6047 = PRESENTATION_STYLE_ASSIGNMENT((#6048));
#6048 = SURFACE_STYLE_USAGE(.BOTH.,#6049);
#6049 = SURFACE_SIDE_STYLE('',(#6050));
#6050 = SURFACE_STYLE_FILL_AREA(#6051);
#6051 = FILL_AREA_STYLE('',(#6052));
#6052 = FILL_AREA_STYLE_COLOUR('',#5807);
#6053 = OVER_RIDING_STYLED_ITEM('overriding color',(#6054),#2739,#5789);
#6054 = PRESENTATION_STYLE_ASSIGNMENT((#6055));
#6055 = SURFACE_STYLE_USAGE(.BOTH.,#6056);
#6056 = SURFACE_SIDE_STYLE('',(#6057));
#6057 = SURFACE_STYLE_FILL_AREA(#6058);
#6058 = FILL_AREA_STYLE('',(#6059));
#6059 = FILL_AREA_STYLE_COLOUR('',#5807);
#6060 = OVER_RIDING_STYLED_ITEM('overriding color',(#6061),#2763,#5789);
#6061 = PRESENTATION_STYLE_ASSIGNMENT((#6062));
#6062 = SURFACE_STYLE_USAGE(.BOTH.,#6063);
#6063 = SURFACE_SIDE_STYLE('',(#6064));
#6064 = SURFACE_STYLE_FILL_AREA(#6065);
#6065 = FILL_AREA_STYLE('',(#6066));
#6066 = FILL_AREA_STYLE_COLOUR('',#5807);
#6067 = OVER_RIDING_STYLED_ITEM('overriding color',(#6068),#2794,#5789);
#6068 = PRESENTATION_STYLE_ASSIGNMENT((#6069));
#6069 = SURFACE_STYLE_USAGE(.BOTH.,#6070);
#6070 = SURFACE_SIDE_STYLE('',(#6071));
#6071 = SURFACE_STYLE_FILL_AREA(#6072);
#6072 = FILL_AREA_STYLE('',(#6073));
#6073 = FILL_AREA_STYLE_COLOUR('',#5807);
#6074 = OVER_RIDING_STYLED_ITEM('overriding color',(#6075),#2818,#5789);
#6075 = PRESENTATION_STYLE_ASSIGNMENT((#6076));
#6076 = SURFACE_STYLE_USAGE(.BOTH.,#6077);
#6077 = SURFACE_SIDE_STYLE('',(#6078));
#6078 = SURFACE_STYLE_FILL_AREA(#6079);
#6079 = FILL_AREA_STYLE('',(#6080));
#6080 = FILL_AREA_STYLE_COLOUR('',#5807);
#6081 = OVER_RIDING_STYLED_ITEM('overriding color',(#6082),#2842,#5789);
#6082 = PRESENTATION_STYLE_ASSIGNMENT((#6083));
#6083 = SURFACE_STYLE_USAGE(.BOTH.,#6084);
#6084 = SURFACE_SIDE_STYLE('',(#6085));
#6085 = SURFACE_STYLE_FILL_AREA(#6086);
#6086 = FILL_AREA_STYLE('',(#6087));
#6087 = FILL_AREA_STYLE_COLOUR('',#5807);
#6088 = OVER_RIDING_STYLED_ITEM('overriding color',(#6089),#2873,#5789);
#6089 = PRESENTATION_STYLE_ASSIGNMENT((#6090));
#6090 = SURFACE_STYLE_USAGE(.BOTH.,#6091);
#6091 = SURFACE_SIDE_STYLE('',(#6092));
#6092 = SURFACE_STYLE_FILL_AREA(#6093);
#6093 = FILL_AREA_STYLE('',(#6094));
#6094 = FILL_AREA_STYLE_COLOUR('',#5807);
#6095 = OVER_RIDING_STYLED_ITEM('overriding color',(#6096),#2906,#5789);
#6096 = PRESENTATION_STYLE_ASSIGNMENT((#6097));
#6097 = SURFACE_STYLE_USAGE(.BOTH.,#6098);
#6098 = SURFACE_SIDE_STYLE('',(#6099));
#6099 = SURFACE_STYLE_FILL_AREA(#6100);
#6100 = FILL_AREA_STYLE('',(#6101));
#6101 = FILL_AREA_STYLE_COLOUR('',#5807);
#6102 = OVER_RIDING_STYLED_ITEM('overriding color',(#6103),#2930,#5789);
#6103 = PRESENTATION_STYLE_ASSIGNMENT((#6104));
#6104 = SURFACE_STYLE_USAGE(.BOTH.,#6105);
#6105 = SURFACE_SIDE_STYLE('',(#6106));
#6106 = SURFACE_STYLE_FILL_AREA(#6107);
#6107 = FILL_AREA_STYLE('',(#6108));
#6108 = FILL_AREA_STYLE_COLOUR('',#5807);
#6109 = OVER_RIDING_STYLED_ITEM('overriding color',(#6110),#2961,#5789);
#6110 = PRESENTATION_STYLE_ASSIGNMENT((#6111));
#6111 = SURFACE_STYLE_USAGE(.BOTH.,#6112);
#6112 = SURFACE_SIDE_STYLE('',(#6113));
#6113 = SURFACE_STYLE_FILL_AREA(#6114);
#6114 = FILL_AREA_STYLE('',(#6115));
#6115 = FILL_AREA_STYLE_COLOUR('',#5807);
#6116 = OVER_RIDING_STYLED_ITEM('overriding color',(#6117),#2992,#5789);
#6117 = PRESENTATION_STYLE_ASSIGNMENT((#6118));
#6118 = SURFACE_STYLE_USAGE(.BOTH.,#6119);
#6119 = SURFACE_SIDE_STYLE('',(#6120));
#6120 = SURFACE_STYLE_FILL_AREA(#6121);
#6121 = FILL_AREA_STYLE('',(#6122));
#6122 = FILL_AREA_STYLE_COLOUR('',#5807);
#6123 = OVER_RIDING_STYLED_ITEM('overriding color',(#6124),#3016,#5789);
#6124 = PRESENTATION_STYLE_ASSIGNMENT((#6125));
#6125 = SURFACE_STYLE_USAGE(.BOTH.,#6126);
#6126 = SURFACE_SIDE_STYLE('',(#6127));
#6127 = SURFACE_STYLE_FILL_AREA(#6128);
#6128 = FILL_AREA_STYLE('',(#6129));
#6129 = FILL_AREA_STYLE_COLOUR('',#5807);
#6130 = OVER_RIDING_STYLED_ITEM('overriding color',(#6131),#3058,#5789);
#6131 = PRESENTATION_STYLE_ASSIGNMENT((#6132));
#6132 = SURFACE_STYLE_USAGE(.BOTH.,#6133);
#6133 = SURFACE_SIDE_STYLE('',(#6134));
#6134 = SURFACE_STYLE_FILL_AREA(#6135);
#6135 = FILL_AREA_STYLE('',(#6136));
#6136 = FILL_AREA_STYLE_COLOUR('',#5807);
#6137 = OVER_RIDING_STYLED_ITEM('overriding color',(#6138),#3107,#5789);
#6138 = PRESENTATION_STYLE_ASSIGNMENT((#6139));
#6139 = SURFACE_STYLE_USAGE(.BOTH.,#6140);
#6140 = SURFACE_SIDE_STYLE('',(#6141));
#6141 = SURFACE_STYLE_FILL_AREA(#6142);
#6142 = FILL_AREA_STYLE('',(#6143));
#6143 = FILL_AREA_STYLE_COLOUR('',#5807);
#6144 = OVER_RIDING_STYLED_ITEM('overriding color',(#6145),#3131,#5789);
#6145 = PRESENTATION_STYLE_ASSIGNMENT((#6146));
#6146 = SURFACE_STYLE_USAGE(.BOTH.,#6147);
#6147 = SURFACE_SIDE_STYLE('',(#6148));
#6148 = SURFACE_STYLE_FILL_AREA(#6149);
#6149 = FILL_AREA_STYLE('',(#6150));
#6150 = FILL_AREA_STYLE_COLOUR('',#5807);
#6151 = OVER_RIDING_STYLED_ITEM('overriding color',(#6152),#3155,#5789);
#6152 = PRESENTATION_STYLE_ASSIGNMENT((#6153));
#6153 = SURFACE_STYLE_USAGE(.BOTH.,#6154);
#6154 = SURFACE_SIDE_STYLE('',(#6155));
#6155 = SURFACE_STYLE_FILL_AREA(#6156);
#6156 = FILL_AREA_STYLE('',(#6157));
#6157 = FILL_AREA_STYLE_COLOUR('',#5807);
#6158 = OVER_RIDING_STYLED_ITEM('overriding color',(#6159),#3186,#5789);
#6159 = PRESENTATION_STYLE_ASSIGNMENT((#6160));
#6160 = SURFACE_STYLE_USAGE(.BOTH.,#6161);
#6161 = SURFACE_SIDE_STYLE('',(#6162));
#6162 = SURFACE_STYLE_FILL_AREA(#6163);
#6163 = FILL_AREA_STYLE('',(#6164));
#6164 = FILL_AREA_STYLE_COLOUR('',#5807);
#6165 = OVER_RIDING_STYLED_ITEM('overriding color',(#6166),#3217,#5789);
#6166 = PRESENTATION_STYLE_ASSIGNMENT((#6167));
#6167 = SURFACE_STYLE_USAGE(.BOTH.,#6168);
#6168 = SURFACE_SIDE_STYLE('',(#6169));
#6169 = SURFACE_STYLE_FILL_AREA(#6170);
#6170 = FILL_AREA_STYLE('',(#6171));
#6171 = FILL_AREA_STYLE_COLOUR('',#5807);
#6172 = OVER_RIDING_STYLED_ITEM('overriding color',(#6173),#3248,#5789);
#6173 = PRESENTATION_STYLE_ASSIGNMENT((#6174));
#6174 = SURFACE_STYLE_USAGE(.BOTH.,#6175);
#6175 = SURFACE_SIDE_STYLE('',(#6176));
#6176 = SURFACE_STYLE_FILL_AREA(#6177);
#6177 = FILL_AREA_STYLE('',(#6178));
#6178 = FILL_AREA_STYLE_COLOUR('',#5807);
#6179 = OVER_RIDING_STYLED_ITEM('overriding color',(#6180),#3279,#5789);
#6180 = PRESENTATION_STYLE_ASSIGNMENT((#6181));
#6181 = SURFACE_STYLE_USAGE(.BOTH.,#6182);
#6182 = SURFACE_SIDE_STYLE('',(#6183));
#6183 = SURFACE_STYLE_FILL_AREA(#6184);
#6184 = FILL_AREA_STYLE('',(#6185));
#6185 = FILL_AREA_STYLE_COLOUR('',#5807);
#6186 = OVER_RIDING_STYLED_ITEM('overriding color',(#6187),#3310,#5789);
#6187 = PRESENTATION_STYLE_ASSIGNMENT((#6188));
#6188 = SURFACE_STYLE_USAGE(.BOTH.,#6189);
#6189 = SURFACE_SIDE_STYLE('',(#6190));
#6190 = SURFACE_STYLE_FILL_AREA(#6191);
#6191 = FILL_AREA_STYLE('',(#6192));
#6192 = FILL_AREA_STYLE_COLOUR('',#5807);
#6193 = OVER_RIDING_STYLED_ITEM('overriding color',(#6194),#3334,#5789);
#6194 = PRESENTATION_STYLE_ASSIGNMENT((#6195));
#6195 = SURFACE_STYLE_USAGE(.BOTH.,#6196);
#6196 = SURFACE_SIDE_STYLE('',(#6197));
#6197 = SURFACE_STYLE_FILL_AREA(#6198);
#6198 = FILL_AREA_STYLE('',(#6199));
#6199 = FILL_AREA_STYLE_COLOUR('',#5807);
#6200 = OVER_RIDING_STYLED_ITEM('overriding color',(#6201),#3358,#5789);
#6201 = PRESENTATION_STYLE_ASSIGNMENT((#6202));
#6202 = SURFACE_STYLE_USAGE(.BOTH.,#6203);
#6203 = SURFACE_SIDE_STYLE('',(#6204));
#6204 = SURFACE_STYLE_FILL_AREA(#6205);
#6205 = FILL_AREA_STYLE('',(#6206));
#6206 = FILL_AREA_STYLE_COLOUR('',#5807);
#6207 = OVER_RIDING_STYLED_ITEM('overriding color',(#6208),#3389,#5789);
#6208 = PRESENTATION_STYLE_ASSIGNMENT((#6209));
#6209 = SURFACE_STYLE_USAGE(.BOTH.,#6210);
#6210 = SURFACE_SIDE_STYLE('',(#6211));
#6211 = SURFACE_STYLE_FILL_AREA(#6212);
#6212 = FILL_AREA_STYLE('',(#6213));
#6213 = FILL_AREA_STYLE_COLOUR('',#5807);
#6214 = OVER_RIDING_STYLED_ITEM('overriding color',(#6215),#3413,#5789);
#6215 = PRESENTATION_STYLE_ASSIGNMENT((#6216));
#6216 = SURFACE_STYLE_USAGE(.BOTH.,#6217);
#6217 = SURFACE_SIDE_STYLE('',(#6218));
#6218 = SURFACE_STYLE_FILL_AREA(#6219);
#6219 = FILL_AREA_STYLE('',(#6220));
#6220 = FILL_AREA_STYLE_COLOUR('',#5807);
#6221 = OVER_RIDING_STYLED_ITEM('overriding color',(#6222),#3437,#5789);
#6222 = PRESENTATION_STYLE_ASSIGNMENT((#6223));
#6223 = SURFACE_STYLE_USAGE(.BOTH.,#6224);
#6224 = SURFACE_SIDE_STYLE('',(#6225));
#6225 = SURFACE_STYLE_FILL_AREA(#6226);
#6226 = FILL_AREA_STYLE('',(#6227));
#6227 = FILL_AREA_STYLE_COLOUR('',#5807);
#6228 = OVER_RIDING_STYLED_ITEM('overriding color',(#6229),#3468,#5789);
#6229 = PRESENTATION_STYLE_ASSIGNMENT((#6230));
#6230 = SURFACE_STYLE_USAGE(.BOTH.,#6231);
#6231 = SURFACE_SIDE_STYLE('',(#6232));
#6232 = SURFACE_STYLE_FILL_AREA(#6233);
#6233 = FILL_AREA_STYLE('',(#6234));
#6234 = FILL_AREA_STYLE_COLOUR('',#5807);
#6235 = OVER_RIDING_STYLED_ITEM('overriding color',(#6236),#3499,#5789);
#6236 = PRESENTATION_STYLE_ASSIGNMENT((#6237));
#6237 = SURFACE_STYLE_USAGE(.BOTH.,#6238);
#6238 = SURFACE_SIDE_STYLE('',(#6239));
#6239 = SURFACE_STYLE_FILL_AREA(#6240);
#6240 = FILL_AREA_STYLE('',(#6241));
#6241 = FILL_AREA_STYLE_COLOUR('',#5807);
#6242 = OVER_RIDING_STYLED_ITEM('overriding color',(#6243),#3530,#5789);
#6243 = PRESENTATION_STYLE_ASSIGNMENT((#6244));
#6244 = SURFACE_STYLE_USAGE(.BOTH.,#6245);
#6245 = SURFACE_SIDE_STYLE('',(#6246));
#6246 = SURFACE_STYLE_FILL_AREA(#6247);
#6247 = FILL_AREA_STYLE('',(#6248));
#6248 = FILL_AREA_STYLE_COLOUR('',#5807);
#6249 = OVER_RIDING_STYLED_ITEM('overriding color',(#6250),#3554,#5789);
#6250 = PRESENTATION_STYLE_ASSIGNMENT((#6251));
#6251 = SURFACE_STYLE_USAGE(.BOTH.,#6252);
#6252 = SURFACE_SIDE_STYLE('',(#6253));
#6253 = SURFACE_STYLE_FILL_AREA(#6254);
#6254 = FILL_AREA_STYLE('',(#6255));
#6255 = FILL_AREA_STYLE_COLOUR('',#5807);
#6256 = OVER_RIDING_STYLED_ITEM('overriding color',(#6257),#3585,#5789);
#6257 = PRESENTATION_STYLE_ASSIGNMENT((#6258));
#6258 = SURFACE_STYLE_USAGE(.BOTH.,#6259);
#6259 = SURFACE_SIDE_STYLE('',(#6260));
#6260 = SURFACE_STYLE_FILL_AREA(#6261);
#6261 = FILL_AREA_STYLE('',(#6262));
#6262 = FILL_AREA_STYLE_COLOUR('',#5807);
#6263 = OVER_RIDING_STYLED_ITEM('overriding color',(#6264),#3609,#5789);
#6264 = PRESENTATION_STYLE_ASSIGNMENT((#6265));
#6265 = SURFACE_STYLE_USAGE(.BOTH.,#6266);
#6266 = SURFACE_SIDE_STYLE('',(#6267));
#6267 = SURFACE_STYLE_FILL_AREA(#6268);
#6268 = FILL_AREA_STYLE('',(#6269));
#6269 = FILL_AREA_STYLE_COLOUR('',#5807);
#6270 = OVER_RIDING_STYLED_ITEM('overriding color',(#6271),#3651,#5789);
#6271 = PRESENTATION_STYLE_ASSIGNMENT((#6272));
#6272 = SURFACE_STYLE_USAGE(.BOTH.,#6273);
#6273 = SURFACE_SIDE_STYLE('',(#6274));
#6274 = SURFACE_STYLE_FILL_AREA(#6275);
#6275 = FILL_AREA_STYLE('',(#6276));
#6276 = FILL_AREA_STYLE_COLOUR('',#5807);
#6277 = OVER_RIDING_STYLED_ITEM('overriding color',(#6278),#3700,#5789);
#6278 = PRESENTATION_STYLE_ASSIGNMENT((#6279));
#6279 = SURFACE_STYLE_USAGE(.BOTH.,#6280);
#6280 = SURFACE_SIDE_STYLE('',(#6281));
#6281 = SURFACE_STYLE_FILL_AREA(#6282);
#6282 = FILL_AREA_STYLE('',(#6283));
#6283 = FILL_AREA_STYLE_COLOUR('',#5807);
#6284 = OVER_RIDING_STYLED_ITEM('overriding color',(#6285),#3724,#5789);
#6285 = PRESENTATION_STYLE_ASSIGNMENT((#6286));
#6286 = SURFACE_STYLE_USAGE(.BOTH.,#6287);
#6287 = SURFACE_SIDE_STYLE('',(#6288));
#6288 = SURFACE_STYLE_FILL_AREA(#6289);
#6289 = FILL_AREA_STYLE('',(#6290));
#6290 = FILL_AREA_STYLE_COLOUR('',#5807);
#6291 = OVER_RIDING_STYLED_ITEM('overriding color',(#6292),#3748,#5789);
#6292 = PRESENTATION_STYLE_ASSIGNMENT((#6293));
#6293 = SURFACE_STYLE_USAGE(.BOTH.,#6294);
#6294 = SURFACE_SIDE_STYLE('',(#6295));
#6295 = SURFACE_STYLE_FILL_AREA(#6296);
#6296 = FILL_AREA_STYLE('',(#6297));
#6297 = FILL_AREA_STYLE_COLOUR('',#5807);
#6298 = OVER_RIDING_STYLED_ITEM('overriding color',(#6299),#3772,#5789);
#6299 = PRESENTATION_STYLE_ASSIGNMENT((#6300));
#6300 = SURFACE_STYLE_USAGE(.BOTH.,#6301);
#6301 = SURFACE_SIDE_STYLE('',(#6302));
#6302 = SURFACE_STYLE_FILL_AREA(#6303);
#6303 = FILL_AREA_STYLE('',(#6304));
#6304 = FILL_AREA_STYLE_COLOUR('',#5807);
#6305 = OVER_RIDING_STYLED_ITEM('overriding color',(#6306),#3796,#5789);
#6306 = PRESENTATION_STYLE_ASSIGNMENT((#6307));
#6307 = SURFACE_STYLE_USAGE(.BOTH.,#6308);
#6308 = SURFACE_SIDE_STYLE('',(#6309));
#6309 = SURFACE_STYLE_FILL_AREA(#6310);
#6310 = FILL_AREA_STYLE('',(#6311));
#6311 = FILL_AREA_STYLE_COLOUR('',#5807);
#6312 = OVER_RIDING_STYLED_ITEM('overriding color',(#6313),#3820,#5789);
#6313 = PRESENTATION_STYLE_ASSIGNMENT((#6314));
#6314 = SURFACE_STYLE_USAGE(.BOTH.,#6315);
#6315 = SURFACE_SIDE_STYLE('',(#6316));
#6316 = SURFACE_STYLE_FILL_AREA(#6317);
#6317 = FILL_AREA_STYLE('',(#6318));
#6318 = FILL_AREA_STYLE_COLOUR('',#5807);
#6319 = OVER_RIDING_STYLED_ITEM('overriding color',(#6320),#3844,#5789);
#6320 = PRESENTATION_STYLE_ASSIGNMENT((#6321));
#6321 = SURFACE_STYLE_USAGE(.BOTH.,#6322);
#6322 = SURFACE_SIDE_STYLE('',(#6323));
#6323 = SURFACE_STYLE_FILL_AREA(#6324);
#6324 = FILL_AREA_STYLE('',(#6325));
#6325 = FILL_AREA_STYLE_COLOUR('',#5807);
#6326 = OVER_RIDING_STYLED_ITEM('overriding color',(#6327),#3868,#5789);
#6327 = PRESENTATION_STYLE_ASSIGNMENT((#6328));
#6328 = SURFACE_STYLE_USAGE(.BOTH.,#6329);
#6329 = SURFACE_SIDE_STYLE('',(#6330));
#6330 = SURFACE_STYLE_FILL_AREA(#6331);
#6331 = FILL_AREA_STYLE('',(#6332));
#6332 = FILL_AREA_STYLE_COLOUR('',#5807);
#6333 = OVER_RIDING_STYLED_ITEM('overriding color',(#6334),#3899,#5789);
#6334 = PRESENTATION_STYLE_ASSIGNMENT((#6335));
#6335 = SURFACE_STYLE_USAGE(.BOTH.,#6336);
#6336 = SURFACE_SIDE_STYLE('',(#6337));
#6337 = SURFACE_STYLE_FILL_AREA(#6338);
#6338 = FILL_AREA_STYLE('',(#6339));
#6339 = FILL_AREA_STYLE_COLOUR('',#5807);
#6340 = OVER_RIDING_STYLED_ITEM('overriding color',(#6341),#3923,#5789);
#6341 = PRESENTATION_STYLE_ASSIGNMENT((#6342));
#6342 = SURFACE_STYLE_USAGE(.BOTH.,#6343);
#6343 = SURFACE_SIDE_STYLE('',(#6344));
#6344 = SURFACE_STYLE_FILL_AREA(#6345);
#6345 = FILL_AREA_STYLE('',(#6346));
#6346 = FILL_AREA_STYLE_COLOUR('',#5807);
#6347 = OVER_RIDING_STYLED_ITEM('overriding color',(#6348),#3947,#5789);
#6348 = PRESENTATION_STYLE_ASSIGNMENT((#6349));
#6349 = SURFACE_STYLE_USAGE(.BOTH.,#6350);
#6350 = SURFACE_SIDE_STYLE('',(#6351));
#6351 = SURFACE_STYLE_FILL_AREA(#6352);
#6352 = FILL_AREA_STYLE('',(#6353));
#6353 = FILL_AREA_STYLE_COLOUR('',#5807);
#6354 = OVER_RIDING_STYLED_ITEM('overriding color',(#6355),#3971,#5789);
#6355 = PRESENTATION_STYLE_ASSIGNMENT((#6356));
#6356 = SURFACE_STYLE_USAGE(.BOTH.,#6357);
#6357 = SURFACE_SIDE_STYLE('',(#6358));
#6358 = SURFACE_STYLE_FILL_AREA(#6359);
#6359 = FILL_AREA_STYLE('',(#6360));
#6360 = FILL_AREA_STYLE_COLOUR('',#5807);
#6361 = OVER_RIDING_STYLED_ITEM('overriding color',(#6362),#3995,#5789);
#6362 = PRESENTATION_STYLE_ASSIGNMENT((#6363));
#6363 = SURFACE_STYLE_USAGE(.BOTH.,#6364);
#6364 = SURFACE_SIDE_STYLE('',(#6365));
#6365 = SURFACE_STYLE_FILL_AREA(#6366);
#6366 = FILL_AREA_STYLE('',(#6367));
#6367 = FILL_AREA_STYLE_COLOUR('',#5807);
#6368 = OVER_RIDING_STYLED_ITEM('overriding color',(#6369),#4019,#5789);
#6369 = PRESENTATION_STYLE_ASSIGNMENT((#6370));
#6370 = SURFACE_STYLE_USAGE(.BOTH.,#6371);
#6371 = SURFACE_SIDE_STYLE('',(#6372));
#6372 = SURFACE_STYLE_FILL_AREA(#6373);
#6373 = FILL_AREA_STYLE('',(#6374));
#6374 = FILL_AREA_STYLE_COLOUR('',#5807);
#6375 = OVER_RIDING_STYLED_ITEM('overriding color',(#6376),#4043,#5789);
#6376 = PRESENTATION_STYLE_ASSIGNMENT((#6377));
#6377 = SURFACE_STYLE_USAGE(.BOTH.,#6378);
#6378 = SURFACE_SIDE_STYLE('',(#6379));
#6379 = SURFACE_STYLE_FILL_AREA(#6380);
#6380 = FILL_AREA_STYLE('',(#6381));
#6381 = FILL_AREA_STYLE_COLOUR('',#5807);
#6382 = OVER_RIDING_STYLED_ITEM('overriding color',(#6383),#4067,#5789);
#6383 = PRESENTATION_STYLE_ASSIGNMENT((#6384));
#6384 = SURFACE_STYLE_USAGE(.BOTH.,#6385);
#6385 = SURFACE_SIDE_STYLE('',(#6386));
#6386 = SURFACE_STYLE_FILL_AREA(#6387);
#6387 = FILL_AREA_STYLE('',(#6388));
#6388 = FILL_AREA_STYLE_COLOUR('',#5807);
#6389 = OVER_RIDING_STYLED_ITEM('overriding color',(#6390),#4091,#5789);
#6390 = PRESENTATION_STYLE_ASSIGNMENT((#6391));
#6391 = SURFACE_STYLE_USAGE(.BOTH.,#6392);
#6392 = SURFACE_SIDE_STYLE('',(#6393));
#6393 = SURFACE_STYLE_FILL_AREA(#6394);
#6394 = FILL_AREA_STYLE('',(#6395));
#6395 = FILL_AREA_STYLE_COLOUR('',#5807);
#6396 = OVER_RIDING_STYLED_ITEM('overriding color',(#6397),#4115,#5789);
#6397 = PRESENTATION_STYLE_ASSIGNMENT((#6398));
#6398 = SURFACE_STYLE_USAGE(.BOTH.,#6399);
#6399 = SURFACE_SIDE_STYLE('',(#6400));
#6400 = SURFACE_STYLE_FILL_AREA(#6401);
#6401 = FILL_AREA_STYLE('',(#6402));
#6402 = FILL_AREA_STYLE_COLOUR('',#5807);
#6403 = OVER_RIDING_STYLED_ITEM('overriding color',(#6404),#4139,#5789);
#6404 = PRESENTATION_STYLE_ASSIGNMENT((#6405));
#6405 = SURFACE_STYLE_USAGE(.BOTH.,#6406);
#6406 = SURFACE_SIDE_STYLE('',(#6407));
#6407 = SURFACE_STYLE_FILL_AREA(#6408);
#6408 = FILL_AREA_STYLE('',(#6409));
#6409 = FILL_AREA_STYLE_COLOUR('',#5807);
#6410 = OVER_RIDING_STYLED_ITEM('overriding color',(#6411),#4163,#5789);
#6411 = PRESENTATION_STYLE_ASSIGNMENT((#6412));
#6412 = SURFACE_STYLE_USAGE(.BOTH.,#6413);
#6413 = SURFACE_SIDE_STYLE('',(#6414));
#6414 = SURFACE_STYLE_FILL_AREA(#6415);
#6415 = FILL_AREA_STYLE('',(#6416));
#6416 = FILL_AREA_STYLE_COLOUR('',#5807);
#6417 = OVER_RIDING_STYLED_ITEM('overriding color',(#6418),#4201,#5789);
#6418 = PRESENTATION_STYLE_ASSIGNMENT((#6419));
#6419 = SURFACE_STYLE_USAGE(.BOTH.,#6420);
#6420 = SURFACE_SIDE_STYLE('',(#6421));
#6421 = SURFACE_STYLE_FILL_AREA(#6422);
#6422 = FILL_AREA_STYLE('',(#6423));
#6423 = FILL_AREA_STYLE_COLOUR('',#5807);
#6424 = OVER_RIDING_STYLED_ITEM('overriding color',(#6425),#4218,#5789);
#6425 = PRESENTATION_STYLE_ASSIGNMENT((#6426));
#6426 = SURFACE_STYLE_USAGE(.BOTH.,#6427);
#6427 = SURFACE_SIDE_STYLE('',(#6428));
#6428 = SURFACE_STYLE_FILL_AREA(#6429);
#6429 = FILL_AREA_STYLE('',(#6430));
#6430 = FILL_AREA_STYLE_COLOUR('',#5807);
#6431 = OVER_RIDING_STYLED_ITEM('overriding color',(#6432),#4235,#5789);
#6432 = PRESENTATION_STYLE_ASSIGNMENT((#6433));
#6433 = SURFACE_STYLE_USAGE(.BOTH.,#6434);
#6434 = SURFACE_SIDE_STYLE('',(#6435));
#6435 = SURFACE_STYLE_FILL_AREA(#6436);
#6436 = FILL_AREA_STYLE('',(#6437));
#6437 = FILL_AREA_STYLE_COLOUR('',#5807);
#6438 = OVER_RIDING_STYLED_ITEM('overriding color',(#6439),#4266,#5789);
#6439 = PRESENTATION_STYLE_ASSIGNMENT((#6440));
#6440 = SURFACE_STYLE_USAGE(.BOTH.,#6441);
#6441 = SURFACE_SIDE_STYLE('',(#6442));
#6442 = SURFACE_STYLE_FILL_AREA(#6443);
#6443 = FILL_AREA_STYLE('',(#6444));
#6444 = FILL_AREA_STYLE_COLOUR('',#5807);
#6445 = OVER_RIDING_STYLED_ITEM('overriding color',(#6446),#4302,#5789);
#6446 = PRESENTATION_STYLE_ASSIGNMENT((#6447));
#6447 = SURFACE_STYLE_USAGE(.BOTH.,#6448);
#6448 = SURFACE_SIDE_STYLE('',(#6449));
#6449 = SURFACE_STYLE_FILL_AREA(#6450);
#6450 = FILL_AREA_STYLE('',(#6451));
#6451 = FILL_AREA_STYLE_COLOUR('',#5807);
#6452 = OVER_RIDING_STYLED_ITEM('overriding color',(#6453),#4319,#5789);
#6453 = PRESENTATION_STYLE_ASSIGNMENT((#6454));
#6454 = SURFACE_STYLE_USAGE(.BOTH.,#6455);
#6455 = SURFACE_SIDE_STYLE('',(#6456));
#6456 = SURFACE_STYLE_FILL_AREA(#6457);
#6457 = FILL_AREA_STYLE('',(#6458));
#6458 = FILL_AREA_STYLE_COLOUR('',#5807);
#6459 = OVER_RIDING_STYLED_ITEM('overriding color',(#6460),#4336,#5789);
#6460 = PRESENTATION_STYLE_ASSIGNMENT((#6461));
#6461 = SURFACE_STYLE_USAGE(.BOTH.,#6462);
#6462 = SURFACE_SIDE_STYLE('',(#6463));
#6463 = SURFACE_STYLE_FILL_AREA(#6464);
#6464 = FILL_AREA_STYLE('',(#6465));
#6465 = FILL_AREA_STYLE_COLOUR('',#5807);
#6466 = OVER_RIDING_STYLED_ITEM('overriding color',(#6467),#4369,#5789);
#6467 = PRESENTATION_STYLE_ASSIGNMENT((#6468));
#6468 = SURFACE_STYLE_USAGE(.BOTH.,#6469);
#6469 = SURFACE_SIDE_STYLE('',(#6470));
#6470 = SURFACE_STYLE_FILL_AREA(#6471);
#6471 = FILL_AREA_STYLE('',(#6472));
#6472 = FILL_AREA_STYLE_COLOUR('',#5807);
#6473 = OVER_RIDING_STYLED_ITEM('overriding color',(#6474),#4393,#5789);
#6474 = PRESENTATION_STYLE_ASSIGNMENT((#6475));
#6475 = SURFACE_STYLE_USAGE(.BOTH.,#6476);
#6476 = SURFACE_SIDE_STYLE('',(#6477));
#6477 = SURFACE_STYLE_FILL_AREA(#6478);
#6478 = FILL_AREA_STYLE('',(#6479));
#6479 = FILL_AREA_STYLE_COLOUR('',#5807);
#6480 = OVER_RIDING_STYLED_ITEM('overriding color',(#6481),#4417,#5789);
#6481 = PRESENTATION_STYLE_ASSIGNMENT((#6482));
#6482 = SURFACE_STYLE_USAGE(.BOTH.,#6483);
#6483 = SURFACE_SIDE_STYLE('',(#6484));
#6484 = SURFACE_STYLE_FILL_AREA(#6485);
#6485 = FILL_AREA_STYLE('',(#6486));
#6486 = FILL_AREA_STYLE_COLOUR('',#5807);
#6487 = OVER_RIDING_STYLED_ITEM('overriding color',(#6488),#4441,#5789);
#6488 = PRESENTATION_STYLE_ASSIGNMENT((#6489));
#6489 = SURFACE_STYLE_USAGE(.BOTH.,#6490);
#6490 = SURFACE_SIDE_STYLE('',(#6491));
#6491 = SURFACE_STYLE_FILL_AREA(#6492);
#6492 = FILL_AREA_STYLE('',(#6493));
#6493 = FILL_AREA_STYLE_COLOUR('',#5807);
#6494 = OVER_RIDING_STYLED_ITEM('overriding color',(#6495),#4472,#5789);
#6495 = PRESENTATION_STYLE_ASSIGNMENT((#6496));
#6496 = SURFACE_STYLE_USAGE(.BOTH.,#6497);
#6497 = SURFACE_SIDE_STYLE('',(#6498));
#6498 = SURFACE_STYLE_FILL_AREA(#6499);
#6499 = FILL_AREA_STYLE('',(#6500));
#6500 = FILL_AREA_STYLE_COLOUR('',#5807);
#6501 = OVER_RIDING_STYLED_ITEM('overriding color',(#6502),#4496,#5789);
#6502 = PRESENTATION_STYLE_ASSIGNMENT((#6503));
#6503 = SURFACE_STYLE_USAGE(.BOTH.,#6504);
#6504 = SURFACE_SIDE_STYLE('',(#6505));
#6505 = SURFACE_STYLE_FILL_AREA(#6506);
#6506 = FILL_AREA_STYLE('',(#6507));
#6507 = FILL_AREA_STYLE_COLOUR('',#5807);
#6508 = OVER_RIDING_STYLED_ITEM('overriding color',(#6509),#4513,#5789);
#6509 = PRESENTATION_STYLE_ASSIGNMENT((#6510));
#6510 = SURFACE_STYLE_USAGE(.BOTH.,#6511);
#6511 = SURFACE_SIDE_STYLE('',(#6512));
#6512 = SURFACE_STYLE_FILL_AREA(#6513);
#6513 = FILL_AREA_STYLE('',(#6514));
#6514 = FILL_AREA_STYLE_COLOUR('',#5807);
#6515 = OVER_RIDING_STYLED_ITEM('overriding color',(#6516),#4537,#5789);
#6516 = PRESENTATION_STYLE_ASSIGNMENT((#6517));
#6517 = SURFACE_STYLE_USAGE(.BOTH.,#6518);
#6518 = SURFACE_SIDE_STYLE('',(#6519));
#6519 = SURFACE_STYLE_FILL_AREA(#6520);
#6520 = FILL_AREA_STYLE('',(#6521));
#6521 = FILL_AREA_STYLE_COLOUR('',#5807);
#6522 = OVER_RIDING_STYLED_ITEM('overriding color',(#6523),#4561,#5789);
#6523 = PRESENTATION_STYLE_ASSIGNMENT((#6524));
#6524 = SURFACE_STYLE_USAGE(.BOTH.,#6525);
#6525 = SURFACE_SIDE_STYLE('',(#6526));
#6526 = SURFACE_STYLE_FILL_AREA(#6527);
#6527 = FILL_AREA_STYLE('',(#6528));
#6528 = FILL_AREA_STYLE_COLOUR('',#5807);
#6529 = OVER_RIDING_STYLED_ITEM('overriding color',(#6530),#4578,#5789);
#6530 = PRESENTATION_STYLE_ASSIGNMENT((#6531));
#6531 = SURFACE_STYLE_USAGE(.BOTH.,#6532);
#6532 = SURFACE_SIDE_STYLE('',(#6533));
#6533 = SURFACE_STYLE_FILL_AREA(#6534);
#6534 = FILL_AREA_STYLE('',(#6535));
#6535 = FILL_AREA_STYLE_COLOUR('',#5807);
#6536 = OVER_RIDING_STYLED_ITEM('overriding color',(#6537),#4596,#5789);
#6537 = PRESENTATION_STYLE_ASSIGNMENT((#6538));
#6538 = SURFACE_STYLE_USAGE(.BOTH.,#6539);
#6539 = SURFACE_SIDE_STYLE('',(#6540));
#6540 = SURFACE_STYLE_FILL_AREA(#6541);
#6541 = FILL_AREA_STYLE('',(#6542));
#6542 = FILL_AREA_STYLE_COLOUR('',#5807);
#6543 = OVER_RIDING_STYLED_ITEM('overriding color',(#6544),#4621,#5789);
#6544 = PRESENTATION_STYLE_ASSIGNMENT((#6545));
#6545 = SURFACE_STYLE_USAGE(.BOTH.,#6546);
#6546 = SURFACE_SIDE_STYLE('',(#6547));
#6547 = SURFACE_STYLE_FILL_AREA(#6548);
#6548 = FILL_AREA_STYLE('',(#6549));
#6549 = FILL_AREA_STYLE_COLOUR('',#5807);
#6550 = OVER_RIDING_STYLED_ITEM('overriding color',(#6551),#4638,#5789);
#6551 = PRESENTATION_STYLE_ASSIGNMENT((#6552));
#6552 = SURFACE_STYLE_USAGE(.BOTH.,#6553);
#6553 = SURFACE_SIDE_STYLE('',(#6554));
#6554 = SURFACE_STYLE_FILL_AREA(#6555);
#6555 = FILL_AREA_STYLE('',(#6556));
#6556 = FILL_AREA_STYLE_COLOUR('',#5807);
#6557 = OVER_RIDING_STYLED_ITEM('overriding color',(#6558),#4656,#5789);
#6558 = PRESENTATION_STYLE_ASSIGNMENT((#6559));
#6559 = SURFACE_STYLE_USAGE(.BOTH.,#6560);
#6560 = SURFACE_SIDE_STYLE('',(#6561));
#6561 = SURFACE_STYLE_FILL_AREA(#6562);
#6562 = FILL_AREA_STYLE('',(#6563));
#6563 = FILL_AREA_STYLE_COLOUR('',#5807);
#6564 = OVER_RIDING_STYLED_ITEM('overriding color',(#6565),#4673,#5789);
#6565 = PRESENTATION_STYLE_ASSIGNMENT((#6566));
#6566 = SURFACE_STYLE_USAGE(.BOTH.,#6567);
#6567 = SURFACE_SIDE_STYLE('',(#6568));
#6568 = SURFACE_STYLE_FILL_AREA(#6569);
#6569 = FILL_AREA_STYLE('',(#6570));
#6570 = FILL_AREA_STYLE_COLOUR('',#5807);
#6571 = OVER_RIDING_STYLED_ITEM('overriding color',(#6572),#4690,#5789);
#6572 = PRESENTATION_STYLE_ASSIGNMENT((#6573));
#6573 = SURFACE_STYLE_USAGE(.BOTH.,#6574);
#6574 = SURFACE_SIDE_STYLE('',(#6575));
#6575 = SURFACE_STYLE_FILL_AREA(#6576);
#6576 = FILL_AREA_STYLE('',(#6577));
#6577 = FILL_AREA_STYLE_COLOUR('',#5807);
#6578 = OVER_RIDING_STYLED_ITEM('overriding color',(#6579),#4708,#5789);
#6579 = PRESENTATION_STYLE_ASSIGNMENT((#6580));
#6580 = SURFACE_STYLE_USAGE(.BOTH.,#6581);
#6581 = SURFACE_SIDE_STYLE('',(#6582));
#6582 = SURFACE_STYLE_FILL_AREA(#6583);
#6583 = FILL_AREA_STYLE('',(#6584));
#6584 = FILL_AREA_STYLE_COLOUR('',#5807);
#6585 = OVER_RIDING_STYLED_ITEM('overriding color',(#6586),#4726,#5789);
#6586 = PRESENTATION_STYLE_ASSIGNMENT((#6587));
#6587 = SURFACE_STYLE_USAGE(.BOTH.,#6588);
#6588 = SURFACE_SIDE_STYLE('',(#6589));
#6589 = SURFACE_STYLE_FILL_AREA(#6590);
#6590 = FILL_AREA_STYLE('',(#6591));
#6591 = FILL_AREA_STYLE_COLOUR('',#5807);
#6592 = OVER_RIDING_STYLED_ITEM('overriding color',(#6593),#4744,#5789);
#6593 = PRESENTATION_STYLE_ASSIGNMENT((#6594));
#6594 = SURFACE_STYLE_USAGE(.BOTH.,#6595);
#6595 = SURFACE_SIDE_STYLE('',(#6596));
#6596 = SURFACE_STYLE_FILL_AREA(#6597);
#6597 = FILL_AREA_STYLE('',(#6598));
#6598 = FILL_AREA_STYLE_COLOUR('',#5807);
#6599 = OVER_RIDING_STYLED_ITEM('overriding color',(#6600),#4762,#5789);
#6600 = PRESENTATION_STYLE_ASSIGNMENT((#6601));
#6601 = SURFACE_STYLE_USAGE(.BOTH.,#6602);
#6602 = SURFACE_SIDE_STYLE('',(#6603));
#6603 = SURFACE_STYLE_FILL_AREA(#6604);
#6604 = FILL_AREA_STYLE('',(#6605));
#6605 = FILL_AREA_STYLE_COLOUR('',#5807);
#6606 = OVER_RIDING_STYLED_ITEM('overriding color',(#6607),#4787,#5789);
#6607 = PRESENTATION_STYLE_ASSIGNMENT((#6608));
#6608 = SURFACE_STYLE_USAGE(.BOTH.,#6609);
#6609 = SURFACE_SIDE_STYLE('',(#6610));
#6610 = SURFACE_STYLE_FILL_AREA(#6611);
#6611 = FILL_AREA_STYLE('',(#6612));
#6612 = FILL_AREA_STYLE_COLOUR('',#5807);
#6613 = OVER_RIDING_STYLED_ITEM('overriding color',(#6614),#4804,#5789);
#6614 = PRESENTATION_STYLE_ASSIGNMENT((#6615));
#6615 = SURFACE_STYLE_USAGE(.BOTH.,#6616);
#6616 = SURFACE_SIDE_STYLE('',(#6617));
#6617 = SURFACE_STYLE_FILL_AREA(#6618);
#6618 = FILL_AREA_STYLE('',(#6619));
#6619 = FILL_AREA_STYLE_COLOUR('',#5807);
#6620 = OVER_RIDING_STYLED_ITEM('overriding color',(#6621),#4828,#5789);
#6621 = PRESENTATION_STYLE_ASSIGNMENT((#6622));
#6622 = SURFACE_STYLE_USAGE(.BOTH.,#6623);
#6623 = SURFACE_SIDE_STYLE('',(#6624));
#6624 = SURFACE_STYLE_FILL_AREA(#6625);
#6625 = FILL_AREA_STYLE('',(#6626));
#6626 = FILL_AREA_STYLE_COLOUR('',#5807);
#6627 = OVER_RIDING_STYLED_ITEM('overriding color',(#6628),#4845,#5789);
#6628 = PRESENTATION_STYLE_ASSIGNMENT((#6629));
#6629 = SURFACE_STYLE_USAGE(.BOTH.,#6630);
#6630 = SURFACE_SIDE_STYLE('',(#6631));
#6631 = SURFACE_STYLE_FILL_AREA(#6632);
#6632 = FILL_AREA_STYLE('',(#6633));
#6633 = FILL_AREA_STYLE_COLOUR('',#5807);
#6634 = OVER_RIDING_STYLED_ITEM('overriding color',(#6635),#4869,#5789);
#6635 = PRESENTATION_STYLE_ASSIGNMENT((#6636));
#6636 = SURFACE_STYLE_USAGE(.BOTH.,#6637);
#6637 = SURFACE_SIDE_STYLE('',(#6638));
#6638 = SURFACE_STYLE_FILL_AREA(#6639);
#6639 = FILL_AREA_STYLE('',(#6640));
#6640 = FILL_AREA_STYLE_COLOUR('',#5807);
#6641 = OVER_RIDING_STYLED_ITEM('overriding color',(#6642),#4887,#5789);
#6642 = PRESENTATION_STYLE_ASSIGNMENT((#6643));
#6643 = SURFACE_STYLE_USAGE(.BOTH.,#6644);
#6644 = SURFACE_SIDE_STYLE('',(#6645));
#6645 = SURFACE_STYLE_FILL_AREA(#6646);
#6646 = FILL_AREA_STYLE('',(#6647));
#6647 = FILL_AREA_STYLE_COLOUR('',#5807);
#6648 = OVER_RIDING_STYLED_ITEM('overriding color',(#6649),#4905,#5789);
#6649 = PRESENTATION_STYLE_ASSIGNMENT((#6650));
#6650 = SURFACE_STYLE_USAGE(.BOTH.,#6651);
#6651 = SURFACE_SIDE_STYLE('',(#6652));
#6652 = SURFACE_STYLE_FILL_AREA(#6653);
#6653 = FILL_AREA_STYLE('',(#6654));
#6654 = FILL_AREA_STYLE_COLOUR('',#5807);
#6655 = OVER_RIDING_STYLED_ITEM('overriding color',(#6656),#4923,#5789);
#6656 = PRESENTATION_STYLE_ASSIGNMENT((#6657));
#6657 = SURFACE_STYLE_USAGE(.BOTH.,#6658);
#6658 = SURFACE_SIDE_STYLE('',(#6659));
#6659 = SURFACE_STYLE_FILL_AREA(#6660);
#6660 = FILL_AREA_STYLE('',(#6661));
#6661 = FILL_AREA_STYLE_COLOUR('',#5807);
#6662 = OVER_RIDING_STYLED_ITEM('overriding color',(#6663),#4941,#5789);
#6663 = PRESENTATION_STYLE_ASSIGNMENT((#6664));
#6664 = SURFACE_STYLE_USAGE(.BOTH.,#6665);
#6665 = SURFACE_SIDE_STYLE('',(#6666));
#6666 = SURFACE_STYLE_FILL_AREA(#6667);
#6667 = FILL_AREA_STYLE('',(#6668));
#6668 = FILL_AREA_STYLE_COLOUR('',#5807);
#6669 = OVER_RIDING_STYLED_ITEM('overriding color',(#6670),#4966,#5789);
#6670 = PRESENTATION_STYLE_ASSIGNMENT((#6671));
#6671 = SURFACE_STYLE_USAGE(.BOTH.,#6672);
#6672 = SURFACE_SIDE_STYLE('',(#6673));
#6673 = SURFACE_STYLE_FILL_AREA(#6674);
#6674 = FILL_AREA_STYLE('',(#6675));
#6675 = FILL_AREA_STYLE_COLOUR('',#5807);
#6676 = OVER_RIDING_STYLED_ITEM('overriding color',(#6677),#4983,#5789);
#6677 = PRESENTATION_STYLE_ASSIGNMENT((#6678));
#6678 = SURFACE_STYLE_USAGE(.BOTH.,#6679);
#6679 = SURFACE_SIDE_STYLE('',(#6680));
#6680 = SURFACE_STYLE_FILL_AREA(#6681);
#6681 = FILL_AREA_STYLE('',(#6682));
#6682 = FILL_AREA_STYLE_COLOUR('',#5807);
#6683 = OVER_RIDING_STYLED_ITEM('overriding color',(#6684),#5000,#5789);
#6684 = PRESENTATION_STYLE_ASSIGNMENT((#6685));
#6685 = SURFACE_STYLE_USAGE(.BOTH.,#6686);
#6686 = SURFACE_SIDE_STYLE('',(#6687));
#6687 = SURFACE_STYLE_FILL_AREA(#6688);
#6688 = FILL_AREA_STYLE('',(#6689));
#6689 = FILL_AREA_STYLE_COLOUR('',#5807);
#6690 = OVER_RIDING_STYLED_ITEM('overriding color',(#6691),#5018,#5789);
#6691 = PRESENTATION_STYLE_ASSIGNMENT((#6692));
#6692 = SURFACE_STYLE_USAGE(.BOTH.,#6693);
#6693 = SURFACE_SIDE_STYLE('',(#6694));
#6694 = SURFACE_STYLE_FILL_AREA(#6695);
#6695 = FILL_AREA_STYLE('',(#6696));
#6696 = FILL_AREA_STYLE_COLOUR('',#5807);
#6697 = OVER_RIDING_STYLED_ITEM('overriding color',(#6698),#5042,#5789);
#6698 = PRESENTATION_STYLE_ASSIGNMENT((#6699));
#6699 = SURFACE_STYLE_USAGE(.BOTH.,#6700);
#6700 = SURFACE_SIDE_STYLE('',(#6701));
#6701 = SURFACE_STYLE_FILL_AREA(#6702);
#6702 = FILL_AREA_STYLE('',(#6703));
#6703 = FILL_AREA_STYLE_COLOUR('',#5807);
#6704 = OVER_RIDING_STYLED_ITEM('overriding color',(#6705),#5060,#5789);
#6705 = PRESENTATION_STYLE_ASSIGNMENT((#6706));
#6706 = SURFACE_STYLE_USAGE(.BOTH.,#6707);
#6707 = SURFACE_SIDE_STYLE('',(#6708));
#6708 = SURFACE_STYLE_FILL_AREA(#6709);
#6709 = FILL_AREA_STYLE('',(#6710));
#6710 = FILL_AREA_STYLE_COLOUR('',#5807);
#6711 = OVER_RIDING_STYLED_ITEM('overriding color',(#6712),#5084,#5789);
#6712 = PRESENTATION_STYLE_ASSIGNMENT((#6713));
#6713 = SURFACE_STYLE_USAGE(.BOTH.,#6714);
#6714 = SURFACE_SIDE_STYLE('',(#6715));
#6715 = SURFACE_STYLE_FILL_AREA(#6716);
#6716 = FILL_AREA_STYLE('',(#6717));
#6717 = FILL_AREA_STYLE_COLOUR('',#5807);
#6718 = OVER_RIDING_STYLED_ITEM('overriding color',(#6719),#5101,#5789);
#6719 = PRESENTATION_STYLE_ASSIGNMENT((#6720));
#6720 = SURFACE_STYLE_USAGE(.BOTH.,#6721);
#6721 = SURFACE_SIDE_STYLE('',(#6722));
#6722 = SURFACE_STYLE_FILL_AREA(#6723);
#6723 = FILL_AREA_STYLE('',(#6724));
#6724 = FILL_AREA_STYLE_COLOUR('',#5807);
#6725 = OVER_RIDING_STYLED_ITEM('overriding color',(#6726),#5118,#5789);
#6726 = PRESENTATION_STYLE_ASSIGNMENT((#6727));
#6727 = SURFACE_STYLE_USAGE(.BOTH.,#6728);
#6728 = SURFACE_SIDE_STYLE('',(#6729));
#6729 = SURFACE_STYLE_FILL_AREA(#6730);
#6730 = FILL_AREA_STYLE('',(#6731));
#6731 = FILL_AREA_STYLE_COLOUR('',#5807);
#6732 = OVER_RIDING_STYLED_ITEM('overriding color',(#6733),#5135,#5789);
#6733 = PRESENTATION_STYLE_ASSIGNMENT((#6734));
#6734 = SURFACE_STYLE_USAGE(.BOTH.,#6735);
#6735 = SURFACE_SIDE_STYLE('',(#6736));
#6736 = SURFACE_STYLE_FILL_AREA(#6737);
#6737 = FILL_AREA_STYLE('',(#6738));
#6738 = FILL_AREA_STYLE_COLOUR('',#5807);
#6739 = OVER_RIDING_STYLED_ITEM('overriding color',(#6740),#5152,#5789);
#6740 = PRESENTATION_STYLE_ASSIGNMENT((#6741));
#6741 = SURFACE_STYLE_USAGE(.BOTH.,#6742);
#6742 = SURFACE_SIDE_STYLE('',(#6743));
#6743 = SURFACE_STYLE_FILL_AREA(#6744);
#6744 = FILL_AREA_STYLE('',(#6745));
#6745 = FILL_AREA_STYLE_COLOUR('',#5807);
#6746 = OVER_RIDING_STYLED_ITEM('overriding color',(#6747),#5169,#5789);
#6747 = PRESENTATION_STYLE_ASSIGNMENT((#6748));
#6748 = SURFACE_STYLE_USAGE(.BOTH.,#6749);
#6749 = SURFACE_SIDE_STYLE('',(#6750));
#6750 = SURFACE_STYLE_FILL_AREA(#6751);
#6751 = FILL_AREA_STYLE('',(#6752));
#6752 = FILL_AREA_STYLE_COLOUR('',#5807);
#6753 = OVER_RIDING_STYLED_ITEM('overriding color',(#6754),#5181,#5789);
#6754 = PRESENTATION_STYLE_ASSIGNMENT((#6755));
#6755 = SURFACE_STYLE_USAGE(.BOTH.,#6756);
#6756 = SURFACE_SIDE_STYLE('',(#6757));
#6757 = SURFACE_STYLE_FILL_AREA(#6758);
#6758 = FILL_AREA_STYLE('',(#6759));
#6759 = FILL_AREA_STYLE_COLOUR('',#5807);
#6760 = OVER_RIDING_STYLED_ITEM('overriding color',(#6761),#5193,#5789);
#6761 = PRESENTATION_STYLE_ASSIGNMENT((#6762));
#6762 = SURFACE_STYLE_USAGE(.BOTH.,#6763);
#6763 = SURFACE_SIDE_STYLE('',(#6764));
#6764 = SURFACE_STYLE_FILL_AREA(#6765);
#6765 = FILL_AREA_STYLE('',(#6766));
#6766 = FILL_AREA_STYLE_COLOUR('',#5807);
#6767 = OVER_RIDING_STYLED_ITEM('overriding color',(#6768),#5205,#5789);
#6768 = PRESENTATION_STYLE_ASSIGNMENT((#6769));
#6769 = SURFACE_STYLE_USAGE(.BOTH.,#6770);
#6770 = SURFACE_SIDE_STYLE('',(#6771));
#6771 = SURFACE_STYLE_FILL_AREA(#6772);
#6772 = FILL_AREA_STYLE('',(#6773));
#6773 = FILL_AREA_STYLE_COLOUR('',#5807);
#6774 = OVER_RIDING_STYLED_ITEM('overriding color',(#6775),#5229,#5789);
#6775 = PRESENTATION_STYLE_ASSIGNMENT((#6776));
#6776 = SURFACE_STYLE_USAGE(.BOTH.,#6777);
#6777 = SURFACE_SIDE_STYLE('',(#6778));
#6778 = SURFACE_STYLE_FILL_AREA(#6779);
#6779 = FILL_AREA_STYLE('',(#6780));
#6780 = FILL_AREA_STYLE_COLOUR('',#5807);
#6781 = OVER_RIDING_STYLED_ITEM('overriding color',(#6782),#5453,#5789);
#6782 = PRESENTATION_STYLE_ASSIGNMENT((#6783));
#6783 = SURFACE_STYLE_USAGE(.BOTH.,#6784);
#6784 = SURFACE_SIDE_STYLE('',(#6785));
#6785 = SURFACE_STYLE_FILL_AREA(#6786);
#6786 = FILL_AREA_STYLE('',(#6787));
#6787 = FILL_AREA_STYLE_COLOUR('',#5807);
#6788 = OVER_RIDING_STYLED_ITEM('overriding color',(#6789),#5470,#5789);
#6789 = PRESENTATION_STYLE_ASSIGNMENT((#6790));
#6790 = SURFACE_STYLE_USAGE(.BOTH.,#6791);
#6791 = SURFACE_SIDE_STYLE('',(#6792));
#6792 = SURFACE_STYLE_FILL_AREA(#6793);
#6793 = FILL_AREA_STYLE('',(#6794));
#6794 = FILL_AREA_STYLE_COLOUR('',#5807);
#6795 = OVER_RIDING_STYLED_ITEM('overriding color',(#6796),#5487,#5789);
#6796 = PRESENTATION_STYLE_ASSIGNMENT((#6797));
#6797 = SURFACE_STYLE_USAGE(.BOTH.,#6798);
#6798 = SURFACE_SIDE_STYLE('',(#6799));
#6799 = SURFACE_STYLE_FILL_AREA(#6800);
#6800 = FILL_AREA_STYLE('',(#6801));
#6801 = FILL_AREA_STYLE_COLOUR('',#5807);
#6802 = OVER_RIDING_STYLED_ITEM('overriding color',(#6803),#5504,#5789);
#6803 = PRESENTATION_STYLE_ASSIGNMENT((#6804));
#6804 = SURFACE_STYLE_USAGE(.BOTH.,#6805);
#6805 = SURFACE_SIDE_STYLE('',(#6806));
#6806 = SURFACE_STYLE_FILL_AREA(#6807);
#6807 = FILL_AREA_STYLE('',(#6808));
#6808 = FILL_AREA_STYLE_COLOUR('',#5807);
#6809 = OVER_RIDING_STYLED_ITEM('overriding color',(#6810),#5521,#5789);
#6810 = PRESENTATION_STYLE_ASSIGNMENT((#6811));
#6811 = SURFACE_STYLE_USAGE(.BOTH.,#6812);
#6812 = SURFACE_SIDE_STYLE('',(#6813));
#6813 = SURFACE_STYLE_FILL_AREA(#6814);
#6814 = FILL_AREA_STYLE('',(#6815));
#6815 = FILL_AREA_STYLE_COLOUR('',#5807);
#6816 = OVER_RIDING_STYLED_ITEM('overriding color',(#6817),#5538,#5789);
#6817 = PRESENTATION_STYLE_ASSIGNMENT((#6818));
#6818 = SURFACE_STYLE_USAGE(.BOTH.,#6819);
#6819 = SURFACE_SIDE_STYLE('',(#6820));
#6820 = SURFACE_STYLE_FILL_AREA(#6821);
#6821 = FILL_AREA_STYLE('',(#6822));
#6822 = FILL_AREA_STYLE_COLOUR('',#5807);
#6823 = OVER_RIDING_STYLED_ITEM('overriding color',(#6824),#5555,#5789);
#6824 = PRESENTATION_STYLE_ASSIGNMENT((#6825));
#6825 = SURFACE_STYLE_USAGE(.BOTH.,#6826);
#6826 = SURFACE_SIDE_STYLE('',(#6827));
#6827 = SURFACE_STYLE_FILL_AREA(#6828);
#6828 = FILL_AREA_STYLE('',(#6829));
#6829 = FILL_AREA_STYLE_COLOUR('',#5807);
#6830 = OVER_RIDING_STYLED_ITEM('overriding color',(#6831),#5572,#5789);
#6831 = PRESENTATION_STYLE_ASSIGNMENT((#6832));
#6832 = SURFACE_STYLE_USAGE(.BOTH.,#6833);
#6833 = SURFACE_SIDE_STYLE('',(#6834));
#6834 = SURFACE_STYLE_FILL_AREA(#6835);
#6835 = FILL_AREA_STYLE('',(#6836));
#6836 = FILL_AREA_STYLE_COLOUR('',#5807);
#6837 = OVER_RIDING_STYLED_ITEM('overriding color',(#6838),#5596,#5789);
#6838 = PRESENTATION_STYLE_ASSIGNMENT((#6839));
#6839 = SURFACE_STYLE_USAGE(.BOTH.,#6840);
#6840 = SURFACE_SIDE_STYLE('',(#6841));
#6841 = SURFACE_STYLE_FILL_AREA(#6842);
#6842 = FILL_AREA_STYLE('',(#6843));
#6843 = FILL_AREA_STYLE_COLOUR('',#5807);
#6844 = OVER_RIDING_STYLED_ITEM('overriding color',(#6845),#5608,#5789);
#6845 = PRESENTATION_STYLE_ASSIGNMENT((#6846));
#6846 = SURFACE_STYLE_USAGE(.BOTH.,#6847);
#6847 = SURFACE_SIDE_STYLE('',(#6848));
#6848 = SURFACE_STYLE_FILL_AREA(#6849);
#6849 = FILL_AREA_STYLE('',(#6850));
#6850 = FILL_AREA_STYLE_COLOUR('',#5807);
ENDSEC;
END-ISO-10303-21;
