ISO-10303-21;
HEADER;
FILE_DESCRIPTION(('FreeCAD Model'),'2;1');
FILE_NAME('Open CASCADE Shape Model','2026-08-31T05:34:06',('Author'),(
    ''),'Open CASCADE STEP processor 7.9','FreeCAD','Unknown');
FILE_SCHEMA(('AUTOMOTIVE_DESIGN { 1 0 10303 214 1 1 1 1 }'));
ENDSEC;
DATA;
#1 = APPLICATION_PROTOCOL_DEFINITION('international standard',
  'automotive_design',2000,#2);
#2 = APPLICATION_CONTEXT(
  'core data for automotive mechanical design processes');
#3 = SHAPE_DEFINITION_REPRESENTATION(#4,#10);
#4 = PRODUCT_DEFINITION_SHAPE('','',#5);
#5 = PRODUCT_DEFINITION('design','',#6,#9);
#6 = PRODUCT_DEFINITION_FORMATION('','',#7);
#7 = PRODUCT('4040-4 profile_Standard002','4040-4 profile_Standard002',
  '',(#8));
#8 = PRODUCT_CONTEXT('',#2,'mechanical');
#9 = PRODUCT_DEFINITION_CONTEXT('part definition',#2,'design');
#10 = ADVANCED_BREP_SHAPE_REPRESENTATION('',(#11,#15),#8409);
#11 = AXIS2_PLACEMENT_3D('',#12,#13,#14);
#12 = CARTESIAN_POINT('',(0.,0.,0.));
#13 = DIRECTION('',(0.,0.,1.));
#14 = DIRECTION('',(1.,0.,-0.));
#15 = MANIFOLD_SOLID_BREP('',#16);
#16 = CLOSED_SHELL('',(#17,#117,#287,#351,#479,#607,#741,#783,#825,#867,
    #909,#951,#993,#1035,#1077,#1099,#1121,#1163,#1205,#1227,#1249,#1271
    ,#1293,#1315,#1346,#1385,#1418,#1449,#1471,#1504,#1543,#1574,#1596,
    #1629,#1668,#1690,#1721,#1760,#1793,#1843,#1899,#1955,#2005,#2045,
    #2078,#2095,#2127,#2174,#2205,#2236,#2267,#2298,#2329,#2360,#2391,
    #2422,#2453,#2484,#2515,#2546,#2577,#2608,#2639,#2670,#2701,#2732,
    #2763,#2796,#2827,#2851,#2882,#2913,#2944,#2975,#3006,#3037,#3068,
    #3099,#3130,#3161,#3194,#3225,#3258,#3289,#3322,#3353,#3386,#3417,
    #3450,#3481,#3512,#3543,#3574,#3605,#3636,#3667,#3698,#3729,#3760,
    #3793,#3824,#3857,#3888,#3921,#3952,#3985,#4016,#4047,#4078,#4109,
    #4140,#4171,#4202,#4233,#4264,#4295,#4328,#4359,#4392,#4423,#4456,
    #4487,#4520,#4551,#4584,#4615,#4646,#4677,#4708,#4739,#4770,#4801,
    #4832,#4863,#4894,#4918,#4949,#4982,#5013,#5044,#5075,#5106,#5137,
    #5168,#5199,#5230,#5261,#5292,#5323,#5354,#5385,#5416,#5447,#5478,
    #5509,#5540,#5571,#5604,#5621,#5653,#5700,#5731,#5762,#5793,#5824,
    #5855,#5886,#5917,#5939,#6515,#7091,#7113,#7130,#7147,#7164,#7181,
    #7198,#7215,#7232,#7253,#7265,#7290,#7323,#7340,#7357,#7374,#7391,
    #7408,#7425,#7442,#7459,#7476,#7493,#7510,#7527,#7544,#7561,#7578,
    #7595,#7612,#7629,#7646,#7663,#7680,#7697,#7714,#7731,#7748,#7765,
    #7782,#7799,#7816,#7833,#7850,#7871,#7883,#7908,#7941,#7958,#7975,
    #7992,#8009,#8021,#8045,#8069,#8081,#8093,#8105,#8117,#8129,#8141,
    #8153,#8165,#8223,#8275,#8327,#8377,#8397));
#17 = ADVANCED_FACE('',(#18),#112,.F.);
#18 = FACE_BOUND('',#19,.F.);
#19 = EDGE_LOOP('',(#20,#30,#71,#79));
#20 = ORIENTED_EDGE('',*,*,#21,.T.);
#21 = EDGE_CURVE('',#22,#24,#26,.T.);
#22 = VERTEX_POINT('',#23);
#23 = CARTESIAN_POINT('',(67.1,20.,18.));
#24 = VERTEX_POINT('',#25);
#25 = CARTESIAN_POINT('',(82.9,20.,18.));
#26 = LINE('',#27,#28);
#27 = CARTESIAN_POINT('',(-60.,20.,18.));
#28 = VECTOR('',#29,1.);
#29 = DIRECTION('',(1.,0.,0.));
#30 = ORIENTED_EDGE('',*,*,#31,.T.);
#31 = EDGE_CURVE('',#24,#32,#34,.T.);
#32 = VERTEX_POINT('',#33);
#33 = CARTESIAN_POINT('',(82.9,20.,22.));
#34 = B_SPLINE_CURVE_WITH_KNOTS('',3,(#35,#36,#37,#38,#39,#40,#41,#42,
    #43,#44,#45,#46,#47,#48,#49,#50,#51,#52,#53,#54,#55,#56,#57,#58,#59,
    #60,#61,#62,#63,#64,#65,#66,#67,#68,#69,#70),.UNSPECIFIED.,.F.,.F.,(
    4,2,2,2,2,2,2,2,2,2,2,2,2,2,2,2,2,4),(0.,4.393283159726E-04,
    8.786566319452E-04,1.317984947918E-03,1.75731326389E-03,
    2.196641579863E-03,2.635969895836E-03,3.075298211808E-03,
    3.294962369795E-03,3.514626527781E-03,3.734290685767E-03,
    3.953954843753E-03,4.393283159726E-03,5.271939791671E-03,
    5.711268107644E-03,6.150596423617E-03,6.589924739589E-03,
    7.029253055562E-03),.UNSPECIFIED.);
#35 = CARTESIAN_POINT('',(82.9,20.,18.));
#36 = CARTESIAN_POINT('',(82.9,19.851009089165,18.));
#37 = CARTESIAN_POINT('',(82.915663187146,19.706270984246,
    18.016428599364));
#38 = CARTESIAN_POINT('',(82.975268333227,19.424501640589,
    18.079158029813));
#39 = CARTESIAN_POINT('',(83.01928472335,19.289272694701,18.125541798877
    ));
#40 = CARTESIAN_POINT('',(83.127066798638,19.040579584912,
    18.239818385119));
#41 = CARTESIAN_POINT('',(83.191928406866,18.924533365077,
    18.308875092636));
#42 = CARTESIAN_POINT('',(83.332889285174,18.716842475282,
    18.460506998425));
#43 = CARTESIAN_POINT('',(83.409550942122,18.623717320057,
    18.543641221549));
#44 = CARTESIAN_POINT('',(83.572234322119,18.455601285328,
    18.723298187985));
#45 = CARTESIAN_POINT('',(83.657598529889,18.381542805462,
    18.819060627854));
#46 = CARTESIAN_POINT('',(83.829024114274,18.253500394345,
    19.018286895941));
#47 = CARTESIAN_POINT('',(83.915852692304,18.19890886242,19.122281980749
    ));
#48 = CARTESIAN_POINT('',(84.085531053557,18.107105069835,
    19.343290786922));
#49 = CARTESIAN_POINT('',(84.169772111797,18.069660626289,
    19.460725519535));
#50 = CARTESIAN_POINT('',(84.273341190382,18.029381040024,
    19.652267803723));
#51 = CARTESIAN_POINT('',(84.304170435564,18.018497362616,
    19.719653695043));
#52 = CARTESIAN_POINT('',(84.347839051498,18.003699025209,
    19.859539433611));
#53 = CARTESIAN_POINT('',(84.360493454643,17.999741973483,
    19.934048403726));
#54 = CARTESIAN_POINT('',(84.358795982126,18.000285469958,
    20.080768707025));
#55 = CARTESIAN_POINT('',(84.344670776818,18.00472196995,20.154220028098
    ));
#56 = CARTESIAN_POINT('',(84.29866366457,18.020424754509,20.293598504262
    ));
#57 = CARTESIAN_POINT('',(84.26767463889,18.031468833932,20.359322087293
    ));
#58 = CARTESIAN_POINT('',(84.162614430189,18.072709945882,
    20.549965729926));
#59 = CARTESIAN_POINT('',(84.079186838086,18.110195353613,
    20.665408666649));
#60 = CARTESIAN_POINT('',(83.825748613946,18.248381432792,
    20.994159733464));
#61 = CARTESIAN_POINT('',(83.64658039613,18.377771238783,21.194711286321
    ));
#62 = CARTESIAN_POINT('',(83.406364341843,18.627532119314,
    21.459819242006));
#63 = CARTESIAN_POINT('',(83.33023144042,18.720244794712,21.542370489946
    ));
#64 = CARTESIAN_POINT('',(83.18909242782,18.929245969868,21.694156403841
    ));
#65 = CARTESIAN_POINT('',(83.1253000606,19.044121676423,21.762059597842)
  );
#66 = CARTESIAN_POINT('',(83.018392580988,19.291879057515,
    21.875399191278));
#67 = CARTESIAN_POINT('',(82.97449012052,19.427638349843,21.9216615268)
  );
#68 = CARTESIAN_POINT('',(82.915753994642,19.706390191596,
    21.983475273999));
#69 = CARTESIAN_POINT('',(82.9,19.852324824867,22.));
#70 = CARTESIAN_POINT('',(82.9,20.,22.));
#71 = ORIENTED_EDGE('',*,*,#72,.F.);
#72 = EDGE_CURVE('',#73,#32,#75,.T.);
#73 = VERTEX_POINT('',#74);
#74 = CARTESIAN_POINT('',(67.1,20.,22.));
#75 = LINE('',#76,#77);
#76 = CARTESIAN_POINT('',(-60.,20.,22.));
#77 = VECTOR('',#78,1.);
#78 = DIRECTION('',(1.,0.,0.));
#79 = ORIENTED_EDGE('',*,*,#80,.T.);
#80 = EDGE_CURVE('',#73,#22,#81,.T.);
#81 = B_SPLINE_CURVE_WITH_KNOTS('',3,(#82,#83,#84,#85,#86,#87,#88,#89,
    #90,#91,#92,#93,#94,#95,#96,#97,#98,#99,#100,#101,#102,#103,#104,
    #105,#106,#107,#108,#109,#110,#111),.UNSPECIFIED.,.F.,.F.,(4,2,2,2,2
    ,2,2,2,2,2,2,2,2,2,4),(7.029253055562E-03,7.909095292452E-03,
    8.788937529343E-03,9.668779766234E-03,1.010870088468E-02,
    1.03286614439E-02,1.054862200312E-02,1.098854312157E-02,
    1.142846424001E-02,1.186838535846E-02,1.230830647691E-02,
    1.274822759535E-02,1.31881487138E-02,1.362806983224E-02,
    1.406799095069E-02),.UNSPECIFIED.);
#82 = CARTESIAN_POINT('',(67.1,20.,22.));
#83 = CARTESIAN_POINT('',(67.1,19.704251122228,22.));
#84 = CARTESIAN_POINT('',(67.035255703276,19.415334809308,21.93228305633
    ));
#85 = CARTESIAN_POINT('',(66.818921807638,18.915738675123,
    21.702917665175));
#86 = CARTESIAN_POINT('',(66.672035089909,18.708151099791,
    21.546443128739));
#87 = CARTESIAN_POINT('',(66.34724931812,18.372273303751,21.187798692419
    ));
#88 = CARTESIAN_POINT('',(66.171677172845,18.246435017378,
    20.991509454568));
#89 = CARTESIAN_POINT('',(65.915225568936,18.107431231269,
    20.657802206075));
#90 = CARTESIAN_POINT('',(65.831678472448,18.070274647614,20.54146288228
    ));
#91 = CARTESIAN_POINT('',(65.727752353329,18.029782051008,
    20.349995329405));
#92 = CARTESIAN_POINT('',(65.697318619115,18.019016605679,
    20.283996358737));
#93 = CARTESIAN_POINT('',(65.652966582358,18.003958139852,
    20.144104243128));
#94 = CARTESIAN_POINT('',(65.6399530251,17.9998849347,20.070554289642));
#95 = CARTESIAN_POINT('',(65.641055054225,18.000237760997,
    19.849322475601));
#96 = CARTESIAN_POINT('',(65.696497964089,18.01746736561,19.706270492006
    ));
#97 = CARTESIAN_POINT('',(65.835171701011,18.071779760964,
    19.453484327711));
#98 = CARTESIAN_POINT('',(65.91929094626,18.10944101332,19.33666094179)
  );
#99 = CARTESIAN_POINT('',(66.088774321995,18.201700914265,
    19.116624436319));
#100 = CARTESIAN_POINT('',(66.17539569828,18.256478039097,
    19.013038050444));
#101 = CARTESIAN_POINT('',(66.346341404768,18.384825490081,
    18.814599637029));
#102 = CARTESIAN_POINT('',(66.431462234154,18.459053091258,
    18.719174486776));
#103 = CARTESIAN_POINT('',(66.593289055699,18.62703551089,
    18.540548088313));
#104 = CARTESIAN_POINT('',(66.669591315028,18.720089865026,
    18.457823960951));
#105 = CARTESIAN_POINT('',(66.809960134889,18.927736309045,
    18.306858698723));
#106 = CARTESIAN_POINT('',(66.874438937992,19.043613507759,
    18.238217968476));
#107 = CARTESIAN_POINT('',(66.981396707881,19.291294461147,
    18.124823339431));
#108 = CARTESIAN_POINT('',(67.025102099746,19.425877778406,
    18.078767796961));
#109 = CARTESIAN_POINT('',(67.084437033411,19.7071227331,18.016323511795
    ));
#110 = CARTESIAN_POINT('',(67.1,19.850808050039,18.));
#111 = CARTESIAN_POINT('',(67.1,20.,18.));
#112 = CYLINDRICAL_SURFACE('',#113,2.);
#113 = AXIS2_PLACEMENT_3D('',#114,#115,#116);
#114 = CARTESIAN_POINT('',(-60.,20.,20.));
#115 = DIRECTION('',(1.,0.,0.));
#116 = DIRECTION('',(0.,0.,-1.));
#117 = ADVANCED_FACE('',(#118),#282,.F.);
#118 = FACE_BOUND('',#119,.F.);
#119 = EDGE_LOOP('',(#120,#131,#140,#148,#183,#191,#200,#209,#218,#226,
    #267,#275));
#120 = ORIENTED_EDGE('',*,*,#121,.F.);
#121 = EDGE_CURVE('',#122,#124,#126,.T.);
#122 = VERTEX_POINT('',#123);
#123 = CARTESIAN_POINT('',(67.039607805437,-0.5,16.));
#124 = VERTEX_POINT('',#125);
#125 = CARTESIAN_POINT('',(62.960392194563,-0.5,16.));
#126 = CIRCLE('',#127,2.1);
#127 = AXIS2_PLACEMENT_3D('',#128,#129,#130);
#128 = CARTESIAN_POINT('',(65.,-1.735E-14,16.));
#129 = DIRECTION('',(0.,0.,-1.));
#130 = DIRECTION('',(1.,0.,0.));
#131 = ORIENTED_EDGE('',*,*,#132,.F.);
#132 = EDGE_CURVE('',#133,#122,#135,.T.);
#133 = VERTEX_POINT('',#134);
#134 = CARTESIAN_POINT('',(67.1,-1.1E-14,16.5));
#135 = ( BOUNDED_CURVE() B_SPLINE_CURVE(3,(#136,#137,#138,#139),
.UNSPECIFIED.,.F.,.F.) B_SPLINE_CURVE_WITH_KNOTS((4,4),(1.570796326795,
1.811200543564),.PIECEWISE_BEZIER_KNOTS.) CURVE() 
GEOMETRIC_REPRESENTATION_ITEM() RATIONAL_B_SPLINE_CURVE((1.,
0.995189613824,0.995189613824,1.)) REPRESENTATION_ITEM('') );
#136 = CARTESIAN_POINT('',(67.1,-1.142E-14,16.5));
#137 = CARTESIAN_POINT('',(67.1,-0.16868946518,16.33131053482));
#138 = CARTESIAN_POINT('',(67.079771963813,-0.336161738154,
    16.163838261846));
#139 = CARTESIAN_POINT('',(67.039607805437,-0.5,16.));
#140 = ORIENTED_EDGE('',*,*,#141,.T.);
#141 = EDGE_CURVE('',#133,#142,#144,.T.);
#142 = VERTEX_POINT('',#143);
#143 = CARTESIAN_POINT('',(67.1,-1.E-15,18.));
#144 = LINE('',#145,#146);
#145 = CARTESIAN_POINT('',(67.1,-1.735E-14,-1.939696961967));
#146 = VECTOR('',#147,1.);
#147 = DIRECTION('',(0.,0.,1.));
#148 = ORIENTED_EDGE('',*,*,#149,.F.);
#149 = EDGE_CURVE('',#150,#142,#152,.T.);
#150 = VERTEX_POINT('',#151);
#151 = CARTESIAN_POINT('',(67.1,-1.E-15,22.));
#152 = B_SPLINE_CURVE_WITH_KNOTS('',3,(#153,#154,#155,#156,#157,#158,
    #159,#160,#161,#162,#163,#164,#165,#166,#167,#168,#169,#170,#171,
    #172,#173,#174,#175,#176,#177,#178,#179,#180,#181,#182),
  .UNSPECIFIED.,.F.,.F.,(4,2,2,2,2,2,2,2,2,2,2,2,2,2,4),(
    7.029253055562E-03,7.909095292452E-03,8.788937529343E-03,
    9.668779766234E-03,1.010870088468E-02,1.03286614439E-02,
    1.054862200312E-02,1.098854312157E-02,1.142846424001E-02,
    1.186838535846E-02,1.230830647691E-02,1.274822759535E-02,
    1.31881487138E-02,1.362806983224E-02,1.406799095069E-02),
  .UNSPECIFIED.);
#153 = CARTESIAN_POINT('',(67.1,-1.48E-15,22.));
#154 = CARTESIAN_POINT('',(67.1,-0.295748877772,22.));
#155 = CARTESIAN_POINT('',(67.035255703276,-0.584665190692,
    21.93228305633));
#156 = CARTESIAN_POINT('',(66.818921807638,-1.084261324877,
    21.702917665175));
#157 = CARTESIAN_POINT('',(66.672035089909,-1.291848900209,
    21.546443128739));
#158 = CARTESIAN_POINT('',(66.34724931812,-1.627726696249,
    21.187798692419));
#159 = CARTESIAN_POINT('',(66.171677172845,-1.753564982622,
    20.991509454568));
#160 = CARTESIAN_POINT('',(65.915225568936,-1.892568768731,
    20.657802206075));
#161 = CARTESIAN_POINT('',(65.831678472448,-1.929725352386,
    20.54146288228));
#162 = CARTESIAN_POINT('',(65.727752353329,-1.970217948992,
    20.349995329405));
#163 = CARTESIAN_POINT('',(65.697318619115,-1.980983394321,
    20.283996358737));
#164 = CARTESIAN_POINT('',(65.652966582358,-1.996041860148,
    20.144104243128));
#165 = CARTESIAN_POINT('',(65.6399530251,-2.0001150653,20.070554289642)
  );
#166 = CARTESIAN_POINT('',(65.641055054225,-1.999762239003,
    19.849322475601));
#167 = CARTESIAN_POINT('',(65.696497964089,-1.98253263439,
    19.706270492006));
#168 = CARTESIAN_POINT('',(65.835171701012,-1.928220239036,
    19.453484327711));
#169 = CARTESIAN_POINT('',(65.91929094626,-1.89055898668,19.33666094179)
  );
#170 = CARTESIAN_POINT('',(66.088774321995,-1.798299085735,
    19.116624436319));
#171 = CARTESIAN_POINT('',(66.17539569828,-1.743521960903,
    19.013038050444));
#172 = CARTESIAN_POINT('',(66.346341404768,-1.615174509919,
    18.814599637029));
#173 = CARTESIAN_POINT('',(66.431462234154,-1.540946908742,
    18.719174486776));
#174 = CARTESIAN_POINT('',(66.593289055699,-1.37296448911,
    18.540548088313));
#175 = CARTESIAN_POINT('',(66.669591315028,-1.279910134974,
    18.457823960951));
#176 = CARTESIAN_POINT('',(66.809960134889,-1.072263690955,
    18.306858698723));
#177 = CARTESIAN_POINT('',(66.874438937992,-0.956386492241,
    18.238217968476));
#178 = CARTESIAN_POINT('',(66.981396707881,-0.708705538853,
    18.124823339431));
#179 = CARTESIAN_POINT('',(67.025102099746,-0.574122221594,
    18.078767796961));
#180 = CARTESIAN_POINT('',(67.084437033411,-0.2928772669,18.016323511795
    ));
#181 = CARTESIAN_POINT('',(67.1,-0.149191949961,18.));
#182 = CARTESIAN_POINT('',(67.1,-1.26E-15,18.));
#183 = ORIENTED_EDGE('',*,*,#184,.T.);
#184 = EDGE_CURVE('',#150,#185,#187,.T.);
#185 = VERTEX_POINT('',#186);
#186 = CARTESIAN_POINT('',(67.1,3.4E-14,23.5));
#187 = LINE('',#188,#189);
#188 = CARTESIAN_POINT('',(67.1,-1.735E-14,-1.939696961967));
#189 = VECTOR('',#190,1.);
#190 = DIRECTION('',(0.,0.,1.));
#191 = ORIENTED_EDGE('',*,*,#192,.T.);
#192 = EDGE_CURVE('',#185,#193,#195,.T.);
#193 = VERTEX_POINT('',#194);
#194 = CARTESIAN_POINT('',(67.039607805437,-0.5,24.));
#195 = ( BOUNDED_CURVE() B_SPLINE_CURVE(3,(#196,#197,#198,#199),
.UNSPECIFIED.,.F.,.F.) B_SPLINE_CURVE_WITH_KNOTS((4,4),(4.712388980385,
4.952793197154),.PIECEWISE_BEZIER_KNOTS.) CURVE() 
GEOMETRIC_REPRESENTATION_ITEM() RATIONAL_B_SPLINE_CURVE((1.,
0.995189613824,0.995189613824,1.)) REPRESENTATION_ITEM('') );
#196 = CARTESIAN_POINT('',(67.1,3.449E-14,23.5));
#197 = CARTESIAN_POINT('',(67.1,-0.16868946518,23.66868946518));
#198 = CARTESIAN_POINT('',(67.079771963813,-0.336161738154,
    23.836161738154));
#199 = CARTESIAN_POINT('',(67.039607805437,-0.5,24.));
#200 = ORIENTED_EDGE('',*,*,#201,.T.);
#201 = EDGE_CURVE('',#193,#202,#204,.T.);
#202 = VERTEX_POINT('',#203);
#203 = CARTESIAN_POINT('',(62.960392194563,-0.5,24.));
#204 = CIRCLE('',#205,2.1);
#205 = AXIS2_PLACEMENT_3D('',#206,#207,#208);
#206 = CARTESIAN_POINT('',(65.,-1.735E-14,24.));
#207 = DIRECTION('',(0.,-1.38E-15,-1.));
#208 = DIRECTION('',(0.,-1.,1.38E-15));
#209 = ORIENTED_EDGE('',*,*,#210,.T.);
#210 = EDGE_CURVE('',#202,#211,#213,.T.);
#211 = VERTEX_POINT('',#212);
#212 = CARTESIAN_POINT('',(62.9,3.4E-14,23.5));
#213 = ( BOUNDED_CURVE() B_SPLINE_CURVE(3,(#214,#215,#216,#217),
.UNSPECIFIED.,.F.,.F.) B_SPLINE_CURVE_WITH_KNOTS((4,4),(1.330392110026,
1.570796326795),.PIECEWISE_BEZIER_KNOTS.) CURVE() 
GEOMETRIC_REPRESENTATION_ITEM() RATIONAL_B_SPLINE_CURVE((1.,
0.995189613824,0.995189613824,1.)) REPRESENTATION_ITEM('') );
#214 = CARTESIAN_POINT('',(62.960392194563,-0.5,24.));
#215 = CARTESIAN_POINT('',(62.920228036187,-0.336161738154,
    23.836161738154));
#216 = CARTESIAN_POINT('',(62.9,-0.16868946518,23.66868946518));
#217 = CARTESIAN_POINT('',(62.9,3.449E-14,23.5));
#218 = ORIENTED_EDGE('',*,*,#219,.F.);
#219 = EDGE_CURVE('',#220,#211,#222,.T.);
#220 = VERTEX_POINT('',#221);
#221 = CARTESIAN_POINT('',(62.9,-1.E-15,22.));
#222 = LINE('',#223,#224);
#223 = CARTESIAN_POINT('',(62.9,-1.709E-14,-1.939696961967));
#224 = VECTOR('',#225,1.);
#225 = DIRECTION('',(0.,0.,1.));
#226 = ORIENTED_EDGE('',*,*,#227,.F.);
#227 = EDGE_CURVE('',#228,#220,#230,.T.);
#228 = VERTEX_POINT('',#229);
#229 = CARTESIAN_POINT('',(62.9,-2.E-15,18.));
#230 = B_SPLINE_CURVE_WITH_KNOTS('',3,(#231,#232,#233,#234,#235,#236,
    #237,#238,#239,#240,#241,#242,#243,#244,#245,#246,#247,#248,#249,
    #250,#251,#252,#253,#254,#255,#256,#257,#258,#259,#260,#261,#262,
    #263,#264,#265,#266),.UNSPECIFIED.,.F.,.F.,(4,2,2,2,2,2,2,2,2,2,2,2,
    2,2,2,2,2,4),(0.,4.393283159726E-04,8.786566319452E-04,
    1.317984947918E-03,1.75731326389E-03,2.196641579863E-03,
    2.635969895836E-03,3.075298211808E-03,3.294962369795E-03,
    3.514626527781E-03,3.734290685767E-03,3.953954843753E-03,
    4.393283159726E-03,5.271939791671E-03,5.711268107644E-03,
    6.150596423617E-03,6.589924739589E-03,7.029253055562E-03),
  .UNSPECIFIED.);
#231 = CARTESIAN_POINT('',(62.9,-1.67E-15,18.));
#232 = CARTESIAN_POINT('',(62.9,-0.148990910835,18.));
#233 = CARTESIAN_POINT('',(62.915663187146,-0.293729015754,
    18.016428599364));
#234 = CARTESIAN_POINT('',(62.975268333227,-0.575498359411,
    18.079158029813));
#235 = CARTESIAN_POINT('',(63.01928472335,-0.710727305299,
    18.125541798877));
#236 = CARTESIAN_POINT('',(63.127066798638,-0.959420415088,
    18.239818385119));
#237 = CARTESIAN_POINT('',(63.191928406866,-1.075466634923,
    18.308875092636));
#238 = CARTESIAN_POINT('',(63.332889285174,-1.283157524718,
    18.460506998425));
#239 = CARTESIAN_POINT('',(63.409550942122,-1.376282679943,
    18.543641221549));
#240 = CARTESIAN_POINT('',(63.572234322119,-1.544398714672,
    18.723298187985));
#241 = CARTESIAN_POINT('',(63.657598529889,-1.618457194538,
    18.819060627854));
#242 = CARTESIAN_POINT('',(63.829024114274,-1.746499605655,
    19.018286895941));
#243 = CARTESIAN_POINT('',(63.915852692304,-1.80109113758,
    19.122281980749));
#244 = CARTESIAN_POINT('',(64.085531053557,-1.892894930165,
    19.343290786922));
#245 = CARTESIAN_POINT('',(64.169772111797,-1.930339373711,
    19.460725519535));
#246 = CARTESIAN_POINT('',(64.273341190382,-1.970618959976,
    19.652267803723));
#247 = CARTESIAN_POINT('',(64.304170435563,-1.981502637384,
    19.719653695043));
#248 = CARTESIAN_POINT('',(64.347839051498,-1.996300974791,
    19.859539433611));
#249 = CARTESIAN_POINT('',(64.360493454643,-2.000258026517,
    19.934048403726));
#250 = CARTESIAN_POINT('',(64.358795982126,-1.999714530042,
    20.080768707025));
#251 = CARTESIAN_POINT('',(64.344670776818,-1.99527803005,
    20.154220028098));
#252 = CARTESIAN_POINT('',(64.29866366457,-1.979575245491,
    20.293598504262));
#253 = CARTESIAN_POINT('',(64.26767463889,-1.968531166068,
    20.359322087293));
#254 = CARTESIAN_POINT('',(64.162614430189,-1.927290054118,
    20.549965729926));
#255 = CARTESIAN_POINT('',(64.079186838086,-1.889804646387,
    20.665408666649));
#256 = CARTESIAN_POINT('',(63.825748613946,-1.751618567208,
    20.994159733464));
#257 = CARTESIAN_POINT('',(63.64658039613,-1.622228761217,
    21.194711286321));
#258 = CARTESIAN_POINT('',(63.406364341843,-1.372467880686,
    21.459819242006));
#259 = CARTESIAN_POINT('',(63.33023144042,-1.279755205288,
    21.542370489946));
#260 = CARTESIAN_POINT('',(63.18909242782,-1.070754030132,
    21.694156403841));
#261 = CARTESIAN_POINT('',(63.1253000606,-0.955878323577,21.762059597842
    ));
#262 = CARTESIAN_POINT('',(63.018392580988,-0.708120942485,
    21.875399191278));
#263 = CARTESIAN_POINT('',(62.97449012052,-0.572361650157,21.9216615268)
  );
#264 = CARTESIAN_POINT('',(62.915753994642,-0.293609808404,
    21.983475273999));
#265 = CARTESIAN_POINT('',(62.9,-0.147675175133,22.));
#266 = CARTESIAN_POINT('',(62.9,-1.5E-15,22.));
#267 = ORIENTED_EDGE('',*,*,#268,.F.);
#268 = EDGE_CURVE('',#269,#228,#271,.T.);
#269 = VERTEX_POINT('',#270);
#270 = CARTESIAN_POINT('',(62.9,-1.1E-14,16.5));
#271 = LINE('',#272,#273);
#272 = CARTESIAN_POINT('',(62.9,-1.709E-14,-1.939696961967));
#273 = VECTOR('',#274,1.);
#274 = DIRECTION('',(0.,0.,1.));
#275 = ORIENTED_EDGE('',*,*,#276,.F.);
#276 = EDGE_CURVE('',#124,#269,#277,.T.);
#277 = ( BOUNDED_CURVE() B_SPLINE_CURVE(3,(#278,#279,#280,#281),
.UNSPECIFIED.,.F.,.F.) B_SPLINE_CURVE_WITH_KNOTS((4,4),(4.471984763615,
4.712388980385),.PIECEWISE_BEZIER_KNOTS.) CURVE() 
GEOMETRIC_REPRESENTATION_ITEM() RATIONAL_B_SPLINE_CURVE((1.,
0.995189613824,0.995189613824,1.)) REPRESENTATION_ITEM('') );
#278 = CARTESIAN_POINT('',(62.960392194563,-0.5,16.));
#279 = CARTESIAN_POINT('',(62.920228036187,-0.336161738154,
    16.163838261846));
#280 = CARTESIAN_POINT('',(62.9,-0.16868946518,16.33131053482));
#281 = CARTESIAN_POINT('',(62.9,-1.142E-14,16.5));
#282 = CYLINDRICAL_SURFACE('',#283,2.1);
#283 = AXIS2_PLACEMENT_3D('',#284,#285,#286);
#284 = CARTESIAN_POINT('',(65.,-1.735E-14,-1.939696961967));
#285 = DIRECTION('',(0.,0.,1.));
#286 = DIRECTION('',(1.,0.,-0.));
#287 = ADVANCED_FACE('',(#288),#346,.F.);
#288 = FACE_BOUND('',#289,.F.);
#289 = EDGE_LOOP('',(#290,#298,#339,#345));
#290 = ORIENTED_EDGE('',*,*,#291,.T.);
#291 = EDGE_CURVE('',#142,#292,#294,.T.);
#292 = VERTEX_POINT('',#293);
#293 = CARTESIAN_POINT('',(82.9,2.E-15,18.));
#294 = LINE('',#295,#296);
#295 = CARTESIAN_POINT('',(-60.,-1.73E-15,18.));
#296 = VECTOR('',#297,1.);
#297 = DIRECTION('',(1.,0.,0.));
#298 = ORIENTED_EDGE('',*,*,#299,.T.);
#299 = EDGE_CURVE('',#292,#300,#302,.T.);
#300 = VERTEX_POINT('',#301);
#301 = CARTESIAN_POINT('',(82.9,-2.1E-14,22.));
#302 = B_SPLINE_CURVE_WITH_KNOTS('',3,(#303,#304,#305,#306,#307,#308,
    #309,#310,#311,#312,#313,#314,#315,#316,#317,#318,#319,#320,#321,
    #322,#323,#324,#325,#326,#327,#328,#329,#330,#331,#332,#333,#334,
    #335,#336,#337,#338),.UNSPECIFIED.,.F.,.F.,(4,2,2,2,2,2,2,2,2,2,2,2,
    2,2,2,2,2,4),(1.E-17,4.393283159726E-04,8.786566319452E-04,
    1.317984947918E-03,1.75731326389E-03,2.196641579863E-03,
    2.635969895836E-03,3.075298211808E-03,3.294962369795E-03,
    3.514626527781E-03,3.734290685767E-03,3.953954843754E-03,
    4.393283159726E-03,5.271939791671E-03,5.711268107644E-03,
    6.150596423617E-03,6.589924739589E-03,7.029253055562E-03),
  .UNSPECIFIED.);
#303 = CARTESIAN_POINT('',(82.9,1.74E-15,18.));
#304 = CARTESIAN_POINT('',(82.9,-0.148990910835,18.));
#305 = CARTESIAN_POINT('',(82.915663187146,-0.293729015754,
    18.016428599364));
#306 = CARTESIAN_POINT('',(82.975268333228,-0.575498359411,
    18.079158029813));
#307 = CARTESIAN_POINT('',(83.01928472335,-0.710727305299,
    18.125541798877));
#308 = CARTESIAN_POINT('',(83.127066798638,-0.959420415088,
    18.239818385119));
#309 = CARTESIAN_POINT('',(83.191928406866,-1.075466634923,
    18.308875092636));
#310 = CARTESIAN_POINT('',(83.332889285174,-1.283157524718,
    18.460506998425));
#311 = CARTESIAN_POINT('',(83.409550942122,-1.376282679943,
    18.543641221549));
#312 = CARTESIAN_POINT('',(83.572234322119,-1.544398714672,
    18.723298187985));
#313 = CARTESIAN_POINT('',(83.657598529889,-1.618457194538,
    18.819060627854));
#314 = CARTESIAN_POINT('',(83.829024114274,-1.746499605655,
    19.018286895941));
#315 = CARTESIAN_POINT('',(83.915852692304,-1.80109113758,
    19.122281980749));
#316 = CARTESIAN_POINT('',(84.085531053557,-1.892894930165,
    19.343290786922));
#317 = CARTESIAN_POINT('',(84.169772111797,-1.930339373711,
    19.460725519535));
#318 = CARTESIAN_POINT('',(84.273341190382,-1.970618959976,
    19.652267803723));
#319 = CARTESIAN_POINT('',(84.304170435564,-1.981502637384,
    19.719653695043));
#320 = CARTESIAN_POINT('',(84.347839051498,-1.996300974791,
    19.859539433611));
#321 = CARTESIAN_POINT('',(84.360493454643,-2.000258026517,
    19.934048403726));
#322 = CARTESIAN_POINT('',(84.358795982126,-1.999714530042,
    20.080768707025));
#323 = CARTESIAN_POINT('',(84.344670776818,-1.99527803005,
    20.154220028098));
#324 = CARTESIAN_POINT('',(84.29866366457,-1.979575245491,
    20.293598504262));
#325 = CARTESIAN_POINT('',(84.26767463889,-1.968531166068,
    20.359322087293));
#326 = CARTESIAN_POINT('',(84.162614430189,-1.927290054118,
    20.549965729926));
#327 = CARTESIAN_POINT('',(84.079186838086,-1.889804646387,
    20.665408666649));
#328 = CARTESIAN_POINT('',(83.825748613946,-1.751618567208,
    20.994159733464));
#329 = CARTESIAN_POINT('',(83.64658039613,-1.622228761217,
    21.194711286321));
#330 = CARTESIAN_POINT('',(83.406364341843,-1.372467880686,
    21.459819242006));
#331 = CARTESIAN_POINT('',(83.33023144042,-1.279755205288,
    21.542370489946));
#332 = CARTESIAN_POINT('',(83.18909242782,-1.070754030132,
    21.694156403841));
#333 = CARTESIAN_POINT('',(83.1253000606,-0.955878323577,21.762059597842
    ));
#334 = CARTESIAN_POINT('',(83.018392580988,-0.708120942485,
    21.875399191278));
#335 = CARTESIAN_POINT('',(82.97449012052,-0.572361650157,21.9216615268)
  );
#336 = CARTESIAN_POINT('',(82.915753994642,-0.293609808404,
    21.983475273999));
#337 = CARTESIAN_POINT('',(82.9,-0.147675175133,22.));
#338 = CARTESIAN_POINT('',(82.9,-2.057E-14,22.));
#339 = ORIENTED_EDGE('',*,*,#340,.F.);
#340 = EDGE_CURVE('',#150,#300,#341,.T.);
#341 = LINE('',#342,#343);
#342 = CARTESIAN_POINT('',(-60.,-1.49E-15,22.));
#343 = VECTOR('',#344,1.);
#344 = DIRECTION('',(1.,0.,0.));
#345 = ORIENTED_EDGE('',*,*,#149,.T.);
#346 = CYLINDRICAL_SURFACE('',#347,2.);
#347 = AXIS2_PLACEMENT_3D('',#348,#349,#350);
#348 = CARTESIAN_POINT('',(-60.,-1.73E-15,20.));
#349 = DIRECTION('',(1.,0.,0.));
#350 = DIRECTION('',(0.,0.,-1.));
#351 = ADVANCED_FACE('',(#352),#474,.F.);
#352 = FACE_BOUND('',#353,.F.);
#353 = EDGE_LOOP('',(#354,#365,#374,#382,#417,#425,#434,#443,#452,#458,
    #459,#467));
#354 = ORIENTED_EDGE('',*,*,#355,.F.);
#355 = EDGE_CURVE('',#356,#358,#360,.T.);
#356 = VERTEX_POINT('',#357);
#357 = CARTESIAN_POINT('',(87.039607805437,-0.5,16.));
#358 = VERTEX_POINT('',#359);
#359 = CARTESIAN_POINT('',(82.960392194563,-0.5,16.));
#360 = CIRCLE('',#361,2.1);
#361 = AXIS2_PLACEMENT_3D('',#362,#363,#364);
#362 = CARTESIAN_POINT('',(85.,-2.082E-14,16.));
#363 = DIRECTION('',(0.,0.,-1.));
#364 = DIRECTION('',(1.,0.,0.));
#365 = ORIENTED_EDGE('',*,*,#366,.F.);
#366 = EDGE_CURVE('',#367,#356,#369,.T.);
#367 = VERTEX_POINT('',#368);
#368 = CARTESIAN_POINT('',(87.1,-1.1E-14,16.5));
#369 = ( BOUNDED_CURVE() B_SPLINE_CURVE(3,(#370,#371,#372,#373),
.UNSPECIFIED.,.F.,.F.) B_SPLINE_CURVE_WITH_KNOTS((4,4),(1.570796326795,
1.811200543564),.PIECEWISE_BEZIER_KNOTS.) CURVE() 
GEOMETRIC_REPRESENTATION_ITEM() RATIONAL_B_SPLINE_CURVE((1.,
0.995189613824,0.995189613824,1.)) REPRESENTATION_ITEM('') );
#370 = CARTESIAN_POINT('',(87.1,-1.142E-14,16.5));
#371 = CARTESIAN_POINT('',(87.1,-0.16868946518,16.33131053482));
#372 = CARTESIAN_POINT('',(87.079771963813,-0.336161738154,
    16.163838261846));
#373 = CARTESIAN_POINT('',(87.039607805437,-0.5,16.));
#374 = ORIENTED_EDGE('',*,*,#375,.T.);
#375 = EDGE_CURVE('',#367,#376,#378,.T.);
#376 = VERTEX_POINT('',#377);
#377 = CARTESIAN_POINT('',(87.1,3.E-15,18.));
#378 = LINE('',#379,#380);
#379 = CARTESIAN_POINT('',(87.1,-2.082E-14,-1.939696961967));
#380 = VECTOR('',#381,1.);
#381 = DIRECTION('',(0.,0.,1.));
#382 = ORIENTED_EDGE('',*,*,#383,.F.);
#383 = EDGE_CURVE('',#384,#376,#386,.T.);
#384 = VERTEX_POINT('',#385);
#385 = CARTESIAN_POINT('',(87.1,-1.E-15,22.));
#386 = B_SPLINE_CURVE_WITH_KNOTS('',3,(#387,#388,#389,#390,#391,#392,
    #393,#394,#395,#396,#397,#398,#399,#400,#401,#402,#403,#404,#405,
    #406,#407,#408,#409,#410,#411,#412,#413,#414,#415,#416),
  .UNSPECIFIED.,.F.,.F.,(4,2,2,2,2,2,2,2,2,2,2,2,2,2,4),(
    7.029253055562E-03,7.909095292453E-03,8.788937529343E-03,
    9.668779766234E-03,1.010870088468E-02,1.03286614439E-02,
    1.054862200312E-02,1.098854312157E-02,1.142846424001E-02,
    1.186838535846E-02,1.230830647691E-02,1.274822759535E-02,
    1.31881487138E-02,1.362806983224E-02,1.406799095069E-02),
  .UNSPECIFIED.);
#387 = CARTESIAN_POINT('',(87.1,-1.48E-15,22.));
#388 = CARTESIAN_POINT('',(87.1,-0.295748877772,22.));
#389 = CARTESIAN_POINT('',(87.035255703276,-0.584665190692,
    21.93228305633));
#390 = CARTESIAN_POINT('',(86.818921807638,-1.084261324877,
    21.702917665175));
#391 = CARTESIAN_POINT('',(86.672035089909,-1.291848900209,
    21.546443128739));
#392 = CARTESIAN_POINT('',(86.34724931812,-1.627726696249,
    21.187798692419));
#393 = CARTESIAN_POINT('',(86.171677172845,-1.753564982622,
    20.991509454568));
#394 = CARTESIAN_POINT('',(85.915225568936,-1.892568768731,
    20.657802206075));
#395 = CARTESIAN_POINT('',(85.831678472448,-1.929725352386,
    20.54146288228));
#396 = CARTESIAN_POINT('',(85.727752353329,-1.970217948992,
    20.349995329405));
#397 = CARTESIAN_POINT('',(85.697318619115,-1.980983394321,
    20.283996358737));
#398 = CARTESIAN_POINT('',(85.652966582358,-1.996041860148,
    20.144104243128));
#399 = CARTESIAN_POINT('',(85.6399530251,-2.0001150653,20.070554289642)
  );
#400 = CARTESIAN_POINT('',(85.641055054225,-1.999762239003,
    19.849322475601));
#401 = CARTESIAN_POINT('',(85.696497964089,-1.98253263439,
    19.706270492006));
#402 = CARTESIAN_POINT('',(85.835171701011,-1.928220239036,
    19.453484327711));
#403 = CARTESIAN_POINT('',(85.91929094626,-1.89055898668,19.33666094179)
  );
#404 = CARTESIAN_POINT('',(86.088774321995,-1.798299085735,
    19.116624436319));
#405 = CARTESIAN_POINT('',(86.17539569828,-1.743521960903,
    19.013038050444));
#406 = CARTESIAN_POINT('',(86.346341404768,-1.615174509919,
    18.814599637029));
#407 = CARTESIAN_POINT('',(86.431462234154,-1.540946908742,
    18.719174486776));
#408 = CARTESIAN_POINT('',(86.593289055699,-1.37296448911,
    18.540548088313));
#409 = CARTESIAN_POINT('',(86.669591315028,-1.279910134974,
    18.457823960951));
#410 = CARTESIAN_POINT('',(86.809960134889,-1.072263690955,
    18.306858698723));
#411 = CARTESIAN_POINT('',(86.874438937992,-0.956386492241,
    18.238217968476));
#412 = CARTESIAN_POINT('',(86.981396707881,-0.708705538853,
    18.124823339431));
#413 = CARTESIAN_POINT('',(87.025102099746,-0.574122221594,
    18.078767796961));
#414 = CARTESIAN_POINT('',(87.084437033411,-0.2928772669,18.016323511795
    ));
#415 = CARTESIAN_POINT('',(87.1,-0.149191949961,18.));
#416 = CARTESIAN_POINT('',(87.1,3.12E-15,18.));
#417 = ORIENTED_EDGE('',*,*,#418,.T.);
#418 = EDGE_CURVE('',#384,#419,#421,.T.);
#419 = VERTEX_POINT('',#420);
#420 = CARTESIAN_POINT('',(87.1,3.4E-14,23.5));
#421 = LINE('',#422,#423);
#422 = CARTESIAN_POINT('',(87.1,-2.082E-14,-1.939696961967));
#423 = VECTOR('',#424,1.);
#424 = DIRECTION('',(0.,0.,1.));
#425 = ORIENTED_EDGE('',*,*,#426,.T.);
#426 = EDGE_CURVE('',#419,#427,#429,.T.);
#427 = VERTEX_POINT('',#428);
#428 = CARTESIAN_POINT('',(87.039607805437,-0.5,24.));
#429 = ( BOUNDED_CURVE() B_SPLINE_CURVE(3,(#430,#431,#432,#433),
.UNSPECIFIED.,.F.,.F.) B_SPLINE_CURVE_WITH_KNOTS((4,4),(4.712388980385,
4.952793197154),.PIECEWISE_BEZIER_KNOTS.) CURVE() 
GEOMETRIC_REPRESENTATION_ITEM() RATIONAL_B_SPLINE_CURVE((1.,
0.995189613824,0.995189613824,1.)) REPRESENTATION_ITEM('') );
#430 = CARTESIAN_POINT('',(87.1,3.449E-14,23.5));
#431 = CARTESIAN_POINT('',(87.1,-0.16868946518,23.66868946518));
#432 = CARTESIAN_POINT('',(87.079771963813,-0.336161738154,
    23.836161738154));
#433 = CARTESIAN_POINT('',(87.039607805437,-0.5,24.));
#434 = ORIENTED_EDGE('',*,*,#435,.T.);
#435 = EDGE_CURVE('',#427,#436,#438,.T.);
#436 = VERTEX_POINT('',#437);
#437 = CARTESIAN_POINT('',(82.960392194563,-0.5,24.));
#438 = CIRCLE('',#439,2.1);
#439 = AXIS2_PLACEMENT_3D('',#440,#441,#442);
#440 = CARTESIAN_POINT('',(85.,-2.082E-14,24.));
#441 = DIRECTION('',(0.,-1.38E-15,-1.));
#442 = DIRECTION('',(0.,-1.,1.38E-15));
#443 = ORIENTED_EDGE('',*,*,#444,.T.);
#444 = EDGE_CURVE('',#436,#445,#447,.T.);
#445 = VERTEX_POINT('',#446);
#446 = CARTESIAN_POINT('',(82.9,3.4E-14,23.5));
#447 = ( BOUNDED_CURVE() B_SPLINE_CURVE(3,(#448,#449,#450,#451),
.UNSPECIFIED.,.F.,.F.) B_SPLINE_CURVE_WITH_KNOTS((4,4),(1.330392110026,
1.570796326795),.PIECEWISE_BEZIER_KNOTS.) CURVE() 
GEOMETRIC_REPRESENTATION_ITEM() RATIONAL_B_SPLINE_CURVE((1.,
0.995189613824,0.995189613824,1.)) REPRESENTATION_ITEM('') );
#448 = CARTESIAN_POINT('',(82.960392194563,-0.5,24.));
#449 = CARTESIAN_POINT('',(82.920228036187,-0.336161738154,
    23.836161738154));
#450 = CARTESIAN_POINT('',(82.9,-0.16868946518,23.66868946518));
#451 = CARTESIAN_POINT('',(82.9,3.449E-14,23.5));
#452 = ORIENTED_EDGE('',*,*,#453,.F.);
#453 = EDGE_CURVE('',#300,#445,#454,.T.);
#454 = LINE('',#455,#456);
#455 = CARTESIAN_POINT('',(82.9,-2.056E-14,-1.939696961967));
#456 = VECTOR('',#457,1.);
#457 = DIRECTION('',(0.,0.,1.));
#458 = ORIENTED_EDGE('',*,*,#299,.F.);
#459 = ORIENTED_EDGE('',*,*,#460,.F.);
#460 = EDGE_CURVE('',#461,#292,#463,.T.);
#461 = VERTEX_POINT('',#462);
#462 = CARTESIAN_POINT('',(82.9,-1.1E-14,16.5));
#463 = LINE('',#464,#465);
#464 = CARTESIAN_POINT('',(82.9,-2.056E-14,-1.939696961967));
#465 = VECTOR('',#466,1.);
#466 = DIRECTION('',(0.,0.,1.));
#467 = ORIENTED_EDGE('',*,*,#468,.F.);
#468 = EDGE_CURVE('',#358,#461,#469,.T.);
#469 = ( BOUNDED_CURVE() B_SPLINE_CURVE(3,(#470,#471,#472,#473),
.UNSPECIFIED.,.F.,.F.) B_SPLINE_CURVE_WITH_KNOTS((4,4),(4.471984763615,
4.712388980385),.PIECEWISE_BEZIER_KNOTS.) CURVE() 
GEOMETRIC_REPRESENTATION_ITEM() RATIONAL_B_SPLINE_CURVE((1.,
0.995189613824,0.995189613824,1.)) REPRESENTATION_ITEM('') );
#470 = CARTESIAN_POINT('',(82.960392194563,-0.5,16.));
#471 = CARTESIAN_POINT('',(82.920228036187,-0.336161738154,
    16.163838261846));
#472 = CARTESIAN_POINT('',(82.9,-0.16868946518,16.33131053482));
#473 = CARTESIAN_POINT('',(82.9,-1.142E-14,16.5));
#474 = CYLINDRICAL_SURFACE('',#475,2.1);
#475 = AXIS2_PLACEMENT_3D('',#476,#477,#478);
#476 = CARTESIAN_POINT('',(85.,-2.082E-14,-1.939696961967));
#477 = DIRECTION('',(0.,0.,1.));
#478 = DIRECTION('',(1.,0.,-0.));
#479 = ADVANCED_FACE('',(#480),#602,.F.);
#480 = FACE_BOUND('',#481,.F.);
#481 = EDGE_LOOP('',(#482,#493,#502,#510,#545,#553,#562,#571,#580,#586,
    #587,#595));
#482 = ORIENTED_EDGE('',*,*,#483,.F.);
#483 = EDGE_CURVE('',#484,#486,#488,.T.);
#484 = VERTEX_POINT('',#485);
#485 = CARTESIAN_POINT('',(87.039607805437,19.5,16.));
#486 = VERTEX_POINT('',#487);
#487 = CARTESIAN_POINT('',(82.960392194563,19.5,16.));
#488 = CIRCLE('',#489,2.1);
#489 = AXIS2_PLACEMENT_3D('',#490,#491,#492);
#490 = CARTESIAN_POINT('',(85.,20.,16.));
#491 = DIRECTION('',(0.,-0.,-1.));
#492 = DIRECTION('',(1.,1.65E-15,-0.));
#493 = ORIENTED_EDGE('',*,*,#494,.F.);
#494 = EDGE_CURVE('',#495,#484,#497,.T.);
#495 = VERTEX_POINT('',#496);
#496 = CARTESIAN_POINT('',(87.1,20.,16.5));
#497 = ( BOUNDED_CURVE() B_SPLINE_CURVE(3,(#498,#499,#500,#501),
.UNSPECIFIED.,.F.,.F.) B_SPLINE_CURVE_WITH_KNOTS((4,4),(1.570796326795,
1.811200543564),.PIECEWISE_BEZIER_KNOTS.) CURVE() 
GEOMETRIC_REPRESENTATION_ITEM() RATIONAL_B_SPLINE_CURVE((1.,
0.995189613824,0.995189613824,1.)) REPRESENTATION_ITEM('') );
#498 = CARTESIAN_POINT('',(87.1,20.,16.5));
#499 = CARTESIAN_POINT('',(87.1,19.83131053482,16.33131053482));
#500 = CARTESIAN_POINT('',(87.079771963813,19.663838261846,
    16.163838261846));
#501 = CARTESIAN_POINT('',(87.039607805437,19.5,16.));
#502 = ORIENTED_EDGE('',*,*,#503,.T.);
#503 = EDGE_CURVE('',#495,#504,#506,.T.);
#504 = VERTEX_POINT('',#505);
#505 = CARTESIAN_POINT('',(87.1,20.,18.));
#506 = LINE('',#507,#508);
#507 = CARTESIAN_POINT('',(87.1,20.,-1.939696961967));
#508 = VECTOR('',#509,1.);
#509 = DIRECTION('',(0.,0.,1.));
#510 = ORIENTED_EDGE('',*,*,#511,.F.);
#511 = EDGE_CURVE('',#512,#504,#514,.T.);
#512 = VERTEX_POINT('',#513);
#513 = CARTESIAN_POINT('',(87.1,20.,22.));
#514 = B_SPLINE_CURVE_WITH_KNOTS('',3,(#515,#516,#517,#518,#519,#520,
    #521,#522,#523,#524,#525,#526,#527,#528,#529,#530,#531,#532,#533,
    #534,#535,#536,#537,#538,#539,#540,#541,#542,#543,#544),
  .UNSPECIFIED.,.F.,.F.,(4,2,2,2,2,2,2,2,2,2,2,2,2,2,4),(
    7.029253055562E-03,7.909095292452E-03,8.788937529343E-03,
    9.668779766233E-03,1.010870088468E-02,1.03286614439E-02,
    1.054862200312E-02,1.098854312157E-02,1.142846424001E-02,
    1.186838535846E-02,1.230830647691E-02,1.274822759535E-02,
    1.31881487138E-02,1.362806983224E-02,1.406799095069E-02),
  .UNSPECIFIED.);
#515 = CARTESIAN_POINT('',(87.1,20.,22.));
#516 = CARTESIAN_POINT('',(87.1,19.704251122228,22.));
#517 = CARTESIAN_POINT('',(87.035255703276,19.415334809308,
    21.93228305633));
#518 = CARTESIAN_POINT('',(86.818921807638,18.915738675123,
    21.702917665175));
#519 = CARTESIAN_POINT('',(86.672035089909,18.708151099791,
    21.546443128739));
#520 = CARTESIAN_POINT('',(86.34724931812,18.372273303751,
    21.187798692419));
#521 = CARTESIAN_POINT('',(86.171677172845,18.246435017378,
    20.991509454568));
#522 = CARTESIAN_POINT('',(85.915225568936,18.107431231269,
    20.657802206075));
#523 = CARTESIAN_POINT('',(85.831678472448,18.070274647614,
    20.54146288228));
#524 = CARTESIAN_POINT('',(85.727752353329,18.029782051008,
    20.349995329405));
#525 = CARTESIAN_POINT('',(85.697318619115,18.019016605679,
    20.283996358737));
#526 = CARTESIAN_POINT('',(85.652966582358,18.003958139852,
    20.144104243128));
#527 = CARTESIAN_POINT('',(85.6399530251,17.9998849347,20.070554289642)
  );
#528 = CARTESIAN_POINT('',(85.641055054225,18.000237760997,
    19.849322475601));
#529 = CARTESIAN_POINT('',(85.696497964089,18.01746736561,
    19.706270492006));
#530 = CARTESIAN_POINT('',(85.835171701011,18.071779760964,
    19.453484327711));
#531 = CARTESIAN_POINT('',(85.91929094626,18.10944101332,19.33666094179)
  );
#532 = CARTESIAN_POINT('',(86.088774321995,18.201700914265,
    19.116624436319));
#533 = CARTESIAN_POINT('',(86.17539569828,18.256478039097,
    19.013038050444));
#534 = CARTESIAN_POINT('',(86.346341404768,18.384825490081,
    18.814599637029));
#535 = CARTESIAN_POINT('',(86.431462234154,18.459053091258,
    18.719174486776));
#536 = CARTESIAN_POINT('',(86.593289055699,18.62703551089,
    18.540548088313));
#537 = CARTESIAN_POINT('',(86.669591315028,18.720089865026,
    18.457823960951));
#538 = CARTESIAN_POINT('',(86.809960134889,18.927736309045,
    18.306858698723));
#539 = CARTESIAN_POINT('',(86.874438937992,19.043613507759,
    18.238217968476));
#540 = CARTESIAN_POINT('',(86.981396707881,19.291294461147,
    18.124823339431));
#541 = CARTESIAN_POINT('',(87.025102099746,19.425877778406,
    18.078767796961));
#542 = CARTESIAN_POINT('',(87.084437033411,19.7071227331,18.016323511795
    ));
#543 = CARTESIAN_POINT('',(87.1,19.850808050039,18.));
#544 = CARTESIAN_POINT('',(87.1,20.,18.));
#545 = ORIENTED_EDGE('',*,*,#546,.T.);
#546 = EDGE_CURVE('',#512,#547,#549,.T.);
#547 = VERTEX_POINT('',#548);
#548 = CARTESIAN_POINT('',(87.1,20.,23.5));
#549 = LINE('',#550,#551);
#550 = CARTESIAN_POINT('',(87.1,20.,-1.939696961967));
#551 = VECTOR('',#552,1.);
#552 = DIRECTION('',(0.,0.,1.));
#553 = ORIENTED_EDGE('',*,*,#554,.T.);
#554 = EDGE_CURVE('',#547,#555,#557,.T.);
#555 = VERTEX_POINT('',#556);
#556 = CARTESIAN_POINT('',(87.039607805437,19.5,24.));
#557 = ( BOUNDED_CURVE() B_SPLINE_CURVE(3,(#558,#559,#560,#561),
.UNSPECIFIED.,.F.,.F.) B_SPLINE_CURVE_WITH_KNOTS((4,4),(4.712388980385,
4.952793197154),.PIECEWISE_BEZIER_KNOTS.) CURVE() 
GEOMETRIC_REPRESENTATION_ITEM() RATIONAL_B_SPLINE_CURVE((1.,
0.995189613824,0.995189613824,1.)) REPRESENTATION_ITEM('') );
#558 = CARTESIAN_POINT('',(87.1,20.,23.5));
#559 = CARTESIAN_POINT('',(87.1,19.83131053482,23.66868946518));
#560 = CARTESIAN_POINT('',(87.079771963813,19.663838261846,
    23.836161738154));
#561 = CARTESIAN_POINT('',(87.039607805437,19.5,24.));
#562 = ORIENTED_EDGE('',*,*,#563,.T.);
#563 = EDGE_CURVE('',#555,#564,#566,.T.);
#564 = VERTEX_POINT('',#565);
#565 = CARTESIAN_POINT('',(82.960392194563,19.5,24.));
#566 = CIRCLE('',#567,2.1);
#567 = AXIS2_PLACEMENT_3D('',#568,#569,#570);
#568 = CARTESIAN_POINT('',(85.,20.,24.));
#569 = DIRECTION('',(0.,0.,-1.));
#570 = DIRECTION('',(1.,0.,0.));
#571 = ORIENTED_EDGE('',*,*,#572,.T.);
#572 = EDGE_CURVE('',#564,#573,#575,.T.);
#573 = VERTEX_POINT('',#574);
#574 = CARTESIAN_POINT('',(82.9,20.,23.5));
#575 = ( BOUNDED_CURVE() B_SPLINE_CURVE(3,(#576,#577,#578,#579),
.UNSPECIFIED.,.F.,.F.) B_SPLINE_CURVE_WITH_KNOTS((4,4),(1.330392110026,
1.570796326795),.PIECEWISE_BEZIER_KNOTS.) CURVE() 
GEOMETRIC_REPRESENTATION_ITEM() RATIONAL_B_SPLINE_CURVE((1.,
0.995189613824,0.995189613824,1.)) REPRESENTATION_ITEM('') );
#576 = CARTESIAN_POINT('',(82.960392194563,19.5,24.));
#577 = CARTESIAN_POINT('',(82.920228036187,19.663838261846,
    23.836161738154));
#578 = CARTESIAN_POINT('',(82.9,19.83131053482,23.66868946518));
#579 = CARTESIAN_POINT('',(82.9,20.,23.5));
#580 = ORIENTED_EDGE('',*,*,#581,.F.);
#581 = EDGE_CURVE('',#32,#573,#582,.T.);
#582 = LINE('',#583,#584);
#583 = CARTESIAN_POINT('',(82.9,20.,-1.939696961967));
#584 = VECTOR('',#585,1.);
#585 = DIRECTION('',(0.,0.,1.));
#586 = ORIENTED_EDGE('',*,*,#31,.F.);
#587 = ORIENTED_EDGE('',*,*,#588,.F.);
#588 = EDGE_CURVE('',#589,#24,#591,.T.);
#589 = VERTEX_POINT('',#590);
#590 = CARTESIAN_POINT('',(82.9,20.,16.5));
#591 = LINE('',#592,#593);
#592 = CARTESIAN_POINT('',(82.9,20.,-1.939696961967));
#593 = VECTOR('',#594,1.);
#594 = DIRECTION('',(0.,0.,1.));
#595 = ORIENTED_EDGE('',*,*,#596,.F.);
#596 = EDGE_CURVE('',#486,#589,#597,.T.);
#597 = ( BOUNDED_CURVE() B_SPLINE_CURVE(3,(#598,#599,#600,#601),
.UNSPECIFIED.,.F.,.F.) B_SPLINE_CURVE_WITH_KNOTS((4,4),(4.471984763615,
4.712388980385),.PIECEWISE_BEZIER_KNOTS.) CURVE() 
GEOMETRIC_REPRESENTATION_ITEM() RATIONAL_B_SPLINE_CURVE((1.,
0.995189613824,0.995189613824,1.)) REPRESENTATION_ITEM('') );
#598 = CARTESIAN_POINT('',(82.960392194563,19.5,16.));
#599 = CARTESIAN_POINT('',(82.920228036187,19.663838261846,
    16.163838261846));
#600 = CARTESIAN_POINT('',(82.9,19.83131053482,16.33131053482));
#601 = CARTESIAN_POINT('',(82.9,20.,16.5));
#602 = CYLINDRICAL_SURFACE('',#603,2.1);
#603 = AXIS2_PLACEMENT_3D('',#604,#605,#606);
#604 = CARTESIAN_POINT('',(85.,20.,-1.939696961967));
#605 = DIRECTION('',(0.,0.,1.));
#606 = DIRECTION('',(1.,0.,-0.));
#607 = ADVANCED_FACE('',(#608),#736,.F.);
#608 = FACE_BOUND('',#609,.F.);
#609 = EDGE_LOOP('',(#610,#621,#630,#636,#637,#645,#654,#663,#672,#680,
    #721,#729));
#610 = ORIENTED_EDGE('',*,*,#611,.F.);
#611 = EDGE_CURVE('',#612,#614,#616,.T.);
#612 = VERTEX_POINT('',#613);
#613 = CARTESIAN_POINT('',(67.039607805437,19.5,16.));
#614 = VERTEX_POINT('',#615);
#615 = CARTESIAN_POINT('',(62.960392194563,19.5,16.));
#616 = CIRCLE('',#617,2.1);
#617 = AXIS2_PLACEMENT_3D('',#618,#619,#620);
#618 = CARTESIAN_POINT('',(65.,20.,16.));
#619 = DIRECTION('',(0.,0.,-1.));
#620 = DIRECTION('',(1.,0.,0.));
#621 = ORIENTED_EDGE('',*,*,#622,.F.);
#622 = EDGE_CURVE('',#623,#612,#625,.T.);
#623 = VERTEX_POINT('',#624);
#624 = CARTESIAN_POINT('',(67.1,20.,16.5));
#625 = ( BOUNDED_CURVE() B_SPLINE_CURVE(3,(#626,#627,#628,#629),
.UNSPECIFIED.,.F.,.F.) B_SPLINE_CURVE_WITH_KNOTS((4,4),(1.570796326795,
1.811200543564),.PIECEWISE_BEZIER_KNOTS.) CURVE() 
GEOMETRIC_REPRESENTATION_ITEM() RATIONAL_B_SPLINE_CURVE((1.,
0.995189613824,0.995189613824,1.)) REPRESENTATION_ITEM('') );
#626 = CARTESIAN_POINT('',(67.1,20.,16.5));
#627 = CARTESIAN_POINT('',(67.1,19.83131053482,16.33131053482));
#628 = CARTESIAN_POINT('',(67.079771963813,19.663838261846,
    16.163838261846));
#629 = CARTESIAN_POINT('',(67.039607805437,19.5,16.));
#630 = ORIENTED_EDGE('',*,*,#631,.T.);
#631 = EDGE_CURVE('',#623,#22,#632,.T.);
#632 = LINE('',#633,#634);
#633 = CARTESIAN_POINT('',(67.1,20.,-1.939696961967));
#634 = VECTOR('',#635,1.);
#635 = DIRECTION('',(0.,0.,1.));
#636 = ORIENTED_EDGE('',*,*,#80,.F.);
#637 = ORIENTED_EDGE('',*,*,#638,.T.);
#638 = EDGE_CURVE('',#73,#639,#641,.T.);
#639 = VERTEX_POINT('',#640);
#640 = CARTESIAN_POINT('',(67.1,20.,23.5));
#641 = LINE('',#642,#643);
#642 = CARTESIAN_POINT('',(67.1,20.,-1.939696961967));
#643 = VECTOR('',#644,1.);
#644 = DIRECTION('',(0.,0.,1.));
#645 = ORIENTED_EDGE('',*,*,#646,.T.);
#646 = EDGE_CURVE('',#639,#647,#649,.T.);
#647 = VERTEX_POINT('',#648);
#648 = CARTESIAN_POINT('',(67.039607805437,19.5,24.));
#649 = ( BOUNDED_CURVE() B_SPLINE_CURVE(3,(#650,#651,#652,#653),
.UNSPECIFIED.,.F.,.F.) B_SPLINE_CURVE_WITH_KNOTS((4,4),(4.712388980385,
4.952793197154),.PIECEWISE_BEZIER_KNOTS.) CURVE() 
GEOMETRIC_REPRESENTATION_ITEM() RATIONAL_B_SPLINE_CURVE((1.,
0.995189613824,0.995189613824,1.)) REPRESENTATION_ITEM('') );
#650 = CARTESIAN_POINT('',(67.1,20.,23.5));
#651 = CARTESIAN_POINT('',(67.1,19.83131053482,23.66868946518));
#652 = CARTESIAN_POINT('',(67.079771963813,19.663838261846,
    23.836161738154));
#653 = CARTESIAN_POINT('',(67.039607805437,19.5,24.));
#654 = ORIENTED_EDGE('',*,*,#655,.T.);
#655 = EDGE_CURVE('',#647,#656,#658,.T.);
#656 = VERTEX_POINT('',#657);
#657 = CARTESIAN_POINT('',(62.960392194563,19.5,24.));
#658 = CIRCLE('',#659,2.1);
#659 = AXIS2_PLACEMENT_3D('',#660,#661,#662);
#660 = CARTESIAN_POINT('',(65.,20.,24.));
#661 = DIRECTION('',(0.,0.,-1.));
#662 = DIRECTION('',(1.,0.,0.));
#663 = ORIENTED_EDGE('',*,*,#664,.T.);
#664 = EDGE_CURVE('',#656,#665,#667,.T.);
#665 = VERTEX_POINT('',#666);
#666 = CARTESIAN_POINT('',(62.9,20.,23.5));
#667 = ( BOUNDED_CURVE() B_SPLINE_CURVE(3,(#668,#669,#670,#671),
.UNSPECIFIED.,.F.,.F.) B_SPLINE_CURVE_WITH_KNOTS((4,4),(1.330392110026,
1.570796326795),.PIECEWISE_BEZIER_KNOTS.) CURVE() 
GEOMETRIC_REPRESENTATION_ITEM() RATIONAL_B_SPLINE_CURVE((1.,
0.995189613824,0.995189613824,1.)) REPRESENTATION_ITEM('') );
#668 = CARTESIAN_POINT('',(62.960392194563,19.5,24.));
#669 = CARTESIAN_POINT('',(62.920228036187,19.663838261846,
    23.836161738154));
#670 = CARTESIAN_POINT('',(62.9,19.83131053482,23.66868946518));
#671 = CARTESIAN_POINT('',(62.9,20.,23.5));
#672 = ORIENTED_EDGE('',*,*,#673,.F.);
#673 = EDGE_CURVE('',#674,#665,#676,.T.);
#674 = VERTEX_POINT('',#675);
#675 = CARTESIAN_POINT('',(62.9,20.,22.));
#676 = LINE('',#677,#678);
#677 = CARTESIAN_POINT('',(62.9,20.,-1.939696961967));
#678 = VECTOR('',#679,1.);
#679 = DIRECTION('',(0.,0.,1.));
#680 = ORIENTED_EDGE('',*,*,#681,.F.);
#681 = EDGE_CURVE('',#682,#674,#684,.T.);
#682 = VERTEX_POINT('',#683);
#683 = CARTESIAN_POINT('',(62.9,20.,18.));
#684 = B_SPLINE_CURVE_WITH_KNOTS('',3,(#685,#686,#687,#688,#689,#690,
    #691,#692,#693,#694,#695,#696,#697,#698,#699,#700,#701,#702,#703,
    #704,#705,#706,#707,#708,#709,#710,#711,#712,#713,#714,#715,#716,
    #717,#718,#719,#720),.UNSPECIFIED.,.F.,.F.,(4,2,2,2,2,2,2,2,2,2,2,2,
    2,2,2,2,2,4),(0.,4.393283159726E-04,8.786566319453E-04,
    1.317984947918E-03,1.757313263891E-03,2.196641579863E-03,
    2.635969895836E-03,3.075298211808E-03,3.294962369795E-03,
    3.514626527781E-03,3.734290685767E-03,3.953954843754E-03,
    4.393283159726E-03,5.271939791671E-03,5.711268107644E-03,
    6.150596423617E-03,6.589924739589E-03,7.029253055562E-03),
  .UNSPECIFIED.);
#685 = CARTESIAN_POINT('',(62.9,20.,18.));
#686 = CARTESIAN_POINT('',(62.9,19.851009089165,18.));
#687 = CARTESIAN_POINT('',(62.915663187146,19.706270984246,
    18.016428599364));
#688 = CARTESIAN_POINT('',(62.975268333228,19.424501640589,
    18.079158029813));
#689 = CARTESIAN_POINT('',(63.01928472335,19.289272694701,
    18.125541798877));
#690 = CARTESIAN_POINT('',(63.127066798638,19.040579584912,
    18.239818385119));
#691 = CARTESIAN_POINT('',(63.191928406866,18.924533365077,
    18.308875092636));
#692 = CARTESIAN_POINT('',(63.332889285174,18.716842475282,
    18.460506998425));
#693 = CARTESIAN_POINT('',(63.409550942122,18.623717320057,
    18.543641221549));
#694 = CARTESIAN_POINT('',(63.572234322119,18.455601285328,
    18.723298187985));
#695 = CARTESIAN_POINT('',(63.657598529889,18.381542805462,
    18.819060627854));
#696 = CARTESIAN_POINT('',(63.829024114274,18.253500394345,
    19.018286895941));
#697 = CARTESIAN_POINT('',(63.915852692304,18.19890886242,
    19.122281980749));
#698 = CARTESIAN_POINT('',(64.085531053557,18.107105069835,
    19.343290786922));
#699 = CARTESIAN_POINT('',(64.169772111797,18.069660626289,
    19.460725519535));
#700 = CARTESIAN_POINT('',(64.273341190382,18.029381040024,
    19.652267803723));
#701 = CARTESIAN_POINT('',(64.304170435564,18.018497362616,
    19.719653695043));
#702 = CARTESIAN_POINT('',(64.347839051498,18.003699025209,
    19.859539433611));
#703 = CARTESIAN_POINT('',(64.360493454643,17.999741973483,
    19.934048403726));
#704 = CARTESIAN_POINT('',(64.358795982126,18.000285469958,
    20.080768707025));
#705 = CARTESIAN_POINT('',(64.344670776818,18.00472196995,
    20.154220028098));
#706 = CARTESIAN_POINT('',(64.29866366457,18.020424754509,
    20.293598504262));
#707 = CARTESIAN_POINT('',(64.26767463889,18.031468833932,
    20.359322087293));
#708 = CARTESIAN_POINT('',(64.162614430189,18.072709945882,
    20.549965729926));
#709 = CARTESIAN_POINT('',(64.079186838086,18.110195353613,
    20.665408666649));
#710 = CARTESIAN_POINT('',(63.825748613946,18.248381432792,
    20.994159733464));
#711 = CARTESIAN_POINT('',(63.64658039613,18.377771238783,
    21.194711286321));
#712 = CARTESIAN_POINT('',(63.406364341843,18.627532119314,
    21.459819242006));
#713 = CARTESIAN_POINT('',(63.33023144042,18.720244794712,
    21.542370489946));
#714 = CARTESIAN_POINT('',(63.18909242782,18.929245969868,
    21.694156403841));
#715 = CARTESIAN_POINT('',(63.1253000606,19.044121676423,21.762059597842
    ));
#716 = CARTESIAN_POINT('',(63.018392580988,19.291879057515,
    21.875399191278));
#717 = CARTESIAN_POINT('',(62.97449012052,19.427638349843,21.9216615268)
  );
#718 = CARTESIAN_POINT('',(62.915753994642,19.706390191596,
    21.983475273999));
#719 = CARTESIAN_POINT('',(62.9,19.852324824867,22.));
#720 = CARTESIAN_POINT('',(62.9,20.,22.));
#721 = ORIENTED_EDGE('',*,*,#722,.F.);
#722 = EDGE_CURVE('',#723,#682,#725,.T.);
#723 = VERTEX_POINT('',#724);
#724 = CARTESIAN_POINT('',(62.9,20.,16.5));
#725 = LINE('',#726,#727);
#726 = CARTESIAN_POINT('',(62.9,20.,-1.939696961967));
#727 = VECTOR('',#728,1.);
#728 = DIRECTION('',(0.,0.,1.));
#729 = ORIENTED_EDGE('',*,*,#730,.F.);
#730 = EDGE_CURVE('',#614,#723,#731,.T.);
#731 = ( BOUNDED_CURVE() B_SPLINE_CURVE(3,(#732,#733,#734,#735),
.UNSPECIFIED.,.F.,.F.) B_SPLINE_CURVE_WITH_KNOTS((4,4),(4.471984763615,
4.712388980385),.PIECEWISE_BEZIER_KNOTS.) CURVE() 
GEOMETRIC_REPRESENTATION_ITEM() RATIONAL_B_SPLINE_CURVE((1.,
0.995189613824,0.995189613824,1.)) REPRESENTATION_ITEM('') );
#732 = CARTESIAN_POINT('',(62.960392194563,19.5,16.));
#733 = CARTESIAN_POINT('',(62.920228036187,19.663838261846,
    16.163838261846));
#734 = CARTESIAN_POINT('',(62.9,19.83131053482,16.33131053482));
#735 = CARTESIAN_POINT('',(62.9,20.,16.5));
#736 = CYLINDRICAL_SURFACE('',#737,2.1);
#737 = AXIS2_PLACEMENT_3D('',#738,#739,#740);
#738 = CARTESIAN_POINT('',(65.,20.,-1.939696961967));
#739 = DIRECTION('',(0.,0.,1.));
#740 = DIRECTION('',(1.,0.,-0.));
#741 = ADVANCED_FACE('',(#742),#778,.F.);
#742 = FACE_BOUND('',#743,.F.);
#743 = EDGE_LOOP('',(#744,#754,#763,#771));
#744 = ORIENTED_EDGE('',*,*,#745,.T.);
#745 = EDGE_CURVE('',#746,#748,#750,.T.);
#746 = VERTEX_POINT('',#747);
#747 = CARTESIAN_POINT('',(-59.5,20.,2.));
#748 = VERTEX_POINT('',#749);
#749 = CARTESIAN_POINT('',(-60.,20.,2.5));
#750 = LINE('',#751,#752);
#751 = CARTESIAN_POINT('',(-60.,20.,2.5));
#752 = VECTOR('',#753,1.);
#753 = DIRECTION('',(-0.707106781187,0.,0.707106781187));
#754 = ORIENTED_EDGE('',*,*,#755,.T.);
#755 = EDGE_CURVE('',#748,#756,#758,.T.);
#756 = VERTEX_POINT('',#757);
#757 = CARTESIAN_POINT('',(-60.,20.,-2.5));
#758 = CIRCLE('',#759,2.5);
#759 = AXIS2_PLACEMENT_3D('',#760,#761,#762);
#760 = CARTESIAN_POINT('',(-60.,20.,1.73E-15));
#761 = DIRECTION('',(1.,0.,0.));
#762 = DIRECTION('',(0.,0.,-1.));
#763 = ORIENTED_EDGE('',*,*,#764,.F.);
#764 = EDGE_CURVE('',#765,#756,#767,.T.);
#765 = VERTEX_POINT('',#766);
#766 = CARTESIAN_POINT('',(-59.5,20.,-2.));
#767 = LINE('',#768,#769);
#768 = CARTESIAN_POINT('',(-60.,20.,-2.5));
#769 = VECTOR('',#770,1.);
#770 = DIRECTION('',(-0.707106781187,9.E-17,-0.707106781187));
#771 = ORIENTED_EDGE('',*,*,#772,.T.);
#772 = EDGE_CURVE('',#765,#746,#773,.T.);
#773 = CIRCLE('',#774,2.);
#774 = AXIS2_PLACEMENT_3D('',#775,#776,#777);
#775 = CARTESIAN_POINT('',(-59.5,20.,1.73E-15));
#776 = DIRECTION('',(-1.,-0.,-0.));
#777 = DIRECTION('',(0.,0.,-1.));
#778 = CONICAL_SURFACE('',#779,2.5,0.785398163397);
#779 = AXIS2_PLACEMENT_3D('',#780,#781,#782);
#780 = CARTESIAN_POINT('',(-60.,20.,1.73E-15));
#781 = DIRECTION('',(-1.,-0.,-0.));
#782 = DIRECTION('',(-0.,0.,1.));
#783 = ADVANCED_FACE('',(#784),#820,.F.);
#784 = FACE_BOUND('',#785,.F.);
#785 = EDGE_LOOP('',(#786,#796,#805,#813));
#786 = ORIENTED_EDGE('',*,*,#787,.T.);
#787 = EDGE_CURVE('',#788,#790,#792,.T.);
#788 = VERTEX_POINT('',#789);
#789 = CARTESIAN_POINT('',(-59.5,20.,22.));
#790 = VERTEX_POINT('',#791);
#791 = CARTESIAN_POINT('',(-60.,20.,22.5));
#792 = LINE('',#793,#794);
#793 = CARTESIAN_POINT('',(-60.,20.,22.5));
#794 = VECTOR('',#795,1.);
#795 = DIRECTION('',(-0.707106781187,0.,0.707106781187));
#796 = ORIENTED_EDGE('',*,*,#797,.T.);
#797 = EDGE_CURVE('',#790,#798,#800,.T.);
#798 = VERTEX_POINT('',#799);
#799 = CARTESIAN_POINT('',(-60.,20.,17.5));
#800 = CIRCLE('',#801,2.5);
#801 = AXIS2_PLACEMENT_3D('',#802,#803,#804);
#802 = CARTESIAN_POINT('',(-60.,20.,20.));
#803 = DIRECTION('',(1.,0.,0.));
#804 = DIRECTION('',(0.,0.,-1.));
#805 = ORIENTED_EDGE('',*,*,#806,.F.);
#806 = EDGE_CURVE('',#807,#798,#809,.T.);
#807 = VERTEX_POINT('',#808);
#808 = CARTESIAN_POINT('',(-59.5,20.,18.));
#809 = LINE('',#810,#811);
#810 = CARTESIAN_POINT('',(-60.,20.,17.5));
#811 = VECTOR('',#812,1.);
#812 = DIRECTION('',(-0.707106781187,9.E-17,-0.707106781187));
#813 = ORIENTED_EDGE('',*,*,#814,.T.);
#814 = EDGE_CURVE('',#807,#788,#815,.T.);
#815 = CIRCLE('',#816,2.);
#816 = AXIS2_PLACEMENT_3D('',#817,#818,#819);
#817 = CARTESIAN_POINT('',(-59.5,20.,20.));
#818 = DIRECTION('',(-1.,-0.,-0.));
#819 = DIRECTION('',(0.,0.,-1.));
#820 = CONICAL_SURFACE('',#821,2.5,0.785398163397);
#821 = AXIS2_PLACEMENT_3D('',#822,#823,#824);
#822 = CARTESIAN_POINT('',(-60.,20.,20.));
#823 = DIRECTION('',(-1.,-0.,-0.));
#824 = DIRECTION('',(-0.,0.,1.));
#825 = ADVANCED_FACE('',(#826),#862,.F.);
#826 = FACE_BOUND('',#827,.F.);
#827 = EDGE_LOOP('',(#828,#838,#847,#855));
#828 = ORIENTED_EDGE('',*,*,#829,.T.);
#829 = EDGE_CURVE('',#830,#832,#834,.T.);
#830 = VERTEX_POINT('',#831);
#831 = CARTESIAN_POINT('',(-59.5,-1.E-15,22.));
#832 = VERTEX_POINT('',#833);
#833 = CARTESIAN_POINT('',(-60.,-2.E-15,22.5));
#834 = LINE('',#835,#836);
#835 = CARTESIAN_POINT('',(-60.,-1.73E-15,22.5));
#836 = VECTOR('',#837,1.);
#837 = DIRECTION('',(-0.707106781187,0.,0.707106781187));
#838 = ORIENTED_EDGE('',*,*,#839,.T.);
#839 = EDGE_CURVE('',#832,#840,#842,.T.);
#840 = VERTEX_POINT('',#841);
#841 = CARTESIAN_POINT('',(-60.,-1.E-15,17.5));
#842 = CIRCLE('',#843,2.5);
#843 = AXIS2_PLACEMENT_3D('',#844,#845,#846);
#844 = CARTESIAN_POINT('',(-60.,-1.73E-15,20.));
#845 = DIRECTION('',(1.,0.,0.));
#846 = DIRECTION('',(0.,0.,-1.));
#847 = ORIENTED_EDGE('',*,*,#848,.F.);
#848 = EDGE_CURVE('',#849,#840,#851,.T.);
#849 = VERTEX_POINT('',#850);
#850 = CARTESIAN_POINT('',(-59.5,-2.E-15,18.));
#851 = LINE('',#852,#853);
#852 = CARTESIAN_POINT('',(-60.,-1.43E-15,17.5));
#853 = VECTOR('',#854,1.);
#854 = DIRECTION('',(-0.707106781187,9.E-17,-0.707106781187));
#855 = ORIENTED_EDGE('',*,*,#856,.T.);
#856 = EDGE_CURVE('',#849,#830,#857,.T.);
#857 = CIRCLE('',#858,2.);
#858 = AXIS2_PLACEMENT_3D('',#859,#860,#861);
#859 = CARTESIAN_POINT('',(-59.5,-1.73E-15,20.));
#860 = DIRECTION('',(-1.,-0.,-0.));
#861 = DIRECTION('',(0.,0.,-1.));
#862 = CONICAL_SURFACE('',#863,2.5,0.785398163397);
#863 = AXIS2_PLACEMENT_3D('',#864,#865,#866);
#864 = CARTESIAN_POINT('',(-60.,-1.73E-15,20.));
#865 = DIRECTION('',(-1.,-0.,-0.));
#866 = DIRECTION('',(-0.,0.,1.));
#867 = ADVANCED_FACE('',(#868),#904,.F.);
#868 = FACE_BOUND('',#869,.F.);
#869 = EDGE_LOOP('',(#870,#880,#889,#897));
#870 = ORIENTED_EDGE('',*,*,#871,.T.);
#871 = EDGE_CURVE('',#872,#874,#876,.T.);
#872 = VERTEX_POINT('',#873);
#873 = CARTESIAN_POINT('',(-59.5,0.,2.));
#874 = VERTEX_POINT('',#875);
#875 = CARTESIAN_POINT('',(-60.,0.,2.5));
#876 = LINE('',#877,#878);
#877 = CARTESIAN_POINT('',(-60.,0.,2.5));
#878 = VECTOR('',#879,1.);
#879 = DIRECTION('',(-0.707106781187,0.,0.707106781187));
#880 = ORIENTED_EDGE('',*,*,#881,.T.);
#881 = EDGE_CURVE('',#874,#882,#884,.T.);
#882 = VERTEX_POINT('',#883);
#883 = CARTESIAN_POINT('',(-60.,0.,-2.5));
#884 = CIRCLE('',#885,2.5);
#885 = AXIS2_PLACEMENT_3D('',#886,#887,#888);
#886 = CARTESIAN_POINT('',(-60.,0.,0.));
#887 = DIRECTION('',(1.,0.,0.));
#888 = DIRECTION('',(0.,0.,-1.));
#889 = ORIENTED_EDGE('',*,*,#890,.F.);
#890 = EDGE_CURVE('',#891,#882,#893,.T.);
#891 = VERTEX_POINT('',#892);
#892 = CARTESIAN_POINT('',(-59.5,0.,-2.));
#893 = LINE('',#894,#895);
#894 = CARTESIAN_POINT('',(-60.,3.1E-16,-2.5));
#895 = VECTOR('',#896,1.);
#896 = DIRECTION('',(-0.707106781187,9.E-17,-0.707106781187));
#897 = ORIENTED_EDGE('',*,*,#898,.T.);
#898 = EDGE_CURVE('',#891,#872,#899,.T.);
#899 = CIRCLE('',#900,2.);
#900 = AXIS2_PLACEMENT_3D('',#901,#902,#903);
#901 = CARTESIAN_POINT('',(-59.5,0.,0.));
#902 = DIRECTION('',(-1.,-0.,-0.));
#903 = DIRECTION('',(0.,0.,-1.));
#904 = CONICAL_SURFACE('',#905,2.5,0.785398163397);
#905 = AXIS2_PLACEMENT_3D('',#906,#907,#908);
#906 = CARTESIAN_POINT('',(-60.,0.,0.));
#907 = DIRECTION('',(-1.,-0.,-0.));
#908 = DIRECTION('',(-0.,0.,1.));
#909 = ADVANCED_FACE('',(#910),#946,.F.);
#910 = FACE_BOUND('',#911,.F.);
#911 = EDGE_LOOP('',(#912,#922,#931,#939));
#912 = ORIENTED_EDGE('',*,*,#913,.T.);
#913 = EDGE_CURVE('',#914,#916,#918,.T.);
#914 = VERTEX_POINT('',#915);
#915 = CARTESIAN_POINT('',(289.5,20.,-2.));
#916 = VERTEX_POINT('',#917);
#917 = CARTESIAN_POINT('',(290.,20.,-2.5));
#918 = LINE('',#919,#920);
#919 = CARTESIAN_POINT('',(289.5,20.,-2.));
#920 = VECTOR('',#921,1.);
#921 = DIRECTION('',(0.707106781187,0.,-0.707106781187));
#922 = ORIENTED_EDGE('',*,*,#923,.T.);
#923 = EDGE_CURVE('',#916,#924,#926,.T.);
#924 = VERTEX_POINT('',#925);
#925 = CARTESIAN_POINT('',(290.,20.,2.5));
#926 = CIRCLE('',#927,2.5);
#927 = AXIS2_PLACEMENT_3D('',#928,#929,#930);
#928 = CARTESIAN_POINT('',(290.,20.,1.73E-15));
#929 = DIRECTION('',(-1.,-0.,-0.));
#930 = DIRECTION('',(0.,0.,-1.));
#931 = ORIENTED_EDGE('',*,*,#932,.F.);
#932 = EDGE_CURVE('',#933,#924,#935,.T.);
#933 = VERTEX_POINT('',#934);
#934 = CARTESIAN_POINT('',(289.5,20.,2.));
#935 = LINE('',#936,#937);
#936 = CARTESIAN_POINT('',(289.5,20.,2.));
#937 = VECTOR('',#938,1.);
#938 = DIRECTION('',(0.707106781187,9.E-17,0.707106781187));
#939 = ORIENTED_EDGE('',*,*,#940,.T.);
#940 = EDGE_CURVE('',#933,#914,#941,.T.);
#941 = CIRCLE('',#942,2.);
#942 = AXIS2_PLACEMENT_3D('',#943,#944,#945);
#943 = CARTESIAN_POINT('',(289.5,20.,1.73E-15));
#944 = DIRECTION('',(1.,0.,0.));
#945 = DIRECTION('',(0.,0.,-1.));
#946 = CONICAL_SURFACE('',#947,2.,0.785398163397);
#947 = AXIS2_PLACEMENT_3D('',#948,#949,#950);
#948 = CARTESIAN_POINT('',(289.5,20.,1.73E-15));
#949 = DIRECTION('',(1.,0.,0.));
#950 = DIRECTION('',(0.,0.,-1.));
#951 = ADVANCED_FACE('',(#952),#988,.F.);
#952 = FACE_BOUND('',#953,.F.);
#953 = EDGE_LOOP('',(#954,#964,#973,#981));
#954 = ORIENTED_EDGE('',*,*,#955,.T.);
#955 = EDGE_CURVE('',#956,#958,#960,.T.);
#956 = VERTEX_POINT('',#957);
#957 = CARTESIAN_POINT('',(289.5,20.,18.));
#958 = VERTEX_POINT('',#959);
#959 = CARTESIAN_POINT('',(290.,20.,17.5));
#960 = LINE('',#961,#962);
#961 = CARTESIAN_POINT('',(289.5,20.,18.));
#962 = VECTOR('',#963,1.);
#963 = DIRECTION('',(0.707106781187,0.,-0.707106781187));
#964 = ORIENTED_EDGE('',*,*,#965,.T.);
#965 = EDGE_CURVE('',#958,#966,#968,.T.);
#966 = VERTEX_POINT('',#967);
#967 = CARTESIAN_POINT('',(290.,20.,22.5));
#968 = CIRCLE('',#969,2.5);
#969 = AXIS2_PLACEMENT_3D('',#970,#971,#972);
#970 = CARTESIAN_POINT('',(290.,20.,20.));
#971 = DIRECTION('',(-1.,-0.,-0.));
#972 = DIRECTION('',(0.,0.,-1.));
#973 = ORIENTED_EDGE('',*,*,#974,.F.);
#974 = EDGE_CURVE('',#975,#966,#977,.T.);
#975 = VERTEX_POINT('',#976);
#976 = CARTESIAN_POINT('',(289.5,20.,22.));
#977 = LINE('',#978,#979);
#978 = CARTESIAN_POINT('',(289.5,20.,22.));
#979 = VECTOR('',#980,1.);
#980 = DIRECTION('',(0.707106781187,9.E-17,0.707106781187));
#981 = ORIENTED_EDGE('',*,*,#982,.T.);
#982 = EDGE_CURVE('',#975,#956,#983,.T.);
#983 = CIRCLE('',#984,2.);
#984 = AXIS2_PLACEMENT_3D('',#985,#986,#987);
#985 = CARTESIAN_POINT('',(289.5,20.,20.));
#986 = DIRECTION('',(1.,0.,0.));
#987 = DIRECTION('',(0.,0.,-1.));
#988 = CONICAL_SURFACE('',#989,2.,0.785398163397);
#989 = AXIS2_PLACEMENT_3D('',#990,#991,#992);
#990 = CARTESIAN_POINT('',(289.5,20.,20.));
#991 = DIRECTION('',(1.,0.,0.));
#992 = DIRECTION('',(0.,0.,-1.));
#993 = ADVANCED_FACE('',(#994),#1030,.F.);
#994 = FACE_BOUND('',#995,.F.);
#995 = EDGE_LOOP('',(#996,#1006,#1015,#1023));
#996 = ORIENTED_EDGE('',*,*,#997,.T.);
#997 = EDGE_CURVE('',#998,#1000,#1002,.T.);
#998 = VERTEX_POINT('',#999);
#999 = CARTESIAN_POINT('',(289.5,-2.E-15,18.));
#1000 = VERTEX_POINT('',#1001);
#1001 = CARTESIAN_POINT('',(290.,-2.E-15,17.5));
#1002 = LINE('',#1003,#1004);
#1003 = CARTESIAN_POINT('',(289.5,-1.73E-15,18.));
#1004 = VECTOR('',#1005,1.);
#1005 = DIRECTION('',(0.707106781187,0.,-0.707106781187));
#1006 = ORIENTED_EDGE('',*,*,#1007,.T.);
#1007 = EDGE_CURVE('',#1000,#1008,#1010,.T.);
#1008 = VERTEX_POINT('',#1009);
#1009 = CARTESIAN_POINT('',(290.,-1.E-15,22.5));
#1010 = CIRCLE('',#1011,2.5);
#1011 = AXIS2_PLACEMENT_3D('',#1012,#1013,#1014);
#1012 = CARTESIAN_POINT('',(290.,-1.73E-15,20.));
#1013 = DIRECTION('',(-1.,-0.,-0.));
#1014 = DIRECTION('',(0.,0.,-1.));
#1015 = ORIENTED_EDGE('',*,*,#1016,.F.);
#1016 = EDGE_CURVE('',#1017,#1008,#1019,.T.);
#1017 = VERTEX_POINT('',#1018);
#1018 = CARTESIAN_POINT('',(289.5,-1.E-15,22.));
#1019 = LINE('',#1020,#1021);
#1020 = CARTESIAN_POINT('',(289.5,-1.49E-15,22.));
#1021 = VECTOR('',#1022,1.);
#1022 = DIRECTION('',(0.707106781187,9.E-17,0.707106781187));
#1023 = ORIENTED_EDGE('',*,*,#1024,.T.);
#1024 = EDGE_CURVE('',#1017,#998,#1025,.T.);
#1025 = CIRCLE('',#1026,2.);
#1026 = AXIS2_PLACEMENT_3D('',#1027,#1028,#1029);
#1027 = CARTESIAN_POINT('',(289.5,-1.73E-15,20.));
#1028 = DIRECTION('',(1.,0.,0.));
#1029 = DIRECTION('',(0.,0.,-1.));
#1030 = CONICAL_SURFACE('',#1031,2.,0.785398163397);
#1031 = AXIS2_PLACEMENT_3D('',#1032,#1033,#1034);
#1032 = CARTESIAN_POINT('',(289.5,-1.73E-15,20.));
#1033 = DIRECTION('',(1.,0.,0.));
#1034 = DIRECTION('',(0.,0.,-1.));
#1035 = ADVANCED_FACE('',(#1036),#1072,.F.);
#1036 = FACE_BOUND('',#1037,.F.);
#1037 = EDGE_LOOP('',(#1038,#1048,#1057,#1065));
#1038 = ORIENTED_EDGE('',*,*,#1039,.T.);
#1039 = EDGE_CURVE('',#1040,#1042,#1044,.T.);
#1040 = VERTEX_POINT('',#1041);
#1041 = CARTESIAN_POINT('',(289.5,0.,-2.));
#1042 = VERTEX_POINT('',#1043);
#1043 = CARTESIAN_POINT('',(290.,0.,-2.5));
#1044 = LINE('',#1045,#1046);
#1045 = CARTESIAN_POINT('',(289.5,0.,-2.));
#1046 = VECTOR('',#1047,1.);
#1047 = DIRECTION('',(0.707106781187,0.,-0.707106781187));
#1048 = ORIENTED_EDGE('',*,*,#1049,.T.);
#1049 = EDGE_CURVE('',#1042,#1050,#1052,.T.);
#1050 = VERTEX_POINT('',#1051);
#1051 = CARTESIAN_POINT('',(290.,0.,2.5));
#1052 = CIRCLE('',#1053,2.5);
#1053 = AXIS2_PLACEMENT_3D('',#1054,#1055,#1056);
#1054 = CARTESIAN_POINT('',(290.,0.,0.));
#1055 = DIRECTION('',(-1.,-0.,-0.));
#1056 = DIRECTION('',(0.,0.,-1.));
#1057 = ORIENTED_EDGE('',*,*,#1058,.F.);
#1058 = EDGE_CURVE('',#1059,#1050,#1061,.T.);
#1059 = VERTEX_POINT('',#1060);
#1060 = CARTESIAN_POINT('',(289.5,0.,2.));
#1061 = LINE('',#1062,#1063);
#1062 = CARTESIAN_POINT('',(289.5,2.4E-16,2.));
#1063 = VECTOR('',#1064,1.);
#1064 = DIRECTION('',(0.707106781187,9.E-17,0.707106781187));
#1065 = ORIENTED_EDGE('',*,*,#1066,.T.);
#1066 = EDGE_CURVE('',#1059,#1040,#1067,.T.);
#1067 = CIRCLE('',#1068,2.);
#1068 = AXIS2_PLACEMENT_3D('',#1069,#1070,#1071);
#1069 = CARTESIAN_POINT('',(289.5,0.,0.));
#1070 = DIRECTION('',(1.,0.,0.));
#1071 = DIRECTION('',(0.,0.,-1.));
#1072 = CONICAL_SURFACE('',#1073,2.,0.785398163397);
#1073 = AXIS2_PLACEMENT_3D('',#1074,#1075,#1076);
#1074 = CARTESIAN_POINT('',(289.5,0.,0.));
#1075 = DIRECTION('',(1.,0.,0.));
#1076 = DIRECTION('',(0.,0.,-1.));
#1077 = ADVANCED_FACE('',(#1078),#1094,.F.);
#1078 = FACE_BOUND('',#1079,.F.);
#1079 = EDGE_LOOP('',(#1080,#1086,#1087,#1093));
#1080 = ORIENTED_EDGE('',*,*,#1081,.T.);
#1081 = EDGE_CURVE('',#765,#914,#1082,.T.);
#1082 = LINE('',#1083,#1084);
#1083 = CARTESIAN_POINT('',(-60.,20.,-2.));
#1084 = VECTOR('',#1085,1.);
#1085 = DIRECTION('',(1.,0.,0.));
#1086 = ORIENTED_EDGE('',*,*,#940,.F.);
#1087 = ORIENTED_EDGE('',*,*,#1088,.F.);
#1088 = EDGE_CURVE('',#746,#933,#1089,.T.);
#1089 = LINE('',#1090,#1091);
#1090 = CARTESIAN_POINT('',(-60.,20.,2.));
#1091 = VECTOR('',#1092,1.);
#1092 = DIRECTION('',(1.,0.,0.));
#1093 = ORIENTED_EDGE('',*,*,#772,.F.);
#1094 = CYLINDRICAL_SURFACE('',#1095,2.);
#1095 = AXIS2_PLACEMENT_3D('',#1096,#1097,#1098);
#1096 = CARTESIAN_POINT('',(-60.,20.,1.73E-15));
#1097 = DIRECTION('',(1.,0.,0.));
#1098 = DIRECTION('',(0.,0.,-1.));
#1099 = ADVANCED_FACE('',(#1100),#1116,.F.);
#1100 = FACE_BOUND('',#1101,.F.);
#1101 = EDGE_LOOP('',(#1102,#1108,#1109,#1115));
#1102 = ORIENTED_EDGE('',*,*,#1103,.T.);
#1103 = EDGE_CURVE('',#891,#1040,#1104,.T.);
#1104 = LINE('',#1105,#1106);
#1105 = CARTESIAN_POINT('',(-60.,0.,-2.));
#1106 = VECTOR('',#1107,1.);
#1107 = DIRECTION('',(1.,0.,0.));
#1108 = ORIENTED_EDGE('',*,*,#1066,.F.);
#1109 = ORIENTED_EDGE('',*,*,#1110,.F.);
#1110 = EDGE_CURVE('',#872,#1059,#1111,.T.);
#1111 = LINE('',#1112,#1113);
#1112 = CARTESIAN_POINT('',(-60.,2.4E-16,2.));
#1113 = VECTOR('',#1114,1.);
#1114 = DIRECTION('',(1.,0.,0.));
#1115 = ORIENTED_EDGE('',*,*,#898,.F.);
#1116 = CYLINDRICAL_SURFACE('',#1117,2.);
#1117 = AXIS2_PLACEMENT_3D('',#1118,#1119,#1120);
#1118 = CARTESIAN_POINT('',(-60.,0.,0.));
#1119 = DIRECTION('',(1.,0.,0.));
#1120 = DIRECTION('',(0.,0.,-1.));
#1121 = ADVANCED_FACE('',(#1122),#1158,.T.);
#1122 = FACE_BOUND('',#1123,.T.);
#1123 = EDGE_LOOP('',(#1124,#1135,#1143,#1152));
#1124 = ORIENTED_EDGE('',*,*,#1125,.T.);
#1125 = EDGE_CURVE('',#1126,#1128,#1130,.T.);
#1126 = VERTEX_POINT('',#1127);
#1127 = CARTESIAN_POINT('',(-60.,-8.541421356237,3.341421356237));
#1128 = VERTEX_POINT('',#1129);
#1129 = CARTESIAN_POINT('',(-60.,-8.4,3.282842712475));
#1130 = CIRCLE('',#1131,0.2);
#1131 = AXIS2_PLACEMENT_3D('',#1132,#1133,#1134);
#1132 = CARTESIAN_POINT('',(-60.,-8.4,3.482842712475));
#1133 = DIRECTION('',(1.,0.,0.));
#1134 = DIRECTION('',(0.,0.,-1.));
#1135 = ORIENTED_EDGE('',*,*,#1136,.T.);
#1136 = EDGE_CURVE('',#1128,#1137,#1139,.T.);
#1137 = VERTEX_POINT('',#1138);
#1138 = CARTESIAN_POINT('',(290.,-8.4,3.282842712475));
#1139 = LINE('',#1140,#1141);
#1140 = CARTESIAN_POINT('',(-60.,-8.4,3.282842712475));
#1141 = VECTOR('',#1142,1.);
#1142 = DIRECTION('',(1.,0.,0.));
#1143 = ORIENTED_EDGE('',*,*,#1144,.F.);
#1144 = EDGE_CURVE('',#1145,#1137,#1147,.T.);
#1145 = VERTEX_POINT('',#1146);
#1146 = CARTESIAN_POINT('',(290.,-8.541421356237,3.341421356237));
#1147 = CIRCLE('',#1148,0.2);
#1148 = AXIS2_PLACEMENT_3D('',#1149,#1150,#1151);
#1149 = CARTESIAN_POINT('',(290.,-8.4,3.482842712475));
#1150 = DIRECTION('',(1.,0.,0.));
#1151 = DIRECTION('',(0.,0.,-1.));
#1152 = ORIENTED_EDGE('',*,*,#1153,.F.);
#1153 = EDGE_CURVE('',#1126,#1145,#1154,.T.);
#1154 = LINE('',#1155,#1156);
#1155 = CARTESIAN_POINT('',(-60.,-8.541421356237,3.341421356237));
#1156 = VECTOR('',#1157,1.);
#1157 = DIRECTION('',(1.,0.,0.));
#1158 = CYLINDRICAL_SURFACE('',#1159,0.2);
#1159 = AXIS2_PLACEMENT_3D('',#1160,#1161,#1162);
#1160 = CARTESIAN_POINT('',(-60.,-8.4,3.482842712475));
#1161 = DIRECTION('',(1.,0.,0.));
#1162 = DIRECTION('',(0.,0.,-1.));
#1163 = ADVANCED_FACE('',(#1164),#1200,.T.);
#1164 = FACE_BOUND('',#1165,.T.);
#1165 = EDGE_LOOP('',(#1166,#1177,#1185,#1194));
#1166 = ORIENTED_EDGE('',*,*,#1167,.T.);
#1167 = EDGE_CURVE('',#1168,#1170,#1172,.T.);
#1168 = VERTEX_POINT('',#1169);
#1169 = CARTESIAN_POINT('',(-60.,28.2,3.482842712475));
#1170 = VERTEX_POINT('',#1171);
#1171 = CARTESIAN_POINT('',(-60.,28.4,3.282842712475));
#1172 = CIRCLE('',#1173,0.2);
#1173 = AXIS2_PLACEMENT_3D('',#1174,#1175,#1176);
#1174 = CARTESIAN_POINT('',(-60.,28.4,3.482842712475));
#1175 = DIRECTION('',(1.,0.,0.));
#1176 = DIRECTION('',(0.,0.,-1.));
#1177 = ORIENTED_EDGE('',*,*,#1178,.T.);
#1178 = EDGE_CURVE('',#1170,#1179,#1181,.T.);
#1179 = VERTEX_POINT('',#1180);
#1180 = CARTESIAN_POINT('',(290.,28.4,3.282842712475));
#1181 = LINE('',#1182,#1183);
#1182 = CARTESIAN_POINT('',(-60.,28.4,3.282842712475));
#1183 = VECTOR('',#1184,1.);
#1184 = DIRECTION('',(1.,0.,0.));
#1185 = ORIENTED_EDGE('',*,*,#1186,.F.);
#1186 = EDGE_CURVE('',#1187,#1179,#1189,.T.);
#1187 = VERTEX_POINT('',#1188);
#1188 = CARTESIAN_POINT('',(290.,28.2,3.482842712475));
#1189 = CIRCLE('',#1190,0.2);
#1190 = AXIS2_PLACEMENT_3D('',#1191,#1192,#1193);
#1191 = CARTESIAN_POINT('',(290.,28.4,3.482842712475));
#1192 = DIRECTION('',(1.,0.,0.));
#1193 = DIRECTION('',(0.,0.,-1.));
#1194 = ORIENTED_EDGE('',*,*,#1195,.F.);
#1195 = EDGE_CURVE('',#1168,#1187,#1196,.T.);
#1196 = LINE('',#1197,#1198);
#1197 = CARTESIAN_POINT('',(-60.,28.2,3.482842712475));
#1198 = VECTOR('',#1199,1.);
#1199 = DIRECTION('',(1.,0.,0.));
#1200 = CYLINDRICAL_SURFACE('',#1201,0.2);
#1201 = AXIS2_PLACEMENT_3D('',#1202,#1203,#1204);
#1202 = CARTESIAN_POINT('',(-60.,28.4,3.482842712475));
#1203 = DIRECTION('',(1.,0.,0.));
#1204 = DIRECTION('',(0.,0.,-1.));
#1205 = ADVANCED_FACE('',(#1206),#1222,.F.);
#1206 = FACE_BOUND('',#1207,.F.);
#1207 = EDGE_LOOP('',(#1208,#1214,#1215,#1221));
#1208 = ORIENTED_EDGE('',*,*,#1209,.T.);
#1209 = EDGE_CURVE('',#807,#682,#1210,.T.);
#1210 = LINE('',#1211,#1212);
#1211 = CARTESIAN_POINT('',(-60.,20.,18.));
#1212 = VECTOR('',#1213,1.);
#1213 = DIRECTION('',(1.,0.,0.));
#1214 = ORIENTED_EDGE('',*,*,#681,.T.);
#1215 = ORIENTED_EDGE('',*,*,#1216,.F.);
#1216 = EDGE_CURVE('',#788,#674,#1217,.T.);
#1217 = LINE('',#1218,#1219);
#1218 = CARTESIAN_POINT('',(-60.,20.,22.));
#1219 = VECTOR('',#1220,1.);
#1220 = DIRECTION('',(1.,0.,0.));
#1221 = ORIENTED_EDGE('',*,*,#814,.F.);
#1222 = CYLINDRICAL_SURFACE('',#1223,2.);
#1223 = AXIS2_PLACEMENT_3D('',#1224,#1225,#1226);
#1224 = CARTESIAN_POINT('',(-60.,20.,20.));
#1225 = DIRECTION('',(1.,0.,0.));
#1226 = DIRECTION('',(0.,0.,-1.));
#1227 = ADVANCED_FACE('',(#1228),#1244,.F.);
#1228 = FACE_BOUND('',#1229,.F.);
#1229 = EDGE_LOOP('',(#1230,#1236,#1237,#1243));
#1230 = ORIENTED_EDGE('',*,*,#1231,.T.);
#1231 = EDGE_CURVE('',#504,#956,#1232,.T.);
#1232 = LINE('',#1233,#1234);
#1233 = CARTESIAN_POINT('',(-60.,20.,18.));
#1234 = VECTOR('',#1235,1.);
#1235 = DIRECTION('',(1.,0.,0.));
#1236 = ORIENTED_EDGE('',*,*,#982,.F.);
#1237 = ORIENTED_EDGE('',*,*,#1238,.F.);
#1238 = EDGE_CURVE('',#512,#975,#1239,.T.);
#1239 = LINE('',#1240,#1241);
#1240 = CARTESIAN_POINT('',(-60.,20.,22.));
#1241 = VECTOR('',#1242,1.);
#1242 = DIRECTION('',(1.,0.,0.));
#1243 = ORIENTED_EDGE('',*,*,#511,.T.);
#1244 = CYLINDRICAL_SURFACE('',#1245,2.);
#1245 = AXIS2_PLACEMENT_3D('',#1246,#1247,#1248);
#1246 = CARTESIAN_POINT('',(-60.,20.,20.));
#1247 = DIRECTION('',(1.,0.,0.));
#1248 = DIRECTION('',(0.,0.,-1.));
#1249 = ADVANCED_FACE('',(#1250),#1266,.F.);
#1250 = FACE_BOUND('',#1251,.F.);
#1251 = EDGE_LOOP('',(#1252,#1258,#1259,#1265));
#1252 = ORIENTED_EDGE('',*,*,#1253,.T.);
#1253 = EDGE_CURVE('',#376,#998,#1254,.T.);
#1254 = LINE('',#1255,#1256);
#1255 = CARTESIAN_POINT('',(-60.,-1.73E-15,18.));
#1256 = VECTOR('',#1257,1.);
#1257 = DIRECTION('',(1.,0.,0.));
#1258 = ORIENTED_EDGE('',*,*,#1024,.F.);
#1259 = ORIENTED_EDGE('',*,*,#1260,.F.);
#1260 = EDGE_CURVE('',#384,#1017,#1261,.T.);
#1261 = LINE('',#1262,#1263);
#1262 = CARTESIAN_POINT('',(-60.,-1.49E-15,22.));
#1263 = VECTOR('',#1264,1.);
#1264 = DIRECTION('',(1.,0.,0.));
#1265 = ORIENTED_EDGE('',*,*,#383,.T.);
#1266 = CYLINDRICAL_SURFACE('',#1267,2.);
#1267 = AXIS2_PLACEMENT_3D('',#1268,#1269,#1270);
#1268 = CARTESIAN_POINT('',(-60.,-1.73E-15,20.));
#1269 = DIRECTION('',(1.,0.,0.));
#1270 = DIRECTION('',(0.,0.,-1.));
#1271 = ADVANCED_FACE('',(#1272),#1288,.F.);
#1272 = FACE_BOUND('',#1273,.F.);
#1273 = EDGE_LOOP('',(#1274,#1280,#1281,#1287));
#1274 = ORIENTED_EDGE('',*,*,#1275,.T.);
#1275 = EDGE_CURVE('',#849,#228,#1276,.T.);
#1276 = LINE('',#1277,#1278);
#1277 = CARTESIAN_POINT('',(-60.,-1.73E-15,18.));
#1278 = VECTOR('',#1279,1.);
#1279 = DIRECTION('',(1.,0.,0.));
#1280 = ORIENTED_EDGE('',*,*,#227,.T.);
#1281 = ORIENTED_EDGE('',*,*,#1282,.F.);
#1282 = EDGE_CURVE('',#830,#220,#1283,.T.);
#1283 = LINE('',#1284,#1285);
#1284 = CARTESIAN_POINT('',(-60.,-1.49E-15,22.));
#1285 = VECTOR('',#1286,1.);
#1286 = DIRECTION('',(1.,0.,0.));
#1287 = ORIENTED_EDGE('',*,*,#856,.F.);
#1288 = CYLINDRICAL_SURFACE('',#1289,2.);
#1289 = AXIS2_PLACEMENT_3D('',#1290,#1291,#1292);
#1290 = CARTESIAN_POINT('',(-60.,-1.73E-15,20.));
#1291 = DIRECTION('',(1.,0.,0.));
#1292 = DIRECTION('',(0.,0.,-1.));
#1293 = ADVANCED_FACE('',(#1294),#1310,.T.);
#1294 = FACE_BOUND('',#1295,.T.);
#1295 = EDGE_LOOP('',(#1296,#1302,#1303,#1309));
#1296 = ORIENTED_EDGE('',*,*,#1297,.T.);
#1297 = EDGE_CURVE('',#647,#564,#1298,.T.);
#1298 = LINE('',#1299,#1300);
#1299 = CARTESIAN_POINT('',(-60.,19.5,24.));
#1300 = VECTOR('',#1301,1.);
#1301 = DIRECTION('',(1.,0.,0.));
#1302 = ORIENTED_EDGE('',*,*,#572,.T.);
#1303 = ORIENTED_EDGE('',*,*,#1304,.F.);
#1304 = EDGE_CURVE('',#639,#573,#1305,.T.);
#1305 = LINE('',#1306,#1307);
#1306 = CARTESIAN_POINT('',(-60.,20.,23.5));
#1307 = VECTOR('',#1308,1.);
#1308 = DIRECTION('',(1.,0.,0.));
#1309 = ORIENTED_EDGE('',*,*,#646,.T.);
#1310 = PLANE('',#1311);
#1311 = AXIS2_PLACEMENT_3D('',#1312,#1313,#1314);
#1312 = CARTESIAN_POINT('',(-60.,20.,23.5));
#1313 = DIRECTION('',(-0.,0.707106781187,0.707106781187));
#1314 = DIRECTION('',(0.,-0.707106781187,0.707106781187));
#1315 = ADVANCED_FACE('',(#1316),#1341,.T.);
#1316 = FACE_BOUND('',#1317,.T.);
#1317 = EDGE_LOOP('',(#1318,#1326,#1327,#1335));
#1318 = ORIENTED_EDGE('',*,*,#1319,.T.);
#1319 = EDGE_CURVE('',#1320,#656,#1322,.T.);
#1320 = VERTEX_POINT('',#1321);
#1321 = CARTESIAN_POINT('',(-60.,19.5,24.));
#1322 = LINE('',#1323,#1324);
#1323 = CARTESIAN_POINT('',(-60.,19.5,24.));
#1324 = VECTOR('',#1325,1.);
#1325 = DIRECTION('',(1.,0.,0.));
#1326 = ORIENTED_EDGE('',*,*,#664,.T.);
#1327 = ORIENTED_EDGE('',*,*,#1328,.F.);
#1328 = EDGE_CURVE('',#1329,#665,#1331,.T.);
#1329 = VERTEX_POINT('',#1330);
#1330 = CARTESIAN_POINT('',(-60.,20.,23.5));
#1331 = LINE('',#1332,#1333);
#1332 = CARTESIAN_POINT('',(-60.,20.,23.5));
#1333 = VECTOR('',#1334,1.);
#1334 = DIRECTION('',(1.,0.,0.));
#1335 = ORIENTED_EDGE('',*,*,#1336,.T.);
#1336 = EDGE_CURVE('',#1329,#1320,#1337,.T.);
#1337 = LINE('',#1338,#1339);
#1338 = CARTESIAN_POINT('',(-60.,20.,23.5));
#1339 = VECTOR('',#1340,1.);
#1340 = DIRECTION('',(0.,-0.707106781187,0.707106781187));
#1341 = PLANE('',#1342);
#1342 = AXIS2_PLACEMENT_3D('',#1343,#1344,#1345);
#1343 = CARTESIAN_POINT('',(-60.,20.,23.5));
#1344 = DIRECTION('',(-0.,0.707106781187,0.707106781187));
#1345 = DIRECTION('',(0.,-0.707106781187,0.707106781187));
#1346 = ADVANCED_FACE('',(#1347),#1380,.T.);
#1347 = FACE_BOUND('',#1348,.T.);
#1348 = EDGE_LOOP('',(#1349,#1359,#1366,#1374));
#1349 = ORIENTED_EDGE('',*,*,#1350,.F.);
#1350 = EDGE_CURVE('',#1351,#1353,#1355,.T.);
#1351 = VERTEX_POINT('',#1352);
#1352 = CARTESIAN_POINT('',(87.039607805437,20.5,24.));
#1353 = VERTEX_POINT('',#1354);
#1354 = CARTESIAN_POINT('',(290.,20.5,24.));
#1355 = LINE('',#1356,#1357);
#1356 = CARTESIAN_POINT('',(-60.,20.5,24.));
#1357 = VECTOR('',#1358,1.);
#1358 = DIRECTION('',(1.,0.,0.));
#1359 = ORIENTED_EDGE('',*,*,#1360,.T.);
#1360 = EDGE_CURVE('',#1351,#547,#1361,.T.);
#1361 = ( BOUNDED_CURVE() B_SPLINE_CURVE(3,(#1362,#1363,#1364,#1365),
.UNSPECIFIED.,.F.,.F.) B_SPLINE_CURVE_WITH_KNOTS((4,4),(1.330392110026,
1.570796326795),.PIECEWISE_BEZIER_KNOTS.) CURVE() 
GEOMETRIC_REPRESENTATION_ITEM() RATIONAL_B_SPLINE_CURVE((1.,
0.995189613824,0.995189613824,1.)) REPRESENTATION_ITEM('') );
#1362 = CARTESIAN_POINT('',(87.039607805437,20.5,24.));
#1363 = CARTESIAN_POINT('',(87.079771963813,20.336161738154,
    23.836161738154));
#1364 = CARTESIAN_POINT('',(87.1,20.16868946518,23.66868946518));
#1365 = CARTESIAN_POINT('',(87.1,20.,23.5));
#1366 = ORIENTED_EDGE('',*,*,#1367,.T.);
#1367 = EDGE_CURVE('',#547,#1368,#1370,.T.);
#1368 = VERTEX_POINT('',#1369);
#1369 = CARTESIAN_POINT('',(290.,20.,23.5));
#1370 = LINE('',#1371,#1372);
#1371 = CARTESIAN_POINT('',(-60.,20.,23.5));
#1372 = VECTOR('',#1373,1.);
#1373 = DIRECTION('',(1.,0.,0.));
#1374 = ORIENTED_EDGE('',*,*,#1375,.F.);
#1375 = EDGE_CURVE('',#1353,#1368,#1376,.T.);
#1376 = LINE('',#1377,#1378);
#1377 = CARTESIAN_POINT('',(290.,20.5,24.));
#1378 = VECTOR('',#1379,1.);
#1379 = DIRECTION('',(0.,-0.707106781187,-0.707106781187));
#1380 = PLANE('',#1381);
#1381 = AXIS2_PLACEMENT_3D('',#1382,#1383,#1384);
#1382 = CARTESIAN_POINT('',(-60.,20.5,24.));
#1383 = DIRECTION('',(0.,-0.707106781187,0.707106781187));
#1384 = DIRECTION('',(0.,-0.707106781187,-0.707106781187));
#1385 = ADVANCED_FACE('',(#1386),#1413,.T.);
#1386 = FACE_BOUND('',#1387,.T.);
#1387 = EDGE_LOOP('',(#1388,#1389,#1398,#1406));
#1388 = ORIENTED_EDGE('',*,*,#1304,.T.);
#1389 = ORIENTED_EDGE('',*,*,#1390,.T.);
#1390 = EDGE_CURVE('',#573,#1391,#1393,.T.);
#1391 = VERTEX_POINT('',#1392);
#1392 = CARTESIAN_POINT('',(82.960392194563,20.5,24.));
#1393 = ( BOUNDED_CURVE() B_SPLINE_CURVE(3,(#1394,#1395,#1396,#1397),
.UNSPECIFIED.,.F.,.F.) B_SPLINE_CURVE_WITH_KNOTS((4,4),(4.712388980385,
4.952793197154),.PIECEWISE_BEZIER_KNOTS.) CURVE() 
GEOMETRIC_REPRESENTATION_ITEM() RATIONAL_B_SPLINE_CURVE((1.,
0.995189613824,0.995189613824,1.)) REPRESENTATION_ITEM('') );
#1394 = CARTESIAN_POINT('',(82.9,20.,23.5));
#1395 = CARTESIAN_POINT('',(82.9,20.16868946518,23.66868946518));
#1396 = CARTESIAN_POINT('',(82.920228036187,20.336161738154,
    23.836161738154));
#1397 = CARTESIAN_POINT('',(82.960392194563,20.5,24.));
#1398 = ORIENTED_EDGE('',*,*,#1399,.F.);
#1399 = EDGE_CURVE('',#1400,#1391,#1402,.T.);
#1400 = VERTEX_POINT('',#1401);
#1401 = CARTESIAN_POINT('',(67.039607805437,20.5,24.));
#1402 = LINE('',#1403,#1404);
#1403 = CARTESIAN_POINT('',(-60.,20.5,24.));
#1404 = VECTOR('',#1405,1.);
#1405 = DIRECTION('',(1.,0.,0.));
#1406 = ORIENTED_EDGE('',*,*,#1407,.T.);
#1407 = EDGE_CURVE('',#1400,#639,#1408,.T.);
#1408 = ( BOUNDED_CURVE() B_SPLINE_CURVE(3,(#1409,#1410,#1411,#1412),
.UNSPECIFIED.,.F.,.F.) B_SPLINE_CURVE_WITH_KNOTS((4,4),(1.330392110026,
1.570796326795),.PIECEWISE_BEZIER_KNOTS.) CURVE() 
GEOMETRIC_REPRESENTATION_ITEM() RATIONAL_B_SPLINE_CURVE((1.,
0.995189613824,0.995189613824,1.)) REPRESENTATION_ITEM('') );
#1409 = CARTESIAN_POINT('',(67.039607805437,20.5,24.));
#1410 = CARTESIAN_POINT('',(67.079771963813,20.336161738154,
    23.836161738154));
#1411 = CARTESIAN_POINT('',(67.1,20.16868946518,23.66868946518));
#1412 = CARTESIAN_POINT('',(67.1,20.,23.5));
#1413 = PLANE('',#1414);
#1414 = AXIS2_PLACEMENT_3D('',#1415,#1416,#1417);
#1415 = CARTESIAN_POINT('',(-60.,20.5,24.));
#1416 = DIRECTION('',(0.,-0.707106781187,0.707106781187));
#1417 = DIRECTION('',(0.,-0.707106781187,-0.707106781187));
#1418 = ADVANCED_FACE('',(#1419),#1444,.T.);
#1419 = FACE_BOUND('',#1420,.T.);
#1420 = EDGE_LOOP('',(#1421,#1429,#1430,#1438));
#1421 = ORIENTED_EDGE('',*,*,#1422,.T.);
#1422 = EDGE_CURVE('',#1423,#202,#1425,.T.);
#1423 = VERTEX_POINT('',#1424);
#1424 = CARTESIAN_POINT('',(-60.,-0.5,24.));
#1425 = LINE('',#1426,#1427);
#1426 = CARTESIAN_POINT('',(-60.,-0.5,24.));
#1427 = VECTOR('',#1428,1.);
#1428 = DIRECTION('',(1.,0.,0.));
#1429 = ORIENTED_EDGE('',*,*,#210,.T.);
#1430 = ORIENTED_EDGE('',*,*,#1431,.F.);
#1431 = EDGE_CURVE('',#1432,#211,#1434,.T.);
#1432 = VERTEX_POINT('',#1433);
#1433 = CARTESIAN_POINT('',(-60.,3.4E-14,23.5));
#1434 = LINE('',#1435,#1436);
#1435 = CARTESIAN_POINT('',(-60.,3.449E-14,23.5));
#1436 = VECTOR('',#1437,1.);
#1437 = DIRECTION('',(1.,0.,0.));
#1438 = ORIENTED_EDGE('',*,*,#1439,.T.);
#1439 = EDGE_CURVE('',#1432,#1423,#1440,.T.);
#1440 = LINE('',#1441,#1442);
#1441 = CARTESIAN_POINT('',(-60.,3.449E-14,23.5));
#1442 = VECTOR('',#1443,1.);
#1443 = DIRECTION('',(0.,-0.707106781187,0.707106781187));
#1444 = PLANE('',#1445);
#1445 = AXIS2_PLACEMENT_3D('',#1446,#1447,#1448);
#1446 = CARTESIAN_POINT('',(-60.,3.449E-14,23.5));
#1447 = DIRECTION('',(-0.,0.707106781187,0.707106781187));
#1448 = DIRECTION('',(0.,-0.707106781187,0.707106781187));
#1449 = ADVANCED_FACE('',(#1450),#1466,.T.);
#1450 = FACE_BOUND('',#1451,.T.);
#1451 = EDGE_LOOP('',(#1452,#1458,#1459,#1465));
#1452 = ORIENTED_EDGE('',*,*,#1453,.F.);
#1453 = EDGE_CURVE('',#185,#445,#1454,.T.);
#1454 = LINE('',#1455,#1456);
#1455 = CARTESIAN_POINT('',(-60.,3.449E-14,23.5));
#1456 = VECTOR('',#1457,1.);
#1457 = DIRECTION('',(1.,0.,0.));
#1458 = ORIENTED_EDGE('',*,*,#192,.T.);
#1459 = ORIENTED_EDGE('',*,*,#1460,.T.);
#1460 = EDGE_CURVE('',#193,#436,#1461,.T.);
#1461 = LINE('',#1462,#1463);
#1462 = CARTESIAN_POINT('',(-60.,-0.5,24.));
#1463 = VECTOR('',#1464,1.);
#1464 = DIRECTION('',(1.,0.,0.));
#1465 = ORIENTED_EDGE('',*,*,#444,.T.);
#1466 = PLANE('',#1467);
#1467 = AXIS2_PLACEMENT_3D('',#1468,#1469,#1470);
#1468 = CARTESIAN_POINT('',(-60.,3.449E-14,23.5));
#1469 = DIRECTION('',(-0.,0.707106781187,0.707106781187));
#1470 = DIRECTION('',(0.,-0.707106781187,0.707106781187));
#1471 = ADVANCED_FACE('',(#1472),#1499,.T.);
#1472 = FACE_BOUND('',#1473,.T.);
#1473 = EDGE_LOOP('',(#1474,#1484,#1491,#1492));
#1474 = ORIENTED_EDGE('',*,*,#1475,.F.);
#1475 = EDGE_CURVE('',#1476,#1478,#1480,.T.);
#1476 = VERTEX_POINT('',#1477);
#1477 = CARTESIAN_POINT('',(67.039607805437,0.5,24.));
#1478 = VERTEX_POINT('',#1479);
#1479 = CARTESIAN_POINT('',(82.960392194563,0.5,24.));
#1480 = LINE('',#1481,#1482);
#1481 = CARTESIAN_POINT('',(-60.,0.5,24.));
#1482 = VECTOR('',#1483,1.);
#1483 = DIRECTION('',(1.,0.,0.));
#1484 = ORIENTED_EDGE('',*,*,#1485,.T.);
#1485 = EDGE_CURVE('',#1476,#185,#1486,.T.);
#1486 = ( BOUNDED_CURVE() B_SPLINE_CURVE(3,(#1487,#1488,#1489,#1490),
.UNSPECIFIED.,.F.,.F.) B_SPLINE_CURVE_WITH_KNOTS((4,4),(1.330392110026,
1.570796326795),.PIECEWISE_BEZIER_KNOTS.) CURVE() 
GEOMETRIC_REPRESENTATION_ITEM() RATIONAL_B_SPLINE_CURVE((1.,
0.995189613824,0.995189613824,1.)) REPRESENTATION_ITEM('') );
#1487 = CARTESIAN_POINT('',(67.039607805437,0.5,24.));
#1488 = CARTESIAN_POINT('',(67.079771963813,0.336161738154,
    23.836161738154));
#1489 = CARTESIAN_POINT('',(67.1,0.16868946518,23.66868946518));
#1490 = CARTESIAN_POINT('',(67.1,3.449E-14,23.5));
#1491 = ORIENTED_EDGE('',*,*,#1453,.T.);
#1492 = ORIENTED_EDGE('',*,*,#1493,.T.);
#1493 = EDGE_CURVE('',#445,#1478,#1494,.T.);
#1494 = ( BOUNDED_CURVE() B_SPLINE_CURVE(3,(#1495,#1496,#1497,#1498),
.UNSPECIFIED.,.F.,.F.) B_SPLINE_CURVE_WITH_KNOTS((4,4),(4.712388980385,
4.952793197154),.PIECEWISE_BEZIER_KNOTS.) CURVE() 
GEOMETRIC_REPRESENTATION_ITEM() RATIONAL_B_SPLINE_CURVE((1.,
0.995189613824,0.995189613824,1.)) REPRESENTATION_ITEM('') );
#1495 = CARTESIAN_POINT('',(82.9,3.449E-14,23.5));
#1496 = CARTESIAN_POINT('',(82.9,0.16868946518,23.66868946518));
#1497 = CARTESIAN_POINT('',(82.920228036187,0.336161738154,
    23.836161738154));
#1498 = CARTESIAN_POINT('',(82.960392194563,0.5,24.));
#1499 = PLANE('',#1500);
#1500 = AXIS2_PLACEMENT_3D('',#1501,#1502,#1503);
#1501 = CARTESIAN_POINT('',(-60.,0.5,24.));
#1502 = DIRECTION('',(0.,-0.707106781187,0.707106781187));
#1503 = DIRECTION('',(0.,-0.707106781187,-0.707106781187));
#1504 = ADVANCED_FACE('',(#1505),#1538,.T.);
#1505 = FACE_BOUND('',#1506,.T.);
#1506 = EDGE_LOOP('',(#1507,#1517,#1524,#1532));
#1507 = ORIENTED_EDGE('',*,*,#1508,.F.);
#1508 = EDGE_CURVE('',#1509,#1511,#1513,.T.);
#1509 = VERTEX_POINT('',#1510);
#1510 = CARTESIAN_POINT('',(87.039607805437,0.5,24.));
#1511 = VERTEX_POINT('',#1512);
#1512 = CARTESIAN_POINT('',(290.,0.5,24.));
#1513 = LINE('',#1514,#1515);
#1514 = CARTESIAN_POINT('',(-60.,0.5,24.));
#1515 = VECTOR('',#1516,1.);
#1516 = DIRECTION('',(1.,0.,0.));
#1517 = ORIENTED_EDGE('',*,*,#1518,.T.);
#1518 = EDGE_CURVE('',#1509,#419,#1519,.T.);
#1519 = ( BOUNDED_CURVE() B_SPLINE_CURVE(3,(#1520,#1521,#1522,#1523),
.UNSPECIFIED.,.F.,.F.) B_SPLINE_CURVE_WITH_KNOTS((4,4),(1.330392110026,
1.570796326795),.PIECEWISE_BEZIER_KNOTS.) CURVE() 
GEOMETRIC_REPRESENTATION_ITEM() RATIONAL_B_SPLINE_CURVE((1.,
0.995189613824,0.995189613824,1.)) REPRESENTATION_ITEM('') );
#1520 = CARTESIAN_POINT('',(87.039607805437,0.5,24.));
#1521 = CARTESIAN_POINT('',(87.079771963813,0.336161738154,
    23.836161738154));
#1522 = CARTESIAN_POINT('',(87.1,0.16868946518,23.66868946518));
#1523 = CARTESIAN_POINT('',(87.1,3.449E-14,23.5));
#1524 = ORIENTED_EDGE('',*,*,#1525,.T.);
#1525 = EDGE_CURVE('',#419,#1526,#1528,.T.);
#1526 = VERTEX_POINT('',#1527);
#1527 = CARTESIAN_POINT('',(290.,3.4E-14,23.5));
#1528 = LINE('',#1529,#1530);
#1529 = CARTESIAN_POINT('',(-60.,3.449E-14,23.5));
#1530 = VECTOR('',#1531,1.);
#1531 = DIRECTION('',(1.,0.,0.));
#1532 = ORIENTED_EDGE('',*,*,#1533,.F.);
#1533 = EDGE_CURVE('',#1511,#1526,#1534,.T.);
#1534 = LINE('',#1535,#1536);
#1535 = CARTESIAN_POINT('',(290.,0.5,24.));
#1536 = VECTOR('',#1537,1.);
#1537 = DIRECTION('',(0.,-0.707106781187,-0.707106781187));
#1538 = PLANE('',#1539);
#1539 = AXIS2_PLACEMENT_3D('',#1540,#1541,#1542);
#1540 = CARTESIAN_POINT('',(-60.,0.5,24.));
#1541 = DIRECTION('',(0.,-0.707106781187,0.707106781187));
#1542 = DIRECTION('',(0.,-0.707106781187,-0.707106781187));
#1543 = ADVANCED_FACE('',(#1544),#1569,.F.);
#1544 = FACE_BOUND('',#1545,.T.);
#1545 = EDGE_LOOP('',(#1546,#1547,#1555,#1563));
#1546 = ORIENTED_EDGE('',*,*,#494,.F.);
#1547 = ORIENTED_EDGE('',*,*,#1548,.T.);
#1548 = EDGE_CURVE('',#495,#1549,#1551,.T.);
#1549 = VERTEX_POINT('',#1550);
#1550 = CARTESIAN_POINT('',(290.,20.,16.5));
#1551 = LINE('',#1552,#1553);
#1552 = CARTESIAN_POINT('',(-60.,20.,16.5));
#1553 = VECTOR('',#1554,1.);
#1554 = DIRECTION('',(1.,0.,0.));
#1555 = ORIENTED_EDGE('',*,*,#1556,.T.);
#1556 = EDGE_CURVE('',#1549,#1557,#1559,.T.);
#1557 = VERTEX_POINT('',#1558);
#1558 = CARTESIAN_POINT('',(290.,19.5,16.));
#1559 = LINE('',#1560,#1561);
#1560 = CARTESIAN_POINT('',(290.,19.5,16.));
#1561 = VECTOR('',#1562,1.);
#1562 = DIRECTION('',(-0.,-0.707106781187,-0.707106781187));
#1563 = ORIENTED_EDGE('',*,*,#1564,.F.);
#1564 = EDGE_CURVE('',#484,#1557,#1565,.T.);
#1565 = LINE('',#1566,#1567);
#1566 = CARTESIAN_POINT('',(-60.,19.5,16.));
#1567 = VECTOR('',#1568,1.);
#1568 = DIRECTION('',(1.,0.,0.));
#1569 = PLANE('',#1570);
#1570 = AXIS2_PLACEMENT_3D('',#1571,#1572,#1573);
#1571 = CARTESIAN_POINT('',(-60.,19.5,16.));
#1572 = DIRECTION('',(0.,-0.707106781187,0.707106781187));
#1573 = DIRECTION('',(0.,-0.707106781187,-0.707106781187));
#1574 = ADVANCED_FACE('',(#1575),#1591,.F.);
#1575 = FACE_BOUND('',#1576,.T.);
#1576 = EDGE_LOOP('',(#1577,#1578,#1584,#1585));
#1577 = ORIENTED_EDGE('',*,*,#596,.F.);
#1578 = ORIENTED_EDGE('',*,*,#1579,.F.);
#1579 = EDGE_CURVE('',#612,#486,#1580,.T.);
#1580 = LINE('',#1581,#1582);
#1581 = CARTESIAN_POINT('',(-60.,19.5,16.));
#1582 = VECTOR('',#1583,1.);
#1583 = DIRECTION('',(1.,0.,0.));
#1584 = ORIENTED_EDGE('',*,*,#622,.F.);
#1585 = ORIENTED_EDGE('',*,*,#1586,.T.);
#1586 = EDGE_CURVE('',#623,#589,#1587,.T.);
#1587 = LINE('',#1588,#1589);
#1588 = CARTESIAN_POINT('',(-60.,20.,16.5));
#1589 = VECTOR('',#1590,1.);
#1590 = DIRECTION('',(1.,0.,0.));
#1591 = PLANE('',#1592);
#1592 = AXIS2_PLACEMENT_3D('',#1593,#1594,#1595);
#1593 = CARTESIAN_POINT('',(-60.,19.5,16.));
#1594 = DIRECTION('',(0.,-0.707106781187,0.707106781187));
#1595 = DIRECTION('',(0.,-0.707106781187,-0.707106781187));
#1596 = ADVANCED_FACE('',(#1597),#1624,.F.);
#1597 = FACE_BOUND('',#1598,.T.);
#1598 = EDGE_LOOP('',(#1599,#1608,#1609,#1618));
#1599 = ORIENTED_EDGE('',*,*,#1600,.F.);
#1600 = EDGE_CURVE('',#589,#1601,#1603,.T.);
#1601 = VERTEX_POINT('',#1602);
#1602 = CARTESIAN_POINT('',(82.960392194563,20.5,16.));
#1603 = ( BOUNDED_CURVE() B_SPLINE_CURVE(3,(#1604,#1605,#1606,#1607),
.UNSPECIFIED.,.F.,.F.) B_SPLINE_CURVE_WITH_KNOTS((4,4),(1.570796326795,
1.811200543564),.PIECEWISE_BEZIER_KNOTS.) CURVE() 
GEOMETRIC_REPRESENTATION_ITEM() RATIONAL_B_SPLINE_CURVE((1.,
0.995189613824,0.995189613824,1.)) REPRESENTATION_ITEM('') );
#1604 = CARTESIAN_POINT('',(82.9,20.,16.5));
#1605 = CARTESIAN_POINT('',(82.9,20.16868946518,16.33131053482));
#1606 = CARTESIAN_POINT('',(82.920228036187,20.336161738154,
    16.163838261846));
#1607 = CARTESIAN_POINT('',(82.960392194563,20.5,16.));
#1608 = ORIENTED_EDGE('',*,*,#1586,.F.);
#1609 = ORIENTED_EDGE('',*,*,#1610,.F.);
#1610 = EDGE_CURVE('',#1611,#623,#1613,.T.);
#1611 = VERTEX_POINT('',#1612);
#1612 = CARTESIAN_POINT('',(67.039607805437,20.5,16.));
#1613 = ( BOUNDED_CURVE() B_SPLINE_CURVE(3,(#1614,#1615,#1616,#1617),
.UNSPECIFIED.,.F.,.F.) B_SPLINE_CURVE_WITH_KNOTS((4,4),(4.471984763615,
4.712388980385),.PIECEWISE_BEZIER_KNOTS.) CURVE() 
GEOMETRIC_REPRESENTATION_ITEM() RATIONAL_B_SPLINE_CURVE((1.,
0.995189613824,0.995189613824,1.)) REPRESENTATION_ITEM('') );
#1614 = CARTESIAN_POINT('',(67.039607805437,20.5,16.));
#1615 = CARTESIAN_POINT('',(67.079771963813,20.336161738154,
    16.163838261846));
#1616 = CARTESIAN_POINT('',(67.1,20.16868946518,16.33131053482));
#1617 = CARTESIAN_POINT('',(67.1,20.,16.5));
#1618 = ORIENTED_EDGE('',*,*,#1619,.T.);
#1619 = EDGE_CURVE('',#1611,#1601,#1620,.T.);
#1620 = LINE('',#1621,#1622);
#1621 = CARTESIAN_POINT('',(-60.,20.5,16.));
#1622 = VECTOR('',#1623,1.);
#1623 = DIRECTION('',(1.,0.,0.));
#1624 = PLANE('',#1625);
#1625 = AXIS2_PLACEMENT_3D('',#1626,#1627,#1628);
#1626 = CARTESIAN_POINT('',(-60.,20.,16.5));
#1627 = DIRECTION('',(-0.,0.707106781187,0.707106781187));
#1628 = DIRECTION('',(0.,-0.707106781187,0.707106781187));
#1629 = ADVANCED_FACE('',(#1630),#1663,.F.);
#1630 = FACE_BOUND('',#1631,.T.);
#1631 = EDGE_LOOP('',(#1632,#1641,#1649,#1657));
#1632 = ORIENTED_EDGE('',*,*,#1633,.F.);
#1633 = EDGE_CURVE('',#723,#1634,#1636,.T.);
#1634 = VERTEX_POINT('',#1635);
#1635 = CARTESIAN_POINT('',(62.960392194563,20.5,16.));
#1636 = ( BOUNDED_CURVE() B_SPLINE_CURVE(3,(#1637,#1638,#1639,#1640),
.UNSPECIFIED.,.F.,.F.) B_SPLINE_CURVE_WITH_KNOTS((4,4),(1.570796326795,
1.811200543564),.PIECEWISE_BEZIER_KNOTS.) CURVE() 
GEOMETRIC_REPRESENTATION_ITEM() RATIONAL_B_SPLINE_CURVE((1.,
0.995189613824,0.995189613824,1.)) REPRESENTATION_ITEM('') );
#1637 = CARTESIAN_POINT('',(62.9,20.,16.5));
#1638 = CARTESIAN_POINT('',(62.9,20.16868946518,16.33131053482));
#1639 = CARTESIAN_POINT('',(62.920228036187,20.336161738154,
    16.163838261846));
#1640 = CARTESIAN_POINT('',(62.960392194563,20.5,16.));
#1641 = ORIENTED_EDGE('',*,*,#1642,.F.);
#1642 = EDGE_CURVE('',#1643,#723,#1645,.T.);
#1643 = VERTEX_POINT('',#1644);
#1644 = CARTESIAN_POINT('',(-60.,20.,16.5));
#1645 = LINE('',#1646,#1647);
#1646 = CARTESIAN_POINT('',(-60.,20.,16.5));
#1647 = VECTOR('',#1648,1.);
#1648 = DIRECTION('',(1.,0.,0.));
#1649 = ORIENTED_EDGE('',*,*,#1650,.F.);
#1650 = EDGE_CURVE('',#1651,#1643,#1653,.T.);
#1651 = VERTEX_POINT('',#1652);
#1652 = CARTESIAN_POINT('',(-60.,20.5,16.));
#1653 = LINE('',#1654,#1655);
#1654 = CARTESIAN_POINT('',(-60.,20.,16.5));
#1655 = VECTOR('',#1656,1.);
#1656 = DIRECTION('',(-0.,-0.707106781187,0.707106781187));
#1657 = ORIENTED_EDGE('',*,*,#1658,.T.);
#1658 = EDGE_CURVE('',#1651,#1634,#1659,.T.);
#1659 = LINE('',#1660,#1661);
#1660 = CARTESIAN_POINT('',(-60.,20.5,16.));
#1661 = VECTOR('',#1662,1.);
#1662 = DIRECTION('',(1.,0.,0.));
#1663 = PLANE('',#1664);
#1664 = AXIS2_PLACEMENT_3D('',#1665,#1666,#1667);
#1665 = CARTESIAN_POINT('',(-60.,20.,16.5));
#1666 = DIRECTION('',(-0.,0.707106781187,0.707106781187));
#1667 = DIRECTION('',(0.,-0.707106781187,0.707106781187));
#1668 = ADVANCED_FACE('',(#1669),#1685,.F.);
#1669 = FACE_BOUND('',#1670,.T.);
#1670 = EDGE_LOOP('',(#1671,#1672,#1678,#1679));
#1671 = ORIENTED_EDGE('',*,*,#132,.F.);
#1672 = ORIENTED_EDGE('',*,*,#1673,.T.);
#1673 = EDGE_CURVE('',#133,#461,#1674,.T.);
#1674 = LINE('',#1675,#1676);
#1675 = CARTESIAN_POINT('',(-60.,-1.142E-14,16.5));
#1676 = VECTOR('',#1677,1.);
#1677 = DIRECTION('',(1.,0.,0.));
#1678 = ORIENTED_EDGE('',*,*,#468,.F.);
#1679 = ORIENTED_EDGE('',*,*,#1680,.F.);
#1680 = EDGE_CURVE('',#122,#358,#1681,.T.);
#1681 = LINE('',#1682,#1683);
#1682 = CARTESIAN_POINT('',(-60.,-0.5,16.));
#1683 = VECTOR('',#1684,1.);
#1684 = DIRECTION('',(1.,0.,0.));
#1685 = PLANE('',#1686);
#1686 = AXIS2_PLACEMENT_3D('',#1687,#1688,#1689);
#1687 = CARTESIAN_POINT('',(-60.,-0.5,16.));
#1688 = DIRECTION('',(0.,-0.707106781187,0.707106781187));
#1689 = DIRECTION('',(0.,-0.707106781187,-0.707106781187));
#1690 = ADVANCED_FACE('',(#1691),#1716,.F.);
#1691 = FACE_BOUND('',#1692,.T.);
#1692 = EDGE_LOOP('',(#1693,#1694,#1702,#1710));
#1693 = ORIENTED_EDGE('',*,*,#366,.F.);
#1694 = ORIENTED_EDGE('',*,*,#1695,.T.);
#1695 = EDGE_CURVE('',#367,#1696,#1698,.T.);
#1696 = VERTEX_POINT('',#1697);
#1697 = CARTESIAN_POINT('',(290.,-1.1E-14,16.5));
#1698 = LINE('',#1699,#1700);
#1699 = CARTESIAN_POINT('',(-60.,-1.142E-14,16.5));
#1700 = VECTOR('',#1701,1.);
#1701 = DIRECTION('',(1.,0.,0.));
#1702 = ORIENTED_EDGE('',*,*,#1703,.T.);
#1703 = EDGE_CURVE('',#1696,#1704,#1706,.T.);
#1704 = VERTEX_POINT('',#1705);
#1705 = CARTESIAN_POINT('',(290.,-0.5,16.));
#1706 = LINE('',#1707,#1708);
#1707 = CARTESIAN_POINT('',(290.,-0.5,16.));
#1708 = VECTOR('',#1709,1.);
#1709 = DIRECTION('',(-0.,-0.707106781187,-0.707106781187));
#1710 = ORIENTED_EDGE('',*,*,#1711,.F.);
#1711 = EDGE_CURVE('',#356,#1704,#1712,.T.);
#1712 = LINE('',#1713,#1714);
#1713 = CARTESIAN_POINT('',(-60.,-0.5,16.));
#1714 = VECTOR('',#1715,1.);
#1715 = DIRECTION('',(1.,0.,0.));
#1716 = PLANE('',#1717);
#1717 = AXIS2_PLACEMENT_3D('',#1718,#1719,#1720);
#1718 = CARTESIAN_POINT('',(-60.,-0.5,16.));
#1719 = DIRECTION('',(0.,-0.707106781187,0.707106781187));
#1720 = DIRECTION('',(0.,-0.707106781187,-0.707106781187));
#1721 = ADVANCED_FACE('',(#1722),#1755,.F.);
#1722 = FACE_BOUND('',#1723,.T.);
#1723 = EDGE_LOOP('',(#1724,#1733,#1741,#1749));
#1724 = ORIENTED_EDGE('',*,*,#1725,.F.);
#1725 = EDGE_CURVE('',#269,#1726,#1728,.T.);
#1726 = VERTEX_POINT('',#1727);
#1727 = CARTESIAN_POINT('',(62.960392194563,0.5,16.));
#1728 = ( BOUNDED_CURVE() B_SPLINE_CURVE(3,(#1729,#1730,#1731,#1732),
.UNSPECIFIED.,.F.,.F.) B_SPLINE_CURVE_WITH_KNOTS((4,4),(1.570796326795,
1.811200543564),.PIECEWISE_BEZIER_KNOTS.) CURVE() 
GEOMETRIC_REPRESENTATION_ITEM() RATIONAL_B_SPLINE_CURVE((1.,
0.995189613824,0.995189613824,1.)) REPRESENTATION_ITEM('') );
#1729 = CARTESIAN_POINT('',(62.9,-1.142E-14,16.5));
#1730 = CARTESIAN_POINT('',(62.9,0.16868946518,16.33131053482));
#1731 = CARTESIAN_POINT('',(62.920228036187,0.336161738154,
    16.163838261846));
#1732 = CARTESIAN_POINT('',(62.960392194563,0.5,16.));
#1733 = ORIENTED_EDGE('',*,*,#1734,.F.);
#1734 = EDGE_CURVE('',#1735,#269,#1737,.T.);
#1735 = VERTEX_POINT('',#1736);
#1736 = CARTESIAN_POINT('',(-60.,-1.1E-14,16.5));
#1737 = LINE('',#1738,#1739);
#1738 = CARTESIAN_POINT('',(-60.,-1.142E-14,16.5));
#1739 = VECTOR('',#1740,1.);
#1740 = DIRECTION('',(1.,0.,0.));
#1741 = ORIENTED_EDGE('',*,*,#1742,.F.);
#1742 = EDGE_CURVE('',#1743,#1735,#1745,.T.);
#1743 = VERTEX_POINT('',#1744);
#1744 = CARTESIAN_POINT('',(-60.,0.5,16.));
#1745 = LINE('',#1746,#1747);
#1746 = CARTESIAN_POINT('',(-60.,-1.142E-14,16.5));
#1747 = VECTOR('',#1748,1.);
#1748 = DIRECTION('',(-0.,-0.707106781187,0.707106781187));
#1749 = ORIENTED_EDGE('',*,*,#1750,.T.);
#1750 = EDGE_CURVE('',#1743,#1726,#1751,.T.);
#1751 = LINE('',#1752,#1753);
#1752 = CARTESIAN_POINT('',(-60.,0.5,16.));
#1753 = VECTOR('',#1754,1.);
#1754 = DIRECTION('',(1.,0.,0.));
#1755 = PLANE('',#1756);
#1756 = AXIS2_PLACEMENT_3D('',#1757,#1758,#1759);
#1757 = CARTESIAN_POINT('',(-60.,-1.142E-14,16.5));
#1758 = DIRECTION('',(-0.,0.707106781187,0.707106781187));
#1759 = DIRECTION('',(0.,-0.707106781187,0.707106781187));
#1760 = ADVANCED_FACE('',(#1761),#1788,.F.);
#1761 = FACE_BOUND('',#1762,.T.);
#1762 = EDGE_LOOP('',(#1763,#1772,#1780,#1787));
#1763 = ORIENTED_EDGE('',*,*,#1764,.F.);
#1764 = EDGE_CURVE('',#1765,#133,#1767,.T.);
#1765 = VERTEX_POINT('',#1766);
#1766 = CARTESIAN_POINT('',(67.039607805437,0.5,16.));
#1767 = ( BOUNDED_CURVE() B_SPLINE_CURVE(3,(#1768,#1769,#1770,#1771),
.UNSPECIFIED.,.F.,.F.) B_SPLINE_CURVE_WITH_KNOTS((4,4),(4.471984763615,
4.712388980385),.PIECEWISE_BEZIER_KNOTS.) CURVE() 
GEOMETRIC_REPRESENTATION_ITEM() RATIONAL_B_SPLINE_CURVE((1.,
0.995189613824,0.995189613824,1.)) REPRESENTATION_ITEM('') );
#1768 = CARTESIAN_POINT('',(67.039607805437,0.5,16.));
#1769 = CARTESIAN_POINT('',(67.079771963813,0.336161738154,
    16.163838261846));
#1770 = CARTESIAN_POINT('',(67.1,0.16868946518,16.33131053482));
#1771 = CARTESIAN_POINT('',(67.1,-1.142E-14,16.5));
#1772 = ORIENTED_EDGE('',*,*,#1773,.T.);
#1773 = EDGE_CURVE('',#1765,#1774,#1776,.T.);
#1774 = VERTEX_POINT('',#1775);
#1775 = CARTESIAN_POINT('',(82.960392194563,0.5,16.));
#1776 = LINE('',#1777,#1778);
#1777 = CARTESIAN_POINT('',(-60.,0.5,16.));
#1778 = VECTOR('',#1779,1.);
#1779 = DIRECTION('',(1.,0.,0.));
#1780 = ORIENTED_EDGE('',*,*,#1781,.F.);
#1781 = EDGE_CURVE('',#461,#1774,#1782,.T.);
#1782 = ( BOUNDED_CURVE() B_SPLINE_CURVE(3,(#1783,#1784,#1785,#1786),
.UNSPECIFIED.,.F.,.F.) B_SPLINE_CURVE_WITH_KNOTS((4,4),(1.570796326795,
1.811200543564),.PIECEWISE_BEZIER_KNOTS.) CURVE() 
GEOMETRIC_REPRESENTATION_ITEM() RATIONAL_B_SPLINE_CURVE((1.,
0.995189613824,0.995189613824,1.)) REPRESENTATION_ITEM('') );
#1783 = CARTESIAN_POINT('',(82.9,-1.142E-14,16.5));
#1784 = CARTESIAN_POINT('',(82.9,0.16868946518,16.33131053482));
#1785 = CARTESIAN_POINT('',(82.920228036187,0.336161738154,
    16.163838261846));
#1786 = CARTESIAN_POINT('',(82.960392194563,0.5,16.));
#1787 = ORIENTED_EDGE('',*,*,#1673,.F.);
#1788 = PLANE('',#1789);
#1789 = AXIS2_PLACEMENT_3D('',#1790,#1791,#1792);
#1790 = CARTESIAN_POINT('',(-60.,-1.142E-14,16.5));
#1791 = DIRECTION('',(-0.,0.707106781187,0.707106781187));
#1792 = DIRECTION('',(0.,-0.707106781187,0.707106781187));
#1793 = ADVANCED_FACE('',(#1794),#1838,.F.);
#1794 = FACE_BOUND('',#1795,.F.);
#1795 = EDGE_LOOP('',(#1796,#1829,#1830,#1837));
#1796 = ORIENTED_EDGE('',*,*,#1797,.T.);
#1797 = EDGE_CURVE('',#220,#228,#1798,.T.);
#1798 = B_SPLINE_CURVE_WITH_KNOTS('',3,(#1799,#1800,#1801,#1802,#1803,
    #1804,#1805,#1806,#1807,#1808,#1809,#1810,#1811,#1812,#1813,#1814,
    #1815,#1816,#1817,#1818,#1819,#1820,#1821,#1822,#1823,#1824,#1825,
    #1826,#1827,#1828),.UNSPECIFIED.,.F.,.F.,(4,2,2,2,2,2,2,2,2,2,2,2,2,
    2,4),(7.029253055562E-03,7.909095292452E-03,8.788937529343E-03,
    9.668779766234E-03,1.010870088468E-02,1.03286614439E-02,
    1.054862200312E-02,1.098854312157E-02,1.142846424001E-02,
    1.186838535846E-02,1.230830647691E-02,1.274822759535E-02,
    1.31881487138E-02,1.362806983224E-02,1.406799095069E-02),
  .UNSPECIFIED.);
#1799 = CARTESIAN_POINT('',(62.9,-1.5E-15,22.));
#1800 = CARTESIAN_POINT('',(62.9,0.295748877772,22.));
#1801 = CARTESIAN_POINT('',(62.964744296724,0.584665190692,
    21.93228305633));
#1802 = CARTESIAN_POINT('',(63.181078192362,1.084261324877,
    21.702917665175));
#1803 = CARTESIAN_POINT('',(63.327964910091,1.291848900209,
    21.546443128739));
#1804 = CARTESIAN_POINT('',(63.65275068188,1.627726696249,
    21.187798692419));
#1805 = CARTESIAN_POINT('',(63.828322827155,1.753564982622,
    20.991509454568));
#1806 = CARTESIAN_POINT('',(64.084774431064,1.892568768731,
    20.657802206075));
#1807 = CARTESIAN_POINT('',(64.168321527552,1.929725352386,
    20.54146288228));
#1808 = CARTESIAN_POINT('',(64.272247646671,1.970217948992,
    20.349995329405));
#1809 = CARTESIAN_POINT('',(64.302681380885,1.980983394321,
    20.283996358737));
#1810 = CARTESIAN_POINT('',(64.347033417642,1.996041860148,
    20.144104243128));
#1811 = CARTESIAN_POINT('',(64.3600469749,2.0001150653,20.070554289642)
  );
#1812 = CARTESIAN_POINT('',(64.358944945775,1.999762239003,
    19.849322475601));
#1813 = CARTESIAN_POINT('',(64.303502035911,1.98253263439,
    19.706270492006));
#1814 = CARTESIAN_POINT('',(64.164828298989,1.928220239036,
    19.453484327711));
#1815 = CARTESIAN_POINT('',(64.08070905374,1.89055898668,19.33666094179)
  );
#1816 = CARTESIAN_POINT('',(63.911225678005,1.798299085735,
    19.116624436319));
#1817 = CARTESIAN_POINT('',(63.82460430172,1.743521960903,
    19.013038050444));
#1818 = CARTESIAN_POINT('',(63.653658595232,1.615174509919,
    18.814599637029));
#1819 = CARTESIAN_POINT('',(63.568537765846,1.540946908742,
    18.719174486776));
#1820 = CARTESIAN_POINT('',(63.406710944301,1.37296448911,
    18.540548088313));
#1821 = CARTESIAN_POINT('',(63.330408684972,1.279910134974,
    18.457823960951));
#1822 = CARTESIAN_POINT('',(63.190039865111,1.072263690955,
    18.306858698723));
#1823 = CARTESIAN_POINT('',(63.125561062008,0.956386492241,
    18.238217968476));
#1824 = CARTESIAN_POINT('',(63.018603292119,0.708705538853,
    18.124823339431));
#1825 = CARTESIAN_POINT('',(62.974897900254,0.574122221594,
    18.078767796961));
#1826 = CARTESIAN_POINT('',(62.915562966589,0.2928772669,18.016323511795
    ));
#1827 = CARTESIAN_POINT('',(62.9,0.149191949961,18.));
#1828 = CARTESIAN_POINT('',(62.9,-1.67E-15,18.));
#1829 = ORIENTED_EDGE('',*,*,#1275,.F.);
#1830 = ORIENTED_EDGE('',*,*,#1831,.F.);
#1831 = EDGE_CURVE('',#830,#849,#1832,.T.);
#1832 = CIRCLE('',#1833,2.);
#1833 = AXIS2_PLACEMENT_3D('',#1834,#1835,#1836);
#1834 = CARTESIAN_POINT('',(-59.5,-1.73E-15,20.));
#1835 = DIRECTION('',(-1.,-0.,-0.));
#1836 = DIRECTION('',(0.,0.,-1.));
#1837 = ORIENTED_EDGE('',*,*,#1282,.T.);
#1838 = CYLINDRICAL_SURFACE('',#1839,2.);
#1839 = AXIS2_PLACEMENT_3D('',#1840,#1841,#1842);
#1840 = CARTESIAN_POINT('',(-60.,-1.73E-15,20.));
#1841 = DIRECTION('',(1.,0.,0.));
#1842 = DIRECTION('',(0.,0.,-1.));
#1843 = ADVANCED_FACE('',(#1844),#1894,.F.);
#1844 = FACE_BOUND('',#1845,.F.);
#1845 = EDGE_LOOP('',(#1846,#1853,#1854,#1893));
#1846 = ORIENTED_EDGE('',*,*,#1847,.F.);
#1847 = EDGE_CURVE('',#998,#1017,#1848,.T.);
#1848 = CIRCLE('',#1849,2.);
#1849 = AXIS2_PLACEMENT_3D('',#1850,#1851,#1852);
#1850 = CARTESIAN_POINT('',(289.5,-1.73E-15,20.));
#1851 = DIRECTION('',(1.,0.,0.));
#1852 = DIRECTION('',(0.,0.,-1.));
#1853 = ORIENTED_EDGE('',*,*,#1253,.F.);
#1854 = ORIENTED_EDGE('',*,*,#1855,.T.);
#1855 = EDGE_CURVE('',#376,#384,#1856,.T.);
#1856 = B_SPLINE_CURVE_WITH_KNOTS('',3,(#1857,#1858,#1859,#1860,#1861,
    #1862,#1863,#1864,#1865,#1866,#1867,#1868,#1869,#1870,#1871,#1872,
    #1873,#1874,#1875,#1876,#1877,#1878,#1879,#1880,#1881,#1882,#1883,
    #1884,#1885,#1886,#1887,#1888,#1889,#1890,#1891,#1892),
  .UNSPECIFIED.,.F.,.F.,(4,2,2,2,2,2,2,2,2,2,2,2,2,2,2,2,2,4),(1.E-17,
    4.393283159726E-04,8.786566319452E-04,1.317984947918E-03,
    1.75731326389E-03,2.196641579863E-03,2.635969895836E-03,
    3.075298211808E-03,3.294962369795E-03,3.514626527781E-03,
    3.734290685767E-03,3.953954843754E-03,4.393283159726E-03,
    5.271939791671E-03,5.711268107644E-03,6.150596423617E-03,
    6.589924739589E-03,7.029253055562E-03),.UNSPECIFIED.);
#1857 = CARTESIAN_POINT('',(87.1,3.12E-15,18.));
#1858 = CARTESIAN_POINT('',(87.1,0.148990910835,18.));
#1859 = CARTESIAN_POINT('',(87.084336812854,0.293729015754,
    18.016428599364));
#1860 = CARTESIAN_POINT('',(87.024731666772,0.575498359411,
    18.079158029813));
#1861 = CARTESIAN_POINT('',(86.98071527665,0.710727305299,
    18.125541798877));
#1862 = CARTESIAN_POINT('',(86.872933201362,0.959420415088,
    18.239818385119));
#1863 = CARTESIAN_POINT('',(86.808071593134,1.075466634923,
    18.308875092636));
#1864 = CARTESIAN_POINT('',(86.667110714826,1.283157524718,
    18.460506998425));
#1865 = CARTESIAN_POINT('',(86.590449057878,1.376282679943,
    18.543641221549));
#1866 = CARTESIAN_POINT('',(86.427765677881,1.544398714672,
    18.723298187985));
#1867 = CARTESIAN_POINT('',(86.342401470111,1.618457194538,
    18.819060627854));
#1868 = CARTESIAN_POINT('',(86.170975885726,1.746499605655,
    19.018286895941));
#1869 = CARTESIAN_POINT('',(86.084147307696,1.80109113758,
    19.122281980749));
#1870 = CARTESIAN_POINT('',(85.914468946443,1.892894930165,
    19.343290786922));
#1871 = CARTESIAN_POINT('',(85.830227888203,1.930339373711,
    19.460725519535));
#1872 = CARTESIAN_POINT('',(85.726658809618,1.970618959976,
    19.652267803723));
#1873 = CARTESIAN_POINT('',(85.695829564436,1.981502637384,
    19.719653695043));
#1874 = CARTESIAN_POINT('',(85.652160948502,1.996300974791,
    19.859539433611));
#1875 = CARTESIAN_POINT('',(85.639506545357,2.000258026517,
    19.934048403726));
#1876 = CARTESIAN_POINT('',(85.641204017874,1.999714530042,
    20.080768707025));
#1877 = CARTESIAN_POINT('',(85.655329223182,1.99527803005,
    20.154220028098));
#1878 = CARTESIAN_POINT('',(85.70133633543,1.979575245491,
    20.293598504262));
#1879 = CARTESIAN_POINT('',(85.73232536111,1.968531166068,
    20.359322087293));
#1880 = CARTESIAN_POINT('',(85.837385569811,1.927290054118,
    20.549965729926));
#1881 = CARTESIAN_POINT('',(85.920813161914,1.889804646387,
    20.665408666649));
#1882 = CARTESIAN_POINT('',(86.174251386054,1.751618567208,
    20.994159733464));
#1883 = CARTESIAN_POINT('',(86.353419603869,1.622228761217,
    21.194711286321));
#1884 = CARTESIAN_POINT('',(86.593635658157,1.372467880686,
    21.459819242006));
#1885 = CARTESIAN_POINT('',(86.66976855958,1.279755205288,
    21.542370489946));
#1886 = CARTESIAN_POINT('',(86.81090757218,1.070754030132,
    21.694156403841));
#1887 = CARTESIAN_POINT('',(86.8746999394,0.955878323577,21.762059597842
    ));
#1888 = CARTESIAN_POINT('',(86.981607419012,0.708120942485,
    21.875399191278));
#1889 = CARTESIAN_POINT('',(87.02550987948,0.572361650157,21.9216615268)
  );
#1890 = CARTESIAN_POINT('',(87.084246005358,0.293609808404,
    21.983475273999));
#1891 = CARTESIAN_POINT('',(87.1,0.147675175133,22.));
#1892 = CARTESIAN_POINT('',(87.1,-1.48E-15,22.));
#1893 = ORIENTED_EDGE('',*,*,#1260,.T.);
#1894 = CYLINDRICAL_SURFACE('',#1895,2.);
#1895 = AXIS2_PLACEMENT_3D('',#1896,#1897,#1898);
#1896 = CARTESIAN_POINT('',(-60.,-1.73E-15,20.));
#1897 = DIRECTION('',(1.,0.,0.));
#1898 = DIRECTION('',(0.,0.,-1.));
#1899 = ADVANCED_FACE('',(#1900),#1950,.F.);
#1900 = FACE_BOUND('',#1901,.F.);
#1901 = EDGE_LOOP('',(#1902,#1909,#1910,#1949));
#1902 = ORIENTED_EDGE('',*,*,#1903,.F.);
#1903 = EDGE_CURVE('',#956,#975,#1904,.T.);
#1904 = CIRCLE('',#1905,2.);
#1905 = AXIS2_PLACEMENT_3D('',#1906,#1907,#1908);
#1906 = CARTESIAN_POINT('',(289.5,20.,20.));
#1907 = DIRECTION('',(1.,0.,0.));
#1908 = DIRECTION('',(0.,0.,-1.));
#1909 = ORIENTED_EDGE('',*,*,#1231,.F.);
#1910 = ORIENTED_EDGE('',*,*,#1911,.T.);
#1911 = EDGE_CURVE('',#504,#512,#1912,.T.);
#1912 = B_SPLINE_CURVE_WITH_KNOTS('',3,(#1913,#1914,#1915,#1916,#1917,
    #1918,#1919,#1920,#1921,#1922,#1923,#1924,#1925,#1926,#1927,#1928,
    #1929,#1930,#1931,#1932,#1933,#1934,#1935,#1936,#1937,#1938,#1939,
    #1940,#1941,#1942,#1943,#1944,#1945,#1946,#1947,#1948),
  .UNSPECIFIED.,.F.,.F.,(4,2,2,2,2,2,2,2,2,2,2,2,2,2,2,2,2,4),(0.,
    4.393283159726E-04,8.786566319452E-04,1.317984947918E-03,
    1.75731326389E-03,2.196641579863E-03,2.635969895836E-03,
    3.075298211808E-03,3.294962369795E-03,3.514626527781E-03,
    3.734290685767E-03,3.953954843753E-03,4.393283159726E-03,
    5.271939791671E-03,5.711268107644E-03,6.150596423617E-03,
    6.589924739589E-03,7.029253055562E-03),.UNSPECIFIED.);
#1913 = CARTESIAN_POINT('',(87.1,20.,18.));
#1914 = CARTESIAN_POINT('',(87.1,20.148990910835,18.));
#1915 = CARTESIAN_POINT('',(87.084336812854,20.293729015754,
    18.016428599364));
#1916 = CARTESIAN_POINT('',(87.024731666772,20.575498359411,
    18.079158029813));
#1917 = CARTESIAN_POINT('',(86.98071527665,20.710727305299,
    18.125541798877));
#1918 = CARTESIAN_POINT('',(86.872933201362,20.959420415088,
    18.239818385119));
#1919 = CARTESIAN_POINT('',(86.808071593134,21.075466634923,
    18.308875092636));
#1920 = CARTESIAN_POINT('',(86.667110714826,21.283157524718,
    18.460506998425));
#1921 = CARTESIAN_POINT('',(86.590449057878,21.376282679943,
    18.543641221549));
#1922 = CARTESIAN_POINT('',(86.427765677881,21.544398714672,
    18.723298187985));
#1923 = CARTESIAN_POINT('',(86.342401470111,21.618457194538,
    18.819060627854));
#1924 = CARTESIAN_POINT('',(86.170975885726,21.746499605655,
    19.018286895941));
#1925 = CARTESIAN_POINT('',(86.084147307696,21.80109113758,
    19.122281980749));
#1926 = CARTESIAN_POINT('',(85.914468946443,21.892894930165,
    19.343290786922));
#1927 = CARTESIAN_POINT('',(85.830227888203,21.930339373711,
    19.460725519535));
#1928 = CARTESIAN_POINT('',(85.726658809618,21.970618959976,
    19.652267803723));
#1929 = CARTESIAN_POINT('',(85.695829564436,21.981502637384,
    19.719653695043));
#1930 = CARTESIAN_POINT('',(85.652160948502,21.996300974791,
    19.859539433611));
#1931 = CARTESIAN_POINT('',(85.639506545357,22.000258026517,
    19.934048403726));
#1932 = CARTESIAN_POINT('',(85.641204017874,21.999714530042,
    20.080768707025));
#1933 = CARTESIAN_POINT('',(85.655329223182,21.99527803005,
    20.154220028098));
#1934 = CARTESIAN_POINT('',(85.70133633543,21.979575245491,
    20.293598504262));
#1935 = CARTESIAN_POINT('',(85.73232536111,21.968531166068,
    20.359322087293));
#1936 = CARTESIAN_POINT('',(85.837385569811,21.927290054118,
    20.549965729926));
#1937 = CARTESIAN_POINT('',(85.920813161914,21.889804646387,
    20.665408666649));
#1938 = CARTESIAN_POINT('',(86.174251386054,21.751618567208,
    20.994159733464));
#1939 = CARTESIAN_POINT('',(86.353419603869,21.622228761217,
    21.194711286321));
#1940 = CARTESIAN_POINT('',(86.593635658157,21.372467880686,
    21.459819242006));
#1941 = CARTESIAN_POINT('',(86.66976855958,21.279755205288,
    21.542370489946));
#1942 = CARTESIAN_POINT('',(86.81090757218,21.070754030132,
    21.694156403841));
#1943 = CARTESIAN_POINT('',(86.8746999394,20.955878323577,
    21.762059597842));
#1944 = CARTESIAN_POINT('',(86.981607419012,20.708120942485,
    21.875399191278));
#1945 = CARTESIAN_POINT('',(87.02550987948,20.572361650157,21.9216615268
    ));
#1946 = CARTESIAN_POINT('',(87.084246005358,20.293609808404,
    21.983475273999));
#1947 = CARTESIAN_POINT('',(87.1,20.147675175133,22.));
#1948 = CARTESIAN_POINT('',(87.1,20.,22.));
#1949 = ORIENTED_EDGE('',*,*,#1238,.T.);
#1950 = CYLINDRICAL_SURFACE('',#1951,2.);
#1951 = AXIS2_PLACEMENT_3D('',#1952,#1953,#1954);
#1952 = CARTESIAN_POINT('',(-60.,20.,20.));
#1953 = DIRECTION('',(1.,0.,0.));
#1954 = DIRECTION('',(0.,0.,-1.));
#1955 = ADVANCED_FACE('',(#1956),#2000,.F.);
#1956 = FACE_BOUND('',#1957,.F.);
#1957 = EDGE_LOOP('',(#1958,#1991,#1992,#1999));
#1958 = ORIENTED_EDGE('',*,*,#1959,.T.);
#1959 = EDGE_CURVE('',#674,#682,#1960,.T.);
#1960 = B_SPLINE_CURVE_WITH_KNOTS('',3,(#1961,#1962,#1963,#1964,#1965,
    #1966,#1967,#1968,#1969,#1970,#1971,#1972,#1973,#1974,#1975,#1976,
    #1977,#1978,#1979,#1980,#1981,#1982,#1983,#1984,#1985,#1986,#1987,
    #1988,#1989,#1990),.UNSPECIFIED.,.F.,.F.,(4,2,2,2,2,2,2,2,2,2,2,2,2,
    2,4),(7.029253055562E-03,7.909095292452E-03,8.788937529343E-03,
    9.668779766233E-03,1.010870088468E-02,1.03286614439E-02,
    1.054862200312E-02,1.098854312157E-02,1.142846424001E-02,
    1.186838535846E-02,1.230830647691E-02,1.274822759535E-02,
    1.31881487138E-02,1.362806983224E-02,1.406799095069E-02),
  .UNSPECIFIED.);
#1961 = CARTESIAN_POINT('',(62.9,20.,22.));
#1962 = CARTESIAN_POINT('',(62.9,20.295748877772,22.));
#1963 = CARTESIAN_POINT('',(62.964744296724,20.584665190692,
    21.93228305633));
#1964 = CARTESIAN_POINT('',(63.181078192362,21.084261324877,
    21.702917665175));
#1965 = CARTESIAN_POINT('',(63.327964910091,21.291848900209,
    21.546443128739));
#1966 = CARTESIAN_POINT('',(63.65275068188,21.627726696249,
    21.187798692419));
#1967 = CARTESIAN_POINT('',(63.828322827155,21.753564982622,
    20.991509454568));
#1968 = CARTESIAN_POINT('',(64.084774431064,21.892568768731,
    20.657802206075));
#1969 = CARTESIAN_POINT('',(64.168321527552,21.929725352386,
    20.54146288228));
#1970 = CARTESIAN_POINT('',(64.272247646671,21.970217948992,
    20.349995329405));
#1971 = CARTESIAN_POINT('',(64.302681380885,21.980983394321,
    20.283996358737));
#1972 = CARTESIAN_POINT('',(64.347033417642,21.996041860148,
    20.144104243128));
#1973 = CARTESIAN_POINT('',(64.3600469749,22.0001150653,20.070554289642)
  );
#1974 = CARTESIAN_POINT('',(64.358944945775,21.999762239003,
    19.849322475602));
#1975 = CARTESIAN_POINT('',(64.303502035911,21.98253263439,
    19.706270492006));
#1976 = CARTESIAN_POINT('',(64.164828298989,21.928220239036,
    19.453484327711));
#1977 = CARTESIAN_POINT('',(64.08070905374,21.89055898668,19.33666094179
    ));
#1978 = CARTESIAN_POINT('',(63.911225678005,21.798299085735,
    19.116624436319));
#1979 = CARTESIAN_POINT('',(63.82460430172,21.743521960903,
    19.013038050444));
#1980 = CARTESIAN_POINT('',(63.653658595232,21.615174509919,
    18.814599637029));
#1981 = CARTESIAN_POINT('',(63.568537765846,21.540946908742,
    18.719174486776));
#1982 = CARTESIAN_POINT('',(63.406710944301,21.37296448911,
    18.540548088313));
#1983 = CARTESIAN_POINT('',(63.330408684972,21.279910134974,
    18.457823960951));
#1984 = CARTESIAN_POINT('',(63.190039865111,21.072263690955,
    18.306858698723));
#1985 = CARTESIAN_POINT('',(63.125561062008,20.956386492241,
    18.238217968476));
#1986 = CARTESIAN_POINT('',(63.018603292119,20.708705538853,
    18.124823339431));
#1987 = CARTESIAN_POINT('',(62.974897900254,20.574122221594,
    18.078767796961));
#1988 = CARTESIAN_POINT('',(62.915562966589,20.2928772669,
    18.016323511795));
#1989 = CARTESIAN_POINT('',(62.9,20.149191949961,18.));
#1990 = CARTESIAN_POINT('',(62.9,20.,18.));
#1991 = ORIENTED_EDGE('',*,*,#1209,.F.);
#1992 = ORIENTED_EDGE('',*,*,#1993,.F.);
#1993 = EDGE_CURVE('',#788,#807,#1994,.T.);
#1994 = CIRCLE('',#1995,2.);
#1995 = AXIS2_PLACEMENT_3D('',#1996,#1997,#1998);
#1996 = CARTESIAN_POINT('',(-59.5,20.,20.));
#1997 = DIRECTION('',(-1.,-0.,-0.));
#1998 = DIRECTION('',(0.,0.,-1.));
#1999 = ORIENTED_EDGE('',*,*,#1216,.T.);
#2000 = CYLINDRICAL_SURFACE('',#2001,2.);
#2001 = AXIS2_PLACEMENT_3D('',#2002,#2003,#2004);
#2002 = CARTESIAN_POINT('',(-60.,20.,20.));
#2003 = DIRECTION('',(1.,0.,0.));
#2004 = DIRECTION('',(0.,0.,-1.));
#2005 = ADVANCED_FACE('',(#2006),#2040,.T.);
#2006 = FACE_BOUND('',#2007,.T.);
#2007 = EDGE_LOOP('',(#2008,#2018,#2026,#2034));
#2008 = ORIENTED_EDGE('',*,*,#2009,.F.);
#2009 = EDGE_CURVE('',#2010,#2012,#2014,.T.);
#2010 = VERTEX_POINT('',#2011);
#2011 = CARTESIAN_POINT('',(290.,16.989949493661,24.));
#2012 = VERTEX_POINT('',#2013);
#2013 = CARTESIAN_POINT('',(290.,14.789949493661,26.2));
#2014 = LINE('',#2015,#2016);
#2015 = CARTESIAN_POINT('',(290.,16.989949493661,24.));
#2016 = VECTOR('',#2017,1.);
#2017 = DIRECTION('',(0.,-0.707106781187,0.707106781187));
#2018 = ORIENTED_EDGE('',*,*,#2019,.F.);
#2019 = EDGE_CURVE('',#2020,#2010,#2022,.T.);
#2020 = VERTEX_POINT('',#2021);
#2021 = CARTESIAN_POINT('',(-60.,16.989949493661,24.));
#2022 = LINE('',#2023,#2024);
#2023 = CARTESIAN_POINT('',(-60.,16.989949493661,24.));
#2024 = VECTOR('',#2025,1.);
#2025 = DIRECTION('',(1.,0.,0.));
#2026 = ORIENTED_EDGE('',*,*,#2027,.T.);
#2027 = EDGE_CURVE('',#2020,#2028,#2030,.T.);
#2028 = VERTEX_POINT('',#2029);
#2029 = CARTESIAN_POINT('',(-60.,14.789949493661,26.2));
#2030 = LINE('',#2031,#2032);
#2031 = CARTESIAN_POINT('',(-60.,16.989949493661,24.));
#2032 = VECTOR('',#2033,1.);
#2033 = DIRECTION('',(0.,-0.707106781187,0.707106781187));
#2034 = ORIENTED_EDGE('',*,*,#2035,.T.);
#2035 = EDGE_CURVE('',#2028,#2012,#2036,.T.);
#2036 = LINE('',#2037,#2038);
#2037 = CARTESIAN_POINT('',(-60.,14.789949493661,26.2));
#2038 = VECTOR('',#2039,1.);
#2039 = DIRECTION('',(1.,0.,0.));
#2040 = PLANE('',#2041);
#2041 = AXIS2_PLACEMENT_3D('',#2042,#2043,#2044);
#2042 = CARTESIAN_POINT('',(-60.,16.989949493661,24.));
#2043 = DIRECTION('',(-0.,0.707106781187,0.707106781187));
#2044 = DIRECTION('',(0.,-0.707106781187,0.707106781187));
#2045 = ADVANCED_FACE('',(#2046),#2073,.T.);
#2046 = FACE_BOUND('',#2047,.T.);
#2047 = EDGE_LOOP('',(#2048,#2056,#2057,#2058,#2059,#2060,#2066,#2067));
#2048 = ORIENTED_EDGE('',*,*,#2049,.F.);
#2049 = EDGE_CURVE('',#555,#2050,#2052,.T.);
#2050 = VERTEX_POINT('',#2051);
#2051 = CARTESIAN_POINT('',(290.,19.5,24.));
#2052 = LINE('',#2053,#2054);
#2053 = CARTESIAN_POINT('',(-60.,19.5,24.));
#2054 = VECTOR('',#2055,1.);
#2055 = DIRECTION('',(1.,0.,0.));
#2056 = ORIENTED_EDGE('',*,*,#563,.T.);
#2057 = ORIENTED_EDGE('',*,*,#1297,.F.);
#2058 = ORIENTED_EDGE('',*,*,#655,.T.);
#2059 = ORIENTED_EDGE('',*,*,#1319,.F.);
#2060 = ORIENTED_EDGE('',*,*,#2061,.T.);
#2061 = EDGE_CURVE('',#1320,#2020,#2062,.T.);
#2062 = LINE('',#2063,#2064);
#2063 = CARTESIAN_POINT('',(-60.,19.5,24.));
#2064 = VECTOR('',#2065,1.);
#2065 = DIRECTION('',(0.,-1.,0.));
#2066 = ORIENTED_EDGE('',*,*,#2019,.T.);
#2067 = ORIENTED_EDGE('',*,*,#2068,.F.);
#2068 = EDGE_CURVE('',#2050,#2010,#2069,.T.);
#2069 = LINE('',#2070,#2071);
#2070 = CARTESIAN_POINT('',(290.,19.5,24.));
#2071 = VECTOR('',#2072,1.);
#2072 = DIRECTION('',(0.,-1.,0.));
#2073 = PLANE('',#2074);
#2074 = AXIS2_PLACEMENT_3D('',#2075,#2076,#2077);
#2075 = CARTESIAN_POINT('',(-60.,19.5,24.));
#2076 = DIRECTION('',(-0.,0.,1.));
#2077 = DIRECTION('',(1.,0.,0.));
#2078 = ADVANCED_FACE('',(#2079),#2090,.T.);
#2079 = FACE_BOUND('',#2080,.T.);
#2080 = EDGE_LOOP('',(#2081,#2082,#2083,#2084));
#2081 = ORIENTED_EDGE('',*,*,#1367,.F.);
#2082 = ORIENTED_EDGE('',*,*,#554,.T.);
#2083 = ORIENTED_EDGE('',*,*,#2049,.T.);
#2084 = ORIENTED_EDGE('',*,*,#2085,.F.);
#2085 = EDGE_CURVE('',#1368,#2050,#2086,.T.);
#2086 = LINE('',#2087,#2088);
#2087 = CARTESIAN_POINT('',(290.,20.,23.5));
#2088 = VECTOR('',#2089,1.);
#2089 = DIRECTION('',(0.,-0.707106781187,0.707106781187));
#2090 = PLANE('',#2091);
#2091 = AXIS2_PLACEMENT_3D('',#2092,#2093,#2094);
#2092 = CARTESIAN_POINT('',(-60.,20.,23.5));
#2093 = DIRECTION('',(-0.,0.707106781187,0.707106781187));
#2094 = DIRECTION('',(0.,-0.707106781187,0.707106781187));
#2095 = ADVANCED_FACE('',(#2096),#2122,.T.);
#2096 = FACE_BOUND('',#2097,.T.);
#2097 = EDGE_LOOP('',(#2098,#2099,#2108,#2116));
#2098 = ORIENTED_EDGE('',*,*,#1328,.T.);
#2099 = ORIENTED_EDGE('',*,*,#2100,.T.);
#2100 = EDGE_CURVE('',#665,#2101,#2103,.T.);
#2101 = VERTEX_POINT('',#2102);
#2102 = CARTESIAN_POINT('',(62.960392194563,20.5,24.));
#2103 = ( BOUNDED_CURVE() B_SPLINE_CURVE(3,(#2104,#2105,#2106,#2107),
.UNSPECIFIED.,.F.,.F.) B_SPLINE_CURVE_WITH_KNOTS((4,4),(4.712388980385,
4.952793197154),.PIECEWISE_BEZIER_KNOTS.) CURVE() 
GEOMETRIC_REPRESENTATION_ITEM() RATIONAL_B_SPLINE_CURVE((1.,
0.995189613824,0.995189613824,1.)) REPRESENTATION_ITEM('') );
#2104 = CARTESIAN_POINT('',(62.9,20.,23.5));
#2105 = CARTESIAN_POINT('',(62.9,20.16868946518,23.66868946518));
#2106 = CARTESIAN_POINT('',(62.920228036187,20.336161738154,
    23.836161738154));
#2107 = CARTESIAN_POINT('',(62.960392194563,20.5,24.));
#2108 = ORIENTED_EDGE('',*,*,#2109,.F.);
#2109 = EDGE_CURVE('',#2110,#2101,#2112,.T.);
#2110 = VERTEX_POINT('',#2111);
#2111 = CARTESIAN_POINT('',(-60.,20.5,24.));
#2112 = LINE('',#2113,#2114);
#2113 = CARTESIAN_POINT('',(-60.,20.5,24.));
#2114 = VECTOR('',#2115,1.);
#2115 = DIRECTION('',(1.,0.,0.));
#2116 = ORIENTED_EDGE('',*,*,#2117,.T.);
#2117 = EDGE_CURVE('',#2110,#1329,#2118,.T.);
#2118 = LINE('',#2119,#2120);
#2119 = CARTESIAN_POINT('',(-60.,20.5,24.));
#2120 = VECTOR('',#2121,1.);
#2121 = DIRECTION('',(0.,-0.707106781187,-0.707106781187));
#2122 = PLANE('',#2123);
#2123 = AXIS2_PLACEMENT_3D('',#2124,#2125,#2126);
#2124 = CARTESIAN_POINT('',(-60.,20.5,24.));
#2125 = DIRECTION('',(0.,-0.707106781187,0.707106781187));
#2126 = DIRECTION('',(0.,-0.707106781187,-0.707106781187));
#2127 = ADVANCED_FACE('',(#2128),#2169,.T.);
#2128 = FACE_BOUND('',#2129,.T.);
#2129 = EDGE_LOOP('',(#2130,#2131,#2138,#2139,#2147,#2155,#2161,#2162));
#2130 = ORIENTED_EDGE('',*,*,#1399,.T.);
#2131 = ORIENTED_EDGE('',*,*,#2132,.T.);
#2132 = EDGE_CURVE('',#1391,#1351,#2133,.T.);
#2133 = CIRCLE('',#2134,2.1);
#2134 = AXIS2_PLACEMENT_3D('',#2135,#2136,#2137);
#2135 = CARTESIAN_POINT('',(85.,20.,24.));
#2136 = DIRECTION('',(0.,0.,-1.));
#2137 = DIRECTION('',(1.,0.,0.));
#2138 = ORIENTED_EDGE('',*,*,#1350,.T.);
#2139 = ORIENTED_EDGE('',*,*,#2140,.F.);
#2140 = EDGE_CURVE('',#2141,#1353,#2143,.T.);
#2141 = VERTEX_POINT('',#2142);
#2142 = CARTESIAN_POINT('',(290.,23.010050506339,24.));
#2143 = LINE('',#2144,#2145);
#2144 = CARTESIAN_POINT('',(290.,23.010050506339,24.));
#2145 = VECTOR('',#2146,1.);
#2146 = DIRECTION('',(0.,-1.,0.));
#2147 = ORIENTED_EDGE('',*,*,#2148,.F.);
#2148 = EDGE_CURVE('',#2149,#2141,#2151,.T.);
#2149 = VERTEX_POINT('',#2150);
#2150 = CARTESIAN_POINT('',(-60.,23.010050506339,24.));
#2151 = LINE('',#2152,#2153);
#2152 = CARTESIAN_POINT('',(-60.,23.010050506339,24.));
#2153 = VECTOR('',#2154,1.);
#2154 = DIRECTION('',(1.,0.,0.));
#2155 = ORIENTED_EDGE('',*,*,#2156,.T.);
#2156 = EDGE_CURVE('',#2149,#2110,#2157,.T.);
#2157 = LINE('',#2158,#2159);
#2158 = CARTESIAN_POINT('',(-60.,23.010050506339,24.));
#2159 = VECTOR('',#2160,1.);
#2160 = DIRECTION('',(0.,-1.,0.));
#2161 = ORIENTED_EDGE('',*,*,#2109,.T.);
#2162 = ORIENTED_EDGE('',*,*,#2163,.T.);
#2163 = EDGE_CURVE('',#2101,#1400,#2164,.T.);
#2164 = CIRCLE('',#2165,2.1);
#2165 = AXIS2_PLACEMENT_3D('',#2166,#2167,#2168);
#2166 = CARTESIAN_POINT('',(65.,20.,24.));
#2167 = DIRECTION('',(0.,0.,-1.));
#2168 = DIRECTION('',(1.,0.,0.));
#2169 = PLANE('',#2170);
#2170 = AXIS2_PLACEMENT_3D('',#2171,#2172,#2173);
#2171 = CARTESIAN_POINT('',(-60.,23.010050506339,24.));
#2172 = DIRECTION('',(-0.,0.,1.));
#2173 = DIRECTION('',(1.,0.,0.));
#2174 = ADVANCED_FACE('',(#2175),#2200,.T.);
#2175 = FACE_BOUND('',#2176,.T.);
#2176 = EDGE_LOOP('',(#2177,#2185,#2193,#2199));
#2177 = ORIENTED_EDGE('',*,*,#2178,.F.);
#2178 = EDGE_CURVE('',#2179,#2141,#2181,.T.);
#2179 = VERTEX_POINT('',#2180);
#2180 = CARTESIAN_POINT('',(290.,25.210050506339,26.2));
#2181 = LINE('',#2182,#2183);
#2182 = CARTESIAN_POINT('',(290.,25.210050506339,26.2));
#2183 = VECTOR('',#2184,1.);
#2184 = DIRECTION('',(0.,-0.707106781187,-0.707106781187));
#2185 = ORIENTED_EDGE('',*,*,#2186,.F.);
#2186 = EDGE_CURVE('',#2187,#2179,#2189,.T.);
#2187 = VERTEX_POINT('',#2188);
#2188 = CARTESIAN_POINT('',(-60.,25.210050506339,26.2));
#2189 = LINE('',#2190,#2191);
#2190 = CARTESIAN_POINT('',(-60.,25.210050506339,26.2));
#2191 = VECTOR('',#2192,1.);
#2192 = DIRECTION('',(1.,0.,0.));
#2193 = ORIENTED_EDGE('',*,*,#2194,.T.);
#2194 = EDGE_CURVE('',#2187,#2149,#2195,.T.);
#2195 = LINE('',#2196,#2197);
#2196 = CARTESIAN_POINT('',(-60.,25.210050506339,26.2));
#2197 = VECTOR('',#2198,1.);
#2198 = DIRECTION('',(0.,-0.707106781187,-0.707106781187));
#2199 = ORIENTED_EDGE('',*,*,#2148,.T.);
#2200 = PLANE('',#2201);
#2201 = AXIS2_PLACEMENT_3D('',#2202,#2203,#2204);
#2202 = CARTESIAN_POINT('',(-60.,25.210050506339,26.2));
#2203 = DIRECTION('',(0.,-0.707106781187,0.707106781187));
#2204 = DIRECTION('',(0.,-0.707106781187,-0.707106781187));
#2205 = ADVANCED_FACE('',(#2206),#2231,.T.);
#2206 = FACE_BOUND('',#2207,.T.);
#2207 = EDGE_LOOP('',(#2208,#2216,#2224,#2230));
#2208 = ORIENTED_EDGE('',*,*,#2209,.F.);
#2209 = EDGE_CURVE('',#2210,#2179,#2212,.T.);
#2210 = VERTEX_POINT('',#2211);
#2211 = CARTESIAN_POINT('',(290.,25.210050506339,28.2));
#2212 = LINE('',#2213,#2214);
#2213 = CARTESIAN_POINT('',(290.,25.210050506339,28.2));
#2214 = VECTOR('',#2215,1.);
#2215 = DIRECTION('',(0.,0.,-1.));
#2216 = ORIENTED_EDGE('',*,*,#2217,.F.);
#2217 = EDGE_CURVE('',#2218,#2210,#2220,.T.);
#2218 = VERTEX_POINT('',#2219);
#2219 = CARTESIAN_POINT('',(-60.,25.210050506339,28.2));
#2220 = LINE('',#2221,#2222);
#2221 = CARTESIAN_POINT('',(-60.,25.210050506339,28.2));
#2222 = VECTOR('',#2223,1.);
#2223 = DIRECTION('',(1.,0.,0.));
#2224 = ORIENTED_EDGE('',*,*,#2225,.T.);
#2225 = EDGE_CURVE('',#2218,#2187,#2226,.T.);
#2226 = LINE('',#2227,#2228);
#2227 = CARTESIAN_POINT('',(-60.,25.210050506339,28.2));
#2228 = VECTOR('',#2229,1.);
#2229 = DIRECTION('',(0.,0.,-1.));
#2230 = ORIENTED_EDGE('',*,*,#2186,.T.);
#2231 = PLANE('',#2232);
#2232 = AXIS2_PLACEMENT_3D('',#2233,#2234,#2235);
#2233 = CARTESIAN_POINT('',(-60.,25.210050506339,28.2));
#2234 = DIRECTION('',(0.,-1.,0.));
#2235 = DIRECTION('',(0.,-0.,-1.));
#2236 = ADVANCED_FACE('',(#2237),#2262,.T.);
#2237 = FACE_BOUND('',#2238,.T.);
#2238 = EDGE_LOOP('',(#2239,#2247,#2255,#2261));
#2239 = ORIENTED_EDGE('',*,*,#2240,.F.);
#2240 = EDGE_CURVE('',#2241,#2210,#2243,.T.);
#2241 = VERTEX_POINT('',#2242);
#2242 = CARTESIAN_POINT('',(290.,23.,28.2));
#2243 = LINE('',#2244,#2245);
#2244 = CARTESIAN_POINT('',(290.,23.,28.2));
#2245 = VECTOR('',#2246,1.);
#2246 = DIRECTION('',(0.,1.,-1.57E-15));
#2247 = ORIENTED_EDGE('',*,*,#2248,.F.);
#2248 = EDGE_CURVE('',#2249,#2241,#2251,.T.);
#2249 = VERTEX_POINT('',#2250);
#2250 = CARTESIAN_POINT('',(-60.,23.,28.2));
#2251 = LINE('',#2252,#2253);
#2252 = CARTESIAN_POINT('',(-60.,23.,28.2));
#2253 = VECTOR('',#2254,1.);
#2254 = DIRECTION('',(1.,0.,0.));
#2255 = ORIENTED_EDGE('',*,*,#2256,.T.);
#2256 = EDGE_CURVE('',#2249,#2218,#2257,.T.);
#2257 = LINE('',#2258,#2259);
#2258 = CARTESIAN_POINT('',(-60.,23.,28.2));
#2259 = VECTOR('',#2260,1.);
#2260 = DIRECTION('',(0.,1.,-1.57E-15));
#2261 = ORIENTED_EDGE('',*,*,#2217,.T.);
#2262 = PLANE('',#2263);
#2263 = AXIS2_PLACEMENT_3D('',#2264,#2265,#2266);
#2264 = CARTESIAN_POINT('',(-60.,23.,28.2));
#2265 = DIRECTION('',(0.,-1.57E-15,-1.));
#2266 = DIRECTION('',(0.,1.,-1.57E-15));
#2267 = ADVANCED_FACE('',(#2268),#2293,.T.);
#2268 = FACE_BOUND('',#2269,.T.);
#2269 = EDGE_LOOP('',(#2270,#2278,#2286,#2292));
#2270 = ORIENTED_EDGE('',*,*,#2271,.F.);
#2271 = EDGE_CURVE('',#2272,#2241,#2274,.T.);
#2272 = VERTEX_POINT('',#2273);
#2273 = CARTESIAN_POINT('',(290.,24.8,30.));
#2274 = LINE('',#2275,#2276);
#2275 = CARTESIAN_POINT('',(290.,24.8,30.));
#2276 = VECTOR('',#2277,1.);
#2277 = DIRECTION('',(0.,-0.707106781187,-0.707106781187));
#2278 = ORIENTED_EDGE('',*,*,#2279,.F.);
#2279 = EDGE_CURVE('',#2280,#2272,#2282,.T.);
#2280 = VERTEX_POINT('',#2281);
#2281 = CARTESIAN_POINT('',(-60.,24.8,30.));
#2282 = LINE('',#2283,#2284);
#2283 = CARTESIAN_POINT('',(-60.,24.8,30.));
#2284 = VECTOR('',#2285,1.);
#2285 = DIRECTION('',(1.,0.,0.));
#2286 = ORIENTED_EDGE('',*,*,#2287,.T.);
#2287 = EDGE_CURVE('',#2280,#2249,#2288,.T.);
#2288 = LINE('',#2289,#2290);
#2289 = CARTESIAN_POINT('',(-60.,24.8,30.));
#2290 = VECTOR('',#2291,1.);
#2291 = DIRECTION('',(0.,-0.707106781187,-0.707106781187));
#2292 = ORIENTED_EDGE('',*,*,#2248,.T.);
#2293 = PLANE('',#2294);
#2294 = AXIS2_PLACEMENT_3D('',#2295,#2296,#2297);
#2295 = CARTESIAN_POINT('',(-60.,24.8,30.));
#2296 = DIRECTION('',(0.,-0.707106781187,0.707106781187));
#2297 = DIRECTION('',(0.,-0.707106781187,-0.707106781187));
#2298 = ADVANCED_FACE('',(#2299),#2324,.T.);
#2299 = FACE_BOUND('',#2300,.T.);
#2300 = EDGE_LOOP('',(#2301,#2309,#2317,#2323));
#2301 = ORIENTED_EDGE('',*,*,#2302,.F.);
#2302 = EDGE_CURVE('',#2303,#2272,#2305,.T.);
#2303 = VERTEX_POINT('',#2304);
#2304 = CARTESIAN_POINT('',(290.,30.,30.));
#2305 = LINE('',#2306,#2307);
#2306 = CARTESIAN_POINT('',(290.,30.,30.));
#2307 = VECTOR('',#2308,1.);
#2308 = DIRECTION('',(0.,-1.,2.67E-15));
#2309 = ORIENTED_EDGE('',*,*,#2310,.F.);
#2310 = EDGE_CURVE('',#2311,#2303,#2313,.T.);
#2311 = VERTEX_POINT('',#2312);
#2312 = CARTESIAN_POINT('',(-60.,30.,30.));
#2313 = LINE('',#2314,#2315);
#2314 = CARTESIAN_POINT('',(-60.,30.,30.));
#2315 = VECTOR('',#2316,1.);
#2316 = DIRECTION('',(1.,0.,0.));
#2317 = ORIENTED_EDGE('',*,*,#2318,.T.);
#2318 = EDGE_CURVE('',#2311,#2280,#2319,.T.);
#2319 = LINE('',#2320,#2321);
#2320 = CARTESIAN_POINT('',(-60.,30.,30.));
#2321 = VECTOR('',#2322,1.);
#2322 = DIRECTION('',(0.,-1.,2.67E-15));
#2323 = ORIENTED_EDGE('',*,*,#2279,.T.);
#2324 = PLANE('',#2325);
#2325 = AXIS2_PLACEMENT_3D('',#2326,#2327,#2328);
#2326 = CARTESIAN_POINT('',(-60.,30.,30.));
#2327 = DIRECTION('',(-0.,2.67E-15,1.));
#2328 = DIRECTION('',(0.,-1.,2.67E-15));
#2329 = ADVANCED_FACE('',(#2330),#2355,.T.);
#2330 = FACE_BOUND('',#2331,.T.);
#2331 = EDGE_LOOP('',(#2332,#2340,#2348,#2354));
#2332 = ORIENTED_EDGE('',*,*,#2333,.F.);
#2333 = EDGE_CURVE('',#2334,#2303,#2336,.T.);
#2334 = VERTEX_POINT('',#2335);
#2335 = CARTESIAN_POINT('',(290.,30.,24.8));
#2336 = LINE('',#2337,#2338);
#2337 = CARTESIAN_POINT('',(290.,30.,24.8));
#2338 = VECTOR('',#2339,1.);
#2339 = DIRECTION('',(0.,-1.33E-15,1.));
#2340 = ORIENTED_EDGE('',*,*,#2341,.F.);
#2341 = EDGE_CURVE('',#2342,#2334,#2344,.T.);
#2342 = VERTEX_POINT('',#2343);
#2343 = CARTESIAN_POINT('',(-60.,30.,24.8));
#2344 = LINE('',#2345,#2346);
#2345 = CARTESIAN_POINT('',(-60.,30.,24.8));
#2346 = VECTOR('',#2347,1.);
#2347 = DIRECTION('',(1.,0.,0.));
#2348 = ORIENTED_EDGE('',*,*,#2349,.T.);
#2349 = EDGE_CURVE('',#2342,#2311,#2350,.T.);
#2350 = LINE('',#2351,#2352);
#2351 = CARTESIAN_POINT('',(-60.,30.,24.8));
#2352 = VECTOR('',#2353,1.);
#2353 = DIRECTION('',(0.,-1.33E-15,1.));
#2354 = ORIENTED_EDGE('',*,*,#2310,.T.);
#2355 = PLANE('',#2356);
#2356 = AXIS2_PLACEMENT_3D('',#2357,#2358,#2359);
#2357 = CARTESIAN_POINT('',(-60.,30.,24.8));
#2358 = DIRECTION('',(-0.,1.,1.33E-15));
#2359 = DIRECTION('',(0.,-1.33E-15,1.));
#2360 = ADVANCED_FACE('',(#2361),#2386,.T.);
#2361 = FACE_BOUND('',#2362,.T.);
#2362 = EDGE_LOOP('',(#2363,#2371,#2379,#2385));
#2363 = ORIENTED_EDGE('',*,*,#2364,.F.);
#2364 = EDGE_CURVE('',#2365,#2334,#2367,.T.);
#2365 = VERTEX_POINT('',#2366);
#2366 = CARTESIAN_POINT('',(290.,28.2,23.));
#2367 = LINE('',#2368,#2369);
#2368 = CARTESIAN_POINT('',(290.,28.2,23.));
#2369 = VECTOR('',#2370,1.);
#2370 = DIRECTION('',(0.,0.707106781187,0.707106781187));
#2371 = ORIENTED_EDGE('',*,*,#2372,.F.);
#2372 = EDGE_CURVE('',#2373,#2365,#2375,.T.);
#2373 = VERTEX_POINT('',#2374);
#2374 = CARTESIAN_POINT('',(-60.,28.2,23.));
#2375 = LINE('',#2376,#2377);
#2376 = CARTESIAN_POINT('',(-60.,28.2,23.));
#2377 = VECTOR('',#2378,1.);
#2378 = DIRECTION('',(1.,0.,0.));
#2379 = ORIENTED_EDGE('',*,*,#2380,.T.);
#2380 = EDGE_CURVE('',#2373,#2342,#2381,.T.);
#2381 = LINE('',#2382,#2383);
#2382 = CARTESIAN_POINT('',(-60.,28.2,23.));
#2383 = VECTOR('',#2384,1.);
#2384 = DIRECTION('',(0.,0.707106781187,0.707106781187));
#2385 = ORIENTED_EDGE('',*,*,#2341,.T.);
#2386 = PLANE('',#2387);
#2387 = AXIS2_PLACEMENT_3D('',#2388,#2389,#2390);
#2388 = CARTESIAN_POINT('',(-60.,28.2,23.));
#2389 = DIRECTION('',(0.,0.707106781187,-0.707106781187));
#2390 = DIRECTION('',(0.,0.707106781187,0.707106781187));
#2391 = ADVANCED_FACE('',(#2392),#2417,.T.);
#2392 = FACE_BOUND('',#2393,.T.);
#2393 = EDGE_LOOP('',(#2394,#2402,#2410,#2416));
#2394 = ORIENTED_EDGE('',*,*,#2395,.F.);
#2395 = EDGE_CURVE('',#2396,#2365,#2398,.T.);
#2396 = VERTEX_POINT('',#2397);
#2397 = CARTESIAN_POINT('',(290.,28.2,25.210050506339));
#2398 = LINE('',#2399,#2400);
#2399 = CARTESIAN_POINT('',(290.,28.2,25.210050506339));
#2400 = VECTOR('',#2401,1.);
#2401 = DIRECTION('',(0.,0.,-1.));
#2402 = ORIENTED_EDGE('',*,*,#2403,.F.);
#2403 = EDGE_CURVE('',#2404,#2396,#2406,.T.);
#2404 = VERTEX_POINT('',#2405);
#2405 = CARTESIAN_POINT('',(-60.,28.2,25.210050506339));
#2406 = LINE('',#2407,#2408);
#2407 = CARTESIAN_POINT('',(-60.,28.2,25.210050506339));
#2408 = VECTOR('',#2409,1.);
#2409 = DIRECTION('',(1.,0.,0.));
#2410 = ORIENTED_EDGE('',*,*,#2411,.T.);
#2411 = EDGE_CURVE('',#2404,#2373,#2412,.T.);
#2412 = LINE('',#2413,#2414);
#2413 = CARTESIAN_POINT('',(-60.,28.2,25.210050506339));
#2414 = VECTOR('',#2415,1.);
#2415 = DIRECTION('',(0.,0.,-1.));
#2416 = ORIENTED_EDGE('',*,*,#2372,.T.);
#2417 = PLANE('',#2418);
#2418 = AXIS2_PLACEMENT_3D('',#2419,#2420,#2421);
#2419 = CARTESIAN_POINT('',(-60.,28.2,25.210050506339));
#2420 = DIRECTION('',(0.,-1.,0.));
#2421 = DIRECTION('',(0.,-0.,-1.));
#2422 = ADVANCED_FACE('',(#2423),#2448,.T.);
#2423 = FACE_BOUND('',#2424,.T.);
#2424 = EDGE_LOOP('',(#2425,#2433,#2441,#2447));
#2425 = ORIENTED_EDGE('',*,*,#2426,.F.);
#2426 = EDGE_CURVE('',#2427,#2396,#2429,.T.);
#2427 = VERTEX_POINT('',#2428);
#2428 = CARTESIAN_POINT('',(290.,26.2,25.210050506339));
#2429 = LINE('',#2430,#2431);
#2430 = CARTESIAN_POINT('',(290.,26.2,25.210050506339));
#2431 = VECTOR('',#2432,1.);
#2432 = DIRECTION('',(0.,1.,0.));
#2433 = ORIENTED_EDGE('',*,*,#2434,.F.);
#2434 = EDGE_CURVE('',#2435,#2427,#2437,.T.);
#2435 = VERTEX_POINT('',#2436);
#2436 = CARTESIAN_POINT('',(-60.,26.2,25.210050506339));
#2437 = LINE('',#2438,#2439);
#2438 = CARTESIAN_POINT('',(-60.,26.2,25.210050506339));
#2439 = VECTOR('',#2440,1.);
#2440 = DIRECTION('',(1.,0.,0.));
#2441 = ORIENTED_EDGE('',*,*,#2442,.T.);
#2442 = EDGE_CURVE('',#2435,#2404,#2443,.T.);
#2443 = LINE('',#2444,#2445);
#2444 = CARTESIAN_POINT('',(-60.,26.2,25.210050506339));
#2445 = VECTOR('',#2446,1.);
#2446 = DIRECTION('',(0.,1.,0.));
#2447 = ORIENTED_EDGE('',*,*,#2403,.T.);
#2448 = PLANE('',#2449);
#2449 = AXIS2_PLACEMENT_3D('',#2450,#2451,#2452);
#2450 = CARTESIAN_POINT('',(-60.,26.2,25.210050506339));
#2451 = DIRECTION('',(0.,0.,-1.));
#2452 = DIRECTION('',(-1.,0.,-0.));
#2453 = ADVANCED_FACE('',(#2454),#2479,.T.);
#2454 = FACE_BOUND('',#2455,.T.);
#2455 = EDGE_LOOP('',(#2456,#2464,#2472,#2478));
#2456 = ORIENTED_EDGE('',*,*,#2457,.F.);
#2457 = EDGE_CURVE('',#2458,#2427,#2460,.T.);
#2458 = VERTEX_POINT('',#2459);
#2459 = CARTESIAN_POINT('',(290.,24.,23.010050506339));
#2460 = LINE('',#2461,#2462);
#2461 = CARTESIAN_POINT('',(290.,24.,23.010050506339));
#2462 = VECTOR('',#2463,1.);
#2463 = DIRECTION('',(0.,0.707106781187,0.707106781187));
#2464 = ORIENTED_EDGE('',*,*,#2465,.F.);
#2465 = EDGE_CURVE('',#2466,#2458,#2468,.T.);
#2466 = VERTEX_POINT('',#2467);
#2467 = CARTESIAN_POINT('',(-60.,24.,23.010050506339));
#2468 = LINE('',#2469,#2470);
#2469 = CARTESIAN_POINT('',(-60.,24.,23.010050506339));
#2470 = VECTOR('',#2471,1.);
#2471 = DIRECTION('',(1.,0.,0.));
#2472 = ORIENTED_EDGE('',*,*,#2473,.T.);
#2473 = EDGE_CURVE('',#2466,#2435,#2474,.T.);
#2474 = LINE('',#2475,#2476);
#2475 = CARTESIAN_POINT('',(-60.,24.,23.010050506339));
#2476 = VECTOR('',#2477,1.);
#2477 = DIRECTION('',(0.,0.707106781187,0.707106781187));
#2478 = ORIENTED_EDGE('',*,*,#2434,.T.);
#2479 = PLANE('',#2480);
#2480 = AXIS2_PLACEMENT_3D('',#2481,#2482,#2483);
#2481 = CARTESIAN_POINT('',(-60.,24.,23.010050506339));
#2482 = DIRECTION('',(0.,0.707106781187,-0.707106781187));
#2483 = DIRECTION('',(0.,0.707106781187,0.707106781187));
#2484 = ADVANCED_FACE('',(#2485),#2510,.T.);
#2485 = FACE_BOUND('',#2486,.T.);
#2486 = EDGE_LOOP('',(#2487,#2495,#2503,#2509));
#2487 = ORIENTED_EDGE('',*,*,#2488,.F.);
#2488 = EDGE_CURVE('',#2489,#2458,#2491,.T.);
#2489 = VERTEX_POINT('',#2490);
#2490 = CARTESIAN_POINT('',(290.,24.,20.5));
#2491 = LINE('',#2492,#2493);
#2492 = CARTESIAN_POINT('',(290.,24.,20.5));
#2493 = VECTOR('',#2494,1.);
#2494 = DIRECTION('',(0.,0.,1.));
#2495 = ORIENTED_EDGE('',*,*,#2496,.F.);
#2496 = EDGE_CURVE('',#2497,#2489,#2499,.T.);
#2497 = VERTEX_POINT('',#2498);
#2498 = CARTESIAN_POINT('',(-60.,24.,20.5));
#2499 = LINE('',#2500,#2501);
#2500 = CARTESIAN_POINT('',(-60.,24.,20.5));
#2501 = VECTOR('',#2502,1.);
#2502 = DIRECTION('',(1.,0.,0.));
#2503 = ORIENTED_EDGE('',*,*,#2504,.T.);
#2504 = EDGE_CURVE('',#2497,#2466,#2505,.T.);
#2505 = LINE('',#2506,#2507);
#2506 = CARTESIAN_POINT('',(-60.,24.,20.5));
#2507 = VECTOR('',#2508,1.);
#2508 = DIRECTION('',(0.,0.,1.));
#2509 = ORIENTED_EDGE('',*,*,#2465,.T.);
#2510 = PLANE('',#2511);
#2511 = AXIS2_PLACEMENT_3D('',#2512,#2513,#2514);
#2512 = CARTESIAN_POINT('',(-60.,24.,20.5));
#2513 = DIRECTION('',(0.,1.,0.));
#2514 = DIRECTION('',(0.,-0.,1.));
#2515 = ADVANCED_FACE('',(#2516),#2541,.T.);
#2516 = FACE_BOUND('',#2517,.T.);
#2517 = EDGE_LOOP('',(#2518,#2526,#2534,#2540));
#2518 = ORIENTED_EDGE('',*,*,#2519,.F.);
#2519 = EDGE_CURVE('',#2520,#2489,#2522,.T.);
#2520 = VERTEX_POINT('',#2521);
#2521 = CARTESIAN_POINT('',(290.,23.5,20.));
#2522 = LINE('',#2523,#2524);
#2523 = CARTESIAN_POINT('',(290.,23.5,20.));
#2524 = VECTOR('',#2525,1.);
#2525 = DIRECTION('',(0.,0.707106781187,0.707106781187));
#2526 = ORIENTED_EDGE('',*,*,#2527,.F.);
#2527 = EDGE_CURVE('',#2528,#2520,#2530,.T.);
#2528 = VERTEX_POINT('',#2529);
#2529 = CARTESIAN_POINT('',(-60.,23.5,20.));
#2530 = LINE('',#2531,#2532);
#2531 = CARTESIAN_POINT('',(-60.,23.5,20.));
#2532 = VECTOR('',#2533,1.);
#2533 = DIRECTION('',(1.,0.,0.));
#2534 = ORIENTED_EDGE('',*,*,#2535,.T.);
#2535 = EDGE_CURVE('',#2528,#2497,#2536,.T.);
#2536 = LINE('',#2537,#2538);
#2537 = CARTESIAN_POINT('',(-60.,23.5,20.));
#2538 = VECTOR('',#2539,1.);
#2539 = DIRECTION('',(0.,0.707106781187,0.707106781187));
#2540 = ORIENTED_EDGE('',*,*,#2496,.T.);
#2541 = PLANE('',#2542);
#2542 = AXIS2_PLACEMENT_3D('',#2543,#2544,#2545);
#2543 = CARTESIAN_POINT('',(-60.,23.5,20.));
#2544 = DIRECTION('',(0.,0.707106781187,-0.707106781187));
#2545 = DIRECTION('',(0.,0.707106781187,0.707106781187));
#2546 = ADVANCED_FACE('',(#2547),#2572,.T.);
#2547 = FACE_BOUND('',#2548,.T.);
#2548 = EDGE_LOOP('',(#2549,#2557,#2565,#2571));
#2549 = ORIENTED_EDGE('',*,*,#2550,.F.);
#2550 = EDGE_CURVE('',#2551,#2520,#2553,.T.);
#2551 = VERTEX_POINT('',#2552);
#2552 = CARTESIAN_POINT('',(290.,24.,19.5));
#2553 = LINE('',#2554,#2555);
#2554 = CARTESIAN_POINT('',(290.,24.,19.5));
#2555 = VECTOR('',#2556,1.);
#2556 = DIRECTION('',(0.,-0.707106781187,0.707106781187));
#2557 = ORIENTED_EDGE('',*,*,#2558,.F.);
#2558 = EDGE_CURVE('',#2559,#2551,#2561,.T.);
#2559 = VERTEX_POINT('',#2560);
#2560 = CARTESIAN_POINT('',(-60.,24.,19.5));
#2561 = LINE('',#2562,#2563);
#2562 = CARTESIAN_POINT('',(-60.,24.,19.5));
#2563 = VECTOR('',#2564,1.);
#2564 = DIRECTION('',(1.,0.,0.));
#2565 = ORIENTED_EDGE('',*,*,#2566,.T.);
#2566 = EDGE_CURVE('',#2559,#2528,#2567,.T.);
#2567 = LINE('',#2568,#2569);
#2568 = CARTESIAN_POINT('',(-60.,24.,19.5));
#2569 = VECTOR('',#2570,1.);
#2570 = DIRECTION('',(0.,-0.707106781187,0.707106781187));
#2571 = ORIENTED_EDGE('',*,*,#2527,.T.);
#2572 = PLANE('',#2573);
#2573 = AXIS2_PLACEMENT_3D('',#2574,#2575,#2576);
#2574 = CARTESIAN_POINT('',(-60.,24.,19.5));
#2575 = DIRECTION('',(-0.,0.707106781187,0.707106781187));
#2576 = DIRECTION('',(0.,-0.707106781187,0.707106781187));
#2577 = ADVANCED_FACE('',(#2578),#2603,.T.);
#2578 = FACE_BOUND('',#2579,.T.);
#2579 = EDGE_LOOP('',(#2580,#2588,#2596,#2602));
#2580 = ORIENTED_EDGE('',*,*,#2581,.F.);
#2581 = EDGE_CURVE('',#2582,#2551,#2584,.T.);
#2582 = VERTEX_POINT('',#2583);
#2583 = CARTESIAN_POINT('',(290.,24.,16.989949493661));
#2584 = LINE('',#2585,#2586);
#2585 = CARTESIAN_POINT('',(290.,24.,16.989949493661));
#2586 = VECTOR('',#2587,1.);
#2587 = DIRECTION('',(0.,0.,1.));
#2588 = ORIENTED_EDGE('',*,*,#2589,.F.);
#2589 = EDGE_CURVE('',#2590,#2582,#2592,.T.);
#2590 = VERTEX_POINT('',#2591);
#2591 = CARTESIAN_POINT('',(-60.,24.,16.989949493661));
#2592 = LINE('',#2593,#2594);
#2593 = CARTESIAN_POINT('',(-60.,24.,16.989949493661));
#2594 = VECTOR('',#2595,1.);
#2595 = DIRECTION('',(1.,0.,0.));
#2596 = ORIENTED_EDGE('',*,*,#2597,.T.);
#2597 = EDGE_CURVE('',#2590,#2559,#2598,.T.);
#2598 = LINE('',#2599,#2600);
#2599 = CARTESIAN_POINT('',(-60.,24.,16.989949493661));
#2600 = VECTOR('',#2601,1.);
#2601 = DIRECTION('',(0.,0.,1.));
#2602 = ORIENTED_EDGE('',*,*,#2558,.T.);
#2603 = PLANE('',#2604);
#2604 = AXIS2_PLACEMENT_3D('',#2605,#2606,#2607);
#2605 = CARTESIAN_POINT('',(-60.,24.,16.989949493661));
#2606 = DIRECTION('',(0.,1.,0.));
#2607 = DIRECTION('',(0.,-0.,1.));
#2608 = ADVANCED_FACE('',(#2609),#2634,.T.);
#2609 = FACE_BOUND('',#2610,.T.);
#2610 = EDGE_LOOP('',(#2611,#2619,#2627,#2633));
#2611 = ORIENTED_EDGE('',*,*,#2612,.F.);
#2612 = EDGE_CURVE('',#2613,#2582,#2615,.T.);
#2613 = VERTEX_POINT('',#2614);
#2614 = CARTESIAN_POINT('',(290.,26.2,14.789949493661));
#2615 = LINE('',#2616,#2617);
#2616 = CARTESIAN_POINT('',(290.,26.2,14.789949493661));
#2617 = VECTOR('',#2618,1.);
#2618 = DIRECTION('',(0.,-0.707106781187,0.707106781187));
#2619 = ORIENTED_EDGE('',*,*,#2620,.F.);
#2620 = EDGE_CURVE('',#2621,#2613,#2623,.T.);
#2621 = VERTEX_POINT('',#2622);
#2622 = CARTESIAN_POINT('',(-60.,26.2,14.789949493661));
#2623 = LINE('',#2624,#2625);
#2624 = CARTESIAN_POINT('',(-60.,26.2,14.789949493661));
#2625 = VECTOR('',#2626,1.);
#2626 = DIRECTION('',(1.,0.,0.));
#2627 = ORIENTED_EDGE('',*,*,#2628,.T.);
#2628 = EDGE_CURVE('',#2621,#2590,#2629,.T.);
#2629 = LINE('',#2630,#2631);
#2630 = CARTESIAN_POINT('',(-60.,26.2,14.789949493661));
#2631 = VECTOR('',#2632,1.);
#2632 = DIRECTION('',(0.,-0.707106781187,0.707106781187));
#2633 = ORIENTED_EDGE('',*,*,#2589,.T.);
#2634 = PLANE('',#2635);
#2635 = AXIS2_PLACEMENT_3D('',#2636,#2637,#2638);
#2636 = CARTESIAN_POINT('',(-60.,26.2,14.789949493661));
#2637 = DIRECTION('',(-0.,0.707106781187,0.707106781187));
#2638 = DIRECTION('',(0.,-0.707106781187,0.707106781187));
#2639 = ADVANCED_FACE('',(#2640),#2665,.T.);
#2640 = FACE_BOUND('',#2641,.T.);
#2641 = EDGE_LOOP('',(#2642,#2650,#2658,#2664));
#2642 = ORIENTED_EDGE('',*,*,#2643,.F.);
#2643 = EDGE_CURVE('',#2644,#2613,#2646,.T.);
#2644 = VERTEX_POINT('',#2645);
#2645 = CARTESIAN_POINT('',(290.,28.2,14.789949493661));
#2646 = LINE('',#2647,#2648);
#2647 = CARTESIAN_POINT('',(290.,28.2,14.789949493661));
#2648 = VECTOR('',#2649,1.);
#2649 = DIRECTION('',(0.,-1.,8.7E-16));
#2650 = ORIENTED_EDGE('',*,*,#2651,.F.);
#2651 = EDGE_CURVE('',#2652,#2644,#2654,.T.);
#2652 = VERTEX_POINT('',#2653);
#2653 = CARTESIAN_POINT('',(-60.,28.2,14.789949493661));
#2654 = LINE('',#2655,#2656);
#2655 = CARTESIAN_POINT('',(-60.,28.2,14.789949493661));
#2656 = VECTOR('',#2657,1.);
#2657 = DIRECTION('',(1.,0.,0.));
#2658 = ORIENTED_EDGE('',*,*,#2659,.T.);
#2659 = EDGE_CURVE('',#2652,#2621,#2660,.T.);
#2660 = LINE('',#2661,#2662);
#2661 = CARTESIAN_POINT('',(-60.,28.2,14.789949493661));
#2662 = VECTOR('',#2663,1.);
#2663 = DIRECTION('',(0.,-1.,8.7E-16));
#2664 = ORIENTED_EDGE('',*,*,#2620,.T.);
#2665 = PLANE('',#2666);
#2666 = AXIS2_PLACEMENT_3D('',#2667,#2668,#2669);
#2667 = CARTESIAN_POINT('',(-60.,28.2,14.789949493661));
#2668 = DIRECTION('',(-0.,8.7E-16,1.));
#2669 = DIRECTION('',(0.,-1.,8.7E-16));
#2670 = ADVANCED_FACE('',(#2671),#2696,.T.);
#2671 = FACE_BOUND('',#2672,.T.);
#2672 = EDGE_LOOP('',(#2673,#2681,#2689,#2695));
#2673 = ORIENTED_EDGE('',*,*,#2674,.F.);
#2674 = EDGE_CURVE('',#2675,#2644,#2677,.T.);
#2675 = VERTEX_POINT('',#2676);
#2676 = CARTESIAN_POINT('',(290.,28.2,17.));
#2677 = LINE('',#2678,#2679);
#2678 = CARTESIAN_POINT('',(290.,28.2,17.));
#2679 = VECTOR('',#2680,1.);
#2680 = DIRECTION('',(0.,0.,-1.));
#2681 = ORIENTED_EDGE('',*,*,#2682,.F.);
#2682 = EDGE_CURVE('',#2683,#2675,#2685,.T.);
#2683 = VERTEX_POINT('',#2684);
#2684 = CARTESIAN_POINT('',(-60.,28.2,17.));
#2685 = LINE('',#2686,#2687);
#2686 = CARTESIAN_POINT('',(-60.,28.2,17.));
#2687 = VECTOR('',#2688,1.);
#2688 = DIRECTION('',(1.,0.,0.));
#2689 = ORIENTED_EDGE('',*,*,#2690,.T.);
#2690 = EDGE_CURVE('',#2683,#2652,#2691,.T.);
#2691 = LINE('',#2692,#2693);
#2692 = CARTESIAN_POINT('',(-60.,28.2,17.));
#2693 = VECTOR('',#2694,1.);
#2694 = DIRECTION('',(0.,0.,-1.));
#2695 = ORIENTED_EDGE('',*,*,#2651,.T.);
#2696 = PLANE('',#2697);
#2697 = AXIS2_PLACEMENT_3D('',#2698,#2699,#2700);
#2698 = CARTESIAN_POINT('',(-60.,28.2,17.));
#2699 = DIRECTION('',(0.,-1.,0.));
#2700 = DIRECTION('',(0.,-0.,-1.));
#2701 = ADVANCED_FACE('',(#2702),#2727,.T.);
#2702 = FACE_BOUND('',#2703,.T.);
#2703 = EDGE_LOOP('',(#2704,#2712,#2720,#2726));
#2704 = ORIENTED_EDGE('',*,*,#2705,.F.);
#2705 = EDGE_CURVE('',#2706,#2675,#2708,.T.);
#2706 = VERTEX_POINT('',#2707);
#2707 = CARTESIAN_POINT('',(290.,30.,15.2));
#2708 = LINE('',#2709,#2710);
#2709 = CARTESIAN_POINT('',(290.,30.,15.2));
#2710 = VECTOR('',#2711,1.);
#2711 = DIRECTION('',(0.,-0.707106781187,0.707106781187));
#2712 = ORIENTED_EDGE('',*,*,#2713,.F.);
#2713 = EDGE_CURVE('',#2714,#2706,#2716,.T.);
#2714 = VERTEX_POINT('',#2715);
#2715 = CARTESIAN_POINT('',(-60.,30.,15.2));
#2716 = LINE('',#2717,#2718);
#2717 = CARTESIAN_POINT('',(-60.,30.,15.2));
#2718 = VECTOR('',#2719,1.);
#2719 = DIRECTION('',(1.,0.,0.));
#2720 = ORIENTED_EDGE('',*,*,#2721,.T.);
#2721 = EDGE_CURVE('',#2714,#2683,#2722,.T.);
#2722 = LINE('',#2723,#2724);
#2723 = CARTESIAN_POINT('',(-60.,30.,15.2));
#2724 = VECTOR('',#2725,1.);
#2725 = DIRECTION('',(0.,-0.707106781187,0.707106781187));
#2726 = ORIENTED_EDGE('',*,*,#2682,.T.);
#2727 = PLANE('',#2728);
#2728 = AXIS2_PLACEMENT_3D('',#2729,#2730,#2731);
#2729 = CARTESIAN_POINT('',(-60.,30.,15.2));
#2730 = DIRECTION('',(-0.,0.707106781187,0.707106781187));
#2731 = DIRECTION('',(0.,-0.707106781187,0.707106781187));
#2732 = ADVANCED_FACE('',(#2733),#2758,.T.);
#2733 = FACE_BOUND('',#2734,.T.);
#2734 = EDGE_LOOP('',(#2735,#2743,#2751,#2757));
#2735 = ORIENTED_EDGE('',*,*,#2736,.F.);
#2736 = EDGE_CURVE('',#2737,#2706,#2739,.T.);
#2737 = VERTEX_POINT('',#2738);
#2738 = CARTESIAN_POINT('',(290.,30.,4.882842712475));
#2739 = LINE('',#2740,#2741);
#2740 = CARTESIAN_POINT('',(290.,30.,4.882842712475));
#2741 = VECTOR('',#2742,1.);
#2742 = DIRECTION('',(0.,2.02E-15,1.));
#2743 = ORIENTED_EDGE('',*,*,#2744,.F.);
#2744 = EDGE_CURVE('',#2745,#2737,#2747,.T.);
#2745 = VERTEX_POINT('',#2746);
#2746 = CARTESIAN_POINT('',(-60.,30.,4.882842712475));
#2747 = LINE('',#2748,#2749);
#2748 = CARTESIAN_POINT('',(-60.,30.,4.882842712475));
#2749 = VECTOR('',#2750,1.);
#2750 = DIRECTION('',(1.,0.,0.));
#2751 = ORIENTED_EDGE('',*,*,#2752,.T.);
#2752 = EDGE_CURVE('',#2745,#2714,#2753,.T.);
#2753 = LINE('',#2754,#2755);
#2754 = CARTESIAN_POINT('',(-60.,30.,4.882842712475));
#2755 = VECTOR('',#2756,1.);
#2756 = DIRECTION('',(0.,2.02E-15,1.));
#2757 = ORIENTED_EDGE('',*,*,#2713,.T.);
#2758 = PLANE('',#2759);
#2759 = AXIS2_PLACEMENT_3D('',#2760,#2761,#2762);
#2760 = CARTESIAN_POINT('',(-60.,30.,4.882842712475));
#2761 = DIRECTION('',(0.,1.,-2.02E-15));
#2762 = DIRECTION('',(0.,2.02E-15,1.));
#2763 = ADVANCED_FACE('',(#2764),#2791,.T.);
#2764 = FACE_BOUND('',#2765,.T.);
#2765 = EDGE_LOOP('',(#2766,#2775,#2783,#2790));
#2766 = ORIENTED_EDGE('',*,*,#2767,.F.);
#2767 = EDGE_CURVE('',#2768,#2737,#2770,.T.);
#2768 = VERTEX_POINT('',#2769);
#2769 = CARTESIAN_POINT('',(290.,29.941421356237,4.741421356237));
#2770 = CIRCLE('',#2771,0.2);
#2771 = AXIS2_PLACEMENT_3D('',#2772,#2773,#2774);
#2772 = CARTESIAN_POINT('',(290.,29.8,4.882842712475));
#2773 = DIRECTION('',(1.,0.,0.));
#2774 = DIRECTION('',(0.,0.,-1.));
#2775 = ORIENTED_EDGE('',*,*,#2776,.F.);
#2776 = EDGE_CURVE('',#2777,#2768,#2779,.T.);
#2777 = VERTEX_POINT('',#2778);
#2778 = CARTESIAN_POINT('',(-60.,29.941421356237,4.741421356237));
#2779 = LINE('',#2780,#2781);
#2780 = CARTESIAN_POINT('',(-60.,29.941421356237,4.741421356237));
#2781 = VECTOR('',#2782,1.);
#2782 = DIRECTION('',(1.,0.,0.));
#2783 = ORIENTED_EDGE('',*,*,#2784,.T.);
#2784 = EDGE_CURVE('',#2777,#2745,#2785,.T.);
#2785 = CIRCLE('',#2786,0.2);
#2786 = AXIS2_PLACEMENT_3D('',#2787,#2788,#2789);
#2787 = CARTESIAN_POINT('',(-60.,29.8,4.882842712475));
#2788 = DIRECTION('',(1.,0.,0.));
#2789 = DIRECTION('',(0.,0.,-1.));
#2790 = ORIENTED_EDGE('',*,*,#2744,.T.);
#2791 = CYLINDRICAL_SURFACE('',#2792,0.2);
#2792 = AXIS2_PLACEMENT_3D('',#2793,#2794,#2795);
#2793 = CARTESIAN_POINT('',(-60.,29.8,4.882842712475));
#2794 = DIRECTION('',(1.,0.,0.));
#2795 = DIRECTION('',(0.,0.,-1.));
#2796 = ADVANCED_FACE('',(#2797),#2822,.T.);
#2797 = FACE_BOUND('',#2798,.T.);
#2798 = EDGE_LOOP('',(#2799,#2807,#2815,#2821));
#2799 = ORIENTED_EDGE('',*,*,#2800,.F.);
#2800 = EDGE_CURVE('',#2801,#2768,#2803,.T.);
#2801 = VERTEX_POINT('',#2802);
#2802 = CARTESIAN_POINT('',(290.,28.541421356237,3.341421356237));
#2803 = LINE('',#2804,#2805);
#2804 = CARTESIAN_POINT('',(290.,28.541421356237,3.341421356237));
#2805 = VECTOR('',#2806,1.);
#2806 = DIRECTION('',(0.,0.707106781187,0.707106781187));
#2807 = ORIENTED_EDGE('',*,*,#2808,.F.);
#2808 = EDGE_CURVE('',#2809,#2801,#2811,.T.);
#2809 = VERTEX_POINT('',#2810);
#2810 = CARTESIAN_POINT('',(-60.,28.541421356237,3.341421356237));
#2811 = LINE('',#2812,#2813);
#2812 = CARTESIAN_POINT('',(-60.,28.541421356237,3.341421356237));
#2813 = VECTOR('',#2814,1.);
#2814 = DIRECTION('',(1.,0.,0.));
#2815 = ORIENTED_EDGE('',*,*,#2816,.T.);
#2816 = EDGE_CURVE('',#2809,#2777,#2817,.T.);
#2817 = LINE('',#2818,#2819);
#2818 = CARTESIAN_POINT('',(-60.,28.541421356237,3.341421356237));
#2819 = VECTOR('',#2820,1.);
#2820 = DIRECTION('',(0.,0.707106781187,0.707106781187));
#2821 = ORIENTED_EDGE('',*,*,#2776,.T.);
#2822 = PLANE('',#2823);
#2823 = AXIS2_PLACEMENT_3D('',#2824,#2825,#2826);
#2824 = CARTESIAN_POINT('',(-60.,28.541421356237,3.341421356237));
#2825 = DIRECTION('',(0.,0.707106781187,-0.707106781187));
#2826 = DIRECTION('',(0.,0.707106781187,0.707106781187));
#2827 = ADVANCED_FACE('',(#2828),#2846,.T.);
#2828 = FACE_BOUND('',#2829,.T.);
#2829 = EDGE_LOOP('',(#2830,#2831,#2838,#2839));
#2830 = ORIENTED_EDGE('',*,*,#1178,.F.);
#2831 = ORIENTED_EDGE('',*,*,#2832,.T.);
#2832 = EDGE_CURVE('',#1170,#2809,#2833,.T.);
#2833 = CIRCLE('',#2834,0.2);
#2834 = AXIS2_PLACEMENT_3D('',#2835,#2836,#2837);
#2835 = CARTESIAN_POINT('',(-60.,28.4,3.482842712475));
#2836 = DIRECTION('',(1.,0.,0.));
#2837 = DIRECTION('',(0.,0.,-1.));
#2838 = ORIENTED_EDGE('',*,*,#2808,.T.);
#2839 = ORIENTED_EDGE('',*,*,#2840,.F.);
#2840 = EDGE_CURVE('',#1179,#2801,#2841,.T.);
#2841 = CIRCLE('',#2842,0.2);
#2842 = AXIS2_PLACEMENT_3D('',#2843,#2844,#2845);
#2843 = CARTESIAN_POINT('',(290.,28.4,3.482842712475));
#2844 = DIRECTION('',(1.,0.,0.));
#2845 = DIRECTION('',(0.,0.,-1.));
#2846 = CYLINDRICAL_SURFACE('',#2847,0.2);
#2847 = AXIS2_PLACEMENT_3D('',#2848,#2849,#2850);
#2848 = CARTESIAN_POINT('',(-60.,28.4,3.482842712475));
#2849 = DIRECTION('',(1.,0.,0.));
#2850 = DIRECTION('',(0.,0.,-1.));
#2851 = ADVANCED_FACE('',(#2852),#2877,.T.);
#2852 = FACE_BOUND('',#2853,.T.);
#2853 = EDGE_LOOP('',(#2854,#2862,#2870,#2876));
#2854 = ORIENTED_EDGE('',*,*,#2855,.F.);
#2855 = EDGE_CURVE('',#2856,#1187,#2858,.T.);
#2856 = VERTEX_POINT('',#2857);
#2857 = CARTESIAN_POINT('',(290.,28.2,5.210050506339));
#2858 = LINE('',#2859,#2860);
#2859 = CARTESIAN_POINT('',(290.,28.2,5.210050506339));
#2860 = VECTOR('',#2861,1.);
#2861 = DIRECTION('',(0.,4.02E-15,-1.));
#2862 = ORIENTED_EDGE('',*,*,#2863,.F.);
#2863 = EDGE_CURVE('',#2864,#2856,#2866,.T.);
#2864 = VERTEX_POINT('',#2865);
#2865 = CARTESIAN_POINT('',(-60.,28.2,5.210050506339));
#2866 = LINE('',#2867,#2868);
#2867 = CARTESIAN_POINT('',(-60.,28.2,5.210050506339));
#2868 = VECTOR('',#2869,1.);
#2869 = DIRECTION('',(1.,0.,0.));
#2870 = ORIENTED_EDGE('',*,*,#2871,.T.);
#2871 = EDGE_CURVE('',#2864,#1168,#2872,.T.);
#2872 = LINE('',#2873,#2874);
#2873 = CARTESIAN_POINT('',(-60.,28.2,5.210050506339));
#2874 = VECTOR('',#2875,1.);
#2875 = DIRECTION('',(0.,4.02E-15,-1.));
#2876 = ORIENTED_EDGE('',*,*,#1195,.T.);
#2877 = PLANE('',#2878);
#2878 = AXIS2_PLACEMENT_3D('',#2879,#2880,#2881);
#2879 = CARTESIAN_POINT('',(-60.,28.2,5.210050506339));
#2880 = DIRECTION('',(0.,-1.,-4.02E-15));
#2881 = DIRECTION('',(0.,4.02E-15,-1.));
#2882 = ADVANCED_FACE('',(#2883),#2908,.T.);
#2883 = FACE_BOUND('',#2884,.T.);
#2884 = EDGE_LOOP('',(#2885,#2893,#2901,#2907));
#2885 = ORIENTED_EDGE('',*,*,#2886,.F.);
#2886 = EDGE_CURVE('',#2887,#2856,#2889,.T.);
#2887 = VERTEX_POINT('',#2888);
#2888 = CARTESIAN_POINT('',(290.,26.2,5.210050506339));
#2889 = LINE('',#2890,#2891);
#2890 = CARTESIAN_POINT('',(290.,26.2,5.210050506339));
#2891 = VECTOR('',#2892,1.);
#2892 = DIRECTION('',(0.,1.,-4.3E-16));
#2893 = ORIENTED_EDGE('',*,*,#2894,.F.);
#2894 = EDGE_CURVE('',#2895,#2887,#2897,.T.);
#2895 = VERTEX_POINT('',#2896);
#2896 = CARTESIAN_POINT('',(-60.,26.2,5.210050506339));
#2897 = LINE('',#2898,#2899);
#2898 = CARTESIAN_POINT('',(-60.,26.2,5.210050506339));
#2899 = VECTOR('',#2900,1.);
#2900 = DIRECTION('',(1.,0.,0.));
#2901 = ORIENTED_EDGE('',*,*,#2902,.T.);
#2902 = EDGE_CURVE('',#2895,#2864,#2903,.T.);
#2903 = LINE('',#2904,#2905);
#2904 = CARTESIAN_POINT('',(-60.,26.2,5.210050506339));
#2905 = VECTOR('',#2906,1.);
#2906 = DIRECTION('',(0.,1.,-4.3E-16));
#2907 = ORIENTED_EDGE('',*,*,#2863,.T.);
#2908 = PLANE('',#2909);
#2909 = AXIS2_PLACEMENT_3D('',#2910,#2911,#2912);
#2910 = CARTESIAN_POINT('',(-60.,26.2,5.210050506339));
#2911 = DIRECTION('',(0.,-4.3E-16,-1.));
#2912 = DIRECTION('',(0.,1.,-4.3E-16));
#2913 = ADVANCED_FACE('',(#2914),#2939,.T.);
#2914 = FACE_BOUND('',#2915,.T.);
#2915 = EDGE_LOOP('',(#2916,#2924,#2932,#2938));
#2916 = ORIENTED_EDGE('',*,*,#2917,.F.);
#2917 = EDGE_CURVE('',#2918,#2887,#2920,.T.);
#2918 = VERTEX_POINT('',#2919);
#2919 = CARTESIAN_POINT('',(290.,24.,3.010050506339));
#2920 = LINE('',#2921,#2922);
#2921 = CARTESIAN_POINT('',(290.,24.,3.010050506339));
#2922 = VECTOR('',#2923,1.);
#2923 = DIRECTION('',(0.,0.707106781187,0.707106781187));
#2924 = ORIENTED_EDGE('',*,*,#2925,.F.);
#2925 = EDGE_CURVE('',#2926,#2918,#2928,.T.);
#2926 = VERTEX_POINT('',#2927);
#2927 = CARTESIAN_POINT('',(-60.,24.,3.010050506339));
#2928 = LINE('',#2929,#2930);
#2929 = CARTESIAN_POINT('',(-60.,24.,3.010050506339));
#2930 = VECTOR('',#2931,1.);
#2931 = DIRECTION('',(1.,0.,0.));
#2932 = ORIENTED_EDGE('',*,*,#2933,.T.);
#2933 = EDGE_CURVE('',#2926,#2895,#2934,.T.);
#2934 = LINE('',#2935,#2936);
#2935 = CARTESIAN_POINT('',(-60.,24.,3.010050506339));
#2936 = VECTOR('',#2937,1.);
#2937 = DIRECTION('',(0.,0.707106781187,0.707106781187));
#2938 = ORIENTED_EDGE('',*,*,#2894,.T.);
#2939 = PLANE('',#2940);
#2940 = AXIS2_PLACEMENT_3D('',#2941,#2942,#2943);
#2941 = CARTESIAN_POINT('',(-60.,24.,3.010050506339));
#2942 = DIRECTION('',(0.,0.707106781187,-0.707106781187));
#2943 = DIRECTION('',(0.,0.707106781187,0.707106781187));
#2944 = ADVANCED_FACE('',(#2945),#2970,.T.);
#2945 = FACE_BOUND('',#2946,.T.);
#2946 = EDGE_LOOP('',(#2947,#2955,#2963,#2969));
#2947 = ORIENTED_EDGE('',*,*,#2948,.F.);
#2948 = EDGE_CURVE('',#2949,#2918,#2951,.T.);
#2949 = VERTEX_POINT('',#2950);
#2950 = CARTESIAN_POINT('',(290.,24.,0.5));
#2951 = LINE('',#2952,#2953);
#2952 = CARTESIAN_POINT('',(290.,24.,0.5));
#2953 = VECTOR('',#2954,1.);
#2954 = DIRECTION('',(0.,0.,1.));
#2955 = ORIENTED_EDGE('',*,*,#2956,.F.);
#2956 = EDGE_CURVE('',#2957,#2949,#2959,.T.);
#2957 = VERTEX_POINT('',#2958);
#2958 = CARTESIAN_POINT('',(-60.,24.,0.5));
#2959 = LINE('',#2960,#2961);
#2960 = CARTESIAN_POINT('',(-60.,24.,0.5));
#2961 = VECTOR('',#2962,1.);
#2962 = DIRECTION('',(1.,0.,0.));
#2963 = ORIENTED_EDGE('',*,*,#2964,.T.);
#2964 = EDGE_CURVE('',#2957,#2926,#2965,.T.);
#2965 = LINE('',#2966,#2967);
#2966 = CARTESIAN_POINT('',(-60.,24.,0.5));
#2967 = VECTOR('',#2968,1.);
#2968 = DIRECTION('',(0.,0.,1.));
#2969 = ORIENTED_EDGE('',*,*,#2925,.T.);
#2970 = PLANE('',#2971);
#2971 = AXIS2_PLACEMENT_3D('',#2972,#2973,#2974);
#2972 = CARTESIAN_POINT('',(-60.,24.,0.5));
#2973 = DIRECTION('',(0.,1.,0.));
#2974 = DIRECTION('',(0.,-0.,1.));
#2975 = ADVANCED_FACE('',(#2976),#3001,.T.);
#2976 = FACE_BOUND('',#2977,.T.);
#2977 = EDGE_LOOP('',(#2978,#2986,#2994,#3000));
#2978 = ORIENTED_EDGE('',*,*,#2979,.F.);
#2979 = EDGE_CURVE('',#2980,#2949,#2982,.T.);
#2980 = VERTEX_POINT('',#2981);
#2981 = CARTESIAN_POINT('',(290.,23.5,-2.2E-14));
#2982 = LINE('',#2983,#2984);
#2983 = CARTESIAN_POINT('',(290.,23.5,-2.15E-14));
#2984 = VECTOR('',#2985,1.);
#2985 = DIRECTION('',(0.,0.707106781187,0.707106781187));
#2986 = ORIENTED_EDGE('',*,*,#2987,.F.);
#2987 = EDGE_CURVE('',#2988,#2980,#2990,.T.);
#2988 = VERTEX_POINT('',#2989);
#2989 = CARTESIAN_POINT('',(-60.,23.5,-2.2E-14));
#2990 = LINE('',#2991,#2992);
#2991 = CARTESIAN_POINT('',(-60.,23.5,-2.15E-14));
#2992 = VECTOR('',#2993,1.);
#2993 = DIRECTION('',(1.,0.,0.));
#2994 = ORIENTED_EDGE('',*,*,#2995,.T.);
#2995 = EDGE_CURVE('',#2988,#2957,#2996,.T.);
#2996 = LINE('',#2997,#2998);
#2997 = CARTESIAN_POINT('',(-60.,23.5,-2.15E-14));
#2998 = VECTOR('',#2999,1.);
#2999 = DIRECTION('',(0.,0.707106781187,0.707106781187));
#3000 = ORIENTED_EDGE('',*,*,#2956,.T.);
#3001 = PLANE('',#3002);
#3002 = AXIS2_PLACEMENT_3D('',#3003,#3004,#3005);
#3003 = CARTESIAN_POINT('',(-60.,23.5,-2.15E-14));
#3004 = DIRECTION('',(0.,0.707106781187,-0.707106781187));
#3005 = DIRECTION('',(0.,0.707106781187,0.707106781187));
#3006 = ADVANCED_FACE('',(#3007),#3032,.T.);
#3007 = FACE_BOUND('',#3008,.T.);
#3008 = EDGE_LOOP('',(#3009,#3017,#3025,#3031));
#3009 = ORIENTED_EDGE('',*,*,#3010,.F.);
#3010 = EDGE_CURVE('',#3011,#2980,#3013,.T.);
#3011 = VERTEX_POINT('',#3012);
#3012 = CARTESIAN_POINT('',(290.,24.,-0.5));
#3013 = LINE('',#3014,#3015);
#3014 = CARTESIAN_POINT('',(290.,24.,-0.5));
#3015 = VECTOR('',#3016,1.);
#3016 = DIRECTION('',(0.,-0.707106781187,0.707106781187));
#3017 = ORIENTED_EDGE('',*,*,#3018,.F.);
#3018 = EDGE_CURVE('',#3019,#3011,#3021,.T.);
#3019 = VERTEX_POINT('',#3020);
#3020 = CARTESIAN_POINT('',(-60.,24.,-0.5));
#3021 = LINE('',#3022,#3023);
#3022 = CARTESIAN_POINT('',(-60.,24.,-0.5));
#3023 = VECTOR('',#3024,1.);
#3024 = DIRECTION('',(1.,0.,0.));
#3025 = ORIENTED_EDGE('',*,*,#3026,.T.);
#3026 = EDGE_CURVE('',#3019,#2988,#3027,.T.);
#3027 = LINE('',#3028,#3029);
#3028 = CARTESIAN_POINT('',(-60.,24.,-0.5));
#3029 = VECTOR('',#3030,1.);
#3030 = DIRECTION('',(0.,-0.707106781187,0.707106781187));
#3031 = ORIENTED_EDGE('',*,*,#2987,.T.);
#3032 = PLANE('',#3033);
#3033 = AXIS2_PLACEMENT_3D('',#3034,#3035,#3036);
#3034 = CARTESIAN_POINT('',(-60.,24.,-0.5));
#3035 = DIRECTION('',(-0.,0.707106781187,0.707106781187));
#3036 = DIRECTION('',(0.,-0.707106781187,0.707106781187));
#3037 = ADVANCED_FACE('',(#3038),#3063,.T.);
#3038 = FACE_BOUND('',#3039,.T.);
#3039 = EDGE_LOOP('',(#3040,#3048,#3056,#3062));
#3040 = ORIENTED_EDGE('',*,*,#3041,.F.);
#3041 = EDGE_CURVE('',#3042,#3011,#3044,.T.);
#3042 = VERTEX_POINT('',#3043);
#3043 = CARTESIAN_POINT('',(290.,24.,-3.010050506339));
#3044 = LINE('',#3045,#3046);
#3045 = CARTESIAN_POINT('',(290.,24.,-3.010050506339));
#3046 = VECTOR('',#3047,1.);
#3047 = DIRECTION('',(0.,0.,1.));
#3048 = ORIENTED_EDGE('',*,*,#3049,.F.);
#3049 = EDGE_CURVE('',#3050,#3042,#3052,.T.);
#3050 = VERTEX_POINT('',#3051);
#3051 = CARTESIAN_POINT('',(-60.,24.,-3.010050506339));
#3052 = LINE('',#3053,#3054);
#3053 = CARTESIAN_POINT('',(-60.,24.,-3.010050506339));
#3054 = VECTOR('',#3055,1.);
#3055 = DIRECTION('',(1.,0.,0.));
#3056 = ORIENTED_EDGE('',*,*,#3057,.T.);
#3057 = EDGE_CURVE('',#3050,#3019,#3058,.T.);
#3058 = LINE('',#3059,#3060);
#3059 = CARTESIAN_POINT('',(-60.,24.,-3.010050506339));
#3060 = VECTOR('',#3061,1.);
#3061 = DIRECTION('',(0.,0.,1.));
#3062 = ORIENTED_EDGE('',*,*,#3018,.T.);
#3063 = PLANE('',#3064);
#3064 = AXIS2_PLACEMENT_3D('',#3065,#3066,#3067);
#3065 = CARTESIAN_POINT('',(-60.,24.,-3.010050506339));
#3066 = DIRECTION('',(0.,1.,0.));
#3067 = DIRECTION('',(0.,-0.,1.));
#3068 = ADVANCED_FACE('',(#3069),#3094,.T.);
#3069 = FACE_BOUND('',#3070,.T.);
#3070 = EDGE_LOOP('',(#3071,#3079,#3087,#3093));
#3071 = ORIENTED_EDGE('',*,*,#3072,.F.);
#3072 = EDGE_CURVE('',#3073,#3042,#3075,.T.);
#3073 = VERTEX_POINT('',#3074);
#3074 = CARTESIAN_POINT('',(290.,26.2,-5.210050506339));
#3075 = LINE('',#3076,#3077);
#3076 = CARTESIAN_POINT('',(290.,26.2,-5.210050506339));
#3077 = VECTOR('',#3078,1.);
#3078 = DIRECTION('',(0.,-0.707106781187,0.707106781187));
#3079 = ORIENTED_EDGE('',*,*,#3080,.F.);
#3080 = EDGE_CURVE('',#3081,#3073,#3083,.T.);
#3081 = VERTEX_POINT('',#3082);
#3082 = CARTESIAN_POINT('',(-60.,26.2,-5.210050506339));
#3083 = LINE('',#3084,#3085);
#3084 = CARTESIAN_POINT('',(-60.,26.2,-5.210050506339));
#3085 = VECTOR('',#3086,1.);
#3086 = DIRECTION('',(1.,0.,0.));
#3087 = ORIENTED_EDGE('',*,*,#3088,.T.);
#3088 = EDGE_CURVE('',#3081,#3050,#3089,.T.);
#3089 = LINE('',#3090,#3091);
#3090 = CARTESIAN_POINT('',(-60.,26.2,-5.210050506339));
#3091 = VECTOR('',#3092,1.);
#3092 = DIRECTION('',(0.,-0.707106781187,0.707106781187));
#3093 = ORIENTED_EDGE('',*,*,#3049,.T.);
#3094 = PLANE('',#3095);
#3095 = AXIS2_PLACEMENT_3D('',#3096,#3097,#3098);
#3096 = CARTESIAN_POINT('',(-60.,26.2,-5.210050506339));
#3097 = DIRECTION('',(-0.,0.707106781187,0.707106781187));
#3098 = DIRECTION('',(0.,-0.707106781187,0.707106781187));
#3099 = ADVANCED_FACE('',(#3100),#3125,.T.);
#3100 = FACE_BOUND('',#3101,.T.);
#3101 = EDGE_LOOP('',(#3102,#3110,#3118,#3124));
#3102 = ORIENTED_EDGE('',*,*,#3103,.F.);
#3103 = EDGE_CURVE('',#3104,#3073,#3106,.T.);
#3104 = VERTEX_POINT('',#3105);
#3105 = CARTESIAN_POINT('',(290.,28.2,-5.210050506339));
#3106 = LINE('',#3107,#3108);
#3107 = CARTESIAN_POINT('',(290.,28.2,-5.210050506339));
#3108 = VECTOR('',#3109,1.);
#3109 = DIRECTION('',(0.,-1.,0.));
#3110 = ORIENTED_EDGE('',*,*,#3111,.F.);
#3111 = EDGE_CURVE('',#3112,#3104,#3114,.T.);
#3112 = VERTEX_POINT('',#3113);
#3113 = CARTESIAN_POINT('',(-60.,28.2,-5.210050506339));
#3114 = LINE('',#3115,#3116);
#3115 = CARTESIAN_POINT('',(-60.,28.2,-5.210050506339));
#3116 = VECTOR('',#3117,1.);
#3117 = DIRECTION('',(1.,0.,0.));
#3118 = ORIENTED_EDGE('',*,*,#3119,.T.);
#3119 = EDGE_CURVE('',#3112,#3081,#3120,.T.);
#3120 = LINE('',#3121,#3122);
#3121 = CARTESIAN_POINT('',(-60.,28.2,-5.210050506339));
#3122 = VECTOR('',#3123,1.);
#3123 = DIRECTION('',(0.,-1.,0.));
#3124 = ORIENTED_EDGE('',*,*,#3080,.T.);
#3125 = PLANE('',#3126);
#3126 = AXIS2_PLACEMENT_3D('',#3127,#3128,#3129);
#3127 = CARTESIAN_POINT('',(-60.,28.2,-5.210050506339));
#3128 = DIRECTION('',(-0.,0.,1.));
#3129 = DIRECTION('',(1.,0.,0.));
#3130 = ADVANCED_FACE('',(#3131),#3156,.T.);
#3131 = FACE_BOUND('',#3132,.T.);
#3132 = EDGE_LOOP('',(#3133,#3141,#3149,#3155));
#3133 = ORIENTED_EDGE('',*,*,#3134,.F.);
#3134 = EDGE_CURVE('',#3135,#3104,#3137,.T.);
#3135 = VERTEX_POINT('',#3136);
#3136 = CARTESIAN_POINT('',(290.,28.2,-3.482842712475));
#3137 = LINE('',#3138,#3139);
#3138 = CARTESIAN_POINT('',(290.,28.2,-3.482842712475));
#3139 = VECTOR('',#3140,1.);
#3140 = DIRECTION('',(0.,-2.01E-15,-1.));
#3141 = ORIENTED_EDGE('',*,*,#3142,.F.);
#3142 = EDGE_CURVE('',#3143,#3135,#3145,.T.);
#3143 = VERTEX_POINT('',#3144);
#3144 = CARTESIAN_POINT('',(-60.,28.2,-3.482842712475));
#3145 = LINE('',#3146,#3147);
#3146 = CARTESIAN_POINT('',(-60.,28.2,-3.482842712475));
#3147 = VECTOR('',#3148,1.);
#3148 = DIRECTION('',(1.,0.,0.));
#3149 = ORIENTED_EDGE('',*,*,#3150,.T.);
#3150 = EDGE_CURVE('',#3143,#3112,#3151,.T.);
#3151 = LINE('',#3152,#3153);
#3152 = CARTESIAN_POINT('',(-60.,28.2,-3.482842712475));
#3153 = VECTOR('',#3154,1.);
#3154 = DIRECTION('',(0.,-2.01E-15,-1.));
#3155 = ORIENTED_EDGE('',*,*,#3111,.T.);
#3156 = PLANE('',#3157);
#3157 = AXIS2_PLACEMENT_3D('',#3158,#3159,#3160);
#3158 = CARTESIAN_POINT('',(-60.,28.2,-3.482842712475));
#3159 = DIRECTION('',(0.,-1.,2.01E-15));
#3160 = DIRECTION('',(0.,-2.01E-15,-1.));
#3161 = ADVANCED_FACE('',(#3162),#3189,.T.);
#3162 = FACE_BOUND('',#3163,.T.);
#3163 = EDGE_LOOP('',(#3164,#3173,#3181,#3188));
#3164 = ORIENTED_EDGE('',*,*,#3165,.F.);
#3165 = EDGE_CURVE('',#3166,#3135,#3168,.T.);
#3166 = VERTEX_POINT('',#3167);
#3167 = CARTESIAN_POINT('',(290.,28.541421356237,-3.341421356237));
#3168 = CIRCLE('',#3169,0.2);
#3169 = AXIS2_PLACEMENT_3D('',#3170,#3171,#3172);
#3170 = CARTESIAN_POINT('',(290.,28.4,-3.482842712475));
#3171 = DIRECTION('',(1.,0.,0.));
#3172 = DIRECTION('',(0.,0.,-1.));
#3173 = ORIENTED_EDGE('',*,*,#3174,.F.);
#3174 = EDGE_CURVE('',#3175,#3166,#3177,.T.);
#3175 = VERTEX_POINT('',#3176);
#3176 = CARTESIAN_POINT('',(-60.,28.541421356237,-3.341421356237));
#3177 = LINE('',#3178,#3179);
#3178 = CARTESIAN_POINT('',(-60.,28.541421356237,-3.341421356237));
#3179 = VECTOR('',#3180,1.);
#3180 = DIRECTION('',(1.,0.,0.));
#3181 = ORIENTED_EDGE('',*,*,#3182,.T.);
#3182 = EDGE_CURVE('',#3175,#3143,#3183,.T.);
#3183 = CIRCLE('',#3184,0.2);
#3184 = AXIS2_PLACEMENT_3D('',#3185,#3186,#3187);
#3185 = CARTESIAN_POINT('',(-60.,28.4,-3.482842712475));
#3186 = DIRECTION('',(1.,0.,0.));
#3187 = DIRECTION('',(0.,0.,-1.));
#3188 = ORIENTED_EDGE('',*,*,#3142,.T.);
#3189 = CYLINDRICAL_SURFACE('',#3190,0.2);
#3190 = AXIS2_PLACEMENT_3D('',#3191,#3192,#3193);
#3191 = CARTESIAN_POINT('',(-60.,28.4,-3.482842712475));
#3192 = DIRECTION('',(1.,0.,0.));
#3193 = DIRECTION('',(0.,0.,-1.));
#3194 = ADVANCED_FACE('',(#3195),#3220,.T.);
#3195 = FACE_BOUND('',#3196,.T.);
#3196 = EDGE_LOOP('',(#3197,#3205,#3213,#3219));
#3197 = ORIENTED_EDGE('',*,*,#3198,.F.);
#3198 = EDGE_CURVE('',#3199,#3166,#3201,.T.);
#3199 = VERTEX_POINT('',#3200);
#3200 = CARTESIAN_POINT('',(290.,29.941421356237,-4.741421356237));
#3201 = LINE('',#3202,#3203);
#3202 = CARTESIAN_POINT('',(290.,29.941421356237,-4.741421356237));
#3203 = VECTOR('',#3204,1.);
#3204 = DIRECTION('',(0.,-0.707106781187,0.707106781187));
#3205 = ORIENTED_EDGE('',*,*,#3206,.F.);
#3206 = EDGE_CURVE('',#3207,#3199,#3209,.T.);
#3207 = VERTEX_POINT('',#3208);
#3208 = CARTESIAN_POINT('',(-60.,29.941421356237,-4.741421356237));
#3209 = LINE('',#3210,#3211);
#3210 = CARTESIAN_POINT('',(-60.,29.941421356237,-4.741421356237));
#3211 = VECTOR('',#3212,1.);
#3212 = DIRECTION('',(1.,0.,0.));
#3213 = ORIENTED_EDGE('',*,*,#3214,.T.);
#3214 = EDGE_CURVE('',#3207,#3175,#3215,.T.);
#3215 = LINE('',#3216,#3217);
#3216 = CARTESIAN_POINT('',(-60.,29.941421356237,-4.741421356237));
#3217 = VECTOR('',#3218,1.);
#3218 = DIRECTION('',(0.,-0.707106781187,0.707106781187));
#3219 = ORIENTED_EDGE('',*,*,#3174,.T.);
#3220 = PLANE('',#3221);
#3221 = AXIS2_PLACEMENT_3D('',#3222,#3223,#3224);
#3222 = CARTESIAN_POINT('',(-60.,29.941421356237,-4.741421356237));
#3223 = DIRECTION('',(-0.,0.707106781187,0.707106781187));
#3224 = DIRECTION('',(0.,-0.707106781187,0.707106781187));
#3225 = ADVANCED_FACE('',(#3226),#3253,.T.);
#3226 = FACE_BOUND('',#3227,.T.);
#3227 = EDGE_LOOP('',(#3228,#3237,#3245,#3252));
#3228 = ORIENTED_EDGE('',*,*,#3229,.F.);
#3229 = EDGE_CURVE('',#3230,#3199,#3232,.T.);
#3230 = VERTEX_POINT('',#3231);
#3231 = CARTESIAN_POINT('',(290.,30.,-4.882842712475));
#3232 = CIRCLE('',#3233,0.2);
#3233 = AXIS2_PLACEMENT_3D('',#3234,#3235,#3236);
#3234 = CARTESIAN_POINT('',(290.,29.8,-4.882842712475));
#3235 = DIRECTION('',(1.,0.,0.));
#3236 = DIRECTION('',(0.,0.,-1.));
#3237 = ORIENTED_EDGE('',*,*,#3238,.F.);
#3238 = EDGE_CURVE('',#3239,#3230,#3241,.T.);
#3239 = VERTEX_POINT('',#3240);
#3240 = CARTESIAN_POINT('',(-60.,30.,-4.882842712475));
#3241 = LINE('',#3242,#3243);
#3242 = CARTESIAN_POINT('',(-60.,30.,-4.882842712475));
#3243 = VECTOR('',#3244,1.);
#3244 = DIRECTION('',(1.,0.,0.));
#3245 = ORIENTED_EDGE('',*,*,#3246,.T.);
#3246 = EDGE_CURVE('',#3239,#3207,#3247,.T.);
#3247 = CIRCLE('',#3248,0.2);
#3248 = AXIS2_PLACEMENT_3D('',#3249,#3250,#3251);
#3249 = CARTESIAN_POINT('',(-60.,29.8,-4.882842712475));
#3250 = DIRECTION('',(1.,0.,0.));
#3251 = DIRECTION('',(0.,0.,-1.));
#3252 = ORIENTED_EDGE('',*,*,#3206,.T.);
#3253 = CYLINDRICAL_SURFACE('',#3254,0.2);
#3254 = AXIS2_PLACEMENT_3D('',#3255,#3256,#3257);
#3255 = CARTESIAN_POINT('',(-60.,29.8,-4.882842712475));
#3256 = DIRECTION('',(1.,0.,0.));
#3257 = DIRECTION('',(0.,0.,-1.));
#3258 = ADVANCED_FACE('',(#3259),#3284,.T.);
#3259 = FACE_BOUND('',#3260,.T.);
#3260 = EDGE_LOOP('',(#3261,#3269,#3277,#3283));
#3261 = ORIENTED_EDGE('',*,*,#3262,.F.);
#3262 = EDGE_CURVE('',#3263,#3230,#3265,.T.);
#3263 = VERTEX_POINT('',#3264);
#3264 = CARTESIAN_POINT('',(290.,30.,-9.8));
#3265 = LINE('',#3266,#3267);
#3266 = CARTESIAN_POINT('',(290.,30.,-9.8));
#3267 = VECTOR('',#3268,1.);
#3268 = DIRECTION('',(0.,7.1E-16,1.));
#3269 = ORIENTED_EDGE('',*,*,#3270,.F.);
#3270 = EDGE_CURVE('',#3271,#3263,#3273,.T.);
#3271 = VERTEX_POINT('',#3272);
#3272 = CARTESIAN_POINT('',(-60.,30.,-9.8));
#3273 = LINE('',#3274,#3275);
#3274 = CARTESIAN_POINT('',(-60.,30.,-9.8));
#3275 = VECTOR('',#3276,1.);
#3276 = DIRECTION('',(1.,0.,0.));
#3277 = ORIENTED_EDGE('',*,*,#3278,.T.);
#3278 = EDGE_CURVE('',#3271,#3239,#3279,.T.);
#3279 = LINE('',#3280,#3281);
#3280 = CARTESIAN_POINT('',(-60.,30.,-9.8));
#3281 = VECTOR('',#3282,1.);
#3282 = DIRECTION('',(0.,7.1E-16,1.));
#3283 = ORIENTED_EDGE('',*,*,#3238,.T.);
#3284 = PLANE('',#3285);
#3285 = AXIS2_PLACEMENT_3D('',#3286,#3287,#3288);
#3286 = CARTESIAN_POINT('',(-60.,30.,-9.8));
#3287 = DIRECTION('',(0.,1.,-7.1E-16));
#3288 = DIRECTION('',(0.,7.1E-16,1.));
#3289 = ADVANCED_FACE('',(#3290),#3317,.T.);
#3290 = FACE_BOUND('',#3291,.T.);
#3291 = EDGE_LOOP('',(#3292,#3301,#3309,#3316));
#3292 = ORIENTED_EDGE('',*,*,#3293,.F.);
#3293 = EDGE_CURVE('',#3294,#3263,#3296,.T.);
#3294 = VERTEX_POINT('',#3295);
#3295 = CARTESIAN_POINT('',(290.,29.8,-10.));
#3296 = CIRCLE('',#3297,0.2);
#3297 = AXIS2_PLACEMENT_3D('',#3298,#3299,#3300);
#3298 = CARTESIAN_POINT('',(290.,29.8,-9.8));
#3299 = DIRECTION('',(1.,0.,0.));
#3300 = DIRECTION('',(0.,0.,-1.));
#3301 = ORIENTED_EDGE('',*,*,#3302,.F.);
#3302 = EDGE_CURVE('',#3303,#3294,#3305,.T.);
#3303 = VERTEX_POINT('',#3304);
#3304 = CARTESIAN_POINT('',(-60.,29.8,-10.));
#3305 = LINE('',#3306,#3307);
#3306 = CARTESIAN_POINT('',(-60.,29.8,-10.));
#3307 = VECTOR('',#3308,1.);
#3308 = DIRECTION('',(1.,0.,0.));
#3309 = ORIENTED_EDGE('',*,*,#3310,.T.);
#3310 = EDGE_CURVE('',#3303,#3271,#3311,.T.);
#3311 = CIRCLE('',#3312,0.2);
#3312 = AXIS2_PLACEMENT_3D('',#3313,#3314,#3315);
#3313 = CARTESIAN_POINT('',(-60.,29.8,-9.8));
#3314 = DIRECTION('',(1.,0.,0.));
#3315 = DIRECTION('',(0.,0.,-1.));
#3316 = ORIENTED_EDGE('',*,*,#3270,.T.);
#3317 = CYLINDRICAL_SURFACE('',#3318,0.2);
#3318 = AXIS2_PLACEMENT_3D('',#3319,#3320,#3321);
#3319 = CARTESIAN_POINT('',(-60.,29.8,-9.8));
#3320 = DIRECTION('',(1.,0.,0.));
#3321 = DIRECTION('',(0.,0.,-1.));
#3322 = ADVANCED_FACE('',(#3323),#3348,.T.);
#3323 = FACE_BOUND('',#3324,.T.);
#3324 = EDGE_LOOP('',(#3325,#3333,#3341,#3347));
#3325 = ORIENTED_EDGE('',*,*,#3326,.F.);
#3326 = EDGE_CURVE('',#3327,#3294,#3329,.T.);
#3327 = VERTEX_POINT('',#3328);
#3328 = CARTESIAN_POINT('',(290.,24.882842712475,-10.));
#3329 = LINE('',#3330,#3331);
#3330 = CARTESIAN_POINT('',(290.,24.882842712475,-10.));
#3331 = VECTOR('',#3332,1.);
#3332 = DIRECTION('',(0.,1.,0.));
#3333 = ORIENTED_EDGE('',*,*,#3334,.F.);
#3334 = EDGE_CURVE('',#3335,#3327,#3337,.T.);
#3335 = VERTEX_POINT('',#3336);
#3336 = CARTESIAN_POINT('',(-60.,24.882842712475,-10.));
#3337 = LINE('',#3338,#3339);
#3338 = CARTESIAN_POINT('',(-60.,24.882842712475,-10.));
#3339 = VECTOR('',#3340,1.);
#3340 = DIRECTION('',(1.,0.,0.));
#3341 = ORIENTED_EDGE('',*,*,#3342,.T.);
#3342 = EDGE_CURVE('',#3335,#3303,#3343,.T.);
#3343 = LINE('',#3344,#3345);
#3344 = CARTESIAN_POINT('',(-60.,24.882842712475,-10.));
#3345 = VECTOR('',#3346,1.);
#3346 = DIRECTION('',(0.,1.,0.));
#3347 = ORIENTED_EDGE('',*,*,#3302,.T.);
#3348 = PLANE('',#3349);
#3349 = AXIS2_PLACEMENT_3D('',#3350,#3351,#3352);
#3350 = CARTESIAN_POINT('',(-60.,24.882842712475,-10.));
#3351 = DIRECTION('',(0.,0.,-1.));
#3352 = DIRECTION('',(-1.,0.,-0.));
#3353 = ADVANCED_FACE('',(#3354),#3381,.T.);
#3354 = FACE_BOUND('',#3355,.T.);
#3355 = EDGE_LOOP('',(#3356,#3365,#3373,#3380));
#3356 = ORIENTED_EDGE('',*,*,#3357,.F.);
#3357 = EDGE_CURVE('',#3358,#3327,#3360,.T.);
#3358 = VERTEX_POINT('',#3359);
#3359 = CARTESIAN_POINT('',(290.,24.741421356237,-9.941421356237));
#3360 = CIRCLE('',#3361,0.2);
#3361 = AXIS2_PLACEMENT_3D('',#3362,#3363,#3364);
#3362 = CARTESIAN_POINT('',(290.,24.882842712475,-9.8));
#3363 = DIRECTION('',(1.,0.,0.));
#3364 = DIRECTION('',(0.,0.,-1.));
#3365 = ORIENTED_EDGE('',*,*,#3366,.F.);
#3366 = EDGE_CURVE('',#3367,#3358,#3369,.T.);
#3367 = VERTEX_POINT('',#3368);
#3368 = CARTESIAN_POINT('',(-60.,24.741421356237,-9.941421356237));
#3369 = LINE('',#3370,#3371);
#3370 = CARTESIAN_POINT('',(-60.,24.741421356237,-9.941421356237));
#3371 = VECTOR('',#3372,1.);
#3372 = DIRECTION('',(1.,0.,0.));
#3373 = ORIENTED_EDGE('',*,*,#3374,.T.);
#3374 = EDGE_CURVE('',#3367,#3335,#3375,.T.);
#3375 = CIRCLE('',#3376,0.2);
#3376 = AXIS2_PLACEMENT_3D('',#3377,#3378,#3379);
#3377 = CARTESIAN_POINT('',(-60.,24.882842712475,-9.8));
#3378 = DIRECTION('',(1.,0.,0.));
#3379 = DIRECTION('',(0.,0.,-1.));
#3380 = ORIENTED_EDGE('',*,*,#3334,.T.);
#3381 = CYLINDRICAL_SURFACE('',#3382,0.2);
#3382 = AXIS2_PLACEMENT_3D('',#3383,#3384,#3385);
#3383 = CARTESIAN_POINT('',(-60.,24.882842712475,-9.8));
#3384 = DIRECTION('',(1.,0.,0.));
#3385 = DIRECTION('',(0.,0.,-1.));
#3386 = ADVANCED_FACE('',(#3387),#3412,.T.);
#3387 = FACE_BOUND('',#3388,.T.);
#3388 = EDGE_LOOP('',(#3389,#3397,#3405,#3411));
#3389 = ORIENTED_EDGE('',*,*,#3390,.F.);
#3390 = EDGE_CURVE('',#3391,#3358,#3393,.T.);
#3391 = VERTEX_POINT('',#3392);
#3392 = CARTESIAN_POINT('',(290.,23.341421356237,-8.541421356237));
#3393 = LINE('',#3394,#3395);
#3394 = CARTESIAN_POINT('',(290.,23.341421356237,-8.541421356237));
#3395 = VECTOR('',#3396,1.);
#3396 = DIRECTION('',(0.,0.707106781187,-0.707106781187));
#3397 = ORIENTED_EDGE('',*,*,#3398,.F.);
#3398 = EDGE_CURVE('',#3399,#3391,#3401,.T.);
#3399 = VERTEX_POINT('',#3400);
#3400 = CARTESIAN_POINT('',(-60.,23.341421356237,-8.541421356237));
#3401 = LINE('',#3402,#3403);
#3402 = CARTESIAN_POINT('',(-60.,23.341421356237,-8.541421356237));
#3403 = VECTOR('',#3404,1.);
#3404 = DIRECTION('',(1.,0.,0.));
#3405 = ORIENTED_EDGE('',*,*,#3406,.T.);
#3406 = EDGE_CURVE('',#3399,#3367,#3407,.T.);
#3407 = LINE('',#3408,#3409);
#3408 = CARTESIAN_POINT('',(-60.,23.341421356237,-8.541421356237));
#3409 = VECTOR('',#3410,1.);
#3410 = DIRECTION('',(0.,0.707106781187,-0.707106781187));
#3411 = ORIENTED_EDGE('',*,*,#3366,.T.);
#3412 = PLANE('',#3413);
#3413 = AXIS2_PLACEMENT_3D('',#3414,#3415,#3416);
#3414 = CARTESIAN_POINT('',(-60.,23.341421356237,-8.541421356237));
#3415 = DIRECTION('',(0.,-0.707106781187,-0.707106781187));
#3416 = DIRECTION('',(0.,0.707106781187,-0.707106781187));
#3417 = ADVANCED_FACE('',(#3418),#3445,.T.);
#3418 = FACE_BOUND('',#3419,.T.);
#3419 = EDGE_LOOP('',(#3420,#3429,#3437,#3444));
#3420 = ORIENTED_EDGE('',*,*,#3421,.F.);
#3421 = EDGE_CURVE('',#3422,#3391,#3424,.T.);
#3422 = VERTEX_POINT('',#3423);
#3423 = CARTESIAN_POINT('',(290.,23.482842712475,-8.2));
#3424 = CIRCLE('',#3425,0.2);
#3425 = AXIS2_PLACEMENT_3D('',#3426,#3427,#3428);
#3426 = CARTESIAN_POINT('',(290.,23.482842712475,-8.4));
#3427 = DIRECTION('',(1.,0.,0.));
#3428 = DIRECTION('',(0.,0.,-1.));
#3429 = ORIENTED_EDGE('',*,*,#3430,.F.);
#3430 = EDGE_CURVE('',#3431,#3422,#3433,.T.);
#3431 = VERTEX_POINT('',#3432);
#3432 = CARTESIAN_POINT('',(-60.,23.482842712475,-8.2));
#3433 = LINE('',#3434,#3435);
#3434 = CARTESIAN_POINT('',(-60.,23.482842712475,-8.2));
#3435 = VECTOR('',#3436,1.);
#3436 = DIRECTION('',(1.,0.,0.));
#3437 = ORIENTED_EDGE('',*,*,#3438,.T.);
#3438 = EDGE_CURVE('',#3431,#3399,#3439,.T.);
#3439 = CIRCLE('',#3440,0.2);
#3440 = AXIS2_PLACEMENT_3D('',#3441,#3442,#3443);
#3441 = CARTESIAN_POINT('',(-60.,23.482842712475,-8.4));
#3442 = DIRECTION('',(1.,0.,0.));
#3443 = DIRECTION('',(0.,0.,-1.));
#3444 = ORIENTED_EDGE('',*,*,#3398,.T.);
#3445 = CYLINDRICAL_SURFACE('',#3446,0.2);
#3446 = AXIS2_PLACEMENT_3D('',#3447,#3448,#3449);
#3447 = CARTESIAN_POINT('',(-60.,23.482842712475,-8.4));
#3448 = DIRECTION('',(1.,0.,0.));
#3449 = DIRECTION('',(0.,0.,-1.));
#3450 = ADVANCED_FACE('',(#3451),#3476,.T.);
#3451 = FACE_BOUND('',#3452,.T.);
#3452 = EDGE_LOOP('',(#3453,#3461,#3469,#3475));
#3453 = ORIENTED_EDGE('',*,*,#3454,.F.);
#3454 = EDGE_CURVE('',#3455,#3422,#3457,.T.);
#3455 = VERTEX_POINT('',#3456);
#3456 = CARTESIAN_POINT('',(290.,25.210050506339,-8.2));
#3457 = LINE('',#3458,#3459);
#3458 = CARTESIAN_POINT('',(290.,25.210050506339,-8.2));
#3459 = VECTOR('',#3460,1.);
#3460 = DIRECTION('',(0.,-1.,-1.E-15));
#3461 = ORIENTED_EDGE('',*,*,#3462,.F.);
#3462 = EDGE_CURVE('',#3463,#3455,#3465,.T.);
#3463 = VERTEX_POINT('',#3464);
#3464 = CARTESIAN_POINT('',(-60.,25.210050506339,-8.2));
#3465 = LINE('',#3466,#3467);
#3466 = CARTESIAN_POINT('',(-60.,25.210050506339,-8.2));
#3467 = VECTOR('',#3468,1.);
#3468 = DIRECTION('',(1.,0.,0.));
#3469 = ORIENTED_EDGE('',*,*,#3470,.T.);
#3470 = EDGE_CURVE('',#3463,#3431,#3471,.T.);
#3471 = LINE('',#3472,#3473);
#3472 = CARTESIAN_POINT('',(-60.,25.210050506339,-8.2));
#3473 = VECTOR('',#3474,1.);
#3474 = DIRECTION('',(0.,-1.,-1.E-15));
#3475 = ORIENTED_EDGE('',*,*,#3430,.T.);
#3476 = PLANE('',#3477);
#3477 = AXIS2_PLACEMENT_3D('',#3478,#3479,#3480);
#3478 = CARTESIAN_POINT('',(-60.,25.210050506339,-8.2));
#3479 = DIRECTION('',(0.,-1.E-15,1.));
#3480 = DIRECTION('',(0.,-1.,-1.E-15));
#3481 = ADVANCED_FACE('',(#3482),#3507,.T.);
#3482 = FACE_BOUND('',#3483,.T.);
#3483 = EDGE_LOOP('',(#3484,#3492,#3500,#3506));
#3484 = ORIENTED_EDGE('',*,*,#3485,.F.);
#3485 = EDGE_CURVE('',#3486,#3455,#3488,.T.);
#3486 = VERTEX_POINT('',#3487);
#3487 = CARTESIAN_POINT('',(290.,25.210050506339,-6.2));
#3488 = LINE('',#3489,#3490);
#3489 = CARTESIAN_POINT('',(290.,25.210050506339,-6.2));
#3490 = VECTOR('',#3491,1.);
#3491 = DIRECTION('',(0.,0.,-1.));
#3492 = ORIENTED_EDGE('',*,*,#3493,.F.);
#3493 = EDGE_CURVE('',#3494,#3486,#3496,.T.);
#3494 = VERTEX_POINT('',#3495);
#3495 = CARTESIAN_POINT('',(-60.,25.210050506339,-6.2));
#3496 = LINE('',#3497,#3498);
#3497 = CARTESIAN_POINT('',(-60.,25.210050506339,-6.2));
#3498 = VECTOR('',#3499,1.);
#3499 = DIRECTION('',(1.,0.,0.));
#3500 = ORIENTED_EDGE('',*,*,#3501,.T.);
#3501 = EDGE_CURVE('',#3494,#3463,#3502,.T.);
#3502 = LINE('',#3503,#3504);
#3503 = CARTESIAN_POINT('',(-60.,25.210050506339,-6.2));
#3504 = VECTOR('',#3505,1.);
#3505 = DIRECTION('',(0.,0.,-1.));
#3506 = ORIENTED_EDGE('',*,*,#3462,.T.);
#3507 = PLANE('',#3508);
#3508 = AXIS2_PLACEMENT_3D('',#3509,#3510,#3511);
#3509 = CARTESIAN_POINT('',(-60.,25.210050506339,-6.2));
#3510 = DIRECTION('',(0.,-1.,0.));
#3511 = DIRECTION('',(0.,-0.,-1.));
#3512 = ADVANCED_FACE('',(#3513),#3538,.T.);
#3513 = FACE_BOUND('',#3514,.T.);
#3514 = EDGE_LOOP('',(#3515,#3523,#3531,#3537));
#3515 = ORIENTED_EDGE('',*,*,#3516,.F.);
#3516 = EDGE_CURVE('',#3517,#3486,#3519,.T.);
#3517 = VERTEX_POINT('',#3518);
#3518 = CARTESIAN_POINT('',(290.,23.010050506339,-4.));
#3519 = LINE('',#3520,#3521);
#3520 = CARTESIAN_POINT('',(290.,23.010050506339,-4.));
#3521 = VECTOR('',#3522,1.);
#3522 = DIRECTION('',(0.,0.707106781187,-0.707106781187));
#3523 = ORIENTED_EDGE('',*,*,#3524,.F.);
#3524 = EDGE_CURVE('',#3525,#3517,#3527,.T.);
#3525 = VERTEX_POINT('',#3526);
#3526 = CARTESIAN_POINT('',(-60.,23.010050506339,-4.));
#3527 = LINE('',#3528,#3529);
#3528 = CARTESIAN_POINT('',(-60.,23.010050506339,-4.));
#3529 = VECTOR('',#3530,1.);
#3530 = DIRECTION('',(1.,0.,0.));
#3531 = ORIENTED_EDGE('',*,*,#3532,.T.);
#3532 = EDGE_CURVE('',#3525,#3494,#3533,.T.);
#3533 = LINE('',#3534,#3535);
#3534 = CARTESIAN_POINT('',(-60.,23.010050506339,-4.));
#3535 = VECTOR('',#3536,1.);
#3536 = DIRECTION('',(0.,0.707106781187,-0.707106781187));
#3537 = ORIENTED_EDGE('',*,*,#3493,.T.);
#3538 = PLANE('',#3539);
#3539 = AXIS2_PLACEMENT_3D('',#3540,#3541,#3542);
#3540 = CARTESIAN_POINT('',(-60.,23.010050506339,-4.));
#3541 = DIRECTION('',(0.,-0.707106781187,-0.707106781187));
#3542 = DIRECTION('',(0.,0.707106781187,-0.707106781187));
#3543 = ADVANCED_FACE('',(#3544),#3569,.T.);
#3544 = FACE_BOUND('',#3545,.T.);
#3545 = EDGE_LOOP('',(#3546,#3554,#3562,#3568));
#3546 = ORIENTED_EDGE('',*,*,#3547,.F.);
#3547 = EDGE_CURVE('',#3548,#3517,#3550,.T.);
#3548 = VERTEX_POINT('',#3549);
#3549 = CARTESIAN_POINT('',(290.,20.5,-4.));
#3550 = LINE('',#3551,#3552);
#3551 = CARTESIAN_POINT('',(290.,20.5,-4.));
#3552 = VECTOR('',#3553,1.);
#3553 = DIRECTION('',(0.,1.,6.9E-16));
#3554 = ORIENTED_EDGE('',*,*,#3555,.F.);
#3555 = EDGE_CURVE('',#3556,#3548,#3558,.T.);
#3556 = VERTEX_POINT('',#3557);
#3557 = CARTESIAN_POINT('',(-60.,20.5,-4.));
#3558 = LINE('',#3559,#3560);
#3559 = CARTESIAN_POINT('',(-60.,20.5,-4.));
#3560 = VECTOR('',#3561,1.);
#3561 = DIRECTION('',(1.,0.,0.));
#3562 = ORIENTED_EDGE('',*,*,#3563,.T.);
#3563 = EDGE_CURVE('',#3556,#3525,#3564,.T.);
#3564 = LINE('',#3565,#3566);
#3565 = CARTESIAN_POINT('',(-60.,20.5,-4.));
#3566 = VECTOR('',#3567,1.);
#3567 = DIRECTION('',(0.,1.,6.9E-16));
#3568 = ORIENTED_EDGE('',*,*,#3524,.T.);
#3569 = PLANE('',#3570);
#3570 = AXIS2_PLACEMENT_3D('',#3571,#3572,#3573);
#3571 = CARTESIAN_POINT('',(-60.,20.5,-4.));
#3572 = DIRECTION('',(0.,6.9E-16,-1.));
#3573 = DIRECTION('',(0.,1.,6.9E-16));
#3574 = ADVANCED_FACE('',(#3575),#3600,.T.);
#3575 = FACE_BOUND('',#3576,.T.);
#3576 = EDGE_LOOP('',(#3577,#3585,#3593,#3599));
#3577 = ORIENTED_EDGE('',*,*,#3578,.F.);
#3578 = EDGE_CURVE('',#3579,#3548,#3581,.T.);
#3579 = VERTEX_POINT('',#3580);
#3580 = CARTESIAN_POINT('',(290.,20.,-3.5));
#3581 = LINE('',#3582,#3583);
#3582 = CARTESIAN_POINT('',(290.,20.,-3.5));
#3583 = VECTOR('',#3584,1.);
#3584 = DIRECTION('',(0.,0.707106781187,-0.707106781187));
#3585 = ORIENTED_EDGE('',*,*,#3586,.F.);
#3586 = EDGE_CURVE('',#3587,#3579,#3589,.T.);
#3587 = VERTEX_POINT('',#3588);
#3588 = CARTESIAN_POINT('',(-60.,20.,-3.5));
#3589 = LINE('',#3590,#3591);
#3590 = CARTESIAN_POINT('',(-60.,20.,-3.5));
#3591 = VECTOR('',#3592,1.);
#3592 = DIRECTION('',(1.,0.,0.));
#3593 = ORIENTED_EDGE('',*,*,#3594,.T.);
#3594 = EDGE_CURVE('',#3587,#3556,#3595,.T.);
#3595 = LINE('',#3596,#3597);
#3596 = CARTESIAN_POINT('',(-60.,20.,-3.5));
#3597 = VECTOR('',#3598,1.);
#3598 = DIRECTION('',(0.,0.707106781187,-0.707106781187));
#3599 = ORIENTED_EDGE('',*,*,#3555,.T.);
#3600 = PLANE('',#3601);
#3601 = AXIS2_PLACEMENT_3D('',#3602,#3603,#3604);
#3602 = CARTESIAN_POINT('',(-60.,20.,-3.5));
#3603 = DIRECTION('',(0.,-0.707106781187,-0.707106781187));
#3604 = DIRECTION('',(0.,0.707106781187,-0.707106781187));
#3605 = ADVANCED_FACE('',(#3606),#3631,.T.);
#3606 = FACE_BOUND('',#3607,.T.);
#3607 = EDGE_LOOP('',(#3608,#3616,#3624,#3630));
#3608 = ORIENTED_EDGE('',*,*,#3609,.F.);
#3609 = EDGE_CURVE('',#3610,#3579,#3612,.T.);
#3610 = VERTEX_POINT('',#3611);
#3611 = CARTESIAN_POINT('',(290.,19.5,-4.));
#3612 = LINE('',#3613,#3614);
#3613 = CARTESIAN_POINT('',(290.,19.5,-4.));
#3614 = VECTOR('',#3615,1.);
#3615 = DIRECTION('',(0.,0.707106781187,0.707106781187));
#3616 = ORIENTED_EDGE('',*,*,#3617,.F.);
#3617 = EDGE_CURVE('',#3618,#3610,#3620,.T.);
#3618 = VERTEX_POINT('',#3619);
#3619 = CARTESIAN_POINT('',(-60.,19.5,-4.));
#3620 = LINE('',#3621,#3622);
#3621 = CARTESIAN_POINT('',(-60.,19.5,-4.));
#3622 = VECTOR('',#3623,1.);
#3623 = DIRECTION('',(1.,0.,0.));
#3624 = ORIENTED_EDGE('',*,*,#3625,.T.);
#3625 = EDGE_CURVE('',#3618,#3587,#3626,.T.);
#3626 = LINE('',#3627,#3628);
#3627 = CARTESIAN_POINT('',(-60.,19.5,-4.));
#3628 = VECTOR('',#3629,1.);
#3629 = DIRECTION('',(0.,0.707106781187,0.707106781187));
#3630 = ORIENTED_EDGE('',*,*,#3586,.T.);
#3631 = PLANE('',#3632);
#3632 = AXIS2_PLACEMENT_3D('',#3633,#3634,#3635);
#3633 = CARTESIAN_POINT('',(-60.,19.5,-4.));
#3634 = DIRECTION('',(0.,0.707106781187,-0.707106781187));
#3635 = DIRECTION('',(0.,0.707106781187,0.707106781187));
#3636 = ADVANCED_FACE('',(#3637),#3662,.T.);
#3637 = FACE_BOUND('',#3638,.T.);
#3638 = EDGE_LOOP('',(#3639,#3647,#3655,#3661));
#3639 = ORIENTED_EDGE('',*,*,#3640,.F.);
#3640 = EDGE_CURVE('',#3641,#3610,#3643,.T.);
#3641 = VERTEX_POINT('',#3642);
#3642 = CARTESIAN_POINT('',(290.,16.989949493661,-4.));
#3643 = LINE('',#3644,#3645);
#3644 = CARTESIAN_POINT('',(290.,16.989949493661,-4.));
#3645 = VECTOR('',#3646,1.);
#3646 = DIRECTION('',(0.,1.,-3.5E-16));
#3647 = ORIENTED_EDGE('',*,*,#3648,.F.);
#3648 = EDGE_CURVE('',#3649,#3641,#3651,.T.);
#3649 = VERTEX_POINT('',#3650);
#3650 = CARTESIAN_POINT('',(-60.,16.989949493661,-4.));
#3651 = LINE('',#3652,#3653);
#3652 = CARTESIAN_POINT('',(-60.,16.989949493661,-4.));
#3653 = VECTOR('',#3654,1.);
#3654 = DIRECTION('',(1.,0.,0.));
#3655 = ORIENTED_EDGE('',*,*,#3656,.T.);
#3656 = EDGE_CURVE('',#3649,#3618,#3657,.T.);
#3657 = LINE('',#3658,#3659);
#3658 = CARTESIAN_POINT('',(-60.,16.989949493661,-4.));
#3659 = VECTOR('',#3660,1.);
#3660 = DIRECTION('',(0.,1.,-3.5E-16));
#3661 = ORIENTED_EDGE('',*,*,#3617,.T.);
#3662 = PLANE('',#3663);
#3663 = AXIS2_PLACEMENT_3D('',#3664,#3665,#3666);
#3664 = CARTESIAN_POINT('',(-60.,16.989949493661,-4.));
#3665 = DIRECTION('',(0.,-3.5E-16,-1.));
#3666 = DIRECTION('',(0.,1.,-3.5E-16));
#3667 = ADVANCED_FACE('',(#3668),#3693,.T.);
#3668 = FACE_BOUND('',#3669,.T.);
#3669 = EDGE_LOOP('',(#3670,#3678,#3686,#3692));
#3670 = ORIENTED_EDGE('',*,*,#3671,.F.);
#3671 = EDGE_CURVE('',#3672,#3641,#3674,.T.);
#3672 = VERTEX_POINT('',#3673);
#3673 = CARTESIAN_POINT('',(290.,14.789949493661,-6.2));
#3674 = LINE('',#3675,#3676);
#3675 = CARTESIAN_POINT('',(290.,14.789949493661,-6.2));
#3676 = VECTOR('',#3677,1.);
#3677 = DIRECTION('',(0.,0.707106781187,0.707106781187));
#3678 = ORIENTED_EDGE('',*,*,#3679,.F.);
#3679 = EDGE_CURVE('',#3680,#3672,#3682,.T.);
#3680 = VERTEX_POINT('',#3681);
#3681 = CARTESIAN_POINT('',(-60.,14.789949493661,-6.2));
#3682 = LINE('',#3683,#3684);
#3683 = CARTESIAN_POINT('',(-60.,14.789949493661,-6.2));
#3684 = VECTOR('',#3685,1.);
#3685 = DIRECTION('',(1.,0.,0.));
#3686 = ORIENTED_EDGE('',*,*,#3687,.T.);
#3687 = EDGE_CURVE('',#3680,#3649,#3688,.T.);
#3688 = LINE('',#3689,#3690);
#3689 = CARTESIAN_POINT('',(-60.,14.789949493661,-6.2));
#3690 = VECTOR('',#3691,1.);
#3691 = DIRECTION('',(0.,0.707106781187,0.707106781187));
#3692 = ORIENTED_EDGE('',*,*,#3648,.T.);
#3693 = PLANE('',#3694);
#3694 = AXIS2_PLACEMENT_3D('',#3695,#3696,#3697);
#3695 = CARTESIAN_POINT('',(-60.,14.789949493661,-6.2));
#3696 = DIRECTION('',(0.,0.707106781187,-0.707106781187));
#3697 = DIRECTION('',(0.,0.707106781187,0.707106781187));
#3698 = ADVANCED_FACE('',(#3699),#3724,.T.);
#3699 = FACE_BOUND('',#3700,.T.);
#3700 = EDGE_LOOP('',(#3701,#3709,#3717,#3723));
#3701 = ORIENTED_EDGE('',*,*,#3702,.F.);
#3702 = EDGE_CURVE('',#3703,#3672,#3705,.T.);
#3703 = VERTEX_POINT('',#3704);
#3704 = CARTESIAN_POINT('',(290.,14.789949493661,-8.2));
#3705 = LINE('',#3706,#3707);
#3706 = CARTESIAN_POINT('',(290.,14.789949493661,-8.2));
#3707 = VECTOR('',#3708,1.);
#3708 = DIRECTION('',(0.,-8.7E-16,1.));
#3709 = ORIENTED_EDGE('',*,*,#3710,.F.);
#3710 = EDGE_CURVE('',#3711,#3703,#3713,.T.);
#3711 = VERTEX_POINT('',#3712);
#3712 = CARTESIAN_POINT('',(-60.,14.789949493661,-8.2));
#3713 = LINE('',#3714,#3715);
#3714 = CARTESIAN_POINT('',(-60.,14.789949493661,-8.2));
#3715 = VECTOR('',#3716,1.);
#3716 = DIRECTION('',(1.,0.,0.));
#3717 = ORIENTED_EDGE('',*,*,#3718,.T.);
#3718 = EDGE_CURVE('',#3711,#3680,#3719,.T.);
#3719 = LINE('',#3720,#3721);
#3720 = CARTESIAN_POINT('',(-60.,14.789949493661,-8.2));
#3721 = VECTOR('',#3722,1.);
#3722 = DIRECTION('',(0.,-8.7E-16,1.));
#3723 = ORIENTED_EDGE('',*,*,#3679,.T.);
#3724 = PLANE('',#3725);
#3725 = AXIS2_PLACEMENT_3D('',#3726,#3727,#3728);
#3726 = CARTESIAN_POINT('',(-60.,14.789949493661,-8.2));
#3727 = DIRECTION('',(-0.,1.,8.7E-16));
#3728 = DIRECTION('',(0.,-8.7E-16,1.));
#3729 = ADVANCED_FACE('',(#3730),#3755,.T.);
#3730 = FACE_BOUND('',#3731,.T.);
#3731 = EDGE_LOOP('',(#3732,#3740,#3748,#3754));
#3732 = ORIENTED_EDGE('',*,*,#3733,.F.);
#3733 = EDGE_CURVE('',#3734,#3703,#3736,.T.);
#3734 = VERTEX_POINT('',#3735);
#3735 = CARTESIAN_POINT('',(290.,16.517157287525,-8.2));
#3736 = LINE('',#3737,#3738);
#3737 = CARTESIAN_POINT('',(290.,16.517157287525,-8.2));
#3738 = VECTOR('',#3739,1.);
#3739 = DIRECTION('',(0.,-1.,0.));
#3740 = ORIENTED_EDGE('',*,*,#3741,.F.);
#3741 = EDGE_CURVE('',#3742,#3734,#3744,.T.);
#3742 = VERTEX_POINT('',#3743);
#3743 = CARTESIAN_POINT('',(-60.,16.517157287525,-8.2));
#3744 = LINE('',#3745,#3746);
#3745 = CARTESIAN_POINT('',(-60.,16.517157287525,-8.2));
#3746 = VECTOR('',#3747,1.);
#3747 = DIRECTION('',(1.,0.,0.));
#3748 = ORIENTED_EDGE('',*,*,#3749,.T.);
#3749 = EDGE_CURVE('',#3742,#3711,#3750,.T.);
#3750 = LINE('',#3751,#3752);
#3751 = CARTESIAN_POINT('',(-60.,16.517157287525,-8.2));
#3752 = VECTOR('',#3753,1.);
#3753 = DIRECTION('',(0.,-1.,0.));
#3754 = ORIENTED_EDGE('',*,*,#3710,.T.);
#3755 = PLANE('',#3756);
#3756 = AXIS2_PLACEMENT_3D('',#3757,#3758,#3759);
#3757 = CARTESIAN_POINT('',(-60.,16.517157287525,-8.2));
#3758 = DIRECTION('',(-0.,0.,1.));
#3759 = DIRECTION('',(1.,0.,0.));
#3760 = ADVANCED_FACE('',(#3761),#3788,.T.);
#3761 = FACE_BOUND('',#3762,.T.);
#3762 = EDGE_LOOP('',(#3763,#3772,#3780,#3787));
#3763 = ORIENTED_EDGE('',*,*,#3764,.F.);
#3764 = EDGE_CURVE('',#3765,#3734,#3767,.T.);
#3765 = VERTEX_POINT('',#3766);
#3766 = CARTESIAN_POINT('',(290.,16.658578643763,-8.541421356237));
#3767 = CIRCLE('',#3768,0.2);
#3768 = AXIS2_PLACEMENT_3D('',#3769,#3770,#3771);
#3769 = CARTESIAN_POINT('',(290.,16.517157287525,-8.4));
#3770 = DIRECTION('',(1.,0.,0.));
#3771 = DIRECTION('',(0.,0.,-1.));
#3772 = ORIENTED_EDGE('',*,*,#3773,.F.);
#3773 = EDGE_CURVE('',#3774,#3765,#3776,.T.);
#3774 = VERTEX_POINT('',#3775);
#3775 = CARTESIAN_POINT('',(-60.,16.658578643763,-8.541421356237));
#3776 = LINE('',#3777,#3778);
#3777 = CARTESIAN_POINT('',(-60.,16.658578643763,-8.541421356237));
#3778 = VECTOR('',#3779,1.);
#3779 = DIRECTION('',(1.,0.,0.));
#3780 = ORIENTED_EDGE('',*,*,#3781,.T.);
#3781 = EDGE_CURVE('',#3774,#3742,#3782,.T.);
#3782 = CIRCLE('',#3783,0.2);
#3783 = AXIS2_PLACEMENT_3D('',#3784,#3785,#3786);
#3784 = CARTESIAN_POINT('',(-60.,16.517157287525,-8.4));
#3785 = DIRECTION('',(1.,0.,0.));
#3786 = DIRECTION('',(0.,0.,-1.));
#3787 = ORIENTED_EDGE('',*,*,#3741,.T.);
#3788 = CYLINDRICAL_SURFACE('',#3789,0.2);
#3789 = AXIS2_PLACEMENT_3D('',#3790,#3791,#3792);
#3790 = CARTESIAN_POINT('',(-60.,16.517157287525,-8.4));
#3791 = DIRECTION('',(1.,0.,0.));
#3792 = DIRECTION('',(0.,0.,-1.));
#3793 = ADVANCED_FACE('',(#3794),#3819,.T.);
#3794 = FACE_BOUND('',#3795,.T.);
#3795 = EDGE_LOOP('',(#3796,#3804,#3812,#3818));
#3796 = ORIENTED_EDGE('',*,*,#3797,.F.);
#3797 = EDGE_CURVE('',#3798,#3765,#3800,.T.);
#3798 = VERTEX_POINT('',#3799);
#3799 = CARTESIAN_POINT('',(290.,15.258578643763,-9.941421356237));
#3800 = LINE('',#3801,#3802);
#3801 = CARTESIAN_POINT('',(290.,15.258578643763,-9.941421356237));
#3802 = VECTOR('',#3803,1.);
#3803 = DIRECTION('',(0.,0.707106781187,0.707106781187));
#3804 = ORIENTED_EDGE('',*,*,#3805,.F.);
#3805 = EDGE_CURVE('',#3806,#3798,#3808,.T.);
#3806 = VERTEX_POINT('',#3807);
#3807 = CARTESIAN_POINT('',(-60.,15.258578643763,-9.941421356237));
#3808 = LINE('',#3809,#3810);
#3809 = CARTESIAN_POINT('',(-60.,15.258578643763,-9.941421356237));
#3810 = VECTOR('',#3811,1.);
#3811 = DIRECTION('',(1.,0.,0.));
#3812 = ORIENTED_EDGE('',*,*,#3813,.T.);
#3813 = EDGE_CURVE('',#3806,#3774,#3814,.T.);
#3814 = LINE('',#3815,#3816);
#3815 = CARTESIAN_POINT('',(-60.,15.258578643763,-9.941421356237));
#3816 = VECTOR('',#3817,1.);
#3817 = DIRECTION('',(0.,0.707106781187,0.707106781187));
#3818 = ORIENTED_EDGE('',*,*,#3773,.T.);
#3819 = PLANE('',#3820);
#3820 = AXIS2_PLACEMENT_3D('',#3821,#3822,#3823);
#3821 = CARTESIAN_POINT('',(-60.,15.258578643763,-9.941421356237));
#3822 = DIRECTION('',(0.,0.707106781187,-0.707106781187));
#3823 = DIRECTION('',(0.,0.707106781187,0.707106781187));
#3824 = ADVANCED_FACE('',(#3825),#3852,.T.);
#3825 = FACE_BOUND('',#3826,.T.);
#3826 = EDGE_LOOP('',(#3827,#3836,#3844,#3851));
#3827 = ORIENTED_EDGE('',*,*,#3828,.F.);
#3828 = EDGE_CURVE('',#3829,#3798,#3831,.T.);
#3829 = VERTEX_POINT('',#3830);
#3830 = CARTESIAN_POINT('',(290.,15.117157287525,-10.));
#3831 = CIRCLE('',#3832,0.2);
#3832 = AXIS2_PLACEMENT_3D('',#3833,#3834,#3835);
#3833 = CARTESIAN_POINT('',(290.,15.117157287525,-9.8));
#3834 = DIRECTION('',(1.,0.,0.));
#3835 = DIRECTION('',(0.,0.,-1.));
#3836 = ORIENTED_EDGE('',*,*,#3837,.F.);
#3837 = EDGE_CURVE('',#3838,#3829,#3840,.T.);
#3838 = VERTEX_POINT('',#3839);
#3839 = CARTESIAN_POINT('',(-60.,15.117157287525,-10.));
#3840 = LINE('',#3841,#3842);
#3841 = CARTESIAN_POINT('',(-60.,15.117157287525,-10.));
#3842 = VECTOR('',#3843,1.);
#3843 = DIRECTION('',(1.,0.,0.));
#3844 = ORIENTED_EDGE('',*,*,#3845,.T.);
#3845 = EDGE_CURVE('',#3838,#3806,#3846,.T.);
#3846 = CIRCLE('',#3847,0.2);
#3847 = AXIS2_PLACEMENT_3D('',#3848,#3849,#3850);
#3848 = CARTESIAN_POINT('',(-60.,15.117157287525,-9.8));
#3849 = DIRECTION('',(1.,0.,0.));
#3850 = DIRECTION('',(0.,0.,-1.));
#3851 = ORIENTED_EDGE('',*,*,#3805,.T.);
#3852 = CYLINDRICAL_SURFACE('',#3853,0.2);
#3853 = AXIS2_PLACEMENT_3D('',#3854,#3855,#3856);
#3854 = CARTESIAN_POINT('',(-60.,15.117157287525,-9.8));
#3855 = DIRECTION('',(1.,0.,0.));
#3856 = DIRECTION('',(0.,0.,-1.));
#3857 = ADVANCED_FACE('',(#3858),#3883,.T.);
#3858 = FACE_BOUND('',#3859,.T.);
#3859 = EDGE_LOOP('',(#3860,#3868,#3876,#3882));
#3860 = ORIENTED_EDGE('',*,*,#3861,.F.);
#3861 = EDGE_CURVE('',#3862,#3829,#3864,.T.);
#3862 = VERTEX_POINT('',#3863);
#3863 = CARTESIAN_POINT('',(290.,4.882842712475,-10.));
#3864 = LINE('',#3865,#3866);
#3865 = CARTESIAN_POINT('',(290.,4.882842712475,-10.));
#3866 = VECTOR('',#3867,1.);
#3867 = DIRECTION('',(0.,1.,1.7E-16));
#3868 = ORIENTED_EDGE('',*,*,#3869,.F.);
#3869 = EDGE_CURVE('',#3870,#3862,#3872,.T.);
#3870 = VERTEX_POINT('',#3871);
#3871 = CARTESIAN_POINT('',(-60.,4.882842712475,-10.));
#3872 = LINE('',#3873,#3874);
#3873 = CARTESIAN_POINT('',(-60.,4.882842712475,-10.));
#3874 = VECTOR('',#3875,1.);
#3875 = DIRECTION('',(1.,0.,0.));
#3876 = ORIENTED_EDGE('',*,*,#3877,.T.);
#3877 = EDGE_CURVE('',#3870,#3838,#3878,.T.);
#3878 = LINE('',#3879,#3880);
#3879 = CARTESIAN_POINT('',(-60.,4.882842712475,-10.));
#3880 = VECTOR('',#3881,1.);
#3881 = DIRECTION('',(0.,1.,1.7E-16));
#3882 = ORIENTED_EDGE('',*,*,#3837,.T.);
#3883 = PLANE('',#3884);
#3884 = AXIS2_PLACEMENT_3D('',#3885,#3886,#3887);
#3885 = CARTESIAN_POINT('',(-60.,4.882842712475,-10.));
#3886 = DIRECTION('',(0.,1.7E-16,-1.));
#3887 = DIRECTION('',(0.,1.,1.7E-16));
#3888 = ADVANCED_FACE('',(#3889),#3916,.T.);
#3889 = FACE_BOUND('',#3890,.T.);
#3890 = EDGE_LOOP('',(#3891,#3900,#3908,#3915));
#3891 = ORIENTED_EDGE('',*,*,#3892,.F.);
#3892 = EDGE_CURVE('',#3893,#3862,#3895,.T.);
#3893 = VERTEX_POINT('',#3894);
#3894 = CARTESIAN_POINT('',(290.,4.741421356237,-9.941421356237));
#3895 = CIRCLE('',#3896,0.2);
#3896 = AXIS2_PLACEMENT_3D('',#3897,#3898,#3899);
#3897 = CARTESIAN_POINT('',(290.,4.882842712475,-9.8));
#3898 = DIRECTION('',(1.,0.,0.));
#3899 = DIRECTION('',(0.,0.,-1.));
#3900 = ORIENTED_EDGE('',*,*,#3901,.F.);
#3901 = EDGE_CURVE('',#3902,#3893,#3904,.T.);
#3902 = VERTEX_POINT('',#3903);
#3903 = CARTESIAN_POINT('',(-60.,4.741421356237,-9.941421356237));
#3904 = LINE('',#3905,#3906);
#3905 = CARTESIAN_POINT('',(-60.,4.741421356237,-9.941421356237));
#3906 = VECTOR('',#3907,1.);
#3907 = DIRECTION('',(1.,0.,0.));
#3908 = ORIENTED_EDGE('',*,*,#3909,.T.);
#3909 = EDGE_CURVE('',#3902,#3870,#3910,.T.);
#3910 = CIRCLE('',#3911,0.2);
#3911 = AXIS2_PLACEMENT_3D('',#3912,#3913,#3914);
#3912 = CARTESIAN_POINT('',(-60.,4.882842712475,-9.8));
#3913 = DIRECTION('',(1.,0.,0.));
#3914 = DIRECTION('',(0.,0.,-1.));
#3915 = ORIENTED_EDGE('',*,*,#3869,.T.);
#3916 = CYLINDRICAL_SURFACE('',#3917,0.2);
#3917 = AXIS2_PLACEMENT_3D('',#3918,#3919,#3920);
#3918 = CARTESIAN_POINT('',(-60.,4.882842712475,-9.8));
#3919 = DIRECTION('',(1.,0.,0.));
#3920 = DIRECTION('',(0.,0.,-1.));
#3921 = ADVANCED_FACE('',(#3922),#3947,.T.);
#3922 = FACE_BOUND('',#3923,.T.);
#3923 = EDGE_LOOP('',(#3924,#3932,#3940,#3946));
#3924 = ORIENTED_EDGE('',*,*,#3925,.F.);
#3925 = EDGE_CURVE('',#3926,#3893,#3928,.T.);
#3926 = VERTEX_POINT('',#3927);
#3927 = CARTESIAN_POINT('',(290.,3.341421356237,-8.541421356237));
#3928 = LINE('',#3929,#3930);
#3929 = CARTESIAN_POINT('',(290.,3.341421356237,-8.541421356237));
#3930 = VECTOR('',#3931,1.);
#3931 = DIRECTION('',(0.,0.707106781187,-0.707106781187));
#3932 = ORIENTED_EDGE('',*,*,#3933,.F.);
#3933 = EDGE_CURVE('',#3934,#3926,#3936,.T.);
#3934 = VERTEX_POINT('',#3935);
#3935 = CARTESIAN_POINT('',(-60.,3.341421356237,-8.541421356237));
#3936 = LINE('',#3937,#3938);
#3937 = CARTESIAN_POINT('',(-60.,3.341421356237,-8.541421356237));
#3938 = VECTOR('',#3939,1.);
#3939 = DIRECTION('',(1.,0.,0.));
#3940 = ORIENTED_EDGE('',*,*,#3941,.T.);
#3941 = EDGE_CURVE('',#3934,#3902,#3942,.T.);
#3942 = LINE('',#3943,#3944);
#3943 = CARTESIAN_POINT('',(-60.,3.341421356237,-8.541421356237));
#3944 = VECTOR('',#3945,1.);
#3945 = DIRECTION('',(0.,0.707106781187,-0.707106781187));
#3946 = ORIENTED_EDGE('',*,*,#3901,.T.);
#3947 = PLANE('',#3948);
#3948 = AXIS2_PLACEMENT_3D('',#3949,#3950,#3951);
#3949 = CARTESIAN_POINT('',(-60.,3.341421356237,-8.541421356237));
#3950 = DIRECTION('',(0.,-0.707106781187,-0.707106781187));
#3951 = DIRECTION('',(0.,0.707106781187,-0.707106781187));
#3952 = ADVANCED_FACE('',(#3953),#3980,.T.);
#3953 = FACE_BOUND('',#3954,.T.);
#3954 = EDGE_LOOP('',(#3955,#3964,#3972,#3979));
#3955 = ORIENTED_EDGE('',*,*,#3956,.F.);
#3956 = EDGE_CURVE('',#3957,#3926,#3959,.T.);
#3957 = VERTEX_POINT('',#3958);
#3958 = CARTESIAN_POINT('',(290.,3.482842712475,-8.2));
#3959 = CIRCLE('',#3960,0.2);
#3960 = AXIS2_PLACEMENT_3D('',#3961,#3962,#3963);
#3961 = CARTESIAN_POINT('',(290.,3.482842712475,-8.4));
#3962 = DIRECTION('',(1.,0.,0.));
#3963 = DIRECTION('',(0.,0.,-1.));
#3964 = ORIENTED_EDGE('',*,*,#3965,.F.);
#3965 = EDGE_CURVE('',#3966,#3957,#3968,.T.);
#3966 = VERTEX_POINT('',#3967);
#3967 = CARTESIAN_POINT('',(-60.,3.482842712475,-8.2));
#3968 = LINE('',#3969,#3970);
#3969 = CARTESIAN_POINT('',(-60.,3.482842712475,-8.2));
#3970 = VECTOR('',#3971,1.);
#3971 = DIRECTION('',(1.,0.,0.));
#3972 = ORIENTED_EDGE('',*,*,#3973,.T.);
#3973 = EDGE_CURVE('',#3966,#3934,#3974,.T.);
#3974 = CIRCLE('',#3975,0.2);
#3975 = AXIS2_PLACEMENT_3D('',#3976,#3977,#3978);
#3976 = CARTESIAN_POINT('',(-60.,3.482842712475,-8.4));
#3977 = DIRECTION('',(1.,0.,0.));
#3978 = DIRECTION('',(0.,0.,-1.));
#3979 = ORIENTED_EDGE('',*,*,#3933,.T.);
#3980 = CYLINDRICAL_SURFACE('',#3981,0.2);
#3981 = AXIS2_PLACEMENT_3D('',#3982,#3983,#3984);
#3982 = CARTESIAN_POINT('',(-60.,3.482842712475,-8.4));
#3983 = DIRECTION('',(1.,0.,0.));
#3984 = DIRECTION('',(0.,0.,-1.));
#3985 = ADVANCED_FACE('',(#3986),#4011,.T.);
#3986 = FACE_BOUND('',#3987,.T.);
#3987 = EDGE_LOOP('',(#3988,#3996,#4004,#4010));
#3988 = ORIENTED_EDGE('',*,*,#3989,.F.);
#3989 = EDGE_CURVE('',#3990,#3957,#3992,.T.);
#3990 = VERTEX_POINT('',#3991);
#3991 = CARTESIAN_POINT('',(290.,5.210050506339,-8.2));
#3992 = LINE('',#3993,#3994);
#3993 = CARTESIAN_POINT('',(290.,5.210050506339,-8.2));
#3994 = VECTOR('',#3995,1.);
#3995 = DIRECTION('',(0.,-1.,0.));
#3996 = ORIENTED_EDGE('',*,*,#3997,.F.);
#3997 = EDGE_CURVE('',#3998,#3990,#4000,.T.);
#3998 = VERTEX_POINT('',#3999);
#3999 = CARTESIAN_POINT('',(-60.,5.210050506339,-8.2));
#4000 = LINE('',#4001,#4002);
#4001 = CARTESIAN_POINT('',(-60.,5.210050506339,-8.2));
#4002 = VECTOR('',#4003,1.);
#4003 = DIRECTION('',(1.,0.,0.));
#4004 = ORIENTED_EDGE('',*,*,#4005,.T.);
#4005 = EDGE_CURVE('',#3998,#3966,#4006,.T.);
#4006 = LINE('',#4007,#4008);
#4007 = CARTESIAN_POINT('',(-60.,5.210050506339,-8.2));
#4008 = VECTOR('',#4009,1.);
#4009 = DIRECTION('',(0.,-1.,0.));
#4010 = ORIENTED_EDGE('',*,*,#3965,.T.);
#4011 = PLANE('',#4012);
#4012 = AXIS2_PLACEMENT_3D('',#4013,#4014,#4015);
#4013 = CARTESIAN_POINT('',(-60.,5.210050506339,-8.2));
#4014 = DIRECTION('',(-0.,0.,1.));
#4015 = DIRECTION('',(1.,0.,0.));
#4016 = ADVANCED_FACE('',(#4017),#4042,.T.);
#4017 = FACE_BOUND('',#4018,.T.);
#4018 = EDGE_LOOP('',(#4019,#4027,#4035,#4041));
#4019 = ORIENTED_EDGE('',*,*,#4020,.F.);
#4020 = EDGE_CURVE('',#4021,#3990,#4023,.T.);
#4021 = VERTEX_POINT('',#4022);
#4022 = CARTESIAN_POINT('',(290.,5.210050506339,-6.2));
#4023 = LINE('',#4024,#4025);
#4024 = CARTESIAN_POINT('',(290.,5.210050506339,-6.2));
#4025 = VECTOR('',#4026,1.);
#4026 = DIRECTION('',(0.,0.,-1.));
#4027 = ORIENTED_EDGE('',*,*,#4028,.F.);
#4028 = EDGE_CURVE('',#4029,#4021,#4031,.T.);
#4029 = VERTEX_POINT('',#4030);
#4030 = CARTESIAN_POINT('',(-60.,5.210050506339,-6.2));
#4031 = LINE('',#4032,#4033);
#4032 = CARTESIAN_POINT('',(-60.,5.210050506339,-6.2));
#4033 = VECTOR('',#4034,1.);
#4034 = DIRECTION('',(1.,0.,0.));
#4035 = ORIENTED_EDGE('',*,*,#4036,.T.);
#4036 = EDGE_CURVE('',#4029,#3998,#4037,.T.);
#4037 = LINE('',#4038,#4039);
#4038 = CARTESIAN_POINT('',(-60.,5.210050506339,-6.2));
#4039 = VECTOR('',#4040,1.);
#4040 = DIRECTION('',(0.,0.,-1.));
#4041 = ORIENTED_EDGE('',*,*,#3997,.T.);
#4042 = PLANE('',#4043);
#4043 = AXIS2_PLACEMENT_3D('',#4044,#4045,#4046);
#4044 = CARTESIAN_POINT('',(-60.,5.210050506339,-6.2));
#4045 = DIRECTION('',(0.,-1.,0.));
#4046 = DIRECTION('',(0.,-0.,-1.));
#4047 = ADVANCED_FACE('',(#4048),#4073,.T.);
#4048 = FACE_BOUND('',#4049,.T.);
#4049 = EDGE_LOOP('',(#4050,#4058,#4066,#4072));
#4050 = ORIENTED_EDGE('',*,*,#4051,.F.);
#4051 = EDGE_CURVE('',#4052,#4021,#4054,.T.);
#4052 = VERTEX_POINT('',#4053);
#4053 = CARTESIAN_POINT('',(290.,3.010050506339,-4.));
#4054 = LINE('',#4055,#4056);
#4055 = CARTESIAN_POINT('',(290.,3.010050506339,-4.));
#4056 = VECTOR('',#4057,1.);
#4057 = DIRECTION('',(0.,0.707106781187,-0.707106781187));
#4058 = ORIENTED_EDGE('',*,*,#4059,.F.);
#4059 = EDGE_CURVE('',#4060,#4052,#4062,.T.);
#4060 = VERTEX_POINT('',#4061);
#4061 = CARTESIAN_POINT('',(-60.,3.010050506339,-4.));
#4062 = LINE('',#4063,#4064);
#4063 = CARTESIAN_POINT('',(-60.,3.010050506339,-4.));
#4064 = VECTOR('',#4065,1.);
#4065 = DIRECTION('',(1.,0.,0.));
#4066 = ORIENTED_EDGE('',*,*,#4067,.T.);
#4067 = EDGE_CURVE('',#4060,#4029,#4068,.T.);
#4068 = LINE('',#4069,#4070);
#4069 = CARTESIAN_POINT('',(-60.,3.010050506339,-4.));
#4070 = VECTOR('',#4071,1.);
#4071 = DIRECTION('',(0.,0.707106781187,-0.707106781187));
#4072 = ORIENTED_EDGE('',*,*,#4028,.T.);
#4073 = PLANE('',#4074);
#4074 = AXIS2_PLACEMENT_3D('',#4075,#4076,#4077);
#4075 = CARTESIAN_POINT('',(-60.,3.010050506339,-4.));
#4076 = DIRECTION('',(0.,-0.707106781187,-0.707106781187));
#4077 = DIRECTION('',(0.,0.707106781187,-0.707106781187));
#4078 = ADVANCED_FACE('',(#4079),#4104,.T.);
#4079 = FACE_BOUND('',#4080,.T.);
#4080 = EDGE_LOOP('',(#4081,#4089,#4097,#4103));
#4081 = ORIENTED_EDGE('',*,*,#4082,.F.);
#4082 = EDGE_CURVE('',#4083,#4052,#4085,.T.);
#4083 = VERTEX_POINT('',#4084);
#4084 = CARTESIAN_POINT('',(290.,0.5,-4.));
#4085 = LINE('',#4086,#4087);
#4086 = CARTESIAN_POINT('',(290.,0.5,-4.));
#4087 = VECTOR('',#4088,1.);
#4088 = DIRECTION('',(0.,1.,-2.07E-15));
#4089 = ORIENTED_EDGE('',*,*,#4090,.F.);
#4090 = EDGE_CURVE('',#4091,#4083,#4093,.T.);
#4091 = VERTEX_POINT('',#4092);
#4092 = CARTESIAN_POINT('',(-60.,0.5,-4.));
#4093 = LINE('',#4094,#4095);
#4094 = CARTESIAN_POINT('',(-60.,0.5,-4.));
#4095 = VECTOR('',#4096,1.);
#4096 = DIRECTION('',(1.,0.,0.));
#4097 = ORIENTED_EDGE('',*,*,#4098,.T.);
#4098 = EDGE_CURVE('',#4091,#4060,#4099,.T.);
#4099 = LINE('',#4100,#4101);
#4100 = CARTESIAN_POINT('',(-60.,0.5,-4.));
#4101 = VECTOR('',#4102,1.);
#4102 = DIRECTION('',(0.,1.,-2.07E-15));
#4103 = ORIENTED_EDGE('',*,*,#4059,.T.);
#4104 = PLANE('',#4105);
#4105 = AXIS2_PLACEMENT_3D('',#4106,#4107,#4108);
#4106 = CARTESIAN_POINT('',(-60.,0.5,-4.));
#4107 = DIRECTION('',(0.,-2.07E-15,-1.));
#4108 = DIRECTION('',(0.,1.,-2.07E-15));
#4109 = ADVANCED_FACE('',(#4110),#4135,.T.);
#4110 = FACE_BOUND('',#4111,.T.);
#4111 = EDGE_LOOP('',(#4112,#4120,#4128,#4134));
#4112 = ORIENTED_EDGE('',*,*,#4113,.F.);
#4113 = EDGE_CURVE('',#4114,#4083,#4116,.T.);
#4114 = VERTEX_POINT('',#4115);
#4115 = CARTESIAN_POINT('',(290.,3.6E-14,-3.5));
#4116 = LINE('',#4117,#4118);
#4117 = CARTESIAN_POINT('',(290.,3.577E-14,-3.5));
#4118 = VECTOR('',#4119,1.);
#4119 = DIRECTION('',(0.,0.707106781187,-0.707106781187));
#4120 = ORIENTED_EDGE('',*,*,#4121,.F.);
#4121 = EDGE_CURVE('',#4122,#4114,#4124,.T.);
#4122 = VERTEX_POINT('',#4123);
#4123 = CARTESIAN_POINT('',(-60.,3.6E-14,-3.5));
#4124 = LINE('',#4125,#4126);
#4125 = CARTESIAN_POINT('',(-60.,3.577E-14,-3.5));
#4126 = VECTOR('',#4127,1.);
#4127 = DIRECTION('',(1.,0.,0.));
#4128 = ORIENTED_EDGE('',*,*,#4129,.T.);
#4129 = EDGE_CURVE('',#4122,#4091,#4130,.T.);
#4130 = LINE('',#4131,#4132);
#4131 = CARTESIAN_POINT('',(-60.,3.577E-14,-3.5));
#4132 = VECTOR('',#4133,1.);
#4133 = DIRECTION('',(0.,0.707106781187,-0.707106781187));
#4134 = ORIENTED_EDGE('',*,*,#4090,.T.);
#4135 = PLANE('',#4136);
#4136 = AXIS2_PLACEMENT_3D('',#4137,#4138,#4139);
#4137 = CARTESIAN_POINT('',(-60.,3.577E-14,-3.5));
#4138 = DIRECTION('',(0.,-0.707106781187,-0.707106781187));
#4139 = DIRECTION('',(0.,0.707106781187,-0.707106781187));
#4140 = ADVANCED_FACE('',(#4141),#4166,.T.);
#4141 = FACE_BOUND('',#4142,.T.);
#4142 = EDGE_LOOP('',(#4143,#4151,#4159,#4165));
#4143 = ORIENTED_EDGE('',*,*,#4144,.F.);
#4144 = EDGE_CURVE('',#4145,#4114,#4147,.T.);
#4145 = VERTEX_POINT('',#4146);
#4146 = CARTESIAN_POINT('',(290.,-0.5,-4.));
#4147 = LINE('',#4148,#4149);
#4148 = CARTESIAN_POINT('',(290.,-0.5,-4.));
#4149 = VECTOR('',#4150,1.);
#4150 = DIRECTION('',(0.,0.707106781187,0.707106781187));
#4151 = ORIENTED_EDGE('',*,*,#4152,.F.);
#4152 = EDGE_CURVE('',#4153,#4145,#4155,.T.);
#4153 = VERTEX_POINT('',#4154);
#4154 = CARTESIAN_POINT('',(-60.,-0.5,-4.));
#4155 = LINE('',#4156,#4157);
#4156 = CARTESIAN_POINT('',(-60.,-0.5,-4.));
#4157 = VECTOR('',#4158,1.);
#4158 = DIRECTION('',(1.,0.,0.));
#4159 = ORIENTED_EDGE('',*,*,#4160,.T.);
#4160 = EDGE_CURVE('',#4153,#4122,#4161,.T.);
#4161 = LINE('',#4162,#4163);
#4162 = CARTESIAN_POINT('',(-60.,-0.5,-4.));
#4163 = VECTOR('',#4164,1.);
#4164 = DIRECTION('',(0.,0.707106781187,0.707106781187));
#4165 = ORIENTED_EDGE('',*,*,#4121,.T.);
#4166 = PLANE('',#4167);
#4167 = AXIS2_PLACEMENT_3D('',#4168,#4169,#4170);
#4168 = CARTESIAN_POINT('',(-60.,-0.5,-4.));
#4169 = DIRECTION('',(0.,0.707106781187,-0.707106781187));
#4170 = DIRECTION('',(0.,0.707106781187,0.707106781187));
#4171 = ADVANCED_FACE('',(#4172),#4197,.T.);
#4172 = FACE_BOUND('',#4173,.T.);
#4173 = EDGE_LOOP('',(#4174,#4182,#4190,#4196));
#4174 = ORIENTED_EDGE('',*,*,#4175,.F.);
#4175 = EDGE_CURVE('',#4176,#4145,#4178,.T.);
#4176 = VERTEX_POINT('',#4177);
#4177 = CARTESIAN_POINT('',(290.,-3.010050506339,-4.));
#4178 = LINE('',#4179,#4180);
#4179 = CARTESIAN_POINT('',(290.,-3.010050506339,-4.));
#4180 = VECTOR('',#4181,1.);
#4181 = DIRECTION('',(0.,1.,0.));
#4182 = ORIENTED_EDGE('',*,*,#4183,.F.);
#4183 = EDGE_CURVE('',#4184,#4176,#4186,.T.);
#4184 = VERTEX_POINT('',#4185);
#4185 = CARTESIAN_POINT('',(-60.,-3.010050506339,-4.));
#4186 = LINE('',#4187,#4188);
#4187 = CARTESIAN_POINT('',(-60.,-3.010050506339,-4.));
#4188 = VECTOR('',#4189,1.);
#4189 = DIRECTION('',(1.,0.,0.));
#4190 = ORIENTED_EDGE('',*,*,#4191,.T.);
#4191 = EDGE_CURVE('',#4184,#4153,#4192,.T.);
#4192 = LINE('',#4193,#4194);
#4193 = CARTESIAN_POINT('',(-60.,-3.010050506339,-4.));
#4194 = VECTOR('',#4195,1.);
#4195 = DIRECTION('',(0.,1.,0.));
#4196 = ORIENTED_EDGE('',*,*,#4152,.T.);
#4197 = PLANE('',#4198);
#4198 = AXIS2_PLACEMENT_3D('',#4199,#4200,#4201);
#4199 = CARTESIAN_POINT('',(-60.,-3.010050506339,-4.));
#4200 = DIRECTION('',(0.,0.,-1.));
#4201 = DIRECTION('',(-1.,0.,-0.));
#4202 = ADVANCED_FACE('',(#4203),#4228,.T.);
#4203 = FACE_BOUND('',#4204,.T.);
#4204 = EDGE_LOOP('',(#4205,#4213,#4221,#4227));
#4205 = ORIENTED_EDGE('',*,*,#4206,.F.);
#4206 = EDGE_CURVE('',#4207,#4176,#4209,.T.);
#4207 = VERTEX_POINT('',#4208);
#4208 = CARTESIAN_POINT('',(290.,-5.210050506339,-6.2));
#4209 = LINE('',#4210,#4211);
#4210 = CARTESIAN_POINT('',(290.,-5.210050506339,-6.2));
#4211 = VECTOR('',#4212,1.);
#4212 = DIRECTION('',(0.,0.707106781187,0.707106781187));
#4213 = ORIENTED_EDGE('',*,*,#4214,.F.);
#4214 = EDGE_CURVE('',#4215,#4207,#4217,.T.);
#4215 = VERTEX_POINT('',#4216);
#4216 = CARTESIAN_POINT('',(-60.,-5.210050506339,-6.2));
#4217 = LINE('',#4218,#4219);
#4218 = CARTESIAN_POINT('',(-60.,-5.210050506339,-6.2));
#4219 = VECTOR('',#4220,1.);
#4220 = DIRECTION('',(1.,0.,0.));
#4221 = ORIENTED_EDGE('',*,*,#4222,.T.);
#4222 = EDGE_CURVE('',#4215,#4184,#4223,.T.);
#4223 = LINE('',#4224,#4225);
#4224 = CARTESIAN_POINT('',(-60.,-5.210050506339,-6.2));
#4225 = VECTOR('',#4226,1.);
#4226 = DIRECTION('',(0.,0.707106781187,0.707106781187));
#4227 = ORIENTED_EDGE('',*,*,#4183,.T.);
#4228 = PLANE('',#4229);
#4229 = AXIS2_PLACEMENT_3D('',#4230,#4231,#4232);
#4230 = CARTESIAN_POINT('',(-60.,-5.210050506339,-6.2));
#4231 = DIRECTION('',(0.,0.707106781187,-0.707106781187));
#4232 = DIRECTION('',(0.,0.707106781187,0.707106781187));
#4233 = ADVANCED_FACE('',(#4234),#4259,.T.);
#4234 = FACE_BOUND('',#4235,.T.);
#4235 = EDGE_LOOP('',(#4236,#4244,#4252,#4258));
#4236 = ORIENTED_EDGE('',*,*,#4237,.F.);
#4237 = EDGE_CURVE('',#4238,#4207,#4240,.T.);
#4238 = VERTEX_POINT('',#4239);
#4239 = CARTESIAN_POINT('',(290.,-5.210050506339,-8.2));
#4240 = LINE('',#4241,#4242);
#4241 = CARTESIAN_POINT('',(290.,-5.210050506339,-8.2));
#4242 = VECTOR('',#4243,1.);
#4243 = DIRECTION('',(0.,4.3E-16,1.));
#4244 = ORIENTED_EDGE('',*,*,#4245,.F.);
#4245 = EDGE_CURVE('',#4246,#4238,#4248,.T.);
#4246 = VERTEX_POINT('',#4247);
#4247 = CARTESIAN_POINT('',(-60.,-5.210050506339,-8.2));
#4248 = LINE('',#4249,#4250);
#4249 = CARTESIAN_POINT('',(-60.,-5.210050506339,-8.2));
#4250 = VECTOR('',#4251,1.);
#4251 = DIRECTION('',(1.,0.,0.));
#4252 = ORIENTED_EDGE('',*,*,#4253,.T.);
#4253 = EDGE_CURVE('',#4246,#4215,#4254,.T.);
#4254 = LINE('',#4255,#4256);
#4255 = CARTESIAN_POINT('',(-60.,-5.210050506339,-8.2));
#4256 = VECTOR('',#4257,1.);
#4257 = DIRECTION('',(0.,4.3E-16,1.));
#4258 = ORIENTED_EDGE('',*,*,#4214,.T.);
#4259 = PLANE('',#4260);
#4260 = AXIS2_PLACEMENT_3D('',#4261,#4262,#4263);
#4261 = CARTESIAN_POINT('',(-60.,-5.210050506339,-8.2));
#4262 = DIRECTION('',(0.,1.,-4.3E-16));
#4263 = DIRECTION('',(0.,4.3E-16,1.));
#4264 = ADVANCED_FACE('',(#4265),#4290,.T.);
#4265 = FACE_BOUND('',#4266,.T.);
#4266 = EDGE_LOOP('',(#4267,#4275,#4283,#4289));
#4267 = ORIENTED_EDGE('',*,*,#4268,.F.);
#4268 = EDGE_CURVE('',#4269,#4238,#4271,.T.);
#4269 = VERTEX_POINT('',#4270);
#4270 = CARTESIAN_POINT('',(290.,-3.482842712475,-8.2));
#4271 = LINE('',#4272,#4273);
#4272 = CARTESIAN_POINT('',(290.,-3.482842712475,-8.2));
#4273 = VECTOR('',#4274,1.);
#4274 = DIRECTION('',(0.,-1.,1.E-15));
#4275 = ORIENTED_EDGE('',*,*,#4276,.F.);
#4276 = EDGE_CURVE('',#4277,#4269,#4279,.T.);
#4277 = VERTEX_POINT('',#4278);
#4278 = CARTESIAN_POINT('',(-60.,-3.482842712475,-8.2));
#4279 = LINE('',#4280,#4281);
#4280 = CARTESIAN_POINT('',(-60.,-3.482842712475,-8.2));
#4281 = VECTOR('',#4282,1.);
#4282 = DIRECTION('',(1.,0.,0.));
#4283 = ORIENTED_EDGE('',*,*,#4284,.T.);
#4284 = EDGE_CURVE('',#4277,#4246,#4285,.T.);
#4285 = LINE('',#4286,#4287);
#4286 = CARTESIAN_POINT('',(-60.,-3.482842712475,-8.2));
#4287 = VECTOR('',#4288,1.);
#4288 = DIRECTION('',(0.,-1.,1.E-15));
#4289 = ORIENTED_EDGE('',*,*,#4245,.T.);
#4290 = PLANE('',#4291);
#4291 = AXIS2_PLACEMENT_3D('',#4292,#4293,#4294);
#4292 = CARTESIAN_POINT('',(-60.,-3.482842712475,-8.2));
#4293 = DIRECTION('',(-0.,1.E-15,1.));
#4294 = DIRECTION('',(0.,-1.,1.E-15));
#4295 = ADVANCED_FACE('',(#4296),#4323,.T.);
#4296 = FACE_BOUND('',#4297,.T.);
#4297 = EDGE_LOOP('',(#4298,#4307,#4315,#4322));
#4298 = ORIENTED_EDGE('',*,*,#4299,.F.);
#4299 = EDGE_CURVE('',#4300,#4269,#4302,.T.);
#4300 = VERTEX_POINT('',#4301);
#4301 = CARTESIAN_POINT('',(290.,-3.341421356237,-8.541421356237));
#4302 = CIRCLE('',#4303,0.2);
#4303 = AXIS2_PLACEMENT_3D('',#4304,#4305,#4306);
#4304 = CARTESIAN_POINT('',(290.,-3.482842712475,-8.4));
#4305 = DIRECTION('',(1.,0.,0.));
#4306 = DIRECTION('',(0.,0.,-1.));
#4307 = ORIENTED_EDGE('',*,*,#4308,.F.);
#4308 = EDGE_CURVE('',#4309,#4300,#4311,.T.);
#4309 = VERTEX_POINT('',#4310);
#4310 = CARTESIAN_POINT('',(-60.,-3.341421356237,-8.541421356237));
#4311 = LINE('',#4312,#4313);
#4312 = CARTESIAN_POINT('',(-60.,-3.341421356237,-8.541421356237));
#4313 = VECTOR('',#4314,1.);
#4314 = DIRECTION('',(1.,0.,0.));
#4315 = ORIENTED_EDGE('',*,*,#4316,.T.);
#4316 = EDGE_CURVE('',#4309,#4277,#4317,.T.);
#4317 = CIRCLE('',#4318,0.2);
#4318 = AXIS2_PLACEMENT_3D('',#4319,#4320,#4321);
#4319 = CARTESIAN_POINT('',(-60.,-3.482842712475,-8.4));
#4320 = DIRECTION('',(1.,0.,0.));
#4321 = DIRECTION('',(0.,0.,-1.));
#4322 = ORIENTED_EDGE('',*,*,#4276,.T.);
#4323 = CYLINDRICAL_SURFACE('',#4324,0.2);
#4324 = AXIS2_PLACEMENT_3D('',#4325,#4326,#4327);
#4325 = CARTESIAN_POINT('',(-60.,-3.482842712475,-8.4));
#4326 = DIRECTION('',(1.,0.,0.));
#4327 = DIRECTION('',(0.,0.,-1.));
#4328 = ADVANCED_FACE('',(#4329),#4354,.T.);
#4329 = FACE_BOUND('',#4330,.T.);
#4330 = EDGE_LOOP('',(#4331,#4339,#4347,#4353));
#4331 = ORIENTED_EDGE('',*,*,#4332,.F.);
#4332 = EDGE_CURVE('',#4333,#4300,#4335,.T.);
#4333 = VERTEX_POINT('',#4334);
#4334 = CARTESIAN_POINT('',(290.,-4.741421356237,-9.941421356237));
#4335 = LINE('',#4336,#4337);
#4336 = CARTESIAN_POINT('',(290.,-4.741421356237,-9.941421356237));
#4337 = VECTOR('',#4338,1.);
#4338 = DIRECTION('',(0.,0.707106781187,0.707106781187));
#4339 = ORIENTED_EDGE('',*,*,#4340,.F.);
#4340 = EDGE_CURVE('',#4341,#4333,#4343,.T.);
#4341 = VERTEX_POINT('',#4342);
#4342 = CARTESIAN_POINT('',(-60.,-4.741421356237,-9.941421356237));
#4343 = LINE('',#4344,#4345);
#4344 = CARTESIAN_POINT('',(-60.,-4.741421356237,-9.941421356237));
#4345 = VECTOR('',#4346,1.);
#4346 = DIRECTION('',(1.,0.,0.));
#4347 = ORIENTED_EDGE('',*,*,#4348,.T.);
#4348 = EDGE_CURVE('',#4341,#4309,#4349,.T.);
#4349 = LINE('',#4350,#4351);
#4350 = CARTESIAN_POINT('',(-60.,-4.741421356237,-9.941421356237));
#4351 = VECTOR('',#4352,1.);
#4352 = DIRECTION('',(0.,0.707106781187,0.707106781187));
#4353 = ORIENTED_EDGE('',*,*,#4308,.T.);
#4354 = PLANE('',#4355);
#4355 = AXIS2_PLACEMENT_3D('',#4356,#4357,#4358);
#4356 = CARTESIAN_POINT('',(-60.,-4.741421356237,-9.941421356237));
#4357 = DIRECTION('',(0.,0.707106781187,-0.707106781187));
#4358 = DIRECTION('',(0.,0.707106781187,0.707106781187));
#4359 = ADVANCED_FACE('',(#4360),#4387,.T.);
#4360 = FACE_BOUND('',#4361,.T.);
#4361 = EDGE_LOOP('',(#4362,#4371,#4379,#4386));
#4362 = ORIENTED_EDGE('',*,*,#4363,.F.);
#4363 = EDGE_CURVE('',#4364,#4333,#4366,.T.);
#4364 = VERTEX_POINT('',#4365);
#4365 = CARTESIAN_POINT('',(290.,-4.882842712475,-10.));
#4366 = CIRCLE('',#4367,0.2);
#4367 = AXIS2_PLACEMENT_3D('',#4368,#4369,#4370);
#4368 = CARTESIAN_POINT('',(290.,-4.882842712475,-9.8));
#4369 = DIRECTION('',(1.,0.,0.));
#4370 = DIRECTION('',(0.,0.,-1.));
#4371 = ORIENTED_EDGE('',*,*,#4372,.F.);
#4372 = EDGE_CURVE('',#4373,#4364,#4375,.T.);
#4373 = VERTEX_POINT('',#4374);
#4374 = CARTESIAN_POINT('',(-60.,-4.882842712475,-10.));
#4375 = LINE('',#4376,#4377);
#4376 = CARTESIAN_POINT('',(-60.,-4.882842712475,-10.));
#4377 = VECTOR('',#4378,1.);
#4378 = DIRECTION('',(1.,0.,0.));
#4379 = ORIENTED_EDGE('',*,*,#4380,.T.);
#4380 = EDGE_CURVE('',#4373,#4341,#4381,.T.);
#4381 = CIRCLE('',#4382,0.2);
#4382 = AXIS2_PLACEMENT_3D('',#4383,#4384,#4385);
#4383 = CARTESIAN_POINT('',(-60.,-4.882842712475,-9.8));
#4384 = DIRECTION('',(1.,0.,0.));
#4385 = DIRECTION('',(0.,0.,-1.));
#4386 = ORIENTED_EDGE('',*,*,#4340,.T.);
#4387 = CYLINDRICAL_SURFACE('',#4388,0.2);
#4388 = AXIS2_PLACEMENT_3D('',#4389,#4390,#4391);
#4389 = CARTESIAN_POINT('',(-60.,-4.882842712475,-9.8));
#4390 = DIRECTION('',(1.,0.,0.));
#4391 = DIRECTION('',(0.,0.,-1.));
#4392 = ADVANCED_FACE('',(#4393),#4418,.T.);
#4393 = FACE_BOUND('',#4394,.T.);
#4394 = EDGE_LOOP('',(#4395,#4403,#4411,#4417));
#4395 = ORIENTED_EDGE('',*,*,#4396,.F.);
#4396 = EDGE_CURVE('',#4397,#4364,#4399,.T.);
#4397 = VERTEX_POINT('',#4398);
#4398 = CARTESIAN_POINT('',(290.,-9.8,-10.));
#4399 = LINE('',#4400,#4401);
#4400 = CARTESIAN_POINT('',(290.,-9.8,-10.));
#4401 = VECTOR('',#4402,1.);
#4402 = DIRECTION('',(0.,1.,0.));
#4403 = ORIENTED_EDGE('',*,*,#4404,.F.);
#4404 = EDGE_CURVE('',#4405,#4397,#4407,.T.);
#4405 = VERTEX_POINT('',#4406);
#4406 = CARTESIAN_POINT('',(-60.,-9.8,-10.));
#4407 = LINE('',#4408,#4409);
#4408 = CARTESIAN_POINT('',(-60.,-9.8,-10.));
#4409 = VECTOR('',#4410,1.);
#4410 = DIRECTION('',(1.,0.,0.));
#4411 = ORIENTED_EDGE('',*,*,#4412,.T.);
#4412 = EDGE_CURVE('',#4405,#4373,#4413,.T.);
#4413 = LINE('',#4414,#4415);
#4414 = CARTESIAN_POINT('',(-60.,-9.8,-10.));
#4415 = VECTOR('',#4416,1.);
#4416 = DIRECTION('',(0.,1.,0.));
#4417 = ORIENTED_EDGE('',*,*,#4372,.T.);
#4418 = PLANE('',#4419);
#4419 = AXIS2_PLACEMENT_3D('',#4420,#4421,#4422);
#4420 = CARTESIAN_POINT('',(-60.,-9.8,-10.));
#4421 = DIRECTION('',(0.,0.,-1.));
#4422 = DIRECTION('',(-1.,0.,-0.));
#4423 = ADVANCED_FACE('',(#4424),#4451,.T.);
#4424 = FACE_BOUND('',#4425,.T.);
#4425 = EDGE_LOOP('',(#4426,#4435,#4443,#4450));
#4426 = ORIENTED_EDGE('',*,*,#4427,.F.);
#4427 = EDGE_CURVE('',#4428,#4397,#4430,.T.);
#4428 = VERTEX_POINT('',#4429);
#4429 = CARTESIAN_POINT('',(290.,-10.,-9.8));
#4430 = CIRCLE('',#4431,0.2);
#4431 = AXIS2_PLACEMENT_3D('',#4432,#4433,#4434);
#4432 = CARTESIAN_POINT('',(290.,-9.8,-9.8));
#4433 = DIRECTION('',(1.,0.,0.));
#4434 = DIRECTION('',(0.,0.,-1.));
#4435 = ORIENTED_EDGE('',*,*,#4436,.F.);
#4436 = EDGE_CURVE('',#4437,#4428,#4439,.T.);
#4437 = VERTEX_POINT('',#4438);
#4438 = CARTESIAN_POINT('',(-60.,-10.,-9.8));
#4439 = LINE('',#4440,#4441);
#4440 = CARTESIAN_POINT('',(-60.,-10.,-9.8));
#4441 = VECTOR('',#4442,1.);
#4442 = DIRECTION('',(1.,0.,0.));
#4443 = ORIENTED_EDGE('',*,*,#4444,.T.);
#4444 = EDGE_CURVE('',#4437,#4405,#4445,.T.);
#4445 = CIRCLE('',#4446,0.2);
#4446 = AXIS2_PLACEMENT_3D('',#4447,#4448,#4449);
#4447 = CARTESIAN_POINT('',(-60.,-9.8,-9.8));
#4448 = DIRECTION('',(1.,0.,0.));
#4449 = DIRECTION('',(0.,0.,-1.));
#4450 = ORIENTED_EDGE('',*,*,#4404,.T.);
#4451 = CYLINDRICAL_SURFACE('',#4452,0.2);
#4452 = AXIS2_PLACEMENT_3D('',#4453,#4454,#4455);
#4453 = CARTESIAN_POINT('',(-60.,-9.8,-9.8));
#4454 = DIRECTION('',(1.,0.,0.));
#4455 = DIRECTION('',(0.,0.,-1.));
#4456 = ADVANCED_FACE('',(#4457),#4482,.T.);
#4457 = FACE_BOUND('',#4458,.T.);
#4458 = EDGE_LOOP('',(#4459,#4467,#4475,#4481));
#4459 = ORIENTED_EDGE('',*,*,#4460,.F.);
#4460 = EDGE_CURVE('',#4461,#4428,#4463,.T.);
#4461 = VERTEX_POINT('',#4462);
#4462 = CARTESIAN_POINT('',(290.,-10.,-4.882842712475));
#4463 = LINE('',#4464,#4465);
#4464 = CARTESIAN_POINT('',(290.,-10.,-4.882842712475));
#4465 = VECTOR('',#4466,1.);
#4466 = DIRECTION('',(0.,0.,-1.));
#4467 = ORIENTED_EDGE('',*,*,#4468,.F.);
#4468 = EDGE_CURVE('',#4469,#4461,#4471,.T.);
#4469 = VERTEX_POINT('',#4470);
#4470 = CARTESIAN_POINT('',(-60.,-10.,-4.882842712475));
#4471 = LINE('',#4472,#4473);
#4472 = CARTESIAN_POINT('',(-60.,-10.,-4.882842712475));
#4473 = VECTOR('',#4474,1.);
#4474 = DIRECTION('',(1.,0.,0.));
#4475 = ORIENTED_EDGE('',*,*,#4476,.T.);
#4476 = EDGE_CURVE('',#4469,#4437,#4477,.T.);
#4477 = LINE('',#4478,#4479);
#4478 = CARTESIAN_POINT('',(-60.,-10.,-4.882842712475));
#4479 = VECTOR('',#4480,1.);
#4480 = DIRECTION('',(0.,0.,-1.));
#4481 = ORIENTED_EDGE('',*,*,#4436,.T.);
#4482 = PLANE('',#4483);
#4483 = AXIS2_PLACEMENT_3D('',#4484,#4485,#4486);
#4484 = CARTESIAN_POINT('',(-60.,-10.,-4.882842712475));
#4485 = DIRECTION('',(0.,-1.,0.));
#4486 = DIRECTION('',(0.,-0.,-1.));
#4487 = ADVANCED_FACE('',(#4488),#4515,.T.);
#4488 = FACE_BOUND('',#4489,.T.);
#4489 = EDGE_LOOP('',(#4490,#4499,#4507,#4514));
#4490 = ORIENTED_EDGE('',*,*,#4491,.F.);
#4491 = EDGE_CURVE('',#4492,#4461,#4494,.T.);
#4492 = VERTEX_POINT('',#4493);
#4493 = CARTESIAN_POINT('',(290.,-9.941421356237,-4.741421356237));
#4494 = CIRCLE('',#4495,0.2);
#4495 = AXIS2_PLACEMENT_3D('',#4496,#4497,#4498);
#4496 = CARTESIAN_POINT('',(290.,-9.8,-4.882842712475));
#4497 = DIRECTION('',(1.,0.,0.));
#4498 = DIRECTION('',(0.,0.,-1.));
#4499 = ORIENTED_EDGE('',*,*,#4500,.F.);
#4500 = EDGE_CURVE('',#4501,#4492,#4503,.T.);
#4501 = VERTEX_POINT('',#4502);
#4502 = CARTESIAN_POINT('',(-60.,-9.941421356237,-4.741421356237));
#4503 = LINE('',#4504,#4505);
#4504 = CARTESIAN_POINT('',(-60.,-9.941421356237,-4.741421356237));
#4505 = VECTOR('',#4506,1.);
#4506 = DIRECTION('',(1.,0.,0.));
#4507 = ORIENTED_EDGE('',*,*,#4508,.T.);
#4508 = EDGE_CURVE('',#4501,#4469,#4509,.T.);
#4509 = CIRCLE('',#4510,0.2);
#4510 = AXIS2_PLACEMENT_3D('',#4511,#4512,#4513);
#4511 = CARTESIAN_POINT('',(-60.,-9.8,-4.882842712475));
#4512 = DIRECTION('',(1.,0.,0.));
#4513 = DIRECTION('',(0.,0.,-1.));
#4514 = ORIENTED_EDGE('',*,*,#4468,.T.);
#4515 = CYLINDRICAL_SURFACE('',#4516,0.2);
#4516 = AXIS2_PLACEMENT_3D('',#4517,#4518,#4519);
#4517 = CARTESIAN_POINT('',(-60.,-9.8,-4.882842712475));
#4518 = DIRECTION('',(1.,0.,0.));
#4519 = DIRECTION('',(0.,0.,-1.));
#4520 = ADVANCED_FACE('',(#4521),#4546,.T.);
#4521 = FACE_BOUND('',#4522,.T.);
#4522 = EDGE_LOOP('',(#4523,#4531,#4539,#4545));
#4523 = ORIENTED_EDGE('',*,*,#4524,.F.);
#4524 = EDGE_CURVE('',#4525,#4492,#4527,.T.);
#4525 = VERTEX_POINT('',#4526);
#4526 = CARTESIAN_POINT('',(290.,-8.541421356237,-3.341421356237));
#4527 = LINE('',#4528,#4529);
#4528 = CARTESIAN_POINT('',(290.,-8.541421356237,-3.341421356237));
#4529 = VECTOR('',#4530,1.);
#4530 = DIRECTION('',(0.,-0.707106781187,-0.707106781187));
#4531 = ORIENTED_EDGE('',*,*,#4532,.F.);
#4532 = EDGE_CURVE('',#4533,#4525,#4535,.T.);
#4533 = VERTEX_POINT('',#4534);
#4534 = CARTESIAN_POINT('',(-60.,-8.541421356237,-3.341421356237));
#4535 = LINE('',#4536,#4537);
#4536 = CARTESIAN_POINT('',(-60.,-8.541421356237,-3.341421356237));
#4537 = VECTOR('',#4538,1.);
#4538 = DIRECTION('',(1.,0.,0.));
#4539 = ORIENTED_EDGE('',*,*,#4540,.T.);
#4540 = EDGE_CURVE('',#4533,#4501,#4541,.T.);
#4541 = LINE('',#4542,#4543);
#4542 = CARTESIAN_POINT('',(-60.,-8.541421356237,-3.341421356237));
#4543 = VECTOR('',#4544,1.);
#4544 = DIRECTION('',(0.,-0.707106781187,-0.707106781187));
#4545 = ORIENTED_EDGE('',*,*,#4500,.T.);
#4546 = PLANE('',#4547);
#4547 = AXIS2_PLACEMENT_3D('',#4548,#4549,#4550);
#4548 = CARTESIAN_POINT('',(-60.,-8.541421356237,-3.341421356237));
#4549 = DIRECTION('',(0.,-0.707106781187,0.707106781187));
#4550 = DIRECTION('',(0.,-0.707106781187,-0.707106781187));
#4551 = ADVANCED_FACE('',(#4552),#4579,.T.);
#4552 = FACE_BOUND('',#4553,.T.);
#4553 = EDGE_LOOP('',(#4554,#4563,#4571,#4578));
#4554 = ORIENTED_EDGE('',*,*,#4555,.F.);
#4555 = EDGE_CURVE('',#4556,#4525,#4558,.T.);
#4556 = VERTEX_POINT('',#4557);
#4557 = CARTESIAN_POINT('',(290.,-8.2,-3.482842712475));
#4558 = CIRCLE('',#4559,0.2);
#4559 = AXIS2_PLACEMENT_3D('',#4560,#4561,#4562);
#4560 = CARTESIAN_POINT('',(290.,-8.4,-3.482842712475));
#4561 = DIRECTION('',(1.,0.,0.));
#4562 = DIRECTION('',(0.,0.,-1.));
#4563 = ORIENTED_EDGE('',*,*,#4564,.F.);
#4564 = EDGE_CURVE('',#4565,#4556,#4567,.T.);
#4565 = VERTEX_POINT('',#4566);
#4566 = CARTESIAN_POINT('',(-60.,-8.2,-3.482842712475));
#4567 = LINE('',#4568,#4569);
#4568 = CARTESIAN_POINT('',(-60.,-8.2,-3.482842712475));
#4569 = VECTOR('',#4570,1.);
#4570 = DIRECTION('',(1.,0.,0.));
#4571 = ORIENTED_EDGE('',*,*,#4572,.T.);
#4572 = EDGE_CURVE('',#4565,#4533,#4573,.T.);
#4573 = CIRCLE('',#4574,0.2);
#4574 = AXIS2_PLACEMENT_3D('',#4575,#4576,#4577);
#4575 = CARTESIAN_POINT('',(-60.,-8.4,-3.482842712475));
#4576 = DIRECTION('',(1.,0.,0.));
#4577 = DIRECTION('',(0.,0.,-1.));
#4578 = ORIENTED_EDGE('',*,*,#4532,.T.);
#4579 = CYLINDRICAL_SURFACE('',#4580,0.2);
#4580 = AXIS2_PLACEMENT_3D('',#4581,#4582,#4583);
#4581 = CARTESIAN_POINT('',(-60.,-8.4,-3.482842712475));
#4582 = DIRECTION('',(1.,0.,0.));
#4583 = DIRECTION('',(0.,0.,-1.));
#4584 = ADVANCED_FACE('',(#4585),#4610,.T.);
#4585 = FACE_BOUND('',#4586,.T.);
#4586 = EDGE_LOOP('',(#4587,#4595,#4603,#4609));
#4587 = ORIENTED_EDGE('',*,*,#4588,.F.);
#4588 = EDGE_CURVE('',#4589,#4556,#4591,.T.);
#4589 = VERTEX_POINT('',#4590);
#4590 = CARTESIAN_POINT('',(290.,-8.2,-5.210050506339));
#4591 = LINE('',#4592,#4593);
#4592 = CARTESIAN_POINT('',(290.,-8.2,-5.210050506339));
#4593 = VECTOR('',#4594,1.);
#4594 = DIRECTION('',(0.,0.,1.));
#4595 = ORIENTED_EDGE('',*,*,#4596,.F.);
#4596 = EDGE_CURVE('',#4597,#4589,#4599,.T.);
#4597 = VERTEX_POINT('',#4598);
#4598 = CARTESIAN_POINT('',(-60.,-8.2,-5.210050506339));
#4599 = LINE('',#4600,#4601);
#4600 = CARTESIAN_POINT('',(-60.,-8.2,-5.210050506339));
#4601 = VECTOR('',#4602,1.);
#4602 = DIRECTION('',(1.,0.,0.));
#4603 = ORIENTED_EDGE('',*,*,#4604,.T.);
#4604 = EDGE_CURVE('',#4597,#4565,#4605,.T.);
#4605 = LINE('',#4606,#4607);
#4606 = CARTESIAN_POINT('',(-60.,-8.2,-5.210050506339));
#4607 = VECTOR('',#4608,1.);
#4608 = DIRECTION('',(0.,0.,1.));
#4609 = ORIENTED_EDGE('',*,*,#4564,.T.);
#4610 = PLANE('',#4611);
#4611 = AXIS2_PLACEMENT_3D('',#4612,#4613,#4614);
#4612 = CARTESIAN_POINT('',(-60.,-8.2,-5.210050506339));
#4613 = DIRECTION('',(0.,1.,0.));
#4614 = DIRECTION('',(0.,-0.,1.));
#4615 = ADVANCED_FACE('',(#4616),#4641,.T.);
#4616 = FACE_BOUND('',#4617,.T.);
#4617 = EDGE_LOOP('',(#4618,#4626,#4634,#4640));
#4618 = ORIENTED_EDGE('',*,*,#4619,.F.);
#4619 = EDGE_CURVE('',#4620,#4589,#4622,.T.);
#4620 = VERTEX_POINT('',#4621);
#4621 = CARTESIAN_POINT('',(290.,-6.2,-5.210050506339));
#4622 = LINE('',#4623,#4624);
#4623 = CARTESIAN_POINT('',(290.,-6.2,-5.210050506339));
#4624 = VECTOR('',#4625,1.);
#4625 = DIRECTION('',(0.,-1.,0.));
#4626 = ORIENTED_EDGE('',*,*,#4627,.F.);
#4627 = EDGE_CURVE('',#4628,#4620,#4630,.T.);
#4628 = VERTEX_POINT('',#4629);
#4629 = CARTESIAN_POINT('',(-60.,-6.2,-5.210050506339));
#4630 = LINE('',#4631,#4632);
#4631 = CARTESIAN_POINT('',(-60.,-6.2,-5.210050506339));
#4632 = VECTOR('',#4633,1.);
#4633 = DIRECTION('',(1.,0.,0.));
#4634 = ORIENTED_EDGE('',*,*,#4635,.T.);
#4635 = EDGE_CURVE('',#4628,#4597,#4636,.T.);
#4636 = LINE('',#4637,#4638);
#4637 = CARTESIAN_POINT('',(-60.,-6.2,-5.210050506339));
#4638 = VECTOR('',#4639,1.);
#4639 = DIRECTION('',(0.,-1.,0.));
#4640 = ORIENTED_EDGE('',*,*,#4596,.T.);
#4641 = PLANE('',#4642);
#4642 = AXIS2_PLACEMENT_3D('',#4643,#4644,#4645);
#4643 = CARTESIAN_POINT('',(-60.,-6.2,-5.210050506339));
#4644 = DIRECTION('',(-0.,0.,1.));
#4645 = DIRECTION('',(1.,0.,0.));
#4646 = ADVANCED_FACE('',(#4647),#4672,.T.);
#4647 = FACE_BOUND('',#4648,.T.);
#4648 = EDGE_LOOP('',(#4649,#4657,#4665,#4671));
#4649 = ORIENTED_EDGE('',*,*,#4650,.F.);
#4650 = EDGE_CURVE('',#4651,#4620,#4653,.T.);
#4651 = VERTEX_POINT('',#4652);
#4652 = CARTESIAN_POINT('',(290.,-4.,-3.010050506339));
#4653 = LINE('',#4654,#4655);
#4654 = CARTESIAN_POINT('',(290.,-4.,-3.010050506339));
#4655 = VECTOR('',#4656,1.);
#4656 = DIRECTION('',(0.,-0.707106781187,-0.707106781187));
#4657 = ORIENTED_EDGE('',*,*,#4658,.F.);
#4658 = EDGE_CURVE('',#4659,#4651,#4661,.T.);
#4659 = VERTEX_POINT('',#4660);
#4660 = CARTESIAN_POINT('',(-60.,-4.,-3.010050506339));
#4661 = LINE('',#4662,#4663);
#4662 = CARTESIAN_POINT('',(-60.,-4.,-3.010050506339));
#4663 = VECTOR('',#4664,1.);
#4664 = DIRECTION('',(1.,0.,0.));
#4665 = ORIENTED_EDGE('',*,*,#4666,.T.);
#4666 = EDGE_CURVE('',#4659,#4628,#4667,.T.);
#4667 = LINE('',#4668,#4669);
#4668 = CARTESIAN_POINT('',(-60.,-4.,-3.010050506339));
#4669 = VECTOR('',#4670,1.);
#4670 = DIRECTION('',(0.,-0.707106781187,-0.707106781187));
#4671 = ORIENTED_EDGE('',*,*,#4627,.T.);
#4672 = PLANE('',#4673);
#4673 = AXIS2_PLACEMENT_3D('',#4674,#4675,#4676);
#4674 = CARTESIAN_POINT('',(-60.,-4.,-3.010050506339));
#4675 = DIRECTION('',(0.,-0.707106781187,0.707106781187));
#4676 = DIRECTION('',(0.,-0.707106781187,-0.707106781187));
#4677 = ADVANCED_FACE('',(#4678),#4703,.T.);
#4678 = FACE_BOUND('',#4679,.T.);
#4679 = EDGE_LOOP('',(#4680,#4688,#4696,#4702));
#4680 = ORIENTED_EDGE('',*,*,#4681,.F.);
#4681 = EDGE_CURVE('',#4682,#4651,#4684,.T.);
#4682 = VERTEX_POINT('',#4683);
#4683 = CARTESIAN_POINT('',(290.,-4.,-0.5));
#4684 = LINE('',#4685,#4686);
#4685 = CARTESIAN_POINT('',(290.,-4.,-0.5));
#4686 = VECTOR('',#4687,1.);
#4687 = DIRECTION('',(0.,-2.07E-15,-1.));
#4688 = ORIENTED_EDGE('',*,*,#4689,.F.);
#4689 = EDGE_CURVE('',#4690,#4682,#4692,.T.);
#4690 = VERTEX_POINT('',#4691);
#4691 = CARTESIAN_POINT('',(-60.,-4.,-0.5));
#4692 = LINE('',#4693,#4694);
#4693 = CARTESIAN_POINT('',(-60.,-4.,-0.5));
#4694 = VECTOR('',#4695,1.);
#4695 = DIRECTION('',(1.,0.,0.));
#4696 = ORIENTED_EDGE('',*,*,#4697,.T.);
#4697 = EDGE_CURVE('',#4690,#4659,#4698,.T.);
#4698 = LINE('',#4699,#4700);
#4699 = CARTESIAN_POINT('',(-60.,-4.,-0.5));
#4700 = VECTOR('',#4701,1.);
#4701 = DIRECTION('',(0.,-2.07E-15,-1.));
#4702 = ORIENTED_EDGE('',*,*,#4658,.T.);
#4703 = PLANE('',#4704);
#4704 = AXIS2_PLACEMENT_3D('',#4705,#4706,#4707);
#4705 = CARTESIAN_POINT('',(-60.,-4.,-0.5));
#4706 = DIRECTION('',(0.,-1.,2.07E-15));
#4707 = DIRECTION('',(0.,-2.07E-15,-1.));
#4708 = ADVANCED_FACE('',(#4709),#4734,.T.);
#4709 = FACE_BOUND('',#4710,.T.);
#4710 = EDGE_LOOP('',(#4711,#4719,#4727,#4733));
#4711 = ORIENTED_EDGE('',*,*,#4712,.F.);
#4712 = EDGE_CURVE('',#4713,#4682,#4715,.T.);
#4713 = VERTEX_POINT('',#4714);
#4714 = CARTESIAN_POINT('',(290.,-3.5,-2.4E-14));
#4715 = LINE('',#4716,#4717);
#4716 = CARTESIAN_POINT('',(290.,-3.5,-2.397E-14));
#4717 = VECTOR('',#4718,1.);
#4718 = DIRECTION('',(0.,-0.707106781187,-0.707106781187));
#4719 = ORIENTED_EDGE('',*,*,#4720,.F.);
#4720 = EDGE_CURVE('',#4721,#4713,#4723,.T.);
#4721 = VERTEX_POINT('',#4722);
#4722 = CARTESIAN_POINT('',(-60.,-3.5,-2.4E-14));
#4723 = LINE('',#4724,#4725);
#4724 = CARTESIAN_POINT('',(-60.,-3.5,-2.397E-14));
#4725 = VECTOR('',#4726,1.);
#4726 = DIRECTION('',(1.,0.,0.));
#4727 = ORIENTED_EDGE('',*,*,#4728,.T.);
#4728 = EDGE_CURVE('',#4721,#4690,#4729,.T.);
#4729 = LINE('',#4730,#4731);
#4730 = CARTESIAN_POINT('',(-60.,-3.5,-2.397E-14));
#4731 = VECTOR('',#4732,1.);
#4732 = DIRECTION('',(0.,-0.707106781187,-0.707106781187));
#4733 = ORIENTED_EDGE('',*,*,#4689,.T.);
#4734 = PLANE('',#4735);
#4735 = AXIS2_PLACEMENT_3D('',#4736,#4737,#4738);
#4736 = CARTESIAN_POINT('',(-60.,-3.5,-2.397E-14));
#4737 = DIRECTION('',(0.,-0.707106781187,0.707106781187));
#4738 = DIRECTION('',(0.,-0.707106781187,-0.707106781187));
#4739 = ADVANCED_FACE('',(#4740),#4765,.T.);
#4740 = FACE_BOUND('',#4741,.T.);
#4741 = EDGE_LOOP('',(#4742,#4750,#4758,#4764));
#4742 = ORIENTED_EDGE('',*,*,#4743,.F.);
#4743 = EDGE_CURVE('',#4744,#4713,#4746,.T.);
#4744 = VERTEX_POINT('',#4745);
#4745 = CARTESIAN_POINT('',(290.,-4.,0.5));
#4746 = LINE('',#4747,#4748);
#4747 = CARTESIAN_POINT('',(290.,-4.,0.5));
#4748 = VECTOR('',#4749,1.);
#4749 = DIRECTION('',(0.,0.707106781187,-0.707106781187));
#4750 = ORIENTED_EDGE('',*,*,#4751,.F.);
#4751 = EDGE_CURVE('',#4752,#4744,#4754,.T.);
#4752 = VERTEX_POINT('',#4753);
#4753 = CARTESIAN_POINT('',(-60.,-4.,0.5));
#4754 = LINE('',#4755,#4756);
#4755 = CARTESIAN_POINT('',(-60.,-4.,0.5));
#4756 = VECTOR('',#4757,1.);
#4757 = DIRECTION('',(1.,0.,0.));
#4758 = ORIENTED_EDGE('',*,*,#4759,.T.);
#4759 = EDGE_CURVE('',#4752,#4721,#4760,.T.);
#4760 = LINE('',#4761,#4762);
#4761 = CARTESIAN_POINT('',(-60.,-4.,0.5));
#4762 = VECTOR('',#4763,1.);
#4763 = DIRECTION('',(0.,0.707106781187,-0.707106781187));
#4764 = ORIENTED_EDGE('',*,*,#4720,.T.);
#4765 = PLANE('',#4766);
#4766 = AXIS2_PLACEMENT_3D('',#4767,#4768,#4769);
#4767 = CARTESIAN_POINT('',(-60.,-4.,0.5));
#4768 = DIRECTION('',(0.,-0.707106781187,-0.707106781187));
#4769 = DIRECTION('',(0.,0.707106781187,-0.707106781187));
#4770 = ADVANCED_FACE('',(#4771),#4796,.T.);
#4771 = FACE_BOUND('',#4772,.T.);
#4772 = EDGE_LOOP('',(#4773,#4781,#4789,#4795));
#4773 = ORIENTED_EDGE('',*,*,#4774,.F.);
#4774 = EDGE_CURVE('',#4775,#4744,#4777,.T.);
#4775 = VERTEX_POINT('',#4776);
#4776 = CARTESIAN_POINT('',(290.,-4.,3.010050506339));
#4777 = LINE('',#4778,#4779);
#4778 = CARTESIAN_POINT('',(290.,-4.,3.010050506339));
#4779 = VECTOR('',#4780,1.);
#4780 = DIRECTION('',(0.,0.,-1.));
#4781 = ORIENTED_EDGE('',*,*,#4782,.F.);
#4782 = EDGE_CURVE('',#4783,#4775,#4785,.T.);
#4783 = VERTEX_POINT('',#4784);
#4784 = CARTESIAN_POINT('',(-60.,-4.,3.010050506339));
#4785 = LINE('',#4786,#4787);
#4786 = CARTESIAN_POINT('',(-60.,-4.,3.010050506339));
#4787 = VECTOR('',#4788,1.);
#4788 = DIRECTION('',(1.,0.,0.));
#4789 = ORIENTED_EDGE('',*,*,#4790,.T.);
#4790 = EDGE_CURVE('',#4783,#4752,#4791,.T.);
#4791 = LINE('',#4792,#4793);
#4792 = CARTESIAN_POINT('',(-60.,-4.,3.010050506339));
#4793 = VECTOR('',#4794,1.);
#4794 = DIRECTION('',(0.,0.,-1.));
#4795 = ORIENTED_EDGE('',*,*,#4751,.T.);
#4796 = PLANE('',#4797);
#4797 = AXIS2_PLACEMENT_3D('',#4798,#4799,#4800);
#4798 = CARTESIAN_POINT('',(-60.,-4.,3.010050506339));
#4799 = DIRECTION('',(0.,-1.,0.));
#4800 = DIRECTION('',(0.,-0.,-1.));
#4801 = ADVANCED_FACE('',(#4802),#4827,.T.);
#4802 = FACE_BOUND('',#4803,.T.);
#4803 = EDGE_LOOP('',(#4804,#4812,#4820,#4826));
#4804 = ORIENTED_EDGE('',*,*,#4805,.F.);
#4805 = EDGE_CURVE('',#4806,#4775,#4808,.T.);
#4806 = VERTEX_POINT('',#4807);
#4807 = CARTESIAN_POINT('',(290.,-6.2,5.210050506339));
#4808 = LINE('',#4809,#4810);
#4809 = CARTESIAN_POINT('',(290.,-6.2,5.210050506339));
#4810 = VECTOR('',#4811,1.);
#4811 = DIRECTION('',(0.,0.707106781187,-0.707106781187));
#4812 = ORIENTED_EDGE('',*,*,#4813,.F.);
#4813 = EDGE_CURVE('',#4814,#4806,#4816,.T.);
#4814 = VERTEX_POINT('',#4815);
#4815 = CARTESIAN_POINT('',(-60.,-6.2,5.210050506339));
#4816 = LINE('',#4817,#4818);
#4817 = CARTESIAN_POINT('',(-60.,-6.2,5.210050506339));
#4818 = VECTOR('',#4819,1.);
#4819 = DIRECTION('',(1.,0.,0.));
#4820 = ORIENTED_EDGE('',*,*,#4821,.T.);
#4821 = EDGE_CURVE('',#4814,#4783,#4822,.T.);
#4822 = LINE('',#4823,#4824);
#4823 = CARTESIAN_POINT('',(-60.,-6.2,5.210050506339));
#4824 = VECTOR('',#4825,1.);
#4825 = DIRECTION('',(0.,0.707106781187,-0.707106781187));
#4826 = ORIENTED_EDGE('',*,*,#4782,.T.);
#4827 = PLANE('',#4828);
#4828 = AXIS2_PLACEMENT_3D('',#4829,#4830,#4831);
#4829 = CARTESIAN_POINT('',(-60.,-6.2,5.210050506339));
#4830 = DIRECTION('',(0.,-0.707106781187,-0.707106781187));
#4831 = DIRECTION('',(0.,0.707106781187,-0.707106781187));
#4832 = ADVANCED_FACE('',(#4833),#4858,.T.);
#4833 = FACE_BOUND('',#4834,.T.);
#4834 = EDGE_LOOP('',(#4835,#4843,#4851,#4857));
#4835 = ORIENTED_EDGE('',*,*,#4836,.F.);
#4836 = EDGE_CURVE('',#4837,#4806,#4839,.T.);
#4837 = VERTEX_POINT('',#4838);
#4838 = CARTESIAN_POINT('',(290.,-8.2,5.210050506339));
#4839 = LINE('',#4840,#4841);
#4840 = CARTESIAN_POINT('',(290.,-8.2,5.210050506339));
#4841 = VECTOR('',#4842,1.);
#4842 = DIRECTION('',(0.,1.,0.));
#4843 = ORIENTED_EDGE('',*,*,#4844,.F.);
#4844 = EDGE_CURVE('',#4845,#4837,#4847,.T.);
#4845 = VERTEX_POINT('',#4846);
#4846 = CARTESIAN_POINT('',(-60.,-8.2,5.210050506339));
#4847 = LINE('',#4848,#4849);
#4848 = CARTESIAN_POINT('',(-60.,-8.2,5.210050506339));
#4849 = VECTOR('',#4850,1.);
#4850 = DIRECTION('',(1.,0.,0.));
#4851 = ORIENTED_EDGE('',*,*,#4852,.T.);
#4852 = EDGE_CURVE('',#4845,#4814,#4853,.T.);
#4853 = LINE('',#4854,#4855);
#4854 = CARTESIAN_POINT('',(-60.,-8.2,5.210050506339));
#4855 = VECTOR('',#4856,1.);
#4856 = DIRECTION('',(0.,1.,0.));
#4857 = ORIENTED_EDGE('',*,*,#4813,.T.);
#4858 = PLANE('',#4859);
#4859 = AXIS2_PLACEMENT_3D('',#4860,#4861,#4862);
#4860 = CARTESIAN_POINT('',(-60.,-8.2,5.210050506339));
#4861 = DIRECTION('',(0.,0.,-1.));
#4862 = DIRECTION('',(-1.,0.,-0.));
#4863 = ADVANCED_FACE('',(#4864),#4889,.T.);
#4864 = FACE_BOUND('',#4865,.T.);
#4865 = EDGE_LOOP('',(#4866,#4874,#4882,#4888));
#4866 = ORIENTED_EDGE('',*,*,#4867,.F.);
#4867 = EDGE_CURVE('',#4868,#4837,#4870,.T.);
#4868 = VERTEX_POINT('',#4869);
#4869 = CARTESIAN_POINT('',(290.,-8.2,3.482842712475));
#4870 = LINE('',#4871,#4872);
#4871 = CARTESIAN_POINT('',(290.,-8.2,3.482842712475));
#4872 = VECTOR('',#4873,1.);
#4873 = DIRECTION('',(0.,0.,1.));
#4874 = ORIENTED_EDGE('',*,*,#4875,.F.);
#4875 = EDGE_CURVE('',#4876,#4868,#4878,.T.);
#4876 = VERTEX_POINT('',#4877);
#4877 = CARTESIAN_POINT('',(-60.,-8.2,3.482842712475));
#4878 = LINE('',#4879,#4880);
#4879 = CARTESIAN_POINT('',(-60.,-8.2,3.482842712475));
#4880 = VECTOR('',#4881,1.);
#4881 = DIRECTION('',(1.,0.,0.));
#4882 = ORIENTED_EDGE('',*,*,#4883,.T.);
#4883 = EDGE_CURVE('',#4876,#4845,#4884,.T.);
#4884 = LINE('',#4885,#4886);
#4885 = CARTESIAN_POINT('',(-60.,-8.2,3.482842712475));
#4886 = VECTOR('',#4887,1.);
#4887 = DIRECTION('',(0.,0.,1.));
#4888 = ORIENTED_EDGE('',*,*,#4844,.T.);
#4889 = PLANE('',#4890);
#4890 = AXIS2_PLACEMENT_3D('',#4891,#4892,#4893);
#4891 = CARTESIAN_POINT('',(-60.,-8.2,3.482842712475));
#4892 = DIRECTION('',(0.,1.,0.));
#4893 = DIRECTION('',(0.,-0.,1.));
#4894 = ADVANCED_FACE('',(#4895),#4913,.T.);
#4895 = FACE_BOUND('',#4896,.T.);
#4896 = EDGE_LOOP('',(#4897,#4898,#4905,#4906));
#4897 = ORIENTED_EDGE('',*,*,#1136,.F.);
#4898 = ORIENTED_EDGE('',*,*,#4899,.T.);
#4899 = EDGE_CURVE('',#1128,#4876,#4900,.T.);
#4900 = CIRCLE('',#4901,0.2);
#4901 = AXIS2_PLACEMENT_3D('',#4902,#4903,#4904);
#4902 = CARTESIAN_POINT('',(-60.,-8.4,3.482842712475));
#4903 = DIRECTION('',(1.,0.,0.));
#4904 = DIRECTION('',(0.,0.,-1.));
#4905 = ORIENTED_EDGE('',*,*,#4875,.T.);
#4906 = ORIENTED_EDGE('',*,*,#4907,.F.);
#4907 = EDGE_CURVE('',#1137,#4868,#4908,.T.);
#4908 = CIRCLE('',#4909,0.2);
#4909 = AXIS2_PLACEMENT_3D('',#4910,#4911,#4912);
#4910 = CARTESIAN_POINT('',(290.,-8.4,3.482842712475));
#4911 = DIRECTION('',(1.,0.,0.));
#4912 = DIRECTION('',(0.,0.,-1.));
#4913 = CYLINDRICAL_SURFACE('',#4914,0.2);
#4914 = AXIS2_PLACEMENT_3D('',#4915,#4916,#4917);
#4915 = CARTESIAN_POINT('',(-60.,-8.4,3.482842712475));
#4916 = DIRECTION('',(1.,0.,0.));
#4917 = DIRECTION('',(0.,0.,-1.));
#4918 = ADVANCED_FACE('',(#4919),#4944,.T.);
#4919 = FACE_BOUND('',#4920,.T.);
#4920 = EDGE_LOOP('',(#4921,#4929,#4937,#4943));
#4921 = ORIENTED_EDGE('',*,*,#4922,.F.);
#4922 = EDGE_CURVE('',#4923,#1145,#4925,.T.);
#4923 = VERTEX_POINT('',#4924);
#4924 = CARTESIAN_POINT('',(290.,-9.941421356237,4.741421356237));
#4925 = LINE('',#4926,#4927);
#4926 = CARTESIAN_POINT('',(290.,-9.941421356237,4.741421356237));
#4927 = VECTOR('',#4928,1.);
#4928 = DIRECTION('',(0.,0.707106781187,-0.707106781187));
#4929 = ORIENTED_EDGE('',*,*,#4930,.F.);
#4930 = EDGE_CURVE('',#4931,#4923,#4933,.T.);
#4931 = VERTEX_POINT('',#4932);
#4932 = CARTESIAN_POINT('',(-60.,-9.941421356237,4.741421356237));
#4933 = LINE('',#4934,#4935);
#4934 = CARTESIAN_POINT('',(-60.,-9.941421356237,4.741421356237));
#4935 = VECTOR('',#4936,1.);
#4936 = DIRECTION('',(1.,0.,0.));
#4937 = ORIENTED_EDGE('',*,*,#4938,.T.);
#4938 = EDGE_CURVE('',#4931,#1126,#4939,.T.);
#4939 = LINE('',#4940,#4941);
#4940 = CARTESIAN_POINT('',(-60.,-9.941421356237,4.741421356237));
#4941 = VECTOR('',#4942,1.);
#4942 = DIRECTION('',(0.,0.707106781187,-0.707106781187));
#4943 = ORIENTED_EDGE('',*,*,#1153,.T.);
#4944 = PLANE('',#4945);
#4945 = AXIS2_PLACEMENT_3D('',#4946,#4947,#4948);
#4946 = CARTESIAN_POINT('',(-60.,-9.941421356237,4.741421356237));
#4947 = DIRECTION('',(0.,-0.707106781187,-0.707106781187));
#4948 = DIRECTION('',(0.,0.707106781187,-0.707106781187));
#4949 = ADVANCED_FACE('',(#4950),#4977,.T.);
#4950 = FACE_BOUND('',#4951,.T.);
#4951 = EDGE_LOOP('',(#4952,#4961,#4969,#4976));
#4952 = ORIENTED_EDGE('',*,*,#4953,.F.);
#4953 = EDGE_CURVE('',#4954,#4923,#4956,.T.);
#4954 = VERTEX_POINT('',#4955);
#4955 = CARTESIAN_POINT('',(290.,-10.,4.882842712475));
#4956 = CIRCLE('',#4957,0.2);
#4957 = AXIS2_PLACEMENT_3D('',#4958,#4959,#4960);
#4958 = CARTESIAN_POINT('',(290.,-9.8,4.882842712475));
#4959 = DIRECTION('',(1.,0.,0.));
#4960 = DIRECTION('',(0.,0.,-1.));
#4961 = ORIENTED_EDGE('',*,*,#4962,.F.);
#4962 = EDGE_CURVE('',#4963,#4954,#4965,.T.);
#4963 = VERTEX_POINT('',#4964);
#4964 = CARTESIAN_POINT('',(-60.,-10.,4.882842712475));
#4965 = LINE('',#4966,#4967);
#4966 = CARTESIAN_POINT('',(-60.,-10.,4.882842712475));
#4967 = VECTOR('',#4968,1.);
#4968 = DIRECTION('',(1.,0.,0.));
#4969 = ORIENTED_EDGE('',*,*,#4970,.T.);
#4970 = EDGE_CURVE('',#4963,#4931,#4971,.T.);
#4971 = CIRCLE('',#4972,0.2);
#4972 = AXIS2_PLACEMENT_3D('',#4973,#4974,#4975);
#4973 = CARTESIAN_POINT('',(-60.,-9.8,4.882842712475));
#4974 = DIRECTION('',(1.,0.,0.));
#4975 = DIRECTION('',(0.,0.,-1.));
#4976 = ORIENTED_EDGE('',*,*,#4930,.T.);
#4977 = CYLINDRICAL_SURFACE('',#4978,0.2);
#4978 = AXIS2_PLACEMENT_3D('',#4979,#4980,#4981);
#4979 = CARTESIAN_POINT('',(-60.,-9.8,4.882842712475));
#4980 = DIRECTION('',(1.,0.,0.));
#4981 = DIRECTION('',(0.,0.,-1.));
#4982 = ADVANCED_FACE('',(#4983),#5008,.T.);
#4983 = FACE_BOUND('',#4984,.T.);
#4984 = EDGE_LOOP('',(#4985,#4993,#5001,#5007));
#4985 = ORIENTED_EDGE('',*,*,#4986,.F.);
#4986 = EDGE_CURVE('',#4987,#4954,#4989,.T.);
#4987 = VERTEX_POINT('',#4988);
#4988 = CARTESIAN_POINT('',(290.,-10.,15.2));
#4989 = LINE('',#4990,#4991);
#4990 = CARTESIAN_POINT('',(290.,-10.,15.2));
#4991 = VECTOR('',#4992,1.);
#4992 = DIRECTION('',(0.,1.7E-16,-1.));
#4993 = ORIENTED_EDGE('',*,*,#4994,.F.);
#4994 = EDGE_CURVE('',#4995,#4987,#4997,.T.);
#4995 = VERTEX_POINT('',#4996);
#4996 = CARTESIAN_POINT('',(-60.,-10.,15.2));
#4997 = LINE('',#4998,#4999);
#4998 = CARTESIAN_POINT('',(-60.,-10.,15.2));
#4999 = VECTOR('',#5000,1.);
#5000 = DIRECTION('',(1.,0.,0.));
#5001 = ORIENTED_EDGE('',*,*,#5002,.T.);
#5002 = EDGE_CURVE('',#4995,#4963,#5003,.T.);
#5003 = LINE('',#5004,#5005);
#5004 = CARTESIAN_POINT('',(-60.,-10.,15.2));
#5005 = VECTOR('',#5006,1.);
#5006 = DIRECTION('',(0.,1.7E-16,-1.));
#5007 = ORIENTED_EDGE('',*,*,#4962,.T.);
#5008 = PLANE('',#5009);
#5009 = AXIS2_PLACEMENT_3D('',#5010,#5011,#5012);
#5010 = CARTESIAN_POINT('',(-60.,-10.,15.2));
#5011 = DIRECTION('',(0.,-1.,-1.7E-16));
#5012 = DIRECTION('',(0.,1.7E-16,-1.));
#5013 = ADVANCED_FACE('',(#5014),#5039,.T.);
#5014 = FACE_BOUND('',#5015,.T.);
#5015 = EDGE_LOOP('',(#5016,#5024,#5032,#5038));
#5016 = ORIENTED_EDGE('',*,*,#5017,.F.);
#5017 = EDGE_CURVE('',#5018,#4987,#5020,.T.);
#5018 = VERTEX_POINT('',#5019);
#5019 = CARTESIAN_POINT('',(290.,-8.2,17.));
#5020 = LINE('',#5021,#5022);
#5021 = CARTESIAN_POINT('',(290.,-8.2,17.));
#5022 = VECTOR('',#5023,1.);
#5023 = DIRECTION('',(0.,-0.707106781187,-0.707106781187));
#5024 = ORIENTED_EDGE('',*,*,#5025,.F.);
#5025 = EDGE_CURVE('',#5026,#5018,#5028,.T.);
#5026 = VERTEX_POINT('',#5027);
#5027 = CARTESIAN_POINT('',(-60.,-8.2,17.));
#5028 = LINE('',#5029,#5030);
#5029 = CARTESIAN_POINT('',(-60.,-8.2,17.));
#5030 = VECTOR('',#5031,1.);
#5031 = DIRECTION('',(1.,0.,0.));
#5032 = ORIENTED_EDGE('',*,*,#5033,.T.);
#5033 = EDGE_CURVE('',#5026,#4995,#5034,.T.);
#5034 = LINE('',#5035,#5036);
#5035 = CARTESIAN_POINT('',(-60.,-8.2,17.));
#5036 = VECTOR('',#5037,1.);
#5037 = DIRECTION('',(0.,-0.707106781187,-0.707106781187));
#5038 = ORIENTED_EDGE('',*,*,#4994,.T.);
#5039 = PLANE('',#5040);
#5040 = AXIS2_PLACEMENT_3D('',#5041,#5042,#5043);
#5041 = CARTESIAN_POINT('',(-60.,-8.2,17.));
#5042 = DIRECTION('',(0.,-0.707106781187,0.707106781187));
#5043 = DIRECTION('',(0.,-0.707106781187,-0.707106781187));
#5044 = ADVANCED_FACE('',(#5045),#5070,.T.);
#5045 = FACE_BOUND('',#5046,.T.);
#5046 = EDGE_LOOP('',(#5047,#5055,#5063,#5069));
#5047 = ORIENTED_EDGE('',*,*,#5048,.F.);
#5048 = EDGE_CURVE('',#5049,#5018,#5051,.T.);
#5049 = VERTEX_POINT('',#5050);
#5050 = CARTESIAN_POINT('',(290.,-8.2,14.789949493661));
#5051 = LINE('',#5052,#5053);
#5052 = CARTESIAN_POINT('',(290.,-8.2,14.789949493661));
#5053 = VECTOR('',#5054,1.);
#5054 = DIRECTION('',(0.,0.,1.));
#5055 = ORIENTED_EDGE('',*,*,#5056,.F.);
#5056 = EDGE_CURVE('',#5057,#5049,#5059,.T.);
#5057 = VERTEX_POINT('',#5058);
#5058 = CARTESIAN_POINT('',(-60.,-8.2,14.789949493661));
#5059 = LINE('',#5060,#5061);
#5060 = CARTESIAN_POINT('',(-60.,-8.2,14.789949493661));
#5061 = VECTOR('',#5062,1.);
#5062 = DIRECTION('',(1.,0.,0.));
#5063 = ORIENTED_EDGE('',*,*,#5064,.T.);
#5064 = EDGE_CURVE('',#5057,#5026,#5065,.T.);
#5065 = LINE('',#5066,#5067);
#5066 = CARTESIAN_POINT('',(-60.,-8.2,14.789949493661));
#5067 = VECTOR('',#5068,1.);
#5068 = DIRECTION('',(0.,0.,1.));
#5069 = ORIENTED_EDGE('',*,*,#5025,.T.);
#5070 = PLANE('',#5071);
#5071 = AXIS2_PLACEMENT_3D('',#5072,#5073,#5074);
#5072 = CARTESIAN_POINT('',(-60.,-8.2,14.789949493661));
#5073 = DIRECTION('',(0.,1.,0.));
#5074 = DIRECTION('',(0.,-0.,1.));
#5075 = ADVANCED_FACE('',(#5076),#5101,.T.);
#5076 = FACE_BOUND('',#5077,.T.);
#5077 = EDGE_LOOP('',(#5078,#5086,#5094,#5100));
#5078 = ORIENTED_EDGE('',*,*,#5079,.F.);
#5079 = EDGE_CURVE('',#5080,#5049,#5082,.T.);
#5080 = VERTEX_POINT('',#5081);
#5081 = CARTESIAN_POINT('',(290.,-6.2,14.789949493661));
#5082 = LINE('',#5083,#5084);
#5083 = CARTESIAN_POINT('',(290.,-6.2,14.789949493661));
#5084 = VECTOR('',#5085,1.);
#5085 = DIRECTION('',(0.,-1.,0.));
#5086 = ORIENTED_EDGE('',*,*,#5087,.F.);
#5087 = EDGE_CURVE('',#5088,#5080,#5090,.T.);
#5088 = VERTEX_POINT('',#5089);
#5089 = CARTESIAN_POINT('',(-60.,-6.2,14.789949493661));
#5090 = LINE('',#5091,#5092);
#5091 = CARTESIAN_POINT('',(-60.,-6.2,14.789949493661));
#5092 = VECTOR('',#5093,1.);
#5093 = DIRECTION('',(1.,0.,0.));
#5094 = ORIENTED_EDGE('',*,*,#5095,.T.);
#5095 = EDGE_CURVE('',#5088,#5057,#5096,.T.);
#5096 = LINE('',#5097,#5098);
#5097 = CARTESIAN_POINT('',(-60.,-6.2,14.789949493661));
#5098 = VECTOR('',#5099,1.);
#5099 = DIRECTION('',(0.,-1.,0.));
#5100 = ORIENTED_EDGE('',*,*,#5056,.T.);
#5101 = PLANE('',#5102);
#5102 = AXIS2_PLACEMENT_3D('',#5103,#5104,#5105);
#5103 = CARTESIAN_POINT('',(-60.,-6.2,14.789949493661));
#5104 = DIRECTION('',(-0.,0.,1.));
#5105 = DIRECTION('',(1.,0.,0.));
#5106 = ADVANCED_FACE('',(#5107),#5132,.T.);
#5107 = FACE_BOUND('',#5108,.T.);
#5108 = EDGE_LOOP('',(#5109,#5117,#5125,#5131));
#5109 = ORIENTED_EDGE('',*,*,#5110,.F.);
#5110 = EDGE_CURVE('',#5111,#5080,#5113,.T.);
#5111 = VERTEX_POINT('',#5112);
#5112 = CARTESIAN_POINT('',(290.,-4.,16.989949493661));
#5113 = LINE('',#5114,#5115);
#5114 = CARTESIAN_POINT('',(290.,-4.,16.989949493661));
#5115 = VECTOR('',#5116,1.);
#5116 = DIRECTION('',(0.,-0.707106781187,-0.707106781187));
#5117 = ORIENTED_EDGE('',*,*,#5118,.F.);
#5118 = EDGE_CURVE('',#5119,#5111,#5121,.T.);
#5119 = VERTEX_POINT('',#5120);
#5120 = CARTESIAN_POINT('',(-60.,-4.,16.989949493661));
#5121 = LINE('',#5122,#5123);
#5122 = CARTESIAN_POINT('',(-60.,-4.,16.989949493661));
#5123 = VECTOR('',#5124,1.);
#5124 = DIRECTION('',(1.,0.,0.));
#5125 = ORIENTED_EDGE('',*,*,#5126,.T.);
#5126 = EDGE_CURVE('',#5119,#5088,#5127,.T.);
#5127 = LINE('',#5128,#5129);
#5128 = CARTESIAN_POINT('',(-60.,-4.,16.989949493661));
#5129 = VECTOR('',#5130,1.);
#5130 = DIRECTION('',(0.,-0.707106781187,-0.707106781187));
#5131 = ORIENTED_EDGE('',*,*,#5087,.T.);
#5132 = PLANE('',#5133);
#5133 = AXIS2_PLACEMENT_3D('',#5134,#5135,#5136);
#5134 = CARTESIAN_POINT('',(-60.,-4.,16.989949493661));
#5135 = DIRECTION('',(0.,-0.707106781187,0.707106781187));
#5136 = DIRECTION('',(0.,-0.707106781187,-0.707106781187));
#5137 = ADVANCED_FACE('',(#5138),#5163,.T.);
#5138 = FACE_BOUND('',#5139,.T.);
#5139 = EDGE_LOOP('',(#5140,#5148,#5156,#5162));
#5140 = ORIENTED_EDGE('',*,*,#5141,.F.);
#5141 = EDGE_CURVE('',#5142,#5111,#5144,.T.);
#5142 = VERTEX_POINT('',#5143);
#5143 = CARTESIAN_POINT('',(290.,-4.,19.5));
#5144 = LINE('',#5145,#5146);
#5145 = CARTESIAN_POINT('',(290.,-4.,19.5));
#5146 = VECTOR('',#5147,1.);
#5147 = DIRECTION('',(0.,-2.42E-15,-1.));
#5148 = ORIENTED_EDGE('',*,*,#5149,.F.);
#5149 = EDGE_CURVE('',#5150,#5142,#5152,.T.);
#5150 = VERTEX_POINT('',#5151);
#5151 = CARTESIAN_POINT('',(-60.,-4.,19.5));
#5152 = LINE('',#5153,#5154);
#5153 = CARTESIAN_POINT('',(-60.,-4.,19.5));
#5154 = VECTOR('',#5155,1.);
#5155 = DIRECTION('',(1.,0.,0.));
#5156 = ORIENTED_EDGE('',*,*,#5157,.T.);
#5157 = EDGE_CURVE('',#5150,#5119,#5158,.T.);
#5158 = LINE('',#5159,#5160);
#5159 = CARTESIAN_POINT('',(-60.,-4.,19.5));
#5160 = VECTOR('',#5161,1.);
#5161 = DIRECTION('',(0.,-2.42E-15,-1.));
#5162 = ORIENTED_EDGE('',*,*,#5118,.T.);
#5163 = PLANE('',#5164);
#5164 = AXIS2_PLACEMENT_3D('',#5165,#5166,#5167);
#5165 = CARTESIAN_POINT('',(-60.,-4.,19.5));
#5166 = DIRECTION('',(0.,-1.,2.42E-15));
#5167 = DIRECTION('',(0.,-2.42E-15,-1.));
#5168 = ADVANCED_FACE('',(#5169),#5194,.T.);
#5169 = FACE_BOUND('',#5170,.T.);
#5170 = EDGE_LOOP('',(#5171,#5179,#5187,#5193));
#5171 = ORIENTED_EDGE('',*,*,#5172,.F.);
#5172 = EDGE_CURVE('',#5173,#5142,#5175,.T.);
#5173 = VERTEX_POINT('',#5174);
#5174 = CARTESIAN_POINT('',(290.,-3.5,20.));
#5175 = LINE('',#5176,#5177);
#5176 = CARTESIAN_POINT('',(290.,-3.5,20.));
#5177 = VECTOR('',#5178,1.);
#5178 = DIRECTION('',(0.,-0.707106781187,-0.707106781187));
#5179 = ORIENTED_EDGE('',*,*,#5180,.F.);
#5180 = EDGE_CURVE('',#5181,#5173,#5183,.T.);
#5181 = VERTEX_POINT('',#5182);
#5182 = CARTESIAN_POINT('',(-60.,-3.5,20.));
#5183 = LINE('',#5184,#5185);
#5184 = CARTESIAN_POINT('',(-60.,-3.5,20.));
#5185 = VECTOR('',#5186,1.);
#5186 = DIRECTION('',(1.,0.,0.));
#5187 = ORIENTED_EDGE('',*,*,#5188,.T.);
#5188 = EDGE_CURVE('',#5181,#5150,#5189,.T.);
#5189 = LINE('',#5190,#5191);
#5190 = CARTESIAN_POINT('',(-60.,-3.5,20.));
#5191 = VECTOR('',#5192,1.);
#5192 = DIRECTION('',(0.,-0.707106781187,-0.707106781187));
#5193 = ORIENTED_EDGE('',*,*,#5149,.T.);
#5194 = PLANE('',#5195);
#5195 = AXIS2_PLACEMENT_3D('',#5196,#5197,#5198);
#5196 = CARTESIAN_POINT('',(-60.,-3.5,20.));
#5197 = DIRECTION('',(0.,-0.707106781187,0.707106781187));
#5198 = DIRECTION('',(0.,-0.707106781187,-0.707106781187));
#5199 = ADVANCED_FACE('',(#5200),#5225,.T.);
#5200 = FACE_BOUND('',#5201,.T.);
#5201 = EDGE_LOOP('',(#5202,#5210,#5218,#5224));
#5202 = ORIENTED_EDGE('',*,*,#5203,.F.);
#5203 = EDGE_CURVE('',#5204,#5173,#5206,.T.);
#5204 = VERTEX_POINT('',#5205);
#5205 = CARTESIAN_POINT('',(290.,-4.,20.5));
#5206 = LINE('',#5207,#5208);
#5207 = CARTESIAN_POINT('',(290.,-4.,20.5));
#5208 = VECTOR('',#5209,1.);
#5209 = DIRECTION('',(0.,0.707106781187,-0.707106781187));
#5210 = ORIENTED_EDGE('',*,*,#5211,.F.);
#5211 = EDGE_CURVE('',#5212,#5204,#5214,.T.);
#5212 = VERTEX_POINT('',#5213);
#5213 = CARTESIAN_POINT('',(-60.,-4.,20.5));
#5214 = LINE('',#5215,#5216);
#5215 = CARTESIAN_POINT('',(-60.,-4.,20.5));
#5216 = VECTOR('',#5217,1.);
#5217 = DIRECTION('',(1.,0.,0.));
#5218 = ORIENTED_EDGE('',*,*,#5219,.T.);
#5219 = EDGE_CURVE('',#5212,#5181,#5220,.T.);
#5220 = LINE('',#5221,#5222);
#5221 = CARTESIAN_POINT('',(-60.,-4.,20.5));
#5222 = VECTOR('',#5223,1.);
#5223 = DIRECTION('',(0.,0.707106781187,-0.707106781187));
#5224 = ORIENTED_EDGE('',*,*,#5180,.T.);
#5225 = PLANE('',#5226);
#5226 = AXIS2_PLACEMENT_3D('',#5227,#5228,#5229);
#5227 = CARTESIAN_POINT('',(-60.,-4.,20.5));
#5228 = DIRECTION('',(0.,-0.707106781187,-0.707106781187));
#5229 = DIRECTION('',(0.,0.707106781187,-0.707106781187));
#5230 = ADVANCED_FACE('',(#5231),#5256,.T.);
#5231 = FACE_BOUND('',#5232,.T.);
#5232 = EDGE_LOOP('',(#5233,#5241,#5249,#5255));
#5233 = ORIENTED_EDGE('',*,*,#5234,.F.);
#5234 = EDGE_CURVE('',#5235,#5204,#5237,.T.);
#5235 = VERTEX_POINT('',#5236);
#5236 = CARTESIAN_POINT('',(290.,-4.,23.010050506339));
#5237 = LINE('',#5238,#5239);
#5238 = CARTESIAN_POINT('',(290.,-4.,23.010050506339));
#5239 = VECTOR('',#5240,1.);
#5240 = DIRECTION('',(0.,3.5E-16,-1.));
#5241 = ORIENTED_EDGE('',*,*,#5242,.F.);
#5242 = EDGE_CURVE('',#5243,#5235,#5245,.T.);
#5243 = VERTEX_POINT('',#5244);
#5244 = CARTESIAN_POINT('',(-60.,-4.,23.010050506339));
#5245 = LINE('',#5246,#5247);
#5246 = CARTESIAN_POINT('',(-60.,-4.,23.010050506339));
#5247 = VECTOR('',#5248,1.);
#5248 = DIRECTION('',(1.,0.,0.));
#5249 = ORIENTED_EDGE('',*,*,#5250,.T.);
#5250 = EDGE_CURVE('',#5243,#5212,#5251,.T.);
#5251 = LINE('',#5252,#5253);
#5252 = CARTESIAN_POINT('',(-60.,-4.,23.010050506339));
#5253 = VECTOR('',#5254,1.);
#5254 = DIRECTION('',(0.,3.5E-16,-1.));
#5255 = ORIENTED_EDGE('',*,*,#5211,.T.);
#5256 = PLANE('',#5257);
#5257 = AXIS2_PLACEMENT_3D('',#5258,#5259,#5260);
#5258 = CARTESIAN_POINT('',(-60.,-4.,23.010050506339));
#5259 = DIRECTION('',(0.,-1.,-3.5E-16));
#5260 = DIRECTION('',(0.,3.5E-16,-1.));
#5261 = ADVANCED_FACE('',(#5262),#5287,.T.);
#5262 = FACE_BOUND('',#5263,.T.);
#5263 = EDGE_LOOP('',(#5264,#5272,#5280,#5286));
#5264 = ORIENTED_EDGE('',*,*,#5265,.F.);
#5265 = EDGE_CURVE('',#5266,#5235,#5268,.T.);
#5266 = VERTEX_POINT('',#5267);
#5267 = CARTESIAN_POINT('',(290.,-6.2,25.210050506339));
#5268 = LINE('',#5269,#5270);
#5269 = CARTESIAN_POINT('',(290.,-6.2,25.210050506339));
#5270 = VECTOR('',#5271,1.);
#5271 = DIRECTION('',(0.,0.707106781187,-0.707106781187));
#5272 = ORIENTED_EDGE('',*,*,#5273,.F.);
#5273 = EDGE_CURVE('',#5274,#5266,#5276,.T.);
#5274 = VERTEX_POINT('',#5275);
#5275 = CARTESIAN_POINT('',(-60.,-6.2,25.210050506339));
#5276 = LINE('',#5277,#5278);
#5277 = CARTESIAN_POINT('',(-60.,-6.2,25.210050506339));
#5278 = VECTOR('',#5279,1.);
#5279 = DIRECTION('',(1.,0.,0.));
#5280 = ORIENTED_EDGE('',*,*,#5281,.T.);
#5281 = EDGE_CURVE('',#5274,#5243,#5282,.T.);
#5282 = LINE('',#5283,#5284);
#5283 = CARTESIAN_POINT('',(-60.,-6.2,25.210050506339));
#5284 = VECTOR('',#5285,1.);
#5285 = DIRECTION('',(0.,0.707106781187,-0.707106781187));
#5286 = ORIENTED_EDGE('',*,*,#5242,.T.);
#5287 = PLANE('',#5288);
#5288 = AXIS2_PLACEMENT_3D('',#5289,#5290,#5291);
#5289 = CARTESIAN_POINT('',(-60.,-6.2,25.210050506339));
#5290 = DIRECTION('',(0.,-0.707106781187,-0.707106781187));
#5291 = DIRECTION('',(0.,0.707106781187,-0.707106781187));
#5292 = ADVANCED_FACE('',(#5293),#5318,.T.);
#5293 = FACE_BOUND('',#5294,.T.);
#5294 = EDGE_LOOP('',(#5295,#5303,#5311,#5317));
#5295 = ORIENTED_EDGE('',*,*,#5296,.F.);
#5296 = EDGE_CURVE('',#5297,#5266,#5299,.T.);
#5297 = VERTEX_POINT('',#5298);
#5298 = CARTESIAN_POINT('',(290.,-8.2,25.210050506339));
#5299 = LINE('',#5300,#5301);
#5300 = CARTESIAN_POINT('',(290.,-8.2,25.210050506339));
#5301 = VECTOR('',#5302,1.);
#5302 = DIRECTION('',(0.,1.,0.));
#5303 = ORIENTED_EDGE('',*,*,#5304,.F.);
#5304 = EDGE_CURVE('',#5305,#5297,#5307,.T.);
#5305 = VERTEX_POINT('',#5306);
#5306 = CARTESIAN_POINT('',(-60.,-8.2,25.210050506339));
#5307 = LINE('',#5308,#5309);
#5308 = CARTESIAN_POINT('',(-60.,-8.2,25.210050506339));
#5309 = VECTOR('',#5310,1.);
#5310 = DIRECTION('',(1.,0.,0.));
#5311 = ORIENTED_EDGE('',*,*,#5312,.T.);
#5312 = EDGE_CURVE('',#5305,#5274,#5313,.T.);
#5313 = LINE('',#5314,#5315);
#5314 = CARTESIAN_POINT('',(-60.,-8.2,25.210050506339));
#5315 = VECTOR('',#5316,1.);
#5316 = DIRECTION('',(0.,1.,0.));
#5317 = ORIENTED_EDGE('',*,*,#5273,.T.);
#5318 = PLANE('',#5319);
#5319 = AXIS2_PLACEMENT_3D('',#5320,#5321,#5322);
#5320 = CARTESIAN_POINT('',(-60.,-8.2,25.210050506339));
#5321 = DIRECTION('',(0.,0.,-1.));
#5322 = DIRECTION('',(-1.,0.,-0.));
#5323 = ADVANCED_FACE('',(#5324),#5349,.T.);
#5324 = FACE_BOUND('',#5325,.T.);
#5325 = EDGE_LOOP('',(#5326,#5334,#5342,#5348));
#5326 = ORIENTED_EDGE('',*,*,#5327,.F.);
#5327 = EDGE_CURVE('',#5328,#5297,#5330,.T.);
#5328 = VERTEX_POINT('',#5329);
#5329 = CARTESIAN_POINT('',(290.,-8.2,23.));
#5330 = LINE('',#5331,#5332);
#5331 = CARTESIAN_POINT('',(290.,-8.2,23.));
#5332 = VECTOR('',#5333,1.);
#5333 = DIRECTION('',(0.,0.,1.));
#5334 = ORIENTED_EDGE('',*,*,#5335,.F.);
#5335 = EDGE_CURVE('',#5336,#5328,#5338,.T.);
#5336 = VERTEX_POINT('',#5337);
#5337 = CARTESIAN_POINT('',(-60.,-8.2,23.));
#5338 = LINE('',#5339,#5340);
#5339 = CARTESIAN_POINT('',(-60.,-8.2,23.));
#5340 = VECTOR('',#5341,1.);
#5341 = DIRECTION('',(1.,0.,0.));
#5342 = ORIENTED_EDGE('',*,*,#5343,.T.);
#5343 = EDGE_CURVE('',#5336,#5305,#5344,.T.);
#5344 = LINE('',#5345,#5346);
#5345 = CARTESIAN_POINT('',(-60.,-8.2,23.));
#5346 = VECTOR('',#5347,1.);
#5347 = DIRECTION('',(0.,0.,1.));
#5348 = ORIENTED_EDGE('',*,*,#5304,.T.);
#5349 = PLANE('',#5350);
#5350 = AXIS2_PLACEMENT_3D('',#5351,#5352,#5353);
#5351 = CARTESIAN_POINT('',(-60.,-8.2,23.));
#5352 = DIRECTION('',(0.,1.,0.));
#5353 = DIRECTION('',(0.,-0.,1.));
#5354 = ADVANCED_FACE('',(#5355),#5380,.T.);
#5355 = FACE_BOUND('',#5356,.T.);
#5356 = EDGE_LOOP('',(#5357,#5365,#5373,#5379));
#5357 = ORIENTED_EDGE('',*,*,#5358,.F.);
#5358 = EDGE_CURVE('',#5359,#5328,#5361,.T.);
#5359 = VERTEX_POINT('',#5360);
#5360 = CARTESIAN_POINT('',(290.,-10.,24.8));
#5361 = LINE('',#5362,#5363);
#5362 = CARTESIAN_POINT('',(290.,-10.,24.8));
#5363 = VECTOR('',#5364,1.);
#5364 = DIRECTION('',(0.,0.707106781187,-0.707106781187));
#5365 = ORIENTED_EDGE('',*,*,#5366,.F.);
#5366 = EDGE_CURVE('',#5367,#5359,#5369,.T.);
#5367 = VERTEX_POINT('',#5368);
#5368 = CARTESIAN_POINT('',(-60.,-10.,24.8));
#5369 = LINE('',#5370,#5371);
#5370 = CARTESIAN_POINT('',(-60.,-10.,24.8));
#5371 = VECTOR('',#5372,1.);
#5372 = DIRECTION('',(1.,0.,0.));
#5373 = ORIENTED_EDGE('',*,*,#5374,.T.);
#5374 = EDGE_CURVE('',#5367,#5336,#5375,.T.);
#5375 = LINE('',#5376,#5377);
#5376 = CARTESIAN_POINT('',(-60.,-10.,24.8));
#5377 = VECTOR('',#5378,1.);
#5378 = DIRECTION('',(0.,0.707106781187,-0.707106781187));
#5379 = ORIENTED_EDGE('',*,*,#5335,.T.);
#5380 = PLANE('',#5381);
#5381 = AXIS2_PLACEMENT_3D('',#5382,#5383,#5384);
#5382 = CARTESIAN_POINT('',(-60.,-10.,24.8));
#5383 = DIRECTION('',(0.,-0.707106781187,-0.707106781187));
#5384 = DIRECTION('',(0.,0.707106781187,-0.707106781187));
#5385 = ADVANCED_FACE('',(#5386),#5411,.T.);
#5386 = FACE_BOUND('',#5387,.T.);
#5387 = EDGE_LOOP('',(#5388,#5396,#5404,#5410));
#5388 = ORIENTED_EDGE('',*,*,#5389,.F.);
#5389 = EDGE_CURVE('',#5390,#5359,#5392,.T.);
#5390 = VERTEX_POINT('',#5391);
#5391 = CARTESIAN_POINT('',(290.,-10.,30.));
#5392 = LINE('',#5393,#5394);
#5393 = CARTESIAN_POINT('',(290.,-10.,30.));
#5394 = VECTOR('',#5395,1.);
#5395 = DIRECTION('',(0.,-4.34E-15,-1.));
#5396 = ORIENTED_EDGE('',*,*,#5397,.F.);
#5397 = EDGE_CURVE('',#5398,#5390,#5400,.T.);
#5398 = VERTEX_POINT('',#5399);
#5399 = CARTESIAN_POINT('',(-60.,-10.,30.));
#5400 = LINE('',#5401,#5402);
#5401 = CARTESIAN_POINT('',(-60.,-10.,30.));
#5402 = VECTOR('',#5403,1.);
#5403 = DIRECTION('',(1.,0.,0.));
#5404 = ORIENTED_EDGE('',*,*,#5405,.T.);
#5405 = EDGE_CURVE('',#5398,#5367,#5406,.T.);
#5406 = LINE('',#5407,#5408);
#5407 = CARTESIAN_POINT('',(-60.,-10.,30.));
#5408 = VECTOR('',#5409,1.);
#5409 = DIRECTION('',(0.,-4.34E-15,-1.));
#5410 = ORIENTED_EDGE('',*,*,#5366,.T.);
#5411 = PLANE('',#5412);
#5412 = AXIS2_PLACEMENT_3D('',#5413,#5414,#5415);
#5413 = CARTESIAN_POINT('',(-60.,-10.,30.));
#5414 = DIRECTION('',(0.,-1.,4.34E-15));
#5415 = DIRECTION('',(0.,-4.34E-15,-1.));
#5416 = ADVANCED_FACE('',(#5417),#5442,.T.);
#5417 = FACE_BOUND('',#5418,.T.);
#5418 = EDGE_LOOP('',(#5419,#5427,#5435,#5441));
#5419 = ORIENTED_EDGE('',*,*,#5420,.F.);
#5420 = EDGE_CURVE('',#5421,#5390,#5423,.T.);
#5421 = VERTEX_POINT('',#5422);
#5422 = CARTESIAN_POINT('',(290.,-4.8,30.));
#5423 = LINE('',#5424,#5425);
#5424 = CARTESIAN_POINT('',(290.,-4.8,30.));
#5425 = VECTOR('',#5426,1.);
#5426 = DIRECTION('',(0.,-1.,0.));
#5427 = ORIENTED_EDGE('',*,*,#5428,.F.);
#5428 = EDGE_CURVE('',#5429,#5421,#5431,.T.);
#5429 = VERTEX_POINT('',#5430);
#5430 = CARTESIAN_POINT('',(-60.,-4.8,30.));
#5431 = LINE('',#5432,#5433);
#5432 = CARTESIAN_POINT('',(-60.,-4.8,30.));
#5433 = VECTOR('',#5434,1.);
#5434 = DIRECTION('',(1.,0.,0.));
#5435 = ORIENTED_EDGE('',*,*,#5436,.T.);
#5436 = EDGE_CURVE('',#5429,#5398,#5437,.T.);
#5437 = LINE('',#5438,#5439);
#5438 = CARTESIAN_POINT('',(-60.,-4.8,30.));
#5439 = VECTOR('',#5440,1.);
#5440 = DIRECTION('',(0.,-1.,0.));
#5441 = ORIENTED_EDGE('',*,*,#5397,.T.);
#5442 = PLANE('',#5443);
#5443 = AXIS2_PLACEMENT_3D('',#5444,#5445,#5446);
#5444 = CARTESIAN_POINT('',(-60.,-4.8,30.));
#5445 = DIRECTION('',(-0.,0.,1.));
#5446 = DIRECTION('',(1.,0.,0.));
#5447 = ADVANCED_FACE('',(#5448),#5473,.T.);
#5448 = FACE_BOUND('',#5449,.T.);
#5449 = EDGE_LOOP('',(#5450,#5458,#5466,#5472));
#5450 = ORIENTED_EDGE('',*,*,#5451,.F.);
#5451 = EDGE_CURVE('',#5452,#5421,#5454,.T.);
#5452 = VERTEX_POINT('',#5453);
#5453 = CARTESIAN_POINT('',(290.,-3.,28.2));
#5454 = LINE('',#5455,#5456);
#5455 = CARTESIAN_POINT('',(290.,-3.,28.2));
#5456 = VECTOR('',#5457,1.);
#5457 = DIRECTION('',(0.,-0.707106781187,0.707106781187));
#5458 = ORIENTED_EDGE('',*,*,#5459,.F.);
#5459 = EDGE_CURVE('',#5460,#5452,#5462,.T.);
#5460 = VERTEX_POINT('',#5461);
#5461 = CARTESIAN_POINT('',(-60.,-3.,28.2));
#5462 = LINE('',#5463,#5464);
#5463 = CARTESIAN_POINT('',(-60.,-3.,28.2));
#5464 = VECTOR('',#5465,1.);
#5465 = DIRECTION('',(1.,0.,0.));
#5466 = ORIENTED_EDGE('',*,*,#5467,.T.);
#5467 = EDGE_CURVE('',#5460,#5429,#5468,.T.);
#5468 = LINE('',#5469,#5470);
#5469 = CARTESIAN_POINT('',(-60.,-3.,28.2));
#5470 = VECTOR('',#5471,1.);
#5471 = DIRECTION('',(0.,-0.707106781187,0.707106781187));
#5472 = ORIENTED_EDGE('',*,*,#5428,.T.);
#5473 = PLANE('',#5474);
#5474 = AXIS2_PLACEMENT_3D('',#5475,#5476,#5477);
#5475 = CARTESIAN_POINT('',(-60.,-3.,28.2));
#5476 = DIRECTION('',(-0.,0.707106781187,0.707106781187));
#5477 = DIRECTION('',(0.,-0.707106781187,0.707106781187));
#5478 = ADVANCED_FACE('',(#5479),#5504,.T.);
#5479 = FACE_BOUND('',#5480,.T.);
#5480 = EDGE_LOOP('',(#5481,#5489,#5497,#5503));
#5481 = ORIENTED_EDGE('',*,*,#5482,.F.);
#5482 = EDGE_CURVE('',#5483,#5452,#5485,.T.);
#5483 = VERTEX_POINT('',#5484);
#5484 = CARTESIAN_POINT('',(290.,-5.210050506339,28.2));
#5485 = LINE('',#5486,#5487);
#5486 = CARTESIAN_POINT('',(290.,-5.210050506339,28.2));
#5487 = VECTOR('',#5488,1.);
#5488 = DIRECTION('',(0.,1.,1.57E-15));
#5489 = ORIENTED_EDGE('',*,*,#5490,.F.);
#5490 = EDGE_CURVE('',#5491,#5483,#5493,.T.);
#5491 = VERTEX_POINT('',#5492);
#5492 = CARTESIAN_POINT('',(-60.,-5.210050506339,28.2));
#5493 = LINE('',#5494,#5495);
#5494 = CARTESIAN_POINT('',(-60.,-5.210050506339,28.2));
#5495 = VECTOR('',#5496,1.);
#5496 = DIRECTION('',(1.,0.,0.));
#5497 = ORIENTED_EDGE('',*,*,#5498,.T.);
#5498 = EDGE_CURVE('',#5491,#5460,#5499,.T.);
#5499 = LINE('',#5500,#5501);
#5500 = CARTESIAN_POINT('',(-60.,-5.210050506339,28.2));
#5501 = VECTOR('',#5502,1.);
#5502 = DIRECTION('',(0.,1.,1.57E-15));
#5503 = ORIENTED_EDGE('',*,*,#5459,.T.);
#5504 = PLANE('',#5505);
#5505 = AXIS2_PLACEMENT_3D('',#5506,#5507,#5508);
#5506 = CARTESIAN_POINT('',(-60.,-5.210050506339,28.2));
#5507 = DIRECTION('',(0.,1.57E-15,-1.));
#5508 = DIRECTION('',(0.,1.,1.57E-15));
#5509 = ADVANCED_FACE('',(#5510),#5535,.T.);
#5510 = FACE_BOUND('',#5511,.T.);
#5511 = EDGE_LOOP('',(#5512,#5520,#5528,#5534));
#5512 = ORIENTED_EDGE('',*,*,#5513,.F.);
#5513 = EDGE_CURVE('',#5514,#5483,#5516,.T.);
#5514 = VERTEX_POINT('',#5515);
#5515 = CARTESIAN_POINT('',(290.,-5.210050506339,26.2));
#5516 = LINE('',#5517,#5518);
#5517 = CARTESIAN_POINT('',(290.,-5.210050506339,26.2));
#5518 = VECTOR('',#5519,1.);
#5519 = DIRECTION('',(0.,0.,1.));
#5520 = ORIENTED_EDGE('',*,*,#5521,.F.);
#5521 = EDGE_CURVE('',#5522,#5514,#5524,.T.);
#5522 = VERTEX_POINT('',#5523);
#5523 = CARTESIAN_POINT('',(-60.,-5.210050506339,26.2));
#5524 = LINE('',#5525,#5526);
#5525 = CARTESIAN_POINT('',(-60.,-5.210050506339,26.2));
#5526 = VECTOR('',#5527,1.);
#5527 = DIRECTION('',(1.,0.,0.));
#5528 = ORIENTED_EDGE('',*,*,#5529,.T.);
#5529 = EDGE_CURVE('',#5522,#5491,#5530,.T.);
#5530 = LINE('',#5531,#5532);
#5531 = CARTESIAN_POINT('',(-60.,-5.210050506339,26.2));
#5532 = VECTOR('',#5533,1.);
#5533 = DIRECTION('',(0.,0.,1.));
#5534 = ORIENTED_EDGE('',*,*,#5490,.T.);
#5535 = PLANE('',#5536);
#5536 = AXIS2_PLACEMENT_3D('',#5537,#5538,#5539);
#5537 = CARTESIAN_POINT('',(-60.,-5.210050506339,26.2));
#5538 = DIRECTION('',(0.,1.,0.));
#5539 = DIRECTION('',(0.,-0.,1.));
#5540 = ADVANCED_FACE('',(#5541),#5566,.T.);
#5541 = FACE_BOUND('',#5542,.T.);
#5542 = EDGE_LOOP('',(#5543,#5551,#5559,#5565));
#5543 = ORIENTED_EDGE('',*,*,#5544,.F.);
#5544 = EDGE_CURVE('',#5545,#5514,#5547,.T.);
#5545 = VERTEX_POINT('',#5546);
#5546 = CARTESIAN_POINT('',(290.,-3.010050506339,24.));
#5547 = LINE('',#5548,#5549);
#5548 = CARTESIAN_POINT('',(290.,-3.010050506339,24.));
#5549 = VECTOR('',#5550,1.);
#5550 = DIRECTION('',(0.,-0.707106781187,0.707106781187));
#5551 = ORIENTED_EDGE('',*,*,#5552,.F.);
#5552 = EDGE_CURVE('',#5553,#5545,#5555,.T.);
#5553 = VERTEX_POINT('',#5554);
#5554 = CARTESIAN_POINT('',(-60.,-3.010050506339,24.));
#5555 = LINE('',#5556,#5557);
#5556 = CARTESIAN_POINT('',(-60.,-3.010050506339,24.));
#5557 = VECTOR('',#5558,1.);
#5558 = DIRECTION('',(1.,0.,0.));
#5559 = ORIENTED_EDGE('',*,*,#5560,.T.);
#5560 = EDGE_CURVE('',#5553,#5522,#5561,.T.);
#5561 = LINE('',#5562,#5563);
#5562 = CARTESIAN_POINT('',(-60.,-3.010050506339,24.));
#5563 = VECTOR('',#5564,1.);
#5564 = DIRECTION('',(0.,-0.707106781187,0.707106781187));
#5565 = ORIENTED_EDGE('',*,*,#5521,.T.);
#5566 = PLANE('',#5567);
#5567 = AXIS2_PLACEMENT_3D('',#5568,#5569,#5570);
#5568 = CARTESIAN_POINT('',(-60.,-3.010050506339,24.));
#5569 = DIRECTION('',(-0.,0.707106781187,0.707106781187));
#5570 = DIRECTION('',(0.,-0.707106781187,0.707106781187));
#5571 = ADVANCED_FACE('',(#5572),#5599,.T.);
#5572 = FACE_BOUND('',#5573,.T.);
#5573 = EDGE_LOOP('',(#5574,#5575,#5576,#5577,#5583,#5584,#5592,#5598));
#5574 = ORIENTED_EDGE('',*,*,#1460,.F.);
#5575 = ORIENTED_EDGE('',*,*,#201,.T.);
#5576 = ORIENTED_EDGE('',*,*,#1422,.F.);
#5577 = ORIENTED_EDGE('',*,*,#5578,.T.);
#5578 = EDGE_CURVE('',#1423,#5553,#5579,.T.);
#5579 = LINE('',#5580,#5581);
#5580 = CARTESIAN_POINT('',(-60.,-0.5,24.));
#5581 = VECTOR('',#5582,1.);
#5582 = DIRECTION('',(0.,-1.,1.38E-15));
#5583 = ORIENTED_EDGE('',*,*,#5552,.T.);
#5584 = ORIENTED_EDGE('',*,*,#5585,.F.);
#5585 = EDGE_CURVE('',#5586,#5545,#5588,.T.);
#5586 = VERTEX_POINT('',#5587);
#5587 = CARTESIAN_POINT('',(290.,-0.5,24.));
#5588 = LINE('',#5589,#5590);
#5589 = CARTESIAN_POINT('',(290.,-0.5,24.));
#5590 = VECTOR('',#5591,1.);
#5591 = DIRECTION('',(0.,-1.,1.38E-15));
#5592 = ORIENTED_EDGE('',*,*,#5593,.F.);
#5593 = EDGE_CURVE('',#427,#5586,#5594,.T.);
#5594 = LINE('',#5595,#5596);
#5595 = CARTESIAN_POINT('',(-60.,-0.5,24.));
#5596 = VECTOR('',#5597,1.);
#5597 = DIRECTION('',(1.,0.,0.));
#5598 = ORIENTED_EDGE('',*,*,#435,.T.);
#5599 = PLANE('',#5600);
#5600 = AXIS2_PLACEMENT_3D('',#5601,#5602,#5603);
#5601 = CARTESIAN_POINT('',(-60.,-0.5,24.));
#5602 = DIRECTION('',(-0.,1.38E-15,1.));
#5603 = DIRECTION('',(0.,-1.,1.38E-15));
#5604 = ADVANCED_FACE('',(#5605),#5616,.T.);
#5605 = FACE_BOUND('',#5606,.T.);
#5606 = EDGE_LOOP('',(#5607,#5608,#5609,#5610));
#5607 = ORIENTED_EDGE('',*,*,#1525,.F.);
#5608 = ORIENTED_EDGE('',*,*,#426,.T.);
#5609 = ORIENTED_EDGE('',*,*,#5593,.T.);
#5610 = ORIENTED_EDGE('',*,*,#5611,.F.);
#5611 = EDGE_CURVE('',#1526,#5586,#5612,.T.);
#5612 = LINE('',#5613,#5614);
#5613 = CARTESIAN_POINT('',(290.,3.449E-14,23.5));
#5614 = VECTOR('',#5615,1.);
#5615 = DIRECTION('',(0.,-0.707106781187,0.707106781187));
#5616 = PLANE('',#5617);
#5617 = AXIS2_PLACEMENT_3D('',#5618,#5619,#5620);
#5618 = CARTESIAN_POINT('',(-60.,3.449E-14,23.5));
#5619 = DIRECTION('',(-0.,0.707106781187,0.707106781187));
#5620 = DIRECTION('',(0.,-0.707106781187,0.707106781187));
#5621 = ADVANCED_FACE('',(#5622),#5648,.T.);
#5622 = FACE_BOUND('',#5623,.T.);
#5623 = EDGE_LOOP('',(#5624,#5625,#5634,#5642));
#5624 = ORIENTED_EDGE('',*,*,#1431,.T.);
#5625 = ORIENTED_EDGE('',*,*,#5626,.T.);
#5626 = EDGE_CURVE('',#211,#5627,#5629,.T.);
#5627 = VERTEX_POINT('',#5628);
#5628 = CARTESIAN_POINT('',(62.960392194563,0.5,24.));
#5629 = ( BOUNDED_CURVE() B_SPLINE_CURVE(3,(#5630,#5631,#5632,#5633),
.UNSPECIFIED.,.F.,.F.) B_SPLINE_CURVE_WITH_KNOTS((4,4),(4.712388980385,
4.952793197154),.PIECEWISE_BEZIER_KNOTS.) CURVE() 
GEOMETRIC_REPRESENTATION_ITEM() RATIONAL_B_SPLINE_CURVE((1.,
0.995189613824,0.995189613824,1.)) REPRESENTATION_ITEM('') );
#5630 = CARTESIAN_POINT('',(62.9,3.449E-14,23.5));
#5631 = CARTESIAN_POINT('',(62.9,0.16868946518,23.66868946518));
#5632 = CARTESIAN_POINT('',(62.920228036187,0.336161738154,
    23.836161738154));
#5633 = CARTESIAN_POINT('',(62.960392194563,0.5,24.));
#5634 = ORIENTED_EDGE('',*,*,#5635,.F.);
#5635 = EDGE_CURVE('',#5636,#5627,#5638,.T.);
#5636 = VERTEX_POINT('',#5637);
#5637 = CARTESIAN_POINT('',(-60.,0.5,24.));
#5638 = LINE('',#5639,#5640);
#5639 = CARTESIAN_POINT('',(-60.,0.5,24.));
#5640 = VECTOR('',#5641,1.);
#5641 = DIRECTION('',(1.,0.,0.));
#5642 = ORIENTED_EDGE('',*,*,#5643,.T.);
#5643 = EDGE_CURVE('',#5636,#1432,#5644,.T.);
#5644 = LINE('',#5645,#5646);
#5645 = CARTESIAN_POINT('',(-60.,0.5,24.));
#5646 = VECTOR('',#5647,1.);
#5647 = DIRECTION('',(0.,-0.707106781187,-0.707106781187));
#5648 = PLANE('',#5649);
#5649 = AXIS2_PLACEMENT_3D('',#5650,#5651,#5652);
#5650 = CARTESIAN_POINT('',(-60.,0.5,24.));
#5651 = DIRECTION('',(0.,-0.707106781187,0.707106781187));
#5652 = DIRECTION('',(0.,-0.707106781187,-0.707106781187));
#5653 = ADVANCED_FACE('',(#5654),#5695,.T.);
#5654 = FACE_BOUND('',#5655,.T.);
#5655 = EDGE_LOOP('',(#5656,#5657,#5664,#5665,#5672,#5673,#5681,#5689));
#5656 = ORIENTED_EDGE('',*,*,#5635,.T.);
#5657 = ORIENTED_EDGE('',*,*,#5658,.T.);
#5658 = EDGE_CURVE('',#5627,#1476,#5659,.T.);
#5659 = CIRCLE('',#5660,2.1);
#5660 = AXIS2_PLACEMENT_3D('',#5661,#5662,#5663);
#5661 = CARTESIAN_POINT('',(65.,-1.735E-14,24.));
#5662 = DIRECTION('',(0.,-0.,-1.));
#5663 = DIRECTION('',(1.,-3.55E-15,0.));
#5664 = ORIENTED_EDGE('',*,*,#1475,.T.);
#5665 = ORIENTED_EDGE('',*,*,#5666,.T.);
#5666 = EDGE_CURVE('',#1478,#1509,#5667,.T.);
#5667 = CIRCLE('',#5668,2.1);
#5668 = AXIS2_PLACEMENT_3D('',#5669,#5670,#5671);
#5669 = CARTESIAN_POINT('',(85.,-2.082E-14,24.));
#5670 = DIRECTION('',(0.,-0.,-1.));
#5671 = DIRECTION('',(1.,-5.33E-15,0.));
#5672 = ORIENTED_EDGE('',*,*,#1508,.T.);
#5673 = ORIENTED_EDGE('',*,*,#5674,.F.);
#5674 = EDGE_CURVE('',#5675,#1511,#5677,.T.);
#5675 = VERTEX_POINT('',#5676);
#5676 = CARTESIAN_POINT('',(290.,3.010050506339,24.));
#5677 = LINE('',#5678,#5679);
#5678 = CARTESIAN_POINT('',(290.,3.010050506339,24.));
#5679 = VECTOR('',#5680,1.);
#5680 = DIRECTION('',(0.,-1.,0.));
#5681 = ORIENTED_EDGE('',*,*,#5682,.F.);
#5682 = EDGE_CURVE('',#5683,#5675,#5685,.T.);
#5683 = VERTEX_POINT('',#5684);
#5684 = CARTESIAN_POINT('',(-60.,3.010050506339,24.));
#5685 = LINE('',#5686,#5687);
#5686 = CARTESIAN_POINT('',(-60.,3.010050506339,24.));
#5687 = VECTOR('',#5688,1.);
#5688 = DIRECTION('',(1.,0.,0.));
#5689 = ORIENTED_EDGE('',*,*,#5690,.T.);
#5690 = EDGE_CURVE('',#5683,#5636,#5691,.T.);
#5691 = LINE('',#5692,#5693);
#5692 = CARTESIAN_POINT('',(-60.,3.010050506339,24.));
#5693 = VECTOR('',#5694,1.);
#5694 = DIRECTION('',(0.,-1.,0.));
#5695 = PLANE('',#5696);
#5696 = AXIS2_PLACEMENT_3D('',#5697,#5698,#5699);
#5697 = CARTESIAN_POINT('',(-60.,3.010050506339,24.));
#5698 = DIRECTION('',(-0.,0.,1.));
#5699 = DIRECTION('',(1.,0.,0.));
#5700 = ADVANCED_FACE('',(#5701),#5726,.T.);
#5701 = FACE_BOUND('',#5702,.T.);
#5702 = EDGE_LOOP('',(#5703,#5711,#5719,#5725));
#5703 = ORIENTED_EDGE('',*,*,#5704,.F.);
#5704 = EDGE_CURVE('',#5705,#5675,#5707,.T.);
#5705 = VERTEX_POINT('',#5706);
#5706 = CARTESIAN_POINT('',(290.,5.210050506339,26.2));
#5707 = LINE('',#5708,#5709);
#5708 = CARTESIAN_POINT('',(290.,5.210050506339,26.2));
#5709 = VECTOR('',#5710,1.);
#5710 = DIRECTION('',(0.,-0.707106781187,-0.707106781187));
#5711 = ORIENTED_EDGE('',*,*,#5712,.F.);
#5712 = EDGE_CURVE('',#5713,#5705,#5715,.T.);
#5713 = VERTEX_POINT('',#5714);
#5714 = CARTESIAN_POINT('',(-60.,5.210050506339,26.2));
#5715 = LINE('',#5716,#5717);
#5716 = CARTESIAN_POINT('',(-60.,5.210050506339,26.2));
#5717 = VECTOR('',#5718,1.);
#5718 = DIRECTION('',(1.,0.,0.));
#5719 = ORIENTED_EDGE('',*,*,#5720,.T.);
#5720 = EDGE_CURVE('',#5713,#5683,#5721,.T.);
#5721 = LINE('',#5722,#5723);
#5722 = CARTESIAN_POINT('',(-60.,5.210050506339,26.2));
#5723 = VECTOR('',#5724,1.);
#5724 = DIRECTION('',(0.,-0.707106781187,-0.707106781187));
#5725 = ORIENTED_EDGE('',*,*,#5682,.T.);
#5726 = PLANE('',#5727);
#5727 = AXIS2_PLACEMENT_3D('',#5728,#5729,#5730);
#5728 = CARTESIAN_POINT('',(-60.,5.210050506339,26.2));
#5729 = DIRECTION('',(0.,-0.707106781187,0.707106781187));
#5730 = DIRECTION('',(0.,-0.707106781187,-0.707106781187));
#5731 = ADVANCED_FACE('',(#5732),#5757,.T.);
#5732 = FACE_BOUND('',#5733,.T.);
#5733 = EDGE_LOOP('',(#5734,#5742,#5750,#5756));
#5734 = ORIENTED_EDGE('',*,*,#5735,.F.);
#5735 = EDGE_CURVE('',#5736,#5705,#5738,.T.);
#5736 = VERTEX_POINT('',#5737);
#5737 = CARTESIAN_POINT('',(290.,5.210050506339,28.2));
#5738 = LINE('',#5739,#5740);
#5739 = CARTESIAN_POINT('',(290.,5.210050506339,28.2));
#5740 = VECTOR('',#5741,1.);
#5741 = DIRECTION('',(0.,4.3E-16,-1.));
#5742 = ORIENTED_EDGE('',*,*,#5743,.F.);
#5743 = EDGE_CURVE('',#5744,#5736,#5746,.T.);
#5744 = VERTEX_POINT('',#5745);
#5745 = CARTESIAN_POINT('',(-60.,5.210050506339,28.2));
#5746 = LINE('',#5747,#5748);
#5747 = CARTESIAN_POINT('',(-60.,5.210050506339,28.2));
#5748 = VECTOR('',#5749,1.);
#5749 = DIRECTION('',(1.,0.,0.));
#5750 = ORIENTED_EDGE('',*,*,#5751,.T.);
#5751 = EDGE_CURVE('',#5744,#5713,#5752,.T.);
#5752 = LINE('',#5753,#5754);
#5753 = CARTESIAN_POINT('',(-60.,5.210050506339,28.2));
#5754 = VECTOR('',#5755,1.);
#5755 = DIRECTION('',(0.,4.3E-16,-1.));
#5756 = ORIENTED_EDGE('',*,*,#5712,.T.);
#5757 = PLANE('',#5758);
#5758 = AXIS2_PLACEMENT_3D('',#5759,#5760,#5761);
#5759 = CARTESIAN_POINT('',(-60.,5.210050506339,28.2));
#5760 = DIRECTION('',(0.,-1.,-4.3E-16));
#5761 = DIRECTION('',(0.,4.3E-16,-1.));
#5762 = ADVANCED_FACE('',(#5763),#5788,.T.);
#5763 = FACE_BOUND('',#5764,.T.);
#5764 = EDGE_LOOP('',(#5765,#5773,#5781,#5787));
#5765 = ORIENTED_EDGE('',*,*,#5766,.F.);
#5766 = EDGE_CURVE('',#5767,#5736,#5769,.T.);
#5767 = VERTEX_POINT('',#5768);
#5768 = CARTESIAN_POINT('',(290.,3.,28.2));
#5769 = LINE('',#5770,#5771);
#5770 = CARTESIAN_POINT('',(290.,3.,28.2));
#5771 = VECTOR('',#5772,1.);
#5772 = DIRECTION('',(0.,1.,0.));
#5773 = ORIENTED_EDGE('',*,*,#5774,.F.);
#5774 = EDGE_CURVE('',#5775,#5767,#5777,.T.);
#5775 = VERTEX_POINT('',#5776);
#5776 = CARTESIAN_POINT('',(-60.,3.,28.2));
#5777 = LINE('',#5778,#5779);
#5778 = CARTESIAN_POINT('',(-60.,3.,28.2));
#5779 = VECTOR('',#5780,1.);
#5780 = DIRECTION('',(1.,0.,0.));
#5781 = ORIENTED_EDGE('',*,*,#5782,.T.);
#5782 = EDGE_CURVE('',#5775,#5744,#5783,.T.);
#5783 = LINE('',#5784,#5785);
#5784 = CARTESIAN_POINT('',(-60.,3.,28.2));
#5785 = VECTOR('',#5786,1.);
#5786 = DIRECTION('',(0.,1.,0.));
#5787 = ORIENTED_EDGE('',*,*,#5743,.T.);
#5788 = PLANE('',#5789);
#5789 = AXIS2_PLACEMENT_3D('',#5790,#5791,#5792);
#5790 = CARTESIAN_POINT('',(-60.,3.,28.2));
#5791 = DIRECTION('',(0.,0.,-1.));
#5792 = DIRECTION('',(-1.,0.,-0.));
#5793 = ADVANCED_FACE('',(#5794),#5819,.T.);
#5794 = FACE_BOUND('',#5795,.T.);
#5795 = EDGE_LOOP('',(#5796,#5804,#5812,#5818));
#5796 = ORIENTED_EDGE('',*,*,#5797,.F.);
#5797 = EDGE_CURVE('',#5798,#5767,#5800,.T.);
#5798 = VERTEX_POINT('',#5799);
#5799 = CARTESIAN_POINT('',(290.,4.8,30.));
#5800 = LINE('',#5801,#5802);
#5801 = CARTESIAN_POINT('',(290.,4.8,30.));
#5802 = VECTOR('',#5803,1.);
#5803 = DIRECTION('',(0.,-0.707106781187,-0.707106781187));
#5804 = ORIENTED_EDGE('',*,*,#5805,.F.);
#5805 = EDGE_CURVE('',#5806,#5798,#5808,.T.);
#5806 = VERTEX_POINT('',#5807);
#5807 = CARTESIAN_POINT('',(-60.,4.8,30.));
#5808 = LINE('',#5809,#5810);
#5809 = CARTESIAN_POINT('',(-60.,4.8,30.));
#5810 = VECTOR('',#5811,1.);
#5811 = DIRECTION('',(1.,0.,0.));
#5812 = ORIENTED_EDGE('',*,*,#5813,.T.);
#5813 = EDGE_CURVE('',#5806,#5775,#5814,.T.);
#5814 = LINE('',#5815,#5816);
#5815 = CARTESIAN_POINT('',(-60.,4.8,30.));
#5816 = VECTOR('',#5817,1.);
#5817 = DIRECTION('',(0.,-0.707106781187,-0.707106781187));
#5818 = ORIENTED_EDGE('',*,*,#5774,.T.);
#5819 = PLANE('',#5820);
#5820 = AXIS2_PLACEMENT_3D('',#5821,#5822,#5823);
#5821 = CARTESIAN_POINT('',(-60.,4.8,30.));
#5822 = DIRECTION('',(0.,-0.707106781187,0.707106781187));
#5823 = DIRECTION('',(0.,-0.707106781187,-0.707106781187));
#5824 = ADVANCED_FACE('',(#5825),#5850,.T.);
#5825 = FACE_BOUND('',#5826,.T.);
#5826 = EDGE_LOOP('',(#5827,#5835,#5843,#5849));
#5827 = ORIENTED_EDGE('',*,*,#5828,.F.);
#5828 = EDGE_CURVE('',#5829,#5798,#5831,.T.);
#5829 = VERTEX_POINT('',#5830);
#5830 = CARTESIAN_POINT('',(290.,15.2,30.));
#5831 = LINE('',#5832,#5833);
#5832 = CARTESIAN_POINT('',(290.,15.2,30.));
#5833 = VECTOR('',#5834,1.);
#5834 = DIRECTION('',(0.,-1.,0.));
#5835 = ORIENTED_EDGE('',*,*,#5836,.F.);
#5836 = EDGE_CURVE('',#5837,#5829,#5839,.T.);
#5837 = VERTEX_POINT('',#5838);
#5838 = CARTESIAN_POINT('',(-60.,15.2,30.));
#5839 = LINE('',#5840,#5841);
#5840 = CARTESIAN_POINT('',(-60.,15.2,30.));
#5841 = VECTOR('',#5842,1.);
#5842 = DIRECTION('',(1.,0.,0.));
#5843 = ORIENTED_EDGE('',*,*,#5844,.T.);
#5844 = EDGE_CURVE('',#5837,#5806,#5845,.T.);
#5845 = LINE('',#5846,#5847);
#5846 = CARTESIAN_POINT('',(-60.,15.2,30.));
#5847 = VECTOR('',#5848,1.);
#5848 = DIRECTION('',(0.,-1.,0.));
#5849 = ORIENTED_EDGE('',*,*,#5805,.T.);
#5850 = PLANE('',#5851);
#5851 = AXIS2_PLACEMENT_3D('',#5852,#5853,#5854);
#5852 = CARTESIAN_POINT('',(-60.,15.2,30.));
#5853 = DIRECTION('',(-0.,0.,1.));
#5854 = DIRECTION('',(1.,0.,0.));
#5855 = ADVANCED_FACE('',(#5856),#5881,.T.);
#5856 = FACE_BOUND('',#5857,.T.);
#5857 = EDGE_LOOP('',(#5858,#5866,#5874,#5880));
#5858 = ORIENTED_EDGE('',*,*,#5859,.F.);
#5859 = EDGE_CURVE('',#5860,#5829,#5862,.T.);
#5860 = VERTEX_POINT('',#5861);
#5861 = CARTESIAN_POINT('',(290.,17.,28.2));
#5862 = LINE('',#5863,#5864);
#5863 = CARTESIAN_POINT('',(290.,17.,28.2));
#5864 = VECTOR('',#5865,1.);
#5865 = DIRECTION('',(0.,-0.707106781187,0.707106781187));
#5866 = ORIENTED_EDGE('',*,*,#5867,.F.);
#5867 = EDGE_CURVE('',#5868,#5860,#5870,.T.);
#5868 = VERTEX_POINT('',#5869);
#5869 = CARTESIAN_POINT('',(-60.,17.,28.2));
#5870 = LINE('',#5871,#5872);
#5871 = CARTESIAN_POINT('',(-60.,17.,28.2));
#5872 = VECTOR('',#5873,1.);
#5873 = DIRECTION('',(1.,0.,0.));
#5874 = ORIENTED_EDGE('',*,*,#5875,.T.);
#5875 = EDGE_CURVE('',#5868,#5837,#5876,.T.);
#5876 = LINE('',#5877,#5878);
#5877 = CARTESIAN_POINT('',(-60.,17.,28.2));
#5878 = VECTOR('',#5879,1.);
#5879 = DIRECTION('',(0.,-0.707106781187,0.707106781187));
#5880 = ORIENTED_EDGE('',*,*,#5836,.T.);
#5881 = PLANE('',#5882);
#5882 = AXIS2_PLACEMENT_3D('',#5883,#5884,#5885);
#5883 = CARTESIAN_POINT('',(-60.,17.,28.2));
#5884 = DIRECTION('',(-0.,0.707106781187,0.707106781187));
#5885 = DIRECTION('',(0.,-0.707106781187,0.707106781187));
#5886 = ADVANCED_FACE('',(#5887),#5912,.T.);
#5887 = FACE_BOUND('',#5888,.T.);
#5888 = EDGE_LOOP('',(#5889,#5897,#5905,#5911));
#5889 = ORIENTED_EDGE('',*,*,#5890,.F.);
#5890 = EDGE_CURVE('',#5891,#5860,#5893,.T.);
#5891 = VERTEX_POINT('',#5892);
#5892 = CARTESIAN_POINT('',(290.,14.789949493661,28.2));
#5893 = LINE('',#5894,#5895);
#5894 = CARTESIAN_POINT('',(290.,14.789949493661,28.2));
#5895 = VECTOR('',#5896,1.);
#5896 = DIRECTION('',(0.,1.,0.));
#5897 = ORIENTED_EDGE('',*,*,#5898,.F.);
#5898 = EDGE_CURVE('',#5899,#5891,#5901,.T.);
#5899 = VERTEX_POINT('',#5900);
#5900 = CARTESIAN_POINT('',(-60.,14.789949493661,28.2));
#5901 = LINE('',#5902,#5903);
#5902 = CARTESIAN_POINT('',(-60.,14.789949493661,28.2));
#5903 = VECTOR('',#5904,1.);
#5904 = DIRECTION('',(1.,0.,0.));
#5905 = ORIENTED_EDGE('',*,*,#5906,.T.);
#5906 = EDGE_CURVE('',#5899,#5868,#5907,.T.);
#5907 = LINE('',#5908,#5909);
#5908 = CARTESIAN_POINT('',(-60.,14.789949493661,28.2));
#5909 = VECTOR('',#5910,1.);
#5910 = DIRECTION('',(0.,1.,0.));
#5911 = ORIENTED_EDGE('',*,*,#5867,.T.);
#5912 = PLANE('',#5913);
#5913 = AXIS2_PLACEMENT_3D('',#5914,#5915,#5916);
#5914 = CARTESIAN_POINT('',(-60.,14.789949493661,28.2));
#5915 = DIRECTION('',(0.,0.,-1.));
#5916 = DIRECTION('',(-1.,0.,-0.));
#5917 = ADVANCED_FACE('',(#5918),#5934,.T.);
#5918 = FACE_BOUND('',#5919,.T.);
#5919 = EDGE_LOOP('',(#5920,#5926,#5927,#5933));
#5920 = ORIENTED_EDGE('',*,*,#5921,.F.);
#5921 = EDGE_CURVE('',#2012,#5891,#5922,.T.);
#5922 = LINE('',#5923,#5924);
#5923 = CARTESIAN_POINT('',(290.,14.789949493661,26.2));
#5924 = VECTOR('',#5925,1.);
#5925 = DIRECTION('',(0.,1.73E-15,1.));
#5926 = ORIENTED_EDGE('',*,*,#2035,.F.);
#5927 = ORIENTED_EDGE('',*,*,#5928,.T.);
#5928 = EDGE_CURVE('',#2028,#5899,#5929,.T.);
#5929 = LINE('',#5930,#5931);
#5930 = CARTESIAN_POINT('',(-60.,14.789949493661,26.2));
#5931 = VECTOR('',#5932,1.);
#5932 = DIRECTION('',(0.,1.73E-15,1.));
#5933 = ORIENTED_EDGE('',*,*,#5898,.T.);
#5934 = PLANE('',#5935);
#5935 = AXIS2_PLACEMENT_3D('',#5936,#5937,#5938);
#5936 = CARTESIAN_POINT('',(-60.,14.789949493661,26.2));
#5937 = DIRECTION('',(0.,1.,-1.73E-15));
#5938 = DIRECTION('',(0.,1.73E-15,1.));
#5939 = ADVANCED_FACE('',(#5940,#5950,#5960,#5970,#5980,#6380),#6510,.F.
  );
#5940 = FACE_BOUND('',#5941,.T.);
#5941 = EDGE_LOOP('',(#5942,#5943));
#5942 = ORIENTED_EDGE('',*,*,#881,.T.);
#5943 = ORIENTED_EDGE('',*,*,#5944,.T.);
#5944 = EDGE_CURVE('',#882,#874,#5945,.T.);
#5945 = CIRCLE('',#5946,2.5);
#5946 = AXIS2_PLACEMENT_3D('',#5947,#5948,#5949);
#5947 = CARTESIAN_POINT('',(-60.,0.,0.));
#5948 = DIRECTION('',(1.,0.,0.));
#5949 = DIRECTION('',(0.,0.,-1.));
#5950 = FACE_BOUND('',#5951,.T.);
#5951 = EDGE_LOOP('',(#5952,#5953));
#5952 = ORIENTED_EDGE('',*,*,#839,.T.);
#5953 = ORIENTED_EDGE('',*,*,#5954,.T.);
#5954 = EDGE_CURVE('',#840,#832,#5955,.T.);
#5955 = CIRCLE('',#5956,2.5);
#5956 = AXIS2_PLACEMENT_3D('',#5957,#5958,#5959);
#5957 = CARTESIAN_POINT('',(-60.,-1.73E-15,20.));
#5958 = DIRECTION('',(1.,0.,0.));
#5959 = DIRECTION('',(0.,0.,-1.));
#5960 = FACE_BOUND('',#5961,.T.);
#5961 = EDGE_LOOP('',(#5962,#5963));
#5962 = ORIENTED_EDGE('',*,*,#797,.T.);
#5963 = ORIENTED_EDGE('',*,*,#5964,.T.);
#5964 = EDGE_CURVE('',#798,#790,#5965,.T.);
#5965 = CIRCLE('',#5966,2.5);
#5966 = AXIS2_PLACEMENT_3D('',#5967,#5968,#5969);
#5967 = CARTESIAN_POINT('',(-60.,20.,20.));
#5968 = DIRECTION('',(1.,0.,0.));
#5969 = DIRECTION('',(0.,0.,-1.));
#5970 = FACE_BOUND('',#5971,.T.);
#5971 = EDGE_LOOP('',(#5972,#5973));
#5972 = ORIENTED_EDGE('',*,*,#755,.T.);
#5973 = ORIENTED_EDGE('',*,*,#5974,.T.);
#5974 = EDGE_CURVE('',#756,#748,#5975,.T.);
#5975 = CIRCLE('',#5976,2.5);
#5976 = AXIS2_PLACEMENT_3D('',#5977,#5978,#5979);
#5977 = CARTESIAN_POINT('',(-60.,20.,1.73E-15));
#5978 = DIRECTION('',(1.,0.,0.));
#5979 = DIRECTION('',(0.,0.,-1.));
#5980 = FACE_BOUND('',#5981,.T.);
#5981 = EDGE_LOOP('',(#5982,#5992,#6000,#6008,#6016,#6024,#6032,#6040,
    #6046,#6047,#6055,#6063,#6071,#6079,#6087,#6095,#6103,#6111,#6119,
    #6127,#6135,#6143,#6151,#6159,#6167,#6175,#6183,#6191,#6199,#6207,
    #6215,#6223,#6231,#6239,#6247,#6255,#6263,#6271,#6279,#6287,#6295,
    #6303,#6311,#6317,#6318,#6326,#6334,#6342,#6350,#6358,#6366,#6374));
#5982 = ORIENTED_EDGE('',*,*,#5983,.T.);
#5983 = EDGE_CURVE('',#5984,#5986,#5988,.T.);
#5984 = VERTEX_POINT('',#5985);
#5985 = CARTESIAN_POINT('',(-60.,13.8,25.210050506339));
#5986 = VERTEX_POINT('',#5987);
#5987 = CARTESIAN_POINT('',(-60.,6.2,25.210050506339));
#5988 = LINE('',#5989,#5990);
#5989 = CARTESIAN_POINT('',(-60.,6.2,25.210050506339));
#5990 = VECTOR('',#5991,1.);
#5991 = DIRECTION('',(-0.,-1.,-0.));
#5992 = ORIENTED_EDGE('',*,*,#5993,.T.);
#5993 = EDGE_CURVE('',#5986,#5994,#5996,.T.);
#5994 = VERTEX_POINT('',#5995);
#5995 = CARTESIAN_POINT('',(-60.,4.,23.010050506339));
#5996 = LINE('',#5997,#5998);
#5997 = CARTESIAN_POINT('',(-60.,4.,23.010050506339));
#5998 = VECTOR('',#5999,1.);
#5999 = DIRECTION('',(-0.,-0.707106781187,-0.707106781187));
#6000 = ORIENTED_EDGE('',*,*,#6001,.T.);
#6001 = EDGE_CURVE('',#5994,#6002,#6004,.T.);
#6002 = VERTEX_POINT('',#6003);
#6003 = CARTESIAN_POINT('',(-60.,4.,20.5));
#6004 = LINE('',#6005,#6006);
#6005 = CARTESIAN_POINT('',(-60.,4.,20.5));
#6006 = VECTOR('',#6007,1.);
#6007 = DIRECTION('',(-0.,3.5E-16,-1.));
#6008 = ORIENTED_EDGE('',*,*,#6009,.T.);
#6009 = EDGE_CURVE('',#6002,#6010,#6012,.T.);
#6010 = VERTEX_POINT('',#6011);
#6011 = CARTESIAN_POINT('',(-60.,3.5,20.));
#6012 = LINE('',#6013,#6014);
#6013 = CARTESIAN_POINT('',(-60.,3.5,20.));
#6014 = VECTOR('',#6015,1.);
#6015 = DIRECTION('',(-0.,-0.707106781187,-0.707106781187));
#6016 = ORIENTED_EDGE('',*,*,#6017,.T.);
#6017 = EDGE_CURVE('',#6010,#6018,#6020,.T.);
#6018 = VERTEX_POINT('',#6019);
#6019 = CARTESIAN_POINT('',(-60.,4.,19.5));
#6020 = LINE('',#6021,#6022);
#6021 = CARTESIAN_POINT('',(-60.,4.,19.5));
#6022 = VECTOR('',#6023,1.);
#6023 = DIRECTION('',(-0.,0.707106781187,-0.707106781187));
#6024 = ORIENTED_EDGE('',*,*,#6025,.T.);
#6025 = EDGE_CURVE('',#6018,#6026,#6028,.T.);
#6026 = VERTEX_POINT('',#6027);
#6027 = CARTESIAN_POINT('',(-60.,4.,16.989949493661));
#6028 = LINE('',#6029,#6030);
#6029 = CARTESIAN_POINT('',(-60.,4.,16.989949493661));
#6030 = VECTOR('',#6031,1.);
#6031 = DIRECTION('',(-0.,3.5E-16,-1.));
#6032 = ORIENTED_EDGE('',*,*,#6033,.T.);
#6033 = EDGE_CURVE('',#6026,#6034,#6036,.T.);
#6034 = VERTEX_POINT('',#6035);
#6035 = CARTESIAN_POINT('',(-60.,3.010050506339,16.));
#6036 = LINE('',#6037,#6038);
#6037 = CARTESIAN_POINT('',(-60.,3.010050506339,16.));
#6038 = VECTOR('',#6039,1.);
#6039 = DIRECTION('',(-0.,-0.707106781187,-0.707106781187));
#6040 = ORIENTED_EDGE('',*,*,#6041,.T.);
#6041 = EDGE_CURVE('',#6034,#1743,#6042,.T.);
#6042 = LINE('',#6043,#6044);
#6043 = CARTESIAN_POINT('',(-60.,0.5,16.));
#6044 = VECTOR('',#6045,1.);
#6045 = DIRECTION('',(-0.,-1.,-0.));
#6046 = ORIENTED_EDGE('',*,*,#1742,.T.);
#6047 = ORIENTED_EDGE('',*,*,#6048,.T.);
#6048 = EDGE_CURVE('',#1735,#6049,#6051,.T.);
#6049 = VERTEX_POINT('',#6050);
#6050 = CARTESIAN_POINT('',(-60.,-0.5,16.));
#6051 = LINE('',#6052,#6053);
#6052 = CARTESIAN_POINT('',(-60.,-0.5,16.));
#6053 = VECTOR('',#6054,1.);
#6054 = DIRECTION('',(-0.,-0.707106781187,-0.707106781187));
#6055 = ORIENTED_EDGE('',*,*,#6056,.T.);
#6056 = EDGE_CURVE('',#6049,#6057,#6059,.T.);
#6057 = VERTEX_POINT('',#6058);
#6058 = CARTESIAN_POINT('',(-60.,-3.010050506339,16.));
#6059 = LINE('',#6060,#6061);
#6060 = CARTESIAN_POINT('',(-60.,-3.010050506339,16.));
#6061 = VECTOR('',#6062,1.);
#6062 = DIRECTION('',(-0.,-1.,-0.));
#6063 = ORIENTED_EDGE('',*,*,#6064,.T.);
#6064 = EDGE_CURVE('',#6057,#6065,#6067,.T.);
#6065 = VERTEX_POINT('',#6066);
#6066 = CARTESIAN_POINT('',(-60.,-5.210050506339,13.8));
#6067 = LINE('',#6068,#6069);
#6068 = CARTESIAN_POINT('',(-60.,-5.210050506339,13.8));
#6069 = VECTOR('',#6070,1.);
#6070 = DIRECTION('',(-0.,-0.707106781187,-0.707106781187));
#6071 = ORIENTED_EDGE('',*,*,#6072,.T.);
#6072 = EDGE_CURVE('',#6065,#6073,#6075,.T.);
#6073 = VERTEX_POINT('',#6074);
#6074 = CARTESIAN_POINT('',(-60.,-8.2,13.8));
#6075 = LINE('',#6076,#6077);
#6076 = CARTESIAN_POINT('',(-60.,-8.2,13.8));
#6077 = VECTOR('',#6078,1.);
#6078 = DIRECTION('',(-0.,-1.,-0.));
#6079 = ORIENTED_EDGE('',*,*,#6080,.T.);
#6080 = EDGE_CURVE('',#6073,#6081,#6083,.T.);
#6081 = VERTEX_POINT('',#6082);
#6082 = CARTESIAN_POINT('',(-60.,-8.2,6.2));
#6083 = LINE('',#6084,#6085);
#6084 = CARTESIAN_POINT('',(-60.,-8.2,6.2));
#6085 = VECTOR('',#6086,1.);
#6086 = DIRECTION('',(-0.,-0.,-1.));
#6087 = ORIENTED_EDGE('',*,*,#6088,.T.);
#6088 = EDGE_CURVE('',#6081,#6089,#6091,.T.);
#6089 = VERTEX_POINT('',#6090);
#6090 = CARTESIAN_POINT('',(-60.,-5.210050506339,6.2));
#6091 = LINE('',#6092,#6093);
#6092 = CARTESIAN_POINT('',(-60.,-5.210050506339,6.2));
#6093 = VECTOR('',#6094,1.);
#6094 = DIRECTION('',(-0.,1.,-0.));
#6095 = ORIENTED_EDGE('',*,*,#6096,.T.);
#6096 = EDGE_CURVE('',#6089,#6097,#6099,.T.);
#6097 = VERTEX_POINT('',#6098);
#6098 = CARTESIAN_POINT('',(-60.,-3.010050506339,4.));
#6099 = LINE('',#6100,#6101);
#6100 = CARTESIAN_POINT('',(-60.,-3.010050506339,4.));
#6101 = VECTOR('',#6102,1.);
#6102 = DIRECTION('',(-0.,0.707106781187,-0.707106781187));
#6103 = ORIENTED_EDGE('',*,*,#6104,.T.);
#6104 = EDGE_CURVE('',#6097,#6105,#6107,.T.);
#6105 = VERTEX_POINT('',#6106);
#6106 = CARTESIAN_POINT('',(-60.,-0.5,4.));
#6107 = LINE('',#6108,#6109);
#6108 = CARTESIAN_POINT('',(-60.,-0.5,4.));
#6109 = VECTOR('',#6110,1.);
#6110 = DIRECTION('',(-0.,1.,-3.5E-16));
#6111 = ORIENTED_EDGE('',*,*,#6112,.T.);
#6112 = EDGE_CURVE('',#6105,#6113,#6115,.T.);
#6113 = VERTEX_POINT('',#6114);
#6114 = CARTESIAN_POINT('',(-60.,-1.2E-14,3.5));
#6115 = LINE('',#6116,#6117);
#6116 = CARTESIAN_POINT('',(-60.,-1.171E-14,3.5));
#6117 = VECTOR('',#6118,1.);
#6118 = DIRECTION('',(-0.,0.707106781187,-0.707106781187));
#6119 = ORIENTED_EDGE('',*,*,#6120,.T.);
#6120 = EDGE_CURVE('',#6113,#6121,#6123,.T.);
#6121 = VERTEX_POINT('',#6122);
#6122 = CARTESIAN_POINT('',(-60.,0.5,4.));
#6123 = LINE('',#6124,#6125);
#6124 = CARTESIAN_POINT('',(-60.,0.5,4.));
#6125 = VECTOR('',#6126,1.);
#6126 = DIRECTION('',(-0.,0.707106781187,0.707106781187));
#6127 = ORIENTED_EDGE('',*,*,#6128,.T.);
#6128 = EDGE_CURVE('',#6121,#6129,#6131,.T.);
#6129 = VERTEX_POINT('',#6130);
#6130 = CARTESIAN_POINT('',(-60.,3.010050506339,4.));
#6131 = LINE('',#6132,#6133);
#6132 = CARTESIAN_POINT('',(-60.,3.010050506339,4.));
#6133 = VECTOR('',#6134,1.);
#6134 = DIRECTION('',(-0.,1.,-0.));
#6135 = ORIENTED_EDGE('',*,*,#6136,.T.);
#6136 = EDGE_CURVE('',#6129,#6137,#6139,.T.);
#6137 = VERTEX_POINT('',#6138);
#6138 = CARTESIAN_POINT('',(-60.,4.,3.010050506339));
#6139 = LINE('',#6140,#6141);
#6140 = CARTESIAN_POINT('',(-60.,4.,3.010050506339));
#6141 = VECTOR('',#6142,1.);
#6142 = DIRECTION('',(-0.,0.707106781187,-0.707106781187));
#6143 = ORIENTED_EDGE('',*,*,#6144,.T.);
#6144 = EDGE_CURVE('',#6137,#6145,#6147,.T.);
#6145 = VERTEX_POINT('',#6146);
#6146 = CARTESIAN_POINT('',(-60.,4.,0.5));
#6147 = LINE('',#6148,#6149);
#6148 = CARTESIAN_POINT('',(-60.,4.,0.5));
#6149 = VECTOR('',#6150,1.);
#6150 = DIRECTION('',(-0.,-0.,-1.));
#6151 = ORIENTED_EDGE('',*,*,#6152,.T.);
#6152 = EDGE_CURVE('',#6145,#6153,#6155,.T.);
#6153 = VERTEX_POINT('',#6154);
#6154 = CARTESIAN_POINT('',(-60.,3.5,-1.E-15));
#6155 = LINE('',#6156,#6157);
#6156 = CARTESIAN_POINT('',(-60.,3.5,-5.2E-16));
#6157 = VECTOR('',#6158,1.);
#6158 = DIRECTION('',(-0.,-0.707106781187,-0.707106781187));
#6159 = ORIENTED_EDGE('',*,*,#6160,.T.);
#6160 = EDGE_CURVE('',#6153,#6161,#6163,.T.);
#6161 = VERTEX_POINT('',#6162);
#6162 = CARTESIAN_POINT('',(-60.,4.,-0.5));
#6163 = LINE('',#6164,#6165);
#6164 = CARTESIAN_POINT('',(-60.,4.,-0.5));
#6165 = VECTOR('',#6166,1.);
#6166 = DIRECTION('',(-0.,0.707106781187,-0.707106781187));
#6167 = ORIENTED_EDGE('',*,*,#6168,.T.);
#6168 = EDGE_CURVE('',#6161,#6169,#6171,.T.);
#6169 = VERTEX_POINT('',#6170);
#6170 = CARTESIAN_POINT('',(-60.,4.,-3.010050506339));
#6171 = LINE('',#6172,#6173);
#6172 = CARTESIAN_POINT('',(-60.,4.,-3.010050506339));
#6173 = VECTOR('',#6174,1.);
#6174 = DIRECTION('',(-0.,-0.,-1.));
#6175 = ORIENTED_EDGE('',*,*,#6176,.T.);
#6176 = EDGE_CURVE('',#6169,#6177,#6179,.T.);
#6177 = VERTEX_POINT('',#6178);
#6178 = CARTESIAN_POINT('',(-60.,6.2,-5.210050506339));
#6179 = LINE('',#6180,#6181);
#6180 = CARTESIAN_POINT('',(-60.,6.2,-5.210050506339));
#6181 = VECTOR('',#6182,1.);
#6182 = DIRECTION('',(-0.,0.707106781187,-0.707106781187));
#6183 = ORIENTED_EDGE('',*,*,#6184,.T.);
#6184 = EDGE_CURVE('',#6177,#6185,#6187,.T.);
#6185 = VERTEX_POINT('',#6186);
#6186 = CARTESIAN_POINT('',(-60.,13.8,-5.210050506339));
#6187 = LINE('',#6188,#6189);
#6188 = CARTESIAN_POINT('',(-60.,13.8,-5.210050506339));
#6189 = VECTOR('',#6190,1.);
#6190 = DIRECTION('',(-0.,1.,-1.1E-16));
#6191 = ORIENTED_EDGE('',*,*,#6192,.T.);
#6192 = EDGE_CURVE('',#6185,#6193,#6195,.T.);
#6193 = VERTEX_POINT('',#6194);
#6194 = CARTESIAN_POINT('',(-60.,16.,-3.010050506339));
#6195 = LINE('',#6196,#6197);
#6196 = CARTESIAN_POINT('',(-60.,16.,-3.010050506339));
#6197 = VECTOR('',#6198,1.);
#6198 = DIRECTION('',(-0.,0.707106781187,0.707106781187));
#6199 = ORIENTED_EDGE('',*,*,#6200,.T.);
#6200 = EDGE_CURVE('',#6193,#6201,#6203,.T.);
#6201 = VERTEX_POINT('',#6202);
#6202 = CARTESIAN_POINT('',(-60.,16.,-0.5));
#6203 = LINE('',#6204,#6205);
#6204 = CARTESIAN_POINT('',(-60.,16.,-0.5));
#6205 = VECTOR('',#6206,1.);
#6206 = DIRECTION('',(-0.,-0.,1.));
#6207 = ORIENTED_EDGE('',*,*,#6208,.T.);
#6208 = EDGE_CURVE('',#6201,#6209,#6211,.T.);
#6209 = VERTEX_POINT('',#6210);
#6210 = CARTESIAN_POINT('',(-60.,16.5,1.E-15));
#6211 = LINE('',#6212,#6213);
#6212 = CARTESIAN_POINT('',(-60.,16.5,5.E-16));
#6213 = VECTOR('',#6214,1.);
#6214 = DIRECTION('',(-0.,0.707106781187,0.707106781187));
#6215 = ORIENTED_EDGE('',*,*,#6216,.T.);
#6216 = EDGE_CURVE('',#6209,#6217,#6219,.T.);
#6217 = VERTEX_POINT('',#6218);
#6218 = CARTESIAN_POINT('',(-60.,16.,0.5));
#6219 = LINE('',#6220,#6221);
#6220 = CARTESIAN_POINT('',(-60.,16.,0.5));
#6221 = VECTOR('',#6222,1.);
#6222 = DIRECTION('',(-0.,-0.707106781187,0.707106781187));
#6223 = ORIENTED_EDGE('',*,*,#6224,.T.);
#6224 = EDGE_CURVE('',#6217,#6225,#6227,.T.);
#6225 = VERTEX_POINT('',#6226);
#6226 = CARTESIAN_POINT('',(-60.,16.,3.010050506339));
#6227 = LINE('',#6228,#6229);
#6228 = CARTESIAN_POINT('',(-60.,16.,3.010050506339));
#6229 = VECTOR('',#6230,1.);
#6230 = DIRECTION('',(-0.,-0.,1.));
#6231 = ORIENTED_EDGE('',*,*,#6232,.T.);
#6232 = EDGE_CURVE('',#6225,#6233,#6235,.T.);
#6233 = VERTEX_POINT('',#6234);
#6234 = CARTESIAN_POINT('',(-60.,16.989949493661,4.));
#6235 = LINE('',#6236,#6237);
#6236 = CARTESIAN_POINT('',(-60.,16.989949493661,4.));
#6237 = VECTOR('',#6238,1.);
#6238 = DIRECTION('',(-0.,0.707106781187,0.707106781187));
#6239 = ORIENTED_EDGE('',*,*,#6240,.T.);
#6240 = EDGE_CURVE('',#6233,#6241,#6243,.T.);
#6241 = VERTEX_POINT('',#6242);
#6242 = CARTESIAN_POINT('',(-60.,19.5,4.));
#6243 = LINE('',#6244,#6245);
#6244 = CARTESIAN_POINT('',(-60.,19.5,4.));
#6245 = VECTOR('',#6246,1.);
#6246 = DIRECTION('',(-0.,1.,-0.));
#6247 = ORIENTED_EDGE('',*,*,#6248,.T.);
#6248 = EDGE_CURVE('',#6241,#6249,#6251,.T.);
#6249 = VERTEX_POINT('',#6250);
#6250 = CARTESIAN_POINT('',(-60.,20.,3.5));
#6251 = LINE('',#6252,#6253);
#6252 = CARTESIAN_POINT('',(-60.,20.,3.5));
#6253 = VECTOR('',#6254,1.);
#6254 = DIRECTION('',(-0.,0.707106781187,-0.707106781187));
#6255 = ORIENTED_EDGE('',*,*,#6256,.T.);
#6256 = EDGE_CURVE('',#6249,#6257,#6259,.T.);
#6257 = VERTEX_POINT('',#6258);
#6258 = CARTESIAN_POINT('',(-60.,20.5,4.));
#6259 = LINE('',#6260,#6261);
#6260 = CARTESIAN_POINT('',(-60.,20.5,4.));
#6261 = VECTOR('',#6262,1.);
#6262 = DIRECTION('',(-0.,0.707106781187,0.707106781187));
#6263 = ORIENTED_EDGE('',*,*,#6264,.T.);
#6264 = EDGE_CURVE('',#6257,#6265,#6267,.T.);
#6265 = VERTEX_POINT('',#6266);
#6266 = CARTESIAN_POINT('',(-60.,23.010050506339,4.));
#6267 = LINE('',#6268,#6269);
#6268 = CARTESIAN_POINT('',(-60.,23.010050506339,4.));
#6269 = VECTOR('',#6270,1.);
#6270 = DIRECTION('',(-0.,1.,6.9E-16));
#6271 = ORIENTED_EDGE('',*,*,#6272,.T.);
#6272 = EDGE_CURVE('',#6265,#6273,#6275,.T.);
#6273 = VERTEX_POINT('',#6274);
#6274 = CARTESIAN_POINT('',(-60.,25.210050506339,6.2));
#6275 = LINE('',#6276,#6277);
#6276 = CARTESIAN_POINT('',(-60.,25.210050506339,6.2));
#6277 = VECTOR('',#6278,1.);
#6278 = DIRECTION('',(-0.,0.707106781187,0.707106781187));
#6279 = ORIENTED_EDGE('',*,*,#6280,.T.);
#6280 = EDGE_CURVE('',#6273,#6281,#6283,.T.);
#6281 = VERTEX_POINT('',#6282);
#6282 = CARTESIAN_POINT('',(-60.,28.2,6.2));
#6283 = LINE('',#6284,#6285);
#6284 = CARTESIAN_POINT('',(-60.,28.2,6.2));
#6285 = VECTOR('',#6286,1.);
#6286 = DIRECTION('',(-0.,1.,-0.));
#6287 = ORIENTED_EDGE('',*,*,#6288,.T.);
#6288 = EDGE_CURVE('',#6281,#6289,#6291,.T.);
#6289 = VERTEX_POINT('',#6290);
#6290 = CARTESIAN_POINT('',(-60.,28.2,13.8));
#6291 = LINE('',#6292,#6293);
#6292 = CARTESIAN_POINT('',(-60.,28.2,13.8));
#6293 = VECTOR('',#6294,1.);
#6294 = DIRECTION('',(-0.,-4.6E-16,1.));
#6295 = ORIENTED_EDGE('',*,*,#6296,.T.);
#6296 = EDGE_CURVE('',#6289,#6297,#6299,.T.);
#6297 = VERTEX_POINT('',#6298);
#6298 = CARTESIAN_POINT('',(-60.,25.210050506339,13.8));
#6299 = LINE('',#6300,#6301);
#6300 = CARTESIAN_POINT('',(-60.,25.210050506339,13.8));
#6301 = VECTOR('',#6302,1.);
#6302 = DIRECTION('',(-0.,-1.,-0.));
#6303 = ORIENTED_EDGE('',*,*,#6304,.T.);
#6304 = EDGE_CURVE('',#6297,#6305,#6307,.T.);
#6305 = VERTEX_POINT('',#6306);
#6306 = CARTESIAN_POINT('',(-60.,23.010050506339,16.));
#6307 = LINE('',#6308,#6309);
#6308 = CARTESIAN_POINT('',(-60.,23.010050506339,16.));
#6309 = VECTOR('',#6310,1.);
#6310 = DIRECTION('',(-0.,-0.707106781187,0.707106781187));
#6311 = ORIENTED_EDGE('',*,*,#6312,.T.);
#6312 = EDGE_CURVE('',#6305,#1651,#6313,.T.);
#6313 = LINE('',#6314,#6315);
#6314 = CARTESIAN_POINT('',(-60.,20.5,16.));
#6315 = VECTOR('',#6316,1.);
#6316 = DIRECTION('',(-0.,-1.,-0.));
#6317 = ORIENTED_EDGE('',*,*,#1650,.T.);
#6318 = ORIENTED_EDGE('',*,*,#6319,.T.);
#6319 = EDGE_CURVE('',#1643,#6320,#6322,.T.);
#6320 = VERTEX_POINT('',#6321);
#6321 = CARTESIAN_POINT('',(-60.,19.5,16.));
#6322 = LINE('',#6323,#6324);
#6323 = CARTESIAN_POINT('',(-60.,19.5,16.));
#6324 = VECTOR('',#6325,1.);
#6325 = DIRECTION('',(-0.,-0.707106781187,-0.707106781187));
#6326 = ORIENTED_EDGE('',*,*,#6327,.T.);
#6327 = EDGE_CURVE('',#6320,#6328,#6330,.T.);
#6328 = VERTEX_POINT('',#6329);
#6329 = CARTESIAN_POINT('',(-60.,16.989949493661,16.));
#6330 = LINE('',#6331,#6332);
#6331 = CARTESIAN_POINT('',(-60.,16.989949493661,16.));
#6332 = VECTOR('',#6333,1.);
#6333 = DIRECTION('',(-0.,-1.,-0.));
#6334 = ORIENTED_EDGE('',*,*,#6335,.T.);
#6335 = EDGE_CURVE('',#6328,#6336,#6338,.T.);
#6336 = VERTEX_POINT('',#6337);
#6337 = CARTESIAN_POINT('',(-60.,16.,16.989949493661));
#6338 = LINE('',#6339,#6340);
#6339 = CARTESIAN_POINT('',(-60.,16.,16.989949493661));
#6340 = VECTOR('',#6341,1.);
#6341 = DIRECTION('',(-0.,-0.707106781187,0.707106781187));
#6342 = ORIENTED_EDGE('',*,*,#6343,.T.);
#6343 = EDGE_CURVE('',#6336,#6344,#6346,.T.);
#6344 = VERTEX_POINT('',#6345);
#6345 = CARTESIAN_POINT('',(-60.,16.,19.5));
#6346 = LINE('',#6347,#6348);
#6347 = CARTESIAN_POINT('',(-60.,16.,19.5));
#6348 = VECTOR('',#6349,1.);
#6349 = DIRECTION('',(-0.,-0.,1.));
#6350 = ORIENTED_EDGE('',*,*,#6351,.T.);
#6351 = EDGE_CURVE('',#6344,#6352,#6354,.T.);
#6352 = VERTEX_POINT('',#6353);
#6353 = CARTESIAN_POINT('',(-60.,16.5,20.));
#6354 = LINE('',#6355,#6356);
#6355 = CARTESIAN_POINT('',(-60.,16.5,20.));
#6356 = VECTOR('',#6357,1.);
#6357 = DIRECTION('',(-0.,0.707106781187,0.707106781187));
#6358 = ORIENTED_EDGE('',*,*,#6359,.T.);
#6359 = EDGE_CURVE('',#6352,#6360,#6362,.T.);
#6360 = VERTEX_POINT('',#6361);
#6361 = CARTESIAN_POINT('',(-60.,16.,20.5));
#6362 = LINE('',#6363,#6364);
#6363 = CARTESIAN_POINT('',(-60.,16.,20.5));
#6364 = VECTOR('',#6365,1.);
#6365 = DIRECTION('',(-0.,-0.707106781187,0.707106781187));
#6366 = ORIENTED_EDGE('',*,*,#6367,.T.);
#6367 = EDGE_CURVE('',#6360,#6368,#6370,.T.);
#6368 = VERTEX_POINT('',#6369);
#6369 = CARTESIAN_POINT('',(-60.,16.,23.010050506339));
#6370 = LINE('',#6371,#6372);
#6371 = CARTESIAN_POINT('',(-60.,16.,23.010050506339));
#6372 = VECTOR('',#6373,1.);
#6373 = DIRECTION('',(-0.,-0.,1.));
#6374 = ORIENTED_EDGE('',*,*,#6375,.T.);
#6375 = EDGE_CURVE('',#6368,#5984,#6376,.T.);
#6376 = LINE('',#6377,#6378);
#6377 = CARTESIAN_POINT('',(-60.,13.8,25.210050506339));
#6378 = VECTOR('',#6379,1.);
#6379 = DIRECTION('',(-0.,-0.707106781187,0.707106781187));
#6380 = FACE_BOUND('',#6381,.T.);
#6381 = EDGE_LOOP('',(#6382,#6383,#6384,#6385,#6386,#6387,#6388,#6389,
    #6390,#6391,#6392,#6393,#6394,#6395,#6396,#6397,#6398,#6399,#6400,
    #6401,#6402,#6403,#6404,#6405,#6406,#6407,#6408,#6409,#6410,#6411,
    #6412,#6413,#6414,#6415,#6416,#6417,#6418,#6419,#6420,#6421,#6422,
    #6423,#6424,#6425,#6426,#6427,#6428,#6429,#6430,#6431,#6432,#6433,
    #6434,#6435,#6436,#6437,#6438,#6439,#6440,#6441,#6442,#6443,#6444,
    #6445,#6446,#6447,#6448,#6449,#6450,#6451,#6452,#6453,#6454,#6455,
    #6456,#6457,#6458,#6459,#6460,#6461,#6462,#6463,#6464,#6465,#6466,
    #6467,#6468,#6469,#6470,#6471,#6472,#6473,#6474,#6475,#6476,#6477,
    #6478,#6479,#6480,#6481,#6482,#6483,#6484,#6485,#6486,#6487,#6488,
    #6489,#6490,#6491,#6492,#6493,#6494,#6495,#6496,#6497,#6498,#6499,
    #6500,#6501,#6502,#6503,#6504,#6505,#6506,#6507,#6508,#6509));
#6382 = ORIENTED_EDGE('',*,*,#2027,.F.);
#6383 = ORIENTED_EDGE('',*,*,#2061,.F.);
#6384 = ORIENTED_EDGE('',*,*,#1336,.F.);
#6385 = ORIENTED_EDGE('',*,*,#2117,.F.);
#6386 = ORIENTED_EDGE('',*,*,#2156,.F.);
#6387 = ORIENTED_EDGE('',*,*,#2194,.F.);
#6388 = ORIENTED_EDGE('',*,*,#2225,.F.);
#6389 = ORIENTED_EDGE('',*,*,#2256,.F.);
#6390 = ORIENTED_EDGE('',*,*,#2287,.F.);
#6391 = ORIENTED_EDGE('',*,*,#2318,.F.);
#6392 = ORIENTED_EDGE('',*,*,#2349,.F.);
#6393 = ORIENTED_EDGE('',*,*,#2380,.F.);
#6394 = ORIENTED_EDGE('',*,*,#2411,.F.);
#6395 = ORIENTED_EDGE('',*,*,#2442,.F.);
#6396 = ORIENTED_EDGE('',*,*,#2473,.F.);
#6397 = ORIENTED_EDGE('',*,*,#2504,.F.);
#6398 = ORIENTED_EDGE('',*,*,#2535,.F.);
#6399 = ORIENTED_EDGE('',*,*,#2566,.F.);
#6400 = ORIENTED_EDGE('',*,*,#2597,.F.);
#6401 = ORIENTED_EDGE('',*,*,#2628,.F.);
#6402 = ORIENTED_EDGE('',*,*,#2659,.F.);
#6403 = ORIENTED_EDGE('',*,*,#2690,.F.);
#6404 = ORIENTED_EDGE('',*,*,#2721,.F.);
#6405 = ORIENTED_EDGE('',*,*,#2752,.F.);
#6406 = ORIENTED_EDGE('',*,*,#2784,.F.);
#6407 = ORIENTED_EDGE('',*,*,#2816,.F.);
#6408 = ORIENTED_EDGE('',*,*,#2832,.F.);
#6409 = ORIENTED_EDGE('',*,*,#1167,.F.);
#6410 = ORIENTED_EDGE('',*,*,#2871,.F.);
#6411 = ORIENTED_EDGE('',*,*,#2902,.F.);
#6412 = ORIENTED_EDGE('',*,*,#2933,.F.);
#6413 = ORIENTED_EDGE('',*,*,#2964,.F.);
#6414 = ORIENTED_EDGE('',*,*,#2995,.F.);
#6415 = ORIENTED_EDGE('',*,*,#3026,.F.);
#6416 = ORIENTED_EDGE('',*,*,#3057,.F.);
#6417 = ORIENTED_EDGE('',*,*,#3088,.F.);
#6418 = ORIENTED_EDGE('',*,*,#3119,.F.);
#6419 = ORIENTED_EDGE('',*,*,#3150,.F.);
#6420 = ORIENTED_EDGE('',*,*,#3182,.F.);
#6421 = ORIENTED_EDGE('',*,*,#3214,.F.);
#6422 = ORIENTED_EDGE('',*,*,#3246,.F.);
#6423 = ORIENTED_EDGE('',*,*,#3278,.F.);
#6424 = ORIENTED_EDGE('',*,*,#3310,.F.);
#6425 = ORIENTED_EDGE('',*,*,#3342,.F.);
#6426 = ORIENTED_EDGE('',*,*,#3374,.F.);
#6427 = ORIENTED_EDGE('',*,*,#3406,.F.);
#6428 = ORIENTED_EDGE('',*,*,#3438,.F.);
#6429 = ORIENTED_EDGE('',*,*,#3470,.F.);
#6430 = ORIENTED_EDGE('',*,*,#3501,.F.);
#6431 = ORIENTED_EDGE('',*,*,#3532,.F.);
#6432 = ORIENTED_EDGE('',*,*,#3563,.F.);
#6433 = ORIENTED_EDGE('',*,*,#3594,.F.);
#6434 = ORIENTED_EDGE('',*,*,#3625,.F.);
#6435 = ORIENTED_EDGE('',*,*,#3656,.F.);
#6436 = ORIENTED_EDGE('',*,*,#3687,.F.);
#6437 = ORIENTED_EDGE('',*,*,#3718,.F.);
#6438 = ORIENTED_EDGE('',*,*,#3749,.F.);
#6439 = ORIENTED_EDGE('',*,*,#3781,.F.);
#6440 = ORIENTED_EDGE('',*,*,#3813,.F.);
#6441 = ORIENTED_EDGE('',*,*,#3845,.F.);
#6442 = ORIENTED_EDGE('',*,*,#3877,.F.);
#6443 = ORIENTED_EDGE('',*,*,#3909,.F.);
#6444 = ORIENTED_EDGE('',*,*,#3941,.F.);
#6445 = ORIENTED_EDGE('',*,*,#3973,.F.);
#6446 = ORIENTED_EDGE('',*,*,#4005,.F.);
#6447 = ORIENTED_EDGE('',*,*,#4036,.F.);
#6448 = ORIENTED_EDGE('',*,*,#4067,.F.);
#6449 = ORIENTED_EDGE('',*,*,#4098,.F.);
#6450 = ORIENTED_EDGE('',*,*,#4129,.F.);
#6451 = ORIENTED_EDGE('',*,*,#4160,.F.);
#6452 = ORIENTED_EDGE('',*,*,#4191,.F.);
#6453 = ORIENTED_EDGE('',*,*,#4222,.F.);
#6454 = ORIENTED_EDGE('',*,*,#4253,.F.);
#6455 = ORIENTED_EDGE('',*,*,#4284,.F.);
#6456 = ORIENTED_EDGE('',*,*,#4316,.F.);
#6457 = ORIENTED_EDGE('',*,*,#4348,.F.);
#6458 = ORIENTED_EDGE('',*,*,#4380,.F.);
#6459 = ORIENTED_EDGE('',*,*,#4412,.F.);
#6460 = ORIENTED_EDGE('',*,*,#4444,.F.);
#6461 = ORIENTED_EDGE('',*,*,#4476,.F.);
#6462 = ORIENTED_EDGE('',*,*,#4508,.F.);
#6463 = ORIENTED_EDGE('',*,*,#4540,.F.);
#6464 = ORIENTED_EDGE('',*,*,#4572,.F.);
#6465 = ORIENTED_EDGE('',*,*,#4604,.F.);
#6466 = ORIENTED_EDGE('',*,*,#4635,.F.);
#6467 = ORIENTED_EDGE('',*,*,#4666,.F.);
#6468 = ORIENTED_EDGE('',*,*,#4697,.F.);
#6469 = ORIENTED_EDGE('',*,*,#4728,.F.);
#6470 = ORIENTED_EDGE('',*,*,#4759,.F.);
#6471 = ORIENTED_EDGE('',*,*,#4790,.F.);
#6472 = ORIENTED_EDGE('',*,*,#4821,.F.);
#6473 = ORIENTED_EDGE('',*,*,#4852,.F.);
#6474 = ORIENTED_EDGE('',*,*,#4883,.F.);
#6475 = ORIENTED_EDGE('',*,*,#4899,.F.);
#6476 = ORIENTED_EDGE('',*,*,#1125,.F.);
#6477 = ORIENTED_EDGE('',*,*,#4938,.F.);
#6478 = ORIENTED_EDGE('',*,*,#4970,.F.);
#6479 = ORIENTED_EDGE('',*,*,#5002,.F.);
#6480 = ORIENTED_EDGE('',*,*,#5033,.F.);
#6481 = ORIENTED_EDGE('',*,*,#5064,.F.);
#6482 = ORIENTED_EDGE('',*,*,#5095,.F.);
#6483 = ORIENTED_EDGE('',*,*,#5126,.F.);
#6484 = ORIENTED_EDGE('',*,*,#5157,.F.);
#6485 = ORIENTED_EDGE('',*,*,#5188,.F.);
#6486 = ORIENTED_EDGE('',*,*,#5219,.F.);
#6487 = ORIENTED_EDGE('',*,*,#5250,.F.);
#6488 = ORIENTED_EDGE('',*,*,#5281,.F.);
#6489 = ORIENTED_EDGE('',*,*,#5312,.F.);
#6490 = ORIENTED_EDGE('',*,*,#5343,.F.);
#6491 = ORIENTED_EDGE('',*,*,#5374,.F.);
#6492 = ORIENTED_EDGE('',*,*,#5405,.F.);
#6493 = ORIENTED_EDGE('',*,*,#5436,.F.);
#6494 = ORIENTED_EDGE('',*,*,#5467,.F.);
#6495 = ORIENTED_EDGE('',*,*,#5498,.F.);
#6496 = ORIENTED_EDGE('',*,*,#5529,.F.);
#6497 = ORIENTED_EDGE('',*,*,#5560,.F.);
#6498 = ORIENTED_EDGE('',*,*,#5578,.F.);
#6499 = ORIENTED_EDGE('',*,*,#1439,.F.);
#6500 = ORIENTED_EDGE('',*,*,#5643,.F.);
#6501 = ORIENTED_EDGE('',*,*,#5690,.F.);
#6502 = ORIENTED_EDGE('',*,*,#5720,.F.);
#6503 = ORIENTED_EDGE('',*,*,#5751,.F.);
#6504 = ORIENTED_EDGE('',*,*,#5782,.F.);
#6505 = ORIENTED_EDGE('',*,*,#5813,.F.);
#6506 = ORIENTED_EDGE('',*,*,#5844,.F.);
#6507 = ORIENTED_EDGE('',*,*,#5875,.F.);
#6508 = ORIENTED_EDGE('',*,*,#5906,.F.);
#6509 = ORIENTED_EDGE('',*,*,#5928,.F.);
#6510 = PLANE('',#6511);
#6511 = AXIS2_PLACEMENT_3D('',#6512,#6513,#6514);
#6512 = CARTESIAN_POINT('',(-60.,-9.8,4.882842712475));
#6513 = DIRECTION('',(1.,0.,0.));
#6514 = DIRECTION('',(0.,0.,-1.));
#6515 = ADVANCED_FACE('',(#6516,#6526,#6536,#6546,#6556,#6956),#7086,.T.
  );
#6516 = FACE_BOUND('',#6517,.T.);
#6517 = EDGE_LOOP('',(#6518,#6519));
#6518 = ORIENTED_EDGE('',*,*,#1049,.T.);
#6519 = ORIENTED_EDGE('',*,*,#6520,.T.);
#6520 = EDGE_CURVE('',#1050,#1042,#6521,.T.);
#6521 = CIRCLE('',#6522,2.5);
#6522 = AXIS2_PLACEMENT_3D('',#6523,#6524,#6525);
#6523 = CARTESIAN_POINT('',(290.,0.,0.));
#6524 = DIRECTION('',(-1.,-0.,-0.));
#6525 = DIRECTION('',(0.,0.,-1.));
#6526 = FACE_BOUND('',#6527,.T.);
#6527 = EDGE_LOOP('',(#6528,#6529));
#6528 = ORIENTED_EDGE('',*,*,#1007,.T.);
#6529 = ORIENTED_EDGE('',*,*,#6530,.T.);
#6530 = EDGE_CURVE('',#1008,#1000,#6531,.T.);
#6531 = CIRCLE('',#6532,2.5);
#6532 = AXIS2_PLACEMENT_3D('',#6533,#6534,#6535);
#6533 = CARTESIAN_POINT('',(290.,-1.73E-15,20.));
#6534 = DIRECTION('',(-1.,-0.,-0.));
#6535 = DIRECTION('',(0.,0.,-1.));
#6536 = FACE_BOUND('',#6537,.T.);
#6537 = EDGE_LOOP('',(#6538,#6539));
#6538 = ORIENTED_EDGE('',*,*,#965,.T.);
#6539 = ORIENTED_EDGE('',*,*,#6540,.T.);
#6540 = EDGE_CURVE('',#966,#958,#6541,.T.);
#6541 = CIRCLE('',#6542,2.5);
#6542 = AXIS2_PLACEMENT_3D('',#6543,#6544,#6545);
#6543 = CARTESIAN_POINT('',(290.,20.,20.));
#6544 = DIRECTION('',(-1.,-0.,-0.));
#6545 = DIRECTION('',(0.,0.,-1.));
#6546 = FACE_BOUND('',#6547,.T.);
#6547 = EDGE_LOOP('',(#6548,#6549));
#6548 = ORIENTED_EDGE('',*,*,#923,.T.);
#6549 = ORIENTED_EDGE('',*,*,#6550,.T.);
#6550 = EDGE_CURVE('',#924,#916,#6551,.T.);
#6551 = CIRCLE('',#6552,2.5);
#6552 = AXIS2_PLACEMENT_3D('',#6553,#6554,#6555);
#6553 = CARTESIAN_POINT('',(290.,20.,1.73E-15));
#6554 = DIRECTION('',(-1.,-0.,-0.));
#6555 = DIRECTION('',(0.,0.,-1.));
#6556 = FACE_BOUND('',#6557,.T.);
#6557 = EDGE_LOOP('',(#6558,#6568,#6576,#6584,#6592,#6600,#6608,#6616,
    #6624,#6630,#6631,#6639,#6647,#6655,#6663,#6671,#6679,#6687,#6695,
    #6703,#6711,#6719,#6727,#6735,#6743,#6751,#6759,#6767,#6775,#6783,
    #6791,#6799,#6807,#6815,#6823,#6831,#6839,#6847,#6855,#6863,#6871,
    #6879,#6887,#6895,#6901,#6902,#6910,#6918,#6926,#6934,#6942,#6950));
#6558 = ORIENTED_EDGE('',*,*,#6559,.F.);
#6559 = EDGE_CURVE('',#6560,#6562,#6564,.T.);
#6560 = VERTEX_POINT('',#6561);
#6561 = CARTESIAN_POINT('',(290.,6.2,25.210050506339));
#6562 = VERTEX_POINT('',#6563);
#6563 = CARTESIAN_POINT('',(290.,4.,23.010050506339));
#6564 = LINE('',#6565,#6566);
#6565 = CARTESIAN_POINT('',(290.,4.,23.010050506339));
#6566 = VECTOR('',#6567,1.);
#6567 = DIRECTION('',(-0.,-0.707106781187,-0.707106781187));
#6568 = ORIENTED_EDGE('',*,*,#6569,.F.);
#6569 = EDGE_CURVE('',#6570,#6560,#6572,.T.);
#6570 = VERTEX_POINT('',#6571);
#6571 = CARTESIAN_POINT('',(290.,13.8,25.210050506339));
#6572 = LINE('',#6573,#6574);
#6573 = CARTESIAN_POINT('',(290.,6.2,25.210050506339));
#6574 = VECTOR('',#6575,1.);
#6575 = DIRECTION('',(-0.,-1.,-0.));
#6576 = ORIENTED_EDGE('',*,*,#6577,.F.);
#6577 = EDGE_CURVE('',#6578,#6570,#6580,.T.);
#6578 = VERTEX_POINT('',#6579);
#6579 = CARTESIAN_POINT('',(290.,16.,23.010050506339));
#6580 = LINE('',#6581,#6582);
#6581 = CARTESIAN_POINT('',(290.,13.8,25.210050506339));
#6582 = VECTOR('',#6583,1.);
#6583 = DIRECTION('',(-0.,-0.707106781187,0.707106781187));
#6584 = ORIENTED_EDGE('',*,*,#6585,.F.);
#6585 = EDGE_CURVE('',#6586,#6578,#6588,.T.);
#6586 = VERTEX_POINT('',#6587);
#6587 = CARTESIAN_POINT('',(290.,16.,20.5));
#6588 = LINE('',#6589,#6590);
#6589 = CARTESIAN_POINT('',(290.,16.,23.010050506339));
#6590 = VECTOR('',#6591,1.);
#6591 = DIRECTION('',(-0.,-0.,1.));
#6592 = ORIENTED_EDGE('',*,*,#6593,.F.);
#6593 = EDGE_CURVE('',#6594,#6586,#6596,.T.);
#6594 = VERTEX_POINT('',#6595);
#6595 = CARTESIAN_POINT('',(290.,16.5,20.));
#6596 = LINE('',#6597,#6598);
#6597 = CARTESIAN_POINT('',(290.,16.,20.5));
#6598 = VECTOR('',#6599,1.);
#6599 = DIRECTION('',(-0.,-0.707106781187,0.707106781187));
#6600 = ORIENTED_EDGE('',*,*,#6601,.F.);
#6601 = EDGE_CURVE('',#6602,#6594,#6604,.T.);
#6602 = VERTEX_POINT('',#6603);
#6603 = CARTESIAN_POINT('',(290.,16.,19.5));
#6604 = LINE('',#6605,#6606);
#6605 = CARTESIAN_POINT('',(290.,16.5,20.));
#6606 = VECTOR('',#6607,1.);
#6607 = DIRECTION('',(-0.,0.707106781187,0.707106781187));
#6608 = ORIENTED_EDGE('',*,*,#6609,.F.);
#6609 = EDGE_CURVE('',#6610,#6602,#6612,.T.);
#6610 = VERTEX_POINT('',#6611);
#6611 = CARTESIAN_POINT('',(290.,16.,16.989949493661));
#6612 = LINE('',#6613,#6614);
#6613 = CARTESIAN_POINT('',(290.,16.,19.5));
#6614 = VECTOR('',#6615,1.);
#6615 = DIRECTION('',(-0.,-0.,1.));
#6616 = ORIENTED_EDGE('',*,*,#6617,.F.);
#6617 = EDGE_CURVE('',#6618,#6610,#6620,.T.);
#6618 = VERTEX_POINT('',#6619);
#6619 = CARTESIAN_POINT('',(290.,16.989949493661,16.));
#6620 = LINE('',#6621,#6622);
#6621 = CARTESIAN_POINT('',(290.,16.,16.989949493661));
#6622 = VECTOR('',#6623,1.);
#6623 = DIRECTION('',(-0.,-0.707106781187,0.707106781187));
#6624 = ORIENTED_EDGE('',*,*,#6625,.F.);
#6625 = EDGE_CURVE('',#1557,#6618,#6626,.T.);
#6626 = LINE('',#6627,#6628);
#6627 = CARTESIAN_POINT('',(290.,16.989949493661,16.));
#6628 = VECTOR('',#6629,1.);
#6629 = DIRECTION('',(-0.,-1.,-0.));
#6630 = ORIENTED_EDGE('',*,*,#1556,.F.);
#6631 = ORIENTED_EDGE('',*,*,#6632,.F.);
#6632 = EDGE_CURVE('',#6633,#1549,#6635,.T.);
#6633 = VERTEX_POINT('',#6634);
#6634 = CARTESIAN_POINT('',(290.,20.5,16.));
#6635 = LINE('',#6636,#6637);
#6636 = CARTESIAN_POINT('',(290.,20.,16.5));
#6637 = VECTOR('',#6638,1.);
#6638 = DIRECTION('',(-0.,-0.707106781187,0.707106781187));
#6639 = ORIENTED_EDGE('',*,*,#6640,.F.);
#6640 = EDGE_CURVE('',#6641,#6633,#6643,.T.);
#6641 = VERTEX_POINT('',#6642);
#6642 = CARTESIAN_POINT('',(290.,23.010050506339,16.));
#6643 = LINE('',#6644,#6645);
#6644 = CARTESIAN_POINT('',(290.,20.5,16.));
#6645 = VECTOR('',#6646,1.);
#6646 = DIRECTION('',(-0.,-1.,-0.));
#6647 = ORIENTED_EDGE('',*,*,#6648,.F.);
#6648 = EDGE_CURVE('',#6649,#6641,#6651,.T.);
#6649 = VERTEX_POINT('',#6650);
#6650 = CARTESIAN_POINT('',(290.,25.210050506339,13.8));
#6651 = LINE('',#6652,#6653);
#6652 = CARTESIAN_POINT('',(290.,23.010050506339,16.));
#6653 = VECTOR('',#6654,1.);
#6654 = DIRECTION('',(-0.,-0.707106781187,0.707106781187));
#6655 = ORIENTED_EDGE('',*,*,#6656,.F.);
#6656 = EDGE_CURVE('',#6657,#6649,#6659,.T.);
#6657 = VERTEX_POINT('',#6658);
#6658 = CARTESIAN_POINT('',(290.,28.2,13.8));
#6659 = LINE('',#6660,#6661);
#6660 = CARTESIAN_POINT('',(290.,25.210050506339,13.8));
#6661 = VECTOR('',#6662,1.);
#6662 = DIRECTION('',(-0.,-1.,-0.));
#6663 = ORIENTED_EDGE('',*,*,#6664,.F.);
#6664 = EDGE_CURVE('',#6665,#6657,#6667,.T.);
#6665 = VERTEX_POINT('',#6666);
#6666 = CARTESIAN_POINT('',(290.,28.2,6.2));
#6667 = LINE('',#6668,#6669);
#6668 = CARTESIAN_POINT('',(290.,28.2,13.8));
#6669 = VECTOR('',#6670,1.);
#6670 = DIRECTION('',(-0.,-4.6E-16,1.));
#6671 = ORIENTED_EDGE('',*,*,#6672,.F.);
#6672 = EDGE_CURVE('',#6673,#6665,#6675,.T.);
#6673 = VERTEX_POINT('',#6674);
#6674 = CARTESIAN_POINT('',(290.,25.210050506339,6.2));
#6675 = LINE('',#6676,#6677);
#6676 = CARTESIAN_POINT('',(290.,28.2,6.2));
#6677 = VECTOR('',#6678,1.);
#6678 = DIRECTION('',(-0.,1.,-0.));
#6679 = ORIENTED_EDGE('',*,*,#6680,.F.);
#6680 = EDGE_CURVE('',#6681,#6673,#6683,.T.);
#6681 = VERTEX_POINT('',#6682);
#6682 = CARTESIAN_POINT('',(290.,23.010050506339,4.));
#6683 = LINE('',#6684,#6685);
#6684 = CARTESIAN_POINT('',(290.,25.210050506339,6.2));
#6685 = VECTOR('',#6686,1.);
#6686 = DIRECTION('',(-0.,0.707106781187,0.707106781187));
#6687 = ORIENTED_EDGE('',*,*,#6688,.F.);
#6688 = EDGE_CURVE('',#6689,#6681,#6691,.T.);
#6689 = VERTEX_POINT('',#6690);
#6690 = CARTESIAN_POINT('',(290.,20.5,4.));
#6691 = LINE('',#6692,#6693);
#6692 = CARTESIAN_POINT('',(290.,23.010050506339,4.));
#6693 = VECTOR('',#6694,1.);
#6694 = DIRECTION('',(-0.,1.,6.9E-16));
#6695 = ORIENTED_EDGE('',*,*,#6696,.F.);
#6696 = EDGE_CURVE('',#6697,#6689,#6699,.T.);
#6697 = VERTEX_POINT('',#6698);
#6698 = CARTESIAN_POINT('',(290.,20.,3.5));
#6699 = LINE('',#6700,#6701);
#6700 = CARTESIAN_POINT('',(290.,20.5,4.));
#6701 = VECTOR('',#6702,1.);
#6702 = DIRECTION('',(-0.,0.707106781187,0.707106781187));
#6703 = ORIENTED_EDGE('',*,*,#6704,.F.);
#6704 = EDGE_CURVE('',#6705,#6697,#6707,.T.);
#6705 = VERTEX_POINT('',#6706);
#6706 = CARTESIAN_POINT('',(290.,19.5,4.));
#6707 = LINE('',#6708,#6709);
#6708 = CARTESIAN_POINT('',(290.,20.,3.5));
#6709 = VECTOR('',#6710,1.);
#6710 = DIRECTION('',(-0.,0.707106781187,-0.707106781187));
#6711 = ORIENTED_EDGE('',*,*,#6712,.F.);
#6712 = EDGE_CURVE('',#6713,#6705,#6715,.T.);
#6713 = VERTEX_POINT('',#6714);
#6714 = CARTESIAN_POINT('',(290.,16.989949493661,4.));
#6715 = LINE('',#6716,#6717);
#6716 = CARTESIAN_POINT('',(290.,19.5,4.));
#6717 = VECTOR('',#6718,1.);
#6718 = DIRECTION('',(-0.,1.,-0.));
#6719 = ORIENTED_EDGE('',*,*,#6720,.F.);
#6720 = EDGE_CURVE('',#6721,#6713,#6723,.T.);
#6721 = VERTEX_POINT('',#6722);
#6722 = CARTESIAN_POINT('',(290.,16.,3.010050506339));
#6723 = LINE('',#6724,#6725);
#6724 = CARTESIAN_POINT('',(290.,16.989949493661,4.));
#6725 = VECTOR('',#6726,1.);
#6726 = DIRECTION('',(-0.,0.707106781187,0.707106781187));
#6727 = ORIENTED_EDGE('',*,*,#6728,.F.);
#6728 = EDGE_CURVE('',#6729,#6721,#6731,.T.);
#6729 = VERTEX_POINT('',#6730);
#6730 = CARTESIAN_POINT('',(290.,16.,0.5));
#6731 = LINE('',#6732,#6733);
#6732 = CARTESIAN_POINT('',(290.,16.,3.010050506339));
#6733 = VECTOR('',#6734,1.);
#6734 = DIRECTION('',(-0.,-0.,1.));
#6735 = ORIENTED_EDGE('',*,*,#6736,.F.);
#6736 = EDGE_CURVE('',#6737,#6729,#6739,.T.);
#6737 = VERTEX_POINT('',#6738);
#6738 = CARTESIAN_POINT('',(290.,16.5,1.E-15));
#6739 = LINE('',#6740,#6741);
#6740 = CARTESIAN_POINT('',(290.,16.,0.5));
#6741 = VECTOR('',#6742,1.);
#6742 = DIRECTION('',(-0.,-0.707106781187,0.707106781187));
#6743 = ORIENTED_EDGE('',*,*,#6744,.F.);
#6744 = EDGE_CURVE('',#6745,#6737,#6747,.T.);
#6745 = VERTEX_POINT('',#6746);
#6746 = CARTESIAN_POINT('',(290.,16.,-0.5));
#6747 = LINE('',#6748,#6749);
#6748 = CARTESIAN_POINT('',(290.,16.5,5.E-16));
#6749 = VECTOR('',#6750,1.);
#6750 = DIRECTION('',(-0.,0.707106781187,0.707106781187));
#6751 = ORIENTED_EDGE('',*,*,#6752,.F.);
#6752 = EDGE_CURVE('',#6753,#6745,#6755,.T.);
#6753 = VERTEX_POINT('',#6754);
#6754 = CARTESIAN_POINT('',(290.,16.,-3.010050506339));
#6755 = LINE('',#6756,#6757);
#6756 = CARTESIAN_POINT('',(290.,16.,-0.5));
#6757 = VECTOR('',#6758,1.);
#6758 = DIRECTION('',(-0.,-0.,1.));
#6759 = ORIENTED_EDGE('',*,*,#6760,.F.);
#6760 = EDGE_CURVE('',#6761,#6753,#6763,.T.);
#6761 = VERTEX_POINT('',#6762);
#6762 = CARTESIAN_POINT('',(290.,13.8,-5.210050506339));
#6763 = LINE('',#6764,#6765);
#6764 = CARTESIAN_POINT('',(290.,16.,-3.010050506339));
#6765 = VECTOR('',#6766,1.);
#6766 = DIRECTION('',(-0.,0.707106781187,0.707106781187));
#6767 = ORIENTED_EDGE('',*,*,#6768,.F.);
#6768 = EDGE_CURVE('',#6769,#6761,#6771,.T.);
#6769 = VERTEX_POINT('',#6770);
#6770 = CARTESIAN_POINT('',(290.,6.2,-5.210050506339));
#6771 = LINE('',#6772,#6773);
#6772 = CARTESIAN_POINT('',(290.,13.8,-5.210050506339));
#6773 = VECTOR('',#6774,1.);
#6774 = DIRECTION('',(-0.,1.,-1.1E-16));
#6775 = ORIENTED_EDGE('',*,*,#6776,.F.);
#6776 = EDGE_CURVE('',#6777,#6769,#6779,.T.);
#6777 = VERTEX_POINT('',#6778);
#6778 = CARTESIAN_POINT('',(290.,4.,-3.010050506339));
#6779 = LINE('',#6780,#6781);
#6780 = CARTESIAN_POINT('',(290.,6.2,-5.210050506339));
#6781 = VECTOR('',#6782,1.);
#6782 = DIRECTION('',(-0.,0.707106781187,-0.707106781187));
#6783 = ORIENTED_EDGE('',*,*,#6784,.F.);
#6784 = EDGE_CURVE('',#6785,#6777,#6787,.T.);
#6785 = VERTEX_POINT('',#6786);
#6786 = CARTESIAN_POINT('',(290.,4.,-0.5));
#6787 = LINE('',#6788,#6789);
#6788 = CARTESIAN_POINT('',(290.,4.,-3.010050506339));
#6789 = VECTOR('',#6790,1.);
#6790 = DIRECTION('',(-0.,-0.,-1.));
#6791 = ORIENTED_EDGE('',*,*,#6792,.F.);
#6792 = EDGE_CURVE('',#6793,#6785,#6795,.T.);
#6793 = VERTEX_POINT('',#6794);
#6794 = CARTESIAN_POINT('',(290.,3.5,-1.E-15));
#6795 = LINE('',#6796,#6797);
#6796 = CARTESIAN_POINT('',(290.,4.,-0.5));
#6797 = VECTOR('',#6798,1.);
#6798 = DIRECTION('',(-0.,0.707106781187,-0.707106781187));
#6799 = ORIENTED_EDGE('',*,*,#6800,.F.);
#6800 = EDGE_CURVE('',#6801,#6793,#6803,.T.);
#6801 = VERTEX_POINT('',#6802);
#6802 = CARTESIAN_POINT('',(290.,4.,0.5));
#6803 = LINE('',#6804,#6805);
#6804 = CARTESIAN_POINT('',(290.,3.5,-5.2E-16));
#6805 = VECTOR('',#6806,1.);
#6806 = DIRECTION('',(-0.,-0.707106781187,-0.707106781187));
#6807 = ORIENTED_EDGE('',*,*,#6808,.F.);
#6808 = EDGE_CURVE('',#6809,#6801,#6811,.T.);
#6809 = VERTEX_POINT('',#6810);
#6810 = CARTESIAN_POINT('',(290.,4.,3.010050506339));
#6811 = LINE('',#6812,#6813);
#6812 = CARTESIAN_POINT('',(290.,4.,0.5));
#6813 = VECTOR('',#6814,1.);
#6814 = DIRECTION('',(-0.,-0.,-1.));
#6815 = ORIENTED_EDGE('',*,*,#6816,.F.);
#6816 = EDGE_CURVE('',#6817,#6809,#6819,.T.);
#6817 = VERTEX_POINT('',#6818);
#6818 = CARTESIAN_POINT('',(290.,3.010050506339,4.));
#6819 = LINE('',#6820,#6821);
#6820 = CARTESIAN_POINT('',(290.,4.,3.010050506339));
#6821 = VECTOR('',#6822,1.);
#6822 = DIRECTION('',(-0.,0.707106781187,-0.707106781187));
#6823 = ORIENTED_EDGE('',*,*,#6824,.F.);
#6824 = EDGE_CURVE('',#6825,#6817,#6827,.T.);
#6825 = VERTEX_POINT('',#6826);
#6826 = CARTESIAN_POINT('',(290.,0.5,4.));
#6827 = LINE('',#6828,#6829);
#6828 = CARTESIAN_POINT('',(290.,3.010050506339,4.));
#6829 = VECTOR('',#6830,1.);
#6830 = DIRECTION('',(-0.,1.,-0.));
#6831 = ORIENTED_EDGE('',*,*,#6832,.F.);
#6832 = EDGE_CURVE('',#6833,#6825,#6835,.T.);
#6833 = VERTEX_POINT('',#6834);
#6834 = CARTESIAN_POINT('',(290.,-1.2E-14,3.5));
#6835 = LINE('',#6836,#6837);
#6836 = CARTESIAN_POINT('',(290.,0.5,4.));
#6837 = VECTOR('',#6838,1.);
#6838 = DIRECTION('',(-0.,0.707106781187,0.707106781187));
#6839 = ORIENTED_EDGE('',*,*,#6840,.F.);
#6840 = EDGE_CURVE('',#6841,#6833,#6843,.T.);
#6841 = VERTEX_POINT('',#6842);
#6842 = CARTESIAN_POINT('',(290.,-0.5,4.));
#6843 = LINE('',#6844,#6845);
#6844 = CARTESIAN_POINT('',(290.,-1.171E-14,3.5));
#6845 = VECTOR('',#6846,1.);
#6846 = DIRECTION('',(-0.,0.707106781187,-0.707106781187));
#6847 = ORIENTED_EDGE('',*,*,#6848,.F.);
#6848 = EDGE_CURVE('',#6849,#6841,#6851,.T.);
#6849 = VERTEX_POINT('',#6850);
#6850 = CARTESIAN_POINT('',(290.,-3.010050506339,4.));
#6851 = LINE('',#6852,#6853);
#6852 = CARTESIAN_POINT('',(290.,-0.5,4.));
#6853 = VECTOR('',#6854,1.);
#6854 = DIRECTION('',(-0.,1.,-3.5E-16));
#6855 = ORIENTED_EDGE('',*,*,#6856,.F.);
#6856 = EDGE_CURVE('',#6857,#6849,#6859,.T.);
#6857 = VERTEX_POINT('',#6858);
#6858 = CARTESIAN_POINT('',(290.,-5.210050506339,6.2));
#6859 = LINE('',#6860,#6861);
#6860 = CARTESIAN_POINT('',(290.,-3.010050506339,4.));
#6861 = VECTOR('',#6862,1.);
#6862 = DIRECTION('',(-0.,0.707106781187,-0.707106781187));
#6863 = ORIENTED_EDGE('',*,*,#6864,.F.);
#6864 = EDGE_CURVE('',#6865,#6857,#6867,.T.);
#6865 = VERTEX_POINT('',#6866);
#6866 = CARTESIAN_POINT('',(290.,-8.2,6.2));
#6867 = LINE('',#6868,#6869);
#6868 = CARTESIAN_POINT('',(290.,-5.210050506339,6.2));
#6869 = VECTOR('',#6870,1.);
#6870 = DIRECTION('',(-0.,1.,-0.));
#6871 = ORIENTED_EDGE('',*,*,#6872,.F.);
#6872 = EDGE_CURVE('',#6873,#6865,#6875,.T.);
#6873 = VERTEX_POINT('',#6874);
#6874 = CARTESIAN_POINT('',(290.,-8.2,13.8));
#6875 = LINE('',#6876,#6877);
#6876 = CARTESIAN_POINT('',(290.,-8.2,6.2));
#6877 = VECTOR('',#6878,1.);
#6878 = DIRECTION('',(-0.,-0.,-1.));
#6879 = ORIENTED_EDGE('',*,*,#6880,.F.);
#6880 = EDGE_CURVE('',#6881,#6873,#6883,.T.);
#6881 = VERTEX_POINT('',#6882);
#6882 = CARTESIAN_POINT('',(290.,-5.210050506339,13.8));
#6883 = LINE('',#6884,#6885);
#6884 = CARTESIAN_POINT('',(290.,-8.2,13.8));
#6885 = VECTOR('',#6886,1.);
#6886 = DIRECTION('',(-0.,-1.,-0.));
#6887 = ORIENTED_EDGE('',*,*,#6888,.F.);
#6888 = EDGE_CURVE('',#6889,#6881,#6891,.T.);
#6889 = VERTEX_POINT('',#6890);
#6890 = CARTESIAN_POINT('',(290.,-3.010050506339,16.));
#6891 = LINE('',#6892,#6893);
#6892 = CARTESIAN_POINT('',(290.,-5.210050506339,13.8));
#6893 = VECTOR('',#6894,1.);
#6894 = DIRECTION('',(-0.,-0.707106781187,-0.707106781187));
#6895 = ORIENTED_EDGE('',*,*,#6896,.F.);
#6896 = EDGE_CURVE('',#1704,#6889,#6897,.T.);
#6897 = LINE('',#6898,#6899);
#6898 = CARTESIAN_POINT('',(290.,-3.010050506339,16.));
#6899 = VECTOR('',#6900,1.);
#6900 = DIRECTION('',(-0.,-1.,-0.));
#6901 = ORIENTED_EDGE('',*,*,#1703,.F.);
#6902 = ORIENTED_EDGE('',*,*,#6903,.F.);
#6903 = EDGE_CURVE('',#6904,#1696,#6906,.T.);
#6904 = VERTEX_POINT('',#6905);
#6905 = CARTESIAN_POINT('',(290.,0.5,16.));
#6906 = LINE('',#6907,#6908);
#6907 = CARTESIAN_POINT('',(290.,-1.142E-14,16.5));
#6908 = VECTOR('',#6909,1.);
#6909 = DIRECTION('',(-0.,-0.707106781187,0.707106781187));
#6910 = ORIENTED_EDGE('',*,*,#6911,.F.);
#6911 = EDGE_CURVE('',#6912,#6904,#6914,.T.);
#6912 = VERTEX_POINT('',#6913);
#6913 = CARTESIAN_POINT('',(290.,3.010050506339,16.));
#6914 = LINE('',#6915,#6916);
#6915 = CARTESIAN_POINT('',(290.,0.5,16.));
#6916 = VECTOR('',#6917,1.);
#6917 = DIRECTION('',(-0.,-1.,-0.));
#6918 = ORIENTED_EDGE('',*,*,#6919,.F.);
#6919 = EDGE_CURVE('',#6920,#6912,#6922,.T.);
#6920 = VERTEX_POINT('',#6921);
#6921 = CARTESIAN_POINT('',(290.,4.,16.989949493661));
#6922 = LINE('',#6923,#6924);
#6923 = CARTESIAN_POINT('',(290.,3.010050506339,16.));
#6924 = VECTOR('',#6925,1.);
#6925 = DIRECTION('',(-0.,-0.707106781187,-0.707106781187));
#6926 = ORIENTED_EDGE('',*,*,#6927,.F.);
#6927 = EDGE_CURVE('',#6928,#6920,#6930,.T.);
#6928 = VERTEX_POINT('',#6929);
#6929 = CARTESIAN_POINT('',(290.,4.,19.5));
#6930 = LINE('',#6931,#6932);
#6931 = CARTESIAN_POINT('',(290.,4.,16.989949493661));
#6932 = VECTOR('',#6933,1.);
#6933 = DIRECTION('',(-0.,3.5E-16,-1.));
#6934 = ORIENTED_EDGE('',*,*,#6935,.F.);
#6935 = EDGE_CURVE('',#6936,#6928,#6938,.T.);
#6936 = VERTEX_POINT('',#6937);
#6937 = CARTESIAN_POINT('',(290.,3.5,20.));
#6938 = LINE('',#6939,#6940);
#6939 = CARTESIAN_POINT('',(290.,4.,19.5));
#6940 = VECTOR('',#6941,1.);
#6941 = DIRECTION('',(-0.,0.707106781187,-0.707106781187));
#6942 = ORIENTED_EDGE('',*,*,#6943,.F.);
#6943 = EDGE_CURVE('',#6944,#6936,#6946,.T.);
#6944 = VERTEX_POINT('',#6945);
#6945 = CARTESIAN_POINT('',(290.,4.,20.5));
#6946 = LINE('',#6947,#6948);
#6947 = CARTESIAN_POINT('',(290.,3.5,20.));
#6948 = VECTOR('',#6949,1.);
#6949 = DIRECTION('',(-0.,-0.707106781187,-0.707106781187));
#6950 = ORIENTED_EDGE('',*,*,#6951,.F.);
#6951 = EDGE_CURVE('',#6562,#6944,#6952,.T.);
#6952 = LINE('',#6953,#6954);
#6953 = CARTESIAN_POINT('',(290.,4.,20.5));
#6954 = VECTOR('',#6955,1.);
#6955 = DIRECTION('',(-0.,3.5E-16,-1.));
#6956 = FACE_BOUND('',#6957,.T.);
#6957 = EDGE_LOOP('',(#6958,#6959,#6960,#6961,#6962,#6963,#6964,#6965,
    #6966,#6967,#6968,#6969,#6970,#6971,#6972,#6973,#6974,#6975,#6976,
    #6977,#6978,#6979,#6980,#6981,#6982,#6983,#6984,#6985,#6986,#6987,
    #6988,#6989,#6990,#6991,#6992,#6993,#6994,#6995,#6996,#6997,#6998,
    #6999,#7000,#7001,#7002,#7003,#7004,#7005,#7006,#7007,#7008,#7009,
    #7010,#7011,#7012,#7013,#7014,#7015,#7016,#7017,#7018,#7019,#7020,
    #7021,#7022,#7023,#7024,#7025,#7026,#7027,#7028,#7029,#7030,#7031,
    #7032,#7033,#7034,#7035,#7036,#7037,#7038,#7039,#7040,#7041,#7042,
    #7043,#7044,#7045,#7046,#7047,#7048,#7049,#7050,#7051,#7052,#7053,
    #7054,#7055,#7056,#7057,#7058,#7059,#7060,#7061,#7062,#7063,#7064,
    #7065,#7066,#7067,#7068,#7069,#7070,#7071,#7072,#7073,#7074,#7075,
    #7076,#7077,#7078,#7079,#7080,#7081,#7082,#7083,#7084,#7085));
#6958 = ORIENTED_EDGE('',*,*,#2009,.T.);
#6959 = ORIENTED_EDGE('',*,*,#5921,.T.);
#6960 = ORIENTED_EDGE('',*,*,#5890,.T.);
#6961 = ORIENTED_EDGE('',*,*,#5859,.T.);
#6962 = ORIENTED_EDGE('',*,*,#5828,.T.);
#6963 = ORIENTED_EDGE('',*,*,#5797,.T.);
#6964 = ORIENTED_EDGE('',*,*,#5766,.T.);
#6965 = ORIENTED_EDGE('',*,*,#5735,.T.);
#6966 = ORIENTED_EDGE('',*,*,#5704,.T.);
#6967 = ORIENTED_EDGE('',*,*,#5674,.T.);
#6968 = ORIENTED_EDGE('',*,*,#1533,.T.);
#6969 = ORIENTED_EDGE('',*,*,#5611,.T.);
#6970 = ORIENTED_EDGE('',*,*,#5585,.T.);
#6971 = ORIENTED_EDGE('',*,*,#5544,.T.);
#6972 = ORIENTED_EDGE('',*,*,#5513,.T.);
#6973 = ORIENTED_EDGE('',*,*,#5482,.T.);
#6974 = ORIENTED_EDGE('',*,*,#5451,.T.);
#6975 = ORIENTED_EDGE('',*,*,#5420,.T.);
#6976 = ORIENTED_EDGE('',*,*,#5389,.T.);
#6977 = ORIENTED_EDGE('',*,*,#5358,.T.);
#6978 = ORIENTED_EDGE('',*,*,#5327,.T.);
#6979 = ORIENTED_EDGE('',*,*,#5296,.T.);
#6980 = ORIENTED_EDGE('',*,*,#5265,.T.);
#6981 = ORIENTED_EDGE('',*,*,#5234,.T.);
#6982 = ORIENTED_EDGE('',*,*,#5203,.T.);
#6983 = ORIENTED_EDGE('',*,*,#5172,.T.);
#6984 = ORIENTED_EDGE('',*,*,#5141,.T.);
#6985 = ORIENTED_EDGE('',*,*,#5110,.T.);
#6986 = ORIENTED_EDGE('',*,*,#5079,.T.);
#6987 = ORIENTED_EDGE('',*,*,#5048,.T.);
#6988 = ORIENTED_EDGE('',*,*,#5017,.T.);
#6989 = ORIENTED_EDGE('',*,*,#4986,.T.);
#6990 = ORIENTED_EDGE('',*,*,#4953,.T.);
#6991 = ORIENTED_EDGE('',*,*,#4922,.T.);
#6992 = ORIENTED_EDGE('',*,*,#1144,.T.);
#6993 = ORIENTED_EDGE('',*,*,#4907,.T.);
#6994 = ORIENTED_EDGE('',*,*,#4867,.T.);
#6995 = ORIENTED_EDGE('',*,*,#4836,.T.);
#6996 = ORIENTED_EDGE('',*,*,#4805,.T.);
#6997 = ORIENTED_EDGE('',*,*,#4774,.T.);
#6998 = ORIENTED_EDGE('',*,*,#4743,.T.);
#6999 = ORIENTED_EDGE('',*,*,#4712,.T.);
#7000 = ORIENTED_EDGE('',*,*,#4681,.T.);
#7001 = ORIENTED_EDGE('',*,*,#4650,.T.);
#7002 = ORIENTED_EDGE('',*,*,#4619,.T.);
#7003 = ORIENTED_EDGE('',*,*,#4588,.T.);
#7004 = ORIENTED_EDGE('',*,*,#4555,.T.);
#7005 = ORIENTED_EDGE('',*,*,#4524,.T.);
#7006 = ORIENTED_EDGE('',*,*,#4491,.T.);
#7007 = ORIENTED_EDGE('',*,*,#4460,.T.);
#7008 = ORIENTED_EDGE('',*,*,#4427,.T.);
#7009 = ORIENTED_EDGE('',*,*,#4396,.T.);
#7010 = ORIENTED_EDGE('',*,*,#4363,.T.);
#7011 = ORIENTED_EDGE('',*,*,#4332,.T.);
#7012 = ORIENTED_EDGE('',*,*,#4299,.T.);
#7013 = ORIENTED_EDGE('',*,*,#4268,.T.);
#7014 = ORIENTED_EDGE('',*,*,#4237,.T.);
#7015 = ORIENTED_EDGE('',*,*,#4206,.T.);
#7016 = ORIENTED_EDGE('',*,*,#4175,.T.);
#7017 = ORIENTED_EDGE('',*,*,#4144,.T.);
#7018 = ORIENTED_EDGE('',*,*,#4113,.T.);
#7019 = ORIENTED_EDGE('',*,*,#4082,.T.);
#7020 = ORIENTED_EDGE('',*,*,#4051,.T.);
#7021 = ORIENTED_EDGE('',*,*,#4020,.T.);
#7022 = ORIENTED_EDGE('',*,*,#3989,.T.);
#7023 = ORIENTED_EDGE('',*,*,#3956,.T.);
#7024 = ORIENTED_EDGE('',*,*,#3925,.T.);
#7025 = ORIENTED_EDGE('',*,*,#3892,.T.);
#7026 = ORIENTED_EDGE('',*,*,#3861,.T.);
#7027 = ORIENTED_EDGE('',*,*,#3828,.T.);
#7028 = ORIENTED_EDGE('',*,*,#3797,.T.);
#7029 = ORIENTED_EDGE('',*,*,#3764,.T.);
#7030 = ORIENTED_EDGE('',*,*,#3733,.T.);
#7031 = ORIENTED_EDGE('',*,*,#3702,.T.);
#7032 = ORIENTED_EDGE('',*,*,#3671,.T.);
#7033 = ORIENTED_EDGE('',*,*,#3640,.T.);
#7034 = ORIENTED_EDGE('',*,*,#3609,.T.);
#7035 = ORIENTED_EDGE('',*,*,#3578,.T.);
#7036 = ORIENTED_EDGE('',*,*,#3547,.T.);
#7037 = ORIENTED_EDGE('',*,*,#3516,.T.);
#7038 = ORIENTED_EDGE('',*,*,#3485,.T.);
#7039 = ORIENTED_EDGE('',*,*,#3454,.T.);
#7040 = ORIENTED_EDGE('',*,*,#3421,.T.);
#7041 = ORIENTED_EDGE('',*,*,#3390,.T.);
#7042 = ORIENTED_EDGE('',*,*,#3357,.T.);
#7043 = ORIENTED_EDGE('',*,*,#3326,.T.);
#7044 = ORIENTED_EDGE('',*,*,#3293,.T.);
#7045 = ORIENTED_EDGE('',*,*,#3262,.T.);
#7046 = ORIENTED_EDGE('',*,*,#3229,.T.);
#7047 = ORIENTED_EDGE('',*,*,#3198,.T.);
#7048 = ORIENTED_EDGE('',*,*,#3165,.T.);
#7049 = ORIENTED_EDGE('',*,*,#3134,.T.);
#7050 = ORIENTED_EDGE('',*,*,#3103,.T.);
#7051 = ORIENTED_EDGE('',*,*,#3072,.T.);
#7052 = ORIENTED_EDGE('',*,*,#3041,.T.);
#7053 = ORIENTED_EDGE('',*,*,#3010,.T.);
#7054 = ORIENTED_EDGE('',*,*,#2979,.T.);
#7055 = ORIENTED_EDGE('',*,*,#2948,.T.);
#7056 = ORIENTED_EDGE('',*,*,#2917,.T.);
#7057 = ORIENTED_EDGE('',*,*,#2886,.T.);
#7058 = ORIENTED_EDGE('',*,*,#2855,.T.);
#7059 = ORIENTED_EDGE('',*,*,#1186,.T.);
#7060 = ORIENTED_EDGE('',*,*,#2840,.T.);
#7061 = ORIENTED_EDGE('',*,*,#2800,.T.);
#7062 = ORIENTED_EDGE('',*,*,#2767,.T.);
#7063 = ORIENTED_EDGE('',*,*,#2736,.T.);
#7064 = ORIENTED_EDGE('',*,*,#2705,.T.);
#7065 = ORIENTED_EDGE('',*,*,#2674,.T.);
#7066 = ORIENTED_EDGE('',*,*,#2643,.T.);
#7067 = ORIENTED_EDGE('',*,*,#2612,.T.);
#7068 = ORIENTED_EDGE('',*,*,#2581,.T.);
#7069 = ORIENTED_EDGE('',*,*,#2550,.T.);
#7070 = ORIENTED_EDGE('',*,*,#2519,.T.);
#7071 = ORIENTED_EDGE('',*,*,#2488,.T.);
#7072 = ORIENTED_EDGE('',*,*,#2457,.T.);
#7073 = ORIENTED_EDGE('',*,*,#2426,.T.);
#7074 = ORIENTED_EDGE('',*,*,#2395,.T.);
#7075 = ORIENTED_EDGE('',*,*,#2364,.T.);
#7076 = ORIENTED_EDGE('',*,*,#2333,.T.);
#7077 = ORIENTED_EDGE('',*,*,#2302,.T.);
#7078 = ORIENTED_EDGE('',*,*,#2271,.T.);
#7079 = ORIENTED_EDGE('',*,*,#2240,.T.);
#7080 = ORIENTED_EDGE('',*,*,#2209,.T.);
#7081 = ORIENTED_EDGE('',*,*,#2178,.T.);
#7082 = ORIENTED_EDGE('',*,*,#2140,.T.);
#7083 = ORIENTED_EDGE('',*,*,#1375,.T.);
#7084 = ORIENTED_EDGE('',*,*,#2085,.T.);
#7085 = ORIENTED_EDGE('',*,*,#2068,.T.);
#7086 = PLANE('',#7087);
#7087 = AXIS2_PLACEMENT_3D('',#7088,#7089,#7090);
#7088 = CARTESIAN_POINT('',(290.,-9.8,4.882842712475));
#7089 = DIRECTION('',(1.,0.,0.));
#7090 = DIRECTION('',(0.,0.,-1.));
#7091 = ADVANCED_FACE('',(#7092),#7108,.F.);
#7092 = FACE_BOUND('',#7093,.T.);
#7093 = EDGE_LOOP('',(#7094,#7095,#7101,#7102));
#7094 = ORIENTED_EDGE('',*,*,#6559,.T.);
#7095 = ORIENTED_EDGE('',*,*,#7096,.F.);
#7096 = EDGE_CURVE('',#5994,#6562,#7097,.T.);
#7097 = LINE('',#7098,#7099);
#7098 = CARTESIAN_POINT('',(-60.,4.,23.010050506339));
#7099 = VECTOR('',#7100,1.);
#7100 = DIRECTION('',(1.,0.,0.));
#7101 = ORIENTED_EDGE('',*,*,#5993,.F.);
#7102 = ORIENTED_EDGE('',*,*,#7103,.T.);
#7103 = EDGE_CURVE('',#5986,#6560,#7104,.T.);
#7104 = LINE('',#7105,#7106);
#7105 = CARTESIAN_POINT('',(-60.,6.2,25.210050506339));
#7106 = VECTOR('',#7107,1.);
#7107 = DIRECTION('',(1.,0.,0.));
#7108 = PLANE('',#7109);
#7109 = AXIS2_PLACEMENT_3D('',#7110,#7111,#7112);
#7110 = CARTESIAN_POINT('',(-60.,4.,23.010050506339));
#7111 = DIRECTION('',(0.,-0.707106781187,0.707106781187));
#7112 = DIRECTION('',(0.,-0.707106781187,-0.707106781187));
#7113 = ADVANCED_FACE('',(#7114),#7125,.F.);
#7114 = FACE_BOUND('',#7115,.T.);
#7115 = EDGE_LOOP('',(#7116,#7117,#7118,#7119));
#7116 = ORIENTED_EDGE('',*,*,#6569,.T.);
#7117 = ORIENTED_EDGE('',*,*,#7103,.F.);
#7118 = ORIENTED_EDGE('',*,*,#5983,.F.);
#7119 = ORIENTED_EDGE('',*,*,#7120,.T.);
#7120 = EDGE_CURVE('',#5984,#6570,#7121,.T.);
#7121 = LINE('',#7122,#7123);
#7122 = CARTESIAN_POINT('',(-60.,13.8,25.210050506339));
#7123 = VECTOR('',#7124,1.);
#7124 = DIRECTION('',(1.,0.,0.));
#7125 = PLANE('',#7126);
#7126 = AXIS2_PLACEMENT_3D('',#7127,#7128,#7129);
#7127 = CARTESIAN_POINT('',(-60.,6.2,25.210050506339));
#7128 = DIRECTION('',(0.,0.,1.));
#7129 = DIRECTION('',(1.,0.,-0.));
#7130 = ADVANCED_FACE('',(#7131),#7142,.F.);
#7131 = FACE_BOUND('',#7132,.T.);
#7132 = EDGE_LOOP('',(#7133,#7134,#7135,#7136));
#7133 = ORIENTED_EDGE('',*,*,#6577,.T.);
#7134 = ORIENTED_EDGE('',*,*,#7120,.F.);
#7135 = ORIENTED_EDGE('',*,*,#6375,.F.);
#7136 = ORIENTED_EDGE('',*,*,#7137,.T.);
#7137 = EDGE_CURVE('',#6368,#6578,#7138,.T.);
#7138 = LINE('',#7139,#7140);
#7139 = CARTESIAN_POINT('',(-60.,16.,23.010050506339));
#7140 = VECTOR('',#7141,1.);
#7141 = DIRECTION('',(1.,0.,0.));
#7142 = PLANE('',#7143);
#7143 = AXIS2_PLACEMENT_3D('',#7144,#7145,#7146);
#7144 = CARTESIAN_POINT('',(-60.,13.8,25.210050506339));
#7145 = DIRECTION('',(-0.,0.707106781187,0.707106781187));
#7146 = DIRECTION('',(0.,-0.707106781187,0.707106781187));
#7147 = ADVANCED_FACE('',(#7148),#7159,.F.);
#7148 = FACE_BOUND('',#7149,.T.);
#7149 = EDGE_LOOP('',(#7150,#7151,#7152,#7153));
#7150 = ORIENTED_EDGE('',*,*,#6585,.T.);
#7151 = ORIENTED_EDGE('',*,*,#7137,.F.);
#7152 = ORIENTED_EDGE('',*,*,#6367,.F.);
#7153 = ORIENTED_EDGE('',*,*,#7154,.T.);
#7154 = EDGE_CURVE('',#6360,#6586,#7155,.T.);
#7155 = LINE('',#7156,#7157);
#7156 = CARTESIAN_POINT('',(-60.,16.,20.5));
#7157 = VECTOR('',#7158,1.);
#7158 = DIRECTION('',(1.,0.,0.));
#7159 = PLANE('',#7160);
#7160 = AXIS2_PLACEMENT_3D('',#7161,#7162,#7163);
#7161 = CARTESIAN_POINT('',(-60.,16.,23.010050506339));
#7162 = DIRECTION('',(-0.,1.,0.));
#7163 = DIRECTION('',(0.,0.,1.));
#7164 = ADVANCED_FACE('',(#7165),#7176,.F.);
#7165 = FACE_BOUND('',#7166,.T.);
#7166 = EDGE_LOOP('',(#7167,#7168,#7169,#7170));
#7167 = ORIENTED_EDGE('',*,*,#6593,.T.);
#7168 = ORIENTED_EDGE('',*,*,#7154,.F.);
#7169 = ORIENTED_EDGE('',*,*,#6359,.F.);
#7170 = ORIENTED_EDGE('',*,*,#7171,.T.);
#7171 = EDGE_CURVE('',#6352,#6594,#7172,.T.);
#7172 = LINE('',#7173,#7174);
#7173 = CARTESIAN_POINT('',(-60.,16.5,20.));
#7174 = VECTOR('',#7175,1.);
#7175 = DIRECTION('',(1.,0.,0.));
#7176 = PLANE('',#7177);
#7177 = AXIS2_PLACEMENT_3D('',#7178,#7179,#7180);
#7178 = CARTESIAN_POINT('',(-60.,16.,20.5));
#7179 = DIRECTION('',(-0.,0.707106781187,0.707106781187));
#7180 = DIRECTION('',(0.,-0.707106781187,0.707106781187));
#7181 = ADVANCED_FACE('',(#7182),#7193,.F.);
#7182 = FACE_BOUND('',#7183,.T.);
#7183 = EDGE_LOOP('',(#7184,#7185,#7186,#7187));
#7184 = ORIENTED_EDGE('',*,*,#6601,.T.);
#7185 = ORIENTED_EDGE('',*,*,#7171,.F.);
#7186 = ORIENTED_EDGE('',*,*,#6351,.F.);
#7187 = ORIENTED_EDGE('',*,*,#7188,.T.);
#7188 = EDGE_CURVE('',#6344,#6602,#7189,.T.);
#7189 = LINE('',#7190,#7191);
#7190 = CARTESIAN_POINT('',(-60.,16.,19.5));
#7191 = VECTOR('',#7192,1.);
#7192 = DIRECTION('',(1.,0.,0.));
#7193 = PLANE('',#7194);
#7194 = AXIS2_PLACEMENT_3D('',#7195,#7196,#7197);
#7195 = CARTESIAN_POINT('',(-60.,16.5,20.));
#7196 = DIRECTION('',(0.,0.707106781187,-0.707106781187));
#7197 = DIRECTION('',(0.,0.707106781187,0.707106781187));
#7198 = ADVANCED_FACE('',(#7199),#7210,.F.);
#7199 = FACE_BOUND('',#7200,.T.);
#7200 = EDGE_LOOP('',(#7201,#7202,#7203,#7204));
#7201 = ORIENTED_EDGE('',*,*,#6609,.T.);
#7202 = ORIENTED_EDGE('',*,*,#7188,.F.);
#7203 = ORIENTED_EDGE('',*,*,#6343,.F.);
#7204 = ORIENTED_EDGE('',*,*,#7205,.T.);
#7205 = EDGE_CURVE('',#6336,#6610,#7206,.T.);
#7206 = LINE('',#7207,#7208);
#7207 = CARTESIAN_POINT('',(-60.,16.,16.989949493661));
#7208 = VECTOR('',#7209,1.);
#7209 = DIRECTION('',(1.,0.,0.));
#7210 = PLANE('',#7211);
#7211 = AXIS2_PLACEMENT_3D('',#7212,#7213,#7214);
#7212 = CARTESIAN_POINT('',(-60.,16.,19.5));
#7213 = DIRECTION('',(-0.,1.,0.));
#7214 = DIRECTION('',(0.,0.,1.));
#7215 = ADVANCED_FACE('',(#7216),#7227,.F.);
#7216 = FACE_BOUND('',#7217,.T.);
#7217 = EDGE_LOOP('',(#7218,#7219,#7220,#7221));
#7218 = ORIENTED_EDGE('',*,*,#6617,.T.);
#7219 = ORIENTED_EDGE('',*,*,#7205,.F.);
#7220 = ORIENTED_EDGE('',*,*,#6335,.F.);
#7221 = ORIENTED_EDGE('',*,*,#7222,.T.);
#7222 = EDGE_CURVE('',#6328,#6618,#7223,.T.);
#7223 = LINE('',#7224,#7225);
#7224 = CARTESIAN_POINT('',(-60.,16.989949493661,16.));
#7225 = VECTOR('',#7226,1.);
#7226 = DIRECTION('',(1.,0.,0.));
#7227 = PLANE('',#7228);
#7228 = AXIS2_PLACEMENT_3D('',#7229,#7230,#7231);
#7229 = CARTESIAN_POINT('',(-60.,16.,16.989949493661));
#7230 = DIRECTION('',(-0.,0.707106781187,0.707106781187));
#7231 = DIRECTION('',(0.,-0.707106781187,0.707106781187));
#7232 = ADVANCED_FACE('',(#7233),#7248,.F.);
#7233 = FACE_BOUND('',#7234,.T.);
#7234 = EDGE_LOOP('',(#7235,#7236,#7237,#7238,#7239,#7240,#7246,#7247));
#7235 = ORIENTED_EDGE('',*,*,#483,.F.);
#7236 = ORIENTED_EDGE('',*,*,#1564,.T.);
#7237 = ORIENTED_EDGE('',*,*,#6625,.T.);
#7238 = ORIENTED_EDGE('',*,*,#7222,.F.);
#7239 = ORIENTED_EDGE('',*,*,#6327,.F.);
#7240 = ORIENTED_EDGE('',*,*,#7241,.T.);
#7241 = EDGE_CURVE('',#6320,#614,#7242,.T.);
#7242 = LINE('',#7243,#7244);
#7243 = CARTESIAN_POINT('',(-60.,19.5,16.));
#7244 = VECTOR('',#7245,1.);
#7245 = DIRECTION('',(1.,0.,0.));
#7246 = ORIENTED_EDGE('',*,*,#611,.F.);
#7247 = ORIENTED_EDGE('',*,*,#1579,.T.);
#7248 = PLANE('',#7249);
#7249 = AXIS2_PLACEMENT_3D('',#7250,#7251,#7252);
#7250 = CARTESIAN_POINT('',(-60.,16.989949493661,16.));
#7251 = DIRECTION('',(0.,0.,1.));
#7252 = DIRECTION('',(1.,0.,-0.));
#7253 = ADVANCED_FACE('',(#7254),#7260,.F.);
#7254 = FACE_BOUND('',#7255,.T.);
#7255 = EDGE_LOOP('',(#7256,#7257,#7258,#7259));
#7256 = ORIENTED_EDGE('',*,*,#730,.F.);
#7257 = ORIENTED_EDGE('',*,*,#7241,.F.);
#7258 = ORIENTED_EDGE('',*,*,#6319,.F.);
#7259 = ORIENTED_EDGE('',*,*,#1642,.T.);
#7260 = PLANE('',#7261);
#7261 = AXIS2_PLACEMENT_3D('',#7262,#7263,#7264);
#7262 = CARTESIAN_POINT('',(-60.,19.5,16.));
#7263 = DIRECTION('',(0.,-0.707106781187,0.707106781187));
#7264 = DIRECTION('',(0.,-0.707106781187,-0.707106781187));
#7265 = ADVANCED_FACE('',(#7266),#7285,.F.);
#7266 = FACE_BOUND('',#7267,.T.);
#7267 = EDGE_LOOP('',(#7268,#7277,#7283,#7284));
#7268 = ORIENTED_EDGE('',*,*,#7269,.F.);
#7269 = EDGE_CURVE('',#7270,#495,#7272,.T.);
#7270 = VERTEX_POINT('',#7271);
#7271 = CARTESIAN_POINT('',(87.039607805437,20.5,16.));
#7272 = ( BOUNDED_CURVE() B_SPLINE_CURVE(3,(#7273,#7274,#7275,#7276),
.UNSPECIFIED.,.F.,.F.) B_SPLINE_CURVE_WITH_KNOTS((4,4),(4.471984763615,
4.712388980385),.PIECEWISE_BEZIER_KNOTS.) CURVE() 
GEOMETRIC_REPRESENTATION_ITEM() RATIONAL_B_SPLINE_CURVE((1.,
0.995189613824,0.995189613824,1.)) REPRESENTATION_ITEM('') );
#7273 = CARTESIAN_POINT('',(87.039607805437,20.5,16.));
#7274 = CARTESIAN_POINT('',(87.079771963813,20.336161738154,
    16.163838261846));
#7275 = CARTESIAN_POINT('',(87.1,20.16868946518,16.33131053482));
#7276 = CARTESIAN_POINT('',(87.1,20.,16.5));
#7277 = ORIENTED_EDGE('',*,*,#7278,.T.);
#7278 = EDGE_CURVE('',#7270,#6633,#7279,.T.);
#7279 = LINE('',#7280,#7281);
#7280 = CARTESIAN_POINT('',(-60.,20.5,16.));
#7281 = VECTOR('',#7282,1.);
#7282 = DIRECTION('',(1.,0.,0.));
#7283 = ORIENTED_EDGE('',*,*,#6632,.T.);
#7284 = ORIENTED_EDGE('',*,*,#1548,.F.);
#7285 = PLANE('',#7286);
#7286 = AXIS2_PLACEMENT_3D('',#7287,#7288,#7289);
#7287 = CARTESIAN_POINT('',(-60.,20.,16.5));
#7288 = DIRECTION('',(-0.,0.707106781187,0.707106781187));
#7289 = DIRECTION('',(0.,-0.707106781187,0.707106781187));
#7290 = ADVANCED_FACE('',(#7291),#7318,.F.);
#7291 = FACE_BOUND('',#7292,.T.);
#7292 = EDGE_LOOP('',(#7293,#7300,#7301,#7308,#7309,#7310,#7316,#7317));
#7293 = ORIENTED_EDGE('',*,*,#7294,.F.);
#7294 = EDGE_CURVE('',#1601,#7270,#7295,.T.);
#7295 = CIRCLE('',#7296,2.1);
#7296 = AXIS2_PLACEMENT_3D('',#7297,#7298,#7299);
#7297 = CARTESIAN_POINT('',(85.,20.,16.));
#7298 = DIRECTION('',(0.,-0.,-1.));
#7299 = DIRECTION('',(1.,1.65E-15,-0.));
#7300 = ORIENTED_EDGE('',*,*,#1619,.F.);
#7301 = ORIENTED_EDGE('',*,*,#7302,.F.);
#7302 = EDGE_CURVE('',#1634,#1611,#7303,.T.);
#7303 = CIRCLE('',#7304,2.1);
#7304 = AXIS2_PLACEMENT_3D('',#7305,#7306,#7307);
#7305 = CARTESIAN_POINT('',(65.,20.,16.));
#7306 = DIRECTION('',(0.,-0.,-1.));
#7307 = DIRECTION('',(1.,3.3E-15,-0.));
#7308 = ORIENTED_EDGE('',*,*,#1658,.F.);
#7309 = ORIENTED_EDGE('',*,*,#6312,.F.);
#7310 = ORIENTED_EDGE('',*,*,#7311,.T.);
#7311 = EDGE_CURVE('',#6305,#6641,#7312,.T.);
#7312 = LINE('',#7313,#7314);
#7313 = CARTESIAN_POINT('',(-60.,23.010050506339,16.));
#7314 = VECTOR('',#7315,1.);
#7315 = DIRECTION('',(1.,0.,0.));
#7316 = ORIENTED_EDGE('',*,*,#6640,.T.);
#7317 = ORIENTED_EDGE('',*,*,#7278,.F.);
#7318 = PLANE('',#7319);
#7319 = AXIS2_PLACEMENT_3D('',#7320,#7321,#7322);
#7320 = CARTESIAN_POINT('',(-60.,20.5,16.));
#7321 = DIRECTION('',(0.,0.,1.));
#7322 = DIRECTION('',(1.,0.,-0.));
#7323 = ADVANCED_FACE('',(#7324),#7335,.F.);
#7324 = FACE_BOUND('',#7325,.T.);
#7325 = EDGE_LOOP('',(#7326,#7327,#7328,#7329));
#7326 = ORIENTED_EDGE('',*,*,#6648,.T.);
#7327 = ORIENTED_EDGE('',*,*,#7311,.F.);
#7328 = ORIENTED_EDGE('',*,*,#6304,.F.);
#7329 = ORIENTED_EDGE('',*,*,#7330,.T.);
#7330 = EDGE_CURVE('',#6297,#6649,#7331,.T.);
#7331 = LINE('',#7332,#7333);
#7332 = CARTESIAN_POINT('',(-60.,25.210050506339,13.8));
#7333 = VECTOR('',#7334,1.);
#7334 = DIRECTION('',(1.,0.,0.));
#7335 = PLANE('',#7336);
#7336 = AXIS2_PLACEMENT_3D('',#7337,#7338,#7339);
#7337 = CARTESIAN_POINT('',(-60.,23.010050506339,16.));
#7338 = DIRECTION('',(-0.,0.707106781187,0.707106781187));
#7339 = DIRECTION('',(0.,-0.707106781187,0.707106781187));
#7340 = ADVANCED_FACE('',(#7341),#7352,.F.);
#7341 = FACE_BOUND('',#7342,.T.);
#7342 = EDGE_LOOP('',(#7343,#7344,#7345,#7346));
#7343 = ORIENTED_EDGE('',*,*,#6656,.T.);
#7344 = ORIENTED_EDGE('',*,*,#7330,.F.);
#7345 = ORIENTED_EDGE('',*,*,#6296,.F.);
#7346 = ORIENTED_EDGE('',*,*,#7347,.T.);
#7347 = EDGE_CURVE('',#6289,#6657,#7348,.T.);
#7348 = LINE('',#7349,#7350);
#7349 = CARTESIAN_POINT('',(-60.,28.2,13.8));
#7350 = VECTOR('',#7351,1.);
#7351 = DIRECTION('',(1.,0.,0.));
#7352 = PLANE('',#7353);
#7353 = AXIS2_PLACEMENT_3D('',#7354,#7355,#7356);
#7354 = CARTESIAN_POINT('',(-60.,25.210050506339,13.8));
#7355 = DIRECTION('',(0.,0.,1.));
#7356 = DIRECTION('',(1.,0.,-0.));
#7357 = ADVANCED_FACE('',(#7358),#7369,.F.);
#7358 = FACE_BOUND('',#7359,.T.);
#7359 = EDGE_LOOP('',(#7360,#7361,#7362,#7363));
#7360 = ORIENTED_EDGE('',*,*,#6664,.T.);
#7361 = ORIENTED_EDGE('',*,*,#7347,.F.);
#7362 = ORIENTED_EDGE('',*,*,#6288,.F.);
#7363 = ORIENTED_EDGE('',*,*,#7364,.T.);
#7364 = EDGE_CURVE('',#6281,#6665,#7365,.T.);
#7365 = LINE('',#7366,#7367);
#7366 = CARTESIAN_POINT('',(-60.,28.2,6.2));
#7367 = VECTOR('',#7368,1.);
#7368 = DIRECTION('',(1.,0.,0.));
#7369 = PLANE('',#7370);
#7370 = AXIS2_PLACEMENT_3D('',#7371,#7372,#7373);
#7371 = CARTESIAN_POINT('',(-60.,28.2,13.8));
#7372 = DIRECTION('',(-0.,1.,4.6E-16));
#7373 = DIRECTION('',(0.,-4.6E-16,1.));
#7374 = ADVANCED_FACE('',(#7375),#7386,.F.);
#7375 = FACE_BOUND('',#7376,.T.);
#7376 = EDGE_LOOP('',(#7377,#7378,#7379,#7380));
#7377 = ORIENTED_EDGE('',*,*,#6672,.T.);
#7378 = ORIENTED_EDGE('',*,*,#7364,.F.);
#7379 = ORIENTED_EDGE('',*,*,#6280,.F.);
#7380 = ORIENTED_EDGE('',*,*,#7381,.T.);
#7381 = EDGE_CURVE('',#6273,#6673,#7382,.T.);
#7382 = LINE('',#7383,#7384);
#7383 = CARTESIAN_POINT('',(-60.,25.210050506339,6.2));
#7384 = VECTOR('',#7385,1.);
#7385 = DIRECTION('',(1.,0.,0.));
#7386 = PLANE('',#7387);
#7387 = AXIS2_PLACEMENT_3D('',#7388,#7389,#7390);
#7388 = CARTESIAN_POINT('',(-60.,28.2,6.2));
#7389 = DIRECTION('',(0.,0.,-1.));
#7390 = DIRECTION('',(-1.,0.,-0.));
#7391 = ADVANCED_FACE('',(#7392),#7403,.F.);
#7392 = FACE_BOUND('',#7393,.T.);
#7393 = EDGE_LOOP('',(#7394,#7395,#7396,#7397));
#7394 = ORIENTED_EDGE('',*,*,#6680,.T.);
#7395 = ORIENTED_EDGE('',*,*,#7381,.F.);
#7396 = ORIENTED_EDGE('',*,*,#6272,.F.);
#7397 = ORIENTED_EDGE('',*,*,#7398,.T.);
#7398 = EDGE_CURVE('',#6265,#6681,#7399,.T.);
#7399 = LINE('',#7400,#7401);
#7400 = CARTESIAN_POINT('',(-60.,23.010050506339,4.));
#7401 = VECTOR('',#7402,1.);
#7402 = DIRECTION('',(1.,0.,0.));
#7403 = PLANE('',#7404);
#7404 = AXIS2_PLACEMENT_3D('',#7405,#7406,#7407);
#7405 = CARTESIAN_POINT('',(-60.,25.210050506339,6.2));
#7406 = DIRECTION('',(0.,0.707106781187,-0.707106781187));
#7407 = DIRECTION('',(0.,0.707106781187,0.707106781187));
#7408 = ADVANCED_FACE('',(#7409),#7420,.F.);
#7409 = FACE_BOUND('',#7410,.T.);
#7410 = EDGE_LOOP('',(#7411,#7417,#7418,#7419));
#7411 = ORIENTED_EDGE('',*,*,#7412,.T.);
#7412 = EDGE_CURVE('',#6257,#6689,#7413,.T.);
#7413 = LINE('',#7414,#7415);
#7414 = CARTESIAN_POINT('',(-60.,20.5,4.));
#7415 = VECTOR('',#7416,1.);
#7416 = DIRECTION('',(1.,0.,0.));
#7417 = ORIENTED_EDGE('',*,*,#6688,.T.);
#7418 = ORIENTED_EDGE('',*,*,#7398,.F.);
#7419 = ORIENTED_EDGE('',*,*,#6264,.F.);
#7420 = PLANE('',#7421);
#7421 = AXIS2_PLACEMENT_3D('',#7422,#7423,#7424);
#7422 = CARTESIAN_POINT('',(-60.,23.010050506339,4.));
#7423 = DIRECTION('',(0.,6.9E-16,-1.));
#7424 = DIRECTION('',(0.,1.,6.9E-16));
#7425 = ADVANCED_FACE('',(#7426),#7437,.F.);
#7426 = FACE_BOUND('',#7427,.T.);
#7427 = EDGE_LOOP('',(#7428,#7429,#7430,#7431));
#7428 = ORIENTED_EDGE('',*,*,#6696,.T.);
#7429 = ORIENTED_EDGE('',*,*,#7412,.F.);
#7430 = ORIENTED_EDGE('',*,*,#6256,.F.);
#7431 = ORIENTED_EDGE('',*,*,#7432,.T.);
#7432 = EDGE_CURVE('',#6249,#6697,#7433,.T.);
#7433 = LINE('',#7434,#7435);
#7434 = CARTESIAN_POINT('',(-60.,20.,3.5));
#7435 = VECTOR('',#7436,1.);
#7436 = DIRECTION('',(1.,0.,0.));
#7437 = PLANE('',#7438);
#7438 = AXIS2_PLACEMENT_3D('',#7439,#7440,#7441);
#7439 = CARTESIAN_POINT('',(-60.,20.5,4.));
#7440 = DIRECTION('',(0.,0.707106781187,-0.707106781187));
#7441 = DIRECTION('',(0.,0.707106781187,0.707106781187));
#7442 = ADVANCED_FACE('',(#7443),#7454,.F.);
#7443 = FACE_BOUND('',#7444,.T.);
#7444 = EDGE_LOOP('',(#7445,#7446,#7447,#7448));
#7445 = ORIENTED_EDGE('',*,*,#6704,.T.);
#7446 = ORIENTED_EDGE('',*,*,#7432,.F.);
#7447 = ORIENTED_EDGE('',*,*,#6248,.F.);
#7448 = ORIENTED_EDGE('',*,*,#7449,.T.);
#7449 = EDGE_CURVE('',#6241,#6705,#7450,.T.);
#7450 = LINE('',#7451,#7452);
#7451 = CARTESIAN_POINT('',(-60.,19.5,4.));
#7452 = VECTOR('',#7453,1.);
#7453 = DIRECTION('',(1.,0.,0.));
#7454 = PLANE('',#7455);
#7455 = AXIS2_PLACEMENT_3D('',#7456,#7457,#7458);
#7456 = CARTESIAN_POINT('',(-60.,20.,3.5));
#7457 = DIRECTION('',(0.,-0.707106781187,-0.707106781187));
#7458 = DIRECTION('',(0.,0.707106781187,-0.707106781187));
#7459 = ADVANCED_FACE('',(#7460),#7471,.F.);
#7460 = FACE_BOUND('',#7461,.T.);
#7461 = EDGE_LOOP('',(#7462,#7463,#7464,#7465));
#7462 = ORIENTED_EDGE('',*,*,#6712,.T.);
#7463 = ORIENTED_EDGE('',*,*,#7449,.F.);
#7464 = ORIENTED_EDGE('',*,*,#6240,.F.);
#7465 = ORIENTED_EDGE('',*,*,#7466,.T.);
#7466 = EDGE_CURVE('',#6233,#6713,#7467,.T.);
#7467 = LINE('',#7468,#7469);
#7468 = CARTESIAN_POINT('',(-60.,16.989949493661,4.));
#7469 = VECTOR('',#7470,1.);
#7470 = DIRECTION('',(1.,0.,0.));
#7471 = PLANE('',#7472);
#7472 = AXIS2_PLACEMENT_3D('',#7473,#7474,#7475);
#7473 = CARTESIAN_POINT('',(-60.,19.5,4.));
#7474 = DIRECTION('',(0.,0.,-1.));
#7475 = DIRECTION('',(-1.,0.,-0.));
#7476 = ADVANCED_FACE('',(#7477),#7488,.F.);
#7477 = FACE_BOUND('',#7478,.T.);
#7478 = EDGE_LOOP('',(#7479,#7480,#7481,#7482));
#7479 = ORIENTED_EDGE('',*,*,#6720,.T.);
#7480 = ORIENTED_EDGE('',*,*,#7466,.F.);
#7481 = ORIENTED_EDGE('',*,*,#6232,.F.);
#7482 = ORIENTED_EDGE('',*,*,#7483,.T.);
#7483 = EDGE_CURVE('',#6225,#6721,#7484,.T.);
#7484 = LINE('',#7485,#7486);
#7485 = CARTESIAN_POINT('',(-60.,16.,3.010050506339));
#7486 = VECTOR('',#7487,1.);
#7487 = DIRECTION('',(1.,0.,0.));
#7488 = PLANE('',#7489);
#7489 = AXIS2_PLACEMENT_3D('',#7490,#7491,#7492);
#7490 = CARTESIAN_POINT('',(-60.,16.989949493661,4.));
#7491 = DIRECTION('',(0.,0.707106781187,-0.707106781187));
#7492 = DIRECTION('',(0.,0.707106781187,0.707106781187));
#7493 = ADVANCED_FACE('',(#7494),#7505,.F.);
#7494 = FACE_BOUND('',#7495,.T.);
#7495 = EDGE_LOOP('',(#7496,#7497,#7498,#7499));
#7496 = ORIENTED_EDGE('',*,*,#6728,.T.);
#7497 = ORIENTED_EDGE('',*,*,#7483,.F.);
#7498 = ORIENTED_EDGE('',*,*,#6224,.F.);
#7499 = ORIENTED_EDGE('',*,*,#7500,.T.);
#7500 = EDGE_CURVE('',#6217,#6729,#7501,.T.);
#7501 = LINE('',#7502,#7503);
#7502 = CARTESIAN_POINT('',(-60.,16.,0.5));
#7503 = VECTOR('',#7504,1.);
#7504 = DIRECTION('',(1.,0.,0.));
#7505 = PLANE('',#7506);
#7506 = AXIS2_PLACEMENT_3D('',#7507,#7508,#7509);
#7507 = CARTESIAN_POINT('',(-60.,16.,3.010050506339));
#7508 = DIRECTION('',(-0.,1.,0.));
#7509 = DIRECTION('',(0.,0.,1.));
#7510 = ADVANCED_FACE('',(#7511),#7522,.F.);
#7511 = FACE_BOUND('',#7512,.T.);
#7512 = EDGE_LOOP('',(#7513,#7514,#7515,#7516));
#7513 = ORIENTED_EDGE('',*,*,#6736,.T.);
#7514 = ORIENTED_EDGE('',*,*,#7500,.F.);
#7515 = ORIENTED_EDGE('',*,*,#6216,.F.);
#7516 = ORIENTED_EDGE('',*,*,#7517,.T.);
#7517 = EDGE_CURVE('',#6209,#6737,#7518,.T.);
#7518 = LINE('',#7519,#7520);
#7519 = CARTESIAN_POINT('',(-60.,16.5,5.E-16));
#7520 = VECTOR('',#7521,1.);
#7521 = DIRECTION('',(1.,0.,0.));
#7522 = PLANE('',#7523);
#7523 = AXIS2_PLACEMENT_3D('',#7524,#7525,#7526);
#7524 = CARTESIAN_POINT('',(-60.,16.,0.5));
#7525 = DIRECTION('',(-0.,0.707106781187,0.707106781187));
#7526 = DIRECTION('',(0.,-0.707106781187,0.707106781187));
#7527 = ADVANCED_FACE('',(#7528),#7539,.F.);
#7528 = FACE_BOUND('',#7529,.T.);
#7529 = EDGE_LOOP('',(#7530,#7531,#7532,#7533));
#7530 = ORIENTED_EDGE('',*,*,#6744,.T.);
#7531 = ORIENTED_EDGE('',*,*,#7517,.F.);
#7532 = ORIENTED_EDGE('',*,*,#6208,.F.);
#7533 = ORIENTED_EDGE('',*,*,#7534,.T.);
#7534 = EDGE_CURVE('',#6201,#6745,#7535,.T.);
#7535 = LINE('',#7536,#7537);
#7536 = CARTESIAN_POINT('',(-60.,16.,-0.5));
#7537 = VECTOR('',#7538,1.);
#7538 = DIRECTION('',(1.,0.,0.));
#7539 = PLANE('',#7540);
#7540 = AXIS2_PLACEMENT_3D('',#7541,#7542,#7543);
#7541 = CARTESIAN_POINT('',(-60.,16.5,5.E-16));
#7542 = DIRECTION('',(0.,0.707106781187,-0.707106781187));
#7543 = DIRECTION('',(0.,0.707106781187,0.707106781187));
#7544 = ADVANCED_FACE('',(#7545),#7556,.F.);
#7545 = FACE_BOUND('',#7546,.T.);
#7546 = EDGE_LOOP('',(#7547,#7548,#7549,#7550));
#7547 = ORIENTED_EDGE('',*,*,#6752,.T.);
#7548 = ORIENTED_EDGE('',*,*,#7534,.F.);
#7549 = ORIENTED_EDGE('',*,*,#6200,.F.);
#7550 = ORIENTED_EDGE('',*,*,#7551,.T.);
#7551 = EDGE_CURVE('',#6193,#6753,#7552,.T.);
#7552 = LINE('',#7553,#7554);
#7553 = CARTESIAN_POINT('',(-60.,16.,-3.010050506339));
#7554 = VECTOR('',#7555,1.);
#7555 = DIRECTION('',(1.,0.,0.));
#7556 = PLANE('',#7557);
#7557 = AXIS2_PLACEMENT_3D('',#7558,#7559,#7560);
#7558 = CARTESIAN_POINT('',(-60.,16.,-0.5));
#7559 = DIRECTION('',(-0.,1.,0.));
#7560 = DIRECTION('',(0.,0.,1.));
#7561 = ADVANCED_FACE('',(#7562),#7573,.F.);
#7562 = FACE_BOUND('',#7563,.T.);
#7563 = EDGE_LOOP('',(#7564,#7565,#7566,#7567));
#7564 = ORIENTED_EDGE('',*,*,#6760,.T.);
#7565 = ORIENTED_EDGE('',*,*,#7551,.F.);
#7566 = ORIENTED_EDGE('',*,*,#6192,.F.);
#7567 = ORIENTED_EDGE('',*,*,#7568,.T.);
#7568 = EDGE_CURVE('',#6185,#6761,#7569,.T.);
#7569 = LINE('',#7570,#7571);
#7570 = CARTESIAN_POINT('',(-60.,13.8,-5.210050506339));
#7571 = VECTOR('',#7572,1.);
#7572 = DIRECTION('',(1.,0.,0.));
#7573 = PLANE('',#7574);
#7574 = AXIS2_PLACEMENT_3D('',#7575,#7576,#7577);
#7575 = CARTESIAN_POINT('',(-60.,16.,-3.010050506339));
#7576 = DIRECTION('',(0.,0.707106781187,-0.707106781187));
#7577 = DIRECTION('',(0.,0.707106781187,0.707106781187));
#7578 = ADVANCED_FACE('',(#7579),#7590,.F.);
#7579 = FACE_BOUND('',#7580,.T.);
#7580 = EDGE_LOOP('',(#7581,#7582,#7583,#7584));
#7581 = ORIENTED_EDGE('',*,*,#6768,.T.);
#7582 = ORIENTED_EDGE('',*,*,#7568,.F.);
#7583 = ORIENTED_EDGE('',*,*,#6184,.F.);
#7584 = ORIENTED_EDGE('',*,*,#7585,.T.);
#7585 = EDGE_CURVE('',#6177,#6769,#7586,.T.);
#7586 = LINE('',#7587,#7588);
#7587 = CARTESIAN_POINT('',(-60.,6.2,-5.210050506339));
#7588 = VECTOR('',#7589,1.);
#7589 = DIRECTION('',(1.,0.,0.));
#7590 = PLANE('',#7591);
#7591 = AXIS2_PLACEMENT_3D('',#7592,#7593,#7594);
#7592 = CARTESIAN_POINT('',(-60.,13.8,-5.210050506339));
#7593 = DIRECTION('',(0.,-1.1E-16,-1.));
#7594 = DIRECTION('',(0.,1.,-1.1E-16));
#7595 = ADVANCED_FACE('',(#7596),#7607,.F.);
#7596 = FACE_BOUND('',#7597,.T.);
#7597 = EDGE_LOOP('',(#7598,#7599,#7600,#7601));
#7598 = ORIENTED_EDGE('',*,*,#6776,.T.);
#7599 = ORIENTED_EDGE('',*,*,#7585,.F.);
#7600 = ORIENTED_EDGE('',*,*,#6176,.F.);
#7601 = ORIENTED_EDGE('',*,*,#7602,.T.);
#7602 = EDGE_CURVE('',#6169,#6777,#7603,.T.);
#7603 = LINE('',#7604,#7605);
#7604 = CARTESIAN_POINT('',(-60.,4.,-3.010050506339));
#7605 = VECTOR('',#7606,1.);
#7606 = DIRECTION('',(1.,0.,0.));
#7607 = PLANE('',#7608);
#7608 = AXIS2_PLACEMENT_3D('',#7609,#7610,#7611);
#7609 = CARTESIAN_POINT('',(-60.,6.2,-5.210050506339));
#7610 = DIRECTION('',(0.,-0.707106781187,-0.707106781187));
#7611 = DIRECTION('',(0.,0.707106781187,-0.707106781187));
#7612 = ADVANCED_FACE('',(#7613),#7624,.F.);
#7613 = FACE_BOUND('',#7614,.T.);
#7614 = EDGE_LOOP('',(#7615,#7616,#7617,#7618));
#7615 = ORIENTED_EDGE('',*,*,#6784,.T.);
#7616 = ORIENTED_EDGE('',*,*,#7602,.F.);
#7617 = ORIENTED_EDGE('',*,*,#6168,.F.);
#7618 = ORIENTED_EDGE('',*,*,#7619,.T.);
#7619 = EDGE_CURVE('',#6161,#6785,#7620,.T.);
#7620 = LINE('',#7621,#7622);
#7621 = CARTESIAN_POINT('',(-60.,4.,-0.5));
#7622 = VECTOR('',#7623,1.);
#7623 = DIRECTION('',(1.,0.,0.));
#7624 = PLANE('',#7625);
#7625 = AXIS2_PLACEMENT_3D('',#7626,#7627,#7628);
#7626 = CARTESIAN_POINT('',(-60.,4.,-3.010050506339));
#7627 = DIRECTION('',(0.,-1.,0.));
#7628 = DIRECTION('',(0.,-0.,-1.));
#7629 = ADVANCED_FACE('',(#7630),#7641,.F.);
#7630 = FACE_BOUND('',#7631,.T.);
#7631 = EDGE_LOOP('',(#7632,#7633,#7634,#7635));
#7632 = ORIENTED_EDGE('',*,*,#6792,.T.);
#7633 = ORIENTED_EDGE('',*,*,#7619,.F.);
#7634 = ORIENTED_EDGE('',*,*,#6160,.F.);
#7635 = ORIENTED_EDGE('',*,*,#7636,.T.);
#7636 = EDGE_CURVE('',#6153,#6793,#7637,.T.);
#7637 = LINE('',#7638,#7639);
#7638 = CARTESIAN_POINT('',(-60.,3.5,-5.2E-16));
#7639 = VECTOR('',#7640,1.);
#7640 = DIRECTION('',(1.,0.,0.));
#7641 = PLANE('',#7642);
#7642 = AXIS2_PLACEMENT_3D('',#7643,#7644,#7645);
#7643 = CARTESIAN_POINT('',(-60.,4.,-0.5));
#7644 = DIRECTION('',(0.,-0.707106781187,-0.707106781187));
#7645 = DIRECTION('',(0.,0.707106781187,-0.707106781187));
#7646 = ADVANCED_FACE('',(#7647),#7658,.F.);
#7647 = FACE_BOUND('',#7648,.T.);
#7648 = EDGE_LOOP('',(#7649,#7650,#7651,#7652));
#7649 = ORIENTED_EDGE('',*,*,#6800,.T.);
#7650 = ORIENTED_EDGE('',*,*,#7636,.F.);
#7651 = ORIENTED_EDGE('',*,*,#6152,.F.);
#7652 = ORIENTED_EDGE('',*,*,#7653,.T.);
#7653 = EDGE_CURVE('',#6145,#6801,#7654,.T.);
#7654 = LINE('',#7655,#7656);
#7655 = CARTESIAN_POINT('',(-60.,4.,0.5));
#7656 = VECTOR('',#7657,1.);
#7657 = DIRECTION('',(1.,0.,0.));
#7658 = PLANE('',#7659);
#7659 = AXIS2_PLACEMENT_3D('',#7660,#7661,#7662);
#7660 = CARTESIAN_POINT('',(-60.,3.5,-5.2E-16));
#7661 = DIRECTION('',(0.,-0.707106781187,0.707106781187));
#7662 = DIRECTION('',(0.,-0.707106781187,-0.707106781187));
#7663 = ADVANCED_FACE('',(#7664),#7675,.F.);
#7664 = FACE_BOUND('',#7665,.T.);
#7665 = EDGE_LOOP('',(#7666,#7667,#7668,#7669));
#7666 = ORIENTED_EDGE('',*,*,#6808,.T.);
#7667 = ORIENTED_EDGE('',*,*,#7653,.F.);
#7668 = ORIENTED_EDGE('',*,*,#6144,.F.);
#7669 = ORIENTED_EDGE('',*,*,#7670,.T.);
#7670 = EDGE_CURVE('',#6137,#6809,#7671,.T.);
#7671 = LINE('',#7672,#7673);
#7672 = CARTESIAN_POINT('',(-60.,4.,3.010050506339));
#7673 = VECTOR('',#7674,1.);
#7674 = DIRECTION('',(1.,0.,0.));
#7675 = PLANE('',#7676);
#7676 = AXIS2_PLACEMENT_3D('',#7677,#7678,#7679);
#7677 = CARTESIAN_POINT('',(-60.,4.,0.5));
#7678 = DIRECTION('',(0.,-1.,0.));
#7679 = DIRECTION('',(0.,-0.,-1.));
#7680 = ADVANCED_FACE('',(#7681),#7692,.F.);
#7681 = FACE_BOUND('',#7682,.T.);
#7682 = EDGE_LOOP('',(#7683,#7684,#7685,#7686));
#7683 = ORIENTED_EDGE('',*,*,#6816,.T.);
#7684 = ORIENTED_EDGE('',*,*,#7670,.F.);
#7685 = ORIENTED_EDGE('',*,*,#6136,.F.);
#7686 = ORIENTED_EDGE('',*,*,#7687,.T.);
#7687 = EDGE_CURVE('',#6129,#6817,#7688,.T.);
#7688 = LINE('',#7689,#7690);
#7689 = CARTESIAN_POINT('',(-60.,3.010050506339,4.));
#7690 = VECTOR('',#7691,1.);
#7691 = DIRECTION('',(1.,0.,0.));
#7692 = PLANE('',#7693);
#7693 = AXIS2_PLACEMENT_3D('',#7694,#7695,#7696);
#7694 = CARTESIAN_POINT('',(-60.,4.,3.010050506339));
#7695 = DIRECTION('',(0.,-0.707106781187,-0.707106781187));
#7696 = DIRECTION('',(0.,0.707106781187,-0.707106781187));
#7697 = ADVANCED_FACE('',(#7698),#7709,.F.);
#7698 = FACE_BOUND('',#7699,.T.);
#7699 = EDGE_LOOP('',(#7700,#7706,#7707,#7708));
#7700 = ORIENTED_EDGE('',*,*,#7701,.T.);
#7701 = EDGE_CURVE('',#6121,#6825,#7702,.T.);
#7702 = LINE('',#7703,#7704);
#7703 = CARTESIAN_POINT('',(-60.,0.5,4.));
#7704 = VECTOR('',#7705,1.);
#7705 = DIRECTION('',(1.,0.,0.));
#7706 = ORIENTED_EDGE('',*,*,#6824,.T.);
#7707 = ORIENTED_EDGE('',*,*,#7687,.F.);
#7708 = ORIENTED_EDGE('',*,*,#6128,.F.);
#7709 = PLANE('',#7710);
#7710 = AXIS2_PLACEMENT_3D('',#7711,#7712,#7713);
#7711 = CARTESIAN_POINT('',(-60.,3.010050506339,4.));
#7712 = DIRECTION('',(0.,0.,-1.));
#7713 = DIRECTION('',(-1.,0.,-0.));
#7714 = ADVANCED_FACE('',(#7715),#7726,.F.);
#7715 = FACE_BOUND('',#7716,.T.);
#7716 = EDGE_LOOP('',(#7717,#7718,#7719,#7720));
#7717 = ORIENTED_EDGE('',*,*,#6832,.T.);
#7718 = ORIENTED_EDGE('',*,*,#7701,.F.);
#7719 = ORIENTED_EDGE('',*,*,#6120,.F.);
#7720 = ORIENTED_EDGE('',*,*,#7721,.T.);
#7721 = EDGE_CURVE('',#6113,#6833,#7722,.T.);
#7722 = LINE('',#7723,#7724);
#7723 = CARTESIAN_POINT('',(-60.,-1.171E-14,3.5));
#7724 = VECTOR('',#7725,1.);
#7725 = DIRECTION('',(1.,0.,0.));
#7726 = PLANE('',#7727);
#7727 = AXIS2_PLACEMENT_3D('',#7728,#7729,#7730);
#7728 = CARTESIAN_POINT('',(-60.,0.5,4.));
#7729 = DIRECTION('',(0.,0.707106781187,-0.707106781187));
#7730 = DIRECTION('',(0.,0.707106781187,0.707106781187));
#7731 = ADVANCED_FACE('',(#7732),#7743,.F.);
#7732 = FACE_BOUND('',#7733,.T.);
#7733 = EDGE_LOOP('',(#7734,#7735,#7736,#7737));
#7734 = ORIENTED_EDGE('',*,*,#6840,.T.);
#7735 = ORIENTED_EDGE('',*,*,#7721,.F.);
#7736 = ORIENTED_EDGE('',*,*,#6112,.F.);
#7737 = ORIENTED_EDGE('',*,*,#7738,.T.);
#7738 = EDGE_CURVE('',#6105,#6841,#7739,.T.);
#7739 = LINE('',#7740,#7741);
#7740 = CARTESIAN_POINT('',(-60.,-0.5,4.));
#7741 = VECTOR('',#7742,1.);
#7742 = DIRECTION('',(1.,0.,0.));
#7743 = PLANE('',#7744);
#7744 = AXIS2_PLACEMENT_3D('',#7745,#7746,#7747);
#7745 = CARTESIAN_POINT('',(-60.,-1.171E-14,3.5));
#7746 = DIRECTION('',(0.,-0.707106781187,-0.707106781187));
#7747 = DIRECTION('',(0.,0.707106781187,-0.707106781187));
#7748 = ADVANCED_FACE('',(#7749),#7760,.F.);
#7749 = FACE_BOUND('',#7750,.T.);
#7750 = EDGE_LOOP('',(#7751,#7752,#7753,#7754));
#7751 = ORIENTED_EDGE('',*,*,#6848,.T.);
#7752 = ORIENTED_EDGE('',*,*,#7738,.F.);
#7753 = ORIENTED_EDGE('',*,*,#6104,.F.);
#7754 = ORIENTED_EDGE('',*,*,#7755,.T.);
#7755 = EDGE_CURVE('',#6097,#6849,#7756,.T.);
#7756 = LINE('',#7757,#7758);
#7757 = CARTESIAN_POINT('',(-60.,-3.010050506339,4.));
#7758 = VECTOR('',#7759,1.);
#7759 = DIRECTION('',(1.,0.,0.));
#7760 = PLANE('',#7761);
#7761 = AXIS2_PLACEMENT_3D('',#7762,#7763,#7764);
#7762 = CARTESIAN_POINT('',(-60.,-0.5,4.));
#7763 = DIRECTION('',(0.,-3.5E-16,-1.));
#7764 = DIRECTION('',(0.,1.,-3.5E-16));
#7765 = ADVANCED_FACE('',(#7766),#7777,.F.);
#7766 = FACE_BOUND('',#7767,.T.);
#7767 = EDGE_LOOP('',(#7768,#7769,#7770,#7771));
#7768 = ORIENTED_EDGE('',*,*,#6856,.T.);
#7769 = ORIENTED_EDGE('',*,*,#7755,.F.);
#7770 = ORIENTED_EDGE('',*,*,#6096,.F.);
#7771 = ORIENTED_EDGE('',*,*,#7772,.T.);
#7772 = EDGE_CURVE('',#6089,#6857,#7773,.T.);
#7773 = LINE('',#7774,#7775);
#7774 = CARTESIAN_POINT('',(-60.,-5.210050506339,6.2));
#7775 = VECTOR('',#7776,1.);
#7776 = DIRECTION('',(1.,0.,0.));
#7777 = PLANE('',#7778);
#7778 = AXIS2_PLACEMENT_3D('',#7779,#7780,#7781);
#7779 = CARTESIAN_POINT('',(-60.,-3.010050506339,4.));
#7780 = DIRECTION('',(0.,-0.707106781187,-0.707106781187));
#7781 = DIRECTION('',(0.,0.707106781187,-0.707106781187));
#7782 = ADVANCED_FACE('',(#7783),#7794,.F.);
#7783 = FACE_BOUND('',#7784,.T.);
#7784 = EDGE_LOOP('',(#7785,#7786,#7787,#7788));
#7785 = ORIENTED_EDGE('',*,*,#6864,.T.);
#7786 = ORIENTED_EDGE('',*,*,#7772,.F.);
#7787 = ORIENTED_EDGE('',*,*,#6088,.F.);
#7788 = ORIENTED_EDGE('',*,*,#7789,.T.);
#7789 = EDGE_CURVE('',#6081,#6865,#7790,.T.);
#7790 = LINE('',#7791,#7792);
#7791 = CARTESIAN_POINT('',(-60.,-8.2,6.2));
#7792 = VECTOR('',#7793,1.);
#7793 = DIRECTION('',(1.,0.,0.));
#7794 = PLANE('',#7795);
#7795 = AXIS2_PLACEMENT_3D('',#7796,#7797,#7798);
#7796 = CARTESIAN_POINT('',(-60.,-5.210050506339,6.2));
#7797 = DIRECTION('',(0.,0.,-1.));
#7798 = DIRECTION('',(-1.,0.,-0.));
#7799 = ADVANCED_FACE('',(#7800),#7811,.F.);
#7800 = FACE_BOUND('',#7801,.T.);
#7801 = EDGE_LOOP('',(#7802,#7803,#7804,#7805));
#7802 = ORIENTED_EDGE('',*,*,#6872,.T.);
#7803 = ORIENTED_EDGE('',*,*,#7789,.F.);
#7804 = ORIENTED_EDGE('',*,*,#6080,.F.);
#7805 = ORIENTED_EDGE('',*,*,#7806,.T.);
#7806 = EDGE_CURVE('',#6073,#6873,#7807,.T.);
#7807 = LINE('',#7808,#7809);
#7808 = CARTESIAN_POINT('',(-60.,-8.2,13.8));
#7809 = VECTOR('',#7810,1.);
#7810 = DIRECTION('',(1.,0.,0.));
#7811 = PLANE('',#7812);
#7812 = AXIS2_PLACEMENT_3D('',#7813,#7814,#7815);
#7813 = CARTESIAN_POINT('',(-60.,-8.2,6.2));
#7814 = DIRECTION('',(0.,-1.,0.));
#7815 = DIRECTION('',(0.,-0.,-1.));
#7816 = ADVANCED_FACE('',(#7817),#7828,.F.);
#7817 = FACE_BOUND('',#7818,.T.);
#7818 = EDGE_LOOP('',(#7819,#7820,#7821,#7822));
#7819 = ORIENTED_EDGE('',*,*,#6880,.T.);
#7820 = ORIENTED_EDGE('',*,*,#7806,.F.);
#7821 = ORIENTED_EDGE('',*,*,#6072,.F.);
#7822 = ORIENTED_EDGE('',*,*,#7823,.T.);
#7823 = EDGE_CURVE('',#6065,#6881,#7824,.T.);
#7824 = LINE('',#7825,#7826);
#7825 = CARTESIAN_POINT('',(-60.,-5.210050506339,13.8));
#7826 = VECTOR('',#7827,1.);
#7827 = DIRECTION('',(1.,0.,0.));
#7828 = PLANE('',#7829);
#7829 = AXIS2_PLACEMENT_3D('',#7830,#7831,#7832);
#7830 = CARTESIAN_POINT('',(-60.,-8.2,13.8));
#7831 = DIRECTION('',(0.,0.,1.));
#7832 = DIRECTION('',(1.,0.,-0.));
#7833 = ADVANCED_FACE('',(#7834),#7845,.F.);
#7834 = FACE_BOUND('',#7835,.T.);
#7835 = EDGE_LOOP('',(#7836,#7837,#7838,#7839));
#7836 = ORIENTED_EDGE('',*,*,#6888,.T.);
#7837 = ORIENTED_EDGE('',*,*,#7823,.F.);
#7838 = ORIENTED_EDGE('',*,*,#6064,.F.);
#7839 = ORIENTED_EDGE('',*,*,#7840,.T.);
#7840 = EDGE_CURVE('',#6057,#6889,#7841,.T.);
#7841 = LINE('',#7842,#7843);
#7842 = CARTESIAN_POINT('',(-60.,-3.010050506339,16.));
#7843 = VECTOR('',#7844,1.);
#7844 = DIRECTION('',(1.,0.,0.));
#7845 = PLANE('',#7846);
#7846 = AXIS2_PLACEMENT_3D('',#7847,#7848,#7849);
#7847 = CARTESIAN_POINT('',(-60.,-5.210050506339,13.8));
#7848 = DIRECTION('',(0.,-0.707106781187,0.707106781187));
#7849 = DIRECTION('',(0.,-0.707106781187,-0.707106781187));
#7850 = ADVANCED_FACE('',(#7851),#7866,.F.);
#7851 = FACE_BOUND('',#7852,.T.);
#7852 = EDGE_LOOP('',(#7853,#7854,#7855,#7856,#7857,#7858,#7859,#7860));
#7853 = ORIENTED_EDGE('',*,*,#121,.F.);
#7854 = ORIENTED_EDGE('',*,*,#1680,.T.);
#7855 = ORIENTED_EDGE('',*,*,#355,.F.);
#7856 = ORIENTED_EDGE('',*,*,#1711,.T.);
#7857 = ORIENTED_EDGE('',*,*,#6896,.T.);
#7858 = ORIENTED_EDGE('',*,*,#7840,.F.);
#7859 = ORIENTED_EDGE('',*,*,#6056,.F.);
#7860 = ORIENTED_EDGE('',*,*,#7861,.T.);
#7861 = EDGE_CURVE('',#6049,#124,#7862,.T.);
#7862 = LINE('',#7863,#7864);
#7863 = CARTESIAN_POINT('',(-60.,-0.5,16.));
#7864 = VECTOR('',#7865,1.);
#7865 = DIRECTION('',(1.,0.,0.));
#7866 = PLANE('',#7867);
#7867 = AXIS2_PLACEMENT_3D('',#7868,#7869,#7870);
#7868 = CARTESIAN_POINT('',(-60.,-3.010050506339,16.));
#7869 = DIRECTION('',(0.,0.,1.));
#7870 = DIRECTION('',(1.,0.,-0.));
#7871 = ADVANCED_FACE('',(#7872),#7878,.F.);
#7872 = FACE_BOUND('',#7873,.T.);
#7873 = EDGE_LOOP('',(#7874,#7875,#7876,#7877));
#7874 = ORIENTED_EDGE('',*,*,#276,.F.);
#7875 = ORIENTED_EDGE('',*,*,#7861,.F.);
#7876 = ORIENTED_EDGE('',*,*,#6048,.F.);
#7877 = ORIENTED_EDGE('',*,*,#1734,.T.);
#7878 = PLANE('',#7879);
#7879 = AXIS2_PLACEMENT_3D('',#7880,#7881,#7882);
#7880 = CARTESIAN_POINT('',(-60.,-0.5,16.));
#7881 = DIRECTION('',(0.,-0.707106781187,0.707106781187));
#7882 = DIRECTION('',(0.,-0.707106781187,-0.707106781187));
#7883 = ADVANCED_FACE('',(#7884),#7903,.F.);
#7884 = FACE_BOUND('',#7885,.T.);
#7885 = EDGE_LOOP('',(#7886,#7895,#7901,#7902));
#7886 = ORIENTED_EDGE('',*,*,#7887,.F.);
#7887 = EDGE_CURVE('',#7888,#367,#7890,.T.);
#7888 = VERTEX_POINT('',#7889);
#7889 = CARTESIAN_POINT('',(87.039607805437,0.5,16.));
#7890 = ( BOUNDED_CURVE() B_SPLINE_CURVE(3,(#7891,#7892,#7893,#7894),
.UNSPECIFIED.,.F.,.F.) B_SPLINE_CURVE_WITH_KNOTS((4,4),(4.471984763615,
4.712388980385),.PIECEWISE_BEZIER_KNOTS.) CURVE() 
GEOMETRIC_REPRESENTATION_ITEM() RATIONAL_B_SPLINE_CURVE((1.,
0.995189613824,0.995189613824,1.)) REPRESENTATION_ITEM('') );
#7891 = CARTESIAN_POINT('',(87.039607805437,0.5,16.));
#7892 = CARTESIAN_POINT('',(87.079771963813,0.336161738154,
    16.163838261846));
#7893 = CARTESIAN_POINT('',(87.1,0.16868946518,16.33131053482));
#7894 = CARTESIAN_POINT('',(87.1,-1.142E-14,16.5));
#7895 = ORIENTED_EDGE('',*,*,#7896,.T.);
#7896 = EDGE_CURVE('',#7888,#6904,#7897,.T.);
#7897 = LINE('',#7898,#7899);
#7898 = CARTESIAN_POINT('',(-60.,0.5,16.));
#7899 = VECTOR('',#7900,1.);
#7900 = DIRECTION('',(1.,0.,0.));
#7901 = ORIENTED_EDGE('',*,*,#6903,.T.);
#7902 = ORIENTED_EDGE('',*,*,#1695,.F.);
#7903 = PLANE('',#7904);
#7904 = AXIS2_PLACEMENT_3D('',#7905,#7906,#7907);
#7905 = CARTESIAN_POINT('',(-60.,-1.142E-14,16.5));
#7906 = DIRECTION('',(-0.,0.707106781187,0.707106781187));
#7907 = DIRECTION('',(0.,-0.707106781187,0.707106781187));
#7908 = ADVANCED_FACE('',(#7909),#7936,.F.);
#7909 = FACE_BOUND('',#7910,.T.);
#7910 = EDGE_LOOP('',(#7911,#7918,#7919,#7920,#7926,#7927,#7928,#7935));
#7911 = ORIENTED_EDGE('',*,*,#7912,.F.);
#7912 = EDGE_CURVE('',#1726,#1765,#7913,.T.);
#7913 = CIRCLE('',#7914,2.1);
#7914 = AXIS2_PLACEMENT_3D('',#7915,#7916,#7917);
#7915 = CARTESIAN_POINT('',(65.,-1.735E-14,16.));
#7916 = DIRECTION('',(0.,-0.,-1.));
#7917 = DIRECTION('',(1.,8.9E-16,-0.));
#7918 = ORIENTED_EDGE('',*,*,#1750,.F.);
#7919 = ORIENTED_EDGE('',*,*,#6041,.F.);
#7920 = ORIENTED_EDGE('',*,*,#7921,.T.);
#7921 = EDGE_CURVE('',#6034,#6912,#7922,.T.);
#7922 = LINE('',#7923,#7924);
#7923 = CARTESIAN_POINT('',(-60.,3.010050506339,16.));
#7924 = VECTOR('',#7925,1.);
#7925 = DIRECTION('',(1.,0.,0.));
#7926 = ORIENTED_EDGE('',*,*,#6911,.T.);
#7927 = ORIENTED_EDGE('',*,*,#7896,.F.);
#7928 = ORIENTED_EDGE('',*,*,#7929,.F.);
#7929 = EDGE_CURVE('',#1774,#7888,#7930,.T.);
#7930 = CIRCLE('',#7931,2.1);
#7931 = AXIS2_PLACEMENT_3D('',#7932,#7933,#7934);
#7932 = CARTESIAN_POINT('',(85.,-2.082E-14,16.));
#7933 = DIRECTION('',(0.,-0.,-1.));
#7934 = DIRECTION('',(1.,-1.78E-15,0.));
#7935 = ORIENTED_EDGE('',*,*,#1773,.F.);
#7936 = PLANE('',#7937);
#7937 = AXIS2_PLACEMENT_3D('',#7938,#7939,#7940);
#7938 = CARTESIAN_POINT('',(-60.,0.5,16.));
#7939 = DIRECTION('',(0.,0.,1.));
#7940 = DIRECTION('',(1.,0.,-0.));
#7941 = ADVANCED_FACE('',(#7942),#7953,.F.);
#7942 = FACE_BOUND('',#7943,.T.);
#7943 = EDGE_LOOP('',(#7944,#7945,#7946,#7947));
#7944 = ORIENTED_EDGE('',*,*,#6919,.T.);
#7945 = ORIENTED_EDGE('',*,*,#7921,.F.);
#7946 = ORIENTED_EDGE('',*,*,#6033,.F.);
#7947 = ORIENTED_EDGE('',*,*,#7948,.T.);
#7948 = EDGE_CURVE('',#6026,#6920,#7949,.T.);
#7949 = LINE('',#7950,#7951);
#7950 = CARTESIAN_POINT('',(-60.,4.,16.989949493661));
#7951 = VECTOR('',#7952,1.);
#7952 = DIRECTION('',(1.,0.,0.));
#7953 = PLANE('',#7954);
#7954 = AXIS2_PLACEMENT_3D('',#7955,#7956,#7957);
#7955 = CARTESIAN_POINT('',(-60.,3.010050506339,16.));
#7956 = DIRECTION('',(0.,-0.707106781187,0.707106781187));
#7957 = DIRECTION('',(0.,-0.707106781187,-0.707106781187));
#7958 = ADVANCED_FACE('',(#7959),#7970,.F.);
#7959 = FACE_BOUND('',#7960,.T.);
#7960 = EDGE_LOOP('',(#7961,#7962,#7963,#7964));
#7961 = ORIENTED_EDGE('',*,*,#6927,.T.);
#7962 = ORIENTED_EDGE('',*,*,#7948,.F.);
#7963 = ORIENTED_EDGE('',*,*,#6025,.F.);
#7964 = ORIENTED_EDGE('',*,*,#7965,.T.);
#7965 = EDGE_CURVE('',#6018,#6928,#7966,.T.);
#7966 = LINE('',#7967,#7968);
#7967 = CARTESIAN_POINT('',(-60.,4.,19.5));
#7968 = VECTOR('',#7969,1.);
#7969 = DIRECTION('',(1.,0.,0.));
#7970 = PLANE('',#7971);
#7971 = AXIS2_PLACEMENT_3D('',#7972,#7973,#7974);
#7972 = CARTESIAN_POINT('',(-60.,4.,16.989949493661));
#7973 = DIRECTION('',(0.,-1.,-3.5E-16));
#7974 = DIRECTION('',(0.,3.5E-16,-1.));
#7975 = ADVANCED_FACE('',(#7976),#7987,.F.);
#7976 = FACE_BOUND('',#7977,.T.);
#7977 = EDGE_LOOP('',(#7978,#7979,#7980,#7981));
#7978 = ORIENTED_EDGE('',*,*,#6935,.T.);
#7979 = ORIENTED_EDGE('',*,*,#7965,.F.);
#7980 = ORIENTED_EDGE('',*,*,#6017,.F.);
#7981 = ORIENTED_EDGE('',*,*,#7982,.T.);
#7982 = EDGE_CURVE('',#6010,#6936,#7983,.T.);
#7983 = LINE('',#7984,#7985);
#7984 = CARTESIAN_POINT('',(-60.,3.5,20.));
#7985 = VECTOR('',#7986,1.);
#7986 = DIRECTION('',(1.,0.,0.));
#7987 = PLANE('',#7988);
#7988 = AXIS2_PLACEMENT_3D('',#7989,#7990,#7991);
#7989 = CARTESIAN_POINT('',(-60.,4.,19.5));
#7990 = DIRECTION('',(0.,-0.707106781187,-0.707106781187));
#7991 = DIRECTION('',(0.,0.707106781187,-0.707106781187));
#7992 = ADVANCED_FACE('',(#7993),#8004,.F.);
#7993 = FACE_BOUND('',#7994,.T.);
#7994 = EDGE_LOOP('',(#7995,#7996,#7997,#7998));
#7995 = ORIENTED_EDGE('',*,*,#6943,.T.);
#7996 = ORIENTED_EDGE('',*,*,#7982,.F.);
#7997 = ORIENTED_EDGE('',*,*,#6009,.F.);
#7998 = ORIENTED_EDGE('',*,*,#7999,.T.);
#7999 = EDGE_CURVE('',#6002,#6944,#8000,.T.);
#8000 = LINE('',#8001,#8002);
#8001 = CARTESIAN_POINT('',(-60.,4.,20.5));
#8002 = VECTOR('',#8003,1.);
#8003 = DIRECTION('',(1.,0.,0.));
#8004 = PLANE('',#8005);
#8005 = AXIS2_PLACEMENT_3D('',#8006,#8007,#8008);
#8006 = CARTESIAN_POINT('',(-60.,3.5,20.));
#8007 = DIRECTION('',(0.,-0.707106781187,0.707106781187));
#8008 = DIRECTION('',(0.,-0.707106781187,-0.707106781187));
#8009 = ADVANCED_FACE('',(#8010),#8016,.F.);
#8010 = FACE_BOUND('',#8011,.T.);
#8011 = EDGE_LOOP('',(#8012,#8013,#8014,#8015));
#8012 = ORIENTED_EDGE('',*,*,#6951,.T.);
#8013 = ORIENTED_EDGE('',*,*,#7999,.F.);
#8014 = ORIENTED_EDGE('',*,*,#6001,.F.);
#8015 = ORIENTED_EDGE('',*,*,#7096,.T.);
#8016 = PLANE('',#8017);
#8017 = AXIS2_PLACEMENT_3D('',#8018,#8019,#8020);
#8018 = CARTESIAN_POINT('',(-60.,4.,20.5));
#8019 = DIRECTION('',(0.,-1.,-3.5E-16));
#8020 = DIRECTION('',(0.,3.5E-16,-1.));
#8021 = ADVANCED_FACE('',(#8022),#8040,.F.);
#8022 = FACE_BOUND('',#8023,.F.);
#8023 = EDGE_LOOP('',(#8024,#8031,#8032,#8039));
#8024 = ORIENTED_EDGE('',*,*,#8025,.F.);
#8025 = EDGE_CURVE('',#1040,#1059,#8026,.T.);
#8026 = CIRCLE('',#8027,2.);
#8027 = AXIS2_PLACEMENT_3D('',#8028,#8029,#8030);
#8028 = CARTESIAN_POINT('',(289.5,0.,0.));
#8029 = DIRECTION('',(1.,0.,0.));
#8030 = DIRECTION('',(0.,0.,-1.));
#8031 = ORIENTED_EDGE('',*,*,#1103,.F.);
#8032 = ORIENTED_EDGE('',*,*,#8033,.F.);
#8033 = EDGE_CURVE('',#872,#891,#8034,.T.);
#8034 = CIRCLE('',#8035,2.);
#8035 = AXIS2_PLACEMENT_3D('',#8036,#8037,#8038);
#8036 = CARTESIAN_POINT('',(-59.5,0.,0.));
#8037 = DIRECTION('',(-1.,-0.,-0.));
#8038 = DIRECTION('',(0.,0.,-1.));
#8039 = ORIENTED_EDGE('',*,*,#1110,.T.);
#8040 = CYLINDRICAL_SURFACE('',#8041,2.);
#8041 = AXIS2_PLACEMENT_3D('',#8042,#8043,#8044);
#8042 = CARTESIAN_POINT('',(-60.,0.,0.));
#8043 = DIRECTION('',(1.,0.,0.));
#8044 = DIRECTION('',(0.,0.,-1.));
#8045 = ADVANCED_FACE('',(#8046),#8064,.F.);
#8046 = FACE_BOUND('',#8047,.F.);
#8047 = EDGE_LOOP('',(#8048,#8055,#8056,#8063));
#8048 = ORIENTED_EDGE('',*,*,#8049,.F.);
#8049 = EDGE_CURVE('',#914,#933,#8050,.T.);
#8050 = CIRCLE('',#8051,2.);
#8051 = AXIS2_PLACEMENT_3D('',#8052,#8053,#8054);
#8052 = CARTESIAN_POINT('',(289.5,20.,1.73E-15));
#8053 = DIRECTION('',(1.,0.,0.));
#8054 = DIRECTION('',(0.,0.,-1.));
#8055 = ORIENTED_EDGE('',*,*,#1081,.F.);
#8056 = ORIENTED_EDGE('',*,*,#8057,.F.);
#8057 = EDGE_CURVE('',#746,#765,#8058,.T.);
#8058 = CIRCLE('',#8059,2.);
#8059 = AXIS2_PLACEMENT_3D('',#8060,#8061,#8062);
#8060 = CARTESIAN_POINT('',(-59.5,20.,1.73E-15));
#8061 = DIRECTION('',(-1.,-0.,-0.));
#8062 = DIRECTION('',(0.,0.,-1.));
#8063 = ORIENTED_EDGE('',*,*,#1088,.T.);
#8064 = CYLINDRICAL_SURFACE('',#8065,2.);
#8065 = AXIS2_PLACEMENT_3D('',#8066,#8067,#8068);
#8066 = CARTESIAN_POINT('',(-60.,20.,1.73E-15));
#8067 = DIRECTION('',(1.,0.,0.));
#8068 = DIRECTION('',(0.,0.,-1.));
#8069 = ADVANCED_FACE('',(#8070),#8076,.F.);
#8070 = FACE_BOUND('',#8071,.F.);
#8071 = EDGE_LOOP('',(#8072,#8073,#8074,#8075));
#8072 = ORIENTED_EDGE('',*,*,#6520,.T.);
#8073 = ORIENTED_EDGE('',*,*,#1039,.F.);
#8074 = ORIENTED_EDGE('',*,*,#8025,.T.);
#8075 = ORIENTED_EDGE('',*,*,#1058,.T.);
#8076 = CONICAL_SURFACE('',#8077,2.,0.785398163397);
#8077 = AXIS2_PLACEMENT_3D('',#8078,#8079,#8080);
#8078 = CARTESIAN_POINT('',(289.5,0.,0.));
#8079 = DIRECTION('',(1.,0.,0.));
#8080 = DIRECTION('',(0.,0.,-1.));
#8081 = ADVANCED_FACE('',(#8082),#8088,.F.);
#8082 = FACE_BOUND('',#8083,.F.);
#8083 = EDGE_LOOP('',(#8084,#8085,#8086,#8087));
#8084 = ORIENTED_EDGE('',*,*,#6530,.T.);
#8085 = ORIENTED_EDGE('',*,*,#997,.F.);
#8086 = ORIENTED_EDGE('',*,*,#1847,.T.);
#8087 = ORIENTED_EDGE('',*,*,#1016,.T.);
#8088 = CONICAL_SURFACE('',#8089,2.,0.785398163397);
#8089 = AXIS2_PLACEMENT_3D('',#8090,#8091,#8092);
#8090 = CARTESIAN_POINT('',(289.5,-1.73E-15,20.));
#8091 = DIRECTION('',(1.,0.,0.));
#8092 = DIRECTION('',(0.,0.,-1.));
#8093 = ADVANCED_FACE('',(#8094),#8100,.F.);
#8094 = FACE_BOUND('',#8095,.F.);
#8095 = EDGE_LOOP('',(#8096,#8097,#8098,#8099));
#8096 = ORIENTED_EDGE('',*,*,#6540,.T.);
#8097 = ORIENTED_EDGE('',*,*,#955,.F.);
#8098 = ORIENTED_EDGE('',*,*,#1903,.T.);
#8099 = ORIENTED_EDGE('',*,*,#974,.T.);
#8100 = CONICAL_SURFACE('',#8101,2.,0.785398163397);
#8101 = AXIS2_PLACEMENT_3D('',#8102,#8103,#8104);
#8102 = CARTESIAN_POINT('',(289.5,20.,20.));
#8103 = DIRECTION('',(1.,0.,0.));
#8104 = DIRECTION('',(0.,0.,-1.));
#8105 = ADVANCED_FACE('',(#8106),#8112,.F.);
#8106 = FACE_BOUND('',#8107,.F.);
#8107 = EDGE_LOOP('',(#8108,#8109,#8110,#8111));
#8108 = ORIENTED_EDGE('',*,*,#6550,.T.);
#8109 = ORIENTED_EDGE('',*,*,#913,.F.);
#8110 = ORIENTED_EDGE('',*,*,#8049,.T.);
#8111 = ORIENTED_EDGE('',*,*,#932,.T.);
#8112 = CONICAL_SURFACE('',#8113,2.,0.785398163397);
#8113 = AXIS2_PLACEMENT_3D('',#8114,#8115,#8116);
#8114 = CARTESIAN_POINT('',(289.5,20.,1.73E-15));
#8115 = DIRECTION('',(1.,0.,0.));
#8116 = DIRECTION('',(0.,0.,-1.));
#8117 = ADVANCED_FACE('',(#8118),#8124,.F.);
#8118 = FACE_BOUND('',#8119,.F.);
#8119 = EDGE_LOOP('',(#8120,#8121,#8122,#8123));
#8120 = ORIENTED_EDGE('',*,*,#5944,.T.);
#8121 = ORIENTED_EDGE('',*,*,#871,.F.);
#8122 = ORIENTED_EDGE('',*,*,#8033,.T.);
#8123 = ORIENTED_EDGE('',*,*,#890,.T.);
#8124 = CONICAL_SURFACE('',#8125,2.5,0.785398163397);
#8125 = AXIS2_PLACEMENT_3D('',#8126,#8127,#8128);
#8126 = CARTESIAN_POINT('',(-60.,0.,0.));
#8127 = DIRECTION('',(-1.,-0.,-0.));
#8128 = DIRECTION('',(-0.,0.,1.));
#8129 = ADVANCED_FACE('',(#8130),#8136,.F.);
#8130 = FACE_BOUND('',#8131,.F.);
#8131 = EDGE_LOOP('',(#8132,#8133,#8134,#8135));
#8132 = ORIENTED_EDGE('',*,*,#5954,.T.);
#8133 = ORIENTED_EDGE('',*,*,#829,.F.);
#8134 = ORIENTED_EDGE('',*,*,#1831,.T.);
#8135 = ORIENTED_EDGE('',*,*,#848,.T.);
#8136 = CONICAL_SURFACE('',#8137,2.5,0.785398163397);
#8137 = AXIS2_PLACEMENT_3D('',#8138,#8139,#8140);
#8138 = CARTESIAN_POINT('',(-60.,-1.73E-15,20.));
#8139 = DIRECTION('',(-1.,-0.,-0.));
#8140 = DIRECTION('',(-0.,0.,1.));
#8141 = ADVANCED_FACE('',(#8142),#8148,.F.);
#8142 = FACE_BOUND('',#8143,.F.);
#8143 = EDGE_LOOP('',(#8144,#8145,#8146,#8147));
#8144 = ORIENTED_EDGE('',*,*,#5964,.T.);
#8145 = ORIENTED_EDGE('',*,*,#787,.F.);
#8146 = ORIENTED_EDGE('',*,*,#1993,.T.);
#8147 = ORIENTED_EDGE('',*,*,#806,.T.);
#8148 = CONICAL_SURFACE('',#8149,2.5,0.785398163397);
#8149 = AXIS2_PLACEMENT_3D('',#8150,#8151,#8152);
#8150 = CARTESIAN_POINT('',(-60.,20.,20.));
#8151 = DIRECTION('',(-1.,-0.,-0.));
#8152 = DIRECTION('',(-0.,0.,1.));
#8153 = ADVANCED_FACE('',(#8154),#8160,.F.);
#8154 = FACE_BOUND('',#8155,.F.);
#8155 = EDGE_LOOP('',(#8156,#8157,#8158,#8159));
#8156 = ORIENTED_EDGE('',*,*,#5974,.T.);
#8157 = ORIENTED_EDGE('',*,*,#745,.F.);
#8158 = ORIENTED_EDGE('',*,*,#8057,.T.);
#8159 = ORIENTED_EDGE('',*,*,#764,.T.);
#8160 = CONICAL_SURFACE('',#8161,2.5,0.785398163397);
#8161 = AXIS2_PLACEMENT_3D('',#8162,#8163,#8164);
#8162 = CARTESIAN_POINT('',(-60.,20.,1.73E-15));
#8163 = DIRECTION('',(-1.,-0.,-0.));
#8164 = DIRECTION('',(-0.,0.,1.));
#8165 = ADVANCED_FACE('',(#8166),#8218,.F.);
#8166 = FACE_BOUND('',#8167,.F.);
#8167 = EDGE_LOOP('',(#8168,#8169,#8170,#8171,#8172,#8173,#8174,#8213,
    #8214,#8215,#8216,#8217));
#8168 = ORIENTED_EDGE('',*,*,#1959,.F.);
#8169 = ORIENTED_EDGE('',*,*,#673,.T.);
#8170 = ORIENTED_EDGE('',*,*,#2100,.T.);
#8171 = ORIENTED_EDGE('',*,*,#2163,.T.);
#8172 = ORIENTED_EDGE('',*,*,#1407,.T.);
#8173 = ORIENTED_EDGE('',*,*,#638,.F.);
#8174 = ORIENTED_EDGE('',*,*,#8175,.F.);
#8175 = EDGE_CURVE('',#22,#73,#8176,.T.);
#8176 = B_SPLINE_CURVE_WITH_KNOTS('',3,(#8177,#8178,#8179,#8180,#8181,
    #8182,#8183,#8184,#8185,#8186,#8187,#8188,#8189,#8190,#8191,#8192,
    #8193,#8194,#8195,#8196,#8197,#8198,#8199,#8200,#8201,#8202,#8203,
    #8204,#8205,#8206,#8207,#8208,#8209,#8210,#8211,#8212),
  .UNSPECIFIED.,.F.,.F.,(4,2,2,2,2,2,2,2,2,2,2,2,2,2,2,2,2,4),(0.,
    4.393283159726E-04,8.786566319452E-04,1.317984947918E-03,
    1.75731326389E-03,2.196641579863E-03,2.635969895836E-03,
    3.075298211808E-03,3.294962369795E-03,3.514626527781E-03,
    3.734290685767E-03,3.953954843753E-03,4.393283159726E-03,
    5.271939791671E-03,5.711268107644E-03,6.150596423617E-03,
    6.589924739589E-03,7.029253055562E-03),.UNSPECIFIED.);
#8177 = CARTESIAN_POINT('',(67.1,20.,18.));
#8178 = CARTESIAN_POINT('',(67.1,20.148990910835,18.));
#8179 = CARTESIAN_POINT('',(67.084336812854,20.293729015754,
    18.016428599364));
#8180 = CARTESIAN_POINT('',(67.024731666772,20.575498359411,
    18.079158029813));
#8181 = CARTESIAN_POINT('',(66.98071527665,20.710727305299,
    18.125541798877));
#8182 = CARTESIAN_POINT('',(66.872933201362,20.959420415088,
    18.239818385119));
#8183 = CARTESIAN_POINT('',(66.808071593134,21.075466634923,
    18.308875092636));
#8184 = CARTESIAN_POINT('',(66.667110714826,21.283157524718,
    18.460506998425));
#8185 = CARTESIAN_POINT('',(66.590449057878,21.376282679943,
    18.543641221549));
#8186 = CARTESIAN_POINT('',(66.427765677881,21.544398714672,
    18.723298187985));
#8187 = CARTESIAN_POINT('',(66.342401470111,21.618457194538,
    18.819060627854));
#8188 = CARTESIAN_POINT('',(66.170975885726,21.746499605655,
    19.018286895941));
#8189 = CARTESIAN_POINT('',(66.084147307696,21.80109113758,
    19.122281980749));
#8190 = CARTESIAN_POINT('',(65.914468946443,21.892894930165,
    19.343290786922));
#8191 = CARTESIAN_POINT('',(65.830227888203,21.930339373711,
    19.460725519535));
#8192 = CARTESIAN_POINT('',(65.726658809618,21.970618959976,
    19.652267803723));
#8193 = CARTESIAN_POINT('',(65.695829564436,21.981502637384,
    19.719653695043));
#8194 = CARTESIAN_POINT('',(65.652160948502,21.996300974791,
    19.859539433611));
#8195 = CARTESIAN_POINT('',(65.639506545357,22.000258026517,
    19.934048403726));
#8196 = CARTESIAN_POINT('',(65.641204017874,21.999714530042,
    20.080768707025));
#8197 = CARTESIAN_POINT('',(65.655329223182,21.99527803005,
    20.154220028098));
#8198 = CARTESIAN_POINT('',(65.70133633543,21.979575245491,
    20.293598504262));
#8199 = CARTESIAN_POINT('',(65.73232536111,21.968531166068,
    20.359322087293));
#8200 = CARTESIAN_POINT('',(65.837385569811,21.927290054118,
    20.549965729926));
#8201 = CARTESIAN_POINT('',(65.920813161914,21.889804646387,
    20.665408666649));
#8202 = CARTESIAN_POINT('',(66.174251386054,21.751618567208,
    20.994159733464));
#8203 = CARTESIAN_POINT('',(66.35341960387,21.622228761217,
    21.194711286321));
#8204 = CARTESIAN_POINT('',(66.593635658157,21.372467880686,
    21.459819242006));
#8205 = CARTESIAN_POINT('',(66.66976855958,21.279755205288,
    21.542370489946));
#8206 = CARTESIAN_POINT('',(66.81090757218,21.070754030132,
    21.694156403841));
#8207 = CARTESIAN_POINT('',(66.8746999394,20.955878323577,
    21.762059597842));
#8208 = CARTESIAN_POINT('',(66.981607419012,20.708120942485,
    21.875399191278));
#8209 = CARTESIAN_POINT('',(67.02550987948,20.572361650157,21.9216615268
    ));
#8210 = CARTESIAN_POINT('',(67.084246005358,20.293609808404,
    21.983475273999));
#8211 = CARTESIAN_POINT('',(67.1,20.147675175133,22.));
#8212 = CARTESIAN_POINT('',(67.1,20.,22.));
#8213 = ORIENTED_EDGE('',*,*,#631,.F.);
#8214 = ORIENTED_EDGE('',*,*,#1610,.F.);
#8215 = ORIENTED_EDGE('',*,*,#7302,.F.);
#8216 = ORIENTED_EDGE('',*,*,#1633,.F.);
#8217 = ORIENTED_EDGE('',*,*,#722,.T.);
#8218 = CYLINDRICAL_SURFACE('',#8219,2.1);
#8219 = AXIS2_PLACEMENT_3D('',#8220,#8221,#8222);
#8220 = CARTESIAN_POINT('',(65.,20.,-1.939696961967));
#8221 = DIRECTION('',(0.,0.,1.));
#8222 = DIRECTION('',(1.,0.,-0.));
#8223 = ADVANCED_FACE('',(#8224),#8270,.F.);
#8224 = FACE_BOUND('',#8225,.F.);
#8225 = EDGE_LOOP('',(#8226,#8259,#8260,#8261,#8262,#8263,#8264,#8265,
    #8266,#8267,#8268,#8269));
#8226 = ORIENTED_EDGE('',*,*,#8227,.F.);
#8227 = EDGE_CURVE('',#32,#24,#8228,.T.);
#8228 = B_SPLINE_CURVE_WITH_KNOTS('',3,(#8229,#8230,#8231,#8232,#8233,
    #8234,#8235,#8236,#8237,#8238,#8239,#8240,#8241,#8242,#8243,#8244,
    #8245,#8246,#8247,#8248,#8249,#8250,#8251,#8252,#8253,#8254,#8255,
    #8256,#8257,#8258),.UNSPECIFIED.,.F.,.F.,(4,2,2,2,2,2,2,2,2,2,2,2,2,
    2,4),(7.029253055562E-03,7.909095292452E-03,8.788937529343E-03,
    9.668779766234E-03,1.010870088468E-02,1.03286614439E-02,
    1.054862200312E-02,1.098854312157E-02,1.142846424001E-02,
    1.186838535846E-02,1.230830647691E-02,1.274822759535E-02,
    1.31881487138E-02,1.362806983224E-02,1.406799095069E-02),
  .UNSPECIFIED.);
#8229 = CARTESIAN_POINT('',(82.9,20.,22.));
#8230 = CARTESIAN_POINT('',(82.9,20.295748877772,22.));
#8231 = CARTESIAN_POINT('',(82.964744296724,20.584665190692,
    21.93228305633));
#8232 = CARTESIAN_POINT('',(83.181078192362,21.084261324877,
    21.702917665175));
#8233 = CARTESIAN_POINT('',(83.327964910091,21.291848900209,
    21.546443128739));
#8234 = CARTESIAN_POINT('',(83.65275068188,21.627726696249,
    21.187798692419));
#8235 = CARTESIAN_POINT('',(83.828322827155,21.753564982622,
    20.991509454568));
#8236 = CARTESIAN_POINT('',(84.084774431064,21.892568768731,
    20.657802206075));
#8237 = CARTESIAN_POINT('',(84.168321527552,21.929725352386,
    20.54146288228));
#8238 = CARTESIAN_POINT('',(84.272247646671,21.970217948992,
    20.349995329405));
#8239 = CARTESIAN_POINT('',(84.302681380885,21.980983394321,
    20.283996358737));
#8240 = CARTESIAN_POINT('',(84.347033417642,21.996041860148,
    20.144104243128));
#8241 = CARTESIAN_POINT('',(84.3600469749,22.0001150653,20.070554289642)
  );
#8242 = CARTESIAN_POINT('',(84.358944945775,21.999762239003,
    19.849322475601));
#8243 = CARTESIAN_POINT('',(84.303502035911,21.98253263439,
    19.706270492006));
#8244 = CARTESIAN_POINT('',(84.164828298989,21.928220239036,
    19.453484327711));
#8245 = CARTESIAN_POINT('',(84.08070905374,21.89055898668,19.33666094179
    ));
#8246 = CARTESIAN_POINT('',(83.911225678005,21.798299085735,
    19.116624436319));
#8247 = CARTESIAN_POINT('',(83.82460430172,21.743521960903,
    19.013038050444));
#8248 = CARTESIAN_POINT('',(83.653658595232,21.615174509919,
    18.814599637029));
#8249 = CARTESIAN_POINT('',(83.568537765846,21.540946908742,
    18.719174486776));
#8250 = CARTESIAN_POINT('',(83.406710944301,21.37296448911,
    18.540548088313));
#8251 = CARTESIAN_POINT('',(83.330408684972,21.279910134974,
    18.457823960951));
#8252 = CARTESIAN_POINT('',(83.190039865111,21.072263690955,
    18.306858698723));
#8253 = CARTESIAN_POINT('',(83.125561062008,20.956386492241,
    18.238217968476));
#8254 = CARTESIAN_POINT('',(83.018603292119,20.708705538853,
    18.124823339431));
#8255 = CARTESIAN_POINT('',(82.974897900254,20.574122221594,
    18.078767796961));
#8256 = CARTESIAN_POINT('',(82.915562966589,20.2928772669,
    18.016323511795));
#8257 = CARTESIAN_POINT('',(82.9,20.149191949961,18.));
#8258 = CARTESIAN_POINT('',(82.9,20.,18.));
#8259 = ORIENTED_EDGE('',*,*,#581,.T.);
#8260 = ORIENTED_EDGE('',*,*,#1390,.T.);
#8261 = ORIENTED_EDGE('',*,*,#2132,.T.);
#8262 = ORIENTED_EDGE('',*,*,#1360,.T.);
#8263 = ORIENTED_EDGE('',*,*,#546,.F.);
#8264 = ORIENTED_EDGE('',*,*,#1911,.F.);
#8265 = ORIENTED_EDGE('',*,*,#503,.F.);
#8266 = ORIENTED_EDGE('',*,*,#7269,.F.);
#8267 = ORIENTED_EDGE('',*,*,#7294,.F.);
#8268 = ORIENTED_EDGE('',*,*,#1600,.F.);
#8269 = ORIENTED_EDGE('',*,*,#588,.T.);
#8270 = CYLINDRICAL_SURFACE('',#8271,2.1);
#8271 = AXIS2_PLACEMENT_3D('',#8272,#8273,#8274);
#8272 = CARTESIAN_POINT('',(85.,20.,-1.939696961967));
#8273 = DIRECTION('',(0.,0.,1.));
#8274 = DIRECTION('',(1.,0.,-0.));
#8275 = ADVANCED_FACE('',(#8276),#8322,.F.);
#8276 = FACE_BOUND('',#8277,.F.);
#8277 = EDGE_LOOP('',(#8278,#8311,#8312,#8313,#8314,#8315,#8316,#8317,
    #8318,#8319,#8320,#8321));
#8278 = ORIENTED_EDGE('',*,*,#8279,.F.);
#8279 = EDGE_CURVE('',#300,#292,#8280,.T.);
#8280 = B_SPLINE_CURVE_WITH_KNOTS('',3,(#8281,#8282,#8283,#8284,#8285,
    #8286,#8287,#8288,#8289,#8290,#8291,#8292,#8293,#8294,#8295,#8296,
    #8297,#8298,#8299,#8300,#8301,#8302,#8303,#8304,#8305,#8306,#8307,
    #8308,#8309,#8310),.UNSPECIFIED.,.F.,.F.,(4,2,2,2,2,2,2,2,2,2,2,2,2,
    2,4),(7.029253055562E-03,7.909095292452E-03,8.788937529343E-03,
    9.668779766234E-03,1.010870088468E-02,1.03286614439E-02,
    1.054862200312E-02,1.098854312157E-02,1.142846424001E-02,
    1.186838535846E-02,1.230830647691E-02,1.274822759535E-02,
    1.31881487138E-02,1.362806983224E-02,1.406799095069E-02),
  .UNSPECIFIED.);
#8281 = CARTESIAN_POINT('',(82.9,-2.057E-14,22.));
#8282 = CARTESIAN_POINT('',(82.9,0.295748877772,22.));
#8283 = CARTESIAN_POINT('',(82.964744296724,0.584665190692,
    21.93228305633));
#8284 = CARTESIAN_POINT('',(83.181078192362,1.084261324877,
    21.702917665175));
#8285 = CARTESIAN_POINT('',(83.327964910091,1.291848900209,
    21.546443128739));
#8286 = CARTESIAN_POINT('',(83.65275068188,1.627726696249,
    21.187798692419));
#8287 = CARTESIAN_POINT('',(83.828322827155,1.753564982622,
    20.991509454568));
#8288 = CARTESIAN_POINT('',(84.084774431064,1.892568768731,
    20.657802206075));
#8289 = CARTESIAN_POINT('',(84.168321527552,1.929725352386,
    20.54146288228));
#8290 = CARTESIAN_POINT('',(84.272247646671,1.970217948992,
    20.349995329405));
#8291 = CARTESIAN_POINT('',(84.302681380885,1.980983394321,
    20.283996358737));
#8292 = CARTESIAN_POINT('',(84.347033417642,1.996041860148,
    20.144104243128));
#8293 = CARTESIAN_POINT('',(84.360046974901,2.0001150653,20.070554289642
    ));
#8294 = CARTESIAN_POINT('',(84.358944945775,1.999762239003,
    19.849322475602));
#8295 = CARTESIAN_POINT('',(84.303502035911,1.98253263439,
    19.706270492006));
#8296 = CARTESIAN_POINT('',(84.164828298989,1.928220239036,
    19.453484327711));
#8297 = CARTESIAN_POINT('',(84.08070905374,1.89055898668,19.33666094179)
  );
#8298 = CARTESIAN_POINT('',(83.911225678005,1.798299085735,
    19.116624436319));
#8299 = CARTESIAN_POINT('',(83.82460430172,1.743521960903,
    19.013038050444));
#8300 = CARTESIAN_POINT('',(83.653658595232,1.615174509919,
    18.814599637029));
#8301 = CARTESIAN_POINT('',(83.568537765846,1.540946908742,
    18.719174486776));
#8302 = CARTESIAN_POINT('',(83.406710944301,1.37296448911,
    18.540548088313));
#8303 = CARTESIAN_POINT('',(83.330408684972,1.279910134974,
    18.457823960951));
#8304 = CARTESIAN_POINT('',(83.190039865111,1.072263690955,
    18.306858698723));
#8305 = CARTESIAN_POINT('',(83.125561062008,0.956386492241,
    18.238217968476));
#8306 = CARTESIAN_POINT('',(83.018603292119,0.708705538853,
    18.124823339431));
#8307 = CARTESIAN_POINT('',(82.974897900254,0.574122221594,
    18.078767796961));
#8308 = CARTESIAN_POINT('',(82.915562966589,0.2928772669,18.016323511795
    ));
#8309 = CARTESIAN_POINT('',(82.9,0.149191949961,18.));
#8310 = CARTESIAN_POINT('',(82.9,1.74E-15,18.));
#8311 = ORIENTED_EDGE('',*,*,#453,.T.);
#8312 = ORIENTED_EDGE('',*,*,#1493,.T.);
#8313 = ORIENTED_EDGE('',*,*,#5666,.T.);
#8314 = ORIENTED_EDGE('',*,*,#1518,.T.);
#8315 = ORIENTED_EDGE('',*,*,#418,.F.);
#8316 = ORIENTED_EDGE('',*,*,#1855,.F.);
#8317 = ORIENTED_EDGE('',*,*,#375,.F.);
#8318 = ORIENTED_EDGE('',*,*,#7887,.F.);
#8319 = ORIENTED_EDGE('',*,*,#7929,.F.);
#8320 = ORIENTED_EDGE('',*,*,#1781,.F.);
#8321 = ORIENTED_EDGE('',*,*,#460,.T.);
#8322 = CYLINDRICAL_SURFACE('',#8323,2.1);
#8323 = AXIS2_PLACEMENT_3D('',#8324,#8325,#8326);
#8324 = CARTESIAN_POINT('',(85.,-2.082E-14,-1.939696961967));
#8325 = DIRECTION('',(0.,0.,1.));
#8326 = DIRECTION('',(1.,0.,-0.));
#8327 = ADVANCED_FACE('',(#8328),#8372,.F.);
#8328 = FACE_BOUND('',#8329,.F.);
#8329 = EDGE_LOOP('',(#8330,#8331,#8332,#8371));
#8330 = ORIENTED_EDGE('',*,*,#8279,.T.);
#8331 = ORIENTED_EDGE('',*,*,#291,.F.);
#8332 = ORIENTED_EDGE('',*,*,#8333,.T.);
#8333 = EDGE_CURVE('',#142,#150,#8334,.T.);
#8334 = B_SPLINE_CURVE_WITH_KNOTS('',3,(#8335,#8336,#8337,#8338,#8339,
    #8340,#8341,#8342,#8343,#8344,#8345,#8346,#8347,#8348,#8349,#8350,
    #8351,#8352,#8353,#8354,#8355,#8356,#8357,#8358,#8359,#8360,#8361,
    #8362,#8363,#8364,#8365,#8366,#8367,#8368,#8369,#8370),
  .UNSPECIFIED.,.F.,.F.,(4,2,2,2,2,2,2,2,2,2,2,2,2,2,2,2,2,4),(0.,
    4.393283159726E-04,8.786566319452E-04,1.317984947918E-03,
    1.75731326389E-03,2.196641579863E-03,2.635969895836E-03,
    3.075298211808E-03,3.294962369795E-03,3.514626527781E-03,
    3.734290685767E-03,3.953954843753E-03,4.393283159726E-03,
    5.271939791671E-03,5.711268107644E-03,6.150596423617E-03,
    6.589924739589E-03,7.029253055562E-03),.UNSPECIFIED.);
#8335 = CARTESIAN_POINT('',(67.1,-1.26E-15,18.));
#8336 = CARTESIAN_POINT('',(67.1,0.148990910835,18.));
#8337 = CARTESIAN_POINT('',(67.084336812854,0.293729015754,
    18.016428599364));
#8338 = CARTESIAN_POINT('',(67.024731666772,0.575498359411,
    18.079158029813));
#8339 = CARTESIAN_POINT('',(66.98071527665,0.710727305299,
    18.125541798877));
#8340 = CARTESIAN_POINT('',(66.872933201362,0.959420415088,
    18.239818385119));
#8341 = CARTESIAN_POINT('',(66.808071593134,1.075466634923,
    18.308875092636));
#8342 = CARTESIAN_POINT('',(66.667110714826,1.283157524718,
    18.460506998425));
#8343 = CARTESIAN_POINT('',(66.590449057878,1.376282679943,
    18.543641221549));
#8344 = CARTESIAN_POINT('',(66.427765677881,1.544398714672,
    18.723298187985));
#8345 = CARTESIAN_POINT('',(66.342401470111,1.618457194538,
    18.819060627854));
#8346 = CARTESIAN_POINT('',(66.170975885726,1.746499605655,
    19.018286895941));
#8347 = CARTESIAN_POINT('',(66.084147307696,1.80109113758,
    19.122281980749));
#8348 = CARTESIAN_POINT('',(65.914468946443,1.892894930165,
    19.343290786922));
#8349 = CARTESIAN_POINT('',(65.830227888203,1.930339373711,
    19.460725519535));
#8350 = CARTESIAN_POINT('',(65.726658809618,1.970618959976,
    19.652267803723));
#8351 = CARTESIAN_POINT('',(65.695829564436,1.981502637384,
    19.719653695043));
#8352 = CARTESIAN_POINT('',(65.652160948502,1.996300974791,
    19.859539433611));
#8353 = CARTESIAN_POINT('',(65.639506545357,2.000258026517,
    19.934048403726));
#8354 = CARTESIAN_POINT('',(65.641204017874,1.999714530042,
    20.080768707025));
#8355 = CARTESIAN_POINT('',(65.655329223182,1.99527803005,
    20.154220028098));
#8356 = CARTESIAN_POINT('',(65.70133633543,1.979575245491,
    20.293598504262));
#8357 = CARTESIAN_POINT('',(65.73232536111,1.968531166068,
    20.359322087293));
#8358 = CARTESIAN_POINT('',(65.837385569811,1.927290054118,
    20.549965729926));
#8359 = CARTESIAN_POINT('',(65.920813161914,1.889804646387,
    20.665408666649));
#8360 = CARTESIAN_POINT('',(66.174251386054,1.751618567208,
    20.994159733464));
#8361 = CARTESIAN_POINT('',(66.35341960387,1.622228761217,
    21.194711286321));
#8362 = CARTESIAN_POINT('',(66.593635658157,1.372467880686,
    21.459819242006));
#8363 = CARTESIAN_POINT('',(66.66976855958,1.279755205288,
    21.542370489946));
#8364 = CARTESIAN_POINT('',(66.81090757218,1.070754030132,
    21.694156403841));
#8365 = CARTESIAN_POINT('',(66.8746999394,0.955878323577,21.762059597842
    ));
#8366 = CARTESIAN_POINT('',(66.981607419012,0.708120942485,
    21.875399191278));
#8367 = CARTESIAN_POINT('',(67.02550987948,0.572361650157,21.9216615268)
  );
#8368 = CARTESIAN_POINT('',(67.084246005358,0.293609808404,
    21.983475273999));
#8369 = CARTESIAN_POINT('',(67.1,0.147675175133,22.));
#8370 = CARTESIAN_POINT('',(67.1,-1.48E-15,22.));
#8371 = ORIENTED_EDGE('',*,*,#340,.T.);
#8372 = CYLINDRICAL_SURFACE('',#8373,2.);
#8373 = AXIS2_PLACEMENT_3D('',#8374,#8375,#8376);
#8374 = CARTESIAN_POINT('',(-60.,-1.73E-15,20.));
#8375 = DIRECTION('',(1.,0.,0.));
#8376 = DIRECTION('',(0.,0.,-1.));
#8377 = ADVANCED_FACE('',(#8378),#8392,.F.);
#8378 = FACE_BOUND('',#8379,.F.);
#8379 = EDGE_LOOP('',(#8380,#8381,#8382,#8383,#8384,#8385,#8386,#8387,
    #8388,#8389,#8390,#8391));
#8380 = ORIENTED_EDGE('',*,*,#1797,.F.);
#8381 = ORIENTED_EDGE('',*,*,#219,.T.);
#8382 = ORIENTED_EDGE('',*,*,#5626,.T.);
#8383 = ORIENTED_EDGE('',*,*,#5658,.T.);
#8384 = ORIENTED_EDGE('',*,*,#1485,.T.);
#8385 = ORIENTED_EDGE('',*,*,#184,.F.);
#8386 = ORIENTED_EDGE('',*,*,#8333,.F.);
#8387 = ORIENTED_EDGE('',*,*,#141,.F.);
#8388 = ORIENTED_EDGE('',*,*,#1764,.F.);
#8389 = ORIENTED_EDGE('',*,*,#7912,.F.);
#8390 = ORIENTED_EDGE('',*,*,#1725,.F.);
#8391 = ORIENTED_EDGE('',*,*,#268,.T.);
#8392 = CYLINDRICAL_SURFACE('',#8393,2.1);
#8393 = AXIS2_PLACEMENT_3D('',#8394,#8395,#8396);
#8394 = CARTESIAN_POINT('',(65.,-1.735E-14,-1.939696961967));
#8395 = DIRECTION('',(0.,0.,1.));
#8396 = DIRECTION('',(1.,0.,-0.));
#8397 = ADVANCED_FACE('',(#8398),#8404,.F.);
#8398 = FACE_BOUND('',#8399,.F.);
#8399 = EDGE_LOOP('',(#8400,#8401,#8402,#8403));
#8400 = ORIENTED_EDGE('',*,*,#8227,.T.);
#8401 = ORIENTED_EDGE('',*,*,#21,.F.);
#8402 = ORIENTED_EDGE('',*,*,#8175,.T.);
#8403 = ORIENTED_EDGE('',*,*,#72,.T.);
#8404 = CYLINDRICAL_SURFACE('',#8405,2.);
#8405 = AXIS2_PLACEMENT_3D('',#8406,#8407,#8408);
#8406 = CARTESIAN_POINT('',(-60.,20.,20.));
#8407 = DIRECTION('',(1.,0.,0.));
#8408 = DIRECTION('',(0.,0.,-1.));
#8409 = ( GEOMETRIC_REPRESENTATION_CONTEXT(3) 
GLOBAL_UNCERTAINTY_ASSIGNED_CONTEXT((#8413)) 
GLOBAL_UNIT_ASSIGNED_CONTEXT((#8410,#8411,#8412)) REPRESENTATION_CONTEXT
('Context #1','3D Context with UNIT and UNCERTAINTY') );
#8410 = ( LENGTH_UNIT() NAMED_UNIT(*) SI_UNIT(.MILLI.,.METRE.) );
#8411 = ( NAMED_UNIT(*) PLANE_ANGLE_UNIT() SI_UNIT($,.RADIAN.) );
#8412 = ( NAMED_UNIT(*) SI_UNIT($,.STERADIAN.) SOLID_ANGLE_UNIT() );
#8413 = UNCERTAINTY_MEASURE_WITH_UNIT(LENGTH_MEASURE(2.E-05),#8410,
  'distance_accuracy_value','confusion accuracy');
#8414 = PRODUCT_RELATED_PRODUCT_CATEGORY('part',$,(#7));
#8415 = MECHANICAL_DESIGN_GEOMETRIC_PRESENTATION_REPRESENTATION('',(
    #8416,#8427,#8435),#8409);
#8416 = STYLED_ITEM('color',(#8417),#15);
#8417 = PRESENTATION_STYLE_ASSIGNMENT((#8418,#8424));
#8418 = SURFACE_STYLE_USAGE(.BOTH.,#8419);
#8419 = SURFACE_SIDE_STYLE('',(#8420));
#8420 = SURFACE_STYLE_FILL_AREA(#8421);
#8421 = FILL_AREA_STYLE('',(#8422));
#8422 = FILL_AREA_STYLE_COLOUR('',#8423);
#8423 = COLOUR_RGB('',0.250980406631,0.250980406631,0.250980406631);
#8424 = CURVE_STYLE('',#8425,POSITIVE_LENGTH_MEASURE(0.1),#8426);
#8425 = DRAUGHTING_PRE_DEFINED_CURVE_FONT('continuous');
#8426 = COLOUR_RGB('',9.803921802644E-02,9.803921802644E-02,
  9.803921802644E-02);
#8427 = OVER_RIDING_STYLED_ITEM('overriding color',(#8428),#5939,#8416);
#8428 = PRESENTATION_STYLE_ASSIGNMENT((#8429));
#8429 = SURFACE_STYLE_USAGE(.BOTH.,#8430);
#8430 = SURFACE_SIDE_STYLE('',(#8431));
#8431 = SURFACE_STYLE_FILL_AREA(#8432);
#8432 = FILL_AREA_STYLE('',(#8433));
#8433 = FILL_AREA_STYLE_COLOUR('',#8434);
#8434 = COLOUR_RGB('',0.666666687201,0.698039232327,0.768627468855);
#8435 = OVER_RIDING_STYLED_ITEM('overriding color',(#8436),#6515,#8416);
#8436 = PRESENTATION_STYLE_ASSIGNMENT((#8437));
#8437 = SURFACE_STYLE_USAGE(.BOTH.,#8438);
#8438 = SURFACE_SIDE_STYLE('',(#8439));
#8439 = SURFACE_STYLE_FILL_AREA(#8440);
#8440 = FILL_AREA_STYLE('',(#8441));
#8441 = FILL_AREA_STYLE_COLOUR('',#8434);
ENDSEC;
END-ISO-10303-21;
